2.7653663
2.4417598
2.6078289
2.5352628
2.5178766
2.3448408
2.6353805
2.5236671
2.0419359
2.6397948
2.6511266
2.4778562
2.2051430
2.5058341
2.9861093
2.3851233
2.1888988
2.3884237
2.2092676
2.2336566
1.6955833
1.8929657
2.2507341
2.0837443
2.3571727
2.3795545
1.9206363
2.4761887
1.9276462
2.3294408
1.8471810
2.8087173
2.2773628
2.6496780
2.2441192
1.7634109
2.3798187
2.3341672
2.7586489
2.1202972
2.6683047
1.9360559
2.1073771
2.5173192
2.3039727
2.4035761
2.3223050
1.8525782
2.0527077
2.2238278
7.6081495
2.3139091
29.9470177
30.5523682
5.1278677
9.0252981
64.4039459
77.6615829
69.9182358
104.9482346
75.3314362
51.2299156
98.0944595
78.7448578
93.8365250
89.8364029
84.0070267
107.0047073
147.8383789
147.6182404
91.9491959
102.9576035
61.9741669
60.7357635
79.6218109
16.6721249
37.5065193
54.9386139
45.9011803
75.8898544
33.4781075
21.8681087
29.6793556
7.8731518
6.6167231
12.2500668
8.2982512
6.2929535
4.3666539
7.7864127
8.2558584
6.1253295
9.2151718
7.1025562
9.1119366
6.1498151
9.1330929
8.4151011
3.3322470
4.1624818
2.6473207
1.5533601
2.3466561
2.0065105
1.6512734
1.8668982
1.7075102
1.8831433
2.5370364
1.8183652
1.1883755
1.2586315
2.2203000
2.3670566
2.0021045
1.9513128
2.2677305
2.3172939
2.5032835
2.4072976
2.2038906
2.6183963
2.9272573
2.6681683
2.4650669
2.5693369
2.9057283
2.7006826
2.8793356
2.3016820
2.4516323
2.5247858
2.2296374
2.2841492
2.6069710
2.2076068
2.5801406
2.4429731
2.7114556
1.9743825
2.2023034
2.1300175
2.0012181
2.0147047
2.6410141
2.1817279
2.2382946
1.8775948
1.8299184
2.2095499
2.0886028
2.3952806
2.3690805
2.3364213
2.3665028
2.7563441
1.9678191
2.0313377
2.2878635
2.4116387
2.6496446
2.8485978
3.0428545
2.1146264
2.3761339
2.7578592
2.8053939
2.9877501
2.5801082
2.5563600
2.4248102
2.0769901
2.2552214
2.8599908
1.9348286
2.4604747
2.2283192
2.9291410
2.3387437
2.2385733
2.4871597
2.4354801
2.2267113
2.4991262
2.3264906
2.4989874
2.2458718
2.3225651
2.7576692
2.6530707
2.7557530
2.3800242
2.9257977
2.4234297
3.0404673
3.1458917
2.8209097
2.3728449
2.9203982
2.3842463
2.8707068
2.6201427
2.6665692
3.0276515
2.8835592
2.4836440
2.4983156
2.6194971
3.0974944
2.5298016
2.8865037
2.7751238
2.8054035
2.7767184
2.5143089
2.5055699
2.5002356
2.5372860
3.2624652
2.8062892
2.6887698
2.3798060
2.8995273
2.2647791
2.4307120
2.5785670
3.4292264
2.5313206
2.2443962
2.6395884
2.3782556
2.5357578
2.2545834
2.5183816
2.8765156
2.6539896
2.4969480
2.3203449
2.5347114
2.9160750
2.8173349
2.5984440
2.3130932
1.9513915
2.7959650
2.3355608
2.3190713
2.1444349
2.7706189
2.2511353
2.1427798
2.2776163
2.0487556
2.5217671
2.3925810
2.3309867
2.5678332
2.4909134
2.4296880
2.3161292
2.1064184
2.2810307
2.8052251
2.5944581
2.3389649
2.3660629
2.8179293
2.4271820
2.6791704
1.7821046
2.2982476
2.3535638
2.3199549
2.2475717
2.0131533
2.4343286
2.6724272
2.6283891
2.2772293
2.2037046
2.3832841
2.6312034
2.4788406
2.8583829
2.9142885
2.6397676
2.8172536
2.8634896
2.7486670
2.8062892
2.7091877
2.9983959
2.3919826
2.3851941
3.0388405
2.6818645
2.1616356
2.9824381
2.1956446
2.3134556
3.1572862
2.4368167
2.4831839
2.4830248
2.6597903
2.9317937
2.6225712
2.4258730
2.1195281
2.9233358
2.1678441
2.6467175
2.7661695
3.1077797
2.4333591
2.7811708
2.3327718
2.4599211
2.6660409
2.6478677
2.4311728
2.2666051
2.2448301
2.4853671
2.6939325
2.4875112
2.3709157
2.8307376
2.2562089
3.0056396
2.3620076
2.3625019
2.9829965
2.4330990
2.4878855
2.7717149
2.1734507
2.6495600
3.3801668
2.9940135
2.9258690
2.4780409
2.4344118
2.6872897
2.8005655
2.3573914
2.8170614
2.9129281
2.6737211
2.4715745
2.6633368
2.4552529
2.6277337
2.9249749
2.2929869
2.8031254
2.7550921
2.5385697
2.7800992
2.3765712
2.2926326
2.6637347
2.9066029
2.8207204
2.5521078
2.3532610
2.7859166
2.8114541
2.8646262
3.1485002
3.1613247
2.7721531
2.6514604
2.3921661
2.7681801
2.1548028
2.2400746
2.6795232
2.8081796
3.1110580
2.7734106
3.0338778
2.5379381
2.8661804
2.3033435
2.5340650
2.6033466
2.1958160
2.2853806
2.8385019
2.8161969
2.7649128
2.3830459
3.7152753
2.5465667
2.1974952
2.4358587
2.5977380
2.4273419
2.5938461
2.2496064
2.4385326
2.6476417
2.5364344
2.1085899
2.4394200
2.3743567
3.2592554
2.3329291
2.8652284
2.9222264
2.4317355
2.5370073
2.3031869
2.6040022
2.4878840
2.9969931
2.6448529
2.6798697
3.1103094
2.5103486
2.3290675
2.3356292
2.1945124
2.6134191
2.5051899
2.0154312
2.4768651
2.1675816
2.3901894
2.9213963
2.5494735
2.5703936
2.9128528
2.4321516
2.7657378
2.6226575
2.6218159
2.3787048
2.1318147
2.7809324
2.3397894
2.2876632
2.5328522
2.4262245
2.2189467
2.9979970
2.4142132
2.8042395
2.4792442
2.3170106
2.7612188
2.5891764
2.4972425
2.1375415
2.3059728
2.2010019
2.7741194
1.5675440
2.4625859
1.9379411
2.1018331
2.3613524
1.9616506
2.2704759
3.2553229
2.2199681
3.1511025
3.4140728
12.8065643
47.7465553
42.9396591
35.1003799
37.7926407
63.2549782
77.1657410
59.0050201
61.5542107
103.7065582
114.6148300
108.7285461
60.1250038
60.4628944
67.9670944
62.2747192
121.9293442
64.5728378
48.9356728
94.7634430
99.7915039
66.3562012
88.5502014
110.7244263
122.1449280
98.6268616
100.6916962
95.8992386
89.9009247
94.1429749
40.2019157
35.4314919
144.9544373
26.8452320
63.3339729
87.1975021
103.5721588
53.7751045
72.9012146
28.5617828
12.2863178
8.4298210
15.6041183
5.3491912
9.1437330
15.4464502
11.8799276
6.6414342
8.0538359
6.6814942
7.1593590
10.0724545
9.2100840
7.6345973
7.1866193
4.7330980
4.9425139
6.1015468
3.9305170
5.1187081
2.4837730
2.9040523
2.4539213
2.5824857
2.3113282
1.9983584
2.0225670
3.8824251
2.7566452
2.2789855
1.8687027
3.7263808
5.6918974
3.2135122
3.1816149
1.6925079
1.8957512
1.0336075
8.9643774
2.1780682
2.1993034
2.3963745
1.5693413
1.9815273
2.5093460
1.1888646
2.0907066
1.7215216
1.7102206
2.0542250
2.1082411
2.0035477
2.2260203
1.7020481
2.4417956
1.6653632
2.4881873
2.2749984
2.7704914
2.8721154
2.5625942
2.5668504
2.9074540
3.5616796
2.6673274
2.8707423
2.6257219
2.4585195
2.0505540
3.1342425
2.0820003
2.5360291
2.8841791
2.4617300
2.6589329
2.8704605
2.9243624
2.4743464
2.8581090
2.8332062
2.3542171
2.9188371
3.0400267
3.0227509
2.7431037
2.2412207
2.7505126
2.8098097
3.4759552
3.7860904
3.1930087
3.3791599
2.6382091
2.8260770
3.3308568
2.3639715
2.9665282
2.6739454
2.6722643
2.0377333
2.6226270
3.8856089
2.2537434
2.1392243
3.0721989
3.3111989
3.5393882
3.2365975
2.3081677
2.3521116
2.7579932
1.9823437
3.8772192
2.1348877
2.2257066
3.5064209
1.9504390
2.3521798
2.9852672
3.5868409
2.6580849
1.6848660
2.7448146
2.2612679
2.7427242
2.8890502
1.9990602
2.6022260
2.3208065
3.1243482
1.4494781
2.3238873
2.4260895
3.1906955
2.8367841
2.3819299
1.4844393
1.8968080
2.4638784
2.7143922
3.5708835
1.6995589
1.2817063
1.7983730
1.6427264
1.4550422
1.7887238
3.3484895
1.4399455
1.4510808
1.2349429
1.4892154
1.2521095
1.4836465
1.5575346
1.5214180
1.5859330
1.2578545
1.1329756
1.6756685
1.8668028
1.8653063
2.3377707
1.2335345
2.4247339
1.5444180
1.1095629
1.2271322
1.1920868
1.2166460
1.5540446
1.2134714
2.3847933
1.1158364
1.0152626
1.1306872
1.1787430
1.4068797
1.1415427
1.1138252
1.0490440
0.9949213
1.1406997
1.1556056
1.8222625
1.4636821
1.4859960
1.7924074
1.0045696
1.2612629
1.1324799
2.2008824
0.9566115
1.0651525
1.0475791
1.0467477
1.5577977
0.9427384
1.3969593
1.4489027
1.0516301
0.9511889
1.1377848
1.0950451
1.0802994
1.5907143
1.4400169
1.5411711
1.0984466
0.9159851
1.2576009
1.9215196
1.8587785
1.0185845
1.1488849
0.8945878
1.0573033
1.1305809
2.3569875
1.4070303
0.8800446
1.7466546
1.0145452
1.9076991
2.2556679
1.9020981
1.0665985
1.8435671
0.8771151
0.9507369
1.0967063
1.3422554
1.3875321
1.4133978
1.9100021
0.8935840
0.9905956
1.4989721
0.9406823
0.9249284
0.9190283
1.0417140
0.9695508
1.0866703
1.8261963
0.9306442
1.8584096
3.0124662
0.9528043
1.1780788
2.8857367
1.0550455
1.3599834
0.8883936
1.5095983
1.0176425
1.9938549
1.0714654
3.5376024
1.9153212
3.4294105
1.4185536
1.8898368
1.1375372
0.9309311
1.1206607
3.4532108
1.3614770
1.3687893
2.3512568
1.5045185
4.5205121
2.3989098
1.3954616
2.8068256
2.9004691
0.9322427
1.4210517
2.9518003
1.4867113
2.5204597
1.8845856
0.9579889
3.3958054
2.9867103
1.9545715
1.4084243
0.9704861
1.8624401
1.9422778
1.9156529
1.0803463
1.0598208
1.0471470
1.1249466
1.3986764
1.0614142
1.8466520
1.4024274
0.9376246
0.9745507
2.3278320
1.8893646
1.5502640
1.4905760
1.1266096
1.1022283
1.3655876
1.0534064
1.3292772
1.3931998
1.8632963
1.0722791
2.5266874
1.4453599
1.0138781
1.4419147
1.4390574
0.9365616
2.4122746
2.3111684
2.4126980
0.9745026
1.0039169
1.1174432
2.8943994
1.0059502
1.5003968
1.1533105
1.1510154
4.5055194
0.9875336
1.4740272
1.0323077
1.9478894
1.8673135
1.0011669
4.0946984
1.9795252
1.5089235
3.3844991
2.4397311
1.4779143
4.5668311
2.4472640
4.1705079
3.6070395
3.4692960
4.6858249
2.9462209
3.0217135
6.6321049
5.1961694
3.6605990
1.5174628
1.2463666
2.9556091
1.0558599
1.5843343
2.9647665
3.9779651
1.5903965
3.9561694
4.4994602
2.0065415
1.2036194
2.4053290
3.3510134
1.2230321
2.8396196
1.5741415
3.2807865
1.2657685
3.3583276
1.4736838
1.4709448
1.4694990
1.2019924
4.3919520
1.5091958
3.3706849
3.3227665
4.9375114
2.8145568
2.3550501
2.8094480
1.5044976
3.3094263
2.7777424
2.3538156
2.3097126
1.9381959
2.8795059
2.7696390
1.8661162
2.3434453
3.2674439
3.3105285
3.3245828
5.9889784
1.8986083
3.2738802
2.3165140
3.8761547
2.8288527
2.3594275
1.5568732
2.7764368
1.5380595
2.7675612
1.5438945
1.8764075
2.3116574
3.7487898
2.7671940
3.3033082
3.8341892
3.8488832
3.7578621
4.7790432
3.8192241
3.8088894
3.7911544
3.8245184
2.3540270
4.2834358
2.7651007
1.9057084
2.3536520
3.2410936
3.2688599
2.7616587
2.3015528
3.3183615
2.3113391
2.3088069
3.6903725
2.7879024
1.5421755
1.9077673
2.3096344
3.2582130
2.3295288
2.7632177
2.7598896
2.3351915
1.5740647
2.8240292
2.3331733
2.3799179
2.3442421
3.2892342
3.2334137
3.2958636
1.5532671
2.8238833
2.3289721
2.7576072
2.7939258
2.7477288
2.3178108
1.6768833
1.3307066
1.9078802
1.4374942
1.8779166
1.5676658
1.3994590
2.3402710
1.8116679
1.8938049
1.5618671
2.1777959
1.4166288
2.4016032
1.5077969
1.6125109
1.8478520
1.3273565
1.7441581
2.2033446
1.4227813
1.6863369
1.6537447
1.9386922
1.7340766
1.5224305
2.7564919
1.5414606
1.7862667
2.3622503
2.3317971
1.9901457
2.3364048
3.2475979
1.3868132
1.2605686
1.6134776
1.4399730
1.6324261
1.6242374
1.4437274
1.7190366
2.3846147
2.8229859
1.9964917
2.8393891
1.6543094
2.8720355
1.6629648
2.0121889
2.3868978
2.0637522
1.6292548
1.9733611
1.7008907
1.7275801
2.4024673
1.7417439
2.4071109
2.4037874
2.8410728
3.3517644
2.4285135
2.4608772
2.0913467
1.8439319
2.0575693
2.1063805
2.4757805
2.0652642
1.5095912
2.4165027
2.8574004
2.8527324
2.4156554
2.5958748
2.5918055
2.6240191
1.7186160
1.4731791
1.4446973
1.6988467
1.4849428
1.6931027
1.3964241
2.1983376
1.8118330
2.4467099
3.1502275
4.3110876
3.5230784
3.4290879
3.9454331
2.4764545
4.5170760
4.2797747
4.8064418
4.2789555
3.2519145
2.6287038
4.9061794
2.9872804
2.7128716
3.1506791
4.0071573
1.8104571
1.4465729
1.8016456
3.1165280
2.8192730
2.3473620
4.0351424
2.8445139
3.3442364
4.0001745
4.0883322
2.6510711
4.8792424
2.6317813
2.9556613
2.9046979
3.4312491
3.3480036
4.0031214
2.8836586
3.4129431
3.0237043
2.4530609
2.0989859
2.1007824
2.4942839
2.0088110
1.4692785
1.4311063
2.3952985
1.7497734
1.9985120
1.5628275
1.9800568
1.7042279
1.4136623
1.6207275
1.4150565
1.5323044
1.5351989
1.3724926
1.3178433
1.3869690
1.5434893
1.4677664
1.3550060
1.3671449
1.3600873
2.6952300
1.7089392
2.3617542
2.2501233
1.9701183
2.2233436
2.0844381
1.3820751
1.8221973
1.7014657
2.1284022
2.4406867
1.8254209
1.6819708
1.5377796
1.6631985
1.3790721
1.7082210
2.3752804
2.4895625
1.7329922
2.0661650
3.0815990
2.3937926
2.5135691
1.6300609
1.4390510
1.7110270
2.6029809
1.5570034
1.3504043
1.4455533
2.1089635
1.1425169
1.5614178
1.2922584
1.5335479
1.4852514
1.2285383
1.4897571
1.8839343
1.5567185
1.8685008
1.5250164
1.8996539
1.8509649
2.2870786
1.8433459
2.0162716
1.7725036
2.4349558
1.6928900
2.3311877
2.1847093
1.8609585
2.2811229
2.3998799
2.7827344
2.3886530
2.3413200
2.7808940
2.2899849
2.7236643
2.4264684
3.3788683
2.7170899
2.8262830
2.9011481
2.5477099
2.8081119
2.3523085
2.1993790
1.8854862
2.3069522
2.0964482
2.1082411
2.2934506
2.4323542
1.9821849
2.1623578
2.3499441
2.3058207
3.0762444
2.4955347
2.6469820
2.4288967
2.5280983
2.5893936
2.3652580
3.2056372
2.2020760
2.9054470
2.6564341
2.1225579
2.0588560
1.9511628
2.8126626
2.2068198
2.6405227
2.2269187
2.2836690
2.6487792
2.6499135
2.5023513
2.7496283
2.5228601
2.8940537
1.9089826
2.5290322
2.3359733
2.4340339
2.2799087
2.3398454
2.9364598
2.5818722
2.3423913
1.7007545
1.7573622
2.2143531
1.7200646
1.5534168
2.7840071
1.8230720
1.6857132
2.6526735
2.1911006
1.6741861
1.6755372
1.2462640
2.1505520
1.3623122
1.7651546
1.6161982
7.0141721
2.0058124
4.2826500
58.8091431
1.0536021
17.4468536
2.1552086
3.8521504
2.2375684
360.8233032
278.4081726
401.3116455
8.9607315
10.6395712
372.5204468
6.1551890
51.5364723
8.0352049
2.6402009
332.0897827
12.1669312
4.7116451
34.3229980
7.7782178
8.9765615
5.5813332
3.1576264
2.2620096
2.6572492
3.1616421
1.9221863
2.6755931
1.5351939
2.2617917
1.2865818
2.6674278
1.4325051
2.2041423
1.7573166
1.8040087
2.2182689
2.2121189
2.6837900
1.7571383
2.2111683
2.6893191
2.7046940
2.7343237
2.7071254
2.6889243
2.6980391
2.2258804
1.3658631
1.7392110
2.2234747
2.2213051
1.1554618
1.7583710
1.7824628
1.4050686
1.7704650
1.0419251
1.1820033
1.7681632
1.3155183
1.4309443
1.1510198
1.7667475
2.2073128
1.4568100
1.7848351
1.7776129
2.2192152
2.2121649
2.6885462
3.1612098
2.2215438
1.8013836
1.8079591
3.2063282
4.6996279
2.6883533
3.1888514
3.1454854
4.5930209
3.6056640
2.0988474
0.9392846
1.6429787
4.1229186
1.6449828
1.6433012
1.0927784
1.2136157
1.6295842
0.8597381
2.0988815
1.0090684
3.6518049
1.2728040
1.1057024
1.7162013
1.2743725
1.0365467
0.9125823
0.8570972
1.1563879
2.0552359
1.6204669
1.1236833
2.0461745
1.6224997
2.0445051
2.0418894
1.6040944
1.2534444
0.6151521
2.0487199
2.0443227
2.0426018
2.0557351
2.0497818
2.0523286
3.0364804
2.5280874
3.5330012
1.0767652
1.5323935
0.6450807
2.0291042
3.0311074
1.5642208
1.0930247
1.0769484
0.8656501
1.1386870
1.5459520
1.1933115
0.7086112
1.5704854
1.5712508
0.8763744
2.0479128
0.8899767
0.7828745
1.5754313
0.7747476
0.7229483
1.5457103
0.8975655
1.1149551
2.0129766
1.8114328
1.0870215
2.5110960
0.8183256
0.7095502
0.9210838
1.5626813
1.0900886
0.8345795
0.7776223
1.5376852
1.5676334
0.8420866
1.5365354
2.0273092
1.0922844
0.7986215
1.0788381
1.1066012
3.5343173
0.8557512
2.0302577
1.5468409
2.0314946
2.0254745
1.5287284
1.5586118
2.5249772
1.5662853
3.0318193
1.5435358
1.2288758
0.8227482
0.8232546
1.1338238
2.0331936
1.6047390
0.8024408
0.8325607
3.0207913
0.8906618
1.1718405
1.5631937
3.5324836
0.8472840
3.0260413
3.0390978
3.5450218
0.8946136
1.1651371
2.5344551
1.1876817
2.0450196
2.5381014
3.0328324
1.2411829
1.0967445
1.6194379
2.0690398
1.1954741
1.6542630
1.2032195
1.0881188
2.5431409
1.2218459
1.0425392
0.9604615
1.6568149
1.6287060
3.0308247
2.5288720
2.5414441
1.2576981
0.9272200
1.3653222
0.9601057
2.0630274
2.0591636
2.0630713
3.0382206
2.0719960
1.0578703
2.5481520
2.0833166
4.0462160
2.5466297
1.6345133
1.6507620
0.9423701
3.5360384
2.5533953
0.9519098
2.5567195
1.6728485
4.0533304
3.0489628
3.5435467
1.0929329
1.7126706
1.3925943
1.7366083
1.6570203
2.0998192
1.0974704
1.6931573
0.8970025
1.3230275
0.9380668
1.3087429
1.0619510
1.4569333
1.0989038
1.6919633
1.6327962
1.0696863
2.0803847
1.6505758
1.2139425
1.2686696
0.9864926
1.6132866
1.1663313
1.2468903
2.0936265
2.5528522
1.1613773
1.0774599
3.5579669
2.0834494
3.0430517
1.1266460
1.4188771
1.2532145
2.0476470
1.0803736
2.0454080
3.5262387
3.5304432
1.1807505
2.5305459
1.1337118
2.5329475
2.5501509
1.6296624
4.0367131
4.0448236
3.0322869
3.5256224
2.0644586
2.5357301
1.0379473
2.0647573
1.5978948
2.4672441
1.0398136
0.9716113
1.4032748
2.0770369
2.1627147
2.6903393
1.4619524
1.3519810
1.6747917
1.2876449
1.6194158
0.9543578
2.0944943
1.2897967
2.5577185
0.9571964
1.0929301
1.0996822
3.0294645
1.6153123
2.5478785
3.5349448
2.5463920
1.3142551
1.2025732
3.0335100
3.5249636
2.0773847
1.6795061
3.5281661
1.2095307
1.2896469
1.7047640
1.8122594
1.1390527
1.0990542
1.5884924
1.8539163
1.1338422
1.4278919
2.8109815
1.7964772
1.5801862
3.8436394
2.8639960
2.7329426
1.1920780
16.8561630
1.7326217
4.3931208
3.1286850
2.9924543
1.9130690
3.3835285
2.7781911
3.8827355
4.1722379
4.3468299
4.9025092
1.6318303
14.0121956
2.2116282
2.2135026
1.8787984
1.7347389
1.3281202
2.3510666
2.5207450
2.4799743
1.8452363
2.3743126
1.9109299
1.8703743
2.3864374
1.6948756
3.0598171
3.1342897
3.1333163
3.1021054
2.5777102
2.5915120
1.8408400
3.0409930
2.5572765
2.5854845
1.7455789
1.3495059
1.3288009
2.1653147
1.2500666
1.6146818
1.5590346
2.2770851
1.3886486
2.1806629
1.7323184
1.4414958
2.0606568
3.4350233
1.4787102
1.6413425
2.0646365
1.4450775
1.2632493
2.3934503
1.3584615
2.3484163
1.3995082
1.3644414
1.3250889
1.3192838
1.3309022
1.3269091
1.4585660
1.3705933
1.1615715
1.2082591
1.6528949
2.0947917
1.1329359
1.1705586
2.0941303
1.0698204
1.0169522
1.0357515
0.9495095
2.0904794
1.1274920
2.0630255
2.0625148
1.2579072
1.5911634
2.0672374
1.1405388
2.5650403
2.0739882
1.5915264
2.0630093
3.0502160
2.5624220
2.0688078
1.6262188
0.9362075
0.9295760
1.1875952
3.5889781
2.0792067
1.6022285
2.0703349
2.0850861
2.0777667
0.9290479
1.5964202
2.0785670
1.5996127
1.2034266
2.0881684
2.5735972
2.5668793
1.5971624
2.0953569
3.0943925
3.1161356
3.6507978
1.6047450
4.1209559
3.6377497
1.1067673
0.9828833
2.5816226
2.5989749
1.2071146
0.8186224
0.9494455
0.7739428
2.0982740
0.8004783
1.4899986
2.0847960
1.5813137
0.7923952
1.1154597
0.9778724
1.0194852
0.6509134
0.7571428
2.5737598
1.4139161
2.0700145
1.5845623
2.5744140
0.7626824
1.5804349
1.1357356
2.6261928
1.5769676
0.8641443
0.6497167
1.1087991
0.7201951
0.9929374
0.6075903
1.3264285
0.6719455
0.7247912
2.0846522
0.6913122
0.6082737
0.5725231
2.0831285
0.7054708
1.7386652
0.5316839
1.1096812
1.0856826
0.7130408
0.7055732
0.7117390
0.6907607
1.0916793
1.0690116
0.8876612
0.9803525
0.6420806
0.8902439
1.0777429
0.6397466
1.5491978
0.8141043
0.7716670
1.5478933
0.8899935
0.5946428
2.0556996
2.0554359
0.5796763
0.7400579
0.6933091
0.5551772
0.8099869
0.6861446
0.8562868
0.7640911
0.6916859
1.4860060
0.6547093
1.4040743
1.5337189
1.8988730
0.8640813
0.7612582
0.5796826
2.0283709
1.0699739
1.1033359
0.7266567
0.6333462
1.0424944
0.9509229
0.4652670
1.0971818
1.5324235
0.7951379
0.7983105
0.7871107
0.6759406
0.6784161
0.7538707
1.0937918
0.7085715
1.0909348
0.7963555
0.9361501
0.6120006
1.5497044
0.2515813
5.5549965
0.9269449
0.6737167
0.9454036
1.2786002
1.1554341
7.0070286
0.4473954
1.4825678
1.0831503
1.0419132
6.0183015
2.8731453
1.0405626
3.6517937
0.9444991
4.0871878
0.5935203
1.0936543
1.5283725
1.1501982
0.9918137
1.5697877
2.4046402
1.1998019
6.3894901
2.8632023
1.7154872
0.7818336
2.0178032
1.3353889
2.5442126
1.0437191
2.2698321
1.2594322
1.7661437
0.8292161
4.6753635
1.5942312
4.5241184
1.8506504
3.0564368
1.9650095
2.9171114
2.6200697
0.7785066
1.8935020
0.5946202
1.1198043
1.6211169
1.8353056
1.7432336
6.7088614
2.0749507
3.6095302
5.4188447
2.9548695
5.2130566
2.0827131
2.8379540
1.6840857
4.2242398
1.2743989
5.9215589
2.2733943
2.1823401
2.1230316
14.7429256
3.1225426
2.9905431
2.1744988
4.4124746
7.2425451
1.8359030
4.3698854
15.6693516
27.5081654
8.4730158
5.7583404
2.1232576
1.3301361
9.3262024
6.5385165
4.5378828
6.2067347
3.1800566
2.8019545
4.0480661
4.3970571
2.5555294
10.5162029
4.4926877
2.8576374
2.3613915
2.9777398
4.5791664
3.4983523
3.9917481
3.1527913
2.4970706
3.5949395
3.0148549
3.0783150
0.8866242
2.0319936
3.9873109
2.2084501
4.9083514
2.4888678
2.5575216
1.9411808
1.3706080
1.2571048
2.2889602
0.5423498
0.9046183
1.9403307
0.8207418
0.6289180
2.4828165
0.6384373
0.7689556
0.6457499
1.8979094
2.5524502
0.9419247
0.7106268
1.5239505
1.0483718
1.0477309
1.0742147
3.0496314
0.9072645
1.0491250
2.0108125
1.0469238
0.7108572
2.0141599
2.5227995
0.7066522
0.6772556
1.0917554
1.0395613
0.6048242
3.0594182
1.5149386
2.0343277
3.0300708
0.8398853
1.1100392
2.5118701
2.5209460
1.5147371
1.5150255
2.0262952
0.6639127
1.0245954
0.8249993
0.6605861
1.0277815
4.1594152
1.0466356
2.5567110
1.5206219
0.8248675
1.5387580
1.0200899
2.0298526
1.5202409
1.5091606
1.5135664
1.1013508
1.0780336
0.7702242
2.0207136
0.5534958
1.5605109
1.5079982
1.5075979
1.0110922
1.4218223
1.5109965
0.3442820
1.5061533
2.5953827
2.0804820
3.1444323
1.5501341
0.5312255
0.6390381
1.0082518
0.6793940
0.6021274
1.7752506
1.7433914
0.2316394
0.5234588
0.5193578
0.5330129
1.8438265
0.1596747
1.0148982
0.3315440
0.6016160
0.1456455
0.1281204
0.6765325
2.2137644
1.0136377
0.5444539
0.8595384
1.7406864
2.7456191
0.1732105
1.1848772
1.0513844
1.0737650
1.2192736
1.1850184
2.7443857
1.6539528
2.6730890
1.7426448
0.5142900
0.1043886
0.5211067
0.1576246
0.1129021
0.1211948
0.5650815
0.5206602
0.6327766
0.6285147
0.8047847
1.1215590
1.0504007
0.1068733
0.5408493
1.5339490
0.5402445
0.2047694
1.0959280
0.2074382
0.5606654
1.0485409
1.1802572
1.0197396
2.7680647
1.6255462
2.1364133
2.7171724
1.7068145
3.3828864
1.5629855
2.2952821
2.2950957
1.1478024
1.0687312
2.1368787
1.6253824
0.1311032
3.1435487
2.1837955
1.6503979
1.1474479
2.7678649
1.7689593
1.0478240
1.6020175
0.0626898
1.7060952
2.7165551
3.8589196
4.3660684
3.3001618
1.1474310
1.0311300
3.6961875
3.2500350
2.8236837
2.3539133
1.6501700
2.7414918
3.2500939
0.5607971
0.3789392
2.6930468
3.7606039
2.7956121
4.2725558
5.7369771
1.5633011
3.7382891
3.2270389
4.1728601
4.9767065
3.8593199
7.0588493
3.8083189
1.5337143
1.7701104
2.5938139
1.0535033
0.7132805
3.0655916
3.0933783
2.5034709
1.5089117
5.7725534
4.8521190
2.0809677
2.5784538
2.5781748
3.1098344
3.8868067
4.6889157
4.2305555
3.6255600
4.0724039
4.8522005
6.3073726
3.7616954
1.5499421
4.2313032
3.6595762
2.6723206
2.5403185
3.1635292
3.5810804
1.5491294
2.5031333
2.6299016
1.5272317
3.2758543
4.1733346
3.1101332
3.6781099
2.0168273
3.3015299
3.3025746
3.6586797
3.0112658
1.0342176
2.6717634
2.1166461
6.5496316
5.1702814
1.7382133
2.0786092
1.0050604
2.1846924
0.5132539
1.0340196
2.2370260
1.8049325
5.5095978
1.1495219
1.6299938
1.5532700
1.0728028
1.0204930
0.5414776
0.6664586
0.3222178
3.1841207
4.4673796
3.6067257
1.7392251
6.0467734
1.4168973
1.4640756
3.6768835
3.0040019
1.0016166
15.7854862
3.8101659
2.1232009
4.0349669
14.1768713
5.0049620
12.7523937
19.8208027
14.4022074
13.6697741
12.1137724
20.4243317
25.3055420
51.2860832
51.9385681
16.4675808
24.7114429
53.7035637
20.3282814
19.7176189
33.5108376
16.6057644
29.3127251
23.4364338
38.7508698
17.0750713
55.7851715
28.3643970
20.7194729
24.7926216
24.1117992
23.3943787
29.9217720
23.6643353
33.8626671
31.7417889
26.6875763
24.0466671
26.2290268
28.9845009
38.7907562
18.0201054
19.1471081
22.8296242
18.3300495
26.5675678
19.5697098
38.9750214
19.7010288
15.4252920
22.6659012
16.9942341
22.8800774
13.8045549
32.7050056
17.1061764
11.2583780
21.0562725
12.7506065
21.1187916
58.3684235
68.6398621
15.2337761
56.4415092
42.0356064
31.0838547
46.4544830
18.5284691
12.6209879
24.1194534
30.1495609
11.4615011
28.7763672
28.4137993
29.1780624
55.8349762
22.1487026
22.3185692
14.1695452
34.5751610
39.5324974
32.1252136
28.4137402
18.0626335
36.6737442
22.8047352
25.3523140
35.4747696
29.9473400
28.6885719
33.2200584
28.0327129
11.2892303
20.5020466
18.4120579
7.8706093
30.9076252
30.6360760
16.1760464
21.3666859
43.1301994
24.6031151
47.4679947
19.8470078
27.6566868
16.5075741
12.6398487
10.6069288
21.5787106
16.0161476
6.8519783
18.2609577
22.5604591
14.3178263
18.2487659
30.0230675
12.8881779
26.3973255
30.9072266
16.4509487
23.2768784
22.8541718
39.6772652
53.7692566
17.2306023
18.6048641
16.4055214
27.9332371
28.0012779
23.8819580
23.0564098
10.8752213
14.2530041
12.6842089
26.4979916
25.4663601
24.3825417
22.9523983
34.2801552
41.4956703
36.9004440
44.3602562
38.6004982
24.4036160
19.1967850
20.8150139
20.2803345
25.9242477
18.2487202
22.2503471
39.1312332
31.1268234
32.0624657
40.8623505
28.9763966
24.0566559
31.9188652
18.3938351
33.9801636
68.5180817
46.7929230
44.5226669
33.6150818
59.8526192
59.8807335
65.6299057
63.7440834
100.8828583
95.6039734
51.3070183
68.0267639
154.6261749
85.6044083
159.1252899
149.3164062
96.9483185
119.4373169
138.2665100
147.1899261
104.8342896
114.7200546
96.6157455
85.3116455
88.4624481
132.0596161
90.9959869
155.6709900
124.4084244
145.4639130
154.3369598
157.4094238
113.3457947
100.2193069
109.7655411
77.6458664
78.0067520
120.2158279
165.1268311
147.3334045
106.9868317
110.2102890
120.1997910
88.4539642
141.4102478
170.5960236
112.0076523
137.4693146
148.5069275
134.9662781
144.6428833
117.1480484
151.1113129
154.8795471
127.3357925
167.4926758
139.4317169
151.4456940
176.1506348
102.0865173
97.2250900
118.6862717
113.1201172
117.9186478
97.1010742
100.3451157
118.6516266
37.1656303
55.8033600
133.4147949
89.2992249
93.3172302
24.0023365
36.3120232
48.0473785
56.5412140
22.6869907
42.6781883
98.8147049
66.8588181
79.2962723
82.4029846
24.0616970
57.3513222
32.7310333
84.7260284
39.0939980
74.2116241
55.3579712
81.5853424
55.2739410
36.1100426
59.9677048
75.1619110
87.4363480
39.5574646
59.4792023
61.4347305
51.5491562
42.0242729
49.9932556
70.9970016
48.5728111
58.9716911
48.0995941
22.2765751
43.6211815
80.8039246
88.3814240
40.6376572
37.8670540
59.4311867
137.9496613
121.1057510
45.2152443
64.7509232
99.8110275
72.7430344
41.7072868
28.1521072
60.9849472
9.2802591
17.3134613
12.8962212
74.1920853
40.9899368
58.0415840
74.6881866
88.2694092
110.6038361
148.6083069
113.4480362
24.0169449
25.6418037
93.0949326
26.7406864
108.1479645
30.8745270
5.4260201
68.0683136
102.6626129
25.9429054
127.6756363
119.1873169
153.4919739
111.8603058
67.3857498
115.6521606
39.1041374
111.4977570
110.7114487
92.6751633
35.3169937
54.4211693
55.0230255
34.2558517
12.9651012
127.3235931
8.5093756
40.0233650
25.1693783
32.3502808
34.8885460
20.1253948
16.5808353
56.4311409
68.3123474
35.6390610
35.6412354
111.4238815
15.9003038
25.4308968
53.3061790
30.4424038
52.1391907
104.1608963
106.6011353
14.6660957
165.0691833
123.9529266
105.6220322
31.5251274
89.8977509
127.8565140
18.6845322
135.0709076
104.6012192
40.7938919
114.1863937
79.2768478
54.0244904
93.5980606
66.3442993
105.7705231
152.1017761
110.1414795
118.8616486
35.1395798
89.0485077
47.8936691
72.0105362
178.3712769
130.0682220
190.9308472
159.0840302
164.0006256
145.1977844
83.0015411
73.0078125
7.5379176
106.6983490
92.7712555
143.6752625
83.6280060
134.5522919
79.2228546
31.0534153
160.8190460
30.6936493
82.5129623
40.8977394
5.5136619
41.5326309
46.2825012
4.3164287
3.8300850
41.4842758
54.4854851
4.0078588
37.7045555
34.8822937
40.4066429
11.9539824
9.0398312
10.4882336
1.2596711
3.0216842
0.7580427
3.2916486
22.0184097
8.4869328
21.6463051
0.9078786
0.6305062
1.1772121
2.5496264
3.0523572
1.3714554
1.0078040
2.5135186
2.5044527
1.0027239
1.3297158
1.0317478
1.0192268
1.5076380
1.0332030
0.6657511
1.0088041
0.6277065
1.0078200
1.5083580
1.0052701
0.5411761
1.0389061
0.2112418
0.2127187
0.1732738
6.6103621
0.6375290
2.1609399
1.0250553
0.8658293
0.8365797
1.0797087
1.0277650
0.8679800
0.7746876
0.8767270
0.7224520
0.7129096
1.2704657
0.9323937
0.5848795
1.2137334
0.8234588
1.2303497
0.5749424
1.3291048
0.4813057
0.8066415
2.0457394
2.1029828
1.2394856
1.1370668
0.7198580
0.7209773
1.1609854
0.4077477
1.6114224
1.0876532
1.1207175
1.1097630
1.5762551
1.5696796
1.0798981
0.7421571
1.5919119
1.1020155
2.0573692
0.6199659
0.7458438
0.7630358
0.8944185
0.7975389
2.6013260
1.1766407
2.0968173
1.1431237
1.2203835
1.1446110
0.8579417
0.9014329
1.1475894
2.0775974
2.1407299
2.0858209
0.7838011
0.7684221
0.5852894
0.8482084
1.6432908
1.1770561
2.1313772
1.2172201
1.2427675
1.2593950
1.2599586
3.5701196
1.6733754
1.2887815
2.1483798
3.0903032
2.6043019
0.7254378
2.1615090
2.6284082
2.6299899
2.1533287
5.0766559
3.6226239
1.8598011
2.1894512
3.6179097
1.3192610
3.8799360
2.6526735
1.5659771
1.7641008
1.8355694
2.7143712
1.4016764
1.1060690
1.0173869
1.8735634
3.1088555
1.1917647
24.2412453
2.3277538
4.1616001
2.8151696
2.3857028
3.3071659
2.3891029
1.9895221
2.9244065
1.7314998
11.5882406
19.1378002
11.3785524
2.0917664
1.5694534
1.4718033
3.2464099
1.4405819
1.7962890
1.3595090
1.6168833
2.3797655
1.7425960
1.4203551
1.2499849
1.4353235
2.0617268
1.5769061
5.4788370
1.4975002
2.4388669
18.8978519
23.1052723
1.1841326
1.5233104
1.6447612
2.0760052
2.0924132
1.5149901
1.6455517
1.6011993
1.8755491
6.8842311
2.3259902
3.2721839
1.7718730
2.0204093
15.6634111
2.7414718
4.9281898
7.9678435
1.7775933
18.2006149
3.5933566
1.3520091
2.6139617
3.1086769
3.7447679
1.9638796
1.1742892
1.4183128
1.6254780
8.1809921
5.1155176
2.4167249
0.9042393
1.8097668
2.7467296
10.4951372
10.1527653
5.9203963
3.0930972
1.4634179
4.1987524
4.2769537
11.0680208
5.1627574
5.2433405
26.0612316
3.5811200
1.4606887
5.2099867
2.1857591
1.3730726
3.5975983
4.3512983
4.5301394
4.0509109
1.6806537
24.3930168
3.0557249
4.0625410
3.5694838
2.2401631
2.1471791
1.6557840
4.0866876
2.6346531
0.8115494
1.2618653
3.0578806
3.5618575
1.7783753
2.1058223
1.6373740
1.1622989
0.8730398
2.1270969
2.6604745
2.6236401
1.7214341
2.2221224
1.3112519
2.6842442
1.3509982
1.6422259
1.7259040
0.9944291
1.0336956
1.3093144
1.4883617
1.1568639
0.9381899
1.0536878
1.1058321
1.6579088
0.6977947
0.8678844
1.3304310
1.7053754
1.2178991
2.2072456
2.6521709
0.9019513
2.1834679
1.6582866
1.1881388
2.5977404
2.1039934
1.6346374
2.2062175
1.2595948
1.0085794
2.1328685
1.5960799
0.7801247
1.2299848
0.9755793
0.8908326
0.9327207
0.9262005
0.7406960
0.7617835
0.5744082
0.6560496
1.6437083
0.9186190
0.8726308
0.7912634
0.7911094
0.7900040
0.7231628
0.7866817
1.2234902
1.2169532
1.6337498
0.8190407
1.2293749
2.5675089
1.2196100
1.1871967
0.9394418
1.1821052
0.9097421
1.1250182
1.3166041
0.8461828
0.8331839
0.7344515
0.7330069
1.2644073
0.8867389
0.7037091
0.6944057
0.6905032
0.6945813
0.8140733
0.5174956
1.1037233
0.5324626
1.1015420
1.0786053
1.1264859
0.5219303
0.8568589
0.5776404
1.1214072
0.5677877
0.5679605
1.1827474
1.2153394
0.7102432
1.6515269
0.5630432
0.7084934
0.3755426
0.7096528
1.1478630
1.0476919
1.6503018
1.1793174
0.7509657
1.5325017
1.2135482
0.3761237
1.0932382
0.6259992
0.6266586
1.1477784
0.5381097
0.6661593
0.2584997
0.6298403
0.4375149
0.1251642
0.6250614
0.3752115
0.3132476
0.3148040
0.5661893
1.5628438
0.3171966
0.3203779
0.3844082
0.7114887
0.1999093
1.0347290
0.5690612
0.2102526
2.0072308
1.5142710
0.2951724
1.5267805
0.5170819
1.5116813
0.5154285
0.5003094
0.5001402
0.5341886
0.5038952
1.0077907
0.5006764
3.0414748
1.5209584
2.0013375
1.5212432
1.5060053
1.0024765
1.5060945
2.0053053
0.1952464
2.0028651
0.5186936
0.5208548
0.3853614
1.5097443
0.5092106
0.5131397
0.1228027
0.5349870
1.0098711
0.5203460
0.1460936
0.1549209
1.0118477
0.3036638
0.5443681
0.5359305
0.1904558
1.0200070
0.5318167
0.5721323
1.5203741
1.0191665
0.6501931
0.3121936
2.0164280
2.0200250
1.0386877
3.0454087
2.5272245
0.5815268
2.5166333
1.5341438
0.6231390
1.5338273
0.5794374
0.5642313
0.5899274
1.5361422
0.6124043
0.5785543
2.0503621
1.0605080
0.5857627
0.6008102
1.0619352
0.3465910
0.3084462
0.6114888
1.0701134
0.6068289
0.6205156
1.0519711
1.0707442
0.5959923
1.0931600
1.0593029
0.6191686
0.6082374
0.3267125
0.3134003
1.5143504
1.5239943
0.5397030
1.0210913
0.1797920
0.1254883
1.0160125
1.0222363
1.0099113
0.5262891
0.5580886
0.1352692
0.2796451
1.0238924
0.5182466
1.0162349
0.5157192
1.5039806
1.5059565
1.5017763
0.1135319
1.5100484
1.0318197
2.5262094
0.2137756
0.5451117
0.5282729
1.5065951
1.5038842
1.0069033
1.5107789
1.0156668
0.3324559
0.5481377
2.0111592
0.5304670
1.5076575
3.5051112
3.0007064
2.5072443
2.0000944
2.5485454
2.0631721
1.0318377
1.0449549
1.0778126
1.5362688
1.5424030
1.5750544
0.2576981
0.6280252
2.5756388
0.6292568
0.5790775
2.0687196
3.0659602
3.1031485
0.6342710
1.0925701
1.5730208
0.5995787
0.6952460
1.0979413
1.1147227
1.5772406
1.5954053
0.6488238
0.6751689
1.6366165
0.5024411
1.5637498
0.4610448
0.6243753
1.1170588
0.6815866
0.7063140
3.0385435
0.4412843
1.1015688
0.6966711
0.4872686
0.7258974
2.5511301
1.1219786
1.5868652
0.7120325
0.6983953
0.6814721
0.7185094
1.1188879
0.7236873
1.5786264
1.1150813
1.5794667
0.7142082
1.5745046
2.5709109
2.5801570
1.1236807
0.6901014
0.7138019
0.5040791
0.7219292
0.5200893
1.5731772
0.6842221
0.6940214
0.5535442
0.7169903
1.1333387
1.1117442
2.5662961
1.1271784
1.5858716
0.5366371
0.7275085
2.0649323
0.6825728
0.4613379
0.4865417
0.7461583
1.0379986
1.0171446
2.5075767
2.0092001
1.5077133
2.0095472
1.5150635
2.0076032
1.5155348
1.5210525
2.0141163
1.5311271
1.0658907
0.6787174
0.4244898
0.5712442
1.0433310
0.6162337
0.6569981
0.6620849
0.5886987
0.5987875
0.6187115
1.5413873
0.5769771
1.5562648
0.3631145
1.5573692
1.0614421
0.6268050
1.0546533
1.0218308
0.5878474
0.2771295
0.5658492
0.2849687
0.5625499
0.2577496
0.2721975
0.5729632
0.5661557
1.5242178
0.5815542
0.5947999
1.0394360
1.5239969
0.4113209
0.6503726
0.6309398
1.1514020
0.8131154
0.7334733
1.6874042
0.7168903
0.4937687
0.4351178
1.0710219
0.7009478
0.6968136
0.6430384
0.2481842
0.2822551
0.6868850
0.6503435
1.1046185
1.0626436
1.0366122
0.4678270
0.6436926
0.7721599
0.6477794
1.1625543
0.6661847
3.0688636
1.6434934
0.6731976
1.1644999
2.1049240
3.0980268
1.0545446
1.1206512
2.6018424
0.3949387
0.7257044
0.4709852
0.6880376
1.6350062
5.1046681
0.5906193
3.0978837
3.5875630
1.5785917
3.0612297
1.1701308
3.0521681
2.0596049
2.5872579
1.5985430
1.5470023
2.0915678
1.6683015
1.1850795
0.5776058
1.2192618
1.6297046
0.6901221
1.6064401
1.5871483
1.1857380
1.1009510
0.7691515
0.7313876
1.5774770
0.8153374
1.1893865
0.8090916
0.8140302
1.3091438
2.1498199
1.6387171
0.7785323
0.9048266
0.6697433
2.1151857
0.6284810
0.7503142
0.5910817
1.2159350
0.9043865
0.8004817
0.6881239
1.1794257
0.6250311
0.6876174
1.2136372
1.6025014
0.7500279
1.5628976
1.1181325
1.6020024
1.1181051
0.5641150
0.7529002
0.6288208
0.7530503
2.5382423
1.6507337
0.8017736
2.0616202
0.9384280
1.4151282
1.2500184
1.2898998
0.8125045
1.4144186
1.4142147
1.9526250
1.2336078
0.9543006
1.1188860
1.1189015
1.5524732
1.2324154
1.2345413
1.0662271
1.1284226
0.9100757
0.9123773
0.7591165
0.5272267
0.7671781
0.9634361
0.8049299
1.2590299
2.1007762
0.6508937
1.2557347
1.0110537
1.6578349
0.7503181
1.6516721
0.8173787
1.0628905
1.6550075
0.7298480
0.8754688
1.2271340
0.6472288
0.6977952
0.8563519
0.7236837
0.9245785
0.6014550
0.7280213
1.7101277
0.8096952
0.8047216
0.5567934
1.5448040
0.5996565
2.0510483
0.5215560
1.1416441
1.5998570
2.1330688
2.0779910
0.6874583
1.0831996
0.8486227
1.6026675
1.1005673
0.6599417
1.5401167
0.3889197
0.6402595
0.6027963
1.5332803
0.6604408
1.0416831
1.6092707
2.5674317
1.2972310
0.6278931
2.0749400
3.1432643
2.0544288
2.5397367
1.1121093
3.0408812
3.0701122
2.0461228
1.5456585
3.0242398
3.0239525
1.5980171
3.0345755
1.5441718
3.0184200
3.0358527
1.5500352
2.1511979
2.5400584
1.0514553
1.5607591
1.5649804
1.0622052
0.7110819
0.7045931
2.0632982
1.5973889
2.2173686
1.5856329
1.1094000
0.7826830
1.2082577
1.5492488
1.6139398
3.1697097
1.2087784
0.5965174
0.7875404
1.7982458
1.4465590
1.1615393
0.7157980
1.0543001
0.8080528
1.1711807
1.1734076
2.2029629
1.1737406
1.9347733
1.5359992
1.2196908
0.9545823
1.0071940
0.6853005
0.7258284
1.0872754
1.2367312
1.0657895
0.9498658
0.8834696
0.8061897
0.5950627
0.8676005
1.3227013
1.0653085
1.3477887
2.3261704
1.4119978
1.4122787
1.6569459
1.7359799
1.6004467
1.3159589
1.6385095
1.0447302
1.7331748
1.3115934
0.7148044
1.2764891
2.1560185
2.6356251
1.5100468
1.7140374
1.0988659
1.8492547
1.7321703
1.3506922
1.4062718
1.1559483
1.8458942
1.7597558
1.4129881
1.4409730
1.1785620
1.6586255
3.1637487
1.9623444
3.1080885
1.9261386
1.9475393
2.2732108
2.1952221
1.8620487
1.7533134
1.3817074
1.7229954
1.5139284
1.8001126
1.2217081
1.3702276
1.1450565
1.0548891
1.3030475
1.2799125
1.2873877
2.3901389
1.9096274
2.3494780
2.0238535
1.6213884
1.8072191
1.5779325
1.8522393
2.1125050
2.4031844
1.9201530
2.0216284
3.7666099
1.5672065
2.7984643
2.8283045
3.2639949
4.2040939
3.1715004
2.8166387
3.2585573
2.3528078
2.3321853
2.4651365
1.5343925
2.1392906
2.3592529
1.9063572
2.0844913
2.7656071
3.8880706
4.1583714
3.3884437
2.4381943
2.2245116
2.0889556
2.4032011
2.4006903
1.7998338
3.0398979
2.9444134
2.4321775
3.3472352
1.5584986
3.7375307
1.7858351
1.6023662
1.9649169
2.7227058
1.4364774
2.0064759
1.6328559
2.0056331
1.7260426
1.9546598
1.3817080
1.4577270
1.4277586
1.9380349
1.5435593
1.6174899
1.8623546
1.5329125
1.4680324
1.4013236
2.2074661
2.8598764
1.9799941
1.6976339
1.6890568
2.3751709
1.2161797
2.2966506
1.4308990
1.3266510
2.3139970
2.5523784
1.7115309
1.4460701
2.0830512
1.7125386
2.0110533
2.0684445
2.7054849
1.5431656
1.9436679
2.1211076
1.4539518
2.1321478
2.0508533
2.9620292
2.1280525
1.8113607
1.8153268
2.9076467
2.0948522
2.5565946
2.0608041
2.6075375
2.5513170
2.4968121
1.5627459
3.3665349
1.8555515
1.9434800
1.6256983
1.3895377
1.8157320
1.7275839
2.0987337
1.8832920
2.9631319
2.2382164
1.6614290
2.0992892
2.0726824
1.3313537
1.5008347
1.7950904
1.6708019
2.3046029
2.9215565
2.2222857
1.8123435
1.4544455
1.8392969
1.9943229
1.5247071
2.0116949
1.9549510
1.9265609
1.9885979
2.4208298
2.6028483
3.4179692
2.5272539
1.5930841
2.1077039
1.5793900
2.4724550
1.7891711
1.5012318
1.6212889
1.9640857
1.8395516
1.6252135
2.1071861
1.7980773
1.6731931
1.6815760
2.0469182
1.9026233
2.9711359
1.7950772
3.0622938
1.5710078
1.6925462
1.5601579
1.8371468
1.7071429
2.2453451
1.8734294
1.6658597
1.7457762
1.3570795
2.1080458
2.3292618
2.2947123
2.1701519
1.6741877
1.6623563
2.2966509
1.7258829
1.6621479
1.6223525
1.6371859
1.9676962
2.2507007
1.7322540
1.7441180
3.0198154
1.6944859
2.2120864
1.7342780
1.7856013
1.6886388
2.1580811
2.0971522
1.6147834
2.3065097
2.3248174
1.4876088
1.9866419
1.7986686
2.3294988
1.7449554
1.7669749
1.8338900
1.7340429
2.2815270
2.2151673
1.6795032
1.6430817
1.4931260
2.2123375
2.2372646
1.5332824
1.6329880
1.6924036
1.8133146
1.7303456
1.7565536
1.8357272
1.9108523
1.5985827
1.7668186
1.6709906
1.9830399
2.2625892
1.5893714
1.6777631
1.7131467
1.5980762
1.7744493
1.5753357
1.6016318
1.7115443
2.9403496
2.9643548
1.5618181
2.2911944
2.2419267
1.4661460
1.7676347
2.2323782
2.2154989
1.7011864
1.5013090
1.9042666
1.7244420
1.8743953
2.5669243
1.6448632
1.9013112
1.6299524
2.2032123
1.6710327
2.2833335
1.7293751
1.6474272
1.5824063
2.2043169
1.8688382
1.8478471
2.2367172
1.7275978
3.0411131
2.2939537
1.6553321
1.6630982
1.7315552
1.5753598
2.1721585
2.2187200
1.7155803
1.6674367
2.2472696
1.8908701
2.7090995
1.9908425
1.6119397
1.4919419
1.6646506
1.6288646
2.0609591
1.6908016
1.7178098
1.7550914
1.7869170
2.3530622
1.7628555
1.6781470
1.6553535
2.3444965
1.6101630
2.3357987
2.2891011
1.6826541
2.2624149
1.9728376
1.5962785
2.2701924
1.6200885
2.6931033
1.9702473
2.1324868
1.9205687
3.0057952
2.5644040
2.3593166
1.7638600
1.5869665
2.3121779
1.8297741
1.8613631
1.6967034
1.9944128
2.2842457
2.0299690
1.7790117
1.7259187
1.7929683
1.6679763
1.6091385
2.2925658
1.6429269
2.0692065
1.9902393
2.2093592
1.8052413
1.7207721
2.2011871
2.0318930
1.5842829
1.7435955
1.8279531
1.9422804
1.7985407
1.6766016
1.7988811
1.6900592
1.7417331
1.6458783
1.7767414
1.6607111
1.9696693
2.7263834
1.7453693
1.7482649
2.0484197
1.8208389
1.8066473
1.7139748
1.8558774
1.6903114
1.7672817
1.8090782
1.8162888
1.8174000
1.7512914
1.7478203
2.3025162
1.7928777
1.8809056
2.3281987
1.7723475
1.9819466
1.7713063
1.6650423
1.5723321
2.3066812
3.1032124
1.9910221
2.1030667
1.7809204
1.6783757
2.0566449
2.0839231
1.9176183
1.8580302
1.6658381
1.8074325
2.3003187
1.8130082
1.8844535
1.6817551
2.0879180
1.9875039
1.8458278
1.7721415
1.6959245
2.3427432
2.3317871
1.8674279
1.7527316
1.7878702
1.8753779
1.8913661
2.3242126
1.7075303
1.7921616
2.3232207
1.7598764
2.3420050
1.5602036
1.6209046
1.7176739
1.7873453
2.3174949
1.6530837
2.3401480
1.7192800
2.3434641
2.4302323
2.4342437
2.4498701
3.3471596
2.4874320
2.2788038
2.1825292
2.2591665
2.2289660
2.6285422
2.6496441
2.1691844
2.0244145
2.2714071
2.0653241
2.5432065
2.7418818
2.1665976
2.0288854
2.5110435
2.3104012
2.4481759
2.1981692
2.1120603
2.1875730
2.3722093
2.2192595
2.1813841
2.2816403
2.0704894
2.1392694
2.2623210
2.5779817
2.7008195
2.2654071
2.6983972
2.2574446
2.1691427
2.2305965
2.3522923
2.3874097
2.2910991
2.3079512
2.7503645
2.4072230
2.4668407
2.4165523
2.4818594
2.3953068
2.3425138
2.7109714
2.3628967
2.1531014
2.5640192
2.2091498
2.7212570
2.2885921
2.2413137
2.2544742
2.4802296
2.5957072
2.2435143
2.5028546
2.3310606
2.4511507
2.7120552
2.3823862
2.2837369
3.4187527
2.3955648
2.2119820
2.4677687
2.3593047
2.4071543
2.1888318
2.6174195
2.4483502
2.3624551
2.3908868
2.2922342
2.6392076
2.4649088
2.2875936
2.1356275
2.4083664
2.2808378
2.7192178
2.1264443
2.2984824
2.1861084
2.8080256
2.3343084
2.2453077
2.2238464
2.4668512
2.6401625
2.5439277
2.2026751
2.3378069
2.1547213
2.3211849
2.6689153
2.2224271
2.6558855
2.2902436
2.2290335
2.2465255
2.7784925
2.2553930
2.6740580
3.4295359
2.4409637
2.6012616
2.6481466
2.3049691
2.2281795
2.6153576
2.2939315
3.3695319
2.5962455
2.3451307
2.7312517
2.4486830
2.1442771
2.3060377
2.8436389
2.2704885
2.2410083
2.3826063
2.3191521
2.1886194
2.4553552
2.5672307
2.5769057
2.2254527
2.8264694
2.2658939
3.3930793
2.3760936
2.1495957
2.2555792
2.3958883
2.3232918
2.3296437
2.2571094
2.7449384
2.4295793
2.4239295
2.2786078
2.5353301
2.2931128
2.8085573
2.6121161
2.9074144
2.4683268
2.4043705
2.4219000
2.1894333
2.3430545
2.2536709
2.3041213
2.3348727
2.5264292
2.4670217
2.3760607
3.2565215
4.1067095
4.0714722
3.3186491
5.3918514
4.5088477
5.8828788
8.2329922
8.7657223
7.7461977
5.8889623
7.2710395
6.7513924
6.7331538
7.7079535
7.3377872
6.8123884
6.3041091
7.6943507
5.8198667
6.3970351
2.4365909
2.7807820
2.3157687
5.9889708
9.5764904
6.0195780
2.2559140
2.3307126
4.3841181
4.3632250
4.5656400
7.9358215
3.6463223
4.7489014
3.0663211
3.5885527
2.9014826
4.3297567
5.4195466
4.5368342
3.1859815
3.3199902
3.0082664
3.0307646
2.7890201
3.0005670
2.7326424
2.6519203
3.3051431
2.7613361
2.6651585
3.6669252
2.7594330
2.5033925
2.9671862
2.3974514
2.3400226
2.8329945
2.7059581
2.2135067
2.2608604
2.8405006
2.1220715
2.2507720
2.3521864
2.2415235
2.1690803
2.6227582
2.2204738
2.5799823
2.2185783
2.1645434
2.1378157
2.2977965
2.3168056
2.3495793
2.7488317
2.0491562
2.3157909
2.2323000
2.3051238
2.1457877
2.0916026
2.1282697
2.7038934
2.4605684
4.1083670
2.2102072
2.1940982
2.5090537
2.2608302
2.4411991
2.3282151
2.2276332
2.1310248
2.6795382
2.6877568
2.4317281
2.7189071
2.2939420
2.2416801
2.2759073
2.5711107
2.2676702
3.3786597
2.6822133
2.3250589
2.3253815
2.3802876
2.1734076
2.2350426
2.5419412
2.1391797
2.1085513
2.6720197
2.1541388
2.5142183
1.9928768
2.3137419
2.2311676
2.5954611
2.0972328
2.6749675
2.5520544
2.5380764
2.1498902
2.1792541
2.1030395
2.5792825
2.1032965
2.5885298
2.2183826
2.1460621
2.2094829
2.6129255
2.1180549
2.0549252
2.2070198
2.0015240
2.2112985
1.9951961
1.9864147
2.5413609
2.1153555
2.2441201
2.1306729
2.4569948
2.2612996
2.8326526
2.5308940
4.4796066
3.5444219
3.5906420
4.9251318
6.7478166
4.9423227
5.8268437
9.6760187
8.2160282
8.2111006
8.7285748
7.2101464
6.7006145
9.7079315
7.1737089
6.2316103
5.8925500
5.7628288
6.7764463
7.7614412
3.9466169
4.2960048
3.8435402
4.8647456
10.6487026
2.0742726
59.4896660
2.8451469
2.2472172
3.2475092
3.2772093
3.3217704
3.3557377
2.1449983
3.2270916
5.2007508
3.5374818
4.1766639
2.7051899
3.3833756
3.7367532
3.3977003
3.3836956
3.7894950
3.0148048
2.4153636
2.5295682
2.4418988
3.4098427
3.7215402
2.6613362
3.2752728
2.2780821
2.3056247
2.5396357
2.4992616
2.5838370
2.4889157
2.2430551
2.0267987
2.4911368
1.9697222
2.5748374
1.9977554
2.5019162
2.5882258
2.5454724
2.2795281
2.5072355
2.5311534
1.9704368
2.0926569
2.0161438
2.1584804
1.9873052
2.4335339
1.8064616
1.9603302
1.8733547
2.2826157
1.9568356
2.8818557
2.5211716
1.9505537
2.3006914
2.4326272
2.0742681
1.9188870
2.1938326
1.9484234
1.8397375
2.0836391
2.0709987
2.0407617
2.0505989
1.9786021
2.1033015
2.5629680
1.8536150
1.8867780
2.0615458
2.4201679
2.5537107
2.5343831
2.2692599
2.3512280
1.8956553
2.2368202
1.8301560
2.2801726
2.4626067
2.0431976
2.1906021
2.4608595
1.9495152
3.2379231
2.1228676
2.1613846
2.0364089
1.9433007
2.7629919
2.8046532
2.5326164
2.0890069
2.1222403
2.4345555
2.4645605
2.4130580
1.9808816
1.9812558
2.3795707
2.2336516
2.1056323
2.5051932
2.0715792
1.9193527
2.0009475
2.8398778
2.4076064
1.9223443
3.1915536
2.4394255
2.0021210
2.8242736
2.2024844
2.3963594
1.7487977
1.8984112
2.1304462
2.5839632
2.3708918
1.9381520
3.2288294
2.4160736
2.5510802
2.4476531
1.9171920
1.9997389
2.4061587
2.4915271
2.5312190
1.8980731
1.9847333
1.9303827
2.3129697
2.5378656
2.2198904
2.4944735
2.2909715
2.1799037
1.8122859
2.1789589
2.4981060
2.8733990
1.8835624
2.4611979
1.9246092
2.3003471
2.8049991
1.7758877
1.8982669
2.8008304
2.0560322
2.0332689
2.2604394
2.0345199
2.5138826
1.8797989
1.9465842
2.4636221
2.4840631
2.4478288
2.0349813
2.3745687
2.2163038
1.9168341
1.9608221
1.9989204
1.9573075
2.0602362
1.8933887
2.1381621
2.7785943
4.0191317
2.4047174
1.7739811
1.8619233
2.1200275
1.8500649
3.1969924
1.9407499
1.9553305
1.8287542
1.9771121
3.1295261
2.3488681
1.8914421
2.3426127
3.0921216
2.3829899
2.1405809
2.5014045
2.1660497
2.5366027
3.1804724
2.4114618
2.0148468
2.3159802
1.8259460
1.7845206
1.9895693
1.9552805
2.4286673
2.3937867
2.4174891
2.4673007
2.0208023
1.9081110
2.4101949
1.8365707
1.9327774
2.1144223
1.8788577
1.8803844
1.9168146
2.0109322
1.8721383
2.3983142
1.9986820
2.2538011
1.8606497
1.9129803
1.8097728
1.9797193
1.8799731
1.9678522
1.8683850
2.0862024
2.1036932
1.9509597
2.1869924
1.8480431
1.7816756
2.1019020
2.1188855
1.8013068
1.8649368
2.1633019
1.7670989
2.3136640
1.8970662
1.7366873
1.7907983
1.8390957
1.9742659
2.0021589
1.9397230
2.4194403
2.2628043
1.9619819
1.9744612
2.4231882
2.1947660
2.0345469
2.5271235
1.9151304
1.8387327
2.4783494
2.7466538
1.9619673
2.3003473
1.9765683
2.1264327
2.7246349
1.9181213
3.1773093
2.0887156
2.0681145
2.4051881
2.3952417
2.1597130
1.9306312
2.8170571
2.3723409
1.8580861
1.9164332
2.1760526
1.9378957
2.1205032
1.8916091
2.0139444
2.1234186
2.0371952
2.0262887
1.8386455
1.7800010
2.1337175
1.8616838
1.7708433
2.1581700
2.0917614
2.3004997
1.9249910
2.4536855
2.3954930
2.3844080
1.9668392
2.0227239
1.7334532
1.8798076
2.2327526
2.3365579
2.7122753
1.8331463
1.8479261
1.6709135
1.9548935
2.5096400
1.8869585
3.4882257
1.9234225
3.1074359
1.7501308
1.7830076
1.9193974
2.3089001
2.3980794
1.6362783
2.0859549
1.9364598
1.9326339
1.8324188
1.7073607
2.4695563
1.9769171
1.6394172
2.0781856
1.7513673
2.6505952
1.8172039
2.2901556
1.8787458
1.9633538
1.8583816
1.8828180
1.9057938
1.7463053
1.7261636
1.9336859
1.9423200
2.3330665
1.6181880
1.8700936
1.7244631
1.8866476
1.7884485
1.7027938
2.2750068
1.6011465
1.6945432
1.7201719
2.2138250
2.2397804
2.4116116
1.9487625
5.2357392
4.6420598
2.3837113
7.6124425
3.2296805
3.7453771
3.7836671
2.2407768
1.8813725
2.1877315
3.0504203
2.1886029
2.2688694
5.7882237
4.8168654
4.3900223
3.5151858
4.4207702
5.3006516
3.4765391
5.3272500
4.9062319
4.5313430
4.0201468
2.0168312
3.6188543
2.4368942
3.1104379
2.0730050
2.3896594
1.8529344
2.7438841
3.0428605
1.8072335
3.1573861
2.3134093
1.7713823
2.4430242
2.2844570
2.1619077
1.6868192
2.7425468
2.2766635
2.2460003
2.5707889
2.7905765
3.1175985
1.9571366
3.0627086
3.1525230
2.4316175
1.9439442
2.5007272
2.0414383
3.1515458
3.0567620
2.4283206
2.2037983
2.4231887
2.5960538
2.4265935
3.1761072
2.1130009
2.1065083
2.4998376
2.6335359
2.0834832
3.1610711
1.9910796
2.3982055
2.2927449
2.3598680
2.8341460
2.4596364
2.9804301
2.3807616
1.8388277
3.1075172
1.9169532
2.1779418
1.7079055
2.0756671
2.1909313
2.0282331
1.9775261
1.9000266
2.0772898
2.0746193
1.7728354
2.4929271
2.1860135
2.2204268
2.3102958
2.4984763
2.1094141
2.1067941
2.1380739
1.8872031
2.0333300
2.4843421
2.1783736
2.0784416
1.9416498
2.3259997
1.9043913
2.0150795
2.1265309
2.0888267
2.0503738
2.0953357
2.8902297
2.3414671
2.3269572
1.9880772
2.2591331
2.2075927
2.1398416
2.0071599
2.8605402
2.0721173
2.0969644
2.1148694
2.5108433
2.1133444
2.3255947
2.2764471
2.4452884
2.4068000
2.2085240
2.5983393
2.6601202
2.4347613
2.2148981
2.6055608
3.3944404
2.1598678
2.9823065
2.4813738
2.0200417
2.7428038
2.0747476
2.3204041
2.2375696
2.0883236
2.0842478
2.2603745
2.4398365
2.5038085
2.0987694
2.1253994
2.2806158
2.0747521
2.2482026
2.3018956
2.3494606
2.3246865
2.4293106
2.8949919
2.4851055
2.1378372
2.5071349
2.2119777
2.1048059
2.0633132
2.2700460
2.0641882
2.4887531
2.3762207
2.1214931
2.2144122
2.5638082
3.1678877
2.9474995
4.1177664
3.2198722
2.5023687
2.1764939
2.2636220
2.0962026
2.4858656
2.5230706
2.2678411
2.4065437
2.2962990
1.8457692
1.9661515
2.0774717
2.2724745
2.4339356
2.2275584
2.0469491
2.0984848
2.1836278
1.9863219
2.0784683
1.8788605
2.1258776
2.0512118
2.2407260
1.9514607
2.5034845
2.1952093
2.1301630
1.9488708
2.4629107
2.7865164
2.0513916
1.9285923
3.2513819
2.8119531
2.0348251
2.5561118
2.0765302
2.2503345
2.7983589
2.4726076
2.1465087
2.1975543
1.9931908
2.4444556
2.1689026
2.3086641
2.5093009
2.5583529
2.4722762
2.8258357
2.4127617
2.4789491
2.2407014
3.6349261
3.2368882
2.2683108
2.4501126
2.8560753
2.2778823
2.4776993
2.5523977
2.8670609
2.4346542
4.3765979
2.2199774
2.9268010
2.3033788
4.5848069
10.1692152
12.7028828
39.9207039
21.7268562
35.9662018
38.9210052
26.6006031
2.0381153
42.5581055
5.4931564
2.4760902
2.0633359
5.8679194
2.4179306
5.8697534
5.3918967
2.7983282
2.0802858
2.1251898
2.1116874
2.5147583
2.2199161
2.5193365
2.4455805
2.7567873
2.7074871
1.9137782
2.2467785
2.3766370
2.4572718
2.7208149
3.4655530
2.3064101
2.6324520
2.2818978
2.6193686
2.3067234
2.3393214
2.6734958
1.9462473
2.0839150
3.0550306
2.6341441
3.0539863
2.5885558
2.2004893
2.0546691
1.8735923
1.8573961
2.1781044
1.9718854
2.1292679
1.8905337
1.8454803
1.5010203
1.6075884
1.5369234
1.4966714
1.4573752
1.4969102
1.5356590
1.5916035
1.8499079
2.3702552
1.4704455
1.4265884
1.7586951
1.5973004
1.5629934
1.5296673
1.4936336
1.4812880
1.7020971
1.4873748
1.5307562
1.7616929
1.8235632
1.5823650
1.3554342
1.6016839
2.7513702
1.7246501
2.0254467
1.9489812
1.5713004
2.3796959
1.5570511
1.3349482
2.3335094
1.9370532
1.9175917
1.5284878
2.3492863
1.7238004
2.3375297
1.5903313
2.0552447
1.9349658
2.2668419
1.6815857
1.6473387
1.9732381
1.8185997
1.4536575
1.2301501
2.0468547
1.4733582
1.2581916
1.9634641
1.9013170
1.1388358
2.3476496
1.4587839
1.4769636
1.6542687
1.1008596
2.8004272
2.0506485
1.4313703
1.8436426
1.6876919
2.0392277
1.2431682
1.1607677
1.9557562
1.8049215
1.4834546
1.5507773
1.3421259
1.5131135
1.4146870
1.9528270
1.3321712
1.3375198
1.4941455
1.0183461
2.0663404
1.7608428
0.9798335
2.1228247
1.0159919
0.9973868
0.8220738
1.7393715
1.0368562
1.0832022
1.3878436
1.0103686
0.8762360
0.9910600
0.9604244
1.0643497
1.3897166
1.4991351
1.2908577
1.6229521
2.0001397
0.9846508
2.0520682
2.0056293
1.4604626
1.4413841
1.5865489
2.9431536
2.9882052
2.8229222
1.5327346
1.2668351
1.2867410
1.3594543
1.9013499
2.5903056
1.9361985
3.3820062
1.3569840
1.6970375
1.9969819
1.3991716
1.6458850
1.4016017
1.5917125
2.0585816
2.8607006
1.4743191
2.8499048
1.5687839
2.4687867
1.5118470
1.6019145
2.4890182
3.3577816
2.2862868
1.8238665
1.8616912
2.5513597
1.8542464
1.6223382
1.7846280
1.7570924
2.0826228
1.7917099
2.0186844
2.2408452
1.9532595
2.0137148
2.3184953
3.0304136
2.0568204
2.2863829
1.8818383
2.6641662
2.0517595
2.7020941
2.3939717
2.1233883
2.3845642
1.9532486
1.9446145
2.3714468
1.9502158
2.6982906
1.9333953
1.8417126
2.3516533
2.1565418
2.4104052
2.1925216
1.9455752
2.2957010
1.9547042
2.0992677
1.9986368
2.6861367
2.1370535
2.0279841
2.2274535
2.0470517
2.0738194
2.0089991
1.9328904
2.1905713
4.6258359
2.5306413
2.0550845
2.1774724
2.8485713
2.8366947
2.1933060
4.5130796
3.1686835
4.2290812
3.1688550
1.9672116
3.1300716
2.8246157
6.0297670
3.6153009
4.0051775
4.5317817
4.2335386
3.5512960
3.1379194
3.1797688
3.1809211
2.1145892
1.9729625
1.8950043
1.9998605
2.0603590
2.3486006
4.1235089
1.9214276
1.9457487
2.3952305
1.9651177
1.9924434
1.9419479
2.4128623
2.6302259
2.6102290
3.0311751
4.3989577
2.7016630
2.7481582
2.7734549
2.0469267
2.3497157
2.7815442
2.0084543
2.4077752
3.1211278
2.1001706
2.1088777
2.2861011
2.2022393
2.4609165
2.7246091
2.4130037
2.1106637
2.1222105
1.9974649
2.0617919
2.7543044
2.3514965
3.1259720
1.9109383
2.0238476
2.1695325
2.2965603
2.3352096
3.1108930
1.8670973
4.0556307
2.3066218
1.9865209
3.1143992
3.1269071
2.6176760
2.6711199
2.6242309
2.2010527
3.0327866
1.9316407
1.9069912
1.7973639
2.2049727
1.8292302
1.9241806
1.7705009
2.0424993
2.2226584
1.9247018
2.0407698
1.7925336
1.7768652
2.2993627
1.6630999
1.6483555
4.3746114
2.0708125
2.9067783
4.3656058
3.8222659
3.7750394
4.7319703
3.9106388
6.3974648
2.0430975
2.2601740
3.7288206
5.3236585
4.7963624
2.7511559
2.7682488
3.2236872
2.7937961
1.6929451
3.6636567
3.1108792
3.2215874
2.8408041
3.8927093
2.7328312
1.6728580
4.5047693
1.4411836
3.7922990
1.6673614
2.4683506
1.9136890
2.4956298
1.6347576
1.6723002
1.9474056
1.6704634
1.5882239
1.7299763
1.6865629
1.7367961
2.2838285
2.9722862
1.9513223
1.9841084
1.5287884
1.9397795
1.6504861
1.7406619
1.4669933
1.6734469
1.9996835
1.8898846
1.6133170
1.7970096
1.9063914
2.9370992
1.7582567
3.3028476
1.8555626
2.6926599
1.6369498
2.5752006
2.2241061
2.7853682
2.1077240
3.3447473
3.8292308
3.5662634
3.2569888
5.9889159
6.4526901
5.9115400
4.5084753
4.4156966
6.9158001
4.8479533
4.4981241
2.9281135
5.9077706
6.2668400
3.3014612
5.0546703
3.6317556
2.2964611
2.4170184
2.8245142
2.4601791
2.3036571
1.8043325
1.8677719
2.2559423
2.1583507
3.6718516
3.3845210
2.4107664
3.2919493
3.4348397
2.9225340
2.9196904
2.2160964
2.4209399
5.0164542
2.4218953
3.2271359
2.1219802
2.0212991
4.0660257
2.2505090
2.1040950
2.3147151
5.1471882
2.1049614
2.8475215
2.3421323
3.2368705
3.1517990
2.0979600
2.8174465
2.3290284
4.0341120
2.1258874
2.8095863
3.0934935
3.5738945
3.4003367
3.1025274
2.2627773
2.5017180
2.5146613
2.1977215
2.2354965
2.0697303
2.4914746
3.2700896
2.8122919
2.4649599
4.2853975
1.9638606
1.9946365
4.2642179
2.0237122
1.7731649
2.6003509
2.0821254
2.0853429
2.3407428
1.8847796
2.3422496
2.3876345
2.3546917
3.2283900
2.2082031
2.1520014
2.3282948
2.1163683
2.2321665
2.0710099
2.3220387
2.2026451
2.8152418
1.9507717
2.1884031
2.3500671
2.4699349
3.3348439
5.8779349
3.6275437
3.7316642
2.1031697
2.7232096
2.3951311
2.2403615
2.6718020
3.0262241
4.7216358
2.6658149
3.7287769
2.8317997
2.0230343
2.3450933
3.2811475
2.7951498
2.4174550
1.9683903
4.0108171
3.4859874
2.0569208
1.7016975
3.1210637
1.9526695
2.7721057
3.2670515
2.1033854
1.7499076
3.5376682
1.9558984
1.7940568
2.9931030
1.6276846
1.8569854
2.2973862
2.3705947
2.4248731
4.4508739
4.2661629
1.7790941
3.3013790
2.1806483
2.2972932
4.3748755
2.2031755
3.3943429
2.9338906
2.3046949
2.6821539
1.9631763
2.3524761
2.2003651
3.8551130
2.3328633
1.9092317
1.3660797
1.6786796
1.8225679
1.5593675
1.6499939
1.8267026
2.0573301
1.5472438
1.6277647
1.6462027
1.4525882
1.3980368
2.3657405
1.4724503
1.5427595
1.5528854
2.0932400
1.7422510
2.1245043
1.9376903
1.9132923
2.4260039
1.9592420
1.4406928
2.2689869
1.9378350
3.1076391
1.5924217
1.5613925
1.6751945
1.9292657
2.9139092
1.6012262
1.9338616
1.6065112
2.3453605
2.3990319
1.5182294
1.5764207
1.9085253
1.7102606
1.5596157
1.3357853
2.0337741
2.4895458
4.1500769
2.7817626
1.4057986
3.5099492
2.3672850
4.7762713
2.8417609
2.3282151
4.7370877
2.3880856
2.9719257
2.3724797
2.1273704
1.6941179
2.1567669
1.3526819
2.8504813
1.9016834
1.6651270
1.3509014
2.3182561
1.8432661
1.5038893
1.6679647
1.9605281
1.3262385
1.5845578
2.1604371
3.5547080
1.5049335
1.7026508
1.6138611
1.5553523
1.5036474
1.7216781
1.8819427
2.0021746
1.5494308
1.7158061
1.8373443
1.6356843
2.1928768
2.4943273
1.6636828
2.3343832
1.8589133
1.4791068
2.0785313
2.3128247
1.4754103
3.0646439
1.5451325
2.3023114
2.3659267
1.9425372
1.7734188
1.6936104
1.3319614
1.8199067
1.8615658
1.5249078
1.8236070
1.7274190
1.2366331
1.2597557
1.3702370
1.3385166
1.5563931
1.5895526
1.7296726
1.4595667
2.8032959
1.6882882
2.1072128
2.5290072
1.6708463
2.1542633
2.1010745
2.5777662
2.3504241
2.7443008
1.9148775
2.0060573
1.4420207
3.2542405
1.8455775
1.2726223
1.7661260
1.4898150
3.6193531
3.1086693
4.2742767
2.8850126
4.1032686
2.2185166
4.5774188
3.6503189
5.1818337
1.6823909
4.8484020
2.7543213
2.6182177
4.1365876
4.6814570
3.4786348
4.3346047
3.1302996
1.4285520
2.9051909
2.0589211
3.8680370
2.1947238
3.6404099
4.1269937
3.7172260
1.7943190
5.1283813
5.5761061
3.4307005
4.7022023
3.7844992
4.0249557
2.6209755
3.7033832
2.7422712
4.4615498
4.4643469
1.3673445
2.3485932
1.5270549
1.2647872
1.4605365
1.2473183
1.6242424
1.2294147
1.8899357
2.9474733
1.5969057
3.6157820
1.9608165
1.8479304
1.6575642
2.9330485
1.7376602
2.4181166
1.4165999
2.0173435
1.7187108
1.6749184
2.1405129
1.5306199
1.7595315
2.5680747
1.5267650
2.0499773
1.7074171
1.6493093
1.7610545
1.4594228
1.4922051
1.8426989
2.2834375
1.5117319
1.8543952
1.5004331
2.0374172
1.7639289
1.4967970
1.8384494
1.9491357
2.1596951
1.4864906
1.5624847
1.6254375
1.8534992
1.6575495
3.1672764
2.4411037
1.6151239
3.7645011
2.5264366
1.6855989
2.8722324
2.0164921
1.9825532
1.9022793
2.6863294
1.7521387
3.0121524
1.7385726
1.7604054
1.8187184
1.9696695
1.7444526
1.7603525
1.6967803
1.7762128
2.5542395
1.9723449
2.0168447
2.0482466
1.7873038
1.7887595
1.7091676
1.6311646
1.6471508
1.6846763
1.7754129
1.8613338
1.5967962
1.6334786
1.5931681
2.1562989
1.7058924
1.6070147
2.1805274
1.5828460
1.5833355
1.7298627
1.7362235
1.8020661
1.6158693
2.1159608
1.6365507
1.7529619
2.0750642
1.9707395
1.8267893
1.7413361
1.6889194
1.7503734
2.2876270
1.9165152
2.3476670
1.7031906
1.8596865
1.9833428
2.0161548
2.2046411
2.5651717
2.4036200
1.8629184
3.0331349
2.2073870
2.1774166
3.5543613
3.5991814
2.8888707
2.4706264
2.4159579
2.8056946
4.5505905
2.3423212
1.5951575
2.1911092
3.0435140
1.6032556
2.7641110
3.4253874
2.3490877
2.5240853
2.3850496
2.7085776
2.9773300
2.2334795
2.2226002
2.7536750
2.7570953
2.5627754
1.8416514
2.1679571
2.6353521
2.7196789
2.2116094
2.4765446
3.8049352
2.5128970
1.8903837
2.5184731
3.1168149
2.8249214
1.7034405
3.7979023
2.5238194
2.9545279
2.5312052
2.6784873
2.0570319
1.7370163
1.7374525
4.9832821
2.0557902
2.0236285
2.0364602
1.4379728
2.2311919
1.7143946
1.7211995
2.6694593
2.3662472
2.1687512
2.1860909
2.1856303
2.5292919
1.7118349
1.7349946
1.6844820
2.0259111
3.0277727
2.0398967
2.2076511
2.5688384
1.7771044
2.4668965
1.6426849
1.8221427
2.1361833
2.0147102
2.2044752
1.8196174
2.0288579
1.7831408
2.0306823
2.9018774
2.9332998
2.3793449
2.5924020
2.0698941
1.6627264
2.0388722
3.0970967
2.4166152
2.3809221
1.6505848
2.5189304
1.6580762
1.6620672
2.0039918
3.0002632
1.5136169
1.9937916
1.9947398
2.1076846
3.0513415
2.3971674
2.4010031
1.6243306
1.8132957
2.3673613
2.5238478
1.6345195
1.9574343
2.5857327
2.4757605
1.3208646
1.5794261
1.7444047
1.9606094
1.9680467
2.5633848
2.4372411
1.9533725
1.9488094
1.9479477
1.9369859
2.5219228
1.6112154
1.9327259
2.5236516
2.5252547
1.6491932
1.9451193
3.1326859
2.4149086
3.2593226
3.1373689
2.0751405
3.0383101
3.2049575
3.0840507
3.6643376
2.9873354
2.0274363
1.9759384
3.1405718
1.9590671
3.0352519
1.9577526
2.8465371
2.0235007
3.0898011
3.1472380
1.9544561
2.0207107
2.5623038
2.4528012
3.7649422
1.9703006
3.1319671
3.8175511
2.9562447
3.0313904
2.0047526
2.4277012
1.6891696
1.9712226
3.1014919
2.0662875
2.5697100
2.4253914
3.1091559
2.5516651
2.4477148
2.4762242
1.9715542
2.5171990
3.0024107
3.2405677
2.3808763
1.9698757
3.8176332
2.4156964
2.3756962
1.9451491
2.9337428
1.9298937
1.9885852
4.3559017
3.0088546
2.5512919
2.3562119
2.1126688
3.1824741
2.4973536
2.9891722
2.4848151
3.0015326
3.0062437
2.5588467
2.0020463
2.0189416
2.6821325
2.4553039
1.6376492
2.4571245
2.0198586
3.0578699
2.4221492
3.0491416
2.4277351
3.5434957
2.4432449
2.5045283
1.6870450
2.5180070
2.5127022
3.6181917
2.4879529
3.1114249
2.5231535
2.6590474
2.0000567
2.2040064
2.1254253
2.4232275
2.5840590
2.4596243
1.9761209
2.5708010
3.1115313
2.0368924
3.9525852
2.4604981
2.0872166
2.9199896
2.5405631
3.1837947
1.6041732
2.5164754
2.5103626
2.7980807
3.0282886
3.0478492
2.5807338
2.1040511
2.0413704
3.0684042
3.1848760
2.4699593
2.1437757
2.3909047
2.5703919
2.9066632
2.6269019
3.3555322
2.0794339
2.6188047
2.1548510
2.6191611
3.6842718
2.7943592
4.2041769
2.4395905
3.8705442
3.1704674
3.5232904
2.9627612
3.2438982
2.3256719
2.8316739
2.5912843
1.4900227
2.3855810
3.2722979
1.6538482
1.5145910
1.6635449
3.4297616
2.4040740
2.4886746
2.4178569
1.5284468
2.3430390
2.6790371
3.4210715
1.6835361
2.6114702
2.5343199
1.7926892
1.8386451
1.6491922
1.8292042
1.5494237
2.4398477
2.0937507
1.9856483
1.5377069
1.9668258
1.8464988
1.5840975
1.5303216
1.7028635
2.1379423
2.6392186
1.5697694
1.5919296
3.0779994
1.7501327
2.1065505
2.1049705
2.5227025
2.6441677
2.2438133
2.6808689
3.1234329
2.6025679
2.2390077
1.6919166
3.6727803
1.6093496
2.2322574
2.3202040
1.8974233
2.2080920
1.6936787
1.9262224
1.6945347
1.8739542
2.2238874
1.5242602
2.5342844
1.8455068
1.8611087
1.5411417
1.6141158
3.0706103
1.8554785
1.8236433
1.6246309
2.5753767
2.6076624
1.8507880
1.5911129
1.8483770
1.8324696
1.8771796
1.8428812
1.5090846
2.1751800
1.6139120
1.7920101
1.7805088
1.7431301
2.1500101
1.7867999
2.1264081
1.4526371
1.7737361
1.4268011
1.7475474
1.4672488
1.3426851
1.7486160
2.5809598
2.2409799
3.9127614
1.7263240
1.4408861
1.7897744
1.4999977
1.4015107
2.2250698
1.5080131
1.7957213
2.0786126
2.5523617
1.5979730
3.1617041
3.1880264
1.8453062
3.4986608
1.7575366
2.2154331
2.4414117
3.4849231
1.6734049
3.3997324
2.4912353
4.4310532
4.4667697
3.5529325
2.9862990
3.4625225
3.5029030
5.0235577
2.5679915
2.0667615
2.4315345
3.9612055
1.7039849
2.4419494
3.0365512
3.3591597
2.4677660
2.5077567
3.3846495
3.9392331
4.8899989
2.4215744
2.0094039
1.4069439
3.0295267
3.4879758
1.5736964
2.2444899
1.4969108
3.5539351
1.8046325
1.5721804
3.0886474
1.5222543
2.2241890
2.1988711
1.7198900
1.5785058
1.8880401
1.9517313
1.9774414
3.1563454
2.3734524
1.6076841
2.6955538
2.2555940
1.9946989
3.7848005
2.0216851
2.0735707
3.8048859
2.1814699
2.0314894
2.1907911
2.9012196
3.3128977
2.7971168
2.9364531
2.9944191
4.2682419
3.9223092
2.9064491
3.6930809
2.8879137
2.8179979
2.8647804
3.6681101
3.7007976
4.5885258
2.3579519
2.7931316
2.7509038
2.8470268
2.0614369
2.4110198
3.2290087
2.0480752
2.3033307
1.8233072
1.8261009
2.0301278
3.1095252
1.8398283
4.5058045
1.8773600
1.9114277
1.8749236
1.8095742
1.8975421
1.8998511
2.0825450
2.3457830
3.9619102
2.3632903
1.8316096
1.8176727
2.3632147
2.1156580
2.8122110
2.3603792
3.1667464
3.1070724
2.4643357
4.4484830
1.9324670
1.9383428
2.1903551
1.9644371
3.5388408
1.9232469
2.8238695
2.2144728
2.8230796
2.7915728
2.9512427
3.2652435
4.6609945
2.4772203
4.0941772
3.2405424
4.9063530
2.9936323
3.2942855
5.0530815
4.1420875
5.4289470
4.2596979
4.5717854
3.3067701
2.8942771
1.9935193
3.7373750
4.1205721
3.3382802
2.8600693
3.7085941
2.8906119
3.2689483
3.2291675
2.8862221
3.6279161
2.8670244
3.2469919
4.2340655
3.3021960
2.6044922
2.5186563
3.7533834
2.5677066
3.2933142
3.7253895
3.2782943
2.2210081
2.8910229
3.7308862
3.6936374
2.8163042
4.0994000
2.5246027
2.9775071
3.6722913
3.2920864
2.2567096
2.4873879
2.5311737
2.5015719
2.5271406
3.7549632
2.0788493
3.2158217
4.1767840
3.7222555
2.2825234
2.5459199
4.2071266
5.1674857
3.3289073
3.2160339
2.4956932
4.6221824
3.6707299
2.0541794
2.1932843
2.2128665
4.1372232
3.7442377
3.2480931
3.7217686
4.1547604
3.6583545
4.6233258
3.3005521
2.8379827
3.6772022
2.8717086
3.7137971
4.6517987
4.1086354
4.6147881
3.6830237
3.2558725
4.1430864
3.6887765
3.2701645
3.7550733
3.1071618
3.2492216
4.2761946
3.4875450
4.8200250
3.5478740
3.9207039
3.9854066
3.9419577
4.3593612
4.4472036
5.3415909
4.9226556
5.6859717
5.8695340
3.5679467
2.9135716
3.0832930
3.6048691
3.7578804
2.6848147
3.3237317
2.6229610
3.6395071
3.6610858
3.6235251
4.8698616
3.2771881
4.5419812
3.0741043
5.0060992
4.1977682
3.0726666
3.7011428
5.0563121
3.7032964
5.5325656
4.5471439
4.9985223
4.1536055
4.0935726
3.9656365
3.9955060
3.7541413
4.5400949
5.4493504
4.1168027
4.9226556
4.1012650
4.6004553
4.9397221
5.4763956
3.6021776
5.0165691
6.3979664
5.4014778
3.8430858
3.7529831
4.1309996
2.7286150
4.5694222
3.3500869
3.3138001
4.5629544
3.7944360
5.0288343
4.6803074
3.9190080
4.5495114
4.1965189
4.7031584
3.3282311
3.7602289
4.5946226
4.2484860
2.5217929
3.0057759
2.6459119
2.9837027
2.4785628
2.8724318
2.4688251
4.1008692
4.2138405
6.0969157
4.1611538
3.0588727
3.0239854
3.0384164
4.0991578
4.1184459
4.0672107
3.0613129
5.4759197
5.9064689
5.0328879
3.6693206
2.6916382
2.9862461
3.3519258
3.7007139
2.7494528
4.5637560
5.0632858
5.3997002
4.5355659
5.5573812
4.9969978
4.6308169
5.4491205
2.7116611
4.9347095
3.3476017
3.7200196
4.9303741
3.7544742
3.3110979
4.5248146
5.4311891
3.6580234
4.0915828
3.2684195
2.7818747
3.3333261
2.6047883
2.6263156
4.0598207
4.9227376
5.3605528
6.3915381
6.3352003
3.7073054
4.1310797
5.8963170
3.3224154
4.0257907
3.4139907
3.6985068
2.8211119
4.1203833
5.0707083
7.3559532
3.4552486
4.1670032
5.0798531
5.5004053
4.9837379
3.2237346
5.0928917
3.8220508
3.8356915
4.1866412
4.9753876
3.2179620
3.2017701
4.9712343
4.2283807
4.6756387
5.0102558
3.2213910
1.8516332
1.4703398
1.5236914
1.2659827
1.8541123
4.5193233
2.6098776
3.1902456
8.1835451
1.0487567
2.7716117
2.4987147
1.8509219
1.0850272
1.2506957
2.0790684
1.6081754
0.9953443
1.2323462
2.0812464
1.4108157
1.2383325
2.2630708
1.0083916
1.1266471
0.9650032
1.2398555
0.7002124
1.8095818
1.1835252
0.8142872
2.6229444
1.3567990
1.6096475
1.4684235
1.7107464
1.5344417
1.4272565
1.4690179
2.6587365
1.4160212
1.9935406
2.4274921
2.8843856
1.9533789
2.5002255
0.7551220
1.2320312
1.2886528
3.0162776
0.9016063
2.5380857
2.3922389
2.5769436
0.6878097
1.6008519
2.9154947
1.6501414
0.8003990
0.8537947
1.6113926
0.7764418
1.3011215
0.8211429
1.0805376
1.0381672
2.0710537
2.0082629
1.1996113
0.4303900
2.0859559
0.6933953
0.5407769
2.0051336
1.0247327
0.6553645
1.0310079
0.5774102
0.9238539
1.2552139
1.6032096
1.1215614
0.7544529
0.5930685
1.7372172
1.3294249
1.0922846
1.6513565
2.7955222
1.2506655
2.7173355
2.0781312
1.5059983
2.6490514
2.2090075
3.8856382
1.6501880
2.6101465
1.6770668
1.6024821
1.7059426
2.2947414
2.6487107
2.6700547
3.3266988
2.2090585
1.0314052
4.4723587
1.5209628
3.7381184
1.6036103
3.3008623
3.2045689
1.0090743
3.2269723
3.7843528
3.1435559
2.0635064
4.3669615
3.3840346
2.6928780
2.0791733
3.1096509
2.0978153
1.0095046
1.5486702
3.1437552
4.3417916
3.7840259
3.2504146
3.7169576
1.5215766
3.1082466
2.0013409
2.0011868
2.0350251
1.5055408
2.0042605
2.0473335
4.2504926
3.1266420
3.0793607
3.0800686
2.5404351
2.0039752
4.7446575
2.5138786
2.5030303
2.5216289
1.5708201
2.0086980
2.5314462
3.0336027
2.5425155
2.5422146
3.0132756
3.5820401
4.0840077
3.0192094
3.5238993
4.0979829
3.1430006
3.0940993
2.6119702
3.5953357
4.2031159
5.8824482
4.7737570
5.3477778
4.1676698
3.0467348
5.3060389
4.6192794
4.6319065
5.8173423
5.3466434
5.7591524
6.4146113
5.7777867
5.3256283
5.4055715
6.5751433
6.9670658
5.9473763
4.7791181
2.6197290
4.1923852
4.2106805
4.8404665
5.4138312
4.6560063
3.6495357
3.6644399
2.1186266
2.6656306
2.1569631
2.7073531
4.1428037
3.6805298
1.6893593
1.6353773
3.1088641
0.7515820
1.6759717
2.7716310
1.7092797
2.7288997
2.6622062
3.2291038
2.7949598
3.7367203
3.7345843
3.7487674
2.6809049
1.1790569
3.1782997
3.2922344
2.6737194
2.6766858
3.3441820
2.3344846
4.2686400
1.7569573
2.7293954
2.7524676
2.7807515
2.8001611
3.2500863
1.3692821
3.2976837
1.6924551
1.8097289
1.8341645
2.1792188
2.7364743
2.2004521
1.7891912
1.2926843
3.6975918
1.8045532
2.1886015
2.1854699
2.1891034
1.2254168
3.7757936
2.7912087
2.0781088
3.1605706
3.8250179
1.7095134
2.5775964
4.7751451
3.1256080
3.7534626
5.1976261
3.7766390
2.6669967
2.0282650
2.6905060
2.0374737
1.1097914
1.1935483
2.1009254
3.2062063
3.7586405
3.1310561
2.7664170
3.2238295
2.6730514
2.5606687
3.6412263
4.2653289
5.2899880
4.7402177
5.3100281
5.3966999
2.7106817
5.4203548
4.8632779
3.7524157
5.3277092
5.4071794
4.4214420
5.0819430
5.0028086
4.5575213
7.4890819
5.5811777
3.9240189
6.0580587
6.0567541
5.4276891
7.0001559
6.0090280
5.4525676
5.9375615
4.4745493
5.5037260
6.6124401
3.9725204
7.5765829
3.4677410
4.0429249
3.9492390
3.5540166
6.1831260
4.5540638
3.9323769
3.9519131
6.1541157
4.5237699
5.0018573
4.3810039
4.8551188
2.2096701
4.3338408
2.2323284
2.2420273
1.7612418
1.0371482
1.7363006
1.3344685
0.9934172
0.8706491
2.7397001
1.3659502
1.3498781
1.2823058
0.8923340
0.9257048
0.9642087
2.3810282
2.2016575
2.2120905
3.8572311
2.2220080
3.1482882
3.7591276
2.6429935
2.7468197
2.2564173
3.7698379
3.7933536
2.6916180
2.6636009
2.6553571
3.3411915
4.1517668
5.7131906
1.7580329
2.6641235
1.3130128
2.3441999
2.6776321
2.2451990
4.7598820
3.1506956
3.1966765
2.6542075
2.6662462
3.6589005
5.1224437
4.6102924
1.4293422
3.6199057
2.2163942
1.8318496
2.6990449
3.1238952
2.2406337
1.7932169
2.1965549
1.8705150
3.1755769
2.6722510
2.7999802
3.1217942
2.7733231
2.6623368
4.1034856
1.4193721
2.2162452
2.1859248
1.8888595
2.6557589
3.6076593
1.3333082
2.6467125
2.6668932
3.1747217
1.7491710
3.1222613
3.1387239
2.6211953
3.6152880
2.2021677
2.1701000
3.1235666
4.1173954
4.1041031
2.6314826
1.3563260
2.2100031
1.0170813
4.6221337
1.6793411
1.2305864
1.2254900
0.7898306
1.7543319
0.8042910
2.6358049
3.0907207
2.1771171
3.0951507
2.2128212
2.7588096
2.6159861
1.2946497
3.1256166
2.5630639
1.2211924
1.1514792
1.5936433
1.5724539
2.5591550
3.5291882
2.5608416
2.1247222
4.1128759
2.5641088
2.1407163
2.0601652
2.0832331
2.0791249
1.1141654
1.1114072
1.1059531
2.0563619
3.5917847
1.5828696
2.5513458
1.0483117
2.0267038
0.7339038
0.7492225
1.5432866
1.6047320
1.4383187
1.2785697
1.0506516
1.1197013
0.9820306
1.3881649
1.1302005
1.0542496
1.0523857
1.1246607
2.1286955
1.2423592
1.1230742
1.5367147
0.7336360
2.0634320
1.1260703
0.7062062
2.1928053
2.1977792
0.6677981
1.7532982
0.8329702
1.3475088
0.6754882
3.5089633
3.5592659
1.5611830
2.7490423
2.1021388
0.6715064
0.6045806
1.0303507
1.8242842
0.0775223
2.2411387
1.6121502
2.1392732
0.5676517
1.5891182
1.1247622
0.9142244
1.2605181
1.5356485
2.0651565
1.0092167
2.5987434
2.0526550
2.0572407
1.7824531
1.6585090
0.9500074
0.9523249
1.1259507
1.1230335
0.5753464
0.5161728
0.2888331
1.1320001
0.9120702
1.4219266
0.5220772
1.1221421
0.9141341
0.6829247
1.7770947
0.9478866
1.1007518
1.3824197
1.2199302
0.6817172
0.3374641
2.0165663
0.6754805
1.1013132
1.3830597
0.8658308
0.2305113
1.1014661
1.3816199
0.6778857
2.0540519
1.2188654
0.6439292
2.8620982
0.4019900
1.6367474
1.0854801
0.6536077
0.8279611
0.6491477
1.0833879
0.6685482
0.1865927
0.6567586
0.5562531
0.4712994
0.1909315
0.5918741
1.0152783
0.6167394
1.5103924
0.7659322
1.1597960
0.6153929
1.0797426
0.5934430
0.7734283
0.3947458
0.5499067
1.0471424
1.1451764
1.0477264
0.3853353
1.5302478
0.6855258
1.5687302
1.6195574
0.6392764
0.7890021
0.3874803
1.1802007
0.8629548
0.5519954
0.4025701
1.0919071
0.3966036
1.0944163
1.0391792
0.2751520
0.6343582
1.2807611
1.0734655
0.6228258
0.7658668
2.2622631
0.6285615
1.1620891
0.6446888
1.0867914
0.7820138
0.4112143
0.6527937
0.7789774
0.3664515
0.7472675
0.8147746
1.0629287
0.4226993
0.7509469
0.3535311
1.0606699
0.7387748
1.2693374
1.1097263
0.4053879
0.6563013
0.7113708
0.6224777
1.1934015
0.8763020
0.6749756
1.1028465
1.0828079
0.4803547
1.5435573
0.6815107
0.8102651
0.6335953
0.6101957
1.1135010
1.0948678
0.4742053
0.6298749
1.1359607
0.7280667
0.5449275
2.0499127
0.7485853
0.7561101
0.9594471
0.7329559
2.0514553
0.7569084
1.6075150
0.7518491
1.1459504
0.8841975
1.5660912
1.2359029
0.7594360
1.7506487
2.1265430
2.1334553
1.0105913
1.7297578
1.0741595
0.7339121
0.9734263
1.2222527
0.7260640
0.6165611
1.1641051
1.1549183
0.8318230
1.0506524
0.7184370
1.3142146
1.5833353
0.7273440
1.2118914
0.5633314
1.2047073
1.2048749
1.2164145
0.7332431
0.6764382
1.2264043
1.4479620
1.1433034
0.7172824
0.7453088
0.8584421
0.7258812
0.6819690
1.1141087
0.6849193
0.7242739
0.8613566
0.7453701
1.0127753
1.1502439
0.8630568
1.1875000
2.1149018
1.2893438
2.3260014
1.5526217
1.4377731
1.2165524
0.8519580
0.6883563
1.3709081
1.4375196
2.0775981
1.1875391
1.2884973
1.0630747
2.6700153
1.2138051
1.5527977
1.2135308
1.3707322
3.3000968
1.1288900
1.9084935
2.1259224
1.9089046
1.6257148
1.5084876
1.9093562
1.5062524
1.4640491
1.2328173
1.8753687
1.4647154
1.7013254
1.4635822
2.4012139
1.7010541
1.7005047
1.4066819
1.0634538
1.7608463
1.9619159
3.4918101
1.6884710
2.1810045
1.2911544
2.4514410
1.7620585
1.5553365
2.1805768
1.4403893
2.2451832
2.7857385
1.5574913
2.2598610
2.2483580
2.0806563
2.8634236
2.8679368
12.8737020
13.3724508
7.0777168
11.2371464
14.4509363
2.5034814
1.7658261
54.5009651
19.4281445
38.6124687
7.3926320
6.2365708
2.6398835
2.8646634
2.6545758
14.0917521
13.8391953
28.8582382
33.4961128
1.9667054
2.0856240
4.1638074
2.5551322
3.4768186
2.3078766
7.1076250
2.0006213
2.4628756
1.9546406
2.1238263
1.8217648
1.5024484
1.8047372
1.8222425
1.8210938
1.3498721
2.3056533
1.8081911
1.2573463
2.1225107
1.5838066
1.8051938
1.4156642
2.6584024
1.5823294
1.5829118
2.0619712
2.8304069
1.8221352
1.1198925
1.6025162
1.3482895
1.7504131
2.0618997
1.8047316
1.2517521
1.3500129
1.4169029
1.3490084
1.9538248
1.5043947
2.0008197
1.8205726
1.8215755
2.3065298
1.3512055
2.0165534
1.9566813
1.5816023
2.2361445
1.1203494
1.8203760
1.2572675
1.8040519
2.1218114
2.1218274
2.0171254
1.8213469
1.6010098
1.5818909
1.2518239
1.0073640
2.1214302
1.0045575
1.5006194
1.8037246
1.3476824
2.0157180
2.3588741
2.3050325
1.1196146
1.5821780
2.3589709
2.3052390
1.8032328
2.0616534
1.3482622
1.6022145
1.2529255
2.0160732
1.3482883
2.0158789
1.2517753
1.3468578
1.8031940
1.5009456
1.5817308
1.8030651
1.8035562
2.0012898
1.3466380
2.0618052
2.6575997
1.8047092
2.2360904
1.1195437
2.1217506
2.8284423
2.8288522
1.1227193
1.1194494
1.5005929
1.1196247
2.0000045
1.5007209
1.8202457
2.5000134
1.5816925
2.0155783
1.9527735
1.8210076
1.4153444
1.8200572
1.6013552
1.8038311
1.3464532
0.5721996
2.2360687
2.5000021
1.8203131
1.5811646
1.3463420
2.5004287
1.5001668
1.2502583
1.1189632
2.9154873
1.0003295
1.8034801
2.0616951
1.6010398
1.1182724
1.1183659
1.8028058
1.6008132
1.5812854
1.6009208
1.9931536
1.4047590
1.6502082
1.4592690
2.4087987
2.2939715
1.4820617
1.7956886
2.0325806
2.8105152
2.9081526
1.8404305
2.9401278
1.5379859
1.1670605
0.9690084
3.0816905
1.4487680
2.2739985
2.0949287
2.2016454
1.6933526
2.1052802
1.6129031
1.9250755
1.6965145
2.1074834
2.3848755
1.6105715
1.7488415
1.7436033
1.9519190
1.5065355
1.4217395
1.6714479
1.5507859
2.9132049
1.3356986
1.5675577
2.9879217
1.5925128
1.4615370
1.8636796
2.0498476
2.1976154
2.0938849
1.2349051
3.3077519
0.9323643
1.6630883
2.1040523
1.4857082
1.7273687
2.3422661
2.0315418
1.4922278
1.6765954
3.4743829
2.1552708
2.6615138
1.9941726
2.3392258
2.1932123
1.6739906
2.1584647
1.4266135
1.4730439
1.5356570
1.8465203
1.2163380
0.9179692
1.3142190
2.4314275
1.8281921
2.1008465
2.3680913
1.6522617
2.2032607
1.6247987
0.9901194
0.8264298
1.9353641
1.3783711
2.7243369
2.8958478
2.0604050
1.9611973
1.7766662
1.8397111
1.9669410
2.0239456
2.0196774
2.7800758
2.6208849
2.6535716
3.3715467
1.6640965
2.6193945
1.9288182
3.0549066
2.3067250
2.8617640
2.2713628
3.6431394
2.2746937
2.0454798
1.6608688
2.0309327
3.1102464
1.8821567
2.8704667
2.5518074
1.6148431
1.8976362
1.7111791
1.9509499
1.1339732
2.8231447
1.3883352
2.2643137
2.7108490
1.6528111
2.0738764
2.1352069
0.9456401
2.0080605
3.0911303
2.3546908
2.3517551
3.1560745
2.0639110
1.5660560
1.1254903
2.2479737
4.0046496
1.3497412
2.1286545
2.4303560
3.1585851
1.5868136
2.0022085
1.4112486
2.3529999
1.5001103
2.0629640
1.8424264
1.7002797
3.3502955
0.5668388
2.6582909
1.7106484
1.5069294
2.4649355
2.6579545
1.0651753
1.1861476
3.5685620
2.8293560
2.2668643
2.7415950
2.7696867
2.8285468
1.4627842
2.1329186
0.7534773
2.5577381
2.0470312
2.0898626
1.2708989
0.7942030
1.7829645
1.6147910
1.1785514
1.8913481
0.7139128
0.3596683
1.4810740
1.3455783
1.2730416
0.4117330
2.5842962
1.9284862
0.4170842
1.1540489
0.6379940
1.1519769
3.1340446
1.5728877
2.6688890
2.2243707
0.6639015
2.8050961
1.5301393
2.0189388
0.4166138
1.2206361
0.9882287
1.3264372
1.0646648
1.5323511
0.8274955
0.7627279
0.3559265
1.9420159
2.0452251
0.6412733
2.1136649
0.8468727
1.5984770
0.7162916
0.5767879
0.6730564
1.0964469
0.9850346
1.9486675
0.7036968
1.0935881
0.5179671
0.5165931
0.8570936
0.5441965
0.8078508
1.2107738
0.6987597
1.4372643
0.5588593
1.6680032
1.5241530
1.4076176
1.0552106
0.5836346
0.8642462
0.5619583
0.5993799
0.5561203
1.0521251
2.1255460
1.2389348
1.5367587
0.7689970
0.8060114
0.8370456
0.7018344
0.7374815
0.7248009
1.1086617
0.4638552
0.8434427
1.2419858
0.7380830
1.2764925
2.2883453
2.0495119
0.8317683
1.0184615
0.6145906
0.7412848
1.0629662
1.4453712
0.9532416
0.5101835
1.2909638
0.7775124
1.0893606
0.7775216
0.5800234
2.2057025
1.1022003
0.8897890
0.7289110
1.2445905
0.7649748
0.7612253
0.7108769
1.1398247
1.2325004
1.2474601
0.7280066
1.0406154
0.9241268
0.7260350
1.2953745
0.5445371
1.6261834
1.6899965
1.5983949
1.2034252
1.3510299
1.7148515
1.6363329
1.5786582
1.4572015
1.0084693
1.0552796
1.0588983
0.9184867
1.9308256
1.2222567
1.1446179
0.8312845
1.3253669
0.8708448
1.3509620
1.2561651
1.7074113
1.1598134
1.2281622
1.0188948
1.2261943
0.8047150
1.5283239
1.2585773
1.6957598
1.3180510
1.5820838
1.5839188
1.5895510
1.0671587
1.4735796
1.1557952
2.4569023
0.9818903
1.4149066
1.1592057
1.2561234
1.3730855
1.3776953
1.9149797
1.2296985
2.2033570
1.5125220
0.8864954
1.4742628
0.9180241
0.9237882
1.3017827
1.2536883
1.4022645
0.8559085
1.7214612
0.9294116
2.3672435
2.1216106
1.3609681
2.3027844
1.9486735
1.9435147
1.7823288
1.4463609
0.9602600
1.7582618
0.9299582
1.4232388
1.2712117
1.8013277
1.2938834
1.2522742
0.9115508
1.2897912
0.7331467
1.3769497
0.8819199
1.4218686
1.2774937
1.6084957
0.9881052
1.0228041
2.5968318
1.0075822
1.5402112
1.4201550
1.1573647
1.0284414
1.0247005
1.0149708
1.0805281
1.8039930
1.3100430
0.9523861
1.8271769
0.9836198
1.3023750
1.6270529
0.9729000
1.3143440
1.1453726
1.2195047
2.1176813
1.3596745
1.0389857
1.2797294
1.7467467
1.7739607
1.3685887
1.2929116
1.7798736
1.6885343
1.4806139
1.3749883
1.7477231
1.4263680
1.3640552
1.7593263
2.1174977
1.4485971
1.8481289
2.2170289
1.7955498
1.7322006
1.8256122
2.2147539
1.8923829
1.8496375
1.8808291
2.2512338
2.2594492
2.2797561
2.2332027
1.8239648
1.9468197
2.3752787
2.1759129
1.7725005
2.2342346
2.3320839
2.1001139
2.1638300
2.2787220
2.2661686
1.8416579
2.2663064
2.2632389
1.9881649
1.8446324
1.9333314
2.2692685
1.8867203
1.8429652
2.3491902
1.9696919
1.9538679
2.2688138
2.2712908
1.6468126
1.8436341
2.3032377
1.5725578
2.0997174
1.6303536
1.8993819
1.5472339
1.5417628
2.5203116
1.4048514
1.6721092
2.8614836
2.7518346
1.5625342
1.8570417
1.5593529
2.0735180
1.6072317
2.6964037
1.7951957
1.8197268
2.1022174
2.2863543
2.1341183
3.0717711
2.9587884
2.6186557
2.7256277
2.8424332
2.9120882
2.1747320
1.5438251
2.1680248
1.6787096
1.5825797
2.5825222
1.8818171
1.5153127
1.8006858
1.8735437
1.9542700
2.2438455
1.9379190
1.9649845
1.6185824
1.7989559
2.1073523
1.9951547
2.7345476
2.0037646
2.1637428
1.7874254
2.1947906
1.7819790
1.8990911
1.5757607
1.8996774
2.0017226
1.7398181
1.5812595
1.6401612
2.0060899
2.2897742
1.9538531
1.6778722
2.0078080
1.3894143
2.1477208
1.5993252
2.0724282
1.6380404
1.6580343
1.6689678
2.0497189
1.7784550
1.6511831
2.1376708
1.6741107
2.0795789
1.7035522
1.6844039
2.0344443
1.7730098
2.3105445
2.6358016
1.7901167
1.8550519
1.8560554
1.7691814
1.7372190
2.8229144
2.4932873
1.7005597
1.8363259
2.1335771
1.7663929
2.3952103
1.6437234
1.7842956
2.1730604
2.2208433
2.1523969
2.0661290
1.7802168
1.7913359
1.7727611
2.1186934
1.7714866
2.3385806
1.7637292
2.3783669
2.1306996
2.1529422
1.6878426
1.8978221
1.9785039
1.8383698
1.9974225
2.0856354
2.0003870
1.7785625
2.1215324
1.9859962
2.1965597
2.3410115
3.2145753
1.8272433
1.9502991
1.8613392
2.2460697
2.2242520
2.1016672
2.5350015
1.7765627
2.4072773
2.5811009
2.1551762
1.9314251
1.9074430
1.9141247
2.2516265
1.7823573
2.1754489
1.9530863
3.3744082
1.8714087
1.7869844
2.0928681
2.1403282
1.7247049
1.7343862
2.1895230
2.8387668
2.2352514
1.6783206
2.7533729
2.8715012
1.6820608
1.7581929
2.1118515
2.1356404
2.1199977
1.7982523
2.1107998
2.1818879
2.1354356
2.1913698
2.1079621
2.1918488
1.8038530
3.0073967
2.9371898
2.5285616
2.0382681
2.6208010
2.2246211
2.9564667
2.2054491
2.2122326
2.6003740
2.5307024
2.3836923
2.4634001
2.1325595
2.1552401
2.8549843
2.7255888
2.8189366
1.9149896
2.7443120
2.0253465
2.7794211
1.9155124
3.5934467
2.4139364
2.8447185
2.0751324
2.2919426
2.4261825
2.2537806
2.6384389
2.5690405
2.5925572
2.5515804
2.3854141
2.2248728
2.6009142
2.6654558
2.0126150
2.2363985
2.5802925
2.2289631
2.5425348
2.2203844
2.5789306
2.3400931
2.6271200
2.3647308
2.3225060
1.9764395
2.0015099
2.1596611
2.5886519
1.9646002
2.8370931
2.0144575
1.7938156
1.8432354
2.2793672
2.4518552
2.4297445
2.3313797
2.7514720
2.8374207
2.1681039
2.8023150
1.9240024
2.5331471
2.0459368
2.7187545
2.9512327
2.2669852
1.8930068
3.5775063
2.3930738
2.3387744
2.5873504
2.5262108
2.2034049
2.2827380
1.9361047
2.0448627
2.2247951
1.9181916
1.9178056
2.2651999
2.0067008
2.5157068
2.2137249
2.1205599
2.3939972
2.5246489
2.1266477
2.7745123
2.6804519
1.8562552
1.8897921
1.8558228
2.0461972
1.7226460
2.2962554
1.8527168
2.1553504
2.1650443
2.1563153
2.5794425
2.1608348
2.7704806
3.4981074
2.4636099
1.8302759
2.8568611
1.5964299
3.0728679
2.2762437
1.9003539
2.0222080
2.0480962
2.1496539
2.5831387
2.1758642
1.8502759
1.8119874
1.9358077
2.1590321
2.5807917
2.2624166
1.7024667
3.0210826
2.4639466
2.2953124
1.7551712
1.8572806
1.9656212
1.8648210
1.9252453
2.5684755
1.8960620
2.4894643
1.9792738
1.9276525
1.6345925
1.5954306
1.6336263
2.1348174
1.8948305
3.4039621
1.7845334
1.7375772
1.9229850
1.9620652
2.2362516
1.6227467
1.7192020
1.7613554
1.6643198
2.2998240
2.0898490
1.8590529
2.2427132
2.8463848
2.4241967
2.2756860
1.8961629
1.8386296
2.7191939
2.2851107
1.9153719
2.3380983
3.5765135
1.9154354
2.8635385
1.8577510
3.0894501
2.8222423
1.7362587
1.9043931
1.9206332
1.6742961
1.9018571
1.9370614
1.6981164
1.9716315
2.5375011
2.4404690
2.3712473
2.2439423
3.7095327
2.2613733
2.8446712
2.4342923
2.5372245
2.0237954
2.5391922
2.0970664
1.7493445
1.9323782
1.9690552
2.8324819
2.0814118
2.4991932
2.1502199
2.3381572
2.3845906
2.2606142
1.9676896
2.4185832
2.0456803
2.5509155
2.1941259
2.6415615
2.1970649
3.5394182
2.1001387
2.2731333
2.3106625
3.4902062
1.8605341
2.3714333
2.2195213
3.1189158
1.7270103
3.4104285
1.7986125
1.8665581
3.2342694
1.9091692
2.0163255
2.3145661
3.5198672
2.5973322
1.7592161
1.8950062
2.8344562
1.8746009
1.8349200
1.8330455
1.7811376
1.7470522
1.6944054
1.6764055
1.8298391
1.6493176
1.9512080
1.8111179
1.6593384
2.4620512
1.6294097
1.6167758
1.6243931
3.0172100
2.2303913
1.9869782
1.6576440
2.0152416
1.6641299
2.9068117
2.2208042
1.9403681
2.4186203
1.9920206
2.1173384
2.8235500
2.6852481
4.0578742
3.4412870
2.4452879
3.1227102
2.6474104
3.0409567
3.8973827
1.5741125
3.4408059
1.5077149
2.3998516
2.2565360
2.0517080
2.9095616
2.7606452
2.2739809
3.0727026
3.1684740
1.7720857
2.1308379
2.2864625
3.1819222
4.3118453
1.9690322
3.6091924
2.8317292
2.4063408
1.7745584
2.4695570
2.0158765
3.3030796
1.7907907
2.3260987
1.7915463
2.0778677
2.4159327
2.4875336
2.0954912
3.0654812
1.8620169
2.0625594
1.8873934
1.9905472
1.9375044
1.8131535
2.0984223
1.9184493
2.0058999
1.8896482
1.8239535
1.8379960
2.3165798
1.9454767
2.4929471
1.8111329
1.8553326
2.8295193
1.6629175
4.0857453
2.7210605
2.9694028
2.6991110
2.2845702
2.4738421
1.7635913
1.9763466
2.1093440
1.8292731
2.5889964
2.4767601
2.0237668
2.2774320
2.9540956
2.8390071
3.0698876
1.5918064
2.7939651
2.1805527
2.5207438
2.5815127
2.9860382
2.0525012
1.9325780
1.8813668
2.2727237
1.7479792
1.6457019
1.9392645
1.7220074
2.0274751
2.4669878
2.9547074
1.7017673
1.8298360
1.6743264
2.0458593
1.7853701
2.0362177
2.9677508
2.5431442
1.6390672
1.7267017
2.0547271
1.8856356
2.1770713
1.9197044
2.4650970
2.7793725
1.9956939
3.0307307
2.7863071
1.8007075
2.8183889
2.3033652
3.0284624
2.0616698
2.2605159
2.1794288
2.3333027
3.1255705
1.8909912
2.0448401
2.6250286
2.4534812
2.2726340
1.8531694
1.8291043
2.0832458
2.0652814
1.9146258
1.9839833
1.9094898
1.7641871
1.8882947
2.1313508
1.8251009
1.7883669
2.3786609
2.3987041
1.8305674
2.3382177
2.6324914
2.0527995
2.1675022
2.2873495
2.6648591
2.5432181
2.4972684
2.9669650
2.1122868
2.8888316
3.3743081
2.1623864
2.6018369
2.0898769
3.1926837
2.8872020
2.4175768
2.8232250
2.5312214
2.3754604
2.7769530
2.8664942
2.5789340
2.5719540
2.9464743
2.6319556
2.2902071
3.2251327
2.4937177
2.2970924
2.4677598
2.6685653
2.2967808
2.3741932
2.4719453
2.3859422
2.5024016
2.6255274
2.7247200
2.4621322
2.6838424
2.4382172
2.5641255
2.6965792
2.6077895
2.6980896
3.3962405
2.7915301
2.9843402
2.9411893
2.9387078
2.6785355
3.2377081
2.6469979
2.6764939
2.8950973
2.8899391
2.7634015
3.2552254
2.9212449
3.1284332
2.7855191
3.3185072
2.9381521
3.5091751
2.9467316
3.5108151
3.8249443
4.1950445
3.8284817
4.5897946
3.8115997
4.2142496
3.3411794
3.8648298
3.1082113
3.9148450
3.1966925
3.4097817
3.1028519
3.4699359
3.4748456
3.3249669
3.5286083
3.0337143
3.3537722
3.6379406
3.2178173
3.1330876
3.4723239
2.9981782
3.1773403
3.1341021
3.0407364
3.1242280
2.9834561
3.0774195
2.7468908
2.8331861
2.7989748
2.7382407
2.7058909
2.7458313
2.8352747
2.9729962
2.6300511
2.6734583
2.8405495
2.8869786
3.0660193
2.8507075
3.1139526
3.1550982
3.0273805
2.7137449
2.9385567
3.2921729
3.0727611
3.0796111
2.8848429
3.0615735
2.6362996
2.8166430
3.0996888
2.7433276
2.8771105
2.9171786
2.8701913
2.6834075
3.7412801
2.7196698
2.8444569
2.8385742
2.9003735
2.7774189
2.8075898
3.1571102
3.0481954
2.6791005
2.8956335
2.9671113
3.5040231
2.8795052
3.1481657
2.7796347
3.2136359
3.0509400
2.7589128
3.1016843
3.0017154
3.5626888
3.0024719
3.0285773
2.9484053
3.1114147
3.0103145
2.7715409
2.7997375
2.7160053
2.9329159
3.7055249
3.8753762
3.0813227
3.0410426
2.9433739
3.3986044
3.6973295
2.9432042
2.8805065
2.7937694
2.8346031
2.8321040
3.1401713
3.1361468
3.4030857
3.0521908
3.0439417
2.8562212
3.4624853
3.3758218
4.0400858
2.7776527
3.9498074
3.6634607
3.1016560
3.7585707
3.0284884
3.2970510
2.8459015
2.7782371
3.2560873
3.1798682
3.1578431
3.0728042
4.0021844
4.4458938
4.0625377
3.1591122
3.3172591
3.0358148
2.8373752
2.8677540
3.2710092
2.8152220
3.0132332
2.9940588
2.8369281
3.0097418
2.6545188
2.5877454
2.5397522
2.7471426
2.8523037
3.9005163
2.9968977
2.9458568
2.8143263
2.7065420
2.5536659
3.5874789
3.4172587
3.0046897
3.1155300
3.2558007
3.7109351
2.5055246
3.0698974
3.6426558
2.7953279
3.2974067
3.0322063
3.1409066
2.6365399
2.8493245
2.6837227
3.0839775
2.6840684
2.5386147
2.5348234
3.0550671
2.4898605
2.6324751
3.0184774
2.5416923
2.5045006
2.7870386
2.7986581
3.7243066
3.1299064
2.8386080
2.5622175
3.0225434
2.8960106
2.6914558
2.9909279
2.6983359
2.6061897
2.6968799
2.7873776
2.5701265
2.8406053
2.8598628
2.8573816
2.6301324
2.8899014
2.6168883
2.9609213
3.2969944
2.9997301
3.3373914
3.3383746
2.7281749
2.6856694
2.5037591
3.0011134
2.5097296
3.3521123
2.6863499
2.7293565
2.7584674
2.5212445
2.5953648
2.7098467
2.8580487
2.6353226
2.5568163
2.7778726
2.5140305
2.5117605
3.0048759
2.6008236
2.5654185
2.5683331
2.4948773
3.1601276
2.5108330
2.8266184
2.7923784
3.1289399
2.7008741
2.9663069
2.9158976
2.7378697
2.9204559
2.8311763
2.9157848
3.4205894
2.9616234
2.8779087
2.9667416
2.8904154
2.8803658
2.8290296
2.8138423
3.1071188
3.1579480
2.6650777
3.1888978
2.9096663
3.5039299
2.8535948
3.4307797
3.1293998
3.0194726
3.0887032
3.5011454
3.3553855
3.3570323
3.2197080
3.7313976
3.3841860
3.6218650
3.6588531
3.4152684
3.9225533
3.0445812
3.4466653
2.8293135
2.7141225
2.9990165
2.7789152
3.0038300
2.8244903
3.0441296
2.6636403
2.7539132
3.1975377
2.8922346
2.7640231
2.8675506
2.7865746
3.4325812
3.3307734
2.8438244
2.8487072
2.8607011
2.9719677
3.1301060
3.4225111
3.4291346
3.1074784
2.9682565
3.4474337
2.7727668
3.0850465
3.8482852
3.1637082
3.1328270
3.5116739
3.3911991
3.1230478
3.0171173
3.4763525
3.1010907
3.3312869
4.6886196
3.5948150
3.9837394
3.5672116
3.9048319
3.3613327
3.1555362
2.8898427
3.6413441
3.9660804
3.7711399
3.5020578
2.9598520
4.2536325
3.2795806
4.0048461
2.9415324
3.2880423
3.4215677
2.9733019
3.2938504
3.3446817
2.9199624
3.1713209
3.5828750
3.1558170
2.8813202
3.1244276
3.3773799
2.8953493
2.8140829
2.8305919
2.6067393
2.7008109
3.0607994
2.8790474
2.7498989
3.1743646
2.9282930
3.0239396
2.7221591
2.6670811
2.6362715
2.6594636
2.5536246
3.7175276
2.8048413
2.7608330
2.8344417
3.3984411
2.5675271
2.9453249
3.0189416
2.7881074
2.7883992
3.0899289
2.4646270
3.1796756
2.7261870
2.6035805
2.8942490
3.1424825
3.1040986
2.4518754
4.1727366
2.3451991
2.6729815
3.0988293
4.6933098
3.7536166
3.3108997
2.6444125
3.0526595
3.1228065
3.0829554
2.8765929
3.3022423
3.7443337
1.9807119
2.3630333
1.8044657
3.4914067
1.8208889
1.9856122
1.9953665
1.9966718
2.0361228
2.1375842
1.8812463
1.9387004
4.8859644
2.6839955
2.6142886
3.4568982
2.0623498
2.4048362
2.5733135
2.4007168
1.7306290
3.4635465
7.8657842
3.2561069
2.7691205
4.3564463
3.6369715
3.1299047
3.2081063
4.4300961
2.0124779
2.4442346
3.5456893
4.4416714
3.5067186
3.5311980
5.4051561
3.5677824
2.6819894
3.5996711
4.4697838
3.8998976
1.7574822
3.1480784
4.1521182
3.9541214
2.8064442
1.8695936
1.8539981
5.4416947
2.2060673
3.4683921
2.6720290
2.1905434
2.6044102
1.9581021
3.3323836
1.9290242
2.3635063
3.2422130
2.4393334
4.0308561
6.4118795
4.3133755
8.0006628
10.0948210
4.8732114
5.4891691
3.8687725
8.2950487
3.0524096
5.9192834
3.6043897
2.8605547
3.5487101
4.8145556
4.4612560
3.5005839
2.5714405
5.0451431
4.2084370
1.7391254
3.1591895
2.6394825
3.2618637
2.7128892
1.7144241
3.4380023
2.5989439
3.3943858
2.1820767
3.1470726
2.5201483
1.8386959
3.3301473
3.2223105
3.1543376
2.7527001
2.6781626
5.4359775
6.1809173
3.7622766
6.8911333
4.4675279
6.9733911
2.6668789
4.3695774
4.8536119
4.6486521
4.7545943
4.1652899
4.0780349
4.4112296
4.8733864
3.4748604
4.8485360
4.1836023
5.9630761
8.2574158
4.0674381
3.5385976
3.5038941
4.6587386
4.3262434
5.5848923
5.7782183
2.4905655
3.3046927
3.5914245
2.0942488
2.7025251
1.9323056
2.7932205
2.0598900
3.7637737
2.5399253
2.4506717
4.1367865
3.2776246
2.5462134
3.9101083
2.1690695
3.0720794
1.5997512
1.6534449
1.6344483
1.7485123
1.7236948
1.6025726
2.1868720
1.6796628
2.4002893
2.2089441
3.0223405
2.6938207
2.6801808
2.1688333
1.9781408
3.5854316
2.0218427
1.9043262
2.2780530
2.3034797
3.9066982
3.4219382
3.2062495
3.9340279
5.4589257
4.0645032
3.8970039
5.4531474
2.6927118
2.6962206
3.6436174
2.7648742
1.9024069
3.1235459
2.7210388
2.0066979
1.9868637
2.1508968
2.0698195
2.0443399
2.0975032
2.9058707
1.9846141
2.9730299
2.0408354
2.0819323
2.2065909
2.6338117
2.2433643
2.0720227
3.0369408
3.5488632
2.3878083
2.6632643
2.9682882
2.1547341
2.2170396
3.1306179
14.1243954
2.3293629
2.1492369
3.1574118
5.4107647
3.3596432
1.9858021
2.1171041
2.1105244
2.1995811
3.6127150
2.7063751
2.4987881
3.5850136
3.5667365
2.7844901
2.8379819
2.1803126
2.7968872
2.5610778
2.1710057
2.1927607
2.2595308
2.2327471
2.1997578
2.3603058
2.2332668
2.4637959
2.8108482
2.0162597
4.4242392
4.4348202
3.1728575
2.5031857
4.4488301
2.2691824
4.8914108
2.3349056
2.0743692
2.7944613
4.4718919
3.6056185
2.2243607
3.1675851
3.5897098
2.9102185
2.8430808
2.8652940
2.4296181
2.8791764
2.4557495
2.0172098
2.9702895
2.2238023
2.2890303
2.2289996
2.5526006
2.5393035
2.4956706
2.9603813
2.4283938
2.3134265
3.2179656
2.1239135
2.9323602
2.4006083
3.7267025
3.4572771
4.1412807
3.2159433
2.1278062
2.2782207
2.5499535
2.2732031
2.6103406
3.9344451
2.9434581
3.2600918
2.6135647
2.6341648
3.6855364
2.9427679
2.1566806
2.8870142
2.2020357
2.7676537
2.3458986
2.3174524
2.5600350
2.7747283
2.9412236
2.8903050
2.4637671
2.2659874
2.4527314
2.2868011
2.4007862
2.3781075
2.0773985
2.2458544
2.3727579
2.6209986
2.3031075
2.5226912
2.4940758
2.1920857
2.9021225
2.5458000
2.0671170
2.2291820
2.3801093
2.1807272
2.7341387
2.4375572
2.4846368
2.0543067
2.9737773
2.5237017
2.5293758
2.7301905
2.3386216
2.5538249
2.5134578
2.8126981
2.8174810
2.1526456
2.9290304
2.1969757
2.3881199
2.0968564
2.0609877
2.1573563
3.2735579
2.0567827
2.1061025
2.5666213
2.0147798
1.9274271
2.3556149
2.6119666
2.1807005
2.7620492
2.3965676
2.6854718
3.3440752
2.6587915
2.4634130
2.8245306
2.6150613
3.1064889
2.5710657
2.7654679
2.6952181
3.1593029
2.6309175
2.5953133
2.1031415
1.9288132
2.3392451
1.8897136
2.4344933
2.6262259
1.7152215
1.6039782
2.8105934
3.4937601
3.3198228
2.6136243
2.7670269
2.4738910
3.3968220
2.1278563
2.6002240
2.9301336
3.8244984
2.4621410
3.6699603
2.8998170
2.2672532
1.9633859
2.9202409
3.3161690
2.9061644
3.3006449
2.5955009
1.7977066
2.0446966
2.4077814
4.2328157
1.4299293
3.7433112
2.4202816
4.7156024
1.4133309
3.3839719
4.5874605
5.2524042
3.1437619
2.7816212
2.1844404
2.9611886
5.3048553
2.1837285
1.3703157
2.2257431
2.8429804
2.0070088
1.4027252
1.6403854
2.7997551
3.0274224
3.9708538
1.4833453
2.8346193
5.0386062
2.4386451
2.3187397
3.2692859
2.8594446
3.4638360
3.3071253
1.9007661
2.7837310
1.6447725
1.9935943
1.2687758
1.5278546
1.1952049
1.6133846
1.1957723
1.1810797
1.3130894
1.1687744
1.8398770
1.1904464
1.2477459
1.1945591
2.1322732
1.9156102
1.5516073
1.2344851
1.3062333
1.2097049
1.8035754
1.0393497
1.0847932
1.0298140
1.6625389
2.8092885
1.0148633
1.1717393
1.4598213
1.5506836
1.5268805
1.0707474
1.5051889
1.3835677
2.3459849
1.5721478
1.4778178
3.5362568
1.4749224
1.2250395
1.1883355
1.2135004
1.5594157
1.5276809
1.8768271
2.2598031
2.5748529
1.9418738
2.8941829
1.4399955
2.8698714
2.2255995
1.9821427
1.9967105
1.7401255
3.1866136
1.8617780
3.2222202
1.1220073
1.7767630
2.7265632
2.7072546
1.8782758
4.2670636
3.1524482
3.9293444
1.5752661
3.1764698
1.9593931
2.5337079
1.8353356
1.6112829
1.0852176
2.5415144
1.9141743
1.4417461
1.7868046
2.8003900
1.0667435
2.6974804
1.4719092
1.1990864
2.4466894
2.6939228
2.8388970
1.4346259
1.9237279
2.2216105
1.7537696
1.2874109
1.8894484
1.7428172
2.1687737
1.5315287
1.8935418
2.6524451
3.2856731
2.1080902
3.1952193
2.8353300
2.4505899
2.2446637
1.6972679
2.7330751
2.1387587
3.1894150
1.6540090
2.2070298
2.1117857
2.1101952
1.6867208
1.3936790
2.5538638
2.1268795
3.2268603
2.1859319
2.3251023
2.1645153
1.7687517
0.7949716
2.1536283
1.8151512
1.2497832
0.9896479
1.2380618
1.2513824
1.6295522
1.5410268
1.0182263
2.0492899
1.3629503
1.8492684
1.6077445
1.2909598
1.9100287
1.4524060
1.4595649
2.6207864
1.4957485
1.9904332
1.4561917
1.7749004
1.3991395
3.4428301
1.5046111
1.3753819
1.6914901
2.7594824
2.0460236
2.4263067
1.7538147
1.7474761
1.1247708
2.7451825
2.2352231
2.4167080
2.4161961
2.0648861
0.9697341
1.0973008
2.7510321
1.2176086
2.4071293
1.4924171
3.8183250
1.7894330
3.5441444
3.8245194
2.6919351
2.8722100
1.7653453
1.6291008
2.1070395
2.2158508
2.2262075
1.7865291
1.6365659
2.1032813
2.4409046
1.3579409
1.3839082
2.1076794
2.0511374
1.1853646
1.0241523
0.7848929
0.7649764
1.6356210
2.6983049
1.6262629
0.7290850
1.4054208
1.1834410
1.3521938
1.1804050
1.3284805
1.1496578
1.1579654
2.1774096
1.6505473
1.1532935
1.5985445
2.2573900
1.6423130
2.5964119
1.6299993
1.4400693
2.1177967
1.8316741
2.1044190
2.7303777
2.6983979
2.0823011
2.2443619
2.9042640
2.0856860
3.0630722
2.9087770
1.2877833
1.3827133
1.7853774
1.0806956
2.0605044
1.6877034
1.9071522
1.5881499
1.7525687
2.0210948
1.4540045
1.6808165
1.7577807
2.1980436
1.7593108
2.5611522
3.2947333
1.7592400
3.5450125
1.5886552
2.0597610
0.7363974
1.5874110
2.5619166
2.0604188
2.1488507
1.3044136
1.1212746
1.1172020
1.5821205
1.2417703
0.7266822
1.7150292
0.5146211
1.1316091
1.5946285
0.6661705
0.7688754
1.3692715
1.1253064
1.3045759
0.6352369
0.9810365
1.1554273
1.1242055
1.1627457
0.6435969
1.6455147
0.7074594
1.1319776
1.1401085
1.8139138
1.6367453
2.4261806
1.7481526
2.4296331
1.1563584
2.2163706
3.0770247
2.1090844
2.0067246
2.7361734
3.1018322
2.6918204
3.1246467
2.2711422
2.7130489
2.2642395
1.2895018
2.1543880
3.2987874
1.4951922
2.2518716
2.4822898
2.4717393
2.1321838
2.4478164
3.4876993
3.1810684
2.4385862
2.4894464
2.4389961
2.8578610
3.0531638
2.3285208
2.4048562
2.7065225
2.8383570
1.9872594
2.6587362
2.6808949
2.9507425
2.3338134
2.2808225
3.5396414
2.3582642
2.9467726
2.3597734
3.2134314
1.9753042
2.5407753
2.6426680
3.2523186
3.8764217
2.5269802
2.6666141
3.6270051
3.6354048
4.1711745
3.2747424
3.3740442
3.4128106
2.9563165
3.6260176
3.2247689
4.1945844
3.8408356
3.1526058
4.2855873
3.3961115
2.7816494
4.0432534
3.6044123
3.8428638
3.1901667
3.8261261
3.8680856
4.0515738
3.5005205
3.8864691
3.6933296
3.2018263
3.8242755
3.8894827
2.8466253
3.3873193
4.0897827
4.2829823
4.7039175
4.0299382
4.5682545
3.3574109
4.0370364
2.7799227
3.8445165
2.8552744
4.0491886
4.5443106
3.2407954
3.2571547
4.0393405
3.6498406
4.2374349
3.4367433
3.9152501
4.3290706
4.3795228
3.9467046
4.3003416
3.9202332
4.3526912
2.8863788
3.4047294
4.1066790
3.9339907
3.2301142
3.2251160
3.2398694
3.6432290
3.9391522
4.2681460
4.5146899
4.7578459
4.3530922
3.6839709
3.7859445
3.9695156
4.3969841
3.7174442
4.5476322
3.6978996
4.3540578
3.6788590
4.4475303
3.7574000
4.1766958
4.2971544
4.1798415
18.7740726
6.0453086
3.9854212
5.2677612
3.0286644
4.4648895
4.3636751
4.0353031
3.8996890
4.2891984
3.3630471
3.4494896
3.3766723
3.7486286
4.8473201
3.0347354
2.8999088
3.3973927
2.4070814
2.9600766
2.4097686
2.6968133
2.1296377
2.1037829
2.2483954
2.5543103
2.7277586
3.0689979
2.3123693
2.2654114
2.8890378
2.8535764
2.6719151
3.1303859
2.1425731
3.1921487
2.8272257
2.3210425
3.0069356
2.4123693
3.4526904
2.3602054
2.8645644
2.6498291
2.3819480
3.2783287
3.0795820
3.0362344
3.2907276
2.7619603
3.7042358
3.9354534
4.1207442
4.3413906
3.6812391
4.5426412
4.4136600
4.3195748
4.5169306
4.7689252
5.2783427
5.1404009
6.0150023
5.3444047
6.0014687
6.8629980
6.6901670
7.8098059
7.7984281
7.9946003
8.3647785
7.9368353
7.2675800
8.4495764
8.8178663
14.9296141
9.9263401
7.5481977
6.5054970
7.3890691
6.4879904
8.0595999
8.3120050
8.2223434
5.0765748
7.7005224
5.0799999
6.6159520
5.1709867
5.3753982
6.5447884
4.3760757
3.3883870
4.1283250
4.2683659
3.9968913
4.1007800
3.2277339
3.5580194
3.5949752
3.3494816
3.6634998
3.7077084
3.5639970
3.5833673
4.3254805
3.8897109
4.8574529
4.4535127
4.0518603
4.3872042
3.3502488
4.7561746
4.3352242
4.2028470
3.5599971
3.0865746
3.3729444
3.7006273
5.1889925
4.8400898
3.6876426
4.3943462
3.5078833
4.2722373
3.4632082
3.6983795
3.7709086
3.6765103
4.2372904
4.0590782
4.6740332
3.9857507
3.9039600
3.1954262
4.2536139
4.6408105
4.0360394
3.6499283
3.5026195
3.5190783
3.3657153
3.7576017
3.4733450
3.7845163
3.3138897
3.3948464
3.6780992
4.1628957
3.5678699
4.5050349
3.4011090
3.6711981
3.3834319
3.3390210
3.2172520
3.2812097
3.0291598
3.0550983
3.3138304
3.6283085
3.1805763
3.2643344
3.1438575
3.4418678
3.2930117
3.6138115
3.3056793
2.9687011
3.8394134
3.0094531
3.0512581
3.2760825
3.5643682
3.0744581
3.1623180
3.0564032
3.0743990
3.0909746
3.0004444
2.8320968
2.7831063
2.7333763
3.0127351
3.1198802
3.4482436
2.9268901
3.5488019
2.9969797
2.8526227
2.9413714
2.8232539
2.8855550
3.9179943
3.0831308
2.9384108
3.3924258
3.1014595
3.2098627
3.3445497
2.9847105
3.1815453
3.3744147
3.0371418
3.0609760
3.0410817
5.3304286
3.6854749
3.4154513
2.8095176
3.2953689
3.1377947
3.4506762
2.9700696
2.9373016
3.3996398
2.9737513
4.2635117
3.0909176
4.8082824
4.1843762
3.0991702
3.0099697
2.9900191
2.8267829
3.4467411
3.3927073
3.1084397
6.8586488
4.2672596
4.9469690
3.6809881
3.7874620
4.0648322
5.4377632
4.5983963
3.4848087
4.1025381
5.1651187
5.6674776
5.3689561
5.6651220
3.1608891
4.6882091
2.9211757
3.8350980
4.5975995
3.5930085
3.1367998
3.0822051
3.2799692
4.3006907
4.4544392
3.4064622
3.3858306
4.8648405
3.3008702
3.7572803
3.8993590
3.2429717
5.1669674
3.9399467
3.5614231
3.6692462
3.3558936
3.8496530
3.6210241
3.4859924
4.5917382
4.2198510
3.3674483
3.5154226
3.4905970
4.8926005
4.0211892
4.4102554
3.4212811
3.5717883
3.5780241
3.6055937
3.9305444
3.6101313
4.0778437
3.6323709
6.1107354
4.3224797
3.5197659
3.7572281
3.9146032
3.5604291
3.9625237
3.7088661
3.6042106
3.5566559
4.7138853
3.7159894
4.8631573
5.2692661
4.5348101
3.9566867
3.5932093
4.0152340
5.2994571
5.0790324
4.8430538
4.1920800
4.9220028
6.4405208
3.7161155
3.9994791
5.3398638
4.2979875
3.7616146
6.2192068
6.1191969
4.6437206
3.6813028
6.7244682
3.8580260
4.5662575
5.7634234
3.9869447
3.6852653
3.6571703
3.5330839
3.9085073
3.7182548
5.3938885
4.2398982
5.1626272
4.1470928
3.6064117
4.5723367
5.9345303
3.9246292
7.3668251
6.2813425
3.6488180
3.6938910
3.5817828
4.9579597
4.5689392
3.7331371
5.4597306
5.8675194
4.0294085
5.5621476
3.5663500
3.6016407
3.6263747
3.8818915
3.5853026
3.4847651
4.6889615
4.9507051
3.5663066
3.8804688
4.3923931
5.7132940
3.8482265
5.6667161
3.7570662
5.4147077
3.6396899
3.7734218
3.6007035
3.7551558
3.6956377
3.8842869
3.7552798
4.0697436
4.8321481
5.0412078
3.7862966
4.8398857
5.4827247
4.7265229
5.4048686
6.8989611
6.7155604
4.1328430
5.1493244
5.1121631
6.1965542
5.1105695
5.3866315
5.3445029
4.7491093
3.9667008
3.6474502
12.7514009
3.7781882
7.9628553
6.2650614
5.0665822
4.1570816
8.1684341
5.3028774
3.9120452
4.0516806
3.8678732
3.9209034
3.7077200
4.0216212
3.8146729
3.6653743
3.9184256
4.1995902
3.6406341
3.6510706
3.7684989
3.5335073
3.6856754
3.6657465
3.7454500
3.6281788
3.6688082
3.8353724
3.6668611
3.6302960
3.5789404
3.8060114
3.9834795
3.7946231
3.8637006
4.2617712
3.9088597
4.1614709
4.3379493
3.8740938
5.4225416
3.7441282
3.6937261
3.9569128
3.9789071
3.8988302
3.7231462
3.7361362
3.5507975
3.6773398
3.6417100
3.6774700
3.6768651
3.7252703
3.9052866
4.1247406
3.7169101
3.9519458
3.7509725
3.9289479
3.5594039
3.6287363
3.5900774
3.8157613
4.1064887
4.2507496
3.6991403
4.3225665
3.6237183
3.6587698
3.6742723
3.9625773
3.5925064
3.5888669
3.8643007
3.7137361
3.7142389
3.6625614
3.6509247
3.6331568
3.6384115
3.5937936
3.6002684
3.6406879
3.7056155
3.6328170
3.6410012
3.6302869
3.5950489
3.5437255
3.5919917
3.6156104
3.5757492
3.6039367
3.7624214
3.6650324
3.7232370
3.7905986
3.6661372
3.6747661
3.7244842
4.1914101
3.7757075
3.6943364
3.5672514
3.5557411
3.5833547
3.6813586
3.6277621
3.7574480
3.6789906
3.8922074
3.6415527
3.6707249
3.6856966
3.6121922
3.8385050
3.9892528
3.6862288
3.6682916
3.8353078
3.5610454
3.8463945
3.5778871
3.5318329
3.5900140
3.6665955
3.5865128
3.5874033
3.9230356
3.5735152
3.9758635
3.6663356
3.6235397
3.7291224
3.9575374
3.9103909
3.6727433
3.6604192
3.6432283
3.6136439
3.6763909
3.6705382
3.6931505
3.7440538
3.6596844
3.5840628
3.6972566
3.5524826
3.5684490
3.5751762
3.6740866
3.5978370
3.6243026
3.6304486
3.8361175
3.6697037
3.7046211
3.6314170
3.7761822
3.6055090
3.5425284
3.6310496
3.8370488
3.6225419
3.5893192
3.6526344
3.7414105
3.6153316
3.6208286
3.5934780
3.6402168
3.7714469
3.7839429
3.7521336
4.0084662
4.0320106
4.2199497
4.0453506
4.3331852
4.0038066
3.8053923
3.8039219
4.0292997
3.6350448
4.0506177
3.6922188
3.8181109
4.0131021
3.8779788
3.8175607
3.9899609
4.2761693
4.0724254
3.8425257
3.9241970
4.5114427
4.1377425
3.9858389
3.8510721
3.9335415
4.1399250
3.9885495
4.1099534
3.8330655
3.6899672
3.9009464
3.8336217
3.8403394
3.8324161
3.6524446
3.6813056
3.6721449
3.7522717
3.7833006
4.1399608
3.9610407
3.8649011
4.0147414
3.8848424
3.8428674
3.7532845
3.9019263
4.3821120
3.9945817
4.2682810
4.0449853
3.6799328
4.2784863
3.7275085
4.2971325
4.1204476
3.9334941
3.9301836
3.9253161
3.8908408
4.3725829
4.4184194
3.8276169
3.9680789
3.8354008
3.7880886
3.7891421
3.7206521
3.7327325
3.7368629
3.8517056
3.6918821
3.7144420
3.6689210
3.6590376
3.7084720
4.0362983
4.0345082
3.8377776
4.7311850
3.8663244
4.0299582
4.0096636
3.9056699
4.6554627
4.0399556
4.1992197
4.4466224
4.4713616
4.0542941
4.0636320
4.6818094
4.3355479
4.5307345
4.6696930
4.2064209
4.7402787
4.0555258
4.0283475
4.5784521
4.3449602
4.2075124
3.9845979
4.2441163
4.2497163
4.1937809
3.8739865
4.2235508
4.9379320
4.2868094
4.6851344
5.5841403
3.9702926
3.8031931
4.6313372
4.1222920
4.3342953
3.9886634
3.9351523
3.7615662
4.2472548
3.7757776
3.9605422
3.7151091
3.9724717
3.8569679
3.6193070
3.6472032
3.7833982
3.6037517
3.6670854
4.0751343
3.9972074
4.3936992
3.8772840
3.8544662
4.0691848
4.1231775
4.0657244
4.3934636
4.4146934
3.7386358
4.1715617
3.7814269
4.0489216
3.8827763
3.8035634
3.8611004
3.7191408
4.2198629
3.7357953
3.9585943
3.9364588
3.7352674
3.8340745
3.8258452
3.9795599
3.7085261
3.7872560
3.8786514
3.7101593
3.9842603
4.0158095
4.3013039
4.1811728
3.8082891
4.4653134
3.7439713
4.4811926
4.1850443
3.8363085
4.0161157
3.7704132
3.9904184
3.8112686
3.9686468
3.9181223
4.1914001
3.9816799
4.0620251
4.3611565
4.5899758
4.1879201
3.8114228
4.2472663
3.7428977
3.7341282
4.7627082
4.0031304
3.9791980
3.9902153
4.1867404
3.7844076
3.8055401
3.9574723
4.4502268
4.1649852
3.9857204
4.0226102
4.1629281
4.2097735
3.8618534
3.8301227
3.7798891
4.1804314
4.0220528
4.1897511
4.0179424
4.0534744
3.7720301
3.7793775
4.6734324
4.0948749
4.4193912
4.6380363
4.4014964
4.2700238
4.2050748
3.8116708
3.8467457
3.9205618
4.1636949
3.7595756
3.8118951
4.7769251
3.8543937
4.1539636
4.0341396
4.4561172
3.9297369
3.7815077
4.0210361
3.7765746
3.8039229
4.2079468
4.4017224
3.7980397
4.9444671
4.5196137
3.9610927
4.1888709
4.1173687
4.3821111
5.1331654
3.9860773
3.9672880
4.9658961
4.2161050
4.7869711
4.7417736
4.6430602
4.1189160
4.2903605
5.6731238
4.3396254
4.8072181
4.2013540
3.8293002
3.8592741
3.9637764
4.0891838
3.8490925
3.9343736
4.0256538
3.9128385
3.9125221
3.7523670
3.8674562
3.7895007
3.8232892
3.9100049
3.8384502
4.0551233
3.9139936
4.0693288
4.0953970
3.8196406
4.0341959
4.6009736
3.8981125
4.0845776
4.0354805
4.2427411
4.2432642
4.0888786
3.8878751
3.8606255
4.0432253
4.6104789
3.8891218
4.5853810
3.8674445
4.9859366
4.5050430
4.0493736
4.3471513
4.0426836
4.1788201
3.8965983
3.7651620
3.9370010
4.4109340
4.0317101
3.8109834
3.7903478
4.0179014
4.4210038
4.1726279
4.2375431
4.1661787
3.8152912
3.9307373
3.9361925
3.6972458
3.8096628
3.8000965
3.7439809
4.1298289
3.8762605
4.6080041
4.1843085
4.4668808
4.6810365
5.0347137
4.0698056
4.5621777
3.8994505
4.1322670
4.2664275
4.4154658
4.1947274
3.9224937
3.9205954
3.8671253
3.8141892
3.8480992
3.8407323
3.7160442
4.2508988
4.1553087
3.9218090
4.2397251
4.1017385
4.3348255
3.8809266
3.8585777
4.2034397
4.2728596
3.8697810
4.2758279
4.0303602
4.2972651
3.9000106
3.8271382
4.1468487
4.4862056
4.0837774
4.3420048
4.0238914
3.9417779
3.7815821
4.5316057
4.1239538
4.2529802
4.1090469
4.2208910
4.1037316
4.3563724
4.0442376
4.3151975
4.0688977
3.8834403
4.0489039
4.0414877
4.0806775
4.1561980
4.0921907
4.0071211
3.7262259
4.1919794
3.9832318
5.7102771
5.5433412
4.7129869
4.4305220
4.2364640
3.9422743
3.9063463
4.0332799
5.2481780
4.1388531
6.5354280
6.1803894
4.2019143
6.4805312
5.5361962
4.2456031
4.1572919
5.3727741
5.1059046
5.3379397
4.2584491
4.9557033
4.5932622
3.8699026
5.0424700
3.8145204
3.7494676
4.3273611
4.3585329
4.6498098
3.9037113
4.6454773
4.2989249
4.0777283
4.6324840
3.9848709
3.8902934
4.0602283
3.8705447
4.5904408
3.9631455
3.8283713
3.6864583
3.7153854
3.7215757
4.0641775
3.7686696
3.9855106
4.0461879
3.8340402
4.1147280
3.6588290
4.0743694
3.6818242
3.7592711
4.0485711
3.7515187
3.9392440
3.7460868
5.3614988
3.6107767
3.6713524
3.7575672
4.2636609
3.9913471
3.6309960
3.9787688
4.4465809
4.2123647
4.0087943
4.6565433
4.1384339
3.8329694
3.8544724
4.0606604
3.5036371
3.5291517
3.8208928
4.3375297
3.7295158
3.5392959
3.6894650
3.7266066
3.8822603
3.7851741
3.8944175
3.9339583
3.9458082
3.9469516
3.6650479
3.6102228
4.3848915
3.6249068
3.7287583
3.5781121
3.8580482
4.2114120
3.5898657
4.0553346
3.9022374
3.7892323
3.8635130
3.7995248
4.2820630
4.0074773
3.8491290
4.8239932
3.7850714
3.8599677
4.2863474
3.9746573
3.9606879
3.9468825
3.9464040
3.8792543
4.0098033
4.3201890
3.7229223
4.2177043
4.2635193
4.1543026
4.2730031
4.4220743
3.8536963
4.9861574
4.3187346
4.4298377
4.8897605
4.4096279
4.0945935
4.1320529
4.4588003
4.4078717
3.8232706
4.6479859
3.9122648
4.0789175
4.3038425
4.1159935
4.4900084
4.2666268
4.5939927
4.8526554
4.5865979
4.5394635
4.5236425
4.1936264
4.8094287
4.5577812
4.2604432
4.1901965
4.1684337
3.7261269
4.4989376
3.9918056
3.9572453
4.2406387
3.9574354
4.4307027
4.4904203
4.3638301
4.4063344
4.5891185
4.8596087
4.6104326
4.3393703
4.3966303
4.1299210
4.6565762
4.3061600
4.9472222
4.3183265
4.5914836
4.2896962
4.5998745
4.7016978
4.2992396
4.6334248
4.0573564
5.0859332
4.6313372
5.1100092
4.3184667
4.5705905
4.3375354
4.6002088
5.2200313
4.5420837
5.2945881
4.5403824
4.6831021
5.7332115
5.7308807
4.8927040
4.9492455
5.7682467
4.9504681
4.9168262
5.3877263
5.4804206
5.1217504
5.2446332
5.6967793
5.3537779
5.7476974
5.2557855
5.7634311
5.2040854
5.3205647
5.8108559
5.6471181
5.3673429
5.3324857
4.8255429
5.2066774
6.2793450
5.7385035
5.5828815
5.8522601
6.0878940
5.6842265
5.3034554
5.3469906
4.9421563
5.1541505
5.1939802
5.5764079
5.5562396
6.4266138
5.8495793
5.5392613
5.5714369
6.1671977
4.9473853
6.0290003
5.7440915
5.9232850
6.1437812
6.1422777
8.0987186
7.0974164
5.7962012
8.1923018
7.7561421
7.6083765
8.6716013
6.9585147
6.6791682
7.1284013
7.6162696
6.4277349
6.6259747
6.9699578
8.2319221
8.6578207
8.3925486
8.8789883
8.0538702
8.3814754
9.3817568
6.9319925
7.3504395
7.6967945
8.4736595
8.9381399
7.8812828
7.5018563
8.3079662
6.8145547
7.8268414
6.8058414
9.0831327
7.0424004
8.0395584
7.4622922
6.4487123
7.0629854
5.3943071
6.6311741
4.8271823
4.6376867
4.1581130
4.2763290
4.2467155
6.0407572
5.2641659
6.4945545
5.4858599
7.1940112
5.9381967
6.3641171
5.5154209
8.3107615
8.0409040
5.7640681
6.0446186
5.6543088
5.6910362
5.9732060
2.8057821
5.9720540
13.5497055
3.3753738
13.0541296
24.2113895
5.2391272
3.7682862
7.1887627
6.8232613
6.3828473
7.2644730
7.0392842
7.6691179
7.7666240
7.9904804
7.1352015
7.5920296
8.9049959
7.6146445
8.1268911
9.0802727
7.8150668
8.4767017
9.8173075
9.1180449
7.7797494
7.5587659
7.1725497
7.8682003
7.3442736
8.7254696
7.6563144
7.0541930
7.6126685
7.4125957
6.9732461
7.7384911
7.2497063
7.0833621
7.1998625
7.1705866
6.1513166
7.0957189
6.5159054
6.7128778
5.9709439
5.4122915
4.9959588
4.8482609
5.1642828
6.5766463
5.6608000
4.6932125
5.0408678
5.9530487
4.4992127
6.3133273
4.6227179
4.7367506
6.2702365
5.2748260
4.5327168
4.9184155
4.7082319
5.1264091
4.9514031
5.2335515
5.8152223
6.2350039
5.6631069
4.5338492
4.7998862
4.7641144
5.5757041
5.2137203
7.6188035
7.4394140
7.6221037
6.8194075
8.6000042
6.3976569
7.5928445
6.4326944
5.6417708
5.9965582
7.3623948
7.2081852
8.0509148
6.9275236
6.4974723
7.2895103
7.9834170
6.3897099
6.3052697
6.5556936
4.8370004
6.1256518
5.7460427
6.3013721
5.6753612
4.8300095
4.8292971
5.2639761
5.6585798
5.2867112
5.1954012
4.8033171
4.5638065
4.3614044
5.4103141
5.1996675
4.6776199
4.7595568
5.3719735
4.6983805
4.8273821
4.7844338
4.4051976
4.4632077
5.5903506
4.9028888
5.0975833
4.9610438
5.7054701
5.1856828
6.1410089
5.0548067
5.6718030
4.6939726
4.6507220
5.6468592
5.5424423
5.4641943
4.4279709
5.2689624
5.5321288
6.0077653
4.8210716
5.3667412
6.7456579
6.2731032
5.3619328
5.0919533
5.3498497
5.1137328
4.7836218
5.0903888
4.6326160
4.5651507
5.1105442
5.0766282
5.0626264
5.1504192
4.6521688
4.0023928
5.6320548
4.3354464
4.5878468
5.1658654
4.2870989
5.2044396
4.6463361
5.1383801
4.7120242
5.6244974
4.3573298
4.2812576
5.0480533
4.3168402
4.7281537
4.4132361
5.4099655
4.6245146
4.6142387
4.9972129
5.3189301
4.6358285
4.8345680
4.6227746
5.0035591
5.6229782
5.6462173
5.0758371
5.0002832
5.0532331
4.2541165
5.1589551
4.9905667
5.0444899
4.9795127
4.3130431
4.6678138
4.8734303
5.3330231
4.3402796
4.7601357
4.5919962
4.9384985
4.8747492
4.8529058
4.9944019
5.0567679
5.0188217
6.5129685
5.9075661
5.1203709
4.9076014
4.2559118
4.2338762
4.5980806
4.5904756
5.0624285
4.7462211
5.7446651
5.3018050
4.4675007
6.1834664
5.0773168
5.3457403
5.1977515
6.0948172
5.7716141
5.0035806
4.3610945
4.2967463
5.0065427
4.2384672
4.6946230
4.4161530
4.2943683
5.0789495
5.0142727
4.2985530
4.7491817
4.8195038
4.5881543
5.5626597
5.3865480
5.4985309
4.8783689
5.7639675
6.0821004
4.9933596
5.1044269
4.6625438
5.3817177
5.4225721
5.1808009
4.9472413
5.6408138
7.1446972
4.8649478
5.0925808
5.5851250
5.7065158
4.9736447
5.9368191
5.3647685
5.4502831
5.3967133
6.5064745
5.9024463
6.1688671
4.3415174
4.9313116
4.9476538
5.4975667
5.8572721
5.4835930
4.9648647
5.8575168
4.9722252
5.3211026
5.3301592
5.3342924
5.4232688
5.3684773
6.1626554
6.3506351
4.9223957
5.0301375
4.9808059
5.2470126
5.7598243
5.6154613
5.9352589
5.3090858
5.7839332
5.8338666
6.0048099
5.5061269
4.9518261
4.5423632
5.5001121
5.4383602
5.3006873
5.3287573
5.4321742
5.3830795
5.3599682
7.0381832
6.3997674
5.1262755
4.9647641
5.5044317
5.4044766
5.7561498
6.0403194
5.8254819
7.9279099
5.7234006
7.1818123
5.6600566
6.4592762
6.4647007
6.1700320
5.3854818
7.8499026
5.4565659
5.8384380
5.9115005
6.7145653
5.3949337
9.1334782
6.7985377
6.9229841
5.7888699
5.3847303
5.5821781
5.5933485
5.8183217
4.9234023
5.8320193
6.3254800
6.7651520
5.7863536
6.8091283
5.9794269
7.3868408
6.9576025
5.8428531
6.3256807
6.9805427
6.3434691
6.7589545
7.4338899
6.2613382
6.2649450
6.3304987
6.2656069
6.2640843
6.8630252
6.7896247
6.3198195
6.3112950
6.7207556
7.3546052
6.8850121
5.8343945
6.7501931
6.6857700
6.7518563
6.5540614
6.3693438
5.8565927
6.3006573
5.8730741
5.8430247
5.8973742
6.0054111
6.0456448
6.2920103
5.4952555
5.3007560
5.4311185
4.7059894
5.7893143
5.4671178
6.2814679
6.3442645
5.5695853
6.1527963
5.5455990
5.2915411
5.9563622
5.9187808
5.4088712
5.6262860
5.5536056
5.5399218
5.9250197
5.2101421
6.0067301
6.0464969
5.4042377
5.3893509
5.2460098
5.9090648
5.6179752
5.5405102
5.9336424
5.9189615
4.7820082
6.3632727
5.6919794
5.3691211
5.1951790
4.8405180
5.5593014
5.1669126
4.8200369
4.9512663
4.5118861
4.9899983
4.8157449
5.0186844
4.9886527
4.8367257
5.4739637
5.4875007
5.6783209
5.7116003
5.3849468
5.8818054
5.1761866
6.1153350
5.9892373
5.6111112
5.7025061
5.9971871
6.1885333
6.2834783
5.5943398
4.9270864
6.0681605
6.4599018
5.6799903
5.3397350
6.0239396
5.8584204
5.9957857
5.2209115
4.9725513
4.8870311
5.8772140
5.5670452
5.6474452
5.7659159
5.5004621
4.8386927
5.5886321
5.9941387
6.0518575
4.8439269
5.5552974
4.8976493
4.8678041
5.5745821
4.5596895
5.5769506
5.7406130
5.5210061
6.0496750
5.5937381
5.6001034
5.2868743
5.2333784
5.5244036
5.3144321
5.1658440
5.3382087
5.4844503
5.9718084
5.5977535
4.8678317
5.7197170
5.3151217
4.8988500
5.2365141
5.3289175
5.2936673
5.3441763
5.7093287
6.1793394
5.2181053
6.8470278
5.3359828
5.7925887
6.0401249
5.2145629
5.5241938
5.2674155
6.2930593
4.8523960
6.7027087
6.0165343
5.4228082
5.4446135
5.3315983
6.2310939
6.0765214
5.6187449
5.0240722
5.5861206
5.5496902
5.2257857
4.5111799
6.0382900
6.0509577
4.8243332
5.6717548
5.5564599
5.5899549
5.6446171
6.0201292
6.0060334
5.9794912
5.6877313
4.8477392
5.9807482
5.5712643
6.0605006
5.5527673
5.2454453
5.2268219
5.2747035
4.8491607
5.1948009
4.5946774
4.5011158
5.2010741
5.9570727
5.1782584
4.8095779
4.4548292
4.9760637
4.4366040
4.6155529
4.2386556
4.5119138
4.5332122
4.0034852
4.9227185
5.6571007
5.1932011
5.1798210
4.5049458
4.5913987
5.2011132
4.8171349
5.2539802
5.1703858
4.4757004
4.8194766
5.2082057
4.4803276
4.8148603
4.8449202
4.8293982
4.2216163
4.1460261
4.8807039
5.2302046
4.0364032
4.3108559
4.2553749
4.8838792
4.3991742
4.8889217
4.5626068
4.5621200
4.2660441
4.2862220
4.8617592
4.1313410
4.2432947
4.5214720
4.0829363
4.5706139
3.9548826
4.2320328
4.2920461
3.8491259
4.5090857
4.2630057
4.8475356
4.5139260
4.2161112
4.5257196
4.2043552
4.0136242
4.5152707
4.2462378
3.8460591
4.2035336
4.0148172
4.2045345
3.9467938
3.9738898
4.2315788
4.5748286
4.2765150
4.2603040
4.5545712
4.5754838
4.0164232
4.5615859
4.5692396
4.5940967
4.3660412
4.2661338
3.9107776
3.9734015
4.5404897
4.5349841
4.3819485
3.9740138
4.3212128
4.2686172
4.1150522
3.8853438
4.1333981
4.2255559
3.9254196
4.3086782
4.3746514
4.3409138
4.5984282
4.6316786
4.6137719
4.6431766
4.3131647
3.8754151
4.3177924
4.3397832
4.0653658
4.6190162
4.0504889
4.6114254
4.3913102
4.3727961
3.9130814
4.4017029
4.4599719
4.6876731
4.1318207
5.4692430
4.6731157
4.9925265
4.3620110
4.5034432
4.6870303
3.9082668
3.8974195
3.8007710
4.6664028
4.3967032
4.0901470
4.6971006
5.0377345
4.3564291
4.6958666
4.1682224
4.6909385
4.4208875
4.3965693
4.7711773
4.0905380
4.2198315
4.7503138
5.8078980
5.3924127
4.3811355
5.0194573
5.0442386
4.7066031
4.3370323
5.0950937
4.7475681
5.0509672
4.8173990
4.5072131
5.1377926
4.5882196
4.8554220
4.8418717
4.9131465
4.8632846
5.1299796
5.0552359
4.7713652
4.7888737
4.4804707
4.7566738
4.7388520
4.7135754
5.4284778
4.7670093
5.1092172
5.2004881
4.8151588
4.7310619
4.5793819
4.8467245
5.4509215
4.8601341
4.5492182
5.1160827
5.8227544
5.1115150
4.7783775
5.4389644
4.5812917
5.4508753
4.7814398
4.5240974
4.8008947
4.2698460
4.9044752
4.8419485
4.5896301
4.1279802
4.5103159
4.3251481
4.6140790
3.8592327
4.0781283
4.2753248
4.6301074
4.1776261
4.1112037
4.7850742
4.2567205
4.2719769
4.5085135
5.8535457
5.8320637
5.4935036
5.1510062
5.8736043
5.8910699
5.2075253
5.5509429
5.5718050
5.5546694
5.5860744
4.7889676
5.2115293
4.9194641
4.8592253
4.7432733
4.4918375
5.5830779
5.5496135
5.9065928
4.9076333
5.5822568
5.5702887
5.0967121
5.5110512
5.1561656
5.1428151
4.1875324
5.1263800
5.3237967
4.3306870
4.4644842
4.5116234
4.5371375
5.9218826
15.6850557
9.9181013
4.7998581
4.9943218
4.7262063
4.9049368
4.6674771
5.2719312
5.9296093
5.2055016
5.5733185
5.9377270
6.2979736
5.9033165
6.7440763
5.1299911
5.9829035
6.7399011
5.4975357
6.3799028
6.2103634
5.9493361
5.9505858
5.5976186
6.4273319
5.8944392
5.9823284
6.3086510
6.8980460
7.8090677
6.4035878
5.8605862
7.1397390
5.8383236
5.0854650
5.9514723
6.2710156
6.7040505
6.2699995
6.2652516
6.2681284
5.9711733
4.8568835
4.7716365
5.8605494
4.7437811
4.4682899
5.1753917
4.7836046
4.2786417
4.7601399
4.5136161
4.7824440
4.7474027
4.4512033
5.1161752
4.7562332
5.4286857
4.7388601
5.8361087
4.7427235
4.1274471
4.8043842
4.4510269
4.1335278
3.8069322
4.3898721
4.7556629
4.7043977
3.8685517
4.3972788
4.6865783
5.3917832
4.6804996
4.6763697
4.7697005
4.7262273
4.4083624
4.2449231
4.3680520
4.4463768
5.4007902
4.2242799
4.7160373
4.1463313
3.9201744
4.4662676
4.2070799
3.8901451
4.2670445
4.2830439
4.2628407
4.2445030
4.0140128
4.4152398
4.0936470
4.4022775
3.8920295
4.5817070
4.7790027
4.6872768
4.3930116
4.1863999
3.9392674
4.2360358
4.0425377
4.3202357
4.1675186
4.0717158
5.3936625
6.2159696
5.8052883
5.4119625
5.3973246
5.0686655
5.8074422
6.1948333
5.8225541
6.6198573
5.7800207
6.2024961
6.2725720
6.2160945
6.2894020
6.7306485
5.4798326
6.2619696
5.8505025
5.4543509
6.0668802
4.8957925
5.5786061
5.8889089
5.8804269
5.4659104
6.3135400
5.8157878
5.8512626
5.4733753
5.0924721
5.4667468
5.1467643
5.4583220
4.7046628
5.0638971
5.0765991
4.4576011
5.0587277
4.7341995
4.5103216
5.1121387
4.3446641
4.7792540
5.0915174
5.0601177
4.7829165
4.5209775
5.0888896
4.7993674
6.6906800
5.1241488
4.7691317
4.7901216
4.7908311
4.8407679
5.1326771
4.7604566
5.1317372
4.7189779
4.6492739
5.3723598
4.5152707
5.0254388
5.7926817
6.1590533
5.3589268
5.3602991
6.1874628
5.7961531
5.3427424
5.8029647
5.8269501
4.6214142
7.1496935
5.7611527
5.7156239
5.3414202
7.5993176
6.6691618
5.7134280
5.6882205
6.6335430
5.6653247
5.3041940
5.3268843
5.2673817
4.1941099
4.5052991
5.6947298
4.8589921
3.9265277
3.5508032
6.1154132
5.2367392
5.7249761
5.6573396
4.9022775
5.2546086
4.1694527
4.4840918
3.5309675
5.6103158
5.1876202
5.1297112
6.5678468
5.1135645
6.0164285
5.6157656
5.1779928
3.7426505
4.3789372
3.7575836
5.1509075
6.0992212
4.0355287
4.4003682
5.9905286
4.4206862
4.7922707
5.1509557
4.7230115
4.7929010
3.9727664
4.7154961
3.4244411
3.3990424
3.6784399
3.7472534
3.6962111
3.7264535
3.1811149
3.4319780
3.1130757
3.3155432
3.1289258
3.1711845
3.0763750
3.0824471
3.4696355
3.2416430
3.0641885
3.3194637
3.3706493
3.1704872
4.5452509
3.1602745
3.2080896
3.2651629
3.2467260
3.4825227
3.1909111
3.4071600
3.2071526
3.1420326
3.3158362
3.9758027
3.2716770
3.3211827
3.2037420
3.2183948
3.3656340
3.3300817
3.5501590
3.6095576
3.1158416
3.0939512
3.3019629
3.5283625
3.0832500
3.0077126
2.9510686
3.3070710
3.0884812
3.1413546
2.9747629
3.1140671
3.1239593
3.0875642
3.2039096
3.2215803
3.0491858
2.9621646
2.9368503
3.0597460
5.7587790
2.8424988
3.2637248
2.9990766
3.1991482
2.9294183
3.0504041
2.9139006
2.9099002
2.9804132
3.0513749
3.2947605
3.5998659
3.2352591
3.4424345
3.8009269
5.9344392
3.4715149
3.4098802
3.3325181
2.9468253
3.9436498
3.7114341
3.3812363
4.9828658
2.9649794
3.9231060
3.3231399
4.7651305
3.3738456
3.5025334
4.2767344
2.9581239
2.9998498
3.3314333
4.8505063
4.0536118
3.3710754
4.9443955
3.1915488
4.9219165
4.0343962
3.3376856
4.8028026
3.1984239
4.7439685
4.4587474
4.8132300
3.3903704
4.7724147
3.3031456
4.0031052
4.0693564
3.2915025
4.0383105
3.3380990
3.3429084
3.6700149
4.3256102
3.5978751
3.3120017
3.8862429
4.3415856
3.6246748
4.3235908
3.5955992
3.9993589
3.6382945
4.7665391
4.3622270
4.3252506
4.0097399
3.7206206
2.9804649
3.3369644
4.4376245
3.9381263
3.9465744
4.7937160
4.7140489
3.9350276
4.2981653
3.1510298
3.6072209
4.3149848
3.6367002
3.9144001
3.6022573
7.1060286
5.1967726
5.5534825
5.5302477
4.2716918
6.5711355
5.5882878
5.1361566
4.3503232
3.9578729
5.1260242
4.3219156
5.2281170
4.8763986
6.0125690
5.0766325
6.4801931
5.2691932
7.0203090
7.1148596
6.0714869
5.7063041
6.1200066
6.2217407
5.3494096
4.4197249
6.1326265
4.8670382
4.9277358
4.4110575
4.7632074
4.7669082
4.3635268
4.1752357
4.3911939
3.9110601
4.3601432
4.3663921
3.3939784
3.5811050
3.9126172
4.2394376
5.6061921
4.3198586
4.7232976
5.2099667
5.0211611
5.1366773
4.4293118
4.3905530
4.0185094
4.7789760
5.1389198
4.0599170
4.3493228
4.3204131
3.3524144
4.3650579
6.4637141
4.7012939
3.1702106
3.6198275
3.0529487
3.9333367
3.9263673
4.6606436
5.9179883
3.1338685
3.6903298
4.3655019
4.3826776
4.4603515
3.6960588
5.5890965
6.1139412
4.7168293
5.2307897
5.5596881
4.7065649
5.1123652
3.9981344
3.7228332
3.9854665
4.8122444
3.0623217
3.6879365
4.0690050
3.9636819
4.0006814
3.9669268
3.2254465
3.4107885
5.6276336
3.6501620
3.3959808
3.1514406
3.0704255
3.0732975
4.0475159
3.0826051
3.1874259
4.4412928
4.3280702
3.4376378
3.0248451
3.1934023
5.4846864
2.9882038
3.1757562
4.7687883
2.9866412
3.0287690
6.0002007
2.9899411
3.0181565
4.6011262
4.6239243
5.8834987
3.8697879
5.4894085
3.8577774
5.1287723
3.5716221
4.6218743
4.7030983
3.3759642
4.2216921
4.5642180
5.9689994
3.8335769
4.5961509
3.9475536
4.1773372
3.8462212
5.0370011
6.4199090
6.9516306
5.9797688
4.5738144
4.2132215
5.1134419
5.0602322
4.5891018
3.8437505
4.2594194
4.2280822
2.8780620
3.5761240
5.0385356
3.9150374
4.7764459
6.4904242
4.7646527
3.8880830
3.5516825
3.9235752
4.6633778
3.6019571
5.5540819
4.1857319
3.8110623
4.1660042
5.2909608
3.9327633
4.1806769
4.2522974
4.2222629
3.5755076
4.2225599
3.3005991
3.6468613
3.2741470
3.2095299
2.8663869
3.0008442
3.4722626
3.2050669
3.1308115
6.0608788
2.8110998
3.2070987
2.9933457
4.2013259
3.1712410
3.7950768
3.7502491
2.9707348
2.9709425
6.4195132
2.8418939
3.7490430
4.9019270
4.5581374
4.0856586
3.1731904
3.1010714
3.0720778
2.8780506
4.0888147
4.0954351
3.7199674
4.0716691
3.4380550
3.1433723
3.4378109
3.4198546
2.9271646
3.3865533
3.4180939
3.1275260
3.3974493
2.8620863
3.1298120
3.0062387
3.1173644
4.9292855
3.4357164
3.4131041
2.9614804
4.1021395
3.7351592
3.4014380
3.7813716
3.1473079
3.1057158
3.3799438
2.9373109
3.8036389
3.3033540
3.5253062
4.2463970
4.3337359
4.2435341
4.6953850
4.2459035
4.2705059
5.1086254
4.3327174
4.3674655
4.8401279
7.2231193
4.0711346
5.5666027
4.4883456
4.2887464
3.9313023
4.2023273
3.9024601
4.7855558
3.6480906
4.3569708
3.1701279
4.3107686
3.9967332
3.1488748
3.3307219
3.5917144
3.3541477
3.5802183
4.5417528
3.2974277
3.1463745
3.0507448
3.0287147
3.6123531
3.6401350
3.1126449
3.5934234
3.2291608
3.0715177
3.0841334
3.0349908
3.8459895
3.8069575
3.0486319
3.4044201
3.1256502
3.1431019
3.3720052
3.0069535
3.6488638
3.3338237
3.3099256
3.5921860
3.1402354
3.7546520
3.0454001
2.9938319
3.3564992
3.0525877
3.9194319
3.1560464
3.1554482
3.9667099
3.6108227
3.9358940
3.9457867
4.0300756
3.0293033
3.3630428
3.3838940
3.6120985
3.1788478
4.3111897
3.5984337
3.3360577
3.7373750
3.0500400
2.9826953
3.3730590
3.0857389
3.3168714
3.6112258
2.9520266
3.4784896
3.2389028
3.1979818
3.1311884
3.1043053
3.0070174
3.0955157
3.0425639
3.3301518
3.3559055
3.0499630
3.3458512
3.6787629
4.2122469
3.7812667
3.0707877
3.4324834
3.1418643
3.3809814
3.2267904
3.1379588
3.4246037
3.0488856
3.2328811
3.3199158
3.3833337
3.3046632
3.6827893
2.9991484
3.6403675
2.9760132
3.1504152
3.9892585
3.0171294
3.0182664
3.4970317
3.8316154
3.6641564
2.9724286
3.4023983
2.9696143
3.1600301
3.6458704
3.0087724
4.3767810
3.3154030
3.3237193
3.4274700
3.1897383
3.0991182
2.9857478
2.9353311
3.3840032
3.0962477
3.0280704
3.1466811
3.0840144
3.0054405
3.5991991
3.3505771
3.1334713
3.0569811
3.2150106
2.9917562
3.0364201
3.5680504
3.8719454
3.1608386
3.3020835
3.7942064
3.3767118
3.3210640
2.9947693
3.0562294
3.1240461
3.1359315
3.6106544
3.3238335
3.3027692
2.9576983
3.7478461
3.3492429
5.1211643
3.2320406
3.0943282
4.6584601
3.6338234
3.5253091
3.9340665
5.0741849
4.7147260
3.2303023
3.6982620
4.3711824
3.0834706
4.1743999
3.5941539
3.7689610
4.1940041
4.0558691
3.8282495
4.6539564
4.0951228
3.6215465
3.5947042
4.3050585
5.0661449
4.0385265
3.7112110
4.8504629
3.7590041
4.5987082
3.7640290
4.6001010
4.0227957
4.0863419
3.9000099
4.1286550
4.5816798
3.6350946
5.8302288
5.1228347
4.3946090
3.7943752
4.7976460
4.6263866
4.2608523
5.4869075
4.9739690
4.0059910
5.4809241
3.6121943
4.2144980
5.1625843
4.7949424
4.5792809
3.9186666
3.9922788
4.3325338
5.3889594
3.4928493
3.7584684
3.5813506
3.1919107
3.1609602
3.8321133
4.8829107
3.3026655
4.1877456
3.6062279
3.2767906
3.2540178
3.3074679
3.4284117
3.0800467
3.1676202
3.0186632
2.8658247
3.2663794
3.8077631
3.4546659
4.0563631
3.7998030
3.1316593
3.0791776
3.1581857
3.2405422
3.1047311
3.3217368
4.0888419
3.5074284
3.2847533
3.0639856
2.9057581
3.1691329
2.8726213
2.9616253
2.8669398
2.7867293
2.8954639
3.3135116
3.3361092
3.1524193
3.1326427
3.3586569
3.1619647
3.4230876
3.7193930
3.0684240
3.3317547
3.0266891
3.4559033
2.9985991
3.1471801
3.0806129
3.9773855
4.0985055
3.5083764
3.4813216
3.4945242
4.3211818
4.1513729
5.1693988
4.1101789
3.8324876
3.7513027
3.8843999
4.3036451
4.3810339
3.0659609
3.2770662
3.3528054
3.3652065
3.1241179
2.8918989
2.9865379
5.1901479
3.7889216
3.6326900
3.7486560
3.8859382
3.2675607
3.8022013
4.9727054
3.5187850
3.0024176
3.1378186
2.7203968
3.9504111
2.9014261
4.4780650
3.2957613
3.2489312
3.5701356
3.9220600
4.1576524
4.1566415
3.2466924
2.7760887
2.9178703
3.6888642
2.8476670
3.0326798
2.7922292
3.4392273
2.6778994
3.1705179
2.8717122
2.6894703
2.9760120
2.7678711
2.8198578
2.8640804
2.6775405
3.3422322
2.7935970
2.7451253
3.2255313
3.2414663
4.8337059
3.6926210
4.0872455
2.5258350
3.7218990
4.6284761
3.9922028
2.5350103
2.5158446
3.1303270
3.4352677
3.2563272
2.7623920
2.8489072
3.5744448
2.9251742
3.3514657
2.9146807
2.8756082
3.8268509
4.4250259
3.3153245
3.7007678
4.5193539
4.1061635
3.7134352
4.0527606
5.5192351
4.5708218
2.6205964
3.0687952
3.1748829
3.1032846
3.6470273
2.3645387
2.4640925
2.3670075
2.2957158
3.3965485
2.7749474
3.7477136
2.7937717
2.3756294
4.1910863
2.7391875
2.1574011
3.4065974
2.6750045
3.7501600
3.4741361
3.2956901
2.2714796
2.2671685
3.2853882
2.2602305
2.9006908
2.4633377
3.5897329
2.6302850
3.6845863
2.1119158
2.9757566
2.6566441
3.4302955
2.2629580
3.3172805
2.9837639
3.2078836
2.4898353
2.1060843
2.0821393
2.1477818
2.0928068
2.7200308
2.8131857
2.0919268
2.1703122
2.7990112
2.0391877
2.4636104
1.9425541
2.3522015
2.5685706
2.0059965
2.7067866
3.0711403
2.1214323
2.8152649
2.2479260
2.4852057
2.1366768
2.0666683
2.1806660
2.2844815
2.0756590
2.8550465
2.7776618
2.2644672
2.1486952
2.0928695
2.0671060
2.0032582
2.0334637
2.4449251
2.4318724
2.7494967
2.0684032
2.3808062
1.9735352
1.9113781
2.2572603
2.0090654
2.2739813
2.0840757
2.0625906
2.2542787
2.3308306
1.8194361
1.8531803
1.9816236
1.8681625
2.1268511
1.8853706
2.0361516
1.9479843
2.3436069
2.0059791
1.8491110
1.9303262
1.9689276
3.0569928
2.9816248
1.7732518
2.3650482
1.8244972
1.8837907
1.8381591
2.3074658
2.2410302
2.1788611
3.3513560
3.0742588
2.1929922
2.1937847
1.9717427
2.2691877
1.9437636
1.7928635
1.8665292
1.7771702
1.8085096
2.2030263
2.0800185
2.4399819
2.3157554
2.3266573
2.4340236
2.3229852
2.6214817
2.2327218
2.2167933
2.2890053
2.3990273
2.2743747
3.1804137
3.5595453
2.3786211
3.8535390
2.1524160
3.2153354
2.4318798
2.4005847
3.1481218
3.9946399
2.6175354
3.2988772
4.3799977
3.3856969
2.6233521
3.3192191
3.3409948
2.9862370
3.3152053
3.0451078
2.8521929
3.0357780
2.6967328
2.9768085
4.0501375
2.8158114
2.8644691
4.3700709
3.2807534
2.6391757
3.0244424
2.2877114
2.2852843
2.2614138
2.2645020
2.2329707
2.3012850
2.4620073
2.3532076
2.3228528
2.2255619
2.2980795
2.4495058
2.4279206
2.7002230
2.4325712
2.2987206
2.4853940
2.3205278
2.6914597
2.4523065
2.3132138
2.2990630
2.3621998
3.4236276
3.0941191
2.9811831
2.6568813
3.3926218
3.6884191
2.6895742
2.6675265
2.3943028
2.9686141
3.2982671
2.2339947
2.4170127
3.6954880
2.6149008
2.3468912
3.2971685
3.3002000
2.3834732
4.1858201
4.1035681
2.3893356
3.2667046
2.6181977
2.9176462
4.0824351
2.9534118
2.9220796
2.2136512
2.6184375
2.9494414
2.8054788
3.7536862
3.3090355
2.2984796
2.8989594
3.4441361
2.3370781
2.3388336
2.5856254
2.3176491
2.3194268
2.2792101
3.2700939
2.5520680
2.5472124
3.2562671
2.8563137
2.8997588
2.8918436
2.5003867
2.8600698
2.8478813
3.6521995
2.8152602
3.2415338
4.0002527
3.6543224
3.6173222
2.8135393
3.5976567
3.5728555
3.2091925
3.6316693
2.8189323
4.1132598
2.8086169
3.2214808
3.6078944
3.6036341
4.0629058
4.0838923
3.2025170
4.1456442
3.6054702
3.5931828
2.6654773
4.1314745
3.5391405
3.2240181
2.9170454
3.4644976
2.8136423
4.0038018
4.9356756
4.3959656
3.6178164
2.8961236
5.4766479
3.6829820
3.2659431
3.1348884
3.2349982
3.5411291
3.2452328
3.2087567
2.8921556
3.9549725
4.0904136
4.4712033
4.3896561
3.9353049
4.4327636
3.6473207
4.6077304
3.9555371
3.5380118
2.8485091
3.1688085
3.8482785
3.4778533
3.4807594
3.5330863
3.4630208
3.1734483
3.2527876
4.3855386
3.1514175
3.9347959
3.8163443
3.8941576
3.0714171
3.5230381
3.4912851
3.5365720
4.7269855
3.6050551
4.3215504
3.9808018
4.2175159
3.5062692
3.4428711
3.5197558
2.7886515
4.7454538
2.7381191
2.7840610
4.3132582
4.1832404
3.8473496
3.2477300
4.5874200
5.1036305
4.4087758
4.0043082
3.2539651
4.6900620
3.8079786
3.3594778
4.5674367
3.9746656
4.6157088
4.1251874
3.6711984
4.1191435
3.1240294
4.5590606
2.9939470
3.6075485
3.9670691
2.9382105
2.7162435
2.6609709
3.3489738
3.3355443
2.8988869
3.5916934
3.6368282
3.1655104
4.0906701
3.2458811
2.9254429
2.9159460
2.5699172
2.8522120
2.8403108
2.6157563
3.1265433
3.1825473
3.1115274
3.5955644
3.2728179
3.1492560
3.2402515
4.0408525
3.7953022
4.3908572
3.2783346
3.1341715
3.6906919
4.2281747
2.6787095
2.5951748
2.9375272
3.2148683
3.2390831
2.5242510
2.8451343
4.0177188
2.2309365
2.4669938
2.4698718
2.8669240
3.4505451
2.7386990
2.9300468
3.4972718
2.4171224
2.6260276
2.6075637
3.7111993
3.5395169
3.5138657
3.2723098
2.7774255
2.5439501
2.5827670
3.6972432
3.0735395
3.1480567
2.4658487
2.3049223
3.5734215
2.4178326
2.9419711
3.0439432
2.4016173
2.5039029
3.3517880
3.6009924
2.8030300
3.1341672
3.2842054
3.4607701
3.2824879
3.5886652
2.8274415
3.6597075
4.1928029
3.3040037
2.6103160
2.4875467
3.0332439
4.2121673
3.5695565
2.7608023
3.6606643
4.4704556
3.3790324
4.5546827
4.0507522
3.1467161
2.5995588
3.6405964
3.6599183
3.2200634
2.7930877
3.1770303
3.2138627
3.7131128
3.4113414
3.6313171
4.0851941
5.1168842
4.0164251
3.6770923
3.5148191
3.6339071
4.5454712
4.1359048
4.1301379
3.3305106
4.0460892
3.6684749
3.6939733
4.2018633
4.5604134
3.2663634
4.2234840
4.0013199
4.5320196
5.0755205
3.6480036
3.1878855
3.2848418
3.6527462
3.7260313
3.0888188
3.3353918
3.2032406
3.6002924
3.6780539
3.1240613
3.3189929
2.8200448
3.7006741
2.5185664
3.4777691
3.6301310
3.0230939
4.1597304
3.2331879
5.4564013
4.5102315
5.1169024
4.0712671
4.7002320
3.8379054
3.6958828
4.6141620
5.7072468
6.7162347
5.6404657
5.0990314
4.3269258
4.2902970
4.7483897
4.5818210
3.6909764
4.6171703
4.2333393
5.4591708
4.3359232
3.1361680
4.2339315
3.7594926
4.0201936
3.2718034
4.5667305
4.6481462
5.2487807
4.4360185
4.0207639
4.6443276
4.3929963
3.7810557
3.2963030
3.0824091
4.2101912
5.0830345
4.4500232
4.2095842
4.1217637
3.9983907
3.9807427
3.6931052
3.5910127
4.0691137
3.3992424
4.0584474
3.2459214
4.0352449
3.4405465
3.4209950
3.3464453
3.4516582
3.3531923
3.1799483
3.4200907
3.7151995
3.6884308
4.6658287
3.6474750
3.4219933
3.7404132
4.0336571
4.0725627
4.0116496
4.0865707
3.4188344
3.1918910
3.3867717
3.3169518
3.1310842
3.2712851
3.5092337
3.5181782
3.2382748
3.3567622
3.4126329
3.2866657
3.5561750
3.4083149
3.2078810
3.2797575
3.3673334
3.3487465
3.3048222
3.2944620
3.3249760
3.3575199
3.2800148
3.3230264
3.1547625
3.3328331
3.3922298
3.3087351
3.3471501
3.4192541
3.3490498
3.4058065
3.4079897
3.3556259
3.2023430
3.2098756
3.1767447
3.3928008
3.3888743
3.3888781
3.2147636
3.4207628
3.4014802
3.3941293
3.5204320
3.1906216
3.2928061
3.4488034
3.4810205
3.3123775
3.5061107
3.3116789
3.3903859
3.5313966
3.3451741
3.3497584
3.6206775
3.6048014
3.5946918
3.5705087
4.0477042
3.5743213
3.9222555
3.5965374
3.8727126
3.8478212
3.9418504
3.6105793
3.8702233
3.7280035
3.7430029
3.7994676
3.6221156
4.0435753
3.6550541
3.6265285
3.7818077
3.8163831
3.7174237
3.7046843
3.8422086
3.8377635
3.6995311
4.1047187
3.8992600
3.7251413
3.7717710
3.9640937
3.8948228
3.9571633
3.7449870
4.0320992
3.8713546
3.7614510
3.7833312
3.8384931
3.9571595
3.8183129
3.9235580
3.9193141
3.9348702
3.7498369
3.9706395
3.8380733
3.8761644
3.9062417
3.9224386
3.9186974
3.8601320
4.0301824
4.1210661
4.5505028
3.8276763
4.4395719
4.1703687
3.9212306
3.9459918
3.9763587
3.9770801
3.8887355
3.9934897
4.2806220
4.0261188
4.1182733
4.3417754
4.0598888
4.0728769
4.0056200
4.3350110
4.2362900
4.4480362
4.0360250
4.1818519
4.1393304
4.1508427
4.0862050
4.0737872
4.0819402
4.2497082
4.3026080
4.9670620
4.5466285
4.7763920
4.5321302
4.7412438
4.8440123
4.3621988
4.4776659
4.2739272
5.0436277
4.7304091
4.2143879
4.7009144
4.4513130
5.3413572
4.5719571
4.2429199
4.5784998
5.0372944
4.6318889
5.2102294
4.4363046
4.8165026
4.4799814
4.7234807
4.4111729
4.6260371
4.4721184
5.6369925
4.4289308
4.4067273
4.3520212
4.9053907
4.5426617
4.4509959
4.4670143
4.5682702
4.7659106
5.4309535
4.5233660
4.6753254
4.8707027
5.3672652
5.1914926
5.7635293
5.3965144
4.3775272
5.2380748
5.1498508
4.9957366
4.7141309
5.1278820
5.2393231
5.3838954
5.0372419
5.1403465
5.3453078
4.7854843
5.3845472
5.0229082
5.7719212
5.2212772
5.3861179
4.5576410
4.4195433
4.5987616
4.5088964
6.5819268
4.5082068
4.6478438
4.6297007
4.5002608
4.7549009
4.9868240
4.3948736
4.4315786
4.6607609
4.5609994
4.3975782
4.4630289
4.4330959
4.4094653
4.3896737
4.4299784
4.4318151
4.5047178
4.5837140
4.6769080
4.5118408
4.4505916
4.5887613
4.4202032
4.4818683
4.4566288
4.5791607
4.6524110
4.5938511
4.7448344
5.3645716
4.8378248
5.2980490
4.6509752
4.8671541
4.6173921
5.1425767
4.6293025
4.8418159
4.6433825
5.2942963
5.0034924
4.9360313
5.0347905
5.1161313
4.7934213
5.0533919
4.5508904
4.8095436
4.8301969
4.8535695
4.4692106
4.5609117
4.8307452
4.3939657
4.6601892
4.4531116
4.4586954
4.5366898
4.4896293
4.3757539
4.4094701
4.3831449
4.5632467
4.6009912
4.4372549
4.3719311
4.4430246
4.4431782
4.5171118
4.3701768
4.4416151
4.4296260
4.4433913
4.5602589
4.4348993
4.4330091
4.2558551
4.5489950
4.1248789
4.1560159
4.2317233
4.0200081
4.4546905
4.0798469
4.0207777
4.0999722
4.0653172
4.1352754
4.3037705
4.3483191
4.2473702
4.1450257
4.1202078
4.3136935
4.3291845
4.2559280
4.1831846
4.5906982
4.1655321
4.0646267
4.1763463
3.8044431
4.0445457
3.8991427
3.6983390
3.9227054
3.8284564
3.9776385
3.7447715
3.8054693
4.0950871
4.2096777
3.9176593
3.9840081
4.0546002
4.0085125
3.8192887
3.9180346
4.3534069
3.8228190
4.0017681
4.0200410
3.8042018
3.7903569
3.6416423
3.6315923
3.6233971
3.6204443
3.6173143
3.5693128
3.6085198
3.5876808
3.5916445
3.5812564
3.5687597
3.5560553
3.5527399
3.6635320
3.5578153
3.7221363
3.7196572
3.9368823
3.5444427
3.6804185
3.9433606
3.8611104
3.8858497
4.0865593
4.1638551
4.4479227
4.8571715
3.6080620
3.7750671
3.4932511
3.5816066
3.6366372
3.5155494
3.6114414
3.5591033
3.4764729
3.9867496
3.4471481
3.5687335
3.9499846
3.5322864
3.4626021
3.4243233
3.4494209
3.5319967
3.5096972
3.5118635
3.5104630
3.5101893
3.4156322
3.7100220
3.3936100
3.5126352
3.5061369
3.4909160
3.3515127
3.9953251
3.7146392
3.6874154
3.6641994
3.6711972
3.3694546
3.4810312
3.4816153
3.4504707
3.6605897
3.4937227
3.6993203
3.4732103
3.4690435
3.4106290
3.6115811
3.4032533
3.5986040
3.6480145
3.6599910
3.2292657
3.5675399
3.3726389
3.2582958
3.3662591
3.2401128
3.5527155
3.2067297
3.2436221
3.2175522
3.2556314
3.2042594
3.5283065
3.7722945
3.3536823
3.2446141
3.3433180
3.2060165
3.2467821
3.4011772
3.6373274
4.3579550
3.9416230
3.1982181
3.9258780
3.4249432
3.3513613
3.1974435
4.1423955
3.1266165
3.1657922
3.1598289
3.1632214
3.1559939
3.0979233
3.2918737
3.5114858
3.0929167
3.1731501
3.2421899
3.2519271
2.9088485
2.9351878
2.9078715
2.8978462
2.8930061
2.8323441
3.3386631
3.8621519
4.1235371
5.3875809
3.4831185
3.8245568
3.4470961
2.8608239
3.1751747
4.8732409
4.9571009
3.1783137
3.1612968
3.8273640
3.7517996
3.4733112
2.9858246
3.4125443
4.5097151
4.8842735
3.1215677
3.4092617
3.6868830
3.3955405
3.1117609
3.6820629
2.9186356
3.0884719
4.7017412
5.1850228
3.2117996
4.7128544
2.9049323
3.4422197
4.6157441
3.4244571
3.4059324
2.7669761
3.3468053
3.3847282
3.6654489
2.9108980
2.8550920
4.2066121
4.4994712
4.1404247
4.9942746
3.7648253
4.4638019
3.6593199
3.4676542
4.4618235
3.2203658
3.6342878
3.9982154
3.0791204
2.7578590
2.9412808
2.9518325
3.1876628
3.5537488
2.8806901
2.6715684
3.9908631
3.5211015
3.1540732
2.8777728
2.9210629
2.8346517
3.0856791
2.6393116
2.5166705
2.6362171
2.6076744
2.8348322
2.7930620
2.6055732
2.4545138
2.4252145
2.9411147
3.0199990
2.4778848
2.6206841
2.4865067
2.4418781
3.1509578
2.3881764
3.3007073
3.2199664
3.2988999
2.9484565
3.0574353
3.6795235
2.6203177
3.2850056
2.8921149
3.3209043
2.8943992
2.9562440
2.5631149
2.7252321
2.4202468
2.7052240
3.1712277
2.4592369
2.3775904
3.1104672
2.6035640
2.4793317
2.5697229
2.3206365
2.7754571
2.7975097
2.9418244
3.6324515
3.2391682
2.3547101
4.6462388
2.7531698
4.2824383
3.2786272
3.7502713
2.5363276
4.1104932
3.1222014
3.2837100
3.6673694
2.8983784
2.7391963
2.4724908
2.4555542
2.3727965
2.9042296
2.3693459
3.0128822
4.5763073
3.9847555
3.0058179
2.3772762
2.9842827
3.0512886
2.3854411
4.3342605
2.8910112
4.4214983
4.0961499
2.5701330
2.3568506
2.3184988
2.5144491
2.5665867
2.6058025
2.9712589
2.7771623
2.1544402
2.2053261
2.4013493
2.8668232
2.5257463
2.5594947
2.5814617
2.7151966
2.8556256
2.6635985
2.5017385
2.8071043
2.4232285
2.5148365
2.6148655
2.7777293
2.5351903
2.8178270
2.3809750
2.4416735
2.4228921
2.4669380
2.2997615
2.4628947
3.4718249
2.4013395
2.5165884
2.4671257
2.3336158
2.6106946
2.4476635
2.6468894
2.5714254
2.1068017
2.8531823
2.1573389
3.5807347
2.1008716
3.1520705
2.0865538
2.0639646
2.2529461
2.1027882
2.5902183
2.1011944
2.1205387
2.0800166
2.3090127
2.3790777
2.6599860
2.4042768
2.1634510
2.1324263
2.8359332
2.7350283
2.0559597
2.1809120
2.3694940
2.1247957
2.3649485
2.3759947
2.0285947
2.0353844
2.7801106
2.0682969
2.6145577
2.0356164
2.0613997
1.8455276
2.0629857
2.2131503
2.0195823
2.5760515
2.8775611
1.8190329
2.1491129
3.3037064
2.0024099
2.7353568
2.2281790
1.9651512
1.8879260
2.5260634
1.7890137
2.1055834
2.2380612
1.8306395
2.2500374
1.9803092
1.9578118
1.7465619
2.4231410
2.1772668
1.9173719
1.9908558
2.2423904
1.9116185
1.6886995
1.7909054
1.8053224
2.3713150
1.7973605
2.5218213
2.3631256
1.7045956
1.7043757
1.7785751
1.8751560
1.7656970
1.9675541
2.2058997
1.6902444
1.6805890
2.1318102
1.7419016
1.7548568
1.7678206
2.0430298
2.8798051
1.7746643
1.7859521
1.7812645
1.6894302
1.7002524
1.8785992
1.8366829
1.9716636
1.6681864
2.0364633
1.8601331
2.6396255
2.1914704
2.7719254
1.9786842
2.5057378
4.6857147
3.9875336
2.3873050
4.1803999
4.7209601
3.3503268
2.6898317
2.7681561
1.7331437
2.2266953
2.3855703
2.4796448
1.6422395
3.5968039
3.5971339
1.8615376
2.0185471
1.6356291
2.2095912
3.3223238
1.8774760
1.7151726
3.7361722
1.6632818
1.7734581
2.6815274
2.4505243
2.3135910
2.4703047
2.5885260
2.4473729
3.1393902
3.1826153
3.0890663
3.9757233
1.4796983
2.0997326
1.9624408
1.6868660
2.0077455
2.1660028
1.7188377
2.6138203
2.7516422
1.7469660
1.2540989
1.6918219
1.2992802
1.6113241
1.3523773
1.3681376
1.3566960
1.6383036
1.7379102
1.3527114
1.5621821
1.4314573
1.5685608
1.6146806
1.4082965
1.3699820
1.3941346
1.9831152
2.9359491
2.8865855
1.3273317
1.2740425
1.4164754
1.3307720
1.2552032
1.4835722
1.2302704
1.4263700
1.3086083
1.6824807
1.4156954
2.5887907
1.7701434
1.6478221
1.2604312
1.4743940
1.6191906
2.4756949
1.3288262
1.3642815
1.6259112
1.7081757
1.7459400
2.1365771
2.2122490
2.1536527
2.2444336
1.8916316
2.7355196
2.1032004
4.0722270
2.6889484
2.1723602
2.2996974
1.8933570
1.7831621
2.8732040
3.1730306
2.8470707
4.1896892
2.9231579
3.2693219
1.6205004
2.1443133
2.9151394
1.9245132
2.7034996
2.3749707
2.3738596
2.7943532
2.7390902
1.7177851
1.6298906
3.1523108
2.4237700
2.7158506
1.9016867
2.7057366
3.2067215
4.6531773
3.7681267
3.3503101
3.7447245
4.0644946
2.4381402
2.7747953
4.0681162
3.7566807
2.4208453
5.2579842
5.1952863
3.8194261
4.1675377
3.2300949
3.7266815
2.9933102
3.1788175
3.1595252
4.1350884
3.6729214
3.1792426
3.6989601
3.2025082
2.6921151
2.4089310
2.7070587
3.6240599
2.0021954
2.7393413
2.0726314
2.7010098
2.7795725
1.8510847
3.1359615
2.3490727
3.1804361
2.0329549
1.9895802
1.8294767
1.5886384
1.8542330
1.8421791
1.6109025
1.6126556
1.6703845
1.6645108
1.6948335
1.6292616
1.6075089
1.5771642
1.5740713
1.8505080
1.7918156
1.6027180
1.6504970
2.1678886
1.8160728
1.7805704
1.5735617
1.7674356
1.7398287
2.1000798
2.1073675
2.1146834
1.4554288
1.7935292
2.1003277
1.7900089
1.7911494
1.7815753
1.7568123
1.7629068
1.5241580
2.0824125
1.5687007
1.7845386
1.5620785
2.0754609
1.4630661
1.8264649
2.1433408
2.4822423
1.5434546
1.5655137
2.0875123
1.5187854
1.5071578
1.7534827
2.0998538
1.5397277
1.5844984
2.0445824
2.0567691
2.0705297
1.7441970
2.0710189
1.6678804
2.4479828
2.4628189
2.4427140
2.0613375
1.7690966
1.6796876
1.8641014
1.5161366
1.7525316
1.5230266
1.7111853
1.5136563
2.0583432
1.5611964
2.4323378
2.0447659
1.4202677
1.6108111
1.5236388
2.1597009
2.1898923
1.5584846
1.5984451
1.9527438
2.2990181
28.6399460
1.7326026
22.6367245
5.1535072
16.8771133
14.0940733
17.9454308
1.8302568
8.5651121
5.1881728
9.0381699
2.5469956
2.0200164
2.1129708
3.2857239
2.4733458
2.8466320
3.2942069
2.8717391
2.8384540
2.9693031
2.4855223
2.5619340
2.5005357
2.9528997
3.2905021
2.0079978
2.6104462
2.5066934
2.3057213
2.9131408
2.9647989
2.3796086
2.3499382
2.2312710
2.0779748
2.4670625
3.3173399
2.1522622
2.1106119
2.5286989
1.7837988
2.0333798
2.8508499
2.0163748
2.8509631
3.3507872
2.0452964
2.4304938
2.4302561
2.0448089
1.7002234
2.0754268
1.8993459
1.8268999
2.0249743
2.0533111
2.1610558
1.7822961
1.9083300
1.5360905
2.1923063
2.2211869
1.9493027
2.3106596
2.0086071
2.2985694
2.3560102
2.4513142
2.0710719
2.4077845
2.4110694
2.5777757
2.6092293
2.3761978
2.4547548
2.0114806
2.4364655
1.9180349
2.2984126
2.0270038
2.9447277
2.4448197
2.3429654
2.3920889
3.3280787
2.3359184
2.2457447
2.5942366
2.6860316
2.0227914
2.6966729
2.2737927
2.4424341
2.3925369
2.3134892
3.9403787
2.1957695
2.1828678
2.0980124
2.2699113
2.0455675
3.5471075
2.8807406
2.1127307
2.1088338
2.5144408
3.0081449
2.9244769
2.2100015
2.5785477
2.0959923
3.1629176
2.1187000
2.1156082
3.0583665
2.1971664
2.1186883
2.8155322
3.3489175
1.9918066
2.3339715
2.6455505
2.7335989
2.1509097
2.1397057
2.4748406
3.1443183
2.1874266
2.1501262
2.4358695
2.1808538
2.8578887
2.0005641
2.1420124
2.1220996
2.3697832
2.1424639
1.9609271
2.0742192
2.1856842
3.2428012
2.4405060
2.1324558
2.0409353
3.7546635
2.4189055
2.2872546
2.1436436
1.9695457
2.2403336
2.4794846
2.8640037
2.3483658
3.1533666
2.4213510
2.2930887
1.9574623
2.0083935
3.2003767
2.0083275
2.7837036
1.9694028
2.3032537
2.6003339
2.9936719
2.1727350
3.1377718
2.3667049
2.0649741
4.0385966
2.9279611
2.2654636
5.5488191
5.1214309
2.1511939
3.8873990
5.4104280
3.9618976
4.7312164
4.3319340
4.2244945
5.4486709
3.8438370
4.1271482
4.9830561
3.8328300
2.5059609
2.9086463
3.6056833
3.2806785
4.1880236
4.0810127
3.7983336
4.3430042
3.0824065
4.7805924
4.8639469
2.9582391
2.2446144
3.8047962
2.7236190
2.2046187
2.9682043
5.1740212
3.3064590
2.8515964
5.1928811
3.4572258
3.8894768
3.6698315
2.4994600
3.0233445
4.3162069
2.9506977
2.8024151
3.5783720
5.1126614
3.4625099
3.1079795
4.0882716
3.8945470
3.1392620
3.4315567
4.4243760
2.9618392
4.4636307
3.0944030
3.0132101
3.7524936
2.5265093
3.0112298
3.0590780
2.8319988
2.5383899
2.3897154
2.5908673
2.3984289
2.7472944
3.3581493
2.5533175
2.6128349
2.9930766
2.8607912
2.8147550
2.6576021
2.5990305
3.2244925
2.7503872
2.9338236
2.7473214
2.8019056
2.5964875
3.3359470
2.7063434
2.5228164
3.5853777
2.7617862
2.5723269
3.4221723
2.7889132
2.7614744
2.6385028
2.9608960
3.0212066
3.9495161
2.6489763
2.8913157
3.6017156
3.0359669
3.0648315
2.8475413
4.1719618
2.7690499
2.7486136
2.6832633
2.6739516
2.7157304
2.8152692
2.9226522
3.0037272
2.7632551
3.3154306
2.9587867
3.0279734
3.0716050
2.9665303
2.7428513
2.8544662
2.7475677
3.0299652
2.9193366
2.8260696
3.2469687
2.8614128
2.9402585
3.1515918
2.8575926
3.5020406
3.2060759
4.2341356
2.9962418
3.3111207
2.9329536
2.9377282
2.9709663
2.9582922
2.9879017
3.4873805
3.5718918
4.4111109
3.4147487
3.4313331
3.4169140
3.3734415
3.1435595
4.0565290
3.4312513
3.1350586
3.6099355
3.6415105
4.0640287
3.1100082
3.1832962
3.3064761
3.1952825
3.1805472
3.4269943
3.9648049
3.3809590
3.5854812
3.3198752
3.6366606
4.0442009
3.7047272
3.9485369
3.6892307
3.8361230
3.5997088
3.4529068
3.3519309
3.4754527
3.4997318
3.6023173
3.3577635
3.4916389
3.8672988
3.4096308
3.4690971
3.6938105
4.0382614
3.4199760
3.4985552
3.5360334
3.4988277
4.1358981
3.6018882
4.3332467
3.5500576
3.8319213
3.9129930
3.4563146
3.4418967
3.5465131
3.6213195
3.7773075
3.6934133
3.8063052
4.0447173
3.7145493
3.9802654
3.8663404
4.0919471
3.5191362
4.2660103
3.6067040
3.7437346
3.9594896
3.8926382
4.0624838
3.6301217
3.6150548
3.8658338
3.6049306
3.8389492
3.8583481
3.6504636
3.8191171
3.8137600
3.7157283
3.6781907
4.1845899
3.6682951
3.7395344
3.7854381
3.7016079
3.8101318
3.7916684
3.6900587
3.7831707
3.9630532
3.8723178
3.8038592
4.0549088
4.0759501
3.9360347
3.9068394
4.0678859
3.8173246
3.8525271
3.9858017
3.8381109
3.8423474
3.9024293
3.9115725
3.8793354
3.9062729
4.0324302
4.0147076
3.9835129
4.3064795
4.1589217
4.3991070
3.9655552
3.9645386
4.0118384
3.9536781
3.9556890
4.0729752
3.9737499
3.9642937
3.9564636
3.9524255
3.9800723
4.0624042
4.0683990
4.5977831
4.1245861
4.5476675
4.3294592
4.1349649
4.1989145
4.2106962
4.7991090
4.3140750
4.3552518
4.6008348
4.7811232
4.6742249
4.4508471
4.4188085
4.5240445
4.7084436
4.2175550
4.6430583
4.2638831
4.1859207
4.1340694
4.3659840
4.3290486
4.3591437
4.2707505
4.2192183
4.1789327
4.1668205
4.2477965
4.1222811
4.1828074
4.2508097
5.3521352
4.3096685
5.1106639
6.9361143
4.8681965
5.5730314
7.3843598
9.1170101
17.5690956
15.7039814
9.9663506
6.2988472
5.9794888
4.4730034
4.8798099
4.8183274
4.4079714
4.1762490
3.8820069
3.6172874
3.7406209
4.0427389
3.9488027
3.7805216
3.5216687
3.5756636
3.7575333
4.0990458
3.5469599
3.6419234
3.2640836
3.8323746
3.3364785
3.5242114
3.4364657
3.2393055
3.3791180
3.4583611
3.2926006
3.2949579
3.5357130
3.9405837
3.4754963
3.5239666
3.6789455
4.2976756
4.0670042
3.2873385
3.4378467
3.9174590
3.2745185
3.1654623
3.5182858
4.7371135
3.6031172
3.4315133
3.7151091
3.2821164
3.4755168
3.9417863
4.0263944
3.6643758
3.7462351
4.2955513
4.4459739
4.0219717
4.0168915
4.4664268
3.8909087
3.5089390
4.0578547
4.4091086
3.9785123
3.8267088
3.7681789
4.0287185
3.7181888
3.7193494
4.0689211
3.8233080
3.7935464
4.1081796
3.6919720
3.7237780
3.5129688
4.4532986
3.9228847
3.8853936
4.0051050
3.7686009
3.9002101
3.6098561
3.4779525
3.5768819
3.5499341
4.1809154
3.7929647
3.7371569
3.7243996
3.7807193
3.8343015
4.6082168
3.5963733
3.7507110
3.5738778
3.7226233
3.4823883
3.8990235
3.9266782
3.9078486
3.7514536
3.9001973
3.7239337
4.1192460
3.5750265
4.0987258
3.8150983
3.7614982
3.6111178
3.4982507
3.4066148
3.6744127
3.8144207
5.1148639
3.6354947
4.1968384
3.7397437
3.7975390
3.4243691
3.5286794
4.1665182
3.8407924
4.1661816
3.7437873
3.6642790
3.9132171
3.6220214
3.9146175
3.5295765
4.1947827
3.7234750
3.4663897
3.5144465
4.3527150
4.3245320
4.8532801
4.4877439
4.2593899
5.1676645
4.8321829
4.4455285
5.5886207
4.1837549
4.0860691
4.3911028
4.4545412
4.1697068
3.8176444
3.6499119
3.8011572
3.7167037
3.7610071
3.6052492
3.5865016
3.7891133
5.1069212
4.0839477
3.5828538
3.6097441
4.0074220
4.6751742
3.7698848
3.6421318
3.5141466
3.4149575
3.5408392
3.9368131
3.7168245
3.6931107
3.9874387
3.5825739
4.0561180
3.6053936
3.7395403
3.5224028
4.1379733
3.6291988
3.7598939
3.5191762
3.4083045
3.6163311
3.5667093
4.3380628
4.4510121
5.7280092
3.6834714
5.5086284
3.4757257
3.4410884
3.4250610
3.4835205
5.0105767
4.0514607
4.5435295
4.3048391
4.5394554
3.3353939
3.5222886
3.2886364
3.8371594
4.0024586
3.6418428
3.9304726
3.9891918
3.3847992
3.3673010
3.7374811
3.7808816
4.3845472
4.6981053
4.4178400
4.3466258
3.5793078
3.7519925
4.0393748
3.7303140
4.3869572
3.5911014
4.6673775
5.3222380
3.6310542
3.4958076
3.7520301
4.1001744
3.5212610
3.6930561
3.5931766
3.6911726
4.3439956
4.4377661
3.5953305
3.6802778
3.7680702
3.6310549
3.6545179
3.7407331
3.8400583
3.8571835
4.1251354
3.7459111
4.0280638
4.1623559
4.1398034
3.7091722
3.8924315
3.7599406
3.7252731
3.7308869
3.9516294
4.0280261
3.8290648
4.0843668
4.1123767
3.7681768
3.6492338
4.5753946
3.7477949
3.7609577
3.7325792
3.7487252
4.0193357
3.5263906
4.4416680
4.1362715
3.7027457
3.6716139
4.1651363
4.0305405
3.6791646
3.6577904
3.9840956
4.2177081
3.9209509
3.8729484
3.7842488
3.9306717
3.9666224
4.1300464
4.4365544
3.7944820
4.1654654
3.9105484
3.6415670
4.1690073
3.8597260
5.2235498
3.6474826
4.8790021
5.6282153
6.1324053
4.4487829
3.8356333
3.7749321
3.7119849
4.5439219
4.1963887
3.9289060
3.8497229
4.0119424
3.7300591
4.4912043
5.8483720
4.1146884
4.4034767
3.6251698
3.8112183
4.4051356
4.8794866
5.4626393
3.8858230
4.4531584
3.8985405
4.1663446
3.7520947
4.4851975
4.2320046
4.2193131
4.4696651
5.0785680
3.6291540
4.5889974
4.2142673
3.7433486
3.7856925
3.7632585
4.7468958
3.6779659
3.7581255
4.0440493
4.2025428
4.0293012
4.5633373
4.0186734
3.7018015
3.7549968
3.7735505
3.6977427
3.8727460
3.7057314
3.7948620
4.2828379
3.6645126
3.6488333
3.7033010
3.6511641
3.9748619
3.7560728
4.0107174
5.9535394
4.9215531
4.5150781
4.9753299
5.0040255
4.3211994
4.6280589
4.0147958
5.3215704
3.8886983
4.9962392
4.4742727
4.2017145
4.5292039
4.3083830
4.7828522
5.2190790
4.2445278
3.8610520
4.4756794
4.5669155
4.5630198
5.6680346
4.8301826
3.9281707
3.8486385
3.8638775
3.8681357
4.5936270
4.2483177
6.2022758
4.2811155
5.4985585
3.8811491
3.9806507
3.9550710
4.0105438
3.8527181
4.1682973
4.9888816
4.5240650
4.5938525
4.5755935
5.6789045
5.2217965
6.1595597
8.5993176
4.0813651
4.5317063
4.6462297
3.7406318
3.8824525
4.0062437
3.6815681
3.9629583
3.7427230
3.7318938
4.3403468
5.2663870
4.6434288
4.5536780
5.9257889
4.0644174
5.1120229
3.5771747
3.6807017
4.1728077
4.0405612
3.8929369
4.2609601
6.2536898
5.4178500
3.9703577
3.6585510
4.7895670
4.4491305
5.9553223
6.5474687
6.1003370
7.7562218
3.7763655
6.2748799
6.2054348
5.3802457
4.2023711
4.9140491
3.7381785
5.7619138
6.2245998
3.5336609
5.3876615
5.6387219
4.5260229
7.0906882
4.8961759
4.8865442
4.7636919
3.4904909
6.0559034
4.3817034
3.3166759
5.2279215
3.4373019
4.0714016
5.4555054
4.4140878
3.4835739
3.2114253
3.5298557
3.6417882
3.3023472
3.8200214
3.6884007
3.8195193
4.4224463
3.4314539
3.6076074
3.8755863
3.7861683
4.2512760
3.5715055
3.7328305
3.6283441
3.7993641
3.4581552
3.8053339
3.8255458
3.7823863
3.7505586
4.3552527
3.9185350
4.2927985
3.7828457
3.8734758
5.0128746
4.0190797
3.8489878
3.8590379
4.2956624
5.2670884
4.7984099
4.4367094
6.1910496
4.3962822
3.8406749
4.2653275
3.5381057
3.7664859
3.8225415
4.6782584
4.9362826
5.3230729
4.2172856
3.9887180
6.6798172
4.5009894
4.9004235
3.3277652
3.3896170
3.4735167
3.4685829
4.4734621
3.5658612
4.2008853
3.8101749
3.9794040
3.7399247
3.8057027
4.5876989
3.7024426
4.5012989
4.2039242
3.2854869
4.9229097
5.6490202
4.5180349
4.5508823
5.4366841
7.0158973
5.8020349
5.6767998
6.6540227
5.3054161
5.7180781
7.0924568
5.4312544
6.2825727
5.3651514
6.5208440
5.3811998
5.7829461
4.2929215
4.5476093
4.8535504
3.8914175
4.8369470
4.8135576
4.2350960
4.1882858
3.7737405
3.9001429
3.8821156
4.5973263
4.6000428
4.6356325
4.0858402
4.0712080
4.3900156
3.6085415
3.7704024
3.8876886
3.8128810
4.0525284
6.2336397
5.4951787
4.4594932
4.1012373
4.5065026
4.4557681
3.9252787
5.1071177
3.8439469
3.5558181
3.5776865
3.6124630
3.4805133
3.7849777
3.7628362
3.7320075
3.5798628
3.5464015
3.5957060
3.5604002
3.5543981
3.6680386
3.7292869
3.7032619
4.0025620
3.8401158
3.8075593
3.9838858
3.8539739
3.8398528
4.0076966
4.2894564
3.8536563
4.0441065
3.8161049
3.8638325
3.7712824
3.7256246
3.7535808
3.7482398
4.1561985
3.8480694
3.7563374
4.0354691
3.9849916
3.9668450
4.0244389
3.9545195
3.9410846
3.9694912
4.0684938
3.9202075
4.0785780
3.9541087
3.9176402
3.9058843
4.0651622
3.9552863
3.9597666
4.2591019
4.0255032
3.9590485
4.2244506
4.7810702
3.9460723
3.8219957
3.8325891
3.8696091
3.9564087
4.0460367
4.7680154
4.1269007
4.7676167
4.0085211
4.1162691
3.9221268
4.4377260
4.0522475
4.2321854
4.0760908
4.0075426
4.2583485
3.9209676
4.3503227
3.9932542
4.2182379
4.2991643
4.5460439
4.3156543
4.4325504
4.2450538
4.0716171
4.0802016
4.1856751
4.0980487
4.1624007
3.9882364
4.2954445
4.1576757
4.0665441
4.2681279
4.1847954
4.2175455
4.3868070
4.1689806
4.1916161
4.0809908
4.0353107
4.3913651
4.1167054
4.2865548
4.2572951
4.4495435
4.5246015
4.0810361
4.5166440
4.5349569
4.1667809
4.2691422
4.3488107
3.9968445
4.2294374
4.4600759
4.2786217
4.4974604
4.6822319
4.1416478
4.4227920
4.1203575
4.3047690
4.2621884
4.3190589
4.4195943
4.5157690
4.2909956
4.3398552
4.5835567
4.3953314
4.4098611
4.1321998
4.0919628
4.6846042
4.5672641
4.0452499
4.1912045
4.0741262
4.2272191
4.4774084
4.3705750
4.2489271
4.5120316
3.7110982
4.3828783
4.1588140
4.5230050
4.1159315
4.4361291
4.5000896
4.7926354
4.4504480
4.8005142
4.5306640
4.6861386
4.6757097
4.2538519
4.1591053
4.7987795
4.2690611
5.0750990
4.3022642
4.8847342
4.3861156
4.0991702
4.2950268
4.5060053
4.9248834
4.4841127
4.2457080
4.2323694
4.1708846
4.4375324
5.2122283
4.0262036
4.5241847
4.3493400
4.2301426
4.0728440
4.6020050
3.8380859
3.9502141
4.2533131
4.7716632
4.5213494
4.3862190
4.5767202
4.1854739
3.7850766
3.7399511
4.7514505
4.2490759
3.4341512
4.3297553
3.9183114
3.9304860
4.0222430
3.5594256
3.7975373
4.5660334
3.6255748
3.8765786
4.0229692
4.3512940
4.2180839
4.5550137
3.6314595
4.1942110
4.0452023
4.1950340
4.2152133
3.7715197
4.7715526
4.2514958
4.1954956
4.3659539
3.4097965
4.6030326
4.2792773
3.8500805
4.0951695
4.5896173
3.9107544
4.8893156
4.2334623
4.1967602
4.3311048
3.9220657
4.7383499
4.6239347
4.4721394
4.2861795
4.0603762
3.9699283
4.3464971
4.3998041
4.2031107
3.8212514
5.0346966
4.4247360
4.0699053
3.7465730
4.4522252
4.8189478
4.3939133
4.0597959
3.7425370
4.8366423
3.9683290
3.9233897
4.3637090
4.3287721
4.3563004
3.4679928
4.5316978
3.7900472
4.4579740
4.2792292
4.0662894
3.7536016
4.2344294
4.4210863
3.9520519
5.0591688
4.7133245
4.2434735
4.4671135
4.2120485
4.0658178
4.3133745
3.6692674
4.2044311
4.6126046
3.9159050
4.2371325
3.4452124
3.6005580
3.8237174
4.5641513
4.4416995
4.6842513
4.0321503
4.1544061
4.3703327
3.5959263
4.0284843
4.4089417
3.7576766
4.8290915
3.9868953
4.8557673
3.9618180
4.2684121
4.1328487
4.3980455
4.2892718
4.0160661
3.5263033
3.6852798
4.2261467
4.0448074
4.1482453
3.8177056
3.9003258
3.8001988
3.8416147
4.1397805
4.1869664
3.7728784
3.8507562
3.8331244
4.2437692
3.4717116
4.3022680
3.8124585
3.8384948
4.1646514
3.6504502
4.2210879
4.4982138
4.9007993
3.7454329
4.1866894
3.8839619
4.3376355
3.5838432
4.2877617
4.0392056
3.8017032
3.7491915
3.9447637
3.8644919
3.8164093
4.2252164
3.9077387
3.5968058
4.2369485
3.9737594
4.3718491
3.4246781
4.3284655
4.4034238
3.9080932
4.0607567
3.6963382
4.0368600
4.1345363
3.7042596
5.1453948
4.3246894
3.8053913
4.7165704
3.7565997
3.9240589
3.6770756
4.6751781
4.0085335
4.5867949
3.7060461
4.0780921
4.3287215
4.1823106
3.8480165
3.7401519
4.1614761
5.0022049
4.1615257
3.8133197
4.1740451
4.4424548
3.7003925
3.4171391
4.6125541
3.7197459
4.7659616
3.9369795
3.9252286
4.3032670
4.5198655
4.4469290
3.4756982
3.6015749
3.9292209
3.8522534
3.5485735
3.6820402
3.7528040
4.1555309
3.7526271
4.2861538
4.4847503
3.9741459
4.4064579
4.1513019
3.8288152
4.3142347
3.7544415
4.2750602
4.3755918
4.4920616
4.1024113
4.7557397
3.5246801
3.7307036
4.3541064
4.1265745
4.0529318
4.2642360
3.6764405
3.8555958
3.6949658
4.4513226
4.0275960
4.1713805
3.4859600
3.8836544
4.7630811
3.7052469
4.5432110
3.6340547
3.7021458
3.6775005
4.0418215
3.5952914
3.7329164
4.3792386
3.9619281
3.7683625
3.7321966
3.8858826
3.7215431
4.5798869
3.8550880
4.4974933
3.5926952
3.9200997
3.6566920
3.9082928
3.8745222
3.6190236
3.5569048
3.6529050
4.0641780
4.0790515
3.6237810
3.9673350
3.8009329
3.4353461
3.4761083
3.2373610
3.8834240
4.1092048
4.3985181
4.5656443
3.6244087
4.3519173
3.9426916
3.8037920
4.5262523
3.5838907
4.0578756
4.4054165
3.9982481
4.6946211
4.1467299
3.4383364
4.0174608
3.7676580
4.0458298
4.2732430
3.9467854
3.9681432
3.8851688
3.8451443
3.7537808
3.5467467
3.7977118
3.4324031
3.9050269
4.5542250
3.8659682
3.5684769
4.3987064
4.8165026
5.2365952
4.7492261
7.6799173
6.5746174
3.8967614
6.6517649
9.7927456
5.3097620
4.6334548
4.1822486
5.5472798
5.0565095
6.5469661
4.6437545
6.8639994
5.9670734
4.7459588
5.8697462
4.7908473
4.4760952
4.4544911
4.7013001
5.0018959
3.6694524
4.3978190
3.9455051
4.6232090
4.9647365
4.4612021
4.7560272
4.0515742
4.0263190
4.1691070
4.3518181
5.4021907
5.4645386
4.1859798
3.9661150
3.6282609
4.2995372
4.3669109
4.7664480
3.9539049
4.2549663
4.9740152
4.5546579
4.0045342
5.2882309
4.0058522
4.0937505
4.6255660
4.7186012
5.3719888
4.5742683
4.5948048
4.2817273
5.6964540
4.3972831
4.0802617
4.3401122
4.3779397
4.4368734
4.5186577
4.1890745
4.3198943
4.7417669
4.7853708
3.9880517
3.8590341
4.6947141
4.9810009
4.6145005
4.4092741
3.8530447
3.6566741
4.0046329
5.1539607
4.9172359
4.3725839
4.2395105
4.2129364
3.9132531
4.2976580
3.4433029
4.4768763
3.7156203
3.7903244
4.7599730
4.4373064
4.3997493
4.0895133
3.7460997
4.3689318
4.4608297
3.8675807
4.1521149
3.6372614
3.3673785
4.4663067
4.0632310
4.2174249
4.0393801
4.0827684
4.0159583
4.4209132
3.7397320
3.8710375
3.7804897
4.5719247
4.3690286
3.6891842
3.8272336
4.1052332
3.2258794
4.3678408
3.8824687
3.8347096
3.8506441
3.6853092
4.5547719
4.0330081
5.0414352
3.6754942
3.9380381
3.8141320
4.1531634
3.8970227
4.3520794
4.0384464
4.5713463
3.6242993
3.5014281
4.1122990
4.6026759
3.7712879
3.7710981
4.2261133
4.2361321
4.3539419
3.9671500
4.0003176
3.9237185
4.1431885
4.4552922
3.6928253
4.0198860
4.5145583
3.5813873
4.3044443
3.6899731
4.0047626
4.3376284
3.9870789
3.8552871
3.5676057
4.0872908
3.4682119
3.8145943
4.2631588
4.0260215
3.4923530
3.5224652
3.8294253
3.8581040
3.8555970
4.1243238
3.8307402
3.6058335
4.1828408
3.3701718
3.7098839
3.6694651
3.8929715
3.5569603
3.6215780
4.6176667
4.0457873
3.8140707
4.2551751
4.4988675
4.0118136
4.1354690
3.9688039
4.4448414
3.8369734
3.6422198
4.0370345
3.5934896
3.9813297
3.5317023
3.6639695
4.0779328
3.9739904
4.2121630
4.2067366
4.1151710
3.8750968
4.3744154
4.0903325
4.9888029
4.4538364
4.6373482
3.6008871
3.4476254
4.3823762
4.1922860
3.6100879
3.5718420
3.6114221
4.3893061
4.3984771
3.6479871
4.3068709
3.5606198
3.9317248
3.8942745
4.6216679
4.0028062
3.5226953
3.9741933
4.1021743
3.4522376
4.3129034
3.7175386
3.8847141
3.6176834
3.8905830
3.8835859
3.8518918
3.7247429
4.0735936
3.8222649
3.7444232
3.8633621
3.2797539
3.7924480
3.8142803
3.6575091
3.7798302
3.8122354
3.6684363
4.3398356
4.6645613
3.6219199
3.3938160
3.5377071
4.1932344
4.3356190
4.1382999
4.4085283
3.6715081
4.2382712
3.9404573
4.5472407
4.7679629
4.6430035
4.4191389
4.3949165
4.0070033
4.6177173
3.9091675
3.3622870
4.8562646
4.2899060
5.1221180
4.0219994
4.5645103
4.0969167
4.1904006
3.6369810
4.4423866
4.0201974
4.4135575
4.0764103
3.8541408
3.8918810
3.9975984
3.5300825
3.7174702
4.0186830
4.2061119
4.3111486
3.8209741
3.9209592
3.8086672
4.0042958
4.2501717
4.3160253
4.6040468
3.6305726
4.3323965
4.0464368
4.0133471
4.1796556
4.3481121
4.4588447
3.6986237
4.1110673
3.8400729
3.8452201
4.4148793
4.8548107
4.0928741
4.4669309
4.4198074
4.2754068
5.5716457
4.9782748
3.8175383
3.6799192
4.5231419
4.4867458
3.7122276
3.6573284
4.3987808
4.2754035
4.4217277
3.9318669
4.5188689
3.8407495
4.2943516
4.7098193
4.3475060
4.0179763
4.4961033
4.1122627
3.7537966
4.0281157
3.9656560
3.9841864
4.1045122
3.5709682
3.9437871
3.8747139
3.7762797
4.3595648
4.4072170
3.7999718
3.6610215
3.9048123
3.9564893
3.5890234
4.2832241
4.1518779
3.6406975
4.4513812
3.5914869
3.8401291
4.3246832
3.5414100
4.3077807
4.2253575
3.6977019
4.4372840
4.5363178
3.7564831
4.0686636
3.7586296
3.6590128
4.2082815
3.6523266
3.6141531
4.3126407
4.1702867
4.6187701
4.0173044
3.9007676
3.7982240
4.5887041
4.3991718
3.8867445
4.3019199
4.0517282
4.2942061
4.2352481
3.7851949
3.8172667
3.7428405
3.9254167
4.7146955
3.7549908
3.7845404
4.0688114
4.0540485
3.4322839
3.6676209
3.7172678
4.7048564
3.9703689
3.7852378
4.5944452
3.8696051
3.8921492
4.1900296
3.9422100
4.2180333
3.2578716
3.5798278
3.4544141
4.1128297
3.7659895
3.6209197
3.7568305
3.7808001
3.7704570
4.2801170
3.8137686
3.8773665
4.7232695
3.8612742
3.8981271
4.1011958
3.8544688
3.9547527
3.3939083
3.7040925
3.3977861
3.8366022
3.5090737
4.4552307
3.7680056
3.7577331
3.9276218
3.8485544
3.6473346
4.7466655
3.7975323
3.9223063
3.5242298
3.8797941
3.4389250
3.7993889
3.6931138
4.0595050
4.0378904
4.1421533
3.5647972
3.8960233
4.3297372
3.6239884
3.6411200
3.5663059
4.2787580
3.9811571
3.6751242
4.0341721
3.4871163
4.1331873
3.7013152
3.7888539
3.3936412
3.9184251
3.7861989
3.2976282
3.7359276
4.0298352
4.1608744
4.2310591
4.0398097
3.5815458
4.0423646
3.9051933
3.5964408
3.7242224
3.5085621
3.7014239
3.7751215
4.1483459
3.7592196
3.4564135
3.4086795
4.1827707
4.2559023
4.0300879
3.7216365
3.9838085
4.1016641
3.4307199
3.5217221
3.8050187
4.1239281
3.6176546
3.7329135
5.3701329
4.4301386
3.6347287
3.6131744
4.3918667
4.2998891
3.9161279
4.6313939
3.4653120
5.3134236
4.4653764
3.6988974
4.0213823
3.3485789
3.9946761
4.4699459
4.3085265
3.4933505
3.5931749
4.5481491
3.7287748
3.9961407
3.8926365
4.0059338
4.0259237
4.6337667
3.9722233
3.2475572
3.9176421
4.5432186
4.2865772
3.9634776
3.6999221
4.2264795
3.6123416
3.3566716
3.6747062
4.0155511
4.3789444
4.3904247
4.9808331
3.7957363
4.0466733
3.5771139
4.7389874
4.2677908
3.9009643
3.9188042
3.8833816
4.3203011
4.0793509
4.3927512
4.3559613
4.0279150
3.7398610
3.4188275
3.4654758
3.8558152
4.0904293
3.4387496
3.8305695
4.4087486
3.7564912
4.5908709
3.9387364
3.7786374
3.6864076
4.3510394
4.4744816
3.6883481
4.1655388
3.6231182
4.0305667
3.6998401
4.0125113
3.9307334
4.0091367
4.4324288
4.5794983
4.1424708
4.3707290
4.0588956
4.2172909
3.8308675
3.5261674
3.7232623
4.2714176
4.3324409
3.9936130
4.1990395
4.6366334
4.0999508
3.6099412
3.4087896
3.5588894
3.9354782
3.9271977
4.1102309
3.7008700
3.5863268
3.7480347
3.5584738
3.6555049
3.5788097
3.6057863
3.6503124
5.0270934
4.5573649
3.8537741
4.3966360
3.7377324
3.7731595
3.7742658
3.7425539
4.1082754
3.9457517
4.0678358
4.0076842
3.6650007
4.1059518
3.5705011
3.8634539
5.2196097
4.0748739
4.4531269
3.6709304
4.3491597
3.8926864
3.3897321
4.3313708
4.3724556
4.3240576
3.9255884
3.7897675
4.2563114
3.7485733
3.7217643
3.8405471
3.7579837
4.5751433
3.7806132
4.5951376
3.8394797
4.0311775
3.9359784
3.3951616
3.4673889
3.6381273
4.6325750
3.5306075
3.7254879
3.6404521
4.5269809
3.9994445
3.5675383
3.9097223
3.8237817
3.5420651
3.8992102
3.3464532
4.3648710
4.5712166
3.5841954
4.1565156
4.3026252
3.4698250
3.8380930
4.2032042
4.1453705
3.6862104
3.8910842
3.6826360
4.3714128
4.2157583
4.5263329
3.7891195
3.6256292
3.4333124
3.6490350
3.4705994
3.4448164
4.4398890
4.4200788
3.5603237
3.8342035
4.5650115
3.7073300
4.0473361
3.8086402
4.1047807
3.8529608
4.2732272
3.6044238
3.9413154
4.1987271
3.6741629
3.8117256
3.7929966
4.3898339
3.4107578
3.7817130
3.7405548
3.4647629
3.5721946
3.7646341
3.8585825
3.7914562
3.9963973
3.7365782
3.7753201
3.8979578
3.4090786
4.1349802
4.1581364
3.7762513
3.2800539
3.3115873
3.3587127
3.3588920
3.8925538
4.1525159
3.7242804
3.9399004
3.8242776
3.8265867
4.0889564
4.4419289
3.6080186
3.2698843
3.8020182
3.9777384
3.6615314
4.3576612
3.5032535
3.9694283
3.2798378
3.4964395
3.3304164
3.7961316
3.8978682
3.7347741
3.5979385
3.5525758
3.3856292
3.6394634
3.8877702
3.6758928
3.6774123
4.1500459
4.4114895
3.7666953
3.7280447
3.3143537
3.7871535
3.4597683
3.5908828
3.4551506
3.2212183
3.7010560
3.6883180
3.7876573
3.8542802
3.7347701
3.3790038
3.7355738
3.9494500
3.7686181
4.3119855
3.6390145
4.1976614
3.3842809
3.7482240
4.0809479
3.3302858
4.0430412
3.9130564
3.3658869
3.6193893
3.8774843
3.3818519
3.6302574
3.6338494
3.5477545
4.0080514
3.4976444
4.9533415
4.2903838
3.9343433
3.6195281
3.4749460
4.0362654
3.8456526
3.9646118
3.5036097
3.8554497
4.1584153
3.8595440
3.8115971
3.9257209
4.3104372
3.7483642
3.8938951
4.0464296
3.5617146
3.5225792
4.3743196
3.7310774
4.1760097
4.1220737
3.7990057
3.6201079
4.2898760
3.7809474
3.4996698
3.9388666
4.2660708
4.5291805
4.1083221
3.9575391
3.4355505
3.6015348
3.4942749
3.6502364
3.8585756
3.7820556
3.9673591
3.4905088
3.9717100
3.8454268
3.8372467
3.6985540
3.9777806
4.3153048
3.9097209
3.5874028
4.1367321
3.6404531
3.7146144
3.8853283
3.8271241
3.7327235
3.6116612
3.6328635
4.5933423
3.9121437
4.0193791
3.6825235
3.8156321
3.7883601
4.3499188
3.4291246
3.6267633
4.1204453
4.0650744
4.0172291
3.6446891
4.2166734
3.8376901
4.1374350
3.7932594
4.0280318
3.9004533
3.9006903
3.3867488
4.0652032
3.9706917
4.0231075
3.7031858
3.8259161
4.4131289
3.8493240
3.6220734
4.3054218
3.6031654
3.2841787
4.0315852
3.8098166
3.4012327
3.7170222
3.8753691
3.8877549
4.6547680
4.1871777
3.3200634
4.3952198
3.5026782
4.5763707
3.5192065
4.1826854
3.8942335
4.3277516
4.1650214
3.7497237
4.2362757
3.4608767
3.9146783
3.5938032
4.4633050
3.8583450
3.6436250
4.6031237
4.2175531
3.9683232
3.4071567
4.5448046
3.3201599
3.9616857
4.1686740
4.1081209
3.9959743
3.6514530
3.7083120
3.4300110
4.0991049
3.7531164
3.4347498
3.7489471
3.9589434
4.7926364
3.7287183
4.0151458
3.8610215
4.9517851
3.2596788
3.3121362
4.2930841
4.3768239
3.9379351
4.0123358
4.0606146
3.5114028
3.3068852
3.2653990
3.6326885
3.7890973
3.8008833
3.3255498
3.4592562
4.8772898
3.8615544
3.8578925
3.5967851
3.9481308
4.0174875
3.9334044
4.0500932
3.6640396
3.7216344
3.2606969
4.5395551
3.9914396
3.7837794
4.0649905
3.2705095
4.1113873
3.4005365
3.3081000
3.3604295
3.1735640
3.4523969
4.3873224
3.8433995
3.5774927
4.0214443
4.4044924
3.5895927
3.5102625
3.5559523
3.7971601
3.8743141
3.3237536
3.3274643
3.7695496
3.4087758
3.2549818
3.4501946
3.3786104
3.7697985
3.4875920
3.1183877
3.7969892
3.3352859
3.2432854
3.3092694
3.3419571
3.2876859
3.2992346
3.1798470
3.2676778
3.2334876
3.8186696
3.6336896
3.5627019
3.7025394
3.2015178
3.2445095
3.4063153
3.2485299
3.3170114
3.4150217
3.2134199
3.4004564
3.3708615
3.5076492
3.2780042
3.3445225
3.5798428
3.3582425
3.5970347
3.3538163
3.4845347
3.8675845
3.5704365
3.5367529
3.4267972
3.7536683
3.8314743
3.3866398
3.6066470
3.7451596
3.3989787
3.4985266
3.6371763
3.3399367
3.9031897
3.2244711
3.4374475
3.3928919
3.3700173
3.3681605
3.2632244
3.8605301
2.9802909
3.2073948
3.4837925
3.4449162
3.4060776
3.4343007
3.3370092
3.2852280
3.6408446
3.5511706
3.3374758
3.3538315
3.2358432
3.3248396
3.5252848
3.3265035
3.2370880
3.6683767
3.5978465
3.2251253
3.6346674
3.7997334
3.5537965
3.4006400
3.3523066
3.5363503
3.2960894
3.2479274
3.4044716
3.2399578
3.2411368
3.2085345
3.2443774
3.2493408
3.5212924
3.0796103
3.4859364
3.8076046
3.6009057
3.5963387
3.3852000
3.5164316
3.1979845
3.4992144
3.2542465
3.4140720
3.3209064
3.6223300
3.0949900
3.3044150
3.2727871
3.5291598
3.4714684
3.3072221
3.2827613
3.7527492
3.2424581
3.3551986
3.2125850
3.3819060
3.2979043
3.3782611
3.4021792
3.6514683
3.2889810
3.4544201
3.2418962
3.3008182
3.2384522
3.2552338
3.3598280
3.2118897
3.3591671
3.4555767
3.2733452
3.3593814
3.3248022
3.5513191
3.3221698
3.2876284
3.2140732
3.2394488
3.1747789
4.0142794
3.2943234
3.1298792
3.3538222
3.4562933
3.3319025
3.2892454
3.1667585
3.3787484
3.2481489
3.3762958
3.5431688
3.1542010
3.1397619
3.3262968
3.2817678
3.2986610
3.6902034
3.6585319
3.1840060
3.2575521
3.3671923
3.5556357
3.1933393
3.6809573
3.2474658
3.3601747
3.5746582
3.3130915
3.1388505
3.3043444
3.2993946
3.1926546
3.1925797
3.2772100
3.2633095
3.5489404
3.4703157
3.3196073
3.3066645
3.2934012
3.2988737
3.0528889
3.2366621
3.1503651
3.1269448
2.9869587
3.2637200
3.0310977
3.2680271
2.9119921
3.1743324
2.9906359
3.1649652
3.2802107
3.1063707
3.0611119
3.0641212
3.0730810
3.0527768
3.1178787
3.3128951
3.4345884
3.1695797
3.4882965
3.2114694
3.3120742
3.2711504
3.4084218
3.2806380
3.2796936
3.3030417
3.7151349
4.2017388
3.3511419
3.1009319
3.3024993
3.4901941
3.4200234
3.4880514
3.3634853
4.0990539
3.1907310
3.2937715
3.0980227
3.3397262
3.0387132
3.1324127
3.4198065
3.1656387
3.5519283
3.6164992
3.0459886
3.2327669
3.1081088
3.1244490
3.1793618
3.1221883
3.1060374
3.1448932
3.1323934
3.2240338
3.0302994
3.1261299
3.2395501
3.2263823
3.2026317
3.2569406
3.0860877
3.0342183
3.2358432
3.1594226
3.5561769
3.3184278
3.2639449
3.2740729
3.1712704
3.5291073
3.3483677
3.2413623
3.1614051
3.2045166
3.0813940
3.2398353
3.2076378
3.1568456
3.1414447
3.0562942
3.1317306
3.1470912
3.2195649
2.8870533
3.1011605
3.1567495
2.8452652
3.2008343
3.1056347
2.8884094
2.8577414
3.5978062
2.8795631
2.9363413
2.9263327
2.7263820
2.8403044
2.7853687
2.7888615
2.7701590
2.7779744
2.9048045
2.7340250
2.7544899
2.6916220
2.7045629
2.6437182
2.6038983
2.8573494
2.7208786
2.8401027
2.7643063
3.3542995
2.9090700
2.6217959
3.0509598
2.6444001
2.5679312
2.6096697
2.8573503
2.9758744
2.9311259
2.9973488
3.1348927
2.9136517
3.1114728
2.6387439
2.8635373
3.0176189
3.0036626
2.9638858
2.6231253
2.7664192
3.0989223
2.6737044
2.6706343
2.7055166
2.6099179
2.9161613
2.7630672
2.9856653
2.6730123
3.0518992
2.7005489
2.6903298
3.0734813
2.8230603
2.6608069
2.4610415
3.3504651
3.0120842
2.7308576
2.6750364
2.9283004
2.8343935
2.6474700
2.5438378
2.6695845
2.7647045
2.5848403
2.3230996
2.3350012
2.3938410
2.5122120
2.5054905
2.5992699
2.5634501
2.8595879
2.6185081
3.1272931
2.9535851
2.7368772
2.9017529
2.6549630
2.6492352
3.0709496
2.8161190
2.8237708
3.3102531
2.8671691
2.8899710
3.3376520
2.9799423
2.8910453
3.3963118
3.3193979
3.0368948
3.3654814
3.4032552
3.4433932
3.2233138
3.4358928
3.4790459
3.2745237
3.1695426
3.5244479
3.4131491
3.9589050
3.1277354
3.3844748
3.8359337
3.6653857
3.6689355
3.4088740
3.2548821
3.9363482
3.7269781
3.5016596
3.6915903
3.3548405
3.3821733
3.4117723
3.3991823
3.4427421
3.4079883
5.0047874
4.0937886
3.5265839
3.4596231
3.6019585
4.3384027
3.8719099
3.5064862
3.8827822
3.7258265
3.9944844
4.0397162
5.4295092
4.6901183
4.0889034
4.7377858
5.0710435
4.7383022
3.8792150
4.6807775
4.6185398
3.7828405
3.9444892
4.1283884
3.4981544
4.0189853
3.4575379
3.4819915
3.6195033
3.7035775
3.5827682
4.3926945
4.0312662
4.7248974
4.0665860
3.7482529
3.5589442
4.3382411
4.0858073
3.5677047
3.5634418
3.5415897
4.6809635
4.2775364
3.3825645
3.5977814
4.9455447
4.9939718
3.8124800
5.3629813
4.9633851
4.9066486
4.2833257
4.0193505
3.5962489
3.9959500
4.0501599
3.8612580
4.3655705
4.3389845
6.5487094
4.6648149
5.3978682
3.8988342
4.1072693
3.8898308
4.4020753
4.4179139
5.4518766
4.2099867
4.7707901
4.4755411
4.8184385
4.8434305
4.5421710
4.4858551
4.5555291
4.3204498
5.2387123
4.9033284
4.9063168
4.0908179
5.2780128
4.3487873
4.6397605
5.2661929
4.9545150
5.2442641
5.9649129
4.1371870
4.8893909
4.9642315
5.2287254
4.0009475
4.6148586
4.5848269
4.3418612
4.1682811
5.5610704
5.6130490
5.5608559
4.9200144
5.2252526
4.3484912
4.9049320
4.3544254
5.6386776
4.5929203
4.1358461
4.9232888
5.9914074
5.2109289
5.9638906
6.7961774
5.2620692
4.3976874
4.1367645
5.2976289
4.9599271
4.6420593
4.6341367
6.0162454
4.6505065
5.2180734
4.6162138
4.1076107
4.1329012
4.1494651
3.8867555
4.1616831
4.6127896
3.9143839
4.9061184
3.9723504
4.8773866
3.9589453
4.8598256
5.2117062
4.3772645
4.6002364
5.5538774
4.6263061
4.3805065
4.8896017
5.2862520
4.1095910
4.3310142
4.1458993
4.8696513
5.9070716
4.0252838
3.7338517
5.1783757
4.2697492
3.9106019
4.8305492
4.2706714
4.4873667
4.2410274
4.0157461
5.1016831
5.4845905
5.5843902
4.0592079
5.1736197
4.5036063
4.1761198
5.9164042
7.1323190
4.4038024
5.5589218
6.3021841
4.0061975
4.4982591
4.7599978
5.5049400
5.1783900
4.8548484
4.7996168
4.2482910
3.7154746
4.4941134
3.8577359
4.2433810
3.7957520
4.2892556
3.7841771
4.3755364
3.8210485
4.1928310
3.6395543
3.6740432
4.1567082
4.3582621
3.6163206
3.5453217
3.5859563
3.5962343
4.3866725
4.3845496
3.8813193
3.9082363
3.7824185
3.9375613
3.7968724
3.6594296
3.7095258
3.7606580
3.5870185
3.5731072
4.3086219
3.5377395
4.1022196
3.6786971
3.7104654
5.3903670
4.6604109
5.7594094
5.0264912
3.8394926
4.6651502
3.8966293
4.1453300
4.3381867
5.0730400
4.1744213
4.3623228
4.7090898
3.6377144
3.8123336
3.7172205
4.0849605
3.5704238
4.5010958
4.1338139
3.5998590
5.8527856
3.7252636
4.1176252
4.1330280
5.0586181
4.4557567
4.7035880
4.4153628
4.1424203
4.4497123
4.0839276
4.2651715
4.4353995
5.5099154
4.2047429
4.4607735
4.1731052
4.8381734
3.6770461
4.5476532
4.1563435
4.2296238
3.8999338
3.6836672
4.5422773
3.7385864
3.7909429
4.0004244
4.1910539
3.7876725
4.1933579
4.0270581
3.9989104
3.9160254
3.7550924
3.8164418
3.6366038
3.8165543
3.9231663
3.6961577
3.8703923
3.9935422
3.7223251
3.7389069
3.6587124
3.6699064
3.7081153
3.7378807
4.2853179
3.6939492
3.8408926
3.7100122
3.6914020
3.7211244
3.9174471
3.8828948
4.0074844
4.7176399
4.3030424
4.0212531
4.2919011
4.2969689
4.0356693
4.3479991
3.6830580
3.8257606
3.9030581
4.0365191
3.8505974
3.8707447
3.8433080
4.2909789
4.1766982
4.8348875
4.2880416
4.3740845
4.3530650
4.5596972
4.2742205
4.0696907
4.1667233
4.7183423
4.1783195
3.9024370
3.9404321
4.1704855
3.9572816
3.8642442
4.1592641
3.9970071
4.1159883
4.1450396
4.3193073
3.9422123
4.1376066
3.9550488
3.8395274
3.8470569
3.9307137
4.1338148
4.2579527
4.3194327
4.8949451
5.0281439
4.8942876
4.6119380
4.4030318
4.3828092
4.5386052
4.5722775
4.3768697
4.1087980
4.2854671
4.0360937
4.6334276
3.8812687
4.9412379
4.3519773
4.1026845
4.1452889
4.4693069
4.2178040
4.0178657
4.2275443
4.0446777
4.0084257
3.9667683
4.1604595
4.0254383
4.0714493
4.2611833
4.3041272
3.9193683
3.8995585
4.5071077
4.0170026
4.1785097
3.9556768
4.1073852
4.1695352
4.2086186
4.1962337
4.4106898
4.4280930
4.4127598
4.6175432
4.3852315
4.3259230
4.1354423
4.3275080
4.2528539
4.1415935
4.1809134
4.1721010
4.3814406
4.0737872
4.3413849
4.1290956
4.1001048
4.2276444
4.0957150
4.1516442
4.1216989
4.1022778
4.5587130
4.2888198
4.1019058
4.1563120
4.3359947
4.1251130
4.2375770
4.0416055
4.1835308
4.3047338
4.0254173
4.0541458
4.0839605
4.2376146
4.2220063
4.1445971
4.2355242
4.2279592
4.0906658
4.2321563
4.1429691
4.3041029
4.2792039
4.1368504
4.4640975
4.1603708
4.4588852
4.3071094
4.2023582
4.2989326
4.4112554
4.3445506
4.3382273
4.6475401
4.6133609
4.6139574
4.6873851
4.4534183
4.6362157
4.6530905
4.5547872
4.6895218
4.4089074
4.6277871
4.5762501
4.3614945
4.4072895
4.2812977
4.5859537
4.3694391
4.4315958
4.4249506
4.6242623
4.4491534
4.2767210
4.4293113
4.9056735
4.6152430
4.3347654
4.4176497
4.4575887
4.7909851
4.3406620
4.6268525
4.5929751
4.4981694
4.3372731
4.3899665
4.3944821
4.7082205
4.4129376
4.4027815
4.4093976
4.7124391
4.8510203
5.2121859
4.8395791
4.8229766
4.5997014
4.6122780
4.5356188
4.6639481
4.6649842
4.7744083
4.6857100
4.5330281
4.6297412
4.6556988
4.6123714
4.5161414
4.8296075
4.6187296
4.9059672
4.9771509
5.1164994
4.7921243
4.8024421
5.0864682
5.3146505
4.8482318
4.8670983
4.7152023
5.3806992
5.1641812
4.9912162
4.7965069
4.7843003
4.9354568
5.3591433
5.0207319
4.7987795
5.3621001
4.8700657
4.9622645
4.7905502
4.8876982
4.9505229
4.8120503
4.7566409
4.8474665
4.8594761
5.2102156
4.8567157
4.8583264
4.9963160
4.9113708
4.9407415
4.7937922
5.2447648
4.9022317
4.9491358
4.9889512
5.1258125
4.9053135
4.8374910
4.9770079
5.1847305
5.0991588
5.0276780
5.0358801
5.1860733
4.8624706
4.9246211
5.0294824
4.9182501
5.0429406
4.9282694
4.9580536
4.9751110
4.8711061
4.8835273
4.8931689
4.8301201
5.0531378
5.0322824
5.0111847
4.9742551
4.9739666
5.1238174
4.9798646
4.9358196
4.9431906
4.9791150
5.3414278
4.9821782
5.0332103
5.0610318
4.9889784
5.2894797
4.9990363
5.0107093
5.0095267
5.1919436
5.0123901
5.0445137
5.4442887
5.1400819
5.0205712
5.2220049
5.1086621
5.1394706
5.0417819
5.0081420
5.0572720
5.4578233
5.1394010
5.1717415
5.1239729
5.1718936
5.2271223
5.3264518
5.1920481
5.2179513
5.0321832
5.1055307
5.1329465
5.2177787
5.2360172
5.1005144
5.3618836
5.1146541
5.2335138
5.2037511
5.2711921
5.1969428
5.3310494
5.2628069
5.3280339
5.1829057
5.2398944
5.2381759
5.3063221
5.3360047
5.3167057
5.4753613
5.3485975
5.3848724
5.4756188
5.5520511
5.3752761
5.2290845
5.2688804
5.5130043
5.5032077
5.1493077
5.2753129
5.3166342
5.1471596
4.7621021
4.5963788
4.7601409
4.7385826
4.6533065
4.6102300
4.7464919
4.6942511
4.8119240
4.8998094
4.9296741
4.8067718
4.7820153
4.7117434
4.6895113
4.7347498
4.7182565
4.7652607
4.7242270
4.7270689
4.4807620
4.4796686
4.4306526
4.5210180
4.5644512
4.5473437
4.5508771
4.5468769
4.5500293
4.5276113
4.7161193
4.6035538
4.6239934
4.6248655
4.6385527
4.9605689
4.4731998
4.5377679
4.8993826
4.7464914
4.1396861
4.4894137
4.4948430
4.2872362
4.2159643
4.0759783
4.3326974
4.1100497
4.2083502
4.0831347
4.2929783
4.3722296
4.2888317
4.1115146
4.1544943
4.0770955
4.5002227
4.5657134
4.1778402
4.3207879
4.0777750
4.1609845
4.0009837
4.2780123
4.2238154
4.1637840
4.2089334
4.1019540
4.1214414
4.2689753
4.3495312
4.4669032
4.6187701
6.0505881
4.4257846
4.3978190
4.3852816
4.6638751
4.4292483
4.4360499
5.9679704
5.0250139
4.3573203
4.3028102
4.2417498
4.6411090
4.3546658
4.3292317
4.4470353
4.5722008
4.3345237
4.8112721
4.7765241
5.3150296
4.4381433
4.5060081
4.4314342
4.5525289
4.5319347
4.5131631
4.7714853
4.5174060
5.7210908
4.3567543
4.5813828
4.6118183
5.1557994
4.4912949
4.6240783
5.0030055
4.5582128
4.9867225
4.4132910
4.5457816
4.9043107
4.6778021
4.5072579
4.2958522
4.7400513
4.4008522
4.4146600
4.2941561
4.1579757
4.2212319
4.2106948
4.1907511
4.2742057
4.2212343
4.1442862
4.1565204
4.2925720
4.2139568
4.5584049
4.3209023
4.7330074
4.2097774
4.2647228
4.6329012
4.2352805
4.4803567
4.2316298
4.4587069
4.0976224
4.4256625
4.7556057
4.1012712
4.3470612
5.0787807
4.1151576
5.1287899
5.3230939
5.7056041
4.1406479
4.9586234
5.3695717
5.9073119
6.2567010
6.1058750
5.2098689
6.2523370
4.8530874
6.4144406
5.3252015
5.2652102
6.5315623
4.2307892
6.9653997
6.1319561
6.3244076
5.7138028
7.8592963
8.1920185
6.4198709
6.0117602
8.4134769
8.2308397
7.3852515
5.5688152
8.4207926
5.3692575
7.1800656
6.7975054
7.7315550
5.1465359
5.4701128
6.1623297
6.0586758
5.4569783
6.5487738
4.8263268
4.9529252
6.8714247
5.6447039
4.6512547
6.1669111
5.0475907
5.1240654
6.0976448
6.0028472
5.9045472
4.3472481
6.4741197
5.9190269
5.0177631
5.2191944
5.4534483
5.1952648
5.3442955
4.6474261
5.6299429
5.2644734
5.9860415
4.8503885
4.9390917
4.5917568
5.6833272
5.8912940
6.0112062
4.4679718
4.7009149
4.9461937
4.9293995
5.2339416
3.9189904
4.5192490
4.5372577
4.9841404
4.6711407
4.9369006
4.4832258
4.2219205
4.1159792
4.0663056
4.1691971
4.8169503
4.3188381
4.3929625
4.0897427
4.3759422
4.0977473
4.3830791
4.1317368
4.1035161
4.1324277
4.2221012
4.7307396
3.9615929
4.1369300
3.9921153
4.2114573
3.9382260
4.1686387
3.9406683
4.0508394
4.1690345
4.1362114
3.8693836
4.2570186
3.9406900
4.4728470
4.2417340
3.9197559
3.9503834
4.0136790
4.0100551
3.9948595
4.2939911
3.9806058
4.2015009
3.8558021
4.1503229
4.1530743
4.0426555
3.9533021
3.9539692
4.0137548
4.0487728
4.0648966
4.1345029
3.7674155
4.0434537
3.8796494
4.1620059
3.9892874
4.0355306
3.9950664
3.9547856
3.9484429
3.9360209
3.8159621
4.0038934
3.7557395
3.7870450
3.9551661
3.9312844
4.0275235
4.2420464
3.8630750
4.3720512
4.1361365
4.0786052
4.0756702
3.6510293
3.8520734
4.0476251
3.9024878
4.0348425
3.9052191
4.0352511
3.7129011
4.2861919
3.8285220
3.7592928
3.7241673
3.7220404
3.6621351
3.6760380
3.6490414
3.7017779
3.7249255
3.6619174
3.6497068
3.5192471
3.5683887
3.6422503
3.7173991
3.6223605
3.4958301
3.6063247
3.4801519
3.5389202
3.5501566
3.6865306
3.5181863
3.5832226
3.6230035
3.6667986
3.5918953
3.6198022
3.6310413
3.6086612
3.4131701
3.5346923
3.4397814
3.4507782
3.4965382
3.4549952
3.4863527
3.5240180
3.3931866
3.4663045
3.4214005
3.3706717
3.3924139
3.4365907
3.4568410
3.4334853
3.4402528
3.4080124
3.4146180
3.4618883
3.4832487
3.4131382
3.3594244
3.3623319
3.3128817
3.4998658
3.3007867
3.3778391
3.4182544
3.5223165
3.3564489
3.3755543
3.4401066
3.5054617
3.4266679
3.4239304
3.5667670
3.5405953
3.4313583
3.3786850
3.6010313
3.4077008
3.5127544
3.7626579
3.5353825
3.6590292
3.3809056
3.4935737
3.4228520
3.3716581
3.4036288
3.4785793
3.3785243
3.4182529
3.5583594
3.4724839
3.3256478
3.2824695
3.4279573
3.4410100
3.3461189
3.4686744
3.5451078
3.3902421
3.3798351
3.3859887
3.3777754
3.3764102
3.4256620
3.4791255
3.4067116
3.5865462
3.5468831
3.5485144
3.4223664
3.4229381
3.6751850
3.3905549
3.6035519
3.6637368
3.2877643
3.2142365
3.2117691
3.2821088
3.2156110
3.2304611
3.2857063
3.2874172
3.1773515
3.1815145
3.2999935
3.2789209
3.2338867
3.1841996
3.2669334
3.2474699
3.6532357
3.2275944
3.2912717
3.2783060
3.3685858
3.3357332
3.3090861
3.3092682
3.2998469
3.2933340
3.3310106
3.2810290
3.2752619
3.2628434
3.3735645
3.3047545
3.2605221
3.2767828
3.2316616
3.2425411
3.3036516
3.2864563
3.2346702
2.9566391
2.9915676
3.0270329
3.0992675
3.0230892
2.9833987
2.9841278
3.0020237
3.0038357
2.9923916
3.0686574
3.0084193
2.9228332
3.0296257
3.0053446
3.0429142
3.0276730
3.1347294
3.0395708
2.9932313
3.0050478
3.2295880
2.7821641
3.0575557
3.0461037
2.8812492
2.8010957
2.9675593
2.9289637
2.8682716
2.9160964
2.8028028
2.7916322
2.8593123
2.7439942
2.8672271
2.8629391
2.9140069
3.5235076
2.9214339
3.2168331
2.8708827
2.9170184
2.9969063
3.0259998
3.4598315
3.2014689
3.4603362
3.8062689
2.8709350
2.9086585
2.8894274
3.4939086
2.8770747
3.2223148
3.2105997
3.0220940
2.9945869
2.9024165
2.8462081
3.1908064
2.9742868
2.9139037
2.8744876
5.4301624
3.1620936
2.8327625
2.7924888
2.7575572
3.1410358
2.8244147
3.2754197
2.7864220
2.8027740
2.7644701
2.8220820
2.9953890
3.0236380
3.4908628
3.7753541
2.7552671
2.5730534
2.6523414
2.6214252
2.6817105
2.7281845
2.6281557
3.0146642
2.6193287
2.6819866
2.7209389
2.7899067
2.5577724
2.9404366
2.9644051
2.5951266
2.6832829
4.4423537
2.6511362
3.6107361
2.7328262
3.6867409
2.6786861
2.4766874
2.9912665
2.8435030
2.5288093
2.4788470
2.5318162
3.1686568
3.9092669
3.1884432
2.3818789
2.5518112
2.5874240
2.5348415
16.6285610
63.1889496
2.1972504
8.1582699
30.9311733
11.6198473
9.9416714
5.9365735
4.2343659
4.0242882
5.2641330
3.9656711
4.0612879
3.9800341
4.1116643
3.8860576
3.1738796
3.2832758
3.2102735
3.1847408
3.7340639
4.8776422
5.8712597
4.1090140
4.4296227
3.9543786
3.6084659
4.0333405
3.4943280
4.8115702
4.3405237
3.5580559
3.0939202
3.9581535
4.2808666
3.4488697
4.7010059
2.7931495
3.1409383
2.5067761
3.1230597
3.4671991
3.1122642
3.4841740
4.6672111
3.2179644
4.3116031
3.9122739
3.5437593
4.3027539
4.3258710
4.3052950
3.9167721
4.2865996
3.0121388
3.9410205
4.7283154
3.9839678
3.6293006
3.9955540
3.6190958
5.1936960
3.6543236
3.9725037
4.3830180
3.5944088
3.8283088
3.4680820
4.1890574
3.7852278
4.1912231
3.4293203
4.2348232
3.8273752
3.4371552
3.4687696
3.8580484
4.2409263
3.8382750
3.5991189
4.3212037
3.8486481
3.4791491
3.4929302
3.8829463
3.2054944
3.1988065
3.4888597
3.8639820
3.5005696
3.4907520
3.5011852
3.5064187
3.5210843
3.4918246
3.5147767
3.5143461
3.6395454
3.0809262
3.5241210
3.4743714
3.4567833
3.8437839
3.1820645
3.2339156
3.6879857
3.5828166
3.5651433
3.8607156
3.6344287
3.5396760
3.4386837
3.8830152
3.7565269
4.1938357
3.7744124
3.2679732
3.7399809
3.6192329
3.7369268
3.7075062
3.5891058
3.7577050
3.4296491
3.2823498
3.5634933
3.4416175
3.2524893
3.3219795
3.5862274
3.3574662
3.1163883
3.3755593
2.8347113
2.9789262
3.2205205
3.4882724
3.7386653
3.2152743
3.0659587
3.0180132
2.7848787
2.7749062
2.8924661
2.7636964
2.6253288
3.1210532
2.6355448
2.8362417
2.7672830
2.7259262
2.6077769
2.7719398
2.7705333
2.8900266
2.6184578
2.7282786
2.5844886
2.7063825
2.5146043
2.5812211
2.4639645
2.6574895
2.7066805
2.7889333
2.6076818
2.8644483
2.5792298
2.5637202
2.8070030
2.5348420
2.4877481
2.6310284
2.5317888
2.4586661
2.5272477
2.4148459
2.6338325
2.4615335
2.4742634
2.6439309
2.5107002
2.4995022
2.5116098
2.6403749
2.6553679
2.5157218
2.4923272
2.4872055
2.4875293
2.5396836
2.4805140
2.5599201
2.4505754
2.4739277
2.4909587
2.5380926
2.6269045
2.7011271
2.6438427
2.4529181
2.6610038
2.9237044
2.7001503
2.6371560
2.7929962
2.7021484
2.9686236
2.7470882
2.4904356
2.6499219
2.6186621
2.5625725
2.4625940
2.6997898
2.6044044
2.4220736
2.4574742
2.5855274
2.4089570
2.5825450
2.5207536
2.5211096
2.3909910
2.4174180
2.4567113
2.6126063
2.4286811
2.4561033
2.4887502
2.4299450
2.4453862
2.5852261
2.4266694
2.4491076
2.6520610
2.4379356
2.4663906
2.6935425
2.5910931
2.7388995
2.4886615
2.5056975
2.6020901
2.6425004
2.6989698
2.9331107
3.0098128
2.9673045
2.9014840
3.2398715
2.9570329
2.5633869
2.7151439
2.6748402
2.5938127
2.5422962
2.6503005
2.5305867
2.8875554
2.7031262
2.6141188
2.9144297
2.5349512
3.0223436
3.1931782
3.5620978
2.9568756
2.6115749
3.0867321
2.7909153
3.0642629
3.6363008
3.0623102
2.9557211
3.7489612
3.1297057
3.0284722
3.8395946
2.6366906
2.5706205
3.3452556
4.4941502
3.6303828
2.8285742
3.4179065
3.0233493
2.7731445
3.0089879
3.7480772
2.7149105
3.5023823
3.1326828
2.9138260
3.4600177
3.3266108
2.6760337
2.7129056
3.1167297
2.7916987
2.9024529
2.7794900
3.0172291
2.9318445
3.0306468
3.1955807
3.1708834
3.1596389
2.6429570
3.4920602
2.8193581
3.0253820
2.9238105
3.8599913
3.2450433
3.2148345
3.1062753
3.4312229
2.8443012
3.2629788
3.3593228
3.6622758
4.5137105
3.6807170
3.4089725
2.9585462
2.7610652
3.6011033
3.0005388
2.9981029
2.8892896
2.7182097
2.8738854
3.0739636
3.2780423
3.2972739
3.2914195
2.9429595
3.3162310
3.3248532
3.8167584
2.9575593
3.5612502
4.0676141
4.3514485
2.9783411
3.4017954
3.1357133
3.4967952
3.7534378
3.8432052
3.6851754
4.0829487
3.7810538
4.1601858
3.9822602
3.3607261
3.7344620
3.5021570
4.3070350
3.9476368
3.9755802
3.7933965
4.4802737
3.3670068
4.2906737
4.1198454
3.4963760
4.6069903
3.1670039
3.3429685
3.6622188
3.1174443
3.4508319
3.8382566
3.4284437
3.0999539
3.1758416
2.8297412
2.8700566
3.1328459
3.2100606
3.0321157
3.2821200
2.8374870
2.8938282
2.8040357
2.9388435
2.9591923
3.1160893
2.9801717
2.8842678
3.5139308
3.1174486
3.0996957
2.8714905
3.0841520
3.1578135
3.0633345
2.8097849
3.0271783
2.8712780
3.4738681
2.8726733
2.8627126
3.0731804
2.8689728
3.1121314
3.4563146
3.1009972
3.1405716
3.2175472
3.2230883
3.2246532
3.3975320
3.4299407
3.4410205
3.5661731
3.7819459
3.5931447
3.9032104
3.7185051
4.3452487
3.8783903
4.1176372
4.1088662
4.4409957
4.1607318
4.0051103
4.1419349
4.4471912
3.7807539
4.2713776
4.6340590
4.4370761
4.1996422
3.6538575
4.2171602
4.5282006
5.3092852
2.9598856
3.9163034
3.5919056
4.2355156
3.5641930
3.1045568
3.3309281
3.6878107
3.4923422
3.7360225
3.4962468
3.1353621
3.2271218
3.2367256
3.3663726
3.6083624
3.4189048
4.1154017
3.1868675
3.1600211
3.1532378
3.6431594
3.3922904
3.6126816
3.5903111
3.1907630
3.7472727
3.5034964
3.7647319
3.2717161
3.8713312
3.8813679
4.1191278
3.8105710
3.5165954
4.0344467
3.3297067
4.0415621
4.9342418
5.1554847
3.2516668
4.1089773
3.3938634
4.1259127
3.4492769
4.8596168
3.6222990
3.3968077
4.6838970
3.5106580
3.6969891
3.5373101
3.5174479
4.2565355
3.9203906
3.9534981
3.7535293
3.8232789
3.7372866
3.3833561
3.8894398
3.3925483
4.1977496
3.5075455
3.3895519
3.3718629
3.4306099
3.4179838
3.5430105
3.5560610
3.8354349
3.9590471
3.6151333
3.5696709
3.5799766
3.5004423
3.5831769
3.6243482
3.4308133
3.5666702
3.7969675
3.4560592
3.8399169
4.0905180
3.5266283
4.4168453
3.7734540
4.1602087
3.8652906
3.9166577
4.0314655
4.0542402
3.7588348
3.7254241
3.5602224
3.7157772
3.6741796
3.7121902
3.7114742
4.5131683
4.6602893
3.9315286
4.6378393
4.0309587
3.6703508
3.7351160
3.7525477
3.9861126
3.6119125
4.0308776
3.9362226
3.6516278
4.0041127
4.2085891
3.6728115
3.6658041
3.8708444
3.9107876
3.6376617
3.8594930
4.3417106
3.9109037
3.7932763
3.7163808
3.6874602
3.9371016
3.7090955
3.8037293
4.3330412
3.7737193
3.7544117
3.9080174
3.7460546
3.7995615
4.4967909
3.7996554
4.0634737
4.6206064
4.3119545
4.1804967
4.8416066
4.2837572
4.1370769
4.3732004
4.3287020
4.2213078
5.0430794
4.5417705
4.8074322
4.3861685
4.1308236
4.0922570
4.1149535
4.2603469
3.9149203
4.3601122
3.8856413
4.3187218
5.4921489
4.3520341
4.5395036
3.8887668
4.2157907
4.0640788
4.6091204
5.2342100
5.2102346
4.1487103
4.6371846
4.2620945
4.5073075
6.2803602
4.0365767
4.1087389
5.5243826
4.2166920
4.6054497
3.9891124
4.1267433
4.2908764
4.1484246
4.0395679
4.1694980
4.2752762
4.0750823
4.4786968
4.5458121
5.1024075
4.6033993
4.2341094
5.0787516
4.5037060
4.1113677
4.3048167
4.3149590
4.5871472
5.2866735
4.3126955
5.2962408
4.8183832
7.2989435
4.6178160
5.2241330
4.3609772
4.6455379
4.3657360
4.7958016
5.1976147
4.3081522
4.2304254
4.2481365
4.3421164
4.2454157
4.5742097
4.3401909
5.1042719
4.2732916
4.3380704
5.3496342
5.0376382
4.7244391
4.4696145
5.7368560
6.0098124
4.2422438
4.3815923
4.7498221
4.3451376
4.3367891
4.4483418
4.4298744
4.6830325
4.3439426
4.6822743
5.2641964
4.5981636
4.3781080
4.6955128
4.4972830
5.1730404
4.6122627
4.4012771
4.6911454
5.5240412
4.8579135
4.9149423
4.5339780
4.6242409
4.4927988
4.7819009
4.6220131
4.6668472
4.4510946
4.4470048
4.7868209
4.7085495
4.5084505
4.8357606
5.0991826
4.6599188
4.5789933
4.5878730
4.4780231
4.4705453
4.5678196
4.8633213
4.9302764
5.3282404
5.1455941
4.6844301
4.5748610
4.6203456
5.3099289
5.8564153
4.6353030
4.6555939
5.1536498
6.1650367
4.9889855
4.6037431
4.9030704
5.1725950
6.3915873
4.7550321
4.8359694
5.2237811
4.8007879
4.6779299
4.6306400
4.6634159
4.7128944
5.6397233
5.2187715
4.7533646
4.8340063
4.9161806
4.8332930
4.7621770
4.6763706
4.7804770
4.9243760
4.6916895
5.2344098
4.8649058
4.9533062
5.1024652
5.0096288
6.0395036
4.7527480
5.5763860
5.5996661
5.5398602
4.9093490
5.4229107
4.9399381
5.3233347
5.6334434
5.9828653
5.1717906
5.3354855
5.2680860
6.7825847
5.6281357
6.3079433
6.7294707
6.4257255
6.1687202
5.6137357
6.3057146
8.0611935
7.0508270
5.7667570
7.3618088
6.6645198
6.5472531
6.8570528
7.5785918
4.9253559
7.9328270
6.5522270
7.8492970
7.0977807
7.9818964
7.3970833
7.3592105
5.3536663
5.0894246
7.6166773
7.6714029
6.6079712
8.9743013
7.2547774
6.4331641
6.0690942
6.5839300
4.7899985
5.5078373
5.3583121
6.9586401
6.9964757
8.6101074
5.5076241
7.1107483
5.0865703
8.4251270
5.3846316
6.9849062
7.0159802
5.9070187
8.7718229
6.4415870
7.1673331
8.4855928
7.4624295
9.9057169
7.1815619
5.4751439
5.6569715
7.2355170
8.0470057
6.3505263
5.3392105
6.1497402
4.9562774
5.3648939
5.2838635
4.9354534
4.8870387
6.7487364
4.9349151
5.0726185
7.3532114
8.7034073
4.9200368
4.9688549
4.9608097
4.9692426
5.2717400
5.0161610
6.4072652
4.8893852
4.8834348
5.5591450
4.8602753
4.8594475
5.2241235
5.3076649
4.9276600
9.8221798
5.2080007
6.0447636
5.1791720
5.0123086
4.9329648
5.1979799
4.9115691
5.5762572
7.7898006
6.1428504
5.0081539
5.3946195
4.9682970
5.3502469
6.3617606
5.3015776
5.2728438
5.0822091
5.0212069
5.0572352
5.0151696
5.9615512
5.2271414
5.1102300
6.8186927
5.1799698
5.0235338
7.5409303
5.0475440
5.4390287
6.7663069
6.1313367
4.9865274
5.9004040
5.0373564
5.2271528
5.5860958
5.0468488
5.1946115
5.0457282
5.4131746
5.2830572
5.0951748
5.4525809
5.0826864
5.0085268
5.0138149
5.4200387
4.9950123
5.2837939
5.3835435
5.1666064
5.2734618
5.8871517
5.5319629
5.7443433
5.6211476
5.0992932
5.5249534
5.0669661
7.8717842
6.0349412
6.7926674
6.3880630
6.2995939
5.4646564
6.0517693
5.3075724
5.6098218
5.4229836
5.0597239
5.1089988
5.1081414
5.3386974
5.8994503
5.2542043
7.1362166
7.1866355
5.1585279
5.1806207
5.4501324
5.0890598
5.8055897
5.0937881
5.1475978
5.2232842
5.4513578
6.1553860
5.1763649
5.3656483
5.2099085
5.2052069
5.2231383
5.6229773
5.6914763
5.2527313
6.1988201
5.3540940
6.6364760
5.1123223
5.1073184
5.5153022
5.2108464
5.1410255
6.3937407
5.1451030
5.8108110
5.9156270
5.1633306
5.6187739
6.5251689
5.2094650
8.1998634
6.0993180
7.2225919
5.8554258
6.1306496
9.5469265
5.3475776
5.1758065
5.9037933
5.9903078
6.0741282
7.0355554
5.6781793
5.3253098
5.1564250
5.2583199
5.6576471
7.0028152
6.8260412
5.8757915
5.4058328
5.9213476
5.6651049
5.2142453
5.3790669
5.2033911
6.3580256
5.6071811
5.4365435
5.1812425
5.8579726
6.8457913
8.3779402
5.1935568
5.3452044
5.2314696
6.3915734
5.2125354
5.2208257
5.1976247
5.4661613
5.2396626
5.2995772
5.3057537
5.2884326
5.3350854
5.2558193
5.2850561
5.9308429
7.3757248
6.4442606
6.5389242
5.4361563
6.4790955
5.3085885
5.6052408
6.6599021
6.9095235
6.3446298
7.7769494
6.9476047
6.0418010
6.1107721
7.4705200
6.6692810
5.5731668
7.7221651
6.6269011
6.1317263
5.3669052
6.0475926
8.1841087
5.3820524
6.0837951
5.3304119
5.4323173
6.1242847
5.4166994
5.3905540
5.3328547
5.3647528
6.0105658
5.3348927
5.5395994
5.5333967
6.0665975
5.3582106
5.4405804
5.3402743
5.4196601
5.3391786
6.2629275
5.4054303
5.6063981
5.3713689
6.5940013
5.7054701
5.4093728
5.4480786
5.4980359
6.5902715
7.5008402
5.7589164
7.2883978
5.4639549
6.4367537
6.3048558
6.1732416
7.9440370
6.0421009
6.4133129
5.5249925
6.6335607
7.1711478
6.3425937
5.6184349
6.1122489
5.9969897
7.6155005
7.2721057
6.6777382
6.4370022
8.3229141
6.4105062
6.0443916
5.7843728
8.2265987
8.8673773
6.4050970
7.9357295
7.0187683
5.9827933
6.9452472
5.8747306
5.9115849
5.5438843
6.0031252
8.0080042
5.9484582
5.8027730
6.7202010
6.3961196
8.3409891
7.6618505
6.9103150
6.5239491
7.5801363
5.7253451
6.9713683
6.4585142
9.6169481
6.8675485
6.3539901
7.5351887
8.1064100
8.7370996
5.9964685
7.8311291
6.9475522
6.5150437
6.2948828
6.3716035
6.4664383
6.4003053
5.9310088
6.7245493
5.9793940
5.7617087
6.1855464
6.1806583
9.1609163
7.6139359
9.0805454
5.7746181
5.7393241
6.7064085
6.5124421
7.4163656
7.2382417
9.4811935
6.4378629
8.3682785
6.1767650
5.6414018
5.6962037
6.0417304
5.9952016
6.1362057
6.0566583
7.7092733
6.2732844
5.7864866
6.5192871
5.7823024
5.8956933
6.4082370
5.7876301
6.3743591
5.7483473
6.4633927
5.7480540
6.4393482
5.8055568
7.4183311
7.0571065
7.2458758
6.3590007
6.6669478
6.8673182
6.9648995
7.3271699
5.8549509
6.1743455
6.2289534
6.6158385
6.3270230
6.4954429
5.7394924
6.6417937
6.3027754
7.3627348
6.0428777
6.1029677
6.4538183
5.8237686
6.0280738
6.5454626
5.8626285
5.9532666
6.5166068
6.2040243
6.1530089
6.5792742
5.8144426
5.8827085
6.7615995
7.3303952
7.0499697
6.3979130
7.2790065
6.4346809
6.1795368
6.0954261
5.9116001
7.5582166
6.0831070
6.5483055
6.1166778
6.1103654
6.4017830
6.2860994
7.2806368
6.6620307
7.6415977
6.3799109
7.3299532
6.5917492
6.8411551
6.3102136
6.2883353
5.9550657
7.9170046
6.0046368
6.3183012
6.0926113
6.0757265
6.0618153
6.0641012
5.9464087
6.0257387
6.9072142
6.3363991
5.9989586
6.9441767
6.0251627
6.0354218
6.3058348
7.0777149
6.3267865
6.2114410
6.1475244
6.2267752
6.6789026
6.2018089
5.9505730
6.0198021
6.1203861
6.1981773
6.1920838
6.0763569
6.3633881
6.1387239
6.2879386
6.3602080
6.0843539
6.6463742
6.1672478
6.0922694
6.1524959
6.1692700
6.6494980
6.5774136
7.4024062
6.5266032
7.2426176
6.6275606
7.1776562
6.7455111
6.3275461
6.6998353
6.3975906
7.7627201
6.2831450
6.2588305
6.0675750
6.6802721
6.2690148
6.1444488
6.2592225
6.2461643
6.1388669
6.3007412
6.3310266
6.4224162
6.4241934
6.1944194
6.8160753
6.1657906
6.2899618
6.4069791
6.1618729
6.5296874
6.2277260
6.2821064
6.6634679
6.2995338
6.7290893
6.6217508
6.4024000
6.3558726
6.5060263
6.7255020
6.5071387
6.7900224
6.3915477
6.3400912
6.2993531
6.2923217
6.8234425
6.5468159
6.3571939
6.6801591
7.4679489
6.5529366
6.9521813
6.4330916
6.4665484
6.3612204
6.4538651
6.3530307
6.2495947
6.5648360
6.4900661
6.2617612
6.2512555
6.2558246
6.2344646
6.3711786
6.2354021
6.2803965
6.2826715
6.2789865
6.6030068
6.2463984
6.3351398
6.3817344
6.5046234
6.6983490
6.5942407
6.6345801
7.3901162
7.9429688
7.7023945
7.1742420
7.3454509
7.2801805
6.6436133
6.9654975
6.9966273
6.6045928
6.9116392
6.7161379
8.0425444
7.1077528
7.4023914
6.6854157
6.3038859
6.7662058
8.0763092
7.4207439
6.7054839
6.8996773
7.3107004
7.0790515
6.0850015
6.9454007
6.0825219
6.7771797
6.7390733
7.3245940
6.3062525
7.8674889
7.1034880
7.2596254
7.0677290
6.6483603
6.6261959
6.7262468
7.0200090
8.7637501
9.7708225
8.6855230
7.9041238
9.4323111
9.2237806
7.9614739
6.2992506
7.6420908
8.0763779
6.1210504
8.1104317
8.5683250
8.8491011
8.0051737
7.2127118
7.7176290
6.6045318
8.4198065
6.7839084
7.5388417
7.8385520
7.6365395
8.5153608
10.2588654
8.6121168
11.3141594
10.1786242
7.4025578
7.9220695
7.8981252
6.9720840
7.3672862
5.7962928
6.7276020
6.6934195
6.7210412
5.8208551
6.4104018
5.8738608
6.2784963
5.9765530
5.6164207
5.7035532
5.7561936
5.9575086
5.6777344
5.8263803
5.7609639
5.7251682
6.2325430
5.8451948
5.6975083
5.7480922
5.7523136
5.8934102
5.7563119
5.9853039
5.7795863
5.9650187
5.9103208
5.8536634
5.7879910
5.8511105
5.9703774
5.8287344
5.6975269
5.9982262
6.6017489
6.0453157
5.9882240
6.1799932
6.2684913
5.5212488
5.3402939
5.8621712
6.0937219
5.4685612
5.3245134
5.4474859
7.3327847
6.0132923
6.5273223
5.4381599
5.6092458
5.4542665
6.8412871
6.0334630
7.1051540
6.0589776
6.3007097
6.7756538
6.8490319
8.0907917
7.1994739
6.9845223
6.6276550
6.4403057
6.6871572
5.5507197
5.8941474
5.9589772
5.9239841
5.9121399
5.6495585
6.0337443
5.4254060
5.5468340
5.5600138
5.6797519
5.5253873
5.3657913
5.5693407
5.7367263
5.6853366
5.3979273
6.2293344
5.7092166
5.6611977
6.2405405
5.5704684
5.6810970
5.5718317
5.6166205
5.7321186
5.8380446
6.2330613
5.9469247
5.6258092
6.2540936
6.5958738
6.2693315
6.6910768
6.2969904
5.7790818
5.8254180
6.8718443
6.2868528
5.8036642
5.9204965
5.7789335
5.9752030
5.7410712
5.9217734
5.9496894
5.6578574
5.8170471
5.9346023
5.8756933
6.3308864
6.2350144
6.8171144
6.7272348
6.6095638
6.8903031
6.3005877
6.2324281
6.6155467
6.6256819
6.7273607
6.2606840
6.2611952
6.1663871
5.8667688
6.5122232
5.9657845
6.5267687
6.7124147
6.0908213
6.1592965
6.3898425
6.5195756
6.5411563
5.8383703
6.2555475
6.2693801
6.1076870
6.2915587
5.9238586
5.8794599
5.9353294
5.9961886
6.3996081
5.8265524
6.0900636
5.7653933
5.7090039
6.1280656
6.1329556
6.3070960
6.3832421
5.8775234
6.0087161
6.1715851
6.3218699
6.0351601
6.1315618
5.8495169
6.1593823
6.2986436
6.1406817
5.8696280
6.7121954
6.2892871
6.0888176
6.4547615
6.1744871
6.6108108
6.7494893
6.1576905
6.8880272
6.8803225
6.9182148
6.1888723
6.2000804
6.8526249
6.4517121
7.1973696
6.8513603
6.8876877
6.8794827
6.5425029
6.3881502
7.4173975
6.2841272
6.4392366
6.4794607
7.1261272
6.6789804
6.9432926
8.6722364
7.0343351
6.6999764
6.6786385
7.4583230
7.5947051
7.6149926
7.3240137
7.1538577
7.2899342
7.0185719
7.0175924
7.3308468
6.8818731
6.6952720
6.6402187
7.0763812
7.3140936
6.3488755
6.8999290
7.0475669
6.5627389
6.3688335
5.9849596
6.8975716
6.4214506
6.6767097
6.9433246
6.2325487
6.1074862
6.0132709
6.4185095
6.3691940
6.5364933
6.5054016
5.8194957
5.8656459
5.8949733
6.0843439
6.4294076
6.2792363
6.0218801
5.9225783
5.9221244
5.6755691
5.7396450
5.8700800
5.5744448
5.6992769
5.4607711
6.3754535
5.7476888
5.9928470
5.6449561
6.5261054
5.3804555
5.9648509
6.4189129
6.7741246
6.1221800
5.7290831
5.8152556
6.0738525
6.1061978
6.0343461
5.7524586
5.5295238
5.2392459
5.5382576
4.7951779
5.3586740
5.0723810
5.2755685
5.2549906
5.9755950
4.9562716
17.4197540
5.1820312
5.3348632
41.0173416
4.9834204
4.9837246
6.1720171
6.1965604
6.4611425
5.1667843
4.8776922
5.2523332
6.7344685
9.6373796
5.1537557
6.4810233
5.1884289
5.7819757
7.8969922
5.3506374
5.3700833
5.1842966
5.9752259
6.1035562
4.8225527
5.3844995
5.4410605
6.0852985
5.1260543
5.9109344
6.0475788
5.7278714
6.1689715
5.8314853
5.1904812
5.8000350
6.1630878
5.4833589
4.9562454
6.4736700
5.0150633
6.0373840
7.0039754
5.4774280
4.8920484
4.8829069
5.2268281
5.4427896
5.2073731
5.4326377
5.3188882
5.8003421
6.2101665
5.6004591
5.6756110
4.9569921
5.6923919
7.0638375
5.7303228
6.0343747
5.0010853
6.3909626
6.8975091
5.9242744
5.3181152
5.0732570
5.2176037
5.1686730
5.2556448
5.1877522
5.3663821
5.4139605
6.2994366
7.1730971
6.6292648
5.2285056
5.3578329
5.5701437
5.9140062
6.1746883
5.6068954
6.2291527
5.3867784
5.3596163
5.3766079
5.4999614
5.4587407
5.5311956
5.9403515
5.3912878
5.9052434
6.2140489
5.3415523
5.6285243
5.3835449
5.1843028
5.1168499
5.3044758
5.6280432
5.6771803
5.4344707
5.4499183
5.7388334
5.8296347
5.5703025
5.2187567
5.9795470
5.5543251
5.5395155
5.2575459
9.4260349
5.3581500
6.9763589
7.5163956
6.2194519
5.8937802
9.0222368
5.8963318
5.6816945
5.2242675
6.4980659
6.4827776
5.8361125
5.7802072
6.1215196
7.3845310
7.6557894
7.0391030
5.3817616
5.1732507
6.3476868
5.4325309
5.5247307
6.3167520
5.3495259
5.3190532
5.4074636
8.5624008
6.3082304
6.0573087
5.7293544
5.1393700
5.2076917
5.1514320
5.1982045
5.8036299
5.8516784
8.5443649
7.7196488
8.7373629
9.0948534
10.0642576
8.4589262
8.2575474
8.8728485
6.0578675
7.7988853
10.0964880
5.1715503
5.0381484
5.5561347
5.2723241
6.4873991
6.1490779
5.5594130
5.2096334
5.8121653
6.2766237
6.6286764
5.6517844
5.3701057
5.1971335
5.3288236
5.8349476
5.7641697
5.5242300
5.8396144
5.3250847
6.2902374
5.5004387
5.6817045
6.1905422
5.6103311
5.3453431
5.2823272
6.2644248
5.1332393
5.7889171
5.4401693
5.6081595
5.4066730
5.6852016
5.3523765
5.2950802
5.6148300
6.0464377
5.6459303
5.5608926
5.7175164
5.2996979
5.3218918
5.1996408
5.2593250
5.3426461
5.5340338
5.7328310
5.2415538
6.4348159
5.5910687
5.7631555
5.3363776
5.5754170
5.4786596
5.3983727
5.5122237
5.1038384
7.7613707
5.1135325
5.1493673
5.4303789
5.3101621
5.3627849
5.2687302
5.2022963
5.2202148
5.2793179
5.1835217
5.4109068
5.5284638
5.4202566
5.4044523
5.2300053
5.6511831
5.9279561
6.7634578
5.0280256
5.3474002
5.3845129
5.0305982
6.8083158
5.0906305
4.9800582
7.1631312
5.4902749
5.6490178
5.0665421
5.8508010
6.6111956
5.1529942
4.8343673
4.9914613
5.0266948
5.1722302
5.1779575
5.8599095
5.3805265
7.7610793
4.9377270
5.3631301
6.1418591
5.5435934
5.2635460
4.6882253
4.9228687
5.1480150
6.9295778
7.2993221
9.3008423
5.3684692
6.5225835
5.3114538
5.7181458
8.8018465
19.1586647
34.8206596
9.9842482
32.8762932
16.4966869
28.8452244
16.7787800
19.7928867
9.4894180
95.7758331
31.4079247
5.4455094
20.4911919
9.6833858
25.1702785
8.5273924
5.1404305
5.2293906
6.1780286
5.4626565
5.3772144
6.1524820
8.5937777
4.7708087
10.5189466
8.0923491
5.4120574
9.4789228
20.5635662
5.0859790
6.2779098
6.0322752
8.1842794
5.6232543
7.8252335
112.7765121
7.7767901
63.2046738
9.8634481
10.5424643
10.5692377
6.5672584
10.2146301
7.9761496
7.8237906
5.4779639
8.9747982
27.7267323
6.5646644
7.9744439
7.3703780
8.5034199
7.0040288
14.7592087
8.8275261
5.4762993
5.4910040
8.1007452
10.7571888
8.3015881
5.4721880
9.7835922
5.1110678
6.4270782
8.8814344
5.4104753
13.5500488
6.1304789
5.5919938
6.3994613
5.8260994
5.5477333
5.6161580
5.6475325
5.6765447
5.6155634
5.4279509
6.1244321
5.8157101
5.9948907
5.8807139
6.1343503
5.9055500
6.6237068
5.6338525
5.9230137
5.5969973
5.7626758
5.7802019
5.8065801
5.7203422
5.5903273
5.6406350
5.5682988
5.8882585
5.7156963
5.4913831
5.6203899
5.8662810
5.7877736
5.4648585
5.6237788
5.6477947
5.5888205
5.6084514
5.7693067
5.5517206
5.7346449
5.4229131
5.5653677
5.3618236
5.2271929
5.4160895
5.2970605
5.0437284
4.9609394
5.1292052
5.3894744
5.0385041
5.2912593
5.5309229
4.9688630
5.0871010
5.4066133
5.1200800
4.9058948
4.9789438
5.0769944
4.8173876
5.2267871
4.7726374
5.2142558
5.1967525
5.0035505
4.7419696
5.0301962
5.3653789
4.9852567
5.3454194
5.1184068
4.5745192
5.4026890
4.9905858
5.3479490
5.0890760
5.0878568
4.9959083
4.9001527
5.0068741
4.9623842
5.1368647
4.7484903
4.5590601
4.9392910
4.9727893
4.8593488
4.8913369
4.9366469
5.4081187
4.8978610
4.6765680
4.8908072
4.7818050
4.7821770
4.7302742
4.6275759
4.7113538
4.5518780
4.5194521
4.9206157
4.5171208
4.6531911
4.8230777
4.8815217
4.7063169
4.8957014
4.7501531
4.8954830
4.4070868
4.4321275
4.6111126
4.9845977
4.7042284
4.5696244
4.9069920
4.8221550
4.5901227
4.9832592
4.8666601
4.4530802
4.7487841
4.6761990
4.9320178
4.6270447
4.8590531
4.7102008
4.9003992
4.8909535
4.6683846
4.5502954
4.7619152
4.8830795
4.6899619
4.6840158
4.6393147
4.8728337
4.7117438
4.8629065
4.6995268
4.7959013
4.7549205
4.6116290
4.5807800
4.6304884
4.3742013
4.5787506
4.5789299
4.5400243
4.5511570
4.4175739
4.4298129
4.5272942
4.6550236
4.5639057
4.6408439
4.4804196
4.5192504
4.5074935
4.4830203
4.7074838
4.3447351
4.5283003
4.5381312
4.4322853
4.5073590
4.4156775
4.5642328
4.3176956
4.7914639
4.5091443
4.6917353
4.5408254
4.4668603
4.9746180
4.7032394
4.6522245
4.6540971
4.9402146
4.6527042
4.5300684
4.1774912
4.5696397
5.3193254
4.6463180
4.4549670
4.3951082
4.9210749
5.6088924
4.6230178
4.3751850
4.1753187
4.2932358
4.3504853
4.5984645
4.2432308
4.4501796
4.1719809
4.3520117
4.5954852
4.4034257
4.2327423
4.4262314
4.2665195
4.1499996
4.1461248
4.6059017
4.3415155
4.8692265
4.3805270
4.2343287
4.5459757
4.7398891
4.1087198
4.3616028
4.2445340
4.1782212
4.2146139
4.3165779
4.1861501
4.4875178
4.2439957
4.1754193
4.3091035
4.1671357
4.2927866
4.1609941
3.9010592
4.2832127
4.3093867
4.1192732
4.2453895
4.1959934
4.2459021
4.2834215
3.9105139
4.2105165
4.0422020
4.0951314
3.8530414
3.9641645
3.9847164
3.8615592
3.7073576
3.8697386
4.1241860
4.1436462
3.7598662
4.1305971
3.8628726
3.7338650
4.1202736
4.1092463
4.3782740
3.9632771
3.8960776
4.1224103
4.1478014
4.1223707
5.2610545
4.6297288
4.6428905
4.9342556
5.2629433
5.3854351
4.4258628
4.6177006
4.9833798
5.7965984
4.3140736
4.3097682
5.5247602
4.0997357
3.9461372
4.1651430
4.0974593
4.9683428
4.3209400
4.1167245
3.9690201
4.6085563
4.1273451
4.0690780
4.2256417
4.3330827
4.2006311
4.0615134
4.2056227
4.4114399
4.0306759
4.0955672
4.4355631
4.1425667
4.0187230
3.9499900
4.0872025
3.9713464
3.9724834
3.9774246
3.9154193
4.0326991
4.1384425
3.9063716
4.0134768
3.9859395
3.9908147
3.9602740
3.9304307
3.9650450
3.9891961
4.6099362
3.9623101
3.7528896
3.8770957
4.0203824
4.0264311
3.7862003
4.1989021
3.9862573
3.8034170
3.9840941
4.0096641
4.2220354
4.1579542
4.1792555
4.1686597
4.0003228
4.0092831
4.1606574
4.2272348
4.0318098
4.0090771
4.4914837
4.0423632
3.8378570
3.9885845
4.4079118
4.0897284
4.1034174
4.2612262
3.9995208
3.9975626
4.3620787
4.4334531
3.9690549
4.0418291
4.0017481
3.9822772
4.0101366
3.9050901
4.3658032
4.3996768
4.3638420
4.1541052
4.3963494
3.9799719
3.9715953
4.1441550
3.9688156
4.0762720
4.1236753
4.1131716
4.1145148
4.0333362
4.3361135
4.0311017
4.1171765
3.9646683
4.8005161
4.1109624
4.2669992
4.0024719
4.1480756
3.9859030
4.0852499
4.1331186
4.0559225
3.9621720
3.9895751
4.2644134
4.1253204
4.4727316
4.3300333
4.1631737
4.2846246
5.2136493
4.6072311
4.6383290
5.5242410
5.3530340
5.0177131
5.1682205
4.9073744
4.6967859
5.1223302
5.3987594
4.9636016
4.8088002
4.6231952
4.7766438
4.9835162
4.5159583
4.3913264
4.7549715
4.5707312
4.5264406
5.1837234
4.3070564
4.7840819
4.3054194
4.5865974
4.4543424
4.5985718
4.4567118
4.2132883
4.3282280
4.8108611
4.2826438
4.2118115
4.3645024
4.8966908
4.7436523
5.5716977
4.3746977
5.1486964
4.4244065
4.3942513
4.4639740
4.7332811
4.5824709
4.7447057
4.5109282
4.4043484
4.4448824
4.3749113
4.4949298
4.2967820
4.4955373
4.3747602
4.2780557
4.3060279
4.6189818
4.3375726
4.9015355
4.6245728
4.9425468
5.2080412
5.1501832
4.4448967
5.7294326
4.9261880
5.2730122
4.5570397
4.6850114
4.2546291
4.2378159
5.0149345
5.3779254
5.2932696
4.4389505
4.5782995
4.3006029
4.2784624
4.2781963
4.2643232
4.2850933
4.3537512
4.2910228
4.4101028
4.2217584
4.2755070
4.2261081
4.2886229
4.2148337
4.2177773
4.2770205
4.4096274
4.2697043
4.2142415
4.2931652
4.2912455
4.2388124
4.4380994
4.2785463
4.7118473
4.4348655
4.2696924
4.4021821
4.8161764
4.3821564
4.3814635
4.2867827
4.2727132
4.9496374
4.5250549
4.2451773
4.2555199
4.3967218
4.2801585
4.2320480
4.2930937
4.3708115
5.4715528
4.3701649
6.2584224
4.2755170
4.3730259
4.3968716
4.8223619
4.3758912
4.3367891
4.3930278
4.5491776
4.5260539
4.3811202
4.3668022
4.3707318
4.3796077
4.3643556
4.4347577
4.4046106
4.4226136
4.3885064
4.5245156
4.4584107
5.0622950
5.1022778
4.9753838
4.3747153
4.2804031
5.4244208
5.2930984
4.5317345
5.0769095
4.3484511
4.2612782
4.6027770
4.5037293
4.5577054
5.4269996
4.3844743
5.0280499
5.0352716
5.0875363
4.7252975
4.4157348
4.3845124
4.3948426
4.6611018
4.4841399
6.3639488
4.8827634
4.4024253
5.3308558
4.4565487
4.4815989
4.7124314
5.8183250
4.5272427
4.4838824
4.4983511
4.4785843
4.5617185
4.3838887
4.3987513
5.3577175
4.2649078
4.3963833
4.6422057
4.9284945
6.3406067
4.6784081
4.8740897
4.7119455
4.4995866
4.5416951
4.2795391
4.3855295
4.3560195
4.5679679
4.3544970
4.3169312
4.5623479
4.3844686
4.4946389
4.6677380
6.7427540
5.0410171
5.0036497
4.3544807
4.2742944
4.6261764
4.3919907
4.4747510
4.4979858
4.3850989
4.4881878
4.7086449
4.5753999
4.4126306
4.6222863
4.4845362
4.3476958
4.3840523
4.3778238
4.3659711
4.3252506
4.3150516
4.4617271
4.3419175
4.4575977
4.4612246
4.3049159
4.6568170
4.3393340
4.4299893
4.3558640
5.3200879
4.6632619
4.5078530
5.7530298
4.4597878
4.7118411
5.0916781
4.6661086
4.6513138
4.6393456
4.7572160
4.4480209
4.4453349
4.4514508
4.7147303
5.0565748
4.4130111
4.8095422
5.7743015
4.6227102
4.7649565
4.2395148
5.0825825
4.7880177
6.1345696
4.3611002
4.2749953
5.2126169
4.4943957
4.7992163
4.1358480
4.8082380
5.2887239
4.4948535
4.8335886
4.4370379
4.2910748
4.5254889
4.7669630
4.6821799
4.5533328
4.5299201
4.8978939
4.4450130
4.1180720
4.6787958
4.1751089
4.0794449
4.3267574
4.3395009
4.5947328
4.3660626
4.1322913
4.1955647
4.0419798
4.0887651
4.0974054
4.1080289
5.5020604
4.3260083
4.3504791
4.3688259
5.2649016
5.0044317
4.8766942
5.2352815
4.8856816
4.6377950
4.6053500
4.0612807
4.1696634
4.2979493
4.5676436
4.0830989
5.0724850
4.3686991
4.9649329
4.2288523
4.6588244
4.3161244
4.1430001
4.1010585
4.3114910
4.3166428
4.4318080
4.4596882
4.2655773
4.2210035
4.1092887
4.1046128
4.1438746
4.2533455
4.1191149
4.3031278
4.1861320
4.2064691
4.1601319
4.1640568
4.2537298
4.1663079
4.1694050
4.2646933
4.2451510
4.4050412
4.2555275
4.3400669
4.4599352
4.5606675
4.7982478
4.3906550
4.3870935
4.3307638
4.2128878
4.5485063
4.1576276
4.5975776
4.6084709
4.9296083
5.1807976
4.5438948
4.5755143
4.6858506
4.9789977
4.4163241
4.5131269
4.6886506
4.8479447
4.8937640
4.5448709
4.4383483
4.3041110
4.6260629
4.2038999
4.6924181
5.3551064
4.4616485
4.6180549
4.3992624
4.4261537
4.9656186
4.9666619
4.6014347
5.0638633
4.3318386
4.9957371
4.5138774
4.4404764
4.3878598
4.3992581
4.6505580
4.6708727
4.8531556
4.3426790
5.3729773
4.3923249
4.7008901
4.7000737
5.0464077
4.9692383
4.4400163
4.6711617
4.3881612
5.3924422
5.0620337
4.9348655
5.3904829
4.5905972
4.4121022
4.9666038
4.5880466
4.4316311
4.9614940
5.0394511
5.0125666
4.7543893
5.2311611
4.7826319
4.8094316
4.9562860
5.0346565
4.8633528
4.6167350
4.6375194
4.4879451
4.6929908
4.7164946
4.8467073
4.7870693
4.3269305
4.9732533
4.5809174
4.6059237
4.1223507
4.2628922
4.9343066
4.1476727
4.6622996
4.7823009
4.6657777
4.1795936
4.4422112
4.6323929
4.2015433
4.6435566
4.7783022
4.0918899
4.0986147
4.1454773
5.1518302
4.2490659
4.9793930
4.3095169
4.2122865
4.5542245
4.5817127
4.9776931
4.4867930
4.3143282
4.1334691
4.2807364
5.1507840
4.5581121
4.8252454
4.6347308
4.5095463
4.6089458
4.7462230
4.8526464
4.9701986
6.0733318
5.3038197
5.2732458
4.9441853
4.7716975
4.7462783
5.4813609
5.2337651
5.4500608
5.9779634
5.1238837
5.1180596
5.2733636
5.6045265
5.9189768
5.9513350
4.3892612
6.0150676
4.8501964
5.3215117
4.5061526
5.8259068
5.3704333
4.8913479
5.2674832
5.3445830
4.8733683
5.9169359
4.7697368
5.4289703
5.9554906
5.2514310
5.4063625
5.8539333
5.6980786
4.9493771
5.3327885
4.8776364
4.9743562
5.0284324
4.2804322
4.1805172
4.2411962
4.9014301
4.6189141
4.3372521
4.5611587
4.7435517
7.3742886
5.3904195
5.0599227
4.7314415
5.5112615
5.8982439
4.2593212
5.9725523
6.4354644
7.3553658
5.4713278
5.2623649
5.4064484
5.4636374
5.4629483
5.3454285
5.2956319
5.4973817
4.6760731
5.0545764
5.3242092
4.4444461
4.8775640
4.7173200
4.9456601
5.0819449
4.1964388
4.5563016
4.7021108
4.1901236
4.2493353
4.7530494
4.4611564
4.5376544
4.7403941
4.8840036
5.3322258
5.4999757
4.4207654
4.7114835
4.7917204
5.7932563
4.8121452
5.1737299
4.2673159
4.4565692
4.7307639
4.3466868
4.3222198
4.4628344
4.5034661
5.1958241
5.3803349
5.3871360
4.6322169
5.3806419
6.0704432
4.6803002
4.5090675
4.5030012
4.5436120
4.4796295
4.5553164
5.0216708
4.4861398
4.7117877
4.3489871
4.5472560
4.2738457
4.7181091
4.4652314
4.5526028
5.5220113
4.4946208
4.3864889
5.3164287
4.7275634
5.3785667
5.1671529
5.0349507
4.8707361
5.0084157
6.2205391
4.6762948
5.0470934
5.0363846
5.3735318
6.0303974
5.3290987
5.2478166
6.0836258
5.3817763
6.0322304
5.2993546
5.3597693
4.9498806
5.3126445
6.3635426
5.3588457
5.2777739
5.3154016
5.6092067
5.2758584
4.7449417
4.5653830
4.7594299
4.7889905
4.4405847
4.4530802
4.9994621
4.5262470
4.7694583
4.7599378
4.8024278
5.2576466
4.8431621
4.9812493
5.5543509
5.7775621
5.5197449
5.0259333
5.5284877
5.5362887
5.2293062
5.4619765
4.5376921
5.2685609
4.6933637
4.5453420
4.5820594
4.9160366
4.6871295
4.5536652
5.1515617
4.4375153
4.9291120
4.5729232
4.4875946
4.7225947
4.7126203
4.7093086
4.7055917
4.7323675
4.5819073
4.6080074
4.6133232
4.7783346
4.7761993
4.7652736
4.5441761
4.5335035
4.5318899
4.5540175
4.5528111
4.5613327
4.6728230
5.0570774
5.2417727
5.5677371
5.0228486
5.0280976
5.5529714
6.1869383
5.3048534
5.8508115
4.8216681
5.2773519
5.0206814
5.0751910
4.8657279
5.3110218
5.0117273
4.8644485
4.6932254
5.3179388
4.5723963
4.5937681
5.0658154
5.1122856
5.3541551
4.7714224
4.8509970
4.7285237
5.0851068
4.7272973
4.8527155
4.7120051
4.6798072
5.5616632
4.8013034
4.8437953
5.0353394
4.8369069
4.8618970
4.8207188
5.2977657
4.8168569
5.3328338
5.0985031
5.3898025
5.1049905
4.8271279
5.6410332
5.0778041
5.3361802
4.9530859
5.1151052
5.2897401
5.3461509
5.2884135
5.0541854
5.0754075
5.0952263
5.1131258
5.0583758
4.8725696
5.5744019
5.0793304
5.3138075
5.3367939
5.1356568
5.1876373
5.0657558
5.0703707
5.6008253
5.0949101
5.1976929
4.7708454
5.0229640
4.9637275
4.7456012
4.9902563
5.1908236
4.9420424
5.2004023
5.2070727
4.9678760
5.1854730
5.2406249
5.0156345
5.2271852
5.8242393
5.5096269
5.5006437
5.5885882
5.2319245
5.4775004
5.1317286
4.8959475
5.4499226
5.1151981
4.9517188
5.4112759
5.1427050
5.1323500
5.4432197
5.5031958
4.9935789
5.0548139
5.4348507
5.7322679
5.0338068
5.1756516
5.1653328
5.2097578
5.3831964
5.1400290
5.1494060
5.1236148
5.1894369
5.5367751
5.7566490
5.4729056
5.1664286
5.4802499
5.3814988
5.7636442
5.4037528
5.1716270
5.3160982
5.1351891
5.2396512
5.8775511
5.5603218
5.8585453
5.5617590
5.0892110
5.7938495
6.0282340
5.8160210
5.7893672
5.7793250
5.3534570
4.8942790
5.3459034
5.9113684
4.8477306
5.0380917
5.3211331
4.8480730
5.6308293
5.5997291
5.0551610
5.6343827
5.6449432
5.3367295
5.6251540
5.0335875
5.0792632
5.3301134
5.6772976
6.3397236
5.9606600
5.2812786
5.0357199
5.6524744
5.0507479
5.6987147
6.8748074
6.4348197
6.8049803
6.4264350
6.3854680
5.7573876
6.3816295
4.7928882
6.4745140
5.6984382
4.8444638
5.7241654
4.8474374
6.7992039
6.4302335
6.3783708
5.1466198
5.1179051
5.4153175
5.1327033
5.1124468
4.8669543
5.6522999
5.4576998
5.3270736
5.3984418
5.7436280
4.9431458
4.9184947
5.2981634
4.4013691
4.3086944
4.2966561
4.5599122
4.3602428
4.3620381
4.6428008
4.5584049
4.4771166
4.3613358
4.3285995
4.5546837
4.5963993
4.7020936
4.5958362
4.4597301
5.0913181
4.4041266
4.1565437
4.9402499
4.5334048
4.3168778
4.6318355
4.2588449
4.1280098
4.6196671
4.1990294
5.5756407
4.6640248
4.6098237
4.3891282
4.7351389
4.3802309
4.9284282
4.8515749
4.2683272
4.7129922
4.6882749
5.1226196
4.7938056
4.3062053
4.1330862
4.2839932
4.7368946
4.4734254
4.7448015
4.0519733
4.2815104
4.1437941
4.2965541
4.7403660
4.1534367
4.5000324
4.4948235
4.3245072
4.7570758
4.5096779
4.3365040
3.9723825
3.9873269
4.1086278
4.2249818
4.4218564
4.0393906
4.2362666
3.9488552
4.7318344
3.9866076
4.0359397
4.2223144
4.0420275
5.2410250
4.0340581
4.6395702
3.8916304
4.1825800
4.0226064
4.3835483
4.4042292
4.1145554
4.1136689
4.8689094
3.9232855
3.8331847
4.2960234
4.2976356
4.2858624
4.5466256
4.8508582
4.5548639
4.2918429
4.5494533
3.9355056
3.8064549
3.8285284
4.5579772
4.0871959
4.2913928
3.8025975
3.6707242
3.9771118
4.1903362
3.7016644
3.6533058
4.1741672
4.7379141
4.7503357
4.7467718
5.0819120
4.4654217
4.4847164
5.1115408
3.9564490
5.1129775
5.4689794
5.4604282
4.7659321
5.1008935
5.1052785
5.4645495
5.0744114
3.9529653
4.7691193
4.1906605
4.7692785
5.4601502
5.0730691
4.1762695
5.4412541
5.4230785
5.4197025
5.8289533
4.7326460
4.7425623
4.7199445
3.9181948
4.1441092
5.0579333
4.3907490
4.7040877
4.6933761
5.4254770
5.8021712
5.4114494
4.3804712
4.3927798
4.3917780
4.6931553
4.7030692
4.1257224
4.7106357
3.8989677
4.3938684
4.3833652
5.0965295
4.7251868
4.7014565
4.4052043
4.7040939
4.1139512
5.0722432
4.3844342
4.4289427
3.7106090
4.0465779
4.1748376
5.0556803
5.4450636
5.0455360
3.8488123
4.7087498
4.3893127
3.8797019
3.5711942
3.8320658
3.7149999
4.0671349
4.0706801
4.0237341
3.8184366
4.5969543
4.0523863
4.6117616
4.0045104
4.0096421
4.3313112
3.6462543
4.3603730
3.8621914
4.0144691
4.3873649
4.6934481
4.9744873
4.9937129
5.3933034
4.9559455
4.0189695
4.0777783
4.6035409
4.2551441
3.6945755
4.2535052
3.7478790
4.9376354
3.7148936
4.5440688
3.6927538
4.8997731
3.9256337
4.5400791
4.5373573
6.1307435
3.9014657
3.3772094
3.6586411
4.1640577
4.1795983
4.1435242
4.1142316
4.0670762
4.4105368
3.5615849
3.3995104
4.4129853
3.7861302
3.7648659
3.5071356
3.7402129
3.7175128
3.4892104
3.3240438
3.7347999
4.7191491
3.4888849
4.3805737
4.3684182
3.5150754
4.0555763
4.3810220
3.7099059
4.0022912
5.0760169
3.4664571
4.0087695
3.9849677
4.3323908
4.3596439
3.9986055
3.7490401
4.3736539
4.0481210
4.0183516
4.0300555
4.3390126
4.3263259
4.3293490
4.3415785
4.3309865
4.0161552
4.0536103
4.4333649
3.7600641
5.1127543
3.5420604
3.4282951
3.5627120
3.5660913
4.0703487
3.7860637
3.7788548
4.0560532
3.7569635
4.0502377
3.2233648
3.7798779
4.3563437
4.0328608
3.7327223
3.7150605
4.6554918
4.6577258
3.9781575
3.6704071
4.2961202
3.4044051
5.4393783
4.2788401
5.0255342
5.0173521
4.6301851
5.0342307
5.0227799
4.2657213
4.6262150
5.0308566
5.0431986
5.8619943
5.4330354
5.0340142
4.9790850
4.9813108
6.7092257
5.8090148
6.6995044
6.7103763
7.6464539
4.9867072
6.2649555
7.1844153
7.1652403
5.8123684
9.5263672
5.8084826
7.1393919
8.0606518
7.1583943
6.9996190
8.0373020
9.0145845
7.6723013
9.0041695
8.5217209
9.0736189
10.0015364
8.5435925
10.4053259
9.9290905
3.8796744
7.7075100
6.7673411
8.9829359
6.6642704
6.3152170
7.1157680
3.9767735
6.2855649
6.4169116
8.9631739
20.1061592
8.5248051
8.1356268
5.3326941
7.0982771
7.1056108
59.2089653
4.7467518
7.0951285
6.9975696
6.4347706
6.0777426
6.0556531
4.6780157
5.1004553
3.9044082
6.3594913
5.4168725
5.0375924
3.9480526
3.3264861
3.0805135
3.5393960
3.2937653
3.2952647
3.8389423
3.8391387
2.9168642
2.9582739
3.5595770
3.0786464
3.2684438
3.0717700
3.2768013
2.9695258
2.9864676
4.3670864
3.3854156
3.0017118
3.4508576
3.7644093
3.2215049
4.1083694
2.9568818
3.8590209
4.0851064
4.0584693
3.0586131
4.8141418
5.6993451
3.3319709
3.1954262
3.2785611
5.7156405
7.0853391
4.3249121
7.0431495
3.3535511
3.7295349
9.6945515
4.1091900
4.1813049
3.9050629
3.4920363
4.3212037
3.4709244
3.5887098
3.5217419
4.0528989
3.8723567
3.5522604
5.0692725
4.5099564
4.3149986
4.1098313
5.2795191
3.6606858
3.7828424
3.5821025
3.9158177
3.6819167
3.6845710
4.0983243
4.6087899
4.5327067
3.9935062
4.8625541
3.9812357
4.7954268
6.4715958
6.9103751
8.8441038
3.6578395
7.4372492
4.8028436
3.5884216
5.4075322
4.8041053
4.5566282
7.0322967
5.6930833
4.7458873
6.5573897
5.6033902
6.8693662
5.9648871
5.1548305
4.1661158
3.8828468
4.0976291
4.1885371
5.2056594
5.2325153
4.8248167
7.8208332
5.6160789
4.7947106
4.3165016
3.3442574
6.2516747
7.8225269
8.3921309
10.2896729
7.3225341
20.0228672
6.0448632
22.3855305
26.4921608
37.6655807
36.6720047
33.6471062
21.1021671
18.0289917
19.0547562
41.0294571
26.9171581
24.4226036
24.4466553
30.1819153
34.0036011
22.4897690
32.0856056
16.0866089
6.3546309
17.4678059
18.6066647
7.2649512
4.3991938
7.2295241
5.5414338
5.2151709
4.8430243
6.9169464
4.1694746
5.5686464
5.9472227
5.6095262
3.3306258
7.8438330
4.4539237
3.8949180
6.9145322
4.0958133
5.6139588
4.6905904
5.3258052
3.7232563
3.2439098
3.9194014
3.6578784
3.7903631
4.7798424
3.7823741
3.9035141
3.5080452
3.8454039
3.5529158
4.0604849
5.7107668
5.5263014
3.6488411
3.6268632
3.7654722
3.8317688
4.2570763
4.0829883
3.4531422
3.4718392
4.4919062
3.6524153
3.6355882
3.4582357
3.3553247
3.8411109
4.7456875
3.6440289
3.4054112
3.7535551
6.7835240
3.7546456
3.2393103
3.3252516
3.2174749
3.7046905
3.1891363
3.3261642
3.5777106
3.2641184
4.0382829
3.1946037
3.5807908
3.9683607
3.7205937
4.3714495
3.7004030
3.2976511
3.2662656
4.3952918
3.2146175
3.2124720
3.2994139
3.3651085
3.1798975
3.5256684
3.3254619
3.2829781
4.4705982
3.7657199
3.2390652
4.8170600
3.5360353
3.5989196
4.7329326
3.2598641
3.5738082
4.0362754
3.7316375
3.3336120
3.2365091
3.3378077
4.4149780
5.5384398
4.1430893
4.4867105
5.2213664
4.4889050
5.2713032
4.8672457
5.2802186
6.3875895
5.5868354
4.9335852
6.8688040
5.6689439
7.7265935
6.0864344
7.3024020
6.5066466
5.6303744
7.7503743
6.4148660
6.9157915
6.9214897
5.2936006
6.0289903
6.0139079
6.4839768
6.4985561
6.0631695
5.2736568
5.7181077
4.4875336
5.3127828
4.5747705
3.7312253
4.7401686
4.0609035
3.9572875
3.5214550
4.6937966
3.5305676
3.5937805
4.8653760
3.7047229
3.6728244
4.1417150
4.2147193
3.6801186
4.8534870
4.4033642
4.1951246
4.1580968
5.2006254
4.0692873
5.1725564
5.2079682
3.9950972
4.8530035
6.0237441
4.7580848
5.2888713
4.9614592
5.4659810
5.1327968
5.5175042
4.4985199
4.9848070
5.1963844
5.1551337
4.9898009
5.1765428
5.3799181
4.4878802
5.1829119
5.3916030
4.8783092
5.1992736
4.7693663
4.7453880
6.7828450
5.2102623
5.9138398
5.1426439
5.6169014
7.2238379
5.0985246
7.6685700
5.5969501
4.0297341
5.5370407
6.3223619
5.0803270
5.9152436
5.9365091
4.3805566
5.9075208
3.7384601
4.3498516
4.7226319
3.5835679
4.3448901
4.2877164
4.6497798
4.3035159
3.2863462
3.4035237
3.7715561
4.2958360
3.1270328
5.8390760
4.2574487
4.6240706
3.9564323
3.2264876
3.9256551
3.0864573
3.9293237
3.6342890
4.2516327
5.4235649
4.7571063
4.0459056
4.3626409
4.2670522
3.9501877
3.6521876
5.4161267
3.3692460
3.1767986
3.6214070
4.6177859
4.2679911
6.8650341
4.6153021
3.4384835
3.6131182
3.9090056
3.9134493
4.9907694
5.0037694
4.6117191
3.3881934
5.0485096
4.2419848
4.9934831
4.9866037
3.1778619
4.6075563
6.2697425
4.6419973
3.9054101
3.9355175
4.9917421
3.5802259
4.5935221
3.0303247
4.6514001
3.6540043
3.4122572
3.6102533
5.3755846
3.6024835
4.9930649
3.2414734
3.4199765
4.6694441
3.7300143
3.1395400
3.3788576
4.6094384
3.9430561
4.2964849
5.0461922
4.2839689
3.9112737
3.7694867
3.9899890
3.0785666
3.2996166
3.9910815
3.5804379
3.3342333
3.4636290
3.7326405
3.2813261
3.7199841
3.9695220
4.0593538
4.0593596
3.4580734
4.3768196
4.2746654
3.6435125
4.3694463
4.0690699
4.7125635
4.6470828
3.5435090
6.6965151
3.2773783
4.6212826
4.0973506
3.3933234
5.0079365
3.5978024
3.7717922
3.3440609
3.7175436
3.3189988
3.5042806
3.5404735
3.7238009
3.4655418
3.8572063
4.0464864
3.4871128
3.9971025
4.2413363
3.8299696
3.4119275
3.4825170
3.6077137
4.1388531
4.7752318
3.4785016
3.4852128
3.6109531
3.8577998
3.3865135
3.7098432
3.5249932
3.8404412
3.4576988
3.3324342
3.7114384
3.7506449
4.1031256
3.9570258
3.8179958
3.3321085
3.4871039
3.5385888
3.6866922
3.5914485
3.6316502
4.7875977
3.6879256
3.3392248
4.0430121
4.6142755
3.6227808
4.7344837
3.4372947
3.3975992
3.6556628
4.6077533
3.8634901
3.8146629
3.7802753
3.6035540
3.4069185
3.6720939
3.5969586
3.5989993
3.6381531
4.3850961
3.8328760
3.3738799
3.8635888
3.2181282
3.6205714
3.6220078
3.2775376
3.4462729
3.7718954
3.2525189
3.4368513
4.0723176
3.7071271
3.7080121
3.4270051
3.2851396
3.5933774
3.7661808
3.7244947
3.7147164
3.7096181
3.4774435
3.4813840
3.4167109
3.8679385
4.8758430
3.7462060
3.4950531
3.5155306
3.4619739
3.5699267
3.6484649
3.4070129
3.6565950
3.6099529
3.5629985
3.5391512
4.3667674
3.4941876
3.6840677
3.5441396
4.0464630
3.5669549
3.5160222
3.4351568
4.1447139
3.6003180
4.7300014
4.4871850
3.6954234
3.3398993
3.6395710
3.5503547
3.5897884
3.6320739
4.3546824
4.0661459
3.7797077
3.6122599
3.4757798
3.4846334
3.5992835
3.9056406
3.2988062
3.7007756
4.0206819
4.1031189
3.6373787
3.4633100
3.9343252
3.5813873
3.8966444
3.5493636
3.8124974
3.7574992
3.6913853
3.5843439
3.6291039
3.4142313
3.8794363
3.6442702
3.3972001
3.8324287
3.8344648
3.6050308
3.4229789
4.0396042
3.8152928
3.5349507
3.8694177
3.4595630
3.3624461
3.6775260
3.9261363
3.3961394
3.5944273
3.4723597
3.4128387
3.4288781
3.3206842
3.5936179
3.0522490
3.6822066
3.6845794
3.3116295
3.6229680
3.3970284
3.2805295
3.1586821
3.6252012
3.3050792
3.2273712
3.1746807
3.3935544
3.1589282
3.3923924
3.8102131
3.3969018
3.6516411
3.2967710
3.6569536
4.2470140
3.1120718
3.4782772
4.6183276
4.5676389
4.5719304
4.6046743
3.4453926
3.4313068
3.9165914
3.1672335
5.8435702
4.1942830
3.9090989
4.2970467
4.2844634
4.3144221
3.3168693
4.1321721
4.4471979
5.1688495
4.4633207
4.2250700
4.8734260
4.2008452
4.9003220
5.3442168
6.6327915
4.7222881
5.4173188
5.5779109
4.5070591
8.6345577
12.1227388
5.8366413
6.5496659
10.1634340
11.3269968
8.0281305
11.4558735
4.6645894
8.6047935
7.1272793
7.1334629
17.5800991
8.5200663
8.9234772
6.1090984
5.8392696
4.6921873
7.7770290
3.9187746
4.4026017
5.3218751
5.1846833
3.2656822
4.1894174
4.3767934
4.5925283
3.5304635
4.5904565
3.6009448
4.4253793
3.3236885
4.0299673
4.4797702
4.3993583
4.8515944
3.5018084
4.3426619
3.7451248
4.1159019
3.1814859
3.6448944
3.5681472
5.9645085
4.4066319
3.5587490
3.5786104
3.3195634
3.8084531
3.5871878
3.8031731
3.3653612
4.8190107
3.3216705
3.3438177
3.5043690
3.6332481
3.8322308
4.0787287
3.2276778
4.0627580
3.2420249
3.4958401
3.6523733
3.3272004
3.3194168
3.3102148
3.3109617
3.4616883
3.3575983
3.4104567
3.6163254
3.3302605
3.3629572
3.8803811
3.4630556
3.6431963
3.6550431
3.6367016
3.3928242
3.9695714
3.3163087
3.8455856
3.4988854
3.7817259
3.9775679
3.5901680
3.9602888
3.5895338
3.5015230
4.0147915
4.0840445
3.6523380
3.6488943
4.0739679
3.7770627
3.8863020
3.5272608
3.9480171
6.4221921
3.9990509
4.7455792
6.2540541
5.8301058
6.6165314
5.9445367
4.0366955
4.9106870
3.9878969
4.7073812
6.2397156
8.3078938
4.5285153
3.9147952
4.6827712
4.0167818
5.2211261
4.3776641
5.4690828
4.8058381
4.3009467
4.7884264
5.6816368
4.6111131
3.6642890
5.3266759
4.7121801
5.4492636
4.4564095
6.2690053
4.0829825
4.9059968
6.1145558
5.1297784
6.7902360
4.6550384
8.8861179
8.0651197
10.2133942
5.7779193
8.3836584
11.4516335
8.4434738
9.1485901
10.2914200
5.8667674
8.8663092
9.5009537
6.4303031
6.3701229
9.2614021
8.1601810
7.6424994
10.1810131
10.6687374
6.3207898
9.3215237
6.7198606
7.3531604
6.3727617
8.5067329
8.6699934
10.5046387
10.3257132
9.8145437
9.0003281
8.1265984
11.4418364
8.0401983
10.9442301
12.0898390
7.6868267
6.9420862
7.1420236
9.0554371
12.6816130
10.1906404
12.6967487
13.6025629
11.3965549
7.4533043
14.9942522
8.6508169
9.1382141
14.6313438
12.3702488
11.2398577
6.9068508
15.1676140
12.7158108
15.7383699
15.2234964
7.8246903
5.4539027
15.0972271
12.8433237
15.3291044
16.9670792
7.8509765
13.3823729
4.6475387
8.0732136
7.7964072
7.9407463
8.2651539
4.5071278
7.9987063
8.1489687
16.8236752
14.3270655
8.6736736
11.6863670
10.8213015
8.8144102
13.8991957
10.5661135
10.2237730
12.9495163
10.4705486
7.7316623
6.1900949
7.4308310
6.0349388
5.8967037
7.7646017
5.7795825
5.4858389
8.6049919
9.1691999
6.4475217
11.1990709
13.0832586
9.9631023
6.8211484
8.0773993
12.1263123
8.1458311
11.5568514
11.5638781
5.0746512
7.0459838
11.7099333
11.5519209
8.8601151
8.9386482
11.1591463
10.7194462
9.7689037
11.9261999
11.9243345
9.3004799
9.2507925
7.0768709
7.9090600
10.1711426
8.8945847
7.7136550
4.9931169
6.9838252
4.9745345
9.8683481
4.1122489
4.0328765
5.0290060
6.4684567
4.6809497
4.3709798
4.7781858
4.4305415
4.1269121
3.7920120
3.9542425
4.3424034
3.7871993
3.8907838
4.2567101
3.7970307
4.0387683
4.5989971
4.2953229
4.5783296
4.0557189
5.1588278
3.9478352
4.8876119
4.1027966
4.9099140
5.1850004
5.2378721
4.8277102
5.2203450
4.8965130
4.8153358
5.3794274
5.8829012
5.1578393
4.8627367
5.5123873
5.1318336
5.2466192
5.5600114
5.6399999
5.9005227
6.2225232
5.0854096
5.4415193
6.2980194
4.9959335
5.4291601
5.4743643
5.4842916
7.0384831
5.4089942
4.7085648
5.8188224
7.0144873
5.0372195
6.2152057
4.1897297
5.0679359
5.1134696
4.4473786
4.7623386
4.2011209
4.4074578
5.0672193
5.0602283
5.0597854
6.1685319
4.1168280
4.3840714
4.1627102
5.7837954
4.7134829
5.0596385
4.1386862
4.6885180
5.3939223
3.9968290
4.1762619
6.2166419
5.3771720
3.7928371
4.0567050
4.0722790
4.0271144
4.0234427
4.2817216
3.7856705
4.3152895
4.0843935
3.6225111
3.7931154
3.8642685
4.3091435
5.0085382
3.5639639
5.3160706
3.6478004
4.3352413
4.0450678
4.6441531
4.6549726
4.2942777
3.9443140
5.2683043
4.9074683
4.5521421
4.8718247
5.6427507
6.0414410
5.2752662
4.9056234
5.6232820
6.0408330
4.8608170
5.6518645
6.4575820
6.4468575
5.6225195
4.9328699
4.5573025
5.6227736
5.2284880
3.9714890
5.2239351
4.8376551
4.1851110
4.5343547
5.2373514
5.6143723
4.8777118
4.5002198
5.2044024
4.9074683
5.2859120
4.4859571
4.0565386
5.2172503
5.1928287
4.5337653
4.6549487
4.8562260
4.5373349
4.6732473
4.9160967
4.6579008
4.8794360
5.2125907
4.0398946
4.3134284
4.8617330
5.9804134
5.2101688
4.2791715
5.5580044
5.1924267
4.6630864
4.9305406
4.1841345
5.2183809
5.5922236
4.8226848
4.4979277
4.1680889
3.7771513
5.2386990
4.8670917
4.0086446
3.8306704
4.8528352
3.6489687
3.7136021
6.0142655
3.8214376
4.6020222
4.0653892
4.5246911
4.2610335
3.5502987
4.2136512
3.6708360
3.6145992
3.9260235
3.4263675
3.6792340
3.7043386
3.9605284
3.5069163
3.7455578
3.4720566
4.0408082
3.5376351
3.7347357
3.9079964
3.3469117
3.4481349
3.3926263
3.4596741
3.3204811
3.6121190
3.4563394
3.9241152
3.7746952
3.6262820
3.8363743
3.7610719
3.8502359
3.8349726
4.0478430
3.8524091
3.8603392
3.5377226
3.7244513
3.7291739
3.5461628
4.1290007
3.6365983
3.4808240
4.1557846
3.2505128
3.7787988
3.2444558
3.7025194
3.4536107
3.4380713
3.7270429
3.6702495
4.2664747
3.9526780
3.9708343
4.3260241
3.9484091
3.8029330
4.3217807
4.3943772
3.5480797
3.5888860
3.5536253
3.5307121
3.7665522
3.6597521
4.0411816
3.7775357
4.4259019
4.0313368
3.8090291
4.4248514
4.1451845
4.1061859
4.6976080
4.3593116
3.7655444
3.6183469
3.2037697
3.7310491
3.4305167
3.8240855
3.6897538
3.7815828
4.4918909
3.7740059
4.0513291
3.6064994
3.7733192
4.0431485
3.2809417
3.5516875
4.3523550
4.0688286
4.3116617
4.0790811
3.9673133
3.7607577
4.3070722
3.6136079
4.2755947
4.2014270
3.8214703
4.1657391
4.5773482
3.8963866
4.5782504
3.8316855
3.3929877
3.8692486
4.2151003
4.1317277
3.7454071
3.8024108
5.0229259
4.5001636
3.7092731
4.8882456
4.1190419
4.8297634
4.0192661
4.4415879
5.2696171
3.9886992
4.0622449
4.4144263
4.0248451
4.4135747
4.0470109
4.8156562
4.8499737
4.4243307
4.0332384
4.8290520
4.8276148
5.6935515
4.3784537
4.0099788
4.4218020
4.8498101
5.2261357
4.3863788
4.7904201
4.3837872
4.8204417
4.7763233
5.6840854
3.9891112
5.6402898
4.3337245
5.2414479
4.7541018
4.7388153
4.7677054
5.7901597
4.3303323
4.7456861
3.9046924
4.7300158
5.6290212
5.1546445
4.7186866
4.7254124
4.0229955
3.9100585
4.7474976
3.6053040
4.2617621
3.4219017
4.2739940
4.6985230
4.7069383
3.8539631
4.3275495
3.5732665
4.3166232
5.1092458
4.6744299
3.8561985
3.1787937
4.2641397
3.8499560
5.1005778
6.2237206
5.1219373
4.0080848
5.5306220
5.0829110
4.3328633
5.0873976
5.0585442
5.0647488
5.5112257
3.8712289
5.0456820
5.5063152
5.1281466
5.0682092
4.6192918
5.5034976
5.0463467
3.6691427
4.6795955
3.6352026
4.3049612
7.9306593
5.0349240
5.0363984
5.0583954
4.2343349
4.6090736
4.2271571
5.0658655
5.9787235
4.2354174
4.4443588
4.2815928
5.4794512
6.9310169
4.2996893
5.0427780
6.4166756
5.0787606
4.6265931
4.3320336
5.9458690
4.6558752
5.0840364
5.0417180
5.0569220
5.0540066
4.2099981
4.1662517
5.0174298
5.5221882
5.0868487
5.0861096
4.1692715
5.4702520
6.4911814
5.4975805
4.5987434
5.9673920
4.1311436
5.0391636
6.3865452
5.4711237
5.4740310
5.0038028
4.2771378
5.4660029
5.4664392
6.3857384
4.6440482
7.3466544
5.4497452
5.0119228
5.0199180
4.6534944
5.9284105
5.9297366
5.9589586
3.7677367
4.6848550
5.9477353
4.1240273
5.4497337
5.0312648
5.4468522
5.4682045
5.4225783
5.4536781
5.4695349
4.5681539
5.0045414
5.0175982
4.9835944
5.9479351
5.4399939
4.5414000
5.9182577
5.9155731
5.4685631
5.0019937
4.1013322
5.8921804
6.3809557
5.4483032
5.9021583
4.1912565
5.0119352
6.3769026
4.9887977
5.0049677
4.6387348
5.9147110
5.9032583
6.3698354
5.0322094
5.4274492
5.9128618
6.3749728
5.4519625
4.1271615
4.6485000
5.8932438
4.9796119
4.2079797
5.0222449
4.7690320
4.2745585
4.9978571
4.9803600
4.9647508
4.1594462
4.9898458
4.2049975
5.9034390
4.1690488
5.0163527
5.9158907
5.4656734
4.9861636
5.4601316
5.4653716
4.9939494
4.9968247
4.5380616
5.8990841
4.3034625
4.1914673
4.9532261
4.9864364
5.4306564
5.8796773
4.5594826
4.5325913
5.0058494
4.8184967
5.0070052
3.7706282
5.0568495
4.9662137
4.2290945
4.3844113
3.8384132
4.5067773
5.8685055
5.4324689
5.4180193
5.4094033
5.9113226
6.4046712
6.9035749
5.8729291
5.4134483
5.8750973
4.5456343
6.3402863
5.8730841
4.9500136
5.4170318
5.8628702
5.4098849
5.0384483
4.1521511
5.0655465
5.9118643
5.4326363
4.9254146
6.3358364
4.9331789
4.9421992
7.3059793
4.2773843
4.6421943
4.9409499
5.8687892
5.9049053
5.4174724
4.9708176
5.8505883
6.8325477
5.8621807
4.4748516
6.3320522
4.9388471
5.4042726
4.6062841
5.8525028
5.4595637
4.9618258
4.4709725
4.0710278
4.5071559
5.4025655
4.5479813
4.2090144
4.6098270
4.5194688
5.4320068
5.8717108
3.4411376
4.9500966
6.7909193
4.9070096
4.9765992
5.4000864
5.3812175
4.5675583
4.9886618
5.0175910
4.9885817
5.8449864
4.9999180
4.7079201
5.8319960
4.0652742
5.8375201
5.8716230
4.5731096
5.8321424
4.2231736
5.8350120
5.4739151
4.2060513
4.3049364
5.4914689
5.8507509
4.9852524
4.8789225
4.9997177
4.1293831
5.2596836
5.8208632
4.8977222
5.8848605
5.8241558
5.0196171
4.9296551
5.8422942
4.0761514
4.0698328
4.9639201
4.6866927
5.9083166
5.1780286
5.8015804
5.3629527
5.4472260
5.4401298
5.4192877
5.4979196
5.8038278
4.4919887
4.6216736
4.9343882
4.2454152
4.5422683
4.7899966
4.1877923
5.8293967
4.8835173
4.9278588
4.2732482
4.4984384
4.0940428
5.8206744
6.2752728
6.7559257
5.8102279
4.0142365
4.9182777
5.3487535
5.4171047
4.9394417
6.7397156
5.3701487
5.3959947
5.8013759
6.7326107
6.3182764
6.7636342
5.4428902
4.4116926
4.6865406
5.7994561
5.4798942
6.0740657
5.0300951
5.7955456
5.3195357
5.8766255
5.3380427
6.7531295
5.3799548
5.4340906
6.2640171
4.8519201
5.7643089
5.7933893
4.9347024
6.2950997
6.2535405
5.4023242
5.8248968
5.0446215
4.9228730
5.3421082
5.0252767
4.8829241
4.9285493
5.3479733
5.8484721
4.9763842
4.4376836
4.2683644
4.9717040
6.7551289
4.1117616
4.9029679
4.1527872
5.6007137
5.8859010
4.5248251
4.3882637
4.0843616
5.5572934
5.8605690
6.2966995
6.3766155
5.4158020
5.4420147
5.5200825
4.6409006
5.8653159
5.4226098
5.9192677
5.4456530
5.5557742
5.8597388
5.0295720
5.5546784
4.7661266
6.2355299
4.6892147
4.9105201
5.3704100
5.3620658
4.7143378
4.5640149
5.4091921
5.7578588
5.8721499
5.8982992
5.8291802
6.2295413
5.3779564
5.8866014
6.2905469
6.2320619
4.7176542
5.3904443
4.8201742
6.2208457
4.6344633
5.7831717
5.3612556
5.3220687
4.5302954
5.8564086
5.3454299
4.4070640
6.2791224
5.0180016
5.0160489
5.0346198
5.8203855
4.9965425
5.3144417
4.2859130
4.9007454
4.9250560
5.7703338
4.1883645
5.1338162
6.0246377
5.1316524
6.4868975
5.6016436
6.0614886
4.7780385
6.0326142
5.6086679
5.1515536
5.6263919
5.5738926
6.9632831
6.0761957
6.4986377
5.5671115
5.6060004
6.0504041
6.1161566
5.1301374
6.9608917
6.0847640
5.6214414
6.0792904
4.7387991
5.6187634
5.6290417
5.1590185
7.0054846
5.6134734
6.5309486
6.0641680
6.0779610
4.7785521
6.0725865
5.6639280
6.5262761
5.1851192
5.6036468
4.3425441
7.1927767
5.1922851
6.0544696
5.6203413
5.6113806
5.7129526
6.0579433
5.6091518
5.6203718
5.2142606
5.6191273
5.6177073
6.5884924
6.0843229
6.0958109
4.4126120
4.3215475
4.8143973
6.0424781
6.0876789
4.7525873
5.1629453
4.8510237
5.6218047
4.3804393
5.1572914
4.7979565
5.1690493
5.6276979
6.0568480
6.0603714
5.1750383
6.0488434
5.2395921
5.1967387
4.4644370
4.3680334
4.3260794
5.5955019
5.6030226
5.1597066
5.1999221
4.8023124
5.7447300
4.3982387
5.1836758
5.6469841
5.1916871
5.1867566
4.3700166
5.1899543
4.4029217
6.5358953
4.5545058
3.7757688
3.9755599
4.5079317
4.4545474
4.7563634
4.3551493
5.1896486
4.7699432
5.6401148
6.1216378
5.2201610
4.4081554
4.7882547
5.2316065
4.3869133
4.7823400
6.1270442
6.1149330
4.7701559
6.2121902
6.5651221
7.0174503
5.2000074
5.2195873
5.1863337
4.7690334
7.1000581
5.6426139
5.2252402
5.2375245
5.2047443
4.7623224
4.8047042
4.0729795
4.3705335
6.6563673
6.0885367
6.0844703
5.6396914
5.2028832
6.0957279
6.0945787
6.0833201
5.2099094
6.0893641
4.1355243
7.1633048
4.4544086
6.2142386
6.1712160
5.2125263
6.0865769
5.2108164
6.1027966
3.6906233
6.0952444
4.4281511
5.6737137
4.3541403
4.5416250
5.6408720
4.3838301
5.2069936
3.9763837
6.0940166
7.0254354
4.4079299
5.6584592
4.0853910
5.2233605
4.4611840
5.1951056
5.2836871
5.2106199
5.2341924
5.2181988
6.1115031
7.0173869
4.7824101
5.6885638
5.6506653
5.6759944
6.5711465
5.2440844
6.1529269
5.2047219
4.8095598
6.0988617
6.0925941
7.1966176
5.2966909
6.0928836
6.0892887
5.6438951
4.8339834
5.6958404
5.2393107
5.1987486
6.0922713
6.1047325
5.2600040
4.8252144
4.4696198
5.2278366
6.5534353
4.3907690
5.2077193
6.1188130
5.6452751
5.2008848
6.5555129
6.5556083
4.3619571
3.7164776
4.3746405
4.0214410
5.2247348
5.2182827
4.0444441
5.2052360
5.6357727
5.6406226
4.4777007
4.3648911
4.0336318
5.2014809
6.0918593
4.3501835
4.4575162
4.4544802
5.2117562
4.7635431
6.1013088
4.7719979
5.2090464
4.8072791
4.8792176
4.3721075
4.7826257
5.2031741
5.6434336
5.2342300
4.4781270
4.7938776
6.1083589
5.6369162
4.3703465
6.1041393
6.5727568
5.2175360
5.1868567
5.2687078
6.0746369
5.2286587
5.1932516
5.1984215
4.7834001
5.6608224
5.6383915
4.3927493
6.0684843
5.1933227
4.4112616
5.6303020
4.8386884
6.1116405
6.0847178
7.1582875
4.7711024
5.6429443
5.6234055
5.2244682
4.4971523
5.1891909
5.6342440
4.7654529
6.0945373
5.1864719
5.1950955
4.0662732
6.1379409
5.2107921
5.2234173
6.1058359
4.8421755
5.1916294
6.5421100
6.0718379
4.8184695
5.1856036
7.0003672
6.1189203
5.6342950
5.6724782
5.1822639
5.6129251
4.0385008
6.0771246
5.6450071
5.4054961
5.1708860
7.0249009
6.0855036
5.6241598
6.0963058
7.0028534
6.0839653
6.0683985
5.2429690
5.6151695
6.0620928
6.1065235
6.5735626
6.0705714
6.0597982
5.1758289
6.5398893
5.1903038
5.6342397
6.6353736
5.1786790
4.7589917
5.6281662
4.3482180
5.6176481
6.5373073
4.4535613
4.4012423
5.1735382
4.3892879
4.5890064
5.2161484
5.1922030
4.8163714
4.0291610
5.1739321
5.2073107
4.3691773
5.6222453
6.0775194
6.5242105
5.6127753
4.3515911
4.4476614
5.1877966
7.0757751
6.0905905
5.6148543
6.1101375
4.7304220
5.6547961
6.1552057
5.6066594
5.1665559
4.3157191
6.0710053
4.7378240
5.1648684
5.1965256
6.6008883
5.1800432
5.6479454
5.1854205
6.5308571
6.0638461
6.1025901
4.7314610
7.0973582
6.0638714
4.7262979
5.6459126
6.0705366
5.1665258
5.1811357
6.0648646
4.0377235
4.7660556
6.0578141
5.6324768
6.5217948
6.0741878
6.5198917
5.1665821
4.3268309
5.1752028
4.3337603
5.1916361
4.7621026
5.1793523
4.3344646
5.1600666
5.5936885
5.1685824
4.3373365
4.8218036
4.3873520
4.3036528
4.7926865
5.1535711
4.7425661
6.0556040
4.3591781
5.1663013
4.7720580
4.7317123
4.7436213
4.3281436
6.0803556
5.1681628
5.6144347
7.1291270
4.7871518
5.6737366
6.6248331
6.5180559
6.5412598
6.6316342
7.1535130
6.5489559
6.1277647
5.1986499
5.6338291
6.0523372
6.0546994
4.7682815
6.0547109
6.0574584
6.0803933
4.3949585
5.1506410
5.1582584
5.6146817
5.1546545
4.3807626
5.6012025
6.5967503
6.0446763
4.7297626
5.1989546
6.0759497
6.0473504
5.1550632
5.1537747
6.0960050
4.8240061
5.1703424
6.0518727
5.6136184
4.3268390
5.5984335
4.7295246
5.1566005
5.1535201
5.1970830
4.3590884
4.3258357
5.6036258
5.1906753
4.3792305
4.3757038
4.7164364
5.6175723
4.3140445
5.1741257
4.7313352
4.3231831
5.5961528
4.4122915
4.3472342
5.6046619
4.3031731
4.3454046
4.7567301
6.0613284
6.0459714
4.7213392
4.3122811
4.4541430
4.3548083
3.3150218
5.1578755
4.0433989
4.2967334
4.3622823
5.2010083
4.3905711
4.7148509
5.5844803
4.7193284
5.2156415
6.0894780
4.2287302
4.3435850
4.3018708
4.3044739
4.3767977
4.7713065
5.1924043
5.2447138
5.2294936
4.3798409
5.5924144
6.0467439
4.8492599
4.3433790
5.5829458
4.7214551
4.2753592
4.4669509
4.8129592
4.3794084
5.1588860
4.3486862
5.5973315
4.4605951
4.8216357
5.1609344
4.7881494
5.5827212
4.8843884
4.8437152
4.3818579
4.7239075
4.7149825
6.0300794
5.1811581
4.3321896
4.3814597
4.2929249
4.3251176
3.6353424
4.7019043
4.3483610
4.2908692
3.9007092
5.1971149
4.7277303
5.1296868
4.2837543
5.1243601
4.2766681
3.6545544
5.1543694
3.9762847
4.2638068
4.7140965
3.8872921
4.7656126
4.7456179
4.3054008
4.7391992
5.1289802
4.7188482
5.1760979
3.6150584
4.7045012
3.9128244
5.1893649
5.1464977
4.6924067
4.3159771
4.2863436
4.2934170
4.7831750
4.7077718
4.3238249
4.7092528
4.3234186
5.5987654
3.8136575
5.0815277
5.1021729
5.0905342
4.2612157
4.3232818
5.6204600
4.2854543
5.5465808
4.6625810
4.6581874
5.0922813
4.6561151
4.2370505
5.5509701
4.2789965
4.6590295
4.2353311
4.6392841
5.5478101
5.0926485
5.0991879
6.5193863
4.2130022
5.5433264
4.6238594
5.2557106
3.8117743
5.9761910
5.5333047
5.0808563
3.4800754
4.6313696
3.8401930
4.6638927
4.6720948
4.6704249
4.6427631
4.2171879
4.2113056
4.2214565
3.1505351
5.0954995
3.8937712
4.2559228
3.9925299
4.2355771
4.2352972
4.6974211
4.2994876
5.9749875
3.8184547
3.5712028
5.2176275
4.7299185
4.2361865
3.3182969
3.9878733
3.0849481
3.6392434
3.3822484
3.6012893
3.5045235
3.3791740
2.9151671
3.1200063
3.5114651
3.1288710
2.8667448
3.3058999
3.3300779
2.9771109
3.1504869
3.1751347
3.2378893
2.9768922
3.0284333
2.9424417
2.8665562
2.6744623
3.1265459
3.1222808
3.1533880
3.4630218
3.1186094
3.0865533
3.0836296
4.2267466
3.4500685
3.0876484
3.0997179
3.4276273
3.4183149
3.0631320
3.0892327
3.0910516
2.9064386
3.4156010
2.9001980
3.1186771
3.1809466
3.1978862
3.1267521
3.1761725
3.1226866
3.8529484
3.1733754
3.8685918
3.4898105
3.1899960
3.5617673
3.8690147
3.4902515
3.1909668
3.5302777
3.5194817
3.2328539
3.2661936
3.2534447
2.8290854
3.0321383
2.9889393
2.9936986
2.6636438
2.6376274
3.0005960
3.0152330
3.3417912
2.7902436
3.7294486
3.0651624
3.0452347
3.4358151
3.3162060
3.0817869
4.4227138
4.8248048
3.0684228
3.6941476
4.0406280
2.8461752
3.3794501
2.8965430
8.5990744
8.5034676
4.4646811
4.0550108
3.1432660
2.8438208
3.4637880
2.8509083
3.2937653
2.7803345
3.4223514
2.7330430
3.1249549
2.8338859
2.9347093
2.7940319
2.7467179
2.7901475
2.7410870
2.7186654
2.7817135
2.8148632
2.9947944
2.9124935
2.7846594
2.8128126
2.9230514
2.7587097
2.8189754
2.7344327
2.9270816
2.7631743
2.7866688
2.9733706
2.8321376
2.9899869
2.7805440
2.8413739
2.9663029
2.8338714
2.8184652
2.7988741
2.8480120
2.8911946
2.9058969
2.8757379
3.0359502
3.0116973
3.2399478
3.0336294
3.0835071
2.9449465
3.5292726
3.1279032
3.5996644
3.5929828
3.5421977
3.2922180
3.5927494
3.3471289
3.1382101
2.9968936
2.9229932
2.9977801
3.1102726
3.2112837
3.1601045
3.0368917
3.2311120
2.9802320
3.0605891
2.9714115
3.0196571
3.1747618
3.2498662
3.1074052
3.1830764
3.0667901
3.3552103
3.1255734
3.0583827
3.2359419
3.1345022
3.4818201
3.2726696
3.2463439
3.1512356
3.4580157
3.1891272
3.2221992
3.4927313
3.2010303
3.3360434
3.5297952
3.3383024
3.3347991
3.1990194
3.2279823
3.2242508
3.1761687
3.2310760
3.2711337
3.2982328
3.3673718
3.3429890
3.2840896
3.1938603
3.2142856
3.2396879
3.2161446
3.1912613
3.2598188
3.3875754
3.2950635
3.2345023
3.3080745
3.2531495
3.2575946
3.2337036
3.2410278
3.2473679
3.2833924
3.2781250
3.2692592
3.3086960
3.3115242
3.4380023
3.2938266
3.4429924
3.4877608
3.4705198
3.4586043
3.6381991
3.6556582
3.5209756
3.6603951
3.6661723
3.4966683
3.6877177
3.3899765
3.4306128
3.5464334
3.5422392
3.5472751
3.7509921
4.2527008
3.5023959
3.5153668
3.7767761
3.5392141
3.7890639
3.4734032
3.4950411
3.5122478
4.0209165
3.6302078
3.5106256
3.5453217
3.5328703
3.6596794
3.5463011
3.6067035
3.5579870
3.6939268
3.5746386
3.6012547
3.7006214
3.6310396
3.7174067
4.1176600
3.6345205
3.6819501
3.8044145
3.7905993
3.6687698
3.7014647
3.7951529
3.7967348
3.9669728
3.6974902
3.7034273
4.1767154
3.8263676
3.9858398
3.7359233
3.8524523
4.0054035
4.0037913
3.8638239
3.8573990
3.8683829
4.2422938
4.5077786
4.0506763
4.0461497
3.9157562
3.9118166
4.5327888
3.9257369
3.9404759
3.9303718
3.9365976
3.8606031
4.0985126
4.1009054
4.1102481
3.8527129
3.8671703
3.9180796
3.8521533
3.8633370
3.8708136
3.8994534
3.9206197
4.3607183
3.9229171
4.1715741
3.9585786
3.9265094
4.0353441
3.9713881
3.9675889
3.9882562
3.9661062
3.9597523
4.1189938
3.9982719
4.1004820
4.0021548
4.1090903
4.4437513
4.2554779
4.7108397
4.7206249
4.2701807
4.1263552
4.7354379
4.2712049
4.4937005
5.6702538
4.1308966
4.7480645
4.7346830
4.2937946
4.4988308
4.7553358
5.0448523
4.3185163
4.1560102
4.3370457
4.3196287
4.5386829
4.5441942
4.8025241
4.1911163
4.3332901
4.3202534
4.1594086
4.1549401
4.1742601
4.3241882
4.3342867
4.1844511
4.1912079
4.3356442
4.1883893
4.1875229
4.3589368
4.5671172
4.2069263
4.2058005
4.2072449
4.2266469
4.2206845
4.2213964
4.1340423
4.3631353
4.3085499
4.7815585
4.1670403
4.5309281
4.5128603
4.5357318
4.3238521
4.5377464
5.0733223
4.7721629
4.3391452
4.3336482
4.5332098
4.1889157
4.1014271
4.3520460
4.3601966
4.5577502
4.5499487
4.5635486
4.8100939
4.5679798
4.1097484
5.1322446
4.2184010
4.3822131
4.6053867
4.2264814
4.3736281
4.5910892
4.2307882
4.3803577
4.2417049
4.1252952
4.5932240
4.2466421
4.5880623
4.2416716
4.6074352
4.5994496
4.5701175
4.5760036
4.8226581
4.5868154
4.5757570
4.2283049
5.1371641
4.2330937
4.5688262
4.1191125
4.3846564
4.2368212
4.5892892
4.1553354
4.5805531
4.1571860
5.1364164
4.2548480
4.2443037
4.4154019
4.5447755
4.2011638
4.1928649
4.1954017
4.2003932
4.5479212
4.1186342
4.5496745
4.2063289
4.2060399
4.2108822
4.5645685
4.1020160
4.2136583
4.3600302
4.2148600
4.2140880
4.1109734
4.5910211
4.5586085
4.1049986
4.5563488
4.3478384
4.8029284
4.1935024
4.5392184
4.2043133
4.2031589
4.0929294
4.2121687
4.2061992
4.2156677
4.3675838
4.2115397
4.2153926
4.2152667
4.2155924
4.2120795
4.3763604
4.3685522
5.1122389
4.1969271
4.5526066
4.5514507
4.3741345
4.5867376
4.5745392
4.2013564
4.5605574
4.5652828
4.5732684
4.3566651
4.5893550
5.1268582
4.8197021
4.8143444
4.5791454
4.2176380
4.5734692
4.3613262
5.1313424
5.1134071
5.1115122
4.5978975
4.2284255
4.6021261
4.5696926
4.5908775
4.2294316
4.5923476
4.5911236
4.3866782
4.2354364
4.3928552
4.5978270
4.3846207
4.8400822
4.5915308
4.3892002
4.0485497
4.0443659
4.0460143
4.4219856
4.0497766
4.4321465
4.6760249
4.0528445
4.0540466
4.0551066
4.4471703
4.0423036
4.4111700
4.6954498
4.7117534
3.9597862
4.9918694
4.4127293
4.6770053
4.0500727
4.9667001
4.4261999
4.4319506
4.2074108
4.4316730
4.6749673
4.0353637
4.4252934
4.4258280
4.0488677
4.0418010
4.4105396
4.0508637
4.4220538
4.3978820
4.0390887
4.3861041
4.0428357
4.4008889
4.1908712
4.6771998
4.1913743
4.4035115
4.1888552
4.0411687
4.3962331
3.9095662
4.1864290
4.4137654
4.0232153
4.0373588
4.4019399
4.9631648
4.0416236
3.9346442
4.1867757
4.9868975
4.1824031
3.9543295
4.1807809
4.0271902
4.4413028
4.1884923
4.0435162
4.4132853
4.0342035
4.0402122
4.1979427
3.9456804
4.2006135
4.0373373
4.4186258
4.4283848
4.4093466
4.0346618
4.4160037
3.9226432
4.4389830
4.2066097
4.2055225
4.4263625
3.9550741
4.0429096
4.0431538
4.0481138
4.0512114
3.9292936
3.9300618
4.0425920
4.4307866
4.0412097
4.4141188
4.0512114
4.0499249
4.4181943
4.2046628
3.9482334
3.9606631
3.9463832
3.9293697
4.4458346
4.4246378
4.0513659
4.0534658
4.0484977
4.4197917
3.9393554
4.0587888
4.2121959
4.0575919
4.2062430
4.0526896
4.4404788
4.0419345
3.9496140
4.4218974
4.4119172
4.9625130
4.4132648
4.6913333
4.4387794
4.4204097
4.4334259
4.2291784
4.0632052
4.4475684
4.2054100
4.4200864
4.4214973
3.9421833
4.4413862
4.2197433
4.4279828
4.6758070
4.0534215
4.4283848
3.9618771
4.0703216
4.4056482
4.6794281
4.6753650
3.9575183
4.0616274
4.4486547
3.9615364
4.0541530
4.2206888
4.4248819
3.9645035
3.9283996
4.4294333
4.4231591
3.9519017
4.0422745
3.9527359
4.0436049
4.0374036
4.0397243
4.4278774
4.4081264
4.2230277
4.4564753
4.7244635
4.2262273
4.4526625
4.4245634
4.4373240
4.4325595
4.4434037
4.4219990
4.4162307
4.4338794
4.4145865
3.9319096
4.9787312
4.4286351
4.0485277
4.1968265
4.4205203
4.4139695
4.2186980
4.2270594
4.4187245
4.0617905
4.0718260
4.2369494
4.4426250
4.4653740
4.2177296
4.7073731
4.4143081
4.4253163
4.2142115
4.6822867
4.2235112
4.4153137
4.0514474
4.4348063
4.0615168
4.0668392
4.2144866
4.2292352
4.4393482
3.9698381
4.4359102
4.4215312
4.0601344
4.0550256
4.2192822
4.0590625
4.6886554
4.0620933
4.2261777
4.0780773
4.7068677
3.9480104
3.9323051
3.9664631
4.0562549
4.0571990
4.0632319
3.9717453
3.9724414
4.4207091
3.9431124
4.4475889
4.2183919
4.0581975
4.2346683
3.9402528
4.2280402
4.2184134
4.2267461
4.0628476
4.4436202
4.0665894
4.4522495
3.9431429
4.4375949
3.9387457
4.0624485
4.0615978
4.0508413
4.0637002
3.9374540
4.0572300
4.1030154
4.4432817
4.0532956
4.4364915
4.0571771
4.0576944
4.2269382
4.0640621
3.9474463
3.9352555
4.0627103
4.4249225
4.2106295
4.4338455
4.2215137
4.4288392
4.0694804
4.0663004
4.4317489
3.9619982
4.0565634
4.2147670
4.2240515
3.9579117
4.4440131
5.0042644
4.4313960
5.0074115
3.9669247
4.2165542
4.0558267
4.0619531
4.0510998
4.7060742
4.0673637
3.9517245
3.9350204
4.4344521
4.4397607
4.4210639
4.4663239
4.4279389
4.2285452
4.7034764
4.0805473
4.0568442
4.2155499
4.0495181
4.4519067
4.6958652
4.4324107
4.0475664
4.4141660
4.0534854
4.4109802
4.0457830
4.4354820
4.0585837
4.2090368
4.4351306
4.4158430
4.0501742
4.4412050
4.2259254
4.4143920
4.0488958
4.0443072
4.0601630
4.9993854
4.2106524
4.7072787
4.0478020
4.0431757
4.0494666
4.1987824
4.2254782
4.0583992
4.4374075
4.4389210
4.0519032
4.0645247
4.0576539
4.0674610
4.4377456
4.2167282
3.9546862
4.4396305
4.0445781
3.9211977
3.9579556
4.4179769
4.4471569
4.0555134
3.9529552
4.2344179
4.4387860
3.9571302
4.0643473
4.0589013
4.0553370
4.0612183
4.2161450
4.0539722
4.4232774
4.2246900
4.4215503
4.0478463
3.9538634
4.0483828
4.0409884
4.2173977
4.2202268
4.0600600
4.0461326
4.0459480
3.9264772
3.9203951
4.0490842
4.7100906
3.9552598
4.2158055
4.4473591
3.9260006
4.0762424
4.0442257
4.0521498
3.9269435
4.0480843
3.9578323
3.9301581
3.9521360
4.0428653
4.0483723
4.0520453
4.2148461
3.9879112
4.4157662
4.4146409
4.4150543
4.4495449
4.4310369
4.4212122
4.4360247
4.4179502
4.2169356
3.9359281
4.4075499
4.0471454
3.9201074
3.9246469
4.4116044
4.4433327
3.9540374
4.4194489
3.9373004
3.9241297
3.9488702
4.0431170
4.4353476
4.4262404
4.2132397
4.4142680
3.9511836
4.0534706
4.4274111
4.0504718
4.0490470
4.4200659
4.4199982
3.9482484
4.0443954
3.9406137
4.9732180
3.9333472
3.9516900
4.0447578
4.0489044
3.9333243
4.4252529
3.9163411
4.2023349
4.0464211
4.4176788
4.4491334
3.9785988
3.9452822
4.4247322
4.0475187
4.0482097
4.0362134
3.9240992
4.4085464
3.9217494
4.0441852
3.9232094
4.0475335
4.1979170
4.0433245
3.9238245
4.0385270
4.0463324
4.6849384
3.9091775
3.9474540
4.0358882
4.2047625
4.0420671
3.9509566
4.4073200
4.0437450
4.0440998
4.0319791
4.0435753
4.1951461
4.0393252
4.2226849
4.4214520
4.0367751
3.9178784
4.4424357
3.9485133
3.9449418
4.2126851
4.0518537
3.9235442
4.4093261
3.9170954
3.9490960
4.0403967
4.0440702
3.9456878
3.9511921
3.9456758
4.0379949
3.9168959
4.0428667
4.2086773
3.9148550
4.4442296
3.9115171
3.9131882
4.4402642
3.9437754
4.0389185
3.9215667
3.9403110
3.9412129
3.9121192
4.0434055
3.9355717
4.0459237
3.9124391
3.9110110
4.1920643
4.0604873
4.0381794
3.9407270
3.9464173
4.1989322
4.6866436
3.9401293
4.0250549
4.0438485
4.0408697
3.9473886
4.0377140
3.9050319
4.0584235
4.4072185
4.0337672
4.0336046
3.9144206
4.0356002
4.0278778
4.4000230
4.0416336
3.9298775
4.1972027
4.4016418
3.9114034
4.0409069
3.9138932
4.2067943
4.0352678
4.4202623
4.0321856
4.0311069
4.0400090
4.0332093
4.0579147
4.1959143
4.0312972
4.1978574
4.1991644
3.9368982
4.0329618
4.4181528
3.9509897
4.0344324
4.6946306
3.9252298
3.9031343
4.4154282
3.9464483
4.0370412
4.2045140
4.0351934
3.9101911
4.0352826
4.1980996
4.0333905
4.2018991
4.0401421
3.9381771
4.0426965
4.0388646
3.9128659
4.3989887
4.0249515
4.0382237
3.9192479
4.1865406
4.4116569
4.6798682
4.0347576
3.9041715
4.4138331
4.4127650
4.1984258
4.0335751
4.6605029
4.1906128
4.4149618
4.1998887
4.0390863
4.0280623
4.3994403
3.9244034
3.9102428
4.1942420
4.4268451
4.4202824
4.0345383
4.0342798
4.0263700
4.0251803
4.1718588
4.1862726
3.9006090
4.1770892
4.0319762
4.3941021
4.0371151
4.4448071
4.3969612
4.3935552
4.4160771
4.1910110
4.4065819
4.4244132
4.1908264
4.1879148
4.6753426
4.3941441
4.4030714
4.0497856
4.2067914
4.6859140
4.0225940
4.3861690
4.9752235
4.0380969
4.0160704
3.9456959
4.0242844
4.9757633
4.6895056
3.9003336
4.4243121
4.0407882
4.6689758
4.4282398
4.0255318
4.4472637
4.4032383
4.0336633
4.3990040
4.1806383
4.4197526
4.1923103
4.4194293
4.4050956
4.4255452
4.6877317
4.3956203
4.4249587
4.0185156
4.1783905
4.0253134
4.4120011
4.6696014
4.0372334
4.4000430
4.4139953
4.3957019
4.0367947
4.3951664
4.0187597
3.9247012
4.3939881
3.9191778
4.0260262
4.3928709
4.1934114
4.0234060
4.0229630
4.6721716
4.0275397
4.0250030
4.0282621
4.0306625
4.4180694
4.6628742
4.4236188
4.3873320
3.9174259
3.8906748
3.9254906
4.3933182
4.1800761
4.0319762
3.9265702
4.3855143
3.8911321
4.0216484
4.4203653
4.0351954
4.0250077
4.4073658
4.4128518
4.0302081
4.4170189
4.3942523
4.1902933
4.0182395
4.0228524
4.6940198
4.9790254
4.0471039
4.3931556
4.3833508
4.9695249
4.3827267
4.0453935
4.4069405
4.0151391
4.0269494
4.0489998
4.1865091
4.3947802
4.4036098
4.0292153
4.4085751
4.3922009
4.1881495
4.0322857
4.6665654
4.6713939
4.2003322
4.0366249
4.9943600
4.4184399
4.4226418
4.0180030
4.3991795
4.0198460
4.1910534
4.0400290
4.4031978
4.0499988
4.1991143
3.9313672
4.4217396
4.0212951
4.4137945
4.1708736
4.0362563
4.4220896
4.0303774
4.6844649
4.9769082
4.3890862
5.0143213
4.2130690
4.3848424
4.4020362
4.4345770
4.4021983
4.0152574
4.6855264
4.0236125
4.2009201
4.1864238
4.6642385
4.3948040
4.4024482
4.4186549
4.0293903
4.1860261
4.2006865
3.8850737
4.0301566
4.3966675
4.0248823
4.4015298
3.8937054
3.9000371
4.0191069
4.0343704
4.1785512
4.0172377
4.3987360
4.0160184
3.9300809
4.1785474
4.1774802
3.8888462
4.0109286
4.1709552
3.9383636
4.1673961
4.0215082
4.0301046
3.9218791
4.3931079
4.4089603
4.1741090
4.4200559
3.9287641
4.0158410
4.0259128
4.3792963
4.1703644
4.0213385
4.0178728
4.3817773
4.1716986
4.0145779
3.9266911
4.3973022
3.8942726
4.1791658
4.0247717
4.4125829
4.3849440
4.0214424
4.1849756
4.6600447
5.3233304
4.9436903
4.0177078
4.4082823
4.3977885
4.0314603
4.4163256
4.4139695
4.0192428
4.3963027
4.3986659
4.0146747
4.1935625
4.4193759
4.0156636
4.0105443
4.1871834
4.1765919
4.3841996
4.3998275
4.0196390
4.1768193
4.3982339
3.8895173
4.9900312
4.0514317
5.0099235
4.3995981
4.0152278
4.1779265
4.0280933
4.4329815
4.1861472
4.1902423
4.3990107
4.3819933
4.3873601
4.4200420
4.4147367
4.6835060
4.0363817
4.0264177
4.6818476
4.1801271
4.0159659
4.4341412
4.3887482
3.9164617
4.0256848
4.3932714
4.4015837
4.6808186
4.0045757
3.8832011
4.0068369
4.0063553
4.0122466
4.3975654
4.4000773
4.6594524
3.8824077
3.8977697
4.1763225
4.0029058
4.3982677
4.3782043
4.0057201
5.0017052
3.9272053
4.1824622
4.0238652
4.6750016
4.3865833
4.4087133
4.3844633
4.3927650
4.3933930
4.3954320
4.3855462
4.6865115
4.3915367
4.1765776
4.3760738
4.4145212
4.3953576
4.0134640
4.4229736
4.1729016
4.0155969
3.9124744
4.4306211
4.3920770
4.3854227
4.0255079
4.3811817
4.3889928
4.0121875
4.0265465
4.3820949
4.4149656
4.3997126
4.1918492
4.4092851
4.0128441
4.9636869
4.1751513
4.3927922
4.3875904
4.3938661
4.9623222
4.9656506
4.4124279
4.0133457
4.6825275
4.9816380
4.1966639
5.0063124
4.1866369
4.4130473
4.3957691
3.9246860
4.3904538
4.6593184
4.6620269
4.3963432
4.0308857
4.4145484
3.9205928
4.3944125
4.4123340
4.3997397
4.0275187
4.1819439
3.8877027
4.0178776
4.1792326
4.3765540
4.4069405
4.1690745
4.6655264
4.4379506
4.0274820
4.1850891
4.1752257
4.4130068
4.0377598
4.6632953
4.0257754
4.3985310
4.0304804
4.0313573
4.0221367
4.1793318
3.9091606
4.6786909
3.9133747
4.0117779
4.0251775
3.9530778
3.9240127
4.0160260
4.1733623
4.0170288
4.0140901
3.9181414
3.9158537
4.0199075
4.4152079
4.3886328
4.3949928
4.0202742
4.0595064
4.4152217
4.3988891
3.8906291
4.0188632
4.0389752
4.3795738
4.1836405
4.0147328
4.1676388
4.0191174
3.8906388
4.3874683
4.3994632
4.1745076
4.1879292
4.4167700
4.0224981
4.1750479
4.3929858
3.8958316
4.3968701
4.3931828
3.9002788
4.0183940
4.0132794
4.1730494
4.6756682
4.3750052
4.3913274
4.0114679
3.9246786
4.0192947
4.1711369
4.1735687
3.9223330
4.4009891
4.3959045
4.0257831
4.0231032
3.8957555
4.0186672
4.6486712
3.9219623
4.3891678
4.0182056
4.9420700
4.1714640
4.0127826
4.0091109
4.4082308
4.1763153
4.0085864
4.1824837
4.3859186
4.0250888
4.1638308
4.6697922
3.9228549
4.0046268
4.3984704
4.4032989
4.1740665
4.0154052
4.1858277
3.9162121
3.9155385
4.3977547
4.6643786
3.8873904
4.0096502
4.0244617
4.1618099
4.0150285
4.0146074
4.3924618
4.0133147
4.6591592
3.9200108
4.0126276
3.8967214
4.0147257
4.0186043
4.3822389
4.0151320
4.3895669
4.0065107
4.0157304
4.0146813
4.0325727
3.9174831
4.3850999
3.9206760
4.4182916
4.3844433
4.6612363
4.3786373
4.3944325
4.0136838
4.4086494
3.8892345
3.9005327
3.8955426
3.9222119
4.0131888
4.0231667
4.2033706
4.0276775
4.0201435
4.0312057
3.9277148
3.9335234
3.8934257
4.1781225
3.9285924
4.0448651
4.0431900
4.0168753
4.1797280
4.0256429
4.6481919
4.1898603
4.1802020
4.4156947
4.1831112
3.9292433
4.0435090
4.0847874
4.0324707
4.0723333
4.0368991
4.0828319
4.5317001
4.0386810
4.0398068
4.0637760
4.0470600
4.0409951
4.0950141
4.0530448
4.3602657
4.0840001
4.0914321
4.0654559
4.0559626
4.0645080
4.1863451
4.0233579
4.0680566
4.0695453
4.1914921
4.0303888
4.1621499
4.0668068
4.1734543
4.1652069
4.0715990
4.0586286
4.1862321
4.0919499
4.3535233
4.5718760
4.5685191
4.1927428
4.3424373
4.3475714
4.3820076
4.3223605
4.3175473
4.2072945
4.7997885
4.3345375
4.3392830
4.3240228
4.5749483
5.1452084
4.8022256
4.3514600
4.8590293
4.8136106
5.0941262
5.1006522
5.4188690
5.1222377
4.8332453
5.1447997
5.1102004
5.4500217
4.8446584
4.5780807
5.7845039
4.5871506
5.1275892
4.8722272
4.8647394
5.8422046
5.5068150
5.4971304
5.5091743
5.1874423
5.8474083
4.6716056
4.9063640
5.2079258
5.2017465
4.3272128
4.6948080
4.4867435
4.6946511
5.2571483
4.2302637
4.7100992
4.9591913
4.9608297
4.7129130
4.9861579
4.5282016
4.5273771
4.5285683
4.3901505
4.3997769
4.3133650
4.5540938
4.4165606
4.7666831
4.4167042
4.3301477
4.5934882
4.3071957
4.3144474
4.3431048
4.3397789
4.7753983
6.0175152
4.8022795
5.6519570
5.0446234
5.0443296
5.3330884
5.0485458
5.3540940
4.8181825
5.3617377
5.6599202
4.6599073
4.4146180
4.4940634
4.5119705
4.8314147
4.4077134
4.5080042
5.3813777
4.4276595
4.6789985
4.4214640
4.5516958
4.4659576
4.4655404
4.7120476
4.5768671
4.5856662
4.5097013
5.4345322
5.7638531
4.5254936
5.7458611
5.7409277
5.1530900
8.0724487
4.9390750
6.4435363
6.4733891
6.8240690
6.4552293
6.4668860
5.7833552
6.1284995
7.2405066
6.8343363
9.8847609
7.2571783
5.2041678
8.1179419
7.6834531
8.5414047
6.1249628
5.5002394
5.8097396
5.8099065
5.8344746
6.4973073
5.5051842
5.8276505
6.5065036
8.5604868
6.1843529
5.8389363
6.1779013
5.8588133
7.2714500
5.5443678
4.8860383
5.0664668
5.0917487
4.7994504
5.3270493
5.9035954
4.7274818
4.7252746
4.8582878
5.0301137
5.5114889
5.0545712
5.0467849
6.5195518
6.4964714
5.0763941
6.8846850
6.5300040
6.2029757
5.5849943
5.3348546
5.8718677
5.8920932
7.3045697
6.2230711
6.2164006
5.8447537
5.5517449
5.8572979
4.7856932
5.3048987
4.6982737
5.5623078
4.7287564
4.8108706
4.7646155
4.7671642
4.7760468
4.7583370
4.9925542
4.7997699
4.8734260
4.8617153
4.7681780
5.1545234
5.3685107
5.0894437
5.5543699
4.8994956
4.9039736
6.1711102
4.7946625
4.8111176
4.8196673
4.9633288
4.9651246
4.8460302
4.9755321
4.9782829
5.3936653
4.8639097
5.3964500
5.4035101
5.0139861
5.2078071
5.2184396
5.1903028
5.9515409
5.1971827
5.6779871
5.0598860
5.0524898
5.2303853
4.9381208
5.0735960
5.2529292
5.7160683
4.8799081
4.9782748
4.9181118
5.1261907
5.7647481
4.9364858
4.9586620
4.9606533
5.0796084
4.9169612
4.9430904
5.0129328
5.1473527
5.0418444
5.1625667
4.9748430
4.9569731
4.9473190
4.9699483
4.9769979
5.0041289
5.0881891
5.2327332
5.0557685
5.0283580
5.4514380
5.0334616
5.2848043
5.1404200
5.1043372
5.2395606
5.1527405
5.0743947
5.2743473
5.2747407
5.0717645
5.0660610
5.6319923
5.0916634
5.1819372
5.4185181
5.2872267
5.6225529
5.1417089
5.2280192
5.2236352
5.3209162
5.2134781
5.7682109
5.2003670
5.6529522
5.8749409
5.8519759
5.3062572
5.2884021
5.2789145
5.3290248
5.2749352
5.3328228
5.2913556
5.3023977
5.3451638
5.4152203
5.3809609
5.4022436
5.4615107
5.6140180
5.5368567
5.5050759
5.9906430
5.4528670
5.5128894
5.5166812
5.5129695
5.6207123
5.5441537
5.5348001
5.5750751
5.6157589
5.7161117
5.6668158
5.6955748
5.6003170
5.8919168
5.6514978
6.3656044
5.6725779
5.6925840
5.6698461
5.7076049
5.6806846
5.7593055
5.8446350
5.8458223
6.0539331
5.7293639
5.7237768
5.7502308
5.7294669
5.7126660
5.8297806
5.7273922
6.2378435
5.6870584
5.7647147
5.7891130
5.8156147
6.0164924
5.8333263
5.6210103
5.6493173
5.5408325
5.4676652
5.4698100
5.9111257
5.4692769
5.4625378
5.4336553
5.7106876
6.1788306
5.3808045
5.3633795
5.3698969
5.3599672
5.4274468
5.5525093
5.5847216
5.2030725
5.3220358
5.4354753
5.1922493
5.4039273
5.1582937
5.4429216
5.4899869
5.4453473
5.1817303
5.2337375
5.9525843
4.9835715
4.9268289
5.1831536
4.8919320
6.4209104
4.8625302
6.1742020
5.1254153
5.2751670
5.7091737
5.0024261
5.4451132
6.0242248
4.6527748
4.6248531
4.5919337
4.8539500
4.4426737
4.5315576
4.8555603
4.6997595
5.0409007
5.4003592
4.4885097
6.3764443
4.5947080
5.4191713
6.1133032
6.4789171
6.3836551
6.6268373
4.5972967
6.8559289
7.1434612
4.5974946
4.6278825
5.3443313
5.1223388
5.0432878
4.0025134
5.0509481
4.0379186
4.1498933
4.1422844
3.9639139
4.0642481
3.9475918
4.0743380
4.0224581
4.1673279
3.9595704
3.8579381
3.7872584
4.3943572
3.8137434
3.8637776
3.9121497
3.6922147
4.0030990
4.0603385
4.4265509
3.8369954
3.9069252
3.6726964
3.6719022
3.7448814
3.5822234
3.6538496
3.6857047
3.8081238
3.8184192
3.6559329
3.6049716
4.2019639
4.1312628
3.4977155
3.4533815
3.5582848
3.4976473
3.3478212
3.4140279
3.6481922
3.6335702
3.5218835
3.6681933
3.5323832
3.2971716
3.5020244
3.3623102
3.5138245
3.4878690
3.5600448
3.1745162
3.5518699
3.4768171
3.8002081
3.4837124
3.4261167
3.6767998
3.4061289
3.4514689
3.6598117
3.7204645
3.2451055
3.1936736
3.1960647
3.6973472
3.3734634
3.3954532
3.6584096
3.3602397
3.6140196
3.3574529
3.4621444
3.3383129
3.3328557
3.4135463
3.3482203
3.3658571
3.2565720
3.3776991
3.5729213
3.3049850
3.5581646
3.3977022
3.3955028
3.3225935
3.1013634
3.0982337
3.3277547
3.3638239
3.3524923
3.3632669
3.3582542
3.8003311
3.7161074
3.7089579
3.8475256
3.0990427
3.3001456
3.1432307
3.1160479
3.4046631
3.3591483
3.0584404
3.1027176
3.7491286
3.2064540
4.2357945
3.0919714
3.6622105
3.2013559
3.2410495
3.3703985
3.1285231
3.1781101
3.0766847
2.8174968
2.9004157
2.8523650
3.0095448
3.0992358
3.0033815
2.9025311
3.0152018
2.9214284
3.1931272
3.0103621
2.9717023
3.2441747
3.0717063
2.9054527
2.7409635
2.9707451
3.1926017
3.8877785
3.1628556
2.9831154
3.5900464
3.6963301
3.2616975
2.8662181
3.3835657
3.6832547
3.2010405
3.5338643
4.4558520
3.7679908
3.5167208
3.3732624
4.5862861
3.9311638
3.5975873
3.3802834
3.2908812
2.9045513
2.7911618
2.7333293
3.1881416
2.9972284
2.9153888
3.1224003
2.8169048
2.8154871
2.7651715
2.8891611
3.0003240
2.9208729
2.7905805
2.9385810
2.8069842
2.7684600
2.9390748
2.8652310
2.7209640
2.7308843
2.9419782
2.7178550
2.8781159
2.9503555
3.5645838
3.4851189
3.5211761
3.6029143
3.1273324
3.0789082
3.0997930
3.4516077
2.7103307
3.9553635
2.8388219
3.0434589
2.9852221
3.5546343
3.4782674
4.0112195
2.8722608
2.8167288
3.4788530
3.0714529
3.0667322
3.0377324
3.1093705
3.1334035
3.0639262
2.9860337
3.4240820
3.2734599
3.1278415
3.1671796
3.5473511
3.1416037
3.2658007
3.2006350
3.1865144
2.9643574
3.1477299
2.9483294
3.4272580
2.9097829
3.2914648
3.5105045
2.9908447
3.2132921
2.8949418
3.1930044
3.1973586
3.1794503
3.1187570
3.2682185
3.1940877
3.2570817
3.9283054
3.9541290
3.8868921
4.5516806
3.2506988
3.1916161
3.0630846
3.4292707
3.3819637
3.6521795
3.0862300
3.4453204
3.2603817
3.3093085
3.2853940
3.0613067
3.1037350
3.3116491
3.1164935
3.3436952
3.1019061
3.6192036
3.2917690
3.3088846
3.2910912
3.3308916
3.1981504
3.3411598
3.7807949
3.5892615
3.3421245
3.1957614
3.6438112
3.3645272
3.3594747
3.5050693
3.2135248
3.2518663
3.3896194
3.3009930
3.2205451
3.1674836
3.3658812
3.3982484
3.3736246
3.1875448
3.4195011
3.4190121
3.1875489
3.1848538
3.1703455
3.4523594
3.0931890
3.1250210
3.2161374
3.3284142
3.2957513
3.1285553
3.2436333
3.2181568
3.2608855
3.2737048
3.2840431
3.4745007
3.2545433
3.2982287
3.2072012
3.5204902
3.3519404
3.3284051
3.4201045
3.3443167
3.4433694
3.3647475
3.4056287
3.5359485
3.2083309
3.4076560
3.3386261
3.4921618
3.4231505
3.4172258
3.9421360
3.8049865
3.6075120
3.4823744
3.6941559
3.6548448
4.2889218
3.8744588
4.3331056
4.0266151
4.4163623
4.1456666
3.8900020
4.4117932
3.4136381
4.4847775
3.7185495
4.4934096
4.5421324
3.6287305
4.6789303
4.6843758
4.1373658
4.0817556
3.6590762
4.6739583
3.8673208
3.7981436
3.6630445
4.3245416
3.8142898
3.8471549
3.8153329
3.5032194
4.3628097
4.0142345
4.1413488
3.8484404
3.6440859
3.9667065
4.2437348
3.7188413
3.7132261
4.1807566
4.1361017
3.9771626
4.0724068
4.3194456
3.6998160
4.0190768
4.2894788
3.9302890
3.7308900
4.0825405
4.0168405
4.0256720
4.1340690
3.6148446
4.1422095
3.7631309
3.9599669
4.0049157
4.0908775
3.9511819
3.6585710
3.4035091
3.2825756
3.4388752
3.4225643
3.2729352
3.5875394
3.8506544
3.4320133
3.3490291
3.3705924
3.5726461
3.5640414
3.5270030
3.6686575
3.6810033
3.7988174
3.8258331
3.9478037
3.9036548
3.7961576
3.6210775
3.6033735
3.8465126
4.2107544
4.4804668
3.9937611
4.1331124
3.8467104
4.3523078
4.1407967
4.1033502
3.8149462
4.5474081
3.9380238
3.8696234
3.9834590
4.0707273
4.5414424
3.6001108
4.4572325
4.3272033
4.4397893
3.9708524
4.4916806
3.9121001
4.0518703
4.1430655
4.0942616
3.9235363
4.7594719
3.6917987
4.0344563
4.1836557
4.4845271
5.2646880
6.3829374
5.3394423
3.8674135
4.3980312
3.9420619
3.5849681
4.1168747
3.6115420
3.4271553
4.1143894
4.2966542
3.6516378
3.9628949
3.8905842
3.9802089
3.5142465
4.4316154
4.7928452
3.3989384
3.8987527
5.1442423
4.8451176
3.4823422
3.8246412
3.7545719
3.5077951
3.8240705
4.1420155
3.7356658
3.9982073
4.0108681
3.8057146
4.5688643
4.2974234
4.6665368
4.8425226
4.3659539
5.4381866
5.6680832
5.2351518
4.9461746
4.8475103
4.3964958
4.5355549
5.0315304
5.1348825
5.3194919
3.8728249
3.7061810
4.2269125
4.6108017
4.5099983
4.2377529
4.7438135
3.6780319
4.9155397
3.7206514
4.6051712
3.8159723
3.7013736
4.2485600
3.7514298
3.6945257
3.5584762
3.9637144
3.7839391
3.7895336
4.7839808
3.5110359
4.2825904
5.8677354
5.0433588
3.5610015
3.8780293
3.9011345
4.2507434
4.1800609
3.6509399
3.9531159
4.2312665
4.1028314
3.6932905
3.7531745
3.6859574
3.9229681
3.7119169
3.7890861
4.0917611
4.1259785
4.0171394
4.0477829
3.6025100
3.7065895
4.1255198
3.6735632
3.7540781
4.1000123
3.9998178
3.6875505
4.1986704
3.9309733
4.0752683
4.9260135
4.1624212
3.7322085
5.4085569
4.1618962
4.8257880
4.9162288
4.5289702
3.6362257
4.4921479
3.6124821
3.8781755
4.8446722
4.0099807
4.4520659
4.2159019
4.4019547
3.7694912
4.4765120
4.4006853
3.5299459
4.3413982
3.9479427
5.6743817
4.9872470
4.6469431
4.2936068
4.5862803
3.7986028
4.4348407
3.4796813
3.9989090
4.7540832
5.2841749
3.5760045
4.0426335
4.7105384
4.8340864
3.4603746
4.2817955
5.6400580
3.6487446
4.4201813
4.4485960
4.6422029
4.0132127
5.2617774
4.0843868
4.1096125
3.7242112
3.7338820
3.3160930
3.8331630
3.8533576
3.7812958
3.6850336
3.3871226
3.6084480
4.7093201
4.5034409
3.6006148
3.5335236
3.8734584
3.8120391
4.0327592
3.4344091
3.4503329
4.5981460
3.8326294
4.2063665
4.9212894
3.8718092
4.3527999
4.0060735
5.8428555
3.4152913
3.9663231
4.1015992
3.7093410
4.7957020
4.6919570
4.4664578
4.2157774
4.2700734
6.0141487
3.6121249
4.2374344
4.0673847
4.2030754
5.0331936
4.3676147
3.6572399
4.3969779
4.9669890
4.4243331
3.6841943
4.0673065
3.9438550
4.0864649
3.6148221
3.1291754
5.9583139
3.7394409
4.0446458
4.9927940
4.3127885
3.9737575
5.4567294
4.5143657
4.6403890
4.5320687
5.6438527
4.4400277
4.2987366
4.7085514
4.7445545
5.2091570
4.0381737
4.3868876
4.5380230
4.1509843
3.5767665
3.9112105
4.0627713
4.3258009
4.3151727
4.4695373
4.3472252
4.2384348
3.7787695
3.9931719
5.8951011
3.9072807
3.9047866
3.6699581
4.3076806
4.0732031
4.1569190
3.3801298
4.4840422
4.0405240
4.0568471
3.9067705
4.4539404
4.2844491
4.0264726
3.4032049
4.1839371
4.6291614
3.8296483
3.9242730
3.4061267
4.4670668
3.6956649
4.1481533
3.4150894
4.3402562
3.6697671
3.8129759
4.2805743
4.4770188
4.1110482
4.2766705
4.1037736
4.0998573
4.7962885
4.4335728
3.8023825
3.2623458
4.0223079
3.9344559
3.2217438
4.1140847
3.4448094
4.1030354
3.5989745
3.6152883
4.2550702
3.8860919
3.7288938
4.7711368
3.5625699
3.8491116
3.7081282
4.1447883
3.8241611
3.9480257
3.7983661
4.4451990
4.6004701
4.0333672
4.0196409
5.2754645
3.6577888
4.4145226
4.1977615
3.7243304
5.2751966
4.1408019
3.3446815
3.4087455
3.2761052
2.9245172
3.4412622
3.8502986
3.7647636
4.0538168
3.5912986
3.3405595
3.3340926
3.0361090
3.2044525
3.8610194
3.2373939
4.0049791
3.2414527
3.5884562
3.3952923
3.4524858
3.6527722
3.7252231
3.6578350
4.1566272
3.9136071
3.5351434
3.4803123
3.7748094
5.0727344
4.2738051
4.1356173
4.2267089
3.9504914
3.8453901
4.2189770
4.0961938
3.2863393
4.0940118
4.1414623
3.8597608
3.6377723
3.5197842
3.9645126
4.4931488
4.0945497
4.7407999
3.7351599
4.4519973
4.3016157
4.4960308
3.5375352
4.0062242
4.3760386
3.5700886
4.1004000
4.0814419
4.2956066
5.0416045
4.1601315
3.8856211
4.9081755
4.9007535
4.3625946
4.4174094
4.2393346
4.9537530
4.2818866
4.6363487
4.4445415
3.8445728
4.8494544
4.8508825
4.1631408
4.1975517
4.9039268
3.7131295
3.8742392
4.2839036
4.7771506
4.3005562
4.7920990
4.9636130
4.2729578
4.1228976
4.4383202
4.4321947
4.4614162
4.1190028
4.9641719
3.9550035
4.2771420
4.4249315
4.2724500
4.2715421
4.2592640
4.7654605
4.4131193
4.2861743
4.4341702
4.7902699
4.2677002
4.4270225
4.2852373
3.9531877
3.9550259
3.9511883
4.4276395
4.1594491
3.8350091
3.9811871
4.4588490
4.3206248
3.8656359
4.6810112
4.5347004
4.1829338
3.9089417
4.0795288
4.3831735
4.5875201
4.2711787
3.9772918
4.0078712
4.8273149
4.8215032
4.1876979
4.1975064
4.3835640
4.3876371
4.4249945
4.1460848
4.3000021
4.6710052
4.3292465
5.0771513
4.4238253
3.6649151
4.1759582
4.5316978
4.5753417
4.5750518
4.1461697
4.1789980
5.0443907
3.8128493
4.6411967
4.3904939
4.5672793
3.9470856
4.3223853
4.1510878
4.0357809
4.4016113
4.2772164
5.1664500
4.2033758
4.5496445
4.4523568
5.7289462
4.5192986
4.2497349
4.4424076
5.2094102
4.7293105
5.1806221
4.6446991
4.3999476
4.6057100
4.6384025
4.7248607
4.4478102
5.5546303
5.0794826
4.9459720
4.5663166
4.7545686
4.5383677
4.8852139
4.2927809
5.0248480
5.4805593
5.7760429
4.7197952
4.7906113
4.3727221
4.7975450
5.1522965
5.2959185
4.8311620
4.7293959
4.7820101
5.0247793
5.1742268
5.5088034
4.9069738
5.3642354
5.7834096
5.8821483
6.6930389
6.1695714
5.0378256
5.1117768
5.6814198
5.5999250
5.7660499
6.1474915
5.2082438
5.8147526
5.7236056
5.8123145
5.8309526
5.2377753
5.1738987
6.4091148
5.6636138
5.2689667
6.9494271
5.4696937
6.1317368
5.5978618
5.3745914
5.7452888
6.2642808
4.7907357
4.9765058
4.8955069
5.5045919
4.6495066
4.2303014
4.9996614
4.7934480
4.3668709
4.2170687
4.4853549
4.2011967
4.0284834
4.2577524
3.7790163
4.4246545
4.6756616
4.0859156
4.2501702
3.5978634
4.6020732
3.7789581
4.5416951
5.6218324
5.5273476
3.6787651
4.0322909
4.8904772
4.5331178
4.9079118
4.1971669
4.4602470
4.0202236
4.1688495
4.4382105
4.5509572
4.8563147
5.2915874
4.4964809
4.6103797
4.3706379
4.7386270
4.4624186
4.7577705
5.2649655
4.1646714
5.4635248
5.4793673
5.1633368
6.0597401
4.4887609
5.3252845
5.1962233
5.6573362
4.7951927
5.2101068
5.2195067
5.0037189
4.2815051
5.6226153
4.2203331
4.2255707
5.0267115
4.5521765
5.2394853
5.2282658
5.1172976
4.8456850
5.0180707
3.9351897
5.1498394
4.4029193
4.6618943
5.1468329
4.6491871
4.5411224
4.9447289
4.6656947
4.3100467
5.1461849
4.0870953
4.3972797
4.1844144
4.7474656
4.1982365
4.6307640
4.1021414
4.5289526
3.8487113
4.1390524
3.6048629
4.0490031
5.0053205
3.6582317
4.8959117
4.6381149
3.8697188
4.1184382
3.9500270
3.8901010
3.7338498
3.6890969
4.8376265
4.5431809
4.1670103
3.8501787
4.8871155
4.9800501
3.6640832
4.7692337
4.0955930
4.2226210
3.6571374
4.2064562
4.1708193
4.9912262
4.1911530
4.2455940
4.1681414
4.1213875
4.9020276
4.3734679
4.3656921
4.1239061
4.0897408
4.7643929
4.5465837
4.4634504
5.2909513
4.1505618
4.4649315
4.8869185
4.6013789
4.1938481
4.6153927
5.6061001
4.9679513
4.1107693
4.2174921
5.0688992
4.9041972
4.8915310
4.1443081
5.1706223
4.8927941
4.3220119
4.9593191
5.0657749
5.0589671
4.5923672
4.5878196
4.9520903
5.0560541
4.3340688
4.8700247
4.7979555
4.8674121
5.2718916
4.7953153
4.5038228
5.3551354
5.3803182
4.2285643
4.4820871
4.9555459
5.1326771
4.9306936
5.1616163
5.0627699
4.6613212
5.2744317
4.0741353
3.8670006
3.7738853
4.8200812
4.5090570
5.3073797
4.3416915
4.5361052
4.7674289
4.5327206
4.3276310
4.4064364
4.4166818
4.6544509
4.7177663
4.6251230
4.6789622
4.1204891
4.5960116
4.0427399
4.7005477
4.2898326
3.9920914
3.9958110
4.2642446
4.2781205
4.9587049
4.2721748
4.5565152
4.5665579
4.5676055
4.6025476
3.9822834
4.5587730
4.5702419
4.2860165
4.2640467
4.6372566
4.2488236
4.9349079
4.9193773
4.8946786
4.5516548
5.2789826
4.5704765
4.2141571
4.5693002
4.5307670
4.5363569
4.8508129
4.2220073
3.6751530
4.2374883
4.2154646
3.8994856
5.2805715
4.4936051
4.8564610
5.2276716
4.5101161
4.2046237
4.5088453
3.7260571
3.8913765
4.5095291
4.2869425
4.9071612
4.4837089
4.4815578
3.6790180
3.4417439
4.2059150
4.7941251
4.1220202
4.2139926
4.8113089
4.5767550
4.5131788
4.4308677
4.1631293
4.7931538
4.1312394
4.5051646
4.5016623
4.9628973
4.5129576
3.8979840
4.9186993
3.9836895
3.7135561
4.4855413
4.8265700
3.6998949
4.8642597
3.9317868
4.2144294
3.9347761
3.8838172
4.5208840
4.2016997
3.7697427
3.5229023
3.9059439
3.4885030
3.4706330
3.7516751
3.4532988
3.8129644
3.6692388
3.7721713
3.9421659
3.8033726
3.6415677
4.1151586
4.1892281
3.7991903
3.8298228
4.0445743
3.7473330
4.0935597
3.7436817
4.2923174
3.9191885
4.0874724
3.9475069
4.3382211
3.8356681
4.1562066
4.3836031
4.7585812
4.5550380
4.4316106
4.3488083
4.4204817
4.4653645
3.7651384
3.9920588
3.9642191
3.9011407
3.9453626
4.0850577
4.3039322
4.3080487
4.2096486
4.0463691
3.8448970
4.2883048
3.5961637
3.7630343
3.7240305
3.8428457
3.6614237
3.9206891
4.1228113
4.1434946
4.0938950
3.8632197
3.9172249
3.7334003
4.1489158
4.4043565
4.0961065
3.8625655
3.9234676
4.2611799
4.3294711
3.9548388
4.1120868
4.0890050
3.7628565
4.1214976
4.5811815
4.1852584
4.2761016
4.1678901
4.6031885
4.6221466
4.3768435
4.5308585
4.5125809
4.7488189
4.3013301
5.2232103
4.5705090
4.6894321
5.5422359
4.9277935
4.8475490
4.6749377
4.6189294
4.6551600
4.5326705
4.8153105
4.9104986
4.6172886
4.7785311
4.3118811
4.2572465
4.6205602
4.2801042
4.5525751
4.2580862
4.3876319
4.4516068
4.0875106
4.9975948
4.4195552
4.1566262
4.3273253
3.8130152
4.1676588
4.1487708
4.1883020
4.0173106
3.6080470
4.3257337
4.2409391
4.4910960
4.2127666
4.1986990
4.1729178
4.2243695
4.5074387
4.7447333
4.3118067
4.1558576
4.4686217
4.2818294
4.5571146
4.4655929
4.6572752
4.1570458
4.3065386
4.6088033
4.6330943
4.6231651
4.7015214
4.3833752
4.2474070
3.8265996
4.2445350
4.5294871
4.3227596
3.8161132
4.2432737
4.6915498
3.7691779
4.5461640
4.3768740
4.2429481
4.1464415
4.3767023
4.2116838
4.3785944
4.1228514
4.1039705
4.2846456
4.0323253
4.4956393
4.2771673
4.4999685
4.1036663
4.1482282
4.4950099
4.2815299
4.1092906
4.3504667
4.1151562
4.4607987
4.3431530
4.1556420
4.1184926
4.0863008
4.0993547
4.1083479
4.1392961
3.7126484
4.2651086
4.1670604
4.4592562
4.1816106
4.1015840
4.0625362
4.3498349
4.2581844
4.2615628
4.2674956
4.1968122
4.4073730
4.1352401
4.0914626
4.3178139
4.4539857
4.3132882
4.1753516
4.3110318
4.4305758
4.2333159
4.3009801
4.4363260
4.0873828
4.1272731
4.2345858
4.1839061
4.5208073
4.0947819
4.0877719
4.1736012
3.7335033
3.7883923
4.1186047
4.4031682
4.4678535
3.8206615
4.5415263
3.4072349
4.3997016
4.4845405
4.0726314
3.7581813
4.0704985
3.7967765
4.1022806
4.0910277
4.3441849
4.3163409
3.9898241
4.2652688
3.7780612
4.5624456
4.0724683
4.1598749
4.0847421
4.0626569
4.1286430
3.4470553
3.8829222
4.1443462
4.1579218
3.8054323
3.7724493
4.3622708
3.9230042
3.7944231
3.8069036
3.9262679
3.9661331
4.2414017
4.1193557
4.2435303
3.8237901
4.2308373
4.1768236
4.2016406
4.1693182
4.1324430
3.8122797
4.4420800
4.2520409
3.7541800
3.6704502
4.4129701
3.7894769
4.1459961
3.9552896
4.2890687
4.2304811
4.2919078
4.1845317
4.3190207
4.6075606
4.1070247
4.6204677
4.5251546
4.5320210
4.1354866
4.6973205
3.8594830
4.5300565
4.5544872
4.6461639
4.7370629
4.5646205
4.6393261
4.6290526
4.7057605
4.1963997
4.5503917
4.1807313
4.6015887
4.5662384
4.4483380
4.5618110
4.7762036
4.3112493
4.6003141
5.0331020
5.0689173
4.7294455
4.7624469
4.6369863
4.6829934
5.2820625
5.1157937
5.2631230
4.3760662
5.0044765
4.7682414
4.8597865
4.9499540
4.8178053
5.3388538
5.1198425
5.2241831
5.3521080
4.7472754
5.4358253
5.4149508
6.0174417
5.6484971
5.2411680
6.1253028
5.7067704
5.5105329
5.7111278
5.5852847
5.8329329
4.9689512
5.8391442
5.1582065
5.0963721
4.7430320
4.1218610
4.8294239
5.5925407
4.9184337
5.3186531
4.5165086
4.5576658
4.8233924
3.8457470
4.0406833
4.6037736
4.4000826
4.5976596
4.3636956
5.0244808
4.5494499
5.5610404
4.4229789
4.7415662
4.6038733
4.5364127
4.1131749
4.2395215
4.1593003
4.7377324
4.1698456
4.1694961
3.8009157
2.9874687
3.8366830
3.6498528
3.1156275
3.7289450
3.0430379
3.8156149
3.4429841
4.8147407
3.3255730
3.7971792
4.5421224
3.3923366
5.0046129
3.8498023
3.0908341
3.3850286
4.2721744
3.2095683
3.4266195
3.3767173
3.3313668
3.2835674
3.7156413
3.4385703
3.1257534
3.0968091
3.3108280
6.5244536
7.3997869
7.1206374
11.1078863
11.3036280
12.4291420
12.5470133
11.4173489
12.3676739
12.3023167
10.8863239
10.7093487
10.3480120
8.5591669
8.7180529
10.0257473
8.8667622
8.9056625
6.9321585
7.2324271
5.3176742
7.0638838
6.1486344
6.5165925
6.7412448
5.4032354
5.6625490
6.0125570
6.8528128
5.6134996
6.8001947
5.8661294
6.3014083
4.4285612
4.9786625
3.3991530
4.3947687
4.1112952
5.3348174
4.9125261
5.3208961
5.2813601
5.2414637
5.1482863
3.6662083
4.8852081
5.6868720
14.3357000
4.3711023
4.9030328
7.0115829
4.8046250
4.6971931
5.4233303
6.6473708
4.7749362
4.1707525
3.4067557
3.1231492
3.9899366
4.1961432
4.2915578
5.0964189
5.2773466
4.0202398
3.8948727
4.1924114
6.0074997
6.2192364
6.0640025
5.0061274
5.8239665
4.8885789
4.9329591
3.7402232
5.0856295
4.1394401
4.4138851
3.7865481
4.4773874
5.8629584
5.5970683
4.2940450
4.1157703
4.5908041
3.7054443
4.4423347
4.8250804
3.7744665
3.8515925
4.1337967
8.6007767
5.6653304
6.1589794
6.1032443
5.1925626
4.9823866
5.2105255
5.3914261
4.8824310
4.3827119
6.2618413
20.2096176
7.7594533
6.1240435
7.6603651
16.2915611
4.9188237
4.5601702
4.9510550
5.4524341
6.7902727
5.5462666
4.3529601
8.6287193
5.5366645
6.0545182
6.0799403
12.6669569
5.0821996
4.8212986
6.6690865
7.6264033
7.0973015
3.4713228
4.1050167
4.7879825
4.2429709
3.9682472
8.7121487
6.5793333
6.0942702
4.2941923
7.1173019
5.5717888
13.6515198
6.7943907
5.9165635
4.5757604
3.5678380
4.0212049
4.6282148
3.9971659
4.2821493
5.1071439
4.6931787
4.7356567
4.7611990
4.1980114
4.0134306
4.2752481
4.3792195
3.9742315
4.2805901
4.7476325
4.3443656
4.6027546
4.2216988
4.0598869
4.0703378
4.8090167
4.0279694
4.0660872
4.0147963
4.8115177
4.9063373
5.4301696
4.3505111
5.0964499
4.0014162
4.4071670
4.3727674
4.3546448
7.2482510
6.5978646
4.4585834
4.4006290
3.9146211
4.0380340
4.1843152
5.0375772
4.1024423
4.0652642
4.0478649
4.3776526
4.9929848
4.6114607
4.8560958
4.0971112
4.2806287
4.6799431
4.0694814
5.9060402
4.7129416
6.2364058
3.8742077
4.0226374
3.8335865
4.3867779
4.1501250
3.8757982
4.0205421
4.1490102
4.8486943
5.3576818
4.3359108
4.1565080
4.5280643
5.9076262
4.2114096
4.4842901
4.3457971
4.2199783
4.8437862
4.8597093
5.1719570
5.2630620
5.7067347
4.5416093
5.1868606
4.5213118
5.9290986
5.8498697
6.1121063
4.5604534
5.9346437
6.0275297
6.7093678
5.1577911
4.5204558
5.8674464
4.5243053
5.6930242
5.5953012
4.0789037
4.1491370
4.1871271
4.2140985
3.9381166
3.7332597
4.3928466
6.7491827
4.2412977
3.7132843
3.8631299
3.6699877
3.9391036
4.7660208
5.3366537
3.9852188
6.0701108
3.9887922
4.8156424
3.9905293
4.8433490
4.9158335
3.5968761
4.0340962
4.4195380
4.5687485
3.9874456
3.6657507
4.0174341
3.9561911
4.3409247
3.9363306
3.9685318
4.0987411
5.0253782
3.7767484
3.8368781
4.6412487
3.7250319
3.9237518
4.2565885
4.6621771
4.0736384
3.7069702
3.9586225
3.8367956
3.9856603
3.7191093
4.5577550
3.7084153
3.7753131
4.1811900
4.1226096
3.7422738
4.4085584
3.5157819
3.5313663
4.0132151
3.6570973
4.4410467
3.6645460
3.9037914
3.9861133
3.9047806
3.9549682
3.9266686
3.9019554
4.0027299
3.9080110
4.0198164
3.8554018
3.6933041
3.6632938
3.7040775
4.2360530
3.7077069
3.6910839
3.6577103
3.7457130
3.9067628
3.9515672
3.6724138
4.1704521
4.0252151
4.1377583
4.1615191
3.7390618
3.8945639
3.9658585
3.9815683
3.8890235
3.6177139
3.5975945
3.6696606
4.0253611
3.8722517
3.7267659
4.6172342
3.9920914
4.6658759
3.8492656
3.4803624
3.6366179
3.8247399
3.8496172
3.7105753
3.6656649
3.6205056
3.6673114
3.7490518
3.6683185
3.6935022
3.9044240
3.7314775
4.1107597
4.7434554
3.6932409
3.7012143
4.0362186
3.9811745
3.7107463
4.3659739
4.6215477
4.1013856
3.8880572
4.6406293
4.4249053
4.5317693
4.3857450
3.9228628
4.0321698
4.2262959
4.2650986
4.1490412
4.0440397
4.0890975
4.0465970
4.0591855
4.0396991
4.6374297
4.1344147
4.3221788
4.2381649
4.1472602
3.8706090
4.2670302
3.9444387
3.8710873
4.3931971
4.0499353
3.9270649
4.3338184
4.0496092
3.9871886
3.9405968
4.3498120
3.9890225
4.1756458
4.2355413
4.7900300
3.9353118
3.9604869
4.2619834
3.9932106
3.9352469
3.9342294
4.6841292
3.8120723
4.0490656
4.4571681
3.7759686
4.0788922
3.8209791
3.8253396
3.8090158
3.8195040
3.8343091
3.8231473
3.9046712
3.7801385
3.7827301
3.8002784
3.9663556
4.2122455
4.2259526
4.0485382
4.0236216
4.1073279
4.3235636
3.9764800
4.2562537
4.3840089
4.0332847
4.2524672
4.3779550
4.3334866
4.0588918
4.0704412
4.1369734
4.3232384
3.9571249
4.2967296
4.1286664
4.0459576
4.2055545
3.9947197
3.9466674
4.0321827
4.1666574
4.1944375
3.9588177
4.4239745
4.4602489
4.3504381
4.5453806
4.3461246
4.1469655
4.3660135
4.4658976
4.5109043
4.6103210
4.3688321
4.2088428
4.4352417
4.4547529
4.6932158
4.5710940
4.5649357
4.5410161
4.7282586
4.4959917
4.5207815
4.2295551
4.1838808
4.6946182
4.3502827
4.6281853
4.0224786
4.4834843
4.7974873
4.5380540
5.0171103
4.7357912
4.9546247
4.5468516
4.5756817
4.6956921
4.6596828
4.2640738
4.3942370
4.4075661
4.2859049
4.5343299
4.3395524
4.3935156
4.3318834
4.0741453
4.2454395
4.2814589
4.3057947
4.4625783
4.3911052
4.1376061
4.2223806
4.1371298
4.1354775
4.1206775
4.2366190
4.1501212
4.1374726
4.5081410
4.0608578
4.1539311
4.1069593
4.2083855
4.1179471
4.1478777
4.1441650
3.9723630
4.2140026
3.9676170
4.1180930
4.2132058
4.0024886
4.1103477
4.1821947
4.1762004
4.0980096
4.1862483
3.9694116
4.3393469
4.2973161
4.3423982
4.2353487
4.4273176
4.2484550
4.4611721
4.3887873
4.1274309
4.3699284
4.2222881
4.1670761
4.1528916
4.1848311
4.2772202
4.5127845
4.2575054
4.2397709
4.1429310
4.2642932
4.1633883
4.2312908
4.3858156
4.2287474
4.5606790
4.1684813
4.4097810
4.1641693
4.1080127
4.0450764
4.4890828
4.1438594
4.3351741
3.9800417
4.3217530
4.1199164
4.5862494
4.1092672
4.0446711
4.1261754
3.9937034
4.1129656
4.0112209
4.1627002
4.4324160
4.1209030
4.1873379
4.1044350
4.3148746
4.2245989
4.1519666
4.2475257
4.1661372
4.1738567
4.1374421
4.1218777
4.1321545
4.1639414
4.1274891
4.1586890
4.1968083
4.1420426
4.2065287
4.2528729
4.2154703
4.1933870
4.1727748
4.1107740
4.3223724
4.1237459
4.1317339
4.1321354
4.2187905
4.2499657
4.3205905
4.4551101
4.4600387
4.3402643
4.3035588
4.2010703
4.8060708
4.4330730
4.5243497
4.2487450
4.3288069
4.6596408
4.8625770
4.6549249
4.5616331
5.0448170
4.9719505
4.5304427
5.0769982
4.3225045
4.6011901
4.4411926
4.6400142
4.5258241
4.7184443
4.8220325
4.7255569
4.4533949
4.3298006
4.4841504
4.5672178
4.3646464
4.4136825
4.8089943
5.0011725
4.3726506
4.3695250
4.6454496
4.9378242
4.6463623
4.4064956
4.8058748
4.7343230
4.8368268
5.2579451
4.8301330
4.6189737
5.6697397
5.6844621
6.4131098
4.6990175
4.4671707
5.2695155
5.6991630
4.9790154
4.6140633
4.9254217
4.1745410
4.5554266
4.7172608
4.1700492
4.4410653
4.5332580
4.5668302
4.2086544
5.8614769
4.2733526
4.1526265
4.0138440
4.1818037
4.6297979
4.4206152
4.2001944
4.0347366
4.0338874
3.9870863
3.9705725
4.0012317
4.7983732
4.0727787
4.3896985
4.0462809
4.8894424
4.9378734
4.3915200
5.2425365
5.8014474
4.5413575
5.5881433
5.2738957
5.5918202
4.6721206
5.1950150
4.9230547
4.3204570
4.6390324
4.3118935
4.9349036
4.8147531
4.3480711
4.3088837
4.2317095
4.1574874
4.4490323
4.4573846
4.6282873
4.5065050
4.5719247
4.3071218
4.0008178
4.5338426
4.5594611
4.4744325
4.3441463
4.3756261
4.5247116
4.5925951
4.0308108
4.2588019
4.9352255
4.3681860
4.2476077
4.2212129
4.3383913
4.4611206
4.3507977
4.3918285
4.5345201
4.7259860
4.2325592
4.7087812
4.3013029
4.4444056
4.3603430
4.4628820
4.0899143
4.1326690
4.1466079
4.3431311
4.2476377
4.0845714
4.1225023
3.9184744
4.0482597
3.8809776
11.9086647
22.6764812
4.3933754
4.0700903
4.0974021
3.9270453
4.3291802
4.0150461
4.3406091
4.3454819
4.0045447
4.5328531
4.8580117
5.0167990
4.0515990
4.0607634
4.1596293
4.1446342
4.3111424
4.1016150
4.0020113
3.9265389
3.9179931
4.0007315
4.2075081
4.0270057
4.0144424
4.3286557
4.3450241
4.5271053
4.0091262
4.4068813
4.2594461
4.1958203
4.0935917
5.0576339
4.9302011
4.4569602
5.0420327
4.3032489
4.7116489
4.5314136
4.2896719
4.3467174
4.1696916
4.3261294
4.5663915
4.3334026
4.3397346
4.2465959
4.2325830
4.3051405
4.2515397
4.4207120
4.3968258
4.5367351
4.5808516
4.3012285
4.6045055
4.5837932
4.4469485
4.7044778
4.7420225
4.8666644
4.4953294
4.6285081
4.5807881
4.4875956
4.3929687
4.3765326
4.5280232
4.5797462
4.4674363
4.5688248
4.3726306
4.2834673
4.3290515
4.3078060
4.4974308
4.4869156
4.3755808
4.3698177
4.5323372
4.5520182
4.4865947
4.4891024
4.5660391
4.5222058
4.7656426
4.3462362
4.4903374
4.7834506
4.8470635
4.8759727
4.4951105
4.7888389
4.8077040
4.5617280
4.4821219
4.4538765
4.4463034
4.4406056
4.6632047
4.4849734
4.7393255
4.7911377
4.5827622
4.2845016
4.6269464
5.1497116
4.4270706
5.0918107
4.2662215
4.7600503
4.4443040
4.3761888
4.1877542
4.4022374
4.3048100
4.1250315
4.7044497
4.1232457
4.6297150
4.1198244
4.5798774
4.3304906
4.3252597
4.0963783
4.6491594
4.3620105
4.3139601
4.3509007
4.2881570
4.1280298
4.6148081
4.4828491
4.6248417
4.6120558
4.3578873
4.5381923
4.5636120
4.3463159
4.3631229
4.3050704
4.6365647
5.0773950
4.2783947
4.6201577
4.5732927
4.9398103
4.8983908
4.3315454
5.4548221
4.5791578
4.3661370
4.8774109
4.9666719
4.5175104
4.9013705
4.8974810
4.8805432
4.9403162
4.9794040
4.8782711
4.7947140
4.9314470
4.5551467
5.6388302
5.2578254
4.9101114
5.2368765
4.9094539
5.2700529
4.8729305
4.8896899
4.8375993
4.8361712
5.2386050
5.2823410
5.2305093
5.2257481
4.9752445
4.8163142
4.9514518
4.6293926
4.3094401
4.8763995
4.4937191
4.9066710
4.6258831
4.8711967
5.0539007
4.4326391
5.0727096
4.9285889
5.0693717
4.8860707
4.6434803
4.5151048
4.5367970
4.5229292
3.9168203
5.8364611
4.8906121
3.9945903
4.5805464
4.4968538
5.1797929
4.2230620
6.2669683
4.4859848
4.6247163
5.7396359
5.0490675
6.0555215
5.2863913
4.9603043
4.8568487
5.0470309
5.0107589
4.9221296
4.9935384
6.2474399
5.1413655
5.2372928
5.0437617
5.2535501
5.3951831
6.4842019
5.3193216
5.4452548
5.5613651
5.4120884
5.7455978
5.2842426
5.2487326
5.4442010
5.0130806
5.7667556
4.6425748
5.9198813
5.4066796
5.3962088
5.0952568
4.8224859
5.0745020
5.2003951
4.7206249
5.3883309
5.4864945
5.4366627
5.3723879
5.3984294
5.6123090
5.1760650
5.1183839
5.6873388
5.4943638
5.3995385
5.2208538
5.2832632
5.4599528
5.1848516
5.3209143
5.2520194
5.2831502
5.0512466
5.1530247
5.3178201
5.5024028
5.0666790
5.5530357
5.2137952
5.4285917
5.3028650
4.7685246
4.8479118
4.6954098
5.2452240
4.8718443
5.1500001
5.0657654
5.0247540
5.0677733
4.6519265
4.6205034
4.6314487
4.4970708
4.8740172
4.4452553
4.6787906
4.3542757
4.8873382
4.5975914
5.0889435
4.9096556
4.3524561
4.8746023
4.9156003
4.8739047
4.4972277
4.8953800
4.2540269
4.1141911
4.3119411
4.5625296
4.5747838
4.3635464
4.2364702
4.3297434
4.1212859
4.5262346
4.2532487
4.2248974
4.1404858
4.5681219
4.4996572
4.2008247
4.8288212
4.4063148
4.3959508
4.4869084
4.5787277
5.2365170
6.7368965
5.3465228
5.9102769
5.0656991
5.1299505
4.7601075
5.2004094
4.6125231
4.6447396
4.4821153
4.6998262
4.5770020
4.5816846
4.5882487
4.1177812
4.5828876
4.3313794
4.7907157
4.4614973
4.8656297
4.5733452
4.5237241
4.7619205
4.4573331
4.7905455
4.2346888
4.5718451
4.2583499
4.3210750
4.3005180
4.3376193
4.2076015
4.1702952
4.7106996
4.2877507
4.2310667
4.5702615
4.1510496
4.5026703
4.6338568
4.2954426
4.4434991
4.2632494
4.4927549
4.4445510
4.3188772
4.4047561
4.4105978
4.7423325
4.7923355
4.4873672
4.3796635
4.7173100
4.3894787
4.7718616
4.3651118
4.7812071
4.6991086
4.3046470
4.7227869
4.6988707
4.7080421
5.0748048
4.7038984
5.0762229
4.5285439
4.3276320
4.6520934
4.4614344
4.7438054
4.6266065
4.6797981
4.4309421
4.5302658
4.5416155
4.1869888
4.7567143
4.6946878
4.2778730
4.3884549
4.4018621
4.0887475
4.3898120
4.7081304
4.7683730
4.4757676
4.5044136
4.3559518
4.4237423
4.3605943
4.3480377
4.4960017
4.3368301
4.3860641
4.3750496
4.1169214
4.3360953
3.9564786
4.6844506
4.6885209
4.0652685
4.0737114
4.1383157
3.7583232
4.0096788
5.2081976
3.8207452
4.8459659
4.3116550
3.9726739
4.0089664
3.7184060
4.0340018
4.3022766
4.3093872
4.4643564
4.5194716
3.9820390
3.7156806
3.4123769
4.0133939
3.6582658
3.6660616
3.9852350
3.7178667
3.7202697
3.4954004
3.7628784
3.6968782
3.6622450
3.6050534
3.6514540
3.4607453
3.5764987
3.6824024
3.7165325
3.7945232
3.6719155
3.7127519
3.7918231
3.6588900
3.9018693
3.6001234
3.6880894
3.6472812
3.6368074
4.6754680
4.7213898
4.8142509
3.7716579
3.3719044
3.7478735
3.7055943
3.7620997
3.6542752
3.4948323
3.3681097
3.4036901
3.7833061
3.8086011
3.5675604
3.3254271
3.7046840
3.5063167
3.5665033
3.5233901
3.4806013
3.5188589
3.2839429
3.5289063
3.3264091
3.4539278
3.7795424
3.7529044
3.4793186
3.5009854
3.7206986
3.3918188
3.7285438
3.7626567
3.7277341
3.5201676
3.8128371
4.3301330
4.0454741
3.7262168
4.2443333
4.4055276
3.7140040
4.8956599
3.8183737
3.7910984
3.7658167
4.0547576
4.0520263
3.7410741
3.4053202
3.7290897
4.0629296
3.5525413
3.5862896
3.8477626
3.4302466
3.7285922
3.5913110
3.4812412
4.1782060
3.8843398
3.5596817
3.6426988
3.9789715
3.4188421
3.6025445
3.4466054
3.7376242
3.7574739
3.7007706
3.5356500
3.7937405
3.4816818
3.7848186
3.7658079
3.4396243
3.4052041
3.5524035
3.3522413
3.4985874
3.4716606
3.3400297
3.5121419
3.5159566
3.4440763
3.5430138
3.4486380
3.7169480
3.7137499
3.2469738
3.5596037
3.8362296
3.5422907
3.5535519
3.6697030
3.5306990
3.5545106
3.7382278
3.6720788
3.6789205
4.0180755
4.0440331
4.1430469
3.9702237
4.0353966
4.1443944
4.0580688
4.4847074
4.4906507
4.2588239
4.3717151
4.2587347
4.5793610
4.2559104
4.8219557
4.5243258
4.1504612
4.4212780
4.6017218
4.7354317
4.4167743
4.8424697
4.4484830
4.4840865
4.7857981
4.2195644
4.5214148
4.5093760
4.7832675
4.4108796
4.4268079
3.8653443
4.4446273
4.1877661
3.6465414
3.6855924
4.1244111
3.8808620
4.4036651
3.6711218
3.6585083
3.4613945
3.8267741
3.8274856
3.5576684
3.3738935
3.5978453
3.8648274
3.6992977
3.8376281
4.4225121
4.1360064
4.1558857
4.7844954
3.8539262
4.1328053
4.1356840
3.6474788
3.4635272
3.8727896
4.1452398
3.6331167
4.1344991
3.6653852
3.6041734
3.8369882
3.6375141
3.6245873
4.1360617
4.1588712
4.1766000
3.6520839
3.6904545
3.7703979
4.0396719
4.2304235
3.6940300
3.6741445
3.7090316
3.4988747
3.5687268
3.9884672
3.4680078
4.0171075
3.8889511
3.4738722
3.4701579
3.6117237
3.6630182
3.8511751
3.6530707
3.5941613
4.1625161
3.5572655
4.4649286
3.2301421
4.4645028
3.8340297
3.5345778
3.3162780
3.4821184
3.7071700
3.3254762
3.2258971
3.0641668
3.0936587
3.3886156
3.9394333
3.9146066
3.6231375
3.9162235
3.2106967
4.2231064
4.2196465
4.5796943
3.6144655
5.3801527
3.7290514
4.2721615
3.9095523
3.5676155
3.5469284
3.4922817
4.5582309
4.5288005
4.1457620
3.2649789
3.4951735
3.4414253
3.7661116
3.5323167
3.3741193
3.3202789
4.4692583
3.8499370
3.2085190
3.5007386
3.4276321
3.1564672
3.5127797
3.7789505
3.0348456
3.2946985
3.1352744
3.7970576
3.3656764
3.7690938
3.6933050
4.0927930
4.0930867
3.7268374
4.0864472
4.0410538
3.4806206
3.5299251
3.6688855
3.5544374
4.1719151
3.3827796
4.1204963
3.7456381
4.0291629
4.0789127
4.8245287
3.7490911
3.6331863
3.2733986
3.6611180
3.0263391
3.6466987
4.3826151
3.6201048
3.9378867
3.9574285
3.6060443
3.5994091
3.5691917
3.2702606
3.5863802
4.3508525
3.2924225
3.9720132
3.5517578
3.9292157
4.7535849
3.9327774
3.5702066
3.9409218
3.2356813
4.7502584
4.3565912
3.9370143
4.7740364
3.9597321
4.7802925
5.2192769
4.7744474
3.9495130
4.3543143
4.8056149
5.2892075
3.9420493
4.8149424
3.4138489
3.3013146
3.6553299
4.0177412
3.1321335
3.9949992
3.6744933
3.4285846
4.0098615
3.4229307
3.3787582
3.2403314
3.3266175
3.6956911
4.4207873
3.3888071
3.3911896
4.0111022
3.6553514
3.6794631
3.4043231
3.3728065
4.0495262
4.0425911
4.4563165
4.1114039
3.6811147
4.4371033
4.8649540
4.4353175
4.4309773
3.6833386
4.0505576
4.8524013
5.3455772
3.7271011
3.7128494
5.0074840
4.9213843
4.6884108
5.3315330
4.9450355
4.8964410
4.9695539
6.8833718
5.0791936
4.9700398
4.5909696
4.1688533
3.7640581
4.0761442
4.0698805
4.0914106
2.8428776
5.5018363
3.4088628
5.9461875
2.9645922
4.4849653
4.1379938
3.3571551
3.7505915
2.9234762
6.3893213
3.6962290
4.5076127
3.3920138
3.2088931
5.9190521
5.4754162
3.7456343
4.6160812
3.0878372
3.7043493
3.4152684
2.9008799
2.9229734
4.5212131
5.4205503
4.6234813
5.5343895
4.5688882
4.8602591
6.9976430
6.0359058
5.1627188
4.2224021
3.8047762
5.1292567
3.8144872
6.1252618
4.7038674
7.1876202
4.2105994
4.9066434
3.8045917
6.0280242
5.0955114
5.1307659
5.5436602
3.8523130
5.4512157
3.8403237
4.3487048
3.5938358
4.5693693
4.9787583
5.5516949
6.4635730
5.8868365
4.2700253
5.0175457
4.6809068
4.4026141
5.9867644
7.5303435
5.2752318
7.0339313
4.3327022
4.2392864
5.0424767
3.8691928
5.1387839
4.9974723
7.1223698
6.5922718
7.3209729
4.2839789
5.7672067
5.3161011
7.6165581
5.5830722
8.0292225
6.7367749
4.4062953
5.4030914
5.3400650
6.5642900
6.8262868
7.3299556
4.5072126
8.0293245
8.2427330
5.7294579
4.5562434
4.8907123
5.9826117
8.0211096
7.6539764
5.5303516
4.0746412
4.6254215
7.4995632
5.1309195
5.1167750
3.9441538
8.7455359
5.3596754
7.0263624
5.8032165
4.3194118
6.9281979
6.7126470
6.4043398
5.0080466
6.6222749
5.9867525
7.7544656
4.2157030
5.0453391
6.0930557
5.1578321
4.3970437
3.9078596
4.4663777
3.3704536
4.8548226
4.4151630
4.8419394
5.9608078
4.1672640
5.0064049
5.0925794
4.4498820
5.4458652
4.4563537
5.7487583
6.3845491
5.5964150
5.8675456
6.2584085
4.6958308
4.5643330
4.6791377
6.4275298
5.1218510
5.9763627
6.4295940
4.3172402
5.8815637
5.8965831
6.4118915
6.0845037
6.4417176
5.9064727
5.4746141
5.1863394
6.8794637
6.5267243
6.8716173
6.9814386
6.2746992
8.1792183
6.5645638
5.9776597
7.9288063
6.3050365
6.9870195
6.4433646
6.5287519
8.4841070
7.7984276
6.2701960
5.3967023
6.9067450
6.8739767
6.9200363
7.3732791
7.9712353
7.6346016
8.8555775
4.9533682
7.8828459
5.6354685
7.3818603
7.8626575
6.4824328
7.0252829
8.3615713
6.0987287
7.1310601
7.4298472
6.1156602
7.6734405
7.0253158
7.4055181
8.8476858
8.6064920
8.1498566
8.2322006
7.8092341
9.9423141
10.9809885
10.1033258
9.9388399
10.7734003
12.0898256
13.7431860
11.9978848
15.6394310
11.6609879
10.3070698
12.3895721
9.2821960
10.4424105
13.3612900
12.8339853
11.4388371
11.6664486
11.5249929
13.4320288
15.7357626
14.9218121
11.4925375
9.1305418
10.8608627
16.0469265
11.6189127
8.7229996
10.8798437
10.0109186
10.7875519
10.0527487
8.8736649
4.8815365
6.5752072
4.2312264
8.6343002
6.1272717
5.0454435
3.7465348
6.0821209
5.9025149
8.4531498
6.1478944
4.2575674
5.5346136
4.1582141
4.9534698
6.6145473
11.1562567
13.4341412
5.3837085
7.0400176
6.9226704
6.6411152
6.0639653
5.2094092
6.3731265
5.4775343
5.6555743
6.1646180
6.0854697
5.7995801
7.0951362
7.2631583
6.0409236
8.1061153
7.2103090
7.3396220
4.9145536
6.6868873
6.3711352
6.9639864
7.3036723
8.1164494
8.1863327
7.9126763
4.0418077
5.4077148
6.8243299
6.5796022
4.9918957
4.7125068
5.8227568
5.9553442
6.2952318
6.3141203
4.5422297
5.7918458
4.9631634
5.7446108
6.6454382
4.4433589
5.2640643
4.9936457
4.8881140
4.0884147
3.8054216
3.3377168
3.0036442
4.0436258
3.9634120
4.4243336
3.6152351
4.0769181
3.7735684
3.9220581
3.6580529
3.8659267
3.8132427
5.6579690
3.9600830
4.0280871
3.4114821
3.6044841
3.6723232
3.3137476
3.5819261
3.8182907
3.5591538
3.6528726
3.7560699
4.7811537
3.5153811
3.1533945
3.1201048
2.8736563
3.5224516
3.2160785
3.4795036
2.7996998
3.4919496
3.6341846
3.8784187
3.6402330
3.5025120
4.2022448
4.1659050
4.0817666
4.7406521
4.7278976
3.7484586
4.8287597
4.0182371
4.0845203
3.4750991
3.8894415
3.6536026
3.2942300
3.6208897
5.0300488
4.6717038
4.8271489
4.8036613
4.8985004
6.2842617
5.2465267
4.7955279
4.9029312
4.0846114
4.1328192
4.6263671
5.2722292
5.0172791
4.1330700
3.2948046
4.3199091
3.6593125
3.4594259
4.0073504
3.8553472
3.4584262
3.8633204
4.2686653
4.0743966
4.4438248
4.2797227
4.3688149
4.3499207
4.4257307
4.2499137
3.9058707
4.3951168
3.8260026
3.4272330
3.8311207
4.2175179
3.0856161
3.9167411
3.9593761
4.0097575
3.8586164
3.4846623
4.0914278
4.0891557
4.1742530
4.0613871
4.0929661
4.2571058
4.5611973
4.5344481
4.0785675
4.4974151
4.1399832
3.7743182
3.2915866
3.4094112
3.8169792
3.3110905
3.7326043
3.8956127
3.6861274
3.3439670
3.8668947
3.1212068
2.5569260
3.1430600
2.4710712
2.7017107
3.5377922
2.4307275
2.6499376
2.3738618
2.4979248
2.5933862
2.4406703
2.5084050
3.0909879
2.4088821
2.4982455
2.9646080
2.4429860
2.7871933
2.5354412
2.6323128
2.4931917
2.7438302
3.1815257
2.4929736
2.5723214
2.8001714
2.9708154
2.6411343
2.6540291
2.7212400
2.7263606
3.2960207
2.4888217
2.5454745
2.9916835
2.8117507
2.9312191
2.5522652
2.7160149
2.5560071
2.9398315
3.2115748
3.0218637
2.9990199
2.8293724
3.2675557
3.4743805
3.7644570
3.5479624
3.3751950
3.4394774
3.9362884
4.4694633
4.7113180
3.5691111
4.2709761
4.2678337
4.3368502
3.9240625
4.6589842
4.4363451
4.3447890
4.4374166
4.2206764
4.4711847
4.5705657
5.1162243
4.7901893
5.0288787
5.2981434
5.3761139
5.1080475
5.5419598
5.2823091
5.7315116
6.4565473
5.8751307
6.3566971
6.0497017
5.5445986
6.9179873
6.1784225
5.9500790
5.9680681
5.3280478
6.3070030
5.0032191
5.2586112
4.9524393
4.6199899
5.2023807
5.3478022
4.9203315
4.6152029
4.5496411
5.3264160
4.8859153
4.9332714
4.9360690
5.0524249
5.0327954
3.8467069
3.5175128
3.7199042
3.7940409
3.6720965
3.8083017
4.3737226
4.5215836
3.9941099
3.9919224
4.8426328
4.6519146
4.0696154
3.2471743
3.7736981
4.0211716
4.5409245
2.4629996
3.7639437
4.0480485
3.9484184
4.7157927
3.6827984
4.3724456
4.7451425
3.9074745
4.2155137
4.4543653
4.4535251
4.4171252
4.5477247
4.7509542
4.0725150
5.1249833
4.5860157
4.9992814
5.1070023
5.2519951
4.3265600
4.2445321
4.4061933
4.3592410
3.9491174
4.3267961
3.5989792
3.7330995
3.6724482
3.4063721
4.4044876
4.1318092
4.1682916
3.7188418
3.4848104
3.5481350
4.0308666
3.2386322
3.4451866
3.5875988
2.9276605
3.5670147
4.0305090
2.8293927
3.3798761
3.7353625
3.2345777
3.0887222
2.9530385
3.3388367
3.3762643
2.3903332
4.7239313
11.2324896
13.1731911
39.3516960
16.3653965
347.1059265
31.5069256
37.5531883
7.5769978
4.8820496
3.9240463
3.0264859
3.9221513
4.1447396
3.7415743
3.7386115
3.5169384
3.1711655
2.8860917
3.2263188
3.1005282
3.6081464
3.5400791
3.0308337
3.4900124
3.9177146
3.8396621
4.0307698
5.3463244
4.3210101
3.2028835
3.6603186
3.0022631
3.4618382
3.1337414
3.0373964
3.1559391
3.2301240
4.0035672
3.4962251
3.5071828
3.8356538
3.4675756
3.6048658
3.0685408
2.9985971
3.1232555
3.6132896
3.3095276
3.2022045
3.2112756
3.8237789
2.8577535
4.5021014
3.9251833
3.2413323
2.7468069
3.0309608
3.0227828
3.2661180
3.7066770
2.7569175
2.7379119
2.4640665
3.0930197
2.8696005
3.1184771
3.2783046
3.1385465
2.9080741
2.6246881
2.4263594
2.8624017
2.4767222
2.3354108
2.9080005
3.5110867
2.9251881
3.0380933
3.3733876
3.3712194
2.9348874
3.1843104
3.5735142
2.7660916
2.7387879
2.7436514
2.8266776
2.7413962
2.4079881
2.2131686
2.4884872
2.5819373
2.6335969
2.5401783
3.1896203
2.7439837
3.1142192
2.8639705
3.3647397
2.8780868
3.1086435
3.0330830
2.4263022
2.6943080
3.0283883
2.4792356
2.8829062
2.7414651
2.7380226
2.3969612
3.0842023
2.9404519
3.2378790
3.5238223
3.5685048
3.8419518
2.7846859
3.3685288
3.0273268
2.7573707
3.5766802
3.1881599
2.9187562
3.0692968
3.5230007
3.5703688
2.8671303
3.1363318
3.0364923
2.9794042
3.2739491
3.6497171
3.7096393
3.6182594
3.3142416
3.4651444
3.0943708
3.4739013
3.8196445
3.1686203
3.2169976
3.1551061
3.1807327
3.5391059
2.9782391
2.8685462
3.0591793
2.8806441
3.1346104
2.3452177
2.3963466
2.5929101
2.3146594
3.0408504
3.2114956
3.0289607
2.9275887
2.7716026
2.9949913
3.1052406
2.4357238
3.1730402
3.0888016
2.8764045
2.6664238
3.0169220
2.9781184
2.7894757
2.7218361
2.5509994
2.9194343
3.1092403
2.4577885
2.8593051
2.7913716
3.0006728
2.5146337
2.6616139
2.6906006
2.9347844
2.9518888
2.7243946
2.5688169
2.8603094
2.1966267
2.0492108
2.3113627
2.8755798
2.8086429
2.7104626
2.4974525
2.2854633
2.6205637
2.5069895
2.8187194
2.8074651
3.1478605
3.0706611
3.1845031
2.4307711
3.0275273
3.0275509
3.3640044
3.2805383
3.4938610
3.2962780
3.5607572
3.1031287
3.4087894
2.9351785
3.3253169
2.8223240
2.6697562
3.5104401
3.3189576
2.5251248
3.3149173
2.6312537
2.8968997
2.9955804
2.5334187
3.8090663
2.9882197
2.7546830
2.8860877
2.7879674
2.6607735
2.9804568
2.7696147
2.4265013
2.4397151
2.9163616
2.5341017
1.9464241
3.2023623
2.4841659
2.5436721
2.2893996
2.1276314
2.4348950
2.6127839
2.8565631
2.4139738
2.5148375
2.1484764
2.2546866
2.4669070
2.2259555
1.7492967
2.0429304
2.2674110
2.4018476
1.9318371
2.4088421
2.2896688
1.9429662
2.5632501
2.0521142
2.3399494
2.2543719
2.3973415
2.4386897
2.2605386
2.6607003
2.8003089
2.9774473
2.4435611
2.8659511
2.6738291
2.5092845
2.5496938
2.5877392
2.5404954
2.7770667
2.5362666
2.6417379
2.5243313
2.7437413
2.5649524
2.7011511
2.4922252
2.3995502
2.7425473
2.4263079
2.7915242
3.0823376
2.4134738
2.4604313
3.1253853
2.7201395
2.4892926
2.4865401
2.8644421
2.5688646
2.7857649
2.5424216
2.6409256
2.5854967
2.7549305
2.9280994
2.9152827
2.5732729
2.6384549
2.7905617
2.7122314
3.0394289
2.6502361
2.6550157
2.7851322
2.5473971
2.2685792
2.6260576
2.4982655
2.9334729
2.6701252
2.8897545
3.0313437
2.3947265
2.6320803
2.4805105
2.6680818
4.0022354
2.7929697
2.9416714
2.5416436
2.7093992
3.1654048
2.6906137
2.7538195
2.6553924
2.4118874
2.5160201
2.8810000
2.8181670
2.8203621
2.5865405
2.9398654
2.7536592
2.8894348
2.7852824
2.5616877
2.7986758
2.7290351
2.5263784
2.6471353
2.8893843
2.4894438
2.6119187
2.6823220
2.6499743
2.6047051
2.7294805
2.6059270
2.9438512
2.6414788
2.6851943
2.5572917
2.7206111
2.5049899
2.6724157
2.4667196
2.8078277
2.6665895
2.6869497
2.8044531
2.7835667
2.7474997
2.6645138
2.5583377
2.4569051
2.5594556
2.6435688
2.8130782
2.6095710
2.2852764
2.3956537
2.7778687
2.9562304
3.1015198
2.5545781
2.7270353
2.9459972
2.6473567
2.9141374
2.6854134
2.3566506
2.8320808
3.0477474
3.1403017
2.7870657
2.5143950
2.7503026
2.8895040
2.7623737
2.7664211
2.7704737
2.8462622
2.8036561
2.8944106
2.5575407
2.7378941
3.0838084
2.8120568
2.8516030
2.6655965
2.4939849
2.5061972
2.4244523
2.9814217
2.7360346
2.7589011
2.6633401
3.1565850
2.7442880
3.0773330
2.5055299
3.0349722
2.8590164
2.5580158
2.5519860
2.8564005
2.6930702
2.7601888
3.0199196
2.6447756
2.8022916
2.8014288
2.8828297
2.8463657
2.5446293
2.7201357
2.6409481
2.6172047
2.9630117
2.6775975
2.7717354
2.2533290
2.5899873
3.6544061
2.5802040
2.5866110
2.7170181
2.2805536
2.3738654
2.4012358
2.7751920
2.6711569
2.8332307
2.3801482
2.3791037
2.5466816
2.9320843
2.6748168
2.9759965
3.0426598
2.6249118
2.4912667
3.1632919
2.6851656
2.7629919
2.4657748
2.5686843
2.5876858
2.5730672
2.5746894
2.5737350
2.5117035
2.9014773
2.6115139
3.0622935
2.9312665
2.5527613
2.6392617
2.6359379
2.4989169
2.5622456
2.2855842
2.6328874
2.3677914
2.4621665
2.8522916
3.4875510
3.1193871
2.9124818
2.7407322
2.6105182
2.9774530
2.8159907
2.8182995
2.9235382
2.7653382
2.6626954
2.7516370
2.8245447
2.5781403
2.9396908
2.8858891
2.7734847
3.1069882
2.7268779
2.8912551
3.2941825
2.7251990
3.1833320
2.8573270
2.7767439
3.2724123
2.9481142
2.9848905
3.1305807
3.0158107
2.6631291
3.2041395
2.9573853
2.9414649
3.2993529
3.1012123
3.0984960
3.3943307
2.8154516
3.0982766
2.7135632
3.0155478
2.6660733
2.8419127
3.0230365
2.7210102
3.0941896
3.0610700
3.2945178
3.0685251
2.8765008
3.0298517
2.7285366
3.0655987
3.0008838
3.1531296
2.6317253
2.9533019
3.0238326
3.0697942
3.1894178
2.9849265
3.0053961
2.8942194
3.0669701
2.9842241
3.3069084
3.0640075
3.3442328
3.1318429
3.0225384
3.1039774
2.9729943
3.0709748
2.9113917
3.0476124
3.1508639
2.8018608
2.8101408
2.8512895
2.8782699
2.7857072
3.3393631
2.9410403
2.8654423
3.1735573
2.9299829
3.0423822
3.0347850
3.1158328
2.9216077
2.9508300
3.0551431
3.1726542
3.1154606
2.7842898
2.8260252
2.9450822
3.1822190
3.2285788
2.6544948
2.9860537
3.1613495
2.8190765
2.7881877
3.0759089
3.3482602
3.0399981
2.7962575
2.9352725
3.0985100
3.2247615
3.1580598
3.1802704
3.1652484
3.4601729
2.8698812
3.1871581
2.9476135
3.2381802
3.2112360
2.7646372
2.8266909
3.3667550
3.0241029
2.8810930
2.9979258
3.1403999
2.9265866
2.9504399
3.0983696
3.0797799
2.7041690
3.1174533
2.9945791
3.1890707
2.9787209
3.2591376
2.9066095
2.9332521
2.9727378
2.9195716
3.0609334
3.1436703
3.2868950
3.1286399
3.1657145
3.0137260
3.2792745
2.9558966
3.0468788
3.2017765
3.2549183
2.7810471
2.8393130
2.9075518
3.1817374
2.7804897
3.1542430
2.7998521
3.6760700
2.9222097
2.8032804
3.0312450
3.0258877
2.9997406
3.0843647
2.9916933
3.1839709
2.8851359
3.3065467
3.1840258
2.9935846
2.8188207
3.0373831
2.9983270
2.8209813
2.9508042
2.9321110
3.0927386
3.1798115
2.7915151
2.8642824
3.0515339
3.0050459
2.9394228
3.1571004
2.8253303
2.8472302
2.8689950
3.0490019
2.9254537
3.0199826
3.1737323
3.1464217
2.8354590
3.1213312
3.3738456
3.1975768
3.0753915
3.1032121
3.1431808
3.2629483
3.2915623
2.6931844
2.9744480
2.9237030
2.9974024
2.8393078
2.8031702
3.2519565
3.2155933
3.0584593
3.0685751
3.3764348
2.9592783
3.1684346
3.0780382
2.8949366
3.0522490
3.2020054
3.1604452
3.2632005
3.3178945
3.3225334
3.1336963
2.8869348
2.9321690
3.4122441
2.6957498
3.0568151
2.7413416
3.0667789
2.7609940
3.1693373
3.3629901
3.3581185
2.8766303
3.0555975
3.3648624
2.9933665
2.9354091
3.4452178
2.8023829
2.8632658
3.1712651
3.1361051
3.3176472
3.4513569
3.5017633
3.1604013
3.1204255
3.1426136
3.2137849
3.0514338
3.2593803
2.8167770
2.9388483
2.7800307
3.1038005
2.9274733
2.9108443
3.0399632
2.9298620
3.2483349
2.9692292
3.0674884
3.2576766
3.0104847
2.8255694
3.0539303
3.0333321
2.9758677
3.0943577
3.0040965
3.2464452
3.0449734
3.0269530
2.8647165
2.9104636
3.1428909
3.0328362
3.1293709
3.2518523
4.0765996
3.0063875
3.1483257
2.9508557
2.7620418
3.0441658
3.1300259
3.0894794
3.1144309
3.1934330
3.2442470
3.1560590
3.2291431
2.9772420
3.2334087
3.1676495
3.0283532
2.9705379
3.1837301
3.1289423
3.1459651
2.8622227
2.8483820
3.7417634
2.8477187
3.1496212
2.9414439
3.2159853
3.1237533
2.7430174
3.1825731
3.2260973
3.0438020
3.2878489
3.1293132
3.2489779
2.9515896
3.2085071
3.1416302
3.3165445
3.0536299
3.0840762
2.9729793
2.9971657
2.9249291
3.1183858
3.0783625
2.8862917
3.2238443
3.0540259
3.0354857
2.7547436
2.8355892
3.3385324
2.8456666
3.0364292
2.9185905
2.9935696
2.9031680
2.5567198
3.0179117
2.8641722
2.9756401
2.8557522
3.1421664
3.1133478
2.9899495
3.3729703
2.7819369
2.9012885
3.0026691
3.1963971
2.8742044
3.0832150
3.0253143
3.5138299
3.1724343
2.9022226
3.1077037
2.8033116
2.6855521
2.7664511
2.9910347
2.8414495
3.3960595
2.9138150
2.5589769
2.7270603
3.1016939
2.9719577
2.6976461
2.8497357
3.1461685
3.0342109
3.1646955
2.8415732
2.9873962
2.7649534
2.8444397
2.9779727
2.6812241
3.2230191
2.8993790
2.8504882
3.0017061
2.9939690
2.8906898
3.0693321
3.1981914
3.0473797
2.6702838
2.7431605
3.1799746
3.0848835
2.9017451
2.9843404
2.7743268
2.9810140
2.9052157
2.9222715
2.8483584
2.7105751
3.5125136
2.5407255
2.9867215
3.0277543
2.9913654
2.8392777
2.8802330
2.7008719
2.9384735
3.2751193
2.5330529
2.8121667
2.8092437
3.0222363
2.8685942
2.8630285
2.9633553
2.8619380
2.9972284
2.6975100
2.6757817
3.1638029
2.6629374
3.0849259
2.8788099
2.7478228
2.2998095
2.7456169
3.1606569
2.8240795
2.4440792
2.7592201
2.8930466
2.6157081
3.0122330
2.6966355
2.8766210
3.0413096
2.8822443
2.8126631
2.8870921
2.8381448
2.8944991
3.0442131
4.8917737
2.9501565
2.9500279
2.9986460
2.9936717
3.1675339
2.6300581
2.9441538
2.6616020
3.1860039
2.9030144
2.7471976
2.8512664
2.7828965
3.2853689
2.8144932
3.2110322
2.7467637
2.7323303
2.9011421
3.1070380
3.2930753
3.2843099
3.0248694
3.2209272
3.0293481
2.8861876
3.0219581
2.9922292
2.8757429
2.8096414
3.0127251
2.7972503
3.1829407
3.1123841
3.3583963
2.9650824
2.8943582
2.5264769
3.0140269
3.0068297
3.2646978
3.0136580
3.0700338
3.3230867
3.2081745
2.7329443
2.7198284
2.6531694
3.4224839
3.2011311
3.2731254
3.2951014
3.0083001
3.3569820
3.1456389
3.0754783
2.8850892
3.0171008
3.0778868
3.1428237
3.0167406
3.2111950
3.4296606
3.0187230
3.4337862
3.2041454
2.8721664
3.1620185
2.9590013
3.1571889
3.1154726
2.9376264
2.6647902
2.7347112
2.7383137
3.2886901
2.8791745
3.5511308
3.3903916
3.0640483
2.7780638
2.8048253
2.8224137
2.7828557
2.8779192
3.1656694
3.2186582
2.8809447
2.7925620
2.9473345
2.8607740
2.5238199
2.9651928
3.1335428
2.8979709
2.8153613
3.0771537
2.7002106
3.1379766
3.0835557
2.6977141
3.1546926
3.1314249
2.9512138
2.8980529
3.0379450
3.1458323
2.8278251
2.8225574
3.0878999
2.6737864
3.1109202
2.8041034
2.8799422
2.6167729
3.1223917
3.0773885
3.2658203
2.9483104
2.5772295
3.1312289
3.8607693
3.4539547
2.9815664
2.7743537
3.8449495
3.5624723
3.0429752
3.0326037
3.3762286
2.8091557
3.7996309
3.5780678
3.2639027
2.6907184
2.5278077
3.7197175
2.4539609
3.2135952
3.2481239
4.4095693
3.3168511
4.4433203
2.8828495
3.2672360
3.9916098
4.8424711
2.5205493
3.6398041
3.0947742
3.5436227
3.5489068
4.3828712
4.3461547
3.6279421
3.9138205
2.4550641
3.9783993
2.3406937
2.7322359
3.9069834
4.3316016
3.8621907
3.9385231
4.8256397
3.5144315
3.9135833
3.0618949
3.1264660
2.5370796
2.9582024
2.2907448
1.8939867
2.3429794
3.4822571
1.8436965
2.5058646
1.8712935
1.9600393
2.2924423
1.8473871
2.0715425
2.3877304
1.6768516
1.6121355
2.2666674
1.8868088
1.7166537
1.8867213
1.6152184
1.6588709
1.8514174
2.6286359
2.5183222
1.7100945
2.9938834
1.5618029
1.8494722
2.2332273
2.2428222
1.5862472
1.6043339
1.9002446
1.6797032
1.9372631
2.5616057
1.6915011
1.8122333
2.2703211
1.7075690
1.7099514
1.9176208
1.7073169
1.9364326
1.9770141
1.6796185
1.6584091
1.8626964
1.6803156
1.9647634
1.7533587
1.9795898
2.0717406
1.9542933
1.7756629
1.7629164
1.8541461
1.8589925
1.8815117
1.8375531
2.1259089
2.7201338
2.0308022
2.1298859
2.0272889
2.1462400
2.1646731
2.2021661
2.0400915
2.2285750
2.1743827
2.1452632
2.6512616
2.5064354
2.5347323
2.5945709
2.8828847
2.8069420
2.0637145
2.1955404
2.5721846
2.2261231
2.2545900
3.2764604
2.7775021
2.0539029
2.3276997
2.6654656
2.2784030
2.4409928
3.5725796
2.7953794
3.6105752
3.9703174
3.5456576
3.2054875
3.2802877
3.3053441
3.3075776
3.4122827
2.6805894
2.9824836
3.0347934
3.1670477
3.0323858
3.0674675
3.1390724
2.9941115
3.0053930
2.8654160
3.1489809
3.0046270
2.3996885
3.0091891
2.8427072
2.7969232
2.5208938
2.7110000
2.7942572
2.5669167
2.8599515
3.0227535
2.9330628
3.0098817
2.7084737
3.0338404
3.7362206
2.7433991
2.3752117
2.7420828
2.6276331
3.2842112
2.9057245
2.8624983
4.1229196
3.0644026
3.4177413
2.9909928
3.2005074
3.5638499
3.4568803
3.4767463
3.4205036
3.2317529
3.3244860
3.4660616
3.1888368
3.4250991
3.1441731
3.3593173
3.4904275
3.2435453
2.8840559
2.8730597
3.0702322
3.2580776
3.9228091
3.1843228
2.8566668
4.3419170
3.3255875
3.0249588
3.6880777
2.9361238
3.9431937
3.2155592
2.9267812
3.3044341
3.5896916
4.0537190
3.1487403
3.0098741
4.0038161
3.1054637
3.3253500
2.7247651
4.3694105
3.2918737
4.0655708
3.9966624
4.0643282
4.1714487
3.5677979
3.3837314
3.7580018
4.1942453
4.3513327
3.9945326
4.8533711
4.9359179
4.0819426
3.8726928
3.7114358
4.4862170
4.0459843
4.3571067
3.5129857
4.1486611
4.5441895
4.8769097
4.1652722
4.8204250
4.1665959
3.9064381
3.5366740
3.8377600
4.0607052
3.8958812
4.5011039
4.0977311
5.0551591
4.5296474
3.7777627
4.6128540
3.9541836
4.6169367
4.7097454
3.7878017
3.7878945
4.3495336
4.2191868
4.1033087
3.9046087
3.5152733
3.7117629
3.6496253
3.5239382
3.5199769
3.3034341
3.9225655
3.0611663
3.0051706
3.0471354
3.4149661
3.6455646
3.3241603
3.2048140
2.4517913
4.0054908
2.9657686
3.6871367
3.3616147
3.4759872
3.5397234
3.1550863
3.1637926
3.2205200
3.4953279
3.1663151
3.6132772
3.2786446
3.3304057
3.4247179
4.0411081
4.2134223
3.5893075
3.0352461
3.9751544
3.7549431
3.1799054
3.8220003
3.4340947
4.0895386
3.2606828
3.8228853
4.5255599
4.2392273
5.4339366
3.6445155
3.6806719
3.7561834
3.2915750
2.8942602
2.9141116
3.2347641
2.9727831
3.4592960
3.0406685
2.7079327
3.2219460
3.4943147
3.9615352
2.5721881
3.5671101
3.5770240
3.6052504
3.7869165
3.4787459
4.2529392
3.0194626
4.0157819
3.9508796
3.5985088
3.5826869
2.7434452
3.4162879
2.9087555
2.8498611
2.9372482
2.6159527
2.7491229
2.0193160
1.7997311
1.8197286
1.7155292
3.4019113
2.0446255
3.0201588
4.4114075
4.7688932
4.5706410
4.0919032
8.0657358
1.9236205
3.2239482
2.9923816
2.6533842
1.8810195
2.8670750
1.8067876
1.6977156
1.7537091
2.0298102
1.8917339
1.6502953
1.6589743
1.7314957
1.7467039
1.9447048
2.1725707
2.0842285
2.3089106
2.0024910
1.9147056
2.3705590
1.7682883
2.2834353
1.6922098
1.7537258
2.3015435
2.2550914
1.9155331
2.2318032
1.9540145
2.2202327
2.2521415
2.2408061
2.0384459
1.9615816
1.9428867
1.9395814
2.2547336
2.3864412
1.9505965
2.2774506
2.8983490
3.1875350
2.3799524
2.4837365
3.1881032
2.4342301
2.4508624
3.3791609
1.9335141
2.0794394
2.6959577
2.1105690
2.0179954
2.3453691
2.2244422
1.9273012
2.5711186
2.2138970
1.8951874
2.4364104
2.3763855
2.7851834
2.3290353
2.7389126
2.3149791
2.4346733
1.7204370
2.1289523
2.1353405
2.4917953
2.5122252
2.1510022
2.6854420
2.4883687
2.5056174
2.1057003
2.4929543
2.2440560
2.3955328
3.1801698
1.7986301
2.4163456
3.3063569
2.7290530
2.0003583
2.3523464
2.8621252
2.4196653
2.2352154
2.6145263
2.1196990
2.8248918
3.2879114
2.6092026
3.0001633
3.2887576
2.7016459
1.6683589
2.1311178
1.9011890
2.5466924
1.8547282
1.7369326
2.8069539
1.8280832
2.4532297
2.7899718
2.3037179
1.8649378
1.9717777
1.8536862
1.7189546
2.7868538
2.7367823
2.3636935
2.2908249
2.0859590
2.4003589
2.1244979
2.0719504
2.2522078
2.0183475
1.8339089
1.9883275
1.9718374
2.2572317
2.1969566
2.5177102
2.6257777
2.2536197
1.8526047
2.0030751
1.9812942
2.7097521
2.6834011
2.2791252
2.2819600
3.1138339
2.7149811
2.5838590
2.3302732
2.2820487
2.2847583
2.7103157
2.9488792
2.7023857
2.4011366
2.7032523
2.3086731
2.2615757
2.7114666
2.5462389
1.6132962
2.7493093
2.6530259
2.3421524
2.0024915
1.8315321
3.0393271
1.6195949
2.0119877
2.2100070
1.5118389
2.3811378
2.7674384
2.3337429
2.2885091
2.2865543
2.2615848
4.1345663
2.3722396
4.2594128
3.4732499
2.8070076
3.4072521
3.4345217
3.2013552
2.7561898
2.7683518
2.7577698
2.4440279
3.3913996
3.1203158
2.9832458
2.8296750
1.5521929
3.0585763
2.7994041
2.3188405
2.6908703
2.6403334
1.5167608
2.2851932
2.1357784
3.2827926
2.7513978
2.9413011
3.2843881
3.2015948
3.2040317
3.1963060
3.4415014
2.9130914
2.3548768
2.7384324
3.4033923
3.2687180
2.8961470
2.8802726
2.4587626
2.4672031
2.8333094
3.0516765
2.8577714
2.1085765
3.4001365
2.8814206
3.5072501
3.3525522
2.1082294
2.3436990
2.4851635
2.9275749
2.5811305
1.7332217
2.3384519
2.3913238
2.5501697
3.4965873
3.3566809
2.5506308
3.3690495
2.2828834
3.3958395
2.5308485
2.1624870
2.2586036
3.6455827
3.3176610
3.6397598
4.3552299
3.7089033
4.1669230
2.9556403
3.0883923
3.2002716
3.0523076
3.4300537
2.7192175
3.0852137
2.9175270
2.9537985
3.7441771
3.0235131
2.9893045
2.8909819
2.5506825
3.0000002
3.0189049
3.2574329
3.0510223
4.9752245
2.5600600
4.2312508
3.5803165
2.5631275
2.9696116
2.3707466
3.0740397
2.5989158
4.5165620
4.6707306
6.1193447
5.7113295
7.6471558
2.3547797
4.5432644
5.0378218
2.9170461
4.2731061
3.5463448
3.3552611
4.0847163
4.9156156
5.1062498
3.6983874
3.3946252
3.6224179
3.3463423
4.3060546
4.4030762
2.9984233
3.8232861
4.2111855
2.3443608
5.4563856
2.3060110
1.9962151
3.1639602
1.9958692
2.4609141
2.1093979
2.5792916
2.1303051
2.6115978
2.6668200
3.8338234
2.8991525
2.2929361
3.2987766
2.7114534
3.1863830
2.6072271
2.8263710
3.0102184
2.1052330
2.6707659
2.6381865
3.1646872
2.6486664
2.4215064
2.3372498
2.2761648
2.6290359
2.4733093
2.8029308
2.6171358
2.7158437
2.6796150
2.4480133
3.0821393
3.1795030
3.0312481
3.7910609
2.9174104
2.7425597
2.6764076
2.9073782
4.1116838
3.2579153
2.9753628
2.8218622
3.5716536
3.1282675
2.9900682
2.4766150
2.8214190
3.4702685
3.3143556
4.2906203
2.6204112
2.6454582
3.1908855
2.6578951
2.2307024
2.6600742
4.0656986
3.2067242
3.1812179
4.1167150
4.3245463
3.7072129
4.3181658
4.1580782
4.1630969
3.2786179
3.4097333
3.0065484
4.1964812
3.2927089
3.2049239
4.5429511
2.8505945
4.0419006
4.9611607
4.2970829
3.4264376
3.1210413
4.6357088
3.8270812
3.8114674
3.8665321
2.9501140
4.0319958
4.3553858
4.1683807
3.5377293
3.9509234
4.1919303
5.0428400
5.7634373
4.5058784
4.5555353
4.6666555
4.0242119
5.8081589
5.6539383
5.0321369
5.6446290
3.7962813
4.4129972
4.0198307
3.7894437
5.3139486
3.5238876
5.6032109
3.4168799
4.3557959
3.4213777
5.1442494
3.5804262
4.3444118
4.3415871
4.1940994
3.6233289
4.6910548
4.2499747
4.5013456
3.2078347
3.1198537
3.4182940
3.1497655
2.7908034
3.7720251
2.6535637
3.4656291
3.8394248
3.8719609
1.8826120
4.9337301
3.6967502
3.4999418
2.2365999
4.3705225
2.1790087
3.6278152
4.0294590
4.1553426
4.0104628
4.7383366
3.5993907
2.6615651
4.8852072
4.4602475
5.0435991
4.5064158
4.3032084
4.3669200
3.4363194
4.1815948
3.8764446
3.9238632
2.6288676
2.5015972
2.1347637
3.8547471
3.5212545
4.6514654
2.9061985
3.1735659
3.6011922
4.0278835
4.3265715
4.2309122
3.8006797
4.1664109
4.0447898
3.8150580
3.2284684
3.0837255
4.2565236
3.7838111
3.0404804
3.7615047
4.2136273
3.7449169
3.9480152
3.2227206
3.3086953
3.3203509
3.4098098
4.3719707
4.7562513
3.3438520
3.8560686
4.3300023
3.9241183
2.8837247
3.6856327
3.7982392
3.7247822
3.2763734
3.6240168
3.0152683
3.3880792
3.5297627
3.2882321
3.4590454
3.9404309
2.9998519
3.3334601
4.4014187
3.8099706
3.4209311
3.7846816
3.8736258
2.8696427
4.1580701
3.7654777
3.2816286
2.8242879
4.1147289
2.6250443
2.4439967
2.9624753
2.5628648
3.4269712
4.1181917
3.1008506
2.8910508
2.9090593
4.5930905
2.1915905
3.8438895
2.8440025
3.4371896
3.3850117
2.3390543
2.3389580
3.1122341
1.4692582
2.4776442
2.4416080
3.7540474
1.9130644
2.4620926
2.8624856
3.0259924
2.8803144
3.2544141
1.7918624
2.4631996
2.9735470
2.5081470
2.6326730
2.2477281
3.3622854
2.4659302
2.5214322
3.7777667
3.3907940
4.4969940
2.2565482
2.5852909
3.5320287
2.8639259
4.3337688
3.5151923
3.0975270
1.7172394
2.3140473
3.0429602
2.4879363
3.5249317
3.3675821
1.7598172
2.0619035
2.7467802
2.4104400
2.1676672
1.8710823
2.1043358
2.5857708
3.2169378
2.9489303
3.2420480
3.4782538
3.0746980
3.2167509
3.4594860
2.4240568
3.3564904
2.8966944
2.0450280
2.4473608
2.8824580
3.3673470
2.4875455
2.5114102
2.8607759
3.7617733
3.0837626
3.3272293
2.8885634
3.3055494
3.2267275
3.3613653
2.8887446
2.9939058
4.3469615
2.1692204
3.4589419
3.0129735
4.7949443
4.2272983
3.4421735
3.0391996
2.0506132
1.8291639
3.0839512
2.8343446
2.0828054
2.4443259
2.7788510
2.6171668
2.4563656
3.6176298
1.8729498
2.8854909
2.8516285
1.7660693
2.8914969
2.9532616
3.8420138
3.1162376
1.7860111
3.0066271
1.8406595
2.6665769
1.8897989
2.2631955
2.4927568
2.2164955
1.7868987
3.1575370
2.5818400
2.9525445
2.1399765
2.6377623
1.6562543
1.8608421
3.8683107
2.4948723
2.2863271
3.5003586
2.4882486
2.5490236
2.4539936
2.4807093
3.8273835
2.0624690
2.2833803
2.5097451
3.0007334
3.4483440
3.0613623
2.1217275
2.5934246
2.5937078
3.4232249
2.6190257
2.5142493
2.1538868
3.2945340
2.8969052
2.2777503
2.8010702
2.7267039
4.8188701
5.3022871
4.1791587
1.9720879
3.5793014
3.7654290
1.6061124
2.9882946
2.6407714
2.9481268
2.2396719
3.1649237
2.7512200
3.8636987
4.8095164
2.5467606
2.9182100
2.1969655
3.7088349
3.6000328
2.6283629
2.8044701
2.7343066
3.9271779
2.6730735
2.9714808
5.1421032
3.3009412
3.6986763
4.7170358
4.9720855
3.9580560
4.1553249
3.1364286
3.4623544
4.1622324
2.6476705
2.9564872
3.8729956
2.9965615
1.5982836
4.0071325
2.3387806
2.6317058
2.7070701
1.8778288
1.8604935
1.9786394
1.7860707
3.1805403
1.9559112
2.5091975
2.2971585
1.9209385
2.3734565
1.8899865
2.4239628
2.5228963
4.1434355
2.6828961
1.9115989
2.3082616
2.6058288
2.6624072
2.9417322
2.6161697
2.6122530
3.9007838
3.3439603
2.4248736
2.4361544
2.2644348
2.8306234
2.6116991
3.8010085
3.2107546
2.1552298
2.2302794
2.4821517
2.8211839
2.1696415
2.6090961
2.5430031
1.9794657
1.8212626
3.5883906
3.3956718
2.2153199
3.0346322
4.1049185
4.0036626
2.6784015
5.5163784
5.8126378
6.8049178
3.1927083
2.6677117
6.4997706
5.1735234
3.2902787
3.2202282
2.8104050
2.2234049
3.3502376
2.6868069
3.5466228
2.0356781
2.4233770
1.6842668
2.8657718
2.7801821
2.6605823
2.6873074
2.7318504
3.7826762
3.5052650
2.3310592
3.0697196
3.2450233
2.4649954
3.2321546
3.0691960
2.7449801
2.3422220
3.5873570
3.6139400
2.4802473
3.5139143
1.8385720
2.7124560
3.1396253
4.1870475
2.4276507
2.4760075
3.5854583
2.1479352
3.5772705
4.9683580
2.8928316
2.7378082
2.9845910
2.7220719
3.5610883
4.8755965
3.6292551
4.9182196
4.4755659
5.4433169
3.1490467
4.8478727
3.4863915
4.0589690
5.7095451
6.0105481
4.0185590
3.9988616
3.1460023
4.1836681
3.7690794
2.8376141
2.8705885
3.2952602
3.7902756
4.0688977
3.5132368
3.0987289
3.7130754
3.6499810
2.9059772
3.8228328
2.1689458
3.6591494
3.1016424
2.6121056
2.3203428
2.9383564
2.7175844
2.8099518
1.9325330
2.8022754
2.7961454
2.0044475
2.3737519
2.2485504
2.4044693
2.0783021
1.8987260
2.2698724
2.3006604
2.6586883
2.6547015
2.6489408
3.0683017
2.7243767
2.2989907
2.6314034
2.6762111
2.4003658
3.0853429
3.0413396
3.1192834
2.9978318
3.0464110
2.6145802
3.9220667
1.9515113
3.4717333
3.0420763
1.9757742
2.7703886
3.9004250
1.6623456
2.7112637
2.3868642
3.3020854
2.2301126
2.7617078
2.2101195
2.3165956
2.7682459
2.1892080
3.3448617
2.7720382
2.2946415
4.0333261
3.7039566
3.3714230
3.4863873
3.6161709
2.9873092
1.8741548
1.7851599
2.3466525
3.2598581
2.9384584
2.6941044
2.7273097
2.1045840
3.0618451
2.6241117
3.0219836
2.7784953
2.9183574
2.6074970
3.1668167
3.0949147
2.6194756
2.7105248
3.3753989
3.7681189
1.8454798
1.8200990
1.6208172
2.1756623
1.9448904
2.2334576
2.6322241
3.4050639
2.1024938
1.5943289
1.9841192
2.0468791
1.9719039
2.1549950
2.4390912
2.4310296
2.4691739
1.9667304
2.0633352
2.7246091
2.5311606
3.7919614
2.8944819
3.0177736
1.9873028
2.0670717
2.5724366
2.7561285
3.6689000
2.6015856
2.4263656
3.3951485
2.0937366
3.4251390
2.4836986
3.1799920
2.2139034
3.5830617
1.5858434
3.7429590
1.4996607
2.1491301
2.4983571
2.6246123
2.2046247
1.7362541
2.0797079
2.2510698
2.5926404
2.2145677
2.2411058
1.8876780
3.4616828
2.3393724
1.8172807
2.9480765
3.5735710
1.8697424
2.5829132
2.9323990
3.6373811
3.3361733
3.0344813
4.0189133
3.1697443
3.3373308
3.1785877
2.3596914
3.3736699
4.0441675
3.3566761
2.7491183
2.7438118
3.8429818
2.2792764
1.4648299
1.9493608
2.0483346
3.3322825
3.7518189
2.7304757
2.7543535
2.3048203
1.8992412
3.8998878
2.1735094
3.6256051
2.5963657
3.2476475
3.6157181
2.4001920
2.9917743
1.9922155
2.7115684
2.2722034
3.7956059
3.0101449
1.9364066
2.8602033
3.1519945
1.9254738
1.7357832
2.2352245
2.2454112
3.1433570
3.1852944
3.0021622
3.2986114
2.3826873
3.1431274
2.6788933
3.0211489
2.3685465
2.2615607
3.7513139
3.0183849
1.7590072
2.8199484
2.5180931
2.6932395
2.8382320
2.1546752
1.4214888
3.0160835
3.0149086
1.7739987
2.7008522
2.6012206
2.2427440
2.2341559
3.6340206
2.9981756
2.8180737
2.0731080
2.2404089
3.4733534
3.1958435
2.8152614
3.6557820
2.5047715
3.1896861
1.6035061
2.2140915
2.0376358
1.6665649
3.7081060
3.3372197
3.9415119
3.5765235
3.1177108
3.9358761
2.5809131
2.9765499
2.9947917
3.1872952
3.3218663
2.9656560
3.4578738
2.7678976
3.4811535
1.9272040
2.8045688
2.8067539
2.7827125
2.9941266
3.1153102
3.4070992
3.7553012
1.6197095
1.8398751
3.2749329
2.6358333
3.3852811
2.2299392
2.4865189
3.6052146
3.7830451
2.6949100
3.0955110
3.6138134
2.3892720
2.7625017
3.4254811
2.7775304
3.1702309
2.1870689
1.5686420
2.7557793
2.9178650
2.3392849
3.6062434
2.5720329
2.7912955
3.0106971
2.8420515
2.9795454
3.3763046
3.1732519
2.5712152
2.6316800
3.0238528
4.4112778
2.5443568
2.5636497
3.1678760
3.6193635
2.9679337
3.1657076
3.1683142
3.0386636
3.3887136
2.6449854
2.3933406
2.5982153
2.9634438
3.4033742
2.5835879
3.1661336
2.9786811
2.0058084
2.1963527
2.0271277
2.2181137
2.9853182
2.1127691
2.3679364
88.5206451
74.1170807
357.0760803
263.5812988
149.0281982
89.6715469
243.2588654
292.7375488
243.7614288
46.6999893
4.2446556
2.1926637
3.6855786
4.3687401
3.7993724
2.9812422
1.9216744
3.7920623
3.0201721
5.2829132
4.7615099
3.9201598
2.5797791
4.0299339
2.5682223
4.4157357
4.2102447
2.9989800
2.8051584
2.3766825
2.1604371
4.6684237
2.7667861
3.1648793
2.3061125
1.9134897
3.1688821
3.3808293
2.7958899
2.9892855
3.0942690
3.1576116
2.1819100
3.4132190
3.8394773
3.5361152
3.6110697
3.9730842
3.6928275
3.6904149
2.8348582
2.8211260
3.3931928
2.9207401
3.8641446
3.2773640
3.8488607
3.9901855
3.0889492
4.1578531
3.9796150
4.9471350
3.3466747
3.7515571
3.7469513
3.5471187
3.9033546
3.0592217
3.7849309
4.0797067
2.8639023
3.0115530
3.2120790
3.5492277
3.8897512
3.4213967
3.5336788
3.7166610
3.3231933
3.8668585
3.7323284
2.8734360
2.7792234
3.3944750
3.3816743
3.5651734
2.6181362
2.9696038
5.5229445
2.6142156
3.5002480
3.7952905
3.4952478
4.2271562
3.7842557
3.7279160
3.9481070
3.7691603
4.5486493
3.7207396
5.0467920
3.4931872
2.8796012
3.3817687
4.5701709
4.1311841
4.4057403
3.6582401
3.8063431
3.0540802
5.0563493
3.0283108
3.2728295
3.1982429
2.9903553
2.8763325
3.8391924
4.2747765
3.0858433
3.2463982
3.5262964
3.5308168
3.6758361
2.1750922
2.7464502
3.2519341
2.5813282
2.2479563
2.3941605
2.2628436
3.2708549
3.0681202
3.0207322
4.2074533
3.5616381
2.9217689
3.3124897
3.9924297
3.9235029
2.4787965
2.8481107
3.2264631
2.6213608
3.0241778
2.2498279
3.6172571
3.6746368
3.5841491
2.6220684
3.7452223
3.8070979
2.1172178
3.6375823
2.6408477
3.4321017
3.9694660
3.0786974
3.8500173
4.4151678
3.6742804
4.2201467
4.1131129
2.4663911
4.6758218
4.9941974
2.6658013
3.2449374
3.6720724
2.9011443
2.8238442
3.0296080
3.1664112
2.7087522
2.8220153
4.0289330
4.3085938
3.4609027
2.4097400
3.5822563
3.7700422
2.8208537
2.9887204
3.2339852
2.1204939
2.1464570
1.9596500
2.3320770
2.0782969
2.8058560
3.7819614
2.6435008
1.9093866
2.3449061
3.7641346
3.8148062
4.7158852
4.5751495
4.7534738
4.7897439
3.3464158
5.2271771
4.8087959
3.8557365
4.8642764
3.7896509
4.7525964
3.2916534
4.4285035
4.2100043
4.2021775
2.3538048
2.3629370
2.6535578
3.3296490
5.1821699
5.0169902
4.9258537
3.7149885
4.2773523
3.3644311
3.4581144
2.7053769
4.2344885
3.4130669
3.6922407
3.5600200
3.5663779
2.8211033
5.4967971
3.7946067
3.0777047
3.8773355
3.5456595
3.8734348
3.4531705
3.8789346
4.0375938
3.1300297
4.5748010
3.4821839
3.9216676
3.8878527
3.7061169
4.7957487
4.9555225
4.2313137
5.0699153
4.2514720
4.0670586
4.2404532
4.2482963
3.9287353
4.6974049
4.9916272
5.3349757
5.8153596
3.0039921
4.7376561
5.3771834
4.9071870
4.3037734
5.1517339
3.7218256
4.0824947
5.3161197
6.1396952
6.1183362
4.9461060
4.4313564
3.6960394
3.6049428
3.6216033
3.3645594
3.9626379
3.9684534
3.7591183
5.2025933
6.1367550
2.6983867
4.0629897
3.2111950
3.2717605
4.7823715
4.0781751
3.6112828
2.9582627
3.3165927
3.5425055
4.7824678
2.9279146
4.5176010
3.9157736
3.6537764
4.8016715
4.4475036
3.1216323
4.0100594
3.6321282
4.4950624
3.6496701
4.8313088
3.6721799
4.0076947
4.8175726
6.0990877
4.3930736
6.1080375
6.1095734
8.4497070
5.2464066
5.2514391
6.1667180
6.6074638
5.6797185
5.3184237
4.0468574
4.4029818
3.7951875
4.4898629
4.8940940
4.5613341
5.3945236
4.4722443
3.7475567
5.2477288
4.9224749
2.7244029
3.3904879
3.3611882
3.6782498
3.6925230
2.8678241
3.8612397
4.0722165
5.7271647
3.3298864
3.7128675
4.2742848
3.7484896
3.4233973
4.0970421
4.0912719
4.4883480
2.7253299
3.7885280
3.7973602
3.7491148
3.3167350
2.8642297
3.2397416
3.3415563
3.0936542
3.6437545
3.0610733
3.4723310
3.1176751
2.8726816
2.7977197
3.0831583
2.8445320
3.2114093
4.0803914
3.1670122
2.9143806
3.0506513
2.9245355
2.8467989
2.7799721
3.4454973
3.2765112
3.8075156
3.5282543
4.1553888
4.2152109
3.8785253
3.7796288
5.0144019
5.0285177
4.1530766
3.2815740
4.1615562
3.4972444
4.6030402
3.4971170
5.4361334
3.8806908
3.8198206
4.6041474
4.2698054
3.9378996
5.0036168
4.4173288
4.5913944
2.9938636
4.1766391
3.8633258
3.0005574
3.7879264
3.6050091
3.7873652
4.1831532
3.9654648
3.8076508
3.9447374
3.6610518
4.3094139
4.2591777
3.0072794
3.9751911
3.2884972
3.5031199
3.6090560
2.8880479
3.1073215
3.4979188
2.8875129
3.3024409
4.1689687
4.1896391
4.1840119
3.6832957
4.9426217
4.2131505
3.8803794
3.5033956
3.8790810
3.5454669
4.1553106
3.8343575
4.2071438
4.7595172
3.4989555
4.1835637
3.8804927
3.5111303
4.1951776
4.1630182
3.5166655
3.5323956
3.9374554
4.2568707
4.3609023
3.8913529
3.2731998
3.9839010
4.2347045
3.8572299
3.3630369
3.5781119
4.2683134
4.4952621
4.7097816
4.0984015
4.3789892
3.7785640
4.7505217
4.0861168
4.5749884
4.3631177
4.6279140
5.1965656
4.6668067
4.4424095
5.1246471
4.8242655
4.2744431
4.8085275
4.5486379
5.1650715
4.6043334
4.4582958
5.7247086
4.4904809
4.6488614
4.9836564
4.9311609
5.1330137
4.5762687
4.1423645
4.7064209
4.5946550
4.6182094
4.4284525
4.4226313
5.0476398
4.7194171
4.5386577
4.6007318
4.3211355
4.4287543
4.3145013
4.3129706
4.3219175
4.3712626
4.3787856
4.2516155
3.8612647
3.9066501
3.9155371
3.9978507
4.0061526
3.9894559
3.2591362
4.1677895
3.6163414
3.9502451
4.1607833
3.7104130
3.7027941
4.1171956
4.5615840
4.7979598
4.2441177
3.9222183
4.2790527
4.2547522
5.2023058
4.7307153
4.4430299
4.1665568
4.4430251
4.7739558
4.7695541
4.1668057
4.4855032
4.7294579
4.5709262
5.1030741
5.4552894
4.3486753
4.9973369
4.3516326
4.2505517
4.8250928
4.5752039
4.3499026
4.8938437
4.8005781
4.9305105
4.8396111
5.3270583
4.7658162
4.8938265
4.4959269
5.1014266
4.9414039
4.4062786
5.5534148
4.8629503
3.9615471
5.0485868
4.8795562
5.3810410
4.4501443
4.1686969
4.7843933
4.1347904
4.9007826
4.4926019
4.5695176
4.9717917
4.1159739
4.7249823
4.6797104
4.7650404
4.3564377
4.8324399
4.0477505
4.2630343
4.0454583
4.5760617
4.2917309
4.3325138
4.7119832
4.8870983
3.7511015
3.9769962
4.8189645
4.4947267
4.2905717
3.7245839
4.1522651
4.3353357
3.7669277
3.1887162
3.7294512
3.7465501
4.0923724
3.5816660
3.8562112
4.4531312
4.1370935
3.5918236
3.6286297
4.0638652
3.5022109
3.7532854
4.2075396
3.9264085
3.7618613
4.0327363
3.7410703
4.0816450
3.6771488
3.9183047
4.0420399
3.7644269
3.9014416
3.6955266
4.0774517
3.8435419
4.1522350
3.8368347
4.1216035
3.7842665
4.1791639
3.7711377
4.0861659
3.4907982
3.5180430
4.0821934
3.4254634
4.6412168
3.7477176
4.0924401
4.7565999
4.0728173
4.6038423
4.0737376
5.7937412
4.8799443
5.6110272
3.7353766
4.8802075
4.9918118
4.4596810
4.5795784
4.3143330
4.2070870
3.8347535
4.1287889
3.7937732
4.2370210
4.1677585
5.2346330
4.4794073
5.9147067
5.3752079
5.7590237
5.5588927
4.7189441
5.5677047
3.7839842
4.9111805
4.5356936
4.1980214
4.2320447
4.1960497
4.9261284
4.8589454
4.8200216
4.3428011
3.1753321
4.1104097
3.9475777
3.8999288
4.1418533
3.1649988
4.1460333
3.9373808
4.4137483
3.5546629
4.2695036
3.7351010
4.9105206
3.7863035
4.4366579
4.7127748
3.7532656
3.4500999
3.4417648
3.5087261
3.4924848
3.5612528
3.7805474
3.8224139
2.8391492
3.2380431
2.9235039
3.2212687
4.2390676
2.7988403
6.1459527
4.6958394
5.4324899
5.2937865
3.1152365
5.7131920
5.5940599
4.2870946
4.1321430
4.2542219
4.4960265
3.9187150
4.6151762
3.9563704
4.9348574
4.6088576
4.2298827
4.0790343
4.0403242
4.0807776
4.6505570
4.3549051
3.8202641
4.6786652
4.1235857
4.4176331
4.2104225
4.2745600
3.9902403
3.9861267
3.7944593
3.4069533
4.3212290
4.3056703
4.4227314
3.7668746
2.6654720
3.7371871
2.6548147
3.2628558
3.2746899
9.8468590
4.9592004
6.6171999
5.1800666
4.7472949
6.1330504
4.4088888
4.3597984
4.0518751
3.5565863
3.5818028
3.8995304
3.7085111
3.6391704
4.2915635
3.5580473
3.2964563
3.1652620
2.9124880
3.5187552
3.0282238
3.3198576
3.2759504
4.2916369
3.9130895
3.3523281
3.0340028
3.3092988
3.5830426
3.6524456
3.2805495
2.8871284
3.3167853
3.1869571
3.0188260
2.9580529
3.5558674
2.9165621
2.8311596
2.7070553
2.7418694
2.8376224
2.7213304
2.9991114
3.1957679
2.8421102
2.5175998
2.5669684
3.5821750
2.5706501
2.7120826
4.6026907
4.2604623
2.9826357
2.5033107
4.3576779
3.1497097
3.5902510
2.9919751
2.9833989
2.7214530
2.8119977
2.9089906
2.5534108
2.6690848
3.0890141
3.1167941
2.8198903
2.8374572
3.1068130
4.1228218
3.9287374
2.7477300
4.2188387
3.8927889
3.0587211
3.4519529
3.8139427
5.2746329
3.1105661
3.1528540
4.3813519
3.8133762
4.4388919
3.9973395
4.0212111
5.0011363
4.5495672
3.9035800
4.5252981
3.8766904
3.1239302
3.4344647
3.4585433
2.9478996
3.0780075
3.0856206
2.7823451
2.9456375
2.8088117
3.0957053
3.1918426
3.2110641
2.8048148
2.8481185
2.8635445
2.8191392
2.7592025
3.1270943
3.2013271
3.2910650
2.9723296
3.0580318
3.4123120
2.9852555
2.9906664
3.1606839
3.1812413
2.9417913
3.1468680
3.1043150
3.2313614
2.9658883
3.1568584
3.1686130
3.2275920
3.1921909
3.1988711
2.9636567
2.9609818
3.5531328
3.2096910
3.2307675
3.1891685
3.3867176
3.5671115
3.5538604
3.7108259
3.6852746
3.6876924
3.6254480
3.5756166
3.3508868
3.3819952
3.2507939
3.2240317
3.3739283
3.2786226
3.3127916
3.5842931
3.5804176
3.8174727
3.6064582
3.6707761
4.0730910
3.6195958
3.6319973
4.0386033
3.9808979
3.6711581
3.6517460
4.8013401
4.0963726
4.5226049
4.0313578
5.3902373
4.6804967
4.8553009
4.0322199
3.5402124
4.5111575
4.7516322
3.7106509
3.9709299
4.5792646
4.6221509
4.6020975
4.1337538
5.5579224
5.3810215
4.6691113
4.6361361
4.7057261
4.5831132
4.6512141
4.7231350
4.0857315
4.7781057
5.2135715
5.0212498
4.4287519
3.9946251
4.5864744
4.3881111
4.0010295
4.4530683
3.9606559
4.1872082
4.5510173
4.2471623
4.8910303
4.7377234
4.3525710
4.6765046
4.6078362
4.9268408
4.9890833
4.6550908
4.2722526
3.7367477
4.7425423
4.8968272
5.0688953
5.0404501
5.3680067
5.4377270
4.1790652
4.6727881
4.5714169
4.0147285
4.2285719
3.9992285
4.1746488
5.1329784
3.6602538
4.0460920
4.8522882
5.0902829
4.8754725
4.6466870
4.8549161
5.6250720
7.3053970
7.7191420
6.8335695
8.2577639
5.8387418
5.8990712
3.6394453
6.1346545
4.7415032
5.8013377
10.3587437
3.9133086
7.9196887
6.6990461
2.9563620
5.8551617
10.2990217
27.4163551
25.4425697
9.3402548
19.5267277
6.7474093
3.0859804
4.1458087
4.1719484
3.4927027
3.1648142
3.6920249
3.1332848
4.9628935
3.0080240
3.3406615
3.9763138
3.9723697
3.4057148
2.9818192
2.7426469
3.4688878
7.7136497
7.4246159
7.8766599
9.1806831
7.4046488
7.7024469
5.7013602
6.5006661
3.8760943
4.3595438
4.5954671
5.1783576
4.4996142
3.1277325
3.5564620
4.8719049
4.9838128
4.3560572
5.9386492
4.1076412
3.6456678
4.4717860
4.9470916
4.3569012
3.6108162
4.2748256
5.4426422
3.8630993
3.6376328
4.5288229
4.3312488
3.9831238
3.9490798
4.0066128
3.8883452
3.5809402
3.6707397
3.6221859
3.5808992
3.9408097
3.5996096
4.0989137
4.0581341
3.9191453
3.9200840
3.8019624
3.5442572
3.6005881
3.5413644
3.8963816
3.6294584
4.4982572
4.4646516
3.5728159
3.9074214
4.1274519
3.5306091
4.8122697
4.3927851
3.9311724
3.6213057
6.3868709
4.1527386
5.7774096
3.6571453
7.1163073
4.3695407
3.8910804
4.0055404
5.0028462
3.9759035
3.9114280
5.1477461
4.9668555
4.4606142
6.1158867
4.8573546
4.6201253
4.0206361
3.5629005
3.6049643
4.0885525
3.5750489
3.7273345
3.8509734
3.6842072
3.5907707
5.2837276
3.5769548
3.9519918
3.9835670
3.9515994
3.1931553
4.6931353
3.8638067
4.6140032
2.9562039
4.0406199
3.9809179
4.0612702
4.1590557
4.1007142
3.8802440
3.5964470
3.6559286
3.6118135
3.6462400
3.5758929
3.6869140
3.3911376
3.2781980
3.2995508
3.3994706
3.8231599
4.0520420
3.6097193
3.3602161
3.5944524
3.8338993
3.6010680
3.6826437
3.3552561
3.3007185
3.6200812
3.2426817
4.0825572
3.8095891
3.0908678
3.5826323
3.4548008
3.6655118
3.6284502
3.7409296
3.6043172
3.2856085
3.3145652
3.6713526
3.2931838
4.0764847
4.2062268
3.3447926
3.5969298
3.6699572
3.6765754
3.7216294
3.6704102
3.5807631
5.7513390
3.5047784
3.5926220
3.5693533
3.9446359
4.1069827
5.5593042
4.1849318
4.2045898
3.5973244
4.9284582
4.8192358
4.8949695
3.9636805
3.6101758
4.1269197
3.5955877
3.8342106
3.9412997
3.7939818
3.7176371
4.0001388
3.5951214
3.9303148
3.6517396
4.3757157
3.9397388
4.6410041
4.9541397
4.3265529
4.6548576
4.5920272
5.7607360
4.2367187
5.9287167
4.4821596
5.0744734
4.2890778
3.6050534
4.5752540
4.4342427
4.5734196
4.5812898
4.7008328
4.9124222
4.6308932
4.4434290
4.3053708
4.1474357
4.3407850
3.9810944
4.1748428
4.0618038
4.0347400
4.0151091
3.5971956
3.9841955
3.6006441
3.6573639
3.7774899
3.6050026
3.6134784
4.3816504
3.2895875
4.0855312
3.9731951
3.6362162
4.0047598
4.1194987
3.9955928
3.9873328
4.3684297
4.6977949
3.5797820
4.2421217
3.6344519
3.5951595
4.8182430
4.0684328
4.0794520
4.6468372
4.2371473
4.0216322
4.1569586
4.2912040
5.1274509
3.7148991
5.3321004
4.8739486
5.1964602
5.7674699
4.2944312
4.2590671
4.7687716
4.5048065
4.1899648
4.1745906
4.3200893
4.0927396
4.9403324
4.9060655
5.0204444
4.3213348
5.3634806
4.5133867
4.5931449
3.8481143
4.5404282
4.1310396
3.8318546
3.6526971
4.1446409
5.1237044
3.9148772
4.8307047
3.8221803
4.6894598
5.7300487
4.5574985
4.5531139
4.2552705
4.2555852
4.4346294
4.0219693
4.5540323
4.1254015
4.4369054
4.8205857
4.5356455
3.9157751
4.2438941
3.9104428
4.5448375
4.8164110
4.3850613
4.2519870
3.8183362
4.3785663
4.0096445
4.0043907
3.7285008
4.3710551
4.1055784
3.8787444
4.1102033
4.5355749
3.8060172
4.4339418
5.2593174
3.8932266
4.1189771
4.2323952
3.8099630
4.1107635
4.8831944
3.8917150
4.3774204
3.8246965
4.5231829
4.3695688
3.8345201
3.8072116
4.3874531
3.9074969
3.8276200
3.9014688
5.1212473
4.3692155
3.8071170
4.4463134
4.3261981
4.8285155
4.5664759
4.2288733
5.2720609
4.3756680
4.8054085
4.1072521
4.3720379
4.6645908
5.1329355
5.2697072
4.0971117
4.5371966
4.5344796
5.2584257
4.4414597
5.2556906
4.5415859
4.8900437
4.8164611
4.8052998
5.4029865
4.5458608
4.3151579
4.5191112
4.0001731
3.9893031
5.7184300
5.1223860
5.7193208
4.6754622
4.2245312
4.3679914
4.9467759
5.6039257
4.6704497
4.6611133
4.9929705
4.3128538
5.3524108
4.8657851
4.3061743
4.9840555
5.7362709
4.2173576
5.2558641
4.2208052
5.4022403
4.1348605
4.9953241
5.1007504
4.8686323
4.3972321
5.1175265
4.5271506
4.6764526
4.0086069
4.8688140
4.0345941
4.6538739
4.3125777
4.3000207
5.4605780
4.0653720
4.7842975
4.1270328
4.9866586
4.3029718
5.1100855
4.9823985
4.1942234
4.6470666
5.1189489
5.7255917
4.2967625
4.8540478
4.7227511
4.8225245
5.2075562
4.4867187
4.8921309
5.5063605
4.4817777
4.8175173
5.0627995
4.4764347
4.8249531
4.8920465
5.0693388
4.1784563
4.6044044
5.6777644
4.9369097
4.8063283
5.2019224
4.5952287
5.5347033
4.4802208
4.5922270
5.0322819
4.7244048
4.5891623
4.4638615
4.4650216
4.9216738
5.0477085
5.0525980
4.5932693
5.4852819
5.0399675
4.8016396
5.1745830
4.4503603
5.0477428
4.5857110
4.9064226
5.6565442
4.2285995
4.3296423
4.3239760
4.2342315
4.7124982
5.0328999
5.0260768
5.1695738
4.5756321
5.6475644
5.2577534
4.4385958
4.5623813
4.2218175
4.5578532
4.9022794
4.4324112
4.1196342
4.1878576
5.7818384
4.3106604
4.1188030
3.9760396
4.4277539
4.1215711
4.0269465
4.7649322
4.8803287
5.1430545
4.2940793
4.7620506
4.8775110
4.7615018
4.5336175
4.0861802
4.2900057
4.1898313
4.5260830
4.3943644
4.9941835
4.9967098
4.0825210
4.5213170
4.1817565
4.8082976
4.1655855
4.2789450
4.1765132
4.8237066
4.1537275
3.8716798
4.6247749
4.2770662
4.5089154
4.3872809
4.0479431
4.8195953
4.7541518
4.6051331
4.2301011
4.1387310
4.6723871
4.7240000
4.5835195
3.8333049
3.9504158
4.0839939
3.7984645
3.7819076
4.1507230
3.7492435
4.4009943
4.3641276
4.0396733
3.7934217
4.1330061
4.2781539
3.9692805
4.5381088
3.7918565
4.1034789
3.9809413
4.6373496
4.2500954
4.3388834
4.1992197
3.8198683
3.5974305
4.0066547
4.1430631
3.9371684
3.4983175
3.5400388
4.2366748
3.9193063
3.5202882
3.0663676
3.4637122
3.8804786
4.0045362
3.4044750
3.4521534
3.0396883
3.4856188
3.3476608
3.6613493
3.0831404
3.4292207
3.3424823
3.3508465
3.4393580
3.7457218
3.5895896
3.5550501
4.0304637
3.1043382
2.9663758
3.0530195
3.0075574
3.0413527
3.9139194
3.4100852
3.4392915
3.7792785
3.0928102
3.1070406
3.3376548
3.4849424
3.3161967
3.3730795
3.2958398
3.3617270
3.3000102
3.0294895
3.0188096
3.0111921
2.9619272
2.9441583
2.9316404
2.9326880
2.9623649
3.3282146
2.7161996
2.7212138
2.9220133
2.9469924
3.3373260
3.2942381
3.3251169
3.3586879
3.0412943
2.9915378
3.1554375
2.9980142
2.9990485
3.0008881
2.9802392
2.9839749
3.2427552
2.8596368
3.1579132
2.8917978
2.8863013
2.8766677
2.7554536
3.4086766
3.4505153
2.6970465
3.2170877
3.1473925
3.0192444
3.4710906
3.1729808
4.0562367
3.7593589
4.0353971
4.3705091
3.8240299
4.1917100
4.2393498
3.7827377
4.2931399
3.9375517
3.8682692
3.3792837
3.4283445
4.2594094
3.7624023
3.4746752
3.9415762
3.9046786
3.8506057
3.9547853
3.9598475
3.8576567
3.8946872
3.7431967
3.8021078
3.7465141
3.3699152
3.4410803
3.9170768
3.8287961
3.3291175
3.7815354
3.7325060
4.3049822
4.2472477
4.3514051
4.2867255
3.7815318
3.8320026
3.7622888
3.8053446
3.9331295
3.7816176
3.9205046
4.1348691
3.8668582
3.8913984
3.7472184
3.7973087
3.7747777
3.3938420
3.3684044
3.3545547
3.4348893
3.4056420
3.3991935
3.4084797
3.3965149
3.4164846
3.3810751
3.5457087
3.4187508
3.3691576
3.3976693
3.0262234
3.0300014
3.3752570
3.2063136
3.0603006
3.3779347
3.0285389
3.0830247
3.0637953
3.0205257
3.4300566
3.3952405
3.4025705
3.4710207
3.1835189
3.4081385
3.3902056
3.1807439
3.4380915
3.4368048
3.6223729
3.4655862
3.1450226
3.3992927
3.5556140
3.3645494
2.8111377
3.4900367
3.4714592
3.3855960
3.0764358
3.0939236
3.1078451
3.2131193
3.3075542
3.5021422
3.5430200
3.0772543
3.2272995
3.2748120
3.5002103
3.0499694
3.4007497
3.2419941
3.0839305
3.0507753
3.3891513
3.0589983
3.4943933
2.9554956
3.1375558
2.8920941
3.0714059
3.1919518
3.3050194
2.9133558
3.0842652
3.1417012
3.0780494
3.0737610
2.8959105
3.0630429
3.1297355
2.9670277
3.0926247
2.6516969
3.3001990
3.0896971
3.0764191
3.0661430
3.0687444
2.9674311
3.2406771
2.8435404
3.1757271
2.8305979
3.8297398
3.3606894
3.3680882
3.4847012
4.2810903
3.5877168
3.5552278
4.1677189
3.2495472
3.6219640
3.8039081
3.8736196
3.1676943
3.2725174
3.5432258
3.4999583
3.7907715
4.0327587
4.4836717
3.6514046
4.4035454
4.9520540
3.5188792
3.2479985
4.2322059
3.5328612
3.8713312
4.0248189
3.6223280
3.9583149
4.1689019
2.8753543
3.1072607
3.4847813
3.6595273
3.8778939
3.0811260
3.2643898
3.2915649
3.8419514
3.1429887
3.0590618
3.4433467
3.6742206
3.7846704
3.1137991
3.2716157
3.4620624
3.4140627
3.4386427
3.2451389
3.1620545
3.8035648
3.0305748
3.4696319
3.5532277
3.0858479
3.0162549
3.6736581
3.1040931
2.7441998
2.7945132
3.0275803
3.0153270
2.7351136
3.4146421
3.0106084
3.0085964
3.0311332
2.7744372
2.7159235
3.0210574
3.0035183
3.0776491
2.8524494
3.2537806
3.1135688
3.0925624
3.4997029
2.8918478
3.4051239
3.1169028
2.9711041
3.1841843
3.0853202
3.0563850
3.3058753
3.5241544
3.1397109
3.1892684
2.7955818
2.8855133
3.3143768
3.4353886
2.7954848
3.4772105
3.2692986
2.8538842
2.8463500
3.5019734
3.7448845
3.1524587
3.4517856
3.3361256
3.2950265
3.6855426
3.2024648
3.3658180
3.5106640
3.6018226
2.9297097
3.4800980
3.4805436
3.4084513
3.4441397
3.4896960
3.4154453
3.6687124
3.4608128
3.2074561
3.2618392
3.1357253
3.1918042
3.5872381
3.9529459
3.5436482
3.4570086
3.1384361
3.4656498
3.1487911
3.2240877
3.8451939
3.4436212
3.4696167
3.6773436
3.7054667
3.3985276
3.1749115
3.2235754
3.3492243
3.4151473
3.3218522
3.8295014
3.5105419
3.4994864
3.1605787
3.7838292
3.3140447
3.3613689
3.5261528
3.4847891
3.5571327
3.4533591
3.4445708
3.1362038
3.1510844
3.2872181
3.5863843
3.1350150
3.7876818
3.4139035
3.4394786
3.5097597
3.4478745
2.8848922
2.7762976
3.3711646
3.6089673
3.4790494
3.4451945
3.2496996
3.8862088
3.3822575
3.1086066
3.0320756
3.3830159
3.5906796
3.3955669
3.4258404
3.3794687
3.8183122
3.9145076
3.7689083
3.7799239
3.3647640
3.3255541
3.3635612
3.4474349
3.3582835
3.3272707
2.9607739
3.4227123
3.3521924
3.3957582
3.0022657
3.0810924
3.0152221
2.9827237
3.0877318
3.5357010
3.0467939
2.9956462
3.3771620
3.0223122
3.3979607
3.7751026
3.4899235
3.0690079
3.8540187
3.1632302
3.7661245
3.1025829
3.6336236
3.1275725
3.4038005
3.6357601
3.4167659
3.4910662
3.4310999
3.0876534
3.7934210
3.4431574
3.8189800
3.3852248
3.9091680
4.0530825
3.8302395
3.6564579
3.4610863
3.4401140
3.4243596
3.1548848
3.6447141
3.5742238
3.6626365
3.4446094
3.4638360
3.9215391
3.5031266
3.8385980
3.1089904
3.5271862
3.1866722
3.4603484
3.8812647
3.4629622
3.4596279
3.8368382
3.5555384
3.8340156
3.8452284
3.9004946
3.4752002
3.4901383
3.4835238
3.5332687
3.5782592
3.5378850
3.5262678
3.5247555
3.7401097
3.4788129
3.5250032
3.4997027
3.4826729
3.5118325
3.6289766
3.5448573
3.4867687
3.8732667
3.8709888
3.5077801
3.9472284
3.8756475
3.9473262
3.4107003
3.3988068
3.4539082
3.4170082
3.3891354
3.4269311
3.3877082
3.4551444
3.3942068
3.4098294
3.4335785
3.7726870
3.5020838
3.9336739
3.6851597
4.4321537
3.8621035
4.0654435
4.1627536
3.8842287
3.3912055
3.7807348
3.8211868
3.8593304
3.9089823
3.9964242
4.0690227
4.1822224
4.0426044
3.7794538
4.1203513
3.7982695
4.4740462
3.9286315
3.9480202
3.9270470
3.9486818
3.9770889
3.7464185
3.4466074
3.4862797
4.0622249
3.6808028
3.3927064
3.5252926
3.9628966
3.6755719
3.4595149
3.4792590
3.3008173
3.8360331
3.5672104
3.4580030
3.3476539
3.5652356
3.6518006
3.2771640
3.5937035
3.7603567
3.7952271
4.1477389
3.4668770
3.7570660
3.5276179
3.8601892
3.6692553
3.8887396
3.9426095
3.3799779
3.2708480
3.7601614
3.7538660
3.4969013
3.9658868
3.6649187
3.5308504
3.6397076
2.9720476
3.2810044
3.2808676
3.3863103
3.0483241
3.9724283
3.2841964
4.0102291
3.5633137
3.2589495
3.2538981
3.3154154
3.3221612
3.0167966
3.3502631
3.0187228
3.0531940
3.1160681
3.4125798
3.6963074
2.9914451
2.8696742
3.1854503
3.0325081
3.9004114
3.7069395
4.2359090
3.4281456
3.8293660
3.8620577
3.3445144
3.4981813
3.6422002
3.7266767
3.7201149
3.7290106
4.1595888
4.3285079
4.1671286
3.4791493
2.9696007
3.6048481
4.2417164
3.4490712
3.0613241
3.9312923
3.2158084
3.2813771
3.2641320
3.3591871
3.4987214
3.0108316
4.0793643
3.0032175
2.9288123
3.7940674
3.4027083
4.4771895
3.4957173
3.2701743
2.9304681
3.0450249
3.0507143
2.8683810
3.0999265
2.9601192
3.4890084
2.9256794
2.9544578
2.8391559
3.1466579
3.2702200
3.3181760
2.8019223
3.5994596
2.9959986
3.2757652
3.5051720
2.8269503
4.2780528
3.4606795
2.8096890
3.2343540
3.5944383
3.3522930
2.8448391
2.9228384
3.4722705
3.4057176
3.3902640
2.9995427
3.9965019
3.6496074
3.4669108
3.5485992
3.1379924
3.6237879
2.9529738
3.4298680
4.9509506
2.9264429
3.3596299
3.0594442
2.8436582
3.2682443
4.3227243
3.9611361
3.6558347
2.9569166
2.9943960
3.0078220
3.7183006
3.4733505
3.5352092
3.4866784
3.5451462
3.3262229
4.3564854
3.5865142
4.9072666
4.0307298
3.9150467
4.0240145
3.9848573
3.5290449
4.3127184
3.6443992
3.3541086
3.1650651
3.7393501
2.8339081
3.0534804
3.8018854
4.0210490
2.8851869
4.0170474
2.9941280
3.3481238
3.3496311
3.6019971
3.2112901
3.7295194
3.4160364
3.0048981
3.9884107
3.1970141
3.6431031
3.9857512
3.9501030
4.1028643
3.5008409
3.0567634
3.3524609
2.8348925
3.1051507
2.9957361
3.3980281
3.7228172
3.2112401
2.9886365
3.5396795
3.5959868
4.0940790
3.6653450
3.2596807
3.6418405
3.1030576
3.2267668
3.2849739
3.2170355
3.4255152
3.0979540
4.1805167
2.9912140
3.4938939
3.2820122
3.7345064
3.5492413
3.6495759
4.5203753
3.5491626
4.2566957
3.4104278
3.7755017
4.2029762
3.5036430
4.6734352
4.3753228
3.8397887
3.5477331
5.0839858
3.8389091
4.0088334
3.6582735
3.9799995
3.7709756
3.3810844
3.8270483
4.1148391
4.5345607
3.6880553
4.1255398
4.6798663
4.0680661
3.5145874
4.6095276
4.9287581
4.2596221
4.3230991
4.1916323
4.4606237
4.3861432
4.5341616
3.5648856
4.0246930
3.7908306
4.0701389
3.3965087
3.3200591
4.2206101
3.3008876
3.3307390
3.7620931
3.5966365
3.6492784
3.9278767
4.1414657
4.0662317
3.6704910
3.5914969
3.9122314
4.0329370
3.9974842
4.6898808
3.3557169
4.2947917
3.7383368
3.6726313
3.9994671
4.1877942
4.7203774
4.7653422
4.2884731
4.2051983
4.0749569
3.7486145
3.8712883
5.0703020
4.1290970
3.6422532
3.4759746
4.7908216
3.8317177
3.9523237
3.9776499
3.7769160
3.4216068
3.5555356
3.8532634
4.6376147
4.6119418
4.4038916
4.2706537
3.5681908
3.5876544
4.0685387
3.4836473
4.0929255
3.3350818
4.0465069
3.3632863
3.3669453
3.3342068
3.4532084
3.3741341
3.7353790
3.7740259
3.7838292
3.4474628
3.5925350
3.9238141
4.6813955
3.9058306
3.5229523
3.9009964
4.0582805
4.3266020
4.2642097
4.1096087
3.7327025
3.8800304
3.8803313
3.7346718
3.7487829
3.7024760
3.7890201
3.7420845
3.7277021
3.6969154
3.6985247
3.7358632
3.3309379
3.3146822
3.2971692
3.7023752
3.3802476
3.4125700
3.3160212
3.2998579
3.2773242
3.2798452
3.3953731
3.4188488
3.7368231
3.2747078
3.2730272
3.3281350
3.3551033
3.3884485
3.2672191
3.9407573
3.3800747
3.3476539
3.3564746
3.8530567
3.5042379
3.0398273
2.9397776
3.1813912
3.3587651
3.2725883
3.3004391
3.7328753
3.1889472
3.0214748
3.1147668
3.0954297
3.0932877
3.4617126
3.3034046
3.3560503
3.4496176
3.3207989
3.3098624
3.2351661
3.2618630
3.3217025
3.2827854
3.2627888
3.2415047
3.3810143
3.0598264
3.2446542
3.2940505
3.2390835
3.2777319
3.3008819
3.4944651
3.2979131
3.2546477
3.1275432
3.0819795
2.9376919
2.8984399
2.8857861
2.8899398
2.9775496
3.2457445
3.4505577
3.2245271
2.9779482
3.3331635
3.4581826
3.3084810
3.6300280
3.5031598
3.0154524
3.2391188
3.0028889
3.3199666
3.2552068
3.3215082
3.3279078
3.3978856
3.2844398
3.4522793
3.4810228
3.5983481
3.8240275
3.4942138
3.3020689
3.1333876
3.4688377
3.1897874
3.5020521
3.0130463
3.2877398
3.0958984
3.8084464
3.0729275
3.7917056
4.0465465
3.6580687
3.8622451
3.2034588
3.1027763
3.5581262
3.2106915
3.1308253
3.1286657
3.3891864
3.4642806
3.4564912
3.3504653
3.4169066
3.3592482
2.9984350
3.0379908
3.0662687
3.0223768
3.0044050
3.0015697
3.1199002
3.0627294
3.4272382
3.0928183
3.4377558
3.3112249
3.4285431
3.5034213
3.8218906
3.8698199
3.1751823
3.4569120
3.0144892
3.4418311
3.0587420
2.9138782
3.2406023
3.5090895
3.6595333
3.9273901
3.7095733
3.3446183
3.7083166
3.6803050
3.6024563
3.5433433
3.4451556
3.3316212
3.2854416
2.9331164
3.3843458
3.7610555
6.4426188
2.8672929
2.6672745
2.9128387
2.7376871
3.2449696
3.2024722
3.1812406
3.1689258
3.9125328
3.2485065
3.9115014
3.2165816
3.2178361
2.9233568
3.2020805
2.9400277
3.2397187
2.9837730
3.2426643
3.5606647
3.2461331
3.2961254
3.5644264
3.3658118
3.3315592
3.5865550
3.5919535
3.5972657
3.6262028
3.7595875
3.6709247
3.6503823
3.6560404
3.6410470
3.6323018
3.3401937
3.4636400
3.6489007
3.7747614
3.6336255
4.0102210
3.3328538
4.1804924
4.0491395
4.0284286
4.0598936
4.2381144
4.0414300
4.1984901
4.1988764
4.1795902
4.0880089
3.7686856
3.7634287
3.7999072
3.8037703
4.0058842
4.1490636
3.7502515
3.7420287
4.1050744
3.7861052
3.7603176
3.7585752
3.7417603
4.6716380
4.2842231
4.3598089
3.7506702
4.1138921
3.7570829
3.4633768
3.7169111
4.2442765
3.7274461
4.1309028
4.5081530
3.5158648
4.2340055
4.0637836
3.4556952
4.0676346
3.6963429
3.4064434
3.8550797
3.7863243
4.0658684
3.8623793
4.0935931
4.1053038
4.1800580
4.2006831
3.4431405
3.8467064
3.7261963
3.7544923
3.1300602
3.3690758
4.1460752
4.1060386
3.3981726
3.3922338
4.2342911
4.1834459
4.2383804
4.2128768
4.2055073
5.5232439
4.6499033
4.6998215
4.3542366
5.0707636
5.0768032
4.7311525
5.0597539
4.6220183
4.2283850
4.2483230
3.9193230
4.6527662
4.6416721
3.6578665
4.3292394
4.2756538
3.9648824
4.3552651
3.9776573
4.3075976
4.3159432
3.9674923
3.9651117
3.9664357
5.1284480
4.3000779
5.4939423
3.9821296
5.0886302
5.5211954
4.6757326
5.5050077
5.5111151
4.0022888
5.0773034
5.5178018
5.4970622
5.5557084
4.7732921
4.7346559
4.7302508
5.5778003
5.1280208
5.5591173
5.5695109
5.5482831
5.1306844
5.9876585
5.5437627
4.3782816
4.0413437
3.7552578
4.7347603
4.3650007
4.3733158
3.5186534
4.0322714
3.4963987
3.7463977
4.6948104
4.3751369
4.0395293
4.0219922
5.0991607
3.5353277
4.7218165
3.8327415
4.3539038
5.5036287
4.7081213
5.1216550
5.1192346
5.0936007
5.5462489
4.7395434
5.9335489
5.9698267
5.9217162
5.5983796
6.4450502
6.9328556
6.0370593
6.0306878
6.0481043
4.7797112
4.8258657
4.8253999
4.8029895
5.6890769
6.0659389
6.1105266
6.9667130
5.6680837
5.6445942
5.2327275
4.1022935
5.6656942
4.8237386
4.4122014
5.5849276
6.0104461
5.1589761
4.8164511
6.4547954
4.4168897
5.1927686
5.6272492
5.1700611
3.7412508
4.0275021
4.7714314
3.7041342
4.3399601
3.6831913
3.6996205
4.7957354
4.0258780
3.4465094
3.7047868
4.3783646
5.6451764
4.3937440
4.0320878
4.7611332
3.2316785
3.2038918
4.7305913
3.6874311
3.6715832
3.4296136
4.7331328
3.2112582
5.0648923
3.3812745
5.4866982
3.1659832
3.3599885
5.4864855
3.6802394
5.5160093
3.3524063
3.6460094
4.2659497
3.3493600
4.6907301
3.6211598
3.9498885
4.6803250
5.1355963
5.0920625
5.1290135
5.1795549
5.9576287
4.7211127
5.9590340
5.5605450
3.9460857
5.0740438
5.0972290
5.5692310
4.2594523
4.3046451
5.0477142
3.2826488
4.2197351
4.2512445
3.3267796
5.0505838
4.2402816
3.9276612
4.6499367
3.9181392
3.9095802
4.6489258
3.5981193
3.2829576
3.8522918
3.9089005
3.0804033
3.8883967
3.5613286
4.6373324
3.2751598
4.6232662
3.0758312
3.5525959
3.2803009
3.0535555
4.1921101
3.2750897
3.5409987
3.2527008
3.8716450
3.8782830
3.0495348
5.0210848
3.8602221
3.9160714
5.0029058
4.6543579
3.2599185
5.0391779
5.0681291
5.4370403
3.8709152
4.2342668
5.4889469
5.5370760
5.0820036
4.6695604
3.8984578
4.2760830
3.5730252
6.8972087
5.5528626
4.2674479
4.6571178
5.0931764
4.6950679
4.7060595
5.0190911
4.9578695
3.7491369
4.9911652
4.1011510
3.3896420
4.5359278
4.1481233
3.7332366
4.9602733
4.5578551
3.4110188
4.5118399
3.7708919
6.2875109
3.1241670
4.5394773
3.7650158
4.5788798
3.7246492
4.5283365
4.1026034
3.3890607
4.0828257
3.3810439
3.0909948
3.7179034
2.8904672
4.0877967
3.1065800
3.7001696
5.3558564
3.3671618
2.8851409
3.7050788
2.8768072
4.4792342
4.1186705
3.3802125
3.3805943
2.7040298
4.0793328
4.4679880
4.8914061
4.9018898
4.8918939
3.7047756
4.0472398
4.8761873
4.0541201
4.0488210
4.0537815
3.0494919
3.6583326
3.0443468
3.3507874
3.0547130
4.0495934
4.0537410
3.6773608
3.6279817
2.6191576
2.8036947
3.6424177
4.8774099
3.6721261
3.6528041
4.8664389
3.2854290
3.6246078
5.8221560
2.8199983
3.3010120
2.6615152
3.6650858
4.0195889
2.6362479
3.3330786
3.6643767
3.6579642
3.6716595
2.7879093
3.6566787
3.0139980
2.8067136
2.8002503
4.9276042
4.0461521
3.3306909
3.6649976
2.6725504
3.0432153
2.8553429
2.8115497
2.8089068
4.0608611
3.3307030
2.8355880
3.6879289
3.3169041
3.6597097
2.7931323
2.6937406
3.3511579
3.3165448
4.0535235
4.0599203
2.6905246
2.8468440
3.0652542
3.0619640
3.6797767
4.4542670
3.0559089
3.0406399
2.8360226
3.6969228
4.9325566
4.4690037
4.0726352
4.3255730
3.8229873
3.4621372
5.1958961
3.8595419
5.1635156
4.7323532
3.4342194
4.2934890
3.1187813
3.0921471
3.1121061
4.7216721
3.8541734
3.9015131
3.1095920
4.2886577
3.4632027
3.4908297
3.4458997
4.3071122
3.7334490
3.4068162
4.2169690
5.1712337
5.2079926
4.2576976
6.0910506
5.2600479
4.7284031
3.2222087
4.6889081
4.7436981
3.8550470
3.7697632
3.8731425
5.6217294
5.5905194
3.7427022
5.2434440
3.3430848
3.7990499
3.4012830
5.1547384
5.1158199
3.3707540
4.6130400
4.6448121
4.1885071
3.3353708
3.7472486
6.4337602
3.3452549
3.7391100
4.1793251
5.5595603
2.9596982
4.6149149
3.3211772
3.3533852
4.6022377
3.7225277
3.2991796
3.3321543
2.9320974
5.0599718
4.1524892
3.3102560
3.7449138
4.1540318
3.3113666
2.6373751
3.3315949
3.3250692
3.3440650
3.3413539
4.5833378
3.3305967
2.9367456
4.1166582
3.3098924
4.1917219
2.9448028
4.1894193
3.7178252
4.1542697
4.6189489
3.7194226
3.3170907
4.1307192
3.3130605
2.9274008
3.3105280
3.3765042
3.7067542
2.9433668
2.6143286
2.6292436
3.3036821
2.6293609
4.1250906
3.2694120
3.6791108
2.9055963
4.1116934
3.2789102
3.2739072
3.2760375
3.2694638
3.2886517
3.2697802
2.9116135
2.5742741
4.1033683
3.2744088
3.2726977
2.3418684
2.5687194
3.2715003
2.9081166
2.5790112
3.2892375
4.5591984
2.9055133
4.0923729
4.1030250
2.5819178
2.6007395
2.5775928
3.2708013
3.2640293
2.2053475
3.7041392
3.6677153
2.9051156
3.2836847
3.2730985
3.2729239
2.5805604
4.1427975
2.5648446
2.5932963
3.2774129
2.5934756
2.9023116
2.5957413
2.5860145
2.1630678
3.2992184
2.9023273
3.6802497
2.6210482
2.1173699
2.3648429
2.2022552
2.1012709
2.5699303
2.2847831
2.1463499
2.1440439
2.5784805
3.6710353
2.1258128
2.5716774
2.1157813
2.1341803
2.8992603
2.4014320
2.1337266
2.1633210
2.1148694
2.1193211
2.1184967
2.3544543
2.1415260
2.1216278
2.1207490
2.1138687
2.5576167
2.1076300
2.8811069
2.5525994
2.1384029
2.1749239
2.1614249
2.8842385
2.5631940
2.1179333
2.0978105
2.5541830
2.8740163
2.5393684
3.2681010
3.2771809
2.5393069
4.0960598
3.2480781
2.5218830
3.2373533
3.2682168
2.8717039
4.1205707
4.1202049
3.7113984
3.6893833
4.1285954
3.6596606
4.1001487
3.2834408
4.0967102
4.1170692
2.5671442
4.1060338
3.6792169
4.1619172
5.0982385
4.1162000
3.6567869
4.5542078
3.2762892
3.7145553
3.2778664
3.2481093
3.2819653
4.0840316
4.1438394
3.2726555
3.2825949
2.5246506
4.0888386
5.0518193
3.6657510
3.2569578
4.0983944
4.1174507
3.2379212
3.2268593
4.0793166
4.1044421
5.0463486
4.0965939
4.0653243
4.0373082
3.6296339
3.2261949
3.2146261
3.6192353
3.1950285
3.1985288
3.5963581
3.5984173
3.2068088
2.8004165
4.4695148
3.5919237
4.0443883
2.8078556
4.4889269
3.1599507
2.7924626
2.7788939
3.5376644
2.7355552
2.7390692
4.0308185
3.9753454
3.9883306
3.1279244
2.7282000
4.0000134
3.1243639
3.1223557
4.0051594
3.1255825
3.1232467
3.9621418
3.1151574
4.4429002
3.5240092
2.7312644
2.7194006
2.0792470
3.0807691
3.5113678
2.3589501
3.0828984
2.3508017
2.7267282
3.4995589
3.5006533
3.5009141
3.4955256
3.9238544
3.4893575
3.4917138
3.0593784
3.0554531
3.9270818
3.0555058
3.9265401
3.9234684
3.0397127
3.0465069
3.0447643
4.8656793
3.9039907
3.0311370
3.9059272
3.9047828
3.0350919
4.3709092
4.8434300
3.8976655
3.0424898
3.0372388
3.0396612
3.8936849
3.8973033
2.3315511
3.8868012
3.0205033
3.8864241
3.0110540
3.0363641
3.9045787
3.8888700
3.4572198
4.3592515
4.8132572
3.0080976
3.4493291
3.4406967
3.0022376
1.9842460
2.5851700
3.4299800
2.6167209
2.6072309
3.4295721
2.2457173
1.9227996
3.4141860
2.5735204
3.4094524
3.4090528
3.4035995
2.2157106
2.2165551
2.5726588
2.5839255
3.3908694
2.9675417
3.8574548
2.5861118
2.5461259
3.3899667
2.5480757
2.5368173
2.5523853
3.8349888
3.3817616
3.3803408
1.8818880
2.2268500
2.5225286
3.3744302
2.9516094
2.9369869
2.9398577
2.1829076
3.3767977
2.5155168
2.5308688
2.5489039
2.5164318
2.9332180
2.5017521
2.5110347
2.9258816
2.5212271
2.5113306
3.3510165
2.5049663
2.5200646
1.6911272
2.4917111
3.3475666
3.3376110
2.9220738
2.4979279
2.4841976
2.1166725
1.7924787
2.4795852
2.1288657
3.3421814
3.3461599
3.3336577
3.3335681
2.4664383
2.4793015
1.8048005
2.0723031
2.4578717
3.3418043
2.8873575
2.8838902
3.3332679
2.4858880
2.4637806
2.4653087
2.4489241
2.8867853
2.4955552
4.2490568
3.3138394
3.3186958
2.4560959
2.4409268
2.4412651
2.1330914
4.2488880
2.4750817
2.4770901
3.3175430
2.8638890
3.3022425
3.7833397
3.3117540
2.4540408
2.8584743
3.3143325
2.9146309
2.8692398
3.3004353
3.3002479
3.3211234
2.8604333
2.4290259
2.4151216
2.4245102
2.4445515
2.4376132
2.4484525
2.8721213
2.4519186
3.3022726
1.7572045
2.4358871
1.7543573
2.4197843
1.8358915
2.8538954
2.4602211
3.2916844
3.2895205
2.8384256
2.0638919
1.6664598
2.8245292
2.4466031
2.4486623
1.7263120
4.2418137
1.7601881
2.4375815
3.3015928
2.0569620
2.4187064
2.4309092
2.8319764
2.4170036
1.7344849
2.4062846
1.7027138
2.0291910
3.7546520
4.2675700
3.2823908
3.2721257
2.8259640
2.0358734
2.4475236
3.3031795
2.0385587
2.8724177
3.3005784
2.4253516
2.4437592
2.0103233
3.2892447
2.4153671
2.8283582
3.2804825
2.4036150
3.2833071
2.3989692
3.7460773
2.3928683
2.8234892
1.7144537
3.3105316
2.4630613
1.7225448
3.3031223
2.4215367
3.2972713
3.2999246
2.0696092
1.7991862
2.0419574
3.7653008
2.8452053
2.4511228
2.8329978
2.4045956
4.2319384
2.8360813
3.2827306
2.3956215
3.7455423
3.3137357
2.8682220
2.4672413
2.4421921
2.4493966
3.3786533
2.4567065
3.3100252
2.4574504
2.4336042
2.4366999
2.1415646
2.4297032
3.2996912
2.4531512
2.4177005
2.4579635
2.5096772
2.4335144
3.7638333
2.4615211
2.0742478
1.7906352
1.7858597
1.8223627
1.8643751
1.8561877
2.4811952
2.1252422
2.4609423
2.0268538
1.7986224
2.5043268
1.6766558
1.8401773
2.0842521
2.0153420
1.8904691
2.4681294
1.9389850
2.5037203
1.9962606
1.7952862
2.5119159
2.4754102
2.5248835
1.9967237
1.9165864
2.1818805
2.1811974
1.7957829
3.3365235
3.3172536
3.3245080
2.8862853
2.0821946
2.8865430
2.4433832
2.4511535
2.4515288
2.4916952
2.4709537
2.4864666
2.1297598
3.3297794
3.3280203
1.8481848
1.9713448
1.6647183
2.8816371
3.3687050
2.4715464
2.4697421
2.8835382
2.4860158
3.3204839
2.4419611
2.4356558
3.3187952
2.4624279
2.8972311
2.4731374
2.4933562
2.4977641
3.3707259
2.4694948
3.3462744
3.3446136
2.5038655
2.4835324
2.4755964
2.4677839
1.8365598
2.0863051
3.3405995
2.4683349
2.4660985
3.3220816
3.3175964
2.4788246
2.9001286
3.3440883
4.2711291
2.9009571
2.4844468
4.2773991
4.2821245
2.9128265
3.3350265
3.3309748
3.3358195
3.3300381
3.3323374
2.4680309
2.0798204
3.8091617
2.8825765
2.8980637
2.8912356
2.9023037
3.8244088
4.7683277
3.3800845
2.9471052
3.8335025
2.9409280
1.8442997
2.5232065
3.3768990
2.9389076
2.5480349
3.3761659
1.6501737
2.5151939
2.5347633
2.1444173
2.1674929
2.9477060
1.5849459
1.5848405
1.7585865
2.9127424
2.8762691
2.5058992
1.8667765
1.7750593
2.9048574
2.1189091
1.8182304
2.1051643
2.1125503
1.7927877
1.7060776
1.8112947
2.4639339
2.8836539
2.0785396
2.8753381
1.8745871
2.1037242
2.4312289
1.7111713
1.7329880
2.0562179
2.4250734
1.5734763
1.7130071
1.8655401
2.0415807
1.7522343
2.0457494
1.4725934
1.7237303
1.6960727
1.7021028
1.7237421
1.7130138
2.0267925
2.4248943
1.4451360
2.9195344
1.5004125
2.4953451
1.8047071
1.8060118
2.5017612
1.6149546
2.1187959
2.4983990
1.8018488
1.8232101
2.4932415
1.6136369
2.9122610
2.4980805
2.5057440
1.8060124
2.1173770
1.4857707
1.7978224
1.8564050
2.1719007
2.1719229
3.3905540
2.9500818
2.9557681
2.5398443
3.8493087
2.9663758
3.8482308
2.1663232
2.5580924
3.8506341
2.5417962
4.3039432
2.9773514
2.1457775
3.3915653
1.8549252
3.3783350
3.8587444
2.9472179
3.3909473
3.3804915
4.2936301
3.3839507
2.1471784
3.3704717
2.1516445
2.9300842
2.9338028
2.5185037
1.6196492
2.1508086
2.9271615
3.3667767
3.8153956
4.7524099
1.8063194
2.0718405
2.0648019
1.5031757
2.0742218
2.4503443
2.0644219
3.3205943
3.3190513
2.8736169
2.8735075
2.0568390
2.8626075
2.8676674
2.8682647
3.3174720
3.3062067
2.8621473
3.3124857
3.3009472
3.3277690
2.9089997
3.3422184
3.3437603
2.9041274
2.8959880
3.3371966
2.4712315
2.4734941
2.8859463
2.8856671
2.8818526
2.8799701
2.8757792
3.7779522
3.3158398
3.3159752
3.3139391
2.0497718
2.4359426
2.4597163
3.3530993
3.3523047
2.4973931
4.2678094
4.7375498
4.7368970
3.7958159
2.8996544
3.8024476
4.2658858
3.7854633
3.7893350
2.8817770
3.3356714
2.8813841
2.4559000
4.2415872
2.8655217
2.8638864
2.8860462
3.7906408
3.3333087
2.4728632
2.4650126
3.7731757
2.8778765
3.3264804
2.8909299
1.4047575
2.4810450
2.8870115
3.3393629
3.3048491
2.9046502
2.5318925
2.4688394
2.9023230
2.4546204
3.7555139
2.5506921
3.4256444
2.6432409
2.6692960
3.3910873
3.4291446
3.0559738
2.6088703
3.3941765
2.9548097
2.2338445
3.3773293
2.6280994
3.0020435
3.3734567
3.3652906
2.9271517
2.9467225
2.6080351
3.3565073
2.9233668
1.8449327
3.3668840
2.9389067
2.9259746
2.5105407
2.1642859
2.9267976
2.9285047
1.8333193
2.5859456
2.1756201
2.9813161
2.0447557
2.1141067
2.5286729
2.3290884
2.1794748
2.2887514
2.0361211
2.5976763
2.5278625
2.1312175
2.1886256
2.6354105
2.4886332
2.2403357
2.5238409
2.4107132
2.1160240
2.2475505
2.1023226
2.4468739
2.2435634
2.1850760
2.2174814
2.1705277
1.8960999
2.0259860
1.8140094
2.1423759
2.1412246
2.5668697
2.1032319
2.0938210
2.1027944
2.1133430
2.1381786
2.1464238
1.8046408
1.8555100
2.1455016
2.5814073
2.5170321
2.1571403
2.2256348
2.1469438
2.4343848
2.1688783
1.8794703
1.9292536
2.6080642
2.0382371
2.7727096
2.6605930
2.4692955
2.5749450
2.5482764
2.0573692
2.2285564
2.0583537
2.1007791
2.1253390
2.0757549
2.0789213
2.1274431
2.1374063
2.0859163
2.1037612
2.0985975
1.8651576
2.1242516
1.7909765
1.9752389
2.2068558
2.2469831
1.8220527
2.1100624
1.7906401
2.1058037
2.1204567
2.1678169
2.1132390
2.2331078
2.1895559
2.5044317
2.1119435
1.8666228
1.7915635
1.7903494
1.7854232
2.0466189
1.7833471
1.8132035
2.2535708
2.1424890
2.1575418
1.7743740
2.1120555
2.0949469
2.0871642
2.4116650
2.2458613
2.1042125
2.2266965
2.0931118
2.0993137
2.0985358
2.1434245
2.1930518
2.1261170
2.3580415
2.3802762
2.5288301
2.8709109
2.3954687
2.4669063
2.4249780
2.4046061
2.9037528
2.7380736
3.1729248
2.3928461
2.4260516
2.4834883
2.8741450
2.5635657
3.1293135
2.7670977
2.4601130
2.3889489
3.7688363
2.5802805
3.4299676
3.2305446
3.1384950
3.0919704
3.0142734
2.8268399
2.8685861
2.6696413
2.9791121
2.7989845
2.7741363
2.6643441
2.8121262
2.5243585
2.9743102
2.9467890
2.7442751
2.6033680
2.9248674
2.8106918
2.7056487
2.7998266
3.1076224
2.6053929
2.6945641
2.9598038
3.1748309
2.6419125
2.5820417
2.5828061
3.7821631
2.6677256
3.4536541
3.2500548
2.7245705
3.1488793
3.4577518
3.7779205
3.2888913
2.7103403
3.0326271
3.0428798
2.9366283
3.2785773
2.7883215
2.7870171
3.0022402
4.3011875
2.7116897
2.9795451
2.6769445
3.0194275
3.1064446
3.4241807
3.3686614
2.9939945
3.3626647
3.4526761
2.6917698
2.7041156
3.4856596
3.4629588
3.2234471
2.8871381
3.9219065
3.9207878
2.5917385
3.3464091
3.0516911
3.7734365
2.8853462
2.9464173
2.7791283
3.3994429
2.6071401
2.7671783
2.5947890
2.5854506
2.6727276
3.1407812
2.6074355
3.1925139
2.5049009
2.6730237
2.6405058
3.0732346
2.9576392
2.4904137
3.2898488
3.0821471
2.9194357
2.6505444
2.9288576
2.8951061
2.8902836
2.9032056
2.9258993
3.5935397
3.7186358
2.9392741
2.8783579
2.8200943
2.6857905
2.9708035
2.7621946
2.7133625
3.5146439
3.0803571
2.7579815
3.2796075
2.8103673
2.8799865
2.7772715
2.8676069
2.6517546
2.6719844
2.6524763
2.7063069
2.8796332
2.9384186
3.1672072
4.1656747
3.2177572
3.3083460
3.0727446
3.3199515
2.8119674
3.0990527
2.7423966
2.8887794
3.5949044
2.7578907
2.9236937
3.4982831
3.3487809
3.1356676
3.1775682
3.0513186
4.2502642
3.5357044
3.4681792
4.9076543
4.2179556
3.3479352
3.2880523
4.4235091
3.6894896
4.1097937
3.4647245
3.9424820
3.0245004
2.9214733
3.1395760
3.5965347
3.3610227
3.4076002
3.2142866
4.7955408
5.0095782
5.3024850
3.7146709
3.7891412
4.1329975
3.6016393
4.8870344
4.0172873
3.9827948
3.0755827
3.2397900
3.6025949
3.1804090
5.5157566
4.0006127
3.9046230
4.8907776
4.1647749
3.8219302
4.5798516
4.0756359
5.1830201
4.1777997
4.4958568
3.9512386
4.3548474
4.4361238
4.1256404
4.1233859
3.5028985
3.7691915
3.3129513
3.8981278
4.5057807
3.8018157
4.0652275
4.1572189
3.3126898
3.7169337
3.8136382
3.6619101
3.4373953
3.4594142
3.6266181
3.1125922
3.3638003
3.1275771
3.3453767
3.7220695
3.7814250
3.3583305
3.3335998
3.5851381
3.4712379
3.4394391
3.2331564
3.3781378
3.3508582
3.3763747
3.4477246
3.1696918
3.2622716
3.3744655
3.1326056
3.1048214
3.1143522
3.1413620
3.0999064
3.1253829
3.0971861
3.1238108
3.1405621
3.1834533
3.1491649
3.1054292
3.0931048
3.2087352
3.1872637
3.1621525
3.0911396
3.1169727
3.2567649
3.2855783
3.2338853
3.4456675
3.4665351
3.2223709
3.3307452
3.3998847
3.3841329
3.4519665
3.5062530
3.2707679
3.6217732
3.3583493
3.6040673
3.5513334
3.3613932
3.5392189
3.3797786
3.5778215
3.5347283
3.6357362
3.4658148
3.7103171
3.6692486
3.4660800
3.7641442
3.7074420
3.3342295
3.5832236
3.7607715
3.6380546
3.4812081
3.7511728
3.6747994
3.7843659
3.5603533
3.5758674
3.4807150
3.2915461
3.2658000
3.2785201
3.3009615
3.2319949
3.2379494
3.2331982
3.2010527
3.2229555
3.2618537
3.1914823
3.2546303
3.3201571
3.2239685
3.2317986
3.2386684
3.2562733
3.3481576
3.2165325
3.2304494
3.1918712
3.2540441
3.2288818
3.2278943
3.2167170
3.2211673
3.2122228
3.4037826
3.2511792
3.2029176
3.2210877
3.3189240
3.1569626
3.2831829
3.6131563
3.4633439
3.1785421
3.1368299
3.1199582
3.1152842
3.2110713
3.1899266
3.1981592
3.1849387
3.5907981
3.2915812
3.1554646
3.1697993
3.3278716
3.3485491
3.1686101
3.1436779
3.1317761
3.0568085
3.1142588
3.0762393
3.1215742
3.0945892
3.1933143
3.1034584
3.1976731
2.9608145
2.7358675
2.9198029
2.9161654
2.8360946
3.2253933
2.9089160
2.9770670
3.4512315
3.3887942
3.1005757
3.6084168
4.9498534
4.5855722
3.5385633
7.7234793
11.1149693
7.3938789
9.3673439
12.9317169
3.3535450
4.0239964
3.2015440
3.1399879
3.3814526
3.3080828
3.2558084
3.5327780
3.2710769
3.1009173
3.2376175
3.5295579
3.8284981
3.5048935
3.8370337
3.5162175
3.0531518
3.2834835
3.0988104
3.1616759
3.3263922
3.0374227
3.1751790
3.2393439
3.7978721
3.2415421
3.1187539
3.2278099
3.4902849
3.1237712
3.0419214
2.9774373
3.0782578
3.1098011
3.0558124
3.2631619
3.2273364
3.2417555
3.7411761
3.7508366
3.4132814
3.2108569
3.4449058
3.0438087
3.0760262
3.7271693
3.1133308
3.2177963
3.1507161
3.1888545
3.0539801
3.0749745
3.1624775
3.0461831
3.0599861
3.1333137
3.0452969
3.0171294
3.1402769
2.9809678
3.2401071
2.9118826
2.8511617
4.3015637
3.2852178
3.3282225
3.1293840
4.7197542
2.8466496
3.0781384
2.9565463
2.8756528
2.9125714
2.8490689
3.5936313
3.3467145
2.9675107
3.4944193
3.5951285
2.8852897
2.9536040
2.8757467
3.1037710
2.9660401
2.8793013
3.0045142
3.6464703
2.9017928
4.7244372
3.2705038
3.6619961
4.3134365
3.3382101
3.6366642
3.9459479
4.7678404
4.6714411
3.2940619
2.9295812
2.9011838
3.3075659
3.2296343
2.9370995
3.5687709
3.1330392
3.9288108
2.9784768
3.1128795
3.2448833
2.8874512
3.0212448
3.0517540
2.8862822
3.0323460
3.1568351
2.8935483
2.9010069
6.4404378
3.0025771
3.8787405
3.2791114
2.9057522
2.6149366
4.0252676
3.0836630
4.5069551
2.8036387
3.4214807
4.5647287
4.1367979
2.6789367
3.4314775
3.0927751
4.0499663
7.8329206
4.5383830
7.3471632
2.6508806
5.3764677
7.8142629
3.0721946
4.0628443
3.3474262
6.8013825
4.0379753
4.1004992
3.0440269
3.0425053
2.6569345
2.5879204
2.8124440
2.7981493
2.6638012
2.7878082
2.6543465
2.6244433
3.0501044
2.8283832
3.3765140
3.1689601
2.8405604
2.6684318
2.6910872
3.3687656
2.6969173
2.6371746
2.8185563
2.8384118
2.7186246
2.6570282
2.8418770
2.6094484
4.5473413
2.6965833
2.6760960
2.6741660
2.6825180
2.6892099
2.9967821
2.6014075
2.6674547
2.6656454
3.3071432
2.7682519
3.3472795
2.7801538
4.1043930
2.6552148
3.3461590
3.2923369
2.6724169
2.8093445
2.6130285
2.6651223
2.8015945
3.0363572
2.6067803
3.0180130
3.6505210
2.6386664
3.6622877
4.0599260
2.6441150
2.6729891
3.3237550
2.6426644
2.6350667
2.6286829
2.6421945
2.8216133
3.4006636
4.0249453
2.8162777
2.6323805
3.4462514
2.7390449
2.7405667
2.8771214
2.7518556
4.0424476
3.3163822
2.8499913
5.3386817
2.8310661
2.6994250
2.6667800
5.3043928
4.0061483
4.8102913
5.7343888
6.2049875
3.3480761
3.0604212
3.0220587
3.3222816
3.6557534
5.3190618
2.8126302
3.0517454
3.0453024
3.3499875
4.4573078
3.3251207
2.6389098
2.6587040
3.0569592
2.6581199
4.1123118
3.6972194
4.0821261
4.4614124
2.7101808
3.0766735
4.5035334
2.7422454
4.4842510
2.6879425
2.7191324
2.7295418
2.8874323
2.7168627
2.6752906
2.8517396
2.7313058
2.7229557
3.1247091
3.3637278
2.7877021
3.1303830
3.0809875
3.7050552
2.7574193
3.2326870
3.3843069
2.8071330
2.7442760
3.4014075
2.9001870
3.3933790
3.1256924
2.7904778
2.8552253
3.3912394
3.7191474
2.8572981
2.7514782
2.8487875
3.5983181
2.7946956
3.9011605
2.9333210
2.9310720
5.6690941
2.9546883
2.8629754
4.0268626
2.9111440
2.9632096
2.8403213
2.8369284
4.4957414
3.7336593
4.0981841
4.5033231
3.1885779
3.7720907
4.4973974
2.9315488
4.1087170
3.0055742
4.1247396
3.7645440
3.2299430
3.7797546
3.2104692
3.0435297
3.7752712
2.9639471
4.5307398
3.8091633
3.0067763
3.4937956
3.7816296
3.2857237
4.1635985
3.7773941
3.2944729
3.1601424
4.2494316
3.0078976
3.7693992
2.9901705
4.2386656
3.1526041
3.0199604
3.1245701
3.0940015
2.9488978
3.5332694
2.9929180
3.1114702
3.8321865
3.8431602
3.1279306
3.1842747
3.1150155
3.0386131
3.4073567
3.3003767
5.1642413
4.5444407
3.5972757
3.1840842
3.3852642
5.3771963
3.1907907
3.9089382
3.1125295
3.1043384
3.8706601
3.1345906
3.8235466
3.3874497
3.2606297
3.2540638
3.1537650
4.2993774
3.9150441
4.6523190
3.3785098
3.2152877
3.3649976
3.1556289
3.3161554
4.5794287
3.1928515
3.9291127
3.6715896
4.6279168
4.1975536
4.2043486
3.4476595
4.4982376
3.8619912
5.3121948
3.6424768
4.6250663
3.3788819
5.7867208
5.0407481
4.9407010
5.0131793
4.3092747
3.4483361
4.9841008
3.8672631
3.7067854
5.0274653
3.5366170
3.6242349
5.0225267
3.6476243
3.9736714
3.4803979
3.6522856
5.1053295
3.9941769
3.1957896
3.2971473
5.9627132
3.3940985
3.7232604
3.9431720
6.7314467
4.3541546
3.9674597
3.2893119
3.8557920
4.4843454
3.9249823
4.4325938
5.2157865
4.4618773
5.6910696
4.1580129
3.3443522
4.9265671
3.7763126
4.9261680
5.2376924
4.2769504
3.9612901
3.8738644
4.2161169
4.3575811
4.2322536
4.8864942
4.3152766
8.4022007
6.1621714
6.1880307
3.7894490
4.8251624
3.7533617
3.9570875
3.8465910
6.1974640
3.6252794
4.2892709
4.0373335
4.0321617
3.7018440
3.6932051
3.9148891
3.8354437
3.9696496
3.8926370
4.3139534
3.8989794
4.5087118
3.7725747
3.9953198
3.7917309
3.9244525
4.5537353
3.8146741
3.9907336
3.8548470
3.8938854
4.8455133
4.0446100
4.3050466
3.7325838
4.8426552
3.8984823
5.9420142
8.5606499
8.5703573
3.8943977
3.9655156
4.4774580
4.8386941
3.8919749
4.3030286
4.6999745
7.2043891
5.1411190
5.0494409
4.3882289
4.2230334
4.3381190
4.0005569
4.9792061
4.3889222
4.3042269
4.1426544
4.1300240
4.0603390
4.1449604
4.2595105
4.9186902
3.8277707
4.1339617
4.4838820
4.1540890
4.2053266
4.6486173
4.3266912
5.1865454
5.2415438
5.2831101
4.9968638
5.2082143
5.1622958
4.3707886
4.1667132
5.9125252
4.3338199
5.6488333
4.1229162
4.3382559
5.2661171
5.5618358
4.4174337
4.8702679
4.6140947
6.0105724
3.7031476
5.9752793
5.2330956
5.5613704
4.8374305
6.3315945
4.3167348
3.8389394
4.2887278
3.9548743
4.5513487
5.2192311
4.2619896
4.2320681
4.6910324
5.3349624
4.5859847
4.2147193
4.6142006
4.6127286
5.2352390
5.2891254
5.5853100
5.6279082
5.5503850
4.5760093
6.0038710
3.8298793
4.6574912
4.2730784
4.5780282
5.5854259
4.8862777
4.3969727
4.5572758
4.5553942
4.4609146
5.1351986
5.1666117
3.9315886
6.2856364
4.4443393
4.1828666
4.7887421
3.7489579
9.5042734
4.1074300
4.4189143
3.9926510
4.1157846
3.8672922
4.7095599
3.8764930
3.9867973
3.6436160
3.6133304
4.1158862
3.8788123
5.0901561
4.7001281
4.1568327
3.5656624
3.5442095
3.5329721
5.4720721
4.1132169
4.1244745
3.6392186
3.7959652
3.5187998
5.8265295
5.0444269
5.4167728
3.9852026
3.7274439
5.4117560
5.3913960
3.9948032
4.3007030
3.7031338
4.9894013
3.4044232
3.5069268
4.5934830
3.6883798
3.3482208
6.6765547
3.5482261
4.5620451
3.6900501
4.2724710
4.5869188
4.5928674
5.3822947
4.6295290
4.9848528
3.3232024
4.9813428
6.6702065
3.8819885
3.9252527
5.7929811
4.5939264
4.2577400
4.9712772
5.3664222
6.6730394
5.7885461
5.3490911
5.3528776
4.9453163
5.7748356
3.6341841
4.1400824
4.9024515
8.4997396
4.8735294
4.9034457
4.1473808
4.8995881
3.2887187
5.7185512
6.1608524
5.7200575
7.0885949
6.6130672
5.7168250
5.7073317
5.7045631
6.6084757
4.8531079
6.1586342
8.5166416
5.7149034
5.7043462
4.8544989
9.0064135
4.4538774
4.4754286
5.7135029
4.8665538
5.3239694
4.8825798
4.9206710
4.8749976
5.3176732
7.5278864
8.4838858
6.1526995
7.0698786
7.5325136
4.9433751
4.5270872
6.6414623
5.3486791
8.0004168
3.8868039
4.5133219
5.3105965
4.2023315
5.7241001
4.1514964
4.2529144
4.5514755
3.6467903
3.5810511
4.2019777
4.2401991
3.6431944
3.3813570
4.1487350
5.7424603
3.2437360
4.1966019
3.3841741
3.8363869
4.5126500
3.3978374
4.1605601
3.5971634
3.8185377
4.1473050
3.3651242
3.3532171
3.5525918
3.8536561
3.1526973
4.1466589
3.2951808
3.5697312
3.1433325
3.3395221
3.5459478
3.0366640
3.5465465
3.3438578
3.3005016
4.0987139
3.3336837
3.1482298
3.5514884
4.1270862
3.3098962
3.7495880
3.7932901
3.4953425
3.2637856
3.4963539
3.7668412
3.2970216
3.2597647
3.7947865
3.5277636
3.7828093
3.4835041
4.0963292
3.7978115
4.1120863
3.3448429
4.4716115
3.8055844
4.1350236
3.5497942
3.8165271
4.1057529
3.3641732
3.8374708
4.4444156
3.8761859
4.1430397
3.8421626
3.5440173
4.1645746
4.8654375
4.4993820
4.1650877
3.8358510
4.1934810
4.5041466
5.2856989
4.8707495
3.6210921
4.1926813
4.1807666
4.1587019
3.6921213
3.8604264
4.5791464
3.8754559
3.5194216
4.2061801
3.5147610
3.8561983
4.1933031
3.8147256
3.5847135
3.9211450
3.9031498
4.1450067
3.9214232
3.9201016
3.5086911
3.8740947
3.8424561
3.8912666
4.2223687
3.9232459
3.6775730
4.9199343
3.9448097
4.1898041
3.9631777
4.5898666
4.6183963
4.2603884
4.0051537
3.8649347
4.2445502
4.1428652
4.3581066
4.9546485
4.9800601
4.5863590
4.3872728
5.7514343
4.9664831
4.6291304
4.6119423
4.3080983
4.6885242
4.5831995
4.5730524
4.9872632
4.6715150
4.1351418
4.6003885
5.3766532
4.6186895
4.5972972
4.2925792
4.6396685
4.9408808
4.9469476
4.5914035
4.9472895
4.2718282
4.9142308
4.9092765
4.2132573
4.9059763
4.5868402
4.9611607
4.5225043
4.9213138
4.5859799
4.2262559
4.3147306
4.2106690
4.2809453
4.2176166
4.5854607
4.5915365
4.5328612
4.6129560
4.8981833
4.2192602
4.0215096
4.9116340
4.5030394
4.1513000
4.5085559
4.5845771
4.5007234
2.5800087
2.1990421
1.7335197
2.1772139
1.8623000
1.8227764
2.1948919
1.7750283
1.8508310
2.1796517
1.7088550
2.0501623
2.0290084
1.8032786
2.2152300
2.0047388
2.0648329
2.1033070
1.8401964
2.1149957
2.0327127
1.6070800
1.8724355
1.9298985
1.4790800
1.7898258
1.9375370
1.6052339
1.6131779
2.3243256
1.9622551
1.5426522
1.4250526
1.8874362
1.5263916
1.6115626
1.5758879
1.7200422
2.1105673
1.3588583
1.8568805
1.8143851
1.8304899
2.0588500
1.6815925
1.6704146
2.0826392
2.0550721
2.4357607
1.7186685
2.0685472
1.7089959
2.0357747
1.8715101
2.0206637
1.7389892
2.4213827
1.8856012
1.7271497
2.0156167
1.7067399
2.0867038
2.5410438
2.5066159
2.2014635
2.2225909
2.0773118
1.8484966
2.0385036
1.9101281
2.0902784
1.8936744
1.9042048
2.2046387
1.9254297
2.1037295
2.1532309
1.8399090
2.0942025
1.9814769
2.0324965
2.0657735
1.9098381
1.7369205
2.1493399
1.8043325
1.8158263
1.8604516
2.0348444
1.8901380
2.3013144
1.8831757
2.3366568
2.8930173
2.3814526
2.8491862
2.6675663
2.8452730
2.7050509
2.3682387
2.2912474
1.9110007
1.9036777
1.8994808
1.9612299
2.1510780
1.5433629
2.0415041
1.5442299
1.6514632
1.7651490
1.8638721
2.0301414
1.9285997
1.7290002
1.8278141
1.8248981
1.7976449
1.7637690
1.9571738
2.8765666
2.3961112
2.8757584
2.2938542
2.2874298
2.0733764
1.9683204
1.9230187
1.8689885
1.7467681
2.1267993
1.9049574
2.8040230
2.0875404
2.8159883
2.7492254
2.4015760
2.4406378
2.0726640
2.0750496
2.1031570
2.4164438
2.7950211
3.2141066
2.4054141
2.1247778
3.2581735
2.0587320
1.6465362
1.6439980
1.5159987
1.5977335
1.9867928
2.7772110
1.5986578
2.3698778
2.3477862
2.3308620
2.3132300
3.1761498
2.0881965
3.2943647
2.8833425
3.2988584
3.7497957
3.2899148
3.2813258
3.7472315
3.7434134
4.6992049
3.2849550
2.8612473
2.4337115
3.2792833
2.8298445
1.7521814
1.6707087
1.9164225
1.9058903
1.7794722
1.9437822
2.1323831
2.1257930
2.0757127
2.2676082
2.1650736
2.4713986
2.4035053
2.4556565
2.3344765
4.6868052
2.9523058
1.9820106
2.8579936
2.2186797
2.3300750
2.2630823
2.2351022
2.2625036
2.2348156
2.1973319
1.8935225
1.9709388
1.9328724
1.9386053
1.6540992
1.9381303
2.3079574
1.9411352
2.0229261
2.0678391
1.9371213
1.9198954
2.1498637
1.9835404
1.7499729
2.6406782
2.2214577
2.2216828
2.4308839
1.9620630
2.2557764
1.9970319
2.1113584
2.6835415
2.4917586
2.5934632
2.1975667
2.8376799
3.2415953
2.9164603
3.7139461
3.3119481
3.7457674
3.7091572
2.7861333
2.7936749
2.8198073
2.8867621
3.3273282
3.3211684
3.7549360
3.7996390
3.7000425
3.7715964
3.3477693
3.3503675
3.9052308
3.2732987
3.7294395
3.8682377
3.2502108
3.3888426
3.3533142
2.9388859
3.3724973
3.7207036
3.3080111
3.3222106
3.7472756
2.8991199
2.9402432
4.2011466
3.3788750
3.0157993
4.1995697
3.7410541
3.2958176
3.7370622
3.7383292
3.3469660
3.2755327
3.7746122
3.2660801
2.9180300
3.3356819
3.0481722
3.2782848
3.3696663
3.7463951
2.8730586
2.8754611
3.2521191
2.8101184
2.9066119
2.8174202
2.7933967
2.5487845
2.8284750
2.8894820
2.4666395
2.6196969
2.8185551
2.8088987
2.3860834
2.6008143
2.6054525
2.8228831
3.1028023
2.6553884
2.4606705
2.7878993
2.4107962
2.4562743
2.8419096
2.6147602
2.6745498
3.0357850
3.4193087
3.5316157
3.2442350
3.0068991
3.1018939
3.1571457
2.8271923
3.0013928
2.5098872
2.5133920
2.7973816
2.4778330
2.4764333
2.2301204
2.2814109
2.0146229
2.7051268
2.3566031
2.3933079
2.6275616
1.9814854
2.7123256
2.5534923
2.5187325
2.2063737
2.9297938
2.6480148
2.7609215
2.4070644
2.4312155
2.4427223
2.8278530
2.0986545
2.2064037
2.4804196
2.6799839
2.0312178
2.4595671
1.9801463
2.4814348
2.2877192
2.1815610
2.6769459
2.7691290
2.8035076
2.4966614
2.9452763
2.6274924
3.1516159
2.6382208
2.6109936
2.8994992
3.0923522
2.6640911
3.1886873
2.8539464
2.8226039
3.1849413
3.0644367
3.0683320
2.9673090
2.7367306
3.1987405
2.9368486
3.1750832
2.4655817
2.6885743
2.4861827
2.5347893
2.4537053
2.6397247
2.5793612
2.9981909
3.0423679
2.5615871
2.9395387
2.4477036
2.4866769
3.0061369
2.5331066
2.6084867
2.4680829
2.2315412
2.5734365
2.4864998
2.5635891
2.4734101
2.5057895
2.1047587
2.5466049
2.5052953
2.0760965
2.0736563
2.0868306
2.1095035
2.0966821
2.5399764
2.1092596
2.1120603
2.5034430
2.5645299
2.6558664
2.1211762
2.4920862
2.5988533
2.5388112
2.1443963
3.0367162
2.5524631
2.6028101
2.5540195
2.1301050
2.5336752
2.1168635
2.1273456
2.4951744
2.5002863
2.5456774
2.1356239
2.5426862
2.1492870
2.1872251
2.1243951
1.8448404
2.1986039
1.9428617
1.8365899
1.9086562
2.1106441
1.7884095
2.1020150
1.7881573
1.9710848
1.9286330
1.7560457
1.8921400
1.7299201
1.6507562
1.7593846
1.7479470
1.6545892
1.8375258
1.7700217
1.9734985
1.6372178
1.6823907
1.6574365
1.6984229
1.8959579
1.9307919
1.6945112
2.1949661
1.7609478
2.5307167
2.1486466
1.9651757
1.8486828
2.1889286
2.1927607
1.8953410
1.9800444
1.9229851
2.1626732
1.7886004
1.8659950
1.7936101
1.8752346
2.1976318
1.7675604
2.5502205
2.1890230
1.8784176
1.8211875
2.5729609
2.5650258
2.2116570
2.2106328
1.9470696
2.2270572
1.7964348
1.9942493
1.8589582
1.9666637
1.8131902
1.9348687
2.2102139
2.2231922
2.5701294
1.9640214
2.2421372
2.2299016
1.7586439
1.8376544
2.1978633
1.9244601
1.7544636
1.9448085
2.1994910
1.8943974
1.8025914
2.2006676
1.9610556
2.2240770
2.9930897
2.2047668
2.5660360
2.5749855
2.2149508
2.5703239
1.9664183
2.5996854
2.2394712
2.9751084
2.5944674
2.3300507
2.2434807
2.5999796
3.0020967
2.5940750
2.2642212
2.2878039
2.2791359
2.6280520
2.6288536
2.6429927
3.0338955
2.6152112
2.6240973
2.6508694
2.2620649
3.0094478
2.3258715
2.6650894
2.6026316
2.9780679
2.9845281
2.9841723
2.6009319
2.6073437
2.5877678
2.6309063
2.9716990
2.2337382
2.6186130
2.5646124
2.5814588
2.2301342
2.5909123
2.1860390
2.6284044
2.1908071
2.5778337
2.5561059
2.4592855
2.4477124
2.4460971
2.0751977
2.4649086
2.4556165
2.4463224
2.1361992
2.4942706
2.4530339
2.1963656
2.4831827
2.4870367
2.4550543
2.5004411
2.4846997
2.1163237
2.1396701
2.1066668
2.4701178
2.4054019
2.7448225
2.7125983
2.4254093
2.4257932
2.4717748
2.8070269
2.7736669
2.7633417
2.4200065
2.3877406
2.4461346
2.7762988
2.3774481
2.7223279
2.3690524
2.3448284
2.7269416
2.0348492
3.1223249
2.3071454
2.2835793
2.2980053
2.3418729
2.3056998
2.2684767
2.2850468
2.2741365
2.7316260
1.9787171
2.2688425
2.3380120
2.7862320
2.2522142
2.3003478
2.3137624
2.2518704
2.4261110
2.6899397
2.3842540
1.6746528
1.9780636
1.9497263
1.9485202
2.0501974
2.2689390
2.3770316
1.6420144
2.1891446
1.8455061
2.2926655
2.6865156
1.8532283
2.1952660
2.5653634
2.2447765
1.8311573
2.5648255
2.1650505
1.8281156
2.8014572
2.1146572
1.8741186
1.7631165
2.1322596
2.1960781
1.7535610
1.9961812
2.9242027
1.8075854
2.2516675
2.1396270
1.7780750
1.7460583
1.7473589
1.8260353
2.2419806
1.7662394
1.7444842
1.9320105
1.9257822
2.0836265
1.6035177
1.8128548
2.0588949
1.7576700
1.7725408
2.3196387
2.0747705
2.0639350
2.0705872
2.4596086
2.0744946
1.8495234
1.8000354
2.4618535
2.1521473
2.5301569
2.1231487
2.0876706
2.2256632
2.6370788
1.8842155
1.9179670
2.1985905
2.1906056
2.0465684
1.9059093
2.5627499
2.1983137
2.2151439
1.9156744
2.6573653
2.6177335
2.2423990
1.9925460
2.2611539
2.2428946
2.5764408
2.2438593
2.9945579
2.1801984
2.1758735
2.2161045
2.2333527
2.5708420
2.2415032
2.2150335
2.2042835
2.2547734
2.5963147
2.1705916
2.6018972
2.3068497
2.2519741
2.0070319
2.2853241
2.0249236
2.0167298
2.6446190
2.0245061
2.1633663
2.4111998
2.4796073
2.3554425
2.6846418
2.3219144
1.9850967
2.6386430
2.3269980
2.0344861
2.0633390
2.3000140
2.0264585
2.6801708
2.7148440
2.3327751
2.2941155
2.3381093
2.2737467
2.2819901
2.0062842
2.1279166
2.0519049
2.2697663
2.3907306
2.1361945
2.2980380
2.7531259
2.1282175
2.0981030
1.9414462
1.9986634
1.9291438
2.1185045
2.6065083
2.2636502
2.2520206
2.6671526
2.1108408
3.0448382
2.1984694
2.3162427
2.2371166
2.0413404
1.7863417
1.9070709
1.7942390
2.1106489
1.9178513
2.2157447
1.9637263
2.0668881
2.0661983
1.6966745
1.8284250
2.0081773
2.0834913
2.0461061
1.9151708
1.9024836
1.6593603
2.0910468
1.7225199
1.6459795
1.7138528
2.5339012
1.8140666
2.7154994
1.7681266
2.0184653
2.4100616
2.0782835
2.0493541
2.3042715
2.6033473
1.1904969
1.7886521
2.8298302
2.7310715
2.6814389
2.8257484
2.3133874
0.9516041
1.1593413
0.9166523
0.9146903
0.9042401
0.7464414
1.2069771
0.8897325
0.9142644
0.8910764
0.8800226
0.7085800
0.7107171
0.7030095
0.9093301
0.7167792
1.8266809
1.2840717
1.4493186
0.9438155
0.9621289
0.7986285
1.3131868
1.3418828
1.0437876
1.8221290
1.2747182
1.2620856
1.2553669
1.5249202
1.9839284
0.9546330
1.7511690
2.5712528
1.3204362
2.1899245
1.7641971
1.1035254
1.0959637
1.1258152
0.9820154
1.2988918
1.1141257
0.9497760
1.3269273
0.9531963
1.6836861
1.2419682
1.3889786
1.2379858
1.2486874
1.6702361
1.1958760
1.2328842
0.9074398
1.2574116
0.8193077
1.0682991
1.6842226
1.6967957
1.0196941
0.9835992
0.8394319
1.0778838
1.1451483
1.4547577
1.2395359
0.8728842
1.2870206
0.7294579
0.9234998
0.7839296
0.8429378
0.5966157
1.2004749
0.7733325
0.8094804
0.7711148
0.9892058
0.8600512
1.2016028
1.2270865
1.6782966
0.6693595
1.6443833
2.8081481
0.8586306
1.8362715
0.8365993
7.6163082
0.6496428
1.6497040
0.8155142
0.8104811
0.6317613
1.1933154
0.8658449
3.6725481
1.2326301
1.6850736
1.6831031
1.2320023
1.6636735
0.7456945
1.2863916
2.3107924
1.7031044
0.6711674
2.0150917
0.6633968
1.6839981
1.9571483
1.6388389
1.2225585
3.1473701
4.6313477
5.1402044
2.1239924
2.5841012
2.1051264
3.0737000
5.6510797
1.5692203
2.1054025
3.3682673
1.7261729
1.2701666
0.8557907
1.8192397
3.0212095
2.7345157
2.4475794
1.9959124
1.1069056
1.2921075
1.3348570
1.2936361
1.4964534
1.1506820
1.1357419
3.5796862
1.5069847
1.8545896
0.9770433
4.0910034
1.6602250
2.0080349
3.0801630
1.7325031
1.3111005
0.8441708
1.2522060
2.4900410
7.1791267
0.9630926
1.3536454
1.0153247
1.9783250
1.4495804
1.5183288
1.6156336
1.6369643
2.6813872
2.1023626
2.3026049
2.8853593
1.4259986
2.0104027
1.8981252
1.4257628
2.1242814
1.9953691
1.8776513
3.1772730
1.5551429
1.9309580
1.6320212
2.0130060
1.7246528
1.7531397
1.7627263
2.5486200
2.8220549
1.8278885
2.3291571
2.2962172
1.8498191
3.3840892
2.4873269
3.1668363
4.6732974
4.9489245
2.1660545
3.7585583
5.1494293
4.2032623
3.4749303
8.5017672
6.7629666
18.2093296
2.1408107
3.2196407
1.7929412
2.5979199
2.9530733
2.0803978
1.6757247
2.4012744
2.6093252
2.1396370
1.9042193
1.7015654
11.0469112
1.7024281
2.4184601
2.0953987
3.3216445
8.5582972
3.3308976
4.6669555
4.6463938
5.5616221
2.9153166
13.5908957
2.2605445
5.5329928
5.3343368
4.1991434
5.4655733
5.4168978
5.5215988
3.6392057
2.9117205
3.0250435
3.5024259
4.6652594
5.2824025
2.5681169
7.1863322
3.7744124
2.2745783
2.2096810
4.1948538
3.0791941
1.8001282
2.5696967
1.9370078
2.2168586
2.2257800
2.2266665
2.2233849
2.2376175
2.2811804
2.2267430
2.2510056
2.2485948
2.2608232
2.2860358
3.4444215
2.6129904
2.9825275
2.5931985
2.9906044
3.0008986
2.5950019
2.5929706
2.2698882
3.0063608
2.6663892
3.0031300
2.5901937
2.6003735
2.5923207
2.5764537
2.5644088
2.5698476
2.5867891
2.1886795
2.5568433
2.1903133
2.1714592
2.9499681
2.9389360
2.5309596
2.5174966
2.9351327
2.5032041
2.5104008
2.4862185
2.5097857
2.4941630
2.4990664
2.4979160
2.1761494
2.5590742
2.4000447
2.2070100
2.3968263
2.3768194
2.0293794
2.0803337
1.9737989
2.4506228
2.3658631
2.3950436
2.3592417
2.3301387
2.8449049
2.2983360
2.7976451
2.8942337
2.7530949
2.3820152
2.2481184
2.2436109
2.0729024
2.2025433
2.0366392
1.9394143
2.3253334
1.6924092
1.7322772
2.1634688
1.8599496
2.1290300
2.0245683
1.9277755
1.5029284
1.3137002
1.8217312
1.7387893
1.7354068
1.7465634
1.0841324
1.2622833
1.3816446
1.8392718
1.4947876
0.9427708
1.3998566
1.1370660
1.3950667
1.2823089
1.6919540
0.9225729
1.2745349
1.3037680
0.9752266
1.2970735
1.2502096
0.8975733
1.2502109
1.2866435
1.2403616
1.6652329
1.1123531
1.2587870
1.3797349
1.8226237
1.8152339
2.2610831
1.8930805
2.3057961
2.4232004
2.2431715
2.4452567
2.3760390
2.2664473
3.1904750
2.0273542
2.1861136
2.3943083
3.1640089
2.2197993
2.2630312
2.3137600
2.7196584
3.2591593
1.9937550
1.9551353
2.3571873
1.9258226
2.3272154
2.3324757
2.3888664
1.9128978
2.4626503
2.3324368
2.3349884
1.9258647
1.9107805
2.3414650
2.0548134
1.9205546
1.9150492
1.7726022
1.9145576
1.9234011
1.7149570
1.9350969
1.9560415
2.1253672
1.6199645
1.5941504
1.6970167
1.6448166
1.7024618
1.8383085
1.8676170
2.0562944
1.9543923
2.0217075
1.6431035
1.9571153
1.9654989
1.9639493
2.4715173
1.9803556
1.9085790
1.3857145
1.5966890
1.6055554
1.6143388
2.5797744
1.9165180
1.9838351
2.2002590
1.9776558
1.9444776
2.3511927
1.6437497
2.5647626
1.9546438
1.9463384
1.6185834
2.0507760
1.6002374
1.6099786
2.4724956
1.6014609
2.2046928
1.9868295
2.0724220
1.5929451
1.9567567
1.9243102
1.7414588
1.8755363
2.0545945
2.3055360
1.8170636
1.5766724
2.0818455
1.5359535
1.6513054
2.2270017
1.8589389
1.6734453
1.7123629
1.4041314
1.4278632
1.7262895
1.4093937
2.3134556
1.4317775
1.6423254
1.5987198
1.6544062
2.1323836
1.4156761
2.3333685
1.5658568
1.5249267
1.4451836
1.5982729
1.7345930
1.9293561
1.7803924
3.0710497
2.4404471
2.4949026
2.3904784
1.7074498
2.5056481
1.6053987
1.6036781
1.7742200
1.6540943
1.8513101
1.6232744
2.8936925
2.9083745
2.3182087
2.3716273
1.5592377
1.7537404
2.0924675
2.1432338
1.5614650
1.6329366
1.6471540
1.3598583
1.6652304
1.7217593
1.8850580
1.9764411
1.6298152
1.8328940
2.7989581
2.2204361
1.4021597
1.5469147
1.7248763
1.6398220
1.8556337
1.6425176
1.8968552
1.7186399
1.4270012
1.8590738
1.6692992
1.8318510
2.0338650
1.4450852
1.7176108
1.6786258
1.7046293
1.6976484
1.4581201
1.5989896
1.7806053
1.7923567
1.6644951
1.5914584
1.8784531
1.9444263
1.9177305
1.6280663
1.7179561
1.8192145
2.4276297
2.2944472
2.5211124
2.5218084
3.1123986
2.8914697
1.8203837
3.3151104
2.1610601
2.7717624
1.7719481
2.3786967
2.3514042
2.8623192
1.7892048
1.6057054
2.3565180
2.4831529
1.8222429
1.8958775
1.8567758
2.7422028
3.7195814
2.8290558
2.4207983
1.8526373
2.9658184
1.8326807
2.6457446
2.2232487
1.5908568
1.8233309
1.9813848
2.4329841
1.9249861
2.3913221
3.9470117
1.9300432
2.2911115
1.9619139
3.2960982
3.5120192
1.7070211
2.2594883
3.2754042
2.9713850
2.7436266
3.3817706
1.9907801
2.7999687
3.4926171
2.8381100
3.5496264
2.5114169
2.9426322
4.6736498
2.5310175
2.9553924
3.7666633
1.8955134
1.9022341
2.3286746
2.2757204
2.1065550
1.8954191
2.4128330
1.9404522
2.3564825
1.9829593
1.9195821
2.0430901
2.2582583
2.1349261
2.1177063
2.0435519
1.9953997
1.9703559
1.9890380
2.6696105
2.1981914
2.1902196
2.4127924
2.2257166
2.2523615
2.7014670
2.3717384
2.2459278
2.7885408
2.3925624
2.2171633
2.6750901
2.1872644
2.6122506
2.5240011
2.2990122
2.2614052
2.2654586
2.2938571
2.6511114
2.3292325
2.3470280
2.2937088
2.4677205
2.3314807
2.3303583
2.3854980
2.4828954
2.5143905
2.3559434
2.3454616
2.8999979
2.7187495
3.1453876
2.3529732
2.4156721
3.2940266
2.6803315
2.8620124
2.5301533
2.5726573
2.4908419
2.5858011
2.6133232
2.6458240
2.9615288
2.4524848
2.6231618
3.2266688
2.9322481
2.8754246
2.6839545
3.3152852
2.6513124
2.6598046
2.5059114
2.5579677
3.1169918
2.9936693
2.6814890
2.5411544
2.7110162
3.3576095
3.3043871
2.7597737
2.7899187
2.7108512
2.7189012
2.7837226
3.0018969
3.1257434
3.0790377
3.0286391
2.8398480
3.2337081
2.8549299
3.0986400
2.7944250
3.0350995
2.8529677
3.5739586
3.3141034
3.1522124
2.6788919
2.7453983
2.7076781
2.8676012
2.6938910
2.8768294
2.8538649
3.0611601
2.9151363
2.7346416
2.8059289
2.7969527
3.1122298
2.9833152
2.7228208
2.7560446
2.9948845
2.9676385
2.8787372
2.7346928
2.7285767
2.8055105
2.9788013
2.8082330
2.8387742
2.8318615
2.8112020
2.8075020
2.7752557
2.7916396
2.8009608
2.8058019
3.1667809
2.8058503
2.7558892
2.7637405
2.8545766
2.8227382
2.9230587
2.9018233
2.9218152
2.8818090
2.8246918
2.8829861
2.9151461
2.9263468
2.9072101
3.1716805
2.8972003
2.8951998
3.1820495
3.0661879
2.9489319
3.0356584
3.1164165
3.0082979
3.0604284
2.8616903
2.9903541
3.4452560
3.3593447
3.2936940
3.2678330
3.3979714
2.9593523
3.2811954
3.1338024
3.0495653
3.0351171
3.2571547
2.9524105
3.4176815
3.0555255
3.0810182
3.0529854
3.3262041
2.9971287
3.0226953
3.1879616
3.1728339
3.4005492
3.3330054
2.9709563
3.0272567
3.1540666
3.3814633
3.4686313
3.0788538
3.2511125
2.9762673
3.4379954
3.0861914
3.0353043
3.0273342
3.5440845
3.0108755
3.0909526
3.2572687
3.0478685
3.0654554
3.0646434
3.3103993
3.0445223
3.0590787
3.2192547
3.1567273
3.3777578
3.0741329
3.2245414
3.0684090
3.3262854
3.0565658
3.5928404
3.3315465
3.0832915
3.1701846
3.0772414
3.1088009
3.1035743
3.1068466
3.5629008
3.5317173
3.5991316
3.2912157
3.5034671
3.1863387
3.5074689
3.5647085
4.5041466
3.7703049
3.7003999
3.9647679
3.6028433
3.3964453
3.4248698
4.1589684
3.8551464
3.8020952
3.6677599
3.5126481
3.6632624
3.3007226
3.2670748
3.4679582
3.6081469
3.5187857
3.4583187
3.2145629
3.7026100
3.6997042
3.6682780
3.3100784
3.5462956
3.8122363
3.6041121
3.4029534
3.3683918
3.3856471
3.5589495
3.8085630
3.4957335
3.7184010
3.5257168
3.8426857
3.7215416
3.7579010
3.6117110
4.1181912
3.6873000
3.5781446
3.7013061
3.7548454
3.7234519
3.7554374
3.8204820
3.9206836
3.7397895
4.3863611
3.8667748
3.7265966
3.9719379
4.0055070
3.6619239
3.6736109
3.8987744
3.7529016
4.0520339
3.7244933
4.0248504
3.5864272
3.7184620
3.9075894
3.5402770
3.4901776
4.0176768
3.7806950
3.5780008
4.0407434
3.9673796
4.0361080
3.9668779
4.0411086
3.8014550
4.1453977
3.9624345
3.6913879
4.5316753
3.6746931
4.1058693
4.2284775
3.6120815
3.7715333
3.6495433
3.8229122
3.6436872
4.0422163
3.4807186
3.8118625
3.9158199
3.9888384
3.5005813
3.7656524
3.3381689
3.6424592
3.4535897
3.3967769
3.5833974
3.3999443
3.5497150
3.4680731
3.5768144
3.3938231
3.4700263
3.3978691
3.4937305
3.5358698
3.7226355
3.4387927
3.4279068
3.4916124
3.4923797
3.5147631
3.4257116
3.4582109
3.4840035
3.4340720
3.2963152
3.4219613
3.4036353
3.3618562
3.3112891
3.4108677
3.3675876
3.3533351
3.3679209
3.3334367
3.4892566
3.4455996
3.7026217
3.5491662
3.5266433
3.5204854
3.5131783
3.6986079
3.4037628
3.5068829
3.4958003
3.6594896
3.5048273
3.4896255
3.4855988
3.4939315
3.3598728
3.3549380
3.4657259
3.4856219
3.4610789
3.6085231
3.4624124
3.3880146
3.5630620
3.3939013
3.6454704
3.3437862
3.4124305
3.3713317
3.5834165
3.3296905
3.2822685
3.3066528
3.3580813
3.2936993
3.2481668
3.3475530
3.7432437
3.5029337
3.2381530
3.1629772
3.1829491
3.2059233
3.0770514
3.0687444
3.0842705
3.0806117
3.0315623
3.0688498
3.0687528
3.0060117
3.0270157
3.0180113
3.0621331
3.0190127
3.0032094
3.0232413
3.0237856
2.9676147
2.9698861
2.9842212
3.0435398
2.9416809
3.0807042
3.0754602
2.9554963
2.9087923
2.9426861
2.9167120
2.9228518
2.9025447
3.0086884
2.8866673
2.8496151
2.9406352
2.8461049
2.8159258
2.7871161
2.7708731
2.6788721
2.8069799
9.5696573
2.7584817
3.0118628
7.5357633
14.8845596
6.8471718
6.5686378
5.6542215
7.5300450
4.3586931
4.1913939
1.6346362
5.9548006
6.2553892
2.3450017
4.7635169
7.2183414
2.3262556
4.2650504
1.2919322
1.6441532
5.3005810
1.3004410
1.2689124
1.5660317
3.8043337
4.2846036
3.8772926
1.8758143
1.1639463
1.5142525
1.2035128
1.9911091
1.2610728
1.2587144
3.3717668
4.3215485
2.9172759
2.1194208
4.4416766
3.9300032
1.6203754
1.6591337
1.3358423
2.2257085
1.5103921
1.8785423
1.5631555
1.7212535
1.9296182
1.8933189
3.2089918
2.3015757
2.3551829
2.7798581
1.7269769
1.4957213
1.6461771
1.5307580
3.6714854
3.2312441
1.8873820
1.5384650
3.6786208
1.4702523
1.4982198
3.1972380
1.9264268
3.1946166
2.0281174
2.2438166
1.9448442
1.9649428
1.4026736
1.9439826
2.2440498
2.4465959
1.6450876
3.1984565
1.4887661
1.7645974
2.9326429
2.9097745
1.7743188
1.5045991
1.2552162
2.9364326
1.2894866
1.5448854
2.2973220
1.7585163
1.2379160
1.6145451
1.3663232
1.3267291
1.2137024
1.6519823
1.4277409
1.2774543
1.9735833
3.0033643
1.8267018
1.5360831
1.5331627
3.0059483
1.6451813
1.3295429
1.3640550
1.4044523
1.7617182
2.0887973
2.1102667
1.7320695
2.6019378
1.4551814
1.4439861
1.7900689
3.5009682
1.4574121
1.8260822
1.5861753
1.3082460
1.3458643
1.4860615
1.2775149
1.3644319
1.9775528
1.3778867
1.8623455
2.2859232
1.2576525
1.1138225
2.7260947
1.1154834
1.1660255
1.2516983
1.2148521
2.2940364
1.8540459
1.5348626
1.4040093
1.8463844
2.7069492
1.8405707
1.8556733
2.0216641
1.3154523
1.8647847
1.5684572
1.3113028
2.2798002
1.2384181
2.7297649
1.1757358
1.9905493
2.2694244
2.3581202
1.6038980
1.8278375
2.7030864
1.1308070
2.2141922
1.1241652
1.7859585
1.0776920
1.7957580
1.0815502
1.3775319
1.7696563
1.7715936
1.0646480
1.0642295
1.8140744
0.9358978
2.7234414
1.7978864
1.0691658
1.7966262
3.1495893
1.0345299
1.3757005
1.0967532
1.0439514
1.1682429
1.4077431
1.0359340
1.7520894
1.0010171
1.3645512
1.7448187
0.9925451
0.9968274
0.8384488
0.8447487
1.7189803
2.1759422
1.2941619
1.3190687
2.6403396
1.6499401
0.7293143
1.2261050
0.8358603
1.6717368
1.3160471
0.8416345
14.6256237
9.0543146
3.0781972
2.1230450
1.2585605
1.4689552
2.3414471
1.6048851
4.6625161
1.7748467
3.6659007
6.6855145
1.8514570
2.3282311
3.6843674
2.3067622
2.7882020
2.7592442
4.1717749
2.7712207
2.3204224
3.7182536
3.2138760
3.7026286
1.2790715
1.9284692
1.8847736
1.9087631
1.1282381
1.5763235
1.2506627
1.2384609
1.2458479
2.2853491
1.8650407
2.7345614
1.4933710
1.5027858
1.4802250
1.9041182
2.2974381
1.0957078
1.1109307
1.2018019
1.2181894
1.5155035
1.2420658
1.1341211
1.8939062
1.4910868
1.1974866
1.1574121
3.6752577
2.3025291
1.1269252
2.3080997
1.8917013
2.7601919
5.6256843
1.1512035
1.2659160
1.5885526
1.5483226
1.3133825
1.6123312
1.2514528
1.2692810
1.5398469
1.2850169
1.5708272
1.2939248
1.2989112
1.3409868
1.5589060
1.9210143
1.9267311
1.3159260
1.5574900
1.5884396
1.2202132
1.2313392
1.9358267
1.9707022
1.2649183
1.6197522
1.2243207
2.3311274
1.3486072
1.2001462
1.3359528
2.3593299
1.9621851
1.9416599
1.5519170
1.9031868
1.1231240
1.1834731
1.2055225
1.2132906
1.2902230
2.3062534
1.2388082
1.5050274
1.2099868
1.2190390
1.5364668
2.7373683
3.2080989
1.5151672
1.1008307
1.2263716
2.3039000
2.3117421
1.1838640
1.4315654
1.4312743
0.9949708
1.1490448
2.2253811
1.7831535
3.1634009
2.2195559
2.2213111
2.6732674
1.7723514
2.6730297
3.1463218
2.2040801
2.2118564
1.7680744
2.2019746
1.7540889
2.2132993
0.8605493
1.3384626
1.3665198
2.6532900
0.9976847
1.7651619
3.1013575
1.3049972
0.9821984
0.8259844
1.0353205
0.8803260
0.9266473
1.0188485
16.1953773
1.3666430
1.7500719
1.0103353
1.7323833
1.3843899
1.0548133
0.9438197
1.7047051
14.1703196
0.9680011
1.3297452
3.1126854
1.6913460
2.6333072
1.5290669
17.8423882
0.7320969
5.3270216
0.8224455
17.5075283
1.6284842
1.3825493
0.6459745
2.3567746
2.0830114
20.3854828
2.5733316
0.7831622
0.7685400
0.6760155
0.6744040
1.1629181
0.7184595
0.7354041
0.6028197
0.6363602
2.0678596
1.6449931
2.0738933
1.6021206
3.0452356
0.5628597
1.1400381
1.6193281
10.7743130
9.5379705
1.5833369
0.6875516
2.1521623
1.0952996
13.0955639
0.6400497
2.0537913
1.7878525
2.5371900
1.7475655
0.4305621
1.5969284
0.6356663
14.4446068
1.5455632
1.6792878
1.2169720
16.6979294
2.2123322
5.8596082
2.2829680
6.5314307
1.4032911
2.5469391
0.3594944
1.7420181
0.3335672
1.5523272
1.7806938
2.5196822
1.5439675
2.0258045
1.0562475
2.5181010
3.6056635
0.3773273
0.3024345
1.6185726
1.5400873
5.0504780
10.0637255
3.0264370
5.0158777
3.0286543
13.6741428
1.6200262
1.9004422
1.5904999
2.9822993
1.6719391
1.8512410
3.0057106
1.6966031
1.9187316
2.6187363
1.6281532
2.2328010
2.6195445
2.6463578
3.9781425
1.7173063
24.9565849
1.7452251
1.7339597
2.2696979
1.6947857
1.7571278
1.7562791
1.7538794
2.6764505
2.3124237
1.8228567
1.7110722
1.7006651
1.8134445
1.7303814
2.3061793
2.2625098
2.0301728
2.0642283
2.3279357
2.1523919
2.1423419
2.1443565
2.0926921
2.3131213
2.3120608
2.3169370
2.1971331
2.5681217
2.1300442
2.1975362
2.5881231
2.1911170
2.1164856
2.1363201
2.3575420
2.1408508
2.1399055
2.1336467
2.1798086
2.3691545
2.1776443
2.2201896
2.3776739
2.6248450
2.1494811
2.6431255
2.2447913
2.4020689
2.2403660
2.4346299
2.2613504
2.9469054
2.9343345
2.2314994
2.6144221
2.3961189
2.6455972
2.8502929
3.2351422
2.8595407
2.5033019
2.0702672
2.0527949
2.1258054
2.0570383
1.9917374
2.0825109
2.4979804
2.8215661
2.2277467
2.0600128
3.2142208
2.4693718
2.4793801
2.1599402
1.9394228
2.0646467
1.9347305
2.2617366
2.0345101
2.4974496
2.2328098
2.0322437
2.0818877
2.4736452
2.4755869
2.2075968
2.0181808
1.9058748
2.1682670
2.1583822
1.9830558
2.1585240
2.7737980
1.9606742
1.8908246
1.9248245
1.9290758
1.8417819
1.8452519
1.8283391
1.9018005
1.8195018
2.0789821
1.8734945
2.0545597
2.0799088
2.0724609
1.8822025
2.0659859
1.8442140
1.8750190
1.7939720
2.0540929
1.8617566
2.3442519
2.0039697
2.0004654
2.3085349
1.7313530
1.7789781
1.9909111
1.7829397
1.9669906
2.2846634
1.9808975
1.6750251
1.6573770
1.6738739
1.7575341
2.6307724
1.7610919
1.9506656
1.6569257
1.6641023
1.9521245
1.7587578
1.7394693
1.7461509
1.6583481
2.5948882
2.2250440
1.9257759
2.2806194
1.9306719
1.6379700
1.7071637
2.6175168
1.7137829
1.6938499
1.6864874
1.8984848
1.7129997
2.2128234
2.1936882
2.1705537
1.8779075
2.2064943
1.6455666
2.1990342
2.5656817
2.1814995
2.5690968
1.6001855
1.6351182
1.5967224
1.5824103
1.4946518
1.5984650
1.4938912
1.7594358
1.4540253
1.5309490
1.7678258
1.5281757
1.7749343
1.4490204
1.5189219
1.5226374
1.5292763
1.4012206
1.5046884
1.4184995
1.7553465
1.5012302
1.4296688
1.5101974
1.5130738
2.0520997
1.4856486
1.7351595
1.7300298
1.7499036
1.5168473
1.4751351
1.5286072
1.7482939
1.4715776
1.7093533
1.4241889
2.0861120
1.4051459
1.7214398
1.7339389
2.8757715
1.7015295
1.7235031
1.5006790
1.4882585
1.7091181
1.4492465
1.4611217
1.7491581
1.7667398
1.4734275
1.5334290
1.8699112
1.7159538
1.3750265
1.4911880
1.7709465
1.7916505
1.5601767
1.7373865
1.7893162
1.4696354
1.5944241
2.1705744
1.6170961
1.8673490
1.6202190
1.8532546
2.5637639
1.6927549
2.5959923
2.2219238
1.9436659
2.2377694
2.6276295
1.9965971
2.6221337
2.6556513
3.0672779
2.0504286
2.3310359
3.1062732
1.8574134
1.8069818
1.9131632
1.9313684
1.9606688
1.8388765
1.9233718
1.9091271
1.9411738
2.0136514
1.9491261
1.9781009
2.0108647
2.0237336
2.0652671
2.0541101
2.0459220
2.2397208
2.0782945
2.1512234
2.2569363
3.2110593
2.0990815
2.5166001
2.0632932
2.1057181
2.0413294
2.2417235
2.0241725
2.0991499
1.9831510
1.7987007
2.4301369
1.9399095
2.0329335
1.9224877
2.3488083
2.8728838
3.1975317
2.7498527
7.3114386
2.5503502
3.5063200
3.8258674
2.3348563
2.3200159
4.0825753
14.7848291
2.6469271
2.3813696
2.5287869
7.7725830
7.8041043
4.0759716
6.3291926
7.2950468
6.3444719
4.0433555
4.4830666
3.2933242
2.3080754
2.6089165
17.3046780
17.1184692
3.2317216
3.1531925
2.4436252
2.5692542
2.8804464
4.1046596
4.0857635
4.5158982
2.4645278
5.4913106
5.4251285
7.7862844
3.1036668
44.7742805
14.1817684
12.7068186
4.4590049
4.0639024
2.8301263
4.0576396
4.5130286
4.9039130
3.6465240
4.5185180
4.5466633
4.9500751
4.0878716
3.6359248
2.2693765
2.8744359
2.9124811
4.4688787
2.3183994
8.3752050
9.3289719
6.0049496
61.1552124
31.5511093
75.1093597
45.1085701
4.4581180
2.4325929
4.1681170
2.7950740
3.4301035
3.4029875
3.7864418
2.6719675
3.3457189
2.6563864
2.9807982
2.9598422
2.9264426
2.7122021
2.9674318
3.0001323
3.3851838
3.0018966
2.3342385
2.9877362
2.2049463
2.4615827
2.2628789
2.4019413
2.3034606
2.3225684
2.2717588
3.0890334
2.3825397
2.3759091
2.3213789
2.3568029
2.8242252
3.1024394
3.4414034
2.4822290
3.4799182
3.1311021
2.7813096
3.5194619
2.7572284
2.7646370
2.7905564
2.4631002
2.5071049
2.8153679
4.7737007
3.5318820
2.9011662
2.4345956
3.8866801
3.4804447
2.5657289
2.8361995
2.4931176
2.9086425
3.2190635
2.4707491
2.8063300
2.7379560
2.8873107
2.8382106
2.6598763
2.5012720
2.6429250
2.8609698
2.3103495
2.2990494
2.2256024
2.1802616
2.2263486
2.4903777
2.4390988
2.6724081
2.4427447
2.6931782
2.2595513
2.7391479
2.1410391
3.3382716
3.0162683
2.0242977
2.0151339
2.6549087
3.7148311
2.2307105
2.2310081
2.2672260
1.8927221
1.9983948
2.1501875
1.9265922
2.1657844
1.9912597
2.1618619
2.0867474
1.9854491
2.1069858
1.9619170
2.0062416
2.4383557
3.9743803
3.0800183
2.7003605
2.3796918
2.2951608
1.8479912
2.6818280
2.1309068
1.8894284
2.9794598
16.8324814
3.9017370
13.1150274
12.1338768
10.1538200
19.5713024
31.8357410
30.7561836
24.6316910
25.5618782
32.8478699
19.2892666
17.5964336
11.1299858
6.7353435
5.7594566
3.5326843
2.2033231
2.0452011
2.0656931
2.1629992
1.7844676
1.8344721
2.0729227
1.9396214
1.7415503
1.9309287
1.8824209
1.8470224
1.6940711
1.9010270
1.9469160
1.7140148
1.7389967
1.8585979
1.9681872
2.2766933
1.6297094
1.7979450
1.8584872
1.8261981
2.5983329
1.7429802
2.1795850
1.8959988
1.8937401
1.5851636
1.6340145
1.7686880
2.6284263
2.3597050
1.8483167
2.1889594
2.5944660
1.6287737
3.4267697
2.5187535
2.5250003
2.6774180
3.8287148
3.3970215
1.8524894
3.4614987
1.7169406
2.5236197
1.7170012
2.6844120
1.6456026
2.0135453
1.7376310
2.5675561
1.7580585
1.8963864
1.8029071
1.7249317
2.2327635
1.6949518
1.6488866
1.6776232
1.5930920
1.7543790
1.7377636
1.7483654
1.6944519
1.8736880
1.7742876
1.8146620
1.7707720
1.6834874
1.7457240
2.3632414
2.1560316
2.0473361
1.7453076
2.3316834
1.7122326
1.8983197
1.7659287
2.5122297
1.8289609
1.9018310
1.9211229
1.8290794
2.3806484
2.2529278
1.9641941
1.9496031
1.9788480
1.9772836
1.8425850
1.9723656
2.4625294
2.1281886
2.1234643
2.1155066
2.0035136
2.2044721
2.1783514
2.0008082
1.9417456
2.1008675
2.0323520
1.9309086
2.2423174
1.9785086
2.1775358
2.0913138
2.0694363
2.2226241
2.1441629
2.5066853
2.2284322
2.5025744
3.2462678
2.0451782
2.2980473
2.1038349
2.0684824
1.8100499
1.6891237
1.7768272
2.7798686
2.5690110
2.2436192
1.9955509
1.9556091
1.7707651
2.2314401
2.6195865
1.7465334
2.1102834
1.9866138
1.6767550
2.0130713
1.7841158
1.7926643
1.7141097
2.0741007
1.5029582
1.5458044
2.0860159
1.6813815
1.8595355
1.5612186
1.8517219
1.6079307
2.1100087
2.4279735
2.6304140
2.5386994
1.8482305
2.4919837
1.7320570
2.2690582
1.6610416
1.5574721
1.5549099
1.0873156
1.8022060
1.4245170
1.2404896
1.9491760
1.5106388
1.8238817
1.8967390
1.7796183
1.2719073
1.0046929
1.4100004
1.7736682
1.0580517
1.6055993
0.9969293
1.4185413
1.6766773
1.3365513
0.9329605
1.1842504
1.9038854
1.2074994
1.5042266
2.5426202
1.4510317
2.2621028
2.7432444
3.1584690
2.2792845
3.1602249
3.1793909
2.7469325
1.4131815
2.6671267
1.8143500
1.4798385
3.1963165
2.2040486
2.2257943
1.3131068
2.1767893
2.6779661
1.9966140
2.6679494
1.7515199
3.0955102
3.1068699
1.8368355
2.2412515
1.4058152
1.7543931
1.7328471
1.8191965
1.0700532
1.1998510
2.2594743
2.1584866
2.1926713
2.1592901
2.2281747
2.6520510
2.6646225
0.9606164
1.7100035
1.6685950
1.3358309
1.7490966
1.7949749
1.2984363
1.7474829
1.6832062
1.6718079
1.3141158
2.1125720
1.4205838
2.1793017
1.3184282
1.7259078
1.4478784
4.5549278
1.7605644
1.6938550
1.3013828
1.6690010
2.6369925
1.0145518
1.1490867
1.3604019
1.1912866
1.3852913
2.7018106
1.6543964
1.7514412
2.1392214
0.9483259
1.2200490
2.1195130
1.8103323
2.5788107
1.3171077
1.3757313
0.9964304
1.3591740
1.3428656
0.9354887
1.2020838
1.0045749
2.2677765
1.7493838
0.8157787
1.0767649
0.8845552
0.9194628
2.1097059
0.9519836
1.3109515
1.2903569
1.0203099
1.3547455
1.3554331
1.3698069
2.3854949
2.2844481
1.1439185
1.1780336
1.3573523
2.1678169
0.7432646
0.8787792
2.1986597
1.3419603
2.1814258
1.1595559
0.8468004
1.4053051
1.2680770
1.2118559
0.9841031
1.2536265
1.3542520
1.2819960
1.0292391
1.7706857
1.6780984
1.8545371
2.1367149
2.1555526
2.0637093
2.1291990
2.7318125
2.0882251
3.1704595
2.5664232
1.6348851
3.0951459
2.1181808
2.0985062
3.0488343
3.0346096
3.1130681
3.1106532
3.0490282
2.2292438
2.1503310
2.5688059
1.5920781
2.1662881
2.6572382
1.1780438
2.0947535
3.0838857
2.1120017
4.0253606
1.2600275
1.9007332
1.5237632
2.3115900
1.7433745
2.2043874
2.6594462
1.7419413
2.2292118
2.2468944
2.6298423
1.4230921
1.3520594
1.3094324
2.1529951
0.8023735
1.2659394
3.0534995
0.7889165
1.3148652
0.8853274
1.7335347
1.3545259
1.2889994
0.8502461
1.2326971
0.9865260
1.4128189
1.2383446
1.9924262
1.2610129
2.2239065
3.0529318
1.7537189
2.1724207
2.6146212
2.1129732
0.7184956
1.0160714
1.2176514
0.9265825
1.6849586
0.8992804
1.2407172
1.2522377
1.3152903
1.2799937
1.2463092
1.4186127
0.9003818
1.1880026
1.3765410
2.1224649
1.3231384
0.9230130
1.0744359
1.5000805
1.3256441
1.2774918
1.1040266
2.1105030
1.3415717
0.8546579
2.1753128
0.9861464
1.4439192
1.0119516
1.3601246
1.0033902
1.2162865
1.1255474
1.0478976
0.9635991
2.2661788
1.5976820
2.1780698
0.9506120
1.5351995
2.2035196
1.7054845
1.5408207
1.3398660
0.9122789
1.6946431
1.7014502
1.0224359
2.1685529
2.2048821
2.2209136
2.2824211
2.2442956
2.2029092
2.1884639
3.0605888
1.2539684
2.1251278
2.1569006
2.1397748
1.1881706
3.0994000
3.5531914
3.0879636
2.1607680
2.5699279
3.0996885
3.1175115
2.1718144
1.1327341
2.1360388
1.2686553
2.1461020
1.1059189
1.6729103
0.8395579
1.8171982
1.5684540
1.2000903
1.7881076
1.3367573
1.5511495
1.9165145
0.8386055
1.4928148
1.5648375
1.7923954
1.5589014
1.0037622
1.8010552
0.8853546
1.4337701
1.5193086
1.1355517
1.2890658
1.6532898
1.0009806
0.9555492
1.2146281
1.0643363
1.3230830
1.4882642
1.4926522
0.8057526
1.3806763
1.6574692
2.1230969
2.1589060
3.1188745
1.0688059
0.8086700
0.9213578
1.4567183
0.9492950
1.7219905
0.6946661
1.3643372
1.8127837
1.5320426
1.3698549
1.3011098
2.1591735
1.3787584
1.4585000
2.2926118
1.2752547
2.2052183
1.3999531
1.4085276
1.5503486
1.2187842
2.2164991
1.7357078
1.0454220
1.4864798
1.3458309
1.5248709
0.8706923
0.8427032
1.3880692
1.4218308
1.5914333
1.1644524
1.2064211
1.2475624
1.6120493
1.4006724
0.9741143
1.6036208
1.3334038
0.8269501
0.9605007
2.4056439
2.1941900
1.1195589
2.6608849
1.7035828
1.0504785
0.9157248
1.0739788
1.3933393
1.0112445
1.0560442
1.1225064
1.0327150
1.6359277
2.1786878
1.3864945
0.8783498
1.0639066
0.9713221
1.2106690
0.9343222
1.0655800
1.3361039
1.2115568
1.0600858
1.2647666
1.2450264
1.2601156
1.3949363
0.9689112
0.8787844
0.9357180
1.2333906
1.0857773
1.7167481
1.7899436
1.2709286
0.9339455
0.9930869
1.5895045
1.3947371
1.2649285
1.7664025
1.2156125
1.2123563
1.0355774
1.9654090
1.5855753
1.5508723
1.3247974
1.3950003
1.4883307
1.0150048
1.3155895
1.3743064
1.4387289
1.6775578
1.7924516
2.4997921
1.3116921
1.5764997
1.8686290
1.8451937
2.8928645
1.8415406
2.0314267
2.0310624
1.4045132
1.7508100
2.1267052
1.4708375
1.4542718
1.6711490
1.5184382
2.1729178
1.6814439
1.3923655
1.3023740
1.6414229
1.4054570
1.3601406
1.6522003
1.3104767
3.3743703
1.3593005
1.3970518
1.6204228
1.6765827
1.4832408
1.3428372
1.5550312
1.7442795
1.6008583
1.5480362
1.2973642
1.9268876
1.5059210
2.2015955
1.6438481
2.2179446
2.6134374
1.6674283
1.6939958
1.8277125
1.6124301
1.4753723
1.7319410
2.4126904
1.6169885
1.9309534
2.4250402
1.8633480
1.3119018
1.5905244
1.6020986
1.5468448
1.7032899
2.1364286
2.3466301
1.6574297
2.0398481
1.7668980
1.6047459
1.6623235
2.4218881
1.7150648
1.7467653
1.5054864
2.5168152
1.5074188
1.6802441
1.3456494
2.1125741
2.3731918
2.2365165
1.8458414
1.9435285
1.6512781
1.6269923
2.2500093
1.5420886
1.6054131
1.6081609
1.9949455
1.4284382
2.4775090
2.4424074
1.8159429
2.4851623
1.7580959
1.5752141
1.7961806
2.0622661
1.6213872
2.0000951
1.5634577
1.5906907
1.6154934
1.7921344
1.4351047
1.4035307
1.5574901
1.4952669
1.7310612
1.2808090
1.7342975
1.6566470
1.6816151
2.4257543
2.3584707
1.4195861
1.8394592
1.5945525
1.8300765
1.6988759
1.7510390
1.9651257
1.2727464
1.4093089
1.6900970
1.3381474
1.7695837
2.3910260
3.2871137
2.8303168
2.3502648
1.3600518
1.5138880
1.4207411
1.1970485
1.7297502
1.8267850
1.1443100
1.5150039
2.1537197
1.3439794
1.5973560
1.7516150
1.5927976
1.6533576
1.4352838
1.9046227
1.5750930
2.0586967
1.9928652
1.7522538
1.4013436
1.4409131
1.6096603
1.7158486
1.3678205
1.3531520
1.6611286
1.3674556
1.8187853
1.9082990
1.2852304
1.1333772
1.1992145
1.3159606
1.6042576
1.5543857
1.2597138
1.1717079
1.5444241
2.1613662
1.6982579
1.6669106
1.6890199
1.7283558
1.7553760
1.3232467
1.2548933
1.0779884
1.5396209
1.8088199
1.4213898
1.5682811
1.2968794
1.3022629
1.3065332
1.5134065
1.2754986
1.5552177
1.5170279
1.4595995
1.7151917
1.6135141
2.0213344
1.2946839
2.0422103
1.5969374
1.5415454
1.6151736
1.6742033
1.5082192
1.2801766
1.9987513
1.2088195
1.5115521
1.6305960
1.5031984
1.1294588
1.4045788
1.6066728
1.0887531
1.4771938
1.2706327
2.7139554
1.3675581
1.1513667
1.5904324
2.3573923
1.8432899
1.9577174
1.2719287
2.2686353
1.5608523
2.3334157
2.3304441
1.8071210
1.5276030
1.8939706
1.3031610
1.6892972
1.1312597
1.0728883
0.9909047
1.2341278
2.2931724
1.6100303
1.2612472
1.5642091
1.2023754
1.2630235
1.4332908
1.2733800
1.1545854
1.4928871
1.6309009
1.6144199
1.8710953
1.6386005
1.4046865
1.1266950
1.1501242
1.7587487
1.4785011
1.0726776
1.3880043
1.3232135
1.3943539
2.2686560
1.6646647
1.3877052
1.5112133
1.3861961
0.8772217
1.5790927
1.8753442
2.2549610
1.5151163
1.3828074
1.6945380
1.9746600
1.0927148
1.2383293
1.7863437
1.3241180
1.5272032
1.4241664
1.6991702
1.9003236
1.9154809
1.5312296
1.5187695
1.4864930
1.3558095
1.5992717
1.5500305
1.0832733
1.2839793
1.3996500
1.3251511
1.2622334
1.6035421
1.3522729
1.8168277
1.7179878
1.6117795
1.2910044
0.8759799
1.3969344
1.6738503
1.3023092
1.3889621
1.3432001
2.0471289
1.4569818
1.5646194
1.4681427
1.8516434
1.4769499
1.4645920
0.9682207
1.8257245
1.1444440
1.0015095
1.4281194
1.0409647
1.5267180
1.3399305
1.3675307
1.0251216
1.3664345
1.4509526
1.2871704
1.5269758
1.2150098
1.2133471
1.7304571
1.1615174
1.1719548
1.2667401
2.2330492
1.6804773
1.0365269
1.7911615
1.2324460
1.0617566
1.2749736
1.3708172
1.0765202
1.4087400
0.9688069
1.6684266
1.7651340
1.6150494
1.1585473
1.1347620
1.4514788
1.1531855
0.9134758
1.4805115
1.0455735
1.3024514
1.6814849
0.9577608
1.0671954
1.8099958
1.5264146
1.5728431
1.0352286
1.3053505
1.4311275
1.5257556
2.1654077
1.9785165
2.6498694
1.0514475
2.0214112
1.6148911
1.3541058
0.9861206
1.1265746
1.7625968
1.6802921
1.3306662
2.7863631
1.2898127
1.8566045
0.9662626
1.2785249
0.9584479
2.7729750
1.4978877
1.7313013
1.8735135
1.7756096
1.0810598
1.1478344
1.5196249
1.7275056
0.9709480
0.9931237
1.7306609
1.1769596
1.0107059
1.7024966
1.6836189
1.4792889
1.9198899
1.3466851
1.6311107
1.0822366
2.7130895
1.4729244
1.8135699
1.7648925
1.6134988
0.9433240
0.8918273
1.0388646
1.8377008
1.0289273
1.4820397
1.9480045
1.3414907
1.1933696
1.5823386
1.3195302
1.4943031
1.7752084
1.6643971
1.6950879
2.3773453
2.6750739
0.9089891
2.6044650
1.0985622
1.3071733
0.9772205
1.6418279
1.8038406
1.6554472
1.7830637
1.4521174
1.7553140
1.8199744
1.3196594
1.3220978
2.3030612
1.7166619
0.8922310
1.6429735
1.0927322
1.0274173
1.3895570
1.0435687
0.9876921
1.0852134
1.0435963
1.1899781
1.7879473
1.6928514
0.8986339
2.0610614
2.6582589
1.0164865
1.8530965
1.0480027
1.1191771
1.2278895
1.7152768
2.2889414
2.1135147
1.3379325
0.9476049
1.0283735
1.2158350
1.3960671
1.5144991
1.1515218
1.2447083
1.5111532
0.9480987
1.3277817
1.0818164
1.1910563
1.2546356
1.6130759
1.5262508
1.4782099
1.3915360
1.6022239
2.1470287
0.9766899
1.2498856
1.1800883
2.6059008
1.7644528
1.3751771
2.0371792
2.1591673
2.0498393
2.1779881
1.7579734
1.9208653
2.3925872
2.3894637
2.0377338
2.3722334
2.9271765
1.8095472
2.1528149
1.6356645
1.8623304
2.6172373
1.8895580
1.5619656
1.3283993
1.6040103
1.7113734
1.8346410
1.6599059
1.3536581
1.8225695
1.3027753
1.1865779
1.3271136
2.1054375
2.1358809
2.2340503
1.1361711
1.6259910
1.4310197
2.4894602
1.9429111
2.1722760
1.9165736
2.1621625
1.3289200
2.1718347
1.7963740
2.5214853
1.7236538
1.5941553
3.1484993
1.9306760
1.3931377
1.5385599
2.2878277
2.2877998
1.9524020
2.7485013
1.5807892
1.0635486
2.3317182
1.3242548
2.0082991
2.8385112
1.8389355
2.5897009
2.4229581
2.2670960
1.8149676
1.6754602
2.3463397
2.3715439
1.9252174
2.1306169
2.2257824
2.7789202
1.8975904
1.5227197
1.9794568
1.3622887
1.5122025
2.0899558
1.8348484
1.3923178
2.0436482
1.9766427
1.6269979
2.4107716
1.3119134
2.3298357
1.7459089
1.7163857
2.0646195
1.4202981
1.6508281
1.6009586
1.4682865
2.0091989
1.6801809
1.6870552
1.6897891
1.7315289
1.7453358
3.7211404
1.7930802
1.8114121
1.6884761
1.8066318
3.7814741
1.9151262
2.3821199
3.7104671
2.0148387
2.3819258
2.8491535
2.8076062
1.7815131
2.2237887
3.3339443
2.3986392
2.4780750
1.6845948
1.5345372
1.5844502
1.6519063
1.5571771
2.3952949
1.6163157
1.5629493
1.8326207
1.3532033
1.1963143
1.3921406
1.3622611
1.4301416
1.3699434
2.0915823
3.2897494
2.0376613
1.6743264
1.3745201
2.0426354
1.3386528
1.3152517
1.3129613
1.6129327
2.0216088
1.3219874
1.6331689
1.3383300
1.5472568
1.2589819
2.0447824
1.2540160
1.8702843
1.5466579
1.6912814
1.3799384
2.3940411
1.4855008
2.3915477
2.8261185
2.8176112
1.3825519
1.2703369
2.0234191
2.4110432
1.9711472
1.6135538
1.3682708
2.0720971
1.6516539
1.9666929
1.3040571
1.3691702
1.3117108
1.7015808
1.9692719
1.6113760
1.6322544
1.5588132
1.5334970
2.3356225
1.5587612
1.2861761
2.7591085
3.2636495
4.6904440
2.2764268
2.2811627
1.7910308
1.8816464
2.7249844
3.1900909
3.6674049
1.8336062
2.2533097
1.4934467
1.3453374
2.2871797
2.8487234
1.6625235
1.5497730
2.0367815
2.5010729
1.8458414
2.4681718
1.5870395
2.0738225
1.5768890
1.7434053
1.5161732
2.2539818
1.6435405
2.0615137
2.4348679
3.3266218
1.7452039
2.4472437
2.8578296
2.0996690
1.6353424
2.4359403
2.1015317
1.8271369
1.5373037
2.1026034
1.5142447
1.7503704
2.4268427
1.6943001
2.0337710
2.0975931
1.5705086
2.8885305
2.1037192
1.5862941
2.4030819
2.0557339
2.4729359
1.8973211
3.3448465
1.6228547
1.7185490
1.5771641
1.6733897
2.4982753
1.8574759
2.4970746
1.6304280
1.9619009
1.6530725
3.1138039
1.8183645
1.8204393
1.7610821
1.8549236
1.7528485
6.5061793
3.2247756
2.1244092
2.1882548
2.4992020
1.9269937
2.4469547
2.3884213
1.9703627
2.7251780
2.0124321
1.9952130
2.9796503
2.0254235
2.5755491
1.9054660
2.4187407
2.4113326
1.8832325
2.1436105
1.9874392
2.1728828
2.0277696
2.2165384
2.2092321
2.0295675
2.1838896
2.5044785
1.9018317
1.8957138
2.4678075
1.9914659
2.1107602
1.9295039
2.1270976
1.9785942
2.5066679
1.8597798
2.4541571
1.9970320
2.1646304
1.9026600
1.8862528
3.3093133
1.8650981
1.9864752
2.4756050
1.9679735
2.0356734
2.1119239
1.8307648
1.8934115
1.9226730
1.8602359
2.0235488
2.1201057
1.7800813
1.8994190
2.3382030
2.4328623
1.7959986
1.7900680
3.1039600
1.7398931
1.9707696
1.7125736
2.6652470
1.8865062
1.9349129
1.8969254
3.0133648
1.8758831
1.6237113
1.8589882
1.5443395
3.3729300
1.8358231
1.6059242
1.5389664
1.6216099
2.5662620
1.6388915
2.4381166
1.4309850
1.5157413
1.7019131
1.6629667
1.5995107
1.5257114
2.5187454
1.9301137
2.4740267
1.9892944
1.7978979
1.7882346
1.5808275
1.6589477
1.7436929
2.4827375
1.8216339
1.5188593
2.0395930
1.3918854
1.3710277
1.9309139
1.9145772
2.7755828
1.4125078
2.3444152
1.9416457
1.9368570
3.2739527
2.8455076
3.2524118
3.7342534
3.2679949
4.1971684
4.1951876
4.1793098
2.3040564
4.6755824
5.6333857
3.6914954
1.7001212
3.7038689
3.6943324
2.7594690
1.6408660
1.6587228
1.6502342
1.8585075
1.5868589
1.5155807
1.6390595
1.2857419
1.5507095
1.6277992
1.5537462
2.0443411
1.6160508
1.2904692
1.3714713
1.6403617
2.0762260
1.2229846
1.1677938
2.5999649
1.6025013
1.8545882
1.2508488
1.1996785
3.1397686
1.3931398
1.1144246
1.4679496
2.2285013
2.2195876
1.8550042
1.6363682
1.7001992
1.4453106
3.1393061
1.2005583
1.2067080
1.2012650
1.4367552
1.8109812
1.0274708
0.9311894
1.6718317
2.2375224
1.2729686
1.4720513
4.1023865
1.3756071
1.8072294
1.6252137
3.6110377
2.1826804
1.0436054
2.6707690
1.1406955
1.0117401
2.2012649
1.3944045
3.6944442
1.0225800
2.1798890
2.6711535
1.7692665
3.6822274
2.6905968
1.7289044
2.2282517
2.2287893
2.7111380
4.2115774
3.6751390
3.1820285
2.6820450
3.1513321
2.2043662
1.7554395
1.3551545
1.7561717
3.1445086
2.2029781
4.1590323
3.6634605
5.1498976
1.0975238
2.7036765
1.0615699
1.7804099
1.7701869
1.0535660
2.2767887
1.7489803
1.7547600
1.0796585
1.0930821
1.3722854
1.3482867
1.2153938
0.9287914
0.9864907
2.6904950
1.0795079
2.2543025
1.0908713
1.3758690
1.0684518
2.3404353
1.0751179
1.7693695
1.7751797
1.7768657
1.0281727
1.8118572
1.8061268
1.0928380
2.6730552
2.2359614
1.7456843
1.3576452
1.4778963
1.7725608
1.7819510
2.8895857
2.3920577
1.8883574
1.3765970
1.7717683
2.9250376
3.4653606
1.7858826
1.0557969
2.0222721
1.3681362
2.2014244
1.3383516
1.4490269
1.5136104
1.8370721
2.1837592
1.8240908
0.8483179
2.6681743
1.7519566
1.8153783
2.8824534
1.7356817
1.3283259
2.3927135
1.7669100
2.2693012
2.2061203
1.7416539
2.1989412
3.7607362
2.7125406
1.7334479
0.9908434
3.1267612
2.1729958
1.3387532
1.8636388
1.7270786
2.7367556
1.3084080
1.3501334
1.7056121
2.2330463
2.6419880
3.1930542
2.1786373
1.4612350
2.6559525
1.0838153
1.2766789
0.9324839
2.1807375
2.2815597
1.7704290
0.8193644
1.5861402
1.2538328
0.9276735
0.7525899
1.1087301
1.3661209
0.9012560
1.7294537
0.8530069
1.7014791
1.2472907
2.1435401
1.2806269
0.9376231
1.2416121
0.7267706
0.9730116
0.8769562
1.2544992
1.2744082
0.8939313
0.9027400
1.6844065
0.9749537
0.8934742
0.8858748
2.0588024
0.7754851
1.0239576
0.9962528
0.9017052
0.7393036
0.9156182
1.0639820
1.2487099
1.9068854
0.7410040
1.9023526
2.3241842
0.9923052
1.8981849
1.7242341
2.2264647
1.6874452
1.4436131
1.2719854
1.8396752
2.1863508
1.8294672
1.9041684
1.8166971
2.9979696
2.9158878
2.2866840
2.3270419
3.4225221
1.7796659
2.3404253
3.3840985
2.2944815
4.0276880
2.2054055
2.2597699
1.1651452
0.8067334
1.2313966
0.9510695
1.3401673
0.8804803
0.8338662
0.7764131
0.7197977
1.6739632
0.9223450
0.8282802
1.2559961
1.2948022
1.2826601
1.1971047
1.2118818
1.2383162
1.6381205
1.7980797
0.7261689
0.6943665
0.9202811
1.2396899
1.2398745
0.6859792
0.8703736
0.8718616
0.8663908
0.8495429
1.0026853
1.6456198
0.9489265
0.8279091
0.7616279
0.7856869
0.7559871
1.2169937
1.2346520
0.7994720
1.2026188
1.1868297
0.6464001
0.8562328
1.0164779
1.1570224
1.8214895
1.2284397
1.1774107
0.6001522
1.6238556
0.8074132
1.6260839
0.6321966
0.5807580
0.7728216
0.8720661
1.1725589
0.9091989
1.2060602
1.1963161
0.9255357
1.7708656
1.6660632
0.8047699
1.1700758
1.6631778
0.7836549
0.8720106
0.8144212
1.6183934
0.8356403
0.6223339
1.1692648
1.1697024
0.7726787
0.8904536
1.1977361
1.6735634
0.8556159
1.0635016
0.7338952
0.7631629
0.5973747
0.5434341
0.8150855
1.1828904
0.8022057
1.1500430
0.7475748
1.1925888
0.5452576
0.8079081
0.7498300
0.9550782
1.1744406
0.7086838
1.6141461
0.7074737
0.8024583
0.7814450
0.7585092
0.8814431
1.5973765
0.6265084
0.7470393
1.2466211
0.7141342
1.6129327
1.2221907
0.8634037
0.8090696
1.1608585
0.8118770
1.2226751
0.8012146
1.1599834
1.2170763
0.5857808
0.7194901
0.7529082
1.0243411
1.8086412
1.1926086
0.7546397
0.8110054
0.6267200
1.6213425
0.8707028
0.5836274
0.7633654
1.6273302
0.8637372
1.1723814
1.0309134
0.5833141
1.1807212
0.7972212
1.7524093
0.7442319
1.0081397
1.7136195
1.0746754
0.8232573
0.9077791
0.7708923
0.7776642
1.1891003
0.8090619
1.1550316
0.7396935
0.9397854
2.0964463
1.2051364
1.6206797
1.1600217
1.4484892
0.8428383
1.6480281
0.8391286
0.8708385
0.9115617
1.1721624
0.7927236
1.1525003
1.1563234
1.1602650
0.5312088
0.7608625
0.7675856
0.8753905
0.7525597
0.5647901
0.6197296
1.5227782
0.8266717
0.7030509
0.9664927
1.1882801
1.3318442
0.6553376
0.8277205
0.5865254
1.1409256
1.2023344
1.1674368
0.7408438
1.3054371
0.8837295
0.5805379
0.7404004
1.1399223
0.7293762
0.6050512
0.9473609
0.6207868
1.1922427
0.6709390
0.7818655
0.5924536
1.6192666
1.0494468
0.8653845
0.7881989
1.2368704
1.3068153
0.7859060
0.7638440
0.7970652
0.7629151
0.5450913
1.0531334
0.5696768
0.7337996
0.6193566
1.6221862
0.8298049
0.8485736
1.1504521
0.8669602
0.8566254
0.7265160
1.1073236
1.6368194
0.9353822
0.5754184
0.6961406
1.1428763
0.6207358
0.7300841
0.7476532
1.1864119
1.2613297
0.6863164
0.7223247
1.1176512
0.5455714
1.3536247
0.9855584
1.2294946
1.1329173
1.1037230
0.7264123
1.1235034
1.0459892
1.5733436
1.1594539
1.1062207
0.6960411
1.2039380
0.7560056
1.1594120
1.1586444
1.2271422
1.1340280
2.2898400
1.6697381
1.9214989
1.3134726
1.3046706
1.5579568
1.6116930
1.4487115
1.9237056
0.8853737
1.8877422
1.7285876
1.5195529
1.5066750
1.5685346
1.4332985
1.7395397
1.7601346
1.7708215
2.0437284
1.2852445
1.5521594
1.8182319
1.2685577
1.7821145
2.0793231
1.2850897
1.3895969
1.9849912
1.6963650
1.4942756
1.2336774
1.7580099
1.4922057
1.0702202
0.8003638
0.8987319
0.8491532
1.2507627
0.8073496
0.7897540
0.8670881
1.2469074
1.2663361
0.6377288
0.8376596
1.1964914
1.2998736
1.4310774
1.8126267
1.2033589
1.3393044
1.2108085
0.8187172
1.4215436
1.2975721
1.7328348
1.1785949
1.2544581
1.3404611
1.3533920
1.3888805
1.8099790
1.3982989
1.2969254
1.4230800
1.3221645
1.2877780
1.5300049
0.9835840
1.4712038
1.3218677
1.4137671
1.1613822
1.7012155
1.2736558
1.3352400
2.0217230
1.4349099
1.6026939
1.4056656
2.7206352
1.4255887
1.2828939
1.2545602
1.6931581
1.3367764
1.6864197
1.2730700
1.2094020
1.5585181
1.3851979
1.5917658
1.1833988
1.1651967
1.3863404
1.4139687
1.4800159
1.0465461
1.2251709
1.6053833
1.7056698
1.3229223
2.8538444
2.2451291
1.7116743
2.9582057
1.6558943
2.0323875
2.9513259
1.2981470
0.9590577
1.8585081
1.3158382
1.8968744
2.5096207
1.3936722
2.2423255
1.4067712
1.8199729
1.0550516
2.0044374
1.8927155
2.6412952
1.6344228
1.2351553
2.4604609
1.9198589
0.9225634
2.4606547
1.0352482
1.3381741
1.2864097
1.6322986
1.2796556
1.5604866
1.6329902
1.9054859
2.0757966
2.1616173
1.6366221
2.0724840
2.0346630
1.3183964
1.4056345
1.2963200
1.1697687
1.3257947
1.2983927
1.7468779
2.0102305
1.8557560
2.7506506
1.4043958
2.5926797
3.5598061
4.6357880
2.5135808
2.2636392
2.6534064
2.1559923
2.2352021
2.8868189
1.8778954
2.1433527
2.0025353
1.9513736
2.4742110
1.3705724
2.6537952
2.3879786
2.6489193
2.8792233
2.0769145
1.4684721
1.7674686
2.0933664
1.3304380
2.2303348
2.1025214
0.9926934
1.3244483
2.7334166
2.2056253
1.8499938
1.9739746
0.9584274
1.4452299
1.3105320
1.4013233
0.9701837
1.9493569
1.1926032
1.9116638
1.8627635
2.0660913
2.3495748
2.0199695
1.8514816
4.0919633
1.3706318
3.1101959
3.0620391
2.1424141
1.6148394
1.5149939
2.5746534
1.9522369
2.5680833
2.0594256
1.5570645
1.2525451
1.9550951
1.6287196
2.5510461
0.8043147
2.4349916
0.8009805
1.2559623
1.3170323
0.8217916
1.2859800
1.3188572
1.0623021
1.6698214
1.9621819
1.3550193
2.1794863
2.6919694
2.0940144
2.6542578
1.3593818
2.0112362
1.5113604
1.6516736
1.5017266
1.2579247
1.1613296
1.5729330
1.8260247
1.8472518
0.8000332
1.2384316
1.2358322
0.9928354
2.3929484
1.6981473
1.2708868
1.3785360
1.3262203
2.3228502
1.6240864
1.3052799
1.7578555
1.6531637
1.8033644
1.4803448
1.8368469
1.4464916
1.3021586
1.7967737
1.3640398
1.8951687
1.4567627
1.5910151
1.4123898
1.4918038
1.9242327
2.4421446
2.5118923
2.1405137
2.0171978
2.2160532
3.0162590
1.4877628
1.8316144
1.1946921
1.4456763
2.2199402
2.0008752
1.8939943
1.7259626
1.8516840
1.4820282
1.6781492
1.4733427
2.5663471
1.4697635
1.5109798
2.3614576
1.4946411
3.3004878
3.9372137
3.0171688
2.0094459
2.4324589
3.3887656
2.3044446
2.2391126
2.7651601
3.0040731
1.8090549
1.9519492
1.8435761
2.0036559
1.8378216
1.4587249
1.9029312
2.9872537
3.0514965
2.1117985
1.9891236
2.2136261
1.5239598
3.7165546
2.7499020
3.4847076
1.5180621
1.9312962
1.5016226
1.5050498
2.1043327
2.6624959
2.6424360
2.1979568
2.3201854
2.3195789
1.8625460
1.8806188
2.8142438
1.5009292
1.8722589
2.4822862
2.4477475
2.4668560
2.2952464
2.4061151
1.4960749
2.7498703
2.1355436
1.9351841
2.0521362
2.4366877
1.8525810
2.1312354
2.0947511
2.4454887
2.3305032
1.1968379
2.9295835
1.8654865
1.6894357
1.4781711
1.6073877
1.9211683
1.8923874
1.4706432
1.8810455
1.8521081
1.5523454
1.8783585
1.8592237
2.1227050
1.9882386
2.0094061
1.8682847
1.5381233
2.0338485
1.8997616
2.3055370
2.3496640
1.9052211
1.8668268
2.6695867
3.0980287
2.0467515
1.7398674
1.9238114
2.6018412
1.8898162
1.4489368
1.8369622
1.5062649
2.3650761
3.0477273
2.2024693
2.1110761
1.8591603
2.4019296
2.1967258
2.0781689
2.6980712
2.1608243
2.6269276
1.4487888
2.4355791
2.1193078
1.4808582
1.8436292
1.5730946
2.3138735
1.8802208
1.8420162
1.5884373
1.4599663
1.9321327
1.4871759
1.4694874
1.9400752
1.4084638
1.4984742
1.2219446
1.8269963
1.8743956
1.5092090
1.5098462
2.0319796
1.6238897
1.6742842
1.5084491
1.6204089
1.4371490
1.8223063
2.0065875
2.0230954
1.8492923
1.8818154
2.4098089
2.3292494
1.1574465
1.5454297
1.8589818
1.9691045
1.8524981
1.3151922
1.5651603
1.5605406
1.5024984
1.3952951
1.8283248
1.9301755
1.4295090
1.4320068
1.8980725
1.7985221
1.4302886
1.8289489
1.2419536
1.4556197
1.8991721
1.4896719
1.8427917
1.5345181
1.8251295
1.4714280
1.5705419
1.5419710
1.9729947
1.8876179
2.9725480
1.5306894
2.0575690
1.9247433
1.4596764
2.4801073
2.2841191
1.8335465
2.6062558
1.5520319
1.4491271
1.4168487
1.8151573
2.5178010
2.9737468
2.8715553
1.4403470
1.9829776
2.3248281
2.2642722
2.9251280
1.9919338
2.4068542
1.9004716
2.2944531
1.9565626
2.2936265
2.3332751
1.8884152
2.3592510
1.8637706
2.4526660
1.8865752
2.7829378
1.8791140
2.3830602
2.8984623
2.3589296
2.3254921
2.3050582
1.8792474
1.8739407
1.4599994
1.4973718
1.8818970
2.3328092
1.4513811
1.5311974
1.4693369
1.8414314
1.8889352
1.9966627
1.8392171
1.4998360
1.1918991
1.5068067
1.5445602
1.5722048
1.2568493
1.5288988
1.2023182
1.1313567
1.4553236
1.1338165
1.1102479
1.9158359
1.9362320
1.1498989
1.4804556
1.1960435
1.4825125
1.9560947
1.3677864
1.4557214
1.4578617
1.5093509
1.4069226
1.1330305
1.5645599
1.3233430
1.7096637
1.4359568
0.9701930
1.5313206
1.6815397
1.4841211
1.4133950
1.1581415
1.0840808
1.1362356
1.1186887
1.5236883
1.2381680
1.1187668
1.5586481
0.9776516
1.0938215
1.1606219
1.1030321
1.5011294
1.4918370
1.2670006
1.2491184
1.0402380
1.1439829
1.4629049
0.9600143
1.1986991
1.6178356
1.5067288
1.4267280
1.0510120
1.0204476
1.0081015
0.9990273
1.1748434
1.4992291
1.6062648
1.2624999
1.5254384
1.3997943
1.2202805
1.2646493
1.2782061
1.2333997
1.3348666
1.6578820
1.4443264
1.2676792
1.3313973
1.7112091
1.3211769
1.1285630
1.3059534
1.5766325
1.2946486
1.6020283
1.3276433
1.1384281
1.1149353
1.3014776
1.0381150
0.9647439
0.9390589
1.4442075
1.0981172
1.0628160
1.4934208
1.1225194
1.2410955
1.1709628
0.9633181
1.5327816
1.1739985
1.0439079
1.0822914
1.0720899
1.1154512
0.9872937
0.9739846
1.1254289
0.9677643
0.9979810
0.8881454
1.2050759
0.9984443
1.0702680
0.9502511
0.9614177
0.9193423
1.0390548
1.0720513
1.1095152
1.1250190
1.8790869
1.4044182
1.0743953
0.9620142
1.1568459
0.9384918
0.9824210
0.9327621
1.4100474
1.0467706
1.4592450
1.9511728
0.9364973
1.1915771
1.0523819
1.1397302
0.9389001
1.0044034
1.2054185
1.1223013
1.0542657
0.8870406
1.3966235
0.8866882
1.0203933
1.0183619
0.8870036
1.1893736
1.1978928
0.9872116
1.1508272
0.9984443
0.9965106
1.0411353
0.9862300
1.0738480
1.0902184
1.0326402
1.9946780
1.8769461
1.5235194
0.9533601
0.9557390
1.0162872
0.9201209
1.0589962
0.9736795
0.9815796
1.4190706
1.0055507
0.8857113
0.8916309
2.0876086
0.8691438
0.9927863
1.4021852
1.4614918
1.0510427
1.5973339
0.8879701
0.8843833
1.0002400
0.9963571
1.0314560
1.3922250
1.3902639
0.8733412
1.1540738
1.2677149
1.5239757
1.2904053
1.4485744
1.2818214
1.5291085
1.2385234
1.5220267
1.3149234
1.5237204
1.1681390
1.4472941
1.4004389
1.3826016
1.5585907
1.2817423
1.3469263
1.2762448
1.2388717
1.1687726
1.2536772
1.1989802
1.2087854
1.2961296
1.3168672
1.2905546
1.2481765
1.5018089
1.5388494
1.4705886
1.2732174
1.4748212
1.3425106
1.4979410
1.3604326
1.3761044
1.3657844
1.3247747
1.5275532
1.5050442
1.5022827
1.2841482
1.2689179
1.3678247
1.4476893
1.1769993
1.2861620
1.2369136
1.2508085
1.7488325
1.3927215
1.2353392
1.3185536
1.2016733
1.1711863
1.5248777
1.2636067
1.2666137
1.5120422
1.1872160
1.5031606
1.5044653
1.4806522
1.2414024
1.2720262
1.2529526
1.2443804
1.2239524
1.2452830
1.1688839
1.5222536
1.2570330
1.2697901
1.5301652
1.5128872
1.1915718
1.9136705
1.4896570
1.3838893
1.4105940
1.9840881
1.6276183
1.3422911
1.5703044
1.9304552
1.2516345
1.5481702
1.3544387
1.4058090
1.5644796
1.2609645
1.6759984
1.3415240
1.4545501
1.3525119
1.4214333
1.5804626
1.3770351
1.3241695
1.5086974
1.4097254
1.3907365
1.4118938
1.3849298
1.4677075
1.2857378
1.4537874
1.2676321
1.3855957
1.6308395
1.4994830
1.7146676
1.7630074
1.5115222
1.8635832
1.4902756
1.6477866
1.8877190
1.3255839
1.5292680
1.5427849
1.4755896
1.4527693
1.7069668
1.4021623
1.4978148
1.5439965
1.5941424
1.4667794
1.3716393
1.4797640
1.4742724
1.5499004
1.3139696
1.6180379
1.6216621
1.8348984
1.3109847
1.3395451
1.4941082
1.3560897
1.2831355
1.3000450
1.1969668
1.1555539
1.6864107
1.5424443
1.2688348
1.1408962
1.4867344
1.2378125
1.1501826
1.1307327
1.7187331
1.5019110
1.0429109
1.2069160
1.2111949
1.4886074
1.1425231
3.5689027
1.8801702
1.2592481
5.4915705
1.6702577
10.7665949
13.3344440
50.0936928
8.1641893
10.1762495
18.2093163
5.4099622
3.6306508
3.4853101
1.6386042
2.5678141
1.5787003
2.6723320
1.4757680
1.5552073
1.9236588
1.7868552
1.2419864
2.1951690
3.2462883
2.7606602
3.6782658
3.5460804
2.1065888
1.7831160
3.1869891
2.7922127
2.5257268
2.6716421
2.3161387
2.7089412
3.1586113
2.2479780
1.0428237
0.9765983
1.0230083
0.9868636
1.1561135
1.5999857
1.0543394
2.5012157
2.4274817
1.3785318
1.4800733
1.9201299
2.3358035
3.1109579
3.7058139
2.3817236
1.9742516
1.8774861
1.3519095
2.0995038
1.2958032
1.2646121
2.0031426
1.2875164
1.0092245
1.2955753
1.6805648
1.6905351
1.7327251
2.6188452
1.2313745
1.0674120
1.2121958
0.9926994
0.9354145
1.2993039
1.7117007
1.6991260
2.6532702
3.7723219
2.6258457
1.2279128
2.6328976
2.1130080
1.2206209
0.8483609
1.6594776
1.6535733
1.2171452
1.6564566
2.5951731
1.6473644
2.1126873
1.4343636
1.0798992
0.8395356
2.1065755
2.3884821
0.9187498
1.6470065
0.7177330
1.0629567
0.7337047
1.6017227
0.8972241
1.0863974
2.0906126
2.0997097
1.6271181
1.2896904
1.7761463
1.2333205
1.6598793
1.2211739
1.4627769
2.6780868
1.6779522
2.0657554
1.7238927
1.0882430
1.5640967
1.7855902
0.8056436
1.5337610
2.0341561
1.0313712
2.5976925
3.3690488
1.0442564
2.4136968
0.7219241
1.1712956
0.4453379
1.5883815
1.0064803
0.5849900
1.6333945
1.9090520
1.2262292
0.6519639
1.1911077
0.6393822
0.2354126
0.2851735
1.2303852
1.1252255
0.5876942
0.7512596
0.3735140
0.5758898
1.5769994
1.2102574
0.3271692
0.2597427
0.7083463
1.0878922
0.6602829
1.0973612
1.1554399
1.6618334
1.0510850
1.5554513
1.5327637
2.5790615
1.7449684
3.3291631
2.3279634
3.3315876
2.2139931
1.5933149
71.8205566
2.6346579
21.4359608
87.2651596
7.5195889
0.7142359
2.0349951
1.6538601
3.3299577
2.0063088
1.0124213
3.6251547
0.5896997
2.5502896
0.5391185
1.0092551
1.4166399
1.1898611
1.0520432
1.3129530
1.0002691
2.4021926
0.5196040
1.4389998
1.3738720
1.8058957
2.1853747
1.6809646
0.8151745
1.1273906
0.5167285
2.1310043
0.5902302
0.5639636
1.0950767
1.4634075
2.5042794
1.8412437
2.5431631
2.6982582
1.9415007
2.4387324
2.7076302
2.6391492
0.5933644
2.2952800
2.7006576
2.0181048
2.3980651
2.4072359
2.0881433
1.0782403
3.1152515
2.0983484
2.2279270
1.9625946
3.0326822
2.8131666
2.5221944
2.6869743
2.3508070
2.6920743
1.8996313
2.3876824
2.2315266
2.6268525
2.5569518
2.1529195
2.4229474
2.7870150
2.2842679
2.9362721
2.4216473
3.2114522
3.0447552
2.5780442
2.6858048
2.7675877
3.2497323
2.6508117
3.1464264
2.3916881
2.3607075
2.4289582
2.0802088
2.7703533
2.7508209
2.2472363
2.4814184
2.9124434
2.5839071
2.2455809
2.5380993
2.1631989
2.4855030
2.1107578
2.3938043
2.4385419
2.0985703
1.7463129
2.2871144
1.8019096
2.7633491
2.1613591
1.9589287
2.3030539
1.9891720
2.2693977
1.7451528
2.4387658
2.4240527
2.0538778
2.3453960
2.3322628
1.9932648
2.0618265
2.3855836
2.7593560
2.8397622
2.6392334
2.5231712
2.1940856
3.1589241
2.8106101
2.4121978
2.6196847
2.6754701
2.6873453
2.8108802
3.1101623
1.8763944
2.0170603
2.5168343
3.1596794
2.5559967
2.7145464
2.4377029
