58.3844458
10.4524789
11.6480172
12.2914151
60.7747579
50.4648269
12.2648443
2.3288516
16.9033253
16.5831398
15.2953686
15.1322952
26.5891529
14.5463883
46.7498990
52.5438470
24.1378620
10.9529657
15.2767719
14.9112293
17.5511233
20.4479591
68.5544626
32.5377583
66.5588884
8.0363605
17.2889855
7.2368526
9.0592727
20.8325040
17.7546515
19.6294374
9.2806377
77.7145938
32.5732148
22.0302751
30.9372555
44.3094483
12.9730125
55.2240639
37.2729238
20.0150677
12.7449544
11.2955199
23.0235927
15.2168845
19.6814262
14.1338382
11.9691014
22.7089766
12.0796065
19.6082889
50.5732465
17.4700320
13.2100531
16.2120186
37.6749536
10.0702363
28.5220247
9.9237440
4.1752437
31.7058279
28.4576671
37.8778980
14.4049297
18.9281986
24.0500942
23.2826992
23.3160915
22.7018864
59.6896136
23.2802318
5.8501931
37.9571760
16.5428025
13.9847201
7.2163151
5.1630727
6.0613434
9.8039799
11.0150060
17.3894930
73.3288048
42.2209582
20.3767460
19.8583091
19.2048199
9.6828168
61.3580870
31.9224145
10.3782729
112.3259760
20.6388312
9.4143129
10.4700876
9.1151492
72.4785773
22.0375811
14.0314453
106.1577805
16.4690476
9.1538673
98.2377000
59.5471661
56.5194399
62.8210935
73.5934201
55.3967606
84.1249417
110.5010501
179.4546931
100.5383080
11.1004506
18.4262582
47.0789736
9.6322363
59.6648564
59.1116667
37.1493546
9.2861890
33.5510615
18.4595641
32.5259615
29.0929229
57.2657206
44.6216530
54.0725878
82.1943583
18.0623674
13.0715084
140.8277812
51.8664592
4.1941665
174.7340526
4.7792660
6.2159478
150.3898757
9.9831943
9.2072349
12.6724854
40.0804644
12.7321629
21.2969354
6.5864368
4.9892531
8.5051735
6.8427927
2.9151600
15.7087973
7.9563451
5.9652749
1.5199890
8.8678168
15.5211042
21.6020659
9.1261733
9.8095657
15.2041853
9.5278223
32.8992986
13.8411236
14.4718188
126.6919035
63.8974036
116.1706600
8.5028818
0.9959878
5.0408848
8.5508887
20.4887845
2.7771508
10.1656075
24.3416729
42.0223258
79.0100153
33.7803418
7.2083116
40.4445034
30.5328262
132.8077706
101.6637877
10.4286328
14.4959523
14.9893018
136.9304546
65.0819664
131.3078449
16.5143325
2.1608135
49.5788606
126.3217705
93.0275575
60.3784103
3.4170190
110.7370220
166.7850108
4.6424837
43.6513136
168.1729710
179.0374167
4.8310067
46.3009734
155.2637646
19.5197635
82.8271227
63.0200336
134.0237864
138.4220576
133.4773027
119.3216401
20.5239521
137.8098735
176.1465225
171.1835536
120.7807861
37.7105324
139.3668825
157.0081021
179.2633687
11.8004315
178.6126776
12.8294356
178.8994161
23.3708366
143.5259304
179.8210894
19.3574280
103.5089643
17.2282335
162.4721922
158.2773474
6.5945829
148.2073973
135.9016850
58.7764462
40.9654079
165.0479974
26.8027757
20.5557244
153.1435909
19.2809315
3.6243075
177.0318349
167.1023998
102.0326287
9.7390062
25.0280745
171.0081516
150.1615869
8.3308771
175.1237231
6.3356240
175.1540179
71.0554781
2.4032015
10.0368956
62.8993538
55.5940926
126.1870258
56.8821110
17.9936523
179.9128303
8.3976243
15.6596519
9.3828083
23.3303800
25.6942950
1.8638598
4.6620529
2.2696185
77.1210118
2.9332906
9.9732647
26.6101651
170.1569022
179.2483786
21.3107281
175.0651249
26.2622278
8.3117058
11.3483963
12.7531414
21.7295340
9.1344379
8.3607127
4.1636106
9.5093354
14.5727532
5.9782366
16.6637505
37.0831573
12.1400408
6.9886268
2.7962758
26.4399588
9.3214587
20.6867350
4.3651733
3.1179579
27.1688059
35.5341746
26.5603324
23.1896526
4.9388055
17.6748277
88.5967695
18.5051920
13.8217453
33.2673416
18.0155711
8.0011957
9.1214180
15.3458434
13.4254185
10.2794974
178.2214253
10.8780635
3.2033404
14.5339885
5.6345561
3.0454042
14.4794202
4.8631589
11.1375025
10.7419150
19.7157772
9.2600289
3.6234768
10.7043893
13.1507573
2.3725058
8.6451133
4.4400836
27.5400761
81.6934396
10.2311343
7.9430454
7.6842251
7.5725836
4.2576738
14.2456697
34.8812509
4.0295438
7.6998509
16.7019635
13.3839798
102.2665236
18.9471433
24.7217741
4.6365779
9.9257508
13.1352884
7.5488349
33.9685967
7.9706574
4.6879377
4.8524126
2.1824915
11.8684042
6.0364942
12.2378881
4.1504285
1.4727986
6.0815953
8.6689286
15.5264261
12.3936199
2.7343121
3.2082743
73.0785219
5.1549096
5.8976054
2.8577093
22.3114234
3.2943377
1.8489278
1.5663446
1.4788132
10.6083201
11.2560613
3.2402533
28.8536743
5.5221430
113.1133984
4.8130887
171.1733587
5.4684931
4.4522401
8.6655449
118.7241267
26.1711913
10.3238284
13.2590021
4.8240880
4.7047820
2.1944384
146.6331789
138.2299350
21.3808499
113.8165852
5.1107548
28.2360597
120.5651620
85.2138911
9.1103776
110.6003675
142.3486033
14.8295153
175.4931228
125.1857753
110.7742774
9.0470640
6.8969099
3.8243668
41.8816000
17.4922431
7.0010929
7.4551697
13.6067254
1.4396083
128.4401440
6.6892922
127.9427813
12.1584707
2.5594019
147.2758905
175.5152885
127.5092886
103.5342253
15.9304815
170.2777731
137.5919661
121.0921909
11.1505930
153.4953425
115.6904198
161.5991582
92.5631566
90.5683363
125.2126041
128.3023336
23.8098483
4.3530291
78.4812267
120.4470459
85.1114218
109.5781792
2.5304941
119.8201695
123.1658228
120.7198987
10.2336340
71.0270038
98.7523157
144.0344549
124.6265445
132.3362737
162.1963846
110.4874125
115.1217944
91.6839141
149.7500101
152.1259978
29.2585639
100.0451237
11.7821924
107.0920096
11.9889770
83.3698844
97.8708819
127.4158592
137.3603415
136.7363193
151.7081664
158.0748666
154.5003169
91.8785760
179.5551401
117.2210144
133.9916777
94.4003626
39.7991745
127.0356032
99.6153138
131.1994199
166.3153480
96.4247637
10.3901621
13.9994491
139.4330454
153.9417835
172.8951951
139.6522190
21.1410303
125.9587468
162.2797199
8.6838037
143.6262850
125.6723500
161.4112756
34.8185712
127.5824081
148.2787332
77.4198485
178.7557974
124.0495828
125.6334150
169.8304083
139.1106983
125.6332324
16.1362329
127.7536612
5.7350642
124.9903454
130.8856337
140.0467812
100.4329798
146.5767653
115.7724544
138.1457005
144.5754100
137.0568537
171.1250855
131.9838843
145.9165691
170.8474468
17.4826949
131.9278790
4.8286324
129.1485324
114.0253926
62.1281241
145.7435217
127.0107063
132.7046907
134.7846470
147.4141893
12.6308613
163.0888915
118.8454201
157.3206792
115.8831444
85.5678429
115.3232989
113.8604882
178.5886872
118.4440434
7.5490799
122.1542462
135.4439527
59.9937914
106.5761833
150.6988179
145.0801533
147.4537499
139.3107437
153.5738375
134.4540146
10.4448070
70.5267129
126.3513585
78.0524087
111.3133481
12.8878372
136.1549945
157.6017815
138.2499742
136.1184277
127.0171142
125.5856274
154.6917047
66.1553003
123.0042049
142.6703945
157.1487599
141.7433051
11.4369363
176.7697498
139.4393787
153.0130224
146.4082664
168.6998572
139.8071849
111.5427162
142.3558936
127.6585590
118.3413642
117.6294287
90.2248719
117.2601629
108.2492780
107.6244770
109.1173537
125.2257618
109.6702486
89.0278853
73.5634943
128.4975799
178.2634755
105.1302311
108.1991543
162.0428429
149.5020866
82.6150171
155.5161715
113.7659271
142.7512395
116.4233867
128.1636549
5.1485207
69.7123354
11.2271962
144.8438933
100.7631672
109.4257990
4.2494476
10.2319221
67.1253003
173.0491076
67.1386449
109.3138883
96.0221443
162.7663889
5.9533426
151.3667284
136.7094488
142.6222910
126.7362624
22.7388920
103.7768731
149.9999368
6.3035253
175.2048815
126.7830966
148.7144428
48.6905272
103.2367027
13.8190334
10.7520614
118.6209108
95.0673385
1.9556462
5.7832441
6.0159162
27.4163929
115.0038232
23.1698339
97.7691998
27.4090239
3.0780740
81.6364281
131.2427600
19.1262294
30.3452866
2.8587098
23.1052796
2.2660572
4.6773278
44.0673599
8.0826595
6.8892597
26.0453944
6.3784139
2.1636116
3.8187438
3.2302918
2.4822423
2.5193819
4.5023843
2.9797758
2.7630495
1.4886597
18.1941197
18.4074733
13.8545106
4.8782049
2.3678503
4.6334616
6.6636346
4.0666853
2.1274258
5.1514225
84.9160410
23.2168123
4.0300331
4.6734181
19.5831351
7.2682453
9.1070505
9.1567546
96.8442740
7.9667280
139.8581391
69.2338602
12.2079182
166.1518702
101.2213905
86.3066486
98.3216542
1.7377579
10.2351360
6.5742866
7.8860951
21.2601303
4.3822519
5.1480070
5.7358247
92.8100533
12.1180019
5.1143629
8.0531361
8.2795053
14.8257267
12.8559883
4.4514325
107.0270173
17.9805213
117.2529467
3.0331387
13.1160284
5.6838944
6.6314788
8.2060416
78.6701468
5.0707783
3.3538478
22.9106747
10.8084006
70.1312226
63.4811425
4.3236475
149.1309069
20.8738815
3.7490258
18.7293911
2.2130102
3.3679278
4.6707973
9.4864268
3.9682051
2.8030179
2.1808668
6.4633123
2.5876147
10.4777032
2.3939208
5.0215333
4.4117094
22.0344850
2.1271403
7.0154412
3.1424972
3.1460547
5.2347678
2.7720209
15.7677659
7.3906080
2.8305431
7.5699336
3.9133746
2.7195243
3.0256368
7.9734456
10.5899304
6.1364653
4.6821644
4.9744671
6.5815613
8.2099597
2.4608134
2.3479365
2.8529664
2.5872462
7.3662701
11.4026310
2.8017933
5.4888980
4.2812674
9.7337890
5.4977945
4.5920083
2.9815477
4.7598969
4.5709174
4.0357783
3.6890463
4.2694511
5.2240432
12.9141820
6.3075092
2.9135816
2.5395293
3.2471227
6.6194356
1.2709859
3.3274811
3.5781123
4.6201889
10.4861771
2.6374057
5.2504986
4.0095782
2.9610468
5.3449156
1.2633797
4.4885596
2.6950142
1.7380600
5.1374296
2.1068689
4.5815249
4.7862480
2.1187072
1.8448474
3.2556945
5.9861874
1.9860866
4.2510180
5.5529847
2.5497538
3.5032026
3.6572002
1.0731119
3.0572547
4.9769317
2.4799614
3.4936685
3.8120872
8.2580656
6.5923882
1.2723366
11.2303461
11.9061907
3.4679879
3.3564813
6.3968221
1.8937295
4.6100734
9.2049799
2.3054115
7.4613641
1.7684699
1.3704629
1.9327642
2.1790591
1.7499406
2.7361322
4.2912337
9.1562554
3.3212523
1.3342660
11.0106757
5.6945497
6.5769832
3.3515376
11.2672444
8.3764476
6.2521703
10.5381988
5.4644580
4.8717924
8.2124357
8.3761689
8.7378521
30.1859479
17.4612046
7.6361871
9.1716371
4.9809733
10.4836497
8.7735078
12.0468712
14.4997827
8.8171697
10.4822180
3.5420894
4.0030181
9.0049689
6.8450396
4.1462545
3.4571020
33.4353460
5.6812152
28.9402287
68.9743642
20.8876045
20.7422856
19.9797824
5.3573495
19.4901870
6.8038732
3.1563587
3.0478814
4.5616130
8.9263551
12.5067414
9.9295381
7.8710454
8.4404914
13.5374823
2.9564426
7.2865928
4.2596064
6.5864383
8.7597782
3.1383629
2.6403702
9.8142695
3.5186446
8.1708107
4.5515900
3.6261731
7.2484454
6.2215290
3.6487960
14.0811481
8.3677445
20.4271700
8.9855664
7.7393861
10.2515523
5.1154402
9.5638340
11.2505534
13.0286570
13.7207523
9.9094453
16.0127747
3.1586437
5.5611714
4.4877522
52.7994033
1.4961710
6.9531659
10.6217436
3.5921497
4.7829593
5.0952099
7.9165963
5.5589624
6.3964367
6.6970317
6.2954403
7.3597104
4.2557545
6.8654482
2.5530745
3.4686507
4.5532437
11.4225769
31.2020524
20.2841195
7.3072789
4.9582686
8.3368942
4.2072199
4.4348377
0.8478197
5.7384195
2.2611529
3.0736121
9.7136878
2.1852285
7.8590563
2.1823841
2.9537993
1.8714882
2.2737342
7.4911612
2.4354614
5.7211678
3.8654624
10.7768686
7.3168237
5.9704682
1.2496453
7.5861863
5.7716725
9.1476027
4.6007757
7.1524114
2.4338996
2.4284090
8.4046004
2.9785601
22.9508356
5.7494450
0.8841941
5.0075766
4.1062642
3.9102623
24.8132833
2.3326878
18.5430938
3.9787434
16.7822731
11.6396387
3.9517569
9.2666169
16.4881621
3.1273920
4.4400932
3.2768150
3.4376141
4.5959043
2.1548947
4.9440691
7.5194824
8.4011544
6.6240811
8.1231630
5.6617669
4.1128009
7.8826258
4.7848006
3.3988299
8.8583032
3.7930844
12.5180366
4.6213311
1.8801496
3.1426283
36.2971217
4.3759014
6.1460864
5.3535945
5.0587356
10.1044004
5.8393316
6.3194210
5.6557719
13.3785159
8.8718562
4.0902518
3.9822536
4.8770527
5.5348276
4.1599764
2.2397073
4.5857177
7.5826855
1.0412279
3.5794458
1.6123061
2.9566713
3.0989080
2.3111848
4.5967517
3.0759422
2.6435325
3.9729477
6.3306076
6.8627413
2.7181802
2.4829051
6.8449797
4.0381758
5.5770420
5.0451005
2.8343154
5.2163590
2.5473738
5.1969326
5.6851308
2.9551222
3.4925470
2.5756445
4.7306129
1.7046868
2.8938450
2.8281482
4.0448904
1.6022345
3.1849368
7.8713882
3.9372583
3.2940340
4.7413359
2.5761433
4.0454231
3.1318793
0.5219826
2.6542152
4.2810047
4.4540518
4.0508006
1.6355660
5.1025052
12.5842752
0.3432165
3.6286807
5.1229226
2.9486429
3.8457864
1.8078813
4.3320809
4.3659542
4.7181791
9.6325216
5.3086925
7.3064206
8.0041516
1.2173404
4.6374396
6.2004989
0.9483995
6.5295472
6.6031847
8.8781678
2.1421847
3.3338503
2.0357769
3.0247731
3.1793372
5.4042202
4.2853902
7.0351073
7.3246886
4.5589743
7.2930499
3.2766497
3.3310049
2.8582567
8.1996458
8.8859040
8.6785712
8.7091533
4.1312983
2.5601852
3.2138720
4.0387499
5.0611971
2.7400737
5.5664706
4.9419018
4.5156662
6.3060063
1.6013361
6.0225777
9.2903256
0.5101658
2.5717082
2.1114612
1.3785266
3.3439930
4.0817329
6.0070093
3.1952438
2.1459615
1.3862546
4.2923924
2.5623915
0.9324370
4.7857904
2.0300624
1.6361199
1.7580862
2.3616941
3.1564645
1.9713829
2.7204053
2.3290267
1.0995192
1.8894891
2.8112248
2.8261296
2.7297093
3.4598776
2.2725398
1.3195659
2.3401101
1.3872002
2.2221341
2.2449273
3.3571499
1.5415410
1.6761962
4.0565779
3.5828545
1.5530315
3.7634668
4.5078701
3.0027338
2.2317644
2.1498077
3.9270725
6.5024912
3.7118641
2.8162941
5.8523615
2.6697217
2.8800477
6.9371204
4.6458092
2.8810431
1.3422915
1.5756734
2.4986335
3.6430803
3.8823784
3.7966781
2.5141460
2.6700780
2.2870831
4.5740487
1.2612870
1.0013029
1.4087527
2.8570675
1.7912855
1.2708954
3.4191656
2.4085229
1.9222721
2.1491081
1.8214633
1.7341699
1.4058001
1.3281354
0.7413460
0.5758748
3.3489779
0.7295087
3.2572291
1.7554583
1.8692268
2.8276132
4.3868737
0.7422364
0.7286825
1.4479677
2.2356340
0.5660225
1.0002352
1.9233118
2.0583761
0.7776646
2.2062747
1.1003749
1.7071610
1.9576562
2.7004472
1.5250794
1.1753835
1.1034543
3.1117112
2.4934280
2.0561302
0.7829043
0.8996183
0.3599544
1.5016007
0.9022526
0.6101116
1.0179014
2.9816361
0.6792287
2.3289980
3.4709043
0.9732432
0.9063374
3.4867725
1.6554822
1.8287402
4.9650519
1.2079593
2.2535662
1.3664329
3.3413639
1.0541589
0.9144586
4.1168266
2.0155335
1.8650722
3.4009117
1.9069481
0.9891234
1.5887118
1.0689725
1.3548208
4.6633807
2.2516522
0.7201072
1.6639805
0.3987796
1.2148054
1.1909838
2.1749651
2.2720058
1.3211143
0.7795150
1.1747436
0.4638330
2.2087030
1.3560110
1.4442140
1.3647138
1.3283947
2.1619067
1.5522678
0.9960138
1.8542912
2.7932642
3.5880646
4.6138090
2.5557010
1.2818436
2.1916710
3.9455822
1.4310346
3.2211800
1.7369276
1.9774674
3.4188267
5.5761639
5.6720930
3.6943440
5.6090595
3.1796179
3.2587363
4.5543136
1.4552750
2.0165482
3.1282842
3.3438682
2.3949133
1.3525232
1.6027276
1.8104866
0.3874820
3.1047464
3.7846107
2.3330586
4.8067255
1.6965526
1.7902544
3.8759886
0.9948763
4.0014896
2.0453918
1.2917857
3.6956978
0.8404670
5.4255979
3.3026187
4.3766647
2.8841402
2.2135337
2.7533046
2.8567830
0.7553774
2.5470207
2.5338272
1.9456734
3.5829521
1.9647837
3.0101168
2.8475720
2.1103292
2.0958476
2.3788976
2.6730463
2.2465077
1.6766172
2.1690714
1.8454254
1.1084113
3.0971698
1.4372891
2.3285877
1.8607147
2.0488833
3.4903745
2.8953350
3.0772867
2.8753744
2.8860581
3.9009159
3.4473521
3.3391910
3.0348890
0.9430505
1.2250329
1.2306093
3.0013592
1.4612667
2.2233242
8.8703573
1.7967103
1.2920269
3.2578245
1.7798273
0.9548985
2.5376242
2.1615436
8.1258921
1.2763585
2.0433206
1.9258731
1.9272018
2.4374924
1.8060965
2.4969094
1.6225676
2.1548010
1.2950540
3.4474573
2.8118462
1.9438672
2.2135787
1.7399832
2.4408101
3.8165223
1.7601926
1.9574653
2.0942342
2.1874627
2.6635987
1.4176615
2.8959284
0.2373601
3.0351991
1.9295635
0.7564722
2.2288813
1.8875726
2.8593725
2.2592737
3.2076757
2.3679541
0.6629885
2.6597090
1.1984623
1.7701472
0.6264099
1.5324139
1.8585708
0.9050887
1.3480530
3.1379112
2.2279679
3.2202360
2.8653734
2.4042483
2.0599390
1.8666583
2.6194575
3.0080266
2.3205458
2.9911410
3.3067806
2.4796923
1.7037156
2.5538688
1.6707011
2.2035233
1.4378958
1.9769430
2.4286143
8.3098520
1.5342533
1.4188837
1.0396326
1.3606676
1.5710843
4.4356783
4.5547347
1.7265756
1.6683505
4.3107205
4.6570266
3.7958811
1.6465729
0.6198126
0.7652473
1.8714274
0.4972848
0.5905579
0.8266434
1.3028836
1.3760371
4.2558601
1.7525148
3.2612720
5.5337892
3.6660391
3.0067778
0.7004101
3.5814711
19.6815901
3.7659426
4.7732545
3.7369673
2.2502970
0.8305254
1.5052499
0.7499878
2.4746758
3.1308558
1.9203316
3.1222747
0.5148560
1.1197705
2.7519903
1.8736939
3.2181631
1.7822548
1.3399107
2.1056911
2.5503326
2.6111184
2.1336044
2.6073783
1.6492734
1.9190096
4.0558588
1.8106605
2.1663269
2.2550612
3.3517977
2.5021933
0.6640070
2.6417454
1.8136897
1.1922533
2.2556132
2.2705282
2.0476030
2.9153072
8.6364321
3.6226498
3.4188587
4.8071006
1.9036992
2.6137075
2.6041003
3.0529413
4.4735422
1.6022671
4.3547725
5.6141311
4.6393670
1.3202878
2.1363435
3.6568729
0.9883601
1.2933680
3.5219572
8.4521280
4.1654804
6.1157910
1.6518804
3.9238422
5.2600421
2.2769090
5.1441208
1.6118902
1.7679158
3.1896457
2.2308788
4.5236167
4.4455905
0.7607993
2.0584763
1.1738691
3.0421837
5.8571667
3.7644491
0.5320662
3.3901475
1.6343015
1.5641615
3.8476284
6.0777105
7.4240714
10.0413019
4.4663636
2.2910954
6.2801916
3.1755288
3.1798805
1.1434970
1.8479250
8.8130528
3.7766433
2.9858263
2.0216219
2.9748457
4.8282768
4.8795715
2.6254739
2.7830452
2.4928697
3.5160790
4.5702335
5.9122049
2.0121990
4.0788928
8.7096472
7.2905567
2.8383074
2.7883622
5.9411114
2.0259680
4.8866979
8.2458793
5.1284609
6.8689299
10.6024538
3.3123388
4.9773700
4.1242949
7.4576081
3.0728853
1.7717789
5.2082873
4.6516534
5.7597710
2.6911589
21.6421787
5.0950506
3.0035174
3.2893920
8.8554672
6.1458565
5.8320804
2.0072011
6.0886989
2.0288922
3.0103367
4.4536620
9.7338430
6.0215301
5.7363949
4.4113659
5.1980942
5.2058541
2.3460411
2.9036237
10.1543110
5.5248250
7.1566129
3.5843278
4.2336687
7.5217648
7.7518608
4.6690099
2.6773197
6.2664233
5.3627733
1.7874377
2.3390927
3.6636735
2.2027881
3.3618801
3.5884312
6.1734732
3.6801144
5.8203581
6.0233179
1.3854791
6.9526872
2.1160373
2.7210112
2.8933729
2.5592112
5.2924967
4.4924492
2.5995229
5.1826299
8.7613205
2.9654030
5.4211064
2.1686257
6.2719502
5.6063543
3.6636770
9.4947145
3.5853160
6.8339838
4.3981219
5.6723571
5.8679239
3.9973701
7.7192941
2.5870997
8.0378080
6.2718836
5.8702269
9.1379068
5.6202208
3.5421739
3.9995143
0.6941595
3.7695407
3.5498716
5.7547744
10.8916312
5.6478516
7.6204251
4.6752380
2.9064922
3.0926207
5.2082036
3.0486222
9.3120239
4.5992450
3.9083080
3.9505727
3.5581440
7.8675681
4.0065922
4.6998980
2.3704421
6.7367921
5.1857211
6.3700351
3.3012425
8.0502737
1.6886341
5.0158990
2.8326167
1.9962858
5.8201385
0.8130045
6.1892062
2.5867744
3.4022457
6.5502081
1.1373179
4.7638818
4.4167145
3.4936674
6.1909774
4.3326761
4.3293016
3.4932022
3.8500369
7.9758982
3.6400173
4.6299047
3.1804872
3.6188560
3.4307676
1.2495078
3.9597962
8.6935116
1.6840581
6.6939221
2.6933970
6.1161094
0.9443911
1.8496329
3.2650278
3.6427216
1.5886511
4.1778118
4.1748642
1.4130339
3.1539308
1.9809439
3.3302157
1.7060873
1.3811348
1.2506862
2.7735084
3.3476718
5.9982427
1.4965641
5.0162767
2.2471718
6.0513275
2.3352331
2.0766285
1.8680450
2.0161681
3.6884493
1.9623736
1.9543358
4.2951306
3.9627621
4.4898013
5.7012612
4.2899168
2.5671784
2.6004345
2.1476703
3.2647401
6.3201905
3.0729541
0.7968416
2.1299684
6.0895484
1.8271954
3.8589621
4.7274259
1.2596547
3.2722421
3.6563089
3.6479130
3.1096602
3.7048053
5.3936348
3.5566793
1.6117954
3.7600481
6.3749243
3.4395594
3.0905410
2.0573607
3.1514432
4.3781776
9.1657775
6.8559244
6.1834352
1.9902264
5.6352783
6.4739381
3.0175946
4.2820692
6.3304204
1.2018978
6.8884808
3.4926209
10.3557813
1.0425645
3.9478888
3.2190740
1.9650275
4.2125343
1.7081646
3.3540842
1.7055021
5.6079047
3.2607811
2.8225070
2.0108171
1.1863508
2.7424445
2.0638664
3.4938677
3.3512399
7.5716011
3.2246935
3.3243733
4.2804688
2.7990136
3.4251683
9.4315624
2.4777327
2.2957387
10.2058823
3.9525199
3.9437345
3.2791724
1.0390367
4.7189872
2.3709413
2.2726719
5.3631508
3.1032487
2.0222259
1.8443276
0.4707167
6.2973066
1.9045838
2.3965009
1.6881986
2.8971477
1.0613215
2.3176644
2.3743357
0.5786780
2.4584084
4.4827623
2.3062754
2.2157803
10.2296465
3.3440596
5.1092142
8.3826176
2.5705646
3.8685264
2.0000511
5.1354486
1.6560146
1.3138130
1.0209411
1.9395310
1.8959940
2.3493184
5.4496875
3.9174954
2.3805430
7.7622421
4.1072574
2.5347876
3.7876850
6.5254702
4.4107158
1.3950590
3.0107537
2.0170873
3.0502907
1.9342136
16.1930827
5.9308918
1.7980245
7.0047032
2.7171312
7.5298485
5.6745799
4.9280345
1.6778895
4.5648792
0.8079260
1.6959154
2.0780353
2.6825991
3.8752352
169.7358943
2.9025653
2.1921665
2.5784139
1.1086970
6.0685820
1.9987735
3.8433579
2.1468220
3.5799146
7.8712515
3.3122973
5.0081937
1.8711400
1.3133419
3.7216029
1.3479756
3.7746864
3.0242670
3.7382606
4.1342230
2.8540003
6.2472088
1.6156509
3.8659747
2.8337994
5.1707170
6.2837078
1.9793952
1.2242563
1.5195932
1.7808828
0.8485392
3.0047780
3.3048956
3.6536508
1.6750930
4.4278113
10.4593547
2.7575109
2.1054246
2.7065912
3.3065507
4.1539896
2.9843484
5.6588205
7.2481744
6.6766349
3.1425010
3.1749329
3.2749534
2.9288050
3.2598076
2.5848679
1.9140882
2.8914280
1.9872672
2.7177904
2.2384483
2.9079901
1.2867344
2.4295481
1.2008078
1.0246918
1.5762171
2.5180386
1.4975808
2.4983329
6.3027298
1.8829194
3.3904900
3.8919666
0.9057865
4.4930147
2.5127833
3.3737510
4.6491220
3.1798057
6.7757626
5.3649123
3.0876179
5.0000827
2.0538015
4.8571761
2.3977151
1.0390196
3.3031507
1.6439551
3.2860531
1.8752410
1.7877175
4.4909466
2.5114668
2.7245996
5.0562223
2.4021338
1.9011868
6.4744850
2.1255371
7.2432113
1.7378073
2.9514070
6.0331517
5.2318276
2.2258149
10.6171470
4.6184753
1.5344816
6.4760694
3.2025695
1.6045393
3.3064943
4.2685032
0.8766104
3.4320675
2.7505622
3.9342805
1.3382684
3.2825953
6.1240879
0.9745455
2.4771556
2.2478990
2.5707703
1.8334514
1.1463320
2.0102932
6.2470611
0.9158422
3.0776952
2.0817430
2.3982046
1.7086876
6.0571350
1.1682168
1.2447996
1.0605995
3.3505635
2.5231322
1.4690781
4.6889695
1.1148686
2.5779930
3.2228211
3.0575910
1.3155064
3.1488481
1.1442332
3.0607319
2.0581026
0.8970692
2.8149187
7.4658321
1.1638870
1.4502223
25.0914882
2.0514366
1.0608568
1.2294639
2.3124326
3.1944160
2.0273203
3.0929262
1.7141067
3.7721340
3.3748638
3.9599482
2.7077010
1.9374965
2.2005775
3.5968655
1.8593533
1.5233387
1.7517935
3.3978458
3.0930510
2.7636884
2.7509769
0.9591450
3.0216128
3.0440216
2.0046564
3.6544160
3.4540152
1.4885511
1.7686065
1.9655978
2.0358020
1.2842613
2.0448619
3.6849974
1.2229835
2.3857542
1.5911613
3.8681545
12.1345649
2.6824662
0.9787525
3.8620989
4.1068744
2.4984636
3.6570833
1.6825936
8.4723453
2.3514067
2.8987810
2.4372938
1.8464468
5.7461566
4.1099132
1.8325418
3.5422004
3.5566955
0.8470347
2.5423811
3.4154822
4.2704384
8.2846265
4.1394890
4.2603442
2.6467975
4.3912556
8.8915807
3.4814832
2.3265225
17.1550934
4.4144248
2.3815842
2.2376554
1.8244381
2.1409675
1.7090795
6.1643193
5.9471825
5.5403707
4.3887419
1.7152689
3.2429459
20.6824422
11.4770696
6.8991100
3.7630854
20.9749077
16.2439801
12.7047237
3.9550773
9.7611167
25.5300659
3.3281097
3.8362979
5.5861614
3.2463971
8.3255681
2.4614798
1.6591677
5.9574415
4.1666312
4.6638518
3.7814919
2.6930320
4.6633007
2.1545171
3.0032740
0.9465111
2.1141616
3.7105888
3.7031284
2.7132056
2.0899568
1.6844605
2.0547806
0.7465855
1.3996527
4.3708880
2.0014982
4.2330696
1.3147149
3.0119910
2.1534988
3.3644480
2.0146612
2.3239076
0.3161966
2.1612148
3.1724353
2.5333338
1.5791025
2.1268954
4.4421155
1.1981076
1.4399416
4.6354596
0.8932350
1.2765304
1.9440290
2.9078494
2.2708668
3.3512124
2.3416938
1.3220490
2.7519343
1.5216869
1.4431443
0.9103202
0.5004827
1.3495344
1.5240492
1.0823904
1.4823785
1.3219107
1.5656198
1.7475631
0.3173415
1.0335596
1.9391754
1.6759500
0.6771040
2.2289706
2.5180344
1.3600944
2.6631549
2.5273664
2.8682976
3.3153346
3.7687059
1.4970584
2.9113690
0.9486706
1.6640506
3.8952497
1.1741073
1.6823368
1.5910684
3.4693771
2.4225073
2.0770796
1.5947504
2.5126354
1.1553945
3.7652485
1.8774735
0.9273456
2.3110926
1.1963442
3.2906875
0.8878161
2.1882914
2.3885683
1.9276258
2.4863199
2.5227980
3.9706216
14.8985283
3.0624789
2.4453563
3.6622819
1.4313360
1.7205435
2.7055752
1.9159650
2.5340424
1.8574896
1.1546458
1.1368459
2.1965508
1.1371915
2.1048295
1.2998294
1.7505057
3.2390378
0.9066211
2.9529671
3.7283513
2.8411069
3.8260829
2.6619469
3.4121292
2.5871281
2.7875910
3.9626815
3.2556064
3.7260752
3.7673820
2.7539139
3.4478179
1.6425360
3.0788437
2.6048215
1.7687861
3.7459319
3.8442375
3.4804363
3.1384396
2.9588728
2.6256986
3.3307524
2.2819338
4.6001353
3.1505426
2.8024802
3.4589289
1.9743653
2.4387852
2.7454046
1.0238898
1.0437179
1.2768363
1.1780468
1.2146969
2.1205258
1.8578440
2.5671626
1.1296840
1.5589116
1.4307054
2.4459867
2.7293167
2.6810592
2.1814368
2.2322932
3.0367252
3.5683679
3.0966110
1.8781973
3.4007625
1.7529137
3.5469853
1.9465483
2.1836598
3.2151978
2.3321800
3.6876629
2.1433835
2.2202978
1.0112790
1.4743437
0.7496420
1.2959949
1.9597945
1.4227011
2.0162258
1.6434024
1.1504683
2.7737503
1.8038804
2.4587781
2.0400418
1.6586284
3.7482446
2.1787753
3.4526943
3.4862173
3.2945020
3.8745806
5.0825023
2.3649067
1.6161968
2.0121874
2.9606818
3.6700166
2.8096229
3.8080937
2.5676586
5.0224931
1.8914253
2.8544064
3.9642986
2.7137272
2.4313061
3.4204489
2.2710781
1.4333415
1.4484970
4.5546320
3.3949791
2.7930471
2.6490687
2.2940238
2.1733683
3.1294061
3.3356436
4.8792092
2.4821143
3.4225601
2.9779788
1.6824005
1.0480697
1.3649710
3.3495474
2.2569932
3.9218555
2.1933706
1.3173109
5.0068189
2.4392104
2.6647444
1.3861334
2.5526453
2.3272095
0.6892942
2.3275115
3.1127622
0.7326201
2.2836829
1.5219364
2.5186645
1.4849824
2.8944069
1.4470062
2.0071814
2.5907004
0.3352133
3.3375979
1.0730821
1.6257734
2.0437313
2.8492621
1.9733735
2.3136016
2.4264505
0.6398160
2.6573437
2.0218399
1.9068165
2.3426577
1.2281948
1.9904766
1.0096672
2.7920653
2.0678616
0.5405664
2.9661392
1.6753147
1.2486147
1.2505140
2.3375335
1.7703287
1.7832750
1.4643476
0.9064347
1.1892415
1.4144642
0.9112977
1.9363980
1.3917887
0.5047062
1.7742734
1.0316323
2.5577404
1.9729026
1.3430162
1.5594435
1.2331534
2.4645954
2.0551359
0.4570511
1.2934874
0.5490150
1.0571268
2.7719136
2.1941276
2.3484028
2.1569564
1.4274111
0.9352822
3.4676953
1.5266656
2.0337844
3.1328828
2.5219932
1.5628755
2.2727232
1.7447418
1.5384697
3.3823119
2.0989575
0.8815019
1.3184826
1.9604154
3.0884374
2.4175471
0.9079609
0.9147308
1.5144669
1.4794083
0.5562877
1.3604824
1.0699993
1.0406996
1.4429759
1.7516243
1.8679546
4.0643966
1.9885645
2.9462963
1.4375767
0.5986026
2.0798560
2.5271799
1.6575212
1.5928859
2.3308515
2.5569257
2.1038402
0.8221867
1.7651422
1.9528142
1.9064120
1.6516649
0.8065636
2.3232980
2.0197701
0.7513616
2.2027733
1.2273450
2.1356734
1.1546487
4.0031688
2.7705034
3.2592543
2.9547549
1.9853342
2.0339155
2.2914831
1.9284567
3.4275261
2.3244411
1.2000855
2.8896121
2.2554941
1.9822140
1.7223706
2.6137767
2.1773171
1.9768987
1.6473654
3.1227930
3.3913246
2.9464907
3.4391092
2.1666447
1.9507816
1.1732426
2.1121388
3.5149109
0.7512146
2.1450862
2.3762952
1.6461705
2.6411983
1.8090511
0.6229552
2.4194130
2.9537013
1.6637816
1.3049999
1.7795667
1.9193263
1.5160264
2.2235393
1.5145222
3.0645324
1.6202363
1.4026700
0.6037864
1.3481172
0.6905715
0.8660931
1.2117530
1.5275279
1.5470497
1.6678387
0.9589309
1.2888372
1.5342122
1.9063008
1.2078791
3.3077417
0.4451061
1.3568809
0.9760780
1.1172041
1.0794696
1.2408757
0.4512756
0.9761605
1.4218239
0.8745060
0.7293328
2.3599829
0.6132274
1.2971890
0.9275517
2.0021233
0.7687548
2.5319937
0.8575326
1.1245714
1.7795229
1.0759908
2.2923838
1.0676687
2.0940368
1.7493405
1.9850119
2.8397163
2.2732596
1.6028076
2.4987077
1.1663338
2.1597173
3.4020299
1.7410071
3.1696580
2.1288893
1.0815466
0.8007353
3.4399559
2.7608516
1.6149682
2.9550349
1.0879227
1.0551002
1.5403507
1.1279269
0.8284215
1.4523687
2.2242308
2.9032712
1.9337737
0.9036021
2.1374681
0.7049279
2.1684876
2.4271299
1.0778610
1.5824432
1.7128025
1.4398701
1.8301707
0.1504396
6.4417207
2.0156701
3.2878791
1.4587250
1.4082136
1.7861578
0.9419088
2.2298960
1.2437888
1.4327471
2.3576222
2.6322245
1.1814766
1.8720199
0.4565264
2.8182849
1.7145599
4.4077065
1.9121548
1.9492604
2.2261609
2.7655601
3.0908488
2.6819409
1.2287746
1.8607023
1.5919858
0.9951203
0.3395019
1.4409904
1.9358834
0.4553442
1.0151794
0.6146305
1.1535121
2.0407412
1.1424207
2.1353237
3.7035453
1.1316105
1.4934851
0.7033990
1.9904539
1.9548933
1.6682130
1.9680893
1.9249465
2.1517447
2.5535345
2.0196363
1.2549373
3.4356006
1.5691331
4.1948384
1.1260228
2.9483409
4.0614742
2.0483598
2.4761209
3.6624555
3.1435224
2.1818030
1.5935558
3.5391805
2.0101107
1.8149210
2.2803039
0.2502066
2.0895871
2.0222424
1.4325239
2.5178730
3.4793284
1.4373800
3.3550109
1.2022196
1.5656536
1.5607187
1.6067497
1.2860111
0.9500862
2.3111544
1.2541838
3.6841184
0.8033239
2.2216941
4.2950682
3.5949889
1.0917579
1.7730554
2.4004171
2.2341612
3.5506948
2.0999702
1.1204370
1.9371849
3.8959113
1.7474681
1.7172192
2.4083240
0.8560082
1.7077837
2.2697356
1.3059254
1.5853558
2.5399687
1.1677174
4.2219127
3.0814603
3.1730274
1.4901727
1.7082587
4.1912608
3.0126758
3.6871154
1.7787336
1.7745649
1.6399995
1.3444274
3.3050281
2.0976596
2.6165762
3.5923505
1.6409597
1.5315879
2.7816051
2.5761455
3.6326884
2.4144273
4.3787520
2.9180293
3.5238009
2.8679164
1.8198237
5.0529891
1.0451404
3.6264763
4.1670211
2.0994634
6.8262771
1.3547996
1.0072913
1.5247454
1.7845937
3.0956718
3.7378880
4.5432722
0.4687870
2.9299667
1.6229738
1.3478925
2.5134970
2.5306328
1.6237247
2.1920276
8.3733699
3.1914264
2.5499123
0.9505752
1.9048150
0.4137702
7.6570772
3.1851983
2.2040496
0.9312873
4.9666855
3.3580825
1.0901849
2.1531952
2.8933028
3.9458260
1.2207998
1.3870819
1.2321394
3.3112015
5.5836825
3.0406752
2.1312907
3.4837096
5.0070425
3.1019802
4.7877773
1.5882863
2.9397294
7.2830241
1.9145686
1.7129710
3.9682951
3.5882403
5.4427807
2.9697176
1.4676669
4.3656519
1.9414926
4.7311378
1.9281995
8.8709714
1.4415582
1.5563220
4.0588419
1.3845628
1.9972144
2.4562653
2.8348945
0.5563966
3.0219860
1.4676722
2.6026328
1.9207995
1.9634616
2.2278320
0.8888978
1.7244005
2.0495435
5.2852493
15.6757904
1.9909073
4.6272954
2.7251162
2.9836127
3.3691592
2.5336164
3.1327064
1.8291880
1.1411842
2.8186103
3.2102376
2.9890600
3.2935013
4.1074986
6.3977210
2.6895193
2.8012104
2.9808905
2.7142574
1.9241937
2.0423856
0.8334139
1.7231776
3.9763402
1.7342608
3.0840265
0.8112900
1.4840098
2.7601163
4.1583619
2.8106303
1.4896019
2.3470898
1.8020299
1.9223857
5.2860512
1.2816597
1.1151962
3.7323839
3.3436944
1.1210086
1.6444897
4.3878435
2.0781112
2.7672262
2.6574982
8.7275329
2.3100575
3.4769934
3.2327020
1.3289623
4.4548522
2.3865166
0.9185762
2.7402782
1.5890894
6.4073768
2.1998841
8.4706956
2.5122514
1.1089644
11.0179822
2.6771858
2.0011944
1.6253649
0.2503833
3.8965664
5.5745275
1.0349553
2.1425640
7.8081295
0.7063670
4.1507865
7.1601416
11.4232769
3.8251691
2.0417447
3.2777295
1.7793655
0.5539476
1.8550158
3.3168783
1.0624923
5.7952012
0.8435275
4.8989703
8.8170913
6.0046952
2.4447208
3.5712477
3.5647798
1.5727399
2.4247103
1.0399662
3.1690127
12.3569911
6.3564351
1.5269467
1.2685741
2.4768547
1.3218185
1.3102867
1.1722724
1.0586408
3.3541170
1.1096321
3.7600587
1.6702065
1.4992069
3.0103171
3.3816086
5.8400588
3.1189740
2.1726111
1.4739931
1.2631118
3.3488325
5.9143411
1.4540740
11.6479315
2.2341200
9.2888133
2.8544830
6.6712778
0.7337325
0.5089893
2.0477661
2.8792784
2.6467412
2.5354034
2.6635638
1.4475670
2.2685796
7.7448370
2.6159278
2.0988112
2.0636123
9.8951744
1.2527477
1.6477314
2.7011954
0.5733724
3.2359410
6.8081609
1.7997898
3.0129405
3.4588808
2.1760995
2.0535519
2.1618653
1.9369170
4.1702616
2.8345703
3.0040959
3.7450476
2.0188211
1.4833779
2.1161054
1.1939014
3.4811431
2.8941950
1.3648360
5.0607450
6.9390271
4.6103083
2.7116546
4.7710815
0.6086738
1.5994824
5.7589430
2.9805365
1.5678491
2.5494850
2.7361938
2.7049772
1.8716339
4.7036906
3.4810170
4.5679737
1.2528617
3.0712831
2.2205465
3.5559425
1.7382838
4.3845481
6.5595622
3.0874765
2.3596058
3.6398767
2.6559130
2.5707732
2.0135194
3.0812132
5.2580136
2.5837708
1.9597698
2.2564023
3.7832240
4.4117045
3.2910580
2.1860592
3.6349977
4.9628996
1.5878105
1.8645569
2.4977413
2.3904652
2.5944915
1.4113834
8.1621345
4.9439679
3.3874111
1.2956105
9.2824876
2.8466153
3.2145463
3.1977694
9.0633351
3.6493589
3.5933780
7.7955316
5.1743113
4.1271611
3.8247211
1.9008284
4.5533828
3.2424561
3.9233076
9.0740400
4.1825648
3.5127938
4.3685507
10.3636743
5.8266560
10.2925122
3.4707016
3.4428820
7.5776786
2.9385318
3.2410686
5.0571229
2.7122122
3.9408244
6.2150655
8.7426212
26.7959081
2.6643179
6.7625505
7.3351737
9.5283725
4.5029278
5.4654835
5.1069307
9.3158268
6.3392762
3.4226744
5.5711632
9.0188281
2.9634636
2.6062091
1.0873031
4.5561046
4.6676598
3.0804120
1.7487571
4.3997514
7.2085754
1.4543471
5.1945051
4.5645722
0.9683502
8.1226826
3.4277537
1.4365794
6.2181675
1.7364163
6.5899248
5.1492482
9.7629806
3.2580839
6.6263804
3.9999413
7.2108434
6.1257394
46.0774219
6.8638658
5.9324437
13.2319543
7.5437301
4.1369715
3.4562414
5.2094785
6.7279215
5.0076845
5.2888921
5.4032484
8.5865490
3.7310789
9.5615372
20.4582336
2.4914773
5.0422889
5.9740772
11.5674387
5.7528233
5.4763130
6.8677287
4.2322203
5.6530459
2.7211487
7.2792868
12.9155316
6.6480033
3.3157657
11.5654765
4.9453789
16.1523804
4.0057399
5.5623247
3.7733171
2.6115490
7.4042053
7.2783044
11.8244557
17.3336189
1.6036445
6.4331277
2.6751939
1.4025455
5.2851792
9.6329128
1.8291913
5.9205256
5.9425419
2.1881496
5.6510297
8.5178222
11.2657798
5.4226468
7.1338320
4.5763429
3.3604363
6.3755921
4.1514129
7.3179966
5.5085375
8.3710773
10.2208901
5.8293104
8.6560125
4.8854190
8.2991941
3.3687307
4.9944736
3.1470341
3.8173555
4.8544341
4.5066730
2.3606529
6.3046422
3.3196015
5.3613416
5.3238947
5.3631769
6.3546384
4.3917455
3.1797455
2.7275167
6.8846337
3.0299033
2.0880160
7.0737660
14.2156325
5.0160260
12.6608542
8.9156744
2.6382231
5.7084980
6.0130336
4.9792957
5.1220868
1.9298323
4.7218338
7.0141280
5.3450425
2.3813429
5.4357090
3.3676441
5.4618307
3.8317685
2.6231768
5.3859932
5.4868003
5.7298801
9.2935397
2.9265691
5.1012732
3.7689656
5.4615404
2.5683321
5.4741012
10.9882757
2.3305326
18.4757779
2.5576323
6.6416787
5.6196862
7.2831583
4.1888242
7.6682519
9.7485101
2.4768940
20.5559865
13.4762322
7.8027491
2.7471881
2.1087081
12.1798224
3.4785135
39.1193747
33.4874547
2.5468808
13.2677700
2.5635263
3.3217125
5.8114107
25.0083139
4.3746771
5.4183753
2.3535405
3.7984060
4.9742466
13.7130550
7.3282778
2.8398928
7.8069172
1.9126879
4.3961814
6.2033460
5.6973221
8.2537511
4.6419787
2.4982872
2.6425234
11.1345390
7.0350842
4.2336873
10.7070364
6.3015354
16.7193610
4.1898694
2.4647912
3.1195032
3.2967241
3.9647353
4.5954985
5.0189437
4.8758746
5.1615157
3.9328389
10.7850359
9.6709825
7.7913600
7.6096077
3.5656227
5.5302624
6.8795703
4.3735476
18.2202212
4.4819146
3.9252539
8.4130692
9.5876877
3.6846824
3.3321399
3.2061194
13.9539082
12.3535374
4.2215315
11.5184499
10.5867974
2.9944697
6.4779669
3.0995860
10.1939281
10.5711405
8.8099010
7.3323644
11.5666965
7.7044647
10.4227509
19.8698974
6.3957480
2.6423140
9.7454843
8.8788722
4.7636698
10.8454480
31.4092176
17.7257183
8.3616816
2.4068090
4.5632581
9.3687978
10.3802290
3.3403836
8.7531919
8.1327967
11.5518354
4.0215069
3.2078178
3.6035110
1.7997653
14.6643072
3.7039025
2.4783661
1.3135061
2.1888617
24.9715724
6.8955733
1.4299876
5.8489012
2.5780904
6.5044508
1.2052079
4.3871739
1.3775163
3.9561011
4.2515343
6.3163924
0.9270290
1.0542772
2.7406516
16.8403901
2.0781738
0.8602243
4.6175872
1.5898928
2.9512827
4.3691877
2.3752945
2.5242123
3.3806523
11.0089715
2.9636147
2.3141616
4.0340615
0.6659789
3.2942181
3.1487279
1.5477336
5.6786840
2.6062102
8.1336013
2.4776502
10.7290290
4.6431374
1.3498515
10.7147555
2.2223877
5.0642913
1.3048231
4.7614513
4.2146427
10.0050827
5.1945038
8.8868119
9.8305550
7.7495142
3.4078672
3.0889672
10.7526386
13.0321295
1.9734298
3.4078040
7.7479115
8.8623373
4.8058323
4.6765724
1.9403549
8.7888563
25.7878482
7.6579222
10.5209190
4.8894781
1.4661804
4.2977569
3.9830968
7.2175377
4.0389877
4.2812888
6.0249689
5.3184108
5.7044282
2.2545725
6.0138316
7.8845668
9.4386693
4.9051989
7.4372638
5.8107419
7.5132078
10.8654037
3.3699393
7.9823067
4.0062530
13.2805333
3.5476599
2.6743554
5.2227988
3.2414238
6.4871782
3.3854703
2.1623620
5.5179970
2.1921330
6.8217075
1.8371639
8.0316209
3.0457090
3.7414887
3.5714196
4.1727238
6.4519066
9.1789377
6.6132064
2.3056670
9.2610627
3.6829119
6.1804122
2.4035215
1.3585006
10.9405865
4.2665765
3.2174785
3.1009089
4.7627860
6.3200349
1.8769411
6.4348203
3.8965692
9.7722884
9.9688552
2.6044322
2.6647373
14.5587051
1.3334286
2.9085173
12.8762717
9.8626925
1.9387987
4.9406743
5.9836132
8.0229624
1.5354810
2.0154769
1.7343125
2.7680962
4.1377238
8.1666994
3.8282351
7.0823816
7.7656690
6.9614434
4.0670038
4.1875729
2.7257057
12.3434669
3.9190575
8.1089335
5.1912371
3.9841489
4.5280949
3.0296450
4.8106199
2.6414256
4.4395031
2.5003899
4.5546168
6.5553247
4.2349999
4.5499272
2.8778873
3.6159521
4.0658655
4.3570310
2.7958485
2.0443361
12.2887581
10.8929805
5.1607883
1.9252314
1.8700141
5.5740933
7.0217141
6.4866725
1.6249914
8.2261935
4.1224413
2.6931145
5.1858230
5.8776075
6.1982151
1.7698805
2.0569554
3.8475569
10.8812799
4.3299246
3.5508138
9.0524318
3.4328403
4.8599642
6.1181246
2.8198726
12.3494490
3.0635317
4.1317866
3.8259158
4.2654075
3.5239838
3.8811636
5.6200265
4.6535037
7.2699618
2.0278930
1.7422786
4.3652201
4.3102486
6.2846343
3.8930295
5.0712386
12.2931146
3.9048895
7.7958250
2.0965552
10.0596494
7.1488701
3.5514961
2.8653390
4.4470026
3.0835795
17.5220798
5.8003903
8.8911561
10.5341531
4.5994170
4.2009997
1.3959106
7.4158423
9.6125142
1.9231655
2.4084384
2.3134159
7.2778799
8.6922598
3.8311647
5.6974829
9.0142948
2.6424491
3.1208230
7.3956174
4.1004526
14.6073083
5.0847515
13.0520679
8.0630661
6.1705221
12.3101620
5.2746341
4.3599559
5.7837029
8.3352581
17.9914166
25.4907759
2.9802090
10.8122713
13.0686151
6.0684324
1.6733468
10.4871439
0.7702261
5.1428704
6.5613601
6.8790193
6.8676405
3.4141421
2.8302177
3.6015613
3.9128031
2.3180620
13.6226002
8.0134605
5.6258758
6.0994968
3.4157842
3.5888450
4.5186763
2.0755292
14.7899087
10.4861027
3.2072184
8.9792223
5.0834830
14.8128581
5.0779384
8.7658963
10.9006725
9.6401471
9.1929464
11.9153796
1.4179298
2.2230251
6.4588906
2.3438463
3.5305877
6.2971288
7.6607746
2.9152248
5.8874123
6.1774896
19.4461081
3.3104977
4.1976885
5.2812632
13.6361125
13.2255457
1.2553484
2.4929437
2.5692994
16.4073826
7.0843482
42.0480194
2.6728283
3.4157923
6.0902594
7.9842632
2.3013965
10.7662698
2.5201700
3.7169743
4.7527080
10.8978864
7.1624414
13.9192561
3.1247912
14.1772042
2.9432091
2.7354937
0.8916019
7.4742344
8.7398180
3.2990006
3.5765559
2.9464360
11.2015006
4.3804395
10.7628993
3.1889586
2.0663579
2.4561786
13.5109166
3.9196516
8.1710105
4.5642266
6.1581488
2.4802219
6.8524423
19.9302502
3.5981227
4.5588011
5.3449575
4.0157996
0.9224781
0.9913127
10.5496052
1.5950708
2.1648628
1.8561572
1.7400354
1.8629003
1.7426049
3.7135458
0.4800412
2.2463578
1.7976650
4.8219647
3.3778693
0.5985753
7.0379936
1.7260750
3.9976348
5.2438155
0.5539426
1.3196964
2.6109325
4.5471721
1.7549941
4.6047390
1.5149565
3.5295825
5.0188943
21.1375878
8.3502257
7.8088229
2.1017795
4.1691674
4.1765247
3.5988334
1.9314610
1.6030671
2.4843644
2.0751168
1.6197616
2.4180016
2.5142642
3.2733619
0.7018800
0.7439453
3.4290694
5.2227367
2.6591981
2.0631474
2.6990596
4.0713668
1.2495790
3.5811167
2.2698858
2.0912928
11.8413188
1.8293426
3.6487533
19.0077900
2.6137298
5.7941168
1.6606266
11.0243692
3.3965120
2.6440930
3.2937321
2.8439323
1.6351807
12.0544165
2.6674769
3.3588216
1.3569066
2.8881800
1.5647593
2.7397867
2.6227768
5.6127809
0.8500623
3.2140346
2.4985539
1.4111226
1.9439982
1.9974896
1.9930907
3.8732116
2.3606030
2.3542341
2.8953395
4.2674761
2.5424539
3.6568842
1.7381967
2.7759890
5.7350132
2.2693979
1.7156665
3.1669492
2.6625677
1.4968039
1.7190590
3.3103525
4.6798761
0.8847531
14.8841627
3.2400136
2.0781774
2.9600381
1.1435250
0.8431802
1.1263613
3.5226901
10.5423811
1.5889083
3.6598525
5.1471561
2.5902504
5.7337988
4.0266097
3.8641272
2.9944086
4.8802156
6.1964569
3.5344710
3.9886089
2.6748030
0.5359110
2.9887170
0.7828867
1.5885723
2.7782791
2.4036219
2.7492816
0.9534456
2.2388632
3.2778215
2.1642103
4.1858991
4.5389232
2.3209356
1.6514338
2.7839457
3.4239731
3.1107797
2.3469766
2.4267082
1.9520621
2.9831352
2.4857602
3.6212752
1.9871401
1.9564689
1.5357724
1.0940074
1.4298934
2.4970010
0.6266624
2.2762547
1.3778867
2.3788608
3.9724832
1.8041874
2.1968227
1.3630153
2.7203158
5.3683257
1.3454807
1.5741569
2.5580038
2.3657760
2.1548094
2.4570452
0.4183896
1.7494363
2.4371795
2.4927290
7.1036844
1.6105957
2.4580969
2.3302171
1.7415520
2.8256884
1.9796125
1.2271728
2.2632659
1.3798019
1.1397061
4.2057219
1.9843721
1.4618834
1.9509930
2.2658317
0.7212500
0.2459321
2.5260784
1.5908755
2.3090281
1.6250538
1.5283645
2.3025450
1.8810828
3.6297853
0.4457135
1.0515842
1.4138620
2.3681743
1.1268119
0.7071212
1.7628210
2.8992654
2.7993195
1.6280210
1.0962116
1.5696784
2.2859979
1.1479537
2.1734185
2.3073036
0.3392270
1.7474366
1.8165162
2.3171799
0.7523152
1.6044957
1.8453904
2.0300397
2.7136463
1.6027229
1.5951637
4.0243009
2.1735622
2.1253509
1.0956503
1.7891871
1.9289070
1.7917817
0.9161171
5.4846261
2.6183450
4.7149779
3.4664067
5.9190370
4.8439189
2.4878393
4.5058008
2.3674456
2.0805784
0.5345481
0.5377971
2.9488095
3.6892794
2.4875526
0.2872946
2.4033607
3.6063600
1.5292946
3.3375826
3.0031905
1.9711531
0.1748437
2.4352274
2.8941516
1.0491274
1.8677915
1.4066940
3.5710600
3.9865900
1.7847764
6.8076523
0.6393541
2.6177341
5.9285404
4.2936273
1.5868615
1.2992199
1.5611610
2.5462229
2.0722055
2.5253316
1.5487057
1.6444287
2.2956661
1.2651481
2.8940070
1.3352999
0.8572634
1.6594699
4.4020762
1.4698750
3.5202675
3.2321212
1.4690211
2.6349095
3.6456754
1.5078208
3.1905961
3.5399444
1.5435126
2.1978942
2.2635271
3.8266147
2.0790798
1.1714897
2.4232912
2.6258534
2.3504616
2.7909187
13.5738580
1.6775584
0.8407617
0.7278905
2.4865444
3.0814734
3.3229975
3.5670487
3.5636601
1.4991340
0.8808884
2.3753310
2.6119270
1.3491755
0.9476544
1.6032029
3.5139449
0.5363291
4.6595402
1.1869444
2.4318768
4.0054122
1.6027962
2.8830392
1.3921316
3.2102159
4.0727492
3.0779676
4.3127741
1.4594615
1.7436646
3.2688350
2.3275255
2.7677858
1.4751157
2.4948873
4.1264392
3.5839648
5.3666044
1.6755828
4.9268377
1.4205087
1.3790793
3.2060105
1.5622141
1.7830446
2.6148952
5.6533296
2.0356211
3.5553453
1.3345123
1.7412983
2.0168199
1.2534975
1.4165254
3.4512664
4.5513079
1.1048808
0.7016955
1.3154555
2.6839779
3.8913939
5.2236595
0.4822638
3.2911041
0.8782975
3.1163231
5.2934741
4.2235883
6.0195478
2.7650082
1.5553834
2.0446313
4.5073315
2.9834932
8.6008191
3.4103535
0.7372495
4.1498274
9.3222708
2.8089360
3.5143209
3.5117852
4.1536471
3.7498855
2.7711166
3.6676590
1.4514901
2.8909138
2.5030524
2.1654523
9.0270906
2.5158892
2.3877942
2.5664434
1.0839200
1.0085959
1.8427630
3.0582707
3.5737111
2.2676290
4.6387035
2.4333041
5.4926786
6.2017214
7.3810259
8.9261662
4.2824304
5.1766283
3.2035694
2.4482290
5.6794523
15.6922117
19.4584501
14.5762274
5.6412523
21.8457223
3.2007020
4.6504399
4.5103048
4.6465804
2.5765052
12.1799683
13.5336987
6.8679089
4.3733813
9.6797050
20.9611237
8.8644035
3.4196080
4.4197401
14.8615929
9.7868437
5.2377139
2.2834936
6.1236665
2.0754378
15.9430897
5.6617619
0.2443892
1.7347133
10.9700233
9.1764624
8.9105200
1.2145673
16.0903220
2.5318845
9.6200563
3.1988557
27.2466075
3.2112099
6.4880653
1.7699357
3.5267436
6.6870939
3.8951235
9.0316518
9.8149108
4.7125297
3.0227335
3.6884463
4.8261066
3.7840842
2.1629071
2.3961374
4.0270970
4.2678261
6.6612242
2.8011088
4.1743528
3.3039130
2.6062374
2.2785831
5.1235366
6.4869358
23.2018704
3.2027152
2.0681304
1.0969827
28.9903798
3.0929300
0.8473656
10.3723775
2.2824961
3.3409092
8.9661345
6.8573202
2.4870532
10.4628491
7.4776267
3.5104931
2.2825946
14.2887692
13.2285270
4.1179940
4.2700579
4.4214070
4.6617081
6.9725921
3.3266031
18.5113279
3.0462799
4.3635830
3.4100069
2.4558455
3.1322332
6.0446557
2.5753247
3.8011272
6.4150200
2.7556764
5.1613255
5.4147830
4.3693878
4.7380174
1.1483271
2.9400932
4.2252277
10.3265891
3.1673736
4.1609084
1.1425301
4.0932311
3.5257105
3.0124545
4.3293313
8.2848693
7.6913365
5.4313504
4.8491458
7.2543190
1.3840045
3.0456045
5.7293680
12.3432503
5.0752210
3.4667729
4.4661791
5.4644058
11.4456779
3.7626251
7.1021017
4.1683562
6.8683709
3.3277083
4.0724944
3.0570153
18.6948674
9.6052845
15.4598444
31.1589715
14.4391842
12.5916493
10.1965269
7.1985386
2.9118643
4.9771093
13.1734497
3.3178120
3.7636977
12.9399511
1.9265193
4.4900485
33.3325315
18.5237547
10.9571760
1.6566924
7.8649504
46.3317042
4.4283482
13.4668521
28.8361141
10.3229339
7.7439089
6.2783160
7.9869715
12.6390212
2.3458742
5.1461806
8.9171962
22.9990296
14.9509968
21.9349781
14.4908596
5.1304294
5.5655200
19.1882658
15.9972440
21.8500040
4.5083104
63.8321916
13.8931525
17.7336812
114.6854385
70.5407270
12.2168272
5.7709369
20.1169296
19.2064807
5.9587677
3.1749454
5.3389411
141.5258413
3.8040248
5.8124813
10.3417335
7.1239384
4.2885690
7.0879898
6.9088417
14.9110950
22.1061313
16.5646564
10.3880134
45.6463019
32.1088163
11.4556700
6.4003283
8.5755686
13.4429253
36.4521304
5.5630058
45.6527774
39.9079326
11.7801569
149.9913693
20.0435808
25.3155788
127.1328927
159.3537853
174.3353118
27.4480251
171.7022348
171.1251299
165.0334917
8.0380894
170.9039265
14.7984557
29.0177100
174.0160124
179.5237230
179.3133981
14.7647256
106.6554904
2.0910995
13.8034222
40.6906418
9.9259665
27.2466237
13.3301626
151.1430446
2.1380476
162.0859541
13.3399800
148.0324498
27.7344531
11.3142128
7.6300510
3.2654517
7.1702381
175.2292350
4.8349383
9.5206366
9.0105165
168.6463178
2.1894835
20.8834131
23.6347661
7.9055634
6.8130835
3.0087458
4.1606941
7.6630677
3.1254664
148.3052281
8.7013761
8.3113785
7.7675994
4.2240977
3.5290393
14.1530198
2.7188573
4.5077428
3.0033958
4.8537840
4.4670219
3.8699471
12.9227191
16.7252401
2.2156342
12.5725712
5.4468342
3.1248488
1.4626984
2.2101327
16.1061774
7.0764273
4.5057558
2.4154933
4.8531575
2.6072859
3.1599754
2.8680803
4.3027393
9.0528598
2.7720215
9.6212107
4.7083290
3.9255345
6.8272714
4.8211962
2.9443864
4.0085399
4.1725698
5.4055123
4.6867756
7.2673987
3.2444423
13.0920795
10.2610317
4.2406398
8.6528163
2.2096521
3.8500587
1.0818765
2.3510900
4.0893544
8.0883105
4.9037474
2.9469208
1.4528992
3.7047600
1.3012741
2.5418991
2.4338167
4.3265754
3.6160716
1.8127788
2.7896889
2.8508245
1.4898663
2.3176675
3.7285207
3.0731519
4.5177809
2.0382251
4.1610481
1.7254782
4.7353631
2.4038568
5.5510271
3.3528525
3.9911750
2.9373547
3.1454873
4.9929983
1.6034296
3.1398252
3.5512516
2.8454560
3.0896950
1.4738004
6.8960962
1.8317618
3.1979344
3.2511260
4.1682688
2.4703620
2.0556520
3.8432310
3.4088675
1.7403927
3.4944517
4.9822354
4.1499459
2.0944659
2.6248715
4.7649059
1.7320707
3.4521152
4.0015336
4.0609240
2.9159037
2.3199993
2.8051665
2.8652851
2.4587198
2.9346553
2.5333939
2.6955326
5.8363791
3.1898845
2.8228889
4.5900839
1.6845598
2.4530697
2.5444727
3.9565158
2.1861818
6.5421090
5.3420869
4.3710147
4.1396734
3.6100264
4.0593928
5.3236597
1.5539622
3.7689759
3.1027429
5.8079544
5.5939041
2.0167113
4.0324844
3.3388586
5.7086831
6.1013994
2.4106680
6.5299691
4.3475953
7.0575512
5.1823820
3.0836583
3.1401413
4.3270415
3.4250590
4.1159013
3.3497018
3.0119732
4.3369947
3.0797308
4.2639488
4.5490203
2.4007244
3.1739659
4.3819681
4.0507947
2.7129903
3.4439346
6.2232432
4.5710870
5.4183067
3.2521172
3.2721793
7.6344197
1.8885702
4.2158114
3.2175581
5.1700938
2.4583027
1.6570629
3.5137736
4.9093137
3.8704884
3.2234627
2.3748422
2.2275557
3.9492568
1.5961775
2.2516168
3.1553055
2.9177699
3.5483033
1.1845633
2.2959499
5.2656346
2.2114423
2.8700031
1.4654542
2.3667098
2.8096393
2.9288896
2.9156813
2.1740647
3.8335241
0.7030762
1.8971521
3.0004793
2.4888971
4.2072066
2.4696275
2.7023522
3.5028109
2.0434065
3.6285717
2.7275426
1.5184859
3.7895906
1.8283265
2.5673508
2.2390217
1.3510328
2.2863646
2.3988097
2.2888092
2.6110174
2.4944890
4.4808317
3.5101940
2.9625314
2.9440304
2.1388897
1.5027702
7.0627573
1.1139723
3.2107449
4.5059880
3.2396571
2.6429178
3.1759083
1.5235762
5.6646894
3.2473472
2.5622621
1.8374525
2.1279802
1.9239869
1.2861645
2.4053464
1.4559070
1.5546888
5.9801726
1.9862565
0.9913237
3.2447217
8.1069379
2.5720250
1.9711816
4.0696225
2.4917300
1.3893346
2.6115234
0.6777663
1.4118681
0.2445328
1.6790152
2.1074631
7.6757500
2.3610796
1.9803172
1.6104369
2.1065520
1.8099285
1.4007588
1.6927648
1.1415327
2.4592536
1.7828108
2.2121278
2.1653137
2.6837308
0.9168710
1.8876138
2.7698821
2.4257160
1.4825422
0.9412117
1.9293473
1.0693266
1.5397062
1.4708922
1.7625991
1.1948959
1.2332474
1.4639230
1.1980569
1.6471738
2.5923252
2.5856861
3.4030632
1.5072408
1.7696151
0.9520337
3.3046745
1.3193642
2.8315732
1.7634668
1.6246282
1.0313922
2.4627123
1.6234480
2.1983080
2.0271689
0.9648242
4.0163698
1.7099410
4.4629884
4.9838939
2.3394781
3.4556420
0.9710836
2.1081614
2.1944460
2.1958569
3.4180122
2.9263683
2.3105040
3.1919784
2.1610067
4.5686581
1.5973565
2.0214378
4.2909914
1.7494050
2.9363841
2.7241150
1.2041884
1.9448900
0.8273134
0.7896579
1.5485417
2.0675742
1.9819746
1.4776690
0.4138386
3.1608254
0.7209329
3.2399939
1.6052372
0.7632956
1.4265740
0.7112976
3.8766410
3.6998567
1.5855112
3.0040052
0.6438218
2.2637353
2.8025236
2.8918794
3.4569380
2.0645993
3.2678603
1.8406197
1.8640314
4.0445723
1.8898376
2.4453761
2.1336304
0.8045996
1.5814397
1.7122526
1.7907000
1.4747700
0.6454395
3.1511842
1.1352481
2.0102554
1.7569393
1.3875709
2.4914073
1.4943161
1.6565459
2.1049747
2.2194627
1.8892925
0.4783480
1.6942875
2.0057511
0.2721475
1.7501738
0.4118905
1.5909432
3.2669564
2.0937823
1.8349833
2.4551322
1.4038970
1.5928949
3.0052011
2.2225459
2.3537851
1.6285062
2.8508389
2.2286192
1.3100186
1.9281795
1.1939176
2.1722997
2.3433336
0.3628702
1.9068606
2.1322648
2.2451984
3.8759133
2.4276417
2.5881181
1.6370324
1.9790582
2.3691875
1.4509035
1.5084724
1.1937031
0.6483643
1.8414475
2.3847014
2.5771856
1.2769381
1.2681991
0.4131978
2.1741783
2.6662237
0.7227673
1.5375806
1.0588079
0.9956925
2.2178187
2.3341088
1.2635036
3.1096354
0.9720006
0.2849943
1.1859768
0.5362579
2.1915234
1.3954148
1.6137839
2.2124548
2.2004178
4.1846332
1.6033133
2.8525058
2.7046276
3.9389960
1.9854215
2.3168557
1.3368211
2.8047638
0.5722671
3.1864049
1.6516350
2.3469893
3.2291648
1.9593552
2.2255727
3.8713615
4.6160854
4.0557302
3.1877328
1.8939346
1.4191348
1.3962423
2.4506487
2.3732398
0.7490983
4.4380649
2.0255039
1.7578242
2.9933584
5.9139924
2.7550791
3.8703015
2.9716970
2.3984851
3.6924218
2.4185513
2.3050580
2.2318382
1.9399736
2.2632483
2.1238042
2.4407850
1.5681105
3.2365294
1.9025332
2.3533682
4.3536413
3.0708324
3.8187139
2.2480843
2.1914626
2.2732655
1.4261978
1.7582531
1.4931867
3.7990769
1.6076140
1.4082796
0.9636035
0.6760584
3.2103498
1.3534729
1.8521397
1.0644588
1.8320235
3.4420505
1.5041195
2.6589007
1.7600978
1.7387719
2.5278013
1.3915286
2.0151665
1.6659541
1.5261577
2.2367277
2.7228519
2.0881705
3.2371945
1.4814662
1.1689694
2.4420221
2.6635645
2.4429040
1.2570757
0.4770586
2.8531733
1.0554209
3.8235488
2.8251930
1.8381061
2.1079352
2.1463666
5.3447277
2.7724151
5.6059793
3.8635591
3.3318029
3.3675857
2.6511678
2.6541650
2.6204188
1.8601119
0.9507115
2.1666171
1.2473920
3.5713837
1.5179741
1.3705333
3.7028922
2.3449330
2.3204695
2.7935771
1.8425282
3.0598134
2.6840173
1.0220184
2.8603450
1.2022653
2.7933533
3.0116495
0.8429707
4.1218601
0.4661907
3.1606142
3.1425227
1.8400063
3.3652238
1.9760252
1.6896704
3.1067610
1.4588697
1.9648666
2.8273748
2.9461051
6.6684618
3.2688389
2.9791711
3.3020521
1.9388430
3.6347497
1.9610087
2.9991764
5.1817585
1.9181658
3.3260809
1.7295893
2.8116564
4.3409316
2.9856498
1.2651131
2.2533676
2.0379694
3.1473565
2.0312570
3.7434052
2.8253388
2.1596741
1.7822111
1.6970935
1.1808857
0.6558812
0.8281128
1.8352080
0.7989425
2.8126573
1.9611431
0.8415150
3.0869728
1.0418210
2.6318475
2.2640954
2.8216219
2.7869286
1.6663814
3.0699229
1.7496102
2.4492590
1.6985835
2.3736197
2.3815127
3.8422065
0.9715273
4.4886656
3.0859016
2.3374135
3.9748081
1.1017198
2.8195662
3.2165063
0.9697666
1.6283218
2.1142121
1.0378437
2.2927766
0.6226768
2.0127846
1.3575451
0.8052088
2.6303814
4.0614917
1.8319455
2.1803134
1.5003440
2.2612785
3.0675550
3.2124015
3.0907153
0.9417646
1.0846014
2.7276919
3.8636517
8.9440469
3.4051382
3.0251541
2.8196470
2.2226811
4.8625128
3.4442870
2.0409176
3.6979805
2.4727621
1.9487771
3.5363590
1.9819856
2.7890829
3.2572379
2.3213077
2.4598538
1.5851634
3.3646472
3.0679145
2.6638949
2.1376515
3.4496943
2.3765105
1.7903650
3.1976942
2.5531498
1.7717954
1.9486030
6.9174571
3.0202085
4.2527484
1.8450718
2.8190903
1.2175625
2.7715071
1.8524476
2.2489097
2.1248596
3.6117485
2.7049780
1.5920459
3.1512686
3.9954524
3.5084137
4.2911922
2.3656925
2.3337456
1.7657389
3.4117541
1.7196403
3.0440008
1.8876443
3.0328933
6.3584819
2.8490903
2.7872877
2.3345113
3.1335517
4.5232490
5.0828298
7.9295306
3.0518697
0.5569604
3.8308769
2.9888103
3.2252652
6.2253547
2.4704358
3.4554998
1.2433535
1.0058938
1.6353357
2.6708607
1.8727595
3.3660451
0.6967340
1.1593921
2.4000124
3.5470986
1.0626171
1.2204405
2.9058855
2.5155437
1.5988939
1.4965200
1.5560819
2.8324069
3.4364729
1.7969229
2.2322508
2.8445339
3.0799074
1.3594915
1.6188958
2.7081310
2.6733239
2.7120010
5.4097241
2.5662533
1.0543634
2.3299285
5.3779722
0.9276034
3.2759685
2.7270633
1.0274150
5.4116286
2.4402992
3.0354417
3.2748678
3.2140829
2.3760329
2.2600535
3.7896292
3.7013879
4.3080769
3.5370685
4.4098989
3.3908239
2.9563825
4.5992140
2.3597830
5.1235732
2.1608470
5.4731084
3.8197234
3.2332695
3.8601665
3.5693805
3.7969963
4.1485181
1.6518761
2.7013901
5.6985809
2.7753784
2.1430359
2.7513050
1.6820010
1.5274744
2.0416779
1.3796039
2.1453967
0.4239498
1.0229110
2.0031883
1.1853339
1.1686845
0.7121804
5.4915545
1.6214728
1.7839971
2.3338944
2.4520062
1.0597163
1.2402617
0.7966908
2.2395576
2.0210479
0.9521663
1.5898711
2.2594888
1.6643484
3.1823914
3.2302022
1.1408508
0.6469234
1.2066691
1.7370700
2.9040291
2.3762877
1.0255359
2.2248819
2.8618538
0.5875647
0.8726953
2.2179912
1.4726035
0.9451815
2.9504914
0.5065764
4.9498312
2.7979246
2.0205066
1.1151123
1.5484617
2.5031855
2.5065502
1.2875023
1.3842712
2.1697245
0.8614903
2.5738782
2.9952125
1.7202677
1.4521486
1.6184425
1.0161332
0.7162106
2.2263578
1.8823270
1.1625015
1.8964467
0.5427751
0.8846486
0.5819842
0.5431002
1.8626314
1.5522957
1.2449400
1.6401163
0.9921475
1.4579913
1.5893050
0.5640290
1.5039101
3.0873518
0.6868256
0.9087941
2.0880514
3.4415251
1.8428670
1.0458641
1.3972109
1.6264176
1.3397118
1.7356855
1.2089569
1.8930403
1.5214084
0.7151002
5.3456113
2.0574033
4.0015935
1.3371392
0.8220571
2.4339916
1.2802988
1.7226355
3.0979059
0.5784111
1.9617068
3.8995497
2.2981996
1.2368819
3.9622011
1.4611187
3.0621060
1.1933469
0.6307513
2.0914849
1.3529140
3.2887085
2.1067244
1.7726281
2.9245491
0.5791221
0.7826514
1.0053566
0.6757013
1.6729900
2.0935686
2.9916569
3.1864911
2.2279872
2.7356224
2.4645573
1.0366521
0.9623666
1.3185508
1.3370590
1.0926517
0.5318735
2.1719515
1.8476505
2.0144694
1.7034008
1.1033861
1.1704277
2.4193100
3.5183728
3.4730763
1.7394605
2.2122047
1.1766921
1.8178192
2.8958464
1.6187462
1.5963184
1.9487759
3.5716999
1.4431900
1.5463058
2.0036893
3.3253969
2.0199050
1.4162281
1.8005115
2.6540955
2.4056635
1.4854028
2.9806752
2.5819952
2.1985674
1.6934877
2.0924424
2.9004835
2.5979719
2.2608788
1.9007678
0.7003992
1.9691106
2.3827850
1.8188741
1.2117532
2.2591236
1.6978654
1.1003927
0.9430298
1.8867607
2.7467873
0.5899572
3.5684927
2.5200815
1.9812292
1.5387804
3.5625051
2.9172046
2.3838968
5.1228099
2.8558732
1.7026668
0.9971562
2.0947658
3.0857892
0.5067912
0.7053863
1.0417807
2.5254256
2.2257784
1.4065787
2.5234290
2.4214228
2.2329623
1.0706433
1.3136789
1.2243472
2.1915243
2.9237367
2.7570433
1.6730388
1.3866963
1.3164955
2.5970322
0.8990858
0.8782915
1.2726641
1.0992284
1.9412482
1.3911510
1.1022703
0.6651066
1.1147532
1.5224794
1.6735239
1.3110842
1.9799233
1.3544264
2.3325517
1.3104630
2.3255745
1.4016092
1.2912032
2.1658864
3.4772684
0.6464158
1.4013312
1.8554633
1.2695307
0.7613019
1.2385094
2.5009332
1.3652683
2.4397588
4.6110549
1.6775698
1.0235785
3.6072758
2.9168667
2.6404428
2.8519934
2.9185235
3.4202124
7.6227472
1.2854840
3.1014436
1.6408213
3.0236497
2.0423822
2.6137209
4.3759056
2.5959998
3.9349505
1.8981527
4.5250859
1.0325949
2.4233106
3.7890835
4.1538649
2.2863356
4.5649916
3.3581887
2.1505373
0.6710432
1.3180646
2.3823325
1.8813994
4.2480239
1.8124588
1.9874474
1.7785142
1.1991980
1.4020768
2.3105404
1.6464111
3.1622438
1.6646626
2.4480441
1.9297222
0.5210655
2.0014929
4.1608613
0.6960209
5.2261287
2.7318236
4.0254008
3.6309987
0.8579694
1.1222217
2.8634587
1.1013229
1.0180429
2.1008125
0.4098186
1.6816800
1.5001857
2.4913235
2.2192324
0.9713994
1.2202584
1.8324090
1.0845699
1.6249477
1.4025377
0.9503235
3.2715373
2.1346593
1.4160868
2.8735474
0.7880136
0.0821601
0.8183500
1.3952898
1.6754686
0.9987578
1.1530051
1.2361085
3.8666813
2.3070383
1.9368132
3.0429226
2.1966194
1.1546677
0.8679565
1.6604302
1.7743538
1.4809183
0.8906255
1.2187485
1.3880352
2.6937935
1.4884840
2.4470068
1.8488372
1.3155785
1.2250254
0.2630133
5.8292203
2.9426426
2.8838879
1.7096156
2.0502523
0.8814260
1.7820530
2.1457940
1.0909960
0.6891582
1.1646016
1.9659189
0.7169985
0.9102685
2.0465460
1.4685879
1.3776924
2.6791518
2.3576822
2.6843833
1.4358404
2.4666367
2.1253764
2.0622922
0.6156089
0.9884531
2.2194250
2.3737525
0.9785712
2.2386442
3.8454504
2.1915720
3.5896798
2.1975878
3.1311296
3.5627185
2.3785254
1.7639987
3.9760632
2.1104529
0.5994442
3.5284549
1.0081952
5.7929366
3.1243108
3.0518674
5.2482171
1.6729843
2.5456173
3.5096032
1.5523537
2.3085042
2.6664827
0.8114725
1.0080722
2.0445969
1.4864715
2.2025524
1.9894771
2.0203447
0.7262683
2.1692553
2.3587050
2.3446388
1.5661755
2.1946167
1.5031442
2.4320440
2.4305853
2.7779495
4.1047812
1.1357402
1.4184037
1.9178056
3.3544993
2.6273969
2.8601562
2.8786459
1.8067589
1.3309242
2.1644988
2.1791829
2.6608370
3.3420561
2.5665831
1.7209353
3.0029019
2.7742548
2.3029769
2.5404820
1.2822278
2.7050597
3.6031437
0.6041111
2.2096768
1.0280598
1.1788996
1.1057811
0.8417886
3.9082469
1.3784017
2.7117876
4.3430558
1.0999228
3.4958749
1.4069157
3.1315610
2.8745542
3.5650442
3.0536597
2.1723440
2.5225875
4.5344827
0.8013713
3.7032493
1.6754337
2.2251263
3.6305865
1.7808802
1.9246211
2.5543411
2.1039106
1.3366184
1.4340855
2.3450935
3.6537401
1.5277962
2.9355952
1.8534839
2.2734427
2.8937922
1.6705891
1.1780585
1.3617316
2.0029913
1.3222513
1.0073569
2.2088051
1.1109320
1.5308905
2.7154480
0.8856572
0.7591329
1.2913711
1.7696186
1.9915612
1.1796409
1.9835915
2.8962352
0.9454978
1.9860415
0.5863616
0.6531691
1.9610780
0.9528937
3.3978241
2.1271347
2.6262437
2.8812633
0.9683275
2.2635917
2.2996069
1.4540200
1.2663285
0.7992857
1.3577673
1.5280998
0.3979828
1.4566207
1.0027375
0.9952196
1.8351183
1.6903659
1.2257309
0.6347791
0.9258301
1.3814650
0.6138785
2.0099158
1.3736098
1.6930557
2.5084836
0.6275084
0.8605511
2.5726461
2.4208379
0.6420005
2.2421232
2.0018732
1.6737805
1.6832897
2.0129832
2.0134514
2.6786890
1.6585961
2.5063020
3.1671933
3.4253322
5.0662185
3.2594391
0.9327229
2.0507397
3.4997135
1.3428901
3.1363318
3.0064582
3.3957090
3.7274666
2.4252514
3.0331468
1.7931523
4.1094223
2.4000957
4.0113527
2.3362461
8.0519824
3.1930226
4.1490706
2.0329738
3.3721454
3.7431044
0.2830194
3.4351551
0.9411127
1.8614805
2.4272334
2.9272169
4.5302868
2.0710793
2.3152704
7.5649630
1.7655156
1.7391864
2.5457630
3.1147836
2.5809595
3.3348801
1.0608679
1.6741319
0.7519072
3.0019028
1.0721220
1.4029048
2.8571267
1.3946804
1.3250744
1.3506172
2.2976616
1.2260987
2.3862134
2.3065093
4.0072397
2.4627351
3.8209919
3.0277584
2.4013634
3.9530029
2.0576550
4.1106516
0.9051486
4.9308308
3.3691731
3.2654606
3.0961607
4.1441388
1.0207074
2.8193635
2.7862216
3.5537835
9.2025219
3.0496555
3.7300294
2.9259067
15.8196385
11.7181466
1.7914092
5.7380371
18.0880914
4.5296645
5.3756774
4.0686009
9.9793562
9.0331891
4.3042685
1.6089412
4.3796713
8.8268895
3.9174942
6.2439670
8.9470529
13.3031986
4.5762026
5.5602648
10.1159152
4.9385073
30.8040766
4.5966556
4.6343692
3.0556794
4.1242855
1.4419564
4.3100799
7.1558519
2.1953977
2.9990237
17.5500493
8.3221301
3.7048996
11.6785920
2.3903809
23.1462771
6.3831218
7.9429010
3.7631640
22.1942457
2.6820055
8.6058153
3.1758688
7.0760446
4.5374237
3.2302739
4.3488927
4.2110002
8.3303275
6.4859520
5.3393074
12.3335941
2.2766039
2.4377619
6.1941502
2.2615545
2.6283615
3.7662197
2.3786866
3.6355432
2.9288670
4.4310645
3.5716418
1.3783136
10.4225844
12.0074569
4.1807755
5.3895246
10.4527506
7.3763370
3.6503169
2.0294589
3.5704468
4.4362345
3.1883755
9.0757468
3.5465648
1.6897170
6.4233838
3.2139936
3.1649872
11.3222547
4.3684123
6.0081041
6.4676245
11.2372348
12.6021854
4.0839169
1.9650720
15.0891324
8.2317654
18.6989936
6.2119120
18.5206085
13.1422003
17.8819715
7.8301382
1.8900515
21.8111664
1.0099490
165.5792176
7.3782132
13.7910283
4.6897315
2.7898649
12.3680318
5.2711270
4.0210442
3.1382261
15.8141591
3.1892234
5.4459747
12.7265963
4.4296505
3.8813254
5.0041229
2.6173074
7.4975132
14.1511880
19.1558909
6.3960871
3.1842342
5.4158444
20.2187542
3.8683149
6.4185465
6.2478205
4.2969098
8.9119273
3.1037431
8.8254269
3.3451263
3.7407438
8.4297944
3.3304583
13.8107298
6.0970951
5.5125744
6.8875848
2.8530398
6.9108966
7.2322188
1.2040195
4.8403741
6.3259804
3.1313730
8.8893478
5.0180569
3.9485888
5.1436482
2.9059803
5.6029780
15.8333283
6.6752457
9.2993932
16.3006581
21.2375886
3.8967111
8.7647772
16.8821189
27.1830336
1.9443005
11.7223963
2.8516058
7.0801319
7.6480715
3.2396948
24.1319701
3.8850393
4.6467026
7.4463036
3.1723929
4.3899675
24.6622357
8.2362049
19.8757543
5.7587635
6.8680784
6.4450827
7.6746983
7.9075147
2.3559903
1.0172982
6.8821004
5.7532495
5.4169907
1.7753005
8.0847269
36.0538482
0.9651396
8.5673737
2.6009424
4.2365174
5.7375558
4.3209821
3.4658489
4.3815159
11.5772609
13.3713703
12.8060533
2.4175525
5.9096749
2.4344968
4.1820722
1.6444568
4.1216237
5.1680221
1.6516376
5.6925811
9.3394978
2.2543054
8.5264101
4.6931573
3.8276884
13.6612221
2.7543406
9.7391047
8.6651492
5.3644124
10.8722239
10.1733013
1.4377942
1.1966398
11.6810657
0.1282699
4.9456871
2.3609974
6.6631972
2.8890933
4.5038205
1.4795783
3.2137854
2.5637449
1.2165108
11.4245179
6.2848414
4.2294687
11.7731477
8.1267878
3.5709286
7.2660364
1.9763204
5.9879197
11.5369312
10.0454799
9.6582569
6.6453115
7.4784918
3.0468343
3.3973324
0.7416860
3.8104931
5.8993107
1.0280966
3.8909713
2.4439143
3.2728237
4.7647820
14.3093250
5.6946192
1.7519974
6.9172966
8.6051083
5.8015835
9.3281221
1.0349966
2.4350258
1.1963444
4.8592484
2.5886344
4.9939833
1.7262369
5.2407080
2.2421647
3.4536040
5.3140442
5.0114603
4.4382942
3.7253574
7.1271509
11.3788941
9.8363063
3.5278552
6.4106528
1.6239818
10.3315308
5.2290647
7.7070940
5.6462558
1.3823095
1.8776791
7.5580149
14.9520271
5.4591439
3.1969794
8.5085024
4.3489833
9.1551386
8.2694422
8.8768114
9.8501729
12.2986703
4.1660875
13.3253432
12.4930941
4.2951995
1.1052125
8.0367508
4.1628256
3.2005799
7.8064794
4.8173674
3.7812175
2.2523765
4.0797506
16.6147550
2.3236556
5.1837833
5.6444569
3.4930295
3.9104859
8.5345744
3.0583220
2.0537662
11.9102082
4.7557362
4.0304986
3.0543388
3.9787055
3.5246525
2.5485887
1.8790893
2.5247663
13.9526539
2.8094230
2.2389585
7.4509644
0.7699688
4.0431113
3.2771609
5.8220579
3.2647973
7.6461686
7.9690791
21.0360222
5.4045101
4.5040742
11.5787811
4.6145693
24.6976123
2.9703810
5.4910214
8.9823898
17.7959616
4.4272541
0.9401787
5.5723671
16.5059513
7.6609381
8.7547100
14.5271442
8.7043420
8.2394814
5.8824717
4.4625466
4.7116156
5.6659136
5.9015335
2.4489526
3.6680534
6.4530946
4.3834225
2.6506838
9.5361369
15.3419348
7.0618828
2.6277658
4.1209636
7.3489509
7.6741807
6.9183182
20.5707496
4.1538052
9.4098210
3.0398193
16.4768202
1.6552323
2.0897618
9.6707649
3.8194700
5.4539167
3.3821089
12.4385978
3.9871772
5.9577223
4.6003925
11.2036837
3.8398392
8.1478061
4.8196986
17.1640830
4.4273162
14.5084968
4.3110227
2.6893198
22.1076283
7.1846716
31.9304848
13.9928538
3.9015688
10.2327605
3.0912806
5.1460923
3.5416357
5.7201520
7.4809473
3.6406676
24.4376579
13.5905308
4.1510783
12.8385634
8.4343589
1.6568612
4.2414119
1.8104547
2.3254453
16.9651190
3.1389610
22.1413300
4.9639534
7.3238223
17.7636406
9.6938631
4.8892896
6.8394448
13.1985151
14.4037157
2.5741687
14.2129051
13.5361059
6.7245021
9.5116755
3.1749159
2.8061039
4.7004072
3.8680651
6.9256601
8.5866793
3.2639088
21.2802986
3.4303863
2.3872700
20.1185881
11.7315777
9.9033950
6.6150340
4.0951998
2.2911972
7.6631365
3.2980933
3.5338625
4.3485950
13.2990231
2.9191897
13.6552682
8.3382039
4.8288884
5.7272737
1.3583302
6.8822403
3.8723711
6.7678732
3.8462086
3.7679417
3.1085340
5.3462422
8.3171303
3.6470627
2.4184896
6.0270043
4.1213328
3.8019669
7.1891280
3.1591172
8.0477657
7.0291093
31.5009964
4.9786688
2.1421128
0.7805713
4.1325116
4.6549279
2.5396099
3.2575359
5.5576268
4.7036219
2.3709478
2.4544506
5.6010167
5.5523301
3.0502851
1.5534855
5.8265063
0.9767279
3.0982337
2.7821559
1.6632633
5.8490136
7.8681274
1.8948863
2.3308576
2.9904042
3.3604867
2.2744430
2.7399482
3.1350338
1.5854670
1.2614358
7.0440666
9.1855825
10.7847105
4.2552426
7.0117944
2.2671053
4.6525755
6.7345739
4.9843145
3.0427978
5.4401997
5.5915925
4.8879637
3.4894668
4.8982382
1.2458150
5.1990366
5.4980277
1.7614524
5.2974716
179.9928754
4.4089445
6.8527578
11.4069174
4.1137530
2.3908534
9.1705836
19.0072757
4.2066216
2.8262179
15.1843476
16.4062242
1.6560926
1.6782816
2.8717695
5.6689157
51.1515192
14.0416982
11.3516559
9.4038180
5.2501464
7.1125359
14.1822808
4.8988786
1.9171873
7.4116985
10.0661805
9.2564139
7.1448499
13.3022554
3.9059220
6.2677975
6.1714233
6.4362369
16.9018407
9.1225177
2.5640282
7.4703324
4.6496730
5.3505905
7.3726322
14.7760357
3.7760188
9.9401969
4.1601690
1.8138364
6.4573152
4.5841417
11.1637790
7.7121480
5.5457151
6.4961640
1.0092338
13.7137688
5.7819404
3.2889868
2.0354927
1.9549743
2.7800739
1.6263923
4.0883067
3.2637526
7.5161061
3.7852039
5.5122414
1.6551297
4.0105530
7.8300787
3.5093476
5.2609244
2.8844041
4.2288825
1.0713555
0.8314217
14.7982435
1.4073033
0.6434985
0.7450557
5.8560330
6.0639939
10.7671645
9.0077704
3.0022078
14.8353564
5.7863241
7.5926167
5.1968998
2.8920266
1.3975336
1.3053601
1.0093958
4.1139171
5.6846310
6.6384447
10.0562620
14.8616522
10.1324419
9.3352567
8.5330326
11.4369404
2.1054794
5.9518174
6.3182922
4.2232414
8.4730027
4.1042921
0.7138051
15.6216283
4.0809140
1.2461145
13.0276065
2.5926998
4.5653820
6.6126268
6.9926175
4.2002566
6.8363434
2.0819600
0.9161462
3.5708066
12.8652484
9.7083008
9.7249101
0.4436675
4.3048221
9.6576168
9.8340420
3.1289412
4.8758518
1.4959707
21.8295466
3.6948722
1.8553891
3.4440740
11.7388242
2.1161561
4.2548879
1.9909767
2.0183575
6.4838878
6.3859931
4.1417359
2.4742019
1.7851861
3.3799432
1.7618615
5.9198006
3.6303039
4.1797824
0.4031601
6.0336230
2.2978124
1.1364129
7.6856961
2.1504528
3.2906704
1.5652144
7.1757698
1.4610746
2.4479167
1.1728124
1.1304098
2.8328990
3.0955186
7.8494683
5.2743236
1.1609306
1.4393849
4.2116768
0.8497018
11.4651666
3.0978066
4.6476503
5.8365159
3.4034489
4.1328409
5.4071410
4.0845192
5.5120067
1.4018237
10.2837317
5.1709211
13.3131340
1.9987811
6.2817949
3.5394725
3.3799100
7.4387608
9.3167613
2.7262754
7.7104327
5.5119266
7.7193352
7.3706949
4.3416016
7.8630009
3.4462816
7.3006166
4.7949619
9.3086201
2.6410898
6.7261391
3.5358819
5.1036717
3.4530880
4.1819808
2.0936553
2.6528297
16.2517711
2.0711143
8.9064895
6.2664291
5.7549113
2.2456344
8.3876841
4.0726415
4.1281613
5.3082065
1.8929124
8.6658178
12.2479979
6.2646074
11.4564227
8.2670130
3.7388081
11.0982072
5.7977730
2.4082026
4.4565785
4.3145467
12.9677698
10.7755615
3.7765984
2.9256164
3.6677096
3.0103358
3.4375589
9.7395559
4.2289947
5.8724633
3.2642417
3.0464264
2.7612629
2.2180101
3.4601012
5.1940443
5.0419237
4.3271801
10.7142082
3.3764202
5.8103905
4.3783378
4.8092376
2.5511667
1.5663409
7.4746523
4.1246004
2.4697303
1.9725957
1.7457922
4.0913532
3.7360743
7.4056162
6.0648639
3.8896821
3.0164723
2.0899461
4.6281908
6.2805631
5.4092884
1.5969382
2.5342602
6.8630999
3.4903872
3.7741955
5.8315619
5.6121162
2.3016452
1.8416882
3.6838664
9.7577806
2.0405111
3.4421325
4.1271866
3.4699909
2.1227896
2.8112259
2.4614219
2.0152218
1.9483883
1.5739506
2.7570231
2.2780695
2.9193642
4.2879651
3.8507010
1.3652794
3.2060475
1.8706542
1.1744762
11.1983919
2.5708041
3.1284461
0.9305816
2.0179518
3.0019189
1.5219045
1.0825081
2.3722057
1.5944568
4.5306457
2.5958686
2.7021788
3.6971951
2.7058057
5.5403687
2.2824191
1.8069364
1.9811659
2.6757664
4.2310662
2.0208643
14.5789855
2.4129869
1.3549743
3.7581795
3.7467821
3.5312618
1.7650247
1.7922932
2.3004191
3.0692774
3.4698047
2.4866417
3.5797901
1.6008101
1.0364621
1.0000990
4.0753825
3.5092606
1.0444974
2.8054006
0.8763131
2.8534573
4.2219433
2.0533203
1.9297445
3.9408577
6.8161420
6.2679672
6.7830992
9.2495008
3.4016159
2.7321477
3.5607581
3.9892047
4.5796210
8.4356627
3.2493259
1.1489533
4.9989716
3.2287836
1.6685158
0.7659230
3.5240483
6.3303888
2.1071711
3.1356482
3.8233025
2.4222494
1.5238137
2.9213144
3.5114706
2.2784724
2.4320539
3.2919009
2.0550322
3.1027428
3.4603783
3.8446741
5.1081372
1.7255673
3.1969555
2.7134374
2.5333423
5.1560965
4.7928307
1.7044774
7.9915884
1.5041541
4.8817466
1.8034851
5.0260118
2.2422849
1.1972564
3.3912346
2.2197122
1.1207462
2.2733250
2.8000914
1.5076377
3.1351486
1.9203600
1.1978240
4.7130748
1.4713466
3.2169216
2.6234642
2.3060629
1.7893204
4.0368948
1.8577434
2.5695541
2.0809063
5.3516458
0.9369232
2.8419210
3.5541046
2.3159253
3.8355181
2.4631801
2.3066275
1.7523247
2.2195138
1.8779906
5.2414773
3.1283002
0.7206932
2.9688212
1.4414609
3.0383901
2.5136109
2.6280243
4.4544939
2.0576301
4.0705163
1.4652659
1.6464638
3.3151861
1.1569838
4.6470500
2.3262761
2.4381762
3.0059162
2.1815658
2.9569090
1.6596554
2.4498092
3.9811996
0.3873337
5.4419843
2.0057973
1.9865233
2.3202478
1.3218668
0.5630052
2.8637198
2.9818856
1.2253878
1.5084460
1.7498839
1.6300166
1.8768679
1.5480984
1.5845241
1.5720014
1.6476323
1.0292050
2.5240296
2.1590154
1.6915687
2.3806120
2.9399809
1.6716365
3.6057242
1.3958592
1.6005051
2.8887433
1.8560064
3.4322491
2.4026898
1.0047764
3.8519272
0.9735348
1.3221835
1.1038572
0.8923435
2.4220781
1.5067062
1.8430697
2.4853159
1.1936641
2.1554764
1.4097780
1.8009355
1.7431106
0.3035438
0.6171370
1.5725205
1.0067456
3.6427600
0.9336226
1.1047121
1.4389187
0.8881552
1.7831362
1.0389608
0.4373831
1.7457261
2.8025761
1.1106764
1.8241663
2.0923940
2.0850264
1.4054400
3.2091778
2.5199774
2.5436963
3.8285384
1.8664528
4.4752319
3.8081019
2.6952258
4.2718839
3.8182079
1.3361319
5.5105312
2.2109257
2.2637024
4.6298182
2.8312402
3.7513028
2.9120428
4.0635302
6.7670455
1.7702186
3.7251013
2.2976605
2.9599988
2.6226068
3.7613018
2.8723583
3.2232485
1.5063162
2.5596040
0.8514406
1.2245744
7.3163885
0.6998629
1.0050034
0.7738955
2.0686173
0.4591733
1.3956498
2.0484761
3.1726835
1.1886343
3.5107918
1.5697114
0.8260444
3.7112434
1.4274936
1.9788138
3.1740333
2.3870846
2.5813642
1.6463687
1.9815369
1.4134472
1.7545410
5.7463413
3.5708747
3.0989369
2.2139724
3.5018456
1.4546184
1.5597562
4.3032315
2.1805065
1.5323300
1.7545858
1.2451649
1.1233455
1.2527965
1.5236628
1.8456242
1.4616420
1.4096756
4.4189285
0.9499867
1.3301911
0.5203626
2.0743697
1.3586355
1.4424022
2.0589126
2.6436105
3.0271109
2.3220889
4.3520408
4.8478586
3.5214267
1.1209973
0.9002426
3.4302247
2.5121447
1.7952561
1.2131828
1.1004528
1.9453564
0.8415465
2.9229657
1.5528692
0.6504726
1.4749503
1.7273447
1.1239492
1.7333688
0.9433390
1.1932529
0.8421224
1.8887916
2.4587755
0.7642971
0.8003133
0.5500008
1.4715645
1.2673721
0.4329028
2.2380425
1.7064686
2.1423110
2.1659025
3.3728779
2.7171368
1.6296436
1.1238313
0.4463371
0.2848498
2.2406396
2.3679946
2.3777253
2.1701267
2.2907423
0.9313017
2.4086749
2.6340130
2.7215858
2.3314871
1.1001292
2.4792512
2.0504362
0.9062436
1.2095293
1.5732199
2.5222840
1.7875374
1.9717664
1.7064358
1.8234765
2.0590323
1.2972385
0.3552115
1.7291861
1.5203857
1.1163039
2.0790634
1.1081128
2.1148041
1.8138015
1.6181635
1.4964582
1.4040651
1.8104941
1.0471638
2.2594468
0.9521920
1.1843986
1.4178501
2.3305357
0.7706864
1.2100654
0.8510091
1.4023066
3.0738313
0.6726845
2.4433643
1.3357779
1.9371430
1.2389027
1.3784652
1.2192828
1.3198030
1.5426581
1.2214520
0.7290201
1.5409424
0.6778626
1.2413815
2.3186974
0.9506568
4.3956382
1.7538782
0.3376370
1.2372304
2.5206241
0.8999333
1.5865895
1.5390253
1.5316295
2.1475854
1.5343827
0.7991434
1.4526947
2.5133100
1.9587147
2.4481958
1.5707319
1.3937872
1.9686547
1.3061879
1.4484180
1.3854671
0.9994707
1.9010949
1.0889342
0.9656631
1.2542048
1.0939731
1.2837926
0.9247962
3.0896740
1.1425245
1.3376519
2.0600252
0.9657483
2.0518816
1.7900019
1.9829846
0.4817770
1.0684041
0.7147657
2.2859008
0.9798258
2.4800350
1.9546767
1.6702604
1.1218640
1.9329810
2.7449889
1.5129214
0.7098746
1.3716523
1.9637981
1.8666765
1.7658336
1.4356729
2.5938920
1.5272256
2.3237824
1.3172434
1.1355020
2.7197887
0.9180282
1.3045761
1.5700199
1.5746453
3.4647483
1.4450110
1.2222615
1.3227548
2.3790371
1.8047550
2.4405352
0.3906886
1.5838779
1.8457516
1.8550924
1.7916671
1.0187375
2.0035744
0.9725901
1.6905514
0.8692797
1.9311603
1.8121456
1.5343292
3.8890729
1.2570887
2.6633253
2.5286061
1.8754137
2.4955198
1.1774576
1.6064476
2.1196776
1.7200572
2.9763397
1.0586294
2.2056531
1.4069795
1.3301858
1.9079734
3.6893827
1.8881743
1.6173620
2.0932311
0.5615423
3.3600783
1.6958936
1.6507166
1.9504952
1.2576420
1.9612567
2.9489706
0.6764702
3.0154164
1.9982760
5.8948711
2.6959715
5.7949864
2.4970317
0.6874204
3.2226941
3.0862946
4.6383235
2.0072791
1.5354917
1.7426457
4.2465703
0.7168780
2.6835518
2.6281861
1.9622049
2.8737975
0.4910531
1.4432480
1.6495783
1.1110873
8.0710011
1.8407841
0.8110981
1.5140106
1.9821128
1.1063634
1.3354293
3.5114915
2.6603356
1.9145514
0.8766241
1.2049012
1.3755402
2.2448991
1.5928745
2.2512457
1.4644591
3.0911509
1.0567109
1.6201593
2.0416119
2.8858189
1.7793466
1.5574896
0.8267037
0.7153078
1.7509100
3.1198681
1.4389319
5.7089968
3.1604826
1.0571064
1.7964142
2.0165619
1.6020841
4.2727592
0.8363383
1.8955511
1.7646978
1.2796236
4.7462296
1.9126502
2.0867070
3.2696735
1.8151458
2.4323224
1.9443429
1.4867577
2.4105739
1.8217356
2.3542947
1.8494772
1.0963939
0.3651958
1.8890756
1.0994675
1.8021406
1.3449503
2.8059014
1.6849886
3.1269092
2.3590955
3.6582548
2.0946515
3.2547111
2.0472835
1.8230228
2.9497640
2.8972567
2.2414406
2.7259132
4.4517584
0.7445132
1.4190210
1.2507698
0.6440149
1.6383993
1.1083797
2.2099764
1.3973113
0.5459258
1.4539421
0.7099904
0.9812015
1.0910761
2.0363688
0.1871707
0.6307987
1.0661694
1.4699365
0.6399567
0.6752344
0.4307194
0.6600658
0.8365730
1.0884238
1.5509366
1.2582352
0.8966457
1.6175193
1.8830324
1.0600783
2.0368864
1.2888753
0.7927584
1.2264163
1.3609448
1.7296474
1.5087508
1.9146204
2.1077532
0.9317105
2.2054285
1.0586811
2.0012998
2.4844062
1.7064274
2.8038820
1.3162997
1.0016188
1.2660221
0.6476443
1.0039130
0.9405044
1.7420808
0.5291429
1.0356903
0.7194098
1.3366588
1.4036824
0.9223404
1.8844278
1.4754708
1.0127735
2.8380779
1.2972301
1.4412372
1.9289206
1.9359398
1.6356932
2.6854578
0.7637815
1.9912279
2.0949995
1.6069091
2.4639444
1.9741664
2.2836214
3.2797565
1.6653847
2.3023799
0.7629799
1.1129756
3.8528020
2.9102756
2.3464491
1.1592539
1.6881863
2.0399788
3.2692135
2.6688171
1.7922363
1.9753838
1.8035453
2.2236730
1.5817153
1.1759882
2.1407920
3.2219192
1.4937055
1.7730443
1.1715061
2.0744044
2.8777476
1.8536394
0.9692309
3.8558632
2.2948858
1.4890827
3.0253838
1.0918571
3.0580231
1.7948057
1.1595078
1.6099814
1.2079733
1.3317526
0.9046795
1.6757150
2.5926556
0.5352594
1.6500833
0.6283772
2.4008137
3.0170017
1.8986204
1.6321556
3.6963340
1.2600565
0.4929194
2.0878026
0.5853679
0.8208434
1.2735801
2.3407342
1.8049880
1.7032775
2.7996391
2.2197355
2.0183983
3.0979973
0.6137076
0.7867994
2.9397453
0.5734142
2.6984097
1.8812312
1.3528974
2.6652758
2.6446664
2.3214175
1.8484650
1.6520481
1.7845749
2.2171155
4.3722756
2.7173894
1.4865291
3.1746312
2.7428193
2.6322130
3.3425963
1.9575645
2.1120201
1.0772223
3.2381268
1.3382361
1.7114443
2.2054624
4.0636488
2.0576449
1.1161380
0.5418728
0.7843850
1.6305276
1.5034474
2.3161156
1.4466180
2.3338011
1.6396272
2.8339763
0.7025328
2.0592474
1.2994563
2.6902178
1.2152024
3.3186140
3.2149850
1.0791560
1.2341753
1.4190485
1.4827839
3.0995224
2.2765066
3.4613655
3.2265192
1.0808522
4.9045753
3.7072607
1.0688917
4.5110095
2.8102904
1.8548308
2.1726630
2.0105173
1.7133546
2.6441259
1.6855832
2.1450137
1.0805501
1.7826122
2.2590643
1.9444326
2.8406222
1.3800858
1.4746405
2.5939795
2.3270268
1.7249898
1.4839143
1.3931140
1.9067967
0.3474006
1.1655217
1.3569493
1.4618325
3.1114204
3.6697226
1.8997617
2.4553304
0.7755758
2.2168476
3.3417007
3.1082748
5.6538782
2.5322920
2.7999553
4.7446384
2.2177299
5.1545554
1.6779932
2.5203268
1.4922392
2.3556612
1.4372079
2.4405545
2.5347900
1.7951964
1.2966316
2.0489242
1.4657338
2.0763270
1.5957994
1.8177971
2.3026398
1.2821349
2.3173008
2.4781854
1.1598327
1.6972623
2.2116569
2.1072011
2.6618858
0.5885864
2.1148618
4.0021091
1.5576368
3.1602569
3.8694016
1.1755389
2.3807852
2.8411220
3.5135733
1.6662370
3.8099627
3.0330893
1.1389033
3.1475155
1.2907376
1.9332487
0.6281069
2.7097371
2.9968197
0.6648023
2.1724555
2.4004371
3.2023254
2.2264581
2.0598524
0.7486687
1.7325783
1.7292187
2.8555583
4.9007243
1.1226999
4.2025204
4.1417773
5.1795919
2.5867792
2.5061214
1.6058611
3.9136334
2.6429604
1.9388647
2.0564549
4.6300678
1.9327175
1.6097140
1.9766912
3.4848003
3.7282157
1.7205461
1.9060545
4.4728181
2.8359511
2.5931098
2.4558503
2.5127078
1.5634566
2.9690696
1.3022703
3.0195168
2.5995708
1.6588726
2.3508090
1.4625239
1.2089785
2.0706639
1.7087308
2.2510027
3.5592668
1.7783208
2.3932334
1.8506876
2.2316785
0.5815668
3.0890183
1.3519446
2.0346543
1.1485264
3.0361240
3.6500196
3.4382293
2.6650337
2.9618636
2.8287837
1.0792877
3.6846886
1.3572692
3.0953011
2.2832933
2.5941640
3.8146378
2.1059981
3.6952645
0.8309152
4.0168526
2.2377870
3.3789371
3.4364383
2.6771154
1.5541293
1.1197928
3.1565040
3.2100251
0.7409419
3.1023686
3.4799091
4.3968911
6.4493432
4.2473362
3.9084833
2.5539161
1.5215639
4.3563775
1.4512613
1.8678785
2.5239581
2.6501275
2.3989277
5.2046765
2.2405348
3.0513112
4.3362514
1.8683721
2.4539094
0.9872839
1.4001713
0.8885687
6.2709022
2.1908546
0.9357736
1.8506979
1.5633585
0.9439878
2.7328050
3.5077038
3.0516217
1.4627349
0.8760146
2.6216895
2.0101823
1.8315790
1.9075635
3.2792221
1.0904506
3.5538682
2.3022533
1.1270787
2.9423387
0.8414679
1.9671787
2.2755513
2.2470132
3.6635845
5.5838526
3.4320572
1.7801574
2.4741829
2.3583333
2.1574659
2.9778782
4.1984004
3.4363679
2.7432505
3.3470384
3.1897015
3.0987594
3.5878337
4.3305210
3.3501568
1.6459670
1.5278690
2.4611003
3.2009541
0.9933706
1.8449567
2.0065870
1.6698425
1.9505412
0.6673110
1.8375969
2.5606148
2.6533141
2.9471757
3.6394455
3.3969155
6.3623313
3.6993790
2.7317970
1.7515469
3.6995551
2.8778461
3.8630492
6.9366271
3.0750279
4.7743478
3.7500610
4.3366125
2.8516193
3.4989070
2.3484092
4.3114457
3.0154818
5.3358574
2.3132904
2.6455238
2.7237616
5.3432589
1.6596538
2.2869535
2.6665403
4.0629283
3.4336099
5.3620127
1.6306969
2.4579540
3.1725009
2.1517317
3.2248605
4.8060172
1.7741212
2.3653627
2.3611204
2.2771043
2.8158780
3.8146028
1.6460384
5.7277505
4.2434296
3.1383813
8.7968723
5.3980624
3.9093562
4.0090235
3.1110247
3.5194610
5.0527480
3.0261996
6.9270901
5.3012904
7.0048335
2.1084369
1.6419961
3.0411149
4.5045222
1.6227512
2.0814498
3.0516988
1.9817167
1.1172066
6.3443514
1.2917506
1.6370261
1.7881428
2.5204886
1.8770815
2.7446491
2.2033045
1.5514663
0.9577157
3.1159413
1.6586949
2.1127871
2.5830831
2.1209614
3.8676112
3.3954863
1.2158838
1.8995674
2.2899660
1.5514602
1.1399205
1.5306716
2.8577698
0.9907254
1.6062967
1.5294854
3.9681290
1.9693473
2.3293019
0.9129862
1.3686619
1.9063996
1.8907460
1.2912911
2.8286676
3.1740406
1.6808897
3.1046255
1.8839729
1.3667903
2.3587555
1.4681926
1.7494490
1.1773488
1.0464830
2.1176972
0.2802751
1.6727947
2.6379137
2.3485265
3.3093626
0.7682560
2.4516237
1.6973664
2.4469817
2.7395444
2.3081171
4.0299575
1.3388203
3.0298839
2.7949773
0.6321349
1.9511050
1.7212577
1.9411792
1.9655173
2.3302172
3.2360714
2.5919314
0.4741555
2.2457821
2.3059192
1.0595730
0.6644899
6.4257348
1.4032450
3.0611513
2.9868564
1.0223637
2.3939254
0.6486294
2.8754752
1.8704685
2.8827216
2.5527711
1.8804860
2.6453694
2.3902289
3.8964698
2.8515445
1.0373259
4.0993526
2.5014382
3.5486186
2.7322158
2.3071096
1.5996676
1.2594506
4.4793946
1.6760306
2.1290678
3.3029763
2.0937168
1.7974942
2.4707093
2.3643205
1.7779807
1.8484038
0.6995831
2.8216422
2.2165757
2.0966560
0.9114479
3.4006485
1.5208718
3.0698014
3.2167989
3.1166804
5.1310823
0.5007657
0.6216842
2.8633652
1.2341584
1.3673325
1.0346384
3.0407682
1.7730127
1.9819884
4.6859989
1.6427713
0.9254178
1.8008511
1.1795171
2.8811447
2.0795349
3.2123957
4.1066329
2.1201412
1.9101195
2.2346325
2.5308365
1.2828048
3.3852951
1.3680300
1.6423483
2.8169709
1.2474427
0.9250253
2.0780785
0.8105662
1.2743643
0.7587847
4.0592470
0.5487516
0.8971974
0.8591736
1.3537799
2.3533629
4.0884792
0.6683980
1.9975809
1.0199207
1.3535762
0.9447748
1.8953642
5.4477469
2.3084168
1.2932004
0.7376754
1.4450178
1.8693677
1.7445821
1.1419454
2.2954227
0.9534295
0.1362173
2.1003345
2.8729714
0.7666548
1.0001713
1.1649420
2.0697083
2.5825062
0.4983603
1.3108481
1.4726334
1.3910797
1.1031128
0.9290863
0.9590698
0.7776245
0.1379321
1.8062395
2.7960598
1.8529612
2.1999096
2.8995990
2.2144010
2.4652665
3.1183834
2.8269230
1.7629605
1.9504693
1.2909048
1.4653633
1.1576399
0.5687322
0.6203400
1.2331637
3.3297425
2.0790313
2.1607983
2.4447985
1.7329987
2.8774252
1.2677548
2.6925077
2.0302599
1.7653726
1.1528847
2.1655822
0.8932052
2.1646576
1.5669078
0.9424098
0.5617469
1.3465546
0.6649953
1.7132447
1.1315337
1.1299575
1.4213690
0.7001088
1.6173392
0.9565219
1.8232877
0.7424854
0.5654774
1.2609959
2.2928743
4.2289484
0.7266405
1.5409585
1.5452369
1.4744414
2.2230309
0.9640903
0.9416464
1.6252699
1.7848666
1.0030663
2.2869437
2.5663229
1.6851272
3.2153415
1.1889860
1.7996883
0.6463388
1.5604570
2.8410614
0.2995276
1.3360204
1.6411781
1.6319565
1.3507756
1.3200600
1.3354531
2.4358994
3.4939233
1.6004086
1.7047733
2.9781199
1.8508098
1.7040185
4.1048203
3.0880737
2.9249311
5.3273521
0.3610873
2.4901057
3.8073920
1.3292736
2.1796024
2.0572472
1.1734317
4.8379985
5.1973582
1.7659028
2.0920957
1.4712327
1.7776531
1.0440654
3.6069735
1.8734158
2.5938054
6.4207690
0.7705413
1.9159188
0.9665308
2.3618705
2.5375975
1.1178616
2.5297985
0.7730633
3.1021819
1.3086304
2.6091893
4.2483793
0.8738977
1.7271205
2.5940407
1.6452290
2.6142066
1.3299190
8.8219837
4.0102359
1.7468910
2.6137231
1.3153483
1.4879184
2.8689249
2.2983600
3.7339690
5.3745200
1.1035299
2.1668286
2.2135321
2.8844593
4.0475171
2.3259178
2.3920618
1.7494877
2.0023444
4.2571491
1.9773853
1.5083903
2.4692770
4.0791917
3.0251845
3.0788992
1.5739293
5.0386235
1.3576715
3.9886821
1.5542057
2.3960005
3.9972258
2.1823337
0.4886388
0.4097976
4.7898001
0.2819531
0.7470256
5.3227133
4.4562784
6.7278709
2.6966736
2.2437368
2.9891971
3.5498046
3.5092057
1.3142920
2.9251611
5.0676108
3.8568004
1.9829454
5.3339556
1.6476052
2.8653204
1.5157622
1.2079729
3.3877430
1.1573865
1.8185033
1.7674611
1.6151132
7.7052828
2.5826697
7.0116006
2.3215609
1.1036209
2.2040240
3.2966313
1.4240332
2.8087808
2.6836304
0.7544781
1.1796191
2.4290775
2.6840751
1.3072315
2.9875345
1.7523698
1.8896056
2.8736964
0.9624786
0.9114319
1.2875992
2.6655875
1.1612842
3.3230296
1.0004818
3.7719836
4.8789038
2.3538334
1.1912796
0.8342805
4.9821421
2.0471450
2.5601530
3.2683380
1.5792085
8.7314139
1.6189631
2.4136354
2.9079647
1.4591283
2.6283730
2.1755945
1.1346493
1.6877012
2.1266905
1.1073414
3.1273518
1.1439339
2.1801172
2.3967476
1.3045243
9.1163859
0.8267685
3.3293604
5.5482857
2.0859434
2.5252365
3.8154844
0.5147710
2.4393977
1.5058826
0.5749074
2.6693986
2.1441897
2.1098428
2.4344086
0.7755269
4.3528102
2.7855757
2.6822781
1.6627255
1.3171536
1.2096195
3.0371698
2.7636058
2.6677009
0.8634594
2.8322746
3.3123753
0.7630369
0.7717464
1.4549843
1.9232040
2.2164482
5.3101016
2.3218200
3.8708417
2.2289440
2.1490516
3.4216075
1.3781047
2.2910049
3.5102878
3.4486675
1.9878724
2.4448598
2.6925397
1.4195769
0.9059239
0.7523492
3.4509907
7.7447477
3.7024250
2.2855947
4.5086588
4.4619186
1.9624906
2.0100737
1.5332178
1.6313519
1.8566760
2.6813076
3.5169949
1.9929166
2.1762164
2.9935221
3.1307725
2.1486812
0.2291395
2.6337751
2.7258368
2.3245976
2.0188839
1.5827142
1.9774641
0.8141286
0.7758135
2.4974469
1.6651351
3.6947098
4.3023082
2.2132623
1.3344833
3.5341810
3.2949942
2.5883371
2.3304772
1.5416145
0.8403839
1.7141135
2.9063391
0.8405900
1.7047438
1.5860669
0.8806848
1.6116016
1.5249072
0.6437673
0.5443548
1.1660549
0.6630356
2.7195027
1.3697534
1.9467454
2.1336231
1.7583364
0.7318290
1.2360246
2.2652795
1.2024961
3.2603312
1.7065992
1.8974674
1.7049649
1.2664472
1.4047672
1.5463862
1.4187351
1.1389755
1.8685207
0.8076489
2.6700583
1.1087780
0.7685389
1.7898644
1.1850916
1.3820098
2.5391117
0.9562696
0.8650273
1.7265645
1.4945402
1.1643677
1.0997286
1.2177393
0.9091075
2.0853160
1.9409279
3.8797695
2.6398917
1.6260608
1.8197204
1.1186293
3.2940006
1.1501371
1.2719765
0.5162850
2.0483724
1.9656288
1.9868092
2.2601948
2.6498679
1.0524595
2.2661986
1.5016280
2.5165271
1.2184918
2.3253560
1.2998986
1.9319363
1.4435055
0.9972436
1.1218540
1.3017578
0.6495008
1.7992298
0.5902152
1.7386966
2.8604615
3.0335949
2.5139988
3.1040160
1.8279257
4.4045598
1.5897274
0.7754051
2.6432144
1.5635227
1.7204968
3.3537902
1.0514991
1.7534525
5.0430930
2.9735484
4.3693782
4.2767167
1.8364696
1.3484088
1.9070810
2.1273746
1.7646854
1.8547675
1.9727496
3.8050055
2.0634002
4.0956767
3.1947856
1.8264060
1.1009957
2.9218575
3.7448783
1.7877447
1.7996262
2.6241213
1.0521179
1.5709608
3.6863723
2.8072361
1.6392950
2.6717980
0.8706754
2.3099620
2.6616648
3.0157906
2.7985540
4.6087754
3.1944282
2.1116483
2.0203150
2.2682283
1.6982689
1.7536596
1.4875605
1.7061067
4.9878608
1.5405985
2.6532648
1.1864200
2.6605105
2.0247226
2.4173119
2.0716043
2.1842197
1.5591897
1.7118599
2.0450227
1.3877356
1.5616995
2.6749564
0.8222897
2.4581361
1.0070736
1.7433554
2.7076405
3.5200502
2.1273599
1.5767869
1.6018031
1.4475661
2.5806837
1.2763784
2.1459058
2.7940244
2.2394668
2.6442963
2.0296913
1.9289517
2.4066041
2.0919996
1.9153953
2.9447074
1.9898706
2.3756060
2.3653001
2.5658166
0.9258322
0.9661556
1.0466396
1.4334138
1.8721226
0.5046124
1.7416520
1.5418873
1.2873807
2.4737371
0.5880687
1.7619434
2.1146227
1.8865432
1.5109729
3.0942385
1.1705285
2.4046531
1.9958418
2.9148300
0.9515446
3.1309465
2.7591172
2.3603447
2.8878434
0.8478631
0.9451553
2.0453320
0.9679672
2.4778701
0.8090216
2.4303983
1.6386479
1.2678079
1.1780076
1.9588649
1.4344525
1.3352772
2.8032620
0.5971453
2.4440061
2.4222225
1.8756991
3.7883194
1.3297087
2.3469461
3.0038986
1.6955405
4.0033890
1.7198454
3.0089295
1.1325628
2.6949771
4.6191154
1.7177573
1.5160053
3.1045080
1.8251865
2.3063012
1.6672917
1.4283356
2.9550618
0.5433626
2.0382253
3.2446754
1.8900301
3.4677580
1.6158721
2.2576643
3.1702678
0.9579413
3.5408327
1.9245281
2.3066253
1.5873228
0.9015881
2.6955359
2.0446803
1.4039525
3.2874393
1.3070414
1.8965555
3.0608279
0.9259094
2.1448878
1.7864268
1.5088155
1.7799621
1.3252946
1.7795088
1.6302282
2.3254387
3.7445786
1.6742434
3.0261270
1.9277100
3.6629272
1.3496651
3.2039557
3.0360566
1.4927197
2.3968154
2.7927487
5.2048062
2.0632524
0.4804007
2.4242602
1.4198750
1.5580980
3.0272971
1.8002062
3.3433853
2.7381388
0.7864955
1.6189238
2.8660662
1.8976789
3.8211532
2.4274311
1.8190632
1.3609986
1.5769294
3.8536786
1.1969787
1.0794103
3.9970586
2.6668572
2.1938716
1.0933047
1.4159846
2.1123877
1.4435479
2.5020199
1.8848751
2.5867659
3.1622896
2.2581654
2.6656101
2.6662675
0.9819191
2.1759501
3.0234519
3.1637524
3.8834893
2.4072236
1.7085430
1.1810254
1.5045693
1.2753489
0.7098872
1.7035790
1.9142016
1.7872097
0.6365576
1.6554411
1.6786815
1.1685065
0.9175739
1.8300372
2.0473051
0.8615145
1.1688023
2.0689936
1.2753934
1.5439035
2.6194049
1.6840930
1.4927245
1.1123650
2.3389069
0.5456488
2.1571332
0.4422227
3.2799418
1.3693393
2.0044724
1.2787337
1.9423683
1.4226992
1.6019118
3.3464989
2.9704618
5.3871685
4.6387035
2.3054072
1.8615754
1.1420964
11.3021673
2.1468985
0.7811328
1.6582148
1.0576330
2.2179374
1.4549791
0.9068392
1.9075378
0.5364066
1.9543274
1.7510695
2.1375523
2.6714873
2.8233146
2.4139723
2.1238066
2.6059332
1.1131095
1.7264083
1.5209263
1.4615091
1.3769332
1.5978538
1.7422152
1.8139626
0.6662118
1.3763967
0.7862730
2.3742741
2.6616466
0.5693551
2.0826564
1.0927661
1.6172291
0.8270594
1.5086149
1.5441583
1.8795815
2.2423166
1.4742478
2.7340057
1.4942377
2.5821972
2.8985321
3.3555308
2.9641364
1.5292597
1.4630580
3.5946933
1.1415701
1.8647896
3.6002207
2.4418620
1.7790698
3.6939396
2.7673052
2.5770136
2.6360500
3.8761672
1.8782274
2.5427945
2.5218815
2.3165002
2.2959894
2.9172274
2.0212521
1.1717635
2.7041787
1.9660381
1.8594655
1.5527943
2.3842737
1.4438103
1.2006735
2.0301090
1.4914287
1.9686277
1.4332291
0.9626858
1.2911736
0.8908188
1.3578635
1.6864627
1.0271065
2.3306119
1.2822266
1.3038111
0.4332498
0.7879457
1.0926231
0.9775284
2.1293553
1.8777813
2.0000861
1.0115333
1.7312959
1.2460184
0.9944241
1.3910124
1.5568651
1.4977991
1.7748579
2.5058131
0.7876262
3.0352838
2.4733588
1.2805860
1.3066551
3.2535030
3.0709029
1.5926789
1.8932228
2.3024638
1.6471070
1.5358734
0.6787370
1.5895122
3.0287237
1.2887891
1.1352925
0.7935074
1.3504278
1.1617214
2.6116816
1.8364598
2.0656623
0.9669464
1.3056570
1.9899805
2.0162882
2.5878020
3.9346897
1.4921036
3.4084930
2.2302266
3.2986326
1.8823443
0.8711884
2.1495678
2.0963654
1.1424750
1.7199346
1.2174598
2.4797498
0.5338296
2.5457898
1.0169453
2.7552787
2.4603363
1.3993965
1.7800366
1.7007185
1.4033899
1.0156295
1.1946377
2.9342261
3.0731636
1.1949010
3.1277346
0.5387721
1.3370975
0.7490511
1.4669639
2.4199030
2.9362369
1.8183253
2.8988834
0.3242619
0.9970698
1.1104294
1.3825893
1.4678728
1.7687403
0.5996263
1.0256835
0.6632957
2.2114830
0.8344039
0.4456818
1.6402348
1.8176678
0.7875908
1.3905043
2.0625088
1.4435579
1.0773320
1.5076715
1.3663870
1.2619233
1.4455673
1.1048589
1.9503443
1.7499862
1.7505611
0.4562384
0.9048728
0.9578678
1.7798518
3.2983300
1.7230409
3.0932086
2.4442674
3.1281878
1.6432898
1.0303187
2.1718532
2.0310629
2.2190173
2.7311600
3.0129334
2.5345871
1.6066110
4.8262396
0.8489229
4.4767217
3.2157801
3.3822203
3.2389310
2.0396423
2.1937094
3.8662401
2.2049416
3.9574021
3.4519248
3.4498044
1.8219112
1.9398348
2.6183764
1.1346308
2.0865466
2.3544269
3.5805152
2.5955648
1.6308055
2.7417204
0.7240478
2.0940382
1.2853871
1.1245931
0.8833850
2.3651249
1.7477908
2.9560850
1.3640101
1.3834573
1.6286069
1.1939522
3.5486137
1.4419888
1.4851543
1.6621187
2.5543654
3.1700248
1.8462973
3.8050007
3.1152982
1.9611775
3.0103548
2.5523428
5.5325188
4.2888732
2.7070461
3.8413216
2.9511465
3.2072052
3.8462615
2.6035499
2.7119881
2.4070974
2.5650819
2.2670875
1.3542466
2.1986635
2.4160206
2.7768474
2.1007301
2.2047359
1.6651328
1.5984026
1.7982459
1.2724415
1.3869957
1.0432027
2.9833067
2.1678048
1.6299920
1.9220512
0.8530754
1.2945285
1.7859411
1.0845077
2.1359718
1.7486410
0.8932853
2.4155074
1.3999799
1.6572896
2.2084752
1.2547790
1.6406458
0.9345859
1.8189921
2.5101116
2.1404289
0.5592392
2.2448876
3.7784750
1.6368421
2.4360575
2.1733740
0.9958431
2.5300522
8.9831916
4.3092669
2.2025972
3.0600356
1.5774235
1.8638292
5.0319991
2.1898559
1.1962895
6.2641265
3.0393802
1.2218701
4.5152989
2.9225823
1.4323682
3.4709595
2.2975129
0.5598437
1.3995094
3.3040076
1.0777858
5.8478221
1.0437272
3.0015394
1.8299360
2.1833388
0.8265830
2.6597623
2.8767685
5.5173629
2.3374979
2.9995110
2.1786453
4.2381181
3.2825431
3.2771003
2.1816449
4.0088529
3.7386891
2.2265589
3.9594603
1.9632199
1.9304780
3.6529880
2.9415363
3.0006312
2.9217392
0.4590407
2.4669622
3.4193361
6.5228028
3.1081144
5.6714196
4.8597216
4.6569112
3.1552253
3.0978036
6.9807765
4.5743761
4.2610075
10.9094335
3.1999118
2.2038788
6.9437780
0.8118800
6.7614412
7.7359703
4.1918063
2.8539098
10.6134238
5.0822922
5.4729968
3.1787048
2.6050583
4.6616148
1.1215312
2.5147127
1.0257570
2.6897789
1.2391911
0.7393696
4.1922005
2.1562958
2.1254043
3.7410966
2.9969302
1.9394334
4.9608497
3.3749127
2.7416307
2.7276552
7.8102329
2.1167780
3.3691415
4.4750085
1.7964182
1.4846574
6.6366066
3.9375943
2.5602319
0.6391375
3.1816298
1.4345313
0.9520718
2.4174253
1.1304731
3.6590056
2.7839460
6.3737987
2.6457492
2.1725040
3.3500653
1.9626855
1.5397437
3.7170644
2.3129297
4.0773976
3.9812372
9.2552622
1.8434243
2.3725156
1.8674635
2.1217364
1.4997892
2.2727345
5.7351676
8.0695299
2.9461681
1.3739642
3.3362076
7.2190829
1.3868873
2.8387560
2.7797535
5.9105016
2.4727070
3.0320517
7.4122831
1.5940788
1.6018868
2.3505177
3.8478318
2.9785897
2.8188714
11.8969091
1.8126223
4.0152419
4.0258011
3.6306142
1.3251384
3.1265207
2.3493285
1.4457327
3.0451645
3.9346541
12.4342061
2.8542212
7.7424319
4.6109115
6.9313727
6.6422601
3.1508313
3.2384135
1.8083778
2.4411993
2.3435193
6.3826299
2.5819060
3.2072325
1.9990213
1.0495764
2.6047024
1.7452561
3.3434936
1.7796072
2.7489944
3.0486423
0.8791889
4.1148344
0.6484170
3.8880428
37.4351108
1.7672630
2.7064102
4.1961015
1.8333454
5.1391373
1.0929348
2.3075246
1.8859243
1.3705940
2.9301138
3.1343673
4.3752195
2.9935499
1.3634785
2.1671060
3.4126699
2.5402503
1.8413383
3.2340909
3.7563524
3.7135132
2.6054941
1.6646975
1.2103999
5.4339068
6.0757296
1.7048578
2.3173823
1.3230883
2.4179756
2.0350121
0.4684418
6.0007304
1.8310371
2.8459755
0.6917297
1.6577892
4.0324621
1.7208863
2.7134426
6.9324796
7.5506596
13.2805896
3.8464260
2.7635215
3.7726109
2.7555337
2.3290727
2.0362743
1.3948772
2.7706297
1.9124566
3.2953273
3.9572297
1.4505145
2.9504819
1.0760598
2.9175832
1.7440355
0.4871029
3.8105925
1.0578444
0.9115816
1.2309478
1.3033575
2.3231127
2.4543866
1.2522851
0.5606094
3.6721617
1.9223490
2.0989315
2.2367916
1.7461737
1.2640616
1.4483363
1.9707865
2.3330408
2.5232249
3.3851648
2.3386071
2.3760348
4.1783508
1.4595052
6.3008457
3.5511751
1.9572508
2.4445865
2.6362225
3.3826973
2.2247554
0.5536988
0.9613769
2.3559950
0.8421876
1.9724247
2.4855478
3.0614192
3.9594516
1.4382721
2.1545679
1.5814658
1.7733860
2.2728181
1.0623524
3.4198379
3.2524656
1.7930051
2.2454211
3.5344315
1.4983256
1.5522722
3.0276656
3.1513269
0.4571782
2.1104094
1.0445982
2.2086277
1.1245535
4.0065137
2.6892917
4.6880569
1.8478659
3.6891778
0.7762910
2.1120044
4.2038364
1.9422236
1.3374490
1.5374700
2.0757569
3.4151436
1.8500151
4.1147909
3.3723418
0.8310251
2.3550664
1.7081660
2.4851763
2.5966033
4.1851173
3.3829523
1.3269881
5.0224475
0.6247030
1.1944009
2.4490392
2.1658809
3.4951941
3.1750179
2.2313589
1.1049708
0.4048762
5.4533727
2.5294978
3.3673064
4.9391094
3.7511846
1.5884274
1.0829023
2.8704375
2.3623669
3.7140739
2.1609310
1.7638870
3.8376831
0.6385935
1.2791854
1.9755871
1.6145213
2.0390839
2.2443904
2.0049750
2.6566175
8.5501831
3.8485227
2.8470515
5.9688808
3.5584468
4.7441982
3.4872096
4.7480219
0.6463753
8.9568366
3.2888475
1.9594628
7.4012290
2.7408869
4.4729579
2.9846604
4.0811451
3.6822279
5.4460964
4.6093453
7.3483489
5.8092507
3.0844374
2.9968770
14.9185529
8.8707336
9.6457814
2.5782226
2.2202376
1.6089677
6.1079537
12.2762313
0.9712372
6.7815656
2.4054736
3.3329508
1.8498398
3.2348248
0.6255910
8.6559372
1.7631267
3.5765734
7.1041352
3.2808288
1.4854091
4.3180274
3.2159087
4.5636311
5.3130852
5.0809717
4.9090855
7.7368513
2.2453322
0.3822177
3.8093854
3.4904671
4.4673897
2.8570543
5.0546404
5.3337767
5.1791111
1.9793162
3.7256530
2.6466540
3.4930824
1.1124562
1.6361514
2.8038979
4.2852710
2.1852795
3.8300025
2.3850342
0.6200066
2.2176007
5.5333418
5.0799018
5.0852368
2.3115690
5.0513866
4.4541325
4.1787858
4.4431257
7.0026030
3.0553155
2.5742464
1.3684111
2.2577334
2.7316805
1.3700406
4.1081675
7.5166093
7.9515828
2.8487409
1.2265010
2.0841608
0.8187796
0.8103755
1.4821077
1.4147184
3.8332514
4.7666804
5.8531557
1.6251989
1.3481630
2.9013604
5.5717279
9.5855471
5.5084670
1.2706418
6.5178104
5.8955281
3.0009159
4.5754543
5.4620610
6.4093339
4.3738708
1.8809099
3.0032156
3.0357401
6.4423142
4.4977260
6.4137301
1.9679132
2.2920141
1.5060903
2.4417757
6.5289140
6.3899527
2.2954528
5.9749940
9.3449050
12.3074778
3.7539651
4.8491079
3.1753433
4.8452608
3.5828489
3.3158113
3.0627356
2.0425437
1.8868964
6.0089482
7.1292218
3.9410941
4.7940929
0.3193738
2.2214107
7.2876090
3.5628943
3.0103117
3.3827844
4.5186013
2.1064728
2.3202588
3.5475459
6.1376289
2.3789373
2.7780264
2.3172931
4.8045776
2.6632471
3.9869504
0.7687230
6.9764543
24.9582183
17.1174706
7.9964462
3.1784404
4.3784766
2.2405915
4.4695681
6.8178915
4.2380362
3.6955953
7.6100084
3.1299942
3.2679311
3.1328905
2.1649122
3.0933688
6.1346891
4.5111902
2.4620561
2.0160977
2.0571005
4.2477524
2.1783653
2.5685448
1.1158757
4.5542394
2.0664079
1.1819416
5.7127202
3.7863657
4.3456545
3.9485943
2.4323220
4.3878932
4.0313909
3.2841245
4.4998444
4.8265053
5.5610499
2.3902092
1.9768210
1.8946066
3.5629962
1.7191649
4.6799998
1.8055489
2.6969874
2.6677906
2.7984273
2.2332439
2.9549987
2.7332316
4.1369027
3.2970151
2.9181331
4.6883101
3.2104421
5.6548461
4.0349342
2.1641877
5.9369500
4.2635801
5.8891070
3.9792693
5.1106388
1.7993987
2.6096908
3.7470039
4.7994407
2.0693012
1.8422997
3.2558218
2.9801151
1.4164257
3.0471179
2.2334509
4.4782804
2.4769143
1.4123014
4.2204776
1.4601523
2.8256600
3.2146445
3.6747786
0.6904790
5.0443002
3.0354805
0.9920682
3.4326089
1.2427681
2.1272930
6.7324603
1.7296690
3.6394192
3.6452664
1.9897362
1.9463204
2.3884818
2.4508438
1.4387385
5.3086163
3.0298326
1.2424151
2.2973202
5.3446675
1.0137353
3.0073548
2.4788806
2.7021950
1.4871797
2.8420326
7.5313015
2.6548105
1.8939160
5.0629491
0.5687757
4.6180094
1.2749469
2.7575925
2.2918309
6.7178226
13.4577889
8.8608671
3.1705367
10.7090708
3.4366028
3.9524876
3.0794764
3.5112388
3.2153786
2.0030982
2.7153697
2.7818157
5.3069094
2.4237569
3.7717582
1.8015540
2.5648311
3.6954969
3.0295888
1.8006603
3.1152370
2.9641495
1.9421585
0.9841995
3.0173403
1.3531521
2.6535362
1.2433056
1.6832792
3.5355345
0.5639076
2.7596137
3.2692766
1.6813171
3.5419057
0.6202376
2.2177904
2.3240218
1.6309667
2.9614369
0.5995638
2.4119892
3.5965659
1.4683422
3.4475013
1.9202359
3.7564887
0.8533524
4.4124933
0.7361113
4.0079633
2.6732211
1.9022124
3.2867537
2.7219509
4.7012629
2.0840898
1.9001131
2.6194337
6.7184897
1.0236305
2.2997299
2.3936265
2.0792261
3.0640775
2.5916327
0.8705181
1.4392813
3.2148664
5.6321378
1.4542134
3.7203211
2.8334468
0.9719514
2.3100127
1.3396947
3.6930820
4.4345591
1.2578983
4.3284181
0.8605233
3.7221556
2.8242170
1.4432892
2.8706183
1.7327485
5.6583167
0.8361619
2.5436445
1.5685034
1.9243309
1.4841264
1.6864458
4.0307314
4.7465593
2.7632817
1.5730216
2.2554913
1.5403997
2.6919206
1.1275449
1.9875515
4.0266426
1.9825682
1.6046385
1.7152952
1.8114327
2.4352166
1.8259705
1.9433541
4.3591079
1.0471647
2.2368246
0.7939760
2.1661353
1.9416344
2.0569095
2.8309638
0.8257885
2.1949269
1.6403406
1.2058894
1.9792451
1.4780180
2.9866754
2.5216902
1.3388635
2.7575941
3.1397158
1.9763296
10.0352004
0.9151677
1.6324762
1.4110566
0.9396793
0.2074218
1.8047202
2.1606049
0.9138604
1.2790769
1.0410515
0.5056520
1.1943536
2.2288787
0.4889422
0.6570360
5.2005049
2.4754454
2.8688539
2.1611405
1.5325779
2.6849904
1.9812743
1.4926717
0.6410150
2.4350909
1.7668478
1.2911680
2.5011536
2.0312627
2.9150074
2.1685717
7.4122269
1.2371168
1.1487319
2.6793469
1.0620242
1.3300794
1.6661090
1.8930625
2.7704546
2.1021381
1.7041718
1.1725419
0.5167068
1.0003981
1.9478661
7.0311446
1.9982322
2.6048238
1.4492618
2.0135293
1.8399152
1.7480166
1.8684602
1.0885966
1.2656247
13.0380727
0.9838001
5.1960027
4.1175836
4.2135732
1.8059947
1.3018362
2.0399335
2.0029352
3.0117564
2.3467794
1.2158714
6.7462375
3.3513347
2.8372180
3.9295230
0.5613719
3.0000598
2.2936570
1.1963712
1.0363091
1.0473912
1.0000588
3.7652461
1.2737031
2.2412116
2.5552818
1.4207197
2.0352839
1.4742224
2.3451117
3.0974061
0.6642750
2.1055022
3.0821409
2.4728628
3.7460732
1.9318306
1.6704932
1.7794601
1.3845666
2.7310013
1.8633496
2.1857134
2.7088007
2.3702776
2.1360955
2.3810424
5.0589306
0.3770953
2.0826049
2.5529458
3.3513465
1.4395393
2.3297830
2.4563029
1.8374955
3.5334875
0.4761426
1.9013914
1.4641304
2.4214841
2.6082183
3.7758966
2.8336423
2.3441920
1.6453608
3.3384269
1.9012586
2.1629011
1.5499017
1.0349742
5.0329305
3.9381499
1.5175920
1.0051672
0.4725454
4.3969622
2.0012286
0.9640008
2.8598962
5.6269080
2.5836766
2.1776965
2.6629109
2.7086179
0.8249723
4.3352558
1.7518284
0.5580312
1.6349274
1.3272861
2.2430219
1.8808752
2.0208484
1.7734008
2.8006114
1.4810983
0.8187840
1.8100592
1.3335192
1.8502910
1.6149667
2.1230942
1.4165650
2.0693867
1.4020761
0.9152567
2.6219231
2.3198720
0.7588829
1.0328387
1.1474257
2.7508949
3.1035009
3.4616225
0.9646351
3.2174992
0.1759864
1.6048540
1.8386140
2.7871054
4.9386033
2.1064568
2.7920086
4.0312634
2.7083353
3.6371188
1.0177726
6.6556507
8.1018127
3.5151742
3.8543087
1.5183379
2.5901896
2.5715537
4.5438969
1.3118839
1.2698578
5.7272479
3.7199854
2.0698794
1.6516958
1.1259201
2.3150731
2.8910878
3.2783324
2.2355355
2.4330098
3.4226695
0.7013170
1.7319651
2.1232502
0.9590204
2.3969249
1.7765395
3.2331441
2.2202462
1.0433882
1.7983182
1.2974697
1.3196343
1.4763511
1.3134522
2.1941787
1.2006738
1.6331387
5.5489241
1.9834032
2.6176515
2.5641533
2.6900888
1.7398230
1.6039820
3.8725678
1.5033349
2.0068929
1.6139964
1.2656069
1.8333521
1.5970430
1.4286546
1.5569052
1.4104445
1.8220761
1.2177475
2.7137343
1.6821828
1.6246610
1.6017666
0.7029329
0.3990431
2.2406317
3.8986347
1.7412452
1.9434892
4.1451859
2.0519334
2.6793389
3.1316359
1.3245524
2.2075582
1.8576758
0.7724681
3.8580307
1.1629739
4.4098707
1.4538925
0.9724730
1.7344204
4.7765075
1.2947526
0.3337582
1.7963190
1.5006643
5.2202335
0.5751685
0.9416209
2.2351758
0.8544267
0.4710900
2.0168222
5.1918525
2.1238835
2.2685469
2.7035999
2.0197147
0.9486856
2.2300596
3.8206310
2.5769594
0.7636993
0.8443487
4.4363818
2.5441747
2.5521302
4.6281312
2.2695036
1.4871146
1.4584783
2.2227283
3.2149994
2.2880695
1.9143915
3.4066250
1.6615472
4.6500830
3.2531463
2.9656294
3.2730590
4.0277875
3.9589684
7.2015705
5.5457844
1.7463196
2.2862324
4.9478601
3.9549133
1.8787929
3.8798276
2.2051677
3.1661998
1.0920494
4.5556170
1.2293910
3.8326336
1.4449514
8.1509258
0.8388919
2.7524735
2.0030780
4.0295458
2.3056320
2.2268464
3.4862028
0.7434637
2.9214830
3.2625557
0.8508885
15.5748373
1.9200403
0.6004975
1.7473305
1.2527284
1.7163238
5.0213422
1.8544565
4.6370569
1.0356072
5.9157967
2.5548854
2.4566597
1.5431180
3.0591575
4.4538449
2.6086520
2.8046350
2.2981764
1.1005231
2.1084205
2.4796508
3.8969103
2.2654469
3.3489275
2.6975285
6.0934120
6.4708545
2.8330843
1.2229086
6.0634853
0.7302758
4.6702784
3.6592425
1.4877281
2.2675587
4.9489531
4.9649314
2.8841238
1.4159055
3.4081491
5.5724024
2.6013209
3.5355030
1.2409934
2.1377596
1.3044759
1.6835011
3.3400961
6.0290969
5.4522409
3.4559883
0.8906323
4.6299804
2.0582055
2.5896974
3.9140437
1.5891247
4.2242779
1.0171374
2.8017669
2.2477397
3.1959565
3.1339469
1.3945419
4.9750430
0.2132117
8.3310142
2.3148485
5.3508776
4.1894612
1.9096817
3.3982704
4.0655900
3.7928061
1.3629428
4.2892570
1.6516784
2.2140279
2.5041818
3.8846683
3.0575673
2.8056566
0.3403837
1.1779743
2.6976013
1.6597619
3.0746228
1.6799185
5.4717470
0.5798342
2.9285135
3.3626558
1.8923687
2.6873265
1.0159324
3.1836244
1.8096386
2.7482271
2.8477881
1.5150911
3.9268882
4.5825666
2.5867590
0.7094496
3.6698545
2.8736001
2.6297632
2.9427239
4.3791944
4.4419403
0.7898653
5.9482236
4.9333225
2.4428480
4.8923908
4.5760373
8.3220260
3.8618525
2.6098248
5.0773863
4.5598676
2.9489300
4.2055515
2.3677771
5.4922392
2.2715682
1.6454060
2.9312968
1.4592580
5.5725464
6.8786322
4.2454071
2.9278368
1.1610760
3.8775491
3.4601994
0.2647020
3.7915341
1.3529713
3.0180098
1.6654179
1.4865900
3.7240671
1.4317206
1.0653210
2.4550583
2.9340931
2.3089576
2.2178522
2.1943949
1.2098189
2.3773409
1.0014409
7.0707279
2.2579926
3.5358709
4.1455958
2.9072437
3.8192914
2.6752617
2.0002945
3.4363346
4.1343722
2.7399629
3.5588626
1.2544126
4.9176733
2.5561077
1.7068023
4.7367855
3.3404939
6.6676572
3.9065055
5.1518005
4.2697681
3.2599587
2.4609826
6.2709601
2.7099030
5.8526242
3.2845438
5.3527821
4.8346591
4.4066212
4.3908456
5.0908575
1.6880944
3.4294076
7.1219284
1.9808581
3.8466787
3.6588896
3.0291244
7.1522590
1.6202671
3.3431616
1.4273807
1.0710113
4.1170982
9.4149553
7.2451440
2.5076925
1.2154324
9.0815143
5.8305251
6.7147940
1.2047205
2.2410536
4.8609259
3.6129382
6.1473508
3.8723946
4.7151971
1.4542760
0.5444344
3.1984785
2.0454720
3.0440971
2.7443058
4.5278276
3.1567533
3.9839676
1.3120918
3.5413894
2.5852640
3.2327933
2.7068364
3.0851358
1.6147488
1.5402076
0.7413281
2.7556752
5.2852701
1.4266267
3.5766777
2.8853664
4.8157697
2.9276220
4.5914105
9.9826152
9.9341590
4.8707800
5.3327252
2.4090845
7.1586141
3.7344107
5.3836633
5.8075971
2.4476476
12.6833152
11.8778453
3.5309590
1.5160190
5.5467487
4.6696040
6.3438859
1.2002254
2.5701686
2.2492383
8.2782090
4.6239586
5.7781942
8.7872538
4.1594936
19.3803502
6.7893081
12.6160892
9.0428092
2.2784124
3.2614106
1.1383671
1.7271459
2.6132157
4.5199954
7.9444257
11.3231807
5.2224298
2.4154225
3.3699324
2.2208226
7.3425809
13.8156895
12.5475720
12.5394737
6.6274711
6.0668540
8.5913991
8.8734878
6.5719712
13.1124824
7.0154862
6.9232087
10.0573160
4.5162402
6.7240426
2.6954642
5.8817200
12.1102886
5.2258330
2.0186194
3.1672802
2.4111186
4.6850599
1.0419649
1.7140255
3.3895591
1.9877541
5.0655250
4.8069788
5.9362528
3.7544931
2.5456033
6.6487847
2.6984704
1.6328979
2.3790167
4.2468358
2.9526710
4.4438019
4.8832880
5.0130585
1.4974206
3.7003446
0.5215391
3.1292356
2.0843225
3.1135871
3.2616012
2.8704540
3.7818337
4.5435871
3.2362709
3.3303292
3.9918460
1.8833707
5.5436559
2.1066504
1.5520378
2.8353851
2.7490959
5.0342295
3.1930073
0.7976760
1.5191060
1.3181123
4.1454471
2.2574486
1.4728654
2.1779017
3.8499868
1.8878486
3.2924530
1.9676891
1.6334321
2.6226156
2.4209226
2.1784286
1.7682816
2.4875776
1.8935649
2.8863326
0.6081921
3.7495969
2.5246835
1.6524484
2.6473840
3.0202152
1.3635914
1.4051115
1.3114455
3.5095196
1.8522217
1.0161353
1.7695402
0.7909309
2.6290855
2.2693063
4.3020613
3.6269595
1.4518119
0.9627271
14.2700505
3.2706031
2.2189308
1.4549280
4.3990983
3.5887010
3.1259800
2.4136604
2.2331688
6.3148303
1.6635392
3.1423029
4.3637800
3.2115302
2.2647290
1.9758255
8.5554152
3.6202343
2.0022982
2.9222194
2.2505842
5.6554812
2.4575357
4.5926379
3.3698099
2.5294767
1.0459686
2.4269268
1.3977283
2.2220466
0.8289215
3.0897028
4.0948521
1.8820759
2.4039199
1.1801892
2.0935064
0.9145883
6.2613117
2.4864713
1.5135972
2.4803506
1.8232183
3.5467211
2.3848469
1.6725681
2.1950919
2.7776147
2.4064360
2.2306440
1.9994868
2.8593244
2.1888536
5.2494429
1.8769912
2.9693255
1.6525477
1.3381458
3.8640617
2.4298639
2.1908390
3.9523784
4.5220401
1.1462599
3.3924175
2.5015484
2.9572653
2.0317991
1.1390963
1.9405828
1.8916035
3.2874453
2.8888932
2.5746324
1.3355675
0.8980905
1.4717725
2.1374404
1.5085114
1.5570103
1.3965109
0.8936411
2.3960068
3.4511877
1.1800803
3.2718469
0.6756036
1.4793248
2.2163824
2.8928221
1.4616243
3.2176191
2.8031942
3.1859049
0.5332257
0.8349103
1.6448780
1.1431701
1.7695850
3.2881814
1.5316127
2.2364025
1.7345281
3.0884625
4.3166854
3.9735123
1.1699353
2.2589603
3.2504480
3.4201690
1.8986007
1.1731218
0.9813371
3.0949001
1.9801008
4.1280852
5.2916553
14.9000521
2.4827611
5.0483580
3.2884223
4.6941660
3.3668201
3.3480630
1.6276349
3.8971869
2.3411342
2.6375491
2.3454483
2.1522711
3.7641195
1.9299815
2.3771768
1.6726730
3.3990478
3.4867410
2.0853842
5.8073094
3.7008504
4.0494402
3.7457192
3.3484669
2.4987391
3.8656289
1.9687321
2.1868764
3.9748048
2.3569874
2.9480476
1.9144654
2.1231146
5.8380428
2.4579061
3.2606583
6.7653172
2.6714963
6.9289304
1.8679421
1.4619953
2.2360782
3.1165865
3.4527851
5.4969852
1.7746791
5.4119432
2.4945804
3.4289506
7.4853925
0.8770683
3.9035056
0.9194907
2.4150511
3.3494436
1.4340655
4.1900892
2.6175002
1.4898032
2.6229227
0.8817838
3.6913339
2.9762222
2.8692116
1.3555169
0.4834066
3.3868678
5.5316038
3.6453398
2.2610032
2.0597456
2.2636721
3.0804875
0.8139061
1.6943931
3.3007502
1.5274159
12.5217282
1.2538100
5.5142140
5.1438441
4.7450685
2.2657935
2.6552901
1.6197540
4.9712519
5.0864604
2.8460145
1.3214194
1.2933878
5.2174438
2.4998312
0.9768818
2.1104662
3.9463042
1.0840788
3.5921704
1.0779688
1.0921714
4.2014772
2.1966465
2.8094482
0.8226473
1.0580625
1.1976570
8.6648347
3.4974294
1.6192923
1.3258169
4.2551232
1.8550082
3.0033781
1.0821808
2.9528625
1.0151077
2.4496794
1.1849140
1.0693367
2.4885440
1.3740211
2.7048649
3.5284451
0.7838126
1.6514524
2.0901726
6.4869542
3.4320898
3.1903039
1.3269333
1.5014570
1.8701203
2.6851311
1.5768354
1.7330168
1.6392105
1.3654781
1.3292536
1.8765478
3.5178566
1.0372886
4.2049614
2.2287857
2.2156670
2.0812046
5.4071875
2.8100727
1.7458773
2.2019904
2.3081686
2.2876366
2.0415922
2.6711305
0.7098218
2.3258563
3.4773249
4.2428240
1.5574002
1.4907453
1.8016250
3.9309488
5.3893597
2.3166724
4.4004857
3.3878654
3.1135925
3.1763400
0.4500053
2.3352569
3.8064950
0.7658533
1.5440081
2.2495660
1.9879350
2.8697439
2.5417044
1.6881682
3.9301683
0.8998307
2.6978972
2.5327611
0.4657264
1.9621328
2.0725029
2.0164845
2.3590247
2.8028216
2.8220220
1.3562872
1.8078398
2.2988157
1.5032413
1.9532103
1.9649324
0.5279719
2.1417468
6.7630297
3.2222696
10.8890618
3.7271281
2.9228812
2.8138164
4.4897870
1.5681786
2.6324796
1.7213083
2.3477754
4.3123308
2.5019923
3.1782428
2.5548994
1.4468647
4.2463289
2.8480013
3.3916940
1.3936690
3.8855395
3.1318678
2.4344901
2.3962738
3.8402401
4.1739091
5.4122251
2.3659346
2.2052717
4.7264403
2.4104103
3.5103998
2.9784638
2.8863983
7.2889708
6.1318229
2.0356875
2.7887691
3.0424462
1.8924363
0.6518161
0.7686578
3.4614525
2.6575185
4.3394794
2.5932800
1.5947206
7.4402244
4.0398298
3.1238349
5.2863605
4.3467410
2.3226348
5.0696117
0.3952617
2.0008273
5.3017276
2.2125635
3.8766004
1.4276998
4.5778412
3.4735646
1.3360208
1.2789647
2.7911641
1.4346480
1.1493454
1.9252472
1.9903061
0.5018318
3.8325394
3.3312401
0.8334401
3.9212742
1.3808949
0.9728362
2.7967181
2.6521678
6.2705762
2.2112637
2.5467493
5.0234661
2.4082485
4.2636032
1.8951820
2.2493477
2.7272670
1.8674267
4.8098802
2.4597654
1.7797858
2.6495439
2.5312663
3.6109738
2.0405739
1.9181369
5.3575680
2.7500146
4.1439263
1.8695075
3.5225548
3.0116997
2.1767047
1.2941368
1.2392806
3.5959302
2.6307481
3.5607962
2.7063331
3.3166094
2.3457966
1.2206380
3.1221385
2.7313223
1.9267842
1.9094454
2.3286733
2.9949241
2.6179215
2.4350109
2.4313788
0.8411492
4.3231516
3.8458893
2.4739053
2.3942876
1.7259134
1.6340180
1.7206652
2.5422183
1.2983164
2.2828366
3.4178144
2.2335679
2.6282844
1.9617939
1.7441149
3.3809828
2.2159327
2.5317675
0.6948809
3.6319942
1.0951824
2.1470936
5.1754298
1.1436599
1.4012562
0.9869077
1.9499912
2.8814383
1.0493962
2.5871286
1.6171121
4.3324306
2.3530251
1.7571629
3.2567304
3.6172405
1.3013943
1.8877453
1.4401316
6.1373322
3.9634377
4.2456589
4.3586481
2.2128884
1.5981513
2.9396465
1.5781726
9.1667569
3.7520485
2.0907556
4.3786156
3.3749517
1.0482189
2.3248549
3.6568667
3.4164867
1.3362479
3.2234432
1.6902582
3.7066849
4.7962254
1.0252865
1.4368704
1.7558971
1.2070293
4.3867761
1.2867929
0.9057465
1.2875356
0.9837269
0.8943402
5.2377976
2.1403645
4.5680617
2.4764326
2.2589314
2.6455636
5.1317306
4.1610851
3.1727924
6.4855522
2.1855320
3.8389198
2.1992274
4.6236346
2.9689438
3.4886166
0.3753094
6.5216898
1.4260801
1.7961045
1.7455065
2.4821254
2.2464189
3.7566102
0.8711269
2.9633250
3.9098850
3.2279470
2.9048932
2.4966297
2.4047598
1.6560973
3.0515445
0.9827174
0.7718819
5.7966376
3.0396228
4.4350636
3.9562774
4.6459398
4.4422526
4.1220642
5.3283716
5.8202389
7.9781928
0.7527778
7.3721997
6.5337836
3.6055452
2.2890327
4.8975235
2.1825919
5.3091455
2.2048969
3.8958891
0.8768142
0.7119725
4.0957202
3.2911590
10.9184758
5.3681055
2.9825107
2.2677871
5.7310950
5.3132834
4.4924346
7.8740747
11.4305297
7.9301936
16.1290676
4.9459972
2.3519477
12.7870863
5.5855159
5.8780949
12.4226001
10.9099362
4.6403173
2.7377156
6.9898579
3.6575773
3.1304666
1.9784620
1.2791395
6.6974001
2.3326501
3.5564283
1.7889100
4.2641939
2.2182154
1.3129117
6.4062797
0.4025775
2.7167011
2.3682246
3.7353902
2.2210237
2.4192271
2.0336598
5.0693817
3.6080173
5.3034913
1.7819323
3.7676918
33.2104200
2.2270188
4.5430855
2.9772121
7.5032552
1.2586147
2.8202968
3.3265201
1.6672716
1.3677149
6.7936647
0.9191546
3.9881892
3.3614201
4.4752893
5.5723326
1.4011120
4.3606080
1.9987867
156.7386463
4.3020909
3.0591893
3.8245280
4.1099016
5.4280757
2.1422828
2.4946926
3.5422449
2.4804198
2.3870473
1.1973948
2.0410473
2.6398078
4.5279533
5.1821565
1.2076375
2.3004702
2.8120151
2.7157789
2.9362448
5.2563737
5.1328185
3.8353472
6.5746020
2.5611647
2.9977311
1.7108110
2.5975795
2.4125360
4.6010683
2.6339752
1.5414061
3.3995448
3.0420063
2.2218681
3.3421183
5.1576474
1.9037368
3.4491667
1.0657768
3.1690106
4.1244563
2.7922185
1.4628662
2.3316703
4.2223689
1.7101706
2.0389183
1.4060704
5.4769485
0.9853812
0.2448113
2.5507981
3.9198145
3.6035354
3.1300962
1.7153873
1.7295830
3.6022838
1.9807581
5.9487928
1.2231795
3.0856948
2.4449950
1.6216899
10.7886676
0.8065244
2.3339846
3.1069774
3.1725664
1.1486787
4.1969377
1.4498861
4.4744928
2.5197440
2.0036221
2.4681724
4.0584831
1.6967996
6.5905952
2.0918934
3.1060066
3.4009140
3.9148597
2.5929452
2.8146649
2.0893956
3.8409489
1.3633878
4.2804485
2.4510577
13.2361022
3.4332311
2.6248139
1.5600064
4.6783664
1.4964679
9.9899414
1.9415958
0.8727753
3.3852899
2.1919896
1.6353062
5.6696571
1.6084374
3.9843878
1.2248474
2.6265749
1.7813085
4.6168607
2.7272600
2.5120355
1.6387090
0.9255909
1.2537207
2.2710862
1.0532940
2.6867235
3.8016437
1.6489102
1.2120596
4.6371705
1.3364569
4.0160475
4.2047365
1.2061025
3.8406206
4.3733422
1.8128351
4.1581231
1.6745939
1.8422783
2.2212497
3.0481487
6.6926367
1.8835905
1.9045145
5.6416561
1.7190991
2.9259945
2.5344288
1.5535551
5.7902203
0.9749712
4.2951846
4.2687049
3.7547928
3.2138665
1.1040953
2.6250217
3.9670093
1.0427155
2.1851474
9.2522042
3.3409724
2.9779052
3.4048203
6.1541008
2.6878829
1.5065602
3.7060168
3.6720153
2.3196805
2.3969895
2.2031971
3.7259871
3.5187454
4.3106528
3.6867494
1.2660541
1.1563315
2.9856712
2.9991556
2.9822820
2.7756316
1.9692196
1.5892815
2.9602836
1.7450261
1.2154806
2.5697676
2.7395718
2.0348761
1.5512793
3.0277057
2.4439979
1.9836979
2.6497600
2.8333491
3.1942656
1.3002870
1.1241839
2.8100457
1.5097802
1.6887291
0.5990321
1.9974066
2.9224751
1.6786293
1.5435542
1.4458272
1.3362430
2.6490650
1.6515923
3.6580514
2.4908802
1.2181507
4.2048586
1.9933553
5.1166971
3.2351235
1.2492479
3.1561936
3.1778833
2.0658546
3.6342623
1.1098292
2.9637238
2.0026737
3.5585091
1.7179040
1.8314258
1.2194749
2.0477047
1.9169134
1.6219370
0.9124618
2.5602951
1.1783516
1.4524626
2.6227101
1.8843563
1.8269924
1.9377906
3.7242231
2.0998391
0.5839032
3.7582204
2.5052036
1.2021587
2.2013933
1.1319145
2.2481442
2.4757955
0.9611622
3.5605737
4.3484374
2.0640932
1.4095291
2.4707223
1.4260912
3.8721060
3.3669479
1.1811424
2.8799278
3.4775202
1.0458387
3.4596514
1.6693021
1.9126682
0.5776803
2.5410645
4.1644879
1.1544502
5.2037026
3.0514609
1.5122148
2.9661284
2.1607101
2.5317192
2.7327513
1.7705760
2.4994847
1.9991532
1.6864230
1.8934387
2.5197619
5.4976702
6.4892854
2.1074578
3.9288413
4.0077782
4.7231565
3.2954562
2.0441954
2.5304050
2.0863134
2.7083243
2.0297930
0.8066936
1.6750045
1.2407077
3.2637196
3.3289029
6.1134534
4.4875540
1.1104957
3.1011137
2.2166887
1.4082757
1.6546286
1.7470724
2.9317746
1.5079201
1.5642097
4.1560958
6.5252299
3.8351111
4.8959658
2.9462779
1.5161816
3.4689536
1.3072563
4.4100856
1.9681756
3.7588749
3.3230123
2.9233081
2.5702543
4.2887849
8.0645757
3.7089996
2.0223389
0.8865624
2.3337157
7.8607094
3.3492109
3.6878336
2.7728162
5.1092351
4.2589277
3.1928831
3.8577858
4.6172404
0.9699431
3.8986614
2.6623016
2.4907758
7.7946700
3.2755959
3.6194356
3.4236092
0.7538544
7.3681046
2.4253753
4.6135742
2.3919694
4.5046093
0.9099329
1.9241108
2.8090505
3.1314973
1.8817924
1.7559093
1.2145420
1.8974946
2.5927187
0.2245470
2.2948162
1.5938401
1.1707908
2.0890218
0.9556112
1.8192199
1.6332500
5.3660850
4.1560556
4.9738853
4.5463909
3.6282639
3.8319608
4.4611402
1.0975134
4.1810320
3.7444921
1.3453881
3.0499722
1.5519628
1.7312690
4.3040539
0.5227687
6.7020203
1.2332832
2.7044312
5.7565682
1.8143701
4.8994977
2.9955263
1.7413300
4.4326964
1.2361327
3.7234022
3.4906008
2.2813721
4.0217638
2.8269792
2.1172680
1.9006797
1.7321462
2.1101556
2.7804934
2.4204773
3.2208686
2.2028027
1.6283724
2.5399633
4.7454468
2.9756547
1.4115364
4.0626449
1.7092641
4.4684603
4.6822079
2.0897367
5.5101279
1.8483800
4.0847984
4.9567299
1.6285223
4.3033435
2.2639875
1.2149739
3.8038972
4.7531790
3.6082099
2.6353311
2.7337964
1.5428973
1.5310381
4.1046223
2.1841274
1.6564411
2.7799102
2.7638990
4.0426555
0.6344288
4.3957884
1.7272128
2.7955585
3.3725848
1.6775948
5.0460701
2.9905610
1.8707445
1.0215124
3.8887302
1.6429684
3.2166268
4.4245784
1.6625075
1.9721787
6.3386968
0.5627023
4.3650586
2.3878307
2.7409751
6.3433273
2.7603925
3.1008554
5.2707503
3.3528030
2.6536074
3.4609608
1.7294140
1.6028876
0.4527066
6.0096775
1.6042002
3.1462990
3.1324992
2.5375723
2.6815193
2.8705078
1.0924001
0.8896547
2.2549964
3.8943342
1.7708321
2.2633992
3.6398408
3.0847121
3.8698380
0.9450671
3.9025441
4.3273409
1.5515395
2.6527144
3.7370710
1.0134051
2.7664949
6.7427726
5.5292277
1.5644514
2.5378015
3.5934376
3.4608853
1.0561949
0.4142111
2.0733447
3.3235563
3.5491006
2.6506585
2.9305473
2.6024786
0.4600952
3.5496040
2.0871242
3.8251676
5.0994631
2.4863981
3.0796770
3.8774630
1.8472994
1.9167113
2.3865641
4.5323183
2.4635163
4.1097635
1.2478867
2.9160835
1.4245930
9.3199268
1.2071584
1.8008314
2.8002642
1.5060588
4.9339531
3.4387011
2.4458479
4.9197809
2.0055750
3.4338855
2.2813303
2.9681551
3.0899558
3.6773989
4.0619049
2.9237132
1.7003360
2.0256388
1.8898924
2.3604251
1.9111618
3.6543319
2.3306804
2.5668805
7.1985322
3.2622950
2.6677480
2.5874658
1.6297527
3.6579070
6.1415687
4.2181261
3.3181072
1.8972234
6.2273902
3.7604282
4.2516605
7.4033489
1.7548698
5.1358626
1.9480495
8.0260288
4.9665499
2.9534635
4.4802913
2.9599010
1.2308720
6.5796243
5.1586094
4.5055082
2.8386539
1.2909731
4.6114977
2.5264048
1.5249471
3.8760817
2.2068087
2.9768862
2.9600426
2.7851486
3.5021458
3.7005144
2.9343687
3.2212114
4.3182950
1.7210445
1.2273715
4.5021217
1.7603969
1.7444386
2.8198915
2.1502447
1.3064681
1.9934308
2.4371555
4.1011186
3.2757404
2.6476520
3.6766314
1.7587797
0.8360382
1.2672326
7.4528820
2.7038977
1.2182752
3.9708410
2.8881532
3.6009950
2.6760057
3.7309685
3.9960469
1.7063926
0.5042533
1.7364088
1.7437842
2.2428479
6.1043335
5.0534117
3.7004400
2.0944325
2.9068417
2.7093539
3.8813465
1.9945286
6.0893916
4.5546790
3.6111461
1.8680233
4.2422349
2.0093552
3.0447844
1.3345196
1.2433127
5.2845172
4.9407862
4.9117725
2.0728017
6.0612272
3.2187401
2.4621195
5.1330175
2.2311455
3.9769337
4.1212356
2.0256436
2.2980313
0.4305293
4.5477604
2.6667912
3.1181565
11.6606865
4.5530622
1.9982174
3.5416537
4.5379761
1.9916578
3.4927893
1.5108411
3.5991659
3.9759400
1.7331187
1.2800687
2.1490918
3.0082144
3.6219833
5.0401664
6.0911181
1.1554576
2.5555788
1.0470619
2.9937049
2.5916082
4.4020425
6.6351290
3.8897383
6.5241151
1.9542886
5.4858509
6.1899595
15.2808740
4.7505912
5.2413293
2.0257330
2.5205411
4.3029441
5.6544692
2.3501270
3.4557818
1.9739604
52.6867441
4.4051812
3.2777262
1.6722855
6.9252835
4.2285380
5.3851451
7.3768147
6.1632258
7.4273449
9.3948320
13.0500346
4.6333785
4.4437053
0.7862584
1.6899880
7.0311892
2.2805477
2.3704441
4.0010635
2.4988147
8.7956354
4.0825852
8.6618267
20.3756870
1.7540452
7.5233589
7.2327479
1.5872282
6.5377629
3.5015681
5.1054107
6.9695314
7.9977810
10.5793299
4.6036170
6.4816707
4.7350588
3.5447561
3.2223525
4.5050905
4.0406866
5.6781900
2.5967719
2.8391342
4.6381700
2.4030723
5.5224599
2.0461747
3.7320507
4.8411589
5.1778716
2.6031469
1.3994321
1.5971029
3.1648603
3.2199282
2.7206195
2.7219493
2.2647301
2.8148913
4.0775617
2.8393099
3.9636755
1.8088556
3.9212633
5.1095228
5.4485097
5.2827992
28.1339511
2.2941878
3.2412974
1.9155625
4.1259364
2.7028071
3.0851323
2.6947758
2.0533787
2.7755329
9.9692921
2.0040925
1.2436563
3.9728480
4.0312827
3.3467132
3.9056090
4.7486660
3.2312083
0.7601784
2.5320266
1.3653496
3.4773851
0.9039187
2.6513236
2.1466637
1.3475121
2.9482317
2.8257312
4.6105766
1.2274207
3.4425703
9.5381715
2.5722950
4.4687496
4.0614296
5.0110445
3.7315888
2.6477471
2.1579401
2.4002888
3.8723969
4.0672628
2.6438294
2.6143640
3.4836673
2.4899521
4.0152406
3.8475653
4.1667904
4.8351556
5.2387569
5.3394619
1.2026165
2.2012182
3.3160549
2.8736217
3.4871415
3.1712654
1.6551776
2.6028097
4.3115809
2.9463801
2.3440006
2.3387966
3.5682435
2.8541428
2.5199328
2.0671597
1.2872339
2.9800765
1.0490156
0.8174867
0.9561940
2.6042564
2.3944388
2.7219437
3.1614642
3.1551889
2.9131408
1.2249751
0.5370040
2.7355132
3.4384024
1.6690352
1.3756437
1.6354952
2.1343913
3.1012859
1.7288627
0.7855257
2.1995889
2.4814996
2.6161047
1.6986312
1.2313404
1.5322737
0.8242511
1.9538249
0.5000898
1.2992651
2.2170466
1.5132019
1.2611762
1.1897180
2.1121043
0.6062060
1.7255995
1.4910027
2.6350106
1.6661807
1.2354139
1.7814030
1.0689660
2.0264565
0.9822491
0.3543005
1.2985435
0.5843850
1.3645737
1.2367943
1.1720067
1.0092697
2.6350823
1.1557685
1.1212961
1.3729861
1.1468875
1.1682525
0.7019250
1.8293591
0.9015141
1.4724156
0.3870003
2.9334783
0.5316438
2.3315480
3.6326037
3.7149818
2.6342607
2.1201055
3.2424812
1.4277735
6.1319162
2.6217029
1.5389467
4.9902209
2.1843638
1.7883021
1.5289048
6.3514195
2.3309903
4.0569667
1.1297683
2.4257239
3.6323673
3.3172107
3.9405428
2.4548292
1.1906654
5.7074143
5.3327311
5.0562932
3.8525568
5.0972011
4.3855259
3.4025642
5.3967480
11.8425335
5.9689254
5.5144092
6.6230491
4.8566976
6.0351970
4.4803515
6.2265534
1.4475765
6.6902837
9.8760925
5.0956096
6.7192946
9.5454627
2.9845604
12.9811714
4.1599642
16.3769124
3.2547907
5.6188883
12.1644697
6.3502038
11.3258223
4.2797643
8.4837061
2.0264129
3.3860432
2.4098588
7.5827919
1.7235313
4.7619929
4.5013094
7.8660862
3.5331813
2.0620122
4.8357373
3.3537017
5.8927694
2.5193786
4.5563669
2.6948809
3.4349377
1.0033313
1.6214499
2.2656141
3.1070748
0.9073797
1.2707454
1.9675063
2.4624159
1.5828850
1.6984282
1.1890084
1.6854397
3.1827248
1.6103209
3.3815638
2.9105377
2.8081792
2.7225962
3.0344733
1.9675725
2.3788780
1.1005480
1.8127548
1.7126079
2.3072902
3.1821204
0.7525900
2.4047971
4.4142691
2.6054240
2.5814034
2.0105146
3.0613265
2.5571145
1.3511126
2.3972662
3.6059906
2.8264364
4.2184092
1.8911280
2.2618628
2.2896541
5.4524168
2.6554131
6.5476014
2.5728613
1.8405589
2.0206080
2.5748991
8.5500241
1.8082107
1.0188619
3.9318576
2.5406829
2.3600769
1.9986319
2.4804972
2.0451530
1.0442309
3.7467862
2.6546020
3.1627556
2.0013810
6.4911389
2.0014552
2.5257087
1.2715996
5.7048872
3.4899430
7.1070570
3.4924347
1.0585371
5.1634620
3.2064471
2.1015253
2.3592887
3.7408259
3.2536553
2.6000641
2.1980194
1.4621624
1.4001399
2.0489256
3.2633119
1.8207138
2.6314058
1.7220691
1.5131627
1.7591276
2.0113420
3.3630294
2.5419194
1.1377436
4.8041756
2.1835735
2.0242530
0.8536469
2.0018110
1.3761892
0.7580783
1.7849186
1.7065477
1.1026879
1.9174078
3.4183360
3.2818232
1.6589605
3.4439974
1.9741373
1.3806864
3.3758238
3.5784908
3.5378698
4.9302299
1.0554785
3.1308271
4.0011479
0.9567590
3.9162871
3.8718746
2.2534268
4.7187585
1.3221353
3.4781515
2.2849997
1.5628103
2.8218149
1.5759651
2.4620898
2.5335533
0.8895286
1.4373192
3.1486791
1.4249005
3.0158972
1.3944316
1.6584204
2.4975010
2.7062102
1.8041406
1.5074446
1.0406333
3.6705771
2.8610153
2.2587474
3.0712503
1.3493893
4.7040741
1.5130570
3.8598206
3.1009563
1.8283837
3.1758463
0.5895540
3.7278679
2.4103058
2.2918260
3.5576163
1.4238218
3.6325850
1.8034590
2.5304689
3.6530934
1.9815746
3.1737408
1.8094954
2.0016510
3.2302476
1.5650620
2.2983928
1.2022930
2.0835070
1.5926363
1.4459962
2.0069148
0.4777906
1.6260949
3.1805003
1.6475191
2.7280946
1.0526132
1.4330686
1.7661758
0.5900120
1.4698390
1.2784684
0.9348901
0.3160347
0.9699097
2.1514735
1.0650919
1.5207710
1.0512517
2.1898651
1.4742683
1.5167699
1.2209183
0.5716371
0.8847827
0.7191773
1.1945032
1.3323757
1.3583770
1.3199882
0.7957543
1.3319307
2.0026377
1.3499430
3.2045772
2.1717486
3.1673031
1.5964178
2.2261973
1.6113359
3.7404404
2.8872174
1.5315412
2.3161921
1.9012923
3.9981753
2.2658781
0.8663042
1.2584783
1.1810798
1.8217216
0.6933668
1.9428767
5.0260522
0.8884890
3.1605180
1.8990094
2.3523411
3.2495784
1.4726877
2.1662711
1.6458912
2.4197013
2.0356496
2.6082760
0.8568308
2.6132464
1.2320989
2.0196467
1.1538498
1.9148573
4.3366138
1.3640000
2.5193853
1.6936483
0.8723840
3.1839528
0.8740706
2.1742708
1.6032829
1.8876526
2.7034883
1.6274540
1.7073148
1.2215234
1.8608283
2.2059809
0.7671045
4.1488691
2.9967568
2.5576575
3.6509375
2.0012518
4.4905136
2.4441122
3.0544204
1.4650397
2.1933013
2.1242528
2.7824037
3.0285007
3.0081298
2.2039641
2.6030570
4.6817612
2.1775642
2.7991849
1.9135610
4.0693287
3.5092677
1.8387340
2.0395418
3.0295683
3.7243389
4.1793718
1.9249414
3.3876497
6.2527116
1.4227430
1.6318465
1.5372621
1.4417946
2.8442055
2.6518255
1.8980647
2.9219172
2.0852388
2.6954644
1.0824348
0.4777771
0.7157341
0.7225359
0.7368247
1.9866998
2.3543741
0.3157794
1.7383457
0.6636243
3.0277656
1.5283334
0.8856400
0.8725172
1.7150719
0.7480040
2.0668266
0.2847347
0.4360557
2.1201384
1.2986609
0.8823099
1.6052764
2.0294298
3.2157212
1.9047508
3.0096688
1.2031815
1.8875203
1.5378773
1.7320301
2.2111767
1.4217899
1.6327583
2.4993246
0.6948764
0.2742865
1.7336774
1.2987268
0.6745532
0.9334154
0.8853159
1.2144577
1.7198673
2.4694017
2.1900482
1.9227546
1.2621715
1.5551800
1.3501760
2.2928640
2.4543706
1.9873755
2.4506239
2.9366319
2.7107800
2.0890444
0.7050013
2.1220781
1.9855161
3.1551744
2.1337395
3.2101197
0.6964463
1.2008059
3.3782173
4.0612324
1.7555686
1.2336474
1.1032919
3.7205870
1.6852130
1.5306149
1.4607947
3.3615603
1.8294642
1.8299669
2.3965908
1.1382559
2.6022498
3.0969470
2.1417297
3.5696892
1.6364657
1.9546996
1.2035017
0.7477648
2.3526714
2.4328939
1.7377102
2.0355378
2.4286035
2.6415705
3.0977890
2.1093272
2.4449433
2.1856435
1.0426879
1.1677888
0.7371565
1.8595674
2.6755579
2.1684644
3.0938288
1.7655263
3.6753522
2.7211000
2.5468739
4.8272603
2.2709177
1.6018776
4.2590979
4.3163553
4.4337804
5.2631668
1.9710176
4.9973001
2.9265062
3.8487877
5.7908047
2.4588017
3.4303416
3.5140821
3.2213225
2.6183841
4.6049892
5.1103737
2.5054482
1.9417688
3.0217014
1.6721784
1.5659659
6.7071098
2.0361160
3.0256187
6.7182214
4.1159385
2.6223136
1.4747028
5.8076504
2.4731381
2.3124219
2.0257964
4.9506663
4.6235427
2.9907028
4.5786429
2.6333441
4.1520340
1.4740686
3.7889873
3.5198507
3.2907438
4.0740814
2.9701936
3.4202746
3.4887010
3.3558145
3.8676319
1.5072623
4.9178220
4.3505014
4.5241673
3.1714432
1.4397152
2.2817700
5.4422279
1.5518065
1.9562897
5.2519622
2.7517955
1.9934755
2.8580268
2.8084653
3.2891586
2.2733605
2.4568218
1.0572879
2.7104475
2.5364201
1.5906942
2.5372691
3.6982205
1.6985389
2.2224006
2.2812149
1.4298108
1.5307267
3.3781504
0.9941062
3.4527071
3.9808660
0.5205917
2.5038927
2.5979060
2.0872454
3.1472788
3.3875578
2.7706226
8.1232912
1.9148330
4.2126736
2.4984716
2.0293286
2.7498440
1.1586716
1.6607722
2.0393756
2.2636737
1.0749809
2.8659019
1.1840716
1.6711191
1.6818535
5.5077405
2.2240187
1.8797763
1.2500986
3.2966404
1.0260489
1.6155455
2.1785298
1.6463260
1.7165196
2.8436264
2.1108279
1.7385513
1.2126180
0.7570074
1.3288012
2.2768130
1.1859017
1.1611608
0.7527612
1.7232782
1.9209933
2.6793858
1.0019879
0.6696524
0.7203888
1.0459182
1.1243405
2.8311142
2.6529835
1.6116240
1.3626415
0.7377906
2.0516758
2.6471273
1.7383078
2.2989713
1.3783330
2.1128983
1.7442077
2.4100111
1.2825004
1.5697184
3.4670917
3.3324833
0.6768036
1.2492270
2.7994471
5.2071643
0.5606947
3.3970382
3.6997073
2.6030203
2.0569543
3.4406351
4.1676431
2.4257967
1.5892802
0.0936175
1.9759550
1.7961203
2.8688044
3.0014785
3.7955265
1.4342505
4.8540050
3.6903411
2.3831918
3.5160608
2.0832935
1.0613704
1.6191463
1.2383447
1.6722568
1.5689410
1.6516516
4.3002165
2.9723673
1.7108721
2.8065063
2.3314068
3.9310199
2.1908032
2.1682914
1.5661537
3.9495903
1.3131657
3.6100228
3.2450597
2.7391928
2.2201380
3.8001414
3.8444981
0.4519686
2.4454349
1.5793456
4.8073646
1.1235545
1.9139189
2.0811883
1.8618187
2.5349726
2.4192711
3.6028641
1.3725716
1.7895276
4.0269046
2.0913688
1.1523853
2.0514582
1.8122806
1.2736889
1.6933684
1.7649206
1.4430121
2.7434183
1.6121452
2.1768615
2.2029567
2.4608279
1.9126889
1.8141207
1.4144381
1.5705944
0.5556332
2.0024510
1.8102698
0.9744649
2.6966701
2.2225599
1.3468376
2.5530510
1.4994217
1.4470076
1.5370198
1.6188554
1.8997349
1.0899589
1.7899930
2.1680258
1.2115752
1.7926080
1.5148321
1.7070860
1.1469816
0.9452104
1.5436644
1.0108585
3.6415297
2.5584637
1.3200733
2.9898801
0.8915924
1.1723339
9.3121537
2.8797888
2.8708614
2.5659560
6.1671499
3.1862412
1.5935266
2.5887408
0.8220531
1.6516849
2.3629505
2.8210190
2.2087327
1.0884606
1.5409769
2.8567325
1.7624328
3.0407111
1.2184885
5.2143777
2.3656131
2.9180414
3.6549236
1.2448751
1.2134905
1.5160687
4.0557119
2.7180785
1.9822090
2.9481063
2.8063259
1.7102824
2.8551273
2.2774558
2.6467981
4.0203658
2.1535983
0.4389417
1.1419480
1.5296155
2.3000069
2.1346032
3.7672837
1.3265252
2.0341650
1.8121182
2.1842759
1.7228594
1.5807601
0.5071012
2.1104259
1.9778332
2.4976158
2.1618397
1.9913628
2.7000887
1.2464674
1.9134739
0.9706995
1.2735271
1.2432882
1.9533781
1.1209878
1.1838235
2.1034659
2.5238093
2.3998583
2.5366895
2.9574389
1.2883281
4.4016321
1.9162590
3.3648226
2.4991459
1.0339332
3.9065950
1.0116262
1.4914687
1.7651169
2.9797212
4.0467882
2.1474865
0.7052543
4.8064310
1.8416995
1.7657838
2.6245340
2.2951175
2.6958542
1.3551169
1.2834183
3.3020938
1.1990425
0.9674320
2.8906264
1.7688804
2.8217911
2.3900439
7.6652031
3.3058511
1.9130147
3.5130442
0.2284609
2.7222320
8.3222504
2.6965849
2.3351728
1.8253098
3.5330811
2.9682325
1.4582018
3.8674514
1.9316645
9.5051600
3.2889719
0.6171372
5.5585046
6.7158189
2.3450815
3.1733149
2.6228467
3.4779899
1.0327169
1.5299338
5.5267080
2.3789899
1.8037216
2.6500660
1.3496111
2.7402602
2.4555912
3.4435183
4.6818492
2.3249923
1.3196777
1.4179597
2.3050305
2.3278143
1.2970560
2.0082938
3.2055379
3.1316506
2.6762401
2.6019681
2.2087751
3.4169409
1.7112157
1.0769447
2.2646802
1.6388863
2.6558772
1.4851406
1.7603972
1.8890425
1.2394748
4.0177511
1.4811422
2.7729282
0.3168347
0.5479325
1.6732841
0.4702396
2.0134338
1.8094231
1.2838566
2.6624416
1.4043303
2.1055552
2.7164313
0.9532906
0.9766070
2.4498452
2.9604813
1.2754800
2.3025856
1.7597782
2.2044285
1.8061902
2.3488257
0.8173325
2.6914969
1.5381896
0.7496152
1.2507519
1.1569342
0.8697914
3.4854833
0.9160241
1.7561194
4.4882717
1.5386786
0.7661239
3.5811024
1.7397845
4.2838656
1.0804923
5.7695661
1.6218229
2.5555736
6.0659056
4.9385230
4.4278027
3.2957632
2.0067622
3.0798053
3.1180947
2.0639231
1.7457700
3.8016065
1.1802764
1.9419912
1.6784287
1.8319625
1.3847257
1.6370881
2.4099390
3.1101545
3.2253862
2.8348038
1.4674288
2.1545667
2.7809879
2.5033934
1.0113472
2.9863747
2.6204050
2.3174469
1.2092216
4.4614904
3.3025805
1.3902102
2.9673849
3.3764373
0.8292080
2.8232038
1.8617977
1.4787278
1.5876624
1.6515648
2.8217316
4.4236470
2.4381633
2.6256403
0.9806288
1.6584542
0.5357680
1.8131758
2.7934127
2.8217653
3.4691272
2.2962111
0.6621600
1.0345253
1.8168978
1.3781690
3.5402409
3.5588657
3.7661840
4.7721757
3.1430220
2.5582832
2.5846977
2.0445425
1.5261801
2.3328639
4.2885611
3.1804899
2.2983189
2.2132937
3.3568434
4.3662217
2.0974004
2.6173319
1.3773893
11.0200482
1.3650058
1.6043422
0.4880323
2.7475607
1.8271196
3.7264595
1.7512684
3.2792639
3.2444090
1.4370579
4.1250554
2.1275664
3.9099484
2.7559223
3.6479553
3.0137125
1.6401201
1.7639932
1.9012185
1.4983630
0.3724834
5.5418760
1.9804322
2.5025281
2.6755550
2.3127166
2.3692816
1.7316293
3.2638894
2.3057737
2.4620619
2.5965610
3.2879041
2.9453618
4.6217585
1.9815795
3.5498976
3.9953141
4.3302748
3.4692574
2.0087071
2.8399021
3.5287312
2.3497382
2.6334791
2.3896931
4.8649438
3.9404137
2.1241534
4.0080986
2.7379608
1.6345545
3.3929514
4.1424219
5.1428194
3.0807371
3.3932348
4.3913897
2.1236469
4.4045595
1.9689711
1.4744265
3.7397690
6.3435370
2.7887134
3.6780787
2.1764298
1.3740197
3.3482346
4.6057286
3.5885345
7.0944067
2.9834600
3.0661413
2.4233453
1.5226493
4.1333649
3.1297134
3.9362438
1.7949960
2.4097790
1.1292147
2.2553383
1.2818123
0.8417798
1.9515315
0.5658716
1.2846943
2.8592084
3.2637379
4.5608737
1.4509074
1.6565478
1.3043369
2.3677849
2.5135059
2.9693208
1.6417354
1.1260378
1.5430523
6.0680358
3.3327545
1.2771045
3.2682591
1.3600399
3.5929531
2.4507979
3.7286024
0.8513942
2.3347101
2.0122860
1.1544255
1.0207791
3.3592608
5.4406104
1.2248254
1.3275166
10.0623015
3.0185365
1.1197783
2.6877657
4.4659691
2.7154396
9.6769123
0.6155181
8.8303640
5.4870156
1.7797232
5.6600710
1.9191601
1.3185136
13.3961447
5.4202094
1.5677850
11.9031399
2.1729111
6.7451896
2.3164987
1.2884732
1.9740185
2.0767669
3.1197564
8.0414267
3.3563625
5.5574185
3.0475277
3.4556788
1.9764023
3.9462352
3.7207713
2.0604800
0.7246248
1.9342893
1.3641519
2.4903525
1.3421933
5.5720021
7.1173062
2.1084571
8.0527056
3.6398431
4.6316882
2.7067302
4.2753033
2.7280157
3.5955966
5.3163849
6.5095401
2.4630762
4.3351349
7.3523245
4.4656102
3.1423909
2.1325871
2.5021947
6.9417289
1.2453934
4.8404819
1.1870150
2.9550965
3.9114517
1.6577899
8.3273596
1.3578152
3.7183241
1.1882086
1.3082871
4.0981499
3.0621745
1.0398843
6.7422541
2.4174032
4.8849992
4.6390880
1.1791535
4.0127675
2.1026811
4.4026533
3.6403271
3.5001222
5.3886514
1.9924907
6.0817214
1.6542001
1.8067701
4.0283329
2.0519485
4.0640904
2.1314647
3.6599931
1.4275649
2.5699445
2.5339095
4.3662362
1.1176410
2.3565702
5.7327199
2.0719751
0.4462379
4.2947946
3.5308272
2.3316987
1.2181128
3.5279954
4.3486190
2.3473275
3.6568548
1.4221487
3.2036584
5.6539824
2.1076689
2.9712830
2.0833549
3.9833020
3.0924428
6.4194647
6.2659077
3.6795510
2.2778645
0.7070684
1.8072074
1.7519871
1.8568775
1.6126151
0.6186751
0.9166876
2.2137061
2.2778282
1.1682843
1.4173574
0.6571180
1.8023368
5.6440743
9.0306293
3.4448100
1.7288052
4.5012893
2.5075136
4.4618091
9.3270599
0.5031287
1.6447876
1.8394742
4.3166057
5.9008213
1.7067541
2.4535281
3.9010481
2.5538563
9.2969169
3.0083019
5.4174557
3.8648712
5.2875965
5.6745734
3.3700234
3.3916719
3.1650184
2.7863301
3.8124080
1.5740960
1.9672826
3.9480400
3.5967023
3.2724631
1.7447234
2.3309943
7.3630482
2.3593610
3.7039019
1.2731870
2.4993624
2.0939108
4.0524992
0.9961706
3.3551819
2.1091355
3.8330405
1.5668487
4.3731161
5.5680776
3.1086118
2.6465445
3.5510004
1.8134825
1.4496267
7.9855149
1.0635906
4.3557878
0.9836518
0.6759387
1.4222936
5.9787282
4.1267455
1.0434947
1.6427912
3.6837348
1.5432332
1.6542509
2.9140328
1.0181164
0.9593805
2.7360575
1.4103281
3.8297292
3.5676885
0.2121516
2.6589042
2.2775648
3.6564112
1.1620118
1.8230908
3.6625443
0.9210704
6.1245953
2.4832481
2.0050820
5.7523476
3.4755019
1.9398401
2.0938115
2.0807703
2.9266894
1.4218343
0.2671101
3.6253780
1.1419601
0.5898341
1.8167827
2.9759902
3.3914531
2.5785267
0.2523636
3.7873904
4.9640362
1.2136278
1.2235251
1.0806850
1.7008228
3.2900856
1.4622492
2.4725246
1.9412051
2.2935054
1.7847640
2.8644869
3.5341085
1.5843113
1.7414446
1.4883823
0.6029466
2.3428940
2.8143402
3.3949909
2.3274998
0.6820840
1.7263520
1.3765177
2.3166651
4.4304072
2.3764829
4.5346979
1.6730744
2.7311860
3.8627994
3.5063627
1.7542147
2.3715586
2.6623840
2.8871892
2.7512911
1.9820616
3.5093170
1.7776591
0.9977482
0.3263469
3.4628446
0.9620342
1.4077296
1.4587852
1.1960464
3.1976215
1.9014925
2.6709540
1.8636824
1.9045579
1.7404560
2.7530129
2.4691565
2.4103016
3.0234833
1.1108289
2.4625694
3.5920866
1.5454138
4.3262489
7.8443970
2.1924188
2.6032202
2.3428509
1.0688762
3.0165207
3.4118543
1.1800945
2.6884053
1.7006791
2.5998908
0.9934315
1.0063112
1.1437264
1.2414039
1.7942017
1.1714750
1.9926284
2.3544624
1.0448391
2.7588607
0.4904210
2.0489302
1.2025282
2.4681817
2.1119440
1.1848906
0.9810069
1.4772187
2.4104193
1.1816300
0.5994847
1.8718147
2.0665166
1.9384193
0.8145685
1.6430717
0.9201170
1.6535836
0.8372969
2.2654331
1.3741899
1.9216354
2.4524537
0.9535031
2.6660928
3.2972398
1.4922798
3.9952735
1.4167383
3.7259722
1.2874562
2.8115876
2.7757992
1.8603131
1.4872670
1.0778566
5.7057549
3.9817228
2.6777142
2.7463529
3.9993471
2.9030017
3.4944936
3.7210775
1.4904372
3.3657247
2.2470374
4.7128433
1.5818555
2.0240608
1.0931116
3.8035162
1.7330266
1.6111335
0.5632303
1.3671586
0.4757828
3.4011647
2.8243145
1.7582836
3.5158628
3.0335339
1.9736689
2.0997394
1.5190521
2.5764133
0.9242865
1.6942263
1.4854393
0.9755993
2.2467996
1.8036097
1.2970611
0.8258659
2.0554702
1.2592742
2.3190365
1.0641179
3.4030709
2.7026498
0.8740920
0.8075168
0.9518663
1.6802929
2.4853336
1.0478287
2.0998895
0.7142171
2.7560727
1.4526295
1.8880030
1.0287505
2.2043857
2.7750493
1.7376759
2.2088527
1.6224644
1.3416070
1.4933403
2.0628462
2.1752090
1.2002481
1.0962934
1.0863502
1.4739808
0.5424712
1.8212675
1.1564072
1.8375143
1.5551338
2.9684405
1.3802558
1.6348260
3.5326734
4.7872372
4.2053365
3.1636121
2.4579460
1.6031069
3.0187912
3.2720952
2.5915247
1.4181098
1.5423040
5.0902791
1.9158396
3.2376341
1.4108232
3.0262454
1.1461026
3.6652409
1.8140943
1.1557708
8.8069250
1.5995844
3.2603024
5.8229738
2.4260505
5.3087539
5.6142273
2.8017592
2.5776375
3.6945807
3.8873514
4.6931205
5.5168043
2.6055533
0.8577607
4.6053887
10.6200754
4.5150291
4.0130001
4.8110479
4.9439317
6.1561694
3.9538009
3.1371015
5.2685465
1.7000038
5.1703561
1.6107970
4.0413516
0.7841592
3.9542898
3.1310818
2.2782185
1.5639523
1.4682904
3.2213995
2.4179810
0.8949398
2.1567752
1.1874248
2.0363890
3.1388939
2.5510009
1.4666805
12.1621192
2.5450943
3.6318194
1.5391043
4.2294582
3.7043211
4.5190186
4.6655009
7.4641438
3.9644624
6.8007222
2.7352846
5.8609706
3.2729478
2.6637195
3.0778972
3.1106112
2.5875204
2.5219522
3.8629494
5.8986805
8.1758445
5.6896443
5.8476501
3.8359090
5.4330802
7.0056679
7.2117971
2.2739377
5.7342423
5.4892257
1.8469359
1.1519262
0.6130863
2.5125115
2.5954278
1.0855196
3.8503290
3.1455499
3.0973147
1.6008623
3.9537427
2.8857601
2.9185517
2.4242416
2.3427395
1.4275637
3.5278801
0.8106900
3.6527985
4.5251450
2.4206566
2.2699608
1.3865377
2.9882845
1.5382061
1.6167944
0.5447046
1.2405552
2.9318489
1.1700220
1.0252562
1.0286913
1.9553014
1.3588874
1.5919645
2.0756971
1.3142097
1.3050851
0.5193447
1.9922075
1.8588343
1.9308432
2.5072109
1.6958457
2.2766091
1.3287507
1.1989819
2.6739840
2.2830414
4.3105260
3.8362058
1.7366391
6.0163809
1.3672058
0.9557228
0.5949502
1.5870520
3.0354253
2.7866273
2.7768372
1.9890581
0.7002660
1.7245956
3.3893073
1.2329553
3.4936832
2.2376267
1.6144943
2.3554901
1.0992718
2.0369618
1.0581924
1.0452075
1.9327055
1.8328595
0.3547008
1.2137965
2.7012908
2.5011885
0.7874828
2.0713260
2.0012116
1.0139197
1.4136299
1.4667566
1.3148153
0.6929218
1.1793955
1.5366753
1.6119009
1.5695316
2.4444571
1.3802658
1.1922573
5.3536561
2.7643153
1.3575726
1.4138168
3.3501495
1.6149251
1.7828360
1.4476553
3.5808057
0.2690615
1.8630454
2.8844080
3.8232331
1.5998279
1.1968860
2.1651599
1.9004144
1.8306911
1.3076634
0.5593459
1.3214453
1.1462374
2.2886297
1.9266900
5.1375132
0.8724938
2.7960983
2.1166041
1.5789596
1.7663148
5.1161513
1.3108377
3.2858051
6.2862193
1.5522612
3.8491017
6.1306004
2.5884288
2.9524726
6.6877845
3.6255927
1.3505804
0.5355310
6.1761375
2.6086220
1.5448220
5.7121431
2.3674434
0.7752226
7.0912982
1.0612657
4.0211720
3.2719462
0.6498658
2.1641638
1.1722884
0.9260901
4.1736809
1.3202789
1.5451307
1.9740895
6.1780663
3.0180095
2.9327200
1.6388500
7.4648757
7.2265760
3.7042103
1.0818773
2.9546309
2.1518436
1.8889238
5.8309011
0.3529217
4.4606621
2.5725229
1.5786453
1.0088817
1.5546001
2.6112409
2.5373674
3.5340986
1.8844930
4.5282433
3.5996950
3.4786212
9.9687217
2.1250156
2.9325826
2.4746439
1.6747425
3.1268770
1.7237566
3.9254584
4.0157698
1.5151030
2.6078054
5.4277500
3.3588170
1.7973616
2.5988223
4.6743086
2.1661026
1.0754412
3.0056461
3.5366271
2.9207677
4.1616444
5.2173911
2.7356795
1.2518958
5.2774588
1.8068644
3.9738279
5.8278502
3.0310854
1.0476551
4.4212617
3.0455237
3.1385199
2.0099447
1.4576821
1.5199026
2.7684770
2.0522852
0.5008137
0.7352226
1.2304924
6.2001983
4.7028989
1.1907307
1.4655148
0.4672167
14.4090341
1.6173527
1.4780733
1.4712699
2.9845130
2.3074937
3.9984621
8.4907172
1.3680884
1.4296552
3.7332506
1.4785320
0.8456774
2.2976637
2.1174319
1.6534220
1.3573130
3.7448349
1.9780628
2.8475430
4.2447344
6.7074202
3.8484339
1.2526873
1.7994727
6.8472412
3.3691032
1.3540098
3.7297980
2.1473086
3.6593443
3.5797626
2.0960285
6.7630836
1.8919242
1.4453257
0.9699904
2.4597383
2.0319677
2.1614137
3.5688523
2.0992623
1.7687354
4.1381466
2.1345026
3.0558300
1.9740128
2.7242921
4.8494950
1.7022834
1.3854271
2.7151943
1.6727884
3.1056459
4.8167962
1.8734489
2.3597481
2.7089641
3.0396799
3.7824079
4.5688457
3.5218522
3.1803666
3.1499312
1.3631088
2.4676063
4.1139064
5.0775858
4.0271514
2.6474947
2.2430872
4.3332904
4.8563609
2.1565682
2.6993802
2.9294487
2.5171676
3.7918519
4.2942725
4.4239386
4.2854896
2.3305201
3.6254634
2.1292259
2.8849658
4.5437334
3.4771254
4.7417876
4.9377323
3.0898908
5.8125929
0.4603383
4.8582036
2.5747452
0.4700950
4.6233062
3.6807110
6.7219664
4.6788947
0.3485824
5.3676086
1.7504991
4.9222801
5.7730153
6.3400269
6.5547896
2.8805319
3.5657529
6.0249891
4.2032796
5.7469484
3.6868216
3.6763408
7.1074474
2.9159975
6.0393826
4.0241096
4.9953185
4.4982092
3.8770599
3.7968735
3.4354855
2.6286095
3.4090883
2.9302959
3.4981089
1.9234445
1.2218277
5.9260032
1.1798374
2.3277463
3.1764766
1.2825391
3.0843967
1.6738264
1.3649432
2.5081595
0.4493828
3.0099019
1.9909393
0.6837526
2.7006914
2.3121980
2.5371007
2.6785526
1.0365559
2.8344249
3.3534777
4.4397759
4.4574846
1.7321604
2.8568582
2.0776635
3.9179977
3.2301264
1.5448794
3.5595210
1.6952260
2.0415373
3.7080235
2.4929581
3.5738638
1.2103823
1.6986651
0.7759145
0.8166235
0.9132769
1.8908475
1.9915917
3.3684902
1.6516590
2.3160198
1.8080753
2.0037754
1.4892700
0.8771595
3.4401407
0.9276650
2.8988860
4.1068333
1.7403692
4.1477527
0.6992445
1.2836440
2.4582665
0.3146489
2.7752338
1.0091141
3.1050834
3.4451175
1.7727049
1.8258762
1.4071671
0.6627919
1.2691952
1.2846105
2.2194170
0.4745576
0.6367626
1.4472730
1.1901041
0.5807264
2.7496866
1.1690498
2.7347764
3.9112626
0.5832351
0.8472862
1.3296923
2.0894530
2.2343054
1.4854941
1.6402684
1.5383949
1.7454166
1.6831788
1.4035095
0.2218563
0.8557963
1.5797044
2.6356244
1.7640274
1.4514167
1.2360839
0.6846412
2.2287462
1.5893138
1.3041877
1.5263055
1.6292055
1.3859267
0.1224915
1.4823563
1.6800790
1.4960379
1.0712551
1.5485553
1.5366945
2.2092160
1.7455423
2.0010530
0.9212755
0.8874552
1.3831661
1.6341875
0.5855099
1.8915882
1.0764811
3.3211116
1.8327667
4.2790541
2.4253237
1.6197600
1.7306082
2.4152616
2.1089306
4.6398649
1.8782756
3.5096975
2.7004346
2.5217548
2.5682335
2.3194374
1.8888373
3.9180718
1.6918974
2.5539998
2.4559715
1.4927177
3.2455556
1.7254636
1.6392289
2.1545593
3.1547789
3.6203687
2.1854002
2.1826174
3.2084621
0.6950164
4.0445182
2.0573459
1.5248820
1.9519668
1.3995391
3.4726259
2.7092369
1.8825084
2.8513961
0.9077100
2.1068314
2.4287157
1.5236595
2.0667459
2.9260948
2.9063087
1.9478635
1.5354651
3.5812378
1.1477322
6.5557855
3.9446325
1.5430407
2.9994877
1.5467541
1.2070449
3.4076194
3.8577156
3.2273361
4.1442183
1.4065631
2.8345795
3.3630200
2.0695183
4.5988301
0.8389576
2.3381537
5.0920978
2.9454801
3.6309376
2.2270421
2.2270092
1.4050424
0.5295708
3.2017514
4.3175149
2.7338719
2.7219364
1.7169012
1.7711241
3.3060951
3.9731540
1.3651007
2.7932252
0.9424713
2.1864045
1.2597607
2.7688746
1.3758120
1.5126358
1.1800729
2.0612389
0.5312061
1.5467246
1.2378699
3.2364817
2.1188005
1.3291891
1.5254415
2.1131867
1.4552887
1.0218521
0.1835586
1.6971153
2.5579838
1.6997173
1.2863351
3.9546670
2.7466821
1.9410524
2.5311669
1.2288163
2.6591632
1.4090955
2.5797075
1.7373677
5.0031823
1.8091409
2.5520515
5.1164340
2.1923175
2.5621809
3.5348428
1.6038710
3.8136369
2.7942510
2.7935482
2.0034388
2.9517786
2.3829701
1.6682332
1.8901098
1.9714492
2.0275946
2.3294674
1.4430244
1.9282884
2.1622782
0.7598652
4.1034577
3.1783746
0.9996657
1.9862157
1.5425031
2.9327112
2.0595771
1.5312701
1.8395405
1.4637081
3.4728263
1.4696976
1.3686838
2.8392665
1.9773172
6.6483792
1.0059454
1.6018561
2.3824980
0.8573023
1.5366883
1.2222344
0.5283927
3.1561276
2.4658619
1.8509321
0.8801988
1.7664598
0.9788264
0.6748578
0.5623977
1.9199164
1.2190267
0.7883170
1.7296934
1.5573892
0.6942794
2.0329432
2.5984948
1.2993034
1.7777891
1.3680629
1.3989635
1.4116470
1.3237363
1.8313208
0.5455649
0.9329045
0.1411801
2.0669752
3.4241651
1.9680732
0.5985025
1.6896486
0.9344908
1.2311842
1.1312356
1.2669438
2.5786350
1.4965463
0.9540078
0.4867618
1.0675670
0.8303855
1.0521996
1.4435460
0.9810451
2.1196187
0.8483821
1.1035159
0.9208605
0.8471849
1.8274285
1.5815586
1.0703743
1.7067488
1.2426158
0.9555264
1.0140678
1.1138684
1.3486799
0.6098729
0.7021602
1.5562492
3.1549363
0.6996217
2.3754232
1.4235173
2.6764269
0.9531107
0.7849176
2.6934570
1.8516995
1.8123109
2.0349276
1.8977975
1.8558730
1.2382928
5.2599422
3.6867312
4.2075700
1.7700790
2.0747207
2.5913231
2.7374029
0.9731888
3.3011616
0.8845547
3.0688467
2.4304171
1.6545009
2.6375840
2.3914741
1.0034917
1.6011682
0.3988265
2.6901950
2.5299021
2.4582095
3.3377499
1.2220465
1.2676636
2.1175841
0.8267906
6.4935279
2.0507021
3.7422393
3.1158219
0.9449872
2.8970334
4.9000368
1.6593058
2.6299079
0.2619062
2.4661567
3.0465089
3.1923502
4.4141823
1.0725091
3.7662217
2.5243662
3.3308664
4.3123359
1.7207129
4.1953688
2.7396897
1.7836793
5.8871445
1.5353298
3.3064839
3.9310614
4.5509118
4.1486369
2.7353427
1.9440191
3.2763347
1.1864038
3.5170455
1.9709117
3.3052554
1.9650201
2.2162811
3.3744929
4.0744469
1.7386197
1.1014270
3.8974728
2.3981049
1.0237685
3.0093598
4.5170020
4.4910794
1.2003699
4.8267883
1.3178723
2.7455176
2.5699746
3.6450207
4.6107101
2.2531297
2.4974217
4.8065954
2.4989365
1.5060153
3.5005353
1.8911830
2.7367130
2.2509109
2.2143021
1.5904867
1.3630022
1.7387105
4.8702680
1.8243214
1.2491009
0.9463895
3.2616329
0.9715014
0.9017589
2.0886644
2.9286726
0.9325395
2.0123092
4.1052479
0.9233013
1.1065338
3.7959679
2.9012916
1.1476172
2.8920161
4.1443727
1.9619700
3.2339189
0.9602214
2.6198651
1.3441721
2.7468607
1.7795587
2.0917244
0.5573726
3.0130805
2.3544005
3.4727040
3.8076284
0.9187213
2.0161163
1.4097799
0.3411558
0.7421164
3.4894391
6.0675382
3.1369567
1.1730270
2.0690841
2.7571368
3.0319683
1.0330192
3.0974626
1.8063708
0.9738966
1.7305990
2.0624470
7.0214679
3.8130320
1.4337296
2.2148842
1.9617955
1.4577367
0.2635827
0.6280294
0.9122127
1.9676503
1.9871624
1.9009137
1.4367634
0.7519745
1.5828677
3.2201208
1.0563631
0.7585378
2.5540384
2.9270763
2.4424593
2.7419058
3.0742363
1.7563214
1.1430615
2.3924138
0.5094245
2.5067854
2.8496424
2.7950825
0.8410841
2.8184981
2.3220333
1.9096440
0.5314700
1.0250303
1.3439184
0.6941791
2.5170354
2.4508845
1.4221976
2.8607371
6.1460711
3.4175119
3.1370482
2.6525987
4.0793317
2.5089043
1.8777747
4.2220551
2.2297295
1.3659036
3.7411935
2.7996275
0.4995494
1.0706451
1.8551274
1.0086514
0.5128222
2.9029389
1.4748585
2.1013744
1.0262614
1.3922412
2.3648934
1.4053835
1.4860515
2.8993826
2.9396284
5.8922027
2.3625091
1.7161259
4.2301147
3.7030833
1.3883666
4.7555810
2.6630615
4.7052608
1.6303621
5.9504314
0.9627726
7.8588925
1.7089001
2.7105945
3.1000101
3.3173084
5.3951103
3.2773961
6.5437814
4.9231147
4.0790775
12.0909778
15.9906009
3.2471625
4.2455540
1.9625658
3.7703729
2.6204450
0.9601300
2.5026322
18.4640968
3.5567174
11.7526499
1.7111658
2.8924630
3.6289651
2.7397425
3.6804890
1.3253537
6.6006477
3.2561171
2.7207316
7.7872396
8.2795495
3.0358269
7.9446713
1.6795738
2.7899881
1.9148203
9.1355144
7.5212715
8.4062196
6.5107934
3.6230617
2.9073555
6.5953969
3.4218225
2.3077465
10.9798128
8.8232051
6.4417636
7.2829895
6.9491779
6.3877694
14.0129575
18.8117896
8.4906019
6.3727866
8.4234437
6.8934196
11.4668904
21.0051685
0.9082381
18.2000117
4.1342617
4.6601993
5.8091658
4.6392787
5.4036749
3.5084521
4.8307179
0.6406166
5.3061201
4.9497214
7.0350470
1.8957487
1.9768626
3.4268258
3.4405365
5.0404480
2.2525658
15.4847045
8.8755158
5.2259059
3.1588445
5.8757935
4.7244407
3.7612571
11.5368397
3.8264981
8.0389697
9.8308662
10.6079114
19.2249553
7.2052976
6.4661483
8.2583794
7.2682164
6.5643731
6.4408115
7.5051737
3.2427793
3.9206321
1.0787774
4.5970643
3.1310518
3.2319933
3.0799801
10.9913055
4.6677575
3.7017879
2.6007504
8.7154301
3.2780886
3.8592247
3.9788043
4.3021341
3.1997510
4.5994862
0.8233549
4.1558001
4.7916314
4.9587703
4.5718982
2.5400581
3.5841317
3.8440712
2.8683777
6.6190652
3.1463495
7.5622017
6.5383174
8.0802238
1.2469471
3.2148496
5.7968265
1.7325821
1.9025789
4.7945133
10.7742434
4.0824510
3.5745993
2.6754226
6.4847678
4.6301011
3.7669942
7.1626112
5.1141756
3.7083443
1.7393954
4.7183403
1.9683500
1.5527917
4.2392526
2.6221428
1.4553714
2.5463945
5.1709238
4.4731643
8.0449273
9.5488054
5.3534770
5.2239665
3.3780696
4.1951128
3.1916625
4.4598976
3.5519993
10.9624021
1.2730384
10.9827531
1.8474212
2.5159409
7.6486843
9.4963701
3.3850439
6.3710180
7.7771209
1.6141338
2.0924117
3.1737397
2.8867088
1.6498906
6.0327133
4.8566371
6.4949739
5.1297478
5.7418911
2.3441894
3.2202296
8.0308364
3.3115866
2.4720719
3.9342148
5.3567245
3.6502248
3.0527398
4.2718640
2.5715427
3.0007602
3.1711051
6.0083947
4.7311137
4.3234159
3.3248545
8.1994747
5.4681081
0.9298289
6.0838762
6.1663162
1.2871775
6.2595410
5.3495763
7.8658345
3.4282223
5.7001975
4.5612781
10.1511414
9.2034025
6.8561789
2.7495987
11.5053240
10.0029520
5.8445344
4.1769917
2.9067935
1.1433902
2.4397262
6.3027106
6.3125806
4.2778670
3.2546019
7.9609937
6.2883904
5.6837929
8.2146269
2.9712206
7.2048942
9.6127125
7.1258905
7.4993731
8.9222192
6.9167714
11.1882455
2.7925689
9.1372465
4.2635479
7.7930322
7.6465944
4.8711502
6.4946962
6.3222554
6.7372243
6.3617218
7.9545534
3.0823637
9.4459698
8.4886573
5.6251639
4.2976979
6.2017969
7.8387146
5.6881025
36.7944554
2.8283924
5.5089732
3.4251063
5.4860257
3.0947138
3.7173019
3.3127397
7.3514462
1.0981374
6.1119774
3.0406962
19.2447380
7.0720975
34.4238386
8.3455157
36.7894707
24.5334082
46.1450578
18.7263140
9.2646706
6.8174511
6.4630990
37.8518396
6.4863426
6.9629289
4.2098859
5.1118312
11.9912750
3.3511172
4.8789091
1.6298365
4.8426594
6.9610119
8.7990017
0.9708954
2.3707660
7.7177341
1.8953902
13.6004480
3.3733613
3.5508637
13.7310348
10.5448691
6.9064087
6.3364015
10.2845514
16.4898622
4.0118629
16.6201917
7.3414555
10.0782357
30.2350221
7.5618120
3.4646972
3.2510810
2.8148459
4.3215049
2.2759629
7.6548654
10.1484843
4.0725256
11.0277318
7.5809952
15.9334180
7.1912770
4.3266144
16.0268121
2.5887423
8.4108653
2.5435232
2.7802868
4.5982884
21.2845851
4.9788798
15.3458498
4.8600352
8.9056005
15.2786674
3.2620914
26.0126115
9.1396910
6.5190350
7.9851722
4.1587247
8.1959197
14.0933105
4.7543342
5.9636034
3.5759902
16.5829946
2.1387327
32.5712704
9.9500273
19.9798471
3.9119172
25.9566149
13.2304350
13.5826598
3.8061352
3.5112446
4.7789877
5.6992860
3.7143438
10.7811631
7.6239908
9.0471844
5.0605628
3.1893362
5.2523363
8.3520118
8.0777573
5.1936326
14.6788415
13.9168075
5.2742375
26.9751358
6.4723097
12.5197981
15.9529860
12.4576167
15.0303221
22.5215666
21.0524159
24.9213333
3.4383611
4.3328220
4.2359100
3.1157935
5.0452813
5.7788473
33.4597411
35.5058716
11.8948845
6.5239900
9.6254091
9.3967667
8.8806759
17.6318159
11.6590470
177.3673076
5.1838011
174.0988954
13.0860543
8.2037128
16.4169919
7.8047874
9.8580284
16.5951496
72.0486844
18.0820326
4.3454096
7.5849573
31.3509011
15.9542033
15.2315978
9.6910769
17.5713951
29.7590242
26.0657681
22.2385638
22.1229693
8.5092718
6.7912896
17.2045453
9.3163762
33.7928047
12.6476491
32.3213656
4.5348405
4.2409598
9.3027558
8.0875192
31.1078993
17.1878577
10.0190925
21.6087970
28.6910625
7.9861204
27.5755220
7.8299515
9.4832488
6.6767410
24.0186077
3.7782214
5.8513581
12.1882016
29.0337031
6.5461100
22.3079643
10.7110602
3.1514425
4.1195557
21.4096793
1.3519738
6.6389620
3.8269132
7.7692431
15.8870256
7.9853834
33.7662391
62.8092763
19.5724730
27.0051917
47.9940533
4.9988196
9.8516982
125.4235681
6.9175352
87.9005700
32.3867955
21.3563082
12.6123195
6.4683885
55.7180365
163.4087961
20.2041306
159.6154052
175.1118920
161.7279896
17.6750646
2.8553343
18.5062101
40.1710112
12.5839442
167.1038178
25.8972929
15.6108865
169.9033005
44.5587797
175.2958187
11.7696003
16.7261500
34.8140894
6.3847721
19.6574852
6.0122837
14.8030020
8.3498678
19.8805961
14.7047362
15.1534869
1.3072509
7.2520269
14.0485799
2.3612031
18.4575767
11.5934633
30.6066324
5.8637217
6.8530433
17.9686625
9.1928907
4.9248241
14.8738967
20.1604717
16.7174832
5.2944194
3.0812108
5.2596519
9.2638962
3.1713886
42.6118844
19.5891068
13.5620139
14.4327976
21.7782915
33.4763019
11.4564774
10.2592159
20.5283530
6.9231537
3.3591854
17.1968125
7.8708666
40.0366510
25.2396387
19.5362365
12.5587211
7.7711297
25.8062398
24.9855541
16.9112980
4.7384776
24.4474001
12.0299233
108.4104610
14.8139613
10.0533702
20.1855241
45.9141932
42.9483015
22.7352269
11.7662645
2.6825622
11.5069329
13.6390115
11.5317053
7.1222168
40.4488629
39.9812671
54.8643275
16.2223257
13.2226238
10.0904074
91.5942065
132.0982996
31.3919788
20.9403321
106.1602516
86.4594682
64.5450694
142.8208400
41.0374713
11.4772331
23.9472452
11.2831662
39.4908233
2.3396551
26.2837204
12.6416628
17.1780571
9.7972670
4.7165519
6.8108759
7.1030189
5.9361388
1.8635426
17.7569852
10.4034532
4.6458900
8.0722201
22.5127029
20.1476077
6.5137363
22.8641436
18.1607827
26.5817070
37.4849082
7.8840316
23.4711194
39.7852420
25.5739560
15.4411054
24.0021180
10.6751267
38.3609675
27.5409066
177.4420409
5.2454273
27.4858239
6.0472469
10.5568784
3.0337789
19.3132528
8.9109629
13.8964063
27.3889790
2.9177422
4.4399502
3.7375027
17.5453128
5.5292964
12.9521050
4.7777540
6.3466103
9.5221629
11.9162641
4.6673995
6.5649318
5.1580268
4.8378529
2.5716863
3.1445024
2.5512754
3.9858882
4.2710275
5.4343851
2.3201739
7.7193179
5.5978223
3.5320805
7.8197487
7.1716314
1.8373953
2.5669360
3.1297960
4.2295115
3.1844181
3.8148972
3.6509013
3.5856312
4.4396880
3.4211987
2.7801191
3.4366395
3.0676475
4.6614360
8.0690180
5.7870084
7.7579157
5.3726731
3.6423212
9.2078982
2.9463137
8.7332110
2.8989799
4.4115864
5.5393770
3.8389545
4.6099274
4.9793414
3.3149157
11.5112515
5.0389442
2.6103261
7.7021421
7.9020889
4.0761076
30.0566248
10.3486012
4.7979530
13.8947434
49.7182898
14.3201614
18.7601964
47.2612075
34.4608271
7.9025649
8.4611011
25.6308901
12.4164567
47.1448963
23.4358592
16.2884939
16.8035645
22.3171801
20.2347186
21.8553522
12.0175109
28.9058993
7.8139679
11.7898839
8.7023716
8.7568913
11.5218732
9.6914849
7.2655556
5.8135482
1.9889528
13.1726163
7.3170685
6.0324478
34.9029374
148.5279081
18.3574547
16.0707419
17.0656480
21.4628791
24.4082993
29.8251353
18.8618852
20.5386632
29.2992321
25.3302650
8.7763577
10.8167453
5.5238626
1.1157124
14.8259971
11.7626291
8.9623272
6.6565496
30.5813220
4.5570157
14.3749760
14.2906239
14.0861671
17.8601451
13.4964975
56.5099188
6.5566795
6.2329550
12.8357577
14.8477946
13.4524448
10.1940705
15.1045831
14.1781192
27.7586560
18.6852797
14.5005965
17.3471724
6.0036700
22.8028916
22.4324833
26.6500181
9.3587413
12.3284701
149.4611660
5.8500750
32.0745162
10.5244737
39.2289167
8.2230064
4.8243282
5.3123483
19.9003320
25.1689095
22.8458399
7.9662352
14.1133364
1.7947910
10.0547779
6.2054705
6.2428533
5.9956579
20.4648959
14.9170119
10.5058230
1.1773873
6.6941033
8.3653447
2.6649213
3.1486069
11.1418179
2.8047451
8.7314474
6.0410364
1.5921930
5.8381809
6.6816373
6.1394363
7.9054761
2.4728263
9.1320277
6.8339908
2.5963181
4.0951163
8.2232802
0.8637368
5.2342713
3.0669949
2.9380799
2.1761709
2.3221596
1.6947487
2.0390496
4.0976830
5.2478419
1.8228685
2.4876426
1.6525628
3.4642184
3.6272108
3.2258011
1.9629477
3.4731165
3.2053131
2.9185666
2.9481244
4.3481872
2.2466807
3.4504177
2.3891671
2.4765490
3.0206238
2.6481604
4.3650549
4.0102631
2.3964869
2.9581018
1.0524709
2.5286965
3.2948141
2.7110077
3.4285346
2.3269685
2.1507108
1.5252464
2.8355097
3.0733342
3.1458420
1.6410584
3.0109811
1.3672814
1.4821517
2.8390211
3.5753340
3.3837615
3.3771814
4.5850988
1.0403040
3.4958124
5.5849565
0.9489483
8.9645203
3.6390722
5.5559350
4.7550396
0.7347466
2.5978484
1.7275823
4.1673159
4.4571540
2.0246276
2.6294485
2.5684814
5.0150235
2.6382304
3.9397079
1.6017405
2.0695166
2.4333777
5.1718513
2.0943389
2.5887613
3.6898508
2.9248032
2.5840454
3.3841662
2.5854577
1.9371834
1.7928698
0.9335853
1.7949232
2.0153500
3.6864348
3.0357156
0.9306420
1.9022072
0.3593478
1.7629174
5.0597404
2.0119914
3.3726758
1.2770528
2.4819947
1.3160761
2.6495122
1.1689064
2.2601306
2.1758630
3.0992016
2.4331263
2.9099887
2.9067225
2.0244975
2.3531448
1.4757714
3.4373846
1.6298850
1.7240281
3.0501813
1.7428390
0.5075601
0.9976095
1.1029573
2.8531791
5.0968720
0.7043140
0.8960850
1.7125051
0.4778061
2.3245271
0.4580656
1.1961160
1.6354947
1.5990379
4.2585193
1.5193351
3.0468749
3.3462957
1.0354264
3.5805614
1.2632359
4.8105583
3.4042454
0.3979117
3.6939286
4.4655670
1.4986754
5.7005263
1.4943945
2.9401047
1.4713917
5.3411541
2.7440430
1.4771561
3.0308465
2.4147790
2.2096908
2.0690143
0.9876468
3.2444731
1.7428947
2.5123301
2.4572231
1.1531010
3.1668679
2.1177996
2.1766692
2.7955728
3.0252650
1.9500584
1.5002406
1.5304992
3.0358571
1.1308360
2.3111939
2.4218077
4.4400763
2.7866151
2.0256879
7.0253696
2.4316077
0.7069316
1.2873710
1.5809375
0.7460994
0.9010967
0.8907177
3.1354183
1.0617977
1.7011224
1.4769450
2.1441145
1.0279619
1.9753336
4.0505670
1.6348941
3.8213085
2.8251920
1.8800848
3.3466534
3.1773305
1.6262617
1.5481932
2.8177535
1.6886788
1.7781833
3.8873664
2.0765615
1.5853750
5.9949461
1.3677548
2.2316060
2.1899770
1.1638628
3.3188526
3.3133841
1.3912032
4.9551054
2.0869215
3.0125781
3.3699101
1.0627918
3.7962429
1.4539584
3.2977853
2.8562517
1.2723711
3.0633762
2.3299592
0.9472423
2.9946116
1.2085180
1.2806007
2.0449387
1.3652123
2.2221084
0.7400765
3.0485113
0.8396011
1.3069601
1.9641173
2.5475658
1.9947343
0.3263573
1.8829616
0.8020328
1.1366920
1.4248457
2.0018645
2.1283213
1.0471905
2.4142832
1.4397757
1.8561239
1.9210864
1.6476189
1.9614289
1.0024778
1.4994886
2.0720602
0.4548585
1.6511400
1.2749573
1.8396493
0.6882912
1.2240557
1.4112472
1.6762516
3.0444428
2.7341792
0.8545410
1.7785989
1.9785034
1.9909796
3.0862262
1.2946080
0.7402951
1.7947744
0.7115550
2.7471891
2.0679990
2.6294821
2.7367903
0.7855129
2.0925503
3.3621867
1.1680325
1.7741101
1.8490717
0.5375593
1.7229179
1.0618838
1.3084980
1.0744252
1.3902389
0.3049878
1.5357645
0.7571281
1.6409180
1.7075625
2.6465559
2.2081240
1.2468316
2.2409833
3.6310831
0.9940199
4.0516439
1.0442020
2.8894819
1.8345943
1.9949249
3.0952520
0.8281668
0.8998311
0.7525665
2.0900669
1.7736408
1.4336088
3.3648006
1.0265587
2.5527932
2.0231867
0.8702258
2.8782166
1.6623183
1.9476433
1.0473914
0.7691303
1.4549881
1.7712071
2.8388080
1.2922416
2.6217286
1.3461339
0.4969066
2.6519791
2.0317939
0.8115012
2.2721667
1.9255619
0.8180802
2.8952812
3.4534460
1.8794689
1.6184446
2.7203231
2.1494996
1.3034558
2.0334917
3.5892798
2.1975799
3.8135623
1.5508400
2.2574584
4.2459963
3.1231179
4.3007485
0.4143693
2.5936718
3.0838762
0.7795553
2.9500719
1.5289912
3.9381823
2.6389699
2.1092491
3.1925805
2.4688313
2.3741197
3.9044947
1.4303205
3.8716592
4.4222969
3.2500765
4.4002271
1.3538387
3.4856672
4.1616743
3.4113793
3.5432629
2.2907259
3.4192106
2.2513978
1.6069019
3.7018953
1.5635587
3.8742498
3.8166472
1.2326247
5.1471851
2.5801136
4.0518096
3.2021391
2.1245943
3.7108473
2.6427677
3.0276978
5.1702813
1.8655449
3.1803702
3.8309566
3.1816189
3.8638198
3.4671523
4.4780919
3.7553139
2.6391644
3.3703372
2.9796230
2.0792026
1.7645774
2.4425560
3.4221841
5.0251464
2.7912197
3.2694719
2.6736120
4.0157526
5.0284708
1.3666378
3.2080971
1.7676553
4.0427821
2.6652668
5.2455873
1.6357163
1.9022874
1.9407334
2.0741959
2.3544349
2.6511858
2.2300286
2.8049913
2.7035087
2.1085959
2.5746759
3.1396079
2.2821575
0.9499125
7.0103016
3.1649000
2.9426782
2.0536567
3.2676611
3.9935998
1.9318439
5.4793301
2.8604287
1.7576556
0.7659724
2.0309967
1.8728408
2.4672275
2.2097927
3.2406798
2.7951168
0.6728232
3.2367128
5.6774053
2.8416580
1.9724812
1.3887604
1.7112286
1.7611546
3.7209630
1.8089420
1.9056022
1.9143582
0.7487756
3.8659574
4.8565809
1.2365113
3.3815118
2.7669240
3.6186852
5.3261404
2.0390341
3.5938472
0.8563519
9.4614460
2.7461687
0.8789463
1.1877200
1.7880999
3.2797485
4.1165644
1.1961690
2.2728150
2.2461361
2.5439902
2.8283913
0.7032545
5.7114821
1.0086539
1.7411089
2.6984544
2.4994337
2.5105200
4.9427456
1.7708935
5.0827059
2.4675864
2.7232212
4.7364784
4.3443671
1.2807409
1.3848294
7.4740886
4.3199862
2.4568114
0.9742269
2.4486336
1.9964597
5.3280411
4.1353321
1.7126422
1.5718090
1.8353191
3.7461657
3.1570973
1.9412746
2.7418193
1.4159071
1.7146178
3.0606346
1.3581424
0.9565004
2.3339262
3.6928306
3.0998775
3.0640263
6.3414212
2.0712225
2.6624967
3.2061553
0.6890599
0.8487743
1.1852084
1.7959572
2.3974311
1.6489314
3.6491002
1.6377009
3.0426182
3.2525381
3.0206209
2.5494668
2.1144029
3.6602184
1.5561527
1.5830339
3.4214524
2.0680050
1.5786989
2.5226543
0.9404683
2.8451218
2.2635880
4.0585036
2.8567999
3.0594808
3.5727517
2.8441377
2.6269696
3.9136054
2.7705024
4.2469319
3.4640187
1.5379465
4.4745262
4.6184754
2.8687892
4.2614396
4.9726413
0.9250168
2.9230408
1.9672071
1.6212938
2.8919993
1.7771948
2.5945201
2.2996006
1.1017822
1.2544534
2.0561316
2.2174813
2.2569451
0.7318631
3.2625121
4.5527262
1.5008279
1.5042277
4.8766326
1.1226757
2.3418480
3.3085073
1.1524948
2.8714479
3.7732939
2.3701068
3.5166322
2.6135104
2.0644574
0.9437918
0.9935251
2.2165889
2.4013471
1.9348689
2.6036329
2.0116502
0.8836714
3.1188831
2.5195860
2.4853548
1.5427557
3.9796957
0.9747732
4.0872169
3.8674281
0.8664165
5.4362842
2.9217836
4.8574042
3.0927592
2.9784573
2.1037510
1.8441174
1.8579229
1.7172075
3.5632399
3.1551278
1.8407257
0.4706566
2.1526276
2.8968466
2.4801793
1.9075284
2.3326169
2.2555875
2.9143633
5.9182817
2.0014200
2.6375395
0.6586150
2.0098627
1.0860688
1.6720001
2.1669922
1.3485786
0.9334059
3.5478592
2.9834830
4.8481650
3.3210759
2.8046705
3.6155798
0.6835220
1.5884812
1.5852395
5.3260007
1.6596370
2.9636810
4.9740370
6.6201628
3.5623828
1.3709064
3.9618367
3.9076689
5.0702615
1.2616332
2.5241718
0.9290889
1.9660923
2.4115083
1.7214443
0.3392732
2.7683303
0.8417369
2.5524838
2.2170584
2.3968997
1.3023562
1.8161326
1.2840564
1.3193799
5.7029096
2.8634085
3.8529664
2.8714137
2.3958671
1.3998951
3.5578131
2.4340036
2.2211895
5.2239258
2.0947815
4.8713724
1.9446743
4.1859471
1.8551730
1.2014626
2.1137779
6.9302543
2.4974651
3.1321127
3.1908366
3.9214024
5.0317340
1.8102281
2.9542746
6.3702886
0.9317625
2.9029151
3.0786453
2.5369375
2.8129385
3.6518815
2.5513114
2.1653337
4.3912588
1.7805706
4.5423542
3.2392142
5.5016540
1.4821729
1.8660663
2.3376945
1.0353604
5.6318122
2.5585427
3.3122257
2.6606996
3.0165181
2.5029347
5.9742400
2.8715175
2.0463652
6.5269369
3.0768433
0.3345203
2.9682028
2.3927916
2.8994642
2.0024921
3.2481654
4.1616265
2.3041596
5.5570900
1.3256062
3.1429122
4.0081052
3.3387473
5.4571926
5.0323560
2.8514793
2.7787017
2.9225841
4.0382365
3.9332182
2.5504022
5.0553225
2.3549534
3.7720350
8.3367229
1.5035826
5.3335333
2.8174275
3.6668479
1.6982698
13.7622298
4.7433437
4.6469287
4.1537963
1.6248441
3.3236134
2.2757934
1.5761953
1.0486541
1.3040143
2.1871174
3.4200975
4.7006398
3.2335742
1.4982357
3.6620660
2.7304451
1.9205627
7.5003736
0.5697298
1.4335966
5.7676125
1.1915610
2.5263682
5.4445351
4.6331246
0.7231755
3.1172315
4.3020033
4.3610175
4.9184082
2.4104313
2.9828346
2.2215460
5.8296981
3.5720235
2.0917548
2.5805452
4.5974580
2.3609365
2.1157171
5.4658758
1.6225813
8.7475657
5.3360087
1.9468803
2.8256004
4.8367838
0.8755022
1.4202961
0.9164234
0.9407628
3.4156027
1.7706315
4.3102388
0.6057946
4.0003886
3.4011935
2.6540187
1.9286563
1.5943452
4.7026335
1.1989108
1.1327502
2.5271217
1.1941273
1.9955670
1.6990278
1.1288964
2.8724579
2.9177584
2.4116954
1.6181416
1.2634771
2.8610832
1.6236854
2.4257527
0.3632407
1.1522632
1.8707754
1.8638595
1.1004349
1.1443421
2.4750025
1.9553275
1.8548606
2.3924919
2.3595782
3.1078040
1.7870135
3.4252243
4.9322705
2.4063060
3.3253299
3.8727515
3.6693236
2.9657533
2.5126785
1.4245107
2.3536813
2.1522159
0.9514932
1.0904002
1.4309556
1.9463048
0.4957591
3.0415844
0.9713865
2.7392369
2.3112159
1.3071508
4.0727872
1.6702917
3.0047737
0.2950125
0.8517745
1.4180387
2.8301559
1.8482455
1.3306433
1.8624434
2.9330595
2.1251052
1.0599600
2.3549290
3.7207067
2.0475965
2.3403863
4.4243874
3.2709771
2.1957537
2.8354268
1.1793701
1.7082369
1.2419228
2.7255489
1.0276321
1.6786551
1.8030934
0.5509885
2.6139535
1.6334699
3.2814778
2.3092473
0.8864820
1.3916061
1.3537554
1.6805376
3.1147668
3.2186899
2.1985409
0.7985138
1.3857595
1.7651363
2.9236126
2.2710645
3.3977164
2.8951689
1.5371878
1.4393691
2.2529968
1.8538432
4.1507435
2.5684452
2.6880572
2.9184806
1.1606887
1.3403618
1.1044730
1.3913195
1.5238538
2.3423704
0.6665555
2.2609498
2.0120582
2.8430660
0.4378881
1.1827955
2.7164952
2.3838543
2.1050515
2.2079137
1.4462497
1.3111307
1.6610126
1.6363840
1.0729228
1.5349520
0.5485747
3.2969030
1.6114975
1.4764944
1.7665684
2.0068657
2.2754867
1.8961864
2.8053872
1.8825670
3.0978867
3.8098794
3.0896554
3.2522573
1.7373279
2.0823719
1.8020597
0.9705936
1.6328454
1.5407115
0.4009560
1.2112309
2.4933349
0.6144018
2.0365668
0.7524720
0.5602592
0.3739926
2.9658569
1.4799762
2.6991486
1.7916711
1.5636961
0.9402172
2.0405486
1.5333401
1.4214452
1.8056502
1.3308063
2.0665230
1.1417780
1.5756704
0.8317633
1.4346316
1.3126141
1.3861179
1.3565585
0.3561452
1.5633920
2.5657441
1.9871965
2.5736301
2.0383694
2.8081515
1.3252303
2.7245637
2.3617819
2.1025920
2.1878557
3.0028557
1.7193594
2.9924985
1.2498818
0.7443721
1.4728993
0.6583396
3.9357785
1.7686328
1.4673732
2.1391568
2.6853347
1.0651380
2.1874504
1.3968707
3.0234957
1.2833739
2.6633628
1.4208198
3.1979157
3.3642801
0.9201429
1.3092699
3.4873862
1.3119879
2.5564514
1.5359338
2.3550975
3.0459606
1.3127586
2.8829468
2.0014938
0.7209308
2.5900913
1.5210076
3.1768154
2.5343046
1.4248100
1.8931121
1.6343766
2.2657843
3.6456578
0.7632937
2.4723605
2.2554586
0.8217556
1.4646882
1.2309353
3.1344849
1.1718252
1.6386802
0.6554207
1.8243677
2.1863340
4.2203112
2.2429031
4.0212940
1.6535506
2.1966504
2.4988615
2.7819808
2.7657651
1.9248784
0.8593645
3.2260405
1.5554450
2.0773795
1.9201576
2.0577755
2.4833009
1.3045266
0.8104298
2.4345995
2.1986962
1.6508733
4.1194060
1.1876603
4.2610491
1.6690379
1.7559425
4.8538687
2.0330627
2.7731828
2.9152261
0.8229336
3.8358473
1.2063171
1.8052337
3.8141693
1.3471878
2.6464400
2.0717965
3.3104921
3.7295871
2.1387691
1.8547898
2.0767883
3.0994672
3.6542272
1.3177624
4.4672415
2.5558760
1.1803917
1.4978894
2.1328767
2.5985518
2.2207766
1.0949650
0.9981660
0.5854869
1.4504520
2.1881110
0.5584855
1.5488495
2.4119247
0.7681857
1.9914774
1.9909757
1.6001407
1.3332809
0.3215695
2.6957436
2.1629106
2.3841833
2.2904078
1.8269432
2.3078708
2.7278947
3.1608020
1.9172779
1.4422599
1.8574444
2.1500930
1.4912942
1.5121596
1.8300035
3.0624346
0.6901859
3.1696558
2.1746743
3.7618043
3.7268778
2.9244226
2.3806604
3.3037346
1.9529610
3.2862254
3.0955492
2.7217036
3.2440763
3.3072139
2.7618804
1.9661277
1.5053600
3.6074243
2.3024916
2.3928166
1.9234081
2.0841724
1.9613937
3.2380065
2.1922987
2.8031224
1.5711426
2.1969754
1.4671535
1.8563982
3.8876345
1.3550138
1.8367439
3.4086291
2.7684243
1.3865219
3.4121488
2.5029983
2.3499977
2.0298652
2.9023489
0.8564910
2.8445379
1.2073391
2.7173239
2.1185532
1.7591709
2.8574990
3.1939537
2.9527270
3.4428370
2.4939387
5.1934038
2.9622269
2.5819328
4.3684444
3.4908053
1.8456828
2.2405938
1.6530259
3.5566465
3.3726001
4.5576320
4.3788286
6.0462304
3.2240132
7.4476595
5.2517580
5.1778178
5.5401743
3.2999687
3.1613350
1.9966553
4.9719306
3.0630778
2.4935350
3.8080727
1.8531625
1.7614335
4.2551133
2.6434450
4.7150707
2.7176135
3.7352736
3.9209362
5.6224852
4.3018108
5.3583481
5.5077187
5.6599232
3.3158982
5.3968520
3.8607293
6.2112499
5.0466693
1.9987254
6.7452974
4.1535544
4.0830824
6.3947507
4.1647486
3.9265796
2.2430563
3.5073793
4.5856611
2.7764561
2.4890850
2.7395721
3.2214615
4.9230801
5.1209608
4.3631273
7.6681384
2.3641709
8.8454545
9.8690093
4.6263954
5.9585753
4.2390179
4.4699156
6.8136187
5.6335232
4.0998408
10.5966042
4.3754044
6.2813850
2.6680684
3.9070745
1.3054208
4.6470709
2.4987682
3.8963116
5.7618427
2.1540886
5.2539034
3.7151448
1.5442789
6.0872241
2.1948843
10.4783321
22.1277070
5.9279229
3.2494218
2.3081624
2.7540776
6.7365073
8.8979861
2.7369197
3.6701590
4.5374309
4.5559884
5.6327020
5.8699028
3.9084420
4.3578241
4.8854489
11.4513822
14.1836399
4.3932590
4.2496348
2.5753876
6.7894967
8.1342858
6.9252808
2.7732830
6.5746317
9.0208752
10.0297863
6.5690277
5.0994744
15.2222691
11.0351756
6.4812554
5.0077821
5.5913734
8.1211756
4.8843399
6.4262039
3.8359347
2.1092529
3.3342860
4.5908241
2.4875400
6.1196716
0.6519147
0.2066165
1.8791461
3.0793793
1.4727663
24.1606146
1.2988976
4.5874003
2.0454470
0.9914602
6.6307705
1.7480557
9.3228065
2.9342878
5.7621451
14.3068522
5.3590938
1.7828522
4.8438021
2.8882715
3.0568478
1.9312774
3.7031367
4.6947338
2.1020509
1.6168639
1.4800810
2.2007850
4.3049828
3.9561353
1.5167763
5.4012213
4.2490651
2.0875617
3.7711743
1.5164495
1.3503361
1.9831437
2.4196161
2.9609451
2.5105756
1.8134689
3.6314386
0.9120083
4.4194611
3.3712803
2.6034613
4.0389411
3.2906128
0.6638661
2.1373914
5.5392852
1.8327065
4.7751950
1.7372620
1.6655079
1.1545589
1.3467528
4.2874454
2.3910424
1.4155159
1.3563289
1.2139537
1.6800838
4.2295196
1.6821468
1.4991659
3.5210568
4.6971696
2.7474773
4.0617356
3.4337176
4.9920498
2.8145707
1.6845450
4.9013690
3.2666422
3.7755218
1.3066619
1.9841959
4.1669555
4.0392762
0.8918730
2.0849861
2.6973402
4.5849620
6.0238696
4.3377677
1.0887247
5.8867345
1.6559325
4.5730786
1.5469775
1.5620999
4.4345476
3.9025670
2.7689015
9.2053154
2.6836461
6.2768621
1.7871297
4.2729486
0.8300439
3.4213746
2.8948652
1.0789112
1.9638600
0.6785323
1.0555771
1.6017543
1.5026047
4.1914805
3.0552404
4.0666818
3.8764582
2.5471546
0.9846837
2.9649556
1.9210683
2.9729164
5.7237257
5.3053416
2.7291559
2.3916382
1.4362950
3.1889028
1.6295834
2.0601711
1.3683966
1.6799371
5.7245126
2.3109300
3.7076616
2.3088741
1.3424104
5.5500587
1.3961554
4.7197400
2.8576465
1.8762565
2.7034039
2.8776228
1.3103723
4.6197656
0.8859068
1.4867709
2.7248326
2.0625917
1.2785756
1.8622221
1.6256236
4.2370009
1.9227390
2.6518690
4.2792221
2.7330701
3.5211013
3.8123318
2.3437340
1.2439663
1.5291696
1.9830287
1.3986827
3.8049180
2.3149663
1.9053462
1.6249701
4.2831779
0.9976207
3.7982312
2.9392062
1.7469470
3.5319075
2.1972446
0.4870570
3.4641224
8.2476502
0.6445024
2.1921483
2.6828176
3.0357930
2.7199027
2.0145954
5.2974760
1.9037350
2.1788247
4.0351258
0.8029579
2.3809149
3.6566018
2.1326328
4.6639341
2.2686059
2.6389361
2.5921755
1.4912553
1.6534219
7.7977688
2.8612470
7.2365308
2.5943005
1.5058705
12.3690662
2.7485288
5.5232820
5.8143013
2.8549908
1.4217974
2.8348364
0.9635537
2.5527057
1.6797067
2.1883727
5.4240548
2.7487829
6.6305770
7.0744861
7.6398996
4.1952556
1.8509326
1.3452954
6.1735722
11.1565143
3.2111021
5.4881283
13.2437971
3.6935812
3.2295386
10.9787159
4.3641150
4.1653841
8.3345945
3.3918781
5.2457604
2.7779348
6.1365026
3.8749966
6.5866219
3.8035535
5.5475944
6.0680131
1.0549562
6.5995102
11.2343815
7.1236687
3.4975453
7.3829067
4.4245513
4.5322947
2.3028604
3.3131065
0.5435209
1.3631118
0.7017871
4.3843578
6.7288660
2.0324196
2.3092599
2.1225392
1.7309888
4.2088679
4.2400803
1.2609593
1.7967199
1.5132801
1.4455924
20.1845199
6.0152184
1.1024048
4.7088204
2.6043687
6.2833899
7.9414595
4.5628645
1.2015187
4.1844058
3.3311514
0.7220240
2.2383825
2.2472502
1.2552272
5.0284426
4.1102529
2.3559124
2.9999416
3.3102581
1.9795296
2.7370354
1.5206438
1.4713678
2.5602433
8.3599984
4.1932357
3.7816422
1.6219805
1.6911204
3.9873023
5.4506934
3.5304796
2.7360527
7.2932445
1.0833412
3.2714764
2.6031255
3.1196583
2.7044626
2.6260821
2.5105020
3.9301560
6.2933071
3.4538259
4.2812433
4.5720746
3.4519320
2.7924307
4.5824250
1.4392293
2.9817657
1.2537828
1.3094205
6.2950162
0.9654641
6.9437390
4.4241318
1.7348925
3.7668638
1.9716047
1.9278206
8.8653332
3.6823465
1.8799773
11.7528831
1.3128764
4.9277433
2.1678631
8.9071531
2.9086239
0.6227997
3.3574314
1.9720081
7.5325254
10.1053819
1.8117442
5.2406039
8.1633037
6.2104884
3.8667376
2.8385120
2.1907261
5.8736874
5.4233166
21.1028487
1.5336560
17.7977607
6.1523454
9.0836076
11.7191342
3.8427399
13.0851766
142.4715354
15.1868983
4.3060216
116.5137697
17.6261602
20.9142434
4.6041211
1.4571061
4.0426698
4.3675248
3.9225431
6.6835436
4.2866228
5.1003317
2.8485716
2.8404107
1.0106603
14.4670258
2.6975120
2.5710568
2.4500883
3.1430937
7.0039732
2.9155458
1.6213470
3.0010201
6.1061411
6.4362052
2.3238162
1.9188481
4.9758280
4.1498354
2.6892401
4.2352758
5.4282173
5.7410511
7.0414144
1.9713137
2.2497742
3.9921871
3.5006609
1.6411146
2.9661831
2.5168951
2.5291433
1.4737217
2.8070731
8.0703480
6.8295992
3.2145746
0.2127809
2.6902960
1.4917074
2.2739476
2.8851259
2.0222872
0.9420419
3.6550031
2.5641602
2.2350961
3.5617563
2.9800604
2.9140205
4.0000512
1.2955258
2.2796143
1.0621032
1.2809328
1.5288677
3.9276053
2.2399365
2.6213652
1.9433368
0.3529204
2.7562424
2.4486366
1.0911482
3.8237055
2.4905991
1.8831865
2.8666143
2.3122748
3.9900009
1.0922877
1.7357458
1.0439802
3.0021537
2.3006212
3.6210920
2.4416525
2.3812829
1.0212013
2.0523994
2.1418748
1.6994340
2.7400197
1.5220519
1.3511671
3.4931962
1.2822287
2.6550714
1.8449231
2.4956932
2.6689578
1.2142708
1.7377684
3.5076327
4.4159274
1.1093646
2.8212272
0.5523373
2.3094442
3.8400877
1.3313497
1.6810478
3.2143336
2.1994555
1.7664497
0.8448678
1.5021598
2.4884127
1.1301750
1.1208783
5.3343766
1.6522827
2.9602756
2.8656994
2.9300938
2.6988900
0.5700106
3.4449699
1.8268183
2.0088326
1.2485043
0.7027978
5.0603311
1.4703687
2.6194179
1.9920391
0.4514361
1.1035227
0.5909168
5.3061059
3.0586945
2.4131369
0.8820482
0.3926108
3.4922172
1.7472617
4.4851009
1.6176883
2.1584474
2.1745487
2.1133226
0.9715150
3.4047828
1.5564104
1.0902192
1.8412146
2.0029632
2.0625230
1.8088130
1.6244263
2.7354969
3.2375588
3.3146046
1.9970140
5.2892779
1.7723261
3.6904003
5.2824097
2.5864687
1.8001840
1.8416651
4.1698746
2.4080960
1.4291816
7.6871840
0.9125890
2.2843886
1.3012278
0.7359081
8.6348657
1.6486975
1.0696874
3.0347687
3.1155685
1.7954963
1.0103018
2.2890890
3.1213680
1.3515554
3.2625027
3.3644528
5.7945440
1.2963746
3.3995517
4.2014313
3.5935277
1.2432744
2.5564361
1.8150903
2.8917077
1.0871666
2.1774759
9.7552304
1.5757856
2.6714149
5.2732325
2.4766090
2.0146787
2.2226288
4.5243309
0.8605572
1.5750309
1.8446524
2.4279010
2.2894798
0.7925441
4.3312547
1.5843166
6.1972581
1.9088085
1.1454684
2.9616747
0.8670210
2.4527376
1.8157300
2.6547565
1.0479792
4.0011882
6.1752865
3.4993101
1.6555974
4.2060196
4.1600765
2.6285023
3.8428588
9.0493004
2.1901768
3.9886268
3.1008881
2.4476137
3.1822559
1.6326875
3.5934769
1.7128479
3.0031461
1.3006640
3.8457802
2.7839370
1.1310874
4.3204516
4.4842144
2.4706795
2.0800549
1.9366609
3.0754767
2.1699439
1.8485907
3.6362266
2.0313843
1.9522774
0.7045490
3.0729553
3.0705145
0.8391492
5.0250152
5.5385470
7.6682976
3.1237511
3.2718323
2.5366733
1.9883092
4.0410203
4.5170052
9.4886431
2.6658512
3.3987074
2.6201970
5.9412094
6.7562788
10.1193888
3.8056624
1.7156776
2.2443152
2.1580647
3.3813221
5.0575101
4.0575864
3.7385056
3.1365611
1.7860887
9.1284938
2.0317008
1.2895403
8.2303802
5.8634164
2.3637131
4.1973020
4.0509356
5.2756475
5.1982483
1.5904089
3.6571603
3.7191190
5.8902458
4.5417880
3.3504047
2.8341630
2.6584500
2.7242910
3.4883088
3.0691781
2.9280728
5.0711746
4.3550957
5.2809679
3.2559111
2.8049116
4.8609767
3.0950717
3.9065475
6.7659609
2.1652218
2.3291575
6.1423340
3.6393405
1.5583262
1.9477506
10.3938331
0.5001542
1.0243657
1.4609798
1.2099274
3.5782159
1.5072895
2.5961397
2.1732013
1.1569538
2.8070795
6.3843859
2.3099036
4.9945052
1.7012151
7.8277466
0.6819684
1.5045013
3.0151131
6.7502199
1.2387634
2.2019706
2.2893736
2.0268661
3.5645580
3.0877813
1.8155955
2.8577801
2.9483306
5.6896510
4.3600992
9.6344947
3.9804035
1.8687179
3.2681040
2.1327307
3.2112717
10.1806363
4.5824269
3.4489513
2.6431601
4.7057236
4.3096010
4.9432640
2.4796253
1.9064858
5.9940290
3.0388003
1.8722814
2.6688270
2.0215524
4.5673818
1.4939477
3.5895834
1.3927315
2.0350458
2.3574640
3.5802198
2.7901225
3.3199195
4.3459432
0.9673171
3.1679926
3.2853697
3.8905360
0.7006473
2.4270264
5.3308729
2.2218131
4.1330190
3.7871497
2.0213117
2.9942335
1.2774390
2.6902180
2.1142055
3.3622451
4.1180191
2.1714613
10.0005260
5.8937257
4.0011810
2.6598453
2.8799558
1.9841269
2.8064767
0.9914838
1.6063281
2.3937959
2.8710798
2.7693469
3.1039747
3.5488454
1.6326039
2.6018200
1.7055042
1.4419713
6.0557225
4.5315629
2.9112463
2.1429649
4.3837054
2.7697921
3.1350541
2.3728251
1.8971319
2.6690580
1.2368146
3.7053460
4.4380395
1.8478458
1.5624649
4.4901286
1.7583125
1.4877945
2.3106285
4.4157548
1.3979239
4.8575775
1.3318337
3.8103246
1.2887572
2.1857607
3.0951645
4.7827303
4.6564565
0.5582023
3.9460527
2.5290164
0.3478623
1.7367487
2.6383652
0.7650269
5.0087773
1.6172597
2.2883141
1.5968114
2.0735144
3.1930466
2.0861670
1.3789435
4.7201598
2.3863869
1.7687671
2.2380689
2.6880757
2.9113477
2.3628527
3.3445845
2.4580164
2.3554559
1.4269158
3.0578667
1.8870290
0.6694468
2.8609043
0.8842609
1.7204909
2.3993131
2.3436677
1.5906229
2.0539058
3.3199836
3.2024416
2.0527279
3.3750607
1.0538211
1.3152432
2.7723488
4.5315961
1.6419971
1.5204543
3.1367701
1.5303972
2.9834508
5.9028096
2.1760183
1.1856732
2.8730655
1.7291776
1.8547724
5.6022699
1.5644843
1.6087549
3.0409812
2.6193039
2.2024845
3.7774498
3.6408334
1.6152846
1.7073465
3.5307953
2.2265162
2.6919225
2.2146826
3.3922947
0.7336930
2.6767023
1.9652403
1.8497393
2.1103906
3.5690166
1.9669528
1.4948952
1.8116307
1.7024208
3.9078745
1.6991258
3.5670383
1.6201171
1.6689679
3.0579197
2.3224026
3.3183126
3.7880364
2.0833631
3.4128782
2.1005798
2.1789835
1.4259775
1.2453061
3.1240740
1.5189426
1.6888585
2.5441612
3.5430913
1.5309391
9.6379007
1.7327759
1.9318292
3.1963557
0.3662259
0.8989119
1.7193593
4.9106631
2.9220376
1.2660911
1.4846888
3.0089079
2.4234030
1.1308834
0.7768318
1.4671263
3.4902019
2.0717165
2.4191137
4.0974509
2.4077731
1.2299395
1.7761978
3.0738282
5.1919966
2.0761767
6.9309066
1.4989146
0.7422503
1.1444199
7.0934110
1.7680171
2.1622988
4.9038601
0.5916054
2.5393716
7.9813026
4.7465789
1.7832318
4.8813039
1.5700302
1.6499139
4.7262775
1.7697438
3.8182152
0.6811647
1.5269594
4.0657145
1.7977236
1.8138968
8.2992900
3.4518237
1.5270725
1.0941240
0.7535920
1.5231838
1.3528184
0.6119405
0.8814182
0.5921451
1.5817218
1.4695093
1.7551116
2.2112001
1.3089977
0.9776151
1.4394451
1.3530106
1.4096905
0.9608665
1.7553227
0.9131790
1.8871504
1.0717959
0.7585039
1.5081619
0.1912857
2.7816699
2.2452449
2.2540514
0.9427901
1.6530423
0.9898955
2.0980977
2.1269148
1.4690536
1.7694648
1.6909066
1.4711464
2.4586279
0.6998927
2.8271751
1.7723758
2.5235014
2.5345517
3.3137018
1.0394405
2.5892491
2.5496056
1.2559000
1.4656759
2.5297006
0.6866244
1.6792049
1.8327978
2.5588856
2.1992859
1.5839497
1.4078504
1.9519652
1.5050978
1.4583967
1.4317953
1.6519220
1.7306784
1.7986399
1.6116594
0.8314466
2.3473040
0.8365339
1.1910185
2.9979942
0.3732884
2.0744622
1.6661125
1.5599822
1.8363863
0.9696934
1.8020387
2.4060438
1.6746655
4.0280770
2.3184588
1.8848439
2.3820876
1.9700072
2.5881362
1.4007238
3.6481621
1.4310732
1.9338163
1.3579544
1.9349276
2.9002696
2.7295263
3.1318440
4.3769441
2.0295455
1.9204589
4.7745093
2.8328094
2.4100105
1.9270267
1.9153202
1.9838005
2.7500750
4.7085886
2.4001360
3.1339740
3.4004265
2.7031738
3.3724166
2.2609363
1.8343484
2.8330430
2.8239259
3.7888146
1.3778291
1.9728989
3.0494314
2.2724403
3.2632816
2.7188294
1.3336004
3.4136616
2.6849535
3.3618954
6.1693772
1.6117433
6.5851319
2.3294703
4.5936619
3.9233894
2.3605031
3.4889201
2.1287664
1.7349824
4.4383571
1.9299223
5.8506282
2.0414860
2.0978252
4.0682883
1.8648104
4.4533087
2.6190014
1.5830180
2.8041267
1.0599153
3.6102523
2.9288843
2.0063972
3.6237497
3.6375010
2.8701090
3.9187945
0.9781546
3.2206379
3.6126645
1.2590397
2.3136514
3.0234198
2.2595051
4.0837822
1.8784736
3.3847075
1.8153109
1.5766262
5.0998487
2.4203220
2.1707957
2.6163030
4.2299937
3.3880639
4.1708877
2.6895617
2.4539492
2.4511425
4.6628900
3.7908601
3.3302602
2.4143024
2.9206701
1.9693173
2.0483065
3.8063141
4.1211380
2.8921245
1.8648856
1.7839087
0.4254050
0.5218845
1.0034185
1.1838711
1.4401759
3.3442929
1.5727135
2.9694705
3.9382282
2.0784773
3.0967357
1.2269664
2.1921379
3.7628742
3.0075573
1.2962868
3.5583152
4.5681800
1.8037740
2.1475303
3.5576931
4.6729648
3.0144671
0.2722757
2.3897825
3.7503035
1.6895245
2.0554543
3.6450516
3.4249125
4.9909032
3.1012444
1.7679534
4.9394789
5.6366415
2.9477824
1.7570155
1.6612919
1.7836647
1.9670643
4.5435010
4.8955956
2.1071941
2.5385425
5.5414087
2.0739201
2.2513877
2.6276495
7.0209251
1.8823876
2.6659886
5.7040826
2.1288971
4.7589363
3.9300659
3.2360550
1.8980085
4.1383186
3.7560881
0.9153308
4.7975079
3.3950134
1.8998755
3.1531093
2.1970435
3.7751167
0.6850576
4.5304981
2.6019992
1.8772804
2.9411388
1.7041897
2.7302717
2.3151904
4.0283270
4.3157105
2.6328705
2.5200993
2.5337055
2.3133483
4.8088415
2.1573738
2.6189524
3.4239197
3.7430024
4.3969783
2.1225494
3.7532214
6.4012824
1.9378322
2.5954000
1.3940428
2.0702562
4.2275264
1.5703064
4.0652287
2.2137169
1.7233959
0.7994794
4.4417565
7.5235941
1.8379700
6.9102163
1.2375424
4.8721492
3.3860291
3.5750314
2.6361124
2.9833470
5.2947880
3.5509529
2.8251155
2.5882760
4.9823073
7.6710810
4.1892763
1.0091214
6.1280566
2.0575669
2.4722167
1.6970201
2.7422951
4.0591696
2.7883476
2.5156370
3.4795587
2.9032133
4.4043116
6.9782485
1.0079375
5.0159653
2.8201332
1.9715295
3.0800769
2.6775769
1.6442359
0.7980165
1.8878076
2.7199614
3.2545091
2.0127117
3.6705921
1.2550334
3.0027525
5.7013395
2.6706332
10.4517362
1.4699544
3.2495534
2.2763787
0.8055599
3.1428680
1.0526812
3.6688039
4.2874877
2.8004079
1.5828546
2.4922052
2.1660529
1.5919800
2.0524112
2.9067474
2.8959908
1.2124020
2.5132817
3.7699402
4.3877593
3.2060293
2.0395168
2.4195872
2.1022894
1.7741383
1.0167070
1.8753592
2.4958521
2.5281203
4.5655963
1.9312780
5.0736717
6.7518729
1.8972013
1.6964785
5.8924701
1.7295067
2.7379561
1.8532789
2.8258630
3.8306268
2.7773614
4.4842770
1.6099634
1.2741800
2.2736229
2.5122435
3.5717808
3.1811026
1.3303311
3.1375164
2.1030844
3.4284986
1.1677474
3.5703271
0.8817693
0.7424678
4.6827264
2.3312519
3.8875233
2.1287061
1.1627515
3.1348235
4.8919865
7.3186688
3.9732845
3.9499160
1.4332247
2.1160921
1.4577112
0.8905679
2.7951841
1.5239424
2.3220383
2.1303326
2.1924872
2.2120090
3.6582669
3.4264146
2.7490042
1.5722994
2.5475128
0.5633969
2.6037718
7.8308320
2.4651834
5.4395553
3.2094953
2.1267818
4.4022070
3.1646267
2.1884056
2.2587326
2.7653601
3.3372566
3.0550377
2.2854951
1.9251987
5.7302917
2.9871294
3.5905968
1.5488040
3.1020079
5.2089858
4.2408896
4.4233570
1.4472564
3.7263056
3.3092968
3.8165492
1.9542099
3.1549019
4.4391325
4.1956442
1.0829247
3.1573574
2.3281511
5.6047157
2.4560306
1.8473253
4.1866153
4.8038108
1.4535623
4.9478076
1.4903400
2.4278290
2.0077646
4.7549247
4.3988655
2.9736615
3.4566533
3.4894924
3.1613483
2.0203244
4.6165031
2.5483585
4.5842010
1.2421667
4.2584200
5.0894288
2.2057600
1.4077817
1.3808913
1.2725101
2.6968634
2.7042430
0.8842624
4.8490833
3.2505672
3.1180318
2.5603037
1.6094041
4.0227669
2.9908773
3.2097966
2.7541537
4.8278116
2.4556356
2.4689659
2.7693379
1.8557626
4.1262031
1.3671556
3.3442731
4.9142544
1.9161597
2.3685490
2.2420290
2.4704932
3.6428547
1.0056003
2.9236186
2.5855971
2.7971863
3.9720407
3.1652558
3.6999605
2.3483585
5.8116592
3.5186382
1.8529468
2.0989069
2.2118488
5.8343309
5.0306719
9.0965273
4.4050906
3.9576646
0.7764385
2.2224794
1.1649650
5.7655482
2.8377077
0.9784532
3.3708768
2.0567798
6.2272821
4.5268120
2.2828146
2.1274462
2.3032655
1.4811599
4.7866628
4.3096596
2.5103233
4.7647702
7.5343155
4.4336950
10.6457489
3.0565189
6.4962416
3.7870615
8.0782485
3.7743774
1.5633188
9.1303827
1.8777382
4.3184283
5.1473416
6.1119439
2.9956855
3.0669430
3.1832589
4.8444485
4.2969417
1.5794229
4.2494026
0.7839502
2.0821645
3.1388749
8.0794659
2.2465527
5.8787754
1.7132877
4.1179020
5.4531497
1.9835455
3.0392557
6.5453185
3.8847519
1.6514669
1.7644837
1.3215511
3.7959116
4.4840339
4.3772547
4.1090567
3.6318270
0.9897028
2.3342687
9.4707692
2.9471340
2.9461169
4.0957303
5.0029501
6.5487918
6.5443168
2.8298795
3.7225763
4.0640376
2.6535861
2.9636472
2.3053232
5.5474558
1.8509587
12.4495305
3.1868405
4.4094142
2.9216586
4.4229049
2.7408085
6.2137679
6.3918492
3.0260177
3.7653707
3.9866154
4.2790787
13.3402656
8.1641735
4.2302347
3.0536627
2.3592512
3.0657293
23.0517037
2.2260289
3.0308390
2.0009912
4.7468289
3.0051998
5.7921504
5.9052023
2.7768639
3.0975140
2.1337653
2.0825816
7.7596015
3.5005323
5.8981453
2.0099873
2.4130790
4.2685793
1.8721378
3.3125305
2.7604081
7.3108210
7.7419194
6.9200078
2.9394727
5.0239551
2.3484549
1.9651842
3.1317948
3.0629869
1.6911400
0.9946431
4.6748331
5.2006021
2.4972697
2.9292931
1.8317279
8.1277542
7.7802266
4.0449604
2.6593762
2.8222440
3.5188472
2.7166756
1.8649364
3.1208241
5.9288520
2.8388340
3.2750945
2.1228436
2.2605807
3.8611837
3.4765827
2.3956802
1.0964630
2.2379038
1.6280564
2.1959213
2.4406713
1.2199166
1.8468635
0.4710531
2.3081133
3.4074070
1.3152191
2.1673258
1.4661014
2.2828741
1.4965614
2.0120317
1.9282181
1.9464821
1.1910896
3.1270193
2.8836285
1.2340651
2.7420695
0.6794574
1.5667177
2.5078729
2.8287081
2.0737150
1.0387506
2.0433353
1.2778839
2.3782583
1.2957363
2.1792749
1.9036484
3.0340811
2.9414260
1.6727987
2.3956375
2.6318283
2.7976041
2.8324030
1.6167002
1.3140263
1.5725048
1.4513790
3.3938958
4.7350062
2.9558412
1.4557587
1.8944817
2.2704965
2.4384797
2.6103991
1.4979585
2.2096728
3.0483914
4.5258583
2.1748170
2.7110151
2.5802777
1.2170032
2.3097402
2.6553034
3.5523446
4.5740173
2.3911604
4.7684757
2.8651205
3.1652269
3.5104681
2.3072999
5.0049435
3.3225235
3.8190954
2.6018437
1.6943181
3.0874182
2.7775326
2.3330098
1.8188055
1.3733591
3.1414568
1.5771777
3.6207844
1.9545919
2.1751969
2.3939482
1.0263695
3.6044133
2.3428256
1.8429443
2.3444817
2.0966766
2.7840283
1.9241382
1.4219163
1.8200483
2.8584308
3.5994865
2.9257520
2.5106262
1.4772379
0.9783194
1.8427508
2.1269096
3.2860139
1.3584654
1.5837485
3.3528318
2.3824444
3.7586070
2.8555066
1.8261919
4.1133262
2.4437802
3.1515655
3.2672754
1.3501002
3.7228352
1.8918847
1.8876184
1.6087061
2.0769731
1.5911749
3.3716858
2.0327651
1.7973194
4.2723894
2.4371017
2.7718541
0.4379616
2.0730530
1.3143774
3.1612030
2.1167028
1.3697645
1.4618503
3.7023304
2.7370099
2.7469349
3.1798370
1.8269455
3.2417222
3.6635898
4.3196687
1.8890352
0.9730548
3.0023972
2.5027650
3.1262118
7.0618128
1.8912605
4.0126546
1.2842324
1.2380529
3.4011617
1.8862298
2.5832851
2.4849936
1.8717540
4.4407364
3.0075291
1.5817829
3.2709750
3.2443285
4.4439524
2.0233571
9.6541168
3.4363711
1.3620586
4.3039015
2.2814971
1.7198655
1.5531362
1.2042398
2.7066968
6.0051711
1.6915932
3.6204602
0.7905905
1.8955202
1.0890271
2.4214128
1.7604134
1.2959169
2.0554340
2.0793790
5.1131228
1.9479494
2.8700925
2.8691133
3.9237036
2.3421643
1.9932210
1.3412910
1.2847760
3.2823091
1.7552219
3.3243485
3.6129638
2.4391057
5.4780692
2.1394629
3.2267290
2.6775889
2.6385405
3.3189050
1.4744824
1.8543653
3.0433234
3.3360459
3.0392907
1.7949496
3.6588783
3.4323204
2.4413686
1.3177783
3.9336983
2.8208048
3.0337286
2.4251040
2.3256123
3.0979510
1.8030799
2.6564764
3.1828447
2.3825436
3.4867118
4.6205290
3.1962400
1.8993280
1.4585367
6.6968635
4.8028033
3.4365486
1.5337900
3.1572717
3.7691458
0.9816134
4.0581384
5.1819605
4.4879427
4.6367906
1.5525224
1.3669886
1.1522867
3.1507185
1.5329214
3.3786544
2.3686704
1.6584793
1.3832835
3.9595348
3.5970020
1.3234525
2.9070733
1.2341581
4.1015770
5.0417009
1.6254899
4.7065505
1.9923905
2.7324877
1.6186868
2.6440353
1.7444407
3.2397197
3.5765725
3.9770009
3.4845652
2.4290642
1.7345568
1.7624504
3.0314546
1.7191755
1.6814097
2.2338397
2.0308916
1.8070383
2.9915064
2.7178158
1.8434407
3.8603485
2.3185993
1.8847746
2.6362617
1.5422866
1.2349989
1.7260058
2.3711077
1.7996803
2.6993713
1.6040215
1.9989363
1.1808415
1.1446211
1.2600735
1.6193345
1.9463915
2.2768687
2.2266827
5.5243305
2.0228738
0.4505078
2.8773227
1.4809140
1.7174407
3.7711525
1.5697076
4.4998592
3.7390674
1.7486802
3.2320894
2.7458520
5.8952716
3.7072698
3.0165936
6.0026391
0.8937493
1.6087778
1.5254724
3.0992227
4.4948163
5.4440468
1.5825909
3.9128901
3.0086837
3.5406021
4.7239435
0.9069158
3.4582300
3.8099050
3.2317963
2.9233002
3.3304566
4.5232096
4.9224318
5.5223319
4.6117370
2.3013569
3.7434198
6.1643788
2.7210968
5.8071646
2.9075846
5.6682521
2.5175413
4.7121974
5.7082611
1.7224037
5.0475935
6.1633199
4.0283530
3.8118257
6.7803992
2.4023092
2.4045894
0.8694165
2.9463513
3.2495724
3.8226993
2.5639004
1.4148528
2.9826094
2.9898026
2.5166960
3.1324552
2.3186166
3.3112452
2.2226081
2.1275303
7.1714722
2.4504709
2.4654051
3.0590655
2.4037221
3.4372419
3.4843771
2.3193811
11.4772422
2.6998106
0.7348498
1.8988015
3.3990405
3.8669711
4.9295914
2.0585963
1.9323387
4.2869481
2.0960843
3.0524460
0.7670610
1.8748008
7.2833823
3.1181341
2.7765870
3.1384803
3.0630923
3.2500334
3.0326152
3.2574790
2.7295502
3.0430318
3.9519765
1.0186077
1.6304492
1.2526353
2.9391324
3.7450960
3.1073362
0.3923593
1.7532137
5.3345279
2.8317854
2.0834185
0.8745953
1.6039083
2.3528343
0.9056405
0.8521790
2.7427966
0.7208365
2.5273503
1.2230757
4.6335392
2.9541953
2.6210749
2.9124171
2.7383408
4.1478402
1.0929975
2.2444541
5.5939534
3.0824856
3.2382934
4.8710074
1.7050863
6.3329838
2.3008499
4.7266862
8.3119532
4.4625587
7.9000791
6.9326017
3.4082141
5.5056815
1.8498460
3.5980455
2.0993707
2.5452813
5.2603154
2.1634609
2.0891814
1.6332105
3.6760810
4.0682277
2.6445883
2.5425912
2.5317273
2.4041718
4.0496604
2.2275183
1.9757384
0.7349818
10.6035759
1.0087457
0.6837119
1.5597958
5.7812791
2.4152819
1.6946823
0.8497498
1.6371038
5.2330071
4.1354891
0.7005611
1.3691820
3.5337221
2.2862161
2.6769511
2.2477230
3.4861327
2.2576808
3.8288795
6.4388575
2.2220784
1.7462952
3.9261165
6.4678477
1.9291603
6.8484192
3.2480032
3.0328747
3.5959642
2.9246783
1.6874842
2.1757968
3.7308026
3.0924412
2.1986495
3.5525471
2.3015532
1.4392362
2.9938712
2.2697758
2.1413443
3.0782963
2.6897188
3.3412001
2.5068903
2.4214006
2.3356109
3.0348940
1.9251778
2.0257965
1.8030401
0.2831344
2.0115229
2.8243962
3.1177465
1.4878774
3.3216347
2.2006976
3.4969916
1.0089942
2.1616885
1.3463565
2.7169245
0.7210839
1.0052929
1.1697807
1.8874863
0.5721423
1.7246357
2.2231262
2.4164946
1.1445135
3.1034972
1.4161556
3.9246957
0.9299632
1.7582509
3.7273067
2.6950348
1.6791453
2.8219836
1.4059718
1.7656086
0.7305380
0.6906868
2.7711196
0.9018219
0.8851254
2.6419373
2.4143087
1.9946493
1.9100589
1.0505359
1.1314000
1.9121172
1.5828019
0.8438444
2.0841843
1.3676539
1.7385267
0.5243563
0.7518130
1.4817972
2.5288011
3.2181339
0.9539489
2.4844584
2.2446594
1.7073605
0.9123905
1.6833652
2.7171331
2.8828292
1.1151023
3.0016804
3.7767574
1.9711307
1.9415948
1.3752743
1.6325224
0.5086667
2.8087786
2.7858579
2.3847405
0.9562063
1.7894818
2.3264316
1.5142961
1.5476630
1.7709102
2.3697947
3.3752828
0.6831679
1.3103859
4.3199072
2.1796090
2.8032195
1.4403032
2.7762526
3.1395872
4.5790267
3.4804397
3.9278306
2.4913184
3.7408782
5.2385555
1.2969527
2.6278071
2.0203647
3.7381808
2.3560948
2.8779427
4.5738659
2.2317585
3.1013659
2.3057201
3.1610873
3.7474349
1.7434448
2.2034459
1.4340704
1.4201772
2.9524162
1.1629319
1.9031920
0.8273237
1.1113886
1.2615237
1.6484821
0.9622793
4.3123927
2.6859122
1.3975010
2.8388883
2.9999158
2.1545399
2.4357702
2.5141135
2.8051449
0.8615426
4.5898195
3.5606590
2.4128469
2.9442927
0.7762782
5.2919558
2.1953899
1.7887852
3.5334746
0.5919512
3.1677075
3.6354260
1.9719229
4.1540101
1.3691136
2.6299688
1.6599402
3.4376040
2.3214897
1.2897928
4.1790939
2.5632368
1.1178384
3.1978488
1.6908434
0.7184858
2.5470510
1.8565414
1.1136648
2.0641905
1.2595486
2.2062704
1.4815899
2.1976257
0.5621292
0.6031668
1.3833979
1.9266351
1.4887895
1.9221960
3.6403950
3.6416496
1.7160322
5.1135255
3.2389657
4.2445878
0.7005769
2.0675461
1.5126153
0.9691053
1.3743577
0.8148503
1.7910980
2.5356590
3.5045567
1.6269762
3.9662070
4.1963788
2.6455271
3.0129677
1.5790920
7.8870373
2.5615924
2.4298632
0.9109849
2.3172114
2.9110107
0.6426497
1.3839878
3.5729766
2.0202139
1.0085626
1.1625370
1.1113020
2.9408428
1.7536739
2.1155601
1.5907381
0.3170027
0.8783285
3.1821815
1.8958647
3.0989146
4.0090790
1.0556057
3.0535557
1.8190629
2.1583269
1.2500675
1.6096827
3.0399092
3.0114600
2.3494735
1.5717866
1.7314462
2.7407712
1.6454560
0.6577430
4.3875489
2.0591596
1.4808602
1.5380516
0.7129600
1.5789577
2.1726845
1.3165980
1.4074845
1.4960888
1.3087068
0.9580411
1.4282847
1.0967686
2.8692807
1.1527091
1.7454978
1.5777554
2.3556513
3.5416407
1.5866732
2.3626937
0.8774048
2.6569146
1.2513936
1.7602680
0.5681731
2.8505834
1.7598048
1.6272692
1.4061814
0.3070580
1.3734259
0.8027934
2.6908930
1.4250777
1.6143591
1.4325931
0.9216829
0.2961005
1.2994443
1.2093945
1.4550220
1.1444775
1.1782008
0.9925779
4.3593471
0.3883639
0.5804414
2.8560868
1.6608917
3.9515387
1.3200291
1.2358801
1.8871507
1.5752445
2.4926119
2.0425305
3.5344091
2.1345844
1.0185027
1.9018455
1.3300774
2.9256054
3.0662352
1.6028325
2.1559190
1.2525681
1.4057744
3.3212893
0.2167196
4.0927534
2.4002409
3.0493938
2.9028767
0.6563442
2.4360956
2.2570470
2.4652844
1.6758036
1.0800944
0.8909229
1.2509987
0.9715258
1.8267737
2.0893155
0.7305048
2.3948645
2.7058962
2.2217166
2.1556492
1.2437731
0.6352782
1.5766054
2.0737120
2.0004903
2.4202447
1.6733228
1.1080228
1.1042606
2.8712314
1.3441946
1.2486918
2.2596844
1.1514565
3.6442196
1.6023928
3.8016037
2.8384337
0.6894186
2.4528596
1.2756763
1.9544923
1.1611859
3.4356433
1.9548836
2.3595095
2.9717812
2.4487922
1.2062106
3.1492973
1.9850039
1.2660212
1.3074129
2.2253875
0.5965427
1.3856821
2.1105899
1.1883513
3.5057516
1.1165539
1.9581638
2.6619611
2.6929319
1.9187743
2.8051946
3.0843639
2.1898252
2.0998715
2.0053739
2.9260594
2.2038825
2.6526700
2.8779192
2.4522932
3.6196219
2.7415295
2.5992321
1.7214529
3.0957933
1.7319003
3.4283135
4.6090713
1.2226391
4.1417651
2.7202005
1.6757620
3.7555408
1.7035494
4.3850740
3.5553412
2.1350472
2.8716122
3.1378002
1.5003202
2.2526131
2.3663005
3.6601042
3.6583006
2.0382196
1.2612395
2.4054068
2.7848694
2.0387470
0.9603282
3.5668345
2.8616168
3.0769924
2.9664236
1.7448588
3.4027138
1.2236626
2.6533760
2.5494947
0.6640245
2.7014746
2.2157677
0.6172271
3.9503728
1.0370622
1.4657666
1.7517397
2.0223351
3.7454107
2.1853497
4.8360363
2.9202343
1.9834654
2.3031414
3.4849603
1.2043179
3.1528441
0.8578006
4.8002199
1.2973551
7.3405960
5.7373467
2.5655998
1.0621287
1.1592574
3.6466918
1.8773834
2.0859496
4.8670577
1.2202294
2.9077773
3.3871999
0.2647708
7.2219945
4.7050184
2.5790495
2.3405631
4.2509555
3.2818626
0.8693812
3.0090044
2.2272005
1.5465077
6.3500447
0.9996077
0.9553865
1.6412406
4.5826285
1.3303760
1.9995896
0.9287484
3.0708284
2.5222768
3.1159951
9.5561783
3.0157659
2.8085042
2.2796446
4.7825775
3.3703328
2.6068584
1.2689217
8.2110598
2.1340732
1.7965422
3.7315547
2.4881854
2.1198363
3.5350090
1.9585304
1.9401811
3.7558823
3.2791497
1.6429933
0.8605609
2.2066320
2.1932861
3.2544142
0.7867894
1.0848779
3.6978677
1.0719007
3.2360661
1.2795863
3.3280147
3.5567305
2.9481239
3.1708739
3.4488332
2.2244957
3.1463939
1.0218404
5.1134694
1.1232248
5.1173303
2.3480272
4.4363096
5.1094499
2.7746643
5.5666860
5.6905221
3.7813258
4.0934823
1.7938004
4.8027757
3.7007261
5.9145247
1.5037172
3.8050303
1.9974255
1.9604698
2.4642683
0.1571801
6.7490805
1.2273430
1.2013052
0.5661754
1.8969666
1.8453621
3.6378884
5.9070550
1.9722101
6.5226905
3.7913029
3.0645486
6.1177710
6.3071954
1.3994978
3.3479135
5.4727393
5.9813310
2.8347808
5.6946622
11.4172347
1.9113054
3.1635440
4.5516913
8.8677160
1.4030279
4.3372433
2.4778025
2.4819699
4.3463536
7.7790134
2.2543255
1.4589544
1.6102216
2.2324881
4.1438284
2.5620101
4.1028107
2.1988420
1.9905381
4.6007458
9.3337151
0.7037844
5.0611508
5.5251465
7.0655185
6.2200624
8.0273291
1.4602911
1.8170394
3.6991327
6.5318411
2.7488648
4.6637571
2.6362716
2.1503088
3.3992805
7.0669572
3.7475714
7.6115870
3.4404204
4.6565003
1.8318349
6.7446733
5.7856843
1.7882831
2.2171737
3.7562542
1.4381044
1.5206413
1.3426240
4.7137200
2.3983555
3.7156296
2.1791798
12.3954743
1.9513085
2.6997716
4.1719647
3.0054168
1.6541778
2.7617067
7.4931889
9.8929802
3.2971260
7.6814141
2.1908793
3.4340551
1.3306113
1.5733023
6.9452888
1.7353102
4.5376968
3.5202936
5.0518719
5.3765289
12.0509638
2.3013518
8.3500316
7.5858529
5.1020881
7.7382668
6.9871502
3.7675236
1.2983662
5.8626838
5.5530978
3.2346792
4.2144908
2.5790560
11.3575139
8.4590226
3.0613110
6.0722501
2.8473815
4.0399040
1.6920295
3.2686710
3.9444075
3.0653789
4.0550810
1.8931078
3.6313025
2.1735972
1.2159610
2.0093176
4.9036484
2.5852134
6.8306631
3.0486693
1.4371194
1.3437277
4.6147115
2.6749281
2.8838507
4.0598086
3.3947871
1.4108247
4.4797668
5.7592764
10.0280650
3.6352089
1.2585461
4.7261405
1.3210537
2.7325029
10.6281608
2.5306726
3.2586702
6.3122206
4.2485611
7.5496841
1.8356633
4.8183973
12.3403321
7.8370336
2.7169424
6.2262592
5.4415420
19.3576985
10.4756227
18.9500149
19.3074906
4.9368308
6.3872036
6.4576024
3.8317075
42.2975959
2.1693657
1.5229091
17.1739644
4.6606267
15.9608283
4.3437639
11.0464565
3.9730981
12.2255731
3.8903040
4.2206575
2.3282911
4.7375793
18.8337139
8.4685906
8.3203372
9.8015160
2.5837129
9.0685262
0.7948224
22.1818443
4.9234771
24.0681455
3.6884184
12.3671316
2.6231864
2.8378203
2.0683468
4.9094885
21.4633361
9.2436353
11.7242071
20.4915707
38.5196983
10.7672849
22.2199300
9.4106948
7.1136954
27.5198923
2.6041571
2.0880318
3.7596789
10.4837124
6.9856390
15.5079646
7.0275647
4.3099459
22.9387209
3.3894890
3.5110069
5.8762704
2.6261142
11.4381461
4.4722259
8.3436435
9.6161618
2.2854519
14.3435673
13.2307760
3.2733093
4.1860100
9.4626981
5.0014652
2.0246759
5.8325351
6.5816690
1.7222288
3.9152495
9.2843286
16.4261148
2.2539822
2.6278930
3.1810535
7.3218514
4.1435473
10.5639020
4.3082995
0.6360238
13.4729220
7.0704256
4.2169827
2.4708066
2.1359068
1.8365336
9.6030690
6.7874018
5.2388783
4.4301395
5.0592744
5.0900264
10.0406932
2.5498028
4.5077099
11.5773695
4.1333171
2.4086744
23.0269065
1.3613548
4.1761033
8.4138684
17.3686211
2.4127900
5.1076854
1.5819469
3.8270229
14.8313054
13.5593144
4.5381098
1.3920559
7.0277304
5.7818155
2.0150214
3.3693645
5.7175673
3.5094591
2.6381807
5.8793662
9.2217077
2.0813250
4.8626727
7.6028816
1.2698171
4.2398767
4.5703062
4.5301009
12.2437347
16.7012748
13.6561129
7.1245106
3.1262187
10.3896101
1.8906954
6.0479929
5.3537371
7.7585159
18.2384786
3.9420245
6.3387818
6.5787114
11.9121171
2.7728998
8.6801573
1.5970645
7.1776066
4.5811992
11.3548911
1.9758726
6.1349443
1.6583160
1.8789083
17.1441158
1.2334532
5.2112658
23.5738864
56.1922964
4.1803063
9.3156362
19.1359280
4.0721241
19.6331340
4.4697074
3.4519033
11.1034052
16.7221952
1.4418424
6.6181624
10.1430753
2.7020069
7.5192294
2.4797560
8.5852724
6.5132898
12.8036339
14.4625254
7.6831291
11.6520866
2.7288033
3.8947390
4.9120762
2.5700278
2.4729617
7.1569698
8.2731669
3.4961527
5.5266643
11.7435199
2.0204342
7.1661148
9.2030190
5.3834553
4.3694657
2.5576895
2.3423463
4.5584039
2.9603817
4.8915638
12.5274792
5.1414942
8.6441704
3.6438499
3.1914204
5.0331720
5.5177386
1.7526843
2.9847154
2.1973902
3.9503424
7.0321020
4.8584406
6.7574488
3.0610458
3.4245976
3.1765456
2.9540416
5.4819888
6.5739611
3.2792823
2.5589765
3.2985973
3.1010080
0.9997740
3.1906741
4.5032116
2.6590877
0.2749703
7.7674814
1.4635648
13.4620033
4.2729743
5.5355699
3.2190201
4.6829855
5.2232533
3.3356430
4.6582552
1.4536290
1.6274245
8.9692684
50.3522199
2.5164158
3.0999901
8.5418159
3.4093707
3.3131997
2.4151102
2.9192226
2.8741051
2.6492288
3.2050269
1.8283337
5.2773511
28.9859141
4.7585442
7.5594073
3.9318668
2.5551585
2.6780113
2.1557151
4.0021963
1.6248713
1.7222006
2.2845357
5.0528860
3.5404059
3.8679736
5.7072594
4.1325255
4.7959399
3.5338017
2.8904542
2.8622382
4.0603913
4.7689648
0.9885505
4.8941023
5.0434678
5.0968059
5.2928234
4.3346810
4.5985397
9.9364113
1.7256801
5.7079410
2.5965525
2.9224958
2.4702982
17.5887443
4.1589333
4.7006278
3.1360676
1.3297381
2.1825293
4.2626018
2.1901892
6.4861198
2.4259996
7.4774072
0.6729225
3.7995950
2.2211195
1.7435233
0.4254228
13.6221608
0.4167325
2.7570459
4.6448940
3.5869271
2.9295685
3.2098590
38.6794490
5.6425209
3.4926351
2.1352380
5.4127949
4.5789035
5.7198661
4.1666206
19.3960828
24.1486412
1.8148299
6.5008960
28.1102978
15.7801723
1.9608753
3.2108474
5.8642648
30.3224757
5.8228676
5.0836471
4.2967134
1.2821922
4.2159947
8.5018080
10.4639627
5.2026184
3.5506247
2.8635811
7.0320784
2.6688309
15.9231508
2.7696573
4.0161572
3.3357616
2.8267774
6.5325328
11.3621922
5.7254064
10.8373508
26.7790776
1.7743303
1.9279521
4.0716298
11.5693952
3.9695009
3.1365585
7.4951612
4.7647573
2.4620217
5.6115603
1.6998616
4.1375066
2.6520389
7.4807553
1.5737884
3.3869393
3.2997505
1.0328316
3.8731419
6.0468956
1.1475211
3.5956824
2.8161753
6.2366317
1.0952356
4.1574516
0.8884872
3.6043872
2.7632281
4.8017015
3.2533694
1.8833772
3.8295781
2.8306414
2.8108806
2.7616774
7.8658678
3.8384441
1.5593985
3.5928296
3.3678179
2.7365184
6.2859875
2.3041177
5.2469288
6.0826786
2.2749602
3.7774087
4.3573456
1.8995499
2.0099988
4.6371791
3.2293446
4.6191407
4.2862174
3.2563592
5.8860703
2.5183577
6.2979861
1.9740657
5.5803071
7.6893865
1.8278542
1.4509203
4.8999467
1.3781904
2.4151821
1.9429704
1.5044197
3.7807401
3.4169035
6.4515843
4.3692626
6.8977256
3.3463643
5.3688835
18.4428872
7.6464891
5.8140194
2.8354682
3.4002850
4.7528348
4.9703963
1.8798295
1.2631212
2.8857014
0.7889605
6.2042580
2.4479716
3.3469415
2.7459047
2.1834980
2.8963905
1.2994813
2.0548723
1.3023088
2.6749697
0.8674700
1.4343923
2.2967166
1.5870979
1.2653612
2.3581592
5.1555717
2.4015655
1.5263929
4.0528960
2.7391677
4.0583315
3.5899208
2.2033673
2.0079678
1.6193940
2.5307950
0.2890505
2.5810729
2.0860104
1.5022260
4.9141514
1.8459533
1.7860350
3.3256938
2.1077838
2.1869151
1.5320710
1.5503776
3.8772183
3.0436049
1.8505281
3.5080249
1.4127573
3.5387521
3.8767833
2.3514050
2.8166731
1.3335515
2.8496416
3.0834426
2.0746718
1.2625446
1.4528174
1.7654498
2.2385773
10.0349011
2.6830164
1.1184671
2.4085218
3.9542214
2.6380541
2.8883553
5.6881124
1.1696790
1.9829328
3.3939931
0.9481270
1.1861384
2.7303220
20.5261271
7.5494680
130.9128620
2.8855669
4.9636112
1.3521413
5.2432893
1.2931838
2.9694006
4.1586155
1.6817454
2.8130495
2.0294293
3.3306044
2.1137367
0.6799470
2.0311914
2.0019018
2.6876558
2.6666905
3.3287001
2.7975618
3.0569945
1.7814566
4.2637034
6.0709417
6.1881515
2.9299247
3.5865646
4.0013397
1.4424920
2.9935802
2.9963776
4.6239154
9.6020902
1.4629366
7.2023445
3.7091426
2.3985984
3.2627332
4.6456595
1.6621172
1.3803449
2.9085872
1.8187043
2.3546457
2.6499886
1.7051468
1.7860937
2.9989062
3.5533235
0.6513087
1.7228734
2.8560389
2.1481157
4.9188835
3.7072215
2.1107792
2.9314347
5.8891571
5.8939194
7.9051316
2.1330772
1.5240486
9.5798748
2.5311140
2.8196820
1.4187612
1.8239809
0.3755867
1.5045837
2.8755621
2.8103471
2.7986246
2.9175412
2.3788894
4.4364233
1.6098982
6.1163067
1.3188392
6.9573023
1.3012323
2.2621345
2.9120069
6.3668866
1.9796119
4.5646774
5.0924202
3.6792613
2.7204321
4.7885035
2.0135439
4.4836911
2.8089664
5.8329294
0.9897179
4.1946230
2.3764012
3.7261636
2.6546466
4.7442462
1.4058126
2.1318228
5.2974462
1.5382712
5.6573619
3.5705468
1.9365727
3.5347286
5.7335717
1.6659103
6.0278816
4.4143369
2.7779269
1.5609440
0.8726160
8.6552784
3.6125695
4.8325409
2.3640398
3.4290979
3.3639045
1.8392507
1.9191104
3.3089921
2.6493906
6.4819368
1.3717848
2.1714797
2.0425873
1.6692604
3.5673359
2.2053956
4.1776356
4.2099212
2.3990263
2.6308972
8.2765221
1.3826774
6.5619896
7.9678938
9.7868452
6.5937585
9.9515240
5.3515333
8.2510379
6.4524024
2.7987637
5.6487093
4.2790045
2.7347526
1.5857182
1.7817788
2.1024780
2.6907763
3.1564418
11.9861104
8.6691642
1.5487831
6.0828265
9.8788395
7.0176891
3.6115025
1.6582267
2.2902961
2.5620838
4.5918185
1.7822823
2.6073235
6.0093361
5.7663586
2.1523359
2.4720545
4.4836099
3.0691862
1.1668909
1.9893094
4.7940489
3.8913092
4.9767975
3.1186938
1.9207823
3.9390714
1.7646640
0.8736110
4.5179474
2.9341458
6.9781563
2.3356474
2.2147011
4.0066743
0.6855607
4.1489348
8.0384377
2.3740575
2.1263751
3.6557837
4.7804060
1.0538170
2.1561880
1.9667429
4.9668976
1.4824228
1.8530849
1.7880498
1.5493940
4.2185277
3.0813244
4.5910831
1.7743993
1.5007643
1.9476571
4.0192566
2.9572513
3.4079882
3.6896871
3.9922165
4.7704465
4.5791686
5.5260085
4.9036176
5.8849254
5.5735445
4.2327325
5.7109556
5.0081359
4.9202665
3.5352190
2.6648522
1.3841627
1.5149803
2.2698405
5.6565745
0.5506462
7.0443630
4.2273117
5.0953251
3.7189563
7.3268740
4.1050101
2.3234720
2.7493988
5.3119219
2.9792453
2.9084656
0.6115117
3.6425969
4.3782725
0.7135686
2.5931622
1.8812318
2.9305023
2.5306760
4.6184674
1.4634188
6.9564625
3.2723944
4.8902998
1.0754831
1.8462101
2.7183500
3.2634618
6.3064378
11.2109318
3.2742299
2.8137911
4.1613831
3.9752914
6.7553222
1.4554853
1.2368628
2.5168310
2.4553915
1.9555934
3.1189493
8.1615620
2.5663721
2.8504650
4.9873594
2.4761871
3.7149790
1.9397599
4.7983833
5.2025599
3.6076749
2.3796766
3.2668279
2.2520573
7.8895021
4.8101396
2.1416831
3.0065610
6.6442183
5.2847070
2.4902925
2.1370329
2.4096014
3.2552649
2.2691605
2.7308760
2.2809373
2.9865222
2.5624517
2.3028663
2.1262719
3.8364117
1.8690292
5.4846624
6.4671913
6.1468740
3.8914927
7.4738641
9.9282375
4.7021702
3.9871836
3.8927413
2.9878492
2.2663060
2.2983613
4.1267011
1.4276085
2.1730378
4.9510871
1.9287528
5.4741080
1.9815208
2.7072891
3.2140135
6.9594761
1.6333411
3.7116744
1.5402042
3.0277477
2.7676540
5.6478419
2.9200767
3.9043247
3.2603283
4.7231700
2.1747854
5.2835252
4.1595494
14.2725262
17.8464486
11.1706877
2.3876421
5.6812112
1.6363755
16.7307686
6.6087156
2.9121579
3.5842647
2.3996751
2.8837581
3.1193160
1.5466254
4.7939009
2.1914502
3.2807611
1.5275116
2.5312004
3.4841951
1.8029263
1.9907224
5.2916544
2.3573337
1.6876899
21.3743868
4.2540683
4.4281704
1.9466159
5.2683392
2.3069812
3.0697000
0.9859799
3.7998054
4.8254765
8.0846306
3.6273182
3.7858133
4.1787875
4.3804581
1.9350069
2.2906433
2.8869679
11.2627491
5.8541586
2.4101394
2.3358194
1.6305251
1.2334004
1.8051134
2.0754641
3.0852589
3.5458995
6.4228602
4.5274330
1.6052472
3.4550527
7.2717507
5.8347639
3.0830328
1.9407408
3.5207652
3.6747911
1.2495565
3.0917797
3.5012207
2.2297386
2.1353141
6.1248261
1.4151131
1.1507136
2.6558119
2.0884412
3.2992617
3.4761450
4.1572697
3.4016335
4.3573074
2.4262691
5.8254436
1.8761987
4.9876327
1.7883734
4.3454482
2.5874363
3.2740700
6.6429914
4.2984241
3.2587261
2.7984038
3.1002340
2.0293578
4.2957167
2.5640117
1.1794276
1.8246912
4.4363142
0.8591611
1.7207810
2.0624613
1.2056214
4.8167863
2.8459034
5.1862856
1.6355696
3.0212349
3.0065406
0.5771824
5.9092574
0.2817868
2.4624500
7.2141795
3.2676935
4.3871590
7.3931612
3.6724940
1.0455839
5.6096290
1.2628407
4.2950813
3.3880356
2.7241953
3.5031575
2.8315721
3.8226065
12.0577302
4.6917843
10.1455664
17.3586772
5.3704844
1.6467741
1.4298547
0.4363175
5.2337331
0.7897407
2.4660240
3.5994484
2.5954180
3.8917367
2.5705868
2.5350381
4.4488023
4.6135763
3.4624838
5.1306821
5.6002670
2.2133287
2.8700487
0.6228464
2.0985925
2.5411614
2.2698721
4.2540171
3.2891213
1.4178572
2.1899840
5.9749126
3.8448853
2.8602608
3.6594779
3.7900287
1.4851893
6.0059922
1.8402219
2.6160951
0.7843344
3.1397272
0.9116831
2.0025952
3.1310305
3.5603074
3.3650013
2.6979730
2.4327399
3.7829044
2.2782288
2.5636502
2.9838396
1.9977491
3.1656163
1.3260698
1.1297324
4.3219811
2.7639594
2.5062076
1.3670142
1.7154319
3.0345180
1.6953003
1.8588645
1.6868099
1.7090586
1.9949586
1.7334606
0.9134398
1.2940967
1.0292736
3.0393518
3.3377575
2.4081914
1.9026788
2.1984117
2.9147778
1.7701659
2.4441862
1.7106583
4.1964855
2.2684655
3.9264969
2.6607141
2.0195470
4.3568159
1.3579378
2.8546609
1.4684884
2.9191338
3.2199440
2.3427369
1.3570449
4.1530812
1.8021323
2.3449587
1.4070788
1.3697088
1.6471319
2.8559517
0.9489807
1.0675987
5.7568144
1.7903950
1.8594177
2.3060964
1.3831221
2.8465930
1.2875685
1.7354832
1.6397872
1.6111667
0.6630891
0.2858365
2.8000431
1.8557344
1.6988068
1.5445804
0.6866742
3.3029015
3.5115126
2.2827463
1.9386365
1.2438538
2.2058176
2.4149916
1.8698768
2.6434401
3.0063759
1.8971016
2.2018528
3.6765264
2.0049138
2.7475086
3.4339477
1.4054895
2.2260828
0.8953975
1.3101087
2.3719481
2.7209896
3.0500389
1.2543255
2.2510803
3.6950929
1.4457526
2.0049586
1.8154007
1.8853914
1.0421793
2.4023197
5.0283796
3.8944387
4.1903649
4.5577117
1.0495347
4.2849697
1.9434987
3.1355188
1.9089484
3.6311808
2.4294097
6.1274510
1.7611830
2.3255395
0.5189638
3.0190330
0.9744740
5.1630826
1.4621433
2.5089480
7.6387155
1.0256615
2.0838775
2.0066712
0.9650322
2.9522800
2.6924330
4.7019242
1.7402763
2.3662802
3.4389987
3.8354462
4.5560178
4.6350085
3.5149834
5.1210020
4.4291852
3.6829345
3.8831573
3.6941349
4.8296189
1.9390258
2.4350370
4.6893451
2.8568273
4.5817734
0.9536478
2.3771101
3.3038797
3.0604676
4.2356958
2.4289456
3.8280281
4.5019064
3.4656573
4.3171366
2.6391110
5.9201392
2.9436272
6.1405907
8.7674104
4.0244538
4.8789755
4.3004413
1.8812255
2.9424218
3.9219580
10.7248140
12.4183208
5.1110809
5.3312251
1.7716288
5.5268618
13.5075425
4.6387555
2.9713286
5.2659363
6.1434743
3.8879342
7.8926946
2.5643962
1.3608183
1.7444253
3.0539895
6.4324344
2.5052813
1.7651147
1.9131889
2.1862026
4.3379567
1.7733652
1.3150484
3.2455004
3.3899582
1.8720937
1.6625409
3.1863361
2.6963512
1.5223729
3.8641780
0.7356149
3.1567143
1.8250593
0.9730077
2.3495992
4.7329488
4.5610005
2.1872759
5.0290566
2.6759596
4.0801285
1.9675033
3.8313400
2.7308004
2.5394144
2.4037642
4.3032089
1.5992934
0.5431555
2.3852227
2.0722184
2.1768104
2.1558705
1.9297358
2.9957528
3.5176742
2.2346170
1.4254700
3.5608236
2.7380333
1.0583979
3.6098457
6.2390783
1.0602615
1.8654542
2.0160788
3.2794023
2.1688062
4.3508626
1.8290469
1.2012521
2.3077014
1.3540181
1.2748146
0.6821552
2.4339107
2.1613218
2.2954120
5.9852878
1.1939895
2.0230428
2.3277827
1.7158670
1.9713512
1.8791071
3.1790662
1.4495443
1.8633184
1.3258717
2.2012225
1.3088940
1.8384631
2.6424426
3.2159790
2.6075874
0.9113501
2.9546723
2.8305970
1.6112243
1.1846299
2.0435289
3.1127663
6.0298643
2.9336757
1.3585091
1.9752974
1.8803306
2.3094770
1.0951242
1.2968701
2.0023415
3.9125841
2.6858644
1.0207731
1.3923827
2.3037304
3.4142335
2.1035386
2.7960696
0.8864956
2.7535351
0.9621776
2.5896620
3.5205605
2.0811762
1.8327530
3.3254313
2.3980850
2.6824738
1.9459797
1.9441716
2.4992689
2.9001499
3.9851739
2.6777527
1.6390117
2.1473692
0.7037108
2.3265917
0.6247110
1.3310858
1.6370657
1.1064971
2.9466231
2.1128795
1.9532600
5.7771243
1.9373487
4.0088056
2.0419980
1.5109424
2.3149726
1.7607551
1.5962725
0.7708905
1.5291991
2.2458860
1.9379112
3.3064019
3.3877587
2.6109294
2.2376012
4.0407265
1.5315983
3.7458079
0.9236444
1.6268461
2.1480632
4.8828831
3.1718958
2.4891919
2.4472965
1.1830904
5.5890832
13.4554120
2.0764483
2.2732817
2.0404982
1.6422588
1.2468862
1.8402480
2.8114955
3.9900813
3.6406347
2.1993665
1.1188083
6.0432121
2.5531672
2.8047908
1.9790452
1.3955737
2.9738255
0.7991291
3.0861013
2.5418314
0.8411329
1.0486778
1.7937309
2.9506806
3.4476353
1.7391225
3.0657291
1.8280178
2.0144097
1.4739244
1.5110163
3.9051876
3.0334528
4.0882900
2.9887307
1.1130431
1.8141829
3.5224273
4.9975064
5.2494455
5.3879189
6.6497351
3.2100804
2.6031877
4.5681030
1.9603794
2.2879304
3.0940273
5.3342988
3.5090119
10.6542550
9.0450225
3.5017374
8.0350063
9.0055521
10.5765283
8.4586095
18.6169498
5.3398756
3.8393270
11.7392567
3.7783356
2.4696720
3.6962358
3.1057344
1.9066851
5.9776100
1.8713372
3.5530740
2.3285711
2.2127115
3.1717452
4.3185866
2.7760342
2.6338038
5.1460701
2.3971995
3.4432814
1.7283021
2.2067140
2.0527430
1.6770864
3.9781583
2.6197197
2.7277264
1.9286446
8.7784690
3.3533585
1.7476253
7.8894549
3.5149870
2.0000915
3.8722743
1.9570600
1.3649389
1.1047812
2.1326621
1.6470566
1.9954580
0.7446812
1.8016795
0.5981930
1.9036030
2.0066514
1.4128043
1.9925670
1.3534571
1.8473570
1.8903214
3.5623476
3.0696042
0.7533881
1.0309003
1.6028819
3.1755829
1.2321870
3.4721668
2.6281410
3.0387480
2.7633581
1.1138710
7.1205845
1.4856238
2.6736668
1.2119167
4.5533609
2.7706420
2.9857927
2.3226399
1.6246572
2.0975264
1.7516932
1.1576785
2.3897981
3.4328122
1.5237691
3.9375769
4.1679291
3.2566145
1.4290397
2.0458156
5.0031799
1.5737316
2.8143774
2.8241123
0.4371448
3.2543689
2.5384109
1.7362300
3.3131813
0.6581466
1.4772906
1.2969715
2.6938785
2.1306368
0.8238042
3.0314882
4.8183363
3.3772178
5.6398990
2.6104953
3.2781009
1.8740442
1.3363786
1.5569472
1.1490454
2.9829361
3.2278141
4.3113475
2.8839435
2.5943600
1.4949849
0.6302511
3.2828903
1.7485552
4.7245930
3.7087254
2.2328245
1.9608182
2.2917279
4.3223536
1.7150889
2.1375986
2.6902358
2.5214066
2.0536489
3.9279901
1.5917619
3.0369582
2.7073170
4.1482817
1.6565913
0.8849959
5.5613143
1.6461032
3.6157417
1.6576073
1.7783097
2.8888820
1.1229583
1.3464967
3.4485590
0.9994989
2.6112730
5.2745328
1.8760296
2.9481767
2.0323865
4.2557790
0.1971964
3.0211506
2.9226535
1.7636396
1.9435874
1.3306772
1.1065802
2.2627316
2.2272042
2.5240940
2.0136957
6.4787063
1.1079831
1.3547568
0.7950946
1.8911585
0.7605753
0.4954693
2.4697309
1.8643500
1.8000372
5.0598290
1.3186003
2.0405919
3.2656877
7.1650857
1.5880191
3.6995735
3.8485347
1.7787481
5.1078983
2.4013080
2.0668471
4.7387928
0.7780433
1.3701066
1.6374480
3.0345336
4.1104372
1.5722911
4.7340508
2.6182896
0.9732823
5.1499013
2.1423082
2.2441007
4.4394371
3.3735014
7.0750947
2.1302752
1.0354428
2.2222656
9.5657131
3.2350776
3.1932897
1.4996206
3.5144532
3.5025344
3.7848925
3.0270713
3.5935593
3.2632877
3.3214498
2.7820279
2.3543491
3.7089205
3.7699612
1.3807868
3.4538603
2.0108297
9.7914649
1.3760742
4.0510751
5.2857086
2.8526473
3.6530820
1.3804245
4.5604219
3.5141996
4.0398010
4.8601768
4.4786899
3.9799053
3.8866899
2.3231769
3.5904732
3.6732742
2.3336148
2.3009599
6.0478228
5.1850925
3.1973539
6.8468033
2.2921021
3.3716003
5.0792203
2.2417101
6.0935149
2.1822905
2.8170154
4.3359791
2.2742287
3.5101039
4.0585078
2.7335380
4.2131729
3.1065313
5.0387496
3.9410056
2.7007620
4.4419347
3.7732829
3.9664122
4.3535502
4.1707083
5.2645756
1.4480942
3.1549084
3.2633462
2.2121807
2.8376663
0.5607890
3.6195693
2.6930791
1.7587512
2.8418841
3.0112972
3.5997733
4.4198902
5.4660237
3.0294004
1.4988274
3.8461318
1.7050644
5.4540143
3.9670266
2.7072862
2.4126203
3.5543570
2.2012895
3.3394001
3.5641991
3.6944123
6.2733502
2.2642266
2.8334583
1.2183620
5.6084032
2.0890633
5.4935122
3.4186659
1.9374979
3.1179157
2.3554219
2.6665398
4.7748142
2.1081428
3.4168753
7.0364674
2.8275182
2.5011513
2.3650377
3.3061610
3.6925756
2.0002930
3.4774427
3.7312777
4.9890595
1.1263858
8.5726911
2.5670291
1.1789532
3.6593914
1.7618699
2.9844756
3.3709601
2.3127837
4.0192542
5.4268138
4.2930471
3.1574569
0.8552391
2.2731136
1.3514580
4.3819185
4.2432329
1.8507472
2.6937739
3.2186513
1.0956566
3.4211933
3.9252193
1.7592057
5.8415061
2.5403476
3.9655501
4.3202261
2.4886633
3.8021086
2.3834047
3.6942161
2.4114388
1.1888109
4.0067927
0.7083188
3.3326235
1.5435204
8.1946021
3.7972736
3.6647309
2.5053297
2.5018738
8.3579313
6.0993214
3.1590768
3.8031865
1.8274937
2.7115535
16.5037487
1.7182234
11.9618312
10.2224398
2.6433126
3.0090542
6.4350592
3.0995954
3.6266366
9.0731907
4.4818271
3.6237939
2.2961355
2.0083395
3.8591343
4.8599382
1.5016506
7.1882623
1.7682899
6.9049772
2.2136148
2.6377543
13.9345231
1.7661987
1.5479258
10.7797073
19.4844788
6.6124229
10.6352753
8.6838374
4.9242036
15.4564876
5.9470611
5.4438724
10.7776293
1.6603736
18.7159024
3.9574489
2.4487884
4.4636759
5.3835808
10.4266340
3.7488192
6.1128858
13.2014377
3.5407244
7.4305277
4.8396394
2.2034927
4.1489981
5.7147234
5.1367096
10.2490937
4.9055120
3.1159921
5.7682768
4.3584833
1.3940690
5.4884791
1.7701516
0.8662199
3.3203203
1.8309755
2.1315342
4.5401670
0.5540924
3.2741212
1.1334508
1.9160883
5.1566299
3.3697696
3.2758885
6.2789818
6.1377826
3.8266472
0.9962787
2.2895744
3.5519784
2.9066102
2.6206766
2.6345186
7.4345667
4.3738197
1.8360063
1.5228372
5.3713226
4.0674578
5.1097964
0.8024929
3.6533062
4.9416356
2.0385739
2.6252512
2.1251812
1.7113792
1.6644152
0.5401198
4.9855368
1.3300331
2.5315197
2.8551635
2.0188754
3.6549082
4.1521855
2.5772946
4.2807800
4.6319653
3.3365873
4.6986904
3.7805198
6.8331842
1.5966085
2.7915454
4.8242084
3.3488111
6.6805971
3.8716501
3.3863672
4.1684781
3.1033037
4.8021202
5.2183605
2.4153428
3.9720895
3.8412656
3.8095897
2.2695336
2.9915518
1.2038048
2.8488925
1.4866096
0.9408042
3.6438377
1.7455532
2.1117418
1.5523933
2.6098024
2.6466072
2.1997065
1.4932284
2.3167525
4.6710745
1.2504663
2.5433428
1.0510253
7.1581461
1.4934792
1.4106065
2.7477589
2.2940828
3.3984899
0.6692716
1.5245781
0.5450459
0.1275897
2.1421651
1.0300824
2.4448507
0.6758408
0.5759890
2.5978537
2.2878394
1.1873742
2.6400233
2.5154705
0.9544460
0.5304180
1.4529166
2.3650870
0.7965989
1.2170761
2.3259802
0.7456645
0.2992325
3.1449828
2.1646632
0.3891252
1.1404800
1.6568885
2.1871041
0.6842546
2.7532415
1.3271711
1.5342728
1.1250553
0.7550933
1.0636483
1.5665591
1.7622200
0.7958712
1.8941177
1.6476221
0.9972131
2.7916191
2.4060893
1.9870302
1.5840147
3.6553418
1.9745210
1.5160237
1.8115234
1.7954231
2.2391533
2.4284217
2.1891614
2.5205531
2.0349373
2.5766366
3.2999704
3.0960995
1.0553022
3.1431014
4.1659428
1.3200588
2.2947659
1.5489781
6.9071362
2.9464137
3.4147747
4.1865099
2.8682407
3.6129194
2.2921639
3.5746760
2.7107670
1.7698904
1.0930576
1.3159660
1.0070472
3.1059498
2.4154314
1.4095183
3.8054522
5.3791789
3.0315030
1.7218447
2.1563356
4.5768466
2.7209210
2.7471606
2.9202497
4.1005329
5.2266069
2.2675900
3.2339119
10.0616361
10.8325736
2.5227172
9.6065113
3.5365680
4.6832906
3.8136130
14.7846354
3.4883106
10.3856932
7.0320612
2.6780137
1.0101393
3.6151567
1.7077806
7.0198929
6.2979285
4.3464512
2.6798121
3.3678307
2.4372773
5.1696474
2.2096779
2.6106217
5.4483905
2.0726911
4.0563996
1.0989313
3.1449144
2.4398263
3.1378363
2.7272429
1.5290062
3.1512761
3.0276802
2.6446321
1.0478589
2.4031601
5.8022283
2.8303183
3.8760069
2.5173761
2.4090305
7.2037968
2.6477317
0.8921604
0.8476095
3.4217815
1.4160127
1.3348275
3.8469020
2.6816484
2.8439756
3.5097927
1.0441642
2.4830685
2.8823750
1.9430046
1.4185417
2.9282965
3.7057062
2.3178357
2.4927701
2.7034126
2.9852884
2.1576262
2.8488630
3.7279894
2.4828946
2.8170257
3.4295561
1.9432945
4.3307502
1.5005228
3.0865307
1.0893529
4.2474992
1.5030509
4.2602009
3.1765998
4.0739315
3.2958181
3.7243782
3.9150253
5.1734659
1.0462461
2.8972384
4.4638889
3.3206954
1.5957656
1.7929258
2.3624825
1.5599502
2.8564833
1.9680295
3.0180283
1.2142580
5.1334956
1.3624512
1.3419355
3.1904629
1.2390630
1.0149462
2.1229070
0.1753514
2.8842153
1.3574395
2.9336187
3.4867577
1.4669351
2.6334494
3.9232493
1.4067830
1.2088684
3.1542623
0.9133334
1.6484358
2.2480247
2.1812494
2.7032601
4.3615650
1.3501007
2.9589827
3.7599078
3.0467809
1.0857282
1.6561571
1.3455129
2.0878813
4.0040312
1.0686384
1.1663212
4.7931671
2.3496739
1.9257878
2.1571826
0.8460459
3.8149071
1.1786042
1.7733044
2.8648032
0.7580622
2.7143607
1.0165708
1.4400882
0.8427648
0.9582957
1.2673633
1.0680148
2.7553872
1.3479821
0.7570777
2.4747520
1.4624571
1.9476666
1.7437024
1.7142973
1.7420225
2.4045141
3.9903308
1.7395783
2.1110874
1.7644125
0.8554962
1.6962178
1.8800500
1.0631678
0.9567434
0.5402864
0.4052321
1.9813996
2.2472572
2.8589514
2.8904271
0.1936901
2.4571348
1.2745923
1.9812274
2.0658590
2.1931866
2.4471477
1.6749044
1.6291461
1.9828088
1.2934792
2.4031423
1.7586564
1.4601264
1.8135024
0.7714262
1.7327530
1.2393296
1.3677976
1.9026391
1.3931696
1.2107712
1.6531750
3.8595070
2.1226622
1.4056026
1.5429507
0.9864533
2.3209533
1.8217068
0.8890896
2.6560117
1.7307905
1.3396831
1.3595541
1.0771180
1.7694812
1.5035833
1.8758087
3.7185984
2.3057117
2.5133527
2.0967345
1.8251372
3.2728480
1.7565992
3.0926443
2.3513724
2.3323259
4.1030272
1.9086210
3.5257019
3.2574515
2.8396379
3.3807292
1.9699183
2.1879824
2.3598388
1.8822062
3.1102179
2.8500516
3.1730601
2.7332471
1.6245654
2.5499993
1.9786667
2.8272262
3.2325921
1.6988432
2.0369840
1.1691541
0.3788656
3.2464444
1.2736116
4.7987920
4.3329996
3.5605471
3.8469672
1.8825411
3.9153739
5.3258741
3.3973120
3.6347928
3.1774069
2.6622940
3.0990167
1.5158819
2.4826447
2.8582632
1.1569326
4.4101368
3.0661358
3.3943370
1.7931077
1.6714661
2.9816367
1.7352590
2.8115608
3.5163893
0.5990486
2.6093643
2.4099132
3.1283891
3.0997326
1.5161512
4.9052706
0.8271683
1.3617122
2.2306300
2.7755520
1.7990452
1.4410748
0.9893118
1.6786410
1.2919240
2.6094837
1.1873171
1.6816973
2.6002413
3.2515096
1.6936132
4.6053144
3.1059945
2.2681807
4.4159909
3.5551527
1.9734205
3.0655635
1.2479465
2.5651331
4.2198314
1.2620236
3.7565413
4.9350326
2.4747679
4.0513828
2.6634255
3.5713370
2.6600814
1.6210332
2.4122922
1.4182982
2.6962778
2.5475209
2.3374816
0.4294494
1.2592172
1.7010027
1.9003306
2.9159210
1.2893829
2.4617394
1.8924914
1.9751866
0.8226849
1.7333562
2.1055585
2.0854758
2.6285749
0.8461352
1.0281355
1.0816643
1.3519357
0.9641445
1.3571307
1.6558170
2.8253833
1.4858275
2.4808821
1.7453522
2.1422422
0.8187827
1.2709157
0.2742388
0.9055755
1.1194959
2.9193909
1.2548871
1.3528542
1.2170227
1.6800670
3.6061890
2.1046893
0.7969316
1.3969224
2.0130856
0.2156595
0.7760907
0.8318277
0.6589564
1.6641906
1.3203616
1.4097673
1.4153676
2.9636584
2.1887969
1.2918497
1.8164338
0.7198751
1.5526841
2.1020894
2.1072185
2.4861715
2.2892015
1.3270076
2.1576786
2.3483469
3.2173877
2.5470539
2.6222485
2.5197254
1.7209111
2.7949857
1.7365833
1.0090105
0.7091241
0.9946034
2.9798220
2.0851564
2.5810414
1.9971363
1.1881034
1.8129851
0.9453060
1.6066754
2.4943336
1.9444087
2.4968071
1.9342919
0.9002333
1.2730217
1.3380985
2.0827092
1.0962563
1.6397745
1.8069706
1.7185280
2.0130287
2.0420673
1.8550577
1.4742425
3.2861207
1.6387023
0.7959570
0.3044283
0.4786600
0.9386598
1.4717597
0.9391411
2.2920940
2.1131341
1.6887023
1.1843414
1.7710046
1.8810246
1.0148205
2.5250668
1.8004254
4.0252954
3.5980931
1.7040055
4.3069719
2.1672445
2.2322499
2.2383629
1.4267323
4.3292299
6.0872410
1.5178979
3.1826327
2.3497950
3.7745248
3.6708225
5.0107147
3.6816136
2.5042395
10.0904168
4.5910802
9.3960755
3.8539081
5.1571670
3.6707122
1.8260812
3.7513911
2.6540160
3.1667675
3.7885357
3.7083757
2.4971189
3.7071114
2.6243613
2.0699505
2.4969525
2.1975987
1.8673517
2.3118724
1.6140717
2.2692863
1.0531856
3.3333265
2.4090318
4.7554607
1.9448190
2.0310136
3.0686376
1.7888157
4.3896084
2.4395220
10.1640285
4.6028968
2.1899671
3.4681703
3.8423152
2.4632610
1.7567506
3.0968828
2.8883813
5.6627399
2.9008015
2.4514648
3.4967211
1.1026001
3.0768333
4.1704539
2.1810011
3.9964192
4.3119432
7.6715347
2.3378357
2.8122437
1.4573494
2.4712194
2.1358633
1.6462414
1.8160025
0.8337319
3.4831250
6.2708068
3.8368438
4.6698736
3.0481048
1.9380511
4.7333021
3.4369424
6.5714774
1.8688656
2.2084923
4.7728805
0.7743867
1.7254166
2.5702190
1.0040779
2.2862488
1.4673960
6.8384261
1.6523673
3.0875071
2.6706193
1.8742844
1.7442135
2.6598041
1.8896932
1.1488603
1.9389301
0.8180472
3.0980029
1.9452503
2.9316276
3.7381649
0.7261576
5.0305065
3.4590120
4.8375527
2.6920353
2.0045089
1.6171125
2.6567410
1.1595816
2.0148260
1.4699488
3.0204166
1.2145062
2.5915557
4.1801033
1.7627694
7.1216806
3.4793172
2.0615131
0.5089354
2.6380611
7.0505514
3.1367935
4.0687156
3.1676274
1.8633209
0.8104027
5.5576893
8.2540570
12.8747308
3.8220780
1.8361096
2.6771899
2.8098216
1.4176307
1.3350767
2.3127591
4.8160577
2.0462375
6.9508035
5.0255274
3.3801011
1.9287535
1.4439750
2.5387310
2.3902812
3.9956239
2.6933944
1.2221211
4.7963388
1.5065205
2.7546321
5.4294434
10.4348854
8.7139248
5.9424925
7.8779673
4.2457138
6.5792007
5.4897891
3.8653163
3.4260123
2.1838547
1.6320547
1.7922697
0.7486623
2.4970831
7.6485336
1.8636472
2.5971390
4.9939807
3.6583376
5.6129717
7.7813372
5.5162535
5.1977898
4.4288959
7.2008100
5.8251707
4.8420422
3.0879355
0.9528233
3.1458038
3.7230546
5.9028633
4.3351877
2.4906314
3.3265368
2.2303627
2.9443324
7.7863746
1.3099307
3.7365928
2.9425663
7.6744563
3.3436282
1.6328763
3.3069588
4.4673449
2.1361584
2.5513499
4.1173390
3.7450531
3.8126095
2.9698861
5.3143603
1.2089486
1.9871394
3.2631677
2.8131261
5.2532599
4.2209390
4.9846252
5.6588998
3.7846746
3.5862335
5.5736412
2.0518149
2.8394247
5.4841907
4.5798310
4.5488069
2.7004126
3.9419056
9.2342657
3.5946266
5.3675599
2.9551480
2.8866258
4.0692154
3.3516069
3.5019601
12.6928186
4.0664678
4.7186135
1.8425108
4.6275364
3.5749063
1.6133628
2.1190941
3.4825440
5.5978436
2.2010412
4.2124883
3.6885796
3.2888331
4.8722794
3.0839578
3.4587442
6.0702510
3.1908849
3.7114243
5.6537288
1.4309936
5.6664950
7.1778236
4.7938774
4.1572270
3.1448967
3.3637169
4.0206692
3.7022763
2.7472168
3.8529541
2.2148011
2.4876289
4.4581953
0.8350943
1.9637758
1.9095956
0.8972950
4.8274029
5.5425725
4.1602927
2.0607843
0.6287683
3.3518730
2.0250852
2.1178396
1.9953303
4.4723953
3.8498285
1.7921963
3.5316712
2.0844461
3.5082289
3.5428409
1.9545182
2.0573093
3.3308591
1.3906771
0.9842449
2.8214092
2.6395624
4.0147659
1.5635926
1.8853351
2.0753958
2.7569684
3.8713862
1.9230145
3.5571207
6.1439406
4.1387745
6.1219813
2.2347278
1.9901574
3.9840094
1.0269401
1.2994392
1.4109136
0.8574599
2.9604989
2.1622681
1.2945604
2.1373994
1.4581693
1.0564088
6.6047434
1.6313477
3.2925222
0.8263103
2.7302258
1.4831237
1.0251312
1.1180520
1.7684857
1.2698367
2.0023131
3.3861230
3.5316645
2.7410227
2.6713601
2.4851054
2.5388635
2.6743155
3.6848858
2.5786000
2.8680967
10.2885774
2.8522121
1.5856984
1.6147115
1.6188236
1.3361152
1.4144629
3.0548486
5.4122417
2.0053399
0.7866548
1.7181815
2.7640497
2.7103562
1.9579226
2.8958723
1.3174142
1.2779662
2.9819359
4.6956584
1.9231706
5.5511242
2.6640447
1.6148597
4.0660266
4.9089130
4.0899006
7.4012365
4.4645745
1.5026907
4.7154429
2.7239016
1.1763900
11.5695925
8.1884613
4.0422064
2.0899092
1.7757629
7.9991185
3.4089290
2.4706610
8.9516557
13.0184541
2.4785538
3.4083606
2.9364931
10.3975470
3.0480592
4.3548463
3.5947543
1.5610500
3.0226355
3.4724387
1.9011950
5.4448532
4.5159875
3.8145338
2.0645482
2.1514952
4.3265284
1.8195716
1.7643958
4.1602269
1.5124367
12.5965594
2.7190770
2.4046567
2.9070041
4.1124314
2.7772562
3.4343645
2.4887444
1.5951875
1.0044929
2.2830787
2.4427475
1.3007726
3.1171252
2.6590930
3.0842091
1.0727539
2.1413953
1.6391708
2.8022802
1.2916395
2.9152936
2.6844326
1.4429228
6.0802383
4.8914717
0.5408152
2.2592369
2.2555561
1.5833897
3.7206839
2.5120515
1.4925860
6.0475585
1.7311403
1.7165507
3.6730911
3.6248411
3.5315075
2.2927816
4.0299868
2.5932116
4.2039295
2.7499544
5.0966089
2.9710808
2.6624533
0.9526694
1.6908165
2.3963405
1.9327847
2.0201740
1.7003171
2.6175684
0.8604628
3.0995462
0.9466419
4.4287391
2.9627873
2.5575829
4.5016328
2.6899370
1.9081845
3.6806745
2.2866569
3.0969928
1.5132494
4.8658652
3.0094060
0.8774286
3.6319106
3.5285745
4.8764153
2.7559486
1.1565317
1.5657057
1.8469556
2.0755801
1.2711227
2.7517876
6.1389830
3.7585619
2.2825376
2.2541782
3.9584119
2.4370741
3.8562941
0.5560729
1.7886187
3.6347030
1.9045973
3.2178669
0.9041366
3.1087480
5.1092866
5.2567534
3.6498545
2.1358710
2.4444232
3.4638058
1.0985550
4.5302572
3.1922537
3.3633724
1.9336555
0.2488846
6.1522988
0.9632894
4.2941274
4.0712353
3.1294798
2.9596000
1.4387386
1.6740455
2.1054997
2.4325164
1.3405787
3.0432544
2.2388883
6.8929663
1.1993227
1.5131248
1.1303972
2.8250575
1.9879066
2.0102224
1.6056898
3.2596555
1.9977366
2.3827416
1.4142461
1.7414593
0.9183476
1.4834166
2.2038476
0.3495712
2.7848451
2.1203307
1.0126310
3.3996103
1.9996426
2.6038727
2.4990728
3.6159472
1.5286380
1.6429989
2.8631907
1.7831001
4.8422757
3.6398605
0.5882245
1.2985609
1.8142584
2.7455768
1.0561842
2.0815619
2.0730954
3.4516185
1.1364514
2.3086863
1.5128325
4.1651733
4.6207262
1.1711000
2.7503259
2.7934515
2.6478457
2.5499313
1.3856942
4.9061566
1.3167311
2.2018425
1.0543386
4.6384669
0.5491266
1.5198507
1.5334886
1.1488680
1.8671250
1.3064158
2.0212375
2.1560783
1.0046566
1.1405958
1.4793731
1.5940888
2.4581325
1.0484814
3.0565257
2.5787538
1.8402612
1.8722725
2.8988121
0.3161095
1.3119374
1.9294678
1.7198734
0.3342863
2.0173602
1.8102828
0.5367425
0.7290926
0.9458221
1.4667056
2.6787507
0.8447935
1.3066697
2.8104230
0.7247403
3.5300263
4.3509437
2.8238283
0.8319199
3.2183657
0.6591978
4.0644584
2.4889876
3.9212637
2.4377097
1.2156013
1.5972212
1.9415092
2.9924298
1.3225267
1.0281832
2.0734069
3.3697583
5.3826711
2.1866886
1.5831619
2.4175271
3.7820083
1.9632579
2.3478231
2.1478355
8.1412110
4.3165922
1.8312220
2.0929249
2.6009444
3.4972606
2.3160453
3.7697403
1.3003370
4.7422643
1.7857699
1.7808767
2.4400395
0.9155524
3.7066220
3.0123377
3.6203089
2.2153919
1.0334590
4.3735229
4.1208947
2.2288460
3.0452915
1.8068815
0.8801908
1.9011234
0.3908363
3.3177893
2.2493108
2.2609466
1.0573819
1.3946183
1.9171384
1.1220301
1.7126585
1.5014919
0.7835701
1.0525486
1.2509004
1.8358314
1.3893622
0.9847021
0.9457192
1.4962493
0.9611075
0.8502910
0.7583569
0.9351595
1.9753347
2.2401630
1.8706539
1.3606899
2.7203265
2.1857688
0.8693860
1.7346026
1.2416904
1.7183466
1.5349196
1.0516442
0.9323531
1.4346839
2.1703280
1.7083388
1.1336961
1.0264459
1.7426041
2.2561778
1.8434903
2.2074972
1.3281890
3.3189167
3.2925911
1.9654720
2.6587812
1.7838902
2.2253542
1.5566148
2.6066813
1.9623733
2.7482609
1.0871115
0.8151360
1.2473509
1.3126391
1.7897547
1.3205935
1.5186654
1.8437484
2.0342642
1.3661612
1.2142699
1.3855110
2.0166946
1.1093784
0.9909150
0.5516330
1.5517616
0.8551388
1.2067288
1.9214062
3.1786211
2.1874236
0.8002093
1.3262216
1.9006550
2.1812450
0.8827815
1.6377643
1.0827334
0.8450990
1.5812715
2.1158279
0.9054323
0.5473676
1.4319286
1.8995136
1.1066747
2.1093186
2.0350947
0.6402431
1.3658454
2.0214472
1.4296574
1.2383347
9.4150903
3.1507269
1.7757275
1.6816085
1.8773711
2.7122169
3.7402943
3.2785941
1.2440161
0.8451677
1.4227081
1.3080979
2.1784714
1.2939796
2.7055551
4.1143334
2.3649587
1.6301062
2.4401469
4.8314247
3.4911287
2.3372916
5.4733411
3.3637612
0.8957054
0.7577027
2.4742125
2.3670955
2.7301628
1.4699013
1.5011451
1.6913986
1.0726298
2.5360723
3.6376786
1.7410160
0.7821371
1.9608729
2.2793238
1.7597678
1.9281651
1.8994112
1.8394924
1.7184676
2.6937377
2.0408056
1.5166496
2.6913599
4.5637894
3.1701091
2.3818681
1.0114869
2.2016822
2.1961800
2.0720037
2.6477975
1.6581639
2.4277739
2.9068948
2.7794376
0.7742290
2.1647642
1.1553454
2.2470738
1.8129138
3.1187575
1.3321191
1.6273942
1.8851674
1.4487221
2.9028592
1.5972170
0.6165106
1.8684911
0.8534632
3.6183791
0.7990991
1.3784415
2.4783853
1.3049610
4.8468286
0.8781264
2.6391496
2.1952894
0.7994882
1.7049084
2.1147862
2.8139020
1.4287738
2.3646380
3.1420790
2.1323521
1.1507735
1.3360933
1.5083283
4.1698548
1.5069164
2.7306689
3.6961939
1.5767571
1.0060783
1.8181065
0.5512026
2.2325372
1.7511466
1.0622585
2.3248283
3.0825721
0.5281352
1.4021244
2.1514428
2.1819431
2.5121635
1.0246716
1.7985449
2.0655041
3.5935040
1.6629347
1.7735029
2.5444468
2.3250984
2.5279591
1.4306596
1.6051861
2.1984169
1.9519590
1.5197904
2.7897284
2.3521125
2.0140803
0.4281193
2.7357457
4.5348056
2.9740614
4.9564379
3.4430084
5.6219603
4.3649138
5.8786622
3.4220896
4.8540159
4.2822387
4.0465311
2.1366647
6.6335072
9.4555230
2.9209850
1.0003890
7.5645856
5.4442418
5.7117982
4.6879887
3.8496004
4.6276320
5.0218802
3.0096954
1.0405060
4.0581707
5.7379357
4.0847282
9.2528749
4.0609893
6.9087753
4.1168321
7.7330549
3.9834328
12.5038432
2.5050113
6.4227666
4.0235479
3.4055640
5.6919008
8.1556194
11.3119854
17.6346155
5.3475741
21.2922418
4.1679144
1.9223487
6.2054875
4.5816266
3.1816305
4.5051702
3.7481033
4.7204497
2.3770194
3.5088955
4.0083925
3.1651691
4.9046096
10.3208108
6.5294917
6.4222366
5.9482601
8.1782120
9.2636960
14.4913818
2.7566484
2.6724126
8.1410896
3.2315603
2.9312501
6.0132868
8.7500216
2.7077705
6.7974712
6.7769181
6.7109724
7.8135831
2.5283654
2.8663437
5.6261578
8.3889005
7.2153705
1.8835708
13.6542382
18.4811291
14.2380975
10.9584002
8.7529581
3.9577007
7.0248680
19.6058537
8.4030249
9.8797061
14.5651417
12.3199137
16.4599751
4.2931527
21.3600236
8.6361915
8.0148085
4.4213784
3.1185467
5.7438551
8.2193540
1.4446328
5.2631201
11.0564836
6.0884506
8.2427305
8.9945987
5.7288130
6.4429424
3.6766618
9.0696259
17.3718374
8.6098271
19.4411021
9.1748252
8.9860095
6.9944857
9.2704963
3.1004535
3.1975668
2.5355758
9.4585432
3.3829782
18.2590226
2.2114261
1.2972520
7.9111320
8.8561011
2.5236616
8.2384963
5.5929340
4.5847899
3.8035377
6.1313832
9.3291144
13.6072626
26.1326220
21.8201213
10.8197057
9.5047611
3.1823309
34.4791939
9.2382608
12.1505963
18.4343094
108.4970937
27.4066399
1.3850252
5.5102130
10.1373476
9.9208229
20.1050714
3.5371341
15.7838103
10.7980398
18.4308574
12.1103415
6.9481958
2.2639364
6.4386091
9.0459208
2.7786729
10.9136667
11.8240294
5.0751468
3.9875870
10.3307277
6.9954601
15.0833157
119.9235983
12.3418569
13.0344244
9.9587163
8.4434250
15.7539620
9.0864782
1.5829533
1.7331757
5.0193174
2.6794045
2.6081990
12.3069464
3.2067693
6.8142404
14.0050595
11.2007147
9.8151427
8.1329825
13.4172149
2.2872741
5.5921147
1.4705269
6.9294370
6.7298710
7.3455382
11.1694633
25.2031652
3.1939928
5.6561089
10.6736800
3.3031897
3.1490505
17.4529775
2.7106391
11.5486594
12.3566295
10.4501769
10.7075249
6.0927527
9.5837168
1.9827124
2.8223349
3.6453497
3.8630851
34.1068196
3.3845365
4.7627535
8.7529940
6.9083526
21.8480818
15.9544332
4.3171753
12.0174238
3.4193406
3.4812878
3.3336007
11.5243224
19.8658591
6.6530501
21.4159301
13.0659520
32.8353999
6.9994611
11.0955163
8.8422524
24.6941324
15.6350029
1.7762914
18.4448130
8.5950906
4.7141878
3.5113213
4.5217086
14.4401538
5.9416196
4.6940382
6.6492252
6.2177540
7.1740931
9.3720199
3.4943988
5.0063473
7.4000686
5.0622451
4.0785439
5.3002801
3.1109173
1.6100813
5.6865620
2.2864511
8.7426251
17.3469257
4.6921237
2.8969596
8.6118661
2.6740552
4.6737212
4.3520087
4.1866869
8.2276922
10.7234498
6.0888128
5.1972800
2.7891379
3.8082256
1.5946601
3.0095723
1.8556920
6.2767970
6.9555805
2.7345230
1.9018799
4.9631015
1.3634879
8.2925259
4.6965894
1.9457611
16.4995208
5.8822491
2.0531628
3.5583402
4.8399921
2.4083669
3.8748726
0.4104510
2.7654522
16.6594089
6.5823578
2.2982934
7.7360437
1.7299639
4.0774493
1.7105985
2.5957214
4.8227785
3.5035879
4.6969799
7.3352926
1.8073683
4.6269350
8.4596767
3.9155879
8.4492552
3.7458524
1.9893122
3.8227348
2.0914878
1.8708487
2.8347242
2.5354036
2.0280398
2.9016675
2.2544156
3.6291283
5.1269227
10.0769906
2.6265529
1.9979593
8.6108562
3.9196876
16.1764436
6.9266514
2.8891816
3.4079519
5.6963856
9.4719097
22.2509767
2.8244554
4.2657670
11.7933148
3.8986699
4.3085866
6.0206884
6.6292179
7.1400462
11.2434934
26.0153173
9.9470211
17.1063348
8.9133319
7.0349748
15.7096064
17.1674653
35.8284211
11.6959312
6.5370930
3.7656965
8.9811838
14.9677083
12.6274251
17.7739901
6.9024443
15.9439630
3.5546911
17.8725206
8.0835385
16.0653882
29.3738957
17.0519020
41.7758996
30.4983008
11.5283746
4.7877478
7.1523363
5.0599235
1.1483922
4.5177162
8.0480049
23.4812513
15.1031615
10.2858142
41.4591063
18.0008431
5.3179941
10.6293735
51.4118481
19.3761358
8.0575640
13.9523713
18.4246926
31.3736375
6.5623365
19.1491268
7.8598892
8.5686414
8.5874176
5.6338102
11.4324265
9.5250872
21.2520932
12.4501250
6.9704623
8.3352148
12.8004647
6.6061178
10.5440764
9.3622808
11.2133339
9.0954884
8.1360074
22.3131189
20.2168759
19.9256271
36.0836174
24.7215281
12.9088443
43.2480948
20.7171210
11.0366313
28.4448963
23.0029244
14.3215740
15.0507992
27.2053260
17.2931294
17.4776595
23.8377163
18.6253162
23.4949993
2.9070889
2.7886229
13.0257941
9.4386698
21.7951124
17.4651232
13.7166784
18.1609665
17.6660116
11.3874484
32.3814323
41.1354323
22.0866109
24.1553553
19.9982165
18.6514387
23.6120249
9.5740831
9.5758499
21.5241558
28.5912992
17.7542863
17.4216796
152.4800014
118.5175906
36.8811495
15.5001029
12.1929411
29.5480869
11.7172208
17.3806651
40.6198911
14.6728309
12.6585103
21.8186736
34.3296397
40.4809203
42.7555751
23.2552660
9.7024683
38.9517779
35.7232483
23.9707635
32.6405877
29.9954550
19.0902976
21.7121484
23.5987150
18.5532937
19.0871576
71.8760884
60.1734354
11.1670708
39.0308593
19.0031169
30.1913825
60.0772617
13.3251442
14.1011485
15.1236907
30.1101456
19.1750758
7.8912679
2.5850698
21.9940366
12.2553967
25.5983594
9.5610199
25.6415532
4.1857006
12.6501432
23.6124238
42.3068469
122.7506915
28.2126297
29.8465282
9.5464006
9.4954126
45.4440831
19.2484073
3.9312711
15.7207497
3.1268606
24.3779899
25.6683146
21.5890120
22.4984098
167.0557409
76.2766471
83.1052555
21.1073441
27.3718070
46.5546135
73.9868222
15.3257111
17.5711427
10.4766926
19.4859822
4.6140088
43.5193656
9.8600937
7.2945074
19.4218649
8.8544491
16.1614068
10.8411630
6.3673898
5.6244015
19.5765398
8.7108514
2.1875713
12.8511544
14.3556421
5.1337013
6.5517157
13.1792094
6.7527963
10.3197312
24.7240989
8.6064551
15.9547702
11.5685283
17.7977714
18.3072445
8.7174253
8.6652255
7.9633743
9.4957540
5.1693733
16.3312191
4.9461577
9.0838266
14.4721366
8.8761155
2.3406354
2.0862426
4.6657737
6.6366136
4.5440744
3.9299243
3.0290141
5.6116933
5.3505081
4.5168655
9.0589928
4.4951051
3.6997721
9.0894258
1.8131593
8.9507322
1.2470187
4.9108440
3.6051053
7.3805482
1.5881295
6.3578708
6.3616333
5.1278532
4.6670034
4.9723738
5.3853474
4.0783703
4.1718067
2.3021748
3.4406211
3.3122531
4.1092559
1.0732969
0.8156141
2.2518945
1.7444146
2.5176860
4.1783863
1.9259056
3.3303818
2.9832982
1.4758990
2.2332977
3.8053781
2.4773511
2.1068518
1.8660534
1.8943199
1.6419766
1.4160939
0.6094599
0.7088369
1.2960101
0.8396907
0.4840963
2.4727595
4.4323628
1.2589692
1.5398953
1.0396069
2.2154719
1.0324998
1.9983143
4.1211125
7.0130910
0.9286424
2.5035615
2.6911988
1.9977135
1.6963518
0.9514003
5.0182868
1.9991283
1.1983644
1.6718539
1.6443218
2.5406752
1.1690567
2.6889115
1.9595907
2.7012544
2.4673195
4.7100862
3.6244089
0.9508404
1.9129038
3.3649235
0.8643772
3.2001278
0.7633278
2.1761523
1.7035786
2.0668068
2.5539065
0.5730673
1.6925491
1.9541919
1.9159822
3.2636162
4.5352452
1.5133971
2.7681673
1.5975911
3.5535019
1.8354705
3.6992745
2.0960220
2.9208177
3.4081197
2.4798506
1.3311149
0.8230980
0.8329367
1.5529086
0.6250778
3.3568184
2.9617219
1.7126186
2.5329049
3.3090671
0.3529830
3.0706519
2.2291356
4.2574878
1.8220954
1.7811356
3.2386499
1.3180073
2.0131155
1.7087376
1.7294019
2.1998345
2.6987007
4.2081389
3.0902372
5.3909044
4.5745930
2.5146122
2.8727289
1.7551926
2.3800568
1.7510655
3.5885832
2.6355439
2.6436096
1.8849690
3.1006982
2.1135968
2.7615355
2.3551087
4.2409395
2.9773210
0.5952518
3.4852818
2.3491237
2.5064210
2.7694821
1.9914759
3.0447637
1.7695681
2.0949362
2.0697605
1.4673877
1.4032970
2.1304647
0.5570691
2.3490363
1.8396257
1.2387252
1.9434660
1.6521736
1.3964825
1.4445999
0.9232051
4.0289377
1.6738281
2.6017089
0.8866754
1.6871035
2.0126741
1.9310578
2.5335582
1.1873663
1.5422771
1.6102904
2.3245512
2.6766056
0.7895046
1.4316448
2.7728493
1.0645958
3.3977719
3.7708044
2.4711743
3.2799394
0.8264314
1.7688539
2.7580900
6.1189607
2.1645767
1.5261156
1.1660754
1.1500510
1.8355663
0.5850598
1.5932587
1.5728402
3.2317480
2.2110850
0.7368925
2.2694117
2.3156212
3.1148103
3.5835613
1.2829880
1.6687829
3.0735869
2.8432339
2.2557415
2.0503840
2.8145629
1.7518147
2.1183220
1.5318668
2.6227218
1.7378808
2.8139763
1.9135613
3.2557174
2.3288918
2.3803507
2.8748821
1.5607030
3.1714343
4.9099378
1.6707599
2.8140152
2.8004020
7.3895323
2.5215788
2.6383445
2.4291626
2.2075400
1.8397102
2.7285989
1.7842254
2.3362766
1.9898393
2.0787952
1.0129020
2.6120981
0.8820763
2.0859877
1.1796407
3.3538972
1.2676109
2.3255867
1.9707282
1.3844785
2.1201244
2.7306583
1.3590781
1.1110079
1.8057008
1.3902191
1.7823208
1.4907967
3.8124427
2.7640814
2.5847057
3.0041412
1.6710635
2.9044504
1.7955102
1.3922250
1.0931327
0.4297100
3.4689046
2.4234363
0.0212191
2.7478645
1.2493738
2.2861628
1.6958109
1.8285578
3.5234080
1.7295762
2.3347032
0.9196876
1.4580922
1.5516979
2.6134849
1.2562678
1.7258304
3.2775906
0.9372960
1.6208967
0.8493554
2.3898927
2.8129668
1.4932812
2.0994307
1.2428843
2.8776001
1.2215065
0.8465106
1.8724251
4.1758156
5.4471350
2.0836019
2.3901632
2.1777879
2.1452724
2.2556681
3.1730615
1.6749335
2.5118872
2.0985284
2.2797381
0.5151351
1.4020099
0.7721640
1.4642127
1.0744195
2.2930732
1.4758092
1.9492322
2.9560940
2.4716906
1.3324410
1.9971401
2.5291996
2.5341680
0.9576787
0.9977348
2.3534765
2.0217806
1.8681285
1.5826546
1.6634977
2.9227638
1.2494500
1.0488279
2.0030822
0.9465228
3.0103905
2.6934638
2.3639977
1.6498840
1.0092007
1.5230729
3.1030041
1.6605385
1.2366955
1.8371385
0.5763994
1.4959716
3.9556959
2.2213561
1.2424863
1.0522828
2.4972453
1.2823919
1.8815130
2.5087278
1.1682113
0.4312237
1.7468671
1.8058823
2.4912255
1.9759510
1.4928976
2.7222738
1.4081022
2.7377621
3.9439258
3.7887516
3.3934610
1.8050605
0.7797072
2.7153845
2.4376722
2.8469027
3.1763589
3.2032705
4.1107131
3.5205619
2.9423531
2.5934170
7.7106268
4.8555671
2.2650919
0.8593624
1.9631160
5.4105751
5.9160489
2.0514797
1.4008772
3.7307046
1.4812853
2.4200010
1.0962774
2.5034544
1.9853631
4.5345722
3.8651419
3.3712888
3.7567454
2.5422333
1.9694011
2.4364397
2.4332074
3.3753747
1.9186137
2.5245796
1.7126388
3.1167186
1.6803005
4.5756534
3.4926112
3.6107853
1.3255367
3.3463664
3.5492871
1.1672283
3.4652319
2.3957962
3.2479281
3.9683807
1.6116699
3.5114926
1.6113002
2.1745290
2.3487207
2.7095608
2.0657916
2.6309910
3.0801715
4.7160669
3.0873063
0.4365009
3.5466216
1.1747471
2.3416181
1.1536391
1.8354621
1.2289153
0.5852669
0.5790629
3.1397903
2.4996585
2.1058958
1.6818236
1.9953379
1.8088750
0.9837395
4.9918990
2.4889905
1.7995050
1.4199407
1.8624022
2.9734309
1.3523799
2.6500992
2.2090634
3.1214833
2.9520391
0.6628584
1.0230965
1.2574828
2.4020094
1.4420690
1.6220991
1.1484262
1.1496577
1.4371858
1.2941494
1.3909076
1.8301856
0.8157381
1.7410933
0.8212627
1.2405610
1.6182636
1.8725132
1.2435473
0.9308771
0.6226334
1.1954171
1.8187863
1.6012162
2.2204208
1.8624170
1.8626215
2.7213064
2.2825550
1.5169855
2.1502500
1.2891909
0.6289547
2.7819562
4.4906227
2.6191147
2.0021144
0.8947153
2.1452903
2.5421994
2.1975883
2.6068840
1.2160071
3.4824578
0.9074673
1.4735809
1.6589178
1.4141406
1.2546516
0.9272920
0.8808265
1.6670602
2.0071864
0.8577022
2.5729504
1.4809256
1.9512093
2.2857085
0.5413321
1.6646296
2.1695817
2.3804348
2.0640947
1.6631746
2.2449617
0.3479891
1.1613048
3.7051512
0.5839188
2.2646777
2.4220662
0.9933009
2.6926388
2.3429059
2.2754717
1.1985984
0.6588248
4.6519301
2.3751210
1.6720610
3.3462008
2.5437666
2.5292825
2.0385376
2.0740226
2.4440960
0.6687802
3.7447159
1.1939489
3.4556309
0.8752494
2.0845965
2.0989136
1.4979018
0.9612524
1.8334797
2.3489998
0.8217235
4.3429453
2.0872783
1.2315564
1.1182839
3.3016928
2.9570829
1.6149744
3.7316271
1.0227800
1.9857098
2.7474442
1.7407865
1.7442410
2.1693068
1.8683063
2.7738682
3.3375805
1.7425123
2.4842982
3.8189858
2.9445310
1.5607336
2.7008352
2.0709422
1.4454078
2.4763062
2.0137292
1.5406922
1.6877961
1.4898615
2.0285598
2.4835393
0.3817726
2.7431981
1.3436415
3.3002159
1.5406370
1.7893745
0.7107093
3.5278409
1.7396727
0.7432900
2.1441981
1.0743400
1.5600201
0.8833046
1.2565671
2.0507187
1.5426202
0.5449343
1.0605785
0.7310855
0.6729492
0.9273014
1.2501938
0.3528591
1.7962047
1.3502400
1.4205545
1.6448760
1.6240889
0.5448969
0.7162804
1.0891742
1.6669522
1.0563078
2.2789975
1.5924118
1.4496755
1.8867722
1.2238844
2.4932235
3.1902558
1.4625932
1.9538220
1.3530568
1.3230939
0.9623577
1.0253073
1.3982165
0.9284561
2.0250100
1.8363090
0.8908132
0.8576416
2.6629381
1.3871381
2.2598678
0.8605306
1.7791195
1.2702016
1.2977625
1.5929206
2.3176785
1.6128975
1.4282093
1.4999287
2.2733766
1.5036328
1.5533030
1.3394851
2.3340917
1.1063774
1.5198758
2.6246302
2.7027143
1.3275074
1.5286896
2.5612074
2.6614701
2.7048989
1.0513285
1.2697780
1.3767298
1.1021779
2.0985919
1.0998386
1.4221030
1.8821985
1.4292794
0.6430607
1.0648714
1.6021025
1.7604001
1.1958714
2.2382411
1.3171376
1.7543916
0.9205116
5.1351017
1.2387354
2.0595606
2.2363234
1.4147674
0.8237183
1.3061971
1.0338021
0.7158581
1.4720147
1.3499828
1.1237325
1.4744439
1.6744873
3.3678978
2.0794345
2.2792187
0.6519592
3.9244251
4.0008346
1.3922890
1.6446446
0.7658811
0.8762270
3.4061444
1.8707801
1.4546471
0.7295415
2.7015902
3.3434320
1.8475979
2.3001011
1.2323165
2.6355757
4.6899746
5.3366518
1.5888658
2.6024987
3.2178230
5.0386637
3.8047368
2.2951373
2.4627741
1.3137060
2.1010495
3.4131944
3.2083027
3.5476422
1.4688843
1.5781507
2.0901431
2.0348418
1.0812818
3.2176058
2.2998033
2.4965488
3.8904630
1.5102611
2.0949943
2.8898737
2.1678338
1.8241480
1.6444421
2.5547348
2.3825980
3.4243422
0.6240961
0.9936623
2.8987196
2.2946403
2.7910295
3.6545524
2.0383500
0.6096880
2.3426024
4.9061101
5.6487936
2.9554836
1.8610168
2.8996373
2.9690318
2.9042788
2.1372367
0.7161138
4.7764533
3.4321263
2.6894422
5.1735000
1.8997445
3.1461146
2.9233070
2.6116989
0.6498999
1.6601407
1.6585678
1.6815962
3.2946246
3.1398013
3.4280279
3.5446632
2.2113845
2.3959028
0.9468024
1.5139864
1.9482834
1.8724090
3.0115284
1.6695216
2.0863873
6.2510453
4.3449074
2.7048457
2.9010718
5.1461056
7.4146792
7.2656955
3.1873065
3.7824663
2.0703682
2.5668927
3.6261104
4.4699932
2.5723288
1.2010680
1.4664365
3.4285955
2.7822282
3.1885970
1.7836913
2.9223849
4.2044017
5.5716141
1.9922133
1.7414451
2.2501840
2.8804921
5.1039156
2.6419384
2.9217231
4.6742695
1.4963885
0.8455323
4.1361627
2.5085584
3.5267684
1.8478348
1.8796169
5.9935729
1.8334193
1.5985657
3.0452090
3.3735237
3.0423903
1.9055246
2.7831297
3.0456155
1.5672654
1.6316506
4.2868717
4.4221949
2.9609125
2.6690890
5.0334147
2.2532839
1.0291909
2.9471102
0.6688367
5.6024085
3.3637344
7.3038728
0.5221160
4.9859374
1.6692866
3.6726333
5.3544546
3.2573327
1.8384600
3.6734306
11.4538220
1.7945334
4.7842868
3.0632065
0.3331178
2.9557857
1.8306500
2.4893224
3.0322197
4.1207642
2.2555450
7.3228098
3.2369087
2.2004513
2.2471981
3.8020175
2.7498501
1.2525144
5.5272349
4.5962353
2.8135650
2.6176665
5.3002165
3.0752330
1.9216793
10.9954383
3.1861106
4.0704080
1.6005823
2.9762397
4.4711210
4.7311270
1.7499996
0.7811262
6.5724106
3.6152055
3.1998148
7.0230144
7.5489334
12.2031570
0.9342777
10.0621245
30.0990073
22.4888657
26.0261617
43.5211619
56.7063686
7.9483021
30.9665946
29.1128939
23.6005226
71.3481604
15.1684389
47.2682120
16.8457214
8.0771277
11.4255455
52.8458773
99.4037935
57.8321019
19.0182300
27.8056921
54.4781962
17.0317375
36.7666554
25.4071673
18.2668599
19.3413543
12.1168845
46.5476313
19.2357040
10.4858984
4.0256027
28.9647634
12.6126509
28.7404221
34.4341830
12.0731162
40.9824320
3.2673791
11.0894380
20.7988756
29.4071253
4.2410398
6.5325539
9.5077794
15.4542167
5.9119383
27.6615910
62.8838981
18.6084454
16.7794409
30.8924548
10.1946970
20.8222985
22.7696283
35.7135679
10.6954058
3.0409587
10.5153460
33.9295436
4.7793336
6.7714571
5.3984782
2.8490446
11.0470894
7.9275445
4.7944071
6.1403714
13.1909803
3.5365358
3.1608270
1.6952587
5.2854061
3.6069804
5.9469075
15.0670439
7.7096385
13.4450721
4.6575560
4.0485050
3.2548868
18.7423953
8.2979666
2.5215264
6.4727393
17.1544809
14.4593201
18.3070100
14.8598130
18.5581126
3.8265114
4.5556768
10.2881412
10.5967503
8.4575954
4.2981344
4.7327084
5.0120805
9.5912618
4.6269869
7.3043215
6.3770859
6.1195202
6.3004919
2.7776748
3.4489686
8.0040961
11.0582675
1.0642707
2.3762360
7.2391651
9.7962640
3.8141597
2.0462832
12.2322865
12.7856871
6.1215277
3.9543132
5.3221469
6.5571460
3.5006299
9.4939928
4.0817772
3.2257161
6.3858503
1.1642567
5.9111025
1.7728656
7.2686340
2.5276072
5.6283072
3.0547190
6.9551100
6.1776261
11.0668068
8.6186520
5.7725000
2.4674684
8.7451727
6.5299029
4.8739492
3.2347030
7.5026483
4.0822878
7.8610793
3.8117382
4.5748647
2.4046375
1.6006290
3.1367495
0.6353146
1.0748951
2.5394670
0.8691725
3.3672425
6.4799126
5.3862731
2.8879744
4.0089619
5.3372221
2.3666709
2.1186620
2.1016957
2.8907648
3.9925266
5.8458393
4.4579966
3.9095902
4.6343352
6.2484268
3.1276904
1.9941335
6.8735082
1.5812791
3.2820948
0.9944801
3.8352499
14.1122874
3.5828966
2.6896623
2.9304390
2.5834994
8.5514704
4.8219561
1.9216606
2.4120956
2.8905051
2.7343433
0.7112876
5.7731353
3.8194324
5.6849918
3.6668615
6.4776273
4.0579513
8.5239095
3.8422434
4.3469958
7.0192598
4.8240390
4.8913740
3.8687628
6.8611182
7.7199660
3.4659976
4.8598578
4.2766160
8.2231032
5.9405652
4.3440447
7.2075591
2.9180006
5.3758832
2.4499927
9.3888697
2.3361929
8.2919245
4.1150736
3.7737136
2.3392408
3.9441550
2.7254690
1.6647275
7.7299622
4.9894299
4.4848802
3.4039509
3.0367484
0.9037661
3.5365279
4.3246344
0.5269754
6.5871720
5.4085243
6.0508637
3.1436916
7.4129854
9.0328849
4.6581355
6.2262174
3.9594215
6.8675472
4.2263139
2.2433416
7.3047839
4.1545461
4.6127135
5.5684517
3.2512484
2.3660434
3.0502694
2.2785480
4.1471779
3.3939678
5.3914194
2.6902718
6.7331785
4.2473411
8.7282239
6.0575437
4.1328122
2.7049144
2.3784015
2.3555336
3.8076735
3.2358072
4.7074549
2.2024153
7.0147982
5.1119857
5.5294417
2.6426964
4.2262003
3.0819716
4.7128609
2.4303899
2.5543941
4.8175092
3.3477662
5.0825343
0.8560027
5.2988786
1.7357568
3.8719305
5.7193541
2.0726698
0.7904947
2.4784597
4.0036689
0.4850299
5.9852949
2.2869639
7.8377125
1.7462615
6.2129760
1.8122593
3.9424388
2.8526411
3.5046584
7.6767104
6.6095195
6.1550535
3.4899457
7.8030767
2.0106644
3.5701696
8.8209430
3.8170738
7.4729234
7.4281771
4.8279086
15.3698976
6.9992018
7.6616947
3.7720863
1.6747493
6.5315011
6.4190031
23.9135650
13.0286702
6.3934420
18.6036531
14.9665784
10.7131705
7.3997638
22.1519845
3.0642264
8.7734967
2.1333101
5.8490893
2.6501954
15.0316892
4.9429847
8.6814023
8.4834087
22.2022013
9.7260986
15.1594150
6.5527435
19.1176654
11.2913714
4.7993781
12.1847987
16.9156475
40.4949977
13.5120660
5.1796312
3.0071684
14.7902112
12.6835985
3.8472964
3.3571032
17.6956087
4.2927249
11.4832387
3.8404508
3.2082549
3.6653018
16.0151196
9.2236901
14.0971063
28.3255713
7.8749149
4.4131686
6.0818026
15.2990845
3.6029609
2.6519283
9.8263677
9.0701800
13.2747653
10.7436839
3.6906799
11.6889038
10.3785687
6.2588430
11.2396748
4.6000142
7.6407127
7.3964261
7.1459768
6.2994533
2.8969622
3.2289048
4.6519301
1.3836010
3.2391822
7.1377908
6.5939192
1.9885417
3.7648613
4.0066959
2.8675362
7.7121835
5.1065177
1.9711852
3.1905749
1.1308032
1.1013872
3.6351246
0.7018629
25.8395706
0.9578261
0.7404880
5.8243248
3.9002343
3.1819554
0.9536207
2.2585082
5.4547971
5.2929642
2.5118280
3.6774972
4.5056517
2.9233730
1.2239490
3.7051251
5.3624052
2.1866122
2.9417759
1.3080053
1.9164775
1.4358239
1.0910652
0.3437127
1.2502769
1.6643799
2.0444650
2.2565160
2.4442278
2.6992786
1.7784292
2.0755955
2.5531954
1.1973038
1.7174571
3.1131154
1.5146282
1.2275047
4.2469203
0.9697184
4.1092941
2.7370230
1.9554261
1.1467923
0.9631137
2.6436929
5.1621033
1.5033057
4.4843780
1.4328065
3.6038872
2.7012088
2.8395257
4.9708589
4.3909113
5.2430691
2.6944451
4.1288184
1.5791010
3.1903893
2.4061568
1.0904293
1.6417481
1.2466473
3.2946830
2.2575156
1.1070143
0.7934179
1.0321507
4.0595705
4.7322067
1.8540604
3.3808795
6.1410782
1.8501361
2.9573927
3.9573272
5.7079695
3.0561012
2.6113969
1.2543442
4.9015005
2.4464739
1.4127194
0.7681318
1.9219089
2.7262818
5.3355809
3.4730262
1.9566382
3.6446192
5.6298861
5.0879450
1.2626439
4.2564344
4.3253458
2.1571459
3.2352485
6.0440960
3.1821395
2.6658772
5.4540737
2.2790113
2.7832095
2.9111478
0.9613910
2.2293099
1.8826457
4.2555945
1.5452144
4.4085836
2.1930733
3.8206172
3.3146640
1.4639264
3.2686221
2.7367672
2.4105384
5.1282135
3.4249929
3.8893406
3.6218977
2.0542080
1.1608226
4.2679689
1.9652899
2.7149054
7.2007185
3.7837523
3.4950080
5.6962264
2.6606071
1.5613943
1.6187366
2.2814156
4.2158922
0.9624343
3.4007605
2.3082896
3.3190833
2.5112155
1.6821502
2.6306520
0.4509341
1.7719720
1.8652538
0.8970962
2.4088985
2.3392922
3.9391259
3.3379602
2.3665443
4.1966322
1.5823589
3.0560175
0.6747132
2.4802080
4.4268406
2.0525757
2.2696049
0.7534846
2.0415818
2.7698686
1.1813154
1.5522211
3.4388249
0.7095708
3.7139076
1.3834453
2.5378361
3.0128890
0.9175099
0.4600538
0.9311137
5.4698068
2.9046215
3.1123076
1.7624648
1.9038121
0.9882809
3.5799456
2.7946011
2.2377329
2.1014631
1.8555796
2.9938661
6.0744590
4.8114724
0.6884560
2.9920001
2.2937753
5.9558627
3.1713389
2.2180443
5.4245237
0.4535002
4.0287399
2.3917517
1.8893945
3.6293650
3.5412669
1.4724646
3.5836775
0.9510070
2.8561971
5.4315259
6.3171401
4.5838450
4.6420124
1.3234919
1.7981668
3.6382337
6.1921439
1.9881744
4.1809770
1.5279667
2.0740890
2.0872542
4.7708325
1.8504069
2.1641002
2.8262412
3.0393986
2.1168504
1.7635046
3.5169818
1.1827461
2.9250734
1.9449229
4.8496250
2.9814889
5.9042728
6.2790225
4.9466219
3.7397372
5.2674524
4.8277943
4.5869598
6.6994467
1.2433519
1.8262838
6.0620185
1.7103975
2.1579808
3.3375965
2.1886000
2.2434219
2.3772281
2.0698675
3.4076364
1.7431173
2.5146375
1.6985455
2.5816890
2.3188470
2.2046120
1.6282830
3.5293318
1.5300980
5.4384225
3.0075555
2.1326161
2.0545638
5.0297164
1.8087981
1.4302762
1.8468573
4.2015902
3.0949264
3.0129579
2.9441831
1.5415361
4.0985686
4.1252224
5.1378527
3.5615767
3.3822160
2.5887144
3.5448996
0.7566271
4.1284191
3.2379886
1.3575642
3.3913590
4.1393665
7.7601301
4.4409282
3.3731556
2.2811045
2.2739806
4.0293941
3.2838201
0.8687140
5.4755724
4.7140103
3.7168828
2.6611466
2.2111252
6.2466069
3.5387121
4.0119985
3.8595879
2.2200881
2.4994566
1.4488895
2.3847553
3.0000227
3.7580469
5.2195272
1.2639203
7.0077651
1.9178831
2.2905897
3.7126732
1.8147754
2.6606092
1.3288564
4.8733256
2.9558687
3.1748566
4.9586594
2.9552147
3.6716529
5.9197274
5.8175305
2.8161613
5.4631703
4.9231678
3.7668139
2.7959421
3.0129150
2.2224235
3.6929575
2.7191761
6.0204734
5.4113530
4.4883687
2.0582330
4.5795953
3.3108736
6.7663411
3.7034007
4.8822457
3.4821349
3.9457336
2.2681409
6.0029566
2.8846747
3.3809784
4.1443148
2.8100872
3.0518977
2.3042976
3.4193604
5.9882104
1.3999068
3.5200176
3.3162676
8.3625259
3.9976856
8.9067736
4.7664790
3.7593483
2.9288650
4.1977334
2.6987615
6.1320421
2.0656594
5.1958384
4.0378849
2.4753546
2.4279094
3.3434147
3.4241302
2.6151740
5.9190368
2.9870225
1.6369919
6.6365973
4.1288558
3.6884456
7.6057740
3.8435615
4.5510720
5.6703551
6.4386151
6.4454881
11.7061647
2.8275073
13.0727602
4.2021775
6.4826911
5.0875261
4.4057808
1.6667829
4.6787379
2.4012260
11.1925610
4.3468035
4.6516654
3.7998366
1.4017838
4.1677938
4.9022089
5.3027717
2.5497324
3.1588464
3.1685793
2.7533910
3.2142785
2.9445527
4.9483952
7.2485865
2.3494784
3.6391160
2.5483619
7.8353080
2.6088942
9.8445011
4.6063916
1.5774996
2.1067453
1.3426378
2.0269750
3.0823124
3.3551537
1.0089463
3.2004349
2.8840604
6.1305904
6.6399350
0.8653705
2.8320554
2.3105692
18.5562288
6.5835064
5.7017275
8.0506432
2.4229778
12.0595657
5.5900512
1.9369961
6.3086764
5.0830708
2.8859857
5.0213007
3.9402627
4.9888141
1.8018281
2.1384856
2.7840084
6.3064142
6.6679795
3.3859717
16.0404098
1.7368660
10.6229310
5.3007474
9.0427858
12.8741579
2.8767181
8.1388502
23.4183474
5.9997569
4.5383989
5.6446593
5.7771503
3.3849737
3.9743628
2.5418314
4.8125810
2.7840009
10.2279562
3.0053599
6.3950652
8.0763801
5.2393736
20.0103701
2.9771213
19.9956312
7.0054026
3.1244494
2.0592120
2.4891993
7.2401269
7.5243112
2.3924789
5.3997418
7.7039958
1.6532998
5.4644467
2.6782245
3.6730201
18.1921162
2.8926426
4.3856276
13.1601862
3.9502742
5.7672915
3.3651362
5.0035040
1.2904645
5.3625259
4.4786393
4.1919273
1.5545994
4.7202400
2.5525830
1.3246786
1.1504228
0.6673706
0.9417948
2.7580599
0.8751996
0.8562979
4.1587768
5.4663250
3.0916261
1.4777497
3.9921924
5.1466928
4.1044626
1.8115935
2.9951658
8.1398906
5.1150993
9.2274377
12.3555562
2.3723112
2.7047515
5.3350812
3.5920255
3.3593462
1.8933114
1.3687327
2.7962916
2.2511255
3.2684844
1.6083970
3.0960915
1.7515035
2.8639022
8.8083304
5.9377908
3.1675289
2.1211002
2.2541966
5.1585334
3.2105164
0.9616258
1.5239779
8.5267585
2.3719084
5.6555909
2.3250236
3.5689125
6.9670106
4.8095405
6.7915790
12.8772930
3.4661433
3.4647811
3.0061257
5.8021612
6.4842094
3.4019814
2.3419703
4.9901441
3.1223059
4.7579222
6.6690103
1.8729709
2.5895838
3.0874993
2.1947992
3.8943567
3.9314173
4.2301468
4.0825839
4.2668867
4.3849082
4.6077904
3.3075508
3.2250870
2.9439806
4.7058904
21.9754108
4.8954120
1.2875351
2.3878962
3.7251119
4.0022250
23.0207879
1.0079489
2.7576512
1.8422035
6.1525483
9.0164278
2.5627177
3.6486046
2.3080038
2.0853527
2.2267010
1.0717056
6.9856745
2.2468164
4.7964253
1.2193123
3.9910883
4.4841614
2.6682278
3.0715021
0.7955159
3.7057547
10.5137268
3.6915754
2.0599088
3.1215218
4.6372591
2.7249922
3.5321312
2.8256682
6.0808781
1.6933278
2.0055157
1.5676015
4.8313823
0.9817829
5.3876655
0.2891028
1.1538488
4.1363916
4.6967396
2.6059901
7.7579874
3.1865188
4.8843093
1.7367660
0.9717482
3.7600668
1.3345442
3.7356779
2.6637631
2.0498386
0.8373830
1.2623063
2.7613915
2.4306402
1.6390041
3.2833950
3.6765559
5.1881150
2.1605182
2.7752044
2.6477365
4.5848933
3.2479890
2.8921542
1.6907893
3.3504417
1.2501586
2.8922212
4.8485757
1.6903557
5.2890476
2.1309170
4.5951576
2.6530853
1.4793448
2.3916496
1.6177368
3.6714827
4.0302430
3.0021605
3.9296624
0.9602827
1.7527618
7.6740094
3.5277409
3.9784924
1.2980993
4.7711660
3.1700222
2.4689063
3.8627713
3.2087172
3.6556607
4.9622990
3.1699916
2.7821847
3.9358355
3.7679942
6.1454357
3.9839209
1.0804238
3.1072679
3.3357906
5.1840424
3.2542524
5.2333914
3.5616041
1.0935758
3.2982454
2.4611845
6.7471090
6.7172529
3.0729945
3.4638624
4.2749504
10.5820981
1.8048359
4.8947170
3.1619448
2.2338446
1.9256902
2.3259136
1.7984286
1.5467894
5.4295464
2.9710245
2.4171390
4.0706323
6.4257124
3.3488893
1.9795496
3.1283062
1.7703048
1.7575187
2.4540819
7.2950567
2.8118716
2.4211395
1.4926030
1.2716763
3.7066476
1.8103437
1.4346279
5.4823359
2.2577461
1.9510917
1.0556587
5.8927948
2.3487674
6.4079054
3.6549163
3.1503934
3.5671531
0.9121371
3.7471494
1.6784975
4.4265916
1.5750258
1.2738692
2.9370433
1.9014683
2.4697154
4.3197908
2.6262195
2.3572680
3.7005301
1.4279466
2.6487403
2.1625019
5.2194013
3.8541901
3.3994802
4.3156563
3.8924533
4.5798873
3.7356745
1.0720338
1.3740023
4.6126611
1.8584856
3.2520537
2.4733492
3.2887672
3.0375631
0.7961447
3.6873308
3.6295016
2.2876519
2.8251296
1.8169842
2.9107719
1.1914046
2.0299705
3.4651303
3.2021694
1.5476721
1.2600227
2.4923951
1.3826230
3.0241269
1.6133789
1.4725324
4.3821105
3.7276323
3.1639834
3.4193167
1.5664610
2.8759875
3.1819064
1.3010631
3.1949215
1.9454916
2.1028276
2.4825971
1.5649393
2.1479728
4.3664550
2.1417315
2.7746635
0.7435538
2.3163352
1.9716384
1.3426780
0.7415024
2.8838628
6.2398650
2.5285966
2.8106456
1.8932577
3.1063315
2.9459533
3.8796352
4.0149852
3.4063093
2.9880586
1.2124521
1.2755764
4.1691590
2.5690324
1.7969342
1.7042808
3.0790665
2.7501882
2.3588103
2.4347961
1.3048556
3.8421066
2.2831257
2.4186065
1.0365691
3.3737405
2.5143953
3.0856415
3.2833495
3.9251985
2.9931339
3.3327726
4.2958441
3.0258252
2.3663974
2.6781567
4.9525244
3.0536938
1.5192102
4.2595775
2.4608927
2.5291890
3.4332232
2.4478238
3.6261076
2.9936031
2.9056514
1.8768265
3.1034263
2.7836264
2.2617834
1.6921916
3.2036516
3.8037099
3.3132222
4.4818444
3.1278149
2.9869253
2.7303421
2.1575398
1.8252232
5.3922287
1.8625954
3.6716190
1.4286173
1.4630874
1.8243491
3.2815043
1.7875846
4.0680225
1.8498381
2.1705971
2.3659063
4.3084616
3.7778480
1.7470331
1.5522514
3.1192750
2.3038674
1.3784696
4.1430858
1.7699603
1.0287861
2.6879825
1.1029221
2.4396635
3.0790280
3.5556413
4.9069930
1.9712669
1.8351306
2.1041112
0.9921587
2.0328477
1.8483808
4.3086816
1.4208351
5.0993272
1.0337167
5.0143995
0.7158015
5.1288611
2.2822739
4.9559379
1.4919227
2.1788999
3.8946710
2.3150600
2.8541336
2.9240928
3.7704879
1.6231095
1.7589574
1.7584399
2.2445386
2.1536379
1.2550379
2.9569223
3.0500531
4.6613347
1.8757569
3.0058651
3.8687376
1.1912508
1.8876809
2.0147836
1.9739376
4.0676328
2.3185986
3.8466404
5.2395969
2.1455604
1.8158070
4.6907505
1.8292889
5.0254815
0.8162926
3.6212470
2.9384652
2.8576005
8.3390289
4.6968836
2.2671025
1.0992294
3.3566973
2.2401352
3.2917722
1.9930220
0.9967227
1.3306935
2.6864101
0.7470943
1.9694248
0.4721138
1.9252006
1.8495750
1.8432667
6.4036350
0.8792973
2.2705062
3.5821934
0.9407608
1.5478349
1.8198169
1.5705974
3.7824974
0.9224652
3.6688598
2.8184396
1.6718510
1.3107959
2.6571533
2.2855505
2.0469713
1.1638865
1.6675941
2.3862305
3.0136094
2.5655278
2.0334112
2.5167806
2.0412001
1.9746857
1.3257260
0.2359352
1.2390515
1.5477885
1.8876631
2.4814161
0.9029192
2.0821131
2.1258620
1.7305731
1.1840057
1.0146701
1.4448925
1.8132214
2.0215805
2.5987766
1.6644178
1.1881741
1.7646272
2.0183978
1.2906897
3.5882281
2.6276812
1.5732677
1.3495438
2.0781500
0.7850696
1.4126118
0.2466956
3.2944975
2.4501758
1.6040654
3.0825034
2.8193171
1.6682065
1.0471642
2.4637184
3.3065985
2.4753546
4.3338064
3.2538479
2.4077045
4.9218064
2.1838250
3.9204001
3.2646286
4.6031558
2.9944624
1.5370957
3.1842863
5.5933841
3.1325924
6.9149112
2.3610669
3.8728395
5.7999147
3.6468670
3.9473636
6.4410609
4.1510249
0.9425062
5.0380229
3.8991032
1.8598902
3.2450766
3.1746172
2.7608560
6.3510853
2.5092104
5.1849671
1.7600351
2.7290779
4.5468794
8.2138219
8.3800570
3.4508277
3.9952788
11.8376305
2.2419661
11.6036589
0.8743005
29.2722853
6.2476456
6.7598649
5.3127728
21.2521544
5.8809153
178.1454692
19.0552167
34.4649330
3.7804032
49.7473717
3.6429073
16.9453381
42.3686999
11.3187117
25.1153748
4.8396615
4.7664677
11.9018771
15.5148945
169.5479367
63.3442093
37.2788235
27.7773861
166.0206288
8.0994292
54.8829415
33.1960154
64.6208496
33.9619758
24.1189639
53.9035277
26.5434921
71.5144517
56.9196819
169.8126089
78.4702677
59.6073926
65.6946950
33.6246332
30.8190219
159.1469616
117.8428180
57.3315627
37.8273854
45.2563108
95.7636641
89.1203547
16.3236327
72.1977632
130.1684958
115.6694850
82.7940796
57.0123226
163.0342775
41.0664811
65.6474907
101.3159026
140.6331180
85.2575200
147.1828569
174.5074741
11.9744241
30.5955024
14.0081541
21.0403319
26.8983858
7.6860207
10.1792119
128.7835033
17.1604989
7.5640594
160.0254097
38.8567201
6.2011901
14.0169201
12.4877918
8.0022023
74.8786137
39.2425686
74.0009249
30.5193205
173.9340856
56.8496867
11.4579246
161.3803405
178.0916589
78.8444670
179.6215714
5.1504209
131.2868086
31.1890176
18.8993769
10.4436398
19.6410014
34.3972522
16.3203405
27.3165151
59.8669955
89.3527205
11.9475013
8.2320108
9.8990168
17.4602039
13.3952988
11.2294295
26.4255159
5.9865454
27.3421550
15.1067893
54.7071334
43.4786395
71.1642387
8.6747954
51.3287441
37.6071024
67.3985045
24.9910473
179.6600343
12.8675747
0.7639708
23.5901909
49.0835237
147.0322924
22.2374322
179.4601958
11.2886296
37.6504844
28.9452005
10.3193854
13.8678929
10.6494939
6.4063742
8.5237267
28.6875218
7.3526626
3.2789561
30.1248873
5.0557173
61.6118811
32.2027558
93.6545405
6.8788440
11.6618684
7.9360602
22.4177367
2.4524566
18.5687969
33.2882612
11.1338590
41.1989115
9.6660568
12.4812912
15.8297230
177.3325145
30.3307147
38.5491872
33.9636836
5.8356152
21.5602834
7.1180747
7.9188056
23.5094943
24.9024842
176.5529854
179.6030888
4.4182077
171.9665650
11.7511146
178.5297321
178.6843461
106.4465797
5.7609265
43.4373406
4.4791382
10.1272627
29.6375405
19.5527434
54.4667679
55.3993760
26.1522927
5.8005742
177.4794897
31.5750426
143.7191207
10.5995465
13.2252441
178.3099636
23.2004777
176.3482649
30.2549222
3.0279415
66.6062412
91.5710783
58.3678805
16.9153888
128.7334014
92.0134932
136.3200555
84.7594375
108.6235845
10.2214100
30.5703513
28.8643910
128.9743316
178.4198986
34.8708447
16.9799424
172.0320911
20.4934172
179.6505689
177.4253644
33.2236085
3.1280587
172.8440351
4.6669958
176.6329631
177.5115507
136.4325141
154.5306434
3.8106610
172.0385971
65.0645311
5.8378654
4.9238916
60.3864370
56.9442998
83.2535094
14.9339870
84.6806067
3.7534058
5.4842648
14.9124313
38.0465215
84.1231542
123.7937778
45.8805110
164.2846887
44.8019109
54.7715238
44.9948652
63.6164126
81.5336142
3.0704348
7.1902546
56.5947498
44.7342757
63.5968393
32.0373684
115.7487097
66.9672261
30.0887256
38.9068122
76.2493055
57.5197052
37.2249249
90.9294417
153.5050505
28.5823808
3.3947420
29.7731292
44.9496058
64.5919374
19.2566188
53.5283566
109.4752912
27.6017125
12.1506921
54.7763763
92.4273942
93.3393573
64.6889191
19.0794506
32.8017756
16.8982235
91.1822630
58.3110496
19.4462620
14.5406763
81.4600098
74.9729889
66.1344843
73.6232752
47.9641115
12.1572698
35.8545189
6.4111369
19.3850142
46.0940453
23.3814604
13.4779822
57.3589822
28.2605964
61.3175086
30.8602260
34.6328141
9.8018697
23.9686757
18.0509972
71.2912444
9.4888115
6.3038014
44.3405642
30.2875442
20.2012389
43.7669871
3.9133948
4.0829690
24.0938829
48.6520061
20.2068128
18.6151075
7.2968604
64.9495287
50.4665085
6.0141017
47.1123322
17.7129996
36.4470967
10.8095449
13.9382659
23.0912617
10.3115283
11.9237884
31.9341038
15.8565182
9.0169688
16.5041840
12.9214679
6.0586058
6.9188900
11.9227395
8.0691095
15.2052437
7.9168207
25.5831242
6.0480033
8.9065727
138.0261356
86.0089533
6.3332561
33.2584471
10.8217966
5.1144596
13.2082222
13.1336052
14.1214331
24.7322826
16.0659500
17.5102636
7.1718773
9.5058871
15.8298584
3.1710281
4.7027697
8.2692778
8.3974457
5.2383836
13.8693135
13.9136986
4.2314446
4.4152726
7.0161591
4.6375920
7.2311078
20.8555553
14.2790417
7.6836341
17.2703725
3.6958939
10.0315008
9.0298007
7.9600557
4.9104116
25.6540839
23.8007870
2.7910309
28.3301922
6.6298958
126.8208385
23.6647160
47.4277253
9.3671754
46.0155007
21.5372119
10.5215460
7.8675608
32.8933943
25.1007212
17.1669189
9.8497722
7.9718009
12.6647343
10.4116109
12.4578599
20.2302025
36.7043293
11.8677060
7.2154023
7.6510066
8.3744096
40.8420406
12.3415530
34.4193744
18.5411779
20.5807804
23.2467367
15.7323030
29.6055478
46.9282599
29.3790380
32.7525920
47.2049217
32.3725365
18.1352824
90.1769258
26.1654332
33.5301373
38.0149363
49.3291874
35.1782727
24.7035667
20.6143707
34.9902651
22.7949645
17.4229715
45.9778963
14.9343563
18.1357795
15.4682037
29.7900740
20.6046421
5.5401131
26.2080092
19.5064781
28.5813333
26.0612937
8.4393877
11.8964324
26.1277673
13.2936714
22.2878340
26.7371752
27.0641095
15.0653620
33.4955010
44.4631459
18.7399793
8.2460894
35.8318131
26.4211246
6.7178929
12.0168448
18.0481391
27.4106669
44.8605542
22.1423021
19.4769651
19.8877730
31.0152894
29.4735964
154.1983175
32.1233667
37.8670338
152.6241889
56.5507874
174.2822664
173.6149278
73.2155554
53.3776107
102.8551951
89.3888726
67.6551693
121.2782802
54.1022063
107.5712738
94.4333476
78.2978148
83.8836771
67.5115785
95.0834092
90.5924100
27.0355416
57.1488554
37.1184180
55.0889117
55.6714828
62.6881906
54.7916977
51.6980329
63.0687276
68.9041259
22.5829322
54.2232464
144.5300238
94.2353455
