1.0020397
1.8708635
1.1152367
1.6556215
2.8222076
1.3154360
0.7022073
1.1011330
0.9374611
1.5063097
1.5160301
0.3869579
1.5019733
1.3612188
1.7109142
1.9562370
1.2130856
1.3637668
1.5425267
1.3279979
1.5310759
0.9851770
1.1541038
1.3077866
1.0076832
1.3736675
1.2098830
0.8695781
1.8769485
1.0110481
2.0464184
0.8823502
0.5371329
2.6437587
1.5326594
1.9407452
0.8057079
0.6532056
2.6294181
2.2414522
1.3863177
1.9009146
0.8677422
0.9186779
0.9205277
2.0055720
1.1812264
1.9520523
0.9085388
1.5295372
2.6554012
1.2642717
1.1236267
1.4660008
1.1849476
1.6658062
0.4410449
1.8844606
2.4909789
0.9740758
0.6759143
0.9882036
1.5136776
1.5145871
1.8942907
0.9086276
1.5833598
1.1170509
1.1054332
0.8257366
2.0019440
1.4792736
1.5496286
1.9172318
1.1843870
2.1085848
1.8172045
1.4109383
1.3343497
0.8117291
0.7604518
0.9262840
0.8359810
1.9581266
1.5182455
1.2401329
1.3739190
1.3243813
1.1648583
2.1450640
1.1079607
0.6318750
0.9841393
1.3633755
1.7353510
1.2273298
1.6143461
1.0565276
1.4685086
1.2440235
1.1924210
1.7867919
2.3499517
1.4673844
2.0255807
1.0140526
0.9050541
0.7432436
1.0639301
0.9043215
1.2676019
1.7301058
2.6463837
1.7320435
1.0742428
0.7533257
2.6204072
0.6009067
1.5435445
1.5107649
2.3488795
6.1219000
6.1536178
5.6674571
4.0489262
3.5555324
2.4893905
1.4103864
2.3132627
2.3976612
1.2762443
3.6721533
4.2541126
4.7610124
4.3128024
2.3252878
2.3379096
3.0173884
3.4107036
0.7136810
1.5293428
1.9344183
2.3471432
2.5025414
2.8640472
1.6093715
2.6259470
1.4036432
1.4062398
2.4131013
1.9586606
1.2227453
4.3900793
2.9157636
2.8444940
3.1280459
1.4850554
1.8308182
1.4645773
0.9393866
1.6077856
0.5475907
1.5868351
2.2621383
1.1780025
2.0144595
0.8761189
3.0938481
2.2800243
2.5675713
2.8573014
1.6380424
2.0387473
2.0357041
2.6997185
2.6046482
2.7461623
3.2559754
3.1162534
2.5846652
2.6429481
1.7167817
4.2392869
4.5313133
6.2740123
4.5315760
5.8468481
6.3846874
4.6828788
3.4060380
3.1202828
0.7719453
3.8747466
2.6015457
2.7065149
8.8808503
2.8791232
1.8559511
1.3354517
6.7590385
4.5285254
1.0566174
3.4850623
6.4012035
1.2217392
1.3179447
3.0180604
2.1736923
1.4220691
2.6031211
1.6610935
1.0834314
1.1691396
2.7304975
1.5962390
2.0957702
1.4374510
0.3953729
1.7332661
1.6596666
1.8510586
2.0649821
1.4106559
2.2878043
1.3412716
1.0952319
0.9926824
1.5923897
1.6515236
0.9000432
1.0626902
1.4035464
1.4656147
1.7285486
0.8134270
0.6944476
0.7186539
1.6700561
1.5619729
0.5239437
1.1784946
1.9451306
4.2370288
1.7792815
1.7377323
3.3054994
1.7733625
0.7242600
2.5941733
2.1193527
1.8899801
2.0906500
1.5678477
2.3447102
3.3904258
2.6058359
2.4075216
2.1242490
2.1273257
5.1190410
5.1219758
2.1948589
1.7693021
1.8595232
4.7074917
5.2831641
2.7545916
2.8881013
3.3420847
2.3678049
2.7684013
1.0307270
1.5199076
1.4675444
4.2035734
0.6450192
2.1726879
0.7761381
0.7857358
0.4639154
1.6689721
0.0528181
2.0844217
1.6507826
1.0968967
1.3519236
1.9701083
2.4401036
2.0552146
1.4108271
0.9900777
1.4791814
1.0948376
1.0110295
1.7345552
2.8742732
1.1024787
3.3245487
3.0682762
1.6925843
1.4761985
1.4001011
2.3438284
3.2521967
1.5049414
2.9946055
2.8869331
2.6214451
2.4084019
3.0926896
3.5377517
2.5362857
4.8789322
4.8649028
3.4633648
3.4507642
2.5871580
5.6292748
1.6665623
1.6375547
3.0536522
0.9419964
3.9638299
2.7180681
2.0942710
2.4213499
3.7096145
2.2648327
2.6291306
3.2873462
2.1967180
2.3782550
2.5030221
3.8767796
2.3292272
3.7693772
1.7217589
2.0896830
1.8916378
0.9489301
1.9152598
3.1876122
3.7901182
1.4909516
2.0263336
2.0567037
2.3499862
1.6260190
1.3934776
1.6040345
1.3366993
1.7660789
0.9510849
1.0066836
0.7580529
0.3363277
1.9338024
0.1852427
1.8690813
0.5382969
1.4406589
0.4589434
0.9241419
1.2123413
1.4128438
2.1591029
2.5140887
0.4741682
1.8697527
1.6406196
0.5963132
3.3135528
1.9363897
2.1492491
0.3073914
0.6992395
1.3909645
1.5961201
0.7033649
2.5821196
1.1641723
0.7761426
0.9731023
1.5193204
1.3090610
1.1108400
0.9405215
0.9876570
2.0928082
0.4606885
2.2293780
0.9252964
0.9821745
1.5134900
0.7869888
2.2750164
2.7027611
0.7992177
2.0325922
4.0056570
1.5141130
1.1008184
1.7762058
1.1470002
0.7843617
0.7402558
2.8371609
0.5742374
1.4608004
2.0005678
2.1751142
0.5004169
1.6281852
1.2676631
2.5435814
1.1911169
0.5731211
1.3806062
1.5927376
1.9874786
0.5156423
1.9557489
1.8165530
1.2639236
1.4868717
1.4787745
1.5601886
0.6812579
0.7147337
2.7248347
0.8530226
0.6137107
0.8078027
1.0712065
0.4464242
0.7211153
0.8320010
0.8042885
1.6298892
2.0873945
0.2816833
1.0771528
0.7699415
1.3555177
1.1409645
1.8279704
0.7467844
2.0254136
1.1410460
1.5912412
1.4587971
0.3906012
0.7571910
1.0657390
0.9581648
1.8875555
2.0824002
2.5675010
3.2360644
2.3655030
1.9157233
1.8443076
1.9227111
3.2822197
3.2537469
2.5247570
5.9845584
3.9154556
3.6750220
1.3858040
1.0209159
2.0593845
1.4042213
1.5089941
1.3986767
2.8348741
17.0001426
21.0246980
21.1414779
19.3982740
12.7688824
7.0121719
6.3274055
3.2504103
2.7109016
2.2629007
1.3662698
3.1784018
2.7641993
2.0072043
2.9501944
2.6459211
6.0778749
2.5958466
1.5687340
1.1723105
1.8575518
2.5718142
2.4823947
1.3415296
2.6324510
1.6262744
2.1579793
1.3022184
1.6281426
2.5589682
1.6346889
1.2887027
0.8923506
2.1375814
1.8567818
1.9846658
1.5137441
1.7618186
0.7530658
1.5112319
2.6619882
2.6040843
1.9554942
2.6942153
2.4404682
2.2224747
2.4187847
2.5217282
0.7486276
1.0549209
1.4578558
2.3645072
2.9033854
1.6663822
3.3277663
3.8696423
3.6774820
2.9965504
1.8341873
2.6249302
1.1033757
2.8393942
1.5688548
1.7040691
2.0230757
0.5897590
2.6448091
2.3452194
1.8289431
2.7205259
1.0464569
2.7621263
1.1891339
2.0954689
2.8918141
2.0495916
2.8586133
2.0917724
1.0076163
3.4925988
1.1228907
3.5492244
2.1581863
1.0623334
5.3541959
0.4810379
2.1736160
2.5399742
0.4024703
2.1320566
1.0154156
1.6441977
1.8893314
2.2296267
3.1234229
1.7971014
1.2886159
1.6137187
3.9260445
2.5523090
1.4965392
2.1358681
1.8481536
2.0547930
2.0345171
0.9340510
0.8819525
2.5549577
1.4649669
0.8764848
1.9677795
2.1311614
1.3370002
1.6356541
1.7446038
0.8427806
1.9108159
1.7632782
1.0624294
1.0097506
1.5112557
0.3508707
0.5585304
0.6872361
0.9054191
1.4935988
1.1769227
0.9163409
1.2903385
1.0320668
1.1396771
1.2032444
0.6222883
1.8542065
0.5912482
2.4732331
1.9575910
0.7050825
2.0707573
1.6519986
2.0568768
3.0242229
2.8769030
1.1978946
1.4974072
1.6374200
1.7789411
1.3748538
3.3916662
2.4799037
2.6432756
0.8951744
2.1249433
2.7063630
0.5988707
0.7241536
0.8922123
1.4929387
1.3929365
2.0140091
1.3504579
2.5839768
1.0402162
1.8477085
1.4176675
0.3674213
1.6128498
2.7667959
2.5521297
1.0408136
0.8434957
1.4939977
0.9496569
1.1571903
1.2306646
1.1792020
0.4929494
0.1984980
0.6733737
0.9232264
1.4923130
1.7343955
1.8737194
1.5349191
2.0964827
2.3366281
1.3556453
2.0028220
1.6109017
2.2754440
0.9995635
0.9953851
1.0886466
1.5701903
0.5287718
1.1819855
1.4907459
0.6535311
0.7296157
1.0748104
0.9581258
1.4941460
2.2799403
0.7235558
2.2706741
1.3195201
2.1633897
1.7435030
1.8168168
1.6350611
2.3302295
1.7809586
1.4341594
0.7534010
2.4746008
3.8516092
4.1763596
5.6334127
5.4436407
2.9689038
1.8315826
2.4813584
3.4925407
2.0203417
0.3134485
1.8278338
1.6440632
1.6453475
1.9468263
1.2078218
1.7667129
0.8229383
2.3666920
0.5461248
2.6622492
2.0499743
3.1219161
2.8773438
2.3219805
0.6083939
1.9601808
1.9903762
1.2468289
1.5910489
2.2528790
1.7618216
3.0221913
1.4235870
1.4347817
0.6923287
2.8071664
3.0509773
2.9036083
3.0740325
2.6867657
5.0886886
2.6397581
5.9139313
2.5094921
0.9853435
1.7297253
3.4042838
1.6551428
3.0627414
4.1694720
2.6832211
2.4876164
2.5994265
6.2440429
13.4879249
9.3011971
5.1225358
3.4922205
3.8218694
5.8315019
8.0161180
5.9564722
5.9936336
3.3572875
7.7580528
4.1456953
3.4056608
1.5581935
2.2839986
3.3765379
0.5625002
1.2164809
1.7801855
1.3245885
5.5234508
3.8747292
1.5137960
7.1608947
5.8627827
3.7296274
3.2622506
2.5279768
4.4399502
8.6617913
5.7512502
1.4885251
2.6520473
2.0558299
3.1239695
2.1378048
2.3464073
3.8067054
4.5758548
3.7305409
1.5581101
1.9103303
3.2850266
3.0933630
1.9723155
3.0239480
0.5669427
2.8035009
5.9187721
1.3701670
1.3313606
1.6177818
2.3113818
4.0241767
2.3887719
5.9589400
2.1273020
2.7864061
4.5607686
1.7226129
2.8561031
0.6487436
2.2054444
1.6655445
1.5965096
2.1182362
0.7956721
1.7535423
0.6101443
1.2685754
2.8678535
1.1570788
4.8500137
0.4475229
0.5609673
2.3065581
3.3548620
1.2903741
2.0027622
3.0813981
0.9798916
3.3904901
0.6584894
2.9034379
4.1389365
0.7584189
2.9449059
1.9558253
2.5608887
4.5654292
1.3281090
3.8910223
2.7711397
3.8317376
2.5649816
1.1918685
3.2586675
0.9855530
1.2369179
2.3029220
1.0599037
3.2109106
1.2833184
0.7391304
1.1299165
4.6066219
1.6700513
1.8855381
1.6960921
1.0827994
1.4019683
2.5265146
3.3232265
4.4728194
2.6472178
1.9192946
2.7373379
2.7574821
2.3325887
1.7712910
2.8284332
1.1489624
0.7235926
1.3192614
1.8438262
1.6548235
0.3934622
2.2939575
3.4409569
2.5701024
3.7965737
0.9559455
0.7106320
1.7518259
2.2254980
2.1845827
1.5583259
3.4641980
4.2553226
4.3401897
2.8449607
1.3543538
1.3883652
1.3710161
2.8615558
1.9071075
1.0756970
1.7522342
1.6282399
1.7051251
1.2466800
2.2890619
1.1336908
1.5175507
1.4189272
1.8198006
1.4185377
1.2268956
1.6921043
1.2746025
3.2547310
1.6082107
0.5748680
1.4073702
1.0907268
1.2729317
1.3723197
0.5810938
1.0076397
1.5437136
1.4360018
1.6999105
1.3027587
0.8036593
0.6878315
0.9489396
2.0778160
1.5095237
0.8837728
1.4284751
1.4840835
1.7687715
1.8590232
1.9998410
2.4055980
2.6341231
2.6927263
2.0165416
1.7302212
3.5722847
5.9544458
5.6872208
2.6182738
1.3590087
2.4811957
2.9403317
2.9747421
3.5209020
1.8544990
0.9604213
2.7404701
0.4970364
3.4661241
1.6090343
2.9745591
2.1243447
1.2515994
1.4736532
1.9375541
2.4197770
2.2437678
2.9920071
0.7260657
1.4580623
1.3527833
2.7029971
1.0837234
0.5280714
4.6012524
1.0579779
0.7350555
1.5992660
2.3057592
1.5488450
1.8248790
2.5075070
1.8739115
2.0099896
0.5554075
2.0412921
1.1460313
0.7074758
1.1162911
1.9131974
0.8502772
1.5196331
1.1891950
1.6470071
1.8728726
1.6813515
2.9458711
0.8915424
1.8104507
0.9945725
0.8749787
1.6842826
1.2434461
1.4620884
1.3504639
1.3289870
1.1492674
1.6968895
2.2767291
1.6036074
2.6215728
1.6638002
2.6761768
2.8695604
1.6212214
1.7061978
2.5137026
2.3261173
3.0152262
1.2050816
2.8722258
2.7033049
1.1868389
0.9494021
0.5874020
1.3572382
1.8776592
1.2835126
1.3816087
1.0722278
2.3967983
1.6567510
2.6677571
1.7017613
1.2132955
3.6582578
1.4205173
2.4932408
1.2284960
1.6967350
0.9082081
2.3555569
4.0398117
2.0428913
2.5725938
1.9727628
2.0789167
2.9445983
0.8571736
1.8599255
1.8123280
1.8858059
3.3716467
1.2876041
2.3079456
3.1626796
3.1311576
2.0379950
2.2606295
3.6131139
2.9846712
2.3078017
1.5907651
1.4790972
1.4788016
2.7603004
0.8133677
3.4540913
1.6989285
2.6929311
0.8451614
2.9049883
2.0149868
1.5999773
2.0015208
0.5424655
1.5233146
1.7180130
2.2239007
0.7909556
0.9405183
0.8005076
0.4615234
2.4403103
0.5812775
2.0374511
1.3044343
0.7714458
1.4352731
0.8401896
1.3946974
1.1383519
0.5507054
1.6944292
0.7702481
1.2340924
1.2690952
1.0518851
1.2637129
1.1899567
1.6326813
1.0493045
1.3261650
0.6350549
0.8231635
0.9130804
1.0720311
0.6486019
2.5161526
1.0062031
0.4810261
1.8874456
0.9329751
1.4337271
1.9768001
0.4154581
2.3615691
0.9060847
1.7087465
0.8724359
1.6015827
2.1684467
1.0510921
0.9727878
0.9789176
0.2741277
0.9919496
0.1128744
2.0584770
0.5759993
0.7614246
0.4431095
0.7158978
0.8776334
0.9392557
1.3301130
0.5923925
0.3101808
0.3879410
0.9174965
0.8793878
1.2017949
2.1644439
0.9733531
1.2497931
1.3183643
1.0095260
0.7749290
0.6756487
0.4792820
1.3163708
1.2790442
0.9162589
0.9177387
1.3290547
0.8608537
3.0465033
3.3501652
1.1171401
1.6929513
2.3037738
0.8546387
2.4607759
2.3185590
2.7032505
2.2139174
2.7772515
2.8534212
1.1760616
1.9834375
1.3343157
0.9171571
2.9104536
0.9580044
1.6563969
0.9538646
1.3080606
1.0446452
1.6163372
1.4760429
1.5932524
1.4949927
2.6040996
1.9435204
2.2008791
1.6270204
0.8747615
1.5298305
2.5545318
2.4007785
3.2684225
1.7150103
2.2063562
3.1880539
1.6133563
2.4319822
1.3708274
2.2398209
2.0130797
2.8065348
3.9875729
2.3048830
3.8883897
5.6385453
4.9253672
3.0171767
2.3555035
1.8580444
2.4934774
1.8292536
3.7201494
4.4816194
5.4786280
6.4442722
1.6860349
8.8034598
8.6699443
5.0188912
3.9940114
5.0364746
4.4545320
4.9242444
3.4791955
2.6804265
2.4185807
5.7296680
5.6050581
7.8902007
7.6897279
6.1170498
5.1409729
4.1418906
1.8158311
7.2493520
4.0153595
2.5117784
3.0268248
3.9428459
2.3294235
0.9243085
1.7382059
0.3070978
4.4083259
3.4859018
4.3806779
2.4971922
3.7360711
3.2122378
3.8896159
1.8209446
2.2026469
2.4707208
1.0824440
3.4018392
2.1687564
3.8834790
3.1871076
5.0303135
2.7443879
2.7779565
4.5380835
4.8843773
6.2763257
4.1668075
3.0262957
3.6995924
4.9872047
6.8019053
5.2600707
3.3962055
1.8256937
3.4333484
2.0586072
1.6577425
2.2825426
3.7321764
1.3984844
2.1382021
2.4311879
1.2808484
0.5993340
2.3477888
2.5429389
1.4513833
0.9632225
1.9282043
1.7411765
3.5137255
5.7123259
4.8204124
4.1935274
3.3178802
1.7739972
4.0597218
3.7748225
2.3092607
2.4074603
3.4693480
1.8588572
1.6467268
3.0783958
1.7192992
7.1348579
1.4280439
1.6884887
2.7412735
1.1268884
2.8306360
2.1891212
1.1531719
2.5005468
1.1920574
2.0674052
3.4051371
1.9071773
2.9637891
1.9940410
1.1958340
1.4628860
0.8788772
4.4322056
2.2762197
2.7793631
2.9360630
2.2305644
2.2392079
2.0570286
1.1649431
1.4411323
1.3057867
1.6056688
2.3026646
1.1176367
1.6766634
1.3574374
1.7019952
1.5193335
0.8445882
1.5966240
0.7074753
1.1976328
2.3905757
0.6488644
1.8344078
0.9254828
0.8074356
2.2087626
1.9635337
3.1100302
2.5660373
1.8328550
1.1525065
0.5945497
2.6086606
1.3956261
1.6984155
1.2104980
1.8468539
1.0668529
1.6356278
2.6357664
0.9661864
1.1781577
1.0888406
0.5972610
2.3829300
0.9342811
1.6704333
2.0356963
1.5433520
1.5134725
1.2208042
0.8633565
0.7282485
1.2124615
0.7543754
1.1767771
1.2014446
0.9620596
2.5092141
1.0428596
1.8336156
1.9706914
1.6825751
1.4107728
2.0278590
3.5648873
1.6818867
1.9774769
2.6767547
0.3131408
2.5240283
1.2758601
2.7820221
2.0594256
0.9794554
1.7482644
0.3854954
1.3773344
0.9807027
1.9543529
2.5946175
0.6890349
1.8399877
1.4549343
2.4574579
2.7807859
0.6174696
1.0652461
0.9105966
0.6764547
0.6317164
1.8001160
1.4005350
1.0835836
0.8444549
2.8346192
0.4376501
3.0433535
1.1288579
0.6047994
1.2740222
1.9465190
1.9215233
2.0709833
3.1808997
4.8917355
1.1062460
0.9979885
4.5377567
1.5692655
3.8552576
3.4852518
8.8055096
8.6455956
7.1125436
7.2417135
2.9398255
3.1047056
2.3008994
4.1354839
2.5574431
2.1905603
5.0682007
1.1150725
1.3566751
1.6427616
4.6451275
3.3467892
3.3292411
4.1352718
4.9023818
5.4805640
6.2052632
7.3479635
2.6857539
5.0497552
2.0567695
2.4300367
1.5790504
2.7057270
3.0090236
0.9082822
1.6686363
0.4963285
1.4633526
0.8616192
1.9049140
1.8846026
1.9314776
2.6155224
2.1201792
3.0338985
1.2463921
0.7041789
3.8721635
2.1108073
1.6119174
3.7843189
2.5711971
2.6220930
3.7334913
1.4710185
1.9099713
2.3620608
5.1468136
4.0153828
2.0821270
3.7079225
1.9604976
2.1333100
2.2627891
3.0715501
3.9148458
1.7725201
1.4416916
2.6466320
1.3602151
1.2019214
1.1503916
2.5200512
1.8872708
1.5146836
1.3843369
1.5700411
1.6924755
2.7996288
1.3794317
1.3926630
2.0061654
1.9818725
2.5266989
0.9264575
2.0526303
2.3572294
2.0774916
1.2990812
2.4514331
3.1620926
2.1774569
3.3341953
3.3680978
1.7377707
0.9487173
2.4689814
2.2304710
1.9480226
1.0092896
1.2304981
1.3960077
0.8565111
2.4083655
1.0398750
2.4469821
3.0263407
2.5889979
1.8000229
2.8248777
1.5015332
0.7709360
0.6614669
2.1039573
1.0465974
1.3050468
1.1296045
0.6234949
1.9338201
0.3674932
1.4173874
0.6952543
1.1657275
2.0357054
1.3056914
2.8431071
2.6948996
1.5113377
1.5614957
1.4740794
1.7857851
1.5078546
1.1466360
1.3073714
2.0256291
1.0663522
1.3792938
1.0405662
3.5289337
0.8464484
1.4601917
1.2493987
0.9485536
0.5840586
2.0445012
4.4871868
1.8154508
2.3425706
2.4379879
2.5234651
1.9298076
1.7957968
2.2944477
2.8756800
3.0610037
2.9269082
4.6370739
4.5020482
3.7625887
3.6116800
3.0451609
2.5793814
1.2873805
0.7072749
0.9369036
1.4513674
1.1943816
2.0216776
1.3937631
0.6747449
1.4231014
0.7323101
0.9493826
2.9269554
1.6813114
0.9175096
0.7477504
1.4198612
0.9159166
1.1280526
1.3986168
3.2989370
0.9896954
0.8151273
1.5797441
1.3173927
1.5151986
3.5356674
2.4216177
1.4796023
0.6958966
1.3759955
2.8011214
1.9704587
2.0881283
1.4204245
1.3484084
1.3077283
1.9936977
0.5963693
1.2207522
1.5964553
1.8111745
1.3637316
1.6097093
1.9815704
0.3757398
3.8014887
2.3820289
3.3875626
1.8728678
1.1366402
2.7991666
0.5458799
2.9139431
1.5148635
1.4228983
2.5640592
1.0988418
1.1767013
1.4006493
0.8208858
2.2186966
1.6426403
1.1542284
0.7224504
0.9757087
1.3164678
0.8683965
1.3224854
1.3095831
1.3578633
0.5570093
1.4507139
0.9263279
2.3990835
1.4664125
1.6211310
1.6566888
0.6879271
1.4992781
2.8172773
1.0228716
2.8892698
0.9960584
1.2865432
3.2837893
1.1231021
2.6116812
1.3248537
0.8793812
3.9912352
0.9774647
2.8132341
1.6899718
1.3177311
3.1775496
2.1266686
0.9072007
2.8123785
1.5581400
2.6755448
0.9617863
1.1199458
1.1546379
2.1291578
2.1429388
2.2099485
0.5749812
1.9221610
1.4194176
2.1689976
1.2281918
1.0185913
1.9073105
2.2588960
1.0086036
1.5172661
0.9255378
2.9685150
1.5127509
1.8996166
1.7663053
0.5199941
1.9261096
1.4008881
0.9333133
1.4033478
1.1219702
2.8544713
0.5199548
1.5362911
2.2503942
0.6273542
1.7881935
2.5156886
3.3027413
2.0825983
0.9916043
2.5348846
1.2524316
1.7569036
1.8994575
1.5717401
1.5695926
2.5819084
0.3218152
0.8888030
4.4346578
1.5192043
1.4075287
3.1742386
0.6968777
2.7326647
1.6237529
2.7095493
1.7545560
1.5997363
2.9058890
1.4151270
2.1462849
1.7052338
1.4251366
2.4393832
2.3488434
1.2480793
0.9971191
1.3066770
3.4069154
4.6609355
0.6569626
1.3019002
1.7141126
1.0271762
2.6114748
0.4821301
1.3663010
2.0779007
2.4792349
1.0799448
1.7864954
1.4235671
2.3424429
2.3699157
1.9471035
1.8907946
1.3901647
1.5968663
1.7949933
0.7987507
0.5504003
1.1936590
0.5484041
0.8786053
1.1737697
0.9439030
1.1668929
0.8411158
1.8335836
1.2799611
1.4049388
1.4850189
0.6945839
0.6769637
1.3783291
0.3289873
1.0242539
0.8345768
1.3456019
1.0275642
0.8142323
0.9940285
1.5573839
1.3543981
0.7182675
0.9817686
1.4293185
0.8921980
1.2588643
1.4280173
1.3968850
1.1901651
1.5765457
1.2153403
0.9270374
2.7289564
4.7919160
2.8815806
0.4531575
2.7371685
1.0742049
2.0395639
1.1397831
1.8473900
1.9960978
3.2516610
2.8544342
1.9891302
1.6526862
0.9220867
2.2913773
2.6909924
2.0591580
3.5506810
1.8250540
2.6238536
3.0609589
1.3460368
3.0473662
1.0447514
1.1029092
1.6239133
1.0677231
2.7300556
1.5739851
1.4526197
1.5246237
1.3002583
1.8752189
1.6453759
0.7286599
1.2346072
2.0358976
1.2726742
1.6385741
1.1429545
0.8534547
1.4210831
0.5127145
1.3950549
0.1434520
0.6370514
0.6383204
0.8269404
0.8989411
1.1559737
0.6229283
1.5259450
0.4470072
0.6266069
0.5761080
1.5302870
0.8494626
1.1898599
0.6270874
0.6658123
1.1192095
0.4033673
0.6596182
1.3361727
0.5905309
1.1771943
1.3434965
0.9342169
1.4961248
0.4912375
1.4123877
1.0800903
0.7564785
0.2156327
0.7611946
1.0128854
0.3709460
1.3565678
1.2166820
0.9072399
0.9038067
0.4047567
0.7491690
0.7428136
0.6094622
0.1756702
0.2811281
1.9297026
0.6153738
2.1528359
0.9093914
0.7704180
1.4640894
0.5833773
2.0663639
2.4305293
2.0537089
2.3444195
0.7713829
2.0970650
1.2965255
1.0460483
1.5353132
1.1958913
2.8310730
0.9679835
0.8706576
1.7404430
0.4342277
2.5620783
0.6995804
0.7402818
2.0570374
1.2852630
2.2437980
2.1839858
3.6238293
3.0154125
0.8217470
1.3974832
1.8988613
2.1676434
0.7475485
1.0187540
1.5771916
0.8736734
0.8890544
0.3244930
0.8445461
1.6024755
1.0473126
2.0437867
1.6717383
2.6020181
2.9797572
1.8746793
2.2449132
1.8762026
1.4880304
1.9089518
1.8835758
1.4156815
1.7366133
2.1271979
2.4776911
1.2660560
0.6180575
1.1446025
1.4794855
1.1792168
0.6457773
0.6835180
1.3166754
0.5944505
1.5950192
2.2620439
1.8266485
1.2958489
1.4618248
1.3505295
0.6312892
1.1283757
1.1247311
1.7476793
1.7981242
1.4999119
1.6200107
1.4214361
1.2727794
3.1079629
0.8156240
1.4429936
2.8903315
1.3239426
3.3224435
0.8477915
3.1432635
2.0516715
1.0663145
3.7891014
1.1336977
2.6489370
2.3165156
1.2862990
3.5888122
0.5031439
3.1328257
1.6828401
1.2223261
2.2924273
1.5707178
1.5646770
1.5345518
1.6399912
2.1994199
1.5776890
1.1306754
0.4500561
2.3722551
1.2722512
0.7659260
1.4913788
1.0391941
1.5557029
2.3530215
1.1775888
0.8355274
3.0000005
0.8459673
3.3952771
0.7924120
2.8986538
4.3484214
1.9095931
4.5017927
4.5571464
3.2008599
5.0061564
2.5635562
3.7477215
3.1068719
2.8673234
4.7882774
2.6749888
3.2381454
1.6118405
2.8182821
3.8814311
1.8732260
3.0545318
2.3602187
2.6319826
2.5472383
1.3549794
1.6759043
1.1392705
0.9462913
0.3925305
2.3708578
0.5193581
0.5200738
0.9897330
1.6801891
1.4855135
1.0192885
1.0174171
2.3306613
1.4764527
3.2465367
1.8722640
0.9168143
3.8291375
4.3396580
3.3196666
2.3638081
3.7945094
4.3500850
3.0346896
3.5809505
2.8581609
4.8842778
3.9129053
2.9930267
3.2319514
1.1413232
2.4089473
0.4439676
1.0600073
1.8638718
0.6581290
1.8029342
2.0936234
2.7593554
0.7970887
2.0244096
2.7469341
2.5556425
4.1193699
1.2772987
2.8821130
1.5581032
1.5110968
3.0865151
2.5936749
3.0842362
1.2311247
2.4146931
1.2408688
1.7984665
3.1822225
3.0109847
1.7640634
1.8336330
2.3765020
2.3085888
2.1918208
2.3215832
2.1110708
2.7622518
1.8580566
2.7183353
0.9231837
2.5146348
2.3789766
0.8495615
2.4764047
1.5453560
2.1235963
0.7910053
1.3727352
3.0881098
2.1355991
0.8896317
1.2218488
0.7477749
0.9754490
2.2155716
0.3663710
2.0749254
1.4746844
1.3724070
1.3772462
2.1486882
2.3434208
2.8570492
2.0234855
2.1010541
1.8346057
1.7106244
1.5862680
1.9028809
1.8624439
1.9577378
1.4692367
1.5094785
1.9856636
3.0994761
3.4443039
3.0561714
5.8366734
7.8402535
4.8946043
1.8250604
3.1360810
2.6235287
2.5630947
2.9940229
3.2315054
0.9322560
1.9367502
1.6727133
2.6385271
2.0319321
2.2014170
3.5482480
2.7803544
2.2691187
1.8281946
0.9838810
2.1150548
0.6588104
0.9549993
1.1878061
0.9037285
0.8363351
0.9686602
0.9953418
0.1687336
1.3372545
0.7666190
0.4812924
0.8502436
0.8646312
1.1269705
2.0661795
0.7679117
1.1652762
1.1810446
0.8669269
1.6792431
1.2141938
1.9272369
0.8265172
0.5381868
1.0642745
1.1489936
1.8298106
1.7153379
1.0178878
0.9253235
0.7984945
0.8181222
1.2111216
1.0401906
0.4163596
0.7538020
0.7698491
0.9510252
0.8612301
1.2408710
1.2607148
0.1583890
0.8860340
1.2987044
0.6435834
1.5201939
0.5331701
1.7623982
2.1872713
0.5926889
2.4323847
0.6371255
1.8916759
0.8807062
1.4574120
2.3628733
1.5525285
2.5772947
2.1074595
1.0236344
1.9649368
1.7351376
2.4000160
1.5312380
1.0826819
3.0514317
1.0026590
1.0546984
1.9348652
2.5219527
1.8459637
1.4067839
1.3257876
3.4930852
1.6191054
1.7102830
2.8931028
0.6497101
3.9479010
1.8375026
2.1276516
2.0956203
2.3292861
2.3870509
2.5065777
3.8920671
2.2037242
2.6683367
2.9581005
2.9192569
3.1236195
3.1551793
2.0746519
2.6114063
2.4063337
2.8642954
2.9533347
3.5973390
2.3999706
1.8903031
1.0784234
2.1787670
3.7438502
1.9818244
2.4776020
2.5433323
2.1291096
2.8270240
2.1120434
5.5428602
3.0088396
3.4883106
5.5120131
3.1726397
3.9805440
5.7299994
4.1315247
3.9771159
2.8120627
1.4524960
0.8421080
2.2889245
1.2679173
3.3735164
3.1806588
2.9415502
2.3776504
2.8467377
0.4165931
3.8117736
2.5214231
1.6965649
3.9704360
1.9651925
1.7239435
0.9701065
2.1612623
1.3774305
1.1745687
2.1759340
3.0573110
2.0094630
0.3003676
0.8381696
1.3847817
0.9583237
0.3940149
1.2841587
0.8766906
1.0331341
0.8963954
1.2220706
1.0630564
1.0778056
1.7093984
1.9046236
1.0091048
0.9580070
0.5408168
1.0597046
1.3511362
0.6131002
1.6886178
1.6558156
1.9632005
2.7289616
1.8758128
1.7514028
1.9034121
1.5131190
2.1463679
1.0678527
0.7647823
1.7747484
0.7734782
1.3622679
1.8712052
1.3048241
1.4996777
1.3921494
0.9266482
2.0955473
1.0942785
1.4874535
1.6081998
0.4344470
5.9254341
1.0887956
0.9455511
3.1425408
1.5205845
2.8474218
2.3998198
2.5838716
2.1086584
2.2082170
2.9361082
3.4369678
1.5621474
2.5671348
1.5652633
3.6070275
4.1703997
2.7324297
1.5784223
1.7209812
2.9541141
1.7976805
4.4685457
2.8987573
1.5323941
2.5767387
4.3730885
5.3735053
5.6906221
4.1082157
2.7958246
2.1801644
2.2191760
1.2760268
1.3219985
0.7129494
0.9229289
0.5843658
0.7156936
1.9607282
1.7850465
1.6074490
1.4256165
0.5118809
1.9746193
1.3886990
0.6485640
1.3074493
2.8442669
1.6084985
1.4921160
1.0835474
1.8337006
2.2816330
1.0950343
2.0492933
2.5605242
1.8340373
1.9980934
1.5112285
1.6684957
2.0647746
2.6274190
2.1441896
2.3029396
3.0828899
1.1733701
2.3910719
1.3016731
3.1077908
1.7389552
1.7590773
1.2598999
0.9426636
2.0528140
1.2079358
1.8874171
1.0131958
1.4424844
1.7051102
0.9450391
1.3950166
0.8278343
1.4752078
1.1926182
1.4958520
2.0167371
1.6806755
1.9729497
1.1641535
1.0875907
1.1726543
1.0598579
1.7460713
1.0838587
0.8687975
1.3935346
0.8055381
1.7600173
1.2160256
1.2921602
2.4542072
1.7739869
2.1910324
1.7119333
0.6624582
1.3620945
0.3849973
1.0359158
1.3395045
2.7494326
0.6586117
1.6950159
1.1655371
0.9277690
1.9210967
3.9897540
3.9214332
3.4826499
2.2040026
2.2795954
2.7970758
5.4159723
4.7349838
3.5146440
1.0646104
1.5917604
2.1134069
5.2438566
1.9232143
1.0802306
2.1599368
0.9033738
2.4619965
2.6888422
2.4394872
2.5796822
1.5796112
1.7305018
1.1513118
1.7552686
1.7799396
2.4131275
3.0714025
3.6165071
4.1762531
3.1779232
3.6524993
2.8402589
1.0935493
1.6755123
0.4220622
1.9518968
1.1900803
1.9119051
3.0132512
2.1289206
2.4971271
2.4455444
2.3965995
1.4087499
1.9557957
1.2413481
2.1052360
1.2328007
1.0483731
1.6052682
0.9205295
1.3856026
1.3006794
0.5457279
1.4219078
1.4695666
1.7532330
0.6625916
1.3277110
2.1671507
1.8873417
2.5582261
1.7966720
2.1492878
1.4941373
2.7522547
2.5439593
5.6555412
3.6091560
2.8425274
2.7315149
2.0578792
3.5757049
3.9171236
3.2433094
3.2451262
1.7757829
2.9172459
0.6308462
1.4976359
2.9397639
2.1590482
1.7674637
0.7791626
1.9826350
2.2834220
1.5736582
1.8869997
0.5236074
1.8955524
1.9852172
1.2632484
2.4239730
0.4009349
1.2941037
1.4610920
1.0484718
0.9756572
1.8227819
1.2112368
0.8235506
1.1967230
1.4953030
0.4658780
1.0438690
0.8414900
0.9002665
1.2365106
2.0252811
2.1774282
2.5791607
2.6637440
2.6542581
1.0208963
1.0556111
0.3682293
1.0534884
0.4497990
0.9526503
0.8445973
1.4388486
1.0043361
1.5362161
1.3146679
1.1690467
1.0301119
1.6811922
2.0150847
1.0004771
0.6326297
2.0293772
1.1802250
0.7025784
0.8346404
1.2280735
1.2420910
1.2580632
1.0162142
1.0689465
1.3904514
0.9702214
1.4432294
1.1387752
2.0474665
1.5726341
0.9467369
1.2478611
0.4373319
1.7417573
1.6011703
0.6357137
1.8388241
0.6143275
1.6857252
2.5638414
0.5359319
1.6226821
1.4740075
1.5949309
2.7345350
0.9186190
2.8240768
2.3602032
1.6073170
3.4347259
0.6687852
1.4988019
1.8834357
0.6185840
1.8016702
0.2468399
0.9031938
1.8890281
0.5890495
2.6928276
0.6826654
1.4099816
1.3946955
0.9096681
1.7450147
0.8702017
1.0001667
1.6188754
0.4111198
1.9225218
0.7291754
0.9379392
1.5124376
0.7427088
1.7020074
0.8109020
0.5568470
1.6472926
0.5061618
1.4771769
1.5803511
1.0806114
1.3767854
1.0766101
1.9780331
2.0295696
2.1352449
1.0965563
1.7048068
2.0898457
0.9736799
0.5709278
0.9891253
1.1434956
1.0512494
1.5324251
0.4953652
0.5722118
0.6064406
0.8362699
1.7831498
0.9056867
1.1885799
0.7724997
0.6853321
0.9554273
0.9003447
1.0743176
1.4274828
0.6882582
0.6249323
1.0481531
1.0397459
1.5702293
0.6809847
1.0287621
0.7916197
0.9475981
0.7340703
1.8359860
0.8935587
1.3042520
2.1991484
1.1484088
2.1633874
1.2688427
2.1637185
2.1614576
0.3349640
2.9143011
1.3947859
2.1628005
1.8188998
1.9217101
3.0500111
0.6240483
3.7146254
2.0075581
1.9411814
3.4784655
0.5330085
3.2845917
1.1162170
0.5159451
3.0003840
0.5014321
2.6876973
1.8537848
0.7390284
2.9933523
0.7310686
1.7425084
3.6481688
0.5480361
2.6465305
0.5805221
1.7809160
1.4234688
0.8032641
1.3224609
2.6851246
1.6293899
1.9484631
1.1489106
1.6438315
1.4382424
1.5584711
1.1313893
1.4799878
0.9232219
0.8895348
1.0540648
0.5524978
0.9138589
1.0900715
1.4920496
0.8929469
1.4735511
2.3463966
1.7130187
1.9288437
0.3673319
2.8150063
2.1445352
1.2844524
2.4850101
1.3722255
1.5573922
3.3322035
0.9232816
2.5499708
2.0587262
2.4245232
2.6347407
0.7641498
1.5742326
1.6655579
1.7869090
2.5142992
2.6367042
1.0194230
1.5184679
0.8576971
2.1640550
1.6186357
1.7588943
1.6049780
0.1627052
2.1320723
3.3600595
1.8674834
1.2447030
0.9736637
1.7161728
1.0309391
1.1787842
1.5231474
1.7847797
1.8073626
1.7018144
1.2126163
2.1395204
0.5223444
1.7965450
1.5566172
1.9637847
1.0849947
0.9609074
1.9336225
1.0463582
2.5785986
0.8204793
2.2720496
0.5268550
0.9596910
1.3103014
1.5781064
2.1490770
1.0737620
1.7407200
0.8670030
1.2066865
1.7107834
0.5256991
2.3002808
0.4146462
0.7510366
1.5518358
1.1634415
1.4558032
2.3968227
0.7125683
1.5950659
0.9716317
1.3606701
1.7851649
1.6219191
1.9220180
1.8030515
1.4040090
1.4607699
1.2151000
1.3954502
2.1437152
0.2480681
0.7080171
1.2677598
1.5946506
1.2077940
0.8790601
1.2730346
1.4769851
1.8064172
1.9566219
0.7405801
0.9480635
0.8705988
1.3545887
2.0584444
1.1498244
1.7260927
1.2057905
0.9783663
1.9557985
0.2135777
1.7025906
2.0172126
1.1288096
2.0763119
1.5412148
1.6242055
1.9581376
0.2790290
2.1187829
3.0405311
1.4875076
3.5275312
1.4278894
2.7244321
2.3748595
1.3079897
3.4618671
2.8087530
1.3488535
3.3037650
1.0139964
2.6762876
2.9963517
0.8319536
1.5743455
0.8571827
2.2811368
2.9726115
2.6800052
3.5317842
2.7567372
2.0078014
2.6844162
2.1315407
1.8538091
2.2092593
2.7033172
1.7029065
1.4428058
2.8755561
2.9900919
3.4699335
4.3015890
3.2299467
5.1953286
12.5928771
17.3767987
17.5965328
18.1862692
7.8249827
7.0938417
4.7208213
3.9412315
3.3006737
2.9256321
2.8683647
4.3202038
4.1177038
4.5555701
8.6812269
14.0525784
9.2401784
5.2193822
3.5549193
3.3840326
4.1490303
3.0761775
3.2838048
7.0404509
4.0385941
6.1191073
4.7279825
3.4553084
2.3789228
2.4327003
2.9311554
1.0134461
0.6758165
2.1608001
1.3491997
3.8383592
2.2093500
3.0381300
2.0069094
2.7640497
2.0727194
2.4135217
1.6975670
1.9638378
2.4036157
1.8865043
1.0759276
1.7387003
0.8998503
1.4033452
0.8779353
1.0490424
1.0957349
1.0441217
1.2473447
0.4725745
1.3205220
0.9110344
0.6385615
0.6825975
1.7345093
0.8699512
0.8620221
1.6661221
0.6020480
0.9893384
1.6086771
0.8252386
1.3392344
1.3112608
1.6591679
1.3711187
0.5057960
1.8396232
1.1210476
1.4795146
1.2077839
1.0625097
1.8101326
2.0330539
0.6045696
1.5851717
0.9026746
1.0695818
2.4870770
1.5205467
1.5544714
1.2647149
1.9909866
3.4886912
0.1911604
2.1876964
2.2025701
0.9025788
3.0833717
0.3844211
2.4009177
3.0323837
1.9359625
4.5776618
1.0105693
1.4139582
2.8854843
0.5079323
1.6124875
0.5068026
1.9423003
2.3575850
1.0912677
1.7544773
1.2385397
0.4791189
1.4570293
1.4563000
2.1344675
0.3146279
0.5798801
1.1957261
1.2301557
1.4110755
0.9718818
0.2514175
0.7747217
1.4174891
1.0074305
0.9569227
0.9102679
0.7788510
1.0959796
0.7452583
1.4187199
1.7746476
0.4593136
1.5564871
0.3472800
0.6575934
1.3767959
0.5466994
1.0395902
0.8220585
0.5789893
0.9097289
1.1604119
0.4157851
1.1836080
1.3157419
1.3720899
1.1520348
1.4064298
1.0336262
1.4756325
1.1238530
0.2594534
0.7318200
0.8600923
1.0751596
0.3471183
0.6867834
1.0192725
0.9279415
0.4447121
0.6227328
0.3465994
0.9596311
1.1336052
0.4640400
0.5733928
0.6544172
0.6625122
0.7578858
0.8091594
1.1339203
1.3002858
0.3915663
0.4705420
1.2480396
0.6914808
0.3823423
1.1010403
1.2867304
0.7103800
1.1231723
0.7682830
1.9054659
1.4811014
0.9490869
3.2226160
6.7481466
5.0018593
1.2600454
1.5622221
2.8968911
1.4019897
1.3192009
1.3540892
2.3815014
2.4369268
1.6871529
1.0240871
0.8875981
1.8138791
0.8839104
1.5571043
1.3402457
3.4888989
3.1218281
1.1746090
1.7323330
1.0558678
1.0153808
2.0613147
1.2635950
1.7805226
1.7344041
0.1722707
1.0078108
0.2414608
1.2154663
0.9061423
1.1937525
0.7729730
0.6509022
0.7647914
0.8278626
1.8634026
1.0387090
0.7115518
0.8565154
1.4417654
2.1206077
1.8191756
0.8202826
3.0841628
1.8228334
1.1625532
0.3275384
1.7569597
2.0409064
2.0960314
2.4764997
0.6935456
1.4825990
1.8057158
1.1480476
1.0464894
1.1067478
0.8855524
0.9392807
1.2280403
3.3122984
5.8542316
4.4996792
2.9414210
1.3196053
1.0654790
0.9185419
2.1024216
0.9117751
1.8760185
2.1927558
2.4661593
0.8615570
1.2900994
1.3605892
1.0968881
0.6546728
0.7864758
2.0375167
1.3858781
0.9919055
1.4800357
1.1015224
0.7875501
0.5919020
0.1922962
1.2403123
0.2241531
3.0686760
1.7942212
0.8679889
1.2630984
0.4248779
1.6471612
1.2662116
3.9028939
0.5548687
0.7075954
1.8841748
1.6140420
1.3269876
2.3551970
3.1517558
1.6044291
3.1626017
2.5434918
0.9121675
0.9887665
2.0405122
3.3658090
3.2034683
2.4947671
1.0902147
1.4361599
3.5543140
2.7800089
1.7255173
1.9587802
2.3712380
2.1856219
0.9148078
1.7324301
1.4219721
2.1477296
2.0657094
1.4419259
1.4104958
2.0098265
1.5029683
2.5222331
1.8486932
1.2186039
1.9535570
3.1016504
1.1687824
2.4168403
2.4858591
2.1668982
2.5292420
0.9734036
1.3551885
1.7140818
2.1745358
2.0679609
0.9338698
1.1400365
1.2366998
1.9876714
1.8929917
1.5638499
1.1910132
1.3792011
2.2988532
0.5149963
1.2294403
1.7695155
0.7574544
2.6313852
1.1518302
0.5793143
1.2914444
1.6220502
1.8796981
1.6532643
2.0700906
0.6126786
2.3723747
1.4722479
1.3649970
0.4419609
3.2184301
1.7158057
2.0519073
1.5386148
1.2971786
0.5416906
0.7543273
1.7931752
2.0733093
2.3016715
1.0201746
0.6729085
0.6528150
0.7988413
1.0705455
0.3603112
0.9085412
1.5854591
0.7530383
2.0253342
0.8943266
0.5760098
1.3247517
2.0451494
2.2015822
1.1238512
0.3797662
1.9102043
2.5661752
0.5633801
1.9716610
1.6309798
1.7649381
2.7341940
0.9922151
2.8460767
0.8400008
0.9330628
2.4298899
0.6163478
1.8662632
1.1093747
0.9098576
2.4050026
1.0788471
2.3814581
0.8929300
1.0969187
1.7659419
1.4991312
1.4690786
1.2936101
1.4830977
0.7939618
0.4157846
1.5426946
0.6247139
0.6845569
1.0965057
0.8895535
1.6441100
0.5331858
2.6394588
2.6304406
2.2346962
1.9333192
2.6399335
1.9878033
1.8192560
2.0071046
1.6783691
0.4984940
0.8255966
1.5489542
1.3302817
2.2499682
1.9483931
1.0778371
3.0475506
1.6228876
1.6433463
0.8345860
0.6951978
0.8085697
1.6567146
1.6219471
1.6536281
2.5422210
1.2081474
0.9791327
2.2453027
0.3082090
1.8368572
1.1942225
1.6120990
1.8542636
1.2106741
1.9765274
1.6723017
2.8681142
3.0229326
1.9061454
3.7167833
3.0065568
3.0392446
2.5277631
0.8059222
2.4876251
1.1842920
2.3663412
2.4524696
2.0152688
1.7970051
1.7675244
2.4044421
2.3944990
1.0586235
1.5119461
1.5572065
1.5126967
1.2410416
1.1490076
1.6759905
1.1035324
0.5124515
1.2763432
0.7743393
1.5938926
1.9412902
1.7265744
1.4079398
1.7242469
1.3474900
2.4463977
0.8693511
1.4883381
1.1767871
0.9666946
1.7009981
1.9957675
0.6268336
1.3371715
1.9115778
1.3189206
2.5689791
2.3894599
1.3615356
3.1392566
1.4266695
2.7325579
1.0646890
1.0471628
3.6853809
2.7220368
2.2206509
2.5728402
1.8765864
1.8495077
0.8564134
1.4805683
1.6321708
1.5695144
2.7140054
2.0331015
1.0218142
1.7159107
1.3980865
1.1181172
1.4245683
0.5196079
0.2036463
0.6777088
1.9269756
0.8640119
2.1713575
2.7349639
1.8819504
0.2046219
1.9253699
0.8448415
0.9420771
0.2902379
0.6205473
1.7559772
1.5468402
1.3462690
1.6755926
1.4516467
0.5399974
1.2252435
0.8983340
1.1007444
1.4813720
1.5344617
0.3192669
0.4128222
1.1276328
0.6462791
0.4933723
0.9345679
0.3623465
1.5711794
0.7078036
1.3437729
1.4806974
0.7141431
2.7127455
0.8090310
1.5789635
1.9037202
0.5718151
2.3817405
1.0605872
1.9204582
1.1921984
1.0702111
2.9903011
1.0204693
1.1798701
1.7339665
0.8186495
2.4547066
1.3458282
0.7987318
2.0296256
0.7666709
1.9437673
1.1241836
0.4597012
1.8436366
0.6345512
2.0824016
1.2139276
0.4172922
1.8368287
1.7075619
1.3169767
1.4762028
0.6195324
1.7727204
2.3501192
0.9074642
1.5046890
1.6268966
1.2474774
2.2229112
2.1825369
1.4327997
1.6240818
1.2428138
2.0985427
0.8884124
0.8158796
1.1316205
1.8133453
0.2484445
0.4277462
1.0978620
1.2290644
0.7623761
1.5341881
1.0481439
0.3568080
1.3890654
0.8381816
0.8684484
1.2993075
1.7957065
2.2587997
1.4786094
0.6454119
1.1729406
0.8726007
1.5166698
1.3699058
1.8832669
1.9573896
0.6543291
2.8792711
1.3949046
1.6193878
2.4388152
1.4118343
2.5080758
1.0742687
1.9897605
1.3373607
0.9936878
0.5178454
0.8435358
0.5504148
1.3719170
1.3109257
0.7463543
1.4937802
1.4687770
2.4507813
2.5516359
1.6582216
2.6003065
1.5647810
2.8161908
1.6762663
2.5050249
3.3465020
1.2375982
1.9613943
0.7948762
0.7913390
1.7746909
0.5976472
1.0971421
0.4907041
0.8207412
2.1385782
0.3193346
1.2253303
0.8259796
0.7274143
1.2434602
1.0040209
0.9311691
1.5103104
1.2323338
1.6743246
1.5879170
1.3552137
1.1623723
1.4902453
1.5591643
2.3594991
0.8686701
2.3597846
2.7315725
2.0900780
2.1010369
0.5091784
2.2959677
1.9761415
2.3718561
1.4674320
1.8933131
1.4003102
1.3187366
1.5005016
1.5813271
1.7823303
1.6982423
1.8196981
1.4784180
1.3811401
2.0673934
1.6107233
2.7783160
0.8565180
2.3419125
2.7408799
0.9905780
1.7167638
1.5748010
2.6932822
2.0776084
0.3511616
2.8032563
2.5595958
2.2778439
3.9679131
0.5340978
2.4301393
2.6653757
1.5843478
3.5897322
1.7010719
1.9113787
3.3628112
0.6057100
3.2600548
1.5564479
1.4480239
2.1996891
0.9169407
1.4942665
0.5012565
1.0670485
3.6264032
0.9783943
2.9673925
1.9847360
0.6987704
2.6599137
1.2164372
2.1546394
1.4967322
0.9298745
1.7414488
1.3888243
1.9980252
0.8671424
1.6247899
1.8421594
2.4251468
2.2617771
1.4261723
1.6718357
0.6467155
2.2109682
1.0499277
2.0083570
1.4790046
0.7525698
1.2742975
0.9213988
1.1212119
1.8556451
0.7948307
1.6336348
0.9271819
1.2675165
0.9252540
1.2151214
1.0523941
0.7651174
1.0400523
1.1790689
1.5359925
2.2408071
3.4129454
2.3240151
2.6110732
3.7232193
3.8554110
6.6381798
4.2604396
2.9167600
1.6125584
1.3176418
0.4434963
0.8322699
0.2868691
0.9046027
1.3094904
1.1425940
0.3494713
1.1012366
0.9433819
0.2299393
0.4815552
0.4917170
0.2857315
1.0212040
0.5652072
0.9178714
0.9356950
0.9213976
1.2050033
0.9785256
0.5411242
0.7066157
0.4328578
0.2272196
0.8784218
1.3336707
0.7371754
0.3743397
0.9754540
0.9737862
0.8041738
0.8891855
1.1301338
0.8020170
1.0009551
1.0649105
0.8223027
0.3292314
0.9450187
0.8583644
1.1084072
0.4171444
1.0841218
0.7156231
0.3663949
0.3953421
1.1963313
1.1902277
2.6770647
1.9414146
1.6600873
0.7158405
0.5473647
1.1160559
1.2705910
1.6266777
1.5009568
0.6132975
1.4264442
1.2575589
1.4326753
1.6941292
2.1409919
1.9411481
1.4778791
2.4822270
0.3731318
1.7468315
1.1390053
1.1890738
0.6892895
0.8926067
0.9884709
0.9231788
0.4590209
0.7388995
1.2082888
1.1505737
1.0884126
0.2930753
0.6837027
0.3531709
0.8660419
0.0609269
1.2333137
0.8216275
0.2428810
0.4901064
0.8939881
0.6094960
0.6479530
1.6775257
1.2055487
0.8341378
0.6240091
1.0692334
1.2595024
0.6103014
1.2421279
1.4931690
1.0553897
0.5815188
0.7032424
0.8712986
0.9643268
0.8290596
0.2612491
0.5655585
0.7035393
0.6490401
0.3108822
0.7099957
0.9549082
1.0628881
0.7387075
0.4428152
0.4906088
1.1326924
0.8789703
0.6168278
0.5708769
1.0302106
0.8830290
1.4148537
0.8087274
1.5593749
1.9465898
1.8327248
2.2737089
0.6128382
0.9635418
1.4665686
0.7837439
0.7253161
1.2485781
1.4704176
0.9016617
1.0164078
1.8230883
1.6205569
2.3633794
2.3463459
1.9486957
1.8810978
1.4357210
0.9257008
1.4356984
1.2391303
1.5353241
1.5198512
1.5788798
1.0872845
1.1315177
1.2790156
0.6597829
0.9953149
2.4785006
1.1722973
1.3132309
1.2569513
1.8472249
1.5743325
2.4107736
2.4308472
2.9212936
2.0933323
1.8718946
1.5885584
1.6588503
0.3094441
1.4209701
1.3398678
1.8556389
2.1026397
1.7745432
1.9637062
1.5442582
0.3989786
1.6217425
2.2404990
2.7145217
0.7734400
0.3825236
1.7194040
0.8012023
1.8286888
3.8344512
3.2903754
2.7424794
2.6722499
2.3181057
1.6311517
1.5852409
0.9332381
0.4323651
0.7364323
1.4469555
2.0345506
1.7598077
1.2290580
1.8677367
1.3223605
1.7771020
1.4338075
0.4563133
1.5344993
1.2385541
2.2870770
1.8195912
2.8668318
1.1159592
0.6328474
0.5876804
1.0907374
0.3190429
0.3348012
1.3044407
0.4235662
3.0135680
1.1347664
1.5197935
2.2560048
1.9481640
1.2387239
0.3338826
0.6350891
0.5935276
2.4968680
2.5668130
1.9036295
1.7406839
1.1884107
0.8322215
0.5225688
0.8236721
0.9635402
0.6979326
1.0723185
0.8243935
1.0341171
2.5514745
1.3068711
1.1455409
1.2124487
1.5960848
0.8044527
1.2928084
1.3433357
0.6859287
1.4796392
0.5618291
0.5712782
1.1184071
1.4212229
0.6576038
0.6871277
1.2109823
1.5124691
0.8975081
1.1670282
1.3038540
0.8081827
0.1727816
0.3302340
0.6923549
1.5966305
1.4908864
0.9169148
0.6969749
0.9208429
1.7047536
1.5663095
2.2921671
3.0175019
5.3211071
3.5363871
2.9838734
1.8156519
2.2956446
0.3667164
4.2335312
2.1549062
4.1202856
3.6273693
2.4766076
1.6467207
0.2566248
2.0303639
2.3913604
5.9866943
5.6248479
8.9802135
8.2135388
11.0020269
11.8820619
7.7267807
4.5014781
4.2914329
4.2276419
6.4527922
3.7359252
4.3947448
3.1667062
3.3958248
3.2417017
4.1139941
2.0206600
6.0956443
3.9323208
4.3294003
2.7560827
2.7843103
5.4678006
5.5486019
3.1490438
3.2559458
3.5157782
2.0620729
0.9956318
1.0835825
2.5055974
1.7871784
1.5483317
1.4523631
1.5556724
0.3570525
0.5978535
0.7999005
0.7576290
0.2953128
0.4214832
0.7457770
2.0778704
1.7096447
1.5603827
1.3434496
0.8692291
1.6097130
1.0483125
2.2719629
0.9639506
2.3081478
1.3907992
1.7061610
1.5608458
1.5456206
1.1307397
0.5085985
1.4746329
2.4597349
1.2222162
1.5354020
0.7081104
1.4757976
0.7441942
1.1473735
1.1033575
0.7217465
0.6212052
0.7180910
0.3381046
1.3119301
0.8010471
0.8242323
0.9120027
0.8185401
1.3706196
0.3765246
1.3985769
0.7239421
0.9295998
1.2930744
1.2717279
1.2037600
1.1278039
0.7392739
2.5105687
0.7630854
0.8542918
1.1366517
2.0813652
1.2950843
0.9838511
0.9104425
0.8415378
1.4703227
0.9923209
0.3237460
0.9854819
0.3472806
0.2104912
1.9088866
0.6469584
0.6779281
0.2645452
0.7387747
1.5286776
1.9956014
1.4444677
1.3244611
1.8535852
1.8576207
1.9606408
1.1236585
3.2086873
2.1428913
0.6676651
2.5497886
1.0741260
2.0844913
1.1904626
1.5760138
2.4741818
1.7540231
1.5718395
1.6959054
0.6386772
0.6882830
0.4704812
0.9672116
1.9634273
1.0594503
0.7208014
1.2057797
0.8347414
0.6839250
1.1118626
2.0191629
0.9782324
1.4820589
1.0681810
1.0514337
0.9726655
1.9208585
1.3819003
0.9817123
1.1221779
1.3062845
2.5871920
3.3351453
1.0639398
1.4814357
1.2904905
3.1117260
2.0789203
3.3014320
2.9349616
2.2942629
1.8681879
2.0165264
2.3590638
0.4988510
0.3086716
1.1000533
2.3654349
4.4183865
1.8940391
1.8873651
1.9806948
0.6469318
3.3822034
7.2308871
8.7589439
5.8909207
4.9125764
3.5752751
1.8519631
1.2050580
2.1612515
1.0394618
0.7973141
0.5709799
2.1559248
2.4073761
1.0478825
3.1449140
0.8531590
1.0117231
0.7823939
1.9621881
1.1450533
1.8676310
1.3162714
3.9057517
6.1559430
9.0382042
6.8816944
6.0693075
3.6745303
4.3068216
1.6571798
1.5726415
1.9904557
0.4511453
2.6174258
2.7930486
2.8901173
1.9856899
1.3609041
1.8480332
1.3456908
1.4130299
0.7238203
1.1704728
1.4424733
1.0181766
1.4814947
1.5758674
1.4047133
0.9195634
0.9023492
2.8051045
1.4607554
1.5120301
0.8077168
1.4587700
1.5447252
0.6498300
1.8449882
1.3957007
1.4691415
1.5675883
0.6617262
1.6045917
0.8483609
2.2249790
2.1563464
0.9806955
2.4528965
1.8488005
1.2537011
1.3197657
2.4940375
3.5699592
6.4568493
7.4021620
7.7963798
5.2443873
4.0113861
4.5012227
4.0171506
3.0150201
3.6082474
3.1672172
2.6106239
2.6363201
3.5933151
4.3516227
3.0851004
4.0677420
2.6902480
2.7423318
3.6554958
2.8652758
2.8549338
1.6431842
3.2487522
1.8808692
1.2196502
1.3558452
1.0173391
0.2882582
0.6785399
0.6041541
1.2437933
1.4511124
1.8097232
0.6987628
0.2833945
0.8492222
0.9189333
1.9259359
0.6726720
2.4878591
1.8208834
0.9102201
0.7797546
1.5425347
1.5934022
1.6488552
1.3416558
1.7625851
0.7704474
1.3779092
2.2974780
1.1925781
0.5020735
1.0224643
1.1054598
0.6701637
0.8205658
0.6566387
1.5443371
1.2671180
0.4966717
2.0045209
0.3020220
1.2170530
1.2162341
0.5918206
1.3818479
1.3267481
0.5964316
0.8588925
0.9594389
1.5414270
0.5622657
0.9279695
1.0380546
1.4570629
0.7314298
2.0263861
0.3793179
1.2019620
1.0722908
1.4622972
2.2134556
0.4756196
1.0508761
2.3163900
0.8527912
3.0441207
1.4323048
1.7009324
3.0685544
1.0186213
4.2703740
2.1491488
2.2851050
3.5798576
0.7549818
2.7988525
1.0507187
2.1273871
2.4995985
1.5953827
3.5990782
2.8429137
2.4002563
3.1220487
0.7712358
4.4647174
3.0149903
2.3580172
3.7729335
1.5462940
3.9309944
3.6754701
1.1499897
3.6062565
1.7832605
2.4553661
3.3764145
1.0649003
3.8166004
1.3252332
2.1236184
2.2543344
1.0528086
2.9367751
2.4359951
1.3870971
1.9493856
1.5233400
2.4930933
1.4411367
1.2747023
1.7954361
0.9429081
3.1081288
0.4804105
1.7488938
1.9460241
0.8656996
2.7988278
0.6068087
0.9728287
1.9855391
1.8118535
2.6286688
1.9663814
2.3116248
2.9988785
0.6794931
2.8928110
1.0060754
1.8222505
2.0415249
0.7038548
3.0945172
1.1514552
1.3341322
2.6991779
1.4150534
3.2417230
0.9883379
1.1514616
2.5439370
1.1949025
1.7071087
1.5722248
0.3905738
2.0500908
1.2697138
0.2326953
1.7161949
1.5533480
1.2026502
0.8370924
1.3000289
0.6394244
1.0812901
0.7058251
0.6472656
1.1645330
0.8360240
0.3085508
1.0889851
1.0246062
1.6398574
1.4438681
1.2598811
1.4265420
1.2429018
1.2944053
0.9229602
1.5351959
0.5540155
0.7118353
1.1017533
1.1185641
1.1696041
1.0807201
0.5359970
1.3556454
3.0298485
1.3677371
2.8562801
0.9606647
1.3933351
0.9574857
1.5311399
0.4317234
1.3781653
0.3980210
0.9221794
0.7045589
0.3450257
0.7398524
1.0583973
0.7470595
0.7164826
1.2692318
0.9338637
1.4550408
0.4702972
0.7612255
0.6833791
1.0787251
1.1054061
0.8817905
1.2207610
0.7976709
1.2914000
0.7678700
1.1762196
0.7439005
0.6096034
1.3526930
0.8545836
1.2669649
0.9115410
1.2487501
0.9198435
0.2889577
1.0589218
0.5174379
1.4911826
0.9631052
1.3050233
1.1494111
0.9443880
2.0990428
0.6715628
1.4843700
1.3254050
0.2045473
1.5242347
1.4252896
1.0526499
1.2114490
1.9877209
1.0477848
0.8767791
1.0270884
1.5399513
2.6562384
2.7268273
2.9000946
3.4689306
3.9859149
2.8585209
2.5184848
2.6303865
0.7149411
0.9158637
1.3910773
2.1480973
2.5066393
2.7743709
1.9731583
1.6836488
1.5298388
1.3743188
1.0044622
0.8107211
1.4233271
0.7766175
2.2257487
1.0488126
0.6853623
1.4632414
1.7982061
1.5592895
1.3121582
0.8892718
1.3250416
1.2406554
0.3557482
0.0547249
1.0754947
1.3875485
1.1593484
0.6992499
0.6218002
1.7799641
1.4457452
1.1954237
1.1308104
0.6120897
1.3805162
0.9532511
1.1117483
1.3668817
0.9517530
2.1710232
2.6575525
2.8171529
1.9547419
2.6177923
1.4952579
1.4572203
1.7681887
2.6804572
2.7865424
2.9036458
2.8155112
3.2394165
2.4429378
1.9229091
2.4553196
2.3862231
0.8277084
1.6368668
2.5725851
2.0174597
2.3134952
1.1496862
1.8752850
1.6744312
1.5612019
1.7957456
0.6610505
0.8197752
0.7687963
0.4776600
0.6365890
0.4766254
0.8138100
1.0089595
1.1131943
0.9429709
1.3888751
1.3499254
1.0434231
0.8146082
1.0948885
1.2265691
0.9779081
0.7075997
0.6422249
1.4621068
2.0971895
1.3744540
2.3848033
2.6814114
1.3201448
2.1006406
0.4010511
1.5767831
1.8131968
1.1415466
1.4110276
1.4416177
1.3284082
2.2659823
1.1652228
2.2960831
1.2117036
0.3570797
2.3741941
2.6297794
1.8940924
2.5562252
2.4054490
3.1631552
1.8985851
1.6895494
1.8577961
0.5906804
1.8789366
0.5325665
1.2183528
1.3504014
1.3320510
1.3941356
0.9364814
0.6063447
2.5548778
2.5269759
3.1918976
1.8216381
2.9661191
1.7779181
2.3598190
2.4803815
3.7766959
4.9425475
2.2395246
4.1151955
3.2199106
4.4537147
4.3942864
3.2337586
4.4777263
2.9434243
3.3135360
5.9713087
10.7187710
3.8653770
3.2941513
3.7710420
2.6884848
3.2669808
7.8558099
4.8757082
4.3898402
5.3245102
1.6751056
6.4710638
4.6131866
3.4952918
1.6371221
1.7473564
4.5122299
4.9346577
5.7128680
4.3575174
4.4019316
5.4794036
7.0200272
2.2838745
1.1495538
5.7810645
6.5219391
3.4450783
2.5298870
1.8842435
1.1912610
4.8045628
5.6417750
9.3906072
8.7567201
6.3611557
5.0166049
3.7667886
7.2176473
3.2318226
6.5392919
2.0612804
2.5578702
1.9519935
6.2835940
3.3032300
6.2540254
2.9881358
5.1361793
1.1167492
6.0011566
5.2248509
6.8962625
3.7389648
4.7204872
5.0458299
5.9549175
5.6257821
3.9751930
2.4026371
3.4747275
3.7592927
3.4422084
1.5935242
3.5035283
2.8898720
4.3653198
5.3945314
1.5459647
3.9600774
2.7694308
4.4388035
0.8804219
1.5832168
1.8036883
1.8425355
1.3765087
2.8465645
2.5428581
2.5958126
5.2755048
3.4293906
1.7079972
0.9100262
1.3146317
2.6857758
2.6722280
2.0343922
1.1323296
0.9600398
1.2614818
1.3887987
1.1277873
0.4378081
0.9102303
1.5012379
0.8171093
2.8004210
1.7451405
1.4899643
1.4456285
1.8001892
1.3899970
0.9341871
2.9153622
2.8410934
2.6845851
3.2942120
3.0993619
3.6305466
3.4575150
2.7144000
2.1830487
0.9961263
0.8676997
1.0986966
1.2462545
1.9828192
0.9385132
1.6645682
1.6556692
1.4466729
1.8343464
1.2317074
0.9713456
0.4295406
1.1901417
1.4968814
1.8135209
1.0723273
1.0774440
0.8842136
1.8243359
2.2634636
1.0607338
1.0032086
1.4085468
0.9739686
1.0213435
1.6573245
1.9171657
0.9913079
2.1183603
3.3665995
2.0545126
2.3842329
2.3988381
2.0318673
2.5657014
2.3400059
2.0082844
1.2275541
2.0268956
1.7974743
1.6344865
2.7133005
1.6650953
2.7198377
1.5808498
1.7985877
2.4973127
1.9069596
2.0111872
1.2284919
1.7277695
1.9077097
1.4345957
2.2349160
1.7993656
1.8605738
0.9195311
1.9517709
2.0524265
1.3844332
1.2126115
0.5192689
1.1614908
0.8495955
1.8769350
1.3164522
0.9728754
0.9145506
1.3343625
0.8317361
1.4865725
1.4550539
1.7551929
1.7595404
0.8876583
0.6054794
1.2265846
1.1479431
1.3186729
2.6214905
3.0095566
1.5192190
2.4692002
1.2663035
0.5428230
0.9699426
0.6734003
2.0166676
1.3671392
0.5356783
0.3638058
0.9398844
1.7005462
1.1452773
0.3410788
1.9924290
1.1301515
0.5527283
0.3777272
1.3482646
1.3740374
0.9629804
2.0586978
0.5108871
0.7521818
1.7648575
1.6146862
2.1046732
4.4839752
2.9049932
1.9121455
2.2168721
3.6978487
2.6018353
1.1775521
2.2280627
2.2227735
2.2615505
1.5094043
0.9370970
0.9172699
0.5545045
1.0632780
1.0695702
0.3186180
1.5154033
1.0725112
1.6585127
2.5389585
8.4244604
2.7504427
0.7322448
1.7820128
1.2804448
0.8372077
1.7607501
1.0352353
2.6353343
3.0135326
0.7204610
0.9821180
1.2307331
1.1493078
0.5949309
1.0885599
1.6184195
1.8037836
1.3531847
2.6090731
0.6401811
1.5001680
1.0323617
1.0898522
2.0033380
1.9740980
0.6901253
1.6702141
1.5220339
2.0317896
1.1926632
2.1931390
3.1258816
5.8021755
5.0057760
1.3028040
2.5313912
2.5308210
1.4163949
2.2104420
3.2012005
1.9270637
2.0518621
0.9325276
1.2948243
1.5936530
1.9161249
1.1611506
1.3408023
0.7867016
2.2234791
1.8660014
0.9891450
2.0594173
0.8434572
2.8381360
1.2921290
1.3222179
2.6745506
0.7878714
2.3448389
2.0092528
1.0268834
1.4324194
1.8776438
2.3995039
1.5672150
0.8555959
3.1369759
2.3297384
2.5903897
2.7150540
2.2238738
2.9980340
3.3593378
3.3191023
2.1489190
1.7683535
3.9522997
3.7306744
3.2453374
1.8626660
1.4305628
1.8285866
1.9838644
2.1595235
2.3013927
2.3649784
3.1624192
2.1146337
2.0843121
2.3457705
0.7080420
1.3106166
0.8895705
0.8197640
2.8792966
2.0476081
2.0414687
1.7929609
2.1768215
1.4370800
1.6354922
1.6059862
1.3498183
1.7471796
0.9146472
1.9776422
1.4327168
1.7394656
0.9932791
2.1908101
0.6960011
1.9475157
1.8421591
3.4368400
1.5843240
2.1649790
3.8366378
0.2988562
0.8833528
1.3486603
1.4529498
0.7694531
0.7847637
2.0643532
2.6691974
1.3481179
1.5877235
1.8117325
1.3775455
1.2277370
0.7369848
1.2114793
1.7148236
0.5494651
1.8148241
2.3311640
0.8321071
1.1807351
2.8402236
1.6424054
0.8333522
0.8816341
1.5108423
1.3722322
1.2944135
0.3739790
1.0583594
0.9776247
0.7383835
0.8096553
0.7818228
0.9066076
1.5014577
2.0801405
3.1048519
1.2817697
1.2930871
1.9952739
1.5910596
2.0631343
2.4582901
1.5447788
1.8628666
2.3252309
2.7732760
2.8828908
1.5662521
1.7444556
2.9046157
2.2075046
2.4694296
1.4978971
3.3396197
3.3763338
1.4530184
1.5436103
1.2805453
1.1279253
1.4144557
1.0645609
1.5033459
1.3869830
1.3583863
1.0031437
1.8207642
1.1363492
0.3351979
0.4808828
0.7589851
1.5666684
1.0351934
1.2536544
1.4017849
1.2253415
1.2505754
1.8537411
1.5165491
2.8880811
2.2356216
4.4471022
4.0815326
1.2034830
1.3787999
1.4639312
0.9620927
2.8695822
2.8820374
2.8925818
3.2172161
2.3271409
3.2826529
3.5641145
3.8152663
3.4070141
2.7096600
2.1671006
1.4015689
1.5740558
1.5706712
2.8788771
3.0074944
3.6446604
3.4696713
2.8665942
2.4344906
1.2341791
1.6554776
1.3508343
1.6271213
1.2972715
4.2761005
2.5592688
0.3490346
3.0688661
2.9642860
2.5125093
0.9258972
1.9622475
1.5053129
1.9106702
3.3005261
0.5364536
1.9973652
2.5369993
0.8825680
3.1172039
1.0247297
2.8385805
1.5014313
3.1791708
3.1521898
1.7975258
3.2656384
1.8974141
2.2413019
2.7306009
0.3887801
2.2345313
2.1759600
1.0946487
2.0343573
1.4414982
1.4523413
2.2788996
1.8418675
2.1303144
2.7395824
1.6608250
2.3721016
1.9093068
2.6705100
2.9852521
2.1731181
2.4067847
2.0018096
2.5530302
4.6671446
1.9691711
3.4872372
1.9453971
2.2085591
2.8439717
0.9671719
0.5681371
4.1665365
5.1686774
2.9886212
0.5522921
1.7500470
1.5568856
2.2790587
2.5148725
2.1304974
1.7823095
0.9654098
0.5203412
1.2908741
2.3147041
2.8458216
1.3357442
1.1505288
1.8331453
1.1740229
3.0221083
2.5558457
0.7311513
0.3072592
3.0682273
0.6004361
0.7088935
1.1213298
1.8694338
0.2711387
1.2558023
1.3381749
1.8535049
2.1272226
2.5710238
2.2028877
2.0736907
3.1525758
1.4363388
0.4982696
1.4306078
1.9088965
3.4004658
3.1331488
2.9033704
2.3486591
2.3921458
0.4497702
1.5279723
0.8503654
1.4028266
1.9006578
1.7602311
0.5765111
1.9178189
0.3426379
1.0679751
1.6643870
1.3163116
2.0514469
1.7495180
1.4936144
2.8388412
0.9341572
1.1334862
1.8204092
2.5080630
2.8746644
3.5384349
1.6333579
3.2680845
2.3298777
3.0206150
3.2966161
2.0564753
1.8338780
1.4356143
3.9270589
4.3277067
3.2300718
1.5204747
2.3154631
1.7727449
2.2974818
1.4037780
1.3230895
2.0590218
0.9908040
2.8132262
2.1569062
2.3052513
1.9642433
0.8616260
3.5375598
0.3382697
1.8452509
0.8358899
0.8826397
1.5465209
0.2132865
1.6012473
2.3490564
2.0502784
2.2040401
2.3268942
1.5155795
2.0448746
1.1733382
1.1259284
1.2331899
1.1081351
1.1164808
0.3437903
2.0175112
1.1589023
0.9296784
1.5034136
1.3810321
1.6509399
2.1775219
1.2038865
2.0198201
2.6115570
0.9231955
2.1164314
0.9315025
1.4860221
1.3780134
1.1546786
1.6457630
1.2503854
1.8234361
1.8388482
2.0396935
2.3161974
2.1927745
1.9879554
1.3392902
1.4737904
1.1841671
0.9914113
0.8230414
0.7927131
0.8300788
1.3623206
0.2311747
0.8490519
0.5211874
0.7415130
1.0277102
1.4632340
1.4054014
1.4417893
1.5283076
1.5821423
1.5045133
1.7523936
1.3866569
4.2399836
4.1733587
4.8770199
2.3996368
0.7850495
2.3721285
2.8528379
1.8254259
1.7060700
2.3729257
2.0987612
1.7879482
1.1961674
0.8673295
0.6303942
0.7350599
0.5718824
0.8922515
1.0425728
0.9739898
0.9625008
0.5484411
1.3739704
1.9046714
1.6243431
0.7978807
1.1670423
0.4175254
1.4874727
1.8189943
0.6900594
1.8040862
0.9014370
0.4771853
1.1884509
1.1797970
1.4844186
0.8339515
0.9022422
1.6469462
1.1175530
1.2523223
1.5558545
0.8541891
1.6820018
0.6248798
0.1191110
1.4491167
1.2996651
1.2016849
1.2457878
0.4017650
1.4004010
1.0130380
2.5852288
0.6611171
1.0200096
1.7648514
0.4440566
1.7271359
1.3267125
2.1593091
1.7701614
0.2634572
1.0547255
0.8802208
0.4658767
1.2373376
1.1655786
1.0788817
1.5498373
0.9755472
3.0784116
0.7357513
1.8036702
2.1139646
0.4178556
3.1105980
0.8520477
1.6734298
3.4631702
0.7027555
3.1945323
2.0705404
3.1875027
5.5578777
3.9116823
3.9422443
3.2521798
1.9371079
3.6930423
1.8670061
2.4825055
2.6105178
1.7368705
2.6890646
2.6459688
2.0888581
2.5809249
1.9762206
2.1681546
3.0139703
1.4848400
2.3431982
1.0700003
1.1473886
2.4426035
0.8485162
2.8749189
1.7364404
2.7692556
2.8848690
3.1201864
3.8806299
2.8539715
2.5531101
1.7803908
2.6048104
3.5525344
6.0976132
5.3916804
5.9297017
3.5686890
1.4256796
1.6024553
2.3818065
1.2717730
1.1747630
1.2462371
6.0207120
8.0964690
8.0972280
10.8864855
12.1629309
3.9329180
1.2388949
1.1970193
1.3081585
1.5265291
1.2142683
3.1639012
2.2798762
3.0560127
3.5234841
4.0874488
2.9300247
2.5445760
0.7206510
3.1901404
2.5047348
2.8881441
3.5959155
2.9267737
2.1707633
2.1087855
1.9896811
2.5760286
1.4926831
2.5854818
1.6482694
2.9142635
2.5121164
1.8168705
2.1302276
0.6418341
0.7866029
1.7153595
0.2022091
2.2303012
1.1037611
2.1250418
2.1847957
1.3891178
1.6291916
2.1802481
0.8140950
1.7003556
1.1955634
1.5154527
1.9629715
1.0143642
0.9699666
1.1542852
1.0941825
1.5352624
0.7014483
0.9516236
1.1497269
1.3937601
1.7128075
3.1844987
3.7700653
1.6388796
2.2431227
2.5127851
2.5255759
2.1349084
1.3069275
0.6174853
1.9242554
0.6653171
0.8908404
1.4052042
1.3382061
1.5318409
3.1673489
2.1129247
0.9743124
1.6103776
3.8260216
2.3567790
0.8451936
0.6048394
1.0928937
3.2175948
2.1194013
1.9277915
1.9165374
1.6790052
1.7019915
1.3155603
0.3968068
1.5075001
1.4670202
1.7317738
3.2108055
2.8105399
1.3078193
2.3481270
2.1937625
2.7029786
1.6125650
2.7613432
2.5293105
2.1098277
1.5176895
1.1971117
0.9684346
1.0168925
1.4189471
0.8238641
0.8379046
1.2505419
0.3789525
2.0630379
1.2406236
3.1237695
1.5382941
0.7737737
1.9675438
0.5213719
3.1015445
1.5792456
2.1837568
3.2543723
1.4095901
3.3246154
1.7054480
1.3552539
2.4084822
1.5701792
1.9399839
0.9880491
0.6954314
1.6985344
0.9639760
2.8483285
1.7261448
2.7181699
1.8886541
0.8619327
2.1889835
1.3625110
0.9221218
1.6757625
0.6628352
1.0984061
3.9574153
0.7851582
1.0996225
1.1936661
2.1754129
0.7498124
1.6111428
0.1735117
0.7260221
1.2553240
2.8866860
0.8167192
2.4478295
2.3178869
1.0053745
2.0672865
0.2900060
1.6732964
1.3323437
0.8727412
1.8477024
1.2372733
1.6569437
1.7584209
0.3618429
1.8146195
1.3643036
1.3323304
1.4442327
2.3776226
2.6113949
1.6929135
1.9741872
1.7035689
2.5272928
1.8900412
1.9709250
2.6349133
2.0839507
2.2212694
1.4753131
2.6615060
2.8527859
2.9261389
1.0077893
2.6531805
1.4264529
2.6400185
1.4417894
0.5766646
2.4062206
3.3629545
1.8956249
1.6592741
2.6927908
2.2321262
3.0867987
2.2945561
2.7758942
2.5323126
1.1826001
3.0082745
1.0817065
1.5160349
0.7845992
2.4218171
1.5540177
2.9928689
4.0680852
4.6739809
4.8783870
5.3620515
6.2148870
5.4088897
3.4560373
2.9615845
2.5201726
3.1913949
1.4792171
2.5025420
2.1850166
3.2829016
3.7891927
3.1608784
2.7840225
3.4100094
2.4177314
3.4957590
3.2923428
1.2955299
3.1743733
5.8667599
2.8491125
2.8342198
1.2565726
3.6877214
2.1722039
1.7359443
2.7744799
3.0774727
2.5425477
2.0157319
1.5831752
1.2591157
1.6149237
0.8519131
1.0053249
0.9809561
0.5480758
0.7602183
1.9778192
1.0113139
1.8480257
1.4948810
0.8972435
1.8129779
0.5868084
0.7628698
1.8111427
0.7129728
3.0545933
0.7833303
0.9763144
1.9403330
0.7382518
1.4314807
1.0566141
0.6540057
1.7493007
0.9847926
0.6926798
0.6408056
2.0908711
1.8033782
1.3532366
1.3251369
0.8433016
0.3043628
0.9862404
0.8657875
0.3808406
0.9934941
1.5132896
0.5236233
1.4679788
2.2130664
0.2342417
1.3401389
1.0279241
1.7526199
2.2422502
3.7440024
7.0801056
8.0994057
9.2288966
7.3102255
3.4328776
2.1712641
1.3163213
0.4453432
1.2993446
1.6326901
1.7727464
2.2008657
1.3911706
1.5080674
2.6014251
3.8937671
2.3608710
0.7569084
1.7683955
1.7476501
1.2070363
1.9368429
1.9931320
2.3703050
2.8636806
2.6471415
3.3440758
2.7605710
2.6118194
1.2590306
1.2439459
0.8405431
1.1899985
1.2546704
2.1481262
2.0161157
1.5255779
1.5587333
1.5406201
0.5961483
1.4966015
1.7172400
0.6973581
1.4880010
0.1901101
1.0350585
1.4172098
2.3464584
0.9807842
0.9740532
1.1237999
2.1701401
0.7359078
1.2235241
0.6896059
1.3759179
2.7924385
0.9137922
2.1986953
2.7138845
1.7469410
1.9812984
0.9782924
0.4200734
2.2889744
0.4842640
2.0462611
2.1984219
1.2169368
2.9596139
0.9501325
2.0667208
1.4022798
1.0055674
2.7728758
0.8191915
1.4639617
1.7476051
0.4611629
3.5274274
0.2053344
1.3211109
1.4903989
0.9166406
1.4225336
0.8938641
1.8288121
1.0094619
0.2843935
1.3928838
0.3990479
0.8400200
1.4258903
0.5405026
1.5335579
1.1003981
1.1010257
0.6188946
0.5709746
1.5317800
1.1978727
1.0814232
0.8224758
0.9661625
1.3784357
0.6032896
0.8487389
1.0306098
1.1230832
1.3273587
1.2415798
0.6791261
0.9669598
0.3637060
0.7924532
0.4310261
0.6646285
0.6840971
0.4824303
0.4886421
0.2371054
0.6290477
0.9742532
1.0921604
1.3315708
0.6266044
0.9067972
0.5018228
1.2998542
0.5917782
0.7244304
0.5792794
0.9111217
0.3431914
0.8987698
0.5156395
0.9430764
1.0865781
2.1237260
0.6939140
0.6969592
1.7351340
0.8040071
1.8172086
0.6106412
1.2834874
1.9652020
0.3212723
2.0049786
1.8631533
1.0154374
2.8867980
2.4310258
2.7161624
1.4728684
1.1466067
2.4448048
1.1638919
1.5918605
1.3181311
1.9133806
1.7019933
1.3312139
1.4937573
0.7532769
1.4210849
1.7287965
1.4289880
1.7055657
0.7778155
0.5771306
0.7856411
1.2202752
0.7761144
1.1460155
0.3984510
0.6975887
0.8565118
1.2664568
0.6015215
1.5537648
0.6988154
1.0928007
0.8266063
0.7522439
0.8055652
0.4654081
0.8697426
0.8653292
1.3995980
1.0096012
1.9798528
1.1848304
1.3980121
2.1222232
1.5344615
1.6123767
0.7048909
2.4087919
1.1346238
1.4831885
1.8970704
1.1351673
1.6258645
1.0755470
0.7527569
1.7752911
0.6834244
1.0255167
1.2131196
1.6915092
1.3031714
0.9622073
0.6720533
0.7672918
0.6657328
0.8227187
0.5665578
0.8092911
0.8658402
0.7267217
1.0545236
0.3789410
0.6178517
0.9605854
0.8339930
0.9107304
1.8008221
0.5921595
1.7602473
1.5420188
0.5397240
3.1132393
1.2803902
1.4162720
2.3816386
0.9567599
3.0863384
1.4105971
1.2789661
2.2449894
0.7683582
2.3757184
1.5920235
0.6309107
2.7774245
0.9731439
2.5392586
2.6988432
1.1041837
3.1773688
1.0977746
2.3087841
2.7145795
0.7995325
2.5424253
0.6850988
1.9430196
2.6592730
0.5238274
2.2564073
1.3977224
1.3957342
2.9281098
0.9769949
2.5029823
1.0136207
0.9789360
1.5119614
0.9205079
2.3547764
0.7056628
0.6644401
1.9375410
1.6127353
1.6842230
1.3369453
0.9852952
1.8408863
1.9586656
1.7648217
1.1675067
1.5434772
2.4813979
1.4825274
1.3602915
1.7633524
1.3549648
1.8783889
1.0825601
0.6189321
0.3565796
1.1461956
0.7412666
0.9242580
1.0849240
1.2417684
1.8678067
0.5812205
0.7854954
0.9938280
0.8950487
1.5859415
0.4469355
0.8649583
1.1806888
0.7821427
1.1540802
0.7021699
0.6042755
1.1643811
1.3048243
0.6961889
0.7644800
0.8992286
1.1575254
1.3128990
1.2266461
2.8694402
1.6959998
2.1324755
1.8158894
1.1299239
1.7849506
1.3536678
2.2895368
0.7773074
0.8219590
1.7150099
2.0352971
1.3145669
1.9060750
1.9419915
2.2406883
4.1528708
3.9742707
4.3251981
5.1805532
5.3426232
5.3167157
4.9788653
3.0408638
3.3572857
2.2792890
1.3543827
1.6934857
2.0096485
2.6811817
2.3615493
2.3144240
2.6740557
3.9413871
3.0744384
2.1837729
2.2177658
1.7416757
1.4400990
1.5040549
1.3208122
1.0107241
1.6196939
1.7183577
1.6809477
4.1193894
2.2241313
1.7460107
0.9914946
1.6006265
2.0345413
2.1684746
1.4369814
0.8135114
0.9591561
0.8393140
2.1706220
0.7362227
0.4241608
1.6231940
1.0000419
1.9522887
1.1419523
1.0554570
2.1668024
1.0819038
2.6710222
0.9887360
1.2872519
1.7083791
0.3836487
2.3884061
0.7907961
1.0787701
1.7573507
0.6414990
1.9585524
0.8991419
1.5449473
1.7518547
1.7477793
1.4471555
1.3330107
1.9214309
1.0298076
2.5940630
1.3244844
1.6824504
2.9241038
1.1637985
2.8237566
1.0628130
0.7786623
1.9478829
0.8949612
0.6203251
0.8283364
0.9268316
1.6793905
1.6422331
0.9856700
1.5077077
1.0870064
2.9160255
3.4965623
2.9356903
3.1750828
2.7361429
2.9099845
3.1984585
1.7857370
1.5302751
1.2059758
2.3322558
2.2832331
2.3903980
3.2440365
3.9999670
4.0036047
4.4175531
2.8996051
4.5369238
3.9672052
4.5627014
2.8001416
0.6168849
7.3574978
10.1966982
10.1666706
8.9786451
6.8191732
5.7954896
3.9835652
3.5660695
2.6528577
1.5794081
2.6183217
2.7175715
2.6044079
2.6517994
2.8394775
2.8915687
2.5800893
2.4210625
1.5220104
1.5443845
1.8921227
1.7741390
1.0842059
1.1959042
1.4854560
1.3814633
2.0389587
1.7300275
1.9314200
1.7856705
1.6716558
1.9971582
1.5038403
1.8310607
1.7959007
2.1057161
2.0067103
1.9632641
1.7121344
2.1959970
1.6222237
1.6719470
1.7188367
1.9709108
1.6963862
1.8133717
2.0750647
1.7656170
1.8060731
1.1952289
1.5846929
1.9001755
1.2994155
2.0754503
1.7563595
1.8034464
1.9172868
1.2423806
1.6448728
2.0495123
1.5845916
2.1223279
1.3458098
1.6022721
1.3965453
1.7971883
1.3836898
2.3744478
1.3815284
1.7120255
1.2606741
2.1681916
1.3925555
4.6595393
9.1276962
9.4256947
7.7493696
6.2565219
3.6426496
2.8859064
1.5847179
1.1955331
2.8668440
3.0178438
3.4905561
2.2589160
3.8450387
5.6128862
5.2510622
2.8602776
2.1604709
1.8631056
0.8969955
0.6073927
0.9265367
0.8176390
1.5001134
0.6551356
1.0524474
0.9955704
0.6821758
1.2307847
0.6754583
0.9552836
1.5484548
1.3832174
2.0771345
1.1624853
0.7664272
1.3062378
1.5068968
0.8279814
0.9891203
1.1015014
0.6118853
0.7304681
1.5740950
1.4831327
0.3454196
1.1068313
0.9155853
1.0722813
1.7497598
0.8567555
1.1170969
0.4462582
0.7320126
1.1361611
1.0565048
0.6760824
1.4187769
1.9147552
0.9282444
2.0854538
1.1837435
2.1800775
2.4373250
0.8065658
0.5997788
0.9259899
0.7781082
1.3275225
1.3395619
1.1401596
0.2289953
0.9223335
2.2667665
0.7769643
0.7696608
0.9151580
1.4920841
1.0101076
0.8879692
1.2034024
1.1387698
1.9746219
0.8916502
1.2529230
0.6630839
0.7384907
0.7697732
1.3899663
0.8531859
1.1030287
1.5963496
1.3476778
0.8419681
1.9414973
1.6550334
0.9666963
0.7608319
1.2848666
0.8650487
0.9234851
2.1075823
0.8881627
2.1259542
0.9281723
1.4054059
0.9736765
2.9570475
2.3663009
2.4430782
0.9197313
1.7374673
1.0171575
0.9666619
2.3789909
0.5846704
0.8465516
1.4661938
1.8272243
1.9583719
1.3722013
1.5185475
2.8404283
2.9457536
1.5747089
3.3643257
2.5230448
2.6525691
2.0448503
2.5695250
2.8428733
2.0374339
1.6429382
1.6034715
1.5573443
1.9165944
2.8716755
2.3811233
1.2239308
2.3196270
2.0241340
2.6847285
2.6061569
1.2157280
2.2600756
1.1825545
2.0502067
2.3054288
1.6412391
2.6484000
1.9751792
2.4127780
3.1181497
1.2137934
3.5133135
1.7019777
2.6413573
1.4347503
1.2751863
0.9385171
2.1519191
1.7101477
2.6480243
2.5447254
2.1951529
1.2188136
1.3363533
1.5192073
1.5382361
2.5868888
1.2488372
1.3557761
0.4938749
1.8890833
2.4958502
2.4310702
1.4502066
1.1955550
1.6263623
2.7887829
1.9989380
1.9476278
1.7005604
1.3076206
1.8433079
2.2564825
1.2342862
3.0199119
1.0366189
3.2050778
1.4511899
2.0906036
2.9924658
1.2833077
2.2965578
0.8855304
2.1667013
1.3019354
2.1365559
4.2121698
1.7540491
1.3875499
0.9808696
1.4883479
2.0359411
0.5854092
2.8705268
2.2286347
1.4236846
2.5960050
1.5840939
1.0568144
0.9874765
1.7231389
3.2700413
1.7186209
2.9978750
2.5074370
2.0766203
3.1824286
1.7246569
1.4909802
1.8856943
2.4159952
1.8736401
1.9938722
3.4232828
2.5370460
2.7419937
0.8848461
1.1848185
1.1841347
1.2336575
8.2434887
2.7346834
3.5755283
3.8856109
1.9091677
1.6752188
2.7211190
1.7959576
1.3606332
1.1545706
1.6304594
1.8628440
2.3835195
2.1818037
1.4454534
1.3039691
2.8161904
1.4132886
2.7663999
1.9076284
2.0025711
1.1826078
0.5952552
1.6923263
3.1641757
2.7991911
1.8028644
0.9312899
1.6352759
2.4303931
1.8911177
3.4773956
0.9572056
1.6117070
0.6577182
1.9486230
1.4388716
2.3846076
0.9793092
1.6675223
1.7971425
1.7317254
2.3320578
2.3682908
3.2546424
3.7853596
4.6279196
5.2465010
2.9165035
3.8769052
2.9391219
3.4118849
3.7759945
8.3612360
8.6542033
7.6499094
5.2160299
3.8179347
2.7229062
3.0570182
2.7180133
1.5917144
2.4373300
3.9245196
3.2512688
3.2930140
1.2440365
1.3925234
0.5478257
1.6245220
14.0600268
2.7215050
5.5236462
3.5641060
4.6265455
4.2965356
5.5794822
3.4572373
4.3913128
3.6043207
2.5908173
3.9234163
3.2837062
3.9838020
2.3791999
4.4598518
4.9784717
6.3973967
8.7496209
6.5291706
5.7506439
4.3809698
2.7763684
2.1137125
1.8408910
1.2390774
1.6196578
0.8538689
1.4121339
2.2799173
1.6005007
1.3293775
2.3643325
1.2946666
2.0282587
0.5057572
1.1211940
2.0601794
2.0217436
0.9595950
1.5201578
1.7828788
0.9636743
1.8533147
2.4101322
1.7802752
0.8896893
0.8254383
1.7243092
3.1306037
2.6457158
2.2349896
0.7701389
2.3035660
2.9919091
0.6017666
1.4862438
0.9100979
1.7327424
1.9652803
2.5182409
2.2226793
1.8491305
3.2202279
2.5144675
3.3992045
2.0400326
2.6305134
3.0142932
2.1476432
2.4824149
1.3397714
0.7193564
0.6860573
1.9749835
1.0087093
1.0496718
2.4585746
2.2642840
3.3497573
2.6697274
1.2776103
3.5131719
1.0699231
1.8593780
0.9999382
1.0712988
2.8305250
1.7260792
1.5146757
1.4681994
0.7762084
2.1207603
2.1034378
1.3789038
0.6605908
0.9390335
1.3351767
2.0016718
2.3662626
1.5922333
1.3282336
1.1309848
1.3697590
2.1998633
0.7859067
2.2838896
2.9733419
2.2792738
2.9837592
0.3517923
1.0262290
1.1290582
3.2923808
2.6253247
0.8937746
2.2125911
2.0646930
1.1125724
2.9120493
1.1384212
0.5375832
2.9440623
1.3135732
2.0521436
0.1632236
1.0604005
2.2368391
1.4553453
0.8251202
0.7390016
2.1897752
0.8683360
2.3900642
0.9851633
1.3456112
2.7517464
1.0020419
2.6481750
1.1023873
0.4449046
2.0453520
0.9477062
3.4637397
1.2423421
1.5183152
0.6874978
2.6658555
1.2098952
1.5179793
2.3425941
0.5664845
2.0478878
0.8757087
1.6526655
1.9181516
0.6188651
2.3746578
1.6906942
1.7618463
1.6477382
2.6283851
1.1421874
3.4215239
1.3235297
2.0796038
1.5542622
0.9275297
2.3965827
1.0843084
2.0678837
2.3661614
0.3066986
1.1287142
2.6291223
1.0893312
1.6315555
0.3112792
0.9437035
0.9293771
0.7875212
1.0320398
0.7906900
1.8885789
1.4219885
1.9279236
1.2851497
1.2902112
1.4760142
1.9323687
2.2619851
3.5799685
1.3723733
1.9252213
1.3985410
1.5561168
1.2597572
0.7196099
2.1119272
5.4196283
5.4931387
2.3775384
1.7179317
1.6932994
0.9557185
0.8986646
0.6798773
1.7664427
0.6541335
1.0294836
0.6137141
1.0914106
0.6675041
1.5198199
0.7539502
1.7023077
1.2649787
2.0330616
1.0957255
1.6990336
1.1225484
0.9303881
1.5072947
0.7606446
1.3337787
0.5647031
0.7567785
0.9718202
0.6959947
1.1703862
1.3614511
1.0680773
0.8887914
0.5012529
1.4120588
1.6721587
0.1390726
1.3293312
1.1554299
0.4471370
1.7354331
0.7364129
1.8331559
0.4067457
0.9015652
0.9238779
1.2774614
1.8594853
0.3552337
0.1835091
0.7000416
0.8357073
0.4624407
2.0618909
1.2153676
1.1750491
1.5657382
1.1792315
1.0366073
0.9152346
0.9393420
1.1554625
0.4238579
2.0351043
0.4494499
0.6891389
0.8241093
0.6796158
1.2179197
0.6731755
0.6878636
1.1718744
0.8756564
1.7907958
1.2706112
1.2045763
1.4583601
0.9592692
1.1411970
1.8361718
1.7898435
1.4082275
1.4934194
3.0331414
1.9709090
1.9306162
1.9110362
1.4709760
1.2313752
1.3920064
1.8498555
2.0336278
1.3217445
1.0229237
1.3930755
1.0657090
0.9161312
0.4859890
0.5430407
0.5639271
0.8083379
0.9098213
1.2062284
1.5522655
1.1302265
0.6148523
0.6213225
1.1463128
1.3998273
0.4486267
0.3320307
0.4109743
0.9250338
1.3636824
2.3269837
1.9413331
1.3291471
0.9882260
0.7332393
1.0988376
0.9911082
1.1961157
1.1071533
0.4080034
0.7446942
1.2244259
1.3495021
0.5464403
0.6891234
0.4073575
0.9665228
1.0956139
1.8215486
1.9447816
4.6053636
6.5590478
7.7586842
7.2719140
6.7456030
4.1815109
1.8720320
1.4147384
1.0419938
2.2742568
0.5883451
1.2812424
0.8003824
0.9693326
0.8602244
0.8037928
1.7107427
1.2045311
0.6392514
1.4856821
0.7217586
1.8724975
1.2609327
0.9507552
1.1754234
1.5403200
1.5411397
1.6114414
0.8183440
1.4343477
1.7434303
0.5103216
1.4209984
1.2166947
1.1575177
2.4555222
0.9279156
1.4559256
1.4227245
1.2533758
2.7522763
0.7326543
1.8863667
2.1517926
0.2849892
2.4410243
0.9607570
1.4648001
2.1990928
0.9281226
3.3063731
1.1540367
1.5051767
2.4510073
0.5047655
3.0329369
1.5122980
2.0403963
2.1993076
1.0225202
3.3360057
1.1896107
1.8675103
2.2218375
0.4431999
2.5782525
0.8723296
1.4365739
2.3491052
0.4521957
2.2290740
1.2775105
0.6821647
1.6751173
0.5116139
2.0090407
1.1682977
0.4963275
1.2873167
0.4268202
0.9293735
1.1000224
0.7720286
1.2574370
1.1238320
1.1090429
0.9964729
0.8097009
1.5314238
1.0213556
0.9613043
1.2132220
1.0734622
1.1995695
0.6991413
0.7268353
1.4952267
1.3046657
1.3884434
1.4634822
1.0025598
1.4668369
0.8589968
0.3949754
1.5326604
0.8237564
1.1768687
1.6222500
0.9276998
1.7957738
0.8895467
1.5830543
1.7359029
1.2735536
1.9303541
1.5164769
1.3079169
1.8877772
1.1142560
2.0805438
2.1281087
1.1440920
1.1593025
1.8006436
2.0911807
2.1230789
1.0570820
1.7453038
2.0807313
2.2153409
2.2338051
1.8947969
1.4185722
2.3667971
1.7712340
1.7075483
1.0963879
1.7947466
2.0837175
1.1570772
1.0232795
0.9812548
2.1702806
1.5360857
0.3964440
0.7606476
1.4490911
0.3978106
1.1118646
0.4142146
0.4426183
1.7629352
1.5094298
2.0210330
0.7613872
0.3879843
2.2976457
0.5205695
2.8812988
1.2941061
0.7743691
2.4838543
0.5518712
1.8279311
2.1119081
0.6836106
2.9689942
1.2038523
1.8229482
2.0542211
1.1127289
3.6850024
0.6431272
2.0234247
1.9086749
0.7739661
3.1231871
1.1337543
1.8856011
2.5911716
0.9658537
3.3709691
1.0796327
1.7713661
2.8284414
1.8461891
2.7178860
3.1106956
2.5042190
4.0363514
3.8487183
3.1112672
2.8124122
1.3327949
2.0749830
1.0522754
1.6828247
2.4670091
1.8636945
2.5643355
1.7068393
0.7963440
2.0422911
1.7459062
1.1177935
1.3285419
1.6518894
0.9606243
1.4117033
0.7147025
1.7743422
1.2873354
0.9131540
1.1333591
0.6596887
1.2379123
1.5461967
0.8246619
0.7983739
1.1714365
0.9646637
0.5017928
0.8954807
0.7320243
1.1839085
1.1245901
0.4366802
0.4716295
1.6241975
2.1120066
0.9820104
1.0270806
1.9590722
0.8889770
1.0491800
1.1004192
1.5298815
1.6231909
0.6087209
3.4417657
1.0342768
0.7177531
1.6051193
1.8700095
1.9412616
2.1557863
1.9343082
0.9947926
1.7091933
1.6782112
1.8435249
1.5229958
1.5554102
2.6532088
2.9203834
4.5981057
3.6683247
3.3480645
4.3970716
3.5661687
3.2242563
2.8047403
2.6771796
1.9987735
3.8037765
3.3705438
3.3119343
2.6412122
1.3661310
2.4926311
2.6277072
2.9022727
2.2537546
1.0363142
1.1574067
1.9877973
1.3137084
1.8474844
2.9605964
1.8701813
1.5194204
0.6562368
2.0763591
0.9690927
2.0340083
1.0121861
1.6950348
1.4180247
2.0580248
1.2758248
0.7533824
0.9093320
1.4208860
1.0696207
1.4022935
1.9907827
1.8313348
2.1681369
2.3415803
2.3253343
3.0014584
3.1310445
2.0913475
1.2537729
2.1286396
1.8294343
2.2346711
2.0118838
1.9026791
2.1984475
0.5124904
1.9845026
2.2820151
2.0247697
2.0010714
1.3380470
0.8593929
1.1779476
1.2951760
1.9434583
0.8741059
1.4035836
1.7129168
2.0944744
1.6014548
1.4515468
1.8020513
1.6302139
1.0611983
2.5141388
0.9589585
1.7016023
1.1276849
1.1676416
2.1259679
1.9659144
0.4872361
2.2426504
1.0151746
1.2122341
2.3899033
0.7925368
2.6234407
1.4432101
0.9605371
1.2792484
0.8405053
0.4347738
0.4422025
1.0522395
2.4738833
1.8011174
1.7525825
1.1560769
1.3670781
1.4431996
3.4681214
1.0417339
1.1299330
2.8571856
1.6257044
2.1908717
2.7367963
2.0877728
2.5758994
1.2417531
2.4819900
1.9101768
2.3089505
3.5357004
2.2506087
2.0930957
1.5239421
1.3538415
2.6500564
1.3158306
1.2169763
1.2009990
0.4199152
1.3699384
1.8671678
1.4148642
1.6416135
1.4350056
2.0908726
2.7481000
2.3167062
1.6264964
3.7965496
1.7184775
2.2530995
0.6227681
2.4094508
2.1792368
1.7396672
2.3373958
1.3638842
2.1194852
2.7802928
1.3605437
2.6384242
1.5180135
1.2844956
3.0661126
1.5870283
3.3984735
1.3398760
1.8442779
3.2807602
1.0474750
2.9941155
1.5374876
0.9776157
3.6169779
2.2477015
2.4876647
0.6874938
1.6591110
4.0266936
1.3303828
2.8599052
2.4908838
0.6124538
4.2125423
1.5389787
3.3015739
1.0656411
1.2794362
1.4251520
2.2146223
2.7699779
1.4254527
1.2178243
2.5624576
1.9025978
3.0529739
1.3701709
0.4808498
1.4826867
2.5012277
1.0665475
2.7955003
1.8871783
1.7524946
1.8514210
1.8145466
1.6959346
2.4567882
2.0988812
1.4197844
0.9493157
1.0629994
1.6208717
0.5974001
1.1772774
1.6705486
2.8284244
1.5585893
1.4049998
1.0466728
2.4237290
1.8806741
1.3719766
1.2593472
1.9147711
1.9960204
1.0323240
2.2432289
0.7692052
0.9793723
2.4455945
1.1646171
2.7538696
2.9171669
1.4049646
2.5974374
0.6985351
2.5559678
1.0177226
1.4431847
3.4075502
0.8596580
1.7392931
1.7081236
2.0938089
2.9766955
1.7974134
1.7166118
2.0456387
2.0979165
1.5008406
2.2335847
0.6344056
2.1135819
0.8397655
2.8713886
1.4252148
0.6878360
0.9360501
0.7119413
2.0503808
1.8649759
2.8263235
2.1555539
1.8702103
2.0307946
1.8434319
2.1398583
3.8117431
1.6817922
2.2116058
2.5966518
1.2132370
4.6469142
1.9582704
1.8865591
2.1152031
0.6027149
2.4606534
0.4876944
2.1245020
1.5161647
2.0884020
2.5951602
0.8584415
1.3182706
0.3987131
2.6452307
2.8740034
1.6623567
2.0755135
1.3179082
1.5019745
1.2512680
2.3976209
1.4215729
1.6816534
0.6736808
3.5127284
3.5986439
1.8400308
0.7201387
1.9605402
1.1956177
1.3692037
0.6388764
1.1522540
0.9932476
1.1959152
1.7375893
2.1423973
1.0160875
1.2497458
2.5579472
1.1459555
0.4378282
1.7783595
1.7053954
1.5061206
2.4673702
1.8018259
1.6897372
2.7983532
1.8469188
1.7436678
2.7827903
2.5071209
1.3803278
2.6219557
1.7948662
3.3217853
2.9142905
4.6304005
2.7287343
2.0390871
4.4568460
1.9395678
4.0775972
2.5591157
0.8979324
1.1923079
2.7628868
0.6821812
1.2738111
2.8203030
0.6280768
2.1776928
2.3998058
0.6902657
2.7307901
0.2242811
2.3522093
0.9863190
0.7955700
2.1102351
1.0018074
1.8540891
2.8820889
2.1273375
1.3332173
3.0671179
1.3064485
1.8318962
1.4123511
1.1591738
3.5135540
1.3455390
3.3823765
2.6168818
2.2105336
2.9543326
1.8923517
2.0270939
2.0622140
1.1525764
2.0125700
1.1200229
0.8075100
1.8897527
0.3875567
2.5032428
0.4742578
1.7282425
0.3820178
0.2384447
0.6379689
5.5937915
2.1742177
2.5103204
4.5528165
7.6564954
10.7481984
7.0745035
7.6029780
4.6283281
4.4765055
3.3540114
2.4810802
2.2383633
2.0464968
2.7117651
1.6262888
2.1907032
2.3672231
1.8713235
1.1668012
1.9977362
1.6036256
2.5991124
1.8991569
1.1738150
0.5151181
1.5559503
7.0112033
0.7581370
3.0646012
2.7954601
1.5312564
2.3768622
2.1508796
2.9080147
3.4101112
2.7063582
1.2677171
2.9213099
3.7783595
4.0768185
2.5027054
4.1671362
9.9137327
18.1827170
8.7102457
6.2501937
4.6710696
3.2126574
3.1326021
0.8316308
1.4114350
2.3017215
4.2793950
4.7370948
5.9210108
3.0857345
3.8853059
2.4236778
2.1380648
1.8865269
2.5187732
3.2580719
1.7047927
3.1370432
2.4321303
2.0229305
3.7240805
3.3844901
2.5743468
2.3490022
1.3816762
2.0173203
1.1551137
2.3066461
0.2994743
0.6133315
1.3228324
1.6332091
1.8666802
1.2814800
2.4494026
2.1013767
2.2026918
1.6890771
1.5531868
3.0264612
0.9554602
2.0542854
0.4462005
2.3282541
2.5668013
0.9057320
3.5117942
1.0858290
1.4036766
2.2511717
2.5292577
1.5078116
0.9377726
1.3303943
1.9731072
1.2712814
3.3005294
1.6790747
2.1746241
2.9399943
2.3145565
2.7727565
2.8927224
2.3534205
3.4677410
3.6525570
4.4894873
3.2507714
2.0289408
5.3692242
4.2459455
3.5973061
3.0652154
1.8976797
2.9328516
2.7486574
1.4750987
1.0556150
2.0544441
0.5680513
2.1796118
1.5329215
1.4491081
1.7975089
1.3661357
1.0949756
0.5445641
0.4223347
1.6460654
1.2207981
1.4172397
1.6740414
2.4326090
1.4936750
1.7196397
1.7769027
1.9638843
3.1581162
1.9734680
4.6074089
2.9845617
2.3111982
1.6860015
1.3818921
3.6625701
1.5906174
2.7436437
2.4164173
4.1778749
6.4860357
2.9810676
2.1158327
4.8369639
2.6813110
4.3606803
1.1193958
3.7021181
3.9319289
1.4243223
3.0393819
1.5260036
1.7633114
1.1091650
3.4882021
2.5698733
1.3309326
1.1874353
0.9236677
2.1158118
1.7048307
2.5388154
2.6426280
1.2967965
2.5121781
1.5885056
1.9350410
3.1217744
1.5082726
0.8965350
1.9129099
1.1803035
2.9245460
1.7195367
2.7313023
2.4348203
1.9963163
3.6262782
0.7968012
0.1443467
0.7515252
1.0216039
2.8020691
3.0662033
0.9895998
0.8082585
2.3552233
1.9230816
2.4355874
1.8881392
2.2436054
3.1516799
1.7899205
3.7992017
1.0771390
1.6049865
3.5799720
2.1963614
2.8440767
1.3127560
0.5657182
2.6801656
1.8311174
2.3258902
1.2927175
2.0674341
2.4296255
1.1692099
2.2932757
1.3570753
1.3974145
2.2564377
0.8950438
2.0260713
2.4914424
0.8550503
4.2977729
0.6307459
3.7285577
2.0768877
0.8541534
3.9953162
0.5065107
2.6459307
1.4560899
1.6640177
6.5185462
1.6927241
3.4097074
2.3873092
1.9145830
2.2272098
1.6509161
3.1658460
1.7883109
2.1731268
3.2665139
2.1385661
0.6116245
1.4915215
1.2893577
1.8009602
2.1150420
0.8121611
1.1778905
2.6743774
0.9264922
2.3754450
1.7922192
1.2111297
2.0391825
1.0000070
2.7545456
2.2986495
1.3204887
2.8271442
0.6147898
1.7879564
1.4182705
1.8105329
1.5426266
0.8009248
3.0214367
1.2828150
4.2611411
2.4241052
2.5633459
2.7217837
1.4769911
2.0682339
1.7564234
1.3284558
1.1027921
1.4774093
1.2304876
2.0148627
1.3644250
1.5510898
1.6682397
1.2338306
0.3702375
1.9895043
1.0350762
1.7677620
0.9806028
0.8503607
2.3182217
1.4739549
3.9979376
1.9819770
2.7624431
2.1275740
2.5178420
2.6992800
2.1115174
3.3835140
0.8455476
1.3271375
1.2916480
1.4097247
2.5400846
3.3846163
2.2354559
2.8459078
1.5584080
1.0301631
1.3559501
1.1393105
0.8021645
0.8730989
1.5890120
2.3609205
3.1541028
4.1955447
2.0323962
3.1675294
3.1759466
2.6265667
1.9959322
2.0671847
0.8782843
2.5625074
2.3676606
2.3351812
3.4808341
2.0583865
1.9198179
1.2002862
1.5537333
1.8777364
0.8136916
1.7006427
0.9166791
1.5868122
2.0730079
0.6192987
2.6067113
2.0255237
1.5318468
2.7134211
0.8231520
1.8193280
1.7814278
2.0913803
1.1263844
2.3024138
2.2083382
2.6699327
2.2013378
0.9432272
1.3530724
1.7567120
1.0863070
1.0696575
1.3654398
2.6414653
1.9153898
1.4090944
0.8638795
0.5777244
0.9276296
1.6383469
0.9726432
1.7445678
1.5837424
1.8478847
1.6510126
0.8274029
1.8985314
0.8438707
0.9527954
1.6132956
2.3551741
2.5092373
2.5601979
1.4134514
2.3323053
2.8356765
1.5483397
4.9209246
3.3964241
4.5064552
6.1493604
2.5706768
2.9556213
2.5702788
1.7866898
4.5522602
9.1468324
5.0487817
4.8742703
3.7458126
4.1628572
3.9205505
4.6032402
1.7697406
1.3577800
1.9270778
2.2562606
3.9474097
1.3249609
2.9801979
7.9680756
1.2884973
3.8701116
1.4059909
0.2803463
2.7621595
0.5904358
2.8484179
0.9377878
2.3221757
2.1042721
2.3360977
1.2713648
0.5762402
3.6316639
0.8304730
2.8047866
2.0876027
1.4331531
2.1369476
2.3034282
3.4205948
1.9604168
2.4948013
1.2484259
0.5665129
2.8014893
1.5428812
2.8554935
1.9504856
0.8085858
2.4347237
1.2717895
1.2074150
3.1177778
1.4553182
1.9031955
0.4081050
2.0446327
1.0923727
2.2372817
2.3397558
0.8666918
2.7569244
1.8163915
1.2276283
1.6932736
0.3416903
1.2941962
1.7773574
1.0066059
1.7982106
0.6074705
0.7234021
0.6668404
1.3367266
3.1661110
2.8892965
2.6176835
1.2083532
1.5256353
0.4158822
0.6770809
1.1444838
0.5948529
0.5696569
0.0656041
1.4281392
1.2319381
2.2853413
2.3719991
1.9861701
1.5362102
1.2690878
1.0245146
1.6504426
0.7934611
2.6326356
2.7001989
3.2166317
1.7841999
0.9349916
1.7157679
1.9703302
3.1545442
2.3812206
1.5691591
3.1852550
0.4923203
4.4521020
2.1356547
3.0252508
1.0379453
1.7424945
3.3143840
1.3188875
2.0324036
2.8232030
3.7097837
3.5027754
1.9393398
1.8739199
2.0334007
3.6462998
3.2080461
2.2387508
1.9564791
2.0140984
0.4986759
2.8170712
1.1309400
1.3496676
1.8113530
1.9556309
2.4454749
0.8208215
2.0490601
1.8753200
1.2674807
2.4373514
1.2462152
1.6102691
1.5183813
1.2239107
2.0344788
3.0722098
0.6337995
1.7146930
1.8820765
1.9573317
2.8949535
0.7260174
1.6125288
2.7829264
1.1086943
3.7335980
2.1337159
2.9974024
3.4316500
0.9364142
2.5413845
1.8910780
1.5912774
2.6798296
1.1389402
2.2871085
2.4686040
1.6951694
2.6773850
0.8708920
2.8268386
1.9850619
1.0506540
3.3137843
1.4565506
2.1098694
2.5170391
1.3097899
2.8934162
0.6750221
1.8854923
1.9298091
1.0488063
3.2449766
1.5410026
1.9192414
2.7543479
0.4874871
2.5353631
0.8339824
1.4652956
1.7671531
1.2900226
1.9147237
1.0449841
3.1449260
1.4366053
1.5441568
1.7619911
1.7658297
1.3087726
0.1766296
1.8372743
1.7471876
1.1451841
0.8296229
1.3268854
1.7050494
1.0801715
1.2418813
0.7776016
1.0651760
0.9779573
1.3905700
1.6442054
1.6876677
2.0067226
2.0352183
1.2209921
2.1462980
2.5143575
0.4846707
0.8987173
1.6973232
1.8314448
1.8005559
0.2623621
1.7191743
2.3285316
0.5268933
1.8421953
1.7745639
0.5550331
3.6204660
1.8533951
2.9676745
2.7469680
1.2895100
3.1789734
2.5593616
1.9336893
2.5523203
1.9481777
2.9869743
2.3079379
1.6641454
2.3772194
1.5676066
2.3511651
1.9255261
1.8435989
1.5077034
2.1272363
0.1567292
0.9374678
1.1763054
0.4951509
2.3544093
1.9654374
1.3222473
2.2573101
0.5068682
1.5299344
1.5507859
0.7296371
2.2742688
2.9123217
1.9350025
2.1038711
2.3363035
2.9071139
1.4484476
2.1732848
2.3023650
3.5830577
1.5549169
5.2102938
4.5785038
2.4128608
2.5122402
1.3613663
1.9593630
1.8076244
1.7318479
2.5951766
1.9716729
2.4083508
1.4431419
2.9783881
2.3308715
2.5857477
1.0053913
1.8298467
2.1727379
2.1819429
3.0111475
2.4931654
1.5996453
1.6859974
2.0577291
1.2155157
1.1395209
1.2280467
0.5817581
1.6386602
1.4672461
1.3496991
1.4085851
1.1835551
2.8015590
1.1625409
2.9701114
1.5110324
2.2393778
1.5807190
2.7923354
2.3637424
0.9864999
5.1877946
3.0244398
2.9265822
5.6957614
3.2127425
4.3484069
4.1215213
5.1791103
0.9686109
0.3161956
0.9148703
2.6234310
2.4783707
2.6800475
2.0660377
2.5718540
4.3959930
2.8186024
2.2611276
1.6002661
2.5717655
2.9643839
3.6553973
4.7618170
4.1332772
2.7230938
3.0540424
1.7070091
2.8448711
1.0704900
2.5684238
2.2856982
2.2415093
3.4620017
1.6164692
2.8987008
2.2944971
1.0376808
1.6807897
2.5006594
1.5065716
1.9578929
0.5884426
1.7697598
2.4056388
1.7747783
0.9116104
1.7476952
2.1643454
2.5212623
0.9979706
0.9501942
2.4265843
2.3337319
1.8823951
1.6948453
2.4701167
0.9884550
1.7632688
2.1080335
1.8828594
0.9601146
1.2304584
3.3861561
2.4598136
3.7689684
2.7382495
2.8716199
2.8968741
1.6129799
2.4570873
1.0574994
1.7657772
3.7674262
0.9608493
4.3101749
1.2037722
2.2269258
2.3575864
2.5249406
2.5146657
1.0625769
2.7430796
2.5692219
3.8493072
1.7267793
2.7634973
2.2685357
2.3611554
2.2453732
1.6492791
2.5392215
1.9353778
1.6445617
2.2946759
1.3277927
2.7543883
1.7941406
3.4919536
1.2871827
1.9306267
1.6535138
2.6607530
1.6279991
3.0269558
2.4262916
2.0154634
2.0691990
2.7542138
1.4223789
1.6910177
2.3829155
1.7809660
4.9667622
2.7207887
2.9763108
2.7320087
1.2986739
2.0891308
2.5448769
2.3994895
3.1405805
4.4421402
1.8765128
2.9779828
1.0017554
2.4892437
3.2888690
2.6296114
1.8726506
2.3771668
0.8813350
3.1072374
1.0800999
1.3343070
1.6075317
0.7860866
2.0699119
3.3365837
1.9370334
1.6552070
2.8561258
2.6698712
2.8997079
6.0452698
2.1238623
1.8900098
1.3812666
5.7125893
0.9669822
3.2046454
4.6729922
3.9001404
2.4579228
4.1176597
3.8089464
1.3063376
1.9757993
6.9253486
5.3915931
5.0303190
2.9984991
2.6040894
1.9216472
1.8069524
1.8930100
0.9686642
1.6885608
0.8059010
0.3826208
1.4603467
1.4733685
1.5760348
0.7341128
2.6497460
1.6471318
2.2860853
1.9452667
1.1024374
2.5123557
1.8793663
1.2888781
1.8679341
2.0644762
0.8192481
1.8617360
0.5172397
3.2967606
1.7632639
2.5160143
2.4334099
0.9148945
3.8012300
2.1515940
2.5491128
3.1597132
1.1339228
4.7638403
1.6461659
2.7958960
3.5495942
1.7983487
4.1079947
2.4031409
4.1590047
4.2798553
1.2349030
4.7166252
2.7158269
2.1794557
4.8205582
1.9651937
4.8180707
3.1309113
2.2899186
4.2121799
1.7745314
2.9605538
1.0464836
0.9098797
3.6127920
0.9000635
3.2580363
1.8839910
2.3224675
3.6184756
2.2972430
1.3773445
1.9344548
1.0885083
2.2164596
1.6119122
2.6718218
2.2565348
1.0476213
1.1646633
1.1522069
2.3062914
2.7552865
1.3172756
3.0774367
0.9932721
3.8288632
1.2030294
1.0893303
3.5168301
1.3302639
3.8567392
2.5371615
1.9245172
4.6767409
1.9101438
2.7156128
2.3575928
2.1976010
4.7347371
3.6282864
3.2490698
3.5276069
2.0018545
4.5035776
2.9514164
2.4644837
2.4965604
2.3087556
3.1864472
1.8962184
2.1637903
4.7286597
1.8529873
2.7969886
2.9951238
2.5044537
2.8211165
1.6104994
1.9897321
1.9741634
1.7479302
3.7689911
1.8178862
3.0668204
1.7442366
2.5728187
2.0787045
1.9925969
2.0182237
2.5901283
1.1322982
2.0263540
2.3681492
3.6075509
3.4605591
3.9957783
2.8307222
3.5384692
1.6085524
2.0271173
1.6807164
3.0784346
2.3293968
2.3821112
2.6913804
2.1669352
1.7684971
2.7253588
0.4460430
0.8810905
0.6354170
2.0288820
0.5243890
0.4506510
1.5655934
1.9944304
1.1827302
2.7825233
1.6897973
2.1908797
3.1964368
2.0951151
1.9558926
1.6508066
3.0508114
2.9124964
3.7387080
5.8705003
6.3335790
4.6108491
4.7879989
3.6715773
4.4154609
4.9789396
3.4874117
2.3721081
3.5883668
2.4737482
3.8067736
1.1902189
2.8146430
1.0296114
2.2092450
0.9027421
3.2073703
1.8918328
2.3261313
1.6502082
3.2858577
2.9854145
1.8170762
1.3144152
1.4863517
1.3487454
2.0924763
1.4998813
1.8331111
1.5300570
0.4813285
2.5242962
1.3252133
1.3856646
1.5533077
0.8369353
1.2992078
1.2712909
2.1244331
1.4565973
0.4860543
2.2211644
0.6866054
1.5977571
2.3070440
0.8088307
2.2610457
1.8028788
0.9989330
1.0839985
1.3823203
1.4861440
2.0774008
1.1440575
2.3166130
1.6224705
1.2782490
2.8185722
1.6927927
1.1621216
2.4333266
1.3291647
3.3238362
2.2345742
2.3322379
2.9867791
0.5641683
2.2827788
2.3660091
3.2126921
3.4420168
1.6079179
2.7201773
2.4365252
1.9788639
1.2778747
1.4703869
1.6555563
2.2072707
0.9417989
2.8968785
1.8757819
2.3757370
2.1693174
0.8294112
1.6510149
1.8282600
2.8529683
3.9637005
3.6555333
1.9921117
1.1723821
1.5068964
0.8621226
0.8976040
1.6182415
0.3212651
0.6104651
0.8116314
1.4643988
0.7460664
0.6143898
0.5505126
0.7690236
2.1064227
2.0281855
1.0116573
0.6280116
0.9802442
0.4517695
0.2084387
0.5546008
1.2251275
2.0010184
0.7046217
0.9886418
1.0381590
1.9138687
1.7558785
0.8773900
2.1446745
2.2834878
2.4015039
0.9014380
0.7920801
1.5255773
0.4521572
1.5471438
3.5010168
4.8579523
3.5677048
2.0368082
1.3834200
1.5900230
0.9199433
1.9824710
1.7354260
1.3819116
0.8489784
0.9611526
0.7525903
1.5264835
0.6443146
1.5142117
1.3295858
2.7755839
1.6880210
1.1830699
5.8765261
8.4323143
5.7542977
3.4884725
0.6664176
1.9513813
1.1972108
0.5923385
0.5303158
1.1983745
1.3900992
1.1605247
2.4341007
1.8644695
1.0038735
1.3856884
1.4964700
0.3776555
1.4836829
1.5761094
1.2593998
1.2899367
1.5600180
1.3587726
0.9724191
1.6796456
1.0109824
1.9870149
2.4537385
1.7926587
1.0403835
1.6548574
1.6720109
2.8235165
3.1092840
1.7009994
2.7239516
3.0777133
4.1373397
4.8818433
3.9063361
2.9786135
3.2559761
1.9323990
3.3944031
2.1026361
2.8061403
3.4836304
8.0033150
6.1398974
2.1963009
2.0931359
2.9925378
3.3882760
4.0598225
4.7485598
4.8840953
5.0929264
4.1670784
3.3686075
1.9399012
1.2558870
2.4987361
1.0844444
0.9840494
1.2685872
0.6772495
2.1825911
2.2619994
1.3209699
2.0030788
0.7041573
2.0749676
2.4160952
1.1301645
0.6541138
1.1772336
1.5234017
0.7000815
1.7286037
1.5506319
1.5272535
3.4147116
3.4942205
2.5332672
1.1454173
2.9209973
2.9948247
0.6482481
1.3742371
1.6522097
1.6659935
0.9747165
0.4852086
0.7961954
1.4068368
0.7680745
0.7205756
1.3457206
1.0808873
1.8986292
1.8605980
0.3778014
0.2415914
0.3121315
0.3745869
0.8576940
0.6280068
0.4103746
0.7063461
0.8001264
0.4374247
0.3481864
0.4605662
0.8876334
1.2033835
1.4133550
0.8812414
1.7254621
2.7544573
2.3498698
3.7433685
3.4605277
2.9735060
2.9533078
2.7300818
3.0168742
2.7236649
2.3844778
1.5659367
1.4394413
0.8155065
1.0503927
0.6748955
1.2975082
0.9885826
2.5371030
2.8472877
1.3555375
1.9219189
1.8667221
0.8012805
1.6871149
1.5131411
1.1339899
1.7975380
0.5969743
0.7435278
1.4339129
1.0415373
1.3589273
2.1431917
1.1236319
1.4755135
1.8107636
1.2542755
2.2247222
0.8839975
0.4621524
0.2742113
1.1867701
1.6534157
2.2923330
2.4376612
1.7953177
0.3484425
2.0341701
1.2479730
0.7727187
1.0538480
1.5415976
1.5904483
0.5885356
0.8570143
1.3352167
0.7084433
1.2054742
0.8315999
0.9473504
0.5058395
0.6025612
0.4033424
1.5927935
0.7714806
1.0045382
0.6162457
0.6961344
0.7358918
1.6739009
3.0009132
2.2991891
1.2226619
1.9117841
1.5056004
1.0164427
1.3034091
0.4307910
1.6664776
1.8392026
1.1743369
1.5741594
0.2180617
0.7668234
1.6035903
1.0401631
0.9169827
1.1463262
0.7337125
1.0205386
0.4084417
1.3619619
0.8850497
0.7682210
2.6031407
0.9751692
2.1408931
2.5157127
0.8747001
2.7368992
1.1367007
1.6776260
2.3153621
0.6423031
2.9299494
1.8229147
2.0425072
3.8434067
1.2632267
2.8255004
1.4685321
1.0901513
2.7159703
1.6706314
2.2220407
3.3546306
1.7316517
3.5674628
1.9657172
2.1769976
2.1089446
1.1211266
2.9319165
3.5315787
2.3913675
3.3577360
2.5466427
2.7038302
2.9487104
1.6552499
2.4437460
2.2796995
1.3766504
1.7173133
1.8170826
1.3900325
3.5170860
1.3601862
1.4215065
1.7240459
1.7160108
2.1282689
1.4554985
1.4442961
2.8965641
0.9335214
1.9409312
1.7167770
1.4093908
2.9792827
1.4017152
2.1341318
1.5982025
1.1099043
2.2467678
1.5508675
1.3609589
2.2988050
0.6003295
2.1227260
2.8494856
2.0926688
4.7277712
2.0491347
3.4160474
3.1028619
0.5195684
4.6823544
1.4437487
3.7178636
3.3130019
0.6315286
4.1065363
1.7781504
2.8216697
4.1042337
0.5514530
4.5999265
1.7602462
1.8488762
3.6664647
1.1677036
3.5344737
2.7713985
0.9207234
3.5631077
1.6160576
3.5417408
2.4441233
2.0782839
2.4714863
2.2700715
3.1414261
2.1470701
1.5064712
2.7028207
1.9272401
1.7919505
2.1557922
0.2524574
1.6497526
1.9605082
2.1345519
1.4820157
1.3877900
0.9225416
2.8895123
3.2413906
2.0940087
1.3866619
2.3317720
1.2142142
2.5477870
1.2602489
1.4025549
1.8974209
1.7259509
1.7595223
0.4485364
1.4527486
1.0020446
1.4773921
1.3123035
1.3950310
1.2308359
1.9439367
2.4646887
1.9524003
0.7587723
0.8581230
0.3037545
0.9183803
1.1207041
1.0776074
0.9989293
1.8408615
1.6068911
1.1089042
1.2921524
1.2503915
1.7336635
1.4478362
1.3727441
1.0515422
1.6788431
2.0143220
1.4011995
0.8781817
0.8676024
2.3393831
0.6751661
1.5510221
1.6323877
1.1210689
1.0452061
0.5614878
1.3309467
0.6256287
0.5645431
0.6746391
0.8301954
1.1812986
0.8648828
1.1525182
3.3601342
3.7104867
1.9749111
0.8526164
2.5015980
2.2966022
0.1452018
1.0759413
2.1005837
1.0068352
1.4803371
1.8028639
2.3414548
1.6424117
1.2085548
0.8770466
0.9153211
0.6931211
0.5105557
0.4408200
0.1639694
1.0235888
0.8481218
1.4710796
2.0845023
2.0502341
0.7483825
1.6150979
2.1311134
0.7276639
0.9216617
1.0182621
2.5589965
1.5013182
2.1983114
0.9057462
1.7050813
0.9991471
1.4000086
1.2996639
1.2148355
1.1674348
1.5416790
2.1843469
1.1759111
0.9141322
0.6638495
2.5045060
0.5986461
1.5172754
1.8096667
2.5136447
2.8189058
3.2967155
2.5702241
1.3300562
1.2972173
1.3056559
0.8783021
1.7718574
1.0835398
1.0181951
0.8656806
0.8999978
0.5449614
2.3241032
1.0527341
1.1907983
1.7418209
0.8295276
0.6614468
0.7778467
1.7543428
2.1209015
2.0971353
2.0835703
2.2985039
1.9220419
1.9669139
2.6417870
2.7723130
7.1074701
6.7040541
2.9353510
2.3079269
4.2642875
3.3551615
2.9402235
1.2950951
2.3941828
2.8489737
1.9780147
1.9764514
2.5319172
3.5181319
2.4381516
2.1217163
2.2799728
1.4352532
1.2449595
1.6170950
2.0640787
2.8939255
2.6724997
1.3839564
1.0420782
3.1066981
2.5045000
2.2976493
1.6360412
1.1411659
1.5350953
2.5470388
1.2089827
2.6354768
2.5653839
1.4802013
1.2474025
2.6139994
1.2920564
1.1693626
1.7117136
1.1635243
1.8774190
0.6235324
1.0472944
1.7908159
5.5023871
5.2104138
6.5696594
5.4329830
2.0719920
0.9868748
1.2401918
0.8103465
1.9384775
1.6474375
2.3905892
1.3118948
6.1759202
3.7331046
4.6590806
2.1605075
1.2187572
1.0093891
1.7559261
1.1679314
0.5059975
1.9061991
2.9760574
2.0700500
1.4824226
1.5679776
2.1522015
3.5939649
2.5818122
1.3006412
3.4045761
1.2561540
2.8255359
1.4602606
0.9679828
2.4133289
2.0200482
2.8078921
3.1692037
11.3996242
10.0940272
9.3988362
5.5148384
3.4941480
4.3345548
1.9601391
2.2763641
4.2331772
3.2615902
2.8910052
3.7406674
3.9294516
3.5823570
3.6027645
2.9524132
3.5554974
2.8691554
3.7618925
3.0944949
2.7805191
2.3036207
2.2092523
1.9994884
2.9759359
2.3282407
2.4204626
2.3291848
2.0263339
2.3200169
2.4726211
3.3780681
3.8071549
2.0994215
1.9434290
3.4465459
2.9987565
2.5292029
3.0814268
2.4041076
2.4865002
3.0460875
2.6854310
3.7790568
2.6320942
2.3125559
3.5611731
3.5498270
2.0162045
2.5554720
2.9914002
3.0830089
3.0617421
2.6579559
2.6323457
1.8247786
2.9556136
2.9427026
3.2457424
2.5748302
2.6497233
2.4081453
3.3513182
3.3687089
2.8396540
2.5088955
2.5664528
2.3893275
2.5884328
2.2205585
2.4973092
3.1907901
3.1844350
2.7716687
2.3394576
2.6319296
2.4345425
3.0746165
2.0780823
2.4281553
2.7740232
3.8097375
1.8848964
2.8352448
2.5902429
2.8091286
3.0282796
2.5236973
3.3022261
2.6183211
2.7663322
2.7353207
2.7430884
2.9395348
2.0369321
2.6264290
1.7385351
2.9429174
1.7838721
2.4982288
2.1751802
2.3937667
2.4047354
2.8941784
2.8748198
2.5205072
3.3325212
2.2742365
2.6684774
2.9210620
2.7998337
1.9709421
2.2441547
2.0036976
1.9973931
2.5450691
3.0831027
2.9167779
2.4615030
2.8657420
3.3758098
2.6710649
2.5321639
1.9542471
2.2719675
2.9538829
1.6669145
1.9386576
2.7208458
2.7549586
2.3911263
2.5738708
2.3538688
2.8424275
1.8354798
1.8152718
2.3012129
3.1451232
1.8900781
2.4906556
2.3385304
2.1155146
2.6121908
3.0186341
2.1622343
3.1566623
3.2064575
2.0260516
2.7389620
1.6670947
2.0173924
2.0121104
2.4506198
3.1238717
2.5450789
2.3215994
3.2197104
2.1779005
2.2742156
2.6666612
1.8569587
2.3484770
3.2631540
2.9813953
2.0930125
3.1908281
2.3312819
2.7515278
2.8776962
3.0896073
2.6329809
2.6988481
2.6783045
2.0680137
2.6608557
2.6532791
2.4977797
2.2320867
3.0700430
2.6769628
3.7715174
1.9637151
2.4115396
3.0931948
3.3986296
4.3911665
4.8002929
2.8978630
2.2134201
3.3412990
3.5864319
3.7268748
3.0893227
2.8133725
2.8603232
2.3081997
2.7552782
2.9503660
2.1136877
2.8798463
2.2596734
2.8392943
2.8543128
2.6402040
2.9704706
2.6336785
5.3772000
4.8725897
2.9913719
1.4149973
2.6362633
1.6753543
1.4719479
2.9350782
3.3373233
3.2556953
2.8824302
3.1741251
3.5416816
2.3787829
5.7085624
6.1009598
5.6420023
4.9733532
4.1554999
3.2830443
2.1040161
2.2614096
2.5679918
2.4027772
1.8559846
2.3950525
1.9207706
2.8509433
3.1265187
2.1036295
2.1767587
1.9582554
1.9689384
1.4067599
2.3512015
3.0193505
2.3840828
2.1177804
2.3956180
1.4710051
2.7698964
2.3619351
1.6323113
2.4359879
2.5649563
2.4880210
1.7052966
2.4148864
1.8366883
1.8219465
2.3834021
1.7628365
2.3704477
2.5967582
2.5977525
2.0590406
2.3819925
2.0611002
2.2282122
2.0814975
2.9156278
2.6387789
3.4953070
2.5359508
2.3983655
2.4578222
1.9899435
2.1608961
3.6429466
2.2857807
3.7348449
2.4089030
0.6502955
1.1457915
1.0006755
3.9975989
3.5692906
4.0817845
3.2433211
3.9216849
3.5025200
1.2805470
1.2384416
1.8314189
1.8266039
5.4649655
6.5551221
5.6800354
4.5188597
3.6528133
3.6811273
2.0175830
1.5103159
1.5919149
1.8689560
3.1776378
2.6656706
2.2526770
3.0758566
4.8437333
3.1567278
2.7973496
1.3470655
2.6475105
1.2165781
2.3730340
1.8472060
3.8207588
3.1230232
1.7521939
2.5376031
2.8839525
2.1706815
1.4568458
0.9080512
1.4721679
0.5250222
1.5591741
0.6251620
1.3358464
1.8185019
1.3917213
1.2073911
1.9687154
1.8195980
1.4921385
0.5992318
1.0559484
0.8139236
1.6569342
1.8372543
1.7780868
2.0883306
1.8364446
2.8666693
2.0244672
2.3457974
1.6028979
2.1514379
1.8924113
2.0405809
1.9010578
2.1392122
0.8937329
1.1450099
1.9229934
2.7313172
1.9248805
1.1217645
1.2585957
1.2897289
2.3086752
0.7423142
1.8279585
1.1989588
1.2989044
1.6691741
0.3428644
2.5468876
1.5668914
2.1629178
2.8184725
0.9336571
2.8010386
1.4879060
1.6168872
2.2520728
1.7898816
2.3386553
1.5454240
1.6013006
2.5959477
2.0901864
3.0954754
1.0680166
1.1380765
0.7738987
2.4833616
1.2885459
1.6026828
1.7232514
1.6734164
2.4682063
0.7734277
1.5729755
2.1482965
1.7099064
1.9125031
1.4587361
0.8560443
2.2527516
0.6059131
2.1849244
1.7098848
0.4419178
2.7399291
0.4522948
1.7779399
2.9197385
1.3193628
4.1520899
3.8472966
4.1652679
3.6004512
3.5431180
3.5762971
3.2024095
2.7739444
1.5897916
1.1047206
1.5760908
0.5947583
1.6766746
15.0683184
30.5419552
18.3735681
9.5511610
6.8416170
6.5503876
1.5529807
2.8229523
2.1208015
2.1394854
2.6584165
2.9690056
3.2954004
3.5241367
3.3219260
3.1153589
3.4124830
2.6534578
2.6179861
1.0154831
1.1174755
1.0839607
0.2690643
1.9103426
1.4063235
0.5886956
1.6006594
0.6252268
0.9112023
2.3443656
7.0943302
11.4905294
6.2279338
11.4340574
7.9158398
12.4065105
9.4291694
6.2011570
2.5524673
1.6345686
2.7822141
2.4535671
3.7432541
5.9621987
5.5428712
4.8409946
3.8065946
6.0816026
6.4776879
3.3302365
3.2603212
2.7081638
3.2712177
3.8559138
3.8815678
3.0011719
3.1763836
3.2852938
2.2101077
1.3974900
1.3292586
1.1208299
0.5297850
0.4042354
0.7547545
1.0902465
2.0800355
1.0090817
1.6562275
3.4446628
1.4167303
1.5407735
2.3711866
3.4348160
2.2489984
1.3126066
2.3350783
2.8498712
1.3472085
3.4944964
1.9299870
2.5444544
2.4425567
1.0262123
2.8812106
2.9524767
2.2269443
2.6709117
1.1813500
2.0810909
2.0345932
1.5674386
3.4878366
1.1063506
2.3526648
1.9775114
0.8528330
1.9446186
1.0640270
1.8215186
1.8776105
2.3478972
2.4478361
1.0431596
1.7818688
1.9205234
0.7971679
1.9363718
1.6395532
1.1685007
1.4055036
1.2163183
2.2880892
0.8170750
1.1635292
1.0022625
0.9303279
1.1409459
1.9199302
0.5896010
1.7672263
1.0939831
2.4031675
2.2302854
0.3976287
2.5209098
0.4806557
2.3536588
1.1824630
0.8326564
1.4047938
1.1145467
0.6664363
0.9761026
1.5430055
1.3287677
1.9257880
1.0893823
0.8873828
1.8174620
1.8987317
2.2322182
0.3310548
0.5819020
2.7440446
0.7827249
1.5601417
1.7350663
1.5672671
1.1734313
0.3494910
2.0745973
1.5642591
2.5395801
1.3569083
1.5263749
1.0409908
2.3662032
2.2496835
2.3135580
3.0195066
2.0777170
1.7631645
1.3133626
1.9476625
1.9014731
2.8414061
2.9005511
1.9592566
1.4365331
3.9751266
4.6453996
1.0890061
1.4402412
1.5280769
1.9074570
1.8353158
1.6129352
0.8571200
1.1934213
1.7363614
2.2518771
1.5339495
1.5711304
3.0289657
1.4419416
1.9821867
1.8801304
0.6219416
0.6892040
0.2112526
2.1525347
1.6479677
1.1371740
0.7913867
1.5989825
1.9913374
0.7199481
0.9869594
1.0422309
2.2774606
0.9310414
0.6838905
0.9448773
2.1983894
2.0599361
1.9258903
0.5240633
2.8316393
0.6574832
5.6537082
0.4715228
3.2998947
3.3353040
1.2340979
3.5670083
2.2233984
2.2042020
2.9339435
3.6352178
2.6538180
2.4530060
1.9274112
1.3323937
2.2934257
3.1155991
2.3967987
1.2172792
2.6191752
1.5367130
2.5439063
1.2788478
0.7382022
2.1290027
3.7179803
0.6989322
2.4212632
2.7682813
1.3472065
3.8027937
1.3718061
0.9919614
2.9781551
1.3558806
3.3400399
1.7271609
3.4143310
4.2297698
1.0018799
3.2930448
0.1856419
1.3561558
1.6634968
1.0433718
1.7199888
2.0893218
2.4848819
2.6790178
2.0068741
1.4788264
2.4874876
1.9443214
1.8172958
1.3158296
0.7139842
1.1310141
0.7533620
2.3812877
0.8800285
0.5260878
1.5518479
0.2368158
1.4015076
0.3718786
1.3330612
1.9047769
1.0700321
1.0967763
0.8207534
1.6271085
1.7584363
1.4602434
1.2110730
1.5755316
1.4009288
0.8366529
0.8303563
1.2388489
2.1340622
1.2751121
1.4638574
0.7530218
0.9669949
0.8729595
1.0567044
0.2786939
0.3791333
0.9588794
0.7720455
0.3187922
0.9601146
1.7166051
0.9466470
0.8805925
0.6478495
1.0640718
0.7083507
1.3650755
2.0462073
1.8407644
1.1298072
0.7273625
1.0043444
0.9909628
0.4349911
0.7559143
2.4556427
0.6215367
0.9283108
0.8187613
1.8714457
1.1027100
0.3128318
2.6929372
0.6450916
2.5108787
1.1950688
2.0221524
1.3875239
0.5016062
1.9438630
2.2414916
2.2694578
1.5954537
1.9392186
1.7691024
0.4049190
0.9467277
0.7692831
0.6961877
0.4560588
0.8007459
0.8118803
0.6765765
1.4328397
0.7487977
1.9057077
0.7266953
1.4970656
1.4790611
1.4628550
0.9478188
1.3525034
1.6703173
1.6524210
1.1558018
2.8163610
1.4929449
2.7077044
1.0557749
2.4272955
2.7188956
1.2019373
2.6280077
1.9094575
1.9061553
2.0569774
0.6915312
1.8702113
1.1965420
2.3370999
1.0360669
1.6206374
0.6255373
0.7131662
2.3098980
1.0686475
1.2471171
1.2037103
0.5290737
2.0044952
1.2790578
0.4311770
1.7979663
0.7450915
1.9332750
1.9967379
1.4875930
1.9785975
2.0839498
1.1214638
1.5295789
0.7543478
1.4883043
1.3899507
1.1008424
1.0707943
1.0692902
0.6132578
2.0119824
1.9040431
1.6319569
1.3203898
0.6934935
3.2851662
1.1180127
2.7060092
0.6965148
0.9221404
2.5894085
1.1328930
1.9679716
1.5446155
0.9615131
3.7763340
0.4551480
2.7390182
2.2277358
1.2773187
2.8790321
2.5541515
1.9954961
2.6972952
0.9499919
2.4693190
1.6328838
1.7350125
2.8293286
1.2722558
2.3792745
2.0218968
1.7842454
3.4439142
1.9740152
3.4275990
1.6532686
4.3874730
3.3039788
1.0128981
3.4985067
3.5288952
2.6265752
1.5823846
1.7739689
2.3599629
2.3473351
1.1761367
0.7445046
0.5889445
1.1564739
0.8015531
1.1374720
1.7193132
3.3384248
3.5762356
2.2396115
2.2593070
1.7968933
1.7568306
2.1330884
1.4765049
1.9399194
1.7042129
1.2954761
2.8195311
2.4411473
2.0305760
3.6293878
1.5822631
2.3974594
2.8812173
1.9515191
2.5208604
1.6616585
1.0724600
1.0772187
1.0927137
1.3246933
1.6142206
1.8397123
0.7899568
2.4487187
2.6866204
2.8847049
3.3236168
1.6848058
1.7134352
3.3989228
1.2203280
3.0216933
2.1351426
1.7630662
2.1846029
0.9515871
1.6590326
2.6282552
2.2567615
2.4396168
2.0454498
1.9976682
2.0670275
2.2463147
1.7669104
1.0066964
0.7115558
1.1352624
1.4098191
1.3154655
1.7130453
1.7687365
1.8712373
1.8533559
1.9530601
2.6408123
2.2293440
2.0712919
2.0587617
1.9071211
0.3850382
2.6488456
1.4974887
1.7445406
0.9894847
0.6301615
2.6174799
2.9476592
2.8741425
3.9480702
5.1569390
4.1979455
4.4395893
5.4621564
3.3461929
3.0428133
1.1124713
1.4159090
1.1505142
1.7810940
2.7204842
3.3791067
3.4153944
2.7872799
2.4289271
1.9880881
1.5754514
2.0792438
0.8780242
1.2631561
1.4131282
0.5383420
1.3272293
2.1506838
1.4628485
0.8728207
0.3546439
1.2359948
1.9129707
2.7934502
2.0882155
0.8818567
2.3133964
3.3797069
4.2644144
6.0292497
2.5097230
2.1429314
1.6245411
1.0872858
1.4979844
1.2466735
1.0552023
2.1094536
1.2797254
1.6347307
0.9420843
1.2533847
0.6154319
1.5826509
2.3207652
2.1768903
3.1491731
2.9558727
2.8616572
2.6196230
2.3295352
1.6352883
1.9368091
0.7346436
1.5171422
1.8054714
0.9805926
1.2290741
0.9414363
1.5792392
1.9112014
1.3890226
1.2203926
0.4602600
0.5491808
0.6339431
0.4503503
0.5317165
1.1967299
1.1991948
0.8480373
1.5777796
1.7386856
0.8821517
0.4600281
1.6198948
1.3699778
1.0919095
0.9504256
0.4398595
2.0112826
1.1801384
2.7648047
0.9325067
1.3993361
2.1847520
1.0967665
1.4534986
1.0491495
1.1620574
0.7067693
0.4294854
0.8485748
0.9370081
1.1841668
1.2122307
2.6985542
0.7844870
3.0914068
1.0724286
1.6537904
1.1247940
0.6966437
1.7966935
0.8165451
2.3135628
1.8731061
1.0438723
1.4641788
0.0860931
2.7918064
1.3007978
1.3121175
1.6307373
1.2965760
2.3900455
1.2459922
1.6387174
2.0362455
1.3091804
1.4951561
1.1827463
1.1454228
1.6843393
0.6497029
1.9615601
0.7889191
1.2598577
1.7984391
0.9718690
0.7914571
0.3631574
0.8114131
0.6001010
1.0870987
1.0690407
1.1759173
0.9092654
2.9163162
3.3959072
1.8754483
1.3487176
1.9093165
1.4966554
0.6498507
1.5988496
2.1085458
1.3584752
1.6822549
0.9945457
2.2932461
2.1991191
1.5551092
1.6750967
0.7734725
0.7067309
0.7379610
1.8171646
1.0539895
1.1257407
0.6285320
1.1072794
1.1330003
1.3646459
2.3161378
1.6322584
2.7058521
1.3143381
3.5989577
1.9896468
3.8229724
2.9700335
2.3723693
2.9060563
2.4487185
3.2744461
2.3278774
1.3885940
2.0610330
1.9556457
1.4641147
1.9690664
2.1991120
1.8030579
2.1070605
1.3721914
1.9837934
1.8546604
2.0201638
2.1804167
1.1983210
1.7553894
0.8625853
0.5732377
1.5494428
0.5594863
1.4892301
1.0879978
0.8734904
1.7196161
0.7073517
1.1168474
1.3008229
0.7441541
0.6673262
1.2927418
0.4475203
1.3252157
1.5719852
0.7366458
0.8565504
0.9252074
2.3308851
0.9270196
2.5287216
1.8291658
1.2463613
2.6872237
2.0122362
2.1419456
2.0875960
0.6521237
2.9353670
1.9275656
2.3465633
2.2355193
1.0238778
1.9581125
1.9129666
1.7222000
1.8776867
2.1152831
1.0955073
3.1483820
1.7020814
2.2261913
1.6397699
1.7046401
1.6993000
2.0644092
1.3026672
1.3314638
1.1845630
1.7400723
1.6901604
1.3451817
0.8841491
0.9327107
2.4709807
0.2753249
1.7645899
1.1151281
1.0086732
2.0631746
1.6118304
1.2822710
1.9877498
2.0121890
1.9189151
3.2554176
1.8613230
2.7730117
1.0860904
2.5465721
2.4953136
1.3467536
2.6172487
1.2422418
1.4523757
2.5090685
0.8553377
3.3760720
2.5800523
1.5608336
3.5639134
0.6625164
1.2811902
2.1424664
0.9283854
3.1268420
0.9725407
1.2071414
3.3275234
0.7003224
3.4534019
1.3150635
2.0915475
3.9060180
0.8062056
3.0870722
1.8235026
1.3026482
4.1885149
1.4543651
3.6309525
1.5298610
1.5547607
4.0744929
0.7302615
2.2079726
1.0067087
1.8482811
2.4615700
0.7726146
2.8931462
1.4087597
0.4134050
1.9398996
0.9878590
1.6540711
1.3607433
0.7065128
2.1553721
0.6285233
1.7859401
1.8987907
1.0959310
1.1108137
1.2236586
0.6409609
2.2888580
1.2237095
1.6868502
0.9277947
0.8528743
1.3163548
2.7106084
2.0054755
2.3034523
1.0953383
1.0406440
2.1854649
1.7017983
2.1762183
0.9592484
0.7435550
1.8025263
0.6791385
1.7228243
1.2035385
1.4068694
1.3452715
0.9918960
0.8760591
1.0809468
0.1763768
0.6374993
1.6832589
0.8876297
0.9546065
0.9343698
1.3120511
0.9788246
1.6168664
0.9795899
0.7367423
0.6352510
1.1017493
0.7827389
1.5322645
1.4831223
1.0904262
0.8489391
1.5716295
1.0798244
1.5342262
0.6714742
1.1055348
1.4428697
1.7627981
2.6320327
2.3308955
2.4981013
1.8419358
2.1487431
1.5620330
1.2187320
1.2587107
2.6512123
1.1504075
1.4042463
1.1453411
1.3472355
1.7481872
0.9279618
0.7739770
0.7377186
0.9868593
0.9014028
0.6693876
0.9327574
1.3333708
2.2637752
1.6015572
2.0992101
1.0708065
1.5803656
0.7777032
0.9589323
1.2037389
1.6289940
2.1051817
0.6487909
1.4298910
1.6177256
0.8651537
1.3019164
1.6362509
0.7025237
0.9133513
1.4408301
1.2894293
1.6897950
0.8733572
1.3197259
1.7914022
1.1967394
1.3169880
1.2001588
0.8345097
2.0865782
1.5625375
2.1500193
1.4187520
1.2246338
2.4531239
1.7552586
2.1595853
1.4795863
1.8031419
3.6299872
3.4826575
1.5709527
1.1154924
2.5562614
1.5962492
2.0874219
1.0645322
0.4544775
2.7464628
0.5344134
2.7096234
2.3573840
0.6675689
3.1159506
1.3327287
2.0916332
2.5440018
1.1614402
3.2451092
1.5871141
2.0520106
1.9669354
1.4051518
2.6014404
1.3160240
1.2889543
2.0680413
0.5830651
2.2830440
1.5270606
1.1205873
2.6805460
2.0248639
3.3100249
2.2812970
1.3955792
1.8577422
1.7528577
2.1225852
1.9472278
0.9964122
2.0792856
0.7321143
2.0358421
1.3724383
1.1560263
1.5744914
0.3181924
1.9356966
0.9366217
1.6225875
1.5152081
0.1814289
2.2448598
0.8440674
1.4827381
2.2218944
0.9408662
2.4081006
2.1790045
1.2078625
1.9779270
1.5691007
2.8224347
1.3629098
1.2289436
1.6695509
1.4690161
2.3593656
1.1393608
0.7498427
1.9005251
1.6121649
1.7907390
1.7019321
0.2551924
1.5650352
1.5528638
0.7801350
1.5810704
0.4368805
1.6547534
1.7082791
0.9193219
1.6341049
1.7581434
1.2302019
2.2652071
0.4015830
1.3778176
1.4274006
0.1696950
2.6881166
0.9838331
1.7107426
1.8682979
0.5694682
1.6688462
0.7038884
1.2586289
0.7639099
0.7907224
1.4440310
0.3610287
1.2542666
0.7297082
0.2115116
0.4097877
0.4570232
0.2522701
0.6073528
0.5102772
0.5222367
0.8823846
0.4995589
0.7165312
1.0543692
0.8574618
1.5625586
1.2192367
2.1409398
1.0866439
1.4940430
1.0742667
0.4888767
2.0746825
0.8865879
1.0023569
1.8322056
0.9026187
2.8847618
1.0890398
1.6678326
1.8174394
0.8451620
2.0562292
1.4150814
1.7819233
3.2357902
1.6355447
3.1641535
2.0378042
1.2508688
2.6905046
1.3302715
2.4730705
2.0701411
1.3063714
1.8067042
1.9417497
1.3896296
1.1221589
2.4707867
1.1054162
2.1634252
1.6425524
1.8345225
1.6786603
1.5725723
0.8297710
0.5637200
2.0325216
0.7248949
2.6548343
0.7733352
2.1258970
1.7604694
0.4042729
3.8105477
1.5437349
2.7260415
2.7407116
1.6951418
5.2186863
0.9010740
3.9409852
2.8162392
1.7389965
4.4302541
0.8126348
3.4958824
2.0204041
1.2149044
2.5470247
1.2833418
3.6380904
3.2314423
1.2524171
3.3622114
1.2885697
1.8920604
1.6342712
1.3839752
1.8620714
1.4640192
2.0488761
1.6766242
2.5597671
1.7991067
1.2667342
3.3222424
1.8687789
1.2700904
0.6134002
1.1706581
0.8594718
1.9705197
0.3198215
1.5107394
2.0433560
0.7307244
3.1534667
0.7746663
1.4709588
1.9246124
0.4577970
3.3385086
1.0870128
2.2267943
2.6029975
1.5865887
3.7649674
1.8339122
2.2375229
2.3700224
1.3905828
3.4232988
1.8542928
2.6055031
2.8820292
0.7074468
4.4169606
5.0077356
1.9970572
3.6698048
4.5618996
5.3155670
3.7724298
3.2884769
3.4689477
4.1148055
3.9842727
3.0861729
2.5883522
1.8067016
2.6092162
2.2836142
1.6470315
2.5805719
0.7648977
2.8889700
0.9930201
1.1519110
2.1837249
1.0579674
1.7373611
1.4231621
0.7847698
1.5711656
1.6116227
1.5074253
1.4755759
0.7513601
0.9280032
1.5290240
0.7139328
2.1065568
0.7896034
2.1744288
1.7186887
0.9185177
2.9856591
2.5645315
1.9214293
2.3184320
0.9680567
2.5148089
1.9426013
1.5767015
2.5209824
1.2390380
2.6187810
0.9430183
1.4501727
1.5959581
1.1881032
1.3102613
1.2865106
0.8411194
1.1023371
2.3341434
1.1806942
2.8611507
1.8808690
1.5506648
3.1923684
1.6609039
1.9291067
1.5500175
1.9150778
2.5675296
1.0776481
1.4278108
1.1922328
1.4680007
1.7423289
1.1186354
1.6007877
1.8117693
1.9029357
2.3921927
1.0338122
1.4898645
1.9095952
1.5748771
1.9436791
0.9764454
2.1280529
2.8203004
1.7700362
1.0011703
1.0347801
1.3304579
1.9511158
1.2491506
0.8508823
0.8557569
1.0436127
2.0525591
2.5729554
1.5176482
2.6452225
5.3350296
6.0872576
4.0908860
4.0340481
4.2313941
4.3909448
3.2178274
4.9644547
3.5952328
5.0677656
3.5264029
2.8314875
1.8514411
1.7960260
2.8734961
1.3914109
1.3527207
1.6760736
1.4520120
1.2676172
1.6261137
1.4455088
0.4712785
1.0247670
1.4228969
1.2750508
1.2216106
1.9517505
3.2259657
3.1687312
4.0124107
5.3376803
6.5479184
7.0863169
4.5476208
1.7745286
2.6498638
2.2636411
2.2651857
2.4037023
3.2229976
3.3931142
3.2092726
2.3055180
1.3761938
1.3783804
2.5033000
1.2213152
1.6103301
1.4455122
1.0589504
1.6297405
0.7695807
1.4412757
1.3799845
1.5936440
0.9701941
1.3600355
1.0509977
1.0653427
1.0616447
0.4749996
1.0093577
0.6448255
0.6850132
0.8552214
0.7092690
1.3407196
0.5077933
1.0279502
0.5844439
0.6311112
0.9100618
0.4830947
0.7786016
0.2933285
0.8537026
0.6615819
0.4049844
0.8257144
0.3912898
0.8856783
0.6881696
0.5590127
0.4175573
0.5884760
1.1602590
1.2496547
1.3341328
1.0184005
0.4788240
1.9297620
3.2685706
1.5725577
0.6556799
1.5626019
1.8331300
1.3638497
0.6831334
1.4601907
2.4856046
1.9550229
1.2039983
0.5737398
0.4452584
0.6035835
0.6086367
0.7653221
0.8025741
1.1701912
1.0219216
0.6875264
0.7764201
0.2631434
0.7161662
0.4668686
1.2339234
0.5127964
1.1764067
0.4342035
0.7798235
1.2418582
0.0970844
1.4026875
0.4190902
0.4500201
1.3005480
0.9552962
0.8031259
0.3742346
0.4439239
0.8303905
0.5411271
0.4174383
1.3677146
0.9968174
0.9027997
1.2924106
1.2871302
1.0175805
1.4471206
1.3928901
1.7420150
1.5125074
0.5254360
0.6819741
1.3907348
0.6511236
1.3411345
1.3542852
1.3172428
1.3043178
2.1016812
0.7336081
1.1372191
1.2572564
1.4374781
1.2651382
1.3806678
2.9897369
1.0620526
3.0092038
1.0885602
0.8736002
2.2925504
0.6118010
1.8625952
0.6953546
0.5345502
1.8674262
0.4950949
2.2473146
0.9011219
1.5623664
2.8945563
0.6462697
3.6635921
2.5765493
3.8087105
2.9150617
2.0528188
1.0881842
0.8027756
1.8778314
2.6598652
1.9464799
2.7865288
1.8408406
2.0260816
1.8314653
0.7235999
2.6140416
1.5083866
0.7600823
2.9812110
1.7169563
4.6495609
3.0729990
3.3898104
5.2904374
2.9050599
4.6415169
4.0009551
1.9342276
4.6759108
1.6892216
3.5946073
3.8450990
2.2446318
3.1992462
2.1952681
2.5916180
2.4331036
1.5013871
3.3149594
2.9788255
2.7380442
2.5065769
2.0348809
2.4340367
1.5790518
2.7338268
2.3766283
2.9170946
5.8334134
4.8679671
4.0572203
3.5295357
1.7892407
1.3425117
2.2750921
1.0867473
1.4974244
1.2142089
1.9914573
1.8240495
1.1243213
1.4756684
1.4095503
1.7721816
1.7334519
1.4553578
2.0553478
2.2382365
1.4373321
0.7036129
1.8411860
1.8118697
0.8950511
1.4529654
1.3197968
2.0597188
2.5710501
1.6931997
3.0973536
1.1241801
2.6689112
1.0230312
2.4613743
3.2827375
2.4587338
3.0216792
1.2848408
3.2171828
2.3417578
3.0592844
2.4332742
1.2648086
1.9417088
2.4293927
2.6575511
1.6149713
1.2715581
1.4261041
2.5273682
1.3253242
1.9836906
1.5019801
1.5112257
1.9833929
1.0771945
1.1139307
1.2438465
0.8403031
1.4039804
1.9619180
0.7357254
1.8941050
1.0991932
1.5164199
1.7362464
1.3867862
1.8499205
1.5030401
1.1649342
2.2352590
1.2348950
0.9512221
2.0934831
1.0014600
2.6806581
1.6467636
1.8491584
2.1602054
1.7878117
3.4489342
0.7979814
1.4180616
2.3566562
1.5643045
2.2606295
0.9545023
2.8283424
2.1977192
4.1711796
1.6679451
3.2656567
6.4543493
6.6929147
3.6236189
2.3624861
3.8252152
2.3204973
1.8465423
3.3109023
4.7426236
2.6721607
4.5173799
2.2752161
4.4921352
5.1904219
5.2207280
138.0527792
9.8942820
7.0785875
3.6737822
1.6594437
1.0507699
1.3398381
2.2127349
2.4045572
4.3782577
3.4187673
4.4457695
2.3216186
2.9408626
3.4386949
2.5560465
1.6681605
0.5452584
2.4055388
1.7841293
2.8068794
2.4976098
2.0153805
2.6228430
4.9721436
6.8889811
7.9245791
5.3569716
4.0201698
3.3768466
1.5713941
2.2740408
3.2966115
2.4001628
5.3435512
2.2572224
7.2595892
16.0206816
9.7116510
5.1172760
5.0161937
3.7438901
7.4533444
4.4052348
1.7897129
4.6627332
4.0674230
4.0921433
5.0157775
4.6011720
4.5441667
5.5750065
3.7004086
4.8000742
3.3858473
3.3906155
4.4466696
3.6434364
2.3747434
2.1904542
3.0297519
2.3966599
0.4010258
3.9017573
4.9248805
6.6376570
9.2693462
7.5561379
3.3893624
1.3452821
2.8366994
3.3809521
3.6664230
2.6529106
3.4518366
3.1197242
4.0533163
6.0310782
3.8451975
6.7017928
3.2006567
4.0940635
0.3788637
2.6216842
0.8628321
1.1903963
6.9909241
4.0590531
4.7087753
1.9563223
4.9676768
1.1387783
1.7552729
4.1956561
6.8241470
5.1363695
4.3828746
5.0991424
1.5042811
5.3555803
1.8107446
0.8260644
1.1129820
5.6955392
5.2996730
3.4080068
3.0826425
7.3560992
4.6546783
4.8149397
3.5367380
2.2100044
2.3522306
1.6727045
4.4875604
2.8332435
3.4162242
2.7607190
1.5065352
3.1202042
5.2283845
2.3619511
3.4764004
1.2960478
2.3945549
1.3751956
4.3636368
0.8336661
2.5938939
3.2891204
0.6837067
5.5631087
2.9136513
6.7728134
1.1223973
4.4719362
1.4704939
3.6696795
3.2132873
3.4655593
1.4956586
1.7593243
1.9358911
3.0150081
6.6569879
4.2827849
3.1833922
2.5030957
4.8552494
4.1028270
3.6790603
3.4596253
4.4740103
5.2868470
2.7960790
6.3680722
3.1350072
4.1901607
0.5144316
1.8588616
4.4957960
4.0222023
4.2287897
1.0981727
6.3643477
5.5392220
5.7178260
3.0391166
2.5765929
3.6860281
1.4011608
1.5920425
3.9221845
3.5336128
2.1681775
4.9243101
3.9615433
5.2490687
3.9651459
5.1731568
5.5327022
0.5290523
4.4148719
3.5351129
1.8287297
1.4957111
3.8873971
2.8732903
5.3371726
1.9359574
1.0497811
6.2753913
1.3984573
0.4714074
1.1264254
3.3206093
2.2094740
1.1152657
2.4312244
4.7741718
3.2747680
3.5582559
4.6277342
8.4459667
6.9675781
7.4806386
5.9910351
3.0062754
4.4018869
6.1165172
0.4370057
1.2785870
6.3667453
1.3733592
2.9962611
5.3011189
8.3689883
4.2470732
5.2936079
3.1458607
2.8972199
3.6951746
2.5470751
4.9655253
6.6989315
6.7685060
0.7234473
3.8172176
2.8994518
1.9778149
3.9504210
2.5831347
4.8391259
2.3379421
3.2548686
2.3318099
4.4782771
2.8533406
1.5821353
3.0934685
0.8300508
3.5802603
3.7824030
3.6019180
4.8972225
2.8615112
3.3599591
4.9682782
5.3625768
1.4082563
3.0555168
3.3757982
1.4251599
1.3019810
5.0038751
1.4573642
4.3016269
3.4472832
3.6195629
2.0538227
6.3679798
1.2217672
1.5690318
0.6098825
1.6496040
3.2944956
6.8553338
2.8505170
2.0139821
0.5894367
5.9638151
5.8044019
6.9062846
2.4843379
2.2946599
1.9168709
1.2864300
5.7390912
1.1989165
6.0012202
3.0066904
5.9980650
8.1808083
1.0376702
2.0188244
3.7365608
1.2639402
6.9822835
4.9876995
6.0464135
4.5733666
5.8800077
5.8304632
3.2387915
3.4483321
3.5902537
0.6476064
6.3122526
2.7016535
1.0974719
1.5332134
1.3883537
4.4913448
6.9532826
2.7216013
3.3097618
2.4952230
4.2995427
5.9369352
8.1188037
8.9484651
8.7523589
8.6943478
10.6614458
10.2752158
11.7369975
6.1808432
3.0109562
5.1740864
4.2139534
3.2072305
4.9046419
3.3348595
5.1427011
3.9524721
2.9912453
2.0189829
2.7961527
2.7281821
2.4107588
2.2203422
2.0220100
2.3005790
3.4823784
2.0942988
4.1346401
2.0526518
1.9855297
4.1884025
1.0446750
6.7141298
1.9265417
6.2740696
2.1303423
1.6057499
7.5425352
3.9039407
6.6670850
3.5054611
3.6829903
3.1848009
5.0722429
2.5758548
1.4349608
7.0260014
4.5319054
4.2872263
6.4888886
2.9821632
2.1495924
1.6160477
1.5068572
3.5423163
2.7534227
1.1460723
4.2833708
2.2802968
1.9428635
2.6832158
3.6131332
1.4782125
2.3469979
1.4934790
1.9757266
1.4157740
1.1941760
1.5960164
1.0452915
1.3979614
1.5652026
1.3087609
2.2524626
1.6071292
2.4000411
2.2656047
1.7601973
1.7054694
3.7582999
2.1312417
2.5204894
3.2926396
1.8134781
3.1711231
2.1073049
2.5140257
2.5355245
2.1629016
3.3618576
1.8474181
1.7730085
2.1348116
1.8112323
4.9355780
2.0923884
2.4739347
3.0050227
1.8427664
2.9108774
1.5175801
2.6865584
1.4979026
2.0548814
3.4357517
1.6554606
1.9428010
2.1965329
0.9335874
3.0327813
2.5650193
2.9521118
2.2030616
2.2090612
2.0825624
1.3446000
1.5676340
1.3913026
2.8790501
1.4368391
1.8916788
2.9916224
2.6170227
0.5759036
1.7652982
2.3927621
2.7042626
2.8615415
0.1482896
3.2530402
2.0589395
2.7916347
0.9375596
2.2962520
2.7197663
1.6227198
3.8315270
2.9151680
1.7781128
2.1636032
1.3580700
4.9408180
1.5269760
2.4956379
3.4008262
2.7404386
2.2417848
4.3594154
1.6940016
1.6788708
2.2037610
2.4669300
1.9656072
1.1495504
1.0412989
1.1689592
2.6806527
2.2400977
2.0157095
2.9900291
2.0347793
1.3891848
1.5272177
0.7910468
1.4871291
0.3902575
1.8007547
1.6494803
1.3129674
2.6257494
1.5602169
2.9053762
2.2999829
1.8913238
2.3215135
1.0206798
1.7371664
1.7399297
0.3414126
2.1762245
0.6596631
1.9781057
1.9550781
0.8456488
2.4331262
0.6889041
1.4201628
1.5063079
0.4155205
1.3594880
1.2551868
1.5730915
2.3631545
1.9995690
1.7910415
1.4690444
1.2846066
2.5333417
3.1426864
3.5901595
2.1414010
0.6056374
1.8280858
1.5741971
1.3295564
2.0004017
1.6640190
0.9974298
1.6330616
1.8274020
1.3697175
0.9601612
0.4203332
0.9514746
2.4355017
1.4913425
1.6758332
1.9672294
2.1741956
1.3704377
2.6397114
2.4284859
2.4078009
2.8944539
1.3161640
3.2604399
2.1662116
2.7629937
2.2966611
2.2957175
3.7412209
1.5020426
2.1561271
2.6707623
1.4124675
2.5260571
3.0046463
1.9456663
0.8481252
1.6102320
2.4681562
2.6317423
1.8285788
1.3618730
2.3128221
2.4970897
0.9212058
2.4165916
3.3357757
5.2187140
2.9362610
2.6672177
2.1082266
2.2570539
1.0226007
2.8233998
0.8986228
2.5257657
4.0337555
5.8023309
12.5568200
7.3747727
3.5625126
6.5958891
4.9018393
2.2920383
1.4415933
1.3157619
0.9111977
3.0085159
2.0049437
1.8750552
2.1306372
144.0470190
17.9466640
15.1650469
9.7087415
8.1225768
9.7251989
2.9830490
4.9058353
0.4016926
1.3334399
2.6308682
3.1097836
1.0802971
3.2431171
1.6970774
2.4294882
2.1951698
1.4970071
1.0791304
1.7859289
2.7859054
1.3677150
0.8223289
3.4059433
1.1455708
1.1892461
2.9037631
3.7962471
3.2190423
2.8700752
1.0407084
1.6107892
0.7643991
1.1136081
2.3422183
2.1981004
2.2024949
3.6210252
1.2934595
2.8278647
2.2173049
2.0769783
4.1632462
2.1702193
2.3366968
1.1280952
2.1340854
1.0557669
2.1364617
1.6675060
1.5509298
2.5609172
1.1032084
2.5551053
1.4976056
1.3157089
2.3016569
2.6892135
1.5678846
2.3998701
2.7866430
2.4788210
2.7867263
1.1880679
2.9669087
2.7239088
1.9298946
4.4065865
2.4318000
1.9778273
1.4647949
2.5822254
1.0836376
1.7259657
2.1479873
3.1636105
2.4937631
2.5292881
2.5002829
2.3044648
3.3931267
2.3711376
2.5635603
2.0286705
0.6936898
1.7939377
1.4586678
3.6213938
2.7825423
2.2509423
1.3399778
1.6780666
2.0455612
2.1502350
2.0845604
3.2889413
3.8913072
3.9042385
1.9449388
3.4510640
1.6594206
2.8799454
2.7890005
3.8470813
3.9518360
4.6324476
3.2369148
4.2052762
2.6339651
2.5393911
2.7667799
3.5006809
2.3521534
1.3438978
2.1149244
3.7523310
1.0012395
1.1947872
0.9666374
3.1149205
2.3680620
3.7692667
3.4027631
2.6599640
2.6640091
2.3772974
2.2960154
5.9886530
2.4037276
2.8975590
2.0706587
2.0755147
2.8992790
1.5918369
1.2743119
1.6264298
3.6421696
3.2077595
2.5199877
3.2116280
3.7396445
2.7361361
1.4276110
3.2009716
2.2547716
1.9666032
1.9916857
0.8420482
1.3699568
1.0525347
1.0723433
3.1648569
0.9785649
0.4358828
1.3849775
1.8822516
0.5456497
2.1845845
1.1752674
2.4507542
2.0805824
0.5012036
2.0434600
0.7782013
1.6183669
2.4806141
0.6997075
2.2853386
1.7033897
4.1133002
2.2415701
3.9242704
3.5117133
2.2897934
3.0587976
1.2593806
3.6013598
1.9760246
1.1317806
2.4840736
2.0524670
1.2465971
1.1028431
2.7740340
1.4428254
1.1527850
1.0830589
1.1458140
2.3520392
2.5357972
1.4785799
2.0880443
1.3872671
3.9634097
4.2102399
2.1632049
2.0718136
0.5051079
2.6126300
1.6755821
1.8183877
4.1853705
0.3347807
1.2697824
1.0243017
1.5415720
2.5149617
7.9353799
3.7937065
1.9616515
2.2864592
2.7553384
2.1240918
3.7013039
1.6560714
1.3494922
1.9870659
4.0714029
3.2092609
1.7872256
2.0193355
3.7943147
2.6052891
3.6307994
3.0420828
2.7320895
4.2622385
1.2345924
2.5666264
2.9526866
1.2466576
2.4756708
2.2907905
2.9833361
5.2383128
2.0324393
2.2976754
1.8306474
2.9452908
1.9678713
1.2797928
1.5137755
1.8068889
3.3190539
2.1846509
1.7559117
0.6268200
0.8391855
0.5170138
1.3507467
0.7149042
1.2188860
0.6351220
2.3841827
2.3514769
2.5185241
1.7165086
2.2007835
3.3003069
2.4989563
2.6177938
0.9607399
0.9690333
2.3167735
4.7293078
3.0437828
3.9625421
2.9644701
4.6196884
3.5560997
2.4071330
1.6227242
3.1676242
3.0378104
0.9472230
1.2049271
1.9649774
1.3882849
1.2829011
1.5305122
1.5360068
2.0832864
1.9235389
1.2455251
1.3031611
1.7047405
0.8607824
1.7026319
2.2128059
1.8497699
1.7544165
1.4719238
1.7549211
2.3760476
1.2669236
1.8535234
0.4097233
1.9810629
3.4767106
1.5255938
3.0339312
3.6780889
2.5509610
2.1707716
2.8127873
4.9380804
3.5225910
3.1056809
1.5425844
3.5352000
1.7581350
3.5175903
5.4797430
1.4033682
2.6566081
4.1902387
2.7425591
3.7584230
1.6882037
4.4126275
3.3468817
2.2757781
3.2778066
2.9427695
2.4519599
3.3846178
2.9695788
2.7311719
7.3771781
8.1953572
6.5594432
4.6593010
3.2982161
3.0018675
2.1697755
0.2932478
4.8113931
6.7224835
11.3962081
3.3162904
4.1950272
1.4944408
6.4442800
1.3269344
3.8240367
4.0216794
3.8466284
4.9839101
2.6849656
2.6586718
3.5885618
3.4255855
1.5345895
1.7399631
1.8592949
4.3575992
3.4154228
0.7755924
2.8457529
3.7841293
2.9623066
2.8231133
0.8686944
1.8165361
1.6137661
2.4517622
2.5482639
1.6743001
7.6973859
3.4935802
1.7847064
2.3399151
1.9756241
5.9019373
3.7712633
3.8658228
2.3964613
3.3901952
2.9221172
3.1176726
1.4097111
1.9588550
1.4470619
2.1735821
2.3162395
4.5389902
2.4101510
1.6928310
1.0529938
3.0628914
3.2324557
2.6332139
3.0957430
3.0789433
2.3076580
4.4645515
3.0884689
1.1383275
1.6978150
1.6250496
0.7535505
2.0832373
1.0135902
0.5320423
2.6288396
2.5440641
0.9335854
2.0204757
4.1279900
1.6722730
1.8199747
1.3484922
2.5503789
4.3647488
3.4568076
5.1315722
1.8078286
1.9757983
3.4186971
1.6559134
1.9185855
1.4079175
4.4825680
1.8989761
2.5503292
2.9272024
2.1281187
0.8996949
1.5246883
0.8054834
2.4143347
0.1432266
2.3498980
1.0103476
2.5030231
1.3051312
0.6688542
2.3482438
1.2512398
4.4145452
2.2206812
0.9687018
4.4260071
1.0586563
1.4230164
0.7609546
0.5212900
2.8306577
0.6367110
1.3849409
2.7958803
1.5112080
3.4033874
2.0206633
2.7799872
2.4467385
1.1220138
3.1960340
1.6115923
1.9157862
2.2752230
4.1777018
3.6323508
3.7348138
2.3361395
2.6724500
1.0110041
3.0972592
1.7949206
3.0795149
4.2948890
1.1140059
3.3596354
4.5790923
2.0706644
3.9496718
2.0718580
2.4640209
1.6990645
0.8103876
2.8412291
1.6339882
3.8635806
1.9404978
2.9653801
3.5194453
0.4394350
2.3034291
1.7157249
2.7896186
3.1273201
4.9046825
3.0655818
2.2586810
1.4736224
2.7638750
3.5256018
4.5678907
3.7176408
1.7925045
2.5475719
2.1617949
3.0519692
2.5963765
3.1533436
4.5524423
2.0083053
4.1359340
2.3890692
3.6366832
3.6012631
2.0181831
3.8588791
1.8989577
3.1980993
1.7688903
2.3687833
1.9957353
3.0383061
1.5587297
1.6229737
3.6535579
1.4172596
3.2331646
2.0306471
2.5074336
4.2328466
1.0490744
4.0383909
2.3041079
1.1471088
4.6480791
1.1282224
3.1624332
2.4752976
0.9049212
4.1684834
1.2477095
2.9466986
2.6580622
1.1896172
3.2911228
1.1375038
1.8488606
2.7209690
0.7442742
3.2009685
1.5360633
1.2733708
2.1531416
1.6329821
1.3062001
2.0720322
1.1955169
2.5217789
1.6430759
1.9192103
1.7857669
1.3816941
2.6157056
1.5791101
2.1136200
3.0370760
1.9132640
3.7020186
1.5139891
2.7367079
3.4617850
0.6438372
2.4085127
1.8477903
2.6273355
2.2100660
1.9851545
1.8960646
2.5127324
0.9515844
2.1119586
3.5907716
2.2012394
3.1083475
1.2584952
3.4378299
4.7476534
3.9247323
3.4073167
2.7550582
2.5909400
5.0152479
1.5805160
2.3161177
5.3223562
0.2188774
4.4712177
1.9599505
3.0004586
5.3103667
1.7171846
6.5632692
1.6976319
4.0443662
4.8652839
1.3736692
3.4785032
1.6084148
4.1252104
2.3937360
2.2031720
3.8948855
1.5110145
2.9434512
1.7923930
0.5460601
2.5444548
1.4432388
1.8068803
1.7643834
0.4237909
2.3432115
0.4904430
1.2475070
2.7870363
2.0992251
1.3070076
1.6222117
2.2285238
3.4715558
1.5532715
1.7695951
1.9243884
0.6847829
1.1153817
0.5091115
1.9817779
1.2397807
1.1014258
1.7164298
1.8168868
2.0337965
1.0810849
2.8136690
0.3787572
1.0639857
1.0012724
1.0465657
1.0622770
0.5339575
2.1033329
0.6556133
1.2882573
0.6198421
0.9873139
0.5592492
1.0442137
1.3346910
0.3551026
1.0746410
1.1712732
1.2681137
1.5761803
1.0421232
0.2873352
1.5506630
1.4537812
0.7900469
1.3545476
1.1128797
1.8066122
1.6610266
1.7826951
1.0716168
1.8852740
2.0776824
1.3785998
1.0115565
1.3547762
1.0267848
0.8311622
0.5417430
1.4588364
2.3714107
1.1866412
1.5617356
0.9374998
1.2866266
1.1913897
0.8353155
1.3764620
1.5694855
1.8477279
1.5537998
2.1990195
0.5280760
1.4213160
0.9480285
1.1705101
1.2131972
0.6818695
0.9135239
1.3793934
0.4777294
1.2951318
1.3359659
0.6861607
1.7210615
0.2734396
2.2840016
1.3768134
2.1697826
2.3719167
0.8432822
2.8251587
1.6082943
3.1849003
3.3678059
2.8097975
1.4812015
2.7553069
1.7920436
3.9423309
3.9251832
1.7391122
4.1038809
4.3920273
4.5355533
2.6273679
2.5576148
2.4764177
3.2427734
2.3450726
2.4174306
1.3478376
0.9172396
1.6405253
1.2591863
1.2690669
1.5714769
1.2393639
2.0733378
1.3386010
1.0738390
1.2897919
1.0232497
2.0901653
1.2182925
1.3728477
0.9491503
1.7788611
2.4025571
2.2066258
1.0105738
0.8102018
1.3396686
0.9918586
1.4403380
1.0578689
1.6341644
1.7366184
1.2703187
0.6391134
1.3382701
1.0706328
0.4749923
1.4069385
0.7504758
1.8369700
1.3490961
2.9519624
1.8026414
2.2739166
1.6538447
1.0026728
1.6857032
0.6285281
0.3578032
1.5784905
2.1237618
2.1317972
1.5743238
0.8732717
1.1117353
0.8673164
1.1641554
1.0799482
2.0152969
2.1881493
1.1376525
2.0170003
2.7196417
2.6141208
2.6532174
2.1641425
0.9829470
3.6204949
3.3141527
4.1950315
2.9156120
2.3962405
2.5968316
2.5068483
4.1562003
3.3371016
3.5172342
2.0853603
3.4689099
2.8040658
3.5837708
1.8961266
2.8931636
1.7476056
2.2776765
2.9919124
1.0156757
1.4507020
1.2648922
1.8591779
2.5873640
1.6299273
2.5313081
1.5193347
1.8654176
1.6035066
0.8033721
1.1454312
1.5038953
1.4145744
1.5284768
0.2889163
1.7312464
1.4352741
1.2127129
0.9680299
1.3068823
0.4688991
2.3813351
2.4952768
2.0582667
0.5435568
0.9915983
1.2304646
2.1479408
2.4541585
0.4703343
0.9064319
1.0119452
2.1027331
2.0056681
2.7034202
4.2010880
3.1267949
3.4314930
1.4268086
1.5864261
0.7785973
0.6393325
2.2919307
1.5429863
0.9914940
2.8122949
1.5774083
2.3326809
1.5845601
1.5705493
2.5586146
0.8884501
0.7890759
1.8483444
1.1184544
2.3355198
2.4319106
2.0136281
1.5081718
2.3633839
4.5061053
3.9820348
3.8003361
2.0285375
1.5296778
0.5230242
0.2941696
2.5305294
2.4374488
1.1884838
2.8237764
1.2208604
2.1989081
1.0731632
2.0791747
2.4287929
3.3522823
4.2358766
3.0076516
5.2063540
3.3126713
3.8602081
2.3438466
4.3472059
3.9241956
2.0078787
2.5010236
2.8097961
1.4480835
3.5145296
2.5188841
1.3718929
2.1355237
1.8116473
4.1229477
1.1435836
2.0663254
1.4880078
1.9069446
2.4775366
1.5306029
3.9298117
1.5657968
1.4303269
2.7909218
2.1159341
3.0463560
2.6714225
2.9998153
3.2951404
3.5782298
3.1270286
4.4608552
2.8599913
4.2340899
2.2235534
3.7566267
2.3010958
2.2049626
1.2341721
1.7325095
1.1136272
1.2028534
1.4359960
2.4284386
1.6610267
4.2547408
1.3063060
4.6679359
1.4169876
3.8176594
2.7304729
2.2298555
3.0090620
2.6768257
1.2715409
2.1258832
1.8665224
2.6723037
2.9681634
2.3145152
1.9816833
0.9664787
1.2163653
1.4667109
0.9310403
0.7583448
3.7444048
2.0735552
2.3580624
2.0802359
3.0031472
3.8961413
1.2148188
2.3240175
3.0930451
1.3608395
4.8188464
2.6148297
2.3122010
3.4946735
1.1868103
5.9149160
1.8556317
1.9938476
4.0997855
2.9273749
3.0201244
0.6639936
1.6481741
4.1109639
2.2639625
3.7386524
2.1485885
1.9693809
2.4790865
0.8163607
2.4261186
1.6962612
1.2034875
2.6333248
1.4197600
1.5132749
2.6283299
1.2871694
2.5997419
1.7269172
1.7234291
2.7782782
0.7657396
1.6320939
0.2238598
1.1336914
1.2862099
0.8214237
2.9537320
2.3831515
2.7457364
1.8853541
2.2681257
1.9001638
2.6416518
1.4120433
1.2009392
3.0569947
0.7943794
2.7471895
2.6687026
1.2335440
4.3423480
0.4698229
3.0403324
2.7652023
0.1595496
3.2731095
0.6738014
3.8295728
1.0586448
1.5736844
2.8224072
1.9150133
1.4681654
1.2400847
1.5527403
2.2888147
1.9178514
2.0345777
0.9414886
1.5640309
1.2079185
2.4280894
1.3305428
0.9100256
0.9985758
1.6113442
1.1555641
0.5600731
0.9048894
1.7572038
0.9251307
1.9038571
1.7267073
1.3361292
0.8735172
0.5841041
1.2063511
0.8085326
0.5429452
1.4011112
0.9233230
1.0505677
1.3658291
0.5867282
2.2116285
0.8506908
1.5328488
0.9069755
1.3855361
1.4733056
0.4260668
1.2170280
1.5189588
1.0565703
0.7521255
1.4069215
1.0510852
1.2654863
1.3522711
1.5917156
1.0403977
1.8630845
2.6007497
3.2339385
3.5514615
1.5340913
1.4244737
1.6139271
2.3448090
1.7773319
1.2559590
1.3910597
1.9524349
1.0776286
1.3684624
1.7761606
1.1471662
0.9872696
1.1673481
1.4036256
0.9708282
1.1487665
2.9134620
2.0384778
1.5034150
1.6026297
1.1317779
1.0913839
2.4269034
2.9500930
2.6323436
1.9883546
1.9147534
2.4281689
1.7511813
2.1259618
1.5296834
0.4144109
1.4235728
0.7477264
1.0010131
0.5328140
0.9867515
0.9290952
0.9406028
0.8140767
0.7480740
1.9111632
0.8099595
0.9482208
1.2396280
1.2683320
1.5717094
0.9410683
0.9013529
0.8396658
0.8375073
1.0706747
0.7492923
0.6502233
0.6240031
0.6673822
0.7298158
1.4008306
0.9987779
1.4680170
0.8496381
1.9088794
1.2602678
0.5295084
0.5525543
1.2502458
1.2671247
1.0315648
1.0326768
1.2520224
2.1120032
1.1523758
1.0858436
0.9987579
1.4175445
1.7468566
2.7679743
1.2129421
1.4687926
2.8030445
3.0044797
3.4065205
2.6064837
1.8479968
1.6678144
4.4396713
4.9864532
3.4750093
3.5400581
1.3848140
1.8185876
1.3330492
2.7495092
2.3886655
2.7121284
3.4179446
4.0144974
3.5038695
2.8747418
1.1493244
1.1970713
1.1235121
1.0694357
2.9907489
2.5549172
2.6226739
2.0884054
3.1107888
2.1830138
2.7317909
2.6909348
2.4548282
1.2069297
2.8922183
0.9420687
1.2384397
1.8455203
0.6620134
2.5004386
1.9670144
1.2151658
3.4444199
0.7567991
2.3673918
1.9987979
1.4220781
4.0786961
1.6968026
3.3546069
2.0307405
0.8220978
3.0600534
0.2179941
0.7264493
1.8635006
1.8601519
2.6642391
0.8354992
3.1353267
2.6314172
1.0643997
3.1015842
0.3153576
1.9217659
2.0505969
2.4834067
1.3604772
1.5037488
2.2623755
1.1518387
2.0855123
1.7291698
1.4024879
1.5070871
1.1385448
1.3369016
1.1530723
1.2319844
1.3756393
0.8045688
1.2648128
1.4260468
0.6869911
1.4380278
0.7922071
0.0396111
2.1252477
1.2318892
1.7231334
2.1009472
1.1278019
2.3429948
1.5891404
2.0980888
1.6981395
1.1046111
1.8601262
1.2539075
1.7924507
2.0995536
2.7923751
1.7315379
1.0534510
2.2335377
1.9751691
1.1052163
2.1493924
2.3992079
2.4839002
1.2413184
1.4389452
1.6812952
1.9172346
1.2711736
0.7827025
2.8937155
4.5203865
5.8657591
6.8737420
6.1666677
5.6354109
4.8190761
2.8079782
1.6494931
1.1861819
2.1243259
3.1499846
3.5177396
3.4804757
3.5135021
4.9191515
3.8827076
4.8742379
4.9017927
5.6847050
4.6069027
3.9940874
1.0114054
1.2836792
0.7457917
1.3703157
1.6261889
2.4390527
3.0933283
2.9683443
3.4495853
3.0802768
4.0594712
3.4227009
1.5672757
1.3676191
1.3398950
1.2635644
2.1478796
1.0168920
1.1573147
3.0336626
1.9659313
1.3699831
3.3355491
2.7153718
2.5496072
2.3710904
1.2863255
1.7164286
0.6517838
1.4380160
1.5370832
0.6504438
0.9672331
1.7145651
2.2454672
1.9080923
1.4884272
1.9390445
1.3083534
1.5546528
1.4723169
0.6411966
0.8600652
1.0659366
0.8622860
0.5070811
0.6761598
2.8049960
6.1644578
5.9866247
5.1739579
4.7073594
4.6545890
4.7279804
4.4682068
3.9776832
1.9843934
1.0287186
0.3430397
0.9153323
0.5950617
0.9549215
0.7178800
0.5449763
0.8224340
0.3562747
0.0892512
0.5113057
0.7447641
1.2834577
0.7113439
1.3249479
1.3761770
1.2583215
1.0140920
0.9234358
1.1973265
1.8583322
1.7012890
0.4772637
1.2671181
1.4556110
0.2015139
1.6119248
2.3178835
1.6814673
2.0075826
1.6270127
2.9529642
2.8740460
2.2323863
1.6183209
1.5660687
0.9672233
0.9155512
0.5146314
0.9273601
1.1820243
0.8580614
0.7610217
1.2024031
1.6601619
1.6022974
2.0600893
1.1266101
0.8867790
0.7942682
2.2351981
1.1708347
1.7787667
2.3207423
2.5574561
2.7634523
0.6944028
3.6517875
2.4799059
2.9905668
3.5978582
3.7409129
4.4659438
7.6339990
2.3233272
2.9500603
1.3892817
1.4791296
3.3922280
4.5747368
3.9722750
4.1566327
4.8737403
2.9864219
4.7121746
1.3651784
2.9364637
8.3489654
7.1383685
6.6987352
4.8102027
3.9645184
3.6744090
6.2579083
2.6351690
1.9437114
2.8455521
2.6154551
3.2612279
1.5017943
1.9066929
3.1393444
2.5473305
0.6364172
3.2031909
4.1787085
2.9872757
2.4136205
9.3552669
4.3831887
5.0451081
8.3167282
4.5207645
0.4969568
2.2860721
2.4262070
3.2201229
4.5260040
6.4463141
3.6553523
2.4924227
1.8912302
3.8147560
4.5346321
3.8701951
1.4331585
3.2907028
1.8004393
3.0129961
1.1702165
1.6660543
0.4406140
4.5451265
3.5803293
2.5686951
3.5531056
2.7221544
3.5640121
6.6803360
5.3272775
5.9231862
6.0257378
2.0856913
3.8564278
4.1035472
3.5303030
1.4893012
0.7477096
2.0561028
3.8939643
6.8197692
2.7925848
3.3693762
6.3393405
6.3505196
5.3767480
5.6898907
2.1419016
2.3309357
1.4571993
3.9538558
1.6672868
2.9937570
2.2729446
4.0087568
4.6548297
5.7099227
6.0086344
6.2194244
8.8078849
6.6993669
7.7323723
7.5430831
4.0172859
4.6484332
6.4409681
5.9379245
2.8283751
8.8301126
8.2328312
4.8564076
5.1300685
11.2623926
11.3520258
5.5789400
7.5834910
5.4513734
5.7438575
2.9165407
3.3281047
3.3668168
6.7409309
3.8995383
5.6682823
8.2076416
11.2594462
9.6438051
9.2377317
6.6174054
2.6109236
3.3855997
6.0594379
5.7498370
3.8363310
10.8283363
6.8014165
4.5110630
5.0537888
4.8522774
5.3529851
1.3198172
2.6296449
3.0530928
3.2786484
2.3301711
5.7160666
4.6745746
9.1917067
4.4113940
4.8181183
5.3627904
5.0591916
3.0415056
6.0147618
6.6348661
7.2450882
15.2036248
9.9978681
14.9665526
10.4847568
13.7802211
8.7613464
5.1516282
5.9966714
13.6518404
12.2615419
3.9325020
14.0269568
6.2944763
17.2539575
9.8786465
19.7646067
10.9509320
19.9189856
11.9388394
12.6970753
5.6284549
5.1901456
3.4413575
2.2092285
8.3410108
4.0302826
5.5253821
5.8284785
2.2722212
3.3021508
5.9960418
2.5962537
3.0258377
8.7554694
11.3434914
10.3924958
6.4960991
5.9826327
3.5042347
4.2169425
2.8607836
4.1119247
3.6794319
7.8046636
5.3865080
6.7524123
6.8971793
8.3358969
5.9257176
5.8094857
4.5029761
5.7461824
4.4575492
4.2397311
1.7961167
4.6834408
2.1791328
1.2884174
1.8366770
2.4031489
4.9646433
5.3357898
15.4150755
10.8483884
17.6567735
15.1182777
15.4339801
6.1230068
9.9177824
6.7335484
3.1399645
11.7956855
10.0680034
5.4630072
10.7936359
16.9170335
9.9912615
6.7839895
10.5125886
10.0068860
12.8131325
10.1483907
12.9830233
9.7820363
12.2713458
7.0237501
10.2752640
11.7467168
13.7861819
8.3012533
11.4984842
13.8491513
11.4704673
13.1218725
12.4298232
9.1904098
12.7460734
12.1303070
10.1434871
13.5323659
10.0674776
9.3584291
9.0257419
8.6000535
10.9845235
9.8318508
13.1241817
10.1548420
12.3847011
9.6896725
8.3209572
12.6996884
13.8929920
10.2688013
13.3229957
11.8096048
5.3367516
10.5501355
14.5664401
8.8876135
11.0211618
5.9558872
13.3021894
8.9635724
10.0833084
11.4322455
10.7130709
10.0324664
9.9495366
12.0554528
8.0058167
11.6515029
13.0315388
13.0524944
11.8925363
10.9235089
11.0791457
9.2420565
11.0910398
11.1933988
7.1122373
8.1297913
6.8169530
8.0235197
9.5443357
10.0451873
7.8271523
8.5608316
9.0008612
8.8247039
10.3339360
5.6054789
8.6529988
8.5318724
8.5794110
7.7906390
8.5881706
8.0029221
8.5781216
9.2662376
9.3553672
10.9685087
10.5900773
11.7431530
13.1484845
9.3795490
8.7023156
11.8767975
9.9098810
12.6521808
9.5845680
7.9986961
11.5623796
12.6740366
11.1818545
8.8056289
13.0831160
11.5783158
11.2916977
8.2860040
12.9898137
9.0858979
7.4369695
11.1152689
11.2788477
12.9707015
6.4370556
10.7529777
9.5057670
12.4456062
12.4468853
13.5228597
14.8531861
13.5963546
16.6819059
16.2328544
13.0330889
7.8688270
9.5328911
7.5689050
7.5481216
10.8424986
11.3947315
10.3958301
7.4333846
8.4442375
8.6754544
13.1040628
11.8706594
15.9779274
16.6196293
16.1611365
13.5065223
7.6318539
10.1673973
16.9083303
12.3356945
12.2134196
16.2163085
13.3670769
16.2020113
2.4629091
12.5924262
12.7794317
8.2900850
9.7814017
8.6656173
11.6487539
4.8034939
10.8445015
11.9272119
6.2013245
10.6834600
10.8193900
12.1535261
12.0179092
12.8882856
3.9983962
9.4187891
10.3153034
2.9803385
8.2389808
5.6600260
11.7374802
11.8381815
11.0801947
16.6029269
4.3463687
10.4589073
7.9450226
9.9283520
7.8053105
8.6318836
11.6440602
3.5704008
12.8181382
4.5416165
10.0599527
12.7284982
10.4284947
7.4344027
9.3664397
11.9291676
10.7512050
9.8083358
8.1235132
12.9694851
9.4604160
9.2770775
8.5105952
11.2278715
11.5019433
10.3474096
7.5451908
12.8008848
11.1550043
12.7475129
12.2502305
14.7298093
11.1337615
11.4471225
10.8782597
11.4031267
10.7623586
15.3241847
10.7046961
12.2425707
13.8979287
10.7904837
6.6629855
12.7353719
10.3595614
5.6172425
5.5461582
13.7095519
13.2700130
12.6375264
11.8062202
13.7412374
10.0061813
9.2580371
12.4690539
10.2619478
5.6862114
13.2953969
14.8768974
11.0676246
9.1871599
9.3009005
15.1772393
11.8095611
10.4035374
10.6626297
10.1660318
8.6637269
16.3949587
10.3339520
5.3214877
10.9543717
10.8651513
11.1565832
9.0216011
10.3094695
6.3335162
10.4217847
14.8892998
8.4483675
12.4155292
9.8406758
13.1441976
4.8046381
5.8729058
12.8946582
15.3659255
6.1789589
8.0276787
9.5976874
11.4459695
7.5155385
9.1587433
9.1465590
11.8863566
13.0930414
7.2035517
8.3187244
11.4927897
13.2241895
5.8783309
9.7204640
9.2665631
11.5346590
11.6491261
9.5631390
10.4480302
13.3039688
7.0880569
6.7836238
10.2953926
10.9464825
9.3270437
3.1296417
3.6798918
12.7918773
9.4445554
9.1887373
8.7716837
4.6107746
8.0105094
12.2055150
11.2139818
5.4182411
9.1867966
8.2124360
9.8003874
7.7526206
8.0337830
5.3991331
11.2284119
9.7149790
10.6188314
11.9482425
11.9619991
10.8125041
3.7009107
9.5242239
11.7986432
9.7067540
8.8215325
7.6838827
5.3660947
8.0926922
10.3647012
9.1744571
7.1385838
5.9323192
8.5969836
8.6929081
2.3513817
3.7565170
7.3538275
3.6764962
6.8153877
31.9942675
15.2976246
19.2329931
13.3527770
3.9198714
6.6283848
0.5528469
4.7902798
4.4911454
7.9207197
8.8430505
15.7903279
2.9598803
4.2251319
3.1537532
3.5685584
6.4109897
3.3301015
3.9140001
0.8180078
3.2823906
3.7612914
3.7736837
1.7812732
3.3026308
1.6674280
3.4993250
2.7770822
1.8477499
3.1131795
3.0406907
2.6849174
1.7831615
2.3871452
3.6574840
2.6505419
2.6250202
2.5231717
1.5687380
2.5827800
2.9997285
2.3712802
1.9599658
1.5828948
2.5810250
0.9670249
2.4448107
3.1400655
1.6092024
1.6011905
0.9949277
5.4739231
0.8564206
2.1355051
3.7645222
2.2694407
0.9185186
5.0300805
2.8115157
6.5011885
3.7793031
2.8118310
2.1285833
2.1871276
1.7125118
4.0052795
2.0598142
4.3903911
18.5326841
10.8125289
6.0596055
15.3631541
3.0574520
4.6100999
5.8426980
6.9064697
6.1815982
11.3562663
2.9337946
4.0585076
2.0451121
2.9010912
6.6784373
1.2856912
5.2452530
6.7662682
9.9743324
9.6535333
2.9372737
2.5847153
4.8957138
2.5176411
3.4304012
1.2958801
8.2078747
3.3397180
6.2822979
17.3161444
1.7308693
2.5036345
8.9356861
31.0813841
1.0718719
3.2765332
3.4194477
4.2522124
5.4761746
4.5364941
5.5166511
6.5402014
3.9112022
4.4925738
6.2641746
1.6591411
10.3766245
6.1735529
4.9287821
4.3969462
3.9830225
3.1418708
2.1446352
3.4522503
4.0972110
0.6209292
2.7777904
2.7179662
3.8358785
6.8042374
4.5944386
3.9764364
1.4388787
2.3026904
6.4332952
2.9276688
2.7361583
4.5194111
11.7540136
6.4914010
1.0344597
4.0455925
8.2663015
4.1195335
3.4692861
7.9354018
6.2234835
12.7492152
20.3276822
3.8462453
3.1289626
8.4888295
7.0922362
10.7383632
4.2084952
9.6061921
8.7614740
3.9180207
21.3956997
7.6751456
3.2455653
4.7149152
2.9200761
2.6894089
4.8612668
5.5212186
2.7124655
11.6336204
3.8787240
3.1433753
9.4249171
0.7432023
3.9870578
14.5496572
9.3426500
4.1263996
3.4614689
6.6515242
4.0279624
3.4957153
3.2016921
2.2840163
4.2964936
2.6167697
2.8002002
3.8339424
5.0411962
2.0244791
4.9906153
2.9490367
0.8907031
3.0767065
2.8437333
2.9041625
5.1854980
2.5265889
6.5049470
1.6924891
3.1866448
6.6020544
4.4439319
2.3255035
1.7854304
3.8875635
1.6381985
6.2416800
4.1376997
6.3168658
3.3153797
2.5351621
5.5150476
1.4860787
2.9518486
8.9572757
7.3418174
7.0140176
2.3326159
5.9005305
1.9915770
1.6439582
3.6269067
12.9317288
4.8940294
4.7380057
4.5107627
11.1045063
3.4046368
1.3187626
7.6301794
2.7772559
6.4979339
7.0858622
1.6024816
3.9726690
0.8432398
2.3645564
6.2584168
2.6336590
2.6843499
4.0269141
4.1507696
4.1871385
3.3589289
3.5633644
4.7151169
3.0641313
115.3338148
50.4183069
1.3461151
4.9372856
5.1757538
2.6646269
5.5377153
7.6739512
1.4885707
4.0725087
6.4581618
2.6917827
1.8555556
10.0623578
10.5047532
5.7529575
6.3885816
4.0070843
6.7085569
6.7465015
3.0141496
3.3728579
6.0351147
6.2560487
5.5402745
3.7232656
3.5308193
3.9114641
2.3738943
3.6612768
3.9229970
6.5541432
3.3113182
1.0258094
5.5108344
4.3621337
5.2695397
2.4301642
3.4449636
3.9365414
3.3759043
6.9520988
1.9761210
8.6259123
6.6192350
1.4225665
4.4920364
4.5663647
7.8383914
4.2603541
7.1018395
7.2764683
8.5987563
6.7229148
4.6923986
1.2954088
5.8970364
6.6053903
9.8932748
9.6646872
1.8878571
12.5293999
15.0204296
11.0339834
11.9240656
14.0944553
8.9891231
4.8544895
6.1223426
3.5323929
14.5640807
7.6074553
2.6902474
3.3956650
5.5393639
4.7216991
3.4349697
2.3400319
3.1435119
3.7340000
5.3318943
4.8966999
5.9735101
6.9093208
6.8380803
5.4752536
3.1964595
1.9303084
7.1080382
12.7288605
17.2930620
12.2800308
4.7475418
15.7787069
3.3143237
3.2328775
13.1861189
15.4499700
14.0856762
16.6408220
9.5255822
3.7025394
5.1606407
2.9063227
4.3381558
3.5157275
5.4526855
3.5765105
5.8484688
3.0491471
5.0137623
3.9931701
2.2185648
2.7989681
6.0577589
4.5864437
3.1243704
2.9027064
2.2395843
2.4039910
3.1615769
1.9780926
2.3572382
2.1182993
1.4203086
1.4693836
4.0290770
2.3737651
3.7024983
1.0101406
1.8145555
2.1389613
1.0030292
4.2435250
4.3971953
4.4624008
3.7718267
2.5286546
1.2909346
3.0912068
0.3529489
6.0997519
0.8109313
1.0910416
2.4840860
1.9371783
1.6814277
3.7034627
5.8191892
4.2873949
4.2143923
5.2607308
5.1799701
8.0899874
3.6157779
0.6379269
3.8809707
4.2052125
1.7820866
2.2254340
7.8035079
9.1938624
3.8161749
5.5054188
4.6997649
2.1972497
4.7549465
1.2763404
2.6684737
3.6459226
3.6188999
2.1232203
4.8931501
2.8113346
5.8096007
4.1296572
2.6265130
1.1710001
1.3474864
2.8798254
1.1499944
2.6100138
1.3137646
1.5141298
2.4397579
8.2165786
5.3212685
2.6304266
5.3840242
7.5676719
3.8791105
8.6091275
4.4821276
7.3608223
3.4054771
7.9410629
3.6543423
4.8361063
3.8936544
7.0767481
2.9738461
2.5553600
2.8225379
6.8790320
3.6243493
6.0558284
3.6656904
7.2320181
7.5763722
7.1665519
4.3684122
4.0492709
10.2265405
5.5105850
2.5192748
3.1417970
8.6411239
5.8772357
3.5033985
5.8640271
2.7002719
6.2751380
1.4133058
2.2554299
3.3532850
1.9807257
2.3066361
4.3879020
1.4078453
2.0698424
2.8129070
1.4785228
1.9870891
3.3945028
4.2507797
0.7049831
2.2218348
7.8126219
5.7131446
10.4635664
5.3863327
4.6260009
2.6432777
2.0205411
3.9567715
1.1938505
2.1634417
2.5592304
2.4624493
3.4082862
2.1563806
2.5273771
2.5340120
1.3539808
1.5382652
0.6801941
1.2507088
0.2801474
1.4692793
0.9684720
1.6038528
0.8114969
1.9421245
1.7580185
1.8100320
2.0664738
1.4699360
1.1221168
2.0116772
2.9996214
3.9308156
1.8535589
1.4443493
1.2519820
1.6351089
0.7538970
0.9579159
0.9513415
2.2270887
1.5361007
0.6054525
2.2161222
1.4468171
0.6067652
1.7759193
1.5749766
1.2840892
0.3935756
2.9145176
2.0715551
1.8662439
2.3648207
1.2080961
5.5021263
9.1815624
5.9134947
4.3331053
1.8974562
1.2967770
1.5810591
1.3195844
1.4117667
1.9515300
2.0544772
3.6380014
2.2329750
2.4848013
2.4797157
2.3136106
2.0749755
1.1767160
1.5270489
0.9222943
0.8872990
1.1169676
1.5093475
1.4405605
1.1407469
0.9099481
1.5954771
0.9005424
1.0179203
1.7777036
0.9500411
0.8732651
0.9533632
1.0696572
0.9241460
0.6864744
1.1227368
0.9839396
1.1528337
1.8287623
2.5074083
2.9879725
3.6826007
4.5006966
4.7863708
5.2331452
5.2731263
5.8564852
2.2326266
1.7523719
1.4701337
0.2034701
2.1918656
1.5026549
1.2231629
0.6948880
0.6930271
1.2686739
0.8163405
0.9777683
1.7416850
0.2664750
0.5900648
2.2571813
1.8944767
1.4134782
1.3701470
2.1808704
1.1904877
1.2464197
0.6777038
0.6215251
0.7275788
0.6540774
2.3463986
2.9801422
2.2492468
2.4047772
1.8239013
1.5097082
1.3240338
1.3487148
1.2874712
1.3483249
1.5478528
2.1941646
1.6685594
2.8223765
2.9141156
1.9919381
1.0092158
0.9781106
1.2065547
1.1748662
1.1311143
1.0354266
0.9304881
2.1209453
2.6745908
3.4185824
3.0389429
2.1231822
1.1218563
1.8537123
1.3449982
2.3642778
1.2960369
1.8748487
0.6562742
1.3682061
1.4319162
2.7455275
3.6918265
3.2564062
2.3694845
1.0510345
1.6582013
1.2625103
1.2775152
1.6961857
1.5774588
1.8422167
2.1731020
1.0082702
1.6388996
0.5545277
1.1214542
0.5955363
0.7403087
1.1734925
1.6918782
1.7125825
1.7958969
2.3384412
1.7210452
1.2678284
1.2297372
1.4990414
1.7504681
3.0871789
4.5051164
6.2377450
5.7503107
3.7260353
2.0731181
1.9081823
1.0479662
1.5557163
1.2149010
2.0287083
2.5817119
1.9870318
1.6841343
0.7209454
0.7413001
0.5499451
0.8662703
0.8634580
0.6375320
0.7005214
0.6456372
0.6098513
0.8838925
0.7689267
1.3839077
1.0509201
0.7899891
0.9839040
0.4826861
0.6459063
0.6628039
0.8167056
0.8932551
1.1239944
0.9936432
0.7810633
1.0429332
0.7270197
0.3644982
1.3464881
1.3682299
1.0558815
1.1349858
0.6494982
1.2946426
0.6529282
2.1135662
1.3773064
1.6729220
1.6689303
1.4599661
1.0820032
1.6213392
1.6535242
1.9582928
1.2960392
1.4052045
1.0690564
1.1066088
1.1879580
0.8004502
1.6693324
3.4367928
3.7499606
3.7844516
2.2092592
0.9991399
0.4160254
0.5311999
0.6709730
1.6766250
1.1962374
1.6456963
1.4891251
1.0550867
1.1409247
0.8624030
0.9877271
0.9302109
0.9928714
1.7876097
1.3566326
1.0655812
0.8462674
1.5309635
1.7323363
0.6190449
1.5565333
2.6751667
3.3343298
4.9802615
4.4220542
6.4859319
5.8633697
5.6423631
2.3210231
1.7463447
0.5795216
0.8279691
1.1599989
1.7763641
1.8530422
2.1631558
2.6362955
1.8666713
1.3908744
1.3655512
1.2632550
1.8670192
2.4588108
1.1915266
1.5974442
0.6648085
1.9296283
1.6054139
1.1626452
1.5250522
0.8437373
0.9753392
0.7464201
0.8510169
1.8346789
0.9350168
1.4527614
1.4599390
1.0662775
1.2131913
0.7027406
1.1352979
1.1116159
0.4196347
1.1507777
0.3463697
1.4375956
0.3280817
0.6202181
0.7347453
1.1444768
0.6200413
1.9731897
0.8346749
2.0752641
0.3776452
1.0295611
1.5565459
0.6957989
2.1627207
0.4632782
0.8662286
1.7852635
1.1629083
1.6012912
0.4710473
1.1453894
1.4869931
0.7444984
1.7085542
0.1782964
1.1411801
0.9101398
1.1338464
1.3217102
0.4440145
1.2252915
1.2800269
1.8515548
1.2598241
2.6050814
0.8649078
2.1912735
1.8449597
1.5574041
1.8732927
1.4153274
1.4857256
1.4428492
0.9199245
1.8849932
0.6880093
2.1045901
1.2254793
1.8551383
2.6099610
0.5151686
2.4112239
0.8323145
1.6747988
2.6045858
1.1744779
3.6566008
1.4495766
2.6833553
3.0320542
1.2950440
3.1771376
2.2345249
1.6138481
3.8354933
1.9462133
2.6474825
2.4547817
1.2005834
2.1605610
1.9018228
2.0543835
1.4868678
2.3731873
2.9808831
1.8276150
2.6157472
2.6156605
2.6488621
3.1217211
1.5584822
1.9741706
1.8153237
0.9840178
2.0202786
1.0457687
2.0146437
1.7723681
0.6511721
2.0572883
2.2199588
1.0383146
2.3303473
0.6364759
1.3869846
2.7463720
0.8216285
2.2851990
1.2228791
0.9267916
2.4780614
0.8265184
1.2196951
1.7147562
2.2450833
3.4579242
1.2651111
2.8057840
2.0752643
0.4593987
3.0382610
1.3443151
1.8661324
3.6109007
0.2458743
2.8638986
0.6502075
1.3872562
2.7898839
0.7858467
2.0602171
1.4007873
1.4233946
2.8960040
1.0851855
2.0981000
1.6567388
0.9163310
3.1705117
1.2044681
2.7692680
2.1168224
0.3747351
2.8499809
2.2135035
1.4042265
2.1689149
0.7841714
2.0189206
1.6832215
1.9819738
2.0006080
1.1209571
1.7228088
1.5714216
2.6561561
1.8336510
1.2008406
1.5080531
1.9577666
2.4273585
3.6611911
3.7232825
2.3548660
2.0371031
2.4432277
2.6349132
1.8501784
1.4687459
0.6958575
0.4323467
0.6708275
0.9725002
0.8362159
1.9742024
2.2934724
1.8662931
0.8842964
1.3838619
1.6019533
1.0420899
0.7427679
0.4284483
1.1075571
1.7077021
2.8480866
3.8206369
4.1202069
2.2061829
2.0012970
0.8273636
1.6832638
0.9118688
1.7922012
3.0320593
1.7614953
1.6465312
0.8653740
2.1316814
2.0407370
1.4544197
0.3990468
0.6328426
1.0252220
2.7935555
2.3391297
1.9746639
1.4199401
1.7279362
2.3331304
1.6988955
0.8379725
1.0988634
0.9379816
1.0330586
1.6325367
1.2019594
1.4998755
1.1261466
1.0499364
1.4562192
0.5427659
0.8037061
0.9348767
1.0013910
0.9706854
0.6916312
0.4687464
1.0418751
0.5302230
0.7694033
0.1509849
1.2550534
1.0355214
1.3773970
0.9060787
0.5631155
1.0496565
0.6535574
0.4105309
0.3812001
0.2476790
0.6665944
1.4264134
0.8762672
1.8741913
0.9858576
1.5292456
2.0922929
1.5007515
2.9161332
3.5938527
3.4240526
2.7288066
1.9937642
1.5547152
1.6843816
1.4245194
1.3708963
1.3179321
1.4908440
1.8343456
1.7577381
2.2147943
1.1729996
0.6690692
1.7612249
0.9449147
3.5612103
4.1386554
3.4130312
2.2798250
1.8289932
1.2784670
3.9237859
2.4356178
2.0106326
1.4727096
1.0928847
0.4871016
1.0464990
1.8820998
2.9702673
3.3713119
2.2293360
2.1674915
1.7152270
1.3980536
1.6069045
1.1571503
1.3844171
1.0612654
1.7207777
1.2489234
0.6909271
0.6113863
1.2128949
0.8070147
0.7085272
1.0812487
1.6513708
2.0162366
0.6605692
0.7884473
0.8332273
1.2115512
0.5731717
0.3882416
0.5672301
2.0247603
0.9152679
1.0761576
1.2332556
1.3156407
2.7205422
1.0573869
0.7521706
1.7120863
1.0556857
2.3909335
1.2218273
1.6794079
1.8859515
1.3802766
1.8523892
2.0289326
1.9454051
2.6354628
0.6994691
3.4155121
1.2083928
1.0406021
3.5506679
1.5092646
2.2222616
2.0021558
1.3276983
3.5658799
1.4501660
2.9812172
2.4475806
2.3046001
2.5772505
2.1906206
3.6275964
2.2788548
2.3455276
2.9710795
2.4126174
3.7352548
3.6117822
1.7178100
3.7978053
2.1532443
4.2352074
2.7892234
1.6130711
3.4041802
1.7330571
3.2378328
2.2026464
0.8462829
2.8929522
1.9955885
2.7759385
2.2053788
1.3692626
1.7955537
1.5269800
1.2643380
1.7266050
1.3712521
1.0346923
2.1695199
1.3816412
1.6045972
1.8174414
1.1302661
1.7416023
1.7076552
1.7899967
1.3470653
1.5172376
2.2457814
1.5060069
2.1086685
2.6267813
1.3341289
1.6346659
1.9101352
1.2515732
2.7517193
0.8547914
1.9586516
1.7003480
1.5595163
2.3937249
1.0166810
2.0069429
2.1444700
1.4164921
2.4228285
0.8838070
1.9327182
2.3428343
0.5657198
2.9756107
0.9854479
2.1856843
2.2275499
0.6592835
2.4674772
1.5697531
1.0487552
2.4507317
1.4033986
2.1980562
1.6148826
1.6944178
2.1551461
0.4191540
1.6878750
1.5161571
0.7450562
2.6940530
1.6853660
1.1415899
1.1904281
1.5555633
2.7005376
1.8453542
0.4681736
1.8103741
2.7541963
2.1801854
2.9120470
1.1403628
2.3222613
2.9989686
2.4121790
3.4810881
0.5503595
1.9708473
2.7349729
1.7926061
1.7430911
2.2620411
0.8653472
1.6507167
2.9383464
2.8965325
3.0934260
3.9789501
0.9932307
2.8658106
1.3006002
1.6033312
1.8954137
3.5626664
3.7251684
3.4620240
2.6707185
3.3076857
2.8339307
2.4469349
3.3825399
6.3273094
3.4711526
2.4980494
2.6892731
2.4958224
2.2232403
1.4978613
2.8324908
2.6007150
2.2667651
1.7754103
2.1026290
1.7205776
2.4425845
3.0717846
0.5053626
3.2251593
2.0035512
2.0457878
2.8153708
1.1972424
1.1375524
1.1086954
1.4219813
1.8337047
1.5247607
1.6851082
2.3201933
1.3869732
1.9115097
1.8713111
2.7753789
2.2137338
1.2587617
1.6705585
1.7198883
1.9403914
2.8440347
1.2673123
2.3225195
1.9152178
1.6858954
3.0666388
1.8051188
1.9554031
3.1225494
1.7942411
4.0861697
2.6081939
1.6627290
3.0791453
0.7148425
1.3953486
2.9637097
2.5507058
2.7929133
0.8553195
2.6072942
2.0320533
0.6673917
2.7936812
0.7359323
1.9862945
2.0570901
0.6904510
2.3544956
1.1426913
1.8351424
1.7150658
1.5860792
2.5002972
1.0979922
1.4759103
3.5327647
1.0826567
2.7380832
1.4851786
1.0885487
2.8292093
0.5166988
1.8450717
2.2480602
0.6412558
3.0329848
1.0963839
2.0879032
1.8826668
1.2921439
3.4333591
1.3382527
1.6976730
1.9001712
0.7743021
2.5540849
1.0666250
0.6546295
1.1477742
0.9232535
1.5672600
1.7333300
1.0370247
1.5534326
1.6290273
1.8148441
1.9107242
0.7378744
1.6267604
1.3713456
0.7888916
1.9421059
0.9664394
1.2123633
1.4473570
2.9884666
5.1285682
1.5961905
1.2392810
0.8073676
0.9354428
1.9809485
0.8335609
1.3345533
2.0848390
0.6049318
1.3769334
0.7290732
1.3788970
0.7297707
1.0783718
0.6529581
1.1482212
0.8916830
0.3392785
1.0602166
1.0019246
1.7353566
1.2489236
1.0638374
1.0447767
1.0632850
0.9278196
0.6408302
0.5534761
1.1653993
0.3034732
0.5576923
0.8162300
0.5184464
0.9758982
0.6065206
1.0925297
0.7544915
0.5005797
0.6243720
0.4244497
0.6247552
0.3642830
0.9326012
0.7157555
0.4040930
0.7803525
0.7676341
1.0323564
0.7212787
2.1093586
3.5177976
1.9151303
1.0110941
2.0037682
1.7194754
1.1987666
0.7090737
1.1285935
1.6290171
1.4280252
0.8956653
0.3865890
0.5168390
0.7286041
0.6588062
0.6224731
1.8581696
0.6179216
0.7533875
0.4985211
0.7751143
0.9259388
0.9360203
0.4928202
0.2324892
0.6876383
0.4483675
0.2566853
1.0372745
0.3593866
0.3947592
1.5134465
6.3660070
7.4620001
3.1326695
0.9571145
2.9187594
2.7566167
2.0651147
1.1918110
2.5813154
2.4403845
1.9456269
1.3103560
1.4385960
1.1257759
1.7287153
1.4935430
1.4343146
3.3505826
4.2332173
2.4676470
1.6973545
0.8381025
0.5158288
1.2279950
0.7810413
1.0213329
1.9828920
1.9901748
1.2689349
2.1801404
1.4104998
1.2789704
1.0007826
1.4235887
0.6802750
0.5437567
0.4379319
0.6591939
0.7501912
0.2682277
0.4816039
1.1911325
1.3545279
1.0801622
0.5684709
1.6472664
0.6268317
1.8492152
0.7699002
0.7273366
1.4010450
0.9857473
1.7443873
0.4457601
0.9279183
1.6100195
0.6854230
2.5260354
1.0384791
1.1228536
1.0191633
1.6781434
1.7911364
0.7028772
1.0205130
1.8580831
1.0943174
3.4879258
0.5955438
2.4074159
2.3278424
0.7492719
1.9887155
1.1575313
1.8396734
2.8362995
1.1632045
3.1863123
0.4507856
1.1256355
1.6778635
2.0149171
0.8067510
1.0902163
0.7776035
2.2974887
2.5273483
1.7366390
3.1793118
1.1800372
1.9529342
3.0606822
2.2787907
1.0506195
1.6505791
3.1398128
2.3976978
2.6552649
3.1371022
1.6659013
2.4972602
1.7728636
1.8326533
1.4697907
1.3116607
1.6458780
1.0368984
1.5157706
2.3254907
1.5222557
1.6958270
1.3297361
1.5239169
1.9498621
1.7242437
1.4139666
2.2027354
2.2329526
3.1482150
2.7599574
1.4645876
2.8902740
1.6444093
0.6416788
1.5000216
1.1854470
1.6601592
1.7775658
1.6195294
1.7378845
2.0967723
1.8202991
1.6423504
1.7936388
1.1916774
0.8072657
1.8090974
2.6010428
2.8583462
1.9171459
0.6771034
0.7151508
1.3539970
1.4590957
2.5051095
2.4566702
1.9817315
2.2938638
2.1217886
1.7446658
2.9212491
1.4621835
1.3449733
1.2899928
2.0277043
1.1514315
2.1358902
2.3490041
2.3994629
2.1929179
1.2233810
1.8908112
2.4066291
2.4594274
2.8810887
2.8388577
1.3517256
2.1660325
2.7176721
2.2192072
1.9463676
2.4262466
3.2340852
1.0608115
4.1674054
3.1369559
2.0593294
3.3827579
1.4394245
2.3204860
2.5959349
2.2956487
0.7928164
0.9554706
1.4444175
1.1042930
1.4609692
1.3657118
2.0181743
1.0812723
1.3836810
1.4868995
1.3964480
1.8453964
1.2816352
0.4833354
2.7456304
2.4113788
1.6551552
1.2683702
2.4414203
2.3965929
1.8287041
1.1986139
0.8228774
1.1418524
1.1123628
1.6925294
2.6083646
1.5794744
2.2988949
0.9699098
0.4437632
0.8720214
1.5488265
1.9597249
1.8450830
2.1150297
1.9399408
2.2223100
2.7500184
1.7498514
6.9281044
8.9158814
4.4723181
1.3371588
1.7493598
2.2985653
1.1270086
1.1465442
2.0963954
2.6942985
2.0184651
2.4314744
2.4998339
2.8030338
1.6491229
1.1192576
0.6570990
1.7076963
1.1855029
1.0227265
2.8596573
1.4453363
2.0793432
1.5576505
1.9470402
1.3020698
1.8880789
1.2397467
0.7098685
1.3530893
0.3419481
0.6498222
0.9954623
0.8360398
0.8431467
1.5207088
1.4642107
0.9304539
0.7065257
0.5073214
1.3947749
1.8241617
1.8302469
2.3698121
1.7559565
1.3313951
2.3411073
0.9264962
1.4520704
2.4063910
1.4827798
3.0391621
0.4302048
1.1525816
1.8824783
2.5602411
1.0073444
2.4518668
2.9588233
5.0608241
5.2473272
3.4595156
2.9959505
3.6130306
2.8355416
2.8073093
1.4778457
1.3853032
2.7357926
3.3983712
3.2665534
4.4598517
2.3959157
1.5718655
2.3446373
4.3676031
6.3389752
5.1764612
5.1243493
5.6324825
4.2449689
4.5481543
1.8696073
2.0275492
2.0868919
2.9463397
3.1187473
0.8936168
2.5131363
3.0127743
2.5798811
2.5935748
1.1969730
2.9540354
2.6287601
3.2854888
3.5755098
2.5796435
2.3023733
1.9649990
1.4749792
3.0741123
1.2833337
1.8452011
2.4039177
1.8285573
2.3388490
2.2569604
2.2041822
2.5574624
1.6429652
2.4924078
2.1767894
2.5940818
1.6997556
3.0823869
1.8223801
1.5633504
2.5420541
0.9534182
2.7358951
1.8680413
1.5914559
2.7207883
2.6612427
3.8239351
1.7852915
1.7918238
1.8332862
0.7852246
2.3334525
0.9931974
1.8415576
1.5469120
0.7718773
2.0807400
1.7739778
0.5604774
1.5791527
1.7498562
1.3031408
3.1554190
2.5613944
1.7951857
2.2036013
1.4027889
1.6977893
0.4907505
1.1761628
0.8893437
0.5232448
0.5055923
0.2144407
1.0354095
3.3208948
1.6810706
0.8195637
2.8561769
1.7250039
1.0884851
1.5715631
0.5749550
1.6720802
1.3098654
0.9807103
1.2185019
0.3585619
2.1637462
1.4650532
2.3184916
1.4550284
1.8063965
1.4047550
1.8263685
0.9495354
0.3129132
1.0498493
1.0403531
0.9213894
0.9757998
1.4096786
0.4994077
0.4034696
1.0047355
0.5839147
0.8826434
0.6153072
1.1304864
0.5883706
1.9290756
0.3860492
1.3963554
1.4342621
1.1016593
1.2627580
0.5353178
1.1864157
0.7010447
0.8817911
0.6571879
0.7548234
2.0947933
1.0129054
1.3446638
3.2472531
1.1171136
2.3319721
2.3113346
1.5270467
3.4475582
1.4652700
3.1868657
2.1385585
1.9198610
2.6063931
1.2374046
2.5887775
1.9238272
1.2113309
2.6435505
1.3468800
2.2564560
1.6870370
1.6511972
2.7310667
1.1838005
1.9140929
1.8990239
1.3450227
2.2054984
1.5536137
1.6072484
1.4632188
0.3266609
1.4491478
1.4003766
0.7714126
1.4303156
1.6924107
1.2155167
1.0591796
1.1117348
0.8454276
0.6172760
0.3235231
1.3807211
0.8798105
1.6852130
0.3819798
0.4398164
0.5366880
1.0176594
1.2624501
0.9779305
1.4750244
1.7706273
0.6157268
1.5753717
0.8994728
0.9141365
1.3164248
0.6978125
1.4809949
0.6384647
0.4385317
0.6703995
0.8217126
0.6455606
1.0196833
0.4896784
0.7415131
0.8628988
1.3671380
1.8723890
1.0540157
0.9742398
1.5424646
0.9266132
1.1684686
0.8971136
1.4460726
1.4011808
0.1575793
1.1967461
0.8570466
0.2960860
0.8299597
1.6152205
1.6850200
1.5611549
1.4087807
1.7096554
1.0593909
2.6896295
0.7053148
1.0734392
2.0869201
1.3965596
2.3615921
0.9703984
0.9172715
1.4820496
0.7703743
0.7076041
1.4866622
0.8435561
1.0567410
1.0982039
0.5986622
0.2463928
0.4359250
1.3454374
1.9630307
1.3737638
0.9958069
1.1308162
2.3142577
0.5403756
1.9604445
0.6626282
0.5706737
2.1630205
0.1556164
2.1777331
1.0570346
1.6208792
1.5168564
0.9140280
1.7026946
1.2353555
1.8240841
2.8862679
2.5484374
2.6674502
1.5329439
1.6031385
2.2707101
1.7980281
1.5723446
2.0152884
1.2210838
1.5545302
1.8486797
0.4316772
1.6911957
1.8105397
0.5087194
1.3566588
0.8341036
1.3638663
1.5499944
0.7103647
1.7696919
0.2037134
1.1910128
1.1257684
1.5824108
1.8324712
0.1037880
0.2636782
1.6201023
0.5759885
1.9532695
0.9280635
0.9769122
2.2501743
0.6540686
2.5466299
0.4599669
1.2066593
2.2061809
0.4606605
2.5794863
1.9347187
0.8055280
1.0889584
1.1702490
1.7480856
1.9928058
1.3998348
2.9180867
1.1341274
2.6278910
1.8593577
1.4237872
1.8983678
2.0261603
1.4615032
1.4979842
1.4230018
2.5751908
0.6939028
1.1767079
1.8320868
1.6273573
0.9397193
1.9034203
1.4522834
1.9209017
3.6546986
3.1501433
4.1616554
3.5209637
1.2386475
1.5924519
1.2745742
1.9843829
1.1360131
1.9374152
1.1374041
2.0593829
4.2819215
2.3504656
1.6638955
1.1797213
1.4678760
3.5627421
1.7826115
4.0907642
0.5975223
1.7729887
2.0033027
1.3784513
2.1562322
2.4300168
1.5183702
2.6884965
0.7364076
3.3429494
1.5240238
0.9748594
3.3357139
0.4683398
2.9545623
1.7842864
1.3162298
2.7261412
2.0175293
2.5348428
2.2482146
1.7593996
3.0028972
1.4651641
2.2486344
1.5408596
1.3222225
1.9208835
1.4781761
1.1422652
1.2395851
2.1224854
1.4099921
1.7733227
0.8842419
1.2169297
2.2642403
1.4561825
2.6957226
1.7176899
3.7004756
4.1964013
2.7443013
3.3501879
1.7034056
2.7284841
1.5944223
2.8754523
5.6865543
2.9079924
6.6954860
5.1471267
4.3322723
4.8037764
3.5017269
3.9657978
2.1208202
4.7326893
2.4080595
3.0252355
2.3438893
2.5661991
1.2559039
1.9295183
2.1741988
2.0955169
1.5199254
1.4325025
2.6244863
2.3203974
1.7999470
1.5596961
1.6100184
0.7980408
1.7427390
1.2358700
0.8261176
1.3846357
0.7869742
1.5169479
1.3781887
1.7701478
1.2236487
0.7784778
1.2821390
0.9914419
1.3901117
3.2109589
0.7908304
1.3004147
1.8798871
1.4325837
2.5929528
0.8242779
1.6050580
1.3627771
1.5980777
3.5476244
1.7850531
2.6669068
1.6431845
0.7031457
2.9825771
0.8693311
2.3090795
1.9142023
0.8813498
2.2344200
1.1324492
1.7992214
2.0755699
0.9807245
2.9749970
1.1154089
1.5974640
1.8891741
0.7291396
1.9661207
0.9273297
0.7368596
1.4707746
1.8358633
2.1127538
0.1907742
2.0187443
1.8298601
1.6444964
1.7235014
0.2971539
1.3685515
0.9504509
1.0962753
1.2035618
0.2026233
1.1147198
1.7440583
1.4248416
1.2766863
0.8813116
1.3172986
2.4602827
0.7115052
1.6124557
1.5962347
0.3357165
1.8739678
1.0757937
1.4137147
1.2188479
0.8031744
1.3546957
0.8036744
0.6183852
1.3404384
0.8857320
1.8180699
1.2162141
0.7264038
1.6925036
0.4182487
0.6071706
0.9066955
0.4766250
0.7974082
0.7494383
1.0745310
2.6622890
2.5426458
0.4375578
1.9820311
1.8748333
1.2576868
1.0878265
1.6006051
1.8841956
1.9440144
1.7075872
0.5320110
1.2103265
1.8256643
0.8986348
1.5959178
0.7121883
0.7304054
1.1552907
1.8136511
1.0067550
1.6654056
1.7068176
1.0690481
1.6149763
1.2277186
1.2985602
0.8618063
0.9385518
0.2429587
0.7100541
1.1668773
0.2903250
0.5979195
1.2143164
0.8954113
1.5918829
1.2366525
0.9004691
0.4858226
0.6262233
0.5075691
0.6146511
0.2358042
0.6297145
1.2814974
0.8103753
0.3175619
0.6216581
0.7490633
1.1411698
0.7760817
1.1235806
1.3464037
0.8907853
0.8230487
0.9130727
0.9624548
1.1867884
1.7165043
1.3061414
1.9194677
1.9065025
1.6844507
0.7875374
1.6406511
1.3986628
1.5579757
1.1364139
1.6068617
0.4124775
1.0048138
0.8708480
1.7878784
0.4769354
1.7659629
0.8745295
2.9323923
2.6506792
2.3791265
1.1291929
0.8511485
0.8512990
1.2953479
0.6515661
0.5260760
1.2388955
1.0923857
1.0022336
1.3567526
1.0241560
1.2434717
2.1600243
1.1070253
1.6372749
0.9186780
0.9129796
1.8092842
1.1865080
1.8653715
1.7460094
0.7126410
2.7208848
1.4258815
1.3673655
1.8807741
0.6856032
1.9151846
0.9734212
0.3377719
1.4679462
1.6704758
0.5911623
2.6796892
1.5519226
2.4032560
3.1637173
2.0787913
3.3031874
1.6100758
2.2467036
3.9250343
1.0666835
3.4526377
0.9208308
2.2516753
3.3694781
1.7636880
3.2920802
1.2690172
1.3982412
2.9578358
1.3307797
3.7993839
2.0315428
2.4778037
3.5602988
0.7178682
3.1706920
2.5028929
3.2363549
3.3270986
1.6474077
2.8513483
1.5532242
1.0996866
1.4719687
1.2066659
0.9300399
2.2025711
0.5018069
2.0358208
0.8636679
3.1785698
2.2690473
0.6231722
1.9296153
1.5781578
1.1425165
0.9889161
1.1208797
1.8841575
1.4687364
1.9645877
2.0694964
1.5070624
2.0346811
2.9918576
3.1397759
2.3919898
1.8453175
3.4404631
2.6026815
3.9081039
2.1839715
0.6740919
1.4531775
1.5431826
2.6426147
2.6785472
0.2492845
1.7941519
2.1900847
3.5591236
2.8175523
1.3403255
2.6305428
2.4530179
2.3312543
2.0577887
1.9028262
3.0014718
2.0309232
2.0031909
1.4904099
0.5168988
1.7396609
1.2028513
0.6905804
1.1232590
0.9858383
1.8452242
1.6184533
0.6923992
0.3857083
1.4547680
2.1561006
1.3588712
2.2180050
1.3748943
2.4327102
0.6770599
1.9793494
2.0070844
2.7889741
2.4041869
3.1166851
1.3765090
1.1415554
1.4625813
0.8351621
0.6809266
1.0780447
2.1819024
1.7806293
1.3828030
1.8156008
2.5328400
2.9633195
3.0694754
4.2844652
4.6516214
3.1845357
1.9249670
1.7381031
1.7723853
1.0840524
1.3700211
2.1882855
2.1427247
2.0183696
1.5516105
2.1416839
3.0009113
2.8839938
1.2518289
2.2815672
1.8360385
0.8340352
2.0875854
2.5238387
2.2380455
1.7461977
0.6924389
1.2895692
1.1767459
1.4322241
0.4438452
1.9145375
1.5447438
1.8683621
1.4840241
2.4445981
3.5803434
1.4456970
2.4393871
1.5663244
2.2700946
3.2150396
2.7250094
2.7184081
1.3842352
1.1495447
1.6966412
1.6456629
1.5017759
1.5644607
1.7715839
1.3007087
2.6560006
2.2753146
1.7615812
1.6356229
2.8905986
4.4450747
3.8850527
2.7442522
2.1884562
1.7139892
1.5791047
0.8401042
1.5483469
3.8697883
2.4289703
3.9068731
3.1778077
3.6379448
2.4227433
1.5972477
2.7506162
2.8486888
1.5993875
2.2459961
2.0599727
2.0319058
1.0357681
3.1729089
2.3797287
3.4638092
2.4694593
0.8473291
2.3454096
1.3789826
2.2612346
2.2562304
3.1278609
3.3897524
6.8618802
2.5594439
2.6014581
2.1802107
1.8502550
1.9257409
2.2527971
0.9638102
1.2376612
1.9140573
1.3934053
2.1115370
0.9516984
1.0437505
1.8179312
1.3911782
1.9551777
0.8298919
1.5191784
1.0036539
0.8736316
3.2555369
1.2951532
1.8005978
2.2662931
1.6362075
0.8523008
0.7888185
0.9971407
2.2480536
1.7205953
3.0472038
1.2766373
1.0312078
1.3950857
1.7547943
1.7034051
1.9726339
2.5388271
3.2405473
2.0510152
3.0202837
2.6364519
3.7536543
2.2557211
1.7765172
3.6537053
3.5296978
1.9307824
2.6725270
1.3618790
1.7771018
1.6201706
1.4506558
0.8441471
0.9498415
0.6511227
1.6787713
0.9022949
1.3310895
1.4779839
1.3636785
1.1863648
1.5875367
2.0128144
1.5860577
1.5626429
2.4462312
1.8502370
1.3267841
1.8610751
1.8520236
2.0343918
1.4549744
1.2935990
1.0305923
0.5839615
1.4917885
1.7751534
1.0945668
2.5662359
1.4679207
1.8879625
1.2843776
0.9240286
0.9511017
0.7495751
2.2048737
2.9066621
1.2563466
3.0072028
1.3453007
3.3105882
1.2029017
2.0693418
1.8488913
1.7861738
1.7609123
1.1972467
1.4583057
1.4405246
1.4544920
1.2906054
1.0554362
0.6021201
0.7456406
1.5727512
0.3926326
1.7877783
0.2403282
1.9848315
1.3510515
1.8480986
1.4644039
0.5679454
2.0450968
2.9455194
2.7762390
4.1019337
4.0420821
1.9674069
3.7242290
2.5241921
2.8991278
3.0002519
1.8972202
2.3690612
1.1572213
2.1381448
2.9152735
2.2889277
2.7633845
1.6644282
1.7538656
2.4249305
0.8779314
2.1528193
1.0140575
1.5213486
1.3841230
0.7629222
1.0347876
1.4443494
0.8287335
2.0026130
1.5814969
1.7983150
2.7681055
0.8006024
2.5253630
1.5648726
1.8297494
2.4078148
2.5750887
2.8396683
1.2609996
2.1042605
2.5661976
1.0495972
2.2891660
0.9100802
2.6292298
0.7551928
0.9781292
2.7442477
2.0883873
3.3351787
0.7921695
1.5783581
2.2408708
3.6058685
2.9472287
1.1378355
2.1751722
2.6117302
2.3688001
1.6815237
3.6790512
1.0789293
4.1618531
4.4539461
4.0949251
4.2522171
3.0640389
5.4965269
2.9117010
4.2166838
3.4174762
2.7525832
3.3113095
1.4249054
2.7134357
1.1617045
1.8663066
1.8403546
0.7776909
3.0244041
1.9502539
3.1574249
2.3375843
1.0267817
2.7757608
2.5417448
2.4509265
2.5489885
1.7195104
2.0538931
1.2852554
2.1851059
1.5707643
0.6695669
1.1354335
1.1243995
1.6284610
0.7159116
1.1998763
2.2751854
1.2710925
1.4541393
1.5218551
2.3167480
1.0538648
1.0105302
0.9834622
1.5047173
1.4000851
2.1445020
2.1402474
1.5738237
2.3641984
0.7489585
1.9670338
2.2550823
2.6098662
1.8411485
2.3339680
1.2879767
0.8708637
2.5687034
0.5694767
2.1163185
1.1821441
0.1260416
1.2423888
0.6727020
1.6708651
0.7341680
1.3724760
2.0683434
0.7690856
1.4001804
1.6130334
0.4098850
1.7347307
1.4660862
1.3326319
1.4187878
0.2439955
2.1276550
1.3952023
1.4163488
1.9169137
0.8147992
2.3268135
1.1304158
1.6090010
2.1151862
1.1011989
2.9128577
1.7354310
1.8605205
3.6361730
0.4320793
4.0279899
2.0593963
0.9863209
2.9828226
0.2458699
2.4746380
1.1395291
1.1425005
2.5405647
0.8412427
1.3868857
1.7464217
1.0211252
2.3760329
0.9195895
1.1075192
1.1037524
1.9016468
1.6884615
1.6800082
1.0369960
1.3174266
2.2815888
2.3500684
2.8922115
0.8722815
1.2750418
2.2014782
1.1190972
2.0728850
1.1398451
0.4973603
2.7055643
0.9197912
2.2884016
1.6777069
1.4283805
2.0594197
0.7223636
2.0696175
0.8662568
0.6432212
2.4078288
1.0848475
2.0025273
1.3781903
0.3010161
1.6041312
0.3864968
1.9360261
1.8921419
1.1593151
2.3846161
1.3755087
2.2948244
2.4680242
1.2528645
2.4074196
1.3934034
1.6586931
1.6443521
0.6869889
2.5413879
0.8406829
1.6922002
1.6880803
0.8661489
2.1142560
1.3708355
1.9118572
1.8072098
1.2249162
1.0394817
1.1589708
1.4379144
1.9033708
1.3089667
0.7581995
0.5026166
0.6889918
1.1691169
0.6613885
0.6557807
1.0209907
0.6007332
0.4578736
1.1743003
0.5033510
1.6423051
3.6320639
2.2302484
1.1171934
1.1275575
1.1585993
1.2565996
1.1448251
0.9481409
3.5032416
2.3595753
1.8251805
1.2142491
1.3775388
1.1081188
0.9451100
1.1028672
0.8459039
0.7691160
0.5447593
0.3431058
0.8095945
0.2466147
0.4759136
1.0548932
0.3644219
0.8903615
0.3526166
1.3465624
1.3965326
0.7183407
0.4758932
0.9841060
1.3293431
1.4577483
1.5480541
1.5820464
0.6221068
1.6351899
2.0760759
0.4392596
2.5774558
1.2854226
2.5049126
1.7486572
1.1828318
2.8904660
0.7645491
1.0063110
1.4614030
0.5404141
1.6009315
1.0291710
0.3978476
1.3965845
0.9009734
1.9919561
1.2670114
0.6397228
0.6002437
1.4839573
1.0125570
2.5710972
0.5869063
1.2357734
2.2445127
0.6791071
2.6730437
1.1920513
1.0550459
2.3853083
0.9207612
2.6772217
1.8913215
2.1310986
3.6463123
0.8568628
3.4851061
1.5987474
0.9626484
2.9033430
0.8294644
3.0686758
1.9076457
0.9209658
2.4490989
0.2452652
1.1920671
2.3945401
0.7755414
2.5645998
1.6446986
2.9216623
3.7341943
2.1092473
1.6408168
1.9283323
1.1183591
1.2160860
0.0492266
1.1613998
2.2535051
1.0636205
0.9858175
0.6675834
0.9711432
1.2956889
0.9504240
1.8949476
3.7656313
1.4270487
0.9591056
0.8313365
1.6661398
2.7494009
2.5950867
2.0478620
0.5457781
0.4614352
0.4209864
1.1874628
1.6626660
2.5881642
1.9919246
1.6223628
1.8236705
2.4888503
3.0331387
3.8287189
3.2554128
2.1627817
1.2205927
1.2655526
1.4975627
2.8098674
2.6580838
3.5126622
3.5309088
2.9337090
1.1730284
1.4505471
2.7380241
1.2426765
2.9510779
2.6617418
0.9974048
2.1097742
2.4313495
2.0690891
1.5082628
1.9443951
2.1864409
1.5538585
1.3938562
0.5656364
0.3642420
1.2329244
0.7248643
1.4581526
1.8218473
1.9209130
0.8125083
2.1982079
1.5070846
0.8133729
2.3947631
0.5679955
1.1568820
2.1697107
1.2249446
1.3428066
0.4215004
0.9736592
1.7034252
1.9289947
2.9915485
2.2561358
1.3606432
2.3085754
0.6132686
1.5445446
1.1033980
1.4851484
3.1416160
0.6518178
1.5166692
1.6233560
0.8227743
3.6229690
0.4610928
1.8674415
2.1214963
0.5420210
3.1975869
1.4788070
1.0769936
2.1750606
1.1480152
2.5418906
1.8154568
0.7009932
3.6768258
0.1868330
3.8875220
2.8042591
2.6374019
3.0756261
1.1780848
2.3866383
1.6851063
0.8874871
2.6542505
0.8962854
3.1102701
1.4225291
1.0437224
2.7838030
1.0135623
1.7772234
1.4881836
0.6171148
2.6773091
1.6052399
2.3823587
1.3435337
1.0112974
1.4653782
1.1401612
1.2441137
2.4830149
1.0805430
1.9246225
1.5851027
1.4319270
1.7088437
0.8235074
1.1286155
0.3306265
1.5470511
1.0365387
1.6095803
0.2720091
0.9856397
1.6942378
1.2179668
2.5957595
1.9136923
1.6390306
0.6796947
2.1749774
2.4394002
0.7148772
2.3317774
1.4432299
2.2028158
0.7529173
1.3720063
2.3655276
1.0484698
2.1767545
2.3415368
1.0409385
0.6955649
1.3319734
1.4918191
1.1812544
0.9949753
1.2879066
1.3024526
0.6606787
1.0585903
0.9144134
0.8428313
0.6624041
1.2981794
1.3878311
1.0426256
1.6389615
2.0399430
1.5773378
2.3569750
2.2759324
1.2043046
1.9794618
1.7651318
2.3507990
1.6832391
1.9820122
3.4683667
5.4970617
5.9934228
2.3109372
2.6783592
3.0330461
2.5511967
1.3905915
1.6980675
2.2124464
2.4605231
2.8215668
2.5651683
0.3762068
1.3515491
1.0603858
1.2105555
2.3266681
2.8496966
3.4207192
2.4482832
0.8364959
1.0037912
1.4361856
1.0150926
1.3632926
1.6065851
1.9177114
3.3539514
2.6835167
2.1526548
3.2721743
1.8831164
2.5476045
1.0932909
5.1293013
1.0238622
2.4761385
0.6817215
1.7543629
1.6156087
0.1387550
0.6683698
1.4798112
1.2609052
2.2405549
2.5091720
1.7171095
1.9085984
1.9087211
2.0606268
2.3166830
3.7940312
1.1792693
2.1782972
2.5842613
2.2554369
1.9998944
1.6207765
2.5013338
2.9545328
0.8612640
1.3614437
1.7633872
1.2129630
1.7169246
1.0340889
1.2471940
1.5169785
0.8701425
0.3953546
1.2041587
0.6472058
0.8043661
1.0024053
0.9831739
1.3226782
0.8259617
1.1207124
1.5915256
1.7259988
2.1021590
0.8063611
2.0709020
0.7544136
2.4047468
2.1648585
1.3111029
2.3015448
0.6647796
2.3208837
1.3480392
1.2875230
2.6669046
1.5729188
1.9588230
0.5107797
2.6282250
2.3507832
0.8791139
2.4938778
0.9403722
1.0466818
0.2955666
0.5470850
0.8813278
0.5865435
2.3203049
1.2287355
1.7904791
0.9019220
0.7884190
1.0441422
0.7580684
1.4894867
0.7540968
1.7447417
0.8317937
1.4083450
1.4464432
0.8716590
0.6412354
0.5868364
0.6855314
0.9955369
1.0028326
0.7515412
0.8564848
0.8739398
0.9842769
1.3308445
0.0851257
0.3184357
1.3333406
0.6428623
0.5856928
0.3645960
1.3154956
0.9692658
1.1945837
1.5020638
1.2475062
1.2227574
1.3214470
0.9696401
0.3332548
1.3454810
0.9811431
0.9400041
0.4762092
0.8327822
0.9133940
1.3309126
0.7396107
1.2961898
2.1794559
0.9418678
1.2153282
1.0779546
0.8048528
0.8753628
1.2390367
0.3737824
0.7975288
1.4457861
1.2977230
1.7788701
1.3636177
0.8440382
1.9349300
0.8080838
1.7104463
1.3109940
0.4811575
2.2591394
0.3201373
1.1215615
1.5112501
0.7203505
2.0764747
0.3621179
1.5266490
1.3529145
0.6072311
1.1345311
0.6515206
1.5471964
2.1585916
0.9288712
1.9358360
0.8637396
0.3921077
2.0991876
0.9182910
2.2360697
1.8335087
1.3331482
2.7455442
1.2843916
1.9357843
1.9812385
1.6011763
2.6795696
1.0325867
2.8227226
2.7584186
0.7399159
2.3683761
0.8768889
1.9014708
1.6260084
1.2465252
2.1864200
1.0971095
1.9921494
1.2085615
0.3354048
2.8888380
1.6721095
1.7226030
3.0235828
0.8803006
4.0231848
0.9800763
2.6346069
2.5994030
0.7712775
3.5483716
1.8113130
1.9911418
5.5296311
1.3757452
3.6927325
3.1762225
2.0359334
4.3219552
1.1899147
2.7415906
3.0525693
1.5493239
4.4051085
1.6749045
2.9476937
2.3605637
1.5275555
4.9470367
1.2999178
3.2980706
4.2296712
1.7873132
6.0843740
2.9073605
3.3576742
4.8888605
2.3629709
6.5730079
6.4174067
6.9441321
6.3307567
2.4049772
4.5794735
3.9865082
4.8558218
4.4411691
2.9896132
5.9643875
3.7431478
4.1916336
3.0647798
1.9017331
2.4284092
0.8243755
2.6477972
1.9071899
2.4120774
2.5566188
1.5695919
1.8103856
1.7717853
1.4600502
2.3093731
1.1784856
1.7229886
1.9875106
1.1920042
3.4265676
2.3374514
3.4529172
1.6982200
1.8092179
2.8638848
1.5794177
1.7430043
1.3020693
0.9592236
2.1730005
0.3829119
0.6776633
1.0796938
1.7788419
1.5774158
0.6239743
0.9143535
1.2010669
0.6066023
0.5761579
1.5049188
1.6576312
0.8483274
1.2061170
0.7012109
0.8481281
1.2496324
0.5573678
1.4676082
0.6400550
1.0446670
0.7122266
1.1390799
0.5891275
2.2530102
0.8205152
0.9082722
2.0480737
0.8730800
0.6031664
1.1772956
0.6354223
1.1210394
0.8868822
0.9392402
1.3572790
0.7167958
1.1002376
0.3745693
0.3814595
1.5640301
0.7585860
1.5016493
1.4280506
0.6595173
1.6841719
0.4103555
1.3850575
1.9537473
1.0798303
1.7683102
0.4407543
1.5090843
0.9113083
1.8317754
1.5140344
0.4384419
1.0924273
1.1340089
0.7968867
1.9197929
0.5337658
0.3859296
1.1796160
0.3549855
1.3535997
0.7385564
1.1218867
1.2095119
0.2126097
2.1652947
0.3764009
0.9760782
3.2062192
1.5436811
2.7336703
0.3094254
1.6280164
1.2703020
0.9591871
1.4454472
1.0088544
0.7652646
1.3975395
1.5605033
1.9126343
0.8332070
0.9534146
0.4883949
1.4094932
1.5058086
1.9536919
1.3259368
1.7021915
1.4500958
1.1525390
1.0845862
0.7897932
1.5072934
2.0266998
2.0452434
2.0981473
2.3267360
2.5862108
1.0293392
2.0256731
1.3157860
1.9629186
2.8315173
2.5701224
1.4117044
1.6930474
1.8227202
3.0334473
3.4539182
1.1970776
1.2876920
2.1633947
1.6085932
2.7852700
1.2770980
2.4512724
3.0196675
2.0916753
2.6702808
1.3798180
2.1748245
3.1673730
1.9086872
2.1454816
2.0091204
1.7366296
1.4348962
1.5316825
0.2502856
0.9764407
1.1236389
1.1594746
2.9719949
1.4639399
2.1219383
1.1698023
1.4348191
1.7760317
0.8408554
2.0149318
1.6686780
0.3594383
1.1461946
2.7269730
2.5910869
1.0949124
2.2798933
1.5275901
3.0721633
2.7386612
2.0465249
2.3145696
2.0022164
2.3631430
1.6739489
1.6449157
1.8769089
1.9309412
1.9650776
1.7101873
2.2574000
2.0925348
1.1907014
1.9678858
2.1551630
2.5944273
5.7533444
8.4032260
5.9771806
4.9359517
3.3440743
3.2586813
2.4755802
2.1378345
2.4134310
2.8728393
4.0770936
3.8000839
3.0920183
1.6801495
3.7390425
3.2217024
5.7537649
3.3214983
2.3274331
2.6875825
1.9887839
5.7125860
1.2493110
2.5784001
2.8155991
1.3624659
2.4919173
2.9226376
5.1820866
3.8537494
3.6401514
4.2934771
3.4344484
2.5290424
2.0377026
1.6384570
1.4040978
2.4567987
1.9286454
3.1995880
3.9389613
3.7731474
2.9562609
4.4855400
2.4411710
1.1552281
1.1782296
1.1424805
2.9509885
0.3321314
2.0191531
1.7038936
1.5776399
1.0663699
2.0403563
1.4537784
0.7055653
1.7354757
1.8692196
0.6325630
1.1416911
1.1194299
1.0569348
1.4569963
1.5464584
1.6636752
1.2349305
0.5175469
0.9548686
0.8795030
2.3095645
1.6290193
0.8793735
1.0197169
1.8452902
1.2644260
1.2254636
2.2403360
0.8528017
0.8362954
2.7946538
1.4168204
3.6666467
2.2062495
0.6591290
2.1544833
0.4384306
3.7212472
3.1777958
2.3865542
3.2353662
1.5657172
3.5520162
1.7940838
3.2875416
2.0748144
1.3149670
2.5491384
4.6205566
2.1312344
1.9002059
3.1922871
2.0777533
1.3622454
1.7650874
3.4444938
1.9449243
1.4177533
1.8965410
1.2907038
2.7894530
0.9983077
1.5622987
3.3048116
1.3675897
1.1530989
0.4872247
1.2062363
2.0759184
1.9680591
1.5927357
0.9494147
2.4357956
5.0908247
4.4497420
1.5246743
0.9407442
3.1332782
1.2199131
2.4545103
2.1772353
2.6959569
3.8619125
2.8218648
2.0753198
1.8658886
1.4191856
1.9035124
1.8056362
1.9647217
1.3577236
1.0974087
0.7453725
2.5727356
3.2316549
1.5794638
1.8341810
0.9959986
2.0949502
2.1004258
1.5097472
1.1136375
1.5191698
2.7048143
2.6681390
2.4185030
2.7107601
1.0931134
4.9261912
4.0721446
1.3567363
5.2706420
4.7404942
3.5940342
3.8353600
2.5365799
4.6444678
2.5423838
1.9808667
1.7686718
4.0453515
3.1371106
3.2509667
2.6838774
2.9626404
1.7884943
2.5007898
1.4618829
0.6914557
1.1326749
0.3566213
2.4138775
2.5299309
4.3121665
1.7496025
2.0873964
2.6680168
2.0442439
2.6831125
0.9895118
2.7169977
2.4068440
1.6695313
1.7997596
2.5699982
2.6208179
1.6790569
3.1519004
2.3637689
1.6173053
1.8651790
2.3790065
1.2253694
2.0949649
1.0606650
2.3911139
2.7844904
1.7918914
2.7192688
1.5511174
2.3336074
3.0337603
2.9323056
2.7153350
1.0375214
2.2781476
1.4767514
1.6747413
3.7265582
3.8352547
1.6420754
1.5985936
2.7330951
2.0427807
3.7736079
2.9471472
2.2427125
2.2294794
2.0916840
2.3532532
2.6925291
2.2874532
2.1039379
2.1374869
1.6149409
1.4423983
1.3110338
1.1533373
1.3439341
0.8976336
2.6682812
0.9619269
0.5379824
2.2775792
1.5180782
0.7502496
1.2863185
1.7919594
1.8630168
1.3807570
2.7761371
2.7958523
2.3841474
0.7070865
1.0667276
1.2619579
2.7527653
1.1653714
3.4495136
1.2665030
3.0494825
2.7294919
1.0027647
1.9021441
0.9835549
1.8465771
3.3566462
1.8234255
2.6294386
1.5591107
3.3639150
1.4759578
0.4372184
1.0200905
1.6283129
1.9184010
1.2427472
1.2497036
1.7412618
1.2533407
2.0142124
2.0802440
1.6105516
2.8610959
3.0757977
2.2303150
0.9697151
1.0151679
0.9111006
1.8499804
2.2043666
1.0729110
0.4785748
1.0929024
2.1723623
2.1480186
3.3753140
1.7688925
1.4066183
2.2050621
2.9469286
2.4793463
2.8248794
1.4922860
2.4719798
2.2328515
1.9201176
0.6433455
0.2714629
0.6932196
0.4699566
0.5964058
1.1363679
0.9074135
1.2966410
1.8242894
2.3476633
3.7457886
3.9003366
2.5377788
1.6930354
1.8910837
2.1649581
2.1108312
3.0365749
2.5068336
2.6379246
1.5577607
2.6186776
2.9151643
3.1182447
1.9095236
2.4866565
2.0586144
1.5467643
2.9616565
3.4599038
3.6418506
5.4983264
3.7947939
3.2458992
3.2293866
1.2968013
1.5423489
3.7352704
3.0099972
2.9461330
4.9468708
7.7032029
8.9220797
7.8572264
12.4147261
4.6448495
3.1211276
1.4541849
1.7936967
3.9340358
1.3717672
2.0188521
2.0977072
7.1932868
2.7453367
4.9326811
2.2311425
1.0044576
4.0665380
3.6730075
4.1684874
3.4549516
5.1848192
3.9583200
1.8631548
1.9180023
3.3992232
1.8480426
1.4953483
2.2502905
1.2901368
1.4487024
3.7411031
0.7391591
1.6177207
2.3134385
3.3432289
3.0667453
2.1322795
4.0056802
4.3819930
4.4079114
5.7656422
7.5931532
4.3703552
3.4780001
1.5170167
1.9350425
3.5662044
2.2656035
3.4508551
3.0375779
5.1113197
5.2646124
4.6824985
7.9003084
5.6782573
3.7615950
1.7295051
1.3332074
8.6457702
6.1277636
4.5838309
1.5348185
3.1745036
2.4590368
1.6823779
1.0736983
0.6423587
1.9379434
1.4739307
2.5799774
5.9725915
6.1847898
4.2987428
6.0128617
6.0883965
7.0559583
2.5154153
0.8333566
3.1584198
2.0968783
0.5691447
1.4672787
0.9293616
5.3465712
1.5867394
1.0964765
0.3122242
0.8541845
0.8530242
4.2621019
1.6938713
5.2667589
2.8189978
4.1847247
1.4265713
0.7533660
2.1264786
1.4911474
6.4320942
0.7111737
0.3427008
1.3416681
1.4405231
0.7343021
1.8362584
1.3861578
2.4217665
2.6834172
5.8443280
1.0436522
3.4167948
2.4219319
2.3448229
2.7297785
1.6452094
2.0075116
2.6092879
2.2255257
1.9087283
1.1047210
1.3958416
1.6609875
1.0955014
1.2470517
2.2521413
8.8194891
9.7986140
11.4148191
8.9216496
4.9386007
3.1081538
2.5591439
1.7205743
1.4275509
1.9062855
3.5238212
2.5628503
1.9567517
1.6040321
2.0612806
2.1445823
0.9240485
1.4121228
0.9591573
2.1803104
1.2411072
2.1151708
1.3926665
3.0834511
1.1930694
1.9914011
1.9519940
2.2077929
1.9549887
2.3561582
1.8355549
1.2044019
2.7737876
1.5514469
1.4936148
2.4234735
1.3951035
1.7418569
1.8494741
2.2761041
2.7582927
0.9294697
2.2654200
0.7046916
2.4611816
1.3734938
1.2927562
2.4099590
0.4155502
2.1057876
1.1159491
0.8290436
2.1981654
1.1905576
2.0086703
2.2786784
1.3481540
2.1526003
3.2614930
1.9174267
1.5638526
1.4513450
1.9428339
0.8431764
0.9065707
1.6777121
2.2362294
2.2654857
1.1842082
1.5218620
0.5940502
2.2917463
1.1493664
1.8734825
0.6617537
0.8502568
2.2137169
1.8901562
1.9265833
1.2889367
1.0884377
2.4933399
0.8069475
1.2445516
2.0846437
1.2163235
3.1109136
1.6142158
2.7176607
2.0623642
1.2416989
3.1251760
0.9785150
1.7563620
2.0190573
0.7846642
3.6284394
1.3329595
2.5594204
2.3470785
0.8461182
3.6266567
1.9445248
2.0203945
2.5010401
0.4857864
3.2749709
1.9025117
2.5832722
3.2097398
0.5394012
3.6732349
1.5515347
2.3870630
2.3255357
1.0046044
3.6482662
1.6413880
2.9946076
2.6746443
1.2846015
3.1713805
2.0480271
0.8969572
2.6381349
3.0074653
2.9407447
2.7173829
0.6422256
2.2498172
2.3536914
1.8779154
1.4189394
1.2167679
2.4304610
2.6305633
1.2167282
3.8263450
2.8883025
2.5490940
6.4753839
1.3491444
3.7196962
4.1315167
1.6098596
5.2345926
0.7087061
3.6099735
2.8334067
3.1058379
5.6656565
1.8175836
5.8805628
3.9505678
1.6618448
5.7580695
1.2761858
2.3884256
4.6182817
2.0952691
3.5708152
1.5241118
1.3995269
2.1398384
1.4897724
2.0593681
2.2261449
2.3320372
1.8590001
1.4048116
1.3139434
1.6377940
3.8960429
2.7237896
1.9685944
2.8112886
1.1660474
2.2186361
1.3343556
1.2685233
2.1538921
0.7957491
2.5281731
3.9066624
4.2383076
2.0707012
3.0992980
5.7157871
2.8491782
4.3869278
1.3510550
1.9291101
2.0530419
1.7751489
2.1039566
4.9808093
2.3070118
2.5033720
0.6242912
1.1039137
1.7446543
2.8222983
3.5281324
0.9535201
2.4690452
3.8044977
1.1245511
3.5499600
2.2859065
2.8266139
3.7530066
2.8491199
4.2680810
1.9340991
4.6583028
4.0826649
2.8328574
4.4112889
0.3242204
3.4214771
1.2634915
2.6945017
3.4863095
1.5153561
0.5682694
2.2014842
2.1817668
2.1776503
2.7494826
2.8568366
1.1958153
1.2277127
1.2561764
0.9925702
1.9087731
1.2882690
1.4371951
2.7093897
3.0192137
2.3668616
3.0411016
5.1645448
2.6682568
2.6507117
1.2591769
3.3054187
0.5448451
2.8754107
3.5513970
3.3862692
4.7763829
2.8267846
3.9047867
1.9781496
2.5535238
4.8491341
2.1008852
3.6997496
3.4060281
0.9133974
3.5142862
2.0729209
4.2623602
2.0329672
2.5037597
2.8727580
1.4984623
3.5047429
2.0152857
1.7800196
0.8718592
3.4351975
2.1192899
3.1499058
1.3479575
1.9310935
2.0125479
1.8343402
2.1903711
0.5429449
1.9166515
3.0113663
1.3336701
2.3567055
0.9499464
2.0245177
2.0075702
3.1511658
3.0272514
0.8333769
3.5471017
3.0161786
1.5817606
4.2842177
0.5619495
3.6537625
1.6942426
1.0089860
3.5904078
1.0953967
3.5889348
1.7547139
0.8697241
2.9347272
1.8991769
0.7977229
2.3595263
2.1160196
2.2386428
2.1417155
1.4264831
3.3432640
0.9542394
3.1415395
3.7297777
0.9338546
3.6277933
0.6510529
2.5072023
3.8846291
1.4814143
4.6336842
3.0029460
2.0534359
5.2725330
2.3391569
3.8592931
3.4742771
1.3373507
4.1982683
3.9162221
2.7364266
2.7771458
1.0417240
3.9723980
2.1900091
2.5966231
3.0153802
1.4038597
4.4728550
1.9713039
2.5888434
3.4462740
2.5682889
3.5223887
1.4341020
1.9392269
2.3422886
1.9237318
2.4583912
2.2459237
1.8902911
2.5780888
1.6711472
6.6948046
7.7640798
5.2870185
5.4754352
3.0813376
3.9243276
2.9320432
2.0284181
2.4659816
2.1089301
2.6903399
2.5064068
3.0068613
2.9485742
2.4091227
2.4259312
3.0212579
2.8778554
2.6364196
2.8039710
3.3703674
2.4343605
1.9573687
2.5878283
2.5454141
2.2941632
2.0797472
2.2061193
3.0665348
2.7141369
2.5049645
2.6379388
2.2535494
2.6527583
2.0528688
2.2380989
2.4764230
2.8859620
2.7965479
2.3886725
2.7802513
2.8620343
2.2145910
2.3984497
2.9193035
2.8538318
2.6738038
2.7060533
3.1888351
2.6746933
3.2150860
2.5681744
2.9996175
2.8744498
2.3615563
2.7337407
2.5225781
2.4211738
2.2874684
2.1101283
2.3679676
2.6665054
2.5817172
2.3708300
2.4600736
2.8910172
2.3577402
2.7379916
2.5444789
2.5898740
2.9406695
2.3151964
3.1523966
2.6582873
2.9404863
2.5297995
2.7771792
2.7657607
2.9572783
3.0214377
2.6937929
2.8074598
2.7002855
2.6759692
2.9328351
2.7976305
2.2287005
2.7421932
2.7704415
2.7098761
3.0405483
2.2789250
2.5806886
2.7403433
2.4462326
1.9188485
2.4483234
2.1978478
2.1684209
2.7020353
2.3808213
2.7281605
3.3026225
2.4558871
2.3164995
3.7031216
2.4724750
2.5700482
2.8207736
2.7306516
2.4920450
2.8088320
2.0442411
2.8578283
2.1695606
2.3946696
2.5795178
3.4883462
2.5167268
2.7541796
2.7644034
2.6283697
3.0490645
2.5221848
2.6638444
2.6183684
3.0018654
2.6888910
2.4303672
2.9971719
2.7453530
2.2392358
2.8540913
2.1015647
2.2646162
2.2916856
2.9901368
2.5276528
2.6453363
2.7294055
2.6661137
3.1176412
2.3188310
2.3762704
2.4213570
2.4720557
3.6413692
3.0750670
3.5382713
2.4426296
2.8249947
2.2052800
3.1889231
2.5167908
2.1267047
1.8617942
4.2269713
2.5701482
2.6009578
2.8735372
3.2201014
2.6717334
2.3527515
2.5526328
2.6371322
2.3319896
2.8957325
2.8932281
3.0404071
2.4662120
3.7859428
2.2597305
2.1553408
2.8253490
2.8133784
2.6432232
2.6990526
3.4731429
2.3262942
4.1999321
2.8733346
2.9258349
3.7501911
2.7452052
2.3273517
2.1598261
2.3172785
2.4667423
3.0468835
5.6784779
8.3809562
3.6503394
7.3683789
4.8879059
3.6672119
1.2437150
3.9998578
2.8492806
2.6977313
2.8636999
3.7336039
2.5597040
4.2000753
3.7919549
4.0004983
2.0020283
2.0733377
2.1975187
2.2325622
4.4411133
1.7993641
3.6252068
2.9525315
3.2879303
1.0122781
1.9102313
2.3220637
4.7954916
4.5815592
0.2971382
1.2960898
1.7797068
1.5049294
1.2761700
2.2624705
3.2126054
2.1829403
0.5846920
1.6911376
2.4318148
1.4805756
2.4757413
0.7991974
1.0951217
2.5772992
3.2403502
6.2871422
3.3442521
6.1525569
5.7187029
4.0679962
3.8938006
0.4709145
2.2606775
6.9216546
5.7790448
3.4878901
3.1294647
2.2236336
1.5419821
2.0742524
1.8946761
1.0949188
1.0524975
2.9619916
0.3022392
1.5641302
2.1197523
2.8781359
2.6594926
1.4246998
1.7966279
1.9444342
0.6394306
2.4998323
1.3129038
1.8508238
2.0714308
0.8997511
1.9823683
1.0600513
1.7892799
0.4761638
1.4801341
1.5006183
0.7209860
1.2073960
1.4246353
0.7656741
1.4368618
0.8131988
1.1530753
1.0921862
1.9398478
1.0021891
1.2697578
1.7483171
1.3805002
1.4094473
0.6044688
0.5958948
1.2871494
2.0036380
3.5896517
1.5619513
1.8095782
1.8056994
2.1962855
1.5891373
1.8943712
2.5976189
1.7466253
1.1675409
1.2016667
0.4521983
2.6840174
0.9510261
1.2599274
1.7521817
0.9882149
1.5230620
1.0673026
1.1701747
1.5640744
2.1992044
2.0708656
0.9682237
2.6558113
3.1161919
1.3044667
1.1887455
1.7841082
1.4075679
0.9718817
1.5168503
1.3074259
2.5021724
4.3602812
10.8324551
20.4685513
13.4745508
6.8256874
3.2366902
5.2799460
2.7627090
2.9047332
2.1654125
2.6629062
3.0909493
3.8144558
3.9522309
2.4407077
2.3610614
2.9403042
2.6559258
2.3043550
1.7391954
2.6557904
1.8595918
1.4550097
2.7894313
2.0947873
2.3352106
2.3585404
1.9511152
2.0826280
1.3825667
1.6871043
1.8246673
1.6534962
2.4362861
3.1623579
3.7436972
4.3625501
4.4541485
4.0222033
4.3478935
4.8906282
4.0436252
2.6090782
2.4753138
2.4037651
1.9267408
3.0840610
1.6019507
2.9478136
1.6685696
2.8416597
3.9044486
2.6398086
2.7847971
2.6162339
2.4453012
1.6267769
2.7680529
2.9401794
3.4373876
2.8948519
2.2856731
1.5227671
3.5229211
2.5894162
1.9905336
3.7208054
3.3812394
2.8107689
3.7248664
2.2108070
1.1139743
1.5487692
1.4598328
1.3329498
1.5462378
0.8954207
2.2890303
0.8305945
1.9075629
3.2436422
1.7728453
2.3235192
1.5964990
2.6817626
2.5727018
0.9460345
2.3167591
2.2438111
2.5785267
1.3513818
1.4856054
2.1162867
1.9101984
1.6743864
1.4453095
1.2401144
2.2828813
1.1419098
1.7314445
1.6729828
2.0130178
2.8287522
1.8629850
1.5449153
2.9582903
3.5273619
2.5840137
4.8397608
1.4259532
2.3582347
2.1788172
3.1917248
3.5566138
2.3072653
2.2058725
2.3046253
2.5548222
6.4275807
4.9809207
2.8538440
4.5022175
2.9496045
3.1011420
3.3566914
2.3586338
4.0330590
3.7247839
3.5629043
5.1110681
3.5049502
5.1185341
3.9851553
4.9446248
4.8473361
4.6080924
7.0565162
5.6537849
5.2404128
6.3850176
5.3381878
4.4277204
4.6878365
1.6047031
2.4611309
2.4535175
3.7068492
2.7472988
2.9934397
2.7830796
2.9453802
3.5105702
2.3325797
2.0765250
2.0264903
1.7481281
2.3662639
2.3770963
1.4208513
2.3427169
2.7615152
1.1155379
4.3081378
1.7551107
1.0840684
2.9042880
1.6097598
3.3333772
1.0501266
4.6748759
6.3168663
5.3772171
3.0842932
2.4719306
1.6551159
1.5312219
2.2624498
2.4253221
5.1001341
4.7254916
2.8665981
2.2364275
5.6071077
2.6645588
2.8867402
2.6231818
0.9870417
2.3879183
2.1408081
1.0621743
1.3185109
0.3931680
0.9460994
2.4802712
2.6407609
3.6436815
4.4883161
1.4261455
2.0728235
1.2590581
1.4079602
1.1350054
2.1646896
2.7884814
1.6550654
2.2381748
1.2652698
2.5532671
1.5864850
1.5653642
2.9546058
0.9851860
1.1137259
0.8221409
1.3222633
1.1043756
1.5731736
1.8681822
3.5704352
2.3358521
2.0395157
1.5503364
1.5127789
1.1673298
1.4041561
2.0517438
4.5380786
3.5189765
1.4494863
3.9410361
3.0104997
4.8507811
2.0391126
2.8262473
6.1593402
6.3163882
6.4733570
4.2586079
2.5863590
3.3481742
1.3154893
1.6370418
2.3089049
0.9751400
1.7341106
2.8471822
1.1767531
1.8154275
1.0597866
1.4636815
0.7236850
1.6554860
1.3575385
0.9990579
1.4132522
1.3087381
1.0989425
2.4002656
2.4783530
2.4109968
1.8034892
3.5663278
1.0401739
1.3541427
1.0903050
1.4885303
2.3660704
1.5380493
0.5874954
1.7214555
1.6574366
1.0435187
2.0874090
0.9776209
2.5161842
1.0382753
0.7864209
2.3697304
1.2554548
1.0817342
1.6280724
0.6078222
2.0507046
2.1250594
1.4483881
2.8577683
0.9442187
1.5795822
0.9955059
1.0205562
1.8107694
1.1507744
2.3036263
1.3873161
1.4051490
2.7351993
1.3013303
2.6008535
1.3023908
2.4704408
2.2853149
0.6662387
1.6179447
1.6989914
1.5698659
0.9016461
1.5418948
0.9578064
2.1922886
1.8381485
1.0676337
1.6346933
0.6636987
1.2123354
1.7764123
0.7763988
1.4205651
0.6956563
1.0113068
1.1685536
1.1009580
0.9586542
0.8268596
1.0666595
0.7178050
0.8902247
0.9578571
1.2564695
0.3890304
0.9124927
1.8107242
0.6515438
1.0234603
1.0245324
0.3145236
1.1851024
1.1393307
1.2025903
0.6287376
0.5317696
1.0385789
0.5474978
0.9808642
1.6042645
0.4683930
1.2249030
0.7629366
1.2923381
0.6143737
1.9067009
0.3005922
0.8411456
0.6979168
0.8462836
2.0257102
1.7534272
1.0829701
1.0957182
1.1754629
0.9937206
1.2916491
1.3051073
1.0349626
0.9596916
0.5307083
0.6207401
1.2598427
1.1279860
1.6352672
1.2699233
0.6654120
1.1437105
1.2719769
0.9753674
0.9251388
0.6848069
0.9626334
0.2025573
1.9516822
0.9947499
2.0712642
0.7299003
1.0148966
2.1414847
1.5479509
3.1078465
1.5138702
2.1650841
2.0154775
0.6885241
0.6648591
1.5648050
0.4538339
0.6345694
0.6667156
1.1953412
1.3330077
1.2113295
3.0829223
0.9631494
0.6560684
1.4733286
1.2106931
1.4738312
0.9366468
1.2308661
1.7151846
0.6208247
0.6269480
0.7596316
1.6678041
0.8721264
1.8004105
1.9213134
0.9340619
1.6331139
0.6553435
1.6301677
1.5223850
0.6540194
1.8518153
1.9145283
2.0357739
2.1273196
2.7224226
2.9697780
3.2136878
2.6689732
3.1635620
2.1427749
2.9867410
3.2834207
2.4266883
2.5094393
2.2046152
3.2266116
2.7758931
3.0780987
3.1516229
2.0786444
2.8858180
3.3861680
3.5278700
2.6721729
2.3031653
2.8927029
3.1163897
1.9913622
3.5785387
0.3771306
1.1305140
1.6317081
1.8526441
1.7541921
1.7953299
2.3316925
1.9117361
1.7883521
1.2604660
1.1939104
1.9274304
0.5263272
1.7636087
1.0022985
1.0241104
0.7852566
0.8599315
0.9075399
0.7188695
1.2587045
0.9231243
1.0971519
0.4064689
0.7629597
0.6230484
1.1409717
1.1392226
0.7050665
0.7604209
0.9620159
1.5275565
1.8468790
1.4541006
1.0537954
0.7917367
1.5640946
1.6730179
1.8620532
1.0884949
1.7500526
0.9444019
2.5784750
1.1103598
0.7935829
2.0431864
1.9775761
2.0161115
1.8229631
1.4034651
1.4022242
1.2110799
1.3685748
2.4136456
1.4569240
1.6760050
1.7934205
2.2180524
3.8528275
0.2903420
1.6842344
0.9629242
0.9215599
2.6010317
0.6827245
1.9992532
1.3044972
1.5248084
2.2373201
1.9061305
1.1031272
1.9317551
1.1390850
1.4043823
1.1229747
1.3692530
1.8951240
1.0793769
1.5871382
0.9157500
0.4200677
1.8880144
1.2236413
1.4400652
0.8916362
1.9492920
1.6770310
1.1709733
2.0523909
1.0706179
1.2252451
1.7986448
0.7507048
2.0152973
0.9231549
0.8597929
1.2937354
0.3178314
1.3166205
1.2804984
1.3413558
1.4238292
1.0788952
1.5050412
1.4576725
1.2276254
1.1118915
1.8980092
0.9518023
3.7496751
1.4812948
2.4254624
2.2269161
0.7188876
3.0402254
1.0313413
2.0389166
2.3219654
1.3030786
2.1818317
4.8506438
2.1899355
3.3370258
0.7870012
6.9539363
2.4200912
2.0004391
1.4993923
1.2360129
2.2858363
1.2599067
1.0907264
0.9111439
1.0146341
1.9900215
0.7760517
1.3469350
1.2773698
1.1683666
1.1928148
1.0789072
0.4675334
0.8973476
0.6450824
1.5158927
0.5729041
0.9959887
1.5137754
1.1175090
2.6822723
1.2453619
1.2005161
1.7285015
1.0230926
1.6854581
1.1936690
1.5686093
0.8237249
1.0585379
1.0297676
1.7561706
1.5289036
1.8072150
1.6112129
0.6801130
2.4468578
1.2062324
2.4541710
2.5707755
1.3433614
1.7288464
1.2286842
1.0806851
0.9795723
0.7271119
1.6247976
1.0766562
0.8544526
0.7185906
2.4099784
1.9619844
2.0027233
1.0831156
1.8572237
2.0095625
0.7082332
2.5753064
1.6787724
0.9573598
2.4426402
1.0526304
2.4614410
2.2096424
0.7280024
2.3265416
1.3180440
1.8604457
1.7431495
1.3808234
1.9690795
1.6498388
2.0326277
1.5869310
1.1453702
1.2052303
1.6159592
0.7902807
0.9381327
1.1997681
1.1455156
1.8374928
0.6363750
0.6063063
1.8254471
1.1658750
2.2218156
0.5361770
1.0972774
2.7182276
1.6345524
2.8898952
0.7827208
2.9385053
2.7043531
2.0998032
1.9905298
1.7754568
1.7471696
2.0100621
2.1778640
1.5884689
1.3552347
1.3083913
1.8235850
1.0342297
0.9917495
0.7358089
0.6937652
1.1148564
0.7378262
0.3203193
1.4848948
1.6967781
0.6118722
0.7429830
1.1407100
0.8782451
0.7816323
0.9144180
1.6333257
0.9305983
1.0367052
1.3169812
1.0661972
1.8994699
0.9611008
1.8899680
1.1158139
2.8966093
1.5956521
1.3180123
2.1466129
1.9810873
3.0666979
1.5232925
0.8889753
2.4596519
1.2784454
1.8876186
1.7419098
0.9320310
1.8239850
2.3098003
0.9795620
2.7355454
0.7757007
1.8530931
2.4000612
0.9311103
1.0057544
1.1808551
2.2138053
2.3259313
2.0087495
2.1413226
2.8180106
2.4475865
1.6262293
1.1524040
2.1016210
1.8443606
0.9458543
0.8968662
2.6365371
3.9217669
1.0627459
1.1643204
1.4005571
1.6695485
1.2577299
1.7735132
2.3392058
3.6402977
3.4875123
2.1593348
2.0350584
2.5941207
1.9693513
2.0426304
0.6934783
0.6907230
1.3479211
1.8218127
2.9385200
2.6061244
2.2937155
3.0445831
2.6227053
2.0317062
2.8273145
1.9055841
3.2610871
2.4792086
2.3922363
1.5926198
1.8572343
6.0616950
6.8018394
6.4329668
5.7675227
3.7115215
2.9931782
2.1464404
4.2237087
2.4835876
1.5912322
2.8313138
1.7751299
0.8040620
1.2746170
1.5693083
1.4211986
1.9239264
1.0489944
0.5422016
2.0396297
1.1904143
3.0481353
8.3953277
7.6962676
3.1015940
2.8572401
2.7695048
1.4828021
0.7043789
1.6464606
4.0926311
3.9691697
3.3716236
1.5617180
1.2873595
1.3686254
0.5868341
1.1377922
2.0016399
4.0413582
3.1955162
2.4384446
0.6555445
2.8346743
3.5390147
2.5498085
2.9515341
2.1335732
0.9867358
1.4058786
3.5129975
1.7787620
1.2596929
1.7408092
1.8642634
1.5896007
1.9703210
1.3324666
1.6116308
1.9480026
1.5852802
1.7194518
1.6321352
0.9963668
2.0302878
0.8351508
1.4252805
1.9915425
0.8678507
1.6948954
0.6002805
3.7891676
1.5434318
2.1301017
2.2452999
0.4298814
2.9964542
1.4936024
2.3047682
3.3336857
1.4309805
2.5880875
2.1885883
2.4875179
2.7123813
2.6810130
4.8309456
4.9590309
3.0103297
3.1753245
1.6902123
5.5088558
7.3909300
9.2037681
6.9011392
6.3983892
4.5937190
3.8689657
3.3605781
2.9377397
2.7608566
2.7452050
1.8813032
2.1283148
2.6058767
1.5574915
2.3026037
1.1493762
1.4503174
1.1095583
0.5475858
1.4274683
0.6261033
0.7940131
2.1820531
3.4174604
2.2400198
2.8588043
2.4713505
1.2272068
3.4172516
3.3333879
2.2394693
1.6829101
0.7743702
1.5803171
1.4014212
1.8135239
1.7612537
2.2117865
3.2189207
3.2515365
3.2614485
2.2201389
1.8165823
1.1830101
2.6481850
3.0079617
0.3997351
4.0398684
3.3600446
2.2119406
2.9227305
3.0432511
3.4749750
2.9521393
3.0466242
4.5418427
0.9642502
3.2432082
2.0559769
2.7390885
4.4477376
10.6492766
9.9861296
9.3322317
6.5246735
3.5338480
2.2751684
1.6148502
4.0520904
5.0234233
3.4511227
2.4158174
4.2891191
5.1133770
3.7604320
1.9851125
1.8287628
1.3463332
1.4208493
1.9979973
1.3145603
1.7317123
1.7076814
2.0848892
2.1343162
0.9867309
2.4810233
3.4495633
2.6049001
1.6147057
1.5159696
0.7510319
0.8424382
1.8186510
2.5553188
2.7177167
1.4761055
0.3913365
0.6294475
1.1533839
2.0409027
1.8545618
0.9906207
0.5267538
1.9694182
1.2314609
1.0736636
1.5539315
2.5165604
0.2824548
2.0337606
2.5087585
5.1180402
3.0091287
1.8725888
2.1649044
2.8729161
3.5615868
2.1045587
0.7489586
1.9801828
1.8401751
0.7680741
3.5855873
4.6700625
4.5015454
3.0117709
2.8350935
3.8986988
3.2846778
2.7975729
2.6178844
2.0509966
3.0993959
3.8347630
2.9557422
2.0802646
2.1038176
2.3648016
1.3944395
2.9798879
2.9361538
3.7026337
3.3993552
3.1845897
5.9428274
6.8773353
9.3977816
5.9737752
6.3937651
8.0735412
4.7618698
6.4984323
4.4175653
4.8587788
3.6860837
2.7957909
4.1960552
4.3982281
3.5894698
2.7042471
3.8056024
3.9945525
4.4919870
3.3689902
2.6663155
3.4479013
7.0444026
8.4280433
6.8257135
5.7093454
5.1706330
2.3861221
3.0746576
1.7122727
2.0936981
3.1710472
3.0939173
2.8317592
3.3853290
4.4676742
4.1034576
2.4789799
2.9477964
1.4534626
0.9181931
2.1384276
3.5879262
3.8170084
4.9543050
3.6151510
4.5091840
3.2288808
2.4844965
2.5016842
1.0327282
0.8715172
0.8978961
1.2839988
1.1765591
1.8305989
2.2471097
2.1393429
1.4985750
0.7553177
0.9553905
1.6183649
0.6584279
0.2132943
0.9440659
2.0982175
2.1087740
1.7681707
2.4742814
0.6310288
0.4018482
0.7160775
1.1503326
2.0040173
1.5635223
1.0023625
2.5952809
1.7919360
1.8818800
3.5988568
1.3421885
2.1417219
1.5030436
1.1918440
1.2523269
0.9117231
0.6845382
0.9170580
1.0972949
1.0864437
1.6680002
2.1360913
1.3790219
1.3081004
0.8036726
0.7855833
0.7270532
1.3979315
1.7210622
1.1990439
1.3826191
0.8822762
1.5767972
1.1660031
1.5980296
1.3239952
1.0515624
1.4839993
0.4568163
1.1051391
0.8715307
1.0148596
0.9395966
1.0055219
1.0821838
2.0516681
0.4861171
2.0604662
0.5463555
1.0659408
2.4387327
0.6863157
1.3091099
1.2607323
0.7087973
2.1967471
1.8702877
1.6326857
1.2646787
0.8858969
1.8842282
1.1044554
1.5673344
0.3278371
1.1586711
0.7311917
1.9144821
0.7788735
2.7657712
0.8394255
0.8118188
2.2024934
0.9335005
1.5101083
1.7617649
0.7813303
2.8656075
0.8177397
1.7665448
2.1697835
0.4310454
2.8369465
1.0486255
1.8997797
2.6589540
0.4380370
3.5191603
1.3035094
1.5475086
3.5354687
0.6439605
3.5989450
1.6839687
1.6679730
3.0901341
0.6301426
3.6015332
1.2951648
0.5346917
2.9291474
1.3253256
3.3393331
1.6258295
0.7557613
3.4754370
1.5301019
3.1073924
3.6083692
4.3620037
2.9158298
1.5326527
0.8937882
0.9028028
1.5991781
2.5848810
2.1153919
2.8970054
4.0024260
4.0359492
3.8449417
2.6733071
1.5654784
1.2521950
0.8998101
1.2371538
0.6927718
0.8939552
1.7693895
1.8994752
1.5432612
1.5834191
1.5010597
1.0250183
1.8254016
0.8773395
1.0943426
2.2137159
1.2596657
1.3345652
0.9436176
2.0982395
2.7664626
2.5569165
1.8231728
1.3110484
0.9678238
2.3975271
0.6599739
1.9365217
1.8510273
2.4384355
3.6635548
1.8304075
0.9046606
2.2146742
0.9811631
1.4599505
1.5419252
0.9814729
1.1093573
1.3192986
2.7543862
1.9495852
1.6677273
0.7519600
1.2115329
1.0290785
0.8879633
1.3792583
1.1312063
1.3390997
0.9105282
1.5084207
1.3981247
0.7968241
1.7653337
1.4251782
1.5898609
1.0977427
1.0874198
1.0343994
0.8120830
1.2476359
0.9817714
1.2041899
1.0533783
0.8393754
2.3777728
1.1082540
3.4655988
2.3884167
1.5000555
3.2527271
0.9957288
1.8130386
1.3581328
0.9840205
3.2449645
0.8518749
3.7961511
2.3490963
1.3817337
3.7283637
1.4121678
2.8856052
2.6520001
0.7459270
3.3029519
1.5078463
2.3797514
2.4509730
1.3968270
2.8655950
1.0936102
1.0004951
1.2151273
1.1333192
1.4501350
0.8118606
1.1710503
1.5269253
1.0968231
1.1246352
1.0510607
0.4387720
1.7341064
1.5161237
1.2780258
1.9935236
1.1254987
1.3165357
0.9000435
0.8282838
2.3207732
2.1128261
1.5471221
2.1480483
0.4777793
2.4568615
0.7560332
1.7480001
1.5590953
1.3288531
2.2492066
0.4921973
0.4968183
1.8868712
2.0574137
1.6392881
1.2638879
1.0083340
1.3681969
2.1802695
1.0720064
0.6819662
0.7184786
1.9157316
2.2090288
2.7178412
1.0826540
1.6602430
2.4410144
1.4727424
1.5926494
2.1341145
2.3732329
1.5343212
0.5915684
1.4654753
2.0989121
3.1144371
6.5512061
2.9904987
3.4507521
4.3762305
2.6901919
4.8870300
3.7340856
1.0650516
1.7111549
2.7155957
1.1548880
2.3650556
0.7177505
1.2798789
2.4113203
0.4453828
2.4637171
1.3498919
0.5233257
1.4965300
0.3067602
1.1166861
2.2123991
3.0779796
2.0553522
0.7724029
1.2413657
2.2615486
1.0808272
1.0264505
0.3580803
0.2564233
0.8703610
0.2110425
0.7425793
1.4003333
1.1231196
0.6877517
1.9167088
1.1010683
1.5214940
1.4937519
1.2021293
1.7142041
1.2803755
1.7533297
1.0029560
1.8065559
1.9099208
1.0904355
1.7589352
1.3059353
2.3042671
2.0795816
2.0836014
1.3611398
1.8309672
2.3631585
1.8883781
2.2045010
1.8979947
1.9389274
0.8109394
2.2478577
2.7221427
2.6460463
2.1232152
0.7377198
1.9291458
1.6386715
3.5013312
1.6934243
1.1768389
3.1496894
1.8012002
2.5898970
2.2120823
1.3111591
1.9679607
0.9240733
1.1348188
1.9610600
1.3538190
4.4366967
1.8810337
0.8196343
0.5306104
1.5593293
1.6590405
2.0975247
1.1666688
0.5519154
1.5189756
0.9885724
1.5832064
1.9747743
2.6294285
2.6889769
2.9932703
1.4171994
4.1923331
1.8840060
1.0554129
1.4902782
1.8022844
2.5233042
1.9782712
2.4535344
2.7219540
4.4042701
2.4968641
2.0991790
0.8372273
1.5065843
1.5527047
2.8176996
2.0758409
1.7168285
2.0533523
1.5256160
2.0345530
2.6076386
3.1688129
4.3479656
1.8698088
3.3398025
3.5321929
2.8813865
2.0385000
3.3403572
2.7753019
2.2954880
2.7159243
1.7443984
1.4428453
2.1743261
0.8915721
1.0438993
1.1894694
4.6427429
1.5849190
1.1438350
2.3461059
0.1884143
0.7740939
1.3028481
1.1562160
1.0405111
1.6842486
2.7121258
2.2769658
3.9833592
0.8105266
1.1359148
3.3165539
2.9456872
2.8514849
1.6899706
1.2036860
3.1498140
1.7849527
0.7911219
1.1923695
3.6877901
3.9991676
1.7061298
5.0839072
1.7858630
3.2124737
3.5003756
3.1352378
2.3096316
2.6334414
1.5365498
1.9825703
4.0343980
1.7004138
2.0194412
2.9286860
0.8404508
4.5598082
1.9049567
2.6060732
3.7202968
2.5303793
3.7359794
2.7940779
4.2298685
2.1926711
1.5605776
2.5965959
2.0580866
1.0269217
2.0619759
4.8609278
8.0188363
6.8238391
3.2139881
2.7410618
0.3415845
1.7284400
3.1985505
0.9969094
0.7902782
1.7778613
2.2622221
1.7170025
2.4733612
0.9108519
2.8016406
5.9483358
5.1171280
4.0830927
3.7530387
3.3178039
2.9528179
2.1505218
1.4894183
1.1142367
0.9303217
1.0882018
1.4747502
1.0502915
1.2931130
0.9211547
0.2990520
0.8926082
1.4062922
0.7748856
1.5932148
1.4660948
1.6039022
1.2538445
1.0825640
0.7349285
1.9467847
1.8236046
0.9843313
2.5434528
1.5015763
1.1969690
1.2363516
1.3894742
1.1263746
1.8997854
0.9858410
1.2239382
0.7761042
1.6186054
0.5849559
1.1380024
1.4925355
1.3779266
1.4859506
1.3731557
0.7248480
1.0564300
1.3730115
0.9873508
1.4928849
2.7629239
1.1033918
1.2786299
2.5339436
2.3411085
1.8761205
1.7064987
1.1769820
1.1525787
2.7129483
2.3367866
2.4433972
0.7379135
0.9049449
1.0466897
2.7645205
2.3485787
2.4383739
1.7242800
1.8361341
2.4561518
2.6606748
2.6116396
2.3983931
2.4849000
2.2716491
3.8890241
1.3623880
1.5972923
1.5900854
2.0356711
1.9129400
2.5566699
1.7830685
2.6914726
5.5193026
1.5499725
1.9499230
2.0810164
2.5904859
4.3697002
3.6822015
6.4161270
5.5730080
9.8425716
11.4225324
4.8376143
8.3147687
6.4235933
11.6492820
4.6086564
3.0848513
2.2196009
13.1845161
14.9559110
5.4924725
8.2517733
3.3097638
9.7595273
9.1484464
5.4613049
8.8563102
16.3312867
5.0107901
14.1949461
12.1062910
7.0892535
9.9388484
4.5012723
5.5615214
4.1386502
5.7085782
5.0476674
5.7606402
3.0742421
2.1499963
9.0336947
17.4765124
29.6871362
26.6852404
34.5909050
12.7048480
27.1224920
8.3932131
2.7790455
1.4084584
1.3399138
3.5068813
9.4821634
12.9401735
4.0113748
33.8740795
6.1985786
10.6500207
9.6357956
12.3489447
18.8639786
15.4872112
8.4323772
34.0552399
9.6867916
16.3768131
10.4404947
8.2098397
13.3835164
14.5245558
28.7692936
35.2176358
19.1812695
22.2294369
18.5641501
31.4451734
4.4236387
16.6605589
9.3372475
13.9549146
12.9768746
12.9903659
16.3664308
36.7534838
11.7457918
13.4903554
2.3214382
4.7710023
6.2894722
13.5608856
1.9337407
3.0958359
21.7418640
9.3460047
10.5129177
14.0952380
12.1179295
7.2316247
8.9457596
10.5046768
10.5348836
4.7322145
15.4990539
25.3822029
17.2906219
28.7301798
48.0646941
23.1831611
11.6841043
13.4767255
5.1883201
24.3238914
7.1431867
7.1474584
9.5464403
14.5687785
6.0274946
8.8960445
9.7611498
5.9546444
5.9250982
8.0010781
4.6096630
10.2730184
13.8237392
11.0822779
11.1348088
4.7175603
7.0128192
3.0904742
8.9210615
13.2833901
17.4887478
21.8706951
15.0424662
11.6769671
13.0414319
3.2462967
8.8287135
0.7637402
5.0065515
9.7768536
11.7397994
4.1536542
2.9001996
8.5151764
1.0543512
9.0991966
5.6519973
6.2300168
14.6323754
1.3810175
26.8931791
8.3699532
10.3313484
15.8286296
4.5387220
6.4165991
7.4915895
3.8772185
6.2433522
2.7944410
4.2320184
3.5227153
13.2515983
5.6787190
8.1369851
7.9433756
7.3231067
8.8726861
2.8031901
2.1568583
6.4616877
1.3459032
2.2681809
3.0025793
2.4435111
9.9302599
10.5068408
2.0012265
2.8315955
7.2531263
6.6501257
1.8425202
4.1811610
7.0262927
8.3004770
1.6304528
2.1582668
7.4411931
7.7019750
5.9832127
7.1667455
5.3057892
2.7961711
1.4688635
2.6928868
4.6289797
2.2881635
3.8528198
5.7552688
3.4442318
1.8465810
2.3942244
3.6858257
1.4295768
6.6057967
2.3827618
7.6429648
4.2443272
4.0691823
4.4125818
5.2127683
2.9053744
3.8810184
2.6098905
2.6227855
2.2324783
4.0125781
3.5317019
4.0841030
3.6937323
3.3121358
3.9607889
3.3937720
2.4909775
2.6714467
3.7636678
3.8134826
0.4194024
1.2821689
1.2083463
0.6965427
1.3333642
2.3865971
4.9229342
2.6751993
1.8347325
2.7667204
0.6383308
1.0775694
1.2120841
1.1729535
0.6063863
0.9178447
1.1912256
0.9623402
1.2956349
1.3888568
0.4252416
3.5832733
1.2460512
1.7815461
2.6095384
3.3217555
2.8495024
3.7157136
0.6951103
1.2500786
2.1577347
4.7376901
4.2427268
3.8414185
3.4075181
2.7543066
2.1201009
1.7834583
5.0364619
1.1223809
0.8098535
1.0530278
2.0607309
3.3788072
2.6580635
1.9915399
1.0213568
1.5523402
2.2113679
1.0272680
1.4913465
1.8354075
1.6127633
2.1131025
1.4432541
1.9101431
2.4317296
3.1798034
3.5675937
6.9527870
5.2781754
4.2644785
4.8256200
7.3729621
10.3809831
45.3878488
3.2871677
8.5238706
3.2845099
3.7676403
8.3560958
11.8135064
14.2663554
12.1576560
5.2095493
5.8131417
4.7223920
7.1325580
5.1966064
39.1418908
7.2896148
9.5405155
9.0419517
14.9835133
8.6126909
4.8133369
5.4530335
3.3041089
3.0302500
1.7375694
4.2486062
1.3859948
3.6191156
6.2105446
5.8743450
1.4303556
5.4220829
7.4705996
7.3385104
5.6712975
1.8636676
15.8746331
4.3987044
7.8205541
12.4521515
5.8269824
6.6779601
8.6767724
2.9712956
7.7976466
4.8786099
2.5230187
11.1112452
2.3114894
5.7330822
2.4656458
11.0501979
2.8294279
7.4873327
2.9581840
5.1804668
10.2030189
3.8156771
2.9601072
2.2547602
2.6729944
4.2773441
4.3344679
14.9970117
4.1550056
7.2078542
4.5727908
3.3013139
4.9238213
6.9262020
3.5237044
4.6141004
3.7059335
3.2284383
4.5601817
4.2684698
6.9125969
4.1590007
5.9855480
6.9034312
1.8541567
6.4615027
5.0658051
2.4102550
6.3612285
5.8495347
5.2435323
5.6112140
7.2289490
6.0645840
5.0263181
6.4677978
8.3737764
5.6635562
5.2555107
1.3297332
4.4914057
5.5123805
3.7046726
6.2015739
6.6249197
3.4436463
4.3650690
3.7488060
3.7249611
3.5768069
5.1661505
7.4733254
5.3431709
4.1210723
2.1430450
1.8913264
3.9275015
3.6175119
2.3212321
16.6656603
7.0502893
3.8970893
2.6884606
4.1547456
1.2095456
6.9206608
4.4124487
4.6713516
1.1598841
1.1899790
3.4273883
4.2841770
1.6091805
0.6308339
1.7787069
6.1818631
11.4883756
5.0000324
1.9422863
2.7699758
1.4808461
2.5552497
4.5957979
3.1981445
5.4530571
2.0604784
4.9528292
2.3566876
1.7570987
2.2669465
3.1350278
1.5708029
3.9414108
9.8895205
3.6794094
3.0607734
6.8706234
2.0361718
3.1362216
4.6688851
7.5555579
8.2579952
10.0522031
4.4395501
1.9730111
8.2029783
5.7690893
5.4791028
3.8138907
5.8214402
3.7171169
4.4922767
10.5068087
1.7226074
3.6272607
1.4647876
2.7236803
2.8615830
2.9722616
3.7784606
3.4872954
3.2619116
5.0668704
1.7309107
2.4700795
2.2577740
2.7780027
3.9246355
2.2849227
4.9957800
4.0990313
0.4740472
2.0459508
3.0386163
0.6896341
1.8483909
2.9213310
3.2992429
2.7581835
1.7116189
2.7968602
3.8139321
1.8777795
3.5621858
4.3671729
5.7564552
6.9062018
7.3098549
0.7122596
7.4983260
2.8555971
5.9254469
4.5103817
4.4262037
5.7987726
5.4020139
4.6363702
7.5713434
7.0537101
5.6308452
4.8684927
5.8155052
9.3078984
2.8879845
2.9300380
3.6794678
3.0260671
2.3708567
1.3591023
0.9029326
3.9443275
1.4373254
2.1893175
2.3277995
2.4882257
2.1113417
1.9541279
3.4304936
2.9004885
2.5063359
2.6897453
10.1819133
1.5334537
4.9340135
5.2045925
6.0511189
9.8472935
11.5653550
7.1209780
9.0259447
16.1023410
2.7537371
5.9428419
4.0483258
8.5834182
5.2081188
3.9196428
2.3019447
2.5704235
4.0223686
4.0629974
3.9094790
9.4966378
4.7716727
7.3655932
7.3011187
1.5943557
3.2854765
5.6470131
3.9768175
5.4915194
4.5304147
4.5306354
5.6502879
12.7499762
7.1250440
3.7370063
14.3523636
10.4039708
11.2912846
12.4503489
15.1863626
10.3242979
14.4645969
9.2211610
12.7330997
14.7700141
9.0362194
9.6176996
7.1306661
9.4043423
8.6809090
10.0863322
10.3397996
2.0563664
10.0384861
10.5256115
3.9610591
10.2309797
4.3510801
11.7947086
11.5552524
9.8139701
13.5886893
8.1981923
6.9459849
6.2392514
9.4549490
14.1768801
6.7395564
3.5145992
4.9733415
3.5507285
1.1886278
4.5215325
4.7977100
1.4610420
4.9296365
11.4524307
4.8520497
4.4649367
3.1499773
2.9084411
2.1285872
1.8974708
3.8510107
4.5712340
2.4663982
3.5886075
1.6813526
5.1655193
1.7529534
2.9918742
3.6489202
3.4147029
1.8932349
4.2054404
3.6990839
4.7733298
1.5912992
3.7507602
3.6539459
6.1262055
1.1788109
1.7394864
3.4808945
4.7414697
6.9565238
8.2528944
8.1635450
8.5368213
2.3778680
1.5217582
1.8148194
0.7602286
2.4988516
7.0691908
5.2071649
3.0501129
2.2802784
0.8163176
2.2633624
1.9048897
2.9594736
2.4864072
1.2649705
1.9026216
2.1276973
2.4018275
1.5925949
2.5461044
3.2042091
1.8993559
0.9733984
6.7266284
0.1740031
1.6104721
2.0371368
5.2693666
2.4419734
3.4749297
3.4940842
2.4996713
1.9459892
2.6049222
13.5734601
1.2138803
1.1779019
7.4082200
2.8477787
2.1901593
2.5430318
1.8598241
3.0963555
3.4873329
0.9502132
1.2154866
6.6439468
5.8999926
3.4112587
9.7927090
5.9522809
3.7187385
0.8678851
1.1680435
1.5108366
1.8083276
5.0943238
1.9964301
3.5693446
3.9150332
1.5873942
5.1642230
1.5382122
1.8839758
1.6830774
3.9561442
4.5886045
2.8701187
0.8715427
2.7424800
2.7066083
2.2036484
2.5546228
2.8648065
3.2898546
2.5982128
1.7318887
4.7125991
2.8805703
4.5601121
3.3497487
6.7920195
2.7568249
2.6905976
5.7569421
0.6644009
5.2325499
3.3369529
4.9619093
4.0214283
4.3704867
1.1775259
3.9915373
3.2109776
4.1075041
2.8137558
6.2565472
10.3860691
6.9276076
5.7468406
8.7692331
1.8611780
8.4634845
5.7596136
10.0447896
5.9517179
9.2345316
4.1177811
4.3307649
1.7295428
4.6490012
5.6861553
3.8702886
3.3912405
3.5370441
2.9038041
3.5012191
4.7581911
1.2472012
5.4503656
2.6543504
5.0781947
5.9539952
5.6064514
4.2865966
6.7340035
4.1209519
3.6681693
5.0974763
3.1252741
1.7211368
2.4613650
5.4221257
4.4004291
6.8029179
5.2993029
7.1316680
9.1920508
6.1281919
10.6698488
1.9168664
1.0947905
4.2759165
3.9272683
2.8243249
4.7824256
3.3581617
5.5323843
7.9065665
4.1433927
2.5206865
1.1888710
2.9195917
4.8619128
4.8126389
5.6604087
1.8879003
2.5275122
3.7519838
1.9766136
2.9629522
6.3469025
2.2359747
1.4312450
4.3658022
2.0778532
4.3193665
2.8170998
0.9048464
2.2168283
2.9598341
2.4756349
2.7469103
1.8697758
3.9389119
1.9268796
2.3122347
2.2459114
1.9413323
6.4739734
3.3529438
4.2834010
5.0576145
4.1448587
3.4847648
5.3125418
6.1081820
6.2977622
7.1693319
9.0432087
5.9955654
6.9721309
6.8562502
6.1910576
3.6190512
2.3690626
1.6787325
1.9941457
1.9556721
3.7346477
2.0332976
3.2348010
3.2215598
3.2719167
4.0934469
1.8527772
1.3761752
1.8563869
2.1377010
2.8615367
0.7920006
2.1874608
4.0893089
2.7385199
4.9938278
3.3713975
4.5442480
1.2438905
3.3898040
3.0102690
1.0747530
4.5760027
5.9810034
5.7039285
6.2273704
5.5357230
5.1739988
7.4524406
7.0305188
6.0645547
4.8628247
1.8688111
3.4264739
7.8447624
3.9746972
5.3904927
7.0024145
11.7606767
10.8562057
13.6227072
4.5437349
10.6546106
22.1054027
28.7614530
19.6691424
8.9034532
8.4269303
7.2245832
12.0302027
4.8657415
5.1224608
16.3301497
11.6263567
1.8683389
2.8744177
7.5844897
6.9791420
3.3029161
2.2486519
5.1787237
1.8104183
2.9656425
2.3379725
5.7320801
9.6435180
5.9254282
5.8574835
6.6357754
7.6363990
4.5117946
5.0334222
3.3200792
6.4367020
1.3307242
4.4329617
2.6549079
1.5668045
2.3422443
4.7710439
2.4012298
1.8155726
0.7137346
4.2102181
3.1335039
2.2465769
1.6624182
5.2949299
1.3839752
1.5792544
3.0739676
3.0639761
1.7089242
2.1989896
4.0284491
3.3147733
3.4537230
3.5145433
5.7018617
12.5101805
3.9281490
1.5637517
5.4229937
6.2113687
4.5523406
1.2005823
4.9627804
0.7721218
4.4761245
6.9234307
3.3196814
2.1478555
3.1864444
3.1386601
4.5533078
4.6383027
3.0699249
1.8948596
1.6963251
2.9346407
3.1693556
4.8437038
3.9508831
2.9573445
3.1036955
6.2968898
7.0647305
4.0593044
7.1123768
2.4133760
3.6041174
3.2115169
1.9523670
2.3528958
1.7397611
1.8850586
1.3051431
2.3149736
1.9838497
1.2367272
2.3535199
0.8596439
2.3484020
2.7232120
2.2262016
1.5412478
3.1282988
9.7121263
3.9832300
3.4313917
2.8560988
2.6479610
4.2961844
7.5406084
8.3877551
5.4464035
2.8788498
5.0916219
8.1181622
3.2838390
2.2677742
2.4799010
2.9168594
2.1087205
2.9439875
2.7341380
3.4869649
6.0142023
5.4450588
4.7812136
2.8809335
1.5147824
2.3070030
1.8065007
2.9963479
0.7349730
2.2025272
3.4706325
2.2231597
2.1429178
2.4816406
2.3821605
1.5500179
2.6793204
1.0556642
3.5631222
2.5406622
2.9439980
2.8766456
2.4853547
1.9938584
1.2405476
1.2807352
2.6142786
1.1280866
2.2954551
0.9984295
1.2551905
1.6784631
0.2827555
1.2800803
1.9485054
1.1411662
1.1966547
1.9406099
0.6442369
2.4122906
0.5857045
2.3634859
1.0973936
0.9095939
2.6034504
1.0063498
2.6693342
0.4323585
0.6864732
3.0939961
0.8394823
2.5581330
2.3301301
1.4078699
2.1194379
1.1031691
2.3161984
0.8066410
0.8962550
3.0559119
1.2518413
3.6187873
0.5398017
0.8915084
1.9170371
1.5420108
2.6811317
1.2633097
1.4681705
2.2475040
1.8910524
1.7534236
3.0792831
2.1562134
2.8714652
2.7242231
1.9384434
2.3919948
2.2773694
2.7130674
2.9011601
1.9521008
3.9569119
3.8767347
2.4268557
3.2462428
4.2360973
3.0137067
5.0442257
4.0630433
5.2532155
4.9972245
3.7647848
2.6079456
2.7790120
3.8443231
3.1207428
1.7067725
2.1336411
3.0598389
2.1438027
0.7492670
1.6042178
2.0648877
1.9624351
1.0889702
2.0927124
1.8734534
2.1878342
1.3295658
1.0817876
1.0082828
1.4390312
1.4200051
1.0088043
2.0225355
1.0944646
3.8111770
1.6608617
1.8630595
3.4602849
2.6458279
1.6281218
2.1493550
3.3523804
1.6161643
2.4851323
2.3002698
1.4146064
3.4546961
3.3164255
3.3275147
0.9756903
0.7804293
2.7449335
2.5162935
0.9931019
2.3402622
1.5347189
1.7011642
1.4335487
1.5996402
0.9450295
1.1700653
1.2744887
1.5399838
1.3596827
1.2978331
1.6475048
1.9109008
2.9781209
2.6813993
2.1884622
1.6947352
3.0540755
0.8613339
2.3865339
1.6057188
0.8755398
1.7241519
3.2085251
2.3533065
2.0804760
3.1043323
1.2154315
1.5507390
1.3304063
1.2666132
0.7743825
1.7552842
2.5450328
1.0841197
1.5802851
1.9088034
2.4302770
1.9074452
1.8619583
2.2333599
2.8174287
2.2025007
2.1602129
2.0731468
1.1932756
2.1958760
2.3691774
1.6409085
1.3804900
1.0153944
1.2506605
1.4720564
2.1418696
1.1927635
1.5937653
1.9983862
0.9941918
0.8811242
1.3984749
1.4052406
1.9321325
2.1217869
1.0903429
1.4092904
1.9227057
0.4292345
1.7483367
1.3831893
2.2226962
0.7171815
2.0715894
2.5188183
0.7374661
3.6345009
0.7556596
2.3455476
1.3157555
1.2114183
2.3679779
0.5518427
2.4539930
1.4810176
1.2173756
1.5930626
0.7959524
0.9411633
1.8219562
1.0465347
2.8810416
3.8877731
3.2229569
1.9025152
0.6801487
3.4314346
1.7024266
2.3148513
1.7292712
2.4633511
2.1477161
0.9709526
0.9752951
0.8795146
1.2414154
1.1413450
1.9181075
0.6160928
1.5756121
0.9475669
0.5516755
2.2845801
1.3587739
1.8825469
1.2358216
0.9370307
1.6913699
1.9361651
1.9847227
1.9075033
1.3079916
2.0993066
2.6409667
2.4590372
0.8501564
1.4241272
1.5515017
0.9808892
0.6387731
1.3656886
2.7378050
1.2227827
1.1416348
1.2072050
0.6767382
1.1514938
1.6147808
2.1101154
2.3956702
1.6756146
1.7856122
1.4763771
0.9569438
1.8514148
1.9014054
1.0189077
1.0686167
1.2673448
1.5587432
2.5279510
2.0076046
1.2591147
0.7236565
1.5484428
1.8573455
1.9045868
0.9881858
1.7408842
2.1143764
1.4393102
1.7080005
1.2544130
1.7671058
1.2690583
1.3301692
2.1404703
1.3669685
1.0352739
1.0689713
1.7766866
3.3410308
1.6759208
1.7115934
2.4001939
3.4615246
2.1428823
2.9443964
1.8629489
0.9006025
2.7314631
0.9319776
1.9548333
2.5672419
0.6340191
2.5551594
1.4264461
1.1871314
1.8411142
1.4016401
1.0111888
2.0349835
2.1162909
2.3435472
1.5423223
1.3695474
1.9858315
1.5510346
1.3693891
1.9698446
2.2693049
2.2020929
2.4664858
1.4782735
1.0225227
1.4159709
1.7518108
1.7943125
1.9728222
1.7717883
1.7769822
1.3629415
2.2628944
3.3017020
0.9942616
1.0103349
1.8508141
2.2196639
1.4671136
2.1817258
1.4066976
0.9206299
2.3411245
2.9062397
1.1819229
1.3988877
0.7390638
2.1200723
0.9268605
1.1360118
0.5635555
0.3228414
0.4990790
0.5205435
0.5382914
1.0142257
0.9457144
1.3794636
0.8881467
1.3704888
1.2988265
1.1203174
2.2260364
2.3653391
1.8083660
1.4791233
1.1661238
2.5183486
0.6495013
1.9336826
1.3741686
2.4118597
1.8464620
1.0539820
1.5350675
0.8351115
1.6648035
0.9161202
1.5018119
0.7618766
1.7144511
0.6164847
0.6427635
1.8581946
0.7584720
2.3086542
1.4728659
1.5625404
3.0273771
0.9159305
2.1200256
2.2355229
1.2187323
3.3580896
1.5637082
3.2492420
2.2998319
1.2000406
3.1749314
1.2868168
3.5318698
2.8483831
1.4539453
2.9558433
1.6120374
2.1444575
1.7823603
1.6159409
2.3264389
2.2354753
2.1654596
2.1236702
0.4427194
2.0489992
2.3268752
1.6115886
1.9536286
1.1430523
2.0959913
3.4717162
1.2624999
2.8622365
1.1555014
1.8365892
2.9574549
1.4504733
2.5386479
1.0508743
1.7344820
2.5327670
1.8306255
2.1734449
1.1846260
2.3398954
1.4874615
2.5910681
2.7545385
0.8470643
2.3827473
2.3788842
3.5170255
2.0098132
0.6726732
1.8082548
1.5301853
1.1532345
1.3475648
1.2505372
1.6265943
2.2770566
0.9914886
1.3385356
0.3277527
1.8246029
0.7527872
0.9706591
1.6446448
1.5775202
1.4550056
1.1323381
0.7860673
1.9926880
2.3521796
1.1646621
0.7202301
1.8116156
0.7802116
1.1162085
0.7569188
1.7273850
1.4448928
1.0995901
1.4040583
0.9082738
0.6838755
0.4659112
0.5138676
0.9989359
1.4075465
2.9974185
2.8234807
0.6908394
1.2724672
0.8201474
0.8672702
0.9490549
0.7850800
0.4496847
1.1416123
1.2725338
1.1763215
1.0833301
0.4902266
1.1638936
1.7201852
2.0023341
1.8591279
1.1435519
2.3892351
1.2552806
1.4149817
1.1469161
2.9269799
2.6467994
3.6753343
3.5338298
3.1820399
3.7596715
3.3340732
4.5388574
2.8972636
2.3460398
4.0420583
2.9249473
4.6860832
3.1640964
1.5638198
3.9555955
4.2737150
3.3638240
3.4730116
2.7575624
2.7029049
3.5798017
2.3166465
2.2488931
0.6254889
1.5907259
1.5897673
1.6736042
1.4328625
1.8271270
1.8543641
2.8548357
2.1371979
1.1087199
1.8040296
1.1987451
2.3399579
1.7998595
2.2797658
1.9212152
1.5792115
3.4790889
1.2964212
2.2760110
1.2566370
2.7769694
1.9043744
1.4516551
1.2621262
0.6897041
2.2434909
0.0952483
1.4263574
1.5264404
0.8132698
1.0349723
1.1159891
1.5220141
1.5689768
1.0066056
1.8664923
2.1460386
1.0843340
1.7529216
0.5310365
2.4976914
1.3473121
1.5863027
1.4196373
0.9933898
2.3105332
1.8439764
2.0616184
1.0962698
1.6232318
1.8028658
1.8410947
1.2055995
2.1205757
3.8569790
3.2764807
1.3159586
0.8862391
1.3157199
0.7863201
1.2682548
1.4539004
2.4973938
2.3600436
1.7861510
1.2759119
1.0945401
0.9862075
1.8355208
1.0877835
1.3741845
1.2306173
0.7813787
0.8684301
2.0038968
1.0077207
1.8095242
1.1281091
0.9248472
0.5326415
1.4476138
1.7694513
0.9645571
1.2080263
1.6635650
1.6997170
1.4432285
0.6770816
0.4462865
1.1950366
1.0868062
0.4531315
2.1879739
0.5359398
1.1555732
1.4756014
1.1765983
1.5373958
1.4233418
1.0850325
0.8756112
1.4969953
1.0076167
0.8041954
1.5231358
0.9454451
1.7056563
0.8699222
1.2102612
2.2548617
0.4696077
1.7996272
1.2574668
0.8544924
1.6610694
0.4866086
0.7855374
0.8035575
0.7883719
1.4026807
0.9722222
1.3168310
1.0469113
1.4360158
1.3567701
2.0626443
1.0789102
0.8130886
0.6649434
1.7175202
1.3845431
1.7750099
1.9056760
1.5687071
1.8385232
1.7438437
1.6495881
1.6221549
2.0543374
2.3892665
1.3987055
1.9651591
1.1839506
1.4371375
3.3254583
4.7803008
3.4456665
1.2248217
3.4830833
5.0225356
3.6585680
2.7658948
3.1832485
3.4423270
3.8975597
3.1972240
2.0061570
1.9108951
1.9282094
0.9491462
2.2346883
0.9360044
2.4439873
1.3355737
2.4299994
2.8281009
1.7820938
0.5418112
1.8739823
1.5626463
1.9611738
1.4185358
1.2712465
1.9018600
1.0542012
1.1702914
1.3024996
1.1815454
1.0066760
0.2684423
1.3421229
0.6959927
0.6311842
0.8361445
0.6800666
0.1216405
0.7190285
0.8023525
0.6161772
0.6438226
0.4212834
0.5744433
0.9072367
0.2249796
0.5469964
0.3699455
1.1521995
0.6521634
1.5818679
0.5585475
0.5386339
0.3274831
1.5237773
0.6150794
1.0378035
1.0257838
0.4815005
0.8776795
0.5395380
0.7230275
0.6064318
0.2411022
0.5979101
0.4722497
0.3362928
1.2968268
0.2489247
1.1756907
0.4688660
0.3776992
1.0518093
0.3314283
0.6574253
0.8464272
0.4509909
0.6544058
0.6427319
0.3149155
0.5603342
0.4961401
0.7972116
0.4913283
1.0043729
0.9323099
0.7736915
0.7831978
1.2385696
0.3503511
1.5904025
0.7994164
0.8484187
0.7639868
0.2559265
1.3075839
0.8880098
1.5524097
1.1715136
0.5489227
1.6737379
0.5965140
1.0005686
2.1740876
1.4935256
1.5717749
2.1968001
1.2942952
1.7117447
1.3643209
1.2823526
2.3317490
1.1599942
2.6265348
1.9856139
1.9215700
2.2500962
0.9764238
0.9817468
1.1312840
0.9697339
0.5944536
0.8153388
1.2673794
1.0846575
0.6814247
0.7755150
0.5979212
2.2389979
1.0714031
1.5245735
0.8426117
0.4672962
1.0554842
0.8145342
1.2257095
1.1271121
0.9850841
1.2375987
1.4282248
1.3531254
1.9510164
2.0214211
1.5795186
3.3815057
1.7228002
3.6507339
3.0679118
3.7071534
5.0327759
2.8044576
3.0592154
3.3094924
1.5865178
2.5884778
1.7291079
2.1895282
2.1260995
1.4162545
1.3769519
0.9363591
1.2058917
0.3924360
0.4922281
0.8941228
0.8716243
0.9493341
0.9448665
1.1412898
1.8986507
1.5175459
1.2530643
0.6495081
0.8437420
1.5170667
1.2029595
1.3484391
1.3504994
1.5799171
0.7784559
1.3862337
0.9437252
0.9743639
1.7281930
1.1537360
1.8695692
0.2676201
1.5448135
2.4206927
1.3035412
2.4228520
0.6998066
0.5392050
2.3092142
1.0600528
2.1821509
0.9813593
1.6362692
3.0393039
1.2692926
3.8956888
2.3215631
2.7347124
3.7096393
0.9315299
3.1686452
1.7129831
1.4040360
2.8484875
0.6934767
2.6404853
0.4882307
1.5171992
1.8262586
0.5186939
2.5007196
0.9620472
0.7253583
1.4924620
0.9661691
1.3834223
0.8554539
0.9195303
2.1448130
0.6775481
0.9917439
1.0393103
0.5234238
1.7895690
1.2415798
1.0242940
1.3899006
0.9168013
1.5043748
1.3411490
0.8272771
0.7650067
1.8448706
1.1975691
1.0902705
0.2238819
1.3220743
1.3688087
1.2515289
0.4479736
0.8454136
1.3102351
1.6279274
0.9322253
0.4029779
2.4737575
0.9652092
3.5902971
0.9383292
3.1388153
1.4963195
1.3318517
2.3710383
0.5413345
1.1386632
0.8516306
0.5308191
1.2022689
0.4369587
0.4850384
0.9177976
1.7086167
0.7136435
0.2870006
1.4281485
1.3376965
2.2310943
1.2106825
0.9366218
0.9756707
1.2737978
2.0797663
1.1397135
1.8065304
1.3590664
1.2175717
1.8185790
2.4863956
1.5049250
1.5989140
1.2914871
1.5441978
2.0237839
0.7410974
1.9339528
1.5565031
2.2216225
2.6810320
1.1497897
2.9812525
1.7386460
1.8204287
2.4851390
1.4609006
1.3090017
0.7719182
0.7102263
1.5645794
1.0653049
1.2992195
1.3041046
1.0920459
0.8918628
1.0318927
1.9542738
2.1931611
1.6457846
2.7095229
2.6337090
1.9003628
1.6427763
1.9773186
1.8405473
1.6118893
1.2980020
0.8616315
1.1195474
0.7207238
0.3985456
1.5003556
1.3336715
2.2015588
1.2285131
1.4497546
1.4207918
0.2010776
3.5524966
1.4585554
3.2596768
1.4616235
0.8663762
3.3408667
1.7332069
3.4567429
1.9803321
2.0469882
3.6763189
1.2610099
5.0949660
2.0402689
2.3675886
3.5764472
1.2986555
3.3311380
0.7672413
2.0107983
2.2307277
0.5148079
2.7295463
1.5713942
1.3890548
2.3140512
2.0302566
3.7990808
1.1915004
2.5955255
3.0751774
1.1778434
3.0249580
0.9547688
1.7191841
0.9096714
3.3358910
2.2637892
1.4194768
1.6489688
2.7357202
1.9833700
2.6709892
3.4599592
10.1083810
16.8047187
15.3585136
8.5723960
7.0487320
5.5282236
4.2792581
1.9828688
1.2546108
0.9845832
2.1540828
1.7437122
3.0133171
3.1976059
2.1093751
3.0802590
1.3701002
1.3342313
1.0494359
0.9018528
1.4606877
1.8346222
2.0069695
1.7292526
1.1208853
1.7563084
1.8706308
1.4543338
1.8067571
0.8994202
0.9980803
1.3838673
1.5647677
1.2503943
1.4524539
1.4906781
1.8640272
1.7949144
1.3186546
1.6077730
1.6708682
1.3913281
1.1495505
1.7825763
1.3130201
1.5173359
1.7748900
1.3985141
1.4993393
1.9528448
1.4900109
1.8521703
1.2152072
1.9264350
1.7756489
1.0425651
1.5689943
2.2372971
1.7388491
1.4932759
0.8617385
1.3531895
1.5143561
1.8556812
1.8425410
2.4633928
1.8401608
2.0742645
1.7923618
1.5361210
2.4878927
2.4945563
2.4436045
2.5080806
2.7803181
1.9333941
1.2207119
1.6406333
2.0442708
2.5658478
1.6985300
1.3491907
1.8739916
1.6088330
1.7836389
1.1993969
1.4384168
1.3205451
1.2333906
0.9914908
2.4416146
3.4986690
3.0063913
2.0615131
1.5036232
1.6863931
0.9648296
2.2082409
1.9731153
2.4155988
1.0879012
2.6952000
0.7220216
2.1793498
1.6567865
1.8765918
2.2516646
1.6797501
3.9643171
2.1221704
1.2886350
2.2513499
2.9588270
1.1100462
0.9906741
1.1829852
1.6009464
1.1254082
4.9011256
5.3604200
6.4852949
4.5442694
3.8335736
2.7296583
1.9436193
0.7977487
0.1602371
3.6040525
4.1737419
1.5267076
1.5096370
4.7195768
2.7691272
4.1364786
3.5761437
20.3400668
6.4062824
9.5303529
6.9358498
4.2792684
1.3275023
0.9581502
0.4883673
1.5481224
2.5524339
2.5724007
3.3810808
4.9562536
3.8606727
1.2597366
2.2854677
1.4290679
1.3872934
0.9127511
1.7493147
4.5080151
1.7119837
2.2583660
1.2180345
2.1112569
2.5852509
1.3444926
4.1074378
1.8737572
1.9791877
1.1883058
3.1344134
1.2576672
1.1492729
2.9065809
2.9426198
2.4584101
1.6847970
1.8704788
1.7182699
2.3381260
3.0280788
5.1940624
2.8745306
4.6892597
1.2621626
5.0374071
2.8255854
1.1173077
2.5362964
1.7614075
3.1792014
2.0312215
4.3350769
3.0065256
2.1062729
1.8590832
1.5650269
3.5529296
4.4692999
1.5426779
2.1242200
1.8675547
1.3570298
0.3407029
2.9646705
1.9095566
1.2976954
1.2782255
1.4391717
1.1380812
4.3670706
0.9184759
1.7474768
4.6026176
0.8791323
2.5654641
2.5927513
3.2834159
2.9463561
0.3854081
3.6027961
2.7574759
3.1180081
5.1009418
3.6840586
0.9588926
1.1972899
3.4125109
4.2763211
2.3766096
5.2253996
2.9087886
1.2201412
0.7201927
0.7150808
4.1503256
3.0218512
4.7224320
1.6287642
1.8682418
2.1816938
1.4818256
1.0674872
2.3086935
5.4731676
3.6531459
1.3358874
2.3794278
2.3844897
2.7108412
2.3630819
0.8346290
1.7551944
1.9054356
1.5023715
2.0378314
2.7932785
1.9971634
0.7982250
1.9875064
1.6213315
3.1310071
0.5838427
2.4573558
1.9313297
1.7050007
2.1594267
0.8285986
2.2608868
4.0972036
1.2715234
2.0207341
3.8550160
4.3043077
4.1156410
4.5200685
2.2176559
2.3709750
4.0008858
2.4150648
3.5327979
4.4246175
2.8861526
4.0375411
2.5262469
2.5555109
1.7233370
1.3024886
1.7618646
1.9200142
1.2604647
4.0059821
2.4523423
2.9622587
2.0652729
1.6567684
1.7056177
0.4477233
1.0234581
0.9878033
2.7304844
0.0663257
0.9412633
1.0732462
1.5520197
2.4764323
3.0069976
2.1415954
2.5141133
2.3492341
3.9372606
3.7180068
2.0525378
1.1491861
2.7654227
2.2366188
3.8258959
4.3690583
3.3411303
1.2538695
1.8844447
1.5360492
2.4425181
1.7646736
4.1245430
2.5821238
1.8910735
5.1557765
0.7516640
3.2884279
1.1472903
1.3773225
3.1309684
1.1373604
4.3537181
2.0402501
1.3357030
4.6990003
4.0885582
3.3963328
1.8152995
0.3545724
2.4046545
1.2509509
1.0276761
2.3037222
1.7993475
2.8737424
2.2159338
3.0523660
2.7706687
0.7009209
3.0427785
1.3547167
1.4075362
3.3896030
0.8225195
4.0496435
0.4825995
3.0247493
0.8991199
3.5865373
3.2630694
0.3390046
6.2383903
0.8162654
2.6863586
1.9963720
2.1812139
1.3444617
4.3118095
1.8353724
5.3126055
0.9089895
0.5153451
1.9903829
1.8529140
7.9571705
5.0714022
3.5313593
6.7035703
3.0855063
5.3169978
2.1828433
4.0659648
3.4490572
1.6133349
2.4437272
1.2173412
2.0258298
2.6961903
1.8708032
2.2157018
2.1001291
1.3346632
1.9898376
2.8034917
2.8361481
4.0489238
7.1244278
6.4209195
7.6473567
8.9491341
6.2468330
1.3550613
10.9955177
5.4983279
7.7818322
5.9670998
4.8067037
6.5212725
2.1004043
1.4088784
4.1743059
2.5402783
5.3848837
3.9976036
2.3749237
3.8441574
3.7937746
6.1033215
7.5167564
6.1282401
3.7164796
3.1184307
3.8263785
3.2052670
4.3829116
6.0726932
7.0896380
4.4877401
10.7643898
6.0774722
6.8849809
6.3990586
7.3347935
7.1708220
5.4039131
10.1651574
7.8116993
6.4464390
11.2355501
36.5588270
29.9696598
40.6920761
30.5871576
11.1932378
22.0425729
11.7237631
5.5804363
3.8921978
3.1806595
5.0200666
6.3223758
3.5355636
4.6564852
5.3501899
14.5117931
13.8995924
7.7013891
2.5661234
3.0422725
5.8535332
6.5971244
1.2323849
2.8137064
5.3283985
6.8845481
1.3598459
8.1880654
6.5625822
3.2854921
4.7708341
8.0174716
7.1074736
1.6319469
2.0823077
1.8765829
1.0385907
1.4158968
4.1394465
3.8185509
3.0514545
1.3060694
1.9346200
2.6358794
0.9895183
3.5478119
4.4562755
3.3293847
7.8964694
7.4466719
5.2891286
3.9650940
8.8751721
4.0366218
3.9994533
5.8133601
4.2889218
6.0904779
3.4069459
4.3466896
4.8523791
1.9884016
3.6070726
1.0803578
3.1619115
6.0623367
2.9108258
5.4852197
2.5968935
4.9978264
8.9340063
2.4134312
3.9770990
3.4138973
0.7887364
3.2040815
1.9976151
2.7147646
3.1666192
5.4672433
1.2247128
2.7870488
2.2922787
1.9868562
3.6406748
2.5073170
5.2673766
2.5341193
2.7610638
7.0756792
4.4116947
3.3846773
3.0914911
5.6178438
8.3997410
10.2528909
4.6084017
7.4240859
7.2636291
8.1982224
3.6667021
9.0699283
11.8794502
4.3100027
6.3005096
5.9132771
2.8753320
1.7456527
2.7854023
1.6995742
1.2049488
4.0106895
1.5901335
3.2162978
3.6429675
5.5366657
4.4943730
2.1859811
2.8842903
2.0690181
4.5855490
5.5110504
4.0490660
2.3805150
4.6657322
1.2807581
2.3260493
2.1328770
1.9027411
4.1707423
4.9230645
4.9470013
3.5273887
1.9653194
3.2474097
4.1949213
1.1072376
2.1356741
1.1124364
1.5754889
2.1500430
1.3676447
1.0603547
1.7590019
0.9460419
2.2946522
1.4418147
1.0432503
3.3252041
1.9080552
2.6311205
3.0302505
3.3934184
4.0627689
1.3268659
3.0152649
2.9412550
2.0639240
4.8655947
1.8324783
4.6025197
2.5764693
2.2470952
2.3302821
1.7335370
2.1815968
2.3263337
1.2993994
2.7157893
1.3987722
3.3417140
6.0451322
8.0813354
8.4266693
3.4206812
1.7392740
3.0517207
1.7075906
4.0341687
1.5528196
3.3921904
3.1184622
1.6524520
1.7524523
0.9224427
2.5344089
1.7460859
1.6449231
1.4428518
2.2535397
2.8000228
1.9878502
2.3542736
2.4375776
4.8169574
1.9915557
0.8747131
2.1461464
3.4269524
1.9102203
2.5191854
2.1565950
2.9819913
2.1739994
1.9874592
1.5841602
1.6766615
0.9109766
1.0209025
1.8563568
2.4111182
1.1941785
3.1138096
1.7896641
2.6004970
2.3263013
1.1160930
2.0217232
1.1492714
2.3682853
0.7094208
1.9637818
1.2931197
0.5606672
1.8953119
2.1511095
2.0779263
2.6478198
2.0392715
0.7779665
0.9803616
2.5179556
1.5925776
1.5025192
0.5696043
0.8936844
0.9255355
2.8052486
1.2846827
1.7211050
1.0165182
1.3583944
1.6056381
1.7725107
1.7911274
1.7965522
1.4165592
1.8015437
2.1243383
0.9641378
2.1949685
1.8514281
2.4472740
1.5842520
1.6868744
3.0595405
1.2376418
0.8705405
0.9325648
1.4442292
0.7945947
1.4589435
0.4293840
1.5584434
1.7418973
1.2792181
1.3620902
1.4150565
0.7643698
0.7603987
1.6541653
0.7968385
1.0169562
1.5403524
0.6972986
0.9245196
0.4441363
0.8643416
0.3197610
0.3445202
0.8983504
5.2936041
5.1062511
1.6266245
1.8446525
3.3482361
1.6673551
1.4148688
0.9715308
1.8653718
2.6012611
1.3490610
1.9071077
0.6372412
1.0663821
1.0725913
0.8644486
1.0119965
1.6325337
1.4679214
2.3405561
1.2912618
1.6677430
1.2614813
2.4015238
1.3564433
0.7903386
2.4304188
0.9874522
1.1506957
1.1784947
0.8663870
1.3838760
0.7093076
1.6684349
1.9050239
0.7784844
1.9650473
1.2283524
1.3315664
2.3947326
0.5275502
1.3920028
1.2912254
0.9870601
0.1222005
1.5556087
0.3432802
1.2817150
2.5536149
2.1055366
2.2709809
0.7707188
2.5172051
1.7798475
1.0042996
2.7578008
0.8846963
1.5482549
1.1583932
1.5508265
1.3951018
1.8325627
1.2074278
2.0452999
0.2357692
0.9674349
0.5843740
0.9299894
1.1179013
0.5168372
1.0532981
1.5257192
1.1302702
1.4187248
0.5664256
0.6875411
0.5675252
0.6088196
0.2290921
0.8567722
1.0829553
0.3624702
1.0847297
0.9014127
0.8349992
0.8895342
0.5978599
1.2747956
0.8828501
0.6876618
1.2464563
0.9950410
1.5823282
0.8776823
0.5938669
1.4223307
0.6745329
1.2571368
1.4464560
0.8819690
1.8618785
0.4203543
1.1607559
0.2518805
0.9027109
1.0424339
0.6150630
0.7911407
0.9005164
0.5774082
1.2382721
0.4136424
1.2450148
0.7331385
1.0418131
1.2515855
1.1202473
0.5674931
1.2035413
0.8394672
0.6123248
1.0114670
0.8182867
1.9809926
0.3109691
0.7474217
0.3209548
1.0052664
0.7060475
1.0520728
0.8367802
0.9552589
1.7844313
1.9581625
2.5045526
1.7765313
1.8746378
1.8761672
1.6640061
1.4739710
2.6069368
1.3741278
0.8917589
1.2529685
0.8188531
0.6277414
0.9820495
1.2517225
1.0017774
1.1569308
0.8205151
1.5500237
1.9029125
1.0750011
2.0032698
1.6063771
1.5148511
1.2844045
2.8570915
0.9824041
1.6685187
1.3968626
1.1140483
2.1783321
1.1993743
1.8482454
0.7900144
1.1022525
1.8049423
0.9741656
0.9192985
1.0115453
1.1393702
1.6031790
1.6940136
1.6156069
0.8567535
1.7269496
0.4542961
2.4897871
0.6108555
1.5463407
1.5095981
1.3135631
2.1066712
1.0463602
1.8762750
1.3314330
1.5114410
1.4280346
1.2225940
1.2867272
1.2471969
1.3649134
1.3201575
1.2618691
2.0337077
1.4217857
2.1060027
2.6412536
1.6880845
1.5237110
1.3946143
2.5632375
2.6240603
2.0139624
1.5985320
2.3740352
2.5234573
1.4636742
2.4399153
2.0030601
1.9340281
1.1880865
0.6201048
1.1752648
1.0120200
1.4655522
0.7450304
1.1247833
1.9851898
1.8436638
2.9411146
9.4188869
9.3240365
9.5852997
7.2531593
6.2948622
6.7391338
3.5857668
2.2250177
2.1272782
0.9938185
1.9572425
1.4718504
2.6647285
2.0874567
2.2507820
1.3324206
2.0515701
1.9427069
1.9381442
2.0351898
2.1501662
1.9078214
1.7882271
1.9401196
2.9297888
2.2235648
2.4174607
2.0461673
1.3415078
1.7573810
0.7448808
0.4178604
0.8311810
0.6902388
0.6682206
0.7622443
0.7539115
1.0457479
1.2864080
0.9704427
1.0765418
0.7940860
0.2473592
1.5507915
0.4881718
0.8206226
0.9820766
0.7995266
1.8548755
2.2354957
1.7204331
1.2346945
0.8786915
1.2736656
1.2067045
0.9497660
0.5482933
0.7196362
0.8109341
1.1050619
1.3346436
1.0369704
1.2236938
1.1025788
1.1458134
1.8921562
1.9189650
1.3261426
0.7536240
0.9413513
0.7710667
1.2892315
1.7894709
1.0551710
2.0295340
1.4281766
1.6678705
1.2553414
1.4042531
0.6640700
0.3954416
0.6884270
0.8122881
0.7145668
0.9309947
0.9185341
0.8812543
0.7628236
0.9283985
0.5454703
0.7301931
0.6657885
1.1255717
1.8264875
1.0232833
0.4600436
0.8337285
1.4906464
0.6204241
1.4449567
1.3092648
1.5110422
0.9725552
0.4789840
1.2198979
1.0837336
0.8484136
0.5503711
1.0066106
0.5916016
1.0470788
0.5992403
1.1960705
1.3487630
0.7205211
0.8955822
0.8983480
1.1288592
1.3107423
1.0865719
1.0011463
0.9020089
0.9331198
0.6087970
1.4471200
1.2985040
0.4420310
0.8075345
0.7082334
0.9102286
1.6137958
0.5605058
1.2236497
2.2742098
0.3268996
1.4279764
0.5937483
0.5059370
1.6000927
0.7150793
1.1724110
1.1378504
0.3844902
2.1714210
0.7087921
1.4302490
1.2884993
1.2103246
1.6974097
0.2270860
1.4874543
2.0193407
0.9644974
1.7403884
0.4806162
1.4702912
1.8565848
0.9592106
1.8287628
0.7212522
1.2092044
0.8847243
0.3540196
0.9281452
0.7429432
1.0396525
0.4145786
0.9396927
0.3544001
0.1954857
0.6244200
0.8112937
0.2307877
0.9310586
1.7143046
0.5973231
1.6464804
1.2991243
1.4497016
1.5351184
1.4712796
1.7902612
2.0680229
1.8710280
1.8182810
1.3031666
1.4195287
1.7871493
0.6952445
0.5376470
1.4005289
0.9730389
1.1490591
1.3267501
1.3767888
2.9136439
0.2911805
2.2215371
1.3319278
1.9577351
1.8750896
0.5158929
2.2832333
0.9488619
3.6113798
2.1400212
0.6148135
1.8978028
0.7197201
1.5620867
1.2201561
0.8952881
1.0817059
0.7019155
0.7202612
0.8547705
0.9909929
1.3757687
1.6988451
0.8245630
1.9428024
1.1630162
1.3669975
1.2298512
0.5442915
1.0110566
0.2223871
0.6264733
0.7025819
0.3228207
0.9174223
0.6380021
0.4468687
0.6312827
0.7342822
0.8629747
0.7455510
0.8988355
1.3028831
0.7991964
0.7327887
0.8191420
0.7960922
1.0013064
1.1181605
0.4907883
0.7507694
0.9666913
0.2000575
0.8502376
0.4657279
0.9747306
1.4534772
1.5200530
1.3926216
2.1821773
1.1440439
0.8523883
2.1669266
0.6667421
1.3803573
0.7362835
1.0258234
1.9025207
0.9894858
2.9413089
2.0217768
1.7129171
1.6484619
0.5698447
1.9947097
1.7650340
1.6029164
2.5261376
0.8430751
2.4859069
0.5753848
0.5448253
2.1060992
1.1540945
3.2844694
1.1788430
2.0808677
1.3329281
1.6922692
1.8829267
1.5816506
1.4045567
2.1008132
2.3462541
1.7644302
2.0218866
1.4894700
1.7514740
0.8604701
0.9328056
2.4336293
0.7698833
1.3874112
1.0055295
2.1149273
2.4706320
2.8608323
2.8666264
2.2019041
2.9376339
2.8132141
2.3498145
3.6522259
2.9874275
5.7731713
1.7627547
5.4880824
3.8157724
3.2215653
7.6110613
5.7535757
7.3522882
3.1055567
3.3699878
2.3432553
1.2561590
2.2621780
1.3930392
1.0693747
1.9518104
1.8382835
2.9919370
2.7625385
2.1188510
2.0411638
1.4650202
2.6245651
1.5856949
1.5248764
0.9456505
0.5668835
1.3131424
0.3687329
1.1753461
0.7817848
0.5064062
0.8761591
1.3297453
2.3559040
1.3485546
2.3033364
2.1673518
2.1902205
2.8428723
2.2019106
1.5931056
1.5101375
1.3576520
0.7632148
1.2310846
1.2419033
0.8775939
0.8644875
1.4685610
0.4881548
1.2567125
1.0447124
1.1924691
0.8417880
0.7156565
1.7197802
1.6117807
1.7017760
1.7871128
1.4030649
1.8221719
1.4165705
1.7696169
1.8111994
1.0759708
1.5462255
0.4117470
2.0075235
1.5270438
1.6412054
2.6564671
2.7265263
3.4144251
2.9619261
4.7444501
7.1057047
3.0165398
4.1723938
3.5907975
4.3481186
3.2311815
1.8633207
2.0080694
1.9983811
2.1836975
1.9884902
2.8261235
1.6143584
4.9722869
5.6625268
5.3574151
5.7078974
4.1292035
2.0163359
2.5631855
2.8620571
3.1822290
1.2176771
2.2254977
1.6037287
1.8778783
2.4043238
0.4801779
1.5443256
0.9159567
2.0658205
1.9966312
1.4790453
1.3825465
1.3675687
1.8424831
2.1380199
1.1973240
1.1477932
2.6972404
1.7237704
1.8008196
1.9802199
1.2464746
1.5125883
1.6040973
2.6611249
2.0495308
3.3853851
2.3080607
2.5427972
1.0333942
1.7915738
3.1710002
2.3422609
3.0898389
2.4747866
3.1437036
1.6159844
2.1847971
2.4276848
0.8404697
1.7929676
2.5442969
2.0642095
1.5407217
2.1251166
2.8833031
2.1278664
1.9356679
1.4381885
1.8110792
3.1270523
2.0368881
2.2120510
2.5010432
3.1320778
1.6014635
2.0317915
2.3832563
2.5479494
2.2295899
2.3195957
2.5323831
1.6794148
2.0960751
2.6056160
2.1182727
2.4548617
1.3318310
2.5786186
2.8703942
3.2078640
1.3334205
2.1422750
2.7784064
1.7530640
2.9413581
3.3353702
2.5009292
0.5055768
5.5067218
3.9819479
3.1492372
3.8196454
3.5305493
3.7514452
2.9106120
5.2221124
3.0818015
5.4015149
1.8651187
1.8708337
2.8594855
2.9121092
3.6722613
2.1744705
3.1504971
2.4734708
3.6725093
3.9654877
3.1349295
2.3954003
3.2695483
5.2975542
2.4002138
1.6664627
4.6462870
4.2685937
3.5206606
5.8369723
2.9630741
2.1335386
1.5445120
7.4292288
3.2095908
3.2938066
2.3777204
5.7914779
10.5334613
2.9585121
3.2172411
2.4740907
3.2761297
2.7758338
8.0886109
7.3956724
6.9396681
2.3491222
5.1809849
3.7979477
5.2607851
4.3556612
1.7778533
4.1478563
3.7506763
3.7777504
6.7949103
2.9598062
9.7609215
4.8615759
5.9706180
6.6240367
1.4474181
1.2216877
1.9475119
1.6514152
2.1108804
3.8577674
3.2432222
4.3357840
2.6036627
3.2210101
5.2738285
2.0611227
0.9300473
2.4446353
2.2030934
5.0257836
1.7741148
4.4704320
3.3723067
1.1562638
0.8222666
2.6686607
6.3000658
12.3665807
15.7699167
8.1950825
4.4053661
5.4011728
7.8108195
1.7568394
5.5378998
3.0593998
3.3508958
4.3280582
2.2857508
1.9173083
3.6118145
5.5486877
2.6172993
4.2750757
4.5343092
3.6640244
5.8406074
6.3515679
2.5991357
3.4737326
4.1192319
3.4090237
13.0008617
0.8809586
3.0107520
3.8338906
5.4931267
5.0159594
4.2334124
2.7000841
6.1329213
2.9758003
3.1813344
5.0186067
5.0747322
3.1447670
3.8663321
3.7659776
2.8562232
2.9277215
6.1694834
5.1829614
2.0286980
4.2640982
1.4378220
2.3713607
4.8830875
1.7798110
2.9582561
1.8752883
2.6563635
2.2953408
4.8965079
4.3679695
2.0375836
2.7475002
5.6530253
6.2556468
6.5550715
8.4820498
2.5937155
8.5857587
7.2327889
4.2694547
5.2437145
2.3144562
6.0000591
6.5065496
9.1673758
6.2905629
21.1354092
6.0337839
8.2367982
10.5948038
17.3684508
9.0630694
7.7424888
7.2170990
5.7677538
8.0082352
5.8032053
3.2935544
1.1256272
3.4288733
6.0966741
0.9615194
2.4458356
3.1564960
2.7664582
3.5097684
3.2966520
5.9898087
6.4747309
4.5892595
3.1253106
4.2915755
3.1697060
9.5325198
6.8491813
2.6731420
4.7135077
3.5291517
2.0298398
1.2133399
1.1942235
4.0511774
3.8055281
1.8285214
4.0917017
5.6254884
5.1110703
7.6429213
3.8100498
6.1405171
6.4499884
9.1590379
7.6496659
5.2185842
3.4031310
2.1945714
2.5644264
5.8986167
3.7692271
9.4246830
4.7508669
5.3349440
5.4619311
7.5094746
3.7727957
4.9611995
3.8199225
6.7624473
3.5698990
4.6705338
3.9130415
5.7229010
4.3696170
5.3362950
5.6411259
6.6889464
4.9385192
3.8376321
8.1636523
3.9721970
9.3045268
10.6356508
7.6524242
7.5003391
2.7285505
7.8865715
6.9275810
8.0740386
4.6350256
7.1208671
7.6143446
3.7741935
3.7269867
5.9679045
7.4864872
3.6345396
7.2157060
5.2732083
3.6283438
3.9061111
4.0609030
4.4062324
3.7166124
2.7406631
4.8680673
4.1355548
4.0779221
4.3202198
3.8600897
2.5686693
1.8379235
1.5172284
2.9282614
1.1700903
4.0804783
5.1910133
1.9882456
3.6369184
3.5700458
2.3799408
2.7440761
4.4220949
4.8571089
2.4132061
4.4500355
2.2580446
1.9388609
5.9689857
0.9794336
1.6338584
4.2253183
3.3446528
1.7897597
4.2519216
6.5962648
7.7294430
8.1781493
2.5575571
5.0400692
9.3701914
4.9657177
3.3368530
5.6442960
3.9140313
3.7972523
2.4095263
4.1933291
2.9114489
5.5790785
3.0739894
7.4193887
7.1214710
3.6089587
6.7316085
1.9409133
2.5628784
2.0214986
3.1761870
2.5732194
6.1582598
2.9797699
6.7763974
1.9801902
2.7090336
4.2868588
1.7604421
3.0939476
3.1943503
4.6572118
2.0386652
3.9731201
2.8129192
5.2699250
2.9538398
1.9852421
3.0625611
2.3091383
2.6739736
3.2536132
3.3821666
3.3977919
1.9275175
2.0625608
2.7352777
1.5709349
6.6495017
5.3088194
2.3310169
1.6555791
1.0859360
3.9362060
1.2979803
3.8932154
3.4787941
1.4070689
3.7441151
2.2800894
3.5269492
0.9626694
1.7180187
3.2524711
1.7314935
3.5231375
3.1042284
1.9642617
2.8238032
1.4327912
1.5726918
2.7913988
1.8218841
1.7539891
3.6328706
1.5873114
4.3428327
2.3230048
1.7402119
3.7323646
3.6828609
3.3195365
1.3366857
2.6152529
4.6849970
2.0013876
3.3881061
1.9127584
3.9501636
3.2814209
1.6924312
2.6914848
2.1683257
1.8436638
2.0451168
2.4127543
2.0453771
1.0284654
2.6528801
1.2844360
1.8299174
3.0160399
1.3725885
2.0232828
2.4461931
0.7276081
2.2306796
1.6101873
2.4270074
0.5678296
1.8048128
0.9634044
1.3116145
3.4227221
1.9946985
1.8310507
0.9002476
3.0864173
2.1297834
1.3336197
3.9732237
2.9669680
2.8852230
1.2614926
2.0609354
5.1515665
2.3060601
3.3178763
1.2068811
1.9350679
0.9648533
2.2567643
2.2053211
1.5627773
2.6500090
0.9439855
3.3636487
0.7921738
1.7992616
2.8008641
0.7943603
3.1931787
2.3578513
0.8986516
0.6438158
1.5658467
1.1598681
0.8265140
1.2943772
0.6848661
0.6290774
0.9077567
0.9337991
1.6706767
1.3723360
0.8353461
1.4021670
0.7243980
1.8852645
0.3077470
1.1244709
0.9975382
1.9249677
0.9692938
1.3070352
0.9383803
0.7036371
2.7939952
2.1284990
2.3160597
1.0622091
2.5293148
3.6765400
3.6473528
3.2583613
1.2290971
2.4265568
2.1092041
2.1870438
1.7321563
1.2691333
3.6261181
3.7385298
2.4395774
2.4472736
1.5406922
3.2308681
0.7474892
3.7635427
2.5156541
2.8383327
2.6714174
1.6290714
2.8032872
0.7961221
2.5546070
2.3338956
0.3893777
2.2361228
0.6989780
1.5311340
1.7613865
0.5897492
1.8424209
1.8999853
2.1236666
2.2534784
1.8306843
1.9581319
0.9177691
1.0484748
1.6832820
0.6839192
1.5996343
3.0884593
1.6159764
0.9448031
1.2177598
0.6548858
1.1264783
2.0069039
1.3790798
0.3381407
2.3341713
0.7103704
3.0169954
0.9475304
1.7849784
2.6293812
1.7196773
2.9995057
1.9078410
1.2149637
2.0143379
3.0599988
1.6773007
8.0286018
2.9925749
4.9725673
4.3879033
1.6930443
3.1420113
2.3705330
1.5374073
3.8233441
4.3472611
1.8764747
1.0656693
1.1825350
1.6308887
4.8554884
3.1212676
2.1549075
3.0520609
2.0377031
2.6761991
2.9861589
2.2011971
2.9999588
3.5146374
2.6215952
0.9882018
2.2102907
2.1841084
3.9217071
2.8027667
3.8196022
3.6364768
3.4162896
2.0690841
1.4185410
0.8386215
1.0224849
1.6917317
1.0915665
1.3888413
1.7523546
1.1353204
3.0408411
3.0717463
2.3737076
1.2094617
2.3928115
1.1154764
2.0885426
1.5400316
2.2027917
1.8769166
1.5259925
1.2060293
1.8559510
4.3100877
12.2696948
10.6768871
135.1276203
7.6016121
8.2888067
4.6620141
2.0553445
0.8766110
2.1619970
3.0080963
3.4228162
3.4590050
2.4415343
3.8193598
3.6731005
2.2813473
1.5652072
0.8728798
2.1973874
2.6197899
2.8745463
2.3975225
3.0730127
2.1015980
1.8893560
1.2094648
1.3659603
1.0288988
2.0904578
1.8316106
1.6992903
2.4930502
1.6349296
2.5672343
1.4101495
1.4723482
2.1963531
1.9620094
3.6498340
1.1216985
1.4944457
1.3922303
0.7141338
2.0662645
0.5338105
1.8222719
2.2063779
2.2941954
1.5891667
2.1326009
2.0663952
1.5169316
0.5821866
0.6900276
2.3677259
0.9836552
0.7162872
0.5635413
1.5644899
2.2384032
2.3616815
2.0447992
1.4214779
1.4518910
1.2480674
1.5796863
0.8332656
1.6059640
1.3139390
1.4642295
1.5500590
2.0180670
2.7177946
1.3275999
1.7919199
1.3619224
1.1668263
0.7493237
0.7535297
0.9449304
1.1373940
1.3777260
0.8883776
1.3457123
1.7110173
1.4065646
0.8049092
1.7870065
1.0683996
2.0524960
1.7237836
1.9694009
2.0818959
0.3627521
2.6205282
1.8706461
2.0222594
1.3772360
0.8973680
1.8507856
2.5487127
1.9774286
2.7981995
1.7904458
1.7171077
0.9027489
1.0882544
2.8495913
2.3651838
2.8167477
1.4700124
0.3014671
1.3978751
1.2350508
1.4480432
1.1439618
2.6131653
1.5092738
1.1593436
0.6893162
1.1787610
3.1861507
0.8198788
1.1978072
0.8330103
1.3512461
1.3911254
1.1577477
1.3167077
1.3810788
1.8603600
1.9686675
1.7604551
0.9450384
1.1032546
1.6269169
2.0268006
1.2063163
1.4044872
1.0109921
0.7380312
0.9826756
1.0219365
0.6884883
1.5578580
0.8968434
1.1662058
0.4873436
1.4049370
0.9477745
1.2153465
1.4706415
1.8516422
1.5546796
2.2768002
1.6353119
1.2289486
2.4216845
0.6629806
2.2701697
1.2438631
1.8543867
2.4678749
0.8610133
3.4430134
1.8569529
1.8194919
2.4892482
0.3406250
2.6016295
1.0826634
1.1290844
3.5400270
0.9767416
2.4393521
1.2162619
1.8782393
2.1612039
1.6331904
2.0704808
1.7836839
1.8729908
1.1363541
1.7015551
2.7154691
1.6165277
1.3196326
1.6331915
1.7293605
1.5616232
0.6726845
1.3554368
2.2404076
2.9781477
1.8201601
1.3892298
1.5585070
0.6623264
0.6139580
0.6890787
0.9103447
1.1113629
1.0365383
0.8909316
1.0738496
1.4863275
1.3769865
1.2137963
2.2375356
2.3354639
1.8523747
2.4870487
2.5475621
2.5039914
1.0992670
1.2234599
1.9602111
1.5568398
2.4628719
1.3607647
0.7559994
2.5155624
0.4402011
2.0937114
2.4273913
0.9278169
3.1526695
1.6020550
2.2061002
3.4504997
1.0101001
3.8908824
1.6226731
1.0846950
2.6692513
1.5845952
3.4561073
1.4017510
0.8167899
1.8352051
1.2249842
2.6682634
1.4483431
0.9056993
2.3831966
1.6865068
2.9247912
1.6111621
1.7168849
1.7948058
2.1289444
2.0639466
1.5219357
2.6943920
1.4533497
2.7450078
0.6084606
1.3901188
2.3379455
1.6601216
2.9796241
1.9281768
1.6994867
0.7457321
2.4051757
1.2077014
1.8879117
1.7447411
1.6118569
3.4624615
1.9842461
1.5657113
2.1541227
1.5766954
3.7482181
1.7557061
1.8201660
2.9563761
0.6729965
2.5531625
1.3451680
1.4606979
2.2501211
1.4011812
2.8488302
1.8865620
0.8003716
2.2404917
0.9166867
1.9439495
1.5883449
0.4655407
0.7913407
1.5347159
1.1234156
1.9782996
1.0014936
1.3984873
2.0795770
1.2704178
2.4476078
0.9519082
1.6785317
1.1534458
1.1763799
2.2160282
1.0441809
1.4242208
1.5773532
0.6094790
2.2120802
0.7375209
2.3016704
3.7850777
5.2678989
1.9437902
1.4719428
2.8570283
2.7508904
1.6424368
1.7794258
2.2214918
2.5966602
1.7704797
1.1564030
0.8928014
1.3939490
0.9466746
1.1845807
0.7386050
2.1559827
1.9227917
1.5856765
1.0152415
0.3932375
1.4897256
1.2859259
2.3957540
0.9183561
1.3222782
1.1841398
0.7849682
2.1813686
1.7370656
1.6266541
1.3456509
0.9514862
1.0122293
1.0215608
1.5276384
1.1071423
0.5344402
1.5156141
1.5685238
1.8948634
2.3283490
1.2144008
2.5083025
2.3510622
1.6398481
2.8703586
1.6983818
2.8506594
2.0520558
1.6924284
3.1155287
1.0871293
2.5254048
1.2553876
0.7121125
2.8331873
1.7169158
1.2033028
2.6306622
0.5679989
2.3886260
1.7286225
1.6946505
2.1075397
1.3328615
1.7799193
1.0765077
1.7360816
1.4681604
1.7656654
1.6389415
0.7761298
1.1668537
0.9768051
1.3367345
1.4536273
1.4319640
0.5094682
1.0984870
1.2391484
1.8796027
1.2222629
1.2476814
2.0956733
0.5907828
1.5682915
0.8731942
0.4875944
0.7773188
0.7874429
0.5348784
0.4474655
0.5308390
2.4820278
1.9841153
0.6747735
2.0913610
0.6661695
2.8025788
1.1252925
1.5465086
2.3997203
0.6206182
3.4115118
1.4268535
1.5021559
2.9490894
0.9245841
2.1864234
1.0023712
0.4492055
1.7946965
1.4851317
1.7353601
1.6687430
0.8209822
1.4847024
1.2949559
1.8373070
0.9875693
0.8311161
1.1562291
1.8380436
1.5891101
1.6020846
0.6027629
1.0666106
1.7244646
1.2698374
2.0879146
1.4304825
0.8606790
2.9493345
0.6849352
1.6647590
1.7032054
1.3646036
2.8179595
2.2335054
2.4065057
2.9367583
2.7513151
2.5577806
2.3018850
2.6294385
2.1610168
3.1788953
3.1564542
3.4490551
2.9767999
3.5557965
1.1281585
2.5760761
2.0006373
1.2471140
2.4243529
2.0918962
3.5424028
4.7083671
3.3830903
2.0834783
3.6586767
3.6594547
6.5550234
4.9495201
2.9037961
1.6034681
1.1703655
1.9837517
0.8274352
1.6522596
1.1193180
2.2450898
1.5793626
2.3685068
1.9472929
2.1486694
3.2000033
2.5964733
3.9356012
5.7484262
6.1984055
5.1207792
2.8727825
2.2688895
2.0659383
4.3515138
3.1449033
1.9592411
3.0434258
3.5216290
2.2969173
2.0851993
5.0572301
5.8644569
4.0073517
4.0648121
3.2802965
1.3271105
2.6127251
2.1150481
3.4387466
1.8185992
1.4279089
0.9232937
1.4304351
1.6831552
2.9048353
2.3918023
2.0406847
1.6124467
1.7349113
0.6466506
1.1714098
3.4580551
5.0487693
3.4958825
2.8182323
2.9695430
2.4322281
2.1840518
1.6604517
0.3892063
1.4182272
1.1644820
2.2645923
0.5083715
2.7492395
2.4886695
1.1833239
2.1811723
1.6797487
1.0915587
0.3459423
1.7567827
2.1197294
2.4684351
1.6590591
0.4848679
1.9288023
1.3901542
1.9759577
1.4951679
2.0516783
1.0401225
1.8596868
1.7279826
1.3509102
0.5342203
1.6784179
1.0648408
2.1904679
1.3938656
0.7331825
1.5700954
1.0588466
1.7930954
1.9235602
1.6169507
2.0140899
2.6307756
2.3349068
3.3242553
1.8935125
3.4063565
3.0775145
0.5981041
2.1784878
2.2704106
1.5082224
0.9727932
1.9977619
1.8990418
1.4148156
1.9812764
0.9444821
2.4490373
2.7610065
2.3274439
2.4493935
1.2305208
3.1946831
2.5242484
2.7339713
2.4685003
0.8556730
2.4018824
2.9280210
1.5660960
2.9224201
0.9605382
2.2568030
1.5678567
1.9057283
3.3342452
2.3497632
1.4444807
4.0179492
2.5421757
2.8506630
2.7541956
2.8013948
2.1821320
2.7961700
1.8559191
1.3887980
1.3197908
0.9808755
1.0644986
0.5800838
1.2775207
1.0386404
0.9284208
2.2950328
1.1067103
1.0707765
0.9265057
1.0749621
1.0764410
0.1754748
2.3478314
2.7778020
1.3589441
1.5195800
0.6603854
1.1393225
2.5164292
2.1440317
2.0414192
2.0703568
0.8868868
2.2689001
1.3342820
1.5514304
2.1488914
1.4186150
1.9069105
2.0708071
2.3311724
2.3271658
1.7607870
2.5701648
2.4551373
2.7032628
1.0960351
1.1484944
1.1395539
0.7815959
1.8303493
0.5817996
1.4113891
0.3509084
1.1565094
0.8726585
0.8933213
1.8414437
0.3151068
1.1286505
0.9393170
1.7027056
2.0583546
1.0516277
0.4064583
1.3506644
1.2340009
3.0260325
0.9465318
2.9972489
1.1137336
1.5796711
2.0122697
1.6167961
1.4890851
0.7152426
1.2731302
0.9016961
2.5356735
1.4468101
1.3027235
1.5590239
1.4013134
1.0321178
1.9390310
1.6429080
1.9975339
0.7928644
1.6540360
0.9249872
1.0852353
2.5258175
0.9097846
2.8532578
2.7294378
1.7667953
2.5236916
0.6577804
2.5250182
0.7493113
1.8929319
1.5564386
1.7045249
1.8816094
0.2390092
2.5834955
1.5909593
2.8354676
3.1289415
2.3975495
3.7149925
2.5195728
3.1772955
3.4159295
3.2201328
5.3633774
3.7056016
4.1552735
4.0444647
2.6042336
4.7207376
3.2215507
2.4884122
3.2258688
2.3562096
3.7409519
1.2715195
2.6181795
1.7843191
1.5421555
2.7498820
1.4877116
1.1191612
2.3213898
1.1722472
1.7646450
1.5318878
1.1630987
1.2392084
0.8272665
1.3677886
2.6923184
1.3788390
2.6958397
1.1715651
1.1844728
1.9063185
0.5696192
1.3169025
1.5846740
1.3816529
1.0959216
0.6159312
1.9661016
1.0221761
1.2278144
1.7041930
1.2318082
1.5125875
1.6432607
1.3030869
1.3968086
0.5696484
1.7493997
0.5851878
0.5668754
1.6069524
1.3365275
3.1428701
3.0716559
1.2020689
2.2699656
1.6542907
1.5885856
0.8652529
0.8654721
1.0323600
1.5624774
1.8168889
1.5492735
1.7945032
0.9467013
0.5557109
1.3478688
1.6007245
2.6768332
0.6128664
3.1061201
1.1805459
0.9584536
2.0296867
0.6808549
1.7541903
0.2368347
0.4385325
0.8672555
1.0893103
1.1620501
2.0338841
1.0460645
0.9870664
2.7137668
1.8810863
2.1998975
1.0832878
2.2091299
2.5840540
2.4914651
2.2827544
1.3244922
3.0748086
1.3244863
1.1839942
1.5888835
1.1090597
1.4449125
1.5807501
1.8283051
2.1015999
2.2296042
3.3604394
1.2954931
2.7500417
1.6161955
2.2155345
1.8572936
2.0054196
1.3368270
2.9297649
1.8971904
2.6226201
1.4923515
1.6883830
1.7102463
2.0986178
1.7622178
2.1925613
0.7520725
1.8255020
1.5351053
2.0445261
1.3533205
0.6854302
1.4573162
3.0992087
0.5184403
2.1520507
2.0325250
0.7559744
2.9205735
1.0413636
1.8907919
2.2133681
1.4619340
3.6021248
0.5495495
2.3391464
2.4400679
0.3356090
2.9733440
1.6050079
1.0515939
2.3264150
1.4400283
2.7228651
1.7165592
1.0389020
4.0607204
0.8657161
3.1297287
1.8421279
2.1781135
3.5147583
0.8440510
2.4368669
2.3044429
1.5477562
3.4231996
1.4518162
1.9721589
1.5579100
1.7602603
2.0504088
2.2104014
1.8765328
2.5944286
1.8028277
3.0271425
2.4368528
1.0157534
2.3158368
2.0985813
3.2693529
2.4211685
1.8519150
1.3555571
2.3081597
3.1964540
1.7021186
1.6493148
2.3534055
2.1230697
2.2048470
2.4511588
2.1856998
1.4687576
1.6929905
1.2737760
1.6974934
1.4846278
1.1653023
1.4880242
0.4753901
1.3577699
0.5344688
1.3539716
2.2332755
3.0070363
1.5197044
0.7133156
1.4701175
0.4746291
1.2874713
1.5327506
3.2370929
1.3626847
2.2333306
1.3403056
1.8384658
2.3276509
2.2274069
1.6590952
2.1076049
3.2461470
2.6486118
1.7396048
2.0385195
2.0230325
0.6693734
3.4118615
1.3907306
2.0541867
0.6475655
0.9079487
1.3112016
0.9662498
0.8844000
0.6465850
0.9389075
1.8170720
0.9454820
0.4730255
1.7469632
0.9711921
1.5379140
2.4715036
0.6440897
4.3675665
0.5091732
2.5476251
2.5436038
2.1219723
3.2207188
1.5859507
2.7833527
1.6637554
0.7648861
4.1438270
1.4513442
2.6576377
3.0591931
1.6550897
2.7400070
1.7392889
2.0537683
2.7666651
2.4487282
3.6098193
2.7492784
2.5648960
2.8672861
2.1625907
1.8697996
1.6388894
1.3400895
2.8564903
1.7613040
2.5339258
2.2549339
1.7697906
3.6042193
1.7396191
1.2200519
2.8080684
1.2937959
3.4430056
2.2125755
3.4902556
4.0412697
2.5045759
3.8074235
1.4931603
1.8406059
2.7198849
1.2293723
2.2598996
1.3829235
1.9160057
1.6518375
1.5955683
2.3437741
0.4978477
1.3152811
2.2088103
0.7942327
1.8604383
2.0840127
1.3476733
3.5412029
1.7765995
2.1974865
1.4390466
2.5894648
3.6062742
0.7718367
1.7424774
3.5188172
1.8948718
4.6492281
1.2991831
2.1101485
3.1205774
0.2280415
3.5325338
1.7811378
2.9224412
1.9407392
1.1192844
4.7877920
0.4110418
2.9518607
2.9192774
1.1493379
1.9680459
1.2789214
1.0768131
2.7945977
1.5372033
1.9361262
1.1296680
1.5493900
1.1085948
2.1052738
3.6763286
1.9932740
4.3477003
1.9450512
2.9236614
3.6199899
0.5673378
2.0250849
2.0116411
1.4316587
2.7833069
1.6419711
2.1596825
3.9880842
1.4844355
1.1857257
1.8689678
1.6782675
2.4354698
1.1032290
2.3271063
0.8795245
1.5078643
0.6314763
0.6726689
1.3894515
1.0203308
2.6961912
0.9714044
1.7958837
2.4377424
2.0077188
1.2409502
1.9022151
0.8022218
0.9371594
0.9801691
1.0204109
1.1897498
2.1409211
1.4107990
2.2712458
1.8477377
4.3822024
1.9297609
2.1774795
4.0340955
2.5844558
1.5290170
0.9071967
3.8300399
1.6273584
3.3059951
1.5870547
2.2994380
3.7727099
1.5724478
3.9626954
3.0154638
1.8076676
2.0740892
1.1908407
2.6597241
2.1135587
0.9180041
2.6168941
1.0267530
1.8332937
1.7115024
0.5440081
1.6359142
1.7410170
0.9003021
2.2018393
3.3538519
0.7667730
3.7653874
1.4578951
3.1757283
4.9455146
1.8357274
2.9064338
3.7650844
2.0952800
0.8297839
1.3340968
1.9621351
0.9978244
1.2498088
2.3074559
1.9914165
1.8944817
1.8461588
0.9744782
3.0598640
1.3962515
2.9360804
2.4913992
1.2427418
3.4357090
1.1844446
2.8988333
2.3680213
1.8301322
1.7812666
1.3653736
2.5629138
2.9420349
1.6726480
2.6649062
1.5005335
1.8827359
1.2209812
0.4810424
1.1657037
1.2497736
1.5189626
1.2554331
0.6981723
1.6770683
0.7393782
2.1146679
3.2327604
3.8387870
4.9246453
1.6961953
1.1758306
2.1136531
1.0158991
1.6227748
3.5754802
6.4928570
6.4624418
3.7971666
3.3984177
3.2370552
3.0353980
3.5552192
3.8227770
1.1163069
3.3488595
2.8801157
1.7522828
2.5085350
1.9613767
2.6166948
2.2085833
2.4543635
1.4571697
3.0828933
1.9587894
1.5791406
0.7636923
1.8891859
1.5870435
1.0310555
2.3424573
1.9627220
2.3973706
1.5739353
1.5416745
2.0317875
2.2599714
1.0763620
1.4492569
1.7234630
0.7720017
0.8153146
1.0368042
1.0795407
2.3211223
1.3775762
2.1763299
1.5436716
2.4620514
0.9746546
1.8079814
2.7139733
1.6081272
0.9418034
2.6560503
1.3076357
0.7505970
1.9171908
1.3427995
1.9782884
1.4552977
2.4567360
0.3731110
2.1050549
2.1101899
2.8080174
2.0961206
1.3431457
1.9004731
1.6617474
3.7954261
1.6098294
2.6216128
1.5566055
1.6836192
1.8497416
0.7449510
2.1837783
1.4591832
2.3520769
8.7597587
1.2330893
1.4750007
1.1392315
1.5450101
1.6804240
1.4292531
2.8167566
2.9743312
2.5497285
2.7737011
2.3329673
2.1291515
1.8397201
0.8567112
0.7455043
1.6618926
1.3087860
1.7809714
1.6548133
1.6912511
0.8039677
1.2938207
1.5318030
1.7681864
1.8450935
0.5499269
1.5262757
1.5666075
1.7497597
1.4511021
0.8270911
2.2193569
0.5963141
1.0050184
0.7754285
0.9990344
0.7984198
0.4981153
0.1767642
0.8858182
0.8289107
0.9695270
0.8751763
0.8403864
0.6389640
1.7107134
1.7480948
1.1733246
1.2834066
1.8439079
2.4747690
0.6897632
1.3040793
1.1361772
2.4541786
1.9986621
1.9045267
1.2073745
0.8412750
1.7355408
1.6954006
0.4781343
0.2156365
1.7547851
1.1918083
1.3000796
0.7282787
1.7856751
0.7979985
1.8578421
2.0222879
1.3355777
1.9458677
2.7683158
2.4078317
3.1980894
0.7753971
1.7575263
1.6375861
1.8512278
1.7253426
1.9322709
2.5566551
0.8547497
2.1000831
1.8336583
2.8893402
4.2669174
1.4484029
2.2385829
4.3537905
2.8058266
3.3838204
2.4789192
2.3465427
1.2001830
2.3153520
1.2276246
0.9447945
2.7310349
1.1637374
1.6197658
1.4560297
2.9056262
2.0370616
2.2383383
2.7121366
2.3980742
3.6986011
2.7633508
3.2174142
2.8067526
2.2043965
3.4129281
3.7595343
4.4183924
3.8496312
2.8379893
5.0134285
3.2708557
2.2994242
1.6830859
1.9929888
3.7532525
1.6381502
4.8823333
1.9365807
4.7515824
1.6680953
2.2604219
0.9666418
1.9163366
4.8528347
2.1871054
2.3793098
3.8555520
2.7757402
3.0367166
2.8001944
2.5179521
2.2405706
2.7362238
1.5672901
3.4149410
2.7369929
2.7371340
2.1153606
3.0811280
3.8611658
4.0175910
2.5297942
2.1026320
2.8974384
2.1454671
3.7602085
3.2867767
2.3460122
0.7749652
3.2272108
1.5610294
1.3875143
1.2655930
1.9882396
2.8615759
0.4842260
0.2633149
3.0951196
2.9071966
3.5191471
4.4409420
5.0210732
4.1800676
3.7182000
3.0284298
4.0684425
2.4162942
2.5631163
3.0561408
2.1560569
0.9966423
1.7805276
1.4021024
2.2161809
1.6517038
2.0885489
2.4903848
0.9534914
1.0677276
0.4931340
1.4879599
0.8918533
1.4433885
1.2633547
1.1591462
0.9606832
1.8340243
1.9041838
0.5452904
0.3286912
0.9800075
1.7723606
1.0331510
1.4310580
0.6216401
1.5037299
0.7023364
0.4237623
0.5250146
1.2792332
1.2241050
1.4619008
1.5615692
0.6357045
0.4557102
0.4502719
1.4917948
1.4526829
2.0258887
0.5729989
0.9841641
0.8129472
0.5641733
1.2364512
0.5859893
0.7906869
0.7142061
2.0538193
2.6350811
1.1893585
1.1213592
0.6269451
0.4977535
0.6212154
0.8233315
0.4687356
0.9033130
0.4381706
1.0599569
1.6919463
0.6155549
0.7176917
1.3900025
0.4439901
1.2299815
0.3501618
0.5685799
1.4957423
1.1513882
1.6242737
1.8893446
2.0011211
2.7688295
2.6408695
1.9921733
2.5745975
3.0089827
2.3480772
2.2391860
1.9549974
3.2031775
1.3780799
2.4500175
0.2740670
0.3359658
2.2899415
2.3301140
2.0602966
3.2709043
3.1373565
4.8827277
0.3603057
1.5046842
3.9089045
2.8358633
1.7941900
1.3968873
2.7439156
3.3270476
1.6507714
0.9126636
5.1649748
1.8990540
1.6792876
2.6693386
6.4774213
1.9833643
2.4629993
2.9277525
9.2275494
1.4599924
2.6092272
4.1348255
6.0239677
11.0439646
11.5038841
6.1126360
5.7008446
6.4350016
14.1485226
12.1188753
7.8721551
7.5115019
6.4603936
6.9073705
3.9499414
7.3189072
2.2385998
29.8061015
20.3148038
27.8616829
16.2063499
33.2454379
93.7060535
41.9593277
44.6088324
18.1759643
31.1614891
12.4380882
10.8779796
29.5819427
40.1818903
5.2017142
26.7315899
26.0584890
30.0542563
70.7150741
149.9713774
80.8706259
86.9828236
21.1170495
18.1133903
46.3481093
22.4789945
32.3627034
67.2552505
48.8074112
52.5619983
128.4064848
126.1996429
25.2816861
71.8142070
12.7191528
14.3565672
2.5796654
3.1317447
2.9371361
17.4948145
5.3829449
8.6296329
24.9551447
20.3596722
13.0751146
13.3398611
37.6042003
7.0409098
12.1048484
7.1838156
3.0166878
7.1174930
1.3798737
11.6838729
3.6394994
6.6941401
15.2048673
18.8973407
10.5899815
32.7662789
2.3662339
19.6676584
3.3304525
11.4400519
10.9279416
3.9749382
14.4513901
13.9811317
8.5145371
10.6511559
16.7486512
15.7369784
11.9490346
2.4639352
2.1483561
10.6832395
5.3178737
6.3553384
9.4184537
4.2307789
7.3512708
2.6447355
1.0002668
13.7204120
10.5511490
6.3624180
9.4243685
6.7505247
74.5286328
19.5755482
12.8492213
3.6057013
20.4929120
2.6174636
6.0665134
11.1118751
11.5111096
2.2367455
2.9035422
2.7654911
7.6226104
2.7653227
2.4349408
20.9111819
10.0637674
13.1404454
8.5048138
7.8058290
2.9448149
3.0845119
4.8800455
8.7332323
11.6568732
19.4263897
9.3814003
3.1809959
5.6532558
4.1996255
1.7065623
4.2869049
7.4055535
8.1746606
5.8701488
4.3297104
18.3937742
6.2300322
16.4290258
5.3476516
7.3240960
5.5414190
11.1198552
2.5296158
14.3751346
5.7092503
2.9393946
4.2540947
2.7499776
4.9391792
3.1708737
17.7958930
11.8658702
8.1568432
10.0379567
3.3197683
6.4333185
7.8523455
1.7139207
2.1382218
5.0528652
9.6349946
17.1116086
11.5999131
7.7033964
9.4345980
7.0645312
11.0287942
2.3462774
7.1828399
4.0794282
3.7692672
5.0426995
8.2405451
9.3635554
5.6350956
3.0757981
2.5805144
1.9144290
5.6666246
12.9881916
6.4584720
83.2905020
5.6558300
2.5316761
12.5225863
10.4995468
17.1179727
6.0792524
10.2050730
5.2504587
1.4155033
2.6558290
10.1105667
17.7002675
11.8202915
10.8275077
7.0456737
34.4926493
3.3259345
1.5167847
2.3180136
4.0205532
4.2683610
6.4694479
2.7255549
2.0649894
5.2197687
9.7834889
6.1289759
9.0521058
4.2844564
3.7577041
5.6815890
0.8824236
2.1915006
6.3971268
3.1956242
20.8566324
11.7918321
7.8199377
12.3945634
5.5042510
4.0923656
33.3390910
10.1600256
4.0055968
11.6774792
6.1793336
11.8610979
12.6759122
18.5523920
6.7292693
6.8769900
15.5491249
3.2814879
23.1261342
59.9659689
8.3364335
2.0592513
6.8883187
5.3358852
8.5725699
3.1818925
2.3646360
6.6548469
10.6927205
2.2710082
7.3694190
5.0624098
8.5837721
4.3488844
0.5358556
4.8939709
10.8192824
1.1939445
2.0753769
6.0359464
49.5481340
54.9381971
119.5144486
29.4073663
40.6117432
1.1996202
5.0030102
1.8474875
2.4976102
4.3793753
5.1249074
4.5911085
9.6676141
15.4922811
20.3576542
19.5879591
19.8026577
13.6480709
8.6254261
9.7906962
7.6712045
8.8646769
25.5140420
7.7586579
9.1512153
9.6210652
10.2946825
9.1974913
8.3106716
7.0114942
12.7837804
15.4238677
18.9552711
11.7228553
17.8670316
12.5880727
8.5587849
8.5806952
15.1020534
9.8263889
9.9014597
13.2901506
10.7499793
15.7562044
5.0382938
6.3600707
4.4880497
5.7007897
14.1252361
6.6537553
10.1464737
10.9688505
15.0361648
3.2081456
24.0757013
5.5642277
4.6889657
5.0557820
7.8697949
33.3777275
7.9202808
7.9706273
2.7960332
11.4893580
6.6100795
11.9917812
17.4364642
9.9824274
10.7926335
47.0989700
4.7415280
3.7268400
2.4067535
10.1396752
5.7347411
6.1795432
16.4445422
15.0448844
3.4025091
7.3985190
10.4902835
6.7745512
3.0059948
3.3741147
11.6389727
5.6333532
2.3896981
2.7566337
4.5096852
4.0678066
12.7124873
4.2673789
8.9275237
11.0280276
6.3904118
12.7377517
7.5421507
4.8024061
11.9167661
9.6631488
9.7827832
4.5241318
2.6361740
7.4790623
6.4393820
7.9384252
4.9238364
6.4638495
12.9559890
6.0855079
7.3417094
4.3784417
4.4673730
5.6338750
8.1584787
11.7665376
12.0185672
20.2802136
28.6676485
18.6217949
20.0824684
5.2454747
5.3830723
1.8392458
6.5152686
5.1548596
2.6845662
9.3158610
8.4850435
12.4119698
13.4944026
19.1411201
27.1661988
47.1798867
42.5112057
19.9709909
39.0773100
14.2745188
42.3491763
33.5598423
37.0474407
42.0595496
12.9122790
18.3395404
6.8629619
8.0781792
13.8351235
11.3288358
9.8316964
9.1560073
12.1332031
11.2251400
17.2914780
26.0145736
148.6126686
27.2587145
34.0127665
40.5638271
54.4201450
32.8271719
28.8513064
13.0245362
2.7326260
7.8907149
16.8451207
16.3391733
28.3963557
39.0087030
18.0787608
21.3973722
35.8375282
38.5124397
38.6049429
19.1725491
7.5038799
9.5825563
17.4870698
22.7173259
15.8380299
6.9923415
18.2939317
9.2406053
10.4015162
7.8093067
9.7842798
4.2870409
7.6430674
15.5599304
6.4963736
12.7153359
35.0571750
47.7986956
18.3239932
26.9280953
18.7787378
34.3747284
7.8569726
15.9326143
16.4185095
19.7876479
20.5636357
37.0351391
40.5746858
14.6693903
35.9321561
59.8363018
29.8138852
105.6195498
16.6330871
9.9814511
7.3897380
19.1022109
22.8347837
20.9663115
35.8413804
67.6520135
152.3866410
153.7500685
82.0191199
26.5874340
74.3220133
