180.0000000 489.2500000 -11.5468750
180.0000000 489.5000000 -11.5546875
179.6250000 488.7500000 -11.5000000
180.1250000 489.0000000 -11.5234375
180.1250000 489.2500000 -11.5156250
180.1250000 489.2500000 -11.5390625
179.7500000 489.2500000 -11.5156250
180.1250000 488.7500000 -11.5234375
179.7500000 489.0000000 -11.5312500
180.1250000 489.5000000 -11.5312500
179.7500000 488.7500000 -11.5000000
180.0000000 489.5000000 -11.5312500
179.7500000 488.5000000 -11.5000000
179.8750000 489.0000000 -11.5156250
179.7500000 489.0000000 -11.5390625
180.0000000 489.2500000 -11.5156250
179.7500000 489.5000000 -11.5312500
180.0000000 489.5000000 -11.5468750
179.6250000 488.7500000 -11.5078125
180.1250000 489.7500000 -11.5546875
179.6250000 489.0000000 -11.5234375
179.6250000 489.2500000 -11.5156250
179.5000000 488.2500000 -11.5000000
179.6250000 489.2500000 -11.5390625
179.2500000 488.7500000 -11.5156250
179.8750000 489.5000000 -11.5468750
179.5000000 489.0000000 -11.5156250
180.0000000 489.0000000 -11.5234375
179.7500000 488.7500000 -11.5078125
179.8750000 489.2500000 -11.5234375
179.7500000 489.2500000 -11.5156250
179.7500000 489.0000000 -11.5234375
179.7500000 489.0000000 -11.5234375
179.7500000 489.0000000 -11.5390625
179.7500000 489.2500000 -11.5625000
180.0000000 489.5000000 -11.5703125
179.8750000 489.0000000 -11.5000000
179.7500000 488.5000000 -11.5000000
179.7500000 489.0000000 -11.5312500
179.7500000 489.0000000 -11.5234375
179.3750000 488.7500000 -11.5078125
180.0000000 489.2500000 -11.5390625
180.0000000 489.2500000 -11.5625000
179.8750000 489.0000000 -11.5078125
180.0000000 489.5000000 -11.5390625
180.0000000 489.2500000 -11.5546875
180.0000000 489.2500000 -11.5390625
180.1250000 488.7500000 -11.5234375
180.0000000 489.0000000 -11.5156250
180.1250000 489.2500000 -11.5390625
179.8750000 489.2500000 -11.5234375
179.8750000 489.5000000 -11.5390625
180.0000000 489.0000000 -11.5234375
180.0000000 489.0000000 -11.5312500
179.8750000 489.0000000 -11.5156250
180.1250000 489.2500000 -11.5234375
180.1250000 489.2500000 -11.5234375
180.2500000 489.2500000 -11.5234375
180.0000000 489.5000000 -11.5234375
180.0000000 489.5000000 -11.5234375
179.8750000 489.5000000 -11.5703125
180.0000000 489.2500000 -11.5468750
180.1250000 489.7500000 -11.5546875
179.8750000 489.5000000 -11.5546875
179.6250000 489.7500000 -11.5390625
179.7500000 489.2500000 -11.5234375
180.1250000 489.5000000 -11.5312500
179.8750000 489.2500000 -11.5234375
180.0000000 489.2500000 -11.5312500
179.7500000 489.0000000 -11.5156250
179.7500000 488.7500000 -11.5000000
180.5000000 489.7500000 -11.5625000
179.7500000 489.0000000 -11.5000000
179.8750000 489.5000000 -11.5468750
180.1250000 489.2500000 -11.5156250
180.0000000 489.5000000 -11.5468750
179.8750000 489.0000000 -11.5234375
179.8750000 489.2500000 -11.5312500
180.0000000 489.5000000 -11.5625000
180.1250000 489.7500000 -11.5390625
179.7500000 489.0000000 -11.5390625
179.3750000 489.0000000 -11.5078125
179.8750000 489.2500000 -11.5468750
180.0000000 489.0000000 -11.5312500
180.0000000 489.5000000 -11.5234375
179.7500000 488.7500000 -11.5234375
179.7500000 489.5000000 -11.5312500
179.8750000 488.5000000 -11.5078125
179.7500000 488.7500000 -11.5234375
180.1250000 489.2500000 -11.5468750
180.3750000 489.0000000 -11.5078125
180.1250000 489.0000000 -11.5312500
179.8750000 489.0000000 -11.5312500
179.6250000 489.5000000 -11.5390625
180.0000000 489.2500000 -11.5390625
180.0000000 488.7500000 -11.5156250
180.0000000 489.2500000 -11.5390625
180.1250000 489.7500000 -11.5625000
180.2500000 489.7500000 -11.5625000
180.0000000 489.5000000 -11.5625000
179.7500000 489.5000000 -11.5703125
180.2500000 490.2500000 -11.5859375
180.0000000 489.7500000 -11.5937500
179.7500000 489.5000000 -11.5859375
179.8750000 490.0000000 -11.5703125
179.7500000 489.0000000 -11.5234375
179.6250000 489.0000000 -11.5234375
179.6250000 489.2500000 -11.5468750
179.8750000 489.2500000 -11.5156250
180.1250000 489.7500000 -11.5546875
179.7500000 489.5000000 -11.5390625
179.7500000 489.5000000 -11.5390625
180.0000000 489.2500000 -11.5156250
179.7500000 489.2500000 -11.5234375
179.7500000 489.5000000 -11.5468750
180.0000000 490.0000000 -11.5546875
180.0000000 490.0000000 -11.5468750
179.7500000 489.2500000 -11.5156250
179.5000000 489.0000000 -11.5312500
179.6250000 488.7500000 -11.4921875
179.8750000 489.7500000 -11.5312500
180.0000000 489.7500000 -11.5234375
180.5000000 490.7500000 -11.5625000
180.3750000 490.5000000 -11.5781250
180.8750000 491.0000000 -11.6093750
180.5000000 489.7500000 -11.5468750
180.8750000 490.7500000 -11.5781250
180.5000000 490.7500000 -11.5859375
180.6250000 491.0000000 -11.5781250
180.2500000 490.2500000 -11.5312500
179.7500000 489.7500000 -11.5312500
179.7500000 489.5000000 -11.5390625
179.7500000 489.5000000 -11.5234375
179.6250000 489.2500000 -11.5234375
179.7500000 489.7500000 -11.5546875
180.1250000 490.2500000 -11.6015625
180.0000000 490.0000000 -11.5859375
180.0000000 490.0000000 -11.5781250
179.8750000 489.5000000 -11.5546875
180.0000000 489.5000000 -11.5390625
179.6250000 489.5000000 -11.5468750
179.7500000 489.2500000 -11.5234375
180.0000000 489.2500000 -11.5312500
179.7500000 489.2500000 -11.5234375
179.6250000 489.2500000 -11.5390625
179.5000000 488.7500000 -11.5078125
180.0000000 489.0000000 -11.5390625
179.6250000 489.0000000 -11.5390625
179.8750000 489.2500000 -11.5312500
180.0000000 489.5000000 -11.5234375
180.0000000 489.0000000 -11.4921875
180.1250000 489.0000000 -11.4843750
180.7500000 490.2500000 -11.4218750
180.8750000 491.5000000 -11.2968750
180.5000000 491.0000000 -11.2187500
180.6250000 490.0000000 -11.1875000
180.8750000 491.0000000 -11.2421875
180.7500000 490.5000000 -11.2343750
180.6250000 490.0000000 -11.2031250
180.8750000 489.2500000 -11.2187500
181.2500000 488.7500000 -11.2109375
181.0000000 488.2500000 -11.2578125
181.8750000 489.0000000 -11.4296875
181.0000000 487.7500000 -11.4609375
181.6250000 487.5000000 -11.4843750
181.7500000 488.5000000 -11.5468750
182.6250000 486.2500000 -11.4765625
183.3750000 488.7500000 -11.6015625
182.5000000 486.7500000 -11.4921875
183.2500000 486.5000000 -11.4843750
182.0000000 487.0000000 -11.4453125
182.7500000 486.5000000 -11.4609375
182.3750000 487.5000000 -11.4140625
183.7500000 486.7500000 -11.3593750
183.7500000 486.5000000 -11.3515625
184.5000000 485.5000000 -11.2578125
184.0000000 486.5000000 -11.2968750
186.5000000 486.7500000 -11.2812500
185.6250000 485.7500000 -11.2890625
185.8750000 485.5000000 -11.3125000
187.6250000 485.5000000 -11.3125000
186.8750000 484.7500000 -11.2812500
187.0000000 485.0000000 -11.2968750
187.1250000 483.7500000 -11.2656250
188.1250000 484.0000000 -11.3281250
187.5000000 484.0000000 -11.3515625
186.7500000 483.0000000 -11.2812500
188.3750000 482.7500000 -11.2734375
187.8750000 482.5000000 -11.3046875
189.3750000 483.0000000 -11.3359375
189.1250000 483.0000000 -11.3437500
188.6250000 482.7500000 -11.2656250
190.7500000 482.7500000 -11.3125000
190.3750000 482.2500000 -11.3046875
189.8750000 481.5000000 -11.3125000
192.0000000 481.0000000 -11.2578125
190.7500000 480.5000000 -11.1640625
190.6250000 481.0000000 -11.1406250
190.2500000 480.7500000 -11.1093750
189.5000000 480.0000000 -11.1328125
189.6250000 480.7500000 -11.1093750
190.5000000 479.5000000 -11.0781250
191.0000000 479.5000000 -11.0390625
190.6250000 480.7500000 -11.0859375
190.7500000 480.7500000 -11.0781250
190.8750000 480.2500000 -11.0625000
190.6250000 480.2500000 -11.0703125
191.3750000 479.7500000 -11.0156250
191.3750000 479.2500000 -11.0312500
191.6250000 481.0000000 -11.0390625
191.7500000 479.7500000 -11.0156250
192.0000000 480.7500000 -11.0312500
192.5000000 479.2500000 -11.0000000
192.6250000 478.7500000 -11.0156250
192.7500000 478.7500000 -11.0390625
193.1250000 477.7500000 -11.0312500
193.6250000 477.2500000 -11.0312500
194.0000000 476.0000000 -11.0156250
194.5000000 476.7500000 -11.0390625
193.7500000 477.0000000 -11.0390625
195.0000000 475.7500000 -11.0156250
194.6250000 476.2500000 -10.9921875
194.3750000 477.2500000 -11.0546875
195.7500000 476.2500000 -11.0703125
195.6250000 476.5000000 -11.0546875
196.1250000 476.0000000 -11.0937500
196.8750000 476.2500000 -11.0859375
198.1250000 475.2500000 -11.0859375
197.1250000 475.0000000 -11.0781250
198.6250000 475.2500000 -11.0781250
198.7500000 473.7500000 -11.0625000
197.8750000 473.5000000 -11.0390625
200.1250000 474.5000000 -11.0781250
198.5000000 473.7500000 -11.0546875
199.6250000 473.2500000 -11.0546875
201.2500000 474.0000000 -11.1015625
199.3750000 473.5000000 -11.0703125
199.5000000 473.7500000 -11.1015625
200.7500000 473.7500000 -11.0859375
201.3750000 471.7500000 -11.0390625
201.3750000 472.5000000 -11.0546875
200.1250000 473.0000000 -11.0468750
200.1250000 473.2500000 -11.0703125
201.5000000 472.2500000 -11.0546875
199.8750000 472.2500000 -11.0468750
201.6250000 473.5000000 -11.0781250
200.5000000 473.5000000 -11.0703125
201.2500000 472.2500000 -11.0468750
201.5000000 472.5000000 -11.0625000
200.8750000 472.0000000 -11.0546875
202.5000000 471.2500000 -11.0312500
200.3750000 472.7500000 -11.0390625
199.7500000 473.0000000 -11.0312500
202.1250000 471.7500000 -11.0546875
201.5000000 472.5000000 -11.0312500
202.5000000 471.5000000 -11.0234375
202.1250000 471.2500000 -11.0078125
203.5000000 471.7500000 -11.0703125
203.6250000 469.5000000 -11.0156250
203.8750000 469.5000000 -11.0390625
204.1250000 470.0000000 -11.0468750
204.0000000 470.2500000 -11.0781250
203.7500000 470.2500000 -11.0781250
204.6250000 468.0000000 -11.0156250
203.6250000 469.7500000 -11.0625000
204.0000000 468.5000000 -11.0468750
204.6250000 467.0000000 -11.0078125
204.1250000 467.7500000 -11.0078125
204.7500000 467.5000000 -11.0156250
204.8750000 466.5000000 -11.0078125
205.1250000 466.5000000 -10.9843750
204.5000000 465.0000000 -10.9687500
205.0000000 465.7500000 -10.9687500
205.3750000 466.0000000 -11.0000000
204.8750000 465.7500000 -10.9921875
205.8750000 466.7500000 -11.0234375
205.7500000 465.2500000 -10.9921875
206.0000000 464.7500000 -10.9531250
205.6250000 464.7500000 -10.9843750
205.5000000 463.7500000 -10.9531250
206.7500000 463.7500000 -10.9843750
206.0000000 463.5000000 -10.9765625
205.8750000 463.2500000 -10.9687500
207.1250000 462.0000000 -10.9765625
205.8750000 463.2500000 -10.9453125
207.3750000 462.7500000 -10.9453125
206.5000000 463.0000000 -10.9296875
206.8750000 462.5000000 -10.9296875
207.7500000 461.2500000 -10.9140625
207.3750000 461.5000000 -10.9765625
207.6250000 460.7500000 -10.9453125
208.0000000 460.7500000 -10.9609375
208.3750000 460.5000000 -10.9375000
208.6250000 459.2500000 -10.9218750
208.2500000 459.0000000 -10.9218750
208.0000000 459.5000000 -10.9062500
208.7500000 458.0000000 -10.9296875
208.5000000 458.0000000 -10.9140625
208.5000000 457.7500000 -10.9375000
208.5000000 458.0000000 -10.9218750
209.1250000 457.5000000 -10.9453125
208.7500000 457.2500000 -10.9453125
209.1250000 457.2500000 -10.9453125
209.0000000 457.5000000 -10.9375000
209.2500000 458.0000000 -10.9218750
208.2500000 456.5000000 -10.9296875
208.3750000 457.2500000 -10.9453125
208.5000000 456.2500000 -10.9687500
209.1250000 457.0000000 -10.9296875
209.0000000 458.0000000 -10.9140625
209.2500000 458.7500000 -10.9218750
209.5000000 458.7500000 -10.9609375
209.0000000 457.2500000 -10.9062500
209.1250000 458.2500000 -10.9296875
209.5000000 458.0000000 -10.8906250
209.3750000 458.0000000 -10.9218750
209.3750000 457.0000000 -10.9296875
208.7500000 456.5000000 -10.9453125
208.8750000 454.7500000 -10.9453125
208.7500000 454.7500000 -10.9453125
208.7500000 454.5000000 -10.9609375
208.2500000 453.0000000 -10.9218750
208.0000000 453.5000000 -10.9531250
207.3750000 452.2500000 -10.9531250
207.8750000 452.5000000 -10.9296875
207.5000000 452.2500000 -10.9453125
207.7500000 453.0000000 -10.9609375
207.0000000 452.0000000 -10.9531250
207.3750000 451.5000000 -10.9218750
207.0000000 451.2500000 -10.9375000
207.0000000 451.2500000 -10.9375000
206.6250000 451.0000000 -10.9609375
206.1250000 450.2500000 -10.9296875
205.5000000 450.2500000 -10.8984375
205.2500000 449.7500000 -10.9375000
205.1250000 450.5000000 -10.9609375
204.8750000 450.0000000 -10.9453125
204.8750000 450.2500000 -10.9531250
204.5000000 450.0000000 -10.9687500
205.0000000 450.2500000 -10.9687500
203.8750000 450.0000000 -10.9765625
203.8750000 449.7500000 -10.9687500
204.5000000 450.0000000 -10.9296875
203.2500000 449.2500000 -10.9140625
203.5000000 449.2500000 -10.9296875
202.2500000 449.0000000 -10.9140625
202.6250000 448.5000000 -10.8828125
203.0000000 448.2500000 -10.9453125
201.5000000 447.7500000 -10.9296875
200.5000000 449.7500000 -11.0234375
202.2500000 450.0000000 -10.9843750
201.7500000 447.5000000 -10.9296875
201.0000000 448.7500000 -10.9765625
200.1250000 450.0000000 -11.0234375
204.8750000 456.5000000 -11.1562500
199.6250000 450.0000000 -11.0468750
200.3750000 450.5000000 -11.0546875
200.0000000 450.0000000 -11.0781250
199.7500000 449.2500000 -11.0078125
199.7500000 450.2500000 -11.0937500
198.6250000 450.7500000 -11.1250000
197.2500000 449.0000000 -11.0468750
197.5000000 450.7500000 -11.1328125
197.7500000 449.7500000 -11.0781250
197.6250000 450.2500000 -11.1171875
198.0000000 451.0000000 -11.1406250
197.1250000 451.0000000 -11.1406250
196.6250000 451.5000000 -11.1484375
196.5000000 451.2500000 -11.1406250
197.1250000 450.7500000 -11.1328125
196.2500000 451.2500000 -11.1562500
196.5000000 451.5000000 -11.1484375
196.1250000 451.0000000 -11.1406250
195.7500000 452.0000000 -11.1875000
195.7500000 451.7500000 -11.1718750
195.0000000 452.7500000 -11.2343750
195.6250000 452.0000000 -11.1875000
195.0000000 452.2500000 -11.2109375
194.1250000 452.7500000 -11.2500000
193.8750000 452.2500000 -11.2343750
194.3750000 452.7500000 -11.2421875
194.0000000 452.0000000 -11.2109375
193.2500000 452.2500000 -11.2343750
192.5000000 453.0000000 -11.2578125
192.5000000 452.0000000 -11.2109375
194.1250000 454.2500000 -11.3046875
192.0000000 453.5000000 -11.2656250
191.2500000 453.0000000 -11.2578125
190.6250000 453.7500000 -11.2890625
191.5000000 452.7500000 -11.2500000
191.1250000 454.7500000 -11.3281250
191.5000000 454.2500000 -11.2968750
191.2500000 454.7500000 -11.3203125
192.1250000 453.7500000 -11.2890625
191.1250000 452.5000000 -11.2421875
190.0000000 454.5000000 -11.3125000
190.8750000 454.0000000 -11.2890625
189.2500000 455.2500000 -11.3281250
189.7500000 455.2500000 -11.3359375
189.0000000 456.2500000 -11.3906250
188.3750000 455.7500000 -11.3671875
188.3750000 455.2500000 -11.3359375
187.8750000 455.7500000 -11.3593750
188.1250000 456.0000000 -11.3671875
188.5000000 457.2500000 -11.4296875
187.0000000 457.0000000 -11.3984375
187.3750000 457.0000000 -11.4062500
187.2500000 457.0000000 -11.3984375
186.7500000 456.5000000 -11.3828125
186.2500000 457.5000000 -11.3984375
185.7500000 457.0000000 -11.3906250
185.8750000 457.7500000 -11.4062500
185.5000000 458.0000000 -11.4062500
184.5000000 458.2500000 -11.4296875
185.8750000 457.5000000 -11.4062500
185.0000000 458.0000000 -11.4140625
185.2500000 457.2500000 -11.3984375
184.7500000 458.0000000 -11.4062500
184.0000000 459.0000000 -11.4453125
184.1250000 456.7500000 -11.3750000
183.2500000 458.7500000 -11.4296875
183.1250000 457.2500000 -11.3906250
182.7500000 459.0000000 -11.4218750
182.7500000 458.7500000 -11.4140625
182.8750000 458.0000000 -11.4218750
182.0000000 459.0000000 -11.4375000
182.1250000 459.2500000 -11.4531250
181.8750000 458.2500000 -11.4375000
181.6250000 459.5000000 -11.4531250
180.7500000 459.2500000 -11.4453125
181.1250000 459.5000000 -11.4609375
181.0000000 459.7500000 -11.4453125
180.6250000 460.0000000 -11.4609375
180.5000000 461.2500000 -11.4765625
179.7500000 461.5000000 -11.4765625
179.0000000 461.5000000 -11.4296875
180.5000000 461.2500000 -11.4609375
180.1250000 460.5000000 -11.4531250
178.8750000 461.7500000 -11.5078125
179.3750000 461.7500000 -11.4843750
179.2500000 461.5000000 -11.5000000
178.7500000 462.2500000 -11.5156250
178.3750000 461.5000000 -11.4843750
178.5000000 463.2500000 -11.5156250
178.6250000 461.7500000 -11.4843750
178.2500000 462.5000000 -11.5078125
179.1250000 463.5000000 -11.5234375
177.5000000 463.0000000 -11.5390625
178.1250000 463.2500000 -11.5312500
177.3750000 464.0000000 -11.5468750
176.3750000 463.7500000 -11.5312500
176.0000000 464.7500000 -11.5781250
175.1250000 464.0000000 -11.5625000
175.1250000 464.2500000 -11.5625000
175.0000000 463.7500000 -11.5468750
175.3750000 464.7500000 -11.5703125
175.5000000 463.7500000 -11.5625000
174.3750000 464.5000000 -11.5703125
173.6250000 464.5000000 -11.5781250
173.3750000 465.0000000 -11.5703125
172.8750000 464.5000000 -11.5859375
173.0000000 464.7500000 -11.5937500
172.7500000 464.2500000 -11.5703125
172.7500000 464.7500000 -11.5859375
171.8750000 465.0000000 -11.6015625
171.2500000 465.5000000 -11.6171875
171.7500000 466.2500000 -11.6406250
171.0000000 466.2500000 -11.6484375
170.2500000 466.2500000 -11.6640625
170.6250000 466.5000000 -11.6484375
170.3750000 466.7500000 -11.6640625
169.6250000 467.2500000 -11.6875000
170.2500000 466.7500000 -11.6562500
169.8750000 467.0000000 -11.6718750
169.7500000 467.5000000 -11.6796875
169.5000000 468.2500000 -11.7109375
169.8750000 468.0000000 -11.6953125
168.8750000 467.7500000 -11.6953125
169.5000000 467.2500000 -11.6796875
168.6250000 468.2500000 -11.7031250
168.8750000 468.0000000 -11.6953125
168.0000000 468.0000000 -11.7031250
168.1250000 468.0000000 -11.7031250
167.7500000 468.2500000 -11.7109375
167.7500000 469.0000000 -11.7421875
167.7500000 468.2500000 -11.7187500
166.5000000 469.0000000 -11.7421875
166.7500000 468.7500000 -11.7421875
166.7500000 468.7500000 -11.7265625
166.0000000 468.7500000 -11.7187500
165.8750000 469.5000000 -11.7578125
165.1250000 469.5000000 -11.7187500
165.2500000 469.5000000 -11.7265625
165.3750000 469.5000000 -11.7265625
165.7500000 470.0000000 -11.7500000
165.2500000 469.7500000 -11.7343750
165.0000000 469.7500000 -11.7421875
164.7500000 470.2500000 -11.7421875
165.0000000 469.2500000 -11.7343750
164.6250000 470.5000000 -11.7578125
162.6250000 471.0000000 -11.7656250
163.2500000 469.7500000 -11.7187500
163.0000000 470.2500000 -11.7421875
163.6250000 470.7500000 -11.7421875
164.1250000 471.2500000 -11.7500000
163.6250000 471.0000000 -11.7343750
162.7500000 471.7500000 -11.7656250
162.7500000 470.7500000 -11.7500000
161.8750000 471.5000000 -11.7656250
161.3750000 472.0000000 -11.7890625
161.6250000 471.2500000 -11.7578125
159.8750000 472.2500000 -11.7812500
160.5000000 472.0000000 -11.7968750
159.6250000 472.2500000 -11.7890625
160.0000000 472.5000000 -11.8203125
159.1250000 472.2500000 -11.8046875
159.1250000 473.2500000 -11.8125000
159.6250000 472.2500000 -11.7968750
158.8750000 472.2500000 -11.7812500
158.1250000 472.7500000 -11.7734375
158.0000000 473.7500000 -11.8281250
158.1250000 473.5000000 -11.8046875
158.3750000 473.2500000 -11.8125000
157.0000000 473.5000000 -11.7890625
156.3750000 473.5000000 -11.8046875
156.1250000 474.7500000 -11.8359375
156.5000000 473.7500000 -11.7968750
156.3750000 474.5000000 -11.8359375
156.0000000 474.2500000 -11.8281250
156.3750000 474.0000000 -11.7968750
156.1250000 475.5000000 -11.8593750
155.6250000 474.5000000 -11.8281250
155.6250000 474.5000000 -11.8359375
156.3750000 474.7500000 -11.8203125
155.8750000 476.0000000 -11.8671875
155.5000000 475.2500000 -11.8515625
155.3750000 475.2500000 -11.8359375
154.3750000 475.0000000 -11.8046875
155.1250000 475.2500000 -11.8281250
154.5000000 476.0000000 -11.8359375
154.1250000 474.7500000 -11.8046875
154.0000000 475.0000000 -11.8046875
153.8750000 475.2500000 -11.8046875
153.1250000 475.5000000 -11.8281250
153.0000000 475.5000000 -11.8125000
152.2500000 475.2500000 -11.7890625
152.5000000 475.7500000 -11.7890625
151.7500000 475.5000000 -11.7734375
152.3750000 475.7500000 -11.8046875
150.7500000 476.0000000 -11.7734375
150.5000000 476.2500000 -11.7812500
150.7500000 475.7500000 -11.7734375
150.2500000 476.7500000 -11.7734375
148.8750000 477.5000000 -11.7734375
149.3750000 476.5000000 -11.7500000
149.2500000 477.2500000 -11.7656250
148.5000000 477.2500000 -11.7578125
148.5000000 476.5000000 -11.7343750
148.2500000 477.7500000 -11.7656250
148.6250000 478.0000000 -11.7734375
149.1250000 477.5000000 -11.7812500
147.7500000 478.5000000 -11.7500000
147.6250000 477.7500000 -11.7500000
147.3750000 477.5000000 -11.7421875
147.5000000 477.5000000 -11.7343750
147.0000000 477.5000000 -11.7031250
147.1250000 477.5000000 -11.6484375
146.6250000 477.7500000 -11.6250000
146.0000000 476.2500000 -11.5781250
145.0000000 474.0000000 -11.6562500
145.6250000 478.0000000 -11.6640625
146.0000000 477.2500000 -11.6718750
145.7500000 477.2500000 -11.6562500
144.8750000 477.2500000 -11.6562500
144.5000000 477.2500000 -11.6406250
145.1250000 477.7500000 -11.6562500
145.1250000 477.0000000 -11.6328125
145.0000000 478.5000000 -11.6640625
144.1250000 477.5000000 -11.6171875
143.8750000 477.0000000 -11.6093750
143.7500000 477.5000000 -11.6093750
143.1250000 477.0000000 -11.5781250
143.3750000 477.5000000 -11.6250000
143.0000000 476.7500000 -11.5937500
141.8750000 476.5000000 -11.5312500
141.5000000 476.0000000 -11.5078125
141.0000000 476.5000000 -11.4921875
140.1250000 475.2500000 -11.4296875
140.7500000 475.7500000 -11.4453125
140.0000000 475.7500000 -11.4296875
140.3750000 475.2500000 -11.4140625
140.2500000 475.5000000 -11.4296875
139.5000000 475.5000000 -11.3906250
138.6250000 475.2500000 -11.3281250
139.5000000 475.5000000 -11.3828125
138.8750000 475.7500000 -11.3671875
139.5000000 475.7500000 -11.4140625
139.2500000 475.0000000 -11.3984375
139.3750000 475.5000000 -11.3984375
138.8750000 475.5000000 -11.3750000
139.1250000 475.2500000 -11.3593750
140.2500000 475.7500000 -11.4218750
139.1250000 475.0000000 -11.3750000
139.8750000 475.5000000 -11.4140625
138.5000000 475.5000000 -11.3671875
138.3750000 474.7500000 -11.3203125
138.3750000 474.2500000 -11.2890625
137.7500000 474.5000000 -11.2656250
137.3750000 474.2500000 -11.2421875
136.3750000 474.2500000 -11.1562500
136.1250000 474.5000000 -11.1640625
135.6250000 474.0000000 -11.1093750
135.3750000 473.5000000 -11.0625000
135.5000000 472.7500000 -11.0625000
134.3750000 471.2500000 -10.9218750
134.6250000 472.0000000 -10.9765625
134.5000000 470.7500000 -10.9140625
134.3750000 470.7500000 -10.8984375
134.2500000 470.5000000 -10.8906250
134.1250000 470.2500000 -10.8437500
134.0000000 470.7500000 -10.8828125
134.0000000 470.5000000 -10.8671875
133.7500000 470.0000000 -10.8359375
133.6250000 469.0000000 -10.7968750
133.6250000 469.2500000 -10.8125000
133.1250000 469.2500000 -10.7812500
133.3750000 469.5000000 -10.7890625
132.8750000 468.5000000 -10.7265625
132.8750000 469.0000000 -10.7343750
132.7500000 468.5000000 -10.7109375
132.7500000 467.5000000 -10.6953125
132.5000000 468.7500000 -10.7031250
132.1250000 467.0000000 -10.6250000
132.3750000 468.0000000 -10.6640625
132.0000000 466.5000000 -10.6093750
132.2500000 468.2500000 -10.6640625
131.6250000 466.0000000 -10.5781250
132.2500000 468.0000000 -10.6640625
131.7500000 467.2500000 -10.6171875
132.0000000 466.7500000 -10.6093750
131.1250000 465.2500000 -10.5078125
131.5000000 465.7500000 -10.5703125
131.0000000 465.0000000 -10.5000000
131.7500000 468.0000000 -10.6093750
131.0000000 466.0000000 -10.5234375
131.1250000 465.0000000 -10.5000000
129.8750000 464.0000000 -10.4062500
129.8750000 463.5000000 -10.3984375
130.3750000 464.2500000 -10.4375000
130.0000000 463.5000000 -10.3828125
130.0000000 463.7500000 -10.4062500
129.2500000 462.7500000 -10.3359375
129.5000000 462.2500000 -10.3203125
129.5000000 463.2500000 -10.3515625
129.0000000 462.0000000 -10.2734375
129.2500000 462.0000000 -10.2968750
128.8750000 462.5000000 -10.2968750
128.8750000 461.7500000 -10.2578125
128.8750000 462.0000000 -10.2812500
128.3750000 461.5000000 -10.2343750
128.8750000 462.5000000 -10.2968750
128.6250000 462.7500000 -10.2890625
128.3750000 462.0000000 -10.2578125
127.7500000 460.2500000 -10.1640625
128.0000000 461.2500000 -10.2031250
127.8750000 461.2500000 -10.2031250
127.1250000 460.2500000 -10.1250000
128.0000000 461.5000000 -10.2031250
128.2500000 460.7500000 -10.1953125
127.0625000 459.0000000 -10.0859375
127.5000000 459.2500000 -10.1171875
127.1875000 459.5000000 -10.1093750
126.8125000 458.0000000 -10.0312500
126.6250000 457.7500000 -10.0234375
126.0625000 457.5000000 -9.9843750
125.8125000 457.5000000 -9.9765625
126.6875000 458.5000000 -10.0546875
126.2500000 457.5000000 -9.9765625
125.8125000 457.2500000 -9.9609375
126.0625000 458.0000000 -10.0000000
125.8125000 457.0000000 -9.9687500
125.9375000 457.0000000 -9.9531250
125.1875000 455.2500000 -9.8515625
125.0625000 455.7500000 -9.8828125
124.8750000 455.5000000 -9.8593750
124.7500000 454.7500000 -9.8125000
124.6250000 454.7500000 -9.8281250
124.3125000 454.2500000 -9.7656250
124.5000000 454.7500000 -9.8125000
124.3125000 454.5000000 -9.7968750
123.7500000 453.2500000 -9.7187500
124.1875000 454.0000000 -9.7734375
123.5000000 453.5000000 -9.7031250
123.4375000 452.7500000 -9.6953125
123.7500000 453.7500000 -9.7421875
123.1875000 452.5000000 -9.6640625
123.9375000 453.5000000 -9.7265625
123.8125000 454.0000000 -9.7500000
123.8125000 453.2500000 -9.7265625
123.9375000 452.7500000 -9.6953125
123.0000000 452.2500000 -9.6328125
123.5625000 453.0000000 -9.6875000
122.7500000 451.7500000 -9.6093750
122.2500000 451.5000000 -9.5781250
122.6250000 451.7500000 -9.6015625
122.5625000 451.7500000 -9.5937500
122.3750000 451.5000000 -9.5937500
122.5625000 451.2500000 -9.5781250
122.1875000 451.5000000 -9.5625000
121.6250000 450.0000000 -9.4921875
121.1250000 449.7500000 -9.4609375
120.4375000 449.0000000 -9.4062500
120.4375000 449.0000000 -9.3906250
120.0625000 448.7500000 -9.3515625
120.0000000 448.7500000 -9.3359375
120.0625000 449.2500000 -9.3671875
119.3750000 448.5000000 -9.3125000
119.5625000 448.0000000 -9.3125000
119.1250000 447.7500000 -9.2421875
118.9375000 447.5000000 -9.2656250
118.0625000 447.0000000 -9.2187500
117.0625000 447.0000000 -9.1484375
117.7500000 447.0000000 -9.1718750
117.7500000 447.5000000 -9.2109375
116.3750000 446.5000000 -9.1015625
116.2500000 445.7500000 -9.0781250
117.3125000 447.0000000 -9.1484375
116.3750000 446.2500000 -9.0859375
116.0000000 446.7500000 -9.0703125
115.3125000 445.5000000 -9.0078125
115.1250000 445.7500000 -9.0234375
115.0625000 445.7500000 -9.0156250
114.6250000 445.7500000 -8.9921875
114.1875000 445.5000000 -8.9609375
114.2500000 445.2500000 -8.9296875
114.7500000 444.7500000 -8.9375000
114.6875000 445.2500000 -8.9609375
114.3125000 445.2500000 -8.9531250
113.4375000 444.7500000 -8.8906250
113.9375000 445.0000000 -8.9140625
113.5625000 445.0000000 -8.8671875
112.8125000 445.2500000 -8.8671875
112.6875000 445.2500000 -8.8593750
112.6875000 445.0000000 -8.8359375
112.0625000 445.2500000 -8.8515625
112.0625000 444.7500000 -8.8515625
111.6250000 445.2500000 -8.8671875
110.9375000 445.0000000 -8.8359375
110.8750000 445.5000000 -8.8593750
110.7500000 445.0000000 -8.8437500
110.7500000 445.0000000 -8.8515625
110.6875000 445.5000000 -8.8906250
110.5625000 445.7500000 -8.8906250
109.9375000 444.7500000 -8.8671875
109.4375000 444.7500000 -8.8671875
109.6250000 444.2500000 -8.8515625
109.6250000 444.7500000 -8.8750000
109.0625000 444.0000000 -8.8515625
108.7500000 443.7500000 -8.8515625
108.1250000 444.2500000 -8.8281250
108.3125000 444.5000000 -8.8203125
108.2500000 445.0000000 -8.8437500
107.6250000 445.7500000 -8.8437500
107.0000000 444.0000000 -9.2031250
106.3125000 443.7500000 -9.1718750
105.3125000 447.2500000 -9.1093750
105.1250000 446.2500000 -9.0859375
102.8750000 439.7500000 -8.8671875
105.4375000 445.5000000 -8.8984375
106.0625000 443.7500000 -8.7890625
104.1875000 445.7500000 -8.8671875
104.5000000 441.7500000 -8.7265625
102.0625000 439.2500000 -8.7265625
105.4375000 444.7500000 -8.7656250
106.3125000 445.7500000 -8.7968750
106.1875000 445.5000000 -8.7500000
106.6875000 446.5000000 -8.8125000
106.7500000 445.7500000 -8.7968750
106.5000000 445.2500000 -8.8046875
105.7500000 445.2500000 -8.8281250
105.8125000 445.0000000 -8.8437500
106.1875000 445.0000000 -8.8828125
105.3750000 445.5000000 -8.9140625
106.1250000 445.0000000 -8.9296875
105.5000000 445.2500000 -8.9453125
105.5625000 445.5000000 -8.9375000
105.7500000 445.5000000 -8.9375000
105.4375000 444.7500000 -8.9062500
105.5625000 444.7500000 -8.9062500
105.9375000 444.7500000 -8.9140625
105.3750000 445.0000000 -8.9140625
107.3750000 445.5000000 -8.9296875
106.8750000 444.2500000 -8.8984375
107.0000000 445.0000000 -8.9765625
107.1250000 445.0000000 -9.0234375
107.3750000 443.7500000 -8.9687500
107.1250000 444.5000000 -9.0234375
107.8125000 444.2500000 -8.9921875
107.8125000 444.7500000 -9.0390625
107.2500000 443.5000000 -8.9765625
107.6875000 442.5000000 -8.9843750
108.3125000 445.2500000 -9.0625000
107.0625000 444.5000000 -8.9921875
107.6250000 445.2500000 -9.0468750
106.5000000 442.2500000 -8.9375000
107.3750000 444.5000000 -8.9609375
108.0625000 444.7500000 -9.0546875
106.8750000 443.2500000 -8.9531250
106.3125000 444.5000000 -8.9687500
107.3125000 442.5000000 -8.9843750
107.5000000 443.7500000 -8.9765625
106.0625000 443.7500000 -8.9531250
107.6250000 444.2500000 -9.0156250
107.8750000 445.0000000 -9.0390625
106.8125000 445.0000000 -9.0156250
107.0625000 444.7500000 -9.0000000
107.0625000 442.2500000 -8.9296875
107.3750000 444.2500000 -9.0156250
107.8750000 444.2500000 -8.9921875
106.8750000 441.5000000 -8.9531250
107.3750000 442.7500000 -8.9765625
107.1250000 441.5000000 -8.9531250
108.3750000 444.5000000 -9.0234375
107.9375000 444.2500000 -9.0312500
107.6875000 443.5000000 -9.0156250
108.0625000 444.5000000 -9.0390625
107.1875000 443.2500000 -8.9453125
107.3750000 444.5000000 -9.0312500
107.0000000 439.2500000 -8.9218750
107.1250000 442.7500000 -8.9609375
108.0625000 443.5000000 -9.0234375
108.5625000 446.5000000 -9.1093750
106.5000000 441.0000000 -8.9375000
108.6250000 444.2500000 -9.0703125
107.5000000 443.0000000 -9.0156250
107.7500000 444.0000000 -9.0390625
108.3125000 444.7500000 -9.0390625
107.3125000 443.2500000 -8.9843750
106.4375000 442.7500000 -8.9218750
106.6250000 443.2500000 -8.9375000
106.5625000 441.7500000 -8.9218750
107.3125000 443.0000000 -9.0078125
107.3750000 445.5000000 -9.0468750
108.9375000 446.0000000 -9.1328125
107.4375000 441.2500000 -8.9531250
106.3125000 442.0000000 -8.9296875
107.6875000 445.0000000 -9.0546875
108.5000000 444.7500000 -9.0546875
107.6250000 443.5000000 -9.0234375
107.1875000 442.7500000 -9.0000000
109.2500000 444.0000000 -9.0625000
107.8750000 442.5000000 -9.0000000
107.6875000 442.5000000 -9.0078125
107.5000000 443.7500000 -9.0234375
106.6875000 442.7500000 -8.9687500
108.8750000 446.2500000 -9.0781250
107.5000000 445.5000000 -9.0390625
107.4375000 446.0000000 -9.0625000
106.6250000 442.7500000 -8.9765625
107.1250000 442.2500000 -8.9765625
107.7500000 443.7500000 -9.0390625
108.1875000 445.7500000 -9.0859375
107.8750000 443.7500000 -9.0546875
107.3750000 442.7500000 -9.0234375
108.6875000 445.7500000 -9.1093750
107.7500000 444.2500000 -9.0390625
107.1250000 440.7500000 -8.9140625
106.7500000 443.5000000 -9.0000000
107.4375000 442.7500000 -8.9765625
106.5000000 441.2500000 -8.9218750
107.7500000 443.0000000 -8.9843750
109.1250000 446.0000000 -9.1718750
108.3125000 444.5000000 -9.0312500
108.3125000 443.2500000 -9.0390625
107.1250000 444.5000000 -9.0078125
106.2500000 439.2500000 -8.8671875
107.2500000 443.0000000 -8.9921875
106.7500000 444.7500000 -9.0234375
107.9375000 443.5000000 -9.0078125
108.6875000 445.7500000 -9.0781250
107.5625000 443.0000000 -8.9765625
108.8125000 446.0000000 -9.1015625
108.1250000 445.0000000 -9.0468750
108.0000000 443.2500000 -9.0156250
107.6875000 443.5000000 -9.0156250
107.8125000 443.7500000 -9.0312500
106.7500000 444.2500000 -8.9843750
108.0625000 445.5000000 -9.0625000
107.2500000 444.0000000 -8.9843750
106.3125000 440.2500000 -8.9062500
108.5625000 445.5000000 -9.0859375
107.7500000 443.2500000 -9.0078125
106.3750000 443.7500000 -8.9296875
109.0625000 445.0000000 -9.0859375
107.0625000 444.5000000 -9.0000000
109.0000000 444.7500000 -9.0937500
107.1875000 443.7500000 -8.9843750
107.6250000 445.5000000 -9.0546875
106.8750000 444.2500000 -8.9921875
106.8750000 443.5000000 -8.9453125
108.0000000 445.2500000 -9.0468750
108.0000000 443.0000000 -9.0312500
107.4375000 444.7500000 -9.0000000
108.3125000 443.5000000 -9.0156250
107.5625000 444.7500000 -9.0390625
107.5625000 442.5000000 -9.0000000
107.6250000 444.0000000 -9.0078125
106.0625000 443.0000000 -8.9531250
108.1875000 445.0000000 -9.0468750
106.8750000 444.5000000 -8.9921875
107.6875000 444.2500000 -8.9921875
109.0625000 444.0000000 -9.0625000
108.0000000 443.5000000 -9.0312500
106.6875000 444.5000000 -9.0078125
108.3125000 445.2500000 -9.0390625
107.6250000 445.0000000 -9.0234375
108.1250000 444.2500000 -9.0625000
107.8750000 444.2500000 -9.0078125
107.7500000 444.0000000 -9.0312500
108.1875000 445.0000000 -9.0312500
107.3125000 442.0000000 -8.9531250
107.1250000 444.7500000 -9.0078125
106.6250000 442.5000000 -8.9375000
107.6875000 442.5000000 -8.9843750
107.0000000 443.5000000 -8.9687500
106.9375000 443.7500000 -8.9921875
107.6875000 444.2500000 -9.0390625
108.6875000 445.0000000 -9.0546875
110.8125000 444.0000000 -9.1171875
107.0000000 444.5000000 -9.0078125
108.8125000 444.5000000 -9.0781250
106.8125000 443.0000000 -8.9843750
107.3750000 443.0000000 -8.9609375
108.3125000 443.7500000 -9.0234375
107.7500000 445.2500000 -9.0390625
108.3125000 442.7500000 -9.0312500
109.1250000 443.5000000 -9.0546875
106.6875000 444.5000000 -8.9765625
107.4375000 444.0000000 -9.0234375
107.6875000 445.0000000 -9.0234375
107.4375000 444.7500000 -9.0312500
107.7500000 444.0000000 -9.0078125
108.5000000 443.2500000 -9.0546875
108.0000000 442.7500000 -9.0078125
108.3750000 443.2500000 -9.0390625
107.5000000 443.7500000 -8.9843750
106.5625000 440.2500000 -8.8906250
107.4375000 443.0000000 -8.9765625
107.8125000 444.5000000 -9.0312500
106.6875000 442.0000000 -8.9296875
107.9375000 445.2500000 -9.0546875
108.5625000 443.7500000 -9.0468750
107.0625000 439.7500000 -8.9140625
107.9375000 444.5000000 -9.0312500
106.8125000 446.7500000 -9.2812500
107.5000000 443.5000000 -8.9765625
107.4375000 444.2500000 -9.0156250
107.1250000 442.2500000 -8.9687500
107.5625000 442.5000000 -8.9687500
106.6250000 442.0000000 -8.9296875
107.5625000 440.7500000 -8.9453125
106.6250000 443.0000000 -8.9296875
107.7500000 442.0000000 -8.9375000
107.3750000 441.0000000 -8.9062500
107.5000000 442.5000000 -8.9531250
108.2500000 444.2500000 -9.0546875
107.3125000 442.0000000 -8.9453125
108.3750000 444.7500000 -9.0468750
107.2500000 444.2500000 -8.9921875
108.0000000 444.0000000 -8.9921875
106.3750000 438.7500000 -8.8593750
108.1875000 441.2500000 -9.0078125
105.8125000 440.0000000 -8.8750000
107.4375000 443.2500000 -9.0078125
108.8750000 444.0000000 -9.0546875
107.8125000 443.2500000 -9.0078125
107.0000000 440.0000000 -8.8984375
106.5000000 443.2500000 -8.9531250
107.7500000 442.0000000 -8.9687500
108.1250000 442.7500000 -8.9843750
107.5625000 443.2500000 -9.0078125
106.9375000 442.7500000 -8.9375000
107.1250000 444.0000000 -8.9843750
108.1875000 443.7500000 -9.0390625
107.3750000 444.0000000 -8.9921875
105.9375000 441.2500000 -8.8828125
107.6250000 444.0000000 -9.0000000
107.3125000 433.2500000 -8.8203125
110.8750000 438.2500000 -8.9843750
116.1250000 444.0000000 -9.2812500
106.6875000 446.2500000 -9.0078125
106.7500000 428.0000000 -8.6875000
89.3750000 391.0000000 -8.2890625
107.4375000 440.5000000 -8.9140625
103.6250000 444.0000000 -8.8984375
104.3750000 443.5000000 -8.8671875
104.7500000 440.5000000 -8.7656250
104.8750000 441.0000000 -8.7734375
104.8750000 439.5000000 -8.6953125
104.8125000 438.0000000 -8.6640625
104.8750000 438.7500000 -8.6640625
104.8125000 439.5000000 -8.6796875
104.7500000 440.0000000 -8.6953125
105.0000000 439.2500000 -8.6875000
104.8750000 438.5000000 -8.6406250
104.9375000 438.7500000 -8.6718750
104.8750000 438.2500000 -8.6484375
104.7500000 439.2500000 -8.6953125
104.4375000 440.7500000 -8.7421875
104.5000000 440.2500000 -8.7031250
104.5000000 439.5000000 -8.7031250
104.3125000 439.7500000 -8.7187500
104.6250000 439.2500000 -8.6875000
104.5625000 439.0000000 -8.6718750
104.3750000 439.5000000 -8.6875000
104.8125000 438.0000000 -8.6328125
105.1250000 438.2500000 -8.6484375
105.0625000 439.0000000 -8.6875000
104.6875000 437.7500000 -8.6562500
104.4375000 438.0000000 -8.6406250
104.8750000 437.0000000 -8.6250000
104.6875000 436.5000000 -8.6093750
105.0000000 436.5000000 -8.6093750
104.8125000 437.2500000 -8.6015625
104.7500000 435.5000000 -8.5937500
104.9375000 435.0000000 -8.5781250
104.9375000 435.0000000 -8.5781250
104.9375000 435.5000000 -8.5937500
104.7500000 434.7500000 -8.5859375
104.8750000 434.2500000 -8.5937500
104.6250000 433.7500000 -8.5859375
104.3750000 434.7500000 -8.6015625
104.6250000 433.5000000 -8.6093750
104.6250000 432.0000000 -8.5625000
104.5000000 434.2500000 -8.5859375
104.6875000 432.5000000 -8.5625000
104.8125000 432.2500000 -8.5468750
104.8125000 433.2500000 -8.5546875
104.8750000 433.2500000 -8.5390625
105.0625000 432.2500000 -8.5078125
104.8750000 432.0000000 -8.5468750
104.8125000 431.0000000 -8.5078125
104.8125000 431.2500000 -8.5234375
104.9375000 430.5000000 -8.4843750
104.8750000 429.5000000 -8.4843750
104.8750000 430.5000000 -8.5078125
104.6250000 429.2500000 -8.5000000
104.7500000 430.2500000 -8.5156250
104.8125000 429.0000000 -8.5078125
104.8125000 428.0000000 -8.4843750
104.8750000 428.7500000 -8.4843750
104.5625000 429.7500000 -8.5156250
104.9375000 427.7500000 -8.5000000
104.9375000 426.7500000 -8.4843750
105.0000000 426.7500000 -8.4921875
105.2500000 425.7500000 -8.4687500
105.0000000 427.2500000 -8.4921875
105.1875000 426.5000000 -8.4921875
105.1875000 428.0000000 -8.5000000
105.2500000 426.5000000 -8.4921875
105.1250000 428.2500000 -8.5234375
105.0625000 425.5000000 -8.4921875
105.2500000 426.2500000 -8.4843750
105.3125000 423.0000000 -8.4609375
105.1875000 424.0000000 -8.4531250
105.1875000 424.5000000 -8.4765625
105.3125000 423.0000000 -8.4531250
105.1875000 423.0000000 -8.4765625
105.1875000 423.0000000 -8.4687500
105.4375000 421.2500000 -8.4609375
105.2500000 421.7500000 -8.4921875
105.5000000 421.7500000 -8.4375000
105.3750000 421.2500000 -8.4453125
105.2500000 422.0000000 -8.4296875
105.3750000 422.0000000 -8.4375000
105.4375000 421.5000000 -8.4375000
105.4375000 423.0000000 -8.4375000
105.3750000 422.0000000 -8.4296875
105.1875000 423.2500000 -8.4375000
105.3750000 422.2500000 -8.4296875
105.3750000 421.7500000 -8.4218750
105.4375000 421.0000000 -8.4062500
105.3750000 421.0000000 -8.4375000
105.3750000 420.7500000 -8.4140625
105.3750000 420.2500000 -8.4140625
105.3750000 418.5000000 -8.3906250
105.4375000 418.0000000 -8.3906250
105.3125000 418.0000000 -8.3906250
105.2500000 420.0000000 -8.4375000
105.2500000 417.7500000 -8.4062500
105.3750000 418.0000000 -8.3906250
105.3750000 416.7500000 -8.3906250
105.3125000 416.5000000 -8.3750000
105.3750000 416.7500000 -8.3750000
105.4375000 417.7500000 -8.3828125
105.4375000 417.2500000 -8.3671875
105.4375000 415.7500000 -8.3515625
105.2500000 416.2500000 -8.3515625
105.2500000 415.0000000 -8.3515625
105.3125000 414.2500000 -8.3359375
105.3750000 415.2500000 -8.3671875
105.2500000 416.2500000 -8.3671875
105.3125000 414.5000000 -8.3359375
105.3750000 414.7500000 -8.3515625
105.2500000 412.0000000 -8.3281250
105.2500000 413.0000000 -8.3437500
105.1875000 411.5000000 -8.3203125
105.3125000 413.2500000 -8.3359375
105.2500000 411.7500000 -8.3281250
105.2500000 413.0000000 -8.3906250
105.2500000 412.2500000 -8.3437500
105.1250000 411.5000000 -8.3281250
105.0000000 411.2500000 -8.3359375
105.1875000 411.2500000 -8.3359375
105.2500000 412.2500000 -8.3437500
105.0625000 411.2500000 -8.3359375
105.1250000 410.7500000 -8.3281250
105.1250000 410.2500000 -8.3281250
105.1250000 409.7500000 -8.3046875
105.1875000 409.0000000 -8.3125000
105.3750000 409.5000000 -8.3125000
105.1875000 410.0000000 -8.2968750
105.1250000 409.2500000 -8.2890625
105.1250000 407.7500000 -8.2578125
105.3750000 408.2500000 -8.2812500
105.1875000 407.7500000 -8.2734375
105.1875000 408.0000000 -8.2812500
105.1250000 407.0000000 -8.2578125
105.2500000 407.5000000 -8.2656250
105.1250000 406.2500000 -8.2500000
105.1875000 407.0000000 -8.2656250
105.3750000 405.5000000 -8.2421875
105.1875000 404.7500000 -8.2109375
105.2500000 404.5000000 -8.2109375
105.2500000 403.5000000 -8.1953125
105.3750000 405.0000000 -8.2187500
105.3750000 404.7500000 -8.2187500
105.4375000 405.0000000 -8.2109375
105.3125000 403.2500000 -8.1875000
105.3125000 403.5000000 -8.1953125
105.4375000 402.5000000 -8.1640625
105.3125000 401.5000000 -8.1562500
105.4375000 401.7500000 -8.1718750
105.3750000 400.5000000 -8.1406250
105.1875000 402.0000000 -8.1562500
105.4375000 402.7500000 -8.1796875
105.4375000 401.0000000 -8.1484375
105.3750000 402.5000000 -8.1718750
105.4375000 401.0000000 -8.1562500
105.3750000 402.0000000 -8.1796875
105.3125000 400.7500000 -8.1406250
105.2500000 400.5000000 -8.1484375
105.3125000 400.5000000 -8.1484375
105.1875000 400.2500000 -8.1328125
105.2500000 400.5000000 -8.1484375
105.3125000 399.2500000 -8.1250000
105.1875000 400.2500000 -8.1406250
105.1250000 398.7500000 -8.1171875
105.1875000 399.2500000 -8.1171875
105.1875000 398.0000000 -8.0781250
105.0000000 398.0000000 -8.0781250
105.1250000 397.2500000 -8.0703125
105.0625000 397.5000000 -8.0703125
105.0625000 396.7500000 -8.0546875
105.1250000 396.7500000 -8.0625000
105.0625000 396.2500000 -8.0468750
105.1875000 396.0000000 -8.0312500
105.1875000 394.7500000 -8.0156250
105.0000000 394.2500000 -7.9843750
105.1875000 393.5000000 -7.9843750
105.0625000 395.5000000 -8.0156250
105.0000000 393.0000000 -7.9453125
105.1250000 394.0000000 -7.9843750
104.8125000 392.7500000 -7.9296875
104.8750000 393.5000000 -7.9609375
104.8125000 392.0000000 -7.9296875
104.8750000 392.2500000 -7.9296875
105.0000000 392.5000000 -7.9531250
104.8750000 392.0000000 -7.9140625
104.8125000 392.0000000 -7.9062500
104.9375000 391.7500000 -7.9062500
104.9375000 390.5000000 -7.8671875
104.8750000 389.7500000 -7.8437500
104.8750000 389.2500000 -7.8281250
104.8750000 389.2500000 -7.8203125
104.8125000 389.5000000 -7.8203125
104.9375000 389.0000000 -7.8203125
104.9375000 388.0000000 -7.8203125
105.0000000 387.5000000 -7.8203125
105.0000000 388.0000000 -7.8046875
104.6875000 387.0000000 -7.7968750
104.7500000 387.5000000 -7.8046875
105.0625000 388.0000000 -7.8359375
104.7500000 386.2500000 -7.7890625
104.7500000 387.0000000 -7.7890625
104.8750000 387.0000000 -7.7812500
104.5625000 386.0000000 -7.7578125
104.8125000 386.5000000 -7.7812500
104.7500000 385.5000000 -7.7343750
104.6875000 384.7500000 -7.7109375
104.6875000 386.0000000 -7.7500000
104.6875000 385.5000000 -7.7343750
104.6250000 385.2500000 -7.7421875
104.6875000 385.5000000 -7.7656250
104.6250000 385.7500000 -7.7500000
105.1250000 386.5000000 -7.7734375
104.7500000 386.0000000 -7.7656250
104.4375000 384.5000000 -7.7109375
104.3125000 384.5000000 -7.7031250
104.3750000 384.7500000 -7.7187500
104.6250000 385.2500000 -7.7343750
104.5000000 385.0000000 -7.7031250
104.1875000 383.7500000 -7.6796875
104.4375000 384.5000000 -7.6953125
104.0625000 382.7500000 -7.6484375
103.6875000 380.7500000 -7.5625000
103.8750000 381.7500000 -7.6015625
103.7500000 382.2500000 -7.5859375
103.8125000 382.5000000 -7.6250000
103.4375000 380.7500000 -7.5468750
103.7500000 381.2500000 -7.5625000
103.7500000 380.7500000 -7.5546875
103.2500000 379.2500000 -7.4921875
103.0625000 378.5000000 -7.4843750
103.0000000 379.0000000 -7.5000000
103.2500000 378.5000000 -7.4843750
103.3750000 378.7500000 -7.5000000
103.4375000 379.0000000 -7.5000000
103.0000000 378.0000000 -7.4765625
103.1250000 377.7500000 -7.4765625
103.0000000 377.0000000 -7.4218750
103.1250000 377.0000000 -7.4218750
103.2500000 376.5000000 -7.3828125
103.2500000 376.7500000 -7.3984375
103.3750000 377.0000000 -7.4140625
103.0000000 375.5000000 -7.3359375
102.6250000 374.5000000 -7.2890625
102.8750000 375.2500000 -7.3281250
102.9375000 374.5000000 -7.2890625
102.5000000 374.0000000 -7.2812500
101.6250000 374.0000000 -7.3125000
101.6250000 373.7500000 -7.2812500
101.4375000 373.0000000 -7.2343750
101.5625000 374.0000000 -7.3281250
102.7500000 374.0000000 -7.2812500
102.0000000 373.2500000 -7.2578125
102.6250000 373.2500000 -7.2421875
102.2500000 373.0000000 -7.2500000
102.2500000 373.0000000 -7.2109375
101.9375000 372.0000000 -7.1796875
102.4375000 372.7500000 -7.2109375
102.3125000 371.5000000 -7.1796875
103.1875000 371.2500000 -7.1718750
103.5000000 370.5000000 -7.1406250
103.5000000 371.2500000 -7.1250000
103.8125000 370.7500000 -7.0937500
104.3125000 370.0000000 -7.0859375
103.0625000 370.2500000 -7.1171875
103.1875000 370.5000000 -7.1171875
103.6875000 369.7500000 -7.0859375
104.0625000 369.7500000 -7.1093750
103.1250000 370.0000000 -7.1171875
105.3750000 367.5000000 -6.9843750
104.8750000 368.2500000 -7.0234375
104.4375000 368.5000000 -7.0468750
105.6875000 367.5000000 -6.9765625
105.4375000 367.5000000 -7.0000000
104.8125000 367.5000000 -7.0312500
105.3750000 366.7500000 -6.9921875
106.0000000 366.5000000 -6.9531250
106.6875000 365.5000000 -6.8906250
106.8125000 365.7500000 -6.8984375
106.6250000 365.7500000 -6.8984375
106.6250000 366.2500000 -6.9296875
106.9375000 365.2500000 -6.8437500
107.0000000 365.7500000 -6.8750000
107.1875000 365.7500000 -6.8828125
107.6875000 364.7500000 -6.8281250
107.6250000 364.5000000 -6.7890625
107.0625000 366.0000000 -6.8828125
107.3125000 364.0000000 -6.7734375
108.0625000 364.0000000 -6.7734375
107.6250000 364.7500000 -6.8203125
107.9375000 364.2500000 -6.7890625
108.1250000 364.0000000 -6.7812500
108.3125000 363.7500000 -6.7578125
108.3125000 363.7500000 -6.7578125
108.3125000 363.2500000 -6.7265625
108.7500000 362.5000000 -6.6953125
108.6250000 362.7500000 -6.7031250
108.5000000 362.0000000 -6.6718750
108.9375000 362.2500000 -6.6718750
108.8125000 361.2500000 -6.6406250
109.1875000 361.0000000 -6.6171875
109.2500000 361.0000000 -6.6171875
109.1250000 360.5000000 -6.5937500
109.1875000 361.5000000 -6.6328125
109.3125000 360.5000000 -6.5937500
109.1250000 360.7500000 -6.6093750
109.1250000 361.0000000 -6.6171875
108.8750000 360.2500000 -6.5703125
109.2500000 360.0000000 -6.5625000
108.9375000 359.2500000 -6.4843750
109.2500000 360.0000000 -6.5468750
109.5000000 359.7500000 -6.5312500
109.4375000 359.7500000 -6.5234375
109.8750000 359.0000000 -6.4687500
109.6875000 359.0000000 -6.4843750
109.5000000 359.0000000 -6.4921875
108.9375000 356.7500000 -6.3671875
110.0000000 357.5000000 -6.3906250
109.8750000 357.0000000 -6.3906250
110.0000000 356.5000000 -6.3593750
110.0625000 356.7500000 -6.3671875
110.0000000 355.7500000 -6.3515625
110.3750000 356.0000000 -6.3437500
110.1250000 356.0000000 -6.3828125
110.1250000 354.7500000 -6.3046875
109.8125000 355.0000000 -6.3046875
109.9375000 354.7500000 -6.3203125
110.0000000 354.5000000 -6.2812500
110.0000000 354.0000000 -6.2656250
109.8750000 354.0000000 -6.2812500
110.1250000 353.7500000 -6.2578125
110.1250000 351.7500000 -6.1562500
110.0000000 354.0000000 -6.2890625
109.5625000 353.2500000 -6.2656250
110.0000000 353.5000000 -6.2812500
110.0625000 353.5000000 -6.2578125
110.0000000 353.2500000 -6.2421875
110.0000000 352.5000000 -6.1796875
109.9375000 351.5000000 -6.1562500
110.1250000 351.5000000 -6.1406250
110.0625000 352.2500000 -6.1875000
109.7500000 351.0000000 -6.1250000
109.6875000 351.2500000 -6.1718750
109.7500000 350.5000000 -6.1484375
109.5625000 350.2500000 -6.1328125
109.6875000 349.7500000 -6.0703125
109.9375000 349.0000000 -6.0351562
103.7500000 322.2500000 -5.6953125
106.8750000 340.7500000 -5.9843750
110.1250000 349.5000000 -6.2265625
110.0625000 350.0000000 -6.1250000
109.6250000 349.0000000 -6.0507812
109.6250000 349.5000000 -6.0585938
109.3125000 349.2500000 -6.0664062
109.6250000 349.0000000 -6.0546875
109.6875000 347.7500000 -6.0156250
109.8750000 348.5000000 -6.0429688
109.8125000 347.2500000 -6.0156250
109.6250000 346.0000000 -6.0078125
110.4375000 345.2500000 -6.0507812
109.8750000 344.5000000 -6.0585938
110.0625000 344.5000000 -6.0273438
110.7500000 344.5000000 -6.0351562
109.9375000 345.0000000 -5.9882812
109.3750000 346.5000000 -5.9648438
109.7500000 348.5000000 -6.0507812
109.3125000 347.0000000 -6.0000000
109.7500000 347.5000000 -6.0039062
109.8750000 347.7500000 -6.0312500
110.6875000 344.0000000 -5.9257812
111.1250000 344.5000000 -5.9335938
109.9375000 344.7500000 -5.9375000
109.6250000 344.0000000 -5.9023438
108.9375000 343.7500000 -5.9023438
110.6250000 344.0000000 -5.9257812
110.8750000 343.2500000 -5.9140625
109.5625000 343.5000000 -5.9101562
110.0000000 345.2500000 -5.8984375
108.6250000 345.2500000 -5.9335938
108.3750000 344.2500000 -5.9570312
109.4375000 342.7500000 -5.9296875
109.1250000 341.5000000 -5.9414062
109.3750000 341.2500000 -5.9101562
109.5000000 342.0000000 -5.8945312
109.5625000 342.2500000 -5.8515625
108.8750000 341.7500000 -5.8710938
108.9375000 341.7500000 -5.9296875
106.5625000 340.2500000 -5.8007812
106.3125000 340.0000000 -5.7617188
106.8750000 340.2500000 -5.7617188
106.6250000 340.2500000 -5.7382812
106.9375000 339.5000000 -5.7695312
106.6250000 340.2500000 -5.8046875
107.1875000 339.0000000 -5.7734375
106.7500000 340.0000000 -5.8750000
106.6250000 339.7500000 -5.8632812
106.6250000 339.0000000 -5.9062500
105.7500000 338.7500000 -5.9023438
105.5625000 338.2500000 -5.8554688
104.8750000 340.0000000 -5.9726562
104.6250000 338.7500000 -5.9023438
104.1875000 339.0000000 -5.9257812
104.1875000 339.2500000 -5.9218750
103.0000000 340.0000000 -5.8750000
105.0625000 356.2500000 -6.2421875
100.1875000 339.0000000 -5.8320312
99.1250000 340.0000000 -5.8750000
98.8125000 339.2500000 -5.8671875
96.5000000 339.7500000 -5.7695312
97.5625000 339.5000000 -5.8203125
97.2500000 339.2500000 -5.8515625
96.8750000 340.0000000 -5.8125000
98.6875000 339.5000000 -5.8750000
102.8750000 362.7500000 -6.3437500
98.5000000 345.0000000 -5.9882812
100.0625000 344.7500000 -5.9375000
94.8750000 339.5000000 -5.8046875
101.9375000 355.2500000 -6.0703125
96.0000000 340.0000000 -5.7968750
95.1250000 339.5000000 -5.8125000
96.8750000 339.5000000 -5.8476562
96.3125000 339.5000000 -5.8398438
98.1250000 344.7500000 -5.7695312
96.3750000 339.7500000 -5.8164062
94.6875000 339.7500000 -5.7656250
95.4375000 340.0000000 -5.8007812
95.1875000 340.0000000 -5.7656250
94.7500000 339.7500000 -5.7890625
93.8750000 338.5000000 -5.7968750
94.3750000 339.5000000 -5.7656250
93.9375000 339.2500000 -5.7578125
93.8125000 340.0000000 -5.7500000
94.7500000 339.7500000 -5.7343750
92.5000000 338.7500000 -5.7460938
92.5000000 339.7500000 -5.7304688
92.3125000 340.0000000 -5.7226562
92.5000000 339.7500000 -5.7773438
92.8750000 339.0000000 -5.7539062
92.3750000 339.2500000 -5.7773438
91.2500000 339.7500000 -5.7695312
91.6875000 337.5000000 -5.7187500
91.6250000 339.0000000 -5.7578125
92.8750000 337.7500000 -5.6679688
92.8750000 344.5000000 -5.9023438
91.3125000 334.2500000 -5.5820312
90.3750000 333.7500000 -5.5898438
91.0000000 342.7500000 -5.8984375
90.0000000 339.5000000 -5.7421875
89.3750000 339.5000000 -5.7500000
91.3125000 343.5000000 -5.9687500
89.0625000 342.2500000 -5.8085938
88.1875000 338.7500000 -5.7382812
88.6875000 338.7500000 -5.7539062
88.6875000 338.7500000 -5.7500000
88.8125000 340.0000000 -5.7539062
90.3750000 350.5000000 -5.9843750
89.5000000 342.5000000 -5.7695312
87.5625000 339.0000000 -5.7265625
90.3750000 351.0000000 -5.8437500
86.8750000 337.7500000 -5.6484375
90.4375000 356.0000000 -5.9335938
85.6250000 339.0000000 -5.6406250
86.1250000 338.2500000 -5.6523438
89.3125000 360.2500000 -6.0625000
86.8125000 344.5000000 -5.6289062
86.6250000 339.5000000 -5.5976562
84.3750000 338.7500000 -5.6289062
84.7500000 342.0000000 -5.5312500
85.6875000 341.0000000 -5.5429688
84.8125000 340.2500000 -5.5703125
83.5625000 340.2500000 -5.4414062
84.1875000 341.5000000 -5.5195312
84.3750000 339.7500000 -5.4726562
83.9375000 340.2500000 -5.4804688
83.0625000 340.2500000 -5.5156250
84.3125000 340.0000000 -5.4570312
82.7500000 339.5000000 -5.4531250
86.7500000 364.7500000 -5.9804688
83.1250000 339.5000000 -5.4531250
82.7500000 339.7500000 -5.4492188
81.7500000 340.0000000 -5.5156250
82.1875000 338.7500000 -5.4843750
81.5625000 338.7500000 -5.4375000
81.7500000 338.2500000 -5.4414062
81.7500000 338.7500000 -5.4531250
82.6250000 339.2500000 -5.4726562
80.7500000 340.0000000 -5.5390625
81.5625000 338.5000000 -5.3984375
80.3750000 339.0000000 -5.4726562
80.3125000 339.5000000 -5.4921875
80.1875000 340.2500000 -5.4570312
79.5000000 339.0000000 -5.4218750
80.3750000 339.2500000 -5.3984375
78.7500000 339.2500000 -5.5468750
78.3125000 340.5000000 -5.4804688
78.9375000 340.0000000 -5.4882812
78.0625000 339.5000000 -5.5859375
79.0000000 339.5000000 -5.4179688
78.7500000 339.0000000 -5.5703125
78.7500000 340.2500000 -5.4843750
77.0000000 345.7500000 -5.6328125
76.1250000 340.2500000 -5.5781250
76.6875000 340.0000000 -5.5195312
76.9375000 340.0000000 -5.4609375
76.5000000 340.7500000 -5.4921875
74.8750000 339.5000000 -5.4531250
75.1250000 338.2500000 -5.4687500
74.4375000 340.0000000 -5.4687500
74.5000000 339.2500000 -5.5000000
74.6250000 339.5000000 -5.4882812
75.4375000 339.7500000 -5.4648438
75.3750000 338.7500000 -5.4843750
74.9375000 338.0000000 -5.4765625
74.5000000 338.0000000 -5.4375000
74.8125000 338.5000000 -5.4921875
74.3750000 337.5000000 -5.4375000
74.0000000 338.5000000 -5.4804688
72.8750000 337.2500000 -5.4570312
72.1250000 338.5000000 -5.5039062
72.0000000 339.5000000 -5.4218750
71.3750000 340.0000000 -5.4765625
71.1250000 341.0000000 -5.4765625
71.1250000 339.2500000 -5.4609375
71.0000000 340.0000000 -5.3710938
71.3125000 339.0000000 -5.3437500
71.0000000 339.0000000 -5.3671875
70.3750000 339.2500000 -5.3437500
70.6250000 340.0000000 -5.4101562
69.8125000 339.0000000 -5.4453125
71.0000000 340.0000000 -5.4062500
70.9375000 339.2500000 -5.4492188
71.8125000 343.2500000 -5.6289062
70.5000000 338.2500000 -5.4492188
70.4375000 338.7500000 -5.4570312
70.4375000 338.5000000 -5.4375000
70.6250000 339.0000000 -5.4453125
70.9375000 339.7500000 -5.4257812
70.8125000 339.7500000 -5.4531250
70.8125000 337.7500000 -5.4453125
70.6250000 339.0000000 -5.4570312
71.7500000 338.7500000 -5.5976562
75.2500000 337.2500000 -5.7812500
70.5000000 338.2500000 -5.5468750
71.6250000 336.7500000 -5.6015625
72.3750000 337.7500000 -5.7187500
71.4375000 338.5000000 -5.4882812
70.7500000 337.7500000 -5.5312500
69.9375000 338.2500000 -5.4843750
70.8125000 338.2500000 -5.4335938
70.4375000 339.0000000 -5.4453125
70.4375000 338.2500000 -5.4257812
72.3125000 340.7500000 -5.6250000
75.6875000 342.0000000 -5.7304688
71.8750000 314.7500000 -5.5195312
73.9375000 337.0000000 -5.7109375
76.4375000 336.2500000 -5.8671875
79.0000000 346.5000000 -6.0703125
71.1875000 336.2500000 -5.4921875
71.0625000 337.7500000 -5.4882812
68.7500000 335.2500000 -5.3945312
68.8750000 335.5000000 -5.3828125
68.9375000 335.5000000 -5.3046875
69.1875000 335.5000000 -5.3203125
69.0625000 336.2500000 -5.3203125
68.5625000 336.0000000 -5.3359375
69.0000000 336.2500000 -5.3203125
68.2500000 335.0000000 -5.3046875
68.8750000 336.0000000 -5.3085938
68.5000000 334.7500000 -5.3281250
67.6875000 334.0000000 -5.3046875
68.1250000 333.5000000 -5.3125000
68.0625000 333.5000000 -5.3828125
68.1250000 334.0000000 -5.4101562
68.2500000 335.0000000 -5.4687500
68.1875000 334.0000000 -5.4414062
67.8750000 334.2500000 -5.4570312
68.3750000 333.2500000 -5.4570312
68.5625000 334.7500000 -5.4570312
68.3125000 332.2500000 -5.4687500
68.1875000 333.5000000 -5.4257812
68.1875000 331.7500000 -5.4453125
68.0000000 333.0000000 -5.4218750
67.8125000 332.0000000 -5.3632812
67.3125000 331.0000000 -5.4023438
67.0000000 331.2500000 -5.3710938
66.9375000 331.2500000 -5.3632812
66.3750000 330.5000000 -5.3828125
66.4375000 330.5000000 -5.3632812
66.1250000 330.0000000 -5.3984375
66.3125000 330.2500000 -5.4140625
65.5000000 328.7500000 -5.4140625
66.3125000 330.2500000 -5.4179688
65.0625000 328.0000000 -5.4453125
65.1250000 327.7500000 -5.4062500
65.2500000 328.7500000 -5.4765625
64.6250000 327.2500000 -5.4609375
65.0000000 327.5000000 -5.4414062
64.5000000 327.2500000 -5.4648438
64.5000000 327.0000000 -5.4531250
65.0625000 327.7500000 -5.5039062
63.9687500 326.7500000 -5.4921875
65.6250000 328.0000000 -5.4765625
64.9375000 327.7500000 -5.5195312
63.9375000 326.0000000 -5.5156250
63.5937500 326.5000000 -5.5117188
62.7500000 325.0000000 -5.5468750
63.8125000 326.0000000 -5.4921875
63.2500000 325.0000000 -5.5625000
63.1875000 325.2500000 -5.5351562
62.7812500 324.2500000 -5.5312500
62.6562500 324.7500000 -5.5468750
62.7187500 324.7500000 -5.5507812
61.6562500 323.2500000 -5.5625000
61.3750000 322.7500000 -5.5742188
61.7812500 323.2500000 -5.5703125
62.0000000 324.0000000 -5.5664062
61.7812500 323.7500000 -5.5664062
60.9375000 322.7500000 -5.5898438
61.8125000 323.0000000 -5.5703125
61.7812500 324.0000000 -5.6171875
60.8437500 322.7500000 -5.6171875
62.0937500 325.5000000 -5.6171875
61.5312500 324.0000000 -5.6093750
62.0000000 323.7500000 -5.6210938
60.9687500 323.0000000 -5.6250000
61.0000000 323.2500000 -5.5781250
61.0312500 323.5000000 -5.6250000
56.9062500 324.0000000 -5.4687500
60.8750000 319.7500000 -5.5156250
64.0000000 324.7500000 -5.5859375
60.7187500 321.7500000 -5.5625000
59.2500000 320.7500000 -5.6367188
58.6875000 319.2500000 -5.6210938
58.4375000 318.7500000 -5.6367188
58.2500000 318.2500000 -5.6210938
59.0625000 320.5000000 -5.6328125
58.4062500 319.2500000 -5.6601562
58.8125000 319.5000000 -5.6562500
57.2812500 317.5000000 -5.6796875
58.2812500 318.2500000 -5.6328125
57.5937500 318.2500000 -5.6835938
56.5625000 316.0000000 -5.7109375
56.7812500 316.7500000 -5.6914062
56.9375000 316.5000000 -5.7187500
56.4687500 316.0000000 -5.7304688
56.3437500 316.0000000 -5.7109375
56.3437500 316.7500000 -5.7226562
55.7812500 315.5000000 -5.7382812
55.7187500 315.0000000 -5.7343750
55.5312500 314.7500000 -5.7539062
55.4375000 314.5000000 -5.7539062
54.4687500 313.0000000 -5.7695312
54.7187500 313.5000000 -5.7578125
55.0000000 314.2500000 -5.7578125
54.3125000 312.7500000 -5.7656250
54.1875000 312.5000000 -5.7812500
53.5312500 312.0000000 -5.7929688
53.9375000 312.5000000 -5.7812500
53.5000000 311.2500000 -5.7929688
53.3750000 311.2500000 -5.8203125
53.8437500 311.7500000 -5.8164062
53.0625000 310.2500000 -5.8164062
52.6875000 310.5000000 -5.8203125
53.5937500 311.2500000 -5.8046875
53.5625000 311.5000000 -5.8007812
53.0000000 311.5000000 -5.8164062
52.7500000 310.5000000 -5.8281250
53.0000000 310.2500000 -5.8281250
53.0312500 310.2500000 -5.8164062
53.0000000 310.0000000 -5.8085938
51.9375000 309.2500000 -5.8398438
52.0937500 309.0000000 -5.8242188
52.0000000 309.5000000 -5.8203125
51.4062500 308.2500000 -5.8359375
51.8125000 308.5000000 -5.8242188
51.9687500 308.5000000 -5.8203125
50.9375000 307.5000000 -5.8593750
51.4375000 308.7500000 -5.8281250
50.5937500 308.0000000 -5.8398438
49.9062500 307.7500000 -5.8671875
50.2500000 308.7500000 -5.8750000
50.3750000 307.7500000 -5.8554688
50.2187500 307.0000000 -5.8515625
50.0000000 306.7500000 -5.8437500
49.7812500 307.5000000 -5.8710938
49.8750000 306.5000000 -5.8554688
49.6562500 305.0000000 -5.8554688
49.4062500 304.0000000 -5.8593750
49.5937500 305.0000000 -5.8437500
49.5312500 304.7500000 -5.8476562
49.6562500 305.2500000 -5.8554688
49.1875000 303.2500000 -5.8671875
49.5625000 302.7500000 -5.8203125
48.9687500 303.2500000 -5.8867188
48.8125000 302.7500000 -5.8671875
48.7500000 303.0000000 -5.8828125
48.9062500 302.7500000 -5.8671875
49.2500000 302.5000000 -5.8476562
48.8750000 303.0000000 -5.8867188
48.3437500 301.0000000 -5.8867188
48.5937500 302.2500000 -5.8945312
48.7812500 302.5000000 -5.8945312
48.6250000 302.5000000 -5.9257812
48.5625000 301.2500000 -5.8906250
48.4375000 301.0000000 -5.8867188
48.3437500 301.2500000 -5.9140625
48.4687500 300.7500000 -5.8789062
48.3125000 301.0000000 -5.8945312
48.2187500 298.5000000 -5.8437500
48.2812500 300.2500000 -5.8945312
48.0937500 299.2500000 -5.8750000
48.2500000 298.5000000 -5.8632812
48.3750000 299.2500000 -5.8789062
48.5625000 299.7500000 -5.8671875
48.3437500 299.5000000 -5.8554688
48.2187500 299.2500000 -5.8789062
48.1250000 297.7500000 -5.8437500
48.3437500 299.2500000 -5.8906250
48.0312500 298.0000000 -5.8515625
47.9687500 296.0000000 -5.8281250
48.3125000 297.2500000 -5.8437500
48.0937500 297.2500000 -5.8671875
47.9375000 296.7500000 -5.8515625
47.9375000 297.0000000 -5.8359375
47.5625000 293.7500000 -5.8046875
47.9375000 293.7500000 -5.7890625
47.8750000 295.5000000 -5.8242188
47.6875000 293.0000000 -5.7929688
48.1250000 295.7500000 -5.8320312
47.9062500 294.2500000 -5.8007812
48.0000000 294.2500000 -5.8125000
47.9687500 294.7500000 -5.8164062
47.7500000 291.5000000 -5.7773438
47.7187500 293.2500000 -5.8125000
47.9062500 292.7500000 -5.7851562
48.0625000 294.0000000 -5.7968750
47.9375000 294.2500000 -5.8046875
47.8125000 291.5000000 -5.7617188
47.7187500 290.7500000 -5.7578125
47.7500000 291.7500000 -5.7695312
47.6250000 290.2500000 -5.7578125
47.5000000 290.7500000 -5.7539062
47.5937500 290.2500000 -5.7460938
47.5625000 291.2500000 -5.7773438
47.7187500 290.0000000 -5.7500000
47.6875000 290.7500000 -5.7695312
47.4062500 291.2500000 -5.7656250
47.5312500 290.2500000 -5.7734375
47.5625000 290.0000000 -5.7734375
47.7187500 289.7500000 -5.7500000
47.7500000 290.2500000 -5.7734375
47.7812500 290.2500000 -5.7812500
47.8125000 289.7500000 -5.7656250
47.5937500 288.0000000 -5.7421875
47.3750000 286.5000000 -5.7226562
47.1250000 285.0000000 -5.7226562
47.4687500 286.2500000 -5.7031250
47.2812500 284.7500000 -5.7031250
46.9687500 282.5000000 -5.6601562
47.4062500 286.2500000 -5.6992188
47.1250000 283.7500000 -5.6875000
47.0625000 285.0000000 -5.6992188
47.2187500 286.2500000 -5.7109375
47.1250000 283.0000000 -5.6562500
47.3437500 286.5000000 -5.7070312
47.1562500 285.2500000 -5.7031250
47.1250000 283.0000000 -5.6562500
47.2187500 284.7500000 -5.6601562
46.9062500 282.0000000 -5.6484375
47.0000000 284.0000000 -5.6718750
47.1562500 283.0000000 -5.6601562
47.1562500 283.7500000 -5.6718750
47.0937500 283.7500000 -5.6718750
46.9062500 280.2500000 -5.6445312
46.9687500 280.7500000 -5.6328125
47.0312500 282.5000000 -5.6757812
47.0312500 281.2500000 -5.6445312
47.1250000 281.0000000 -5.6289062
46.9375000 280.0000000 -5.6523438
47.0625000 281.7500000 -5.6796875
46.8437500 279.0000000 -5.6289062
46.7187500 278.0000000 -5.6445312
46.9062500 279.5000000 -5.6523438
47.0312500 281.0000000 -5.6796875
46.8750000 278.7500000 -5.6601562
46.8750000 278.2500000 -5.6406250
46.6562500 277.2500000 -5.6054688
46.6875000 281.0000000 -5.6679688
46.4687500 278.7500000 -5.6523438
46.5625000 276.7500000 -5.6406250
46.5625000 277.7500000 -5.6328125
46.5000000 275.5000000 -5.5859375
46.5000000 277.2500000 -5.6289062
46.6250000 276.0000000 -5.6132812
46.5937500 274.7500000 -5.5976562
46.6562500 276.0000000 -5.6093750
46.5625000 275.5000000 -5.6250000
46.6250000 274.7500000 -5.5625000
46.6250000 274.5000000 -5.6015625
46.5000000 274.7500000 -5.6093750
46.6250000 274.7500000 -5.5976562
46.8437500 277.2500000 -5.6289062
46.4687500 273.7500000 -5.5742188
46.6562500 275.7500000 -5.6015625
46.4375000 274.5000000 -5.6132812
46.6562500 276.2500000 -5.6210938
46.3750000 275.0000000 -5.6367188
46.2500000 275.5000000 -5.6250000
45.9687500 274.7500000 -5.6250000
46.0312500 274.5000000 -5.6210938
46.1562500 275.2500000 -5.6132812
46.1250000 273.5000000 -5.5859375
46.3125000 274.0000000 -5.5625000
46.2500000 274.7500000 -5.5664062
46.3125000 272.7500000 -5.5468750
46.0937500 272.7500000 -5.5546875
46.4687500 273.0000000 -5.5390625
46.3125000 271.2500000 -5.5234375
46.3437500 273.2500000 -5.5703125
46.3750000 272.0000000 -5.5507812
46.6562500 273.5000000 -5.5664062
40.9687500 239.7500000 -4.8125000
46.2187500 270.0000000 -5.5234375
46.4375000 271.0000000 -5.5468750
46.0625000 268.2500000 -5.5039062
46.2187500 268.5000000 -5.4921875
46.2812500 269.2500000 -5.4960938
46.1250000 270.0000000 -5.5078125
46.2812500 268.2500000 -5.4492188
46.1250000 268.2500000 -5.4882812
46.3437500 268.7500000 -5.4921875
46.9375000 274.0000000 -5.6132812
46.9375000 271.5000000 -5.5351562
46.3437500 268.5000000 -5.4960938
46.1250000 269.7500000 -5.4687500
46.2187500 268.5000000 -5.4453125
46.1562500 269.7500000 -5.4453125
46.1562500 268.5000000 -5.4648438
46.0625000 265.2500000 -5.3828125
46.1875000 270.7500000 -5.4609375
46.2500000 268.5000000 -5.4453125
46.1875000 269.2500000 -5.4687500
46.1875000 269.0000000 -5.4687500
45.9375000 264.7500000 -5.4218750
46.0625000 263.5000000 -5.3750000
46.0937500 265.5000000 -5.4218750
46.2187500 264.7500000 -5.4023438
46.3437500 269.0000000 -5.4687500
46.0625000 264.0000000 -5.3789062
46.2500000 269.0000000 -5.4960938
46.0312500 264.5000000 -5.4257812
46.0000000 263.5000000 -5.3906250
45.9687500 264.5000000 -5.4062500
45.9687500 261.7500000 -5.3710938
45.9375000 262.2500000 -5.3632812
45.8750000 266.2500000 -5.4414062
46.0625000 267.5000000 -5.4492188
45.9687500 265.5000000 -5.4179688
46.0312500 263.2500000 -5.4179688
46.0312500 264.0000000 -5.4218750
45.9062500 263.2500000 -5.3984375
45.9687500 260.2500000 -5.3085938
45.9375000 266.0000000 -5.4140625
46.0625000 268.2500000 -5.4179688
45.9375000 262.0000000 -5.3242188
45.8437500 263.5000000 -5.3515625
45.9687500 260.5000000 -5.3359375
45.8437500 262.0000000 -5.3515625
45.8750000 262.5000000 -5.3476562
45.8125000 258.7500000 -5.2851562
45.7500000 260.0000000 -5.3320312
45.6875000 257.2500000 -5.2890625
45.6875000 258.7500000 -5.3007812
45.7500000 257.5000000 -5.2929688
45.8750000 255.5000000 -5.2656250
46.0312500 256.2500000 -5.2968750
45.8750000 256.0000000 -5.2812500
45.7812500 255.5000000 -5.2812500
45.7812500 257.5000000 -5.2968750
45.8750000 256.0000000 -5.2812500
45.6875000 255.5000000 -5.2578125
45.7187500 255.0000000 -5.2421875
45.9062500 260.2500000 -5.2929688
45.7812500 253.8750000 -5.2109375
45.7812500 256.5000000 -5.2695312
45.7187500 254.1250000 -5.2304688
45.7187500 257.5000000 -5.3085938
45.7187500 251.2500000 -5.2148438
45.7500000 253.6250000 -5.2304688
45.7500000 254.5000000 -5.2500000
45.6562500 252.5000000 -5.2187500
45.9062500 255.0000000 -5.2382812
45.6250000 250.8750000 -5.2070312
45.5937500 251.2500000 -5.1992188
45.7812500 252.0000000 -5.2031250
45.5625000 251.7500000 -5.2070312
45.5000000 251.6250000 -5.1992188
45.6562500 253.7500000 -5.2343750
45.5937500 251.0000000 -5.1796875
45.7187500 249.5000000 -5.1835938
45.5000000 251.2500000 -5.1875000
45.4062500 248.2500000 -5.1640625
45.5312500 249.8750000 -5.1757812
45.2812500 248.5000000 -5.1679688
45.5625000 250.6250000 -5.1992188
45.7187500 252.5000000 -5.2187500
45.7187500 253.5000000 -5.2539062
45.5000000 246.5000000 -5.1445312
45.5937500 248.6250000 -5.1835938
45.4687500 247.1250000 -5.1992188
45.5625000 249.2500000 -5.1601562
45.4062500 244.0000000 -5.1250000
45.9687500 252.8750000 -5.2929688
45.3437500 245.8750000 -5.1406250
45.3750000 245.1250000 -5.1406250
45.3750000 243.8750000 -5.1132812
45.2500000 243.7500000 -5.1015625
45.3750000 244.5000000 -5.1093750
45.3750000 243.0000000 -5.0820312
45.3437500 241.0000000 -5.0781250
45.5000000 243.3750000 -5.0859375
45.2812500 242.5000000 -5.0976562
45.4687500 242.5000000 -5.1054688
45.3750000 241.7500000 -5.1093750
45.4687500 242.3750000 -5.0820312
45.3125000 240.0000000 -5.0234375
45.4375000 238.6250000 -5.0507812
45.5937500 239.3750000 -5.0742188
45.5000000 239.2500000 -5.0468750
45.4687500 237.2500000 -5.0234375
45.4375000 238.1250000 -5.0703125
45.5937500 237.1250000 -5.0429688
45.5312500 238.8750000 -5.0546875
45.4375000 240.6250000 -5.0742188
45.3125000 241.3750000 -5.0898438
45.3750000 241.8750000 -5.0859375
45.2500000 238.2500000 -5.0390625
45.3125000 237.1250000 -5.0351562
45.1562500 238.5000000 -5.0546875
45.0937500 236.6250000 -5.0546875
45.1562500 240.6250000 -5.0859375
45.0937500 237.1250000 -5.0546875
45.1250000 238.0000000 -5.0312500
45.2812500 237.1250000 -5.0625000
45.0937500 235.3750000 -5.0078125
45.0000000 233.0000000 -4.9921875
45.0312500 233.2500000 -5.0117188
45.3125000 238.7500000 -5.0585938
45.1562500 238.0000000 -5.0664062
45.0937500 235.0000000 -5.0546875
45.2187500 236.0000000 -5.0703125
45.1250000 233.7500000 -5.0429688
45.0000000 232.1250000 -5.0234375
45.0000000 231.6250000 -5.0156250
45.1875000 234.8750000 -5.0117188
44.9687500 230.6250000 -5.0195312
45.0937500 233.2500000 -5.0507812
45.1250000 235.6250000 -5.0312500
45.0937500 235.1250000 -5.0429688
44.9375000 232.1250000 -5.0039062
44.9375000 233.3750000 -5.0234375
45.0000000 233.1250000 -5.0000000
45.0312500 234.1250000 -5.0039062
44.9375000 230.8750000 -4.9882812
45.0937500 232.7500000 -5.0117188
44.9687500 233.5000000 -5.0078125
44.9375000 233.1250000 -5.0039062
45.4062500 233.2500000 -5.0546875
44.8750000 231.1250000 -5.0117188
45.0000000 236.1250000 -5.0468750
44.8437500 232.5000000 -5.0156250
44.9062500 228.0000000 -4.9843750
44.9687500 230.0000000 -5.0039062
44.9687500 229.1250000 -5.0039062
44.9375000 227.7500000 -5.0078125
44.9375000 227.8750000 -5.0117188
45.0312500 228.2500000 -5.0000000
45.0312500 227.8750000 -5.0078125
45.0000000 227.1250000 -5.0195312
44.8750000 225.5000000 -4.9843750
44.9062500 225.7500000 -4.9804688
44.9375000 227.1250000 -4.9921875
44.9062500 225.1250000 -4.9765625
44.9687500 227.5000000 -5.0039062
45.0000000 227.1250000 -4.9960938
44.8437500 226.0000000 -4.9687500
44.8750000 225.2500000 -4.9765625
44.9062500 225.6250000 -4.9609375
44.9062500 223.5000000 -4.9257812
44.8750000 226.2500000 -4.9765625
44.8750000 224.1250000 -4.9492188
44.9375000 224.8750000 -4.9687500
44.9687500 226.2500000 -4.9687500
45.0312500 224.3750000 -4.9531250
44.7500000 224.1250000 -4.9335938
44.9062500 223.3750000 -4.9414062
44.9062500 222.8750000 -4.9492188
44.8750000 221.5000000 -4.9062500
44.9687500 222.6250000 -4.9375000
44.8750000 223.5000000 -4.9531250
44.8437500 220.3750000 -4.9062500
44.8750000 221.5000000 -4.9296875
44.8750000 220.5000000 -4.9140625
44.8750000 219.8750000 -4.9257812
44.9062500 219.8750000 -4.9492188
44.8125000 218.6250000 -4.8828125
44.9375000 220.6250000 -4.9140625
44.9062500 220.3750000 -4.9257812
44.9062500 218.5000000 -4.8750000
44.8437500 216.5000000 -4.8398438
44.9687500 219.5000000 -4.9101562
44.7812500 218.8750000 -4.8710938
44.8437500 216.7500000 -4.8515625
44.8437500 217.5000000 -4.8242188
44.6875000 216.5000000 -4.8125000
44.7500000 215.7500000 -4.8046875
44.8125000 214.5000000 -4.7968750
44.8750000 213.8750000 -4.7890625
44.9375000 215.5000000 -4.8242188
44.8750000 214.3750000 -4.7890625
44.8437500 218.0000000 -4.8593750
44.8437500 214.7500000 -4.8085938
44.7187500 211.0000000 -4.7773438
44.7187500 214.0000000 -4.8164062
44.8437500 214.1250000 -4.8046875
44.8750000 211.0000000 -4.7382812
44.8437500 212.6250000 -4.7500000
44.7187500 211.8750000 -4.7539062
44.7812500 209.8750000 -4.7226562
44.7812500 210.0000000 -4.7109375
44.9687500 209.8750000 -4.7031250
44.9062500 210.2500000 -4.7187500
44.7500000 209.3750000 -4.7109375
44.8750000 209.3750000 -4.7031250
44.8750000 210.3750000 -4.7226562
44.7812500 209.5000000 -4.7070312
44.7812500 209.8750000 -4.7109375
44.8750000 209.0000000 -4.7031250
44.7187500 209.6250000 -4.7187500
44.8750000 209.0000000 -4.7031250
44.7500000 208.6250000 -4.6992188
44.8750000 208.7500000 -4.6953125
44.8125000 208.5000000 -4.6953125
44.7500000 207.1250000 -4.6992188
44.8750000 207.6250000 -4.6953125
44.9375000 207.5000000 -4.7109375
45.0000000 207.3750000 -4.6914062
44.7812500 208.0000000 -4.7304688
44.9062500 205.1250000 -4.6875000
45.0000000 206.2500000 -4.6992188
45.2187500 205.2500000 -4.6953125
45.0625000 205.0000000 -4.6796875
45.0000000 205.2500000 -4.6914062
45.0312500 206.0000000 -4.6679688
45.1875000 204.1250000 -4.6718750
45.1250000 204.3750000 -4.6796875
44.9687500 203.8750000 -4.6718750
45.1250000 205.0000000 -4.6796875
45.2187500 203.5000000 -4.6718750
45.1250000 203.1250000 -4.6718750
45.2187500 203.0000000 -4.6640625
45.0937500 201.7500000 -4.6679688
45.5312500 200.5000000 -4.6757812
45.6250000 201.1250000 -4.6562500
45.3750000 201.0000000 -4.6640625
45.5625000 200.8750000 -4.6562500
45.5937500 199.7500000 -4.6640625
45.5312500 200.0000000 -4.6445312
45.4687500 200.6250000 -4.6523438
45.5000000 200.1250000 -4.6523438
45.6250000 199.0000000 -4.6523438
45.5000000 199.0000000 -4.6601562
45.5625000 199.6250000 -4.6445312
45.4687500 199.1250000 -4.6562500
45.8125000 198.0000000 -4.6445312
45.7187500 199.6250000 -4.6484375
45.8437500 198.3750000 -4.6406250
45.7187500 198.0000000 -4.6640625
46.0000000 197.7500000 -4.6562500
46.2187500 197.3750000 -4.6445312
46.3437500 196.3750000 -4.6601562
46.2187500 197.0000000 -4.6796875
46.5000000 196.6250000 -4.6718750
46.5937500 196.3750000 -4.6835938
46.6875000 195.6250000 -4.6640625
46.7812500 195.6250000 -4.6679688
46.9375000 195.7500000 -4.6796875
46.8750000 194.7500000 -4.6835938
46.9375000 195.7500000 -4.6914062
47.0625000 195.6250000 -4.6679688
47.1875000 194.7500000 -4.6718750
47.4375000 194.2500000 -4.6601562
46.8437500 194.8750000 -4.6757812
46.9375000 194.8750000 -4.6796875
47.5000000 194.2500000 -4.6679688
47.0625000 194.2500000 -4.6679688
47.4062500 193.5000000 -4.6640625
48.0625000 193.7500000 -4.6796875
47.7812500 194.0000000 -4.6835938
47.7500000 193.8750000 -4.6562500
48.0312500 193.7500000 -4.6445312
48.3437500 193.3750000 -4.6523438
48.4062500 193.8750000 -4.6601562
48.6562500 192.7500000 -4.6562500
48.3125000 193.7500000 -4.6718750
49.0937500 192.7500000 -4.6367188
49.0000000 192.8750000 -4.6640625
48.8125000 193.2500000 -4.6484375
49.8437500 192.6250000 -4.6210938
49.3125000 192.6250000 -4.6640625
49.7187500 191.6250000 -4.6640625
49.7500000 191.3750000 -4.6757812
50.0312500 191.5000000 -4.6406250
50.0937500 190.7500000 -4.6328125
49.9687500 191.0000000 -4.6601562
50.7187500 188.5000000 -4.6210938
50.3125000 190.2500000 -4.6523438
50.8750000 189.2500000 -4.6054688
50.5625000 188.5000000 -4.6250000
51.4687500 188.0000000 -4.6328125
51.7500000 186.5000000 -4.6015625
51.5000000 186.1250000 -4.6015625
51.4687500 186.5000000 -4.5820312
52.4375000 185.7500000 -4.5859375
51.9375000 185.3750000 -4.5703125
52.0000000 185.2500000 -4.5625000
52.2812500 185.0000000 -4.6171875
52.5625000 184.8750000 -4.5937500
52.0625000 185.2500000 -4.6132812
52.7812500 184.2500000 -4.5976562
53.0000000 184.3750000 -4.6054688
52.2187500 184.7500000 -4.6132812
52.8125000 183.6250000 -4.6171875
52.2187500 185.0000000 -4.6367188
52.2187500 184.5000000 -4.6328125
52.8437500 183.6250000 -4.6132812
52.7187500 183.2500000 -4.6054688
52.8437500 183.0000000 -4.6367188
52.3437500 183.7500000 -4.6289062
52.8437500 182.8750000 -4.6171875
53.2812500 181.8750000 -4.6210938
53.4375000 182.5000000 -4.6210938
53.2500000 182.1250000 -4.6328125
53.3750000 182.0000000 -4.6367188
53.3750000 181.7500000 -4.6328125
53.3750000 181.3750000 -4.6328125
53.6562500 181.2500000 -4.6250000
53.7187500 180.8750000 -4.6445312
53.8750000 180.6250000 -4.6171875
53.7187500 180.6250000 -4.6484375
53.8750000 180.5000000 -4.6406250
54.3437500 179.6250000 -4.6289062
53.8437500 179.3750000 -4.6484375
54.0937500 178.8750000 -4.6171875
54.6250000 179.1250000 -4.6250000
54.5937500 178.2500000 -4.6328125
54.4687500 178.3750000 -4.6484375
54.8750000 177.1250000 -4.6367188
55.0312500 176.5000000 -4.6367188
54.6875000 177.1250000 -4.6523438
55.3125000 176.2500000 -4.6523438
55.0000000 176.1250000 -4.6601562
54.8437500 176.0000000 -4.6562500
55.1250000 176.0000000 -4.6914062
55.5000000 175.8750000 -4.6562500
55.8437500 175.7500000 -4.6914062
55.7812500 175.7500000 -4.6679688
56.2187500 174.5000000 -4.6679688
55.8750000 174.7500000 -4.6718750
56.5000000 174.2500000 -4.6757812
56.1875000 174.0000000 -4.6679688
56.3750000 174.0000000 -4.6953125
56.5937500 173.8750000 -4.6953125
56.2187500 173.1250000 -4.6796875
56.5625000 173.8750000 -4.6875000
56.5312500 172.5000000 -4.7031250
56.7500000 171.6250000 -4.7187500
56.6562500 172.5000000 -4.6953125
56.6562500 172.0000000 -4.6796875
57.1562500 171.1250000 -4.7031250
56.9687500 171.2500000 -4.6757812
57.0937500 170.6250000 -4.6718750
57.3750000 171.0000000 -4.6601562
57.5937500 170.2500000 -4.6523438
57.5312500 171.1250000 -4.6718750
57.5000000 170.8750000 -4.6250000
57.7500000 170.5000000 -4.5781250
57.5937500 170.0000000 -4.5546875
57.5312500 170.5000000 -4.5742188
57.6250000 169.6250000 -4.5390625
57.5000000 170.5000000 -4.5664062
57.8437500 169.0000000 -4.5273438
57.5625000 168.3750000 -4.5703125
57.6875000 169.5000000 -4.5664062
57.4687500 167.2500000 -4.5664062
57.5937500 167.3750000 -4.5976562
57.5312500 167.3750000 -4.6445312
57.6250000 166.5000000 -4.6210938
57.5000000 167.0000000 -4.6250000
57.9062500 165.8750000 -4.5976562
57.8750000 166.7500000 -4.6406250
58.0625000 166.2500000 -4.6562500
58.0937500 166.1250000 -4.6406250
58.1250000 165.5000000 -4.6328125
58.0625000 165.6250000 -4.6289062
58.0312500 166.1250000 -4.5976562
58.2500000 165.2500000 -4.5820312
58.2187500 165.6250000 -4.6054688
58.2187500 165.8750000 -4.6171875
58.4062500 164.5000000 -4.5820312
58.4375000 164.0000000 -4.5585938
58.3125000 164.1250000 -4.5390625
58.3750000 163.6250000 -4.5039062
58.1875000 163.0000000 -4.4570312
58.2812500 162.7500000 -4.4257812
58.3125000 162.7500000 -4.4804688
58.4062500 162.5000000 -4.4218750
58.4687500 161.7500000 -4.3671875
58.2187500 162.2500000 -4.3437500
58.5000000 162.2500000 -4.3085938
58.6875000 162.2500000 -4.2929688
58.6250000 161.0000000 -4.1953125
58.8750000 161.2500000 -4.1132812
58.6875000 161.2500000 -4.0703125
58.8750000 160.8750000 -4.0507812
58.7500000 160.2500000 -4.0507812
58.6562500 159.6250000 -4.0000000
58.6250000 159.0000000 -3.9765625
58.6875000 159.1250000 -3.9765625
58.4375000 159.0000000 -3.9765625
58.5312500 158.7500000 -3.9492188
58.2812500 157.7500000 -3.9179688
58.4687500 158.5000000 -3.9570312
58.4375000 158.0000000 -3.9101562
58.4375000 157.2500000 -3.8437500
58.4062500 157.5000000 -3.8476562
58.4062500 157.0000000 -3.8007812
58.3437500 156.6250000 -3.7343750
58.4687500 157.0000000 -3.6992188
58.5000000 156.2500000 -3.6171875
58.5000000 156.0000000 -3.5429688
58.7187500 156.0000000 -3.5351562
58.5312500 155.2500000 -3.4804688
58.4375000 155.6250000 -3.5312500
58.3750000 155.3750000 -3.5234375
58.5000000 154.6250000 -3.4335938
58.6562500 154.8750000 -3.4453125
58.6562500 154.1250000 -3.3789062
58.5625000 154.1250000 -3.4375000
58.7812500 153.7500000 -3.3750000
58.7812500 153.8750000 -3.3945312
58.7500000 153.8750000 -3.4375000
58.7500000 154.0000000 -3.4687500
58.6562500 152.6250000 -3.3281250
58.5937500 152.5000000 -3.3476562
58.6250000 152.3750000 -3.2929688
58.7187500 153.0000000 -3.3593750
58.5312500 152.5000000 -3.2617188
58.6562500 152.1250000 -3.2109375
58.5000000 151.6250000 -3.1406250
58.5625000 151.6250000 -3.1406250
58.4062500 150.3750000 -2.9687500
58.1562500 150.3750000 -2.9648438
58.0625000 149.6250000 -2.8632812
58.0000000 149.3750000 -2.8125000
58.0937500 149.8750000 -2.8867188
57.9062500 149.2500000 -2.7890625
58.0312500 149.2500000 -2.8125000
57.9375000 149.1250000 -2.7851562
57.9375000 148.8750000 -2.7421875
58.0312500 148.7500000 -2.7734375
57.8437500 147.1250000 -2.5898438
57.7812500 146.8750000 -2.5351562
57.6875000 146.8750000 -2.5312500
57.8125000 147.2500000 -2.6289062
57.9375000 147.7500000 -2.6679688
57.6562500 146.2500000 -2.4570312
57.5937500 146.2500000 -2.4570312
57.4687500 146.3750000 -2.4570312
57.4687500 145.7500000 -2.3867188
57.5000000 145.1250000 -2.3320312
57.3125000 145.1250000 -2.3320312
57.2812500 144.8750000 -2.3320312
57.2812500 144.6250000 -2.2812500
57.1562500 143.6250000 -2.1679688
57.3125000 144.6250000 -2.2578125
57.1250000 144.2500000 -2.2343750
57.1562500 143.0000000 -2.0937500
57.2500000 143.2500000 -2.1054688
57.1875000 143.5000000 -2.1445312
57.2500000 143.0000000 -2.1093750
57.2500000 142.3750000 -2.0507812
57.3125000 141.8750000 -1.9912109
57.1562500 141.7500000 -1.9873047
57.2187500 141.2500000 -1.9423828
57.2812500 141.0000000 -1.9169922
56.9687500 140.5000000 -1.8759766
57.0937500 140.1250000 -1.8642578
57.0000000 140.5000000 -1.8798828
56.9687500 140.0000000 -1.8564453
56.8125000 140.0000000 -1.8603516
57.1250000 139.0000000 -1.7431641
56.9375000 138.7500000 -1.7431641
57.0625000 138.2500000 -1.7099609
56.8437500 138.1250000 -1.7177734
56.7500000 137.5000000 -1.6630859
56.5625000 138.1250000 -1.7236328
56.6562500 137.0000000 -1.6982422
56.5937500 137.6250000 -1.7548828
56.4687500 136.8750000 -1.6259766
56.5000000 136.6250000 -1.6376953
56.5625000 137.0000000 -1.6455078
56.4062500 136.8750000 -1.6044922
56.5937500 136.0000000 -1.5927734
56.5937500 135.8750000 -1.5966797
56.5000000 136.1250000 -1.6337891
56.8750000 135.2500000 -1.6396484
56.5625000 136.3750000 -1.6474609
56.6250000 136.1250000 -1.6279297
56.5937500 135.8750000 -1.5595703
56.8437500 135.7500000 -1.5048828
56.6875000 135.8750000 -1.5380859
56.6250000 136.2500000 -1.5263672
56.8437500 135.8750000 -1.4501953
57.3125000 134.7500000 -1.4462891
57.6250000 133.7500000 -1.4501953
57.3750000 133.2500000 -1.4794922
57.5312500 134.1250000 -1.4384766
57.2187500 134.6250000 -1.4384766
57.0937500 134.5000000 -1.4501953
57.1875000 134.6250000 -1.4482422
57.0000000 135.5000000 -1.4580078
57.0312500 134.7500000 -1.4775391
57.2812500 133.3750000 -1.4287109
57.1250000 134.1250000 -1.4306641
57.3125000 133.3750000 -1.4013672
57.3437500 133.5000000 -1.4052734
57.4687500 132.6250000 -1.4052734
57.5625000 132.3750000 -1.4013672
57.5937500 132.5000000 -1.4052734
57.5000000 132.7500000 -1.4091797
57.5625000 131.8750000 -1.4130859
57.5625000 132.1250000 -1.4033203
57.7500000 131.1250000 -1.4150391
57.7187500 131.0000000 -1.3916016
57.7187500 130.8750000 -1.4130859
57.9062500 130.1250000 -1.4091797
57.7812500 130.6250000 -1.4169922
57.7812500 130.5000000 -1.4111328
57.8437500 130.3750000 -1.3955078
57.9062500 130.0000000 -1.3916016
58.0000000 129.1250000 -1.3974609
57.8750000 129.0000000 -1.3779297
58.0000000 129.2500000 -1.3876953
58.1250000 128.5000000 -1.3779297
58.1875000 128.5000000 -1.3837891
58.1875000 128.7500000 -1.3701172
58.3437500 127.8750000 -1.4052734
58.5000000 127.3750000 -1.4052734
58.4687500 127.5000000 -1.3955078
58.2812500 127.8750000 -1.3935547
58.4687500 127.5000000 -1.4111328
58.6250000 126.3125000 -1.4267578
58.8437500 126.1875000 -1.4482422
58.9375000 125.4375000 -1.4580078
58.9062500 125.0000000 -1.4814453
58.8437500 126.1875000 -1.4345703
59.0000000 124.7500000 -1.4794922
59.0937500 125.6250000 -1.4794922
59.3437500 124.7500000 -1.4990234
59.4375000 124.4375000 -1.4736328
59.2187500 123.8750000 -1.4873047
59.3437500 123.1875000 -1.5009766
59.1562500 124.6250000 -1.4638672
59.4687500 122.9375000 -1.5048828
59.3437500 123.4375000 -1.4853516
59.4687500 122.3125000 -1.5029297
59.4687500 122.1875000 -1.4951172
59.1875000 122.4375000 -1.4970703
59.7187500 121.3750000 -1.5126953
59.4687500 120.8750000 -1.5068359
59.2187500 121.1875000 -1.4833984
58.9687500 120.3125000 -1.4931641
58.4687500 120.3750000 -1.4638672
58.0937500 119.8750000 -1.4423828
59.1562500 120.2500000 -1.4404297
58.3437500 119.9375000 -1.4228516
58.1250000 120.0625000 -1.4111328
58.3437500 120.1250000 -1.4306641
57.0000000 118.2500000 -1.3916016
57.1875000 118.7500000 -1.4208984
57.1562500 118.3750000 -1.4033203
57.0937500 118.1250000 -1.4013672
56.4062500 117.8125000 -1.3662109
56.1875000 117.0000000 -1.3662109
55.3437500 116.8125000 -1.3349609
56.0625000 117.2500000 -1.3681641
55.4062500 116.8125000 -1.3154297
55.3125000 116.3125000 -1.2978516
56.2187500 117.0625000 -1.3427734
55.5000000 116.9375000 -1.2861328
55.0000000 116.0000000 -1.2900391
54.9375000 115.9375000 -1.2548828
54.9687500 116.0000000 -1.2626953
54.2500000 115.1875000 -1.2060547
54.6562500 115.9375000 -1.2177734
54.3125000 115.1875000 -1.1748047
54.5625000 115.5000000 -1.2099609
54.0000000 114.6250000 -1.1357422
54.0000000 114.7500000 -1.1630859
54.2187500 114.8125000 -1.1357422
54.1875000 114.7500000 -1.1435547
53.1250000 113.8125000 -1.0458984
53.7187500 114.3750000 -1.0888672
52.9687500 113.5625000 -1.0205078
52.7812500 113.1250000 -0.9833984
52.5937500 113.1875000 -0.9833984
52.7812500 113.5000000 -0.9853516
52.4687500 113.1250000 -0.9755859
52.2812500 112.9375000 -0.9501953
51.6562500 112.1875000 -0.9013672
50.7187500 111.9375000 -0.7919922
51.5312500 112.4375000 -0.8896484
50.6875000 111.6875000 -0.7802734
50.8750000 112.0625000 -0.8232422
49.7187500 111.0000000 -0.6904297
50.0625000 111.3125000 -0.7431641
49.3125000 110.8750000 -0.6748047
49.0937500 110.5625000 -0.6435547
49.3437500 110.6875000 -0.6669922
49.5000000 110.8750000 -0.6650391
49.6875000 111.1250000 -0.6630859
48.5625000 110.5000000 -0.5576172
48.5937500 110.4375000 -0.5791016
48.6250000 110.5000000 -0.5712891
48.1562500 110.2500000 -0.5283203
48.1250000 110.2500000 -0.5185547
46.5937500 109.1250000 -0.4072266
47.0937500 109.3750000 -0.4345703
46.1875000 108.9375000 -0.3662109
45.4375000 108.5000000 -0.2841797
45.3437500 108.5000000 -0.2822266
44.9687500 108.1250000 -0.2607422
44.5625000 108.0000000 -0.2275391
44.9062500 108.1250000 -0.2431641
44.5937500 108.1250000 -0.2177734
44.0312500 107.8750000 -0.1806641
44.6875000 108.1250000 -0.2138672
44.8437500 108.2500000 -0.2392578
43.9687500 107.8125000 -0.1435547
44.4062500 108.0000000 -0.1806641
43.8750000 107.6875000 -0.1279297
43.4687500 107.6250000 -0.1025391
42.8437500 107.4375000 -0.0380859
43.6250000 107.5625000 -0.1201172
41.5000000 106.6250000 0.0820312
42.7812500 107.2500000 -0.0419922
42.7812500 107.4375000 -0.0634766
41.4375000 106.8125000 0.0615234
41.5000000 107.0000000 0.0615234
41.2187500 106.5625000 0.0722656
41.2812500 106.6875000 0.0664062
41.2187500 106.6875000 0.0820312
40.6875000 106.5625000 0.1347656
40.3125000 106.3125000 0.1943359
39.9687500 105.9375000 0.2187500
40.6875000 106.4375000 0.1494141
40.3437500 106.4375000 0.1933594
38.9687500 105.5000000 0.3027344
39.1250000 105.7500000 0.3261719
39.0312500 105.7500000 0.3242188
39.3750000 105.8125000 0.3066406
38.9062500 105.6250000 0.3486328
39.0625000 105.5625000 0.3300781
38.7500000 105.3750000 0.3515625
37.8750000 105.0625000 0.4257812
38.0625000 105.1875000 0.4111328
37.9687500 105.3125000 0.4033203
37.3125000 105.0625000 0.4687500
37.6250000 105.0000000 0.4443359
37.0000000 104.8750000 0.4746094
36.7812500 104.7500000 0.5019531
36.8437500 104.8750000 0.5029297
36.9062500 104.8750000 0.4980469
36.4375000 104.3750000 0.5263672
36.3125000 104.2500000 0.5546875
35.6875000 103.8125000 0.6152344
35.1562500 103.5000000 0.6386719
34.8437500 103.2500000 0.6572266
34.5625000 102.9375000 0.6835938
34.0625000 102.5625000 0.7041016
34.1875000 102.1250000 0.6904297
33.2812500 101.2500000 0.7392578
33.0625000 101.0625000 0.7539062
32.9062500 101.0625000 0.7617188
32.8125000 100.8750000 0.7568359
32.6875000 100.6875000 0.7509766
33.5312500 100.0000000 0.6533203
33.5625000 99.3750000 0.6357422
33.0000000 100.3750000 0.7363281
31.7031250 99.3750000 0.8066406
31.5156250 99.2500000 0.8173828
31.6250000 99.1875000 0.8105469
31.7031250 99.0000000 0.8154297
31.3125000 98.7500000 0.8291016
31.0468750 98.3750000 0.8339844
30.8750000 98.3125000 0.8505859
31.1406250 98.4375000 0.8476562
30.5625000 97.5625000 0.8554688
30.1406250 96.3750000 0.8525391
30.8281250 97.8750000 0.8476562
30.6718750 97.8125000 0.8544922
30.5312500 97.3750000 0.8525391
30.2500000 96.8125000 0.8632812
30.3125000 97.1250000 0.8476562
30.7812500 97.8125000 0.8320312
30.4375000 97.3125000 0.8076172
30.7812500 97.8125000 0.8417969
30.1562500 96.2500000 0.8525391
29.8125000 95.5625000 0.8242188
30.1718750 96.2500000 0.8466797
29.7656250 95.5000000 0.8281250
29.7343750 95.6875000 0.8369141
29.6718750 95.7500000 0.8291016
29.5000000 95.3125000 0.8359375
29.6718750 94.9375000 0.8330078
28.9218750 93.2500000 0.8134766
29.2812500 94.1875000 0.8476562
29.0000000 93.0625000 0.8095703
29.0156250 93.0625000 0.8271484
28.7968750 92.7500000 0.8154297
29.1250000 92.3750000 0.8095703
29.3281250 91.8750000 0.7880859
28.8281250 92.7500000 0.8242188
28.6093750 92.0000000 0.7871094
27.8125000 90.3750000 0.7509766
27.8750000 89.9375000 0.7441406
27.7343750 90.2500000 0.7431641
27.8906250 89.6250000 0.7568359
27.9062500 90.3750000 0.7666016
27.8906250 89.6875000 0.7441406
28.0156250 89.5625000 0.7568359
27.8281250 89.4375000 0.7451172
28.1250000 90.1250000 0.7802734
27.9843750 89.3750000 0.7695312
27.8906250 89.0000000 0.7558594
27.8281250 88.6875000 0.7636719
27.6406250 88.8750000 0.7500000
27.6562500 89.0000000 0.7597656
27.6093750 87.8750000 0.7343750
27.2968750 87.8125000 0.7158203
27.5156250 88.0000000 0.7226562
27.0937500 86.8750000 0.6865234
27.1718750 87.1250000 0.6835938
26.8593750 85.8125000 0.6640625
26.7343750 85.5625000 0.6601562
26.8750000 85.8125000 0.6494141
26.8906250 85.6875000 0.6464844
26.9218750 85.6250000 0.6611328
26.7968750 84.5625000 0.6406250
27.0937500 85.1875000 0.6542969
26.9062500 84.1250000 0.6289062
27.4843750 85.0625000 0.6728516
26.9687500 84.6250000 0.6542969
27.0156250 84.2500000 0.6503906
27.2812500 84.6250000 0.6767578
26.9843750 83.2500000 0.6250000
26.7500000 82.6250000 0.6123047
26.9375000 82.5000000 0.6240234
27.2031250 82.5625000 0.6376953
26.9687500 81.6875000 0.6152344
27.0625000 80.5625000 0.5859375
27.2187500 81.3750000 0.6054688
27.2812500 80.7500000 0.6025391
27.3593750 81.9375000 0.6298828
27.2968750 79.5000000 0.5693359
27.3593750 80.6250000 0.5878906
27.3593750 79.7500000 0.5839844
27.2031250 78.0625000 0.5341797
27.4062500 79.0625000 0.5546875
27.3750000 78.8750000 0.5498047
27.5937500 77.5000000 0.5361328
27.3750000 78.2500000 0.5498047
27.5312500 78.1875000 0.5654297
27.5468750 78.0625000 0.5576172
27.3906250 77.8750000 0.5478516
27.1718750 77.0000000 0.5273438
27.5000000 76.8750000 0.5380859
27.2812500 77.1875000 0.5361328
27.1406250 76.8125000 0.5244141
27.3750000 76.9375000 0.5341797
27.2500000 78.1875000 0.5380859
27.3281250 76.0625000 0.5175781
27.2031250 75.1875000 0.4960938
27.2031250 76.1250000 0.5214844
27.2968750 75.1875000 0.4960938
27.2968750 74.7500000 0.4863281
27.3281250 75.3750000 0.5078125
27.2187500 74.6875000 0.4921875
27.4218750 74.8750000 0.5048828
27.6562500 73.4375000 0.4833984
27.7031250 73.5000000 0.4833984
27.3750000 74.3125000 0.4843750
27.4062500 72.9375000 0.4648438
27.5156250 72.6875000 0.4716797
27.2187500 72.9375000 0.4501953
27.6093750 73.0000000 0.4707031
27.8593750 72.9375000 0.4902344
27.5312500 72.9375000 0.4609375
27.1875000 72.6250000 0.4472656
27.2031250 71.9375000 0.4335938
27.4218750 72.6875000 0.4462891
27.4062500 70.7500000 0.4160156
27.7187500 72.1250000 0.4423828
27.4375000 72.0000000 0.4267578
27.2187500 71.1875000 0.4208984
27.5937500 70.6875000 0.4111328
27.4531250 71.1875000 0.4277344
27.4531250 70.4375000 0.4072266
27.7656250 70.3750000 0.4150391
27.8593750 68.4375000 0.3867188
27.9218750 68.7500000 0.3955078
27.7031250 67.6250000 0.3759766
27.9375000 67.3750000 0.3896484
27.7500000 68.1875000 0.3857422
28.1718750 67.0000000 0.3808594
28.0312500 66.5625000 0.3632812
27.8750000 66.8750000 0.3632812
28.3750000 65.0000000 0.4052734
27.8437500 66.5625000 0.3544922
28.0312500 66.2500000 0.3515625
27.7656250 66.0000000 0.3320312
27.2812500 66.0000000 0.3320312
27.7343750 64.6875000 0.3232422
27.4531250 65.6875000 0.3154297
27.0781250 65.4375000 0.3359375
27.3281250 64.6250000 0.3046875
26.6875000 64.9375000 0.3056641
26.7656250 63.6875000 0.3066406
26.7343750 63.9375000 0.2988281
26.7968750 63.8750000 0.2998047
26.8593750 63.5000000 0.2890625
27.0312500 63.0625000 0.2822266
27.2031250 62.5625000 0.2978516
27.0312500 61.6875000 0.2832031
27.0468750 62.2187500 0.2861328
27.1875000 61.1250000 0.2861328
26.9531250 61.0000000 0.2958984
27.1093750 61.0000000 0.2900391
27.1406250 61.5312500 0.2929688
27.5781250 59.3125000 0.3027344
27.6093750 59.2812500 0.3017578
27.6875000 58.4062500 0.2910156
28.1250000 58.5937500 0.2939453
28.3750000 58.2500000 0.2900391
28.4843750 57.7187500 0.2880859
28.2812500 57.4375000 0.2900391
28.7187500 57.4062500 0.3232422
28.6093750 56.9375000 0.3066406
28.7812500 57.0937500 0.3037109
28.5625000 57.8125000 0.3193359
28.9375000 56.8437500 0.3095703
28.7187500 56.6875000 0.3056641
28.7500000 56.4375000 0.3105469
28.9375000 56.4687500 0.3164062
29.2812500 56.7500000 0.2783203
29.3437500 56.7500000 0.2988281
29.8281250 56.8750000 0.2763672
30.3125000 55.8437500 0.3115234
30.7656250 55.8437500 0.3183594
30.9531250 55.2187500 0.3134766
30.7500000 55.6250000 0.2919922
30.6562500 55.1562500 0.2480469
30.8281250 55.3437500 0.2412109
30.3593750 55.5937500 0.2509766
30.0000000 55.6250000 0.2431641
30.6562500 54.9687500 0.2451172
30.7187500 55.0625000 0.2744141
30.6093750 54.7500000 0.2871094
30.6250000 54.8125000 0.2734375
30.7031250 54.5937500 0.2568359
30.5625000 54.6875000 0.2597656
30.5625000 54.7500000 0.2441406
31.2187500 54.1875000 0.2226562
30.5625000 54.1250000 0.2031250
30.3593750 54.3437500 0.2177734
30.3281250 54.1562500 0.1826172
30.0000000 54.9062500 0.2050781
30.4375000 54.5000000 0.1845703
30.0156250 55.8125000 0.2001953
30.2031250 55.5937500 0.1835938
30.0312500 55.9062500 0.2050781
30.2656250 54.8437500 0.2109375
27.8593750 54.6250000 0.2021484
28.0468750 55.2500000 0.1777344
27.9375000 55.4375000 0.2080078
28.3750000 55.1562500 0.1708984
28.3593750 55.5625000 0.1718750
28.3281250 55.4687500 0.1904297
28.8281250 55.3750000 0.1767578
29.0312500 55.0625000 0.2236328
29.0625000 54.5000000 0.2470703
28.7500000 55.0312500 0.2578125
28.6093750 54.6875000 0.2695312
28.6250000 54.5625000 0.2617188
28.2968750 54.7500000 0.2617188
28.4218750 54.9687500 0.2558594
27.8906250 55.9375000 0.2714844
27.6718750 56.0625000 0.2402344
27.4843750 57.1250000 0.2548828
26.8593750 57.2812500 0.2275391
27.0781250 57.4375000 0.2509766
26.6406250 58.0312500 0.2587891
26.6093750 57.1875000 0.2343750
26.4062500 58.7500000 0.2705078
25.9531250 58.3750000 0.2363281
26.5156250 58.6250000 0.2587891
26.1718750 58.3437500 0.2529297
26.2812500 57.9375000 0.2626953
26.4062500 57.8437500 0.2578125
26.3125000 58.1250000 0.2636719
26.3125000 58.2187500 0.2685547
26.5156250 58.2500000 0.2919922
26.4687500 58.7812500 0.2880859
26.0625000 58.8750000 0.2832031
26.2500000 60.8437500 0.2812500
26.8281250 61.0312500 0.2636719
26.5312500 60.9062500 0.2880859
26.8437500 59.1875000 0.2958984
26.6718750 60.1875000 0.3066406
26.6093750 60.2812500 0.3076172
26.7656250 60.9687500 0.2939453
26.7343750 61.1562500 0.2890625
26.4062500 61.4062500 0.2939453
26.2500000 61.0625000 0.2861328
26.6875000 62.0625000 0.3085938
26.4375000 62.6875000 0.3212891
26.3593750 65.3125000 0.3544922
26.4062500 64.3125000 0.3349609
26.6406250 64.5625000 0.3369141
26.6250000 65.9375000 0.3701172
26.7812500 66.8125000 0.3886719
26.8750000 65.3750000 0.3564453
26.9531250 67.7500000 0.3974609
26.8593750 65.8125000 0.3720703
27.0625000 66.8750000 0.3945312
27.0781250 68.2500000 0.4023438
26.5937500 66.9375000 0.3798828
26.4531250 67.3750000 0.3886719
26.7343750 67.5625000 0.3964844
26.3906250 67.9375000 0.4003906
26.5625000 68.6875000 0.4130859
26.7656250 69.0000000 0.4179688
26.1093750 69.7500000 0.4101562
26.1718750 67.9375000 0.3828125
26.1562500 69.0000000 0.3916016
26.3281250 69.1875000 0.4072266
26.1093750 69.8125000 0.4023438
25.9218750 68.1875000 0.3750000
25.8906250 68.6250000 0.3808594
26.0468750 70.0000000 0.3994141
26.1250000 69.8750000 0.4072266
26.3125000 68.8125000 0.3906250
26.2656250 70.0625000 0.4130859
26.2656250 70.0625000 0.4111328
26.2812500 70.5000000 0.4150391
26.1250000 70.4375000 0.4091797
26.2187500 70.3750000 0.4189453
26.1562500 72.1250000 0.4394531
26.0312500 71.7500000 0.4306641
25.8906250 71.6875000 0.4267578
25.7031250 71.4375000 0.4130859
25.9375000 72.0000000 0.4306641
25.9375000 71.5000000 0.4257812
26.0937500 71.8750000 0.4384766
25.8437500 71.4375000 0.4238281
25.8281250 72.3125000 0.4365234
26.1718750 72.6875000 0.4453125
25.8281250 72.8750000 0.4394531
26.0937500 73.8125000 0.4599609
25.8125000 73.6250000 0.4482422
25.7500000 73.7500000 0.4541016
26.1093750 73.9375000 0.4658203
26.0000000 75.4375000 0.4804688
25.6875000 73.6875000 0.4580078
25.9375000 75.6875000 0.4775391
26.1406250 77.4375000 0.5097656
26.4062500 76.8750000 0.5224609
26.1718750 78.2500000 0.5175781
25.9218750 76.1250000 0.5048828
26.1562500 77.1250000 0.5000000
26.0937500 76.6875000 0.5058594
26.1875000 77.1250000 0.5000000
26.0468750 78.8750000 0.5205078
26.2968750 79.5625000 0.5312500
26.3593750 78.1875000 0.5185547
26.0625000 78.9375000 0.5166016
26.3281250 79.6250000 0.5332031
25.8906250 78.8750000 0.5058594
26.1875000 78.8750000 0.5244141
26.1093750 79.3750000 0.5332031
26.1875000 79.8750000 0.5361328
26.0312500 79.5625000 0.5361328
26.2656250 81.2500000 0.5683594
26.1875000 81.0625000 0.5664062
26.2968750 81.5625000 0.5722656
26.2968750 81.5000000 0.5712891
26.5000000 82.1875000 0.5957031
26.3906250 82.6250000 0.5986328
26.3593750 82.6250000 0.6015625
26.5000000 83.2500000 0.6210938
26.7031250 82.9375000 0.6289062
26.7812500 83.5625000 0.6396484
26.4375000 82.6875000 0.6083984
26.9218750 84.3750000 0.6503906
26.8437500 84.6250000 0.6357422
26.8125000 83.6875000 0.6201172
27.4531250 84.8750000 0.6816406
27.3593750 84.1875000 0.6513672
27.5000000 85.8125000 0.6728516
28.1093750 85.5625000 0.6708984
27.7031250 85.3750000 0.6855469
27.9687500 85.6250000 0.7275391
27.8593750 86.8125000 0.7021484
28.3125000 87.6250000 0.7363281
28.0156250 86.6875000 0.7314453
27.5781250 87.6875000 0.7392578
27.8593750 88.0000000 0.7568359
27.4375000 87.6875000 0.7333984
27.3593750 87.3750000 0.7480469
27.6406250 88.2500000 0.7744141
27.6875000 88.0625000 0.7822266
27.7187500 88.5625000 0.7783203
27.5000000 88.3750000 0.7998047
27.5000000 88.5625000 0.7753906
27.6562500 88.8125000 0.8046875
27.9531250 89.0625000 0.8046875
27.5937500 88.3750000 0.8076172
28.1406250 89.7500000 0.8320312
27.8437500 89.6250000 0.8271484
28.3281250 90.5625000 0.8320312
27.8906250 89.0000000 0.7958984
27.8906250 90.0000000 0.8291016
28.4531250 91.4375000 0.8291016
28.4687500 91.6875000 0.8369141
28.6875000 91.5000000 0.8486328
28.8593750 92.3125000 0.8603516
28.7031250 91.7500000 0.8281250
28.7187500 91.5625000 0.8427734
29.3593750 93.6875000 0.8710938
29.2500000 92.8750000 0.8642578
29.6093750 94.2500000 0.8955078
29.6718750 94.4375000 0.9057617
29.7968750 94.5000000 0.9174805
29.9687500 94.5000000 0.9018555
30.2187500 95.5000000 0.9106445
30.2187500 95.6250000 0.9184570
30.2656250 95.6875000 0.8964844
30.7968750 96.3750000 0.9013672
30.9531250 96.5000000 0.8652344
31.1406250 96.9375000 0.8710938
30.9531250 96.0625000 0.8515625
31.4375000 97.4375000 0.8593750
31.3437500 97.3125000 0.8828125
31.5781250 97.8125000 0.8662109
31.2968750 97.6250000 0.8925781
31.3125000 97.6875000 0.8955078
31.1718750 97.6875000 0.9262695
31.1250000 97.6250000 0.9130859
31.1718750 97.6875000 0.8935547
30.7187500 97.1250000 0.9291992
31.0312500 97.6250000 0.9096680
30.3281250 96.6250000 0.9218750
30.8593750 97.5000000 0.9135742
30.8437500 97.4375000 0.9033203
31.2031250 97.9375000 0.9042969
31.5781250 98.5625000 0.8730469
31.5468750 98.6250000 0.8750000
31.5000000 98.6250000 0.8955078
32.1562500 99.4375000 0.8642578
32.7187500 100.1250000 0.8085938
32.3750000 99.6250000 0.8408203
32.8125000 100.1875000 0.8349609
33.0625000 100.5625000 0.8056641
33.3750000 100.9375000 0.7734375
33.3750000 101.1250000 0.7812500
33.8125000 101.4375000 0.7509766
33.4062500 100.9375000 0.7802734
33.8437500 101.6250000 0.7607422
34.0937500 101.5000000 0.7216797
34.4687500 102.0000000 0.7158203
34.2812500 101.8750000 0.7236328
35.2500000 103.0000000 0.6533203
35.3437500 103.1250000 0.6445312
35.4375000 103.1875000 0.6376953
35.8750000 103.8125000 0.5966797
36.5312500 104.2500000 0.5458984
36.6250000 104.2500000 0.5458984
36.8125000 104.4375000 0.5156250
36.8125000 104.3125000 0.5097656
37.9687500 104.8125000 0.3925781
37.4375000 104.6250000 0.4267578
37.4062500 104.8125000 0.4570312
37.6250000 104.6250000 0.4316406
37.7812500 104.9375000 0.4257812
37.8125000 104.6875000 0.4091797
38.3750000 105.2500000 0.3632812
38.2500000 105.2500000 0.3896484
38.1562500 105.0000000 0.3857422
39.0937500 105.5625000 0.3203125
38.1250000 105.1250000 0.3916016
39.4687500 105.6875000 0.2822266
38.7187500 105.3750000 0.3476562
39.2812500 105.5625000 0.2958984
38.8437500 105.3750000 0.3330078
39.0312500 105.4375000 0.3076172
39.3750000 105.6250000 0.2871094
39.4687500 105.6250000 0.2744141
40.5937500 106.3750000 0.1767578
40.5000000 106.3125000 0.1943359
40.8437500 106.5625000 0.1572266
41.4062500 106.9375000 0.1044922
41.3750000 106.8750000 0.1152344
41.2500000 106.7500000 0.1113281
41.2187500 106.6875000 0.1015625
42.0000000 107.0000000 0.0458984
41.9062500 107.0000000 0.0634766
41.2187500 106.7500000 0.1103516
41.8437500 107.0000000 0.0527344
42.0312500 107.0625000 0.0429688
41.5625000 107.0000000 0.0888672
42.8125000 107.3750000 -0.0195312
42.5625000 107.3125000 0.0107422
43.7187500 107.8750000 -0.0878906
45.1250000 108.5000000 -0.2119141
45.5312500 108.6875000 -0.2451172
45.6250000 108.8125000 -0.2548828
45.5625000 108.6875000 -0.2548828
44.6875000 108.4375000 -0.1708984
46.8750000 109.4375000 -0.3603516
46.0937500 109.0000000 -0.2939453
46.4687500 109.1250000 -0.3330078
46.6250000 109.2500000 -0.3466797
46.2500000 108.9375000 -0.3037109
46.6250000 109.1875000 -0.3486328
46.6875000 109.1875000 -0.3564453
47.0000000 109.2500000 -0.3818359
47.4062500 109.4375000 -0.4169922
46.7187500 109.2500000 -0.3525391
48.0625000 109.8750000 -0.4814453
47.5312500 109.6250000 -0.4287109
47.1875000 109.4375000 -0.4013672
48.4687500 110.1875000 -0.5166016
48.1250000 110.0000000 -0.4892578
48.1562500 109.9375000 -0.4912109
48.9687500 110.4375000 -0.5576172
48.9687500 110.1875000 -0.5634766
49.9062500 110.9375000 -0.6455078
50.6875000 111.6250000 -0.7431641
49.8750000 111.1250000 -0.6474609
51.6250000 112.3750000 -0.8408203
52.0625000 112.6875000 -0.8935547
51.8750000 112.7500000 -0.8916016
52.3437500 112.9375000 -0.9423828
52.5000000 113.1250000 -0.9794922
53.0000000 113.4375000 -1.0439453
53.0937500 113.6875000 -1.0869141
53.0937500 113.3750000 -1.0654297
53.3437500 113.8125000 -1.1220703
53.4062500 113.7500000 -1.1201172
53.4375000 113.7500000 -1.1396484
53.6250000 113.8750000 -1.1650391
53.7187500 114.0625000 -1.1748047
53.6875000 114.0000000 -1.1787109
53.7812500 114.1875000 -1.1884766
54.3125000 114.6875000 -1.2587891
54.2812500 114.8125000 -1.2548828
54.8125000 115.3125000 -1.3193359
55.0625000 115.7500000 -1.3349609
54.9062500 115.6250000 -1.3310547
55.0000000 115.6250000 -1.3271484
55.3125000 116.7500000 -1.3271484
55.8437500 117.0625000 -1.3896484
57.7500000 118.1250000 -1.4697266
56.4062500 117.3750000 -1.4013672
56.8437500 118.3750000 -1.4267578
57.0937500 118.1250000 -1.4501953
57.3125000 118.3750000 -1.4755859
57.2812500 118.6875000 -1.4345703
57.4062500 118.6250000 -1.4580078
57.6250000 118.6250000 -1.4873047
57.8437500 118.9375000 -1.4990234
57.9062500 119.0625000 -1.4970703
58.4062500 119.8750000 -1.5185547
58.5312500 120.3125000 -1.5146484
58.4687500 120.0625000 -1.5185547
58.3125000 119.9375000 -1.5166016
57.8125000 119.1875000 -1.4716797
57.9375000 119.4375000 -1.4892578
58.0312500 119.9375000 -1.5146484
58.3437500 120.5000000 -1.5380859
58.3437500 120.5625000 -1.5576172
58.2500000 121.0625000 -1.5478516
58.3125000 122.1875000 -1.5556641
58.3125000 123.0625000 -1.5478516
58.1562500 123.1875000 -1.5419922
58.1250000 123.0625000 -1.5361328
58.2500000 123.2500000 -1.5283203
58.0937500 122.6250000 -1.5224609
58.0312500 122.6250000 -1.4912109
58.0312500 123.1875000 -1.4814453
58.0625000 123.9375000 -1.4267578
57.8125000 124.1250000 -1.4228516
57.7812500 124.5000000 -1.4033203
57.8125000 125.5000000 -1.3779297
57.8437500 125.0000000 -1.4111328
57.5937500 124.7500000 -1.4365234
57.6562500 123.6875000 -1.4736328
57.5625000 123.3750000 -1.5673828
57.6562500 123.1250000 -1.5654297
57.0937500 123.8125000 -1.5751953
57.7500000 123.8750000 -1.5654297
56.9062500 124.1875000 -1.5478516
56.6875000 124.5000000 -1.5205078
56.4062500 125.0625000 -1.5361328
56.6875000 124.9375000 -1.5341797
56.0625000 128.6250000 -1.5576172
58.0937500 133.8750000 -1.6806641
53.4687500 124.3125000 -1.3916016
53.1875000 124.0000000 -1.3896484
53.7187500 124.4375000 -1.4208984
54.1875000 124.3750000 -1.4189453
53.8437500 124.0625000 -1.4365234
53.0625000 124.2500000 -1.4072266
53.3125000 124.4375000 -1.4091797
53.0625000 124.0000000 -1.4208984
52.5937500 124.1875000 -1.4052734
51.7812500 124.0000000 -1.4052734
51.7187500 124.1250000 -1.3935547
51.2500000 123.8750000 -1.3779297
51.5312500 124.1250000 -1.3525391
51.3437500 124.0625000 -1.3701172
49.6562500 123.6875000 -1.3271484
50.6250000 123.8125000 -1.3681641
50.7500000 123.9375000 -1.3701172
50.1875000 123.7500000 -1.3583984
49.5312500 123.6250000 -1.3271484
50.2187500 124.0000000 -1.3466797
50.0000000 123.6875000 -1.3720703
49.7500000 124.0000000 -1.3544922
49.4375000 124.0625000 -1.3212891
48.4375000 123.8750000 -1.3291016
47.8750000 123.3125000 -1.3310547
48.1250000 123.5000000 -1.3466797
47.9687500 123.5000000 -1.3251953
47.4687500 123.0625000 -1.2568359
47.6875000 123.4375000 -1.3037109
47.9375000 123.5000000 -1.3251953
47.3750000 123.5000000 -1.3564453
47.2500000 123.4375000 -1.3466797
47.4687500 123.3125000 -1.3583984
46.5625000 123.2500000 -1.3251953
46.7812500 123.1875000 -1.3408203
45.6875000 123.0000000 -1.3271484
46.1562500 123.4375000 -1.3310547
45.0625000 122.8125000 -1.3037109
44.0625000 122.7500000 -1.2841797
45.9062500 123.0000000 -1.3017578
44.5937500 122.8750000 -1.2900391
44.0312500 122.8125000 -1.2919922
45.6250000 123.0000000 -1.2919922
45.1250000 122.8125000 -1.2783203
44.5312500 122.8125000 -1.2490234
43.2500000 122.6250000 -1.2724609
42.4062500 122.6250000 -1.2529297
43.0625000 122.5625000 -1.2802734
43.2187500 122.5625000 -1.2822266
42.3125000 122.8125000 -1.2412109
41.8750000 122.7500000 -1.2607422
41.4375000 122.5625000 -1.2197266
40.5000000 122.6250000 -1.2021484
40.6562500 122.5625000 -1.2216797
41.3437500 122.4375000 -1.2392578
40.0312500 122.4375000 -1.2080078
39.9687500 122.4375000 -1.1748047
39.3750000 122.3750000 -1.2001953
39.5000000 122.6875000 -1.2138672
38.6250000 122.5000000 -1.1884766
39.6250000 122.4375000 -1.2001953
39.2187500 122.6250000 -1.1845703
39.0937500 122.3750000 -1.1767578
38.3125000 122.3125000 -1.1748047
37.7812500 122.4375000 -1.1611328
38.7500000 122.3750000 -1.1689453
36.4687500 122.1250000 -1.1318359
36.8125000 122.0625000 -1.1455078
37.1562500 122.1875000 -1.1318359
37.2187500 122.2500000 -1.1708984
35.7187500 122.0000000 -1.1103516
35.4375000 122.0000000 -1.1259766
35.9375000 122.0625000 -1.1396484
34.7500000 121.8125000 -1.1181641
34.0312500 121.8750000 -1.1123047
33.9375000 121.6875000 -1.1142578
34.5937500 121.8750000 -1.1162109
33.4687500 121.6250000 -1.0966797
33.4687500 121.8125000 -1.1083984
34.3437500 122.0000000 -1.1298828
33.8437500 121.8125000 -1.1025391
33.1562500 121.7500000 -1.1083984
33.3125000 121.6875000 -1.1025391
31.5625000 121.3750000 -1.0712891
31.7968750 121.5000000 -1.0771484
32.2187500 121.4375000 -1.0791016
30.9687500 121.3750000 -1.0712891
31.5625000 121.6250000 -1.0869141
31.7343750 121.6250000 -1.0830078
31.7656250 121.6250000 -1.0966797
30.5000000 121.3750000 -1.0771484
30.8906250 121.5000000 -1.0712891
30.7812500 121.3750000 -1.0654297
29.7656250 121.2500000 -1.0693359
30.0000000 121.5625000 -1.0751953
30.5156250 121.5000000 -1.0888672
28.6250000 121.6250000 -1.0615234
29.6250000 121.3750000 -1.0537109
27.8437500 121.5625000 -1.0654297
27.9687500 121.5000000 -1.0634766
27.6718750 121.6875000 -1.0517578
28.3750000 121.5625000 -1.0673828
27.0781250 121.6250000 -1.0537109
27.5000000 121.6250000 -1.0595703
27.8750000 121.6250000 -1.0634766
26.6093750 121.5000000 -1.0498047
26.7500000 121.4375000 -1.0322266
25.6250000 121.6250000 -1.0458984
25.4843750 121.5625000 -1.0419922
27.1718750 121.4375000 -1.0009766
26.2500000 121.5000000 -1.0478516
25.7500000 121.6250000 -1.0361328
24.9375000 121.5000000 -1.0205078
24.3906250 121.4375000 -1.0029297
23.6718750 121.6250000 -1.0302734
24.3437500 121.6875000 -1.0205078
23.5000000 121.3125000 -0.9794922
22.3593750 121.1250000 -0.9716797
23.8593750 121.5000000 -1.0009766
22.9062500 121.4375000 -0.9912109
23.9218750 121.5625000 -1.0244141
22.0312500 121.1250000 -0.9814453
22.2968750 121.1875000 -0.9794922
22.2187500 121.1250000 -0.9873047
22.9843750 121.3750000 -1.0068359
22.7656250 121.1875000 -1.0068359
21.4375000 120.9375000 -0.9736328
20.9531250 121.8125000 -0.9306641
19.3906250 120.5000000 -0.9462891
20.5000000 120.7500000 -0.9638672
21.1875000 120.8125000 -1.0166016
19.9843750 124.3125000 -0.9638672
19.1093750 121.0000000 -0.8662109
19.7656250 121.5000000 -0.9013672
18.7812500 121.3125000 -0.8662109
20.5781250 120.9375000 -0.9990234
20.0000000 120.3125000 -0.9560547
17.9843750 118.6250000 -0.8505859
19.2968750 120.5625000 -0.9404297
17.9843750 120.3125000 -0.9150391
17.2968750 121.2500000 -0.8369141
17.0000000 123.5625000 -0.8759766
17.7500000 121.3750000 -0.8642578
17.2031250 121.3125000 -0.8505859
17.1875000 120.3125000 -0.8916016
16.2968750 120.9375000 -0.8095703
16.4531250 126.6250000 -0.9208984
15.7500000 129.0000000 -0.9462891
15.7343750 121.2500000 -0.8232422
14.6718750 120.6250000 -0.8486328
14.2734375 119.7500000 -0.8525391
14.8906250 121.0625000 -0.7822266
15.1171875 121.1875000 -0.8095703
14.8046875 120.9375000 -0.7841797
14.1328125 121.2500000 -0.7744141
12.9921875 121.3750000 -0.7568359
13.9765625 121.3125000 -0.7822266
12.4062500 121.1250000 -0.7392578
12.2031250 121.0000000 -0.7294922
12.0000000 121.2500000 -0.7294922
11.2968750 121.3125000 -0.7060547
11.1875000 121.0000000 -0.7041016
10.4843750 121.5625000 -0.6943359
10.8671875 121.2500000 -0.6943359
10.6250000 121.5000000 -0.6923828
10.3359375 121.4375000 -0.7041016
11.2578125 121.1875000 -0.7158203
9.7343750 121.5000000 -0.6806641
10.2578125 121.3750000 -0.6982422
9.8984375 121.4375000 -0.6728516
8.4453125 121.6875000 -0.6337891
9.0859375 121.5000000 -0.6533203
7.6875000 120.9375000 -0.6298828
8.5000000 121.5000000 -0.6318359
6.5937500 126.8750000 -0.6240234
8.1484375 121.3750000 -0.6435547
8.4140625 121.5000000 -0.6142578
6.6406250 121.9375000 -0.5791016
5.7343750 121.7500000 -0.5322266
6.3046875 121.7500000 -0.5615234
5.4140625 121.7500000 -0.5244141
6.0468750 121.8750000 -0.5556641
5.1484375 122.0000000 -0.5107422
3.8007812 122.3125000 -0.4228516
3.3085938 121.7500000 -0.4169922
5.1093750 122.1250000 -0.5009766
5.2968750 121.9375000 -0.5146484
3.8535156 122.0000000 -0.4443359
3.3652344 122.3125000 -0.4033203
4.2421875 121.6250000 -0.4638672
2.9316406 121.5625000 -0.3955078
4.5117188 121.6875000 -0.4658203
1.9414062 121.9375000 -0.3740234
3.5488281 121.5625000 -0.4169922
3.0351562 121.6875000 -0.3896484
2.4609375 121.7500000 -0.3583984
3.0214844 121.7500000 -0.3935547
1.1484375 122.0000000 -0.3251953
1.1191406 123.9375000 -0.2998047
0.6308594 121.8125000 -0.2919922
-0.5107422 121.8125000 -0.1962891
-0.5068359 121.9375000 -0.2001953
-1.2207031 122.1875000 -0.1455078
-2.2285156 121.6875000 -0.0400391
-1.8652344 121.7500000 -0.0742188
-1.1503906 121.8750000 -0.1552734
-1.6660156 122.0625000 -0.1318359
-1.4824219 121.9375000 -0.1630859
-2.3378906 121.9375000 -0.0917969
-1.9746094 122.0625000 -0.1025391
-2.1484375 121.8750000 -0.0781250
-2.4121094 121.8750000 -0.0605469
-3.3417969 121.5000000 0.0068359
-3.3964844 121.3750000 0.0195312
-3.8652344 121.3125000 0.0566406
-3.4472656 121.5000000 0.0361328
-4.4687500 121.2500000 0.1328125
-4.7187500 121.0625000 0.1279297
-4.4062500 121.1250000 0.0986328
-4.4375000 121.0625000 0.1103516
-5.4218750 120.6875000 0.2041016
-5.4687500 120.3750000 0.2236328
-5.6015625 120.4375000 0.2246094
-5.5234375 120.3750000 0.2187500
-5.6718750 120.4375000 0.2207031
-5.9296875 120.3750000 0.2617188
-6.4921875 120.0000000 0.3017578
-6.7031250 119.6250000 0.3486328
-7.0937500 119.3125000 0.3740234
-7.3671875 119.1875000 0.3925781
-7.4609375 119.1875000 0.4384766
-7.4062500 119.1250000 0.4238281
-8.1015625 118.4375000 0.5107422
-8.0156250 118.8125000 0.5146484
-7.7656250 118.3750000 0.4697266
-8.5156250 117.9375000 0.5273438
-8.5078125 117.6250000 0.5390625
-8.4921875 117.8125000 0.5351562
-8.2109375 117.5625000 0.5166016
-9.0234375 116.8125000 0.6005859
-9.0625000 116.9375000 0.6074219
-9.2343750 116.7500000 0.6142578
-9.6796875 116.6875000 0.6708984
-9.7734375 117.1250000 0.6416016
-10.9843750 116.8125000 0.7353516
-10.4531250 116.7500000 0.6552734
-10.4453125 117.3750000 0.6513672
-10.5234375 117.3750000 0.6582031
-11.3750000 116.7500000 0.7714844
-10.8984375 116.6875000 0.7373047
-11.1562500 116.2500000 0.7812500
-11.1171875 116.2500000 0.7812500
-11.6640625 115.8750000 0.8554688
-11.6328125 116.0000000 0.8242188
-11.4531250 121.0625000 0.7695312
-11.5703125 116.4375000 0.8349609
-12.1562500 116.0625000 0.8837891
-11.7734375 116.7500000 0.8330078
-12.5078125 116.1875000 0.9111328
-13.1953125 115.6875000 0.9741211
-12.5546875 115.9375000 0.9111328
-12.9765625 115.7500000 0.9291992
-13.4687500 115.7500000 0.9814453
-13.3906250 115.9375000 0.9311523
-14.1796875 115.6250000 0.9863281
-14.8046875 115.2500000 1.0625000
-14.6953125 115.0000000 1.0761719
-14.8984375 115.0625000 1.0830078
-15.7109375 114.6250000 1.1660156
-15.8203125 114.3125000 1.1269531
-15.1328125 114.4375000 1.0957031
-15.8359375 114.3125000 1.1533203
-16.6250000 113.1875000 1.2539062
-16.3125000 114.3125000 1.2031250
-16.2812500 113.7500000 1.2500000
-16.3437500 114.7500000 1.2392578
-16.2812500 113.6250000 1.2646484
-16.3125000 112.3125000 1.3193359
-16.2343750 112.3750000 1.3359375
-16.3906250 112.8125000 1.3183594
-16.3906250 112.2500000 1.3632812
-16.3593750 111.0000000 1.4003906
-16.1875000 110.3125000 1.4335938
-16.4843750 109.9375000 1.4599609
-16.5156250 109.6250000 1.4501953
-16.7812500 109.5625000 1.4619141
-15.6640625 98.6875000 1.5546875
-10.3359375 75.1250000 1.6308594
-8.3203125 82.6250000 1.3857422
-15.9140625 109.8750000 1.4033203
-16.7812500 108.3750000 1.5175781
-16.3125000 108.2500000 1.5244141
-16.7031250 108.0625000 1.5605469
-16.5781250 108.3750000 1.5419922
-16.3593750 107.8125000 1.5644531
-16.2031250 107.2500000 1.5244141
-16.5937500 109.1250000 1.3417969
-12.7421875 106.9375000 1.1562500
-12.0312500 100.8750000 1.1035156
-12.4375000 102.6875000 1.1289062
-16.3906250 106.9375000 1.3837891
-16.4843750 106.6875000 1.4716797
-15.6328125 106.0000000 1.5195312
-15.8046875 106.2500000 1.5664062
-15.8671875 105.8125000 1.6376953
-15.6484375 106.2500000 1.5986328
-15.9609375 105.4375000 1.6376953
-15.8359375 105.0625000 1.6289062
-15.3203125 103.9375000 1.6308594
-15.5546875 104.1250000 1.6367188
-15.1796875 102.7500000 1.6464844
-15.8515625 103.5000000 1.6865234
-15.4140625 102.6875000 1.6757812
-14.9921875 102.3125000 1.6630859
-15.7421875 103.7500000 1.7001953
-15.8671875 103.6875000 1.6943359
-15.7265625 102.6250000 1.7333984
-15.9296875 102.9375000 1.7402344
-15.3515625 102.3125000 1.7314453
-15.9453125 102.1875000 1.7392578
-16.0156250 101.3750000 1.7568359
-15.4609375 100.3750000 1.7441406
-15.4921875 100.8750000 1.7324219
-15.0546875 99.5625000 1.7607422
-15.6484375 100.0625000 1.7812500
-15.3203125 99.5000000 1.7861328
-15.3984375 99.5625000 1.7695312
-15.1640625 99.3125000 1.7597656
-15.0859375 100.8125000 1.7246094
-15.3984375 100.5625000 1.7421875
-15.0234375 100.0625000 1.7148438
-15.5390625 100.0000000 1.7236328
-15.1484375 99.0000000 1.7548828
-15.5859375 98.4375000 1.7939453
-14.9296875 97.8125000 1.7753906
-15.5078125 97.6250000 1.8007812
-15.6640625 97.0625000 1.8183594
-15.3359375 97.8125000 1.7939453
-15.4453125 95.7500000 1.8476562
-16.0156250 97.6875000 1.8125000
-15.7109375 96.8750000 1.8164062
-15.6640625 97.1250000 1.8251953
-15.3984375 97.1250000 1.8144531
-15.8828125 96.3750000 1.8437500
-16.1093750 96.0625000 1.7939453
-15.9609375 95.2500000 1.8671875
-15.9453125 94.6875000 1.8593750
-15.7890625 94.9375000 1.9199219
-15.6796875 95.2500000 1.9228516
-15.9296875 95.3750000 1.9384766
-15.8515625 96.0625000 1.9160156
-15.3671875 94.7500000 1.9238281
-15.5390625 95.8125000 1.9072266
-16.1875000 95.6875000 1.9335938
-15.8984375 95.1875000 1.9160156
-15.7265625 94.8750000 1.9492188
-16.1562500 94.1250000 1.8740234
-15.7890625 94.4375000 1.8964844
-15.9140625 93.4375000 1.9863281
-15.7734375 91.2500000 2.0742188
-15.2578125 90.0625000 2.0527344
-15.6015625 91.0000000 2.0488281
-15.4140625 90.9375000 2.0449219
-15.5234375 90.9375000 2.0253906
-15.8984375 90.5000000 2.0683594
-15.8359375 89.0000000 2.0761719
-15.8828125 90.3125000 2.0566406
-15.6796875 88.5625000 2.1191406
-15.5546875 90.9375000 2.0312500
-15.3203125 88.0625000 2.0937500
-15.4609375 88.0000000 2.1191406
-15.6484375 87.9375000 2.1289062
-15.4453125 87.8750000 2.1015625
-15.3828125 88.8750000 2.0820312
-15.7890625 87.6875000 2.1210938
-15.6015625 87.6250000 2.1230469
-15.2734375 86.5000000 2.1152344
-15.6015625 87.6875000 2.1328125
-15.0859375 86.0000000 2.0976562
-15.2421875 85.7500000 2.1230469
-15.8671875 85.6875000 2.1640625
-15.8984375 82.4375000 2.1308594
-15.3203125 83.4375000 2.1601562
-15.4921875 83.0000000 2.1699219
-15.6484375 82.1875000 2.1718750
-16.2968750 84.5000000 2.2285156
-16.1406250 82.9375000 2.2031250
-15.9765625 84.2500000 2.2343750
-15.8046875 83.5625000 2.2187500
-15.7734375 82.5625000 2.2050781
-16.1875000 83.3125000 2.2382812
-15.5703125 82.5625000 2.2070312
-15.1640625 82.0625000 2.1894531
-15.5078125 83.1250000 2.2128906
-15.6640625 81.2500000 2.2265625
-15.4765625 82.3750000 2.2128906
-15.4921875 82.1250000 2.2265625
-15.5703125 80.0000000 2.2070312
-15.5703125 81.0625000 2.2226562
-15.5078125 79.0625000 2.2011719
-14.9921875 78.5000000 2.1972656
-15.0703125 78.6875000 2.2011719
-14.9921875 77.6250000 2.1562500
-15.0859375 78.6250000 2.1933594
-14.8203125 77.4375000 2.1835938
-15.4921875 78.1875000 2.1894531
-15.6328125 79.0000000 2.2011719
-15.5078125 77.6250000 2.1855469
-15.3984375 77.4375000 2.1914062
-15.2109375 77.1250000 2.1816406
-15.0546875 76.8125000 2.1523438
-15.6484375 76.6875000 2.1914062
-15.7578125 76.3125000 2.1875000
-15.2734375 77.5625000 2.1914062
-14.9453125 77.0625000 2.1953125
-15.0234375 77.2500000 2.1718750
-15.2265625 77.6250000 2.1992188
-15.3203125 74.7500000 2.1816406
-15.2890625 74.8125000 2.1914062
-15.5078125 74.4375000 2.1914062
-15.0546875 74.3750000 2.1835938
-15.1640625 73.8125000 2.1835938
-15.1796875 73.1875000 2.1855469
-15.3046875 74.5625000 2.1914062
-15.1484375 74.4375000 2.1992188
-15.3046875 73.6250000 2.1640625
-15.3359375 74.0625000 2.1816406
-15.4765625 74.0000000 2.1933594
-15.9140625 73.2500000 2.1640625
-15.9609375 72.7500000 2.1484375
-15.8515625 72.5625000 2.1562500
-15.4140625 71.5000000 2.1289062
-15.8828125 72.0000000 2.1210938
-15.8203125 71.1250000 2.1289062
-15.5078125 70.6875000 2.1035156
-15.6796875 70.0000000 2.1113281
-16.0625000 70.3750000 2.1191406
-15.4296875 70.8125000 2.1171875
-15.7734375 70.6250000 2.1250000
-15.7109375 70.5625000 2.1289062
-15.4296875 70.0000000 2.1171875
-15.3515625 68.5000000 2.1113281
-14.8203125 67.6250000 2.0898438
-15.1953125 68.5000000 2.1035156
-15.1640625 68.0000000 2.0898438
-15.4765625 68.0625000 2.0976562
-15.1953125 69.0625000 2.0917969
-15.8046875 67.3750000 2.0781250
-15.5234375 66.6875000 2.0683594
-15.2109375 66.8125000 2.0585938
-15.5546875 66.3125000 2.0507812
-15.1015625 66.5000000 2.0625000
-15.1953125 64.1875000 2.0156250
-15.0390625 65.5000000 2.0468750
-15.0234375 63.8750000 2.0175781
-15.2890625 64.6875000 2.0390625
-15.1796875 64.0625000 2.0214844
-15.0234375 64.0000000 2.0097656
-15.0546875 64.0625000 2.0273438
-14.8828125 64.1250000 2.0136719
-14.7578125 63.5000000 2.0195312
-15.2109375 62.8750000 1.9921875
-15.0546875 63.1250000 1.9804688
-14.8828125 63.5625000 2.0058594
-15.2734375 61.3750000 1.9609375
-15.2890625 61.9687500 1.9980469
-15.8046875 61.2812500 1.9843750
-15.3515625 61.4062500 1.9726562
-15.7109375 61.5625000 1.9755859
-15.9453125 60.9687500 1.9541016
-15.8359375 61.3437500 1.9511719
-16.0937500 59.7187500 1.9218750
-15.9765625 60.7187500 1.9355469
-16.1406250 60.0625000 1.9160156
-16.1093750 59.3750000 1.9130859
-16.1875000 59.9375000 1.9414062
-16.2343750 59.6250000 1.9306641
-16.2031250 59.0625000 1.9140625
-16.2656250 58.6250000 1.9140625
-16.1875000 58.2812500 1.8994141
-16.2812500 58.1562500 1.9296875
-16.4218750 56.8437500 1.8974609
-16.2656250 57.4687500 1.8828125
-16.3906250 56.6250000 1.8847656
-16.2812500 57.1875000 1.8857422
-16.4375000 56.4375000 1.8798828
-16.4843750 56.3437500 1.8916016
-16.3281250 55.7187500 1.8710938
-16.3906250 56.4687500 1.8769531
-16.5000000 55.4687500 1.8759766
-16.4218750 55.3125000 1.8837891
-16.4843750 55.8437500 1.8789062
-16.5312500 56.1875000 1.8857422
-16.6093750 56.8125000 1.8984375
-16.4531250 54.5937500 1.8583984
-16.7031250 54.8125000 1.8867188
-16.5312500 55.6875000 1.8828125
-16.5937500 54.8437500 1.8798828
-16.6875000 53.9062500 1.8613281
-16.8437500 52.8125000 1.8574219
-16.6718750 52.8437500 1.8564453
-16.6718750 53.7187500 1.8652344
-16.6562500 53.4062500 1.8603516
-16.5000000 52.5625000 1.8476562
-16.7812500 52.1875000 1.8457031
-16.6875000 51.6875000 1.8339844
-16.7812500 51.4375000 1.8378906
-16.7187500 54.0312500 1.8779297
-16.7812500 50.5625000 1.8310547
-16.7812500 51.7500000 1.8300781
-16.8750000 51.6875000 1.8476562
-16.9218750 50.0625000 1.8144531
-16.8593750 51.8750000 1.8496094
-7.6328125 -161.1250000 1.0781250
-17.0156250 49.2500000 1.8203125
-17.0312500 49.9687500 1.7968750
-16.9843750 49.5312500 1.8115234
-17.0625000 47.6250000 1.7880859
-16.9687500 47.9375000 1.7939453
-16.9531250 48.2187500 1.7822266
-17.0937500 48.8437500 1.8076172
-17.0000000 48.6562500 1.7832031
-17.1718750 47.9375000 1.7890625
-17.1406250 46.6250000 1.7705078
-17.2500000 45.5937500 1.7597656
-17.0781250 46.6875000 1.7705078
-17.1718750 45.6250000 1.7548828
-17.4531250 44.1875000 1.7382812
-17.2343750 44.6875000 1.7421875
-17.2812500 43.9375000 1.7353516
-17.3437500 44.2500000 1.7324219
-17.2031250 43.8750000 1.7089844
-17.1406250 43.4687500 1.7011719
-17.1250000 41.8750000 1.6816406
-17.0000000 42.1875000 1.6943359
-17.1875000 42.2500000 1.6992188
-16.9218750 41.0625000 1.6660156
-17.1093750 42.0625000 1.6777344
-17.0625000 40.7812500 1.6738281
-17.0312500 41.4687500 1.6806641
-17.2656250 39.5625000 1.6591797
-17.1250000 40.5937500 1.6669922
-17.1562500 39.9687500 1.6572266
-17.2656250 38.1562500 1.6250000
-17.0781250 38.1250000 1.6220703
-17.3125000 37.0625000 1.6191406
-16.7187500 35.3125000 1.5937500
-16.9218750 35.6562500 1.5976562
-16.4375000 36.5000000 1.5869141
-16.5937500 34.4375000 1.6005859
-16.3281250 35.7812500 1.5869141
-15.5234375 36.8125000 1.6435547
-15.9921875 36.1250000 1.6376953
-16.9062500 34.7187500 1.6025391
-16.2187500 33.8125000 1.5742188
-16.0937500 31.0781250 1.6005859
-16.6093750 32.9687500 1.5751953
-16.3437500 34.3437500 1.5888672
-15.3203125 35.1250000 1.6064453
-16.9375000 32.9687500 1.5800781
-16.9375000 32.9062500 1.5966797
-16.7500000 33.5625000 1.5634766
-16.5625000 34.2187500 1.5781250
-17.4687500 33.3437500 1.5947266
-17.3750000 33.1875000 1.5966797
-16.7812500 33.7500000 1.5712891
-17.5468750 33.5312500 1.6005859
-17.7343750 33.0625000 1.6035156
-17.4687500 32.2812500 1.5859375
-17.5156250 33.8437500 1.6005859
-17.3437500 33.3750000 1.5996094
-17.6718750 31.4843750 1.6142578
-17.9218750 31.2656250 1.6005859
-17.8593750 31.1093750 1.6113281
-18.0468750 30.4843750 1.6132812
-17.8281250 30.6718750 1.6171875
-17.8750000 30.7031250 1.6171875
-18.0468750 29.8906250 1.6230469
-18.0156250 30.3750000 1.6191406
-18.4218750 29.7500000 1.6171875
-18.2656250 30.3750000 1.6171875
-18.6875000 28.9531250 1.6269531
-18.7656250 28.9375000 1.6191406
-18.8281250 28.7031250 1.6250000
-18.5781250 28.9531250 1.6230469
-18.7187500 28.5937500 1.6337891
-18.8906250 28.3593750 1.6328125
-18.5000000 28.4531250 1.6289062
-18.5312500 27.7500000 1.6386719
-18.6250000 27.1093750 1.6240234
-19.2812500 27.2500000 1.6494141
-19.3750000 26.8593750 1.6337891
-19.1406250 27.3281250 1.6445312
-20.0156250 26.1093750 1.6630859
-20.1406250 26.5000000 1.6679688
-19.8593750 26.7031250 1.6464844
-20.0468750 26.0000000 1.6601562
-19.8125000 26.2656250 1.6611328
-20.3750000 25.1406250 1.6669922
-19.4843750 25.7656250 1.6601562
-19.6406250 25.0937500 1.6718750
-19.2500000 25.7656250 1.6621094
-19.3593750 25.8281250 1.6611328
-19.7343750 24.1875000 1.6875000
-19.2812500 24.3281250 1.6748047
-19.4218750 25.0937500 1.6650391
-19.9218750 23.4687500 1.6962891
-19.9218750 24.5937500 1.6738281
-21.1093750 23.1718750 1.7060547
-20.4375000 24.2968750 1.6845703
-21.3906250 23.2187500 1.7138672
-21.6718750 22.6250000 1.7236328
-21.6093750 22.9687500 1.7109375
-21.6093750 23.2343750 1.7109375
-20.9531250 22.9531250 1.7099609
-20.5781250 23.3906250 1.6923828
-21.2812500 23.4531250 1.6943359
-21.7656250 22.5781250 1.7089844
-21.5000000 22.0156250 1.7060547
-21.6875000 22.5781250 1.6982422
-21.3906250 22.1875000 1.7001953
-21.3750000 22.3593750 1.6923828
-21.3281250 22.3750000 1.6904297
-20.6250000 22.8437500 1.6679688
-21.2500000 21.5156250 1.7089844
-22.2812500 19.4843750 1.7851562
-22.5468750 19.4062500 1.7910156
-22.7500000 19.2187500 1.8056641
-22.8125000 19.1406250 1.8164062
-22.9062500 18.7031250 1.8398438
-22.4062500 19.6718750 1.8066406
-22.4375000 20.0468750 1.8076172
-22.7656250 19.9375000 1.8427734
-22.1093750 20.6250000 1.8291016
-21.8437500 20.4531250 1.8447266
-21.1562500 16.5937500 1.7373047
-21.2812500 18.2031250 1.8144531
-22.3906250 19.0156250 1.8769531
-22.9062500 18.9062500 1.8466797
-23.3906250 18.4687500 1.8525391
-23.3125000 19.0312500 1.8212891
-23.6250000 18.3593750 1.8388672
-22.3593750 19.9531250 1.7695312
-23.2812500 18.9375000 1.7958984
-23.0781250 19.8437500 1.7744141
-23.8593674 18.6406250 1.8046875
-23.5781250 19.0781250 1.7802734
-23.3437500 18.5781250 1.7978516
-24.0312424 18.8437500 1.8125000
-24.0624924 18.7656250 1.8085938
-24.3749924 18.5312500 1.8115234
-24.8281174 18.3906250 1.8222656
-24.6874924 17.5312500 1.8359375
-24.3593674 17.8593750 1.8271484
-24.0781174 18.2031250 1.8007812
-23.8749924 19.3281250 1.7949219
-24.5781174 17.8750000 1.8203125
-25.0468674 17.6718750 1.8007812
-24.0937424 18.9375000 1.7695312
-24.5468674 18.1093750 1.7890625
-24.1093674 18.7968750 1.7783203
-24.2968674 18.8750000 1.7841797
-24.0312424 19.7500000 1.7431641
-24.3437424 19.6875000 1.7421875
-24.1249924 20.2187500 1.7441406
-23.5781250 20.6562500 1.7539062
-22.6093750 21.7031250 1.7216797
-23.3593750 20.4843750 1.7597656
-23.5156250 20.1250000 1.7636719
-23.2031250 20.3906250 1.7626953
-23.2187500 20.2656250 1.7636719
-23.2031250 20.5156250 1.7587891
-23.3906250 20.2031250 1.7724609
-22.8281250 21.0937500 1.7705078
-23.2343750 20.1093750 1.7812500
-23.1718750 20.2343750 1.7705078
-22.9843750 20.5937500 1.7431641
-23.1250000 20.9687500 1.7421875
-22.1093750 22.3593750 1.7138672
-22.6093750 21.8437500 1.7167969
-22.0468750 22.9375000 1.6923828
-21.0468750 23.5468750 1.6894531
-21.1562500 23.8281250 1.6865234
-21.0625000 24.2656250 1.6875000
-21.5781250 23.9218750 1.6757812
-20.6250000 25.7187500 1.6572266
-20.4375000 25.5312500 1.6523438
-19.9843750 26.6875000 1.6523438
-20.0468750 26.8125000 1.6308594
-20.3593750 26.0937500 1.6250000
-19.6093750 27.8281250 1.6152344
-19.5781250 27.9062500 1.6210938
-19.5468750 28.1406250 1.6074219
-19.0156250 29.2031250 1.5869141
-19.3750000 28.2656250 1.6035156
-19.3437500 28.8281250 1.5849609
-19.3750000 28.9062500 1.6025391
-19.2343750 28.8437500 1.5800781
-19.5000000 28.8281250 1.5927734
-19.1093750 29.1250000 1.5683594
-19.0468750 29.5625000 1.5800781
-18.4843750 30.4375000 1.5683594
-18.6875000 29.9375000 1.5839844
-18.5156250 30.6093750 1.5664062
-18.7187500 30.9843750 1.5820312
-18.2500000 31.1406250 1.5683594
-18.1250000 31.3593750 1.5556641
-18.3906250 31.2968750 1.5712891
-17.9218750 33.5312500 1.5625000
-17.9531250 33.5625000 1.5703125
-18.3281250 34.4062500 1.6503906
-17.9843750 35.0312500 1.6220703
-17.7187500 35.3750000 1.6611328
-18.0156250 34.8437500 1.7167969
-18.0156250 36.1875000 1.6816406
-18.1562500 36.5000000 1.6826172
-18.1406250 35.5937500 1.6484375
-18.0937500 35.8750000 1.6093750
-17.8125000 34.8750000 1.5703125
-17.7812500 32.1562500 1.5546875
-18.0000000 31.4843750 1.5673828
-17.8437500 32.2187500 1.5595703
-17.4531250 33.1562500 1.5488281
-17.2812500 32.1562500 1.5517578
-17.9531250 33.2500000 1.5605469
-17.5781250 35.7187500 1.5429688
-17.6406250 36.1250000 1.5605469
-17.9687500 36.6562500 1.5859375
-17.9218750 36.6250000 1.5966797
-17.8906250 37.0937500 1.6035156
-17.9687500 37.8125000 1.6181641
-17.7812500 38.1562500 1.6044922
-18.2187500 39.8125000 1.6777344
-17.9531250 39.3125000 1.6503906
-17.9375000 38.7500000 1.6328125
-18.3437500 39.6875000 1.6728516
-18.2187500 39.5000000 1.6464844
-18.2343750 40.1562500 1.6914062
-18.4218750 40.6875000 1.7070312
-18.2187500 40.1250000 1.6718750
-18.5781250 42.0312500 1.7070312
-18.3437500 42.3125000 1.7099609
-18.2500000 43.3125000 1.7265625
-18.3281250 42.7500000 1.7099609
-18.1718750 42.8437500 1.6914062
-18.2812500 42.8750000 1.7128906
-18.0781250 42.6875000 1.6826172
-18.1406250 43.0937500 1.7060547
-18.4062500 43.2812500 1.7285156
-18.1875000 44.2812500 1.7451172
-18.4375000 44.7812500 1.7392578
-18.2187500 44.1250000 1.7216797
-18.2187500 43.8750000 1.7187500
-18.2968750 43.6562500 1.7109375
-18.1406250 45.0000000 1.7353516
-18.3750000 44.2187500 1.7382812
-18.2500000 45.2187500 1.7578125
-18.2656250 45.3750000 1.7705078
-18.3437500 44.7187500 1.7558594
-18.2656250 45.5625000 1.7841797
-18.1406250 47.5312500 1.8320312
-18.1250000 46.8750000 1.8125000
-18.1093750 47.4375000 1.8164062
-18.2031250 48.3125000 1.8564453
-18.0000000 48.2500000 1.8300781
-18.2031250 45.9687500 1.7968750
-18.2031250 47.5937500 1.8251953
-18.1406250 47.0937500 1.7890625
-18.2500000 47.1562500 1.8056641
-18.2031250 47.9375000 1.8154297
-18.1562500 47.9375000 1.7978516
-18.2500000 48.3437500 1.8125000
-18.0468750 48.3437500 1.7792969
-18.1406250 47.9687500 1.7822266
-18.1718750 49.3750000 1.7988281
-18.1250000 50.1875000 1.8232422
-18.1562500 50.1250000 1.8388672
-18.0156250 49.5937500 1.8251953
-18.1875000 49.3750000 1.8427734
-18.2187500 50.3125000 1.8544922
-17.9375000 51.2812500 1.8671875
-18.0312500 51.1875000 1.8769531
-17.9062500 52.5312500 1.8964844
-17.5468750 53.5625000 1.9238281
-17.6875000 52.8125000 1.9248047
-17.5781250 53.3125000 1.9082031
-17.6718750 52.5000000 1.9160156
-17.4687500 53.7187500 1.9316406
-17.3281250 53.9375000 1.9248047
-17.4687500 54.2500000 1.9414062
-17.2812500 53.6250000 1.9287109
-17.3437500 54.2187500 1.9238281
-17.3125000 55.3125000 1.9453125
-17.3281250 53.8437500 1.9296875
-17.3593750 55.7187500 1.9472656
-17.5156250 55.0937500 1.9316406
-17.4687500 55.9375000 1.9423828
-17.5312500 55.8750000 1.9326172
-17.7187500 56.0000000 1.9296875
-17.5937500 57.7187500 1.9462891
-17.7656250 56.2187500 1.9199219
-17.7187500 57.1250000 1.9414062
-17.8750000 55.1562500 1.8789062
-17.3906250 57.7812500 1.9248047
-17.6562500 57.9687500 1.9355469
-17.3750000 57.6250000 1.9550781
-17.5468750 58.4375000 1.9775391
-17.3593750 58.3125000 1.9716797
-17.2812500 56.7812500 1.9677734
-16.7500000 58.2500000 1.9873047
-16.7968750 57.2812500 1.9785156
-16.8750000 58.7500000 1.9921875
-16.7968750 60.0625000 1.9892578
-16.6718750 60.0625000 1.9511719
-16.8281250 60.2812500 1.9414062
-16.7187500 60.3125000 1.9433594
-16.9375000 61.1562500 1.9804688
-17.3750000 61.9062500 2.0039062
-17.0937500 62.5000000 1.9873047
-17.7343750 63.4375000 2.0546875
-16.8906250 62.7500000 1.9736328
-16.8750000 62.8750000 2.0097656
-16.9062500 63.6250000 2.0136719
-17.1406250 64.1250000 2.0390625
-17.1093750 63.4375000 2.0273438
-16.9375000 64.0625000 2.0214844
-17.2656250 64.3750000 2.0527344
-17.2500000 64.7500000 2.0644531
-17.2031250 65.3125000 2.0664062
-17.5000000 65.5625000 2.0761719
-17.3437500 65.7500000 2.0585938
-17.7812500 66.4375000 2.0859375
-17.7031250 66.1875000 2.0937500
-17.6250000 66.4375000 2.0722656
-17.7968750 66.1250000 2.0527344
-17.7500000 67.6250000 2.0917969
-17.7968750 66.5000000 2.0722656
-18.2812500 67.2500000 2.1054688
-17.9687500 67.7500000 2.0917969
-17.9843750 69.1250000 2.1484375
-18.0625000 69.6250000 2.1425781
-17.8750000 69.1875000 2.1425781
-17.9062500 69.6250000 2.1757812
-17.8906250 69.3750000 2.1523438
-18.0625000 68.8750000 2.1640625
-18.0468750 69.8750000 2.1835938
-18.0312500 69.1250000 2.1699219
-18.3437500 70.2500000 2.1933594
-18.0781250 69.8750000 2.1796875
-18.1718750 70.1250000 2.1972656
-18.2187500 71.0625000 2.2050781
-18.2343750 71.4375000 2.1933594
-18.3593750 71.5625000 2.2089844
-18.2812500 71.8125000 2.2070312
-18.5937500 71.8125000 2.2226562
-18.5000000 72.0625000 2.2207031
-18.4531250 71.8750000 2.2148438
-18.4687500 72.2500000 2.2460938
-18.4375000 72.1875000 2.2304688
-18.4218750 72.1875000 2.2382812
-18.2812500 73.3125000 2.2675781
-18.5781250 73.3750000 2.2558594
-18.5156250 73.2500000 2.2558594
-18.5625000 73.8750000 2.2636719
-18.2343750 74.5000000 2.2617188
-18.4843750 73.8750000 2.2773438
-18.5625000 74.1875000 2.2734375
-18.4843750 74.0625000 2.2656250
-18.7031250 74.2500000 2.2871094
-18.4218750 74.6250000 2.2617188
-18.6406250 75.0000000 2.2890625
-18.6250000 75.4375000 2.2929688
-18.6562500 75.3125000 2.2792969
-18.5312500 75.6875000 2.2832031
-18.6562500 75.0000000 2.2890625
-18.5000000 75.9375000 2.2929688
-18.7500000 76.2500000 2.2968750
-18.6875000 76.8125000 2.3085938
-18.6406250 77.2500000 2.3085938
-18.4687500 77.4375000 2.3066406
-18.5625000 78.0000000 2.3164062
-18.6093750 77.9375000 2.3203125
-18.5625000 78.8750000 2.3261719
-18.6250000 80.0625000 2.3398438
-18.5156250 79.8125000 2.3203125
-18.5781250 79.4375000 2.3125000
-18.5156250 80.0000000 2.3359375
-18.5000000 80.8125000 2.3339844
-18.5937500 80.9375000 2.3261719
-18.5468750 80.6250000 2.3320312
-18.3906250 81.3125000 2.3144531
-18.5781250 82.1875000 2.3300781
-18.6250000 81.1875000 2.3320312
-18.6250000 81.1250000 2.3242188
-18.5312500 82.0000000 2.3300781
-18.3906250 82.4375000 2.3203125
-18.4218750 82.7500000 2.3164062
-18.4375000 84.1875000 2.3046875
-18.5312500 84.1250000 2.3144531
-18.3593750 84.6875000 2.2890625
-18.4218750 85.6250000 2.2871094
-18.5468750 86.6875000 2.2656250
-18.5156250 86.8125000 2.2656250
-18.4687500 86.7500000 2.2812500
-18.4687500 87.0625000 2.2636719
-18.4062500 86.9375000 2.2675781
-18.4218750 86.8125000 2.2695312
-18.5625000 86.6875000 2.2812500
-18.6250000 86.5000000 2.2968750
-18.3750000 88.0625000 2.2441406
-17.7500000 89.1875000 2.1835938
-17.7812500 89.5000000 2.1699219
-18.0156250 88.3750000 2.2265625
-18.3125000 89.3125000 2.2207031
-18.3281250 88.8750000 2.2265625
-18.2500000 89.6250000 2.2500000
-18.8125000 89.3125000 2.2519531
-18.9843750 88.8125000 2.2500000
-19.4218750 89.1250000 2.2558594
-19.5312500 89.2500000 2.2792969
-19.9062500 90.0000000 2.2578125
-20.0156250 90.9375000 2.2812500
-19.5000000 90.1875000 2.2773438
-19.8750000 91.6875000 2.2812500
-19.6093750 91.6875000 2.2519531
-20.1718750 91.9375000 2.2792969
-20.4218750 92.2500000 2.2617188
-20.4843750 92.2500000 2.2617188
-20.9531250 93.1875000 2.2890625
-20.7031250 93.2500000 2.2792969
-21.3125000 93.6875000 2.2871094
-21.2812500 93.9375000 2.2832031
-21.7187500 94.1875000 2.2695312
-22.1250000 94.3125000 2.3066406
-22.0937500 94.6875000 2.3125000
-22.0625000 94.5000000 2.2851562
-22.2031250 94.8125000 2.2890625
-22.2500000 94.7500000 2.2929688
-23.2968750 95.3125000 2.3417969
-23.3906250 95.2500000 2.3671875
-22.9687500 95.1250000 2.3281250
-23.7031250 95.3750000 2.3593750
-23.5781250 95.0000000 2.3476562
-23.5000000 95.1875000 2.3710938
-23.9062424 95.1875000 2.3847656
-23.9218674 95.5000000 2.3671875
-24.5781174 95.5000000 2.3925781
-24.2343674 95.5000000 2.3828125
-24.3593674 95.6250000 2.3710938
-24.4531174 95.5000000 2.4023438
-24.8906174 95.5625000 2.3984375
-24.7656174 95.6250000 2.4062500
-25.2343674 95.5625000 2.4335938
-25.6249924 95.6250000 2.4316406
-25.6249924 95.6875000 2.4355469
-25.3906174 96.0000000 2.4082031
-26.0937424 95.8125000 2.4550781
-26.5937424 96.3750000 2.4589844
-27.1249924 96.4375000 2.4687500
-27.7812424 96.1875000 2.4589844
-27.9062424 96.5000000 2.5058594
-28.9531174 96.9375000 2.5156250
-29.9218674 96.9375000 2.5253906
-29.6718674 97.1250000 2.5078125
-30.8749924 97.1875000 2.4609375
-31.1562424 97.6875000 2.5195312
-30.7812424 97.6875000 2.4921875
-32.2499924 97.6875000 2.4921875
-32.0312424 97.6250000 2.5507812
-32.7812424 98.5000000 2.5312500
-33.4374924 97.6875000 2.5429688
-32.4687424 97.6875000 2.5468750
-33.6249924 97.4375000 2.5253906
-32.7499924 101.5000000 2.5156250
-34.1562424 104.4375000 2.5273438
-33.4374924 97.8125000 2.5410156
-33.0624924 97.1250000 2.5605469
-33.1562424 97.2500000 2.5195312
-33.4687424 97.0000000 2.5664062
-34.8749924 97.8125000 2.5761719
-34.5312424 96.5000000 2.5644531
-33.9374924 97.0625000 2.5722656
-35.2499924 97.3125000 2.5937500
-35.7187424 97.0000000 2.5664062
-34.7187424 97.1875000 2.5898438
-35.7187424 96.7500000 2.6113281
-35.8437424 96.5625000 2.6093750
-35.9062424 97.1250000 2.5781250
-36.0624924 97.0000000 2.5839844
-36.5624924 96.4375000 2.6210938
-37.3437424 97.0625000 2.5898438
-37.9999924 96.5625000 2.5976562
-38.1249924 96.5625000 2.6074219
-38.2499924 96.6250000 2.6113281
-37.6562424 96.0000000 2.6210938
-37.6874924 96.5625000 2.6191406
-38.7499924 96.5625000 2.5996094
-38.5624924 96.1875000 2.6054688
-39.8124924 96.3125000 2.6093750
-39.2187424 96.5625000 2.6015625
-39.7499924 96.3125000 2.6328125
-39.8124924 96.5625000 2.6015625
-40.3437424 96.4375000 2.6250000
-40.3749924 96.8125000 2.6035156
-40.4062424 95.8125000 2.6250000
-40.8124924 96.3750000 2.6328125
-40.8124924 96.6875000 2.6367188
-41.0624924 96.5000000 2.6210938
-41.4374924 96.3125000 2.6289062
-42.4062424 96.3750000 2.6269531
-41.7187424 96.2500000 2.6367188
-42.1249924 96.2500000 2.6542969
-41.9687424 96.5625000 2.6289062
-42.8437424 96.6250000 2.6425781
-43.4374924 96.5000000 2.6289062
-43.1874924 97.1250000 2.5976562
-43.6249924 96.5625000 2.6210938
-43.5624924 96.5625000 2.6113281
-43.9999924 96.4375000 2.6113281
-43.5937424 96.6250000 2.6289062
-43.9062424 96.6250000 2.6289062
-44.7812424 96.5625000 2.6171875
-44.3437424 96.2500000 2.6406250
-44.4687424 96.4375000 2.6152344
-45.7812424 96.1875000 2.5878906
-44.6874924 95.7500000 2.6269531
-44.8437424 95.6250000 2.6074219
-45.3437424 95.6250000 2.6015625
-46.3437424 95.5625000 2.5820312
-46.3749924 95.1250000 2.6191406
-45.6249924 95.3125000 2.6269531
-46.4687424 95.1250000 2.6113281
-46.1874924 95.0000000 2.6289062
-47.1874924 94.9375000 2.6171875
-47.4687424 95.3750000 2.5937500
-47.3437424 95.4375000 2.5898438
-48.7187424 95.3125000 2.6054688
-47.7499924 95.2500000 2.6113281
-49.3437424 95.2500000 2.5976562
-48.5937424 95.0000000 2.6015625
-49.5312424 95.3125000 2.5917969
-50.7187424 94.5000000 2.5800781
-50.7499924 94.3750000 2.5859375
-51.0312424 94.6875000 2.5390625
-50.9999924 94.5000000 2.5742188
-51.8437424 94.2500000 2.5820312
-52.3437424 94.5625000 2.5664062
-52.4687424 94.1875000 2.5820312
-52.7187424 94.3125000 2.5937500
-52.6562424 94.3125000 2.6015625
-53.1874924 94.3125000 2.6015625
-53.1249924 94.1250000 2.5976562
-53.3437424 94.5000000 2.5898438
-54.0937424 94.0000000 2.5976562
-54.1874924 93.8750000 2.6035156
-54.9374924 93.8750000 2.5917969
-55.5624924 94.1250000 2.5898438
-55.1562424 93.8125000 2.5820312
-55.7499924 94.1250000 2.5859375
-55.7812424 94.4375000 2.5664062
-55.7187424 94.1875000 2.5820312
-56.2187424 94.3750000 2.5703125
-56.1874924 94.0625000 2.5664062
-55.9999924 94.0625000 2.5722656
-55.9062424 94.0000000 2.5722656
-56.8124924 94.0625000 2.5742188
-57.3124924 94.4375000 2.5722656
-58.0937424 94.0000000 2.5722656
-58.5312424 94.3125000 2.5585938
-58.8437424 95.3750000 2.5585938
-58.5937424 94.3125000 2.5742188
-58.7187424 94.1875000 2.5781250
-58.7187424 94.6875000 2.5527344
-59.9999924 94.6250000 2.5644531
-59.2812424 94.2500000 2.5449219
-59.8437424 94.3125000 2.5644531
-60.0624924 94.1875000 2.5761719
-60.3437424 94.0000000 2.5664062
-60.9999924 94.0000000 2.5781250
-61.9999924 94.3125000 2.5390625
-60.3749924 97.7500000 2.4785156
-62.0624924 104.1250000 2.5058594
-62.0937424 94.2500000 2.5625000
-61.6874924 93.9375000 2.5722656
-63.3124924 94.0625000 2.5625000
-63.1249924 94.3125000 2.5566406
-63.4374924 94.1875000 2.5781250
-63.4374924 94.2500000 2.5761719
-63.4999924 93.8125000 2.5839844
-62.4687424 94.3750000 2.5468750
-62.4687424 94.4375000 2.5488281
-63.6874924 94.4375000 2.5625000
-63.2499924 93.9375000 2.5703125
-63.9999924 93.9375000 2.5859375
-65.8749924 93.7500000 2.5683594
-65.8749924 93.4375000 2.5703125
-65.6874924 94.1250000 2.5976562
-65.8124924 94.0000000 2.5800781
-66.2499924 93.0625000 2.5937500
-66.3124924 93.3125000 2.5722656
-66.6249924 92.3125000 2.5878906
-66.2499924 92.5625000 2.5625000
-66.6249924 92.5000000 2.5488281
-66.9999924 92.3750000 2.5703125
-67.5624924 92.0000000 2.5800781
-67.4374924 92.0000000 2.5742188
-67.3749924 92.1875000 2.5703125
-67.3749924 92.0625000 2.5703125
-67.9999924 90.5625000 2.5781250
-67.9374924 90.7500000 2.5820312
-68.0624924 91.2500000 2.5664062
-68.3124924 90.5625000 2.5781250
-67.8124924 91.1250000 2.5761719
-68.0624924 90.2500000 2.5800781
-68.1249924 89.5625000 2.5761719
-68.6874924 89.1875000 2.6210938
-69.4999924 91.0000000 2.5898438
-68.1249924 90.3750000 2.5996094
-68.5624924 89.6875000 2.6093750
-68.3749924 89.0625000 2.6210938
-68.6249924 88.5625000 2.6191406
-68.1874924 89.6250000 2.6093750
-69.2499924 87.1250000 2.6367188
-68.7499924 88.7500000 2.6093750
-69.4374924 87.1250000 2.6328125
-69.2499924 87.3125000 2.6308594
-69.2499924 87.1250000 2.6347656
-69.3124924 87.2500000 2.6230469
-69.2499924 86.6250000 2.6406250
-69.9374924 85.7500000 2.6640625
-69.3124924 87.3750000 2.6308594
-69.5624924 86.6250000 2.6425781
-69.9999924 86.2500000 2.6738281
-69.6874924 86.4375000 2.6640625
-70.0624924 86.1875000 2.6718750
-70.6249924 85.1875000 2.6835938
-70.5624924 85.3125000 2.6835938
-70.5624924 85.4375000 2.6835938
-70.4999924 85.3750000 2.6875000
-70.8749924 84.6875000 2.6894531
-71.2499924 83.8125000 2.7128906
-70.8124924 84.8125000 2.6972656
-71.4999924 83.7500000 2.7109375
-71.1874924 83.9375000 2.7148438
-72.1874924 82.8125000 2.7285156
-71.9374924 83.2500000 2.7187500
-72.1874924 83.0000000 2.7207031
-72.6874924 81.9375000 2.7402344
-72.8749924 82.0000000 2.7324219
-71.6874924 83.0625000 2.7285156
-72.9999924 81.9375000 2.7363281
-72.7499924 81.9375000 2.7363281
-73.5624924 81.1875000 2.7480469
-73.2499924 81.6875000 2.7460938
-74.1249924 80.3750000 2.7539062
-74.1249924 80.7500000 2.7636719
-74.3124924 80.2500000 2.7597656
-74.3749924 80.1875000 2.7714844
-75.1249924 79.6250000 2.7851562
-74.9999924 79.7500000 2.7792969
-75.7499924 78.6250000 2.7929688
-75.4999924 79.1875000 2.7929688
-75.4374924 79.3750000 2.7968750
-75.9374924 78.5000000 2.7968750
-76.4374924 78.3125000 2.8144531
-76.3749924 78.3750000 2.8125000
-76.2499924 78.4375000 2.8085938
-76.6874924 78.4375000 2.8203125
-76.6874924 77.9375000 2.8144531
-77.4374924 77.8125000 2.8300781
-77.7499924 77.7500000 2.8281250
-77.2499924 77.6250000 2.8203125
-77.9374924 77.5000000 2.8339844
-77.8749924 77.3125000 2.8300781
-77.7499924 77.5625000 2.8300781
-78.8124924 76.8125000 2.8457031
-78.3749924 77.1875000 2.8242188
-78.9374924 77.0000000 2.8496094
-79.3749924 76.6250000 2.8398438
-79.0624924 76.8750000 2.8437500
-79.6249924 76.8125000 2.8476562
-79.6249924 76.5625000 2.8437500
-79.4999924 76.8125000 2.8554688
-80.0624924 76.4375000 2.8593750
-81.5624924 75.6875000 2.8750000
-81.2499924 75.7500000 2.8750000
-82.1249924 75.3125000 2.8847656
-81.6874924 75.4375000 2.8808594
-82.3124924 74.9375000 2.8925781
-82.4999924 75.1875000 2.9023438
-82.9374924 74.6250000 2.9062500
-82.5624924 74.7500000 2.8945312
-82.8124924 74.8125000 2.9042969
-82.9374924 74.8750000 2.8984375
-82.8749924 74.9375000 2.9003906
-82.9999924 74.8750000 2.9023438
-83.6874924 74.3125000 2.9101562
-84.0624924 74.2500000 2.9179688
-83.9999924 74.3125000 2.9121094
-84.4374924 74.0000000 2.9218750
-84.8749924 74.0000000 2.9335938
-84.8749924 73.6875000 2.9296875
-84.8749924 73.7500000 2.9296875
-85.2499924 73.7500000 2.9394531
-84.3749924 73.8750000 2.9160156
-85.8749924 73.6250000 2.9375000
-85.4374924 73.4375000 2.9414062
-86.0624924 73.3750000 2.9492188
-85.7499924 73.3750000 2.9414062
-86.2499924 72.8125000 2.9472656
-86.8749924 73.2500000 2.9765625
-86.3749924 73.0625000 2.9589844
-87.5624924 72.7500000 2.9726562
-87.6249924 72.8750000 2.9941406
-88.5624924 72.5625000 3.0156250
-89.2499924 72.8125000 3.0390625
-88.6249924 72.5625000 3.0195312
-90.1249924 73.0000000 3.0527344
-90.7499924 72.9375000 3.0468750
-91.8124924 74.1250000 3.0664062
-91.4374924 73.2500000 3.0742188
-90.4374924 72.9375000 3.0429688
-92.3124924 72.1250000 3.0996094
-91.6874924 73.5625000 3.0664062
-92.2499924 72.9375000 3.0976562
-92.9374924 72.5000000 3.0917969
-92.3749924 72.6250000 3.0781250
-93.0624924 72.6875000 3.0820312
-92.9374924 73.0000000 3.0859375
-95.6249924 73.3125000 3.0859375
-93.3749924 73.3125000 3.0722656
-94.1874924 73.3750000 3.0937500
-93.8749924 73.1250000 3.0937500
-94.2499924 73.2500000 3.1152344
-94.3124924 73.1250000 3.1210938
-93.9999924 72.8750000 3.1035156
-94.1874924 73.0000000 3.1113281
-94.9374924 73.0000000 3.1132812
-94.5624924 73.2500000 3.1210938
-94.9374924 73.4375000 3.0996094
-95.2499924 73.1250000 3.1132812
-95.4999924 73.6250000 3.1289062
-95.9999924 73.8125000 3.1542969
-95.8124924 73.3750000 3.1289062
-97.4999924 73.7500000 3.1894531
-96.8124924 73.3125000 3.1582031
-96.6874924 73.8125000 3.1796875
-96.9999924 73.6875000 3.1386719
-96.9999924 73.2500000 3.1367188
-96.1874924 73.4375000 3.1328125
-97.5624924 74.1875000 3.1679688
-97.4999924 73.8125000 3.1601562
-98.5624924 74.3750000 3.1601562
-98.5624924 74.7500000 3.1562500
-99.3749924 73.9375000 3.1914062
-99.2499924 74.1250000 3.1835938
-99.3749924 73.3125000 3.1679688
-100.3749924 73.7500000 3.1464844
-101.1249924 73.4375000 3.1523438
-101.1874924 73.5625000 3.1757812
-101.1249924 73.1250000 3.1601562
-100.8124924 73.5000000 3.1660156
-101.4999924 73.6250000 3.1562500
-101.3124924 74.0000000 3.1679688
-101.5624924 73.9375000 3.1562500
-101.6874924 73.5000000 3.1718750
-101.8749924 73.2500000 3.1679688
-101.3749924 73.6250000 3.1816406
-101.6874924 73.5000000 3.1777344
-101.8749924 73.0000000 3.1601562
-102.1874924 72.5625000 3.1523438
-102.6249924 73.0000000 3.1601562
-102.5624924 72.6250000 3.1484375
-102.7499924 72.6875000 3.1386719
-103.3124924 71.8125000 3.1250000
-103.4374924 72.0000000 3.1367188
-103.8749924 70.8750000 3.1132812
-103.7499924 71.4375000 3.1250000
-103.6874924 70.7500000 3.1171875
-103.5624924 70.6250000 3.1054688
-103.4999924 70.7500000 3.1132812
-103.4374924 70.8125000 3.1093750
-103.3124924 70.8750000 3.1093750
-103.3124924 70.5625000 3.1152344
-104.1874924 69.6250000 3.1093750
-103.9374924 69.7500000 3.1093750
-103.9999924 69.7500000 3.1054688
-104.1874924 69.3125000 3.0996094
-104.4374924 69.4375000 3.1015625
-104.3749924 69.6250000 3.0957031
-104.6249924 69.5000000 3.1132812
-104.7499924 68.8125000 3.0859375
-105.4374924 68.3125000 3.0898438
-105.2499924 68.4375000 3.0917969
-105.4999924 68.3750000 3.0937500
-106.3749924 67.5000000 3.0820312
-105.8749924 68.1875000 3.1015625
-106.2499924 67.9375000 3.0976562
-106.7499924 67.0000000 3.0781250
-106.9374924 66.7500000 3.0644531
-107.0624924 66.9375000 3.0703125
-107.4999924 66.6250000 3.0546875
-107.6874924 65.8750000 3.0566406
-107.6874924 66.2500000 3.0683594
-107.7499924 66.3750000 3.0781250
-107.2499924 66.5625000 3.1406250
-107.8124924 66.1250000 3.1425781
-108.2499924 67.5625000 3.1835938
-108.5624924 67.9375000 3.1933594
-109.3124924 67.8750000 3.1992188
-109.0624924 67.1875000 3.1953125
-109.6249924 67.8125000 3.2207031
-109.7499924 67.7500000 3.2343750
-109.6874924 68.0625000 3.2265625
-110.3124924 68.8750000 3.2480469
-110.4999924 68.1250000 3.2578125
-111.1249924 68.3125000 3.3164062
-110.5624924 68.0000000 3.3125000
-110.9999924 68.2500000 3.3203125
-111.4999924 68.6250000 3.3359375
-111.5624924 68.9375000 3.3476562
-112.0624924 69.1875000 3.3242188
-111.7499924 69.0000000 3.3359375
-112.9999924 70.1875000 3.3476562
-112.7499924 69.5000000 3.3476562
-112.8124924 69.3750000 3.3359375
-113.1874924 70.1875000 3.3398438
-113.6249924 70.2500000 3.3476562
-113.7499924 70.5000000 3.3574219
-113.9374924 71.1875000 3.3750000
-112.4374924 69.8750000 3.3085938
-113.5624924 70.7500000 3.3281250
-113.5624924 71.1875000 3.3417969
-113.8124924 71.0000000 3.3339844
-114.4999924 71.5000000 3.3730469
-114.2499924 71.4375000 3.3437500
-113.8749924 71.1250000 3.3593750
-113.9999924 71.1875000 3.3476562
-115.5624924 71.8750000 3.3789062
-115.1249924 71.5625000 3.3964844
-115.4999924 71.6250000 3.3828125
-115.6874924 71.7500000 3.3925781
-116.3124924 72.7500000 3.4199219
-115.4374924 71.8125000 3.3769531
-115.9999924 72.6875000 3.4335938
-116.6874924 73.5000000 3.4023438
-117.8124924 73.9375000 3.4101562
-117.3749924 74.1250000 3.4179688
-117.4999924 74.3125000 3.4121094
-118.3124924 75.0000000 3.4179688
-117.8124924 74.6250000 3.4296875
-118.1249924 75.2500000 3.4472656
-117.3749924 74.8750000 3.4511719
-118.9374924 75.6250000 3.4453125
-118.3749924 75.2500000 3.4414062
-118.4999924 75.3125000 3.4296875
-118.4999924 75.3750000 3.4394531
-117.7499924 75.1250000 3.4531250
-118.6874924 75.5000000 3.4355469
-119.3749924 76.0000000 3.4492188
-118.4999924 75.6875000 3.4414062
-117.9374924 76.5625000 3.4433594
-118.9374924 75.9375000 3.4589844
-118.9374924 75.8125000 3.4472656
-119.8749924 76.5625000 3.4375000
-119.6249924 76.3750000 3.4570312
-119.6874924 76.6250000 3.4453125
-119.9374924 76.6875000 3.4550781
-120.1249924 77.3750000 3.4218750
-120.7499924 78.0000000 3.4121094
-120.1874924 77.1875000 3.4355469
-120.1249924 77.0625000 3.4218750
-120.7499924 78.3125000 3.4140625
-120.1249924 77.1250000 3.4335938
-120.7499924 78.5625000 3.4062500
-120.7499924 79.0000000 3.4023438
-120.9999924 78.8125000 3.4140625
-121.5624924 79.6875000 3.4062500
-121.4999924 80.4375000 3.4023438
-121.3124924 80.1875000 3.4062500
-121.4999924 80.2500000 3.4042969
-121.8124924 80.8125000 3.3867188
-121.5624924 81.3750000 3.3828125
-121.6874924 80.8125000 3.4023438
-121.6874924 81.1250000 3.3867188
-121.9999924 81.5625000 3.3789062
-122.4999924 81.5625000 3.3750000
-122.1249924 81.4375000 3.3750000
-122.9374924 83.0625000 3.3359375
-122.8749924 83.0625000 3.3476562
-122.4999924 82.6250000 3.3476562
-122.7499924 82.6250000 3.3398438
-123.0624924 83.4375000 3.3085938
-122.6874924 84.3125000 3.2910156
-123.3749924 84.6250000 3.2636719
-123.2499924 84.8750000 3.2656250
-123.5624924 85.1875000 3.2617188
-123.3749924 84.6875000 3.2910156
-123.9374924 85.5000000 3.2519531
-123.6874924 86.1875000 3.2578125
-123.8749924 86.6250000 3.2343750
-123.7499924 85.5625000 3.2539062
-124.0624924 86.1250000 3.2421875
-124.1874924 86.5000000 3.2226562
-123.6874924 86.0000000 3.2695312
-123.6249924 85.8750000 3.2578125
-124.2499924 86.3750000 3.2070312
-124.8124924 86.6875000 3.2148438
-123.6249924 86.6875000 3.2382812
-125.1874924 87.1875000 3.1953125
-124.8124924 87.3750000 3.2109375
-125.2499924 87.8750000 3.1640625
-124.4999924 87.3125000 3.2011719
-125.1874924 88.6875000 3.1640625
-125.0624924 88.2500000 3.1796875
-124.8749924 88.0625000 3.1953125
-125.1249924 88.8750000 3.1699219
-125.2499924 88.1875000 3.1757812
-126.4999924 88.0625000 3.1347656
-124.1249924 87.1250000 3.1562500
-125.5624924 89.6250000 3.1171875
-126.3749924 89.8125000 3.0703125
-127.3749924 90.8125000 3.0820312
-126.3124924 89.5000000 3.1093750
-127.4999924 92.2500000 2.9941406
-127.4999924 92.2500000 2.9843750
-127.4999924 91.9375000 2.9980469
-126.7499924 91.8750000 2.9921875
-126.8749924 92.7500000 3.0312500
-128.2500000 92.3750000 3.0234375
-127.7499924 91.8750000 2.9726562
-127.9999924 92.7500000 2.9433594
-127.4999924 91.7500000 2.9687500
-128.3750000 92.2500000 2.9960938
-128.8750000 93.8750000 3.0332031
-126.8749924 91.8750000 3.0000000
-127.3749924 92.9375000 2.9335938
-128.6250000 95.5000000 2.9921875
-128.2500000 95.6250000 2.9863281
-130.2500000 96.0000000 3.0195312
-129.1250000 95.8750000 2.9746094
-127.2499924 94.1250000 2.9531250
-128.2500000 94.9375000 2.9726562
-127.6249924 95.0000000 2.9570312
-128.5000000 96.4375000 2.9492188
-127.9999924 96.3750000 2.9492188
-127.9999924 94.4375000 2.9492188
-128.6250000 95.1875000 2.9785156
-128.2500000 95.3750000 2.9921875
-129.2500000 95.8125000 2.9726562
-128.7500000 96.8750000 2.9921875
-127.6249924 96.8750000 3.0156250
-128.3750000 95.5625000 2.9902344
-128.6250000 95.1250000 2.9960938
-129.0000000 95.8750000 3.0078125
-128.2500000 96.2500000 3.0253906
-127.9999924 95.8750000 3.0195312
-128.5000000 96.0625000 3.0312500
-129.1250000 97.1875000 2.9882812
-128.2500000 96.3125000 2.9765625
-129.2500000 95.5625000 3.0078125
-132.0000000 95.7500000 3.0332031
-130.2500000 96.4375000 3.0117188
-130.3750000 95.7500000 3.0234375
-139.2500000 105.0000000 3.1914062
-130.7500000 96.6250000 3.0117188
-130.7500000 95.3125000 3.0253906
-139.5000000 103.6250000 3.1718750
-132.3750000 94.6250000 2.9960938
-138.3750000 100.8750000 3.1171875
-133.0000000 95.8750000 2.9941406
-132.7500000 95.5000000 3.0117188
-142.0000000 104.4375000 3.1953125
-132.8750000 95.1250000 3.0195312
-133.5000000 96.0625000 3.0625000
-133.0000000 94.2500000 3.0820312
-134.6250000 95.3750000 3.0351562
-133.7500000 94.5000000 3.0410156
-141.0000000 101.0000000 3.0859375
-138.7500000 100.8750000 3.1289062
-134.7500000 96.0625000 3.0351562
-133.1250000 95.1875000 3.0234375
-136.6250000 95.9375000 3.0390625
-136.5000000 95.8125000 3.0390625
-135.3750000 95.4375000 3.0351562
-140.2500000 99.0625000 3.1093750
-137.0000000 96.1875000 3.0429688
-136.7500000 96.1875000 3.0507812
-137.5000000 96.6250000 3.0195312
-138.0000000 95.6250000 3.0546875
-135.5000000 95.3750000 3.0468750
-139.1250000 94.5000000 3.0703125
-140.1250000 95.9375000 3.0527344
-148.1250000 108.2500000 3.2246094
-138.1250000 95.4375000 3.0546875
-138.3750000 95.5000000 3.0820312
-140.7500000 96.2500000 3.0839844
-139.5000000 94.3750000 3.0546875
-143.0000000 97.0000000 3.0898438
-141.0000000 95.1250000 3.0703125
-140.2500000 96.6250000 3.0742188
-140.7500000 94.1250000 3.0664062
-149.3750000 105.5000000 3.2011719
-141.8750000 96.3750000 3.0742188
-148.1250000 101.0000000 3.1386719
-146.2500000 99.0625000 3.1210938
-148.7500000 103.3125000 3.1718750
-144.3750000 96.2500000 3.0976562
-143.0000000 94.8750000 3.0878906
-143.6250000 96.4375000 3.1113281
-151.2500000 105.6250000 3.1718750
-145.2500000 95.7500000 3.1093750
-144.7500000 95.3125000 3.1171875
-149.6250000 100.6875000 3.1093750
-149.5000000 98.5000000 3.1132812
-145.1250000 96.0000000 3.1054688
-145.8750000 94.9375000 3.1152344
-151.2500000 98.8750000 3.1953125
-146.5000000 94.5000000 3.1660156
-147.7500000 94.5625000 3.1601562
-149.7500000 97.3125000 3.0820312
-148.0000000 96.6875000 3.1250000
-148.2500000 97.0000000 3.1250000
-150.5000000 95.0625000 3.0937500
-149.2500000 94.8125000 3.1835938
-149.3750000 94.1250000 3.0703125
-147.7500000 94.3750000 3.1328125
-153.6250000 96.3125000 3.1484375
-151.5000000 95.0625000 3.1933594
-149.2500000 95.1250000 3.1464844
-152.6250000 94.8750000 3.1718750
-151.2500000 95.3125000 3.1171875
-152.2500000 94.5000000 3.1894531
-150.0000000 93.4375000 3.2011719
-152.6250000 94.2500000 3.1718750
-152.8750000 95.3125000 3.1875000
-152.0000000 95.0000000 3.2109375
-152.5000000 94.7500000 3.2148438
-153.6250000 95.6875000 3.1757812
-152.2500000 94.8750000 3.2128906
-153.1250000 94.7500000 3.2226562
-153.2500000 94.0000000 3.2070312
-154.7500000 93.9375000 3.2500000
-158.7500000 96.4375000 3.2675781
-154.7500000 94.5000000 3.2109375
-153.3750000 93.5000000 3.2578125
-152.5000000 93.5000000 3.2460938
-154.0000000 94.4375000 3.2421875
-154.6250000 94.4375000 3.1894531
-154.2500000 92.8125000 3.2363281
-155.3750000 94.0625000 3.2558594
-156.5000000 94.2500000 3.2226562
-154.6250000 92.5000000 3.2421875
-157.7500000 93.2500000 3.2343750
-155.7500000 94.2500000 3.2148438
-157.1250000 93.2500000 3.2421875
-157.1250000 93.8125000 3.2597656
-158.3750000 92.7500000 3.2656250
-158.1250000 93.5000000 3.2460938
-158.5000000 93.7500000 3.2460938
-158.3750000 93.4375000 3.2597656
-157.5000000 93.5625000 3.2539062
-158.5000000 93.8750000 3.2539062
-158.2500000 92.5625000 3.2539062
-159.5000000 92.7500000 3.2773438
-159.8750000 93.2500000 3.2500000
-158.7500000 93.3125000 3.2656250
-160.1250000 93.8750000 3.2539062
-160.7500000 93.5625000 3.2578125
-160.6250000 92.8125000 3.2695312
-160.5000000 94.0000000 3.2441406
-161.1250000 92.6875000 3.1835938
-160.5000000 92.3125000 3.2304688
-160.0000000 92.8125000 3.2539062
-160.1250000 92.8125000 3.2304688
-161.0000000 93.0000000 3.2226562
-161.1250000 93.8125000 3.2460938
-161.0000000 92.9375000 3.2500000
-161.1250000 92.3125000 3.2324219
-161.5000000 92.1250000 3.2187500
-162.2500000 93.0625000 3.2460938
-162.7500000 92.5000000 3.2343750
-162.8750000 92.6875000 3.2343750
-162.0000000 91.7500000 3.2246094
-163.0000000 91.6250000 3.1914062
-162.0000000 91.6250000 3.1875000
-162.2500000 93.0000000 3.2128906
-163.2500000 93.2500000 3.2207031
-163.2500000 93.1875000 3.2304688
-163.5000000 93.8125000 3.2304688
-162.7500000 93.4375000 3.2265625
-163.8750000 92.3125000 3.2226562
-163.3750000 92.1250000 3.1992188
-162.7500000 92.4375000 3.2539062
-161.8750000 92.9375000 3.2382812
-164.3750000 92.8750000 3.1933594
-162.6250000 93.6250000 3.2148438
-163.7500000 93.3750000 3.2031250
-163.0000000 92.8750000 3.2265625
-162.7500000 93.5000000 3.1816406
-163.6250000 93.6250000 3.2109375
-164.8750000 93.2500000 3.1914062
-165.3750000 92.6250000 3.2148438
-164.7500000 92.6250000 3.1875000
-164.7500000 92.5625000 3.1972656
-165.8750000 93.0000000 3.1562500
-165.3750000 92.0625000 3.2265625
-166.3750000 92.7500000 3.2148438
-165.7500000 93.6250000 3.1972656
-165.7500000 92.1875000 3.2343750
-166.1250000 92.0000000 3.2304688
-165.7500000 91.5625000 3.2460938
-164.8750000 91.3125000 3.2500000
-164.8750000 92.3125000 3.2265625
-164.3750000 91.6250000 3.2304688
-165.8750000 91.6875000 3.2148438
-165.6250000 91.3750000 3.2343750
-173.1250000 99.1250000 3.3671875
-176.0000000 101.8750000 3.4414062
-167.0000000 92.0000000 3.2695312
-166.8750000 91.9375000 3.2734375
-166.8750000 91.6250000 3.2832031
-166.5000000 91.5625000 3.2597656
-166.3750000 91.7500000 3.2460938
-165.6250000 91.3750000 3.2656250
-166.3750000 91.8125000 3.2148438
-165.3750000 91.6250000 3.2343750
-167.7500000 91.7500000 3.1718750
-167.7500000 91.8125000 3.1738281
-166.6250000 91.6250000 3.1953125
-167.7500000 91.7500000 3.1718750
-167.7500000 91.7500000 3.1718750
-168.5000000 92.3125000 3.1464844
-169.1250000 92.4375000 3.1171875
-167.8750000 92.0000000 3.1640625
-168.5000000 92.1250000 3.1523438
-168.0000000 92.0000000 3.1660156
-168.7500000 92.3750000 3.1367188
-170.1250000 92.5625000 3.0937500
-170.0000000 92.5000000 3.1093750
-169.1250000 92.2500000 3.1367188
-169.6250000 92.3750000 3.1289062
-170.3750000 92.9375000 3.1250000
-170.2500000 92.7500000 3.1445312
-170.1250000 92.7500000 3.1328125
-169.5000000 92.1875000 3.1464844
-170.2500000 92.5000000 3.1484375
-171.6250000 93.1875000 3.0507812
-171.7500000 93.0625000 3.0429688
-171.8750000 92.8125000 3.0546875
-172.3750000 93.0000000 3.0566406
-173.0000000 93.5000000 3.0117188
-173.2500000 93.8125000 3.0468750
-173.7500000 93.6875000 3.0429688
-174.0000000 93.7500000 3.0136719
-173.3750000 93.6250000 3.0117188
-174.2500000 94.0000000 3.0117188
-174.3750000 93.7500000 3.0292969
-174.3750000 93.8125000 3.0234375
-174.7500000 93.8125000 3.0312500
-175.1250000 94.0625000 3.0273438
-174.5000000 93.6250000 3.0312500
-175.3750000 94.1250000 3.0195312
-175.6250000 94.0625000 3.0312500
-176.0000000 94.0000000 3.0468750
-175.8750000 94.3750000 3.0507812
-175.2500000 94.0625000 3.0722656
-176.6250000 94.6875000 3.0507812
-177.0000000 94.5000000 3.0468750
-177.2500000 94.7500000 3.0429688
-178.2500000 95.0000000 3.0410156
-178.5000000 95.0625000 3.0468750
-176.7500000 94.1875000 3.0820312
-177.8750000 94.4375000 3.0390625
-177.5000000 94.3750000 3.0644531
-136.7500000 156.7500000 0.4843750
-179.6250000 95.5000000 3.0312500
-179.2500000 95.1875000 3.0468750
-178.3750000 94.6875000 3.0546875
-178.8750000 95.2500000 3.0449219
-178.6250000 94.8125000 3.0820312
-178.3750000 95.0000000 3.0507812
-179.7500000 95.3125000 3.0468750
-179.8750000 95.0625000 3.0527344
-179.6250000 95.2500000 3.0468750
-180.0000000 95.3750000 3.0429688
-180.1250000 95.3750000 3.0585938
-179.3750000 95.0000000 3.0625000
-179.6250000 95.1875000 3.0390625
-179.7500000 94.8750000 3.0546875
-180.6250000 95.3750000 3.0527344
-180.3750000 95.1250000 3.0390625
-180.2500000 95.0625000 3.0468750
-179.8750000 94.6250000 3.0429688
-179.7500000 94.7500000 3.0703125
-179.7500000 95.0625000 3.0546875
-180.5000000 95.1250000 3.0468750
-181.2500000 95.2500000 3.0351562
-180.5000000 95.1250000 3.0625000
-181.1250000 95.5000000 3.0546875
-181.8750000 95.4375000 3.0585938
-181.3750000 95.5625000 3.0664062
-182.3750000 95.7500000 3.0351562
-181.8750000 95.8125000 3.0390625
-181.5000000 95.5625000 3.0429688
-181.5000000 95.4375000 3.0468750
-181.2500000 95.1875000 3.0546875
-180.6250000 95.1875000 3.0410156
-181.7500000 95.4375000 3.0527344
-180.6250000 94.8750000 3.0585938
-182.0000000 95.3125000 3.0546875
-182.0000000 95.3125000 3.0566406
-181.5000000 95.2500000 3.0546875
-182.2500000 95.6875000 3.0664062
-183.0000000 95.8125000 3.0625000
-182.0000000 95.4375000 3.0585938
-182.7500000 95.6875000 3.0468750
-183.2500000 96.0000000 3.0429688
-182.8750000 95.8125000 3.0566406
-182.7500000 95.7500000 3.0625000
-181.7500000 95.5000000 3.0585938
-182.6250000 95.6250000 3.0664062
-182.2500000 95.8125000 3.0742188
-183.2500000 96.0000000 3.0507812
-183.0000000 95.9375000 3.0390625
-183.0000000 95.8125000 3.0585938
-183.1250000 95.7500000 3.0566406
-183.1250000 95.6875000 3.0507812
-183.0000000 95.6875000 3.0625000
-183.0000000 95.8750000 3.0507812
-183.3750000 96.0000000 3.0605469
-184.0000000 96.1875000 3.0527344
-183.3750000 96.0000000 3.0468750
-183.3750000 95.9375000 3.0546875
-184.6250000 96.1875000 3.0566406
-184.1250000 96.1875000 3.0585938
-184.7500000 96.2500000 3.0468750
-184.6250000 96.3125000 3.0429688
-184.0000000 96.2500000 3.0625000
-183.7500000 96.0000000 3.0546875
-183.5000000 96.1250000 3.0546875
-184.0000000 96.2500000 3.0390625
-184.7500000 96.5000000 3.0332031
-184.7500000 96.5000000 3.0585938
-184.7500000 96.2500000 3.0468750
-185.0000000 96.3750000 3.0527344
-184.3750000 96.2500000 3.0468750
-185.2500000 96.3750000 3.0625000
-184.8750000 96.4375000 3.0625000
-184.8750000 96.3750000 3.0605469
-185.5000000 96.5000000 3.0625000
-184.8750000 96.3750000 3.0546875
-184.5000000 96.3125000 3.0527344
-185.2500000 96.3750000 3.0703125
-185.5000000 96.5625000 3.0742188
-185.2500000 96.5000000 3.0664062
-185.5000000 96.4375000 3.0664062
-185.6250000 96.5625000 3.0800781
-186.0000000 96.5625000 3.0898438
-185.6250000 96.6875000 3.0820312
-186.1250000 96.6875000 3.0605469
-186.1250000 96.7500000 3.0664062
-187.0000000 96.8750000 3.0722656
-186.6250000 97.0625000 3.0585938
-186.3750000 97.1875000 3.0273438
-186.0000000 97.1250000 3.0156250
-187.1250000 97.2500000 3.0429688
-188.0000000 97.6875000 3.0390625
-186.1250000 97.2500000 3.0351562
-187.3750000 97.3750000 3.0429688
-186.8750000 97.4375000 3.0351562
-187.3750000 97.2500000 3.0644531
-187.1250000 97.2500000 3.0429688
-187.5000000 97.1250000 3.0585938
-187.2500000 97.1250000 3.0488281
-187.8750000 97.5625000 3.0546875
-188.8750000 97.4375000 3.0527344
-188.3750000 97.5625000 3.0683594
-188.7500000 97.6250000 3.0625000
-188.0000000 97.2500000 3.0507812
-188.8750000 97.5000000 3.0507812
-189.1250000 97.8750000 3.0507812
-188.5000000 97.5625000 3.0390625
-188.0000000 97.5000000 3.0507812
-188.5000000 97.6250000 3.0488281
-189.3750000 97.6250000 3.0507812
-189.6250000 97.6875000 3.0507812
-189.3750000 97.8125000 3.0488281
-189.2500000 97.6250000 3.0449219
-189.5000000 97.6250000 3.0566406
-188.5000000 97.4375000 3.0625000
-189.5000000 97.3750000 3.0625000
-190.7500000 97.8750000 3.0546875
-190.6250000 97.7500000 3.0468750
-188.5000000 97.6250000 3.0605469
-190.1250000 97.9375000 3.0410156
-189.3750000 97.3750000 3.0859375
-189.3750000 97.7500000 3.0781250
-189.0000000 97.3125000 3.0820312
-189.6250000 97.8125000 3.0585938
-190.6250000 98.1250000 3.0742188
-189.6250000 97.8125000 3.0312500
-189.8750000 97.8750000 3.0468750
-190.5000000 98.1250000 3.0585938
-190.7500000 98.2500000 3.0546875
-192.3750000 98.5000000 3.0585938
-191.5000000 98.4375000 3.0468750
-190.8750000 98.6875000 3.0410156
-190.0000000 98.3125000 3.0585938
-190.0000000 97.8750000 3.0703125
-190.6250000 97.9375000 3.0859375
-190.1250000 97.9375000 3.0976562
-190.8750000 97.6875000 3.0976562
-191.1250000 97.8125000 3.0917969
-190.8750000 97.7500000 3.1054688
-190.6250000 98.2500000 3.0820312
-190.8750000 98.0000000 3.0859375
-191.0000000 98.1250000 3.0898438
-191.7500000 98.0000000 3.0898438
-190.5000000 98.1875000 3.0625000
-190.6250000 97.8750000 3.0859375
-192.0000000 97.9375000 3.0996094
-192.7500000 98.6875000 3.0742188
-191.7500000 98.6875000 3.0703125
-192.6250000 98.6875000 3.0703125
-192.1250000 98.8750000 3.0585938
-192.7500000 98.5625000 3.0683594
-193.1250000 98.5625000 3.0683594
-193.5000000 98.7500000 3.0820312
-193.2500000 98.8750000 3.0664062
-192.8750000 98.9375000 3.0625000
-193.1250000 98.9375000 3.0507812
-194.6250000 98.6875000 3.0742188
-194.2500000 98.8750000 3.0625000
-193.6250000 98.4375000 3.1015625
-193.7500000 98.7500000 3.0781250
-194.0000000 98.9375000 3.0742188
-194.2500000 99.0000000 3.0742188
-194.6250000 98.7500000 3.0937500
-194.1250000 98.5625000 3.0937500
-195.0000000 98.5625000 3.0878906
-193.8750000 98.5000000 3.1093750
-194.0000000 98.3125000 3.0820312
-195.0000000 97.9375000 3.1132812
-202.7500000 104.3750000 3.2070312
-195.3750000 98.6875000 3.0937500
-195.2500000 98.3750000 3.1171875
-197.7500000 99.5625000 3.1250000
-194.7500000 98.8125000 3.0703125
-202.0000000 103.4375000 3.1835938
-194.6250000 98.3125000 3.1191406
-196.1250000 98.5625000 3.0722656
-204.0000000 104.6875000 3.2109375
-195.5000000 98.5625000 3.1210938
-201.0000000 102.0625000 3.1679688
-195.3750000 98.1250000 3.1210938
-197.0000000 98.6250000 3.0781250
-196.8750000 98.8750000 3.0800781
-195.7500000 98.8750000 3.1015625
-196.7500000 98.5625000 3.0898438
-197.3750000 98.6875000 3.0937500
-197.3750000 98.4375000 3.0820312
-196.7500000 98.5625000 3.0917969
-197.0000000 98.8750000 3.0820312
-197.2500000 98.7500000 3.0859375
-197.5000000 98.6250000 3.0898438
-197.8750000 98.8750000 3.0996094
-197.7500000 98.6875000 3.0996094
-198.0000000 98.7500000 3.1093750
-197.5000000 98.6250000 3.1015625
-197.5000000 98.8750000 3.1035156
-197.5000000 98.7500000 3.0996094
-198.0000000 98.6875000 3.1054688
-198.1250000 98.7500000 3.1054688
-197.8750000 98.7500000 3.1015625
-197.7500000 98.8125000 3.0957031
-197.7500000 99.0000000 3.0878906
-198.5000000 99.0625000 3.1035156
-198.1250000 98.8750000 3.0898438
-198.1250000 98.6875000 3.0937500
-198.2500000 98.8750000 3.1113281
-198.0000000 99.0625000 3.1328125
-198.8750000 99.0000000 3.1328125
-198.2500000 99.0000000 3.1328125
-197.1250000 98.9375000 3.1093750
-198.1250000 98.6875000 3.1074219
-198.6250000 98.8125000 3.1113281
-199.0000000 99.2500000 3.1367188
-199.2500000 99.0000000 3.1464844
-198.3750000 98.6875000 3.1523438
-199.1250000 98.8125000 3.1406250
-198.6250000 98.8750000 3.1093750
-198.0000000 98.7500000 3.1250000
-199.2500000 98.8125000 3.1425781
-198.5000000 98.8125000 3.1289062
-198.5000000 98.7500000 3.1113281
-199.2500000 98.4375000 3.1015625
-199.1250000 98.1875000 3.1054688
-198.6250000 98.4375000 3.0976562
-198.8750000 98.5000000 3.1015625
-199.3750000 98.5625000 3.1093750
-200.1250000 98.3750000 3.1171875
-200.5000000 98.6250000 3.1289062
-200.2500000 98.6250000 3.1328125
-200.0000000 98.6875000 3.1210938
-200.1250000 98.5625000 3.1367188
-200.1250000 98.6250000 3.1406250
-200.1250000 98.8750000 3.1601562
-199.6250000 98.8125000 3.1523438
-200.0000000 99.1250000 3.1523438
-200.3750000 98.8125000 3.1406250
-200.2500000 98.8750000 3.1562500
-200.5000000 98.7500000 3.1484375
-201.3750000 98.5000000 3.1269531
-200.8750000 98.6250000 3.1250000
-200.7500000 98.3750000 3.1289062
-201.2500000 98.5000000 3.1152344
-201.7500000 98.5625000 3.1484375
-202.1250000 98.0625000 3.1367188
-201.8750000 98.3125000 3.1425781
-201.6250000 98.4375000 3.1621094
-202.2500000 98.3125000 3.1484375
-201.3750000 98.2500000 3.1425781
-201.5000000 98.0625000 3.1210938
-202.2500000 98.1875000 3.1210938
-201.6250000 98.1875000 3.1171875
-202.1250000 98.0625000 3.1230469
-201.7500000 98.1250000 3.1210938
-202.1250000 97.8750000 3.1132812
-202.3750000 97.9375000 3.1269531
-201.6250000 98.0000000 3.1367188
-202.0000000 98.3750000 3.1289062
-202.3750000 97.7500000 3.1289062
-203.1250000 98.1250000 3.1601562
-203.2500000 98.2500000 3.1757812
-203.2500000 98.7500000 3.1835938
-202.1250000 98.7500000 3.1835938
-201.8750000 98.1875000 3.1601562
-203.3750000 97.8125000 3.1445312
-203.1250000 97.1250000 3.0937500
-203.5000000 97.1875000 3.1093750
-204.0000000 97.1875000 3.1210938
-203.6250000 96.6250000 3.0937500
-203.7500000 96.5000000 3.1035156
-204.0000000 96.4375000 3.1152344
-204.3750000 96.9375000 3.1289062
-204.5000000 96.6875000 3.1250000
-204.2500000 96.6250000 3.1171875
-204.2500000 96.9375000 3.1132812
-204.2500000 97.0000000 3.1386719
-204.3750000 96.5000000 3.1250000
-204.7500000 96.5000000 3.1250000
-204.5000000 96.9375000 3.1328125
-204.7500000 96.0625000 3.1328125
-204.5000000 96.5000000 3.1250000
-205.1250000 96.8125000 3.1347656
-204.1250000 96.1875000 3.1230469
-204.7500000 96.4375000 3.1132812
-204.0000000 96.3750000 3.1074219
-204.3750000 96.1250000 3.1171875
-205.0000000 96.4375000 3.1269531
-204.7500000 95.9375000 3.1152344
-204.8750000 95.9375000 3.1210938
-205.0000000 96.5625000 3.1210938
-204.6250000 95.6875000 3.1132812
-205.0000000 96.0625000 3.1250000
-205.0000000 96.3125000 3.1425781
-204.7500000 96.2500000 3.1347656
-204.7500000 95.0000000 3.1132812
-204.3750000 94.1875000 3.1132812
-204.8750000 95.3750000 3.1171875
-205.0000000 94.3750000 3.1328125
-204.6250000 93.3125000 3.1015625
-204.2500000 94.5000000 3.1015625
-204.8750000 94.8125000 3.1171875
-205.0000000 93.9375000 3.1054688
-204.7500000 94.9375000 3.1054688
-204.7500000 94.4375000 3.1035156
-205.1250000 93.6875000 3.0937500
-204.6250000 95.1875000 3.0898438
-204.5000000 94.8125000 3.1171875
-204.6250000 94.1875000 3.1132812
-205.2500000 93.8750000 3.1015625
-204.8750000 93.8125000 3.0898438
-204.8750000 92.8750000 3.0898438
-205.6250000 91.2500000 3.0820312
-205.0000000 92.5000000 3.0898438
-205.0000000 91.6250000 3.0820312
-205.1250000 91.7500000 3.0781250
-204.8750000 91.7500000 3.0742188
-205.0000000 91.5000000 3.0781250
-205.1250000 91.5625000 3.0820312
-204.7500000 90.6250000 3.0664062
-205.1250000 91.5000000 3.0859375
-205.3750000 91.6250000 3.0839844
-205.1250000 91.5625000 3.0781250
-204.8750000 91.5000000 3.0781250
-204.7500000 89.3750000 3.0585938
-205.0000000 90.0000000 3.0625000
-205.6250000 90.6875000 3.0820312
-205.1250000 89.3750000 3.0664062
-205.0000000 89.6250000 3.0781250
-204.8750000 89.6875000 3.0644531
-205.0000000 89.4375000 3.0703125
-204.7500000 88.0625000 3.0507812
-205.3750000 87.8750000 3.0546875
-205.0000000 88.4375000 3.0546875
-204.6250000 87.7500000 3.0625000
-205.2500000 88.2500000 3.0742188
-205.1250000 88.2500000 3.0781250
-204.8750000 88.5000000 3.0761719
-204.5000000 88.4375000 3.0683594
-205.0000000 87.7500000 3.0703125
-205.3750000 87.8750000 3.0585938
-204.8750000 87.5625000 3.0605469
-205.0000000 87.3125000 3.0390625
-204.8750000 88.3125000 3.0488281
-204.8750000 87.3750000 3.0429688
-204.2500000 87.3750000 3.0332031
-204.8750000 86.2500000 3.0371094
-204.5000000 86.8750000 3.0351562
-204.8750000 87.1250000 3.0585938
-205.1250000 87.3750000 3.0859375
-204.7500000 87.0625000 3.0410156
-204.3750000 85.2500000 3.0273438
-204.7500000 84.6250000 3.0234375
-204.6250000 84.8125000 3.0253906
-204.8750000 85.2500000 3.0468750
-204.7500000 85.8750000 3.0390625
-204.7500000 85.0000000 3.0273438
-204.5000000 83.7500000 3.0097656
-204.5000000 84.6875000 3.0117188
-204.6250000 84.0625000 3.0117188
-204.7500000 85.3125000 3.0273438
-204.5000000 83.0000000 3.0156250
-204.7500000 84.1250000 3.0117188
-204.5000000 82.5000000 3.0097656
-204.6250000 84.3125000 3.0234375
-204.8750000 83.4375000 3.0410156
-204.7500000 84.8125000 3.0371094
-204.6250000 82.8125000 3.0253906
-204.5000000 84.8125000 3.0351562
-204.5000000 83.5625000 3.0273438
-204.6250000 82.3750000 3.0214844
-204.5000000 81.9375000 3.0136719
-204.6250000 82.3750000 3.0136719
-205.1250000 81.5000000 3.0605469
-204.5000000 82.5000000 3.0039062
-204.1250000 82.1250000 3.0019531
-204.7500000 81.0625000 2.9980469
-204.7500000 82.2500000 3.0117188
-204.6250000 79.8750000 2.9921875
-204.3750000 81.5000000 2.9980469
-204.3750000 81.9375000 2.9941406
-204.3750000 79.6250000 2.9824219
-204.2500000 80.5000000 2.9902344
-204.5000000 79.6875000 2.9960938
-204.3750000 79.5625000 3.0039062
-204.8750000 80.0000000 3.0156250
-204.6250000 79.3750000 3.0156250
-204.7500000 80.1250000 3.0234375
-204.8750000 78.0000000 3.0234375
-204.6250000 79.2500000 3.0390625
-204.7500000 80.4375000 3.0351562
-205.1250000 79.1875000 3.0468750
-204.8750000 79.6250000 3.0566406
-205.0000000 82.7500000 3.0566406
-204.5000000 82.0625000 3.0371094
-204.6250000 79.8125000 3.0156250
-204.8750000 78.9375000 3.0117188
-204.6250000 76.7500000 2.9843750
-204.3750000 78.2500000 2.9882812
-204.5000000 78.3125000 2.9921875
-204.8750000 76.8750000 2.9882812
-204.6250000 78.1250000 2.9765625
-204.8750000 75.9375000 2.9785156
-205.0000000 76.0625000 3.0000000
-205.2500000 75.6250000 3.0000000
-204.7500000 74.8750000 2.9960938
-204.5000000 79.0625000 2.9960938
-205.1250000 77.2500000 3.0117188
-204.8750000 77.3750000 3.0039062
-204.6250000 77.3125000 3.0195312
-204.5000000 79.0625000 3.0429688
-204.5000000 79.6250000 3.0625000
-204.7500000 80.5625000 3.0878906
-204.6250000 80.5625000 3.0800781
-204.7500000 80.7500000 3.0625000
-204.6250000 78.8125000 3.0781250
-204.5000000 78.0000000 3.0488281
-204.6250000 77.6250000 3.0292969
-204.6250000 76.4375000 3.0175781
-204.6250000 75.3750000 3.0117188
-204.6250000 74.5000000 2.9843750
-204.5000000 76.0000000 2.9882812
-204.5000000 74.4375000 2.9765625
-204.6250000 74.4375000 2.9726562
-204.6250000 76.0625000 2.9824219
-204.5000000 74.0625000 2.9921875
-204.5000000 77.4375000 2.9843750
-204.5000000 76.1250000 2.9882812
-204.6250000 76.0625000 2.9960938
-204.2500000 75.6875000 2.9941406
-204.5000000 76.8750000 3.0039062
-204.5000000 77.0000000 3.0117188
-204.6250000 76.5000000 3.0234375
-204.5000000 75.8750000 3.0214844
-204.5000000 73.3750000 3.0078125
-204.5000000 76.6875000 3.0117188
-204.7500000 74.7500000 3.0214844
-204.5000000 74.6250000 3.0156250
-204.5000000 74.6875000 3.0156250
-204.6250000 74.8125000 3.0000000
-204.3750000 73.6875000 3.0000000
-204.5000000 74.2500000 3.0117188
-204.5000000 72.1875000 3.0156250
-204.5000000 73.8750000 3.0195312
-204.7500000 74.3125000 3.0390625
-204.3750000 72.9375000 3.0312500
-204.5000000 73.9375000 3.0234375
-204.5000000 73.3750000 3.0273438
-204.6250000 72.2500000 3.0156250
-204.5000000 72.3750000 3.0000000
-204.7500000 74.0625000 2.9804688
-204.2500000 72.0000000 2.9980469
-204.6250000 71.5625000 3.0117188
-204.2500000 70.6250000 3.0039062
-204.3750000 72.6250000 2.9804688
-204.7500000 71.2500000 2.9960938
-204.2500000 70.4375000 2.9863281
-204.5000000 71.5000000 2.9843750
-204.3750000 71.2500000 2.9941406
-204.2500000 70.8125000 3.0039062
-204.3750000 71.6875000 3.0078125
-204.1250000 72.4375000 3.0019531
-204.2500000 70.8125000 3.0078125
-204.6250000 71.5000000 3.0078125
-204.3750000 71.5000000 3.0000000
-204.6250000 73.1250000 3.0117188
-204.2500000 70.6250000 2.9960938
-204.5000000 71.5000000 3.0039062
-204.2500000 70.2500000 2.9941406
-204.7500000 70.3125000 3.0156250
-204.7500000 73.0000000 3.0078125
-204.5000000 70.3750000 3.0175781
-204.3750000 72.1250000 3.0156250
-204.2500000 70.8750000 3.0078125
-204.5000000 71.5625000 3.0078125
-204.3750000 69.6875000 3.0253906
-204.3750000 71.1875000 3.0429688
-204.2500000 72.0000000 3.0683594
-204.2500000 70.0000000 3.0546875
-204.6250000 70.3125000 3.0429688
-204.1250000 69.6875000 3.0117188
-204.3750000 67.8750000 3.0195312
-204.3750000 68.6875000 3.0312500
-204.3750000 68.7500000 3.0468750
-204.5000000 70.6250000 3.0585938
-204.6250000 70.9375000 3.0664062
-204.5000000 68.9375000 3.0429688
-204.6250000 69.2500000 3.0312500
-204.6250000 68.9375000 3.0312500
-204.3750000 66.9375000 3.0312500
-204.3750000 67.2500000 3.0351562
-204.3750000 67.6875000 3.0156250
-204.6250000 67.0625000 3.0195312
-204.7500000 66.2500000 3.0175781
-204.7500000 65.5000000 3.0117188
-205.0000000 66.0625000 3.0000000
-204.6250000 67.0000000 3.0019531
-204.8750000 65.1250000 3.0078125
-205.0000000 67.1875000 3.0078125
-204.8750000 66.3750000 3.0019531
-204.5000000 66.5000000 3.0097656
-204.8750000 65.2500000 3.0429688
-204.5000000 65.0000000 3.0507812
-204.6250000 65.8125000 3.0781250
-204.2500000 68.2500000 3.0644531
-204.2500000 67.9375000 3.0898438
-204.6250000 67.4375000 3.1054688
-204.3750000 66.2500000 3.0937500
-204.2500000 67.8125000 3.0878906
-204.5000000 64.9375000 3.0859375
-204.6250000 64.5000000 3.0742188
-204.5000000 66.3750000 3.0625000
-204.6250000 62.8750000 3.0585938
-204.5000000 65.1250000 3.0371094
-204.5000000 64.8125000 3.0253906
-204.8750000 64.1875000 3.0273438
-204.5000000 62.1250000 3.0273438
-205.1250000 62.6250000 3.0156250
-204.6250000 62.8125000 3.0234375
-204.7500000 62.3437500 3.0136719
-204.7500000 63.6250000 3.0234375
-204.8750000 63.0625000 3.0312500
-204.7500000 63.1250000 3.0351562
-204.7500000 61.3437500 3.0781250
-204.7500000 63.1250000 3.0742188
-204.6250000 63.3750000 3.0820312
-204.7500000 61.8437500 3.0898438
-204.6250000 62.5625000 3.0703125
-204.7500000 60.8125000 3.1015625
-204.5000000 62.0312500 3.0722656
-204.6250000 62.8125000 3.0722656
-204.8750000 61.7812500 3.0859375
-204.6250000 62.3437500 3.0566406
-204.7500000 60.8125000 3.0625000
-204.8750000 63.0000000 3.0312500
-204.5000000 63.5000000 3.0156250
-204.7500000 63.6875000 3.0234375
-204.6250000 61.9062500 3.0429688
-204.8750000 61.9062500 3.0351562
-204.8750000 61.4375000 3.0292969
-204.5000000 60.3750000 3.0468750
-205.0000000 63.2500000 3.0312500
-204.7500000 62.0000000 3.0585938
-205.0000000 59.6250000 3.0683594
-204.5000000 60.0937500 3.0566406
-204.6250000 60.7187500 3.0429688
-204.6250000 60.2812500 3.0625000
-204.3750000 60.8437500 3.0644531
-205.0000000 60.2812500 3.0781250
-204.5000000 61.6562500 3.0781250
-204.8750000 59.9375000 3.0664062
-205.0000000 59.9687500 3.0703125
-204.6250000 60.8125000 3.0742188
-204.7500000 60.9062500 3.0722656
-205.0000000 58.8125000 3.0859375
-205.0000000 59.7812500 3.0937500
-204.7500000 59.4375000 3.0605469
-204.7500000 58.3750000 3.0703125
-204.7500000 58.2812500 3.0683594
-205.0000000 58.8125000 3.1054688
-204.8750000 58.9375000 3.0937500
-204.8750000 57.9062500 3.0703125
-204.7500000 58.0000000 3.0761719
-205.1250000 59.1562500 3.0898438
-204.7500000 57.6562500 3.0781250
-204.8750000 56.9687500 3.0625000
-204.6250000 57.7500000 3.0546875
-204.7500000 59.0312500 3.0410156
-204.7500000 58.2187500 3.0468750
-204.5000000 56.9062500 3.0507812
-204.7500000 57.4375000 3.0507812
-204.5000000 55.6250000 3.0312500
-204.6250000 56.8437500 3.0292969
-204.6250000 56.2187500 3.0078125
-205.0000000 58.5312500 3.0234375
-204.7500000 57.7812500 3.0429688
-204.6250000 57.6562500 3.0546875
-204.6250000 57.5312500 3.0722656
-204.8750000 57.3750000 3.0566406
-204.8750000 57.7812500 3.0644531
-204.8750000 57.2500000 3.0937500
-205.0000000 57.6250000 3.1015625
-205.0000000 57.7187500 3.0937500
-204.8750000 57.0000000 3.0878906
-205.0000000 56.7812500 3.1015625
-205.0000000 57.0625000 3.0859375
-205.0000000 56.6562500 3.0859375
-204.6250000 56.5937500 3.0468750
-204.5000000 55.2812500 3.0390625
-204.6250000 56.5000000 3.0292969
-204.7500000 56.1562500 3.0390625
-204.6250000 54.3750000 3.0175781
-204.8750000 54.6562500 3.0058594
-204.8750000 54.7187500 3.0214844
-204.7500000 54.1875000 3.0058594
-204.7500000 55.0000000 3.0234375
-204.7500000 54.5000000 3.0371094
-204.6250000 54.8437500 3.0351562
-204.6250000 55.4375000 3.0468750
-204.7500000 55.9687500 3.0625000
-204.7500000 55.0937500 3.0585938
-204.8750000 54.6250000 3.0703125
-205.1250000 56.0000000 3.0937500
-205.3750000 54.2187500 3.1054688
-205.1250000 54.9062500 3.1015625
-205.2500000 55.8750000 3.0917969
-205.0000000 55.2500000 3.0820312
-204.7500000 55.4687500 3.0605469
-204.6250000 55.6875000 3.0488281
-204.8750000 54.6250000 3.0566406
-204.7500000 55.5312500 3.0683594
-204.7500000 53.7187500 3.0664062
-204.7500000 53.8437500 3.0585938
-204.5000000 53.5312500 3.0273438
-204.7500000 54.4062500 3.0664062
-204.7500000 55.1562500 3.0742188
-204.7500000 53.7187500 3.0703125
-204.8750000 55.9375000 3.0781250
-204.7500000 53.9687500 3.0625000
-204.7500000 52.7812500 3.0625000
-205.1250000 53.4375000 3.0859375
-204.7500000 52.2187500 3.0585938
-204.5000000 53.4687500 3.0566406
-205.0000000 53.4062500 3.0878906
-204.5000000 49.9687500 3.0585938
-204.5000000 51.7500000 3.0664062
-204.6250000 51.0937500 3.0781250
-204.6250000 52.0000000 3.0585938
-204.5000000 49.8750000 3.0585938
-204.6250000 50.6250000 3.0664062
-204.6250000 49.5312500 3.0683594
-204.6250000 50.1875000 3.0664062
-204.5000000 48.8437500 3.0585938
-204.5000000 49.1250000 3.0566406
-204.7500000 49.0937500 3.0761719
-204.5000000 48.8125000 3.0429688
-204.3750000 47.0625000 3.0429688
-204.6250000 49.2812500 3.0585938
-204.7500000 47.2187500 3.0644531
-204.7500000 49.0000000 3.0566406
-204.5000000 48.1875000 3.0429688
-204.7500000 47.4687500 3.0664062
-204.6250000 47.5937500 3.0468750
-204.7500000 47.4375000 3.0742188
-204.8750000 46.4687500 3.0781250
-204.7500000 46.0937500 3.0742188
-204.6250000 49.5000000 3.0566406
-204.8750000 47.6875000 3.0703125
-204.8750000 46.1875000 3.1152344
-204.8750000 46.6250000 3.0957031
-204.7500000 45.3125000 3.0937500
-204.6250000 46.5312500 3.0605469
-204.5000000 49.2500000 3.0292969
-204.7500000 46.9062500 3.0585938
-204.6250000 45.5937500 3.0625000
-205.0000000 43.7812500 3.0878906
-204.6250000 45.4062500 3.0585938
-204.6250000 47.2187500 3.0488281
-204.6250000 46.5625000 3.0468750
-204.7500000 45.6562500 3.0703125
-204.6250000 44.0000000 3.0742188
-204.8750000 44.5937500 3.0859375
-204.7500000 44.5937500 3.0781250
-204.6250000 43.4375000 3.0859375
-204.7500000 44.4062500 3.0742188
-204.7500000 44.9062500 3.0800781
-204.6250000 45.9687500 3.0449219
-204.6250000 47.1875000 3.0468750
-204.6250000 46.8750000 3.0566406
-204.7500000 47.2187500 3.0664062
-204.6250000 43.8437500 3.0761719
-204.7500000 45.5937500 3.0664062
-204.7500000 45.1875000 3.0820312
-204.7500000 45.1250000 3.0683594
-204.7500000 45.9062500 3.0703125
-204.6250000 45.0000000 3.0625000
-204.7500000 45.1875000 3.0742188
-204.7500000 43.1875000 3.0937500
-204.7500000 43.6875000 3.0742188
-204.6250000 43.9375000 3.0683594
-204.8750000 43.9687500 3.0781250
-204.6250000 43.6875000 3.0703125
-204.7500000 42.5000000 3.0859375
-204.6250000 43.3750000 3.0703125
-204.5000000 43.1250000 3.0625000
-204.8750000 45.2500000 3.0742188
-204.6250000 43.7187500 3.0742188
-204.6250000 42.7812500 3.0742188
-204.8750000 43.4375000 3.0898438
-204.8750000 43.6562500 3.0742188
-204.8750000 41.6562500 3.0859375
-204.6250000 42.9062500 3.0742188
-204.7500000 42.7812500 3.0957031
-204.8750000 41.3437500 3.1054688
-204.6250000 42.6875000 3.0898438
-205.0000000 41.1562500 3.1074219
-204.7500000 41.9687500 3.0898438
-204.8750000 42.7812500 3.0976562
-204.7500000 41.0312500 3.1035156
-205.1250000 41.9375000 3.1015625
-205.0000000 40.9062500 3.1074219
-205.2500000 42.9375000 3.1367188
-204.6250000 41.4687500 3.1015625
-204.7500000 40.6562500 3.1074219
-204.7500000 41.5000000 3.1132812
-204.7500000 40.9062500 3.1054688
-204.7500000 40.1875000 3.1152344
-204.3750000 40.0937500 3.1093750
-204.5000000 40.8437500 3.1093750
-204.8750000 42.8750000 3.1328125
-204.3750000 40.1875000 3.1054688
-204.5000000 40.7187500 3.1015625
-204.8750000 41.3125000 3.1367188
-204.3750000 40.3750000 3.1035156
-204.2500000 39.3437500 3.1132812
-204.3750000 40.1875000 3.1035156
-204.3750000 39.9687500 3.1054688
-204.2500000 39.4687500 3.1074219
-204.3750000 39.6250000 3.1191406
-204.2500000 38.3750000 3.1093750
-204.2500000 38.8125000 3.1074219
-204.3750000 39.7500000 3.0957031
-204.5000000 39.6250000 3.1054688
-204.3750000 39.2187500 3.0976562
-204.2500000 38.5312500 3.0859375
-204.0000000 36.9375000 3.0917969
-204.0000000 38.2500000 3.0820312
-204.1250000 38.5937500 3.1035156
-204.0000000 37.6250000 3.0781250
-203.7500000 36.1562500 3.0761719
-204.1250000 36.7187500 3.0781250
-204.0000000 36.1562500 3.0898438
-204.0000000 35.5312500 3.0859375
-203.8750000 36.1250000 3.0859375
-203.8750000 35.8437500 3.0742188
-204.0000000 35.9687500 3.0898438
-203.7500000 35.6562500 3.0742188
-203.5000000 35.5937500 3.0820312
-203.6250000 34.7812500 3.0742188
-203.8750000 36.2187500 3.0722656
-203.7500000 34.5625000 3.0546875
-203.3750000 34.6250000 3.0820312
-203.0000000 32.7812500 3.0839844
-203.1250000 32.7812500 3.0742188
-203.2500000 33.4375000 3.0781250
-203.0000000 34.4062500 3.0742188
-203.2500000 33.9062500 3.0761719
-203.1250000 33.1250000 3.0664062
-203.3750000 33.6562500 3.0781250
-203.3750000 34.9062500 3.0703125
-203.2500000 34.1250000 3.0742188
-203.1250000 33.2187500 3.0703125
-203.1250000 34.1562500 3.0781250
-203.2500000 33.3437500 3.0585938
-203.5000000 32.8750000 3.0527344
-203.5000000 32.5625000 3.0585938
-203.2500000 32.8750000 3.0625000
-203.2500000 33.0625000 3.0781250
-203.2500000 32.3750000 3.0507812
-203.8750000 32.6562500 3.0585938
-203.5000000 32.9687500 3.0585938
-203.3750000 33.4375000 3.0644531
-203.5000000 33.5000000 3.0546875
-203.8750000 34.6250000 3.0585938
-203.3750000 32.9062500 3.0644531
-203.3750000 33.0937500 3.0625000
-203.7500000 33.6875000 3.0664062
-203.3750000 33.3437500 3.0781250
-203.0000000 32.0625000 3.0703125
-202.6250000 30.3437500 3.0820312
-202.7500000 30.1718750 3.0839844
-203.0000000 30.4218750 3.1132812
-202.6250000 29.5156250 3.0878906
-202.3750000 29.5781250 3.0644531
-202.5000000 29.4375000 3.0781250
-202.7500000 30.5781250 3.0781250
-202.3750000 28.5312500 3.0781250
-202.3750000 28.7187500 3.0781250
-202.7500000 30.3125000 3.0820312
-203.0000000 30.5781250 3.0898438
-202.6250000 29.6875000 3.0820312
-202.5000000 29.1406250 3.0820312
-202.0000000 27.8125000 3.0703125
-202.2500000 27.5625000 3.0937500
-202.7500000 27.7343750 3.0820312
-202.3750000 28.6718750 3.0800781
-202.6250000 27.5000000 3.0976562
-202.7500000 29.3281250 3.0976562
-202.6250000 29.5625000 3.0761719
-202.0000000 27.1875000 3.0703125
-202.0000000 27.4218750 3.0937500
-202.3750000 28.2656250 3.0859375
-202.6250000 29.7812500 3.0878906
-202.0000000 27.2656250 3.0859375
-202.0000000 26.5468750 3.0976562
-202.0000000 26.9218750 3.0761719
-202.0000000 26.1875000 3.0976562
-201.8750000 26.1250000 3.0937500
-201.7500000 25.6718750 3.0917969
-201.8750000 25.4218750 3.0839844
-202.0000000 25.2812500 3.0898438
-202.1250000 25.5937500 3.0859375
-201.7500000 24.9062500 3.0859375
-201.5000000 25.3906250 3.0820312
-201.8750000 24.7656250 3.1015625
-201.5000000 24.5000000 3.0859375
-201.6250000 24.9375000 3.0878906
-201.6250000 25.1250000 3.0937500
-201.5000000 25.5000000 3.0781250
-201.6250000 25.7187500 3.0976562
-201.2500000 24.8906250 3.0742188
-201.5000000 24.2968750 3.0976562
-201.5000000 23.6875000 3.0898438
-201.6250000 23.7500000 3.0976562
-201.3750000 23.8125000 3.1015625
-201.3750000 22.5156250 3.1210938
-201.6250000 23.8593750 3.1093750
-201.2500000 23.5156250 3.0976562
-201.3750000 22.7656250 3.1054688
-201.5000000 23.5468750 3.0976562
-201.5000000 23.0781250 3.1074219
-201.1250000 21.9375000 3.0976562
-202.0000000 22.0937500 3.1171875
-201.1250000 21.4218750 3.1132812
-201.6250000 21.8281250 3.1132812
-201.3750000 21.1250000 3.1328125
-201.5000000 22.3750000 3.1210938
-201.5000000 21.5468750 3.1210938
-201.1250000 21.2656250 3.1171875
-201.1250000 21.2968750 3.1035156
-201.1250000 20.5625000 3.1171875
-201.3750000 21.8437500 3.1191406
-201.3750000 20.4218750 3.1132812
-201.7500000 19.9375000 3.1328125
-201.3750000 20.6250000 3.1074219
-201.3750000 20.0625000 3.1171875
-201.8750000 20.8281250 3.1250000
-201.6250000 19.4687500 3.1406250
-201.3750000 18.7812500 3.1367188
-201.3750000 19.6562500 3.1406250
-201.8750000 18.5625000 3.1601562
-201.3750000 19.2031250 3.1386719
-201.5000000 19.4218750 3.1367188
-201.3750000 18.6406250 3.1406250
-201.2500000 18.5156250 3.1367188
-201.2500000 18.4687500 3.1445312
-201.5000000 18.3437500 3.1542969
-200.8750000 17.4375000 3.1425781
-201.3750000 16.3437500 3.1816406
-201.3750000 17.8281250 3.1523438
-201.3750000 19.0156250 3.1425781
-201.2500000 18.5156250 3.1464844
-201.2500000 17.9687500 3.1523438
-201.2500000 16.5468750 3.1718750
-201.1250000 18.7812500 3.1367188
-201.1250000 16.9375000 3.1445312
-201.1250000 16.5468750 3.1562500
-201.1250000 16.2656250 3.1601562
-200.8750000 17.0312500 3.1367188
-201.0000000 15.8750000 3.1601562
-201.0000000 16.2968750 3.1464844
-201.2500000 15.7656250 3.1562500
-201.3750000 15.0468750 3.1718750
-201.0000000 15.1250000 3.1542969
-201.0000000 13.6328125 3.1757812
-200.8750000 13.9921875 3.1757812
-201.0000000 15.1562500 3.1718750
-201.2500000 15.5312500 3.1601562
-201.1250000 14.3203125 3.1757812
-200.8750000 14.2031250 3.1718750
-201.0000000 14.5156250 3.1855469
-201.1250000 14.2187500 3.1875000
-201.1250000 13.4296875 3.1777344
-201.1250000 14.1796875 3.1953125
-201.1250000 12.7031250 3.1992188
-201.7500000 13.7265625 3.2109375
-201.7500000 12.7343750 3.2265625
-201.7500000 12.1562500 3.2148438
-201.0000000 10.8125000 3.2148438
-201.2500000 12.1171875 3.2011719
-201.2500000 11.7500000 3.2031250
-201.6250000 12.7812500 3.2070312
-201.6250000 12.3281250 3.2128906
-201.6250000 11.5625000 3.2109375
-201.6250000 11.0312500 3.2304688
-201.5000000 10.2187500 3.2382812
-201.1250000 11.2031250 3.2246094
-201.3750000 12.6484375 3.2109375
-201.0000000 10.0156250 3.2421875
-201.6250000 11.1093750 3.2382812
-201.2500000 10.5312500 3.2285156
-201.2500000 10.2734375 3.2382812
-201.2500000 11.1484375 3.2265625
-201.5000000 9.8437500 3.2304688
-201.5000000 9.2734375 3.2441406
-201.1250000 9.8750000 3.2304688
-201.0000000 9.5703125 3.2382812
-201.2500000 8.8281250 3.2441406
-201.2500000 9.6171875 3.2382812
-200.8750000 9.8828125 3.2265625
-201.1250000 8.8750000 3.2421875
-201.6250000 11.7031250 3.2460938
-200.7500000 9.6718750 3.2382812
-201.1250000 8.5703125 3.2304688
-201.0000000 9.7734375 3.2265625
-200.7500000 8.4218750 3.2460938
-200.7500000 8.4531250 3.2421875
-200.7500000 9.6796875 3.2265625
-201.0000000 9.0234375 3.2402344
-201.1250000 10.4531250 3.2187500
-200.7500000 6.7578125 3.2578125
-200.6250000 7.5078125 3.2617188
-201.1250000 9.2031250 3.2500000
-200.8750000 7.5781250 3.2578125
-200.7500000 6.0234375 3.2773438
-200.6250000 5.8906250 3.2656250
-201.1250000 5.3671875 3.2871094
-200.8750000 5.7812500 3.2871094
-201.0000000 7.7187500 3.2773438
-200.7500000 5.1093750 3.2890625
-200.8750000 5.3515625 3.2851562
-200.8750000 4.2187500 3.2851562
-201.0000000 5.0937500 3.2812500
-201.0000000 5.0859375 3.2675781
-200.6250000 4.0781250 3.2851562
-200.7500000 3.0488281 3.2968750
-200.8750000 3.5019531 3.2949219
-201.1250000 4.5468750 3.2949219
-200.8750000 4.0234375 3.2929688
-200.6250000 3.3183594 3.3066406
-201.2500000 4.2187500 3.2968750
-201.0000000 4.2031250 3.2929688
-200.6250000 2.0449219 3.3105469
-200.8750000 1.4316406 3.3281250
-200.6250000 0.6621094 3.3203125
-201.0000000 1.5781250 3.3359375
-200.7500000 3.1542969 3.3125000
-200.6250000 1.0664062 3.3203125
-200.3750000 0.4287109 3.3183594
-201.0000000 1.0136719 3.3281250
-201.0000000 1.3632812 3.3125000
-201.1250000 0.9277344 3.3261719
-201.0000000 0.9960938 3.3339844
-201.6250000 0.3154297 3.3320312
-200.8750000 0.4511719 3.3339844
-201.0000000 -0.4082031 3.3535156
-200.6250000 0.1679688 3.3398438
-200.7500000 -0.7973633 3.3554688
-200.8750000 -0.3193359 3.3398438
-200.8750000 -0.4501953 3.3476562
-200.7500000 -1.3242188 3.3515625
-201.0000000 -0.6103516 3.3750000
-200.8750000 -1.5556641 3.3671875
-200.5000000 -0.5009766 3.3437500
-200.8750000 -1.4648438 3.3554688
-200.5000000 -2.1191406 3.3515625
-200.3750000 -0.8281250 3.3417969
-200.3750000 -2.4218750 3.3476562
-201.0000000 -2.5332031 3.3750000
-201.0000000 -2.1660156 3.3750000
-201.0000000 -1.8046875 3.3671875
-200.8750000 -2.8300781 3.3867188
-200.3750000 -2.5664062 3.3750000
-200.8750000 -4.1093750 3.4277344
-200.6250000 -3.2851562 3.4082031
-200.8750000 -3.6035156 3.4023438
-201.6250000 -4.1992188 3.4414062
-202.7500000 -3.7871094 3.4179688
-200.7500000 -5.0507812 3.4453125
-202.6250000 -5.1601562 3.4492188
-201.2500000 -6.8281250 3.4550781
-202.6250000 -6.1015625 3.4550781
-201.1250000 -6.8437500 3.4335938
-202.5000000 -6.5000000 3.4648438
-204.1250000 -6.6718750 3.4667969
-203.7500000 -6.5937500 3.4316406
-203.7500000 -6.8359375 3.4355469
-201.8750000 -6.3828125 3.3964844
-203.1250000 -6.0156250 3.4335938
-203.7500000 -5.6171875 3.4257812
-202.2500000 -6.7031250 3.4511719
-203.0000000 -5.8984375 3.4394531
-203.0000000 -6.1171875 3.4433594
-202.0000000 -5.9843750 3.4335938
-203.6250000 -5.6250000 3.4726562
-202.7500000 -5.9765625 3.5117188
-203.1250000 -5.7343750 3.4765625
-203.1250000 -6.4140625 3.5039062
-202.7500000 -6.4296875 3.4531250
-203.1250000 -6.0781250 3.4453125
-203.1250000 -6.3125000 3.4667969
-202.8750000 -6.2421875 3.4531250
-203.6250000 -5.7031250 3.5078125
-203.8750000 -5.8671875 3.5058594
-203.8750000 -6.7968750 3.4765625
-204.6250000 -5.9765625 3.5234375
-203.5000000 -5.8046875 3.4902344
-204.3750000 -6.0078125 3.5039062
-203.8750000 -5.6562500 3.4648438
-203.6250000 -5.5781250 3.4648438
-203.5000000 -5.7890625 3.4453125
-203.8750000 -5.3437500 3.4960938
-205.2500000 -6.0703125 3.4882812
-205.2500000 -5.2500000 3.4882812
-204.7500000 -4.9062500 3.4921875
-204.6250000 -5.0625000 3.5000000
-205.0000000 -5.1640625 3.4921875
-204.7500000 -5.4609375 3.4746094
-205.1250000 -5.5546875 3.4707031
-204.8750000 -5.4531250 3.4707031
-205.2500000 -5.3984375 3.4804688
-205.2500000 -5.0546875 3.4960938
-205.3750000 -5.9375000 3.5039062
-205.8750000 -5.6015625 3.5039062
-205.6250000 -5.0156250 3.4843750
-206.6250000 -5.2500000 3.4960938
-206.2500000 -5.1796875 3.4960938
-206.6250000 -5.4179688 3.5273438
-206.2500000 -5.3554688 3.5039062
-205.7500000 -5.1445312 3.5039062
-205.2500000 -5.5234375 3.4941406
-206.1250000 -5.3203125 3.4882812
-205.6250000 -5.1171875 3.4960938
-205.8750000 -5.0898438 3.4980469
-205.2500000 -5.4765625 3.4882812
-206.1250000 -5.1328125 3.4960938
-206.5000000 -5.2343750 3.4882812
-206.1250000 -5.2226562 3.5097656
-206.3750000 -5.0781250 3.5039062
-206.1250000 -5.4921875 3.5000000
-207.1250000 -4.6640625 3.5058594
-207.0000000 -5.5546875 3.5273438
-206.7500000 -5.3671875 3.5078125
-206.6250000 -5.4804688 3.5195312
-206.7500000 -5.4062500 3.5078125
-206.6250000 -5.3476562 3.5097656
-206.7500000 -4.9570312 3.5019531
-207.3750000 -5.5859375 3.4765625
-205.8750000 -5.2031250 3.4902344
-208.6250000 -5.4218750 3.5078125
-204.3750000 -5.8593750 3.4062500
-206.2500000 -5.5234375 3.4804688
-211.5000000 -4.9414062 3.5449219
-206.6250000 -5.0546875 3.4882812
-206.2500000 -5.4218750 3.4882812
-210.2500000 -5.2382812 3.5468750
-207.5000000 -5.4296875 3.5039062
-206.7500000 -5.4140625 3.5136719
-206.5000000 -5.4296875 3.4843750
-207.0000000 -5.5703125 3.4960938
-207.3750000 -5.2734375 3.4921875
-207.5000000 -5.2734375 3.5039062
-206.8750000 -5.4296875 3.4941406
-207.5000000 -5.5546875 3.5273438
-207.0000000 -5.3437500 3.4980469
-207.5000000 -5.5156250 3.5019531
-207.8750000 -5.4062500 3.5136719
-212.5000000 -4.0156250 3.5585938
-207.5000000 -5.3203125 3.5078125
-207.0000000 -5.3203125 3.4882812
-207.0000000 -5.4062500 3.4902344
-207.8750000 -5.3671875 3.5078125
-207.1250000 -5.3750000 3.4882812
-207.3750000 -5.4570312 3.4921875
-207.7500000 -5.4140625 3.4960938
-207.8750000 -5.3398438 3.5000000
-207.8750000 -5.4882812 3.4882812
-207.7500000 -5.2421875 3.5039062
-207.8750000 -5.4804688 3.5019531
-207.6250000 -5.2265625 3.5078125
-207.7500000 -5.3750000 3.5097656
-207.5000000 -5.3828125 3.5019531
-207.6250000 -5.4062500 3.5039062
-207.3750000 -5.2500000 3.5058594
-207.2500000 -5.2890625 3.5078125
-208.7500000 -5.2578125 3.5214844
-207.3750000 -5.2968750 3.5058594
-207.6250000 -5.3437500 3.5156250
-207.8750000 -5.5156250 3.5117188
-208.2500000 -5.5117188 3.5117188
-207.8750000 -5.4687500 3.4960938
-207.7500000 -5.4453125 3.5117188
-207.7500000 -5.5000000 3.5078125
-208.2500000 -5.5937500 3.5234375
-207.8750000 -5.5703125 3.5117188
-208.0000000 -5.6484375 3.5234375
-207.7500000 -5.4921875 3.5117188
-207.7500000 -5.8125000 3.5097656
-208.2500000 -5.7500000 3.5156250
-208.0000000 -5.5781250 3.5195312
-208.7500000 -6.0000000 3.5312500
-208.3750000 -5.9609375 3.5234375
-208.0000000 -5.8125000 3.5195312
-208.7500000 -5.6640625 3.5468750
-208.8750000 -5.7187500 3.5507812
-208.3750000 -5.7421875 3.5546875
-209.0000000 -5.7890625 3.5527344
-209.1250000 -5.9921875 3.5468750
-209.1250000 -6.0937500 3.5546875
-208.8750000 -5.9531250 3.5468750
-208.8750000 -6.2031250 3.5546875
-209.2500000 -6.5859375 3.5585938
-209.2500000 -6.8750000 3.5625000
-209.3750000 -6.6640625 3.5625000
-209.3750000 -6.5312500 3.5468750
-209.0000000 -7.0468750 3.5664062
-209.3750000 -6.7578125 3.5761719
-209.5000000 -6.8359375 3.5820312
-209.6250000 -7.0312500 3.6093750
-209.3750000 -6.4843750 3.5878906
-209.8750000 -6.5468750 3.5742188
-210.1250000 -6.8437500 3.6015625
-210.3750000 -7.0859375 3.6015625
-209.8750000 -6.6015625 3.5781250
-209.6250000 -6.4609375 3.5820312
-209.6250000 -7.0468750 3.5664062
-210.1250000 -6.9453125 3.5839844
-210.6250000 -7.0078125 3.5781250
-209.8750000 -7.0234375 3.5781250
-210.0000000 -7.4375000 3.5957031
-210.0000000 -8.3671875 3.6093750
-210.1250000 -7.6796875 3.5957031
-210.5000000 -7.8281250 3.6054688
-209.7500000 -7.6328125 3.6250000
-210.1250000 -7.2812500 3.6328125
-210.0000000 -7.4687500 3.6113281
-209.3750000 -6.9140625 3.6015625
-210.3750000 -7.9687500 3.6406250
-211.1250000 -7.5546875 3.5937500
-209.6250000 -7.9921875 3.6367188
-209.8750000 -7.3984375 3.6171875
-210.3750000 -8.2343750 3.6484375
-210.0000000 -8.0000000 3.6308594
-210.1250000 -8.0703125 3.6484375
-210.3750000 -8.9218750 3.6640625
-210.5000000 -7.7500000 3.6074219
-210.7500000 -8.6171875 3.6406250
-211.6250000 -8.2968750 3.6347656
-210.1250000 -9.6953125 3.6796875
-210.1250000 -9.7187500 3.6757812
-210.2500000 -9.4687500 3.6679688
-210.2500000 -9.1015625 3.6445312
-210.3750000 -9.4296875 3.6445312
-210.0000000 -8.5468750 3.6132812
-209.5000000 -8.9687500 3.6210938
-209.8750000 -8.6796875 3.6289062
-210.3750000 -8.8671875 3.6406250
-206.2500000 -7.1484375 3.5820312
-210.5000000 -8.8437500 3.6347656
-210.2500000 -9.1328125 3.6445312
-210.5000000 -10.5078125 3.6738281
-210.3750000 -12.0937500 3.6992188
-210.3750000 -11.6796875 3.7089844
-210.2500000 -11.5625000 3.7050781
-210.3750000 -10.2343750 3.6757812
-210.3750000 -10.8515625 3.6992188
-210.6250000 -11.7187500 3.7265625
-210.6250000 -12.6093750 3.7304688
-210.7500000 -11.4375000 3.7148438
-210.5000000 -12.8359375 3.7304688
-210.8750000 -14.0859375 3.7500000
-210.8750000 -14.8671875 3.7695312
-210.5000000 -14.5546875 3.7304688
-210.8750000 -14.6328125 3.7578125
-210.1250000 -15.0859375 3.7382812
-210.3750000 -14.5937500 3.7421875
-210.1250000 -14.1093750 3.7363281
-210.0000000 -14.7187500 3.7382812
-210.6250000 -15.6484375 3.7812500
-210.5000000 -15.8437500 3.7714844
-210.5000000 -17.7031250 3.8164062
-210.6250000 -16.6718750 3.7968750
-210.7500000 -15.8203125 3.7929688
-210.6250000 -18.4687500 3.8359375
-210.7500000 -17.5156250 3.8085938
-211.0000000 -17.7500000 3.8320312
-211.1250000 -18.3125000 3.8339844
-210.0000000 -19.0156250 3.8515625
-210.5000000 -18.8281250 3.8437500
-210.8750000 -19.6562500 3.8437500
-211.0000000 -20.4375000 3.8398438
-211.2500000 -20.5937500 3.8183594
-210.8750000 -21.3750000 3.8515625
-211.1250000 -20.2343750 3.8222656
-211.2500000 -20.8906250 3.8593750
-211.2500000 -21.1406250 3.8437500
-211.3750000 -21.1875000 3.8515625
-210.8750000 -21.5625000 3.8750000
-211.1250000 -21.7656250 3.8515625
-210.8750000 -20.9531250 3.8554688
-211.0000000 -20.1562500 3.8417969
-210.8750000 -22.1562500 3.8476562
-211.1250000 -22.0625000 3.8457031
-211.2500000 -23.7968750 3.8574219
-211.0000000 -22.6250000 3.8398438
-210.5000000 -22.4687500 3.8378906
-210.8750000 -22.6718750 3.8437500
-210.8750000 -23.9687500 3.8554688
-210.8750000 -23.2031250 3.8593750
-211.1250000 -24.2500000 3.8515625
-210.5000000 -23.7031250 3.8437500
-211.1250000 -25.1093750 3.8574219
-210.7500000 -25.4375000 3.8476562
-211.5000000 -26.0000000 3.8554688
-211.0000000 -25.6875000 3.8476562
-211.0000000 -25.2031250 3.8691406
-210.6250000 -25.5468750 3.8828125
-210.7500000 -26.7500000 3.8789062
-210.7500000 -26.0156250 3.8671875
-210.3750000 -26.5937500 3.8710938
-210.5000000 -26.1562500 3.8691406
-210.5000000 -26.9375000 3.8789062
-210.5000000 -26.8750000 3.8750000
-210.2500000 -25.4531250 3.8515625
-210.6250000 -28.8125000 3.8671875
-210.2500000 -28.2968750 3.8671875
-210.5000000 -29.0156250 3.8750000
-210.7500000 -28.7500000 3.8652344
-210.5000000 -30.0468750 3.8750000
-210.6250000 -30.0625000 3.8828125
-210.8750000 -29.9375000 3.8847656
-210.6250000 -30.7343750 3.8847656
-210.6250000 -30.8281250 3.8750000
-211.2500000 -31.2343750 3.8964844
-210.6250000 -30.8437500 3.8867188
-210.7500000 -30.4218750 3.8847656
-210.7500000 -30.4218750 3.8867188
-210.7500000 -31.8281250 3.8945312
-211.1250000 -32.6562500 3.9023438
-211.0000000 -32.5625000 3.9101562
-210.6250000 -32.6562500 3.9062500
-211.0000000 -33.6562500 3.9257812
-210.8750000 -30.4218750 3.8886719
-210.8750000 -32.4375000 3.9062500
-210.6250000 -32.6562500 3.9101562
-210.6250000 -32.4375000 3.9179688
-211.0000000 -33.1250000 3.9179688
-210.8750000 -32.9375000 3.9179688
-210.7500000 -35.3125000 3.9296875
-210.8750000 -35.6250000 3.9257812
-211.2500000 -35.4687500 3.9179688
-211.3750000 -35.3437500 3.9375000
-210.8750000 -35.9375000 3.9335938
-211.0000000 -36.0312500 3.9335938
-211.1250000 -34.6250000 3.9257812
-210.6250000 -35.6250000 3.9335938
-210.5000000 -36.2187500 3.9296875
-210.3750000 -37.3437500 3.9375000
-210.5000000 -36.4687500 3.9375000
-210.6250000 -37.0937500 3.9375000
-210.5000000 -37.0937500 3.9414062
-210.3750000 -37.6875000 3.9453125
-210.3750000 -38.2812500 3.9570312
-209.8750000 -37.4687500 3.9492188
-209.8750000 -37.9687500 3.9414062
-209.8750000 -38.5937500 3.9492188
-210.2500000 -39.9687500 3.9726562
-210.2500000 -40.2187500 3.9843750
-210.1250000 -39.8125000 3.9765625
-209.7500000 -40.9687500 3.9687500
-210.0000000 -41.1875000 3.9726562
-209.8750000 -40.8437500 3.9843750
-209.8750000 -40.1875000 3.9648438
-209.3750000 -41.6875000 3.9765625
-210.1250000 -43.6250000 3.9921875
-209.7500000 -42.8437500 3.9882812
-209.8750000 -41.9375000 3.9765625
-210.0000000 -43.2812500 4.0000000
-209.8750000 -43.3125000 3.9882812
-210.1250000 -42.7500000 3.9843750
-210.3750000 -44.8437500 4.0039062
-210.2500000 -44.2500000 4.0039062
-210.6250000 -43.2187500 4.0000000
-210.2500000 -44.5000000 4.0039062
-209.5000000 -43.4687500 3.9921875
-209.7500000 -44.2812500 3.9687500
-209.3750000 -44.7500000 3.9609375
-209.8750000 -44.0937500 3.9765625
-210.0000000 -44.4687500 3.9921875
-210.5000000 -45.3437500 4.0117188
-210.0000000 -46.2187500 4.0078125
-210.5000000 -45.2812500 4.0000000
-210.1250000 -45.6250000 4.0039062
-210.3750000 -46.1875000 4.0039062
-210.0000000 -45.7500000 4.0000000
-210.0000000 -46.8125000 4.0000000
-209.7500000 -45.5937500 4.0039062
-210.2500000 -47.5625000 3.9960938
-209.6250000 -47.5937500 4.0039062
-209.8750000 -47.8437500 4.0000000
-210.1250000 -47.2500000 3.9960938
-210.1250000 -47.3125000 3.9921875
-210.1250000 -47.7812500 3.9921875
-209.8750000 -48.0937500 4.0039062
-209.7500000 -48.7187500 3.9921875
-210.0000000 -48.2812500 3.9960938
-209.7500000 -48.1875000 3.9921875
-209.5000000 -49.5000000 3.9843750
-210.1250000 -49.4062500 3.9843750
-210.2500000 -50.2500000 3.9843750
-210.1250000 -49.7812500 3.9843750
-210.0000000 -49.5937500 3.9882812
-210.0000000 -51.3750000 3.9843750
-210.5000000 -50.5000000 3.9804688
-209.7500000 -51.7812500 3.9804688
-209.2500000 -52.6562500 3.9804688
-209.1250000 -51.5625000 3.9843750
-208.6250000 -52.2187500 3.9843750
-209.3750000 -52.0937500 3.9804688
-209.0000000 -54.5625000 3.9765625
-209.3750000 -53.7500000 3.9765625
-208.8750000 -53.6562500 3.9726562
-209.5000000 -53.0937500 3.9765625
-209.3750000 -54.5937500 3.9765625
-209.0000000 -54.4375000 3.9687500
-209.0000000 -54.0312500 3.9726562
-209.0000000 -53.8125000 3.9687500
-209.0000000 -53.4062500 3.9804688
-209.1250000 -53.9687500 3.9726562
-209.1250000 -53.9375000 3.9765625
-208.6250000 -54.3437500 3.9843750
-208.7500000 -54.4375000 3.9804688
-208.7500000 -54.3125000 3.9843750
-208.7500000 -54.2812500 3.9687500
-208.6250000 -54.9062500 3.9726562
-208.5000000 -55.2187500 3.9492188
-205.2500000 -55.7812500 3.8632812
-209.1250000 -55.1562500 3.9257812
-208.6250000 -55.5000000 3.9218750
-208.0000000 -55.8437500 3.9179688
-208.3750000 -55.7812500 3.9335938
-207.8750000 -56.7187500 3.9101562
-208.0000000 -55.4687500 3.9335938
-207.5000000 -56.0625000 3.9257812
-208.2500000 -55.7187500 3.9257812
-207.8750000 -56.1562500 3.9218750
-207.3750000 -55.9375000 3.9492188
-207.5000000 -55.5937500 3.9570312
-206.6250000 -57.0937500 3.9296875
-206.7500000 -57.0312500 3.9257812
-206.2500000 -57.3125000 3.9296875
-206.3750000 -57.5937500 3.9257812
-205.6250000 -58.4375000 3.9179688
-205.2500000 -58.6875000 3.9140625
-204.8750000 -58.5000000 3.9218750
-204.2500000 -58.9687500 3.9296875
-204.0000000 -59.0312500 3.9335938
-204.2500000 -59.9062500 3.9218750
-204.1250000 -59.5937500 3.9257812
-204.2500000 -58.9062500 3.9218750
-203.7500000 -59.5937500 3.9179688
-203.5000000 -59.9375000 3.9179688
-204.7500000 -59.2812500 3.9101562
-204.7500000 -59.1250000 3.8964844
-204.8750000 -59.7187500 3.8847656
-204.5000000 -61.1562500 3.8750000
-204.2500000 -61.1250000 3.8769531
-204.3750000 -59.4687500 3.9062500
-202.6250000 -59.4375000 3.9296875
-202.5000000 -60.0625000 3.9335938
-202.6250000 -60.0000000 3.9335938
-202.5000000 -60.3750000 3.9531250
-201.5000000 -61.0000000 3.9492188
-201.2500000 -61.2812500 3.9531250
-202.5000000 -61.5312500 3.9609375
-201.8750000 -61.3437500 3.9414062
-201.0000000 -61.8750000 3.9257812
-200.0000000 -61.0625000 3.9492188
-199.8750000 -60.5937500 3.9492188
-200.3750000 -61.2187500 3.9414062
-199.2500000 -60.6875000 3.9492188
-199.8750000 -60.7500000 3.9570312
-199.1250000 -60.9375000 3.9648438
-198.0000000 -60.9375000 3.9687500
-198.5000000 -61.4687500 3.9570312
-199.1250000 -61.5937500 3.9609375
-198.2500000 -61.4375000 3.9453125
-198.5000000 -61.6562500 3.9648438
-197.6250000 -61.8437500 3.9531250
-198.0000000 -62.0625000 3.9570312
-197.5000000 -61.6562500 3.9648438
-197.1250000 -61.7187500 3.9765625
-197.2500000 -61.6250000 3.9648438
-196.8750000 -61.8125000 3.9570312
-196.7500000 -61.5000000 3.9648438
-196.7500000 -61.8125000 3.9648438
-196.7500000 -61.4062500 3.9648438
-195.7500000 -61.5000000 3.9492188
-195.7500000 -61.3750000 3.9765625
-195.7500000 -61.5625000 3.9687500
-194.6250000 -61.7812500 3.9804688
-195.5000000 -61.7187500 3.9648438
-194.8750000 -61.8750000 3.9687500
-193.8750000 -61.2500000 3.9765625
-194.3750000 -61.4687500 3.9648438
-193.3750000 -61.7187500 3.9570312
-194.3750000 -61.2500000 3.9570312
-193.7500000 -61.3437500 3.9453125
-192.7500000 -60.4375000 3.9687500
-192.7500000 -52.0312500 3.9101562
-187.7500000 -46.1875000 3.9023438
-192.8750000 -60.8437500 3.9726562
-191.1250000 -54.3125000 3.9492188
-190.1250000 -58.4375000 4.0195312
-187.5000000 -56.7187500 3.9921875
-187.2500000 -55.0625000 3.9882812
-185.6250000 -49.9375000 3.9765625
-190.0000000 -58.7812500 3.9570312
-178.5000000 -24.8906250 3.8046875
-187.1250000 -55.3125000 4.0195312
-188.5000000 -59.6250000 3.9921875
-189.8750000 -60.3437500 3.9765625
-188.0000000 -58.9687500 4.0039062
-187.2500000 -56.5937500 4.0117188
-186.5000000 -56.4687500 3.9687500
-190.8750000 -59.7187500 3.9609375
-189.1250000 -59.9375000 3.9570312
-190.7500000 -61.0625000 4.0078125
-189.1250000 -57.5937500 3.9804688
-187.7500000 -58.6562500 4.0390625
-189.7500000 -59.5000000 3.9726562
-189.2500000 -60.0937500 3.9492188
-190.7500000 -60.0937500 3.9882812
-188.2500000 -56.8125000 3.9726562
-187.8750000 -57.4687500 3.9765625
-187.1250000 -59.4687500 3.9492188
-187.3750000 -59.8437500 3.9609375
-185.7500000 -59.5000000 3.9375000
-186.0000000 -59.6250000 3.9492188
-186.6250000 -59.7812500 3.9687500
-185.6250000 -59.8125000 3.9570312
-185.3750000 -59.8437500 3.9570312
-185.2500000 -59.9687500 3.9531250
-184.0000000 -59.7812500 3.9687500
-183.8750000 -60.0000000 3.9570312
-183.5000000 -59.8125000 3.9648438
-184.8750000 -59.9375000 3.9726562
-184.3750000 -60.1875000 3.9843750
-183.0000000 -60.3750000 3.9687500
-183.0000000 -60.1875000 3.9765625
-183.8750000 -60.0625000 3.9648438
-183.2500000 -60.4062500 3.9492188
-182.6250000 -60.5625000 3.9609375
-181.6250000 -60.7812500 3.9687500
-181.6250000 -60.7812500 3.9843750
-180.7500000 -60.7812500 4.0039062
-181.1250000 -60.7187500 3.9531250
-179.1250000 -60.8750000 4.0039062
-179.8750000 -60.4062500 3.9648438
-178.3750000 -60.6250000 3.9882812
-179.8750000 -60.2500000 3.9687500
-178.7500000 -60.4375000 3.9921875
-177.7500000 -60.7187500 4.0039062
-179.7500000 -60.3437500 3.9960938
-178.6250000 -60.1875000 3.9882812
-165.5000000 -54.7187500 3.9296875
-174.0000000 -59.2812500 3.9921875
-177.6250000 -60.2812500 3.9765625
-178.2500000 -60.3750000 3.9726562
-178.1250000 -60.5625000 3.9492188
-177.7500000 -60.6562500 3.9570312
-177.7500000 -60.8437500 3.9453125
-178.0000000 -60.4062500 3.9492188
-176.1250000 -60.5312500 3.9843750
-176.2500000 -60.5937500 3.9609375
-174.7500000 -60.8750000 3.9492188
-175.6250000 -60.6875000 3.9765625
-174.0000000 -61.0937500 3.9804688
-174.1250000 -60.5625000 3.9843750
-173.7500000 -60.6250000 3.9960938
-173.1250000 -60.6875000 3.9765625
-169.8750000 -60.3750000 3.9570312
-172.1250000 -60.6250000 3.9726562
-172.5000000 -60.7187500 3.9843750
-173.3750000 -60.6875000 3.9687500
-173.0000000 -60.7812500 3.9687500
-172.3750000 -60.9687500 3.9492188
-171.6250000 -60.8750000 3.9609375
-171.8750000 -60.7187500 3.9687500
-170.8750000 -60.8125000 3.9453125
-171.1250000 -60.8750000 3.9648438
-169.7500000 -60.6562500 3.9609375
-171.6250000 -60.8437500 3.9960938
-170.6250000 -60.6875000 3.9960938
-169.8750000 -60.6875000 3.9843750
-169.2500000 -60.5000000 3.9960938
-169.1250000 -60.7187500 3.9960938
-167.8750000 -60.7500000 4.0117188
-169.2500000 -61.0000000 3.9843750
-169.1250000 -60.9062500 3.9882812
-167.7500000 -60.9375000 4.0156250
-167.8750000 -61.0625000 4.0117188
-166.1250000 -60.6562500 4.0195312
-166.8750000 -60.6875000 4.0156250
-167.0000000 -60.5000000 4.0195312
-166.7500000 -60.5625000 4.0156250
-165.6250000 -60.5937500 4.0195312
-166.6250000 -60.6250000 4.0351562
-167.1250000 -60.5625000 4.0273438
-166.2500000 -60.6875000 4.0351562
-165.8750000 -60.5937500 4.0312500
-166.2500000 -60.6250000 4.0234375
-166.0000000 -60.4687500 4.0312500
-165.1250000 -60.5937500 4.0312500
-165.3750000 -60.6875000 4.0351562
-164.5000000 -60.5937500 4.0234375
-164.7500000 -60.3750000 4.0351562
-164.3750000 -60.4687500 4.0273438
-164.0000000 -60.2500000 4.0195312
-164.0000000 -60.1875000 4.0351562
-164.6250000 -60.6562500 4.0156250
-163.6250000 -60.4375000 4.0273438
-163.1250000 -60.5625000 4.0468750
-163.2500000 -60.5937500 4.0351562
-164.0000000 -60.5937500 4.0429688
-162.3750000 -60.3437500 4.0429688
-163.3750000 -60.4375000 4.0390625
-162.5000000 -60.4687500 4.0429688
-161.6250000 -60.8750000 4.0312500
-162.1250000 -60.6562500 4.0390625
-161.3750000 -60.7187500 4.0234375
-161.0000000 -60.0312500 3.9882812
-161.7500000 -60.0625000 3.9804688
-161.2500000 -60.1250000 3.9843750
-161.3750000 -60.3437500 3.9843750
-160.7500000 -60.4687500 4.0039062
-160.0000000 -60.6250000 4.0273438
-159.7500000 -60.5312500 4.0273438
-160.6250000 -60.4375000 4.0507812
-160.2500000 -60.5312500 4.0351562
-160.2500000 -60.7812500 4.0390625
-159.6250000 -61.1250000 4.0273438
-158.7500000 -60.9062500 4.0273438
-158.8750000 -60.6562500 4.0234375
-159.2500000 -60.6875000 4.0078125
-158.2500000 -60.8125000 4.0312500
-159.1250000 -61.0625000 4.0234375
-159.2500000 -61.0625000 4.0351562
-158.8750000 -61.2187500 4.0273438
-158.2500000 -60.9375000 4.0351562
-157.5000000 -60.7500000 4.0468750
-158.3750000 -60.8750000 4.0351562
-158.5000000 -60.5000000 4.0429688
-156.5000000 -60.6875000 4.0351562
-158.1250000 -60.6875000 4.0351562
-157.5000000 -60.6875000 4.0312500
-157.6250000 -60.5000000 4.0312500
-156.8750000 -60.5625000 4.0273438
-157.3750000 -60.3125000 4.0195312
-156.3750000 -59.8125000 4.0156250
-155.8750000 -59.6875000 4.0000000
-155.5000000 -59.5937500 4.0117188
-156.2500000 -60.0312500 4.0156250
-156.0000000 -60.1250000 4.0156250
-156.3750000 -60.3750000 4.0117188
-155.2500000 -60.3125000 4.0039062
-155.2500000 -60.4375000 4.0156250
-155.3750000 -60.3125000 4.0156250
-154.6250000 -60.6250000 3.9960938
-154.7500000 -60.3750000 4.0000000
-153.3750000 -60.3750000 3.9960938
-153.5000000 -60.6875000 3.9960938
-154.2500000 -60.3437500 4.0039062
-154.2500000 -60.4687500 4.0117188
-153.5000000 -60.3750000 4.0078125
-154.1250000 -60.4687500 4.0000000
-153.7500000 -60.3437500 4.0000000
-153.6250000 -60.5312500 4.0000000
-154.1250000 -60.0937500 4.0039062
-153.2500000 -60.1250000 3.9921875
-153.2500000 -60.2500000 3.9921875
-153.3750000 -60.3437500 4.0000000
-153.1250000 -60.1875000 3.9882812
-152.3750000 -60.3437500 3.9843750
-152.6250000 -60.0000000 3.9843750
-151.8750000 -60.0000000 3.9804688
-151.5000000 -59.9062500 3.9960938
-151.8750000 -60.1875000 3.9765625
-151.7500000 -60.0937500 3.9882812
-151.7500000 -60.3125000 4.0000000
-151.5000000 -60.2187500 3.9960938
-151.5000000 -60.3125000 3.9882812
-151.6250000 -60.4062500 3.9921875
-149.5000000 -59.9062500 4.0039062
-149.7500000 -60.4687500 3.9882812
-149.0000000 -60.2500000 3.9843750
-149.1250000 -60.2187500 3.9765625
-149.3750000 -60.2187500 3.9960938
-150.8750000 -60.1875000 3.9843750
-149.5000000 -60.2812500 3.9804688
-150.6250000 -60.0937500 3.9804688
-149.1250000 -60.5312500 3.9609375
-149.6250000 -60.4375000 3.9648438
-149.2500000 -60.0312500 3.9804688
-148.5000000 -60.2812500 3.9609375
-148.8750000 -60.3125000 3.9648438
-147.3750000 -60.3750000 3.9804688
-148.0000000 -60.5937500 3.9726562
-148.0000000 -60.5000000 3.9726562
-146.6250000 -60.1250000 3.9687500
-148.0000000 -60.3437500 3.9687500
-145.7500000 -59.9062500 3.9765625
-146.1250000 -59.9687500 3.9726562
-146.6250000 -59.9375000 3.9921875
-146.6250000 -60.0312500 3.9960938
-146.2500000 -59.9375000 4.0000000
-146.7500000 -60.2812500 3.9960938
-145.5000000 -59.9375000 4.0078125
-146.0000000 -60.4062500 4.0000000
-145.2500000 -59.9687500 3.9960938
-145.6250000 -60.0625000 3.9960938
-144.1250000 -59.6875000 4.0117188
-145.6250000 -60.2500000 3.9921875
-145.0000000 -60.2187500 4.0000000
-145.0000000 -60.1250000 4.0039062
-145.5000000 -60.3125000 3.9921875
-144.1250000 -59.8750000 4.0117188
-144.6250000 -60.0625000 4.0078125
-144.0000000 -60.0312500 3.9960938
-144.2500000 -60.1250000 3.9960938
-143.3750000 -60.0937500 4.0000000
-144.0000000 -59.9687500 4.0039062
-144.1250000 -59.8750000 4.0117188
-143.6250000 -60.0000000 4.0078125
-143.6250000 -59.8750000 4.0078125
-143.1250000 -59.8125000 4.0117188
-143.3750000 -59.9062500 4.0039062
-143.5000000 -59.9062500 3.9960938
-143.2500000 -59.7812500 4.0000000
-141.7500000 -59.4687500 4.0234375
-142.6250000 -59.6875000 4.0156250
-142.1250000 -59.5937500 4.0156250
-141.8750000 -59.5312500 4.0195312
-142.3750000 -59.8437500 4.0117188
-140.7500000 -59.4062500 4.0312500
-142.2500000 -59.5312500 4.0195312
-143.2500000 -59.9375000 4.0195312
-141.3750000 -59.3750000 4.0234375
-141.6250000 -59.6875000 4.0195312
-140.1250000 -59.3125000 4.0273438
-141.2500000 -59.5000000 4.0234375
-141.0000000 -59.5312500 4.0273438
-140.6250000 -59.4375000 4.0273438
-140.1250000 -59.5625000 4.0156250
-140.8750000 -59.5000000 4.0117188
-139.7500000 -59.2812500 4.0234375
-139.7500000 -59.4375000 4.0273438
-139.5000000 -59.3125000 4.0234375
-139.0000000 -59.1562500 4.0273438
-138.7500000 -59.0625000 4.0312500
-138.7500000 -59.4062500 4.0312500
-139.1250000 -59.2187500 4.0273438
-138.1250000 -59.0312500 4.0429688
-138.6250000 -59.0625000 4.0351562
-137.6250000 -58.9687500 4.0390625
-137.8750000 -59.0937500 4.0468750
-137.8750000 -59.1875000 4.0429688
-136.7500000 -58.9062500 4.0507812
-136.7500000 -59.0625000 4.0507812
-136.6250000 -58.8750000 4.0507812
-138.0000000 -59.1875000 4.0351562
-136.8750000 -59.1562500 4.0429688
-137.3750000 -59.0937500 4.0546875
-136.8750000 -59.0937500 4.0273438
-136.8750000 -59.0000000 4.0507812
-135.5000000 -58.9062500 4.0468750
-135.2500000 -59.0937500 4.0429688
-135.2500000 -58.8437500 4.0390625
-135.1250000 -58.8437500 4.0390625
-135.8750000 -59.0312500 4.0273438
-135.3750000 -59.2500000 4.0390625
-134.6250000 -58.8437500 4.0468750
-135.0000000 -59.1875000 4.0468750
-133.7500000 -58.9375000 4.0429688
-134.0000000 -59.1562500 4.0507812
-133.0000000 -59.1562500 4.0429688
-134.0000000 -59.1875000 4.0507812
-132.6250000 -59.0937500 4.0468750
-132.1250000 -59.2500000 4.0507812
-131.7500000 -59.0312500 4.0507812
-132.2500000 -59.4687500 4.0625000
-132.6250000 -59.0000000 4.0585938
-131.7500000 -59.2187500 4.0781250
-131.5000000 -59.3125000 4.0898438
-131.2500000 -59.0937500 4.0742188
-130.5000000 -59.2812500 4.0781250
-132.7500000 -59.2500000 4.0625000
-131.6250000 -59.3437500 4.0781250
-131.2500000 -59.3125000 4.0703125
-131.2500000 -59.2812500 4.0742188
-130.6250000 -59.4375000 4.0859375
-129.8750000 -59.0000000 4.0820312
-129.5000000 -59.0937500 4.0781250
-129.1250000 -58.9375000 4.0742188
-127.6249924 -58.5937500 4.0781250
-127.7499924 -58.7812500 4.0859375
-128.3750000 -58.8125000 4.0742188
-127.6249924 -58.7187500 4.0781250
-126.7499924 -58.8437500 4.0820312
-128.3750000 -58.8750000 4.0742188
-126.9999924 -58.8125000 4.0703125
-127.1249924 -58.6562500 4.0585938
-127.8749924 -58.8125000 4.0859375
-128.1250000 -58.8750000 4.0820312
-127.2499924 -58.7812500 4.0742188
-127.8749924 -58.6875000 4.0664062
-128.2500000 -58.9062500 4.0781250
-127.4999924 -58.7812500 4.0859375
-126.8749924 -58.7500000 4.0781250
-126.4374924 -58.6562500 4.0781250
-127.4999924 -58.7812500 4.0859375
-127.6249924 -58.6875000 4.0859375
-126.5624924 -58.5625000 4.0820312
-125.7499924 -58.9062500 4.0781250
-125.8124924 -58.7187500 4.0820312
-124.8124924 -58.9375000 4.0820312
-125.6249924 -58.7812500 4.0781250
-124.6249924 -59.0000000 4.0820312
-123.9374924 -59.0937500 4.0820312
-124.1249924 -59.2812500 4.0820312
-124.3124924 -59.2812500 4.0820312
-124.2499924 -59.0312500 4.0820312
-125.2499924 -59.5000000 4.0898438
-123.8749924 -59.4062500 4.0937500
-123.4374924 -58.9062500 4.0703125
-124.3124924 -59.0312500 4.0781250
-123.5624924 -58.8437500 4.0742188
-122.7499924 -59.1875000 4.0742188
-125.2499924 -59.7187500 4.0937500
-125.3124924 -59.6562500 4.0820312
-121.6874924 -58.8125000 4.0742188
-122.3749924 -59.0625000 4.0781250
-121.3749924 -59.1562500 4.0664062
-121.3749924 -58.9375000 4.0703125
-123.6249924 -59.1250000 4.0703125
-122.6249924 -58.8125000 4.0585938
-120.6874924 -59.1250000 4.0546875
-122.8749924 -59.5000000 4.0703125
-123.6874924 -59.3750000 4.0664062
-123.4374924 -59.0625000 4.0664062
-123.1874924 -59.0312500 4.0546875
-120.2499924 -58.8750000 4.0585938
-121.9374924 -58.8750000 4.0429688
-121.4999924 -59.0312500 4.0742188
-125.2499924 -59.4687500 4.0703125
-121.5624924 -58.6875000 4.0507812
-119.4374924 -59.0937500 4.0546875
-120.3124924 -59.2187500 4.0585938
-119.9374924 -58.4062500 4.0507812
-120.8749924 -58.6875000 4.0625000
-119.4374924 -58.4062500 4.0546875
-118.1874924 -58.4375000 4.0507812
-117.2499924 -58.6562500 4.0351562
-116.1249924 -58.4687500 4.0312500
-116.7499924 -58.0000000 4.0351562
-116.9999924 -58.2812500 4.0390625
-116.7499924 -58.1250000 4.0312500
-116.5624924 -58.3750000 4.0234375
-116.0624924 -58.2812500 4.0273438
-116.1249924 -58.0625000 4.0195312
-116.6874924 -58.0312500 4.0351562
-116.2499924 -58.0937500 4.0312500
-116.4999924 -58.1875000 4.0390625
-116.8124924 -58.2187500 4.0390625
-116.9999924 -58.1875000 4.0351562
-118.1249924 -58.4687500 4.0312500
-115.2499924 -58.2187500 4.0273438
-115.6249924 -58.3125000 4.0156250
-115.4374924 -58.2500000 4.0273438
-115.8124924 -58.3750000 4.0234375
-115.8749924 -58.1562500 4.0273438
-115.1249924 -58.1562500 4.0234375
-114.5624924 -57.9375000 4.0312500
-116.5624924 -58.4687500 4.0507812
-114.3749924 -57.9375000 4.0273438
-114.4374924 -57.7187500 4.0312500
-115.1249924 -57.9687500 4.0273438
-114.1874924 -57.5625000 4.0273438
-114.4999924 -57.9687500 4.0390625
-115.1249924 -57.8750000 4.0234375
-114.8124924 -57.8125000 4.0273438
-113.8749924 -57.9375000 4.0273438
-114.0624924 -57.9687500 4.0312500
-114.5624924 -57.7812500 4.0312500
-114.0624924 -57.7187500 4.0234375
-113.4999924 -57.6875000 4.0273438
-113.4999924 -57.7500000 4.0273438
-113.3749924 -57.8750000 4.0234375
-112.8749924 -57.5000000 4.0156250
-112.8124924 -57.6562500 4.0273438
-113.2499924 -57.5937500 4.0273438
-114.0624924 -58.0625000 4.0273438
-113.5624924 -57.7500000 4.0195312
-112.6874924 -57.6250000 4.0078125
-114.0624924 -57.8437500 4.0156250
-112.6874924 -57.7812500 4.0156250
-112.9999924 -57.7812500 4.0273438
-112.6874924 -57.7187500 4.0078125
-111.9999924 -57.4062500 4.0078125
-112.1249924 -57.5000000 4.0117188
-112.3124924 -57.6875000 4.0117188
-110.8124924 -57.3750000 4.0195312
-111.5624924 -57.2812500 4.0234375
-111.3749924 -57.2187500 4.0078125
-110.8124924 -57.2187500 4.0000000
-110.7499924 -57.1250000 4.0117188
-110.9374924 -57.1562500 4.0078125
-110.5624924 -57.2187500 4.0117188
-110.5624924 -57.0937500 4.0000000
-110.4999924 -57.0937500 3.9960938
-109.8749924 -56.8125000 4.0000000
-110.1874924 -56.8750000 4.0039062
-109.4999924 -57.0625000 4.0000000
-109.6874924 -56.9375000 4.0039062
-108.9374924 -56.9375000 4.0078125
-108.6874924 -56.9687500 4.0039062
-107.9374924 -57.0000000 4.0195312
-107.6874924 -56.9687500 4.0234375
-106.6874924 -57.0625000 4.0273438
-106.2499924 -57.0625000 4.0312500
-106.9999924 -56.7812500 4.0351562
-105.6249924 -56.9687500 4.0390625
-106.2499924 -57.0312500 4.0351562
-106.0624924 -57.2187500 4.0351562
-105.6249924 -57.4687500 4.0351562
-105.3749924 -56.9687500 4.0351562
-105.6249924 -56.8750000 4.0273438
-106.3124924 -56.8125000 4.0156250
-105.6249924 -56.5000000 4.0156250
-105.7499924 -56.4375000 4.0078125
-105.6249924 -56.4375000 4.0117188
-103.9999924 -56.3437500 4.0351562
-105.3124924 -56.5000000 4.0195312
-104.8749924 -56.9375000 4.0351562
-104.9374924 -57.0625000 4.0546875
-103.9999924 -56.7500000 4.0625000
-103.8124924 -57.0000000 4.0351562
-103.4374924 -57.2187500 4.0429688
-103.6249924 -57.0000000 4.0429688
-102.4374924 -56.9062500 4.0429688
-102.6249924 -56.9687500 4.0585938
-102.6874924 -57.0937500 4.0429688
-101.8749924 -57.2187500 4.0507812
-102.1249924 -57.3437500 4.0507812
-102.2499924 -56.9375000 4.0703125
-101.9999924 -56.7187500 4.0820312
-101.3749924 -56.1250000 4.0820312
-100.2499924 -56.0000000 4.0937500
-101.1874924 -56.0000000 4.0898438
-100.8124924 -55.9062500 4.0820312
-101.2499924 -56.3750000 4.0820312
-100.9999924 -56.5937500 4.0937500
-100.6249924 -56.5625000 4.1171875
-100.5624924 -56.4687500 4.1093750
-100.3124924 -56.9375000 4.1015625
-100.4999924 -56.8750000 4.0976562
-100.6249924 -56.7500000 4.1054688
-98.9374924 -56.5625000 4.1171875
-99.8124924 -56.7500000 4.0976562
-99.2499924 -56.6250000 4.1093750
-99.0624924 -56.6250000 4.1171875
-98.9999924 -56.5937500 4.1132812
-98.6874924 -56.8125000 4.1210938
-97.7499924 -56.6250000 4.1289062
-97.3749924 -56.4062500 4.1523438
-97.3124924 -56.2187500 4.1640625
-97.3124924 -56.2500000 4.1601562
-97.1249924 -56.2187500 4.1640625
-96.6874924 -56.1875000 4.1640625
-96.4374924 -56.1875000 4.1679688
-96.1249924 -56.2187500 4.1757812
-95.6874924 -56.3750000 4.1640625
-95.8749924 -56.3125000 4.1679688
-95.9374924 -56.5312500 4.1718750
-94.8749924 -56.2812500 4.1718750
-94.4999924 -56.0625000 4.1601562
-94.4374924 -56.1875000 4.1601562
-94.4999924 -55.9375000 4.1601562
-93.7499924 -55.7812500 4.1640625
-93.1249924 -55.6562500 4.1601562
-93.4374924 -55.7187500 4.1523438
-92.9374924 -55.6250000 4.1445312
-92.3749924 -55.4687500 4.1289062
-91.8749924 -55.3437500 4.1250000
-91.6249924 -55.3125000 4.1171875
-91.6249924 -55.3750000 4.1171875
-91.4999924 -55.1875000 4.1093750
-91.1249924 -55.1875000 4.1093750
-90.9999924 -55.2812500 4.1054688
-90.3124924 -55.2500000 4.0859375
-90.5624924 -55.2500000 4.0898438
-90.9374924 -55.2812500 4.1015625
-89.9999924 -55.2187500 4.0820312
-89.5624924 -55.3437500 4.0585938
-89.3749924 -55.2187500 4.0546875
-89.1249924 -55.3437500 4.0390625
-88.7499924 -55.1250000 4.0468750
-88.8124924 -55.1250000 4.0507812
-88.7499924 -55.1875000 4.0468750
-88.5624924 -55.0937500 4.0351562
-87.8124924 -55.2500000 4.0273438
-87.7499924 -55.0000000 4.0195312
-88.1249924 -55.1562500 4.0390625
-86.9999924 -55.1250000 4.0195312
-87.4374924 -55.4687500 4.0156250
-87.3749924 -55.6250000 4.0195312
-87.3749924 -55.6250000 4.0117188
-86.4999924 -55.3750000 4.0039062
-86.2499924 -55.2500000 4.0000000
-87.1874924 -55.5000000 4.0039062
-85.7499924 -55.2500000 3.9882812
-84.8124924 -55.3750000 3.9726562
-83.8749924 -55.6562500 3.9570312
-83.4374924 -55.3750000 3.9531250
-83.7499924 -55.5312500 3.9609375
-82.9999924 -55.7187500 3.9375000
-82.8124924 -55.5937500 3.9375000
-82.6249924 -55.8125000 3.9375000
-82.6874924 -55.6875000 3.9531250
-82.1249924 -55.5000000 3.9296875
-82.9999924 -55.5312500 3.9492188
-82.2499924 -55.6250000 3.9335938
-82.6874924 -55.6250000 3.9453125
-82.7499924 -55.7187500 3.9570312
-82.3749924 -55.5312500 3.9453125
-81.1874924 -55.5625000 3.9375000
-81.3124924 -55.5312500 3.9375000
-81.1249924 -55.5312500 3.9218750
-79.9374924 -55.8437500 3.8984375
-79.8749924 -55.8750000 3.8906250
-79.7499924 -55.6875000 3.8886719
-80.4999924 -54.5000000 3.8886719
-79.2499924 -55.5937500 3.8847656
-78.2499924 -55.7812500 3.8867188
-78.7499924 -55.7187500 3.8945312
-79.1874924 -55.4375000 3.9062500
-78.9999924 -55.5312500 3.9140625
-78.4999924 -55.6875000 3.9023438
-78.7499924 -55.2500000 3.9218750
-77.9999924 -55.3750000 3.9140625
-77.3749924 -55.4375000 3.8945312
-77.3749924 -55.2500000 3.8984375
-76.8749924 -55.3125000 3.8984375
-76.4374924 -55.8437500 3.8613281
-76.3749924 -55.9687500 3.8593750
-76.1874924 -55.8125000 3.8593750
-76.0624924 -55.9687500 3.8476562
-76.0624924 -55.9062500 3.8281250
-75.7499924 -55.5937500 3.8281250
-75.9374924 -55.9062500 3.8164062
-75.9374924 -55.5625000 3.8085938
-75.3749924 -56.0625000 3.8242188
-75.1874924 -55.7187500 3.8105469
-74.9374924 -55.5312500 3.8027344
-74.9999924 -55.6562500 3.8222656
-75.4999924 -55.7812500 3.8476562
-74.4999924 -55.7812500 3.8242188
-74.5624924 -55.8750000 3.8125000
-73.6874924 -55.3125000 3.7968750
-74.4374924 -55.5625000 3.8242188
-73.3124924 -55.2812500 3.8046875
-73.3124924 -55.0937500 3.8066406
-73.3124924 -55.2187500 3.8007812
-73.5624924 -55.5937500 3.7968750
-73.4999924 -55.6875000 3.7929688
-73.2499924 -55.6562500 3.7812500
-72.4374924 -55.5000000 3.7539062
-72.8749924 -55.6875000 3.7753906
-71.3749924 -55.2812500 3.7246094
-71.8124924 -55.3437500 3.7246094
-71.4999924 -55.1875000 3.7109375
-72.3749924 -55.2500000 3.7343750
-71.7499924 -55.2812500 3.7285156
-70.8124924 -55.1250000 3.6992188
-70.4999924 -55.2500000 3.6640625
-70.0624924 -55.0000000 3.6757812
-69.7499924 -55.2500000 3.6484375
-69.6874924 -55.1562500 3.6699219
-68.9999924 -55.1562500 3.6523438
-69.9374924 -54.9062500 3.6738281
-68.8749924 -55.1562500 3.6445312
-68.9999924 -55.5000000 3.6582031
-69.3749924 -55.1875000 3.6855469
-69.5624924 -55.0937500 3.7011719
-68.5624924 -55.4062500 3.6660156
-67.6249924 -55.2812500 3.6250000
-67.7499924 -55.2500000 3.6328125
-67.8124924 -55.0625000 3.6250000
-66.9999924 -55.2187500 3.5878906
-66.8124924 -55.2812500 3.5898438
-66.9999924 -55.1562500 3.5898438
-66.4999924 -55.3437500 3.5898438
-67.0624924 -55.4687500 3.5957031
-67.3749924 -55.3437500 3.5996094
-65.9999924 -55.2500000 3.5468750
-65.6874924 -55.4375000 3.5664062
-65.0624924 -55.4062500 3.5390625
-65.3124924 -55.3750000 3.5429688
-65.0624924 -55.1250000 3.5312500
-64.8749924 -55.1875000 3.5390625
-63.9374924 -55.4062500 3.5156250
-64.7499924 -55.3750000 3.5332031
-64.1249924 -55.2812500 3.5312500
-63.7499924 -55.5625000 3.5039062
-63.4999924 -55.2500000 3.4960938
-63.8749924 -55.2500000 3.5039062
-62.5937424 -55.1250000 3.4687500
-62.4999924 -55.0937500 3.4687500
-62.8124924 -55.2500000 3.4843750
-63.5624924 -55.2187500 3.5000000
-62.6249924 -55.2500000 3.4726562
-62.5624924 -55.3437500 3.4726562
-62.7187424 -55.0312500 3.4804688
-62.0937424 -55.1250000 3.4628906
-60.9374924 -55.0312500 3.4277344
-59.9999924 -55.0937500 3.4023438
-60.4062424 -54.9375000 3.4140625
-59.5937424 -55.0312500 3.3867188
-58.9999924 -55.0000000 3.3750000
-60.1874924 -55.2187500 3.4062500
-58.7187424 -54.9375000 3.3632812
-58.6874924 -55.0000000 3.3632812
-59.1874924 -55.1562500 3.3691406
-56.6874924 -54.9375000 3.3203125
-58.7812424 -55.0312500 3.3671875
-57.9062424 -54.9062500 3.3378906
-57.3124924 -55.2500000 3.3359375
-57.3437424 -55.0625000 3.3261719
-56.2187424 -55.0312500 3.3164062
-56.9999924 -54.9687500 3.3437500
-56.4687424 -54.9375000 3.3281250
-55.7187424 -54.7500000 3.3066406
-55.8437424 -54.6250000 3.3164062
-55.2499924 -54.8750000 3.2812500
-55.5937424 -54.9062500 3.2968750
-54.5624924 -54.8750000 3.2734375
-54.1249924 -54.8125000 3.2695312
-53.4999924 -54.8750000 3.2539062
-52.4687424 -55.0937500 3.2382812
-53.6874924 -55.2187500 3.2812500
-53.4374924 -55.6250000 3.2871094
-53.6249924 -56.5625000 3.3437500
-51.9999924 -55.8750000 3.2656250
-51.9687424 -55.2187500 3.2304688
-53.1249924 -55.1875000 3.2539062
-51.1562424 -55.0625000 3.2187500
-51.7187424 -55.1250000 3.2304688
-51.8437424 -55.3125000 3.2187500
-52.0312424 -56.1875000 3.2343750
-53.1562424 -56.0625000 3.2636719
-51.0312424 -56.0000000 3.2167969
-51.7812424 -56.3125000 3.2324219
-51.5624924 -55.9062500 3.2265625
-50.5937424 -55.9375000 3.1972656
-50.7187424 -56.0937500 3.2070312
-50.9687424 -56.1562500 3.2011719
-50.3437424 -55.4062500 3.1953125
-49.9999924 -55.2500000 3.2089844
-49.5624924 -55.2812500 3.1875000
-48.5624924 -55.5937500 3.1855469
-47.9687424 -55.6562500 3.1835938
-47.2812424 -55.3437500 3.1601562
-48.6249924 -55.5625000 3.1875000
-47.6874924 -55.2187500 3.1542969
-47.7812424 -55.3437500 3.1640625
-47.7499924 -55.3750000 3.1523438
-47.7187424 -55.4375000 3.1562500
-46.8124924 -55.2187500 3.1406250
-46.6874924 -55.4375000 3.1289062
-46.9062424 -55.3437500 3.1386719
-45.5624924 -55.3437500 3.1152344
-47.1249924 -56.6250000 3.1640625
-46.0937424 -55.3125000 3.1230469
-45.0937424 -55.3750000 3.1093750
-45.8749924 -55.4687500 3.1250000
-45.6249924 -55.0937500 3.1210938
-44.9999924 -55.1562500 3.1132812
-44.5937424 -55.0312500 3.1132812
-43.8749924 -55.4375000 3.0976562
-43.6249924 -55.2500000 3.0957031
-44.2499924 -55.3750000 3.1113281
-42.3749924 -55.4062500 3.0703125
-42.9062424 -55.3750000 3.0781250
-42.4687424 -55.3125000 3.0742188
-41.7812424 -55.4375000 3.0605469
-40.7499924 -55.5937500 3.0468750
-40.0937424 -55.6562500 3.0312500
-40.1562424 -55.4062500 3.0273438
-42.0312424 -55.5000000 3.0585938
-40.1874924 -55.6250000 3.0156250
-39.3124924 -55.9687500 3.0039062
-40.2499924 -55.8125000 3.0195312
-39.4374924 -55.7500000 3.0078125
-38.6874924 -55.6875000 2.9902344
-39.8437424 -55.2812500 3.0117188
-37.4374924 -55.7500000 2.9531250
-39.6874924 -55.5937500 3.0078125
-39.1249924 -55.5312500 3.0078125
-38.4687424 -55.6875000 2.9921875
-38.4687424 -55.5312500 2.9882812
-38.7499924 -55.6562500 2.9882812
-38.4687424 -55.7187500 2.9980469
-37.4062424 -55.3750000 2.9726562
-37.3749924 -55.7500000 2.9804688
-38.5624924 -55.6250000 2.9921875
-36.9062424 -55.6875000 2.9570312
-37.6874924 -55.3125000 2.9804688
-38.5624924 -55.5000000 3.0078125
-37.5937424 -55.6562500 2.9765625
-36.7812424 -55.6875000 2.9687500
-33.1874924 -55.5000000 2.9121094
-54.1249924 -81.5000000 3.0546875
-22.0000000 -50.8437500 2.5390625
-53.2499924 -71.5625000 2.9453125
-31.1562424 -57.9375000 2.7070312
-24.0468674 -53.1562500 2.6562500
-30.5781174 -54.9687500 2.8144531
-33.3749924 -55.3437500 2.9023438
-34.0624924 -55.2500000 2.9296875
-36.6562424 -55.5312500 2.9785156
-36.4374924 -55.2812500 2.9570312
-35.4687424 -55.1875000 2.9414062
-33.4374924 -55.5625000 2.9023438
-34.7187424 -55.7812500 2.9238281
-33.7812424 -55.8750000 2.8808594
-34.7812424 -55.9375000 2.9140625
-32.9374924 -55.7500000 2.8710938
-34.1249924 -55.4062500 2.9082031
-36.8749924 -55.1562500 2.9609375
-34.8124924 -55.2812500 2.9179688
-35.9062424 -55.5937500 2.9589844
-35.9999924 -55.4062500 2.9511719
-35.9062424 -55.8125000 2.9648438
-35.1874924 -56.0625000 2.9531250
-35.8749924 -55.9375000 2.9570312
-35.8749924 -55.7812500 2.9609375
-34.9687424 -55.7500000 2.9394531
-36.5312424 -55.9062500 2.9765625
-35.5624924 -55.8437500 2.9511719
-35.6249924 -55.5000000 2.9570312
-36.2187424 -55.1875000 2.9570312
-36.7499924 -55.4062500 2.9726562
-36.1249924 -55.5000000 2.9531250
-34.8749924 -55.3750000 2.9335938
-35.4374924 -55.6875000 2.9394531
-35.9374924 -55.2812500 2.9648438
-35.9374924 -55.5312500 2.9375000
-35.1562424 -55.6250000 2.9414062
-36.3749924 -55.1875000 2.9570312
-34.9374924 -55.5312500 2.9160156
-34.9374924 -55.3125000 2.9257812
-35.2499924 -55.5937500 2.9238281
-36.1562424 -55.4375000 2.9589844
-35.9687424 -55.4062500 2.9531250
-36.4062424 -55.3750000 2.9453125
-35.8124924 -55.2187500 2.9355469
-35.6249924 -55.5000000 2.9335938
-36.5312424 -55.5312500 2.9609375
-36.0624924 -54.9062500 2.9531250
-34.1874924 -54.5000000 2.8984375
-35.7187424 -54.9687500 2.9296875
-33.8749924 -54.1250000 2.8945312
-33.8749924 -54.3437500 2.8964844
-32.8124924 -54.6875000 2.8945312
-34.9687424 -54.6562500 2.9257812
-34.6874924 -55.0000000 2.9257812
-35.9687424 -55.7812500 2.9375000
-34.1249924 -55.7500000 2.9218750
-35.2812424 -55.5000000 2.9335938
-35.0624924 -55.5625000 2.9375000
-34.8124924 -55.4062500 2.9277344
-34.4374924 -55.8125000 2.9277344
-32.7812424 -55.5625000 2.9003906
-33.3124924 -55.8750000 2.9023438
-34.7187424 -55.4687500 2.9296875
-35.9374924 -55.7187500 2.9492188
-33.7499924 -55.8750000 2.8964844
-34.9999924 -55.8125000 2.9355469
-34.5937424 -55.5000000 2.9179688
-34.7499924 -55.7500000 2.9179688
-33.7187424 -55.7812500 2.8828125
-32.7812424 -55.4062500 2.8867188
-35.4374924 -55.5937500 2.9335938
-34.6562424 -55.6250000 2.9101562
-34.7187424 -55.4687500 2.9179688
-33.9687424 -55.6875000 2.8964844
-34.7499924 -55.8750000 2.9140625
-31.1562424 -55.8437500 2.8535156
-33.6874924 -55.6562500 2.8906250
-32.8124924 -55.6875000 2.8789062
-32.5624924 -55.5000000 2.8906250
-34.2812424 -55.5312500 2.9179688
-34.8124924 -55.6250000 2.9179688
-32.8437424 -55.3750000 2.9023438
-32.8749924 -55.5312500 2.8789062
-30.0624924 -54.6562500 2.8281250
-32.3124924 -55.7812500 2.8808594
-30.8437424 -55.3125000 2.8359375
-31.7187424 -55.4062500 2.8359375
-26.7968674 -55.1875000 2.7480469
-32.8437424 -55.5000000 2.8613281
-33.8749924 -55.2500000 2.9003906
-30.9374924 -55.7187500 2.8339844
-31.6249924 -55.6562500 2.8437500
-31.3124924 -55.8750000 2.8476562
-31.6874924 -55.4375000 2.8554688
-31.3749924 -55.5937500 2.8515625
-30.4843674 -55.6250000 2.8359375
-32.0937424 -54.2500000 2.8613281
-31.5312424 -55.5000000 2.8710938
-31.1562424 -55.0625000 2.8535156
-21.1406250 -53.8125000 2.6738281
-32.4062424 -54.6250000 2.8671875
-32.0312424 -54.7500000 2.8593750
-30.0156174 -54.5937500 2.8281250
-30.2499924 -55.5312500 2.8496094
-30.7343674 -55.2500000 2.8554688
-31.2499924 -55.0000000 2.8789062
-30.5624924 -55.7500000 2.8496094
-31.1249924 -55.7187500 2.8476562
-33.4062424 -55.5000000 2.8828125
-31.6249924 -55.7812500 2.8613281
-32.1562424 -55.6250000 2.8515625
-30.1562424 -55.5312500 2.8164062
-29.8749924 -55.6562500 2.8105469
-32.0937424 -55.5937500 2.8476562
-30.5468674 -55.7500000 2.8125000
-29.3749924 -55.6875000 2.8085938
-30.4687424 -55.6875000 2.8281250
-28.8124924 -55.8125000 2.7890625
-26.7499924 -55.8750000 2.7539062
-30.5156174 -55.5312500 2.8496094
-30.2187424 -55.5625000 2.8183594
-29.4218674 -55.8437500 2.8085938
-28.4531174 -55.6250000 2.7812500
-29.2187424 -55.9375000 2.7968750
-29.7187424 -55.8125000 2.8339844
-31.3749924 -55.5312500 2.8476562
-29.8281174 -55.6250000 2.8261719
-31.0937424 -55.5937500 2.8496094
-26.9531174 -55.9375000 2.7441406
-29.7968674 -55.5312500 2.8203125
-32.4999924 -55.9062500 2.8867188
-24.2343674 -55.3125000 2.7011719
-29.2343674 -55.6562500 2.7910156
-29.5312424 -55.5937500 2.8007812
-29.8593674 -55.1562500 2.8007812
-29.5312424 -55.5625000 2.7988281
-28.6562424 -55.6250000 2.7792969
-28.5781174 -56.0312500 2.7910156
-28.0937424 -56.0000000 2.7773438
-26.2343674 -55.4062500 2.7539062
-24.3437424 -55.6875000 2.6953125
-28.0312424 -55.7187500 2.7617188
-26.3593674 -55.6250000 2.7421875
-30.1562424 -55.5000000 2.8105469
-28.1406174 -55.2812500 2.7617188
-26.5624924 -55.5625000 2.7558594
-27.5468674 -55.3437500 2.7597656
-26.8906174 -55.5312500 2.7460938
-24.7499924 -55.0312500 2.7187500
-24.0156174 -54.8437500 2.6796875
-23.1875000 -54.9062500 2.6679688
-24.9843674 -54.7500000 2.7050781
-22.3750000 -54.6562500 2.6660156
-24.2187424 -54.4687500 2.6816406
-22.8593750 -54.0625000 2.6640625
-21.5000000 -52.3750000 2.6425781
-7.6796875 -37.9687500 1.8339844
-38.9062424 -40.6250000 1.9472656
-25.9687424 -45.6250000 1.8388672
-19.7656250 -51.8125000 2.5957031
-20.4062500 -54.1875000 2.6464844
-20.2500000 -55.9062500 2.6406250
-22.2343750 -55.0312500 2.6601562
-21.7500000 -54.9062500 2.6406250
-24.6874924 -55.1875000 2.7011719
-22.2812500 -54.6562500 2.6503906
-21.9531250 -53.9375000 2.6347656
-21.5781250 -54.7187500 2.6542969
-26.2031174 -53.8750000 2.7480469
-26.3124924 -54.8125000 2.7128906
-21.8593750 -55.1875000 2.6484375
-21.9843750 -55.4375000 2.6484375
-25.5468674 -55.6562500 2.7285156
-23.8281174 -55.5312500 2.6757812
-20.6562500 -55.5937500 2.6542969
-20.0468750 -55.3750000 2.6308594
-22.4218750 -55.2500000 2.6738281
-22.1406250 -55.4062500 2.6582031
-22.5312500 -55.7500000 2.6660156
-19.6093750 -55.2500000 2.6289062
-21.7031250 -55.5625000 2.6542969
-19.8750000 -55.1250000 2.6132812
-17.5312500 -55.2500000 2.5781250
-19.5781250 -54.6250000 2.5976562
-19.6250000 -54.9062500 2.6035156
-18.3281250 -54.5000000 2.5839844
-20.1406250 -54.7812500 2.6035156
-16.8750000 -55.2500000 2.5644531
-18.5781250 -54.8125000 2.5898438
-18.9218750 -54.4687500 2.5839844
-16.7343750 -55.1250000 2.5781250
-17.0937500 -55.0312500 2.5703125
-17.9531250 -55.0000000 2.5781250
-17.4531250 -55.2187500 2.5781250
-16.7500000 -55.2812500 2.5820312
-16.2187500 -55.5000000 2.5781250
-15.8359375 -55.1875000 2.5683594
-15.0234375 -55.4062500 2.5703125
-18.5000000 -54.9375000 2.5976562
-14.2343750 -55.3125000 2.5722656
-15.9609375 -55.3437500 2.5742188
-15.3515625 -55.0937500 2.5585938
-13.1718750 -55.0937500 2.5546875
-14.7109375 -55.0937500 2.5546875
-15.5859375 -55.0312500 2.5644531
-14.6171875 -55.0625000 2.5605469
-13.0390625 -55.2500000 2.5527344
-13.5000000 -55.2812500 2.5507812
-13.5312500 -55.1562500 2.5546875
-13.9765625 -55.2812500 2.5390625
-14.9296875 -54.7812500 2.5292969
-13.2031250 -54.6562500 2.5214844
-13.0312500 -54.7187500 2.5351562
-12.6015625 -54.9375000 2.5429688
-12.7187500 -55.0937500 2.5488281
-12.3515625 -54.9375000 2.5488281
-12.5625000 -55.0312500 2.5507812
-11.4453125 -54.6250000 2.5468750
-10.7734375 -54.5625000 2.5527344
-8.6718750 -54.8750000 2.5351562
-11.5546875 -55.0312500 2.5644531
-8.3984375 -54.8750000 2.5273438
-10.9609375 -54.6875000 2.5449219
-9.2031250 -54.7812500 2.5351562
-9.8359375 -55.2500000 2.5292969
-9.2578125 -55.0312500 2.5156250
-10.3359375 -54.8125000 2.5175781
-8.1484375 -55.1562500 2.5312500
-8.4140625 -54.6875000 2.5136719
-8.4687500 -55.0000000 2.5332031
-6.7734375 -54.8437500 2.5039062
-6.8984375 -55.0937500 2.5058594
-7.5703125 -54.9062500 2.5175781
-6.6484375 -54.9375000 2.5156250
-5.9218750 -54.9062500 2.5058594
-6.7890625 -54.8437500 2.5000000
-7.0000000 -55.0312500 2.5039062
-6.0468750 -55.0312500 2.4882812
-6.1640625 -55.3125000 2.4980469
-4.4453125 -55.0625000 2.4863281
-3.7832031 -55.0000000 2.4707031
-4.6484375 -55.3437500 2.4941406
-4.8984375 -55.1562500 2.4960938
-4.2812500 -54.7812500 2.4804688
-3.2207031 -55.0625000 2.4687500
-2.9746094 -54.9375000 2.4589844
-2.8847656 -55.0625000 2.4628906
-2.6679688 -54.9062500 2.4492188
-2.4804688 -54.7812500 2.4453125
-2.0742188 -55.0625000 2.4414062
-1.9082031 -54.6250000 2.4335938
-2.0937500 -55.4062500 2.4531250
-2.0859375 -55.5000000 2.4492188
-1.0800781 -54.6562500 2.4140625
-1.4687500 -55.1562500 2.4316406
-1.5273438 -54.8750000 2.4355469
-0.2832031 -54.9375000 2.4199219
-0.2871094 -55.0312500 2.4179688
0.1533203 -54.8125000 2.4003906
0.2382812 -54.7812500 2.4023438
1.0683594 -55.0312500 2.3906250
0.5698242 -55.4375000 2.4101562
0.8447266 -55.0625000 2.3984375
1.0341797 -54.8437500 2.3847656
1.4414062 -55.1875000 2.3945312
1.8691406 -54.8125000 2.3671875
1.7988281 -54.8125000 2.3730469
2.8476562 -54.8437500 2.3398438
2.6054688 -54.7187500 2.3574219
3.0117188 -54.7500000 2.3476562
3.0859375 -54.2187500 2.3515625
3.2031250 -54.3750000 2.3535156
3.9257812 -54.7187500 2.3320312
2.7929688 -55.1562500 2.3613281
3.3203125 -55.1875000 2.3457031
3.0292969 -55.1562500 2.3535156
3.4199219 -55.3125000 2.3476562
4.0117188 -55.4062500 2.3398438
4.1640625 -55.0625000 2.3242188
4.3906250 -55.1562500 2.3281250
4.2968750 -55.3125000 2.3398438
5.3203125 -55.0312500 2.3085938
5.6015625 -55.2500000 2.3007812
4.8750000 -55.2500000 2.3144531
6.2890625 -55.1562500 2.2929688
5.9687500 -55.3437500 2.3007812
6.3046875 -55.0937500 2.2871094
7.0859375 -55.1250000 2.2656250
7.4843750 -55.0625000 2.2500000
7.4218750 -55.1875000 2.2558594
7.5312500 -55.1562500 2.2539062
7.4140625 -55.1562500 2.2519531
8.1093750 -54.8750000 2.2265625
8.7500000 -54.9375000 2.2167969
8.8046875 -54.9687500 2.2128906
8.2265625 -54.7812500 2.2285156
8.9843750 -54.6875000 2.2050781
8.9921875 -54.7812500 2.2011719
9.0468750 -54.6562500 2.2031250
9.5156250 -54.5000000 2.1796875
9.7656250 -54.3437500 2.1660156
9.8437500 -54.4062500 2.1660156
10.2187500 -54.5000000 2.1718750
9.9687500 -54.6562500 2.1816406
10.0781250 -54.7187500 2.1835938
10.6250000 -54.7812500 2.1777344
10.9843750 -54.8750000 2.1738281
11.1718750 -54.5312500 2.1660156
11.6562500 -54.5000000 2.1542969
11.4375000 -54.8750000 2.1601562
12.9921875 -53.0312500 2.1445312
12.2578125 -54.3125000 2.1484375
11.9296875 -54.1875000 2.1699219
12.3046875 -53.2812500 2.1582031
12.5234375 -51.3125000 2.1445312
12.5625000 -53.0312500 2.1562500
12.3984375 -53.6250000 2.1582031
13.3281250 -54.5937500 2.1328125
14.2500000 -54.9375000 2.0976562
12.9218750 -54.4062500 2.1347656
13.1015625 -54.4375000 2.1210938
13.5234375 -54.4062500 2.1113281
14.0703125 -54.3750000 2.0957031
14.5703125 -54.3750000 2.0859375
15.3828125 -54.4375000 2.0683594
14.7812500 -54.5937500 2.0859375
14.6093750 -54.6250000 2.0917969
15.4453125 -54.3437500 2.0703125
15.3828125 -54.2812500 2.0820312
15.1640625 -54.3750000 2.0800781
15.8437500 -54.5000000 2.0625000
15.5703125 -54.5312500 2.0683594
15.7890625 -54.3750000 2.0644531
16.3281250 -54.4687500 2.0625000
15.9453125 -54.5312500 2.0664062
16.4531250 -54.7500000 2.0722656
16.5156250 -54.5000000 2.0585938
16.2812500 -54.6562500 2.0605469
16.3906250 -54.7812500 2.0546875
16.9843750 -54.8750000 2.0449219
17.5000000 -55.5000000 2.0605469
17.1250000 -55.8125000 2.0800781
18.5312500 -56.0625000 2.0761719
19.0312500 -55.8437500 2.0781250
19.2656250 -56.1562500 2.0917969
19.1718750 -56.2812500 2.0937500
20.0781250 -56.7187500 2.0859375
20.3437500 -57.8437500 2.1074219
20.2500000 -57.2500000 2.0976562
20.3906250 -57.7500000 2.1015625
20.7187500 -57.8125000 2.0996094
20.8125000 -57.6875000 2.0898438
20.5937500 -58.1250000 2.1015625
19.9843750 -56.2187500 2.0742188
21.2500000 -57.8125000 2.0898438
21.7968750 -58.2500000 2.0937500
22.2656250 -58.1875000 2.0917969
22.3593750 -58.3125000 2.0976562
22.6875000 -59.1875000 2.1054688
23.8125000 -59.7812500 2.1347656
23.4218750 -59.5937500 2.1328125
23.2343750 -59.7500000 2.1347656
22.7812500 -60.5312500 2.1679688
23.0781250 -59.7500000 2.1562500
23.5468750 -59.8437500 2.1640625
22.8593750 -60.4062500 2.1816406
24.1406250 -60.4062500 2.1953125
23.1093750 -60.6562500 2.1972656
23.8281250 -60.9062500 2.2031250
23.7812500 -61.7812500 2.2187500
23.5312500 -61.7500000 2.2363281
23.5937500 -61.8437500 2.2265625
23.7187500 -62.2187500 2.2265625
23.6250000 -62.5000000 2.2343750
23.3125000 -62.5625000 2.2519531
23.4375000 -62.3125000 2.2343750
23.2500000 -63.4062500 2.2617188
23.6875000 -63.9062500 2.2753906
23.7812500 -63.5625000 2.2636719
23.4062500 -63.7500000 2.2753906
23.7656250 -63.5000000 2.2578125
23.8125000 -64.2500000 2.2773438
23.5312500 -63.7812500 2.2675781
24.1093750 -65.1875000 2.2851562
23.6875000 -64.3750000 2.2734375
23.3906250 -65.8125000 2.3007812
23.9531250 -64.7500000 2.2851562
23.6718750 -65.7500000 2.2890625
23.6250000 -65.2500000 2.2871094
24.0000000 -65.2500000 2.2929688
24.0625000 -66.3125000 2.2968750
23.8750000 -65.6875000 2.2949219
24.4375000 -66.1250000 2.2929688
23.8593750 -66.1250000 2.3027344
24.7968750 -66.5625000 2.2832031
24.0625000 -66.9375000 2.2812500
24.8906250 -66.3125000 2.2890625
24.3750000 -66.8125000 2.3125000
24.1562500 -68.4375000 2.3300781
24.6562500 -68.8125000 2.3261719
24.9843750 -69.0625000 2.3281250
23.5000000 -70.5000000 2.3437500
23.7343750 -70.2500000 2.3417969
23.6718750 -71.1875000 2.3632812
23.6718750 -70.3125000 2.3476562
23.5937500 -71.0625000 2.3515625
23.8125000 -72.3125000 2.3554688
24.0781250 -71.0625000 2.3457031
23.5156250 -72.5625000 2.3691406
23.6562500 -73.1875000 2.3691406
23.3750000 -72.3750000 2.3593750
24.3125000 -72.1250000 2.3515625
23.0781250 -72.4375000 2.3593750
22.8125000 -72.4375000 2.3515625
23.3750000 -71.7500000 2.3496094
23.4218750 -74.8125000 2.3632812
22.8437500 -73.9375000 2.3574219
23.5625000 -74.6875000 2.3593750
23.0000000 -75.3125000 2.3691406
23.1562500 -74.6875000 2.3593750
23.0625000 -77.1250000 2.3789062
23.1562500 -76.0000000 2.3710938
23.0000000 -77.1250000 2.3769531
22.5937500 -76.3750000 2.3750000
23.0937500 -77.5000000 2.3867188
22.9375000 -77.3750000 2.3769531
22.7343750 -77.7500000 2.3828125
22.6406250 -77.9375000 2.3906250
22.7187500 -78.2500000 2.3886719
22.4218750 -78.5625000 2.3867188
22.3593750 -77.5625000 2.3750000
22.5937500 -77.9375000 2.3808594
22.1250000 -78.0625000 2.3867188
22.2031250 -79.3750000 2.3964844
22.1406250 -80.0000000 2.4042969
21.8281250 -78.6250000 2.3847656
22.0468750 -79.4375000 2.3984375
21.8750000 -80.6875000 2.4062500
21.8906250 -79.0625000 2.3964844
22.1562500 -78.3750000 2.3828125
21.7343750 -81.6875000 2.4101562
21.5468750 -82.5000000 2.4277344
21.9531250 -80.5000000 2.4042969
21.6875000 -81.3125000 2.4160156
21.4843750 -80.7500000 2.4082031
21.7187500 -81.6250000 2.4179688
21.4062500 -82.3125000 2.4218750
21.7812500 -82.1875000 2.4218750
22.0625000 -81.6250000 2.4218750
21.5625000 -82.3750000 2.4238281
21.6093750 -83.1250000 2.4316406
21.4531250 -83.3125000 2.4394531
21.2968750 -84.6250000 2.4472656
21.2500000 -85.1875000 2.4570312
21.4687500 -83.6875000 2.4394531
21.6406250 -84.3750000 2.4511719
21.7500000 -84.3125000 2.4453125
21.4375000 -85.6250000 2.4570312
21.2031250 -86.0625000 2.4628906
21.5781250 -84.8125000 2.4531250
21.5312500 -86.5625000 2.4648438
21.0625000 -86.5000000 2.4667969
21.0781250 -87.6875000 2.4804688
21.1093750 -88.5625000 2.4882812
21.0000000 -87.6250000 2.4863281
21.2343750 -86.8750000 2.4707031
20.6718750 -88.5625000 2.4921875
21.0312500 -88.3125000 2.4921875
20.7812500 -88.9375000 2.4941406
20.9062500 -88.4375000 2.4902344
20.8281250 -89.3125000 2.5019531
20.8593750 -90.1250000 2.5000000
20.7656250 -89.5000000 2.4941406
20.9687500 -90.8750000 2.5136719
20.8906250 -90.7500000 2.5078125
20.9375000 -90.0625000 2.5000000
20.8281250 -91.1875000 2.5078125
20.9531250 -91.3750000 2.5117188
20.9062500 -92.0000000 2.5195312
20.9218750 -92.7500000 2.5273438
20.9375000 -92.1875000 2.5273438
20.9843750 -93.8125000 2.5351562
20.7031250 -92.1250000 2.5214844
20.9531250 -93.1875000 2.5410156
20.8437500 -93.6875000 2.5429688
20.8437500 -94.0000000 2.5507812
20.9062500 -93.8750000 2.5429688
20.9531250 -94.6250000 2.5488281
21.0468750 -94.1250000 2.5488281
21.0781250 -93.1875000 2.5292969
20.9687500 -94.1875000 2.5312500
20.9218750 -95.1875000 2.5468750
21.0000000 -95.2500000 2.5546875
20.7968750 -94.3125000 2.5449219
21.1875000 -95.6875000 2.5605469
21.1406250 -96.6875000 2.5625000
21.2656250 -96.5625000 2.5605469
21.2812500 -96.1875000 2.5625000
21.4062500 -96.8125000 2.5722656
21.2968750 -95.6875000 2.5507812
21.5468750 -97.5625000 2.5781250
21.2968750 -96.8125000 2.5703125
21.4218750 -97.9375000 2.5820312
21.6562500 -98.4375000 2.5820312
21.6718750 -98.5625000 2.5820312
22.0156250 -99.4375000 2.5917969
21.5937500 -98.6250000 2.5800781
22.0156250 -99.7500000 2.5859375
21.6875000 -98.6875000 2.5781250
22.2031250 -100.3125000 2.5917969
22.1718750 -100.4375000 2.5859375
21.8750000 -99.6875000 2.5839844
22.7187500 -101.3125000 2.6035156
22.5156250 -101.1250000 2.5976562
22.3437500 -100.9375000 2.5937500
22.4062500 -100.8125000 2.5878906
22.8125000 -101.7500000 2.6015625
22.9218750 -101.9375000 2.5976562
22.8437500 -102.0000000 2.6035156
23.0781250 -102.8125000 2.6093750
23.2812500 -103.1875000 2.6152344
23.9375000 -104.3750000 2.6191406
23.5156250 -103.3125000 2.6093750
23.8906250 -104.2500000 2.6191406
24.0312500 -104.2500000 2.6152344
23.9687500 -104.1250000 2.6171875
24.6875000 -105.3750000 2.6250000
24.1093750 -104.5000000 2.6093750
24.2656250 -104.6250000 2.6152344
24.5468750 -105.0625000 2.6230469
24.9843750 -106.0625000 2.6328125
24.6718750 -105.5000000 2.6250000
24.9531250 -106.0000000 2.6328125
24.8593750 -106.2500000 2.6386719
24.9531250 -106.1875000 2.6386719
25.4531250 -107.3125000 2.6562500
25.0625000 -106.2500000 2.6425781
25.1093750 -106.6250000 2.6484375
25.5468750 -107.5000000 2.6601562
25.6250000 -107.7500000 2.6679688
26.2656250 -108.8750000 2.6816406
25.8437500 -108.1250000 2.6738281
25.9218750 -108.3125000 2.6855469
25.9218750 -108.3125000 2.6796875
26.4687500 -109.1250000 2.6914062
27.0312500 -110.5000000 2.7070312
27.0312500 -110.1250000 2.6914062
27.5000000 -110.8125000 2.7148438
26.7656250 -109.9375000 2.6953125
26.9218750 -110.1875000 2.6777344
26.8281250 -109.8750000 2.6738281
28.2500000 -112.0000000 2.7148438
27.4062500 -111.5625000 2.7265625
27.5937500 -112.0000000 2.7500000
27.7812500 -112.0000000 2.7421875
27.5468750 -111.5000000 2.7343750
27.5000000 -112.0000000 2.7421875
27.3125000 -111.6875000 2.7343750
28.3593750 -114.1250000 2.7753906
28.4218750 -113.9375000 2.7675781
28.8281250 -114.6875000 2.7792969
28.4062500 -114.5000000 2.7812500
28.0312500 -113.4375000 2.7578125
28.5468750 -115.7500000 2.8007812
28.7031250 -115.3750000 2.7910156
28.2656250 -114.6250000 2.7832031
28.7187500 -115.3750000 2.7832031
29.1093750 -116.7500000 2.7636719
29.0625000 -117.3125000 2.7773438
28.4687500 -115.2500000 2.7851562
28.6562500 -115.9375000 2.8007812
29.0156250 -116.9375000 2.8046875
29.0468750 -116.6875000 2.8007812
29.1093750 -116.6875000 2.7968750
28.7968750 -117.1250000 2.8105469
29.0000000 -117.5000000 2.8164062
29.3437500 -118.1875000 2.8281250
29.5781250 -119.1875000 2.8261719
29.3125000 -118.1250000 2.8222656
29.0156250 -118.0625000 2.8164062
28.8437500 -118.3750000 2.8222656
29.1875000 -118.8125000 2.8281250
29.0781250 -118.7500000 2.8222656
29.4062500 -118.8125000 2.8261719
29.4843750 -119.1250000 2.8222656
29.6875000 -119.8750000 2.8300781
29.6562500 -120.4375000 2.8378906
29.4375000 -119.6250000 2.8320312
29.3125000 -120.0000000 2.8339844
29.8437500 -120.4375000 2.8378906
29.5468750 -120.5625000 2.8378906
29.7968750 -121.5625000 2.8398438
30.2031250 -121.9375000 2.8437500
29.7812500 -121.4375000 2.8437500
30.2500000 -122.2500000 2.8476562
29.9062500 -122.1250000 2.8417969
30.0312500 -123.0000000 2.8476562
29.9687500 -121.6875000 2.8437500
30.3125000 -122.6250000 2.8476562
30.1406250 -123.6875000 2.8515625
30.0781250 -123.5625000 2.8515625
30.0000000 -124.3125000 2.8515625
30.4843750 -123.6250000 2.8515625
30.7343750 -126.2500000 2.8496094
30.8593750 -126.4375000 2.8593750
30.4531250 -124.3750000 2.8437500
30.5468750 -126.7500000 2.8535156
30.9531250 -127.1875000 2.8574219
30.5625000 -126.8750000 2.8554688
30.6093750 -127.3750000 2.8515625
31.1875000 -127.1250000 2.8554688
30.5312500 -127.3750000 2.8476562
30.9843750 -127.8750000 2.8613281
31.1406250 -128.5000000 2.8613281
31.0625000 -129.1250000 2.8632812
31.0000000 -129.0000000 2.8632812
31.0937500 -129.2500000 2.8632812
30.9218750 -128.2500000 2.8632812
31.0000000 -129.1250000 2.8593750
31.1250000 -129.5000000 2.8574219
30.9687500 -128.3750000 2.8554688
30.9531250 -129.7500000 2.8554688
31.5312500 -130.5000000 2.8613281
31.2812500 -130.6250000 2.8671875
31.2812500 -131.2500000 2.8671875
31.4843750 -132.0000000 2.8632812
31.1093750 -131.1250000 2.8535156
31.3593750 -131.6250000 2.8652344
31.3125000 -132.3750000 2.8710938
31.3437500 -132.5000000 2.8691406
31.6093750 -131.8750000 2.8671875
31.3593750 -132.0000000 2.8710938
31.4687500 -132.0000000 2.8710938
31.5468750 -133.3750000 2.8750000
31.3750000 -133.2500000 2.8574219
31.4062500 -133.1250000 2.8671875
31.5312500 -133.3750000 2.8691406
31.6875000 -133.1250000 2.8750000
31.8125000 -133.3750000 2.8867188
31.6250000 -134.3750000 2.8808594
31.5937500 -134.7500000 2.8828125
31.8125000 -134.1250000 2.8867188
31.2656250 -134.0000000 2.8828125
31.5312500 -135.1250000 2.8925781
31.2031250 -134.2500000 2.8925781
31.4687500 -135.0000000 2.8964844
31.3125000 -135.3750000 2.8886719
31.7656250 -136.2500000 2.8906250
31.7031250 -136.8750000 2.8828125
31.6562500 -137.1250000 2.8906250
31.5625000 -136.5000000 2.8828125
31.3750000 -137.2500000 2.8925781
32.0625000 -138.7500000 2.8828125
31.7031250 -137.8750000 2.8906250
31.4218750 -138.1250000 2.9003906
31.6093750 -137.8750000 2.8925781
31.8125000 -138.5000000 2.8964844
31.8906250 -139.0000000 2.8964844
31.8125000 -139.1250000 2.8984375
31.7812500 -139.2500000 2.8925781
31.6718750 -139.1250000 2.8906250
31.9375000 -139.7500000 2.9023438
31.9375000 -141.1250000 2.9023438
31.7812500 -140.1250000 2.9003906
31.9375000 -140.6250000 2.9042969
31.7031250 -139.8750000 2.8984375
31.8281250 -141.1250000 2.9062500
31.8125000 -141.1250000 2.9062500
31.7656250 -141.6250000 2.9101562
31.9687500 -141.7500000 2.9140625
31.7968750 -141.6250000 2.9160156
32.1875000 -142.3750000 2.9003906
31.9062500 -143.6250000 2.9257812
31.7812500 -144.0000000 2.9335938
32.0625000 -144.0000000 2.9296875
31.9062500 -144.5000000 2.9375000
31.7812500 -144.5000000 2.9414062
31.8437500 -145.1250000 2.9414062
31.7812500 -144.5000000 2.9335938
31.8437500 -144.8750000 2.9375000
31.7968750 -145.0000000 2.9433594
31.7500000 -144.5000000 2.9414062
31.7656250 -146.6250000 2.9589844
31.7500000 -147.2500000 2.9707031
31.9218750 -145.5000000 2.9492188
32.0625000 -147.1250000 2.9570312
32.0000000 -146.3750000 2.9531250
32.2500000 -148.2500000 2.9687500
32.1250000 -148.1250000 2.9687500
32.2500000 -148.0000000 2.9609375
32.0625000 -148.5000000 2.9648438
32.1250000 -149.0000000 2.9804688
32.1562500 -150.8750000 2.9863281
32.1250000 -149.7500000 2.9882812
32.2812500 -150.1250000 2.9804688
32.1562500 -150.3750000 2.9902344
32.1562500 -150.5000000 2.9921875
32.0312500 -150.7500000 2.9980469
32.1250000 -151.3750000 3.0078125
32.1875000 -150.1250000 2.9882812
32.2500000 -153.1250000 3.0156250
32.0312500 -150.5000000 3.0000000
32.2187500 -152.2500000 3.0117188
32.0937500 -151.5000000 3.0117188
32.3750000 -154.3750000 3.0292969
32.3437500 -153.2500000 3.0234375
32.3750000 -153.8750000 3.0273438
32.2500000 -154.5000000 3.0253906
32.5937500 -155.2500000 3.0410156
32.2812500 -155.5000000 3.0410156
32.1562500 -153.3750000 3.0195312
32.1562500 -154.1250000 3.0273438
32.0625000 -154.2500000 3.0195312
32.1250000 -154.7500000 3.0371094
32.0625000 -154.7500000 3.0351562
31.9843750 -155.6250000 3.0429688
32.1250000 -155.7500000 3.0429688
32.0937500 -156.3750000 3.0507812
32.2500000 -156.2500000 3.0585938
32.0937500 -156.7500000 3.0507812
32.3125000 -156.1250000 3.0449219
32.0937500 -156.1250000 3.0468750
32.1875000 -156.3750000 3.0429688
32.2187500 -156.1250000 3.0429688
32.3125000 -157.3750000 3.0585938
32.2812500 -158.0000000 3.0683594
32.1562500 -158.1250000 3.0703125
32.4687500 -159.0000000 3.0781250
32.3125000 -158.8750000 3.0781250
32.2500000 -159.7500000 3.0898438
32.4375000 -159.8750000 3.0898438
32.3125000 -160.2500000 3.1015625
32.2500000 -159.6250000 3.0839844
32.1875000 -159.1250000 3.0878906
32.3437500 -160.8750000 3.1054688
32.2187500 -161.0000000 3.1093750
32.1250000 -160.2500000 3.1015625
32.4687500 -161.6250000 3.1093750
32.2500000 -161.6250000 3.1113281
32.0625000 -161.7500000 3.1289062
32.2187500 -163.2500000 3.1406250
32.0937500 -163.0000000 3.1425781
32.1875000 -162.3750000 3.1308594
32.0937500 -162.3750000 3.1386719
32.0937500 -164.1250000 3.1601562
32.1562500 -165.0000000 3.1582031
32.2500000 -163.2500000 3.1386719
32.3125000 -164.6250000 3.1601562
32.2812500 -164.2500000 3.1601562
31.9531250 -163.8750000 3.1523438
32.5000000 -165.6250000 3.1621094
32.1875000 -165.7500000 3.1738281
32.5000000 -166.1250000 3.1718750
32.0937500 -165.1250000 3.1640625
32.2812500 -165.8750000 3.1796875
32.4375000 -167.3750000 3.1718750
32.3437500 -167.1250000 3.1796875
32.6562500 -169.1250000 3.2128906
32.4687500 -168.1250000 3.1835938
32.5312500 -168.2500000 3.1855469
32.4062500 -168.1250000 3.1796875
32.1875000 -168.3750000 3.1992188
32.0625000 -168.2500000 3.1933594
32.4375000 -169.8750000 3.1992188
32.1875000 -169.8750000 3.2089844
32.1875000 -169.7500000 3.1953125
32.1875000 -168.6250000 3.1953125
32.1250000 -169.2500000 3.1953125
32.1562500 -169.8750000 3.2031250
32.0937500 -169.2500000 3.2031250
32.1875000 -170.5000000 3.2109375
32.4687500 -173.2500000 3.2148438
32.1562500 -170.5000000 3.1992188
32.2187500 -170.3750000 3.1992188
32.1250000 -172.7500000 3.2265625
32.2187500 -171.2500000 3.2187500
32.4687500 -172.5000000 3.2226562
32.2812500 -172.0000000 3.2187500
32.4687500 -173.1250000 3.2148438
32.3125000 -172.2500000 3.2226562
32.5625000 -173.0000000 3.2226562
32.3750000 -173.8750000 3.2304688
32.3750000 -174.6250000 3.2343750
32.5937500 -174.7500000 3.2167969
32.6562500 -175.0000000 3.2226562
32.5937500 -174.1250000 3.2382812
32.5312500 -174.6250000 3.2304688
32.5625000 -176.0000000 3.2304688
32.7187500 -175.3750000 3.2304688
32.6562500 -175.6250000 3.2421875
32.5312500 -176.0000000 3.2480469
32.7500000 -175.6250000 3.2421875
32.3437500 -177.8750000 3.2578125
32.6875000 -178.1250000 3.2617188
32.7500000 -176.3750000 3.2480469
32.6562500 -176.8750000 3.2578125
32.5312500 -177.7500000 3.2617188
32.4687500 -177.6250000 3.2539062
32.2812500 -179.2500000 3.2617188
32.5625000 -177.7500000 3.2519531
32.5312500 -179.3750000 3.2636719
32.6562500 -179.3750000 3.2578125
32.4375000 -179.7500000 3.2578125
32.5625000 -179.1250000 3.2460938
32.5000000 -180.2500000 3.2480469
32.3125000 -180.1250000 3.2558594
32.6875000 -180.0000000 3.2460938
32.1250000 -181.8750000 3.2460938
32.3437500 -180.0000000 3.2460938
32.7500000 -181.6250000 3.2460938
32.7187500 -182.3750000 3.2578125
32.5937500 -183.3750000 3.2617188
32.3437500 -183.0000000 3.2578125
32.3750000 -183.7500000 3.2578125
32.8750000 -183.0000000 3.2500000
32.7500000 -184.2500000 3.2617188
32.7500000 -184.1250000 3.2656250
32.9062500 -184.6250000 3.2578125
32.8437500 -185.6250000 3.2695312
33.0000000 -187.0000000 3.2890625
32.5625000 -186.1250000 3.2812500
32.7187500 -185.1250000 3.2753906
32.7500000 -184.8750000 3.2597656
32.6250000 -185.8750000 3.2851562
32.8437500 -186.6250000 3.2871094
32.4687500 -186.6250000 3.2968750
32.6562500 -186.5000000 3.2890625
32.7500000 -186.2500000 3.2792969
32.5000000 -186.6250000 3.2929688
32.6250000 -187.5000000 3.2910156
32.5625000 -187.1250000 3.3046875
32.5625000 -188.0000000 3.3085938
32.6250000 -188.5000000 3.3046875
32.2500000 -188.2500000 3.2968750
32.5000000 -188.0000000 3.2988281
37.6875000 -193.0000000 3.1250000
32.0937500 -188.8750000 3.3007812
31.9843750 -189.6250000 3.2949219
32.0000000 -189.3750000 3.3085938
32.1875000 -190.7500000 3.3242188
31.7656250 -190.6250000 3.3242188
31.6875000 -190.8750000 3.3242188
32.0625000 -191.8750000 3.3242188
32.0937500 -189.8750000 3.3164062
31.5781250 -192.2500000 3.3242188
32.0312500 -191.2500000 3.3242188
31.8281250 -192.0000000 3.3222656
31.9531250 -192.7500000 3.3203125
31.7187500 -192.2500000 3.3203125
31.4687500 -192.6250000 3.3242188
31.3593750 -193.6250000 3.3613281
31.6406250 -193.1250000 3.3437500
31.7031250 -193.2500000 3.3242188
30.9687500 -194.5000000 3.3300781
31.2812500 -195.7500000 3.3242188
31.1875000 -195.0000000 3.3164062
31.0156250 -194.5000000 3.3164062
31.2968750 -195.2500000 3.3281250
30.8750000 -195.0000000 3.3281250
30.7812500 -194.6250000 3.3281250
30.5156250 -195.0000000 3.3164062
29.8437500 -195.6250000 3.3417969
30.1406250 -196.2500000 3.3632812
29.5468750 -196.2500000 3.3593750
29.1562500 -196.6250000 3.3593750
29.0312500 -196.7500000 3.3671875
28.9218750 -196.5000000 3.3554688
28.6250000 -197.0000000 3.3847656
27.5312500 -196.8750000 3.3847656
28.3906250 -196.7500000 3.3730469
28.2500000 -197.0000000 3.3496094
28.5781250 -196.1250000 3.3320312
29.1406250 -196.1250000 3.3437500
28.1718750 -196.7500000 3.3261719
28.4062500 -196.7500000 3.3515625
28.3906250 -196.7500000 3.3359375
28.7343750 -196.2500000 3.3339844
28.3281250 -196.3750000 3.3437500
28.0625000 -196.8750000 3.3476562
28.0625000 -197.1250000 3.3515625
27.6093750 -197.3750000 3.3574219
27.2500000 -197.5000000 3.3671875
26.9687500 -197.1250000 3.3750000
26.0468750 -197.3750000 3.3750000
25.9531250 -197.2500000 3.3593750
25.2500000 -197.6250000 3.3593750
25.7656250 -197.5000000 3.3632812
25.1718750 -197.5000000 3.3535156
24.3125000 -197.6250000 3.3632812
24.7187500 -197.5000000 3.3613281
24.0000000 -197.6250000 3.3593750
24.7187500 -197.6250000 3.3554688
24.0468750 -198.2500000 3.3632812
24.4843750 -198.2500000 3.3632812
23.9531250 -197.6250000 3.3632812
23.7500000 -198.2500000 3.3750000
23.4843750 -197.8750000 3.3593750
24.5156250 -198.1250000 3.3554688
22.8125000 -198.2500000 3.3613281
23.0312500 -197.5000000 3.3457031
21.2031250 -198.0000000 3.3808594
21.1562500 -197.7500000 3.3632812
21.0312500 -197.5000000 3.3593750
21.1250000 -197.8750000 3.3671875
20.0781250 -198.0000000 3.3730469
19.4375000 -198.3750000 3.3769531
19.8125000 -198.1250000 3.3789062
19.1875000 -198.6250000 3.3906250
18.2656250 -198.1250000 3.3808594
20.0781250 -198.0000000 3.3671875
18.3906250 -198.2500000 3.3867188
17.9375000 -198.3750000 3.3945312
18.2968750 -198.0000000 3.3789062
17.6250000 -198.6250000 3.3906250
17.9062500 -198.2500000 3.3828125
17.4062500 -198.1250000 3.3886719
17.5468750 -198.5000000 3.3945312
16.4062500 -198.2500000 3.3945312
17.3593750 -198.3750000 3.3925781
16.2343750 -198.3750000 3.3984375
15.8906250 -198.3750000 3.4003906
14.7812500 -198.1250000 3.4023438
15.6171875 -198.1250000 3.3906250
16.1562500 -198.5000000 3.3984375
14.4843750 -198.5000000 3.4101562
15.2187500 -198.3750000 3.4023438
14.7187500 -198.2500000 3.3652344
12.9218750 -198.5000000 3.4042969
11.7968750 -198.8750000 3.4667969
12.2265625 -199.0000000 3.4785156
11.7343750 -199.0000000 3.4687500
9.7343750 -199.0000000 3.4531250
9.4140625 -198.8750000 3.4414062
9.2500000 -198.8750000 3.4453125
10.5546875 -198.8750000 3.4609375
12.9843750 -197.7500000 3.3828125
10.8593750 -200.8750000 3.4394531
11.7734375 -198.1250000 3.3925781
8.2812500 -198.8750000 3.4648438
9.5078125 -198.7500000 3.4609375
8.7343750 -198.8750000 3.4648438
11.2812500 -204.2500000 3.4140625
8.1484375 -199.0000000 3.4570312
7.0781250 -198.7500000 3.4570312
7.1718750 -199.0000000 3.4609375
7.2343750 -198.8750000 3.4609375
6.6562500 -199.0000000 3.4609375
7.4375000 -199.1250000 3.4531250
11.3515625 -212.3750000 3.4453125
10.2031250 -206.6250000 3.4394531
6.6406250 -198.7500000 3.4609375
9.6718750 -206.0000000 3.4218750
6.6484375 -198.6250000 3.4492188
8.2656250 -206.7500000 3.4433594
6.7500000 -201.3750000 3.4121094
5.6171875 -198.2500000 3.4531250
5.2031250 -198.5000000 3.4609375
5.2343750 -199.2500000 3.4609375
4.8203125 -199.0000000 3.4707031
4.1953125 -198.7500000 3.4687500
4.7812500 -199.2500000 3.4746094
3.9062500 -199.1250000 3.4726562
3.9570312 -198.0000000 3.4570312
3.7597656 -198.3750000 3.4707031
3.6054688 -199.1250000 3.4609375
2.2578125 -198.6250000 3.4726562
3.4628906 -202.7500000 3.4726562
2.0644531 -199.2500000 3.4804688
4.0234375 -209.0000000 3.4960938
0.1298828 -199.5000000 3.5058594
5.3046875 -213.2500000 3.4882812
-0.8574219 -199.3750000 3.5117188
0.3945312 -199.5000000 3.5019531
-3.1425781 -199.3750000 3.5234375
-1.0605469 -199.5000000 3.5195312
-1.3535156 -199.5000000 3.5195312
-1.9960938 -199.7500000 3.5273438
-1.8046875 -199.7500000 3.5117188
-1.9433594 -199.7500000 3.5195312
-2.9003906 -199.6250000 3.5214844
-4.4609375 -199.7500000 3.5410156
-2.7207031 -199.7500000 3.5253906
-3.1582031 -199.6250000 3.5292969
-3.9511719 -199.6250000 3.5312500
-4.8046875 -199.7500000 3.5273438
-4.3906250 -199.7500000 3.5351562
-3.6269531 -199.5000000 3.5292969
-3.7949219 -199.6250000 3.5273438
-4.7265625 -199.6250000 3.5429688
-5.4218750 -199.5000000 3.5390625
-3.5996094 -199.3750000 3.5312500
-4.7343750 -199.6250000 3.5468750
-4.7734375 -199.6250000 3.5468750
-5.1640625 -199.2500000 3.5429688
-4.5000000 -199.6250000 3.5429688
-6.1093750 -199.3750000 3.5507812
-5.2890625 -199.5000000 3.5410156
-7.6171875 -199.3750000 3.5820312
-6.3593750 -199.2500000 3.5566406
-6.3750000 -199.6250000 3.5546875
-8.2578125 -199.1250000 3.5703125
-5.5468750 -190.8750000 3.4335938
-9.3906250 -199.2500000 3.5742188
-9.4375000 -199.1250000 3.5859375
-8.9062500 -199.1250000 3.5820312
-9.0156250 -199.2500000 3.5664062
-8.1953125 -198.8750000 3.5195312
-9.4609375 -199.2500000 3.5761719
-7.3359375 -198.2500000 3.4882812
-9.3671875 -199.5000000 3.5703125
-11.6875000 -198.6250000 3.5742188
-8.6171875 -192.0000000 3.4667969
-12.1250000 -199.1250000 3.6035156
-11.6796875 -199.0000000 3.5976562
-11.0156250 -199.3750000 3.6171875
-10.3671875 -198.0000000 3.5566406
-12.1640625 -199.1250000 3.6132812
-12.4062500 -199.3750000 3.5976562
-13.7578125 -198.8750000 3.5839844
-12.5546875 -198.8750000 3.5703125
-13.3359375 -198.7500000 3.5761719
-11.7578125 -198.5000000 3.5078125
-14.8671875 -198.8750000 3.5761719
-15.6328125 -198.7500000 3.5664062
-16.2500000 -198.8750000 3.5742188
-14.7187500 -198.8750000 3.5722656
-15.4296875 -198.7500000 3.5722656
-15.6484375 -199.0000000 3.5781250
-17.3437500 -199.0000000 3.5703125
-15.3515625 -199.3750000 3.5761719
-17.0312500 -199.2500000 3.5664062
-17.7812500 -199.0000000 3.5683594
-17.3437500 -199.1250000 3.5820312
-17.2187500 -199.1250000 3.5703125
-17.3437500 -199.1250000 3.5781250
-15.9296875 -198.8750000 3.5625000
-17.2031250 -199.2500000 3.5839844
-18.3281250 -199.0000000 3.5742188
-18.6406250 -199.2500000 3.5625000
-18.8593750 -198.6250000 3.5625000
-17.9375000 -198.7500000 3.5546875
-19.5937500 -199.1250000 3.5468750
-19.5468750 -199.1250000 3.5468750
-18.9062500 -199.3750000 3.5449219
-19.7500000 -199.5000000 3.5390625
-19.5468750 -199.5000000 3.5351562
-19.4531250 -199.2500000 3.5273438
-20.9843750 -199.3750000 3.5390625
-21.3906250 -199.1250000 3.5410156
-21.3750000 -199.2500000 3.5429688
-20.5312500 -199.3750000 3.5351562
-21.2187500 -199.2500000 3.5488281
-22.0156250 -199.0000000 3.5429688
-22.0000000 -198.8750000 3.5664062
-21.8593750 -199.3750000 3.5585938
-23.0312500 -199.1250000 3.5468750
-22.5781250 -199.0000000 3.5527344
-22.6093750 -199.0000000 3.5585938
-23.8906174 -199.5000000 3.5390625
-24.9531174 -199.5000000 3.5351562
-24.7187424 -199.3750000 3.5449219
-24.1718674 -199.0000000 3.5488281
-23.7500000 -199.2500000 3.5507812
-25.2187424 -199.3750000 3.5429688
-24.1562424 -199.1250000 3.5546875
-26.5624924 -199.5000000 3.5429688
-25.9062424 -199.1250000 3.5429688
-26.3749924 -199.6250000 3.5546875
-27.9218674 -199.6250000 3.5468750
-24.0312424 -195.7500000 3.4687500
-27.0781174 -199.6250000 3.5566406
-26.1093674 -199.0000000 3.5117188
-26.5156174 -199.2500000 3.4960938
-28.4687424 -199.2500000 3.5585938
-28.6249924 -199.2500000 3.5625000
-29.3437424 -199.3750000 3.5488281
-28.0312424 -199.0000000 3.5625000
-29.5937424 -201.8750000 3.5351562
-29.2656174 -199.7500000 3.5625000
-30.2187424 -199.1250000 3.5546875
-29.7343674 -198.7500000 3.5605469
-29.5468674 -199.5000000 3.5507812
-31.2187424 -199.0000000 3.5585938
-31.2187424 -199.2500000 3.5585938
-31.5312424 -198.8750000 3.5488281
-33.0624924 -199.1250000 3.5625000
-32.0937424 -199.0000000 3.5507812
-32.4687424 -199.7500000 3.5390625
-32.0937424 -199.0000000 3.5507812
-32.9687424 -199.0000000 3.5585938
-32.6249924 -199.0000000 3.5507812
-32.4999924 -198.8750000 3.5507812
-32.9999924 -198.7500000 3.5449219
-34.4999924 -198.8750000 3.5546875
-31.6562424 -199.1250000 3.5507812
-35.0624924 -199.5000000 3.5429688
-32.9999924 -200.2500000 3.4765625
-34.5624924 -199.0000000 3.5468750
-35.2499924 -198.7500000 3.5546875
-33.3437424 -199.5000000 3.4980469
-35.8437424 -199.1250000 3.5507812
-35.0312424 -199.1250000 3.5566406
-35.3749924 -198.6250000 3.5585938
-37.4062424 -198.7500000 3.5781250
-35.6562424 -198.6250000 3.5722656
-36.8124924 -198.8750000 3.5703125
-36.8124924 -198.6250000 3.5703125
-36.5624924 -198.7500000 3.5742188
-37.4687424 -198.8750000 3.5644531
-36.9999924 -198.8750000 3.5625000
-36.6874924 -199.1250000 3.5664062
-37.3124924 -198.8750000 3.5703125
-37.3124924 -198.5000000 3.5703125
-37.7812424 -198.6250000 3.5703125
-37.8437424 -199.0000000 3.5664062
-38.7187424 -199.1250000 3.5683594
-38.6562424 -199.2500000 3.5683594
-38.9062424 -199.2500000 3.5703125
-40.0937424 -199.2500000 3.5664062
-38.9999924 -198.8750000 3.5664062
-38.2812424 -198.8750000 3.5664062
-39.7187424 -199.1250000 3.5644531
-40.2187424 -199.0000000 3.5722656
-40.2499924 -199.2500000 3.5664062
-41.5624924 -199.0000000 3.5742188
-40.8749924 -198.6250000 3.5507812
-41.9062424 -199.2500000 3.5742188
-41.9062424 -199.1250000 3.5898438
-41.9999924 -199.0000000 3.5859375
-43.1249924 -199.0000000 3.5898438
-43.2187424 -198.8750000 3.5976562
-43.4999924 -198.8750000 3.6035156
-42.9687424 -198.8750000 3.6015625
-42.9687424 -198.7500000 3.6015625
-43.3749924 -198.8750000 3.5976562
-43.7499924 -198.7500000 3.6035156
-44.2812424 -199.0000000 3.5859375
-44.6249924 -199.0000000 3.5976562
-44.1562424 -199.0000000 3.5898438
-44.7499924 -199.1250000 3.5898438
-45.4062424 -199.0000000 3.6035156
-46.1874924 -198.8750000 3.6035156
-45.7812424 -198.7500000 3.6542969
-46.1874924 -199.0000000 3.6425781
-46.7499924 -198.7500000 3.6250000
-46.7499924 -199.1250000 3.6132812
-46.5624924 -199.2500000 3.6054688
-47.1874924 -199.2500000 3.6210938
-46.4687424 -199.2500000 3.6093750
-47.9687424 -198.8750000 3.6210938
-47.7812424 -199.1250000 3.6191406
-47.6249924 -199.5000000 3.6171875
-48.4999924 -201.6250000 3.7011719
-48.6249924 -199.6250000 3.6484375
-48.0312424 -199.3750000 3.6367188
-48.4374924 -199.3750000 3.6210938
-48.9999924 -199.5000000 3.6328125
-48.6874924 -199.5000000 3.6191406
-49.8749924 -199.3750000 3.6445312
-51.6874924 -200.1250000 3.7246094
-51.3437424 -200.2500000 3.7226562
-50.0312424 -199.3750000 3.6484375
-49.8437424 -199.6250000 3.6406250
-50.1874924 -199.8750000 3.6562500
-49.8437424 -199.7500000 3.6640625
-50.7187424 -199.5000000 3.6718750
-52.1874924 -199.7500000 3.7031250
-53.2812424 -200.1250000 3.7382812
-52.8437424 -200.0000000 3.7148438
-50.9062424 -199.3750000 3.6953125
-52.3124924 -199.2500000 3.7304688
-51.6562424 -199.1250000 3.7031250
-53.8124924 -199.5000000 3.7519531
-53.6874924 -200.5000000 3.8476562
-53.3124924 -200.5000000 3.8593750
-53.9062424 -201.2500000 3.8515625
-54.3437424 -201.1250000 3.8320312
-55.2499924 -199.8750000 3.7656250
-53.3749924 -199.5000000 3.7695312
-54.7499924 -200.5000000 3.8398438
-65.1249924 -201.5000000 3.9960938
-57.1249924 -200.1250000 3.8906250
-55.8437424 -201.1250000 3.8320312
-56.9999924 -201.3750000 3.8593750
-53.5624924 -197.8750000 3.8222656
-54.7499924 -199.7500000 3.7851562
-54.1874924 -199.8750000 3.7656250
-54.7499924 -199.6250000 3.7636719
-56.3124924 -200.1250000 3.7734375
-56.1874924 -199.8750000 3.7812500
-56.2499924 -199.7500000 3.7812500
-57.1562424 -199.7500000 3.8144531
-58.7499924 -199.8750000 3.8574219
-58.0312424 -199.7500000 3.8339844
-59.5624924 -199.6250000 3.8632812
-59.1562424 -199.7500000 3.8515625
-58.4374924 -199.8750000 3.8261719
-58.5312424 -200.1250000 3.8046875
-59.6249924 -200.0000000 3.8320312
-59.5624924 -200.5000000 3.8359375
-60.0312424 -200.0000000 3.8515625
-60.5312424 -200.1250000 3.8671875
-59.7499924 -200.1250000 3.8789062
-60.7812424 -200.1250000 3.8750000
-60.6874924 -200.1250000 3.8671875
-62.1874924 -200.2500000 3.8984375
-61.9687424 -200.0000000 3.8789062
-62.1249924 -200.2500000 3.8828125
-62.0312424 -200.3750000 3.8750000
-62.9374924 -200.1250000 3.9062500
-62.9374924 -200.2500000 3.8867188
-63.7499924 -200.1250000 3.9101562
-62.6249924 -199.8750000 3.8906250
-62.5937424 -200.0000000 3.8789062
-63.5624924 -200.1250000 3.9140625
-64.3124924 -200.2500000 3.9296875
-63.8124924 -200.1250000 3.9062500
-64.4374924 -200.3750000 3.9296875
-65.2499924 -200.6250000 3.9492188
-66.0624924 -200.5000000 3.9570312
-65.6874924 -200.2500000 3.9492188
-67.8124924 -201.7500000 4.0000000
-66.0624924 -200.6250000 3.9570312
-65.9999924 -200.1250000 3.9609375
-67.8749924 -201.0000000 4.0000000
-65.9999924 -200.1250000 3.9570312
-66.6874924 -200.3750000 3.9765625
-67.9374924 -201.3750000 4.0351562
-67.4999924 -200.6250000 4.0000000
-67.8124924 -200.6250000 4.0195312
-67.6249924 -200.8750000 4.0234375
-68.3124924 -201.2500000 4.0312500
-68.6874924 -201.0000000 4.0507812
-68.6874924 -201.6250000 4.0585938
-69.1874924 -201.5000000 4.0703125
-69.3124924 -201.8750000 4.0703125
-69.9999924 -202.2500000 4.0937500
-69.9999924 -201.7500000 4.0937500
-70.3749924 -202.3750000 4.1015625
-70.4999924 -202.1250000 4.1093750
-70.6249924 -202.0000000 4.1054688
-70.3124924 -201.7500000 4.0976562
-70.8124924 -202.6250000 4.0976562
-71.2499924 -203.1250000 4.1445312
-71.4999924 -203.8750000 4.1757812
-71.6249924 -205.0000000 4.1914062
-71.3749924 -204.0000000 4.1562500
-71.3124924 -204.1250000 4.1406250
-71.4374924 -204.6250000 4.1445312
-71.6874924 -204.5000000 4.1523438
-71.8124924 -204.7500000 4.1601562
-71.8749924 -204.5000000 4.1601562
-71.8124924 -205.3750000 4.1640625
-72.2499924 -205.0000000 4.1757812
-71.9374924 -205.1250000 4.1601562
-72.2499924 -205.5000000 4.1679688
-72.3749924 -205.7500000 4.1796875
-72.4374924 -205.7500000 4.1757812
-72.8749924 -205.3750000 4.1796875
-72.5624924 -206.8750000 4.1796875
-72.6249924 -206.5000000 4.1875000
-72.5624924 -206.6250000 4.1835938
-72.3124924 -207.3750000 4.1914062
-72.3124924 -207.1250000 4.1875000
-72.5624924 -208.0000000 4.1992188
-72.4999924 -208.2500000 4.1992188
-72.5624924 -208.3750000 4.2031250
-72.4374924 -208.1250000 4.1953125
-72.5624924 -208.2500000 4.2070312
-72.3124924 -208.1250000 4.1953125
-72.4374924 -208.6250000 4.2031250
-72.4374924 -208.6250000 4.2109375
-72.4999924 -210.3750000 4.2265625
-72.8124924 -208.8750000 4.2226562
-72.7499924 -210.3750000 4.2265625
-72.8749924 -209.0000000 4.2382812
-73.0624924 -210.6250000 4.2617188
-73.0624924 -210.8750000 4.2617188
-72.7499924 -212.2500000 4.2539062
-72.8124924 -211.5000000 4.2500000
-72.9374924 -211.7500000 4.2539062
-73.0624924 -212.3750000 4.2929688
-73.1249924 -213.0000000 4.3007812
-72.9374924 -212.2500000 4.2773438
-72.6874924 -213.1250000 4.2812500
-72.8124924 -212.7500000 4.2734375
-72.3124924 -211.5000000 4.2460938
-72.7499924 -213.5000000 4.2929688
-72.3749924 -213.5000000 4.3007812
-72.4374924 -215.0000000 4.3320312
-72.1874924 -214.7500000 4.3281250
-72.5624924 -215.1250000 4.3242188
-72.2499924 -215.7500000 4.3593750
-72.4999924 -216.5000000 4.3710938
-72.1874924 -217.6250000 4.3984375
-72.3124924 -216.5000000 4.3828125
-72.4374924 -217.7500000 4.3906250
-72.8124924 -217.2500000 4.3789062
-72.9999924 -216.5000000 4.4140625
-72.5624924 -217.7500000 4.4062500
-72.4374924 -219.1250000 4.4375000
-72.4374924 -218.5000000 4.4375000
-72.5624924 -218.2500000 4.4179688
-72.6874924 -217.7500000 4.4375000
-72.3749924 -218.7500000 4.4453125
-72.5624924 -219.0000000 4.4453125
-72.4374924 -217.8750000 4.4375000
-72.1874924 -219.7500000 4.4726562
-72.6249924 -219.5000000 4.4765625
-72.4999924 -220.2500000 4.5000000
-72.2499924 -219.7500000 4.4648438
-72.6249924 -220.1250000 4.5000000
-71.9374924 -222.5000000 4.5312500
-72.6874924 -221.8750000 4.5351562
-71.9374924 -221.8750000 4.5195312
-71.8749924 -222.8750000 4.5429688
-72.3749924 -223.2500000 4.5625000
-71.8749924 -225.2500000 4.5820312
-71.9374924 -223.7500000 4.5585938
-71.8124924 -225.0000000 4.5625000
-71.4374924 -224.2500000 4.5507812
-71.6249924 -225.6250000 4.5781250
-71.6249924 -226.1250000 4.5898438
-71.8124924 -226.2500000 4.5859375
-71.8124924 -226.1250000 4.5703125
-71.6874924 -226.2500000 4.5781250
-71.7499924 -225.8750000 4.5742188
-71.8749924 -226.1250000 4.5742188
-71.6249924 -226.6250000 4.5820312
-71.8124924 -227.2500000 4.6093750
-71.8124924 -228.2500000 4.6210938
-71.8749924 -226.8750000 4.5976562
-71.8749924 -227.2500000 4.5976562
-71.4999924 -228.0000000 4.6093750
-71.6874924 -228.3750000 4.6132812
-72.0624924 -228.3750000 4.6093750
-71.8124924 -229.0000000 4.6210938
-72.2499924 -227.8750000 4.6093750
-71.9374924 -229.3750000 4.6250000
-71.7499924 -229.8750000 4.6406250
-72.1249924 -229.1250000 4.6328125
-72.0624924 -231.1250000 4.6562500
-72.0624924 -229.3750000 4.6328125
-71.9999924 -231.8750000 4.6484375
-71.9999924 -231.0000000 4.6523438
-72.6874924 -230.7500000 4.6445312
-71.8749924 -233.6250000 4.6796875
-72.1249924 -232.3750000 4.6562500
-71.9999924 -233.0000000 4.6601562
-72.1249924 -233.7500000 4.6562500
-72.0624924 -234.3750000 4.6640625
-72.1249924 -235.3750000 4.6875000
-71.8749924 -234.0000000 4.6640625
-71.9374924 -236.0000000 4.6757812
-71.8749924 -234.7500000 4.6835938
-72.2499924 -236.1250000 4.6796875
-72.0624924 -235.2500000 4.6796875
-71.6874924 -234.5000000 4.6718750
-71.9999924 -236.2500000 4.6835938
-72.3749924 -236.0000000 4.7070312
-71.9374924 -233.5000000 4.6757812
-71.8749924 -234.6250000 4.6953125
-71.9999924 -234.2500000 4.6875000
-72.1874924 -237.0000000 4.7070312
-71.8749924 -236.6250000 4.6953125
-72.1874924 -237.2500000 4.6875000
-72.0624924 -236.7500000 4.6875000
-72.1249924 -237.5000000 4.6875000
-72.4999924 -237.6250000 4.6875000
-72.3124924 -237.7500000 4.6875000
-72.2499924 -237.8750000 4.6875000
-71.8124924 -238.2500000 4.6953125
-71.9999924 -237.6250000 4.7031250
-71.9999924 -237.5000000 4.6875000
-71.8749924 -238.7500000 4.6992188
-72.0624924 -238.2500000 4.6914062
-72.1249924 -239.8750000 4.7070312
-72.3124924 -240.6250000 4.7265625
-72.1249924 -239.3750000 4.6953125
-72.2499924 -241.7500000 4.7304688
-72.5624924 -240.1250000 4.7031250
-72.1874924 -241.2500000 4.7226562
-72.4374924 -241.2500000 4.7421875
-72.2499924 -242.5000000 4.7226562
-72.4374924 -242.6250000 4.7304688
-72.3749924 -242.0000000 4.7148438
-72.4374924 -243.3750000 4.7226562
-72.4999924 -242.2500000 4.7304688
-72.3749924 -243.6250000 4.7070312
-72.2499924 -244.2500000 4.7109375
-72.3124924 -244.2500000 4.7187500
-72.3749924 -244.0000000 4.7070312
-72.1874924 -244.7500000 4.7226562
-72.3124924 -244.1250000 4.7031250
-72.0624924 -244.2500000 4.7070312
-72.2499924 -242.7500000 4.6953125
-72.2499924 -244.7500000 4.7109375
-71.9999924 -244.8750000 4.7148438
-72.1249924 -245.5000000 4.7070312
-72.0624924 -246.3750000 4.7148438
-72.2499924 -246.2500000 4.7148438
-72.3749924 -247.0000000 4.6992188
-72.3749924 -246.0000000 4.7304688
-72.3124924 -246.7500000 4.7265625
-72.2499924 -247.8750000 4.7109375
-72.1874924 -247.6250000 4.7148438
-71.9999924 -247.7500000 4.6992188
-72.2499924 -248.3750000 4.6914062
-72.3749924 -248.3750000 4.6914062
-72.1874924 -249.0000000 4.6953125
-72.2499924 -251.2500000 4.6914062
-72.3749924 -250.5000000 4.6875000
-72.3749924 -249.8750000 4.6914062
-72.1874924 -249.0000000 4.7031250
-72.3749924 -249.8750000 4.6875000
-72.1874924 -250.0000000 4.6992188
-72.3749924 -250.1250000 4.7070312
-72.3124924 -251.8750000 4.6914062
-71.9374924 -252.6250000 4.6992188
-72.3124924 -252.7500000 4.6914062
-72.1249924 -251.5000000 4.6992188
-72.4374924 -252.5000000 4.6914062
-72.3124924 -253.2500000 4.6953125
-72.1249924 -252.6250000 4.6992188
-72.4374924 -252.5000000 4.6914062
-72.1874924 -253.3750000 4.6953125
-72.3749924 -253.6250000 4.6718750
-72.3749924 -253.3750000 4.6757812
-72.3749924 -254.2500000 4.6718750
-71.9999924 -254.5000000 4.6757812
-72.3124924 -255.2500000 4.6718750
-72.1874924 -255.2500000 4.6796875
-72.3124924 -255.3750000 4.6640625
-72.2499924 -256.0000000 4.6640625
-72.5624924 -257.0000000 4.6484375
-72.1249924 -256.7500000 4.6601562
-72.1874924 -256.7500000 4.6640625
-72.0624924 -257.0000000 4.6679688
-72.5624924 -258.0000000 4.6562500
-72.2499924 -257.2500000 4.6640625
-72.2499924 -257.0000000 4.6640625
-70.3749924 -257.0000000 4.7031250
-72.4999924 -259.5000000 4.6406250
-72.6249924 -259.0000000 4.6445312
-72.5624924 -259.7500000 4.6445312
-72.9999924 -261.0000000 4.6171875
-72.7499924 -260.7500000 4.6445312
-72.6249924 -260.2500000 4.6406250
-72.5624924 -259.7500000 4.6445312
-72.8749924 -261.2500000 4.6289062
-72.1874924 -259.7500000 4.6367188
-72.3124924 -261.5000000 4.6406250
-72.8749924 -262.2500000 4.6328125
-72.8749924 -261.0000000 4.6445312
-72.2499924 -262.0000000 4.6406250
-72.4374924 -263.0000000 4.6328125
-72.4374924 -263.0000000 4.6406250
-73.1874924 -264.2500000 4.6015625
-72.8749924 -263.2500000 4.6289062
-72.6874924 -263.7500000 4.6328125
-72.4374924 -263.2500000 4.6210938
-72.8124924 -263.7500000 4.6093750
-72.9374924 -264.5000000 4.6171875
-72.9374924 -265.0000000 4.6171875
-72.7499924 -264.5000000 4.6250000
-73.0624924 -264.7500000 4.5976562
-73.3749924 -265.0000000 4.6015625
-73.3124924 -264.7500000 4.5976562
-72.6874924 -265.2500000 4.6093750
-72.8749924 -266.0000000 4.6054688
-73.8749924 -265.7500000 4.5976562
-72.8749924 -266.0000000 4.6015625
-73.1874924 -266.2500000 4.5781250
-72.9999924 -266.5000000 4.5937500
-73.8124924 -266.7500000 4.5781250
-73.2499924 -266.5000000 4.5898438
-73.5624924 -267.0000000 4.5781250
-73.9374924 -269.0000000 4.6015625
-74.1874924 -267.2500000 4.6093750
-74.1249924 -267.5000000 4.6210938
-73.9999924 -268.7500000 4.5976562
-73.0624924 -267.5000000 4.5937500
-72.7499924 -266.2500000 4.5937500
-73.2499924 -269.2500000 4.5898438
-73.5624924 -269.0000000 4.5898438
-74.4374924 -270.5000000 4.5937500
-73.7499924 -270.0000000 4.5937500
-73.8124924 -270.7500000 4.5937500
-73.4999924 -269.0000000 4.5976562
-74.6249924 -271.5000000 4.5781250
-74.2499924 -271.5000000 4.5625000
-74.5624924 -271.7500000 4.5781250
-74.6874924 -272.7500000 4.5664062
-74.3749924 -272.7500000 4.5781250
-74.6874924 -273.5000000 4.5703125
-74.9374924 -272.5000000 4.5625000
-74.7499924 -272.2500000 4.5664062
-74.5624924 -274.0000000 4.5507812
-74.8749924 -273.5000000 4.5351562
-74.3749924 -274.2500000 4.5429688
-74.4374924 -274.2500000 4.5312500
-74.4999924 -275.0000000 4.5234375
-74.7499924 -274.7500000 4.5078125
-74.6249924 -274.5000000 4.5156250
-74.9374924 -275.7500000 4.4882812
-74.8749924 -276.0000000 4.4804688
-74.7499924 -275.2500000 4.4882812
-74.8124924 -276.0000000 4.4921875
-74.6249924 -276.2500000 4.4882812
-74.6874924 -276.2500000 4.4882812
-74.3749924 -275.5000000 4.4921875
-74.8124924 -277.0000000 4.4804688
-75.0624924 -276.7500000 4.4843750
-75.1874924 -276.2500000 4.5000000
-75.4999924 -277.0000000 4.4921875
-75.3749924 -276.5000000 4.4921875
-75.0624924 -277.5000000 4.4726562
-76.5624924 -274.7500000 4.5390625
-76.1874924 -278.7500000 4.4179688
-74.9999924 -279.5000000 4.4179688
-75.3124924 -280.2500000 4.4179688
-75.9999924 -280.0000000 4.4101562
-75.9374924 -278.5000000 4.4492188
-75.6249924 -278.2500000 4.4414062
-75.8749924 -279.2500000 4.4101562
-75.6874924 -281.2500000 4.4218750
-76.0624924 -280.7500000 4.4023438
-76.1249924 -279.2500000 4.3828125
-76.1249924 -281.0000000 4.3437500
-76.3124924 -281.0000000 4.3398438
-76.2499924 -281.7500000 4.3125000
-77.0624924 -282.5000000 4.2812500
-76.6874924 -281.7500000 4.2968750
-77.3749924 -283.0000000 4.2812500
-76.9374924 -283.2500000 4.2968750
-77.3749924 -284.2500000 4.2929688
-77.0624924 -283.7500000 4.2656250
-76.8749924 -284.5000000 4.2578125
-77.3124924 -283.0000000 4.2890625
-77.2499924 -284.7500000 4.2734375
-77.3749924 -284.7500000 4.2460938
-77.1249924 -285.2500000 4.2460938
-77.2499924 -285.7500000 4.2343750
-77.4999924 -284.7500000 4.2539062
-77.5624924 -287.5000000 4.2109375
-77.9374924 -286.5000000 4.2148438
-77.3124924 -286.0000000 4.2421875
-77.9999924 -286.5000000 4.1953125
-78.0624924 -287.0000000 4.1953125
-77.8124924 -288.2500000 4.2187500
-77.8749924 -285.5000000 4.2500000
-77.8749924 -287.7500000 4.2304688
-78.6249924 -286.7500000 4.2226562
-77.8749924 -288.7500000 4.1875000
-76.9374924 -288.0000000 4.2148438
-77.8749924 -288.5000000 4.2187500
-77.9999924 -288.5000000 4.1875000
-77.7499924 -290.0000000 4.1679688
-78.4999924 -289.5000000 4.1679688
-78.6249924 -290.0000000 4.1953125
-78.8749924 -289.7500000 4.1953125
-78.2499924 -290.5000000 4.1484375
-78.4999924 -290.7500000 4.1757812
-78.6874924 -290.2500000 4.1914062
-78.4374924 -291.5000000 4.1562500
-77.9999924 -292.5000000 4.1679688
-78.1874924 -291.0000000 4.1523438
-77.9374924 -290.2500000 4.1835938
-78.4374924 -290.2500000 4.1601562
-77.8124924 -292.5000000 4.1406250
-78.4999924 -292.5000000 4.1562500
-78.2499924 -293.2500000 4.1367188
-78.0624924 -292.7500000 4.2070312
-78.4999924 -295.0000000 4.1406250
-78.7499924 -293.0000000 4.1406250
-78.1249924 -294.7500000 4.1757812
-78.6249924 -295.0000000 4.1640625
-79.0624924 -295.0000000 4.1679688
-78.8749924 -294.5000000 4.1250000
-78.8749924 -294.7500000 4.1250000
-78.7499924 -295.5000000 4.0976562
-78.5624924 -297.5000000 4.0742188
-79.2499924 -295.7500000 4.1054688
-79.0624924 -296.5000000 4.0742188
-79.1874924 -297.5000000 4.0742188
-79.4999924 -296.5000000 4.0703125
-80.1874924 -297.7500000 4.0664062
-80.2499924 -298.2500000 4.0742188
-80.0624924 -300.0000000 4.0312500
-79.8749924 -297.7500000 4.0625000
-79.5624924 -298.5000000 4.0546875
-79.6874924 -299.5000000 4.0781250
-79.6249924 -300.0000000 4.0664062
-79.5624924 -299.7500000 4.0703125
-79.3749924 -300.2500000 4.0429688
-79.0624924 -299.7500000 4.0429688
-79.3749924 -301.2500000 4.0976562
-79.1249924 -300.7500000 4.0468750
-78.7499924 -301.2500000 4.0664062
-78.6249924 -300.7500000 4.1015625
-78.4374924 -301.2500000 4.1054688
-79.1249924 -301.7500000 4.1328125
-79.0624924 -301.7500000 4.1406250
-78.4999924 -302.0000000 4.1640625
-78.9999924 -301.5000000 4.0976562
-79.2499924 -301.7500000 4.1445312
-79.1249924 -302.7500000 4.0976562
-79.1874924 -303.0000000 4.0859375
-79.1249924 -303.5000000 4.0937500
-78.7499924 -303.2500000 4.0468750
-79.1249924 -304.0000000 4.0546875
-79.5624924 -305.0000000 4.0625000
-79.4999924 -305.2500000 4.0351562
-78.8124924 -304.0000000 4.0898438
-79.2499924 -304.5000000 4.0937500
-79.5624924 -304.7500000 4.0468750
-79.1874924 -305.5000000 4.0585938
-79.3749924 -305.5000000 4.0078125
-79.3749924 -306.2500000 4.0468750
-79.5624924 -306.2500000 4.0468750
-79.9374924 -307.5000000 3.9921875
-79.6874924 -306.5000000 3.9843750
-79.6249924 -307.5000000 3.9960938
-79.6874924 -307.0000000 4.0312500
-79.7499924 -308.0000000 3.9687500
-79.8124924 -307.5000000 3.9843750
-79.5624924 -308.2500000 3.9921875
-79.7499924 -308.2500000 3.9726562
-79.8124924 -309.2500000 3.9765625
-79.7499924 -308.7500000 3.9804688
-79.6249924 -308.7500000 4.0000000
-79.6874924 -309.7500000 3.9843750
-79.7499924 -309.7500000 3.9843750
-79.7499924 -309.2500000 3.9921875
-79.8124924 -310.0000000 3.9882812
-80.1874924 -310.2500000 3.9570312
-79.9999924 -311.2500000 3.9765625
-80.1249924 -311.0000000 3.9843750
-79.7499924 -312.5000000 3.9648438
-80.1249924 -311.5000000 3.9531250
-79.9374924 -312.0000000 3.9570312
-80.1249924 -311.7500000 3.9492188
-80.1874924 -312.2500000 3.9296875
-80.1249924 -312.5000000 3.9414062
-80.3749924 -313.2500000 3.9335938
-80.1874924 -314.0000000 3.9101562
-80.1874924 -313.0000000 3.9101562
-80.3749924 -312.2500000 3.8828125
-80.3124924 -313.7500000 3.8750000
-80.3124924 -314.5000000 3.9453125
-80.4999924 -314.0000000 3.9023438
-80.2499924 -315.5000000 3.9257812
-80.3749924 -315.0000000 3.9101562
-80.1874924 -315.2500000 3.9140625
-80.2499924 -315.2500000 3.8964844
-80.1249924 -315.2500000 3.9101562
-80.3124924 -315.7500000 3.8984375
-80.1874924 -316.2500000 3.9375000
-80.4374924 -315.7500000 3.8769531
-80.0624924 -316.5000000 3.8984375
-80.2499924 -317.0000000 3.8984375
-80.4999924 -317.2500000 3.8925781
-80.2499924 -316.5000000 3.9101562
-80.3749924 -317.5000000 3.8867188
-80.0624924 -317.2500000 3.8671875
-80.1874924 -317.2500000 3.7929688
-79.8124924 -317.7500000 3.8398438
-80.1249924 -318.7500000 3.8945312
-79.7499924 -318.2500000 3.8085938
-79.4999924 -319.5000000 3.8359375
-79.4374924 -320.0000000 3.7929688
-79.1874924 -320.2500000 3.7929688
-79.1874924 -319.5000000 3.7675781
-79.1249924 -320.0000000 3.8046875
-78.9999924 -320.7500000 3.7695312
-78.6249924 -320.5000000 3.7636719
-78.3749924 -320.7500000 3.7304688
-77.6249924 -321.7500000 3.7656250
-78.4374924 -322.0000000 3.7539062
-77.7499924 -321.7500000 3.7734375
-77.9999924 -321.7500000 3.7773438
-77.9374924 -322.5000000 3.7851562
-77.9374924 -322.2500000 3.7812500
-77.4999924 -323.0000000 3.8007812
-77.6249924 -322.7500000 3.7695312
-77.6249924 -322.2500000 3.7871094
-76.6249924 -322.5000000 3.7929688
-77.0624924 -322.5000000 3.7734375
-77.3124924 -322.7500000 3.7597656
-77.3749924 -323.0000000 3.7851562
-77.0624924 -323.5000000 3.8222656
-77.6249924 -323.0000000 3.7988281
-77.3124924 -323.7500000 3.8398438
-77.4999924 -323.5000000 3.8671875
-77.4374924 -323.5000000 3.8535156
-77.0624924 -324.0000000 3.8886719
-77.4999924 -324.2500000 3.8906250
-77.6874924 -325.5000000 3.9843750
-77.2499924 -326.0000000 3.9570312
-77.4999924 -324.5000000 3.8828125
-77.4999924 -324.2500000 3.8867188
-75.8749924 -326.2500000 3.9726562
-77.4999924 -323.5000000 3.8750000
-77.0624924 -324.0000000 3.9023438
-73.1249924 -321.5000000 4.0820312
-77.0624924 -326.2500000 3.9960938
-77.2499924 -324.5000000 3.8867188
-77.2499924 -324.5000000 3.9257812
-77.3749924 -323.5000000 3.9492188
-77.1249924 -323.5000000 4.0273438
-77.2499924 -324.0000000 3.9531250
-76.9374924 -324.7500000 3.9101562
-76.6874924 -326.0000000 3.8847656
-76.6249924 -325.2500000 3.8125000
-76.6874924 -325.2500000 3.8164062
-76.3124924 -325.0000000 3.8203125
-76.6249924 -325.5000000 3.8515625
-75.6874924 -326.0000000 3.9023438
-75.4999924 -326.5000000 3.9218750
-75.3124924 -326.5000000 3.9453125
-74.8124924 -326.5000000 4.0039062
-73.9999924 -327.5000000 4.0585938
-74.1249924 -327.5000000 4.0742188
-73.9374924 -327.5000000 4.0546875
-73.4999924 -328.0000000 4.0781250
-72.7499924 -328.0000000 4.0664062
-73.8749924 -327.7500000 4.0664062
-73.7499924 -328.0000000 4.0703125
-72.7499924 -328.0000000 4.1015625
-72.6874924 -327.5000000 4.0937500
-71.8749924 -327.5000000 4.0859375
-71.4999924 -327.7500000 4.0820312
-72.1874924 -327.7500000 4.0781250
-71.9374924 -327.7500000 4.0937500
-72.9374924 -327.7500000 4.0937500
-70.7499924 -327.7500000 4.0703125
-71.3124924 -328.2500000 4.0703125
-69.4999924 -328.2500000 4.0625000
-70.1874924 -328.0000000 4.0859375
-70.0624924 -328.0000000 4.0781250
-70.7499924 -328.0000000 4.0742188
-69.1874924 -328.2500000 4.0625000
-70.6249924 -328.2500000 4.0703125
-70.2499924 -328.0000000 4.0664062
-67.0624924 -329.0000000 4.0585938
-68.3749924 -328.5000000 4.0703125
-66.9374924 -329.0000000 4.0546875
-67.4999924 -329.0000000 4.0507812
-67.3124924 -328.7500000 4.0625000
-66.1249924 -329.2500000 4.0429688
-66.5624924 -329.0000000 4.0625000
-67.2499924 -329.5000000 3.9882812
-66.3124924 -329.0000000 4.0546875
-66.1249924 -329.0000000 4.0429688
-65.3124924 -328.7500000 4.0429688
-64.9999924 -329.0000000 4.0351562
-64.3124924 -329.0000000 4.0273438
-64.0624924 -329.0000000 4.0312500
-64.3749924 -329.0000000 4.0273438
-63.6249924 -329.0000000 4.0156250
-64.8124924 -328.7500000 4.0195312
-62.4374924 -329.0000000 3.9960938
-62.8749924 -329.0000000 4.0078125
-62.9999924 -329.2500000 4.0000000
-61.0312424 -329.2500000 3.9882812
-62.2499924 -329.5000000 3.9960938
-61.3749924 -329.2500000 3.9804688
-60.6874924 -329.2500000 3.9921875
-60.9374924 -329.2500000 3.9804688
-60.2812424 -329.2500000 3.9804688
-60.5624924 -329.2500000 3.9843750
-59.6562424 -329.2500000 3.9687500
-60.1249924 -329.2500000 3.9843750
-60.3749924 -329.2500000 3.9843750
-58.7499924 -329.5000000 3.9648438
-59.7812424 -329.5000000 3.9804688
-59.8749924 -329.5000000 3.9765625
-57.6562424 -329.5000000 3.9531250
-58.8749924 -329.2500000 3.9648438
-58.4999924 -329.5000000 3.9648438
-58.0937424 -329.5000000 3.9531250
-59.0312424 -329.5000000 3.9609375
-58.7187424 -329.5000000 3.9609375
-57.0624924 -329.7500000 3.9375000
-56.6249924 -329.7500000 3.9414062
-56.5624924 -329.5000000 3.9218750
-56.7812424 -329.7500000 3.9335938
-55.4374924 -329.7500000 3.9179688
-55.9999924 -329.5000000 3.9218750
-56.3437424 -329.7500000 3.9257812
-56.4999924 -329.2500000 3.9218750
-55.8749924 -329.7500000 3.9140625
-55.8437424 -329.7500000 3.9179688
-56.4999924 -329.5000000 3.9140625
-57.8749924 -330.2500000 3.9843750
-53.6874924 -329.7500000 3.8750000
-54.6249924 -329.5000000 3.8984375
-53.4374924 -329.7500000 3.8945312
-52.8437424 -330.0000000 3.8789062
-52.9374924 -329.7500000 3.8867188
-53.5312424 -329.7500000 3.8867188
-55.5624924 -329.5000000 3.9179688
-52.1562424 -330.0000000 3.8750000
-53.4687424 -329.7500000 3.8808594
-52.8437424 -329.5000000 3.8710938
-51.7812424 -330.0000000 3.8710938
-50.5937424 -330.5000000 3.8515625
-50.7812424 -330.2500000 3.8593750
-51.7187424 -330.5000000 3.8691406
-51.1249924 -330.2500000 3.8554688
-50.0624924 -330.5000000 3.8515625
-50.8124924 -330.2500000 3.8515625
-48.9999924 -330.7500000 3.8417969
-50.4999924 -330.5000000 3.8476562
-49.5937424 -330.2500000 3.8378906
-48.6874924 -330.7500000 3.8359375
-49.0312424 -330.7500000 3.8398438
-47.7812424 -330.7500000 3.8398438
-47.2499924 -330.7500000 3.8320312
-46.9374924 -330.7500000 3.8320312
-46.6562424 -330.7500000 3.8417969
-48.2499924 -330.7500000 3.8398438
-47.1874924 -330.7500000 3.8437500
-47.4999924 -330.7500000 3.8378906
-47.3437424 -330.7500000 3.8476562
-46.0624924 -330.7500000 3.8437500
-46.0937424 -331.0000000 3.8457031
-43.9374924 -331.2500000 3.8613281
-43.8437424 -331.0000000 3.8554688
-43.0937424 -331.7500000 3.8593750
-43.3437424 -331.0000000 3.8554688
-44.6249924 -331.0000000 3.8554688
-43.9687424 -331.2500000 3.8535156
-43.4999924 -331.5000000 3.8515625
-42.6249924 -331.2500000 3.8691406
-41.8749924 -331.2500000 3.8691406
-41.9999924 -331.2500000 3.8710938
-40.8437424 -331.5000000 3.8828125
-41.4999924 -331.0000000 3.8710938
-39.3437424 -332.0000000 3.8964844
-41.5937424 -331.2500000 3.8671875
-40.6562424 -331.2500000 3.8847656
-41.0937424 -331.5000000 3.8945312
-40.1562424 -331.5000000 3.8945312
-38.6562424 -331.7500000 3.9023438
-39.6874924 -331.5000000 3.8867188
-40.0937424 -331.5000000 3.8867188
-39.7187424 -331.0000000 3.8828125
-39.6562424 -331.2500000 3.8945312
-38.5624924 -331.0000000 3.8828125
-38.4687424 -330.7500000 3.8867188
-37.8437424 -331.7500000 3.9062500
-37.0624924 -331.2500000 3.9062500
-39.1874924 -330.7500000 3.8789062
-37.4374924 -331.7500000 3.9101562
-36.4687424 -331.2500000 3.9062500
-36.4999924 -332.0000000 3.9218750
-36.2812424 -331.5000000 3.9062500
-37.6874924 -331.2500000 3.9101562
-35.2812424 -332.2500000 3.9335938
-35.0312424 -332.0000000 3.9257812
-35.8124924 -332.0000000 3.9257812
-33.9374924 -332.5000000 3.9492188
-34.5312424 -332.0000000 3.9296875
-34.4999924 -331.7500000 3.9257812
-33.0312424 -332.5000000 3.9531250
-33.1249924 -332.0000000 3.9375000
-33.1249924 -332.5000000 3.9609375
-33.0312424 -332.5000000 3.9570312
-31.8124924 -332.5000000 3.9609375
-31.7187424 -330.5000000 4.0156250
-32.7187424 -330.0000000 3.9921875
-32.4999924 -332.5000000 3.9804688
-31.4374924 -332.2500000 3.9570312
-32.5624924 -331.7500000 3.9218750
-32.0312424 -331.5000000 3.9375000
-31.6874924 -331.5000000 3.9257812
-30.6093674 -332.0000000 3.9492188
-31.5312424 -331.7500000 3.9453125
-30.7031174 -331.7500000 3.9335938
-30.4687424 -331.5000000 3.9414062
-29.4999924 -331.7500000 3.9648438
-28.7187424 -331.7500000 3.9609375
-29.4999924 -332.0000000 3.9609375
-28.7343674 -331.7500000 3.9648438
-28.7031174 -331.7500000 3.9570312
-27.9531174 -331.7500000 3.9609375
-27.8906174 -331.5000000 3.9687500
-28.0468674 -331.7500000 3.9765625
-27.8281174 -331.0000000 3.9726562
-27.8906174 -331.0000000 3.9726562
-27.1874924 -331.0000000 3.9531250
-26.8281174 -330.7500000 3.9296875
-26.8281174 -330.7500000 3.9335938
-26.9218674 -331.0000000 3.9375000
-26.8437424 -330.5000000 3.9296875
-26.9687424 -331.0000000 3.9257812
-26.0312424 -329.7500000 3.9140625
-25.7343674 -330.0000000 3.9140625
-25.4687424 -330.2500000 3.9062500
-24.5781174 -329.2500000 3.9023438
-24.2499924 -329.0000000 3.9023438
-23.6718750 -328.7500000 3.8847656
-23.4062500 -328.7500000 3.8945312
-23.3125000 -328.5000000 3.8867188
-23.4218750 -329.0000000 3.8945312
-23.1093750 -328.2500000 3.8945312
-23.0312500 -328.5000000 3.8847656
-22.3437500 -327.7500000 3.8828125
-21.8750000 -327.5000000 3.8828125
-21.9687500 -327.2500000 3.8789062
-21.9062500 -327.5000000 3.8730469
-21.5468750 -327.2500000 3.8750000
-21.2343750 -327.0000000 3.8750000
-21.8593750 -327.7500000 3.8691406
-20.7343750 -326.0000000 3.8710938
-20.5937500 -326.0000000 3.8750000
-20.8750000 -326.5000000 3.8789062
-20.5000000 -325.7500000 3.8730469
-20.5312500 -326.0000000 3.8750000
-20.5625000 -326.5000000 3.8867188
-20.1718750 -325.5000000 3.8691406
-20.2656250 -325.0000000 3.8769531
-19.5781250 -324.5000000 3.8828125
-19.9375000 -325.2500000 3.8828125
-19.8125000 -325.0000000 3.8828125
-19.9375000 -324.7500000 3.8750000
-19.8750000 -323.2500000 3.8750000
-20.0937500 -323.5000000 3.8671875
-19.8593750 -325.0000000 3.8671875
-19.4843750 -323.7500000 3.8574219
-19.0468750 -324.0000000 3.8417969
-18.9687500 -323.7500000 3.8652344
-19.1718750 -322.7500000 3.8632812
-19.5937500 -323.5000000 3.8710938
-19.1250000 -323.7500000 3.8554688
-19.3125000 -323.2500000 3.8593750
-19.3437500 -323.5000000 3.8632812
-18.7500000 -323.2500000 3.8769531
-19.0000000 -322.5000000 3.8867188
-18.9375000 -322.7500000 3.8828125
-19.1250000 -322.7500000 3.8710938
-18.1875000 -322.2500000 3.8789062
-18.7187500 -321.7500000 3.8671875
-18.2812500 -321.0000000 3.8750000
-18.1406250 -320.7500000 3.8593750
-17.2968750 -320.0000000 3.8789062
-17.1250000 -319.7500000 3.8710938
-17.5625000 -320.5000000 3.8691406
-17.2812500 -320.2500000 3.8789062
-16.6875000 -319.0000000 3.8730469
-16.6250000 -318.7500000 3.8789062
-16.7656250 -318.7500000 3.8789062
-16.6250000 -319.7500000 3.8808594
-16.7500000 -320.0000000 3.8769531
-16.1093750 -318.7500000 3.8710938
-16.2187500 -318.0000000 3.8789062
-16.1093750 -318.0000000 3.8789062
-16.0781250 -318.5000000 3.8769531
-15.8828125 -317.2500000 3.8750000
-16.4375000 -317.5000000 3.8671875
-15.5859375 -317.2500000 3.8710938
-15.8359375 -316.0000000 3.8593750
-15.3515625 -316.2500000 3.8652344
-16.0781250 -315.7500000 3.8613281
-15.7265625 -314.5000000 3.8613281
-15.3046875 -313.7500000 3.8632812
-15.3828125 -314.0000000 3.8593750
-15.2421875 -314.2500000 3.8632812
-14.7031250 -312.5000000 3.8632812
-15.4453125 -314.2500000 3.8515625
-15.4296875 -313.7500000 3.8535156
-14.6640625 -312.5000000 3.8671875
-14.9765625 -313.7500000 3.8554688
-14.7890625 -313.0000000 3.8593750
-14.8359375 -312.2500000 3.8437500
-13.8828125 -312.2500000 3.8710938
-14.5390625 -312.2500000 3.8593750
-13.5781250 -311.2500000 3.8515625
-13.7578125 -311.0000000 3.8476562
-13.4609375 -311.0000000 3.8476562
-13.2968750 -311.0000000 3.8613281
-13.9062500 -311.5000000 3.8476562
-13.0703125 -309.0000000 3.8398438
-13.0703125 -309.5000000 3.8398438
-12.9765625 -309.2500000 3.8515625
-13.0703125 -309.0000000 3.8554688
-13.7578125 -309.2500000 3.8593750
-13.7343750 -309.7500000 3.8671875
-14.2031250 -310.2500000 3.8515625
-14.2265625 -307.7500000 3.8554688
-13.9765625 -308.0000000 3.8593750
-14.1484375 -309.7500000 3.8671875
-14.0703125 -307.5000000 3.8632812
-13.9140625 -308.0000000 3.8554688
-14.0234375 -307.0000000 3.8496094
-13.8515625 -306.2500000 3.8515625
-14.0859375 -306.0000000 3.8535156
-13.5546875 -306.0000000 3.8496094
-13.5156250 -304.5000000 3.8457031
-13.5781250 -304.7500000 3.8496094
-13.4609375 -304.2500000 3.8476562
-13.2187500 -304.0000000 3.8437500
-13.0390625 -302.0000000 3.8515625
-13.2968750 -303.7500000 3.8398438
-13.2187500 -304.0000000 3.8515625
-13.0703125 -303.7500000 3.8554688
-13.0390625 -303.5000000 3.8554688
-12.9218750 -303.5000000 3.8671875
-12.3828125 -303.2500000 3.8789062
-11.9296875 -304.2500000 3.8847656
-11.9765625 -301.7500000 3.8945312
-11.9765625 -301.2500000 3.8925781
-11.9140625 -301.5000000 3.8906250
-11.9765625 -300.7500000 3.8867188
-11.7265625 -302.0000000 3.8906250
-11.6328125 -301.2500000 3.9062500
-12.0000000 -300.7500000 3.8789062
-12.0859375 -299.7500000 3.8808594
-11.9375000 -299.7500000 3.8593750
-12.1093750 -296.0000000 3.8515625
-11.7421875 -292.5000000 3.8476562
-11.8437500 -296.2500000 3.8691406
-11.7734375 -295.0000000 3.8750000
-11.7265625 -295.0000000 3.8691406
-11.9296875 -296.2500000 3.8476562
-11.6484375 -296.2500000 3.8671875
-11.8906250 -297.5000000 3.8632812
-11.8359375 -296.7500000 3.8710938
-11.8593750 -296.7500000 3.8769531
-11.8671875 -298.2500000 3.8750000
-11.7968750 -297.7500000 3.8710938
-11.8828125 -297.0000000 3.8710938
-11.8046875 -296.0000000 3.8750000
-11.8125000 -295.7500000 3.8750000
-11.8906250 -296.5000000 3.8671875
-11.7265625 -294.2500000 3.8984375
-11.7578125 -295.0000000 3.8808594
-12.0859375 -293.7500000 3.8750000
-11.8203125 -294.2500000 3.8808594
-11.8125000 -294.2500000 3.8886719
-11.8281250 -294.2500000 3.8906250
-11.7812500 -293.7500000 3.8984375
-11.8906250 -293.0000000 3.8906250
-11.7109375 -294.5000000 3.9023438
-11.7812500 -292.0000000 3.9023438
-12.0703125 -292.0000000 3.8906250
-11.7812500 -292.2500000 3.9140625
-11.9218750 -291.5000000 3.9023438
-11.3593750 -291.5000000 3.9453125
-11.5156250 -292.5000000 3.9257812
-11.4140625 -290.2500000 3.9414062
-11.3906250 -290.7500000 3.9453125
-11.2968750 -290.5000000 3.9531250
-11.3593750 -290.7500000 3.9531250
-11.3984375 -290.2500000 3.9414062
-11.4687500 -292.0000000 3.9335938
-11.5546875 -288.0000000 3.9570312
-11.4062500 -290.2500000 3.9492188
-11.6093750 -288.5000000 3.9453125
-11.6406250 -289.0000000 3.9414062
-11.7500000 -288.2500000 3.9296875
-11.9140625 -289.0000000 3.9101562
-11.7500000 -288.5000000 3.9414062
-11.9140625 -287.0000000 3.9375000
-11.8984375 -286.7500000 3.9335938
-11.7265625 -287.0000000 3.9335938
-12.1328125 -287.2500000 3.9218750
-11.8593750 -286.7500000 3.9179688
-11.7265625 -287.5000000 3.9296875
-11.9453125 -287.5000000 3.9335938
-11.7578125 -286.5000000 3.9257812
-12.0859375 -284.2500000 3.9062500
-12.1093750 -284.0000000 3.9101562
-11.8671875 -286.0000000 3.9140625
-12.0781250 -283.5000000 3.9140625
-11.7890625 -284.7500000 3.9296875
-11.8515625 -284.0000000 3.9414062
-11.9062500 -283.5000000 3.9296875
-12.1171875 -283.2500000 3.9140625
-11.9218750 -284.5000000 3.9218750
-12.0078125 -283.7500000 3.9335938
-12.2343750 -283.7500000 3.8984375
-12.4453125 -282.2500000 3.9023438
-11.8281250 -284.7500000 3.9296875
-11.7734375 -285.0000000 3.9414062
-12.1406250 -283.5000000 3.9062500
-12.3125000 -282.7500000 3.8925781
-12.2031250 -282.2500000 3.8964844
-12.7265625 -280.5000000 3.8984375
-12.3203125 -282.0000000 3.9062500
-12.1171875 -282.5000000 3.9023438
-12.2421875 -282.0000000 3.9062500
-12.1796875 -281.7500000 3.9218750
-12.3437500 -281.5000000 3.9218750
-12.2656250 -281.5000000 3.9062500
-12.4765625 -279.5000000 3.9140625
-12.7109375 -280.0000000 3.8984375
-12.3828125 -280.5000000 3.9062500
-12.6250000 -278.7500000 3.9335938
-12.4375000 -278.0000000 3.9414062
-12.1093750 -279.7500000 3.9453125
-12.1875000 -279.0000000 3.9453125
-12.5781250 -279.0000000 3.9218750
-12.2421875 -280.2500000 3.9101562
-12.2578125 -281.7500000 3.9062500
-12.3515625 -278.5000000 3.9296875
-12.3437500 -278.5000000 3.9492188
-12.3593750 -275.5000000 3.9296875
-12.2187500 -275.2500000 3.9375000
-12.5703125 -276.7500000 3.9335938
-12.6406250 -275.5000000 3.9453125
-12.7656250 -276.0000000 3.9414062
-12.2265625 -274.2500000 3.9687500
-12.3203125 -274.5000000 3.9726562
-12.8750000 -275.5000000 3.9414062
-12.8750000 -275.5000000 3.9492188
-12.9765625 -275.2500000 3.9531250
-12.6640625 -273.2500000 3.9726562
-12.6171875 -274.0000000 3.9570312
-12.4375000 -272.7500000 3.9765625
-12.8515625 -274.5000000 3.9453125
-12.7578125 -274.7500000 3.9609375
-13.0000000 -274.5000000 3.9453125
-12.8359375 -274.5000000 3.9570312
-12.4843750 -271.7500000 3.9765625
-12.7968750 -272.5000000 3.9726562
-12.5625000 -269.7500000 3.9960938
-12.3281250 -271.0000000 4.0039062
-12.8046875 -269.5000000 4.0039062
-12.6953125 -272.7500000 3.9804688
-12.4609375 -271.7500000 3.9882812
-12.3359375 -269.2500000 4.0195312
-12.7265625 -270.2500000 3.9843750
-12.1953125 -270.7500000 3.9960938
-12.2812500 -270.0000000 3.9960938
-11.8906250 -269.2500000 4.0156250
-12.3671875 -268.7500000 4.0039062
-12.3593750 -268.5000000 4.0156250
-12.6171875 -268.5000000 3.9960938
-12.7812500 -267.0000000 4.0000000
-12.4140625 -266.0000000 4.0195312
-12.9765625 -267.2500000 3.9843750
-12.4140625 -267.2500000 3.9882812
-12.6015625 -265.5000000 4.0039062
-12.5234375 -266.2500000 4.0117188
-12.6640625 -266.0000000 4.0078125
-13.0546875 -266.0000000 3.9921875
-12.7343750 -265.2500000 4.0078125
-12.5859375 -264.7500000 4.0117188
-12.5625000 -263.2500000 4.0195312
-12.4531250 -264.5000000 4.0234375
-12.5000000 -265.7500000 4.0195312
-12.4218750 -263.5000000 4.0390625
-12.3125000 -263.7500000 4.0390625
-12.4375000 -264.5000000 4.0390625
-12.3593750 -263.7500000 4.0390625
-12.6875000 -263.5000000 4.0312500
-12.7734375 -262.2500000 4.0156250
-12.7812500 -262.7500000 4.0195312
-12.4765625 -261.7500000 4.0234375
-12.9453125 -262.5000000 4.0078125
-12.5078125 -261.7500000 4.0273438
-12.6875000 -262.2500000 4.0156250
-13.1328125 -261.7500000 3.9921875
-12.6015625 -259.7500000 4.0117188
-12.7500000 -259.0000000 3.9960938
-12.5781250 -260.5000000 4.0195312
-13.1640625 -261.7500000 4.0039062
-12.6250000 -258.5000000 4.0156250
-12.4218750 -259.2500000 4.0117188
-12.7500000 -258.5000000 4.0039062
-12.8750000 -257.5000000 3.9882812
-12.8984375 -259.5000000 4.0039062
-12.8125000 -258.7500000 4.0078125
-12.7812500 -256.7500000 3.9921875
-12.9843750 -257.0000000 3.9804688
-13.1406250 -258.5000000 3.9843750
-12.6406250 -258.0000000 4.0000000
-12.9140625 -257.0000000 3.9687500
-12.9218750 -258.0000000 3.9882812
-13.8671875 -256.5000000 3.9570312
-12.8359375 -255.7500000 3.9687500
-13.2109375 -256.2500000 3.9687500
-13.0468750 -254.6250000 3.9687500
-12.5859375 -255.3750000 3.9921875
-13.1328125 -254.8750000 3.9687500
-13.1796875 -254.5000000 3.9609375
-13.2812500 -254.3750000 3.9453125
-13.5468750 -254.0000000 3.9453125
-13.6640625 -254.3750000 3.9414062
-13.5703125 -253.5000000 3.9375000
-13.6093750 -253.3750000 3.9335938
-13.4531250 -254.2500000 3.9335938
-13.0234375 -252.7500000 3.9335938
-12.5078125 -251.0000000 3.9414062
-12.8125000 -251.2500000 3.9335938
-12.7265625 -251.2500000 3.9375000
-12.4687500 -251.0000000 3.9453125
-12.8437500 -251.5000000 3.9453125
-13.2734375 -251.1250000 3.9414062
-12.7421875 -250.7500000 3.9375000
-12.2968750 -249.6250000 3.9414062
-12.3203125 -250.2500000 3.9375000
-12.0625000 -250.1250000 3.9492188
-12.1562500 -249.0000000 3.9531250
-11.8906250 -247.1250000 3.9492188
-12.1406250 -248.6250000 3.9414062
-11.6484375 -246.7500000 3.9531250
-11.4687500 -246.6250000 3.9492188
-11.5937500 -246.3750000 3.9531250
-11.8125000 -246.8750000 3.9570312
-11.8359375 -247.1250000 3.9531250
-11.4843750 -246.3750000 3.9570312
-11.7265625 -246.6250000 3.9492188
-11.4609375 -246.0000000 3.9648438
-11.6796875 -246.0000000 3.9609375
-11.2656250 -245.6250000 3.9648438
-11.8906250 -246.1250000 3.9609375
-11.4765625 -246.1250000 3.9726562
-11.3750000 -245.8750000 3.9726562
-11.5234375 -244.7500000 3.9726562
-11.3203125 -243.8750000 3.9453125
-11.2656250 -244.5000000 3.9531250
-10.9531250 -243.2500000 3.9296875
-11.1640625 -244.3750000 3.9609375
-10.8984375 -243.5000000 3.9570312
-10.8906250 -244.1250000 3.9453125
-10.3515625 -242.8750000 3.9335938
-10.3515625 -243.0000000 3.9335938
-10.1875000 -242.7500000 3.9453125
-9.9921875 -241.3750000 3.9492188
-10.2578125 -242.7500000 3.9296875
-10.7656250 -244.3750000 3.9414062
-10.2734375 -242.3750000 3.9414062
-10.0234375 -242.1250000 3.9335938
-9.4843750 -239.5000000 3.9375000
-9.6875000 -241.0000000 3.9375000
-9.6953125 -241.6250000 3.9375000
-9.4531250 -239.3750000 3.9414062
-9.6328125 -240.0000000 3.9453125
-9.0703125 -237.7500000 3.9296875
-9.1953125 -238.1250000 3.9296875
-9.1796875 -238.2500000 3.9414062
-8.8828125 -237.0000000 3.9335938
-9.1250000 -238.7500000 3.9296875
-9.4453125 -238.8750000 3.9296875
-9.0937500 -237.7500000 3.9179688
-8.9765625 -237.8750000 3.9257812
-9.8593750 -239.7500000 3.9179688
-9.5625000 -238.5000000 3.9140625
-9.1718750 -237.8750000 3.8867188
-9.5937500 -238.5000000 3.9101562
-9.0312500 -236.5000000 3.8867188
-8.8671875 -237.1250000 3.8945312
-8.6250000 -235.7500000 3.8828125
-8.5781250 -234.7500000 3.8867188
-8.7890625 -236.8750000 3.8964844
-8.8515625 -236.5000000 3.8906250
-8.6640625 -236.5000000 3.9062500
-8.9296875 -236.8750000 3.9023438
-8.4531250 -237.0000000 3.8828125
-8.8046875 -237.3750000 3.8828125
-8.7578125 -236.1250000 3.8945312
-8.9296875 -237.0000000 3.8984375
-8.5312500 -236.0000000 3.8984375
-8.6875000 -236.5000000 3.8964844
-9.0546875 -236.0000000 3.8828125
-8.6562500 -235.7500000 3.9023438
-8.1640625 -234.1250000 3.8925781
-8.0546875 -233.8750000 3.8828125
-8.3125000 -234.1250000 3.8847656
-7.8828125 -232.8750000 3.8906250
-7.9062500 -232.7500000 3.8867188
-7.3125000 -231.5000000 3.8867188
-7.6406250 -232.2500000 3.8906250
-7.6875000 -231.6250000 3.8828125
-7.8203125 -231.8750000 3.8945312
-7.5937500 -231.2500000 3.8945312
-7.5390625 -230.7500000 3.8906250
-7.6484375 -230.7500000 3.8906250
-7.5000000 -230.5000000 3.8867188
-7.3359375 -229.8750000 3.8828125
-7.4921875 -230.8750000 3.8789062
-7.3125000 -229.8750000 3.8730469
-7.2500000 -230.8750000 3.8906250
-7.2187500 -229.1250000 3.8671875
-7.5703125 -229.5000000 3.8750000
-7.5234375 -230.5000000 3.8828125
-7.0468750 -228.7500000 3.8906250
-7.3203125 -228.6250000 3.8691406
-7.0234375 -228.3750000 3.8769531
-7.2734375 -229.0000000 3.8691406
-6.7968750 -227.1250000 3.8515625
-6.8359375 -227.0000000 3.8593750
-6.9062500 -227.5000000 3.8554688
-6.3828125 -225.5000000 3.8535156
-6.8750000 -226.5000000 3.8476562
-6.1328125 -225.2500000 3.8535156
-6.3984375 -223.8750000 3.8203125
-6.1640625 -224.0000000 3.8242188
-5.8984375 -224.6250000 3.8281250
-6.2812500 -223.7500000 3.8085938
-6.2500000 -223.0000000 3.8125000
-6.2578125 -223.1250000 3.8203125
-5.4921875 -221.6250000 3.8085938
-5.5703125 -221.8750000 3.8125000
-5.9140625 -221.3750000 3.8105469
-5.4140625 -221.6250000 3.8125000
-5.3593750 -219.5000000 3.8046875
-5.4687500 -220.3750000 3.8085938
-5.4296875 -219.0000000 3.8164062
-5.4765625 -219.5000000 3.8164062
-5.7265625 -219.2500000 3.8085938
-5.4296875 -218.7500000 3.8144531
-5.6875000 -220.1250000 3.8046875
-6.0000000 -218.8750000 3.8007812
-6.0234375 -219.3750000 3.7890625
-5.5390625 -218.5000000 3.8007812
-5.7578125 -218.3750000 3.7890625
-5.5078125 -218.1250000 3.8027344
-5.2031250 -217.3750000 3.8085938
-4.8046875 -216.8750000 3.8125000
-5.4375000 -217.6250000 3.8085938
-5.7500000 -217.5000000 3.7968750
-5.2890625 -216.3750000 3.8085938
-4.9062500 -216.3750000 3.7929688
-4.4687500 -215.6250000 3.7890625
-4.6562500 -215.6250000 3.7812500
-4.6093750 -215.3750000 3.7871094
-4.5078125 -214.8750000 3.7851562
-4.5625000 -214.0000000 3.7890625
-5.6093750 -215.0000000 3.7656250
-4.8984375 -214.2500000 3.7851562
-5.0468750 -214.3750000 3.7617188
-6.0546875 -213.3750000 3.7285156
-5.6093750 -214.3750000 3.7382812
-6.5078125 -213.7500000 3.7207031
-6.0390625 -213.5000000 3.7226562
-6.3906250 -213.6250000 3.7265625
-6.0859375 -212.5000000 3.7187500
-5.8281250 -212.2500000 3.7226562
-6.4218750 -212.7500000 3.7285156
-6.0781250 -212.7500000 3.7265625
-6.0781250 -212.6250000 3.7304688
-5.7890625 -211.6250000 3.7246094
-5.6718750 -211.1250000 3.7226562
-5.9062500 -210.2500000 3.7070312
-5.4453125 -209.5000000 3.7167969
-4.7968750 -209.3750000 3.7226562
-5.4453125 -208.8750000 3.7070312
-5.1328125 -208.5000000 3.7070312
-5.3437500 -207.7500000 3.6816406
-5.3515625 -207.3750000 3.6777344
-5.4687500 -207.7500000 3.6835938
-5.1718750 -207.1250000 3.6953125
-5.4296875 -207.2500000 3.6894531
-5.3046875 -207.0000000 3.6894531
-4.9921875 -206.6250000 3.6992188
-4.9843750 -207.1250000 3.7109375
-5.0468750 -206.3750000 3.7031250
-4.7890625 -206.3750000 3.7070312
-4.9843750 -205.7500000 3.6855469
-4.5546875 -205.3750000 3.6875000
-4.5468750 -205.0000000 3.6738281
-4.7343750 -204.3750000 3.6484375
-4.6953125 -204.1250000 3.6367188
-4.5078125 -203.2500000 3.6171875
-4.6484375 -203.7500000 3.6347656
-4.8281250 -203.1250000 3.6171875
-4.6718750 -203.0000000 3.6191406
-5.1796875 -202.1250000 3.5937500
-4.3906250 -203.1250000 3.6289062
-4.5625000 -202.5000000 3.6210938
-4.4843750 -204.3750000 3.6875000
-4.2890625 -204.3750000 3.7109375
-4.4140625 -204.1250000 3.6914062
-4.4843750 -203.1250000 3.6660156
-4.5781250 -202.6250000 3.6289062
-4.5234375 -202.2500000 3.6289062
-4.6406250 -202.0000000 3.6289062
-4.4765625 -202.5000000 3.6601562
-4.2265625 -203.5000000 3.6933594
-4.3906250 -203.1250000 3.6953125
-4.5859375 -203.0000000 3.6972656
-3.5410156 -203.0000000 3.6757812
-4.1484375 -204.1250000 3.6679688
-4.4921875 -202.2500000 3.6992188
-3.7558594 -200.6250000 3.7070312
-4.1328125 -200.2500000 3.7089844
-3.4238281 -199.8750000 3.6796875
-1.9062500 -195.8750000 3.6718750
-3.4042969 -199.2500000 3.6484375
-3.7089844 -199.3750000 3.6757812
-4.6640625 -198.6250000 3.6796875
-3.6894531 -198.7500000 3.6816406
-4.3125000 -198.8750000 3.6640625
-4.0859375 -199.0000000 3.6621094
-4.2343750 -198.8750000 3.6562500
-4.6484375 -198.0000000 3.6210938
-2.9277344 -198.2500000 3.6289062
-1.6445312 -198.2500000 3.6074219
-2.7792969 -197.7500000 3.6035156
-2.8535156 -198.3750000 3.6250000
-2.0625000 -198.5000000 3.6093750
-1.7226562 -198.6250000 3.6113281
-2.8730469 -198.1250000 3.6054688
-1.9277344 -198.7500000 3.6132812
-1.2578125 -198.6250000 3.6035156
-2.5468750 -198.0000000 3.5937500
-0.2480469 -198.2500000 3.5878906
-0.7617188 -198.5000000 3.5957031
0.8984375 -198.7500000 3.5898438
-0.9335938 -198.3750000 3.5859375
0.2568359 -198.5000000 3.5898438
1.2099609 -198.6250000 3.5839844
0.5556641 -198.5000000 3.5878906
1.6220703 -198.6250000 3.5859375
1.3066406 -198.3750000 3.5859375
1.4306641 -198.2500000 3.5703125
2.8359375 -198.3750000 3.5742188
1.2832031 -198.7500000 3.5664062
1.8398438 -198.5000000 3.5703125
2.3437500 -198.6250000 3.5605469
3.3144531 -198.7500000 3.5703125
3.0820312 -198.7500000 3.5546875
3.5527344 -198.6250000 3.5449219
2.6308594 -198.6250000 3.5644531
3.3398438 -198.8750000 3.5546875
5.3125000 -198.8750000 3.5234375
4.0312500 -198.5000000 3.5507812
3.4609375 -198.7500000 3.5605469
5.0742188 -199.0000000 3.5546875
6.1406250 -198.6250000 3.5429688
6.4375000 -198.6250000 3.5390625
6.3359375 -198.5000000 3.5449219
7.8125000 -198.5000000 3.5234375
7.5234375 -198.1250000 3.5273438
7.6953125 -198.2500000 3.5312500
7.1718750 -198.2500000 3.5351562
8.0000000 -198.3750000 3.5234375
7.9296875 -198.5000000 3.5195312
9.1953125 -198.5000000 3.5078125
8.9765625 -198.2500000 3.5078125
9.5234375 -198.5000000 3.5039062
10.2656250 -198.2500000 3.4921875
9.1484375 -198.5000000 3.5097656
9.6640625 -198.2500000 3.5058594
10.5390625 -198.3750000 3.4921875
11.6953125 -198.2500000 3.4609375
10.6406250 -198.2500000 3.4843750
11.5468750 -198.2500000 3.4609375
11.4296875 -197.8750000 3.4609375
11.4531250 -198.2500000 3.4687500
12.4765625 -198.1250000 3.4570312
12.4921875 -198.3750000 3.4550781
12.5312500 -198.3750000 3.4531250
12.8984375 -198.3750000 3.4492188
12.7578125 -198.3750000 3.4570312
13.5078125 -198.2500000 3.4453125
12.9062500 -198.1250000 3.4589844
15.0859375 -198.2500000 3.4199219
15.6250000 -198.1250000 3.4101562
14.2734375 -198.1250000 3.4335938
15.2656250 -198.0000000 3.4238281
16.1718750 -198.0000000 3.4121094
14.9140625 -198.1250000 3.4257812
17.1406250 -197.8750000 3.4042969
15.7500000 -198.2500000 3.4121094
16.6875000 -198.0000000 3.4062500
17.3281250 -197.6250000 3.4062500
16.8906250 -198.2500000 3.3945312
17.4687500 -198.0000000 3.3945312
17.3750000 -197.8750000 3.4042969
17.5000000 -197.8750000 3.3945312
17.6718750 -197.7500000 3.3906250
18.6406250 -197.8750000 3.3886719
19.0000000 -198.0000000 3.3789062
18.8906250 -197.7500000 3.3867188
18.8281250 -197.8750000 3.3886719
20.2968750 -197.7500000 3.3789062
19.7187500 -197.8750000 3.3828125
19.4687500 -197.6250000 3.3867188
19.6875000 -197.5000000 3.3867188
19.0156250 -197.3750000 3.3945312
18.9218750 -197.5000000 3.3925781
20.3750000 -197.7500000 3.3769531
21.5000000 -198.0000000 3.3671875
22.2031250 -198.0000000 3.3671875
22.4687500 -198.5000000 3.3593750
22.2343750 -198.3750000 3.3613281
22.3750000 -198.5000000 3.3554688
22.8281250 -198.1250000 3.3632812
23.7812500 -197.8750000 3.3652344
23.2812500 -197.8750000 3.3730469
24.1406250 -198.2500000 3.3613281
23.5937500 -197.8750000 3.3593750
24.2343750 -198.0000000 3.3515625
24.6562500 -197.8750000 3.3554688
24.9062500 -197.5000000 3.3554688
24.7187500 -197.8750000 3.3671875
25.4218750 -197.2500000 3.3593750
25.5468750 -197.3750000 3.3613281
26.0781250 -196.6250000 3.3632812
26.1718750 -196.7500000 3.3671875
27.0312500 -197.1250000 3.3730469
27.1718750 -196.3750000 3.3828125
28.0625000 -197.0000000 3.3906250
28.4062500 -197.3750000 3.4062500
28.3437500 -196.7500000 3.3984375
28.4531250 -196.7500000 3.3964844
28.9062500 -195.7500000 3.4140625
28.4218750 -195.8750000 3.4101562
28.3906250 -190.7500000 3.3125000
27.3437500 -191.1250000 3.3320312
28.2812500 -196.3750000 3.3671875
28.1093750 -196.3750000 3.3945312
28.5156250 -196.1250000 3.4218750
28.7187500 -196.6250000 3.4257812
28.4062500 -195.5000000 3.4101562
28.9531250 -196.0000000 3.4121094
28.9687500 -196.5000000 3.3945312
29.1250000 -196.2500000 3.3886719
28.9531250 -196.6250000 3.3828125
29.0625000 -196.8750000 3.3789062
29.0000000 -196.0000000 3.3710938
29.3437500 -196.3750000 3.3789062
29.0156250 -196.1250000 3.3789062
28.8281250 -196.1250000 3.3906250
28.8906250 -196.5000000 3.3769531
28.8125000 -195.6250000 3.4042969
29.0937500 -196.3750000 3.4140625
28.9062500 -196.3750000 3.4101562
28.8437500 -196.0000000 3.4023438
28.9531250 -196.2500000 3.4121094
28.6250000 -196.0000000 3.3945312
28.5625000 -195.8750000 3.4160156
28.4375000 -196.0000000 3.4062500
28.4375000 -195.6250000 3.4277344
28.2812500 -196.0000000 3.4042969
28.8125000 -195.1250000 3.3984375
29.0625000 -195.2500000 3.4101562
28.9062500 -196.3750000 3.3984375
28.9843750 -196.2500000 3.4179688
28.7968750 -195.7500000 3.3984375
28.9062500 -196.0000000 3.3945312
28.6875000 -196.0000000 3.3984375
28.9062500 -196.1250000 3.3984375
29.0156250 -196.2500000 3.3984375
28.9062500 -196.1250000 3.3984375
28.9218750 -195.8750000 3.3906250
28.7031250 -196.2500000 3.4023438
29.1093750 -196.2500000 3.4082031
28.7656250 -195.6250000 3.3867188
28.9687500 -195.7500000 3.3906250
28.9375000 -195.8750000 3.3828125
29.0781250 -195.1250000 3.3867188
28.5625000 -196.1250000 3.3906250
28.8906250 -195.5000000 3.3925781
28.9843750 -195.3750000 3.3945312
29.0312500 -195.6250000 3.4042969
29.0156250 -196.1250000 3.3906250
28.7187500 -195.7500000 3.4023438
28.9375000 -195.6250000 3.4062500
28.6562500 -196.1250000 3.3945312
28.8281250 -196.0000000 3.4003906
29.0468750 -195.7500000 3.3906250
29.0156250 -196.0000000 3.3906250
29.0781250 -196.5000000 3.3828125
29.0625000 -196.2500000 3.3886719
28.6406250 -195.6250000 3.3886719
28.5312500 -196.6250000 3.3984375
28.7656250 -196.2500000 3.3906250
28.9687500 -195.5000000 3.3925781
28.8281250 -195.8750000 3.3925781
28.4531250 -196.3750000 3.3886719
29.0000000 -195.5000000 3.3984375
29.2031250 -196.2500000 3.4023438
28.3750000 -195.6250000 3.4199219
28.5781250 -195.7500000 3.4101562
28.9531250 -195.6250000 3.3945312
28.8906250 -195.6250000 3.3906250
28.6718750 -195.7500000 3.4023438
28.8437500 -196.0000000 3.3906250
29.0625000 -195.3750000 3.4023438
29.2031250 -196.2500000 3.3769531
28.5625000 -195.7500000 3.3945312
28.9218750 -195.7500000 3.3925781
28.6562500 -196.2500000 3.3906250
28.8906250 -196.1250000 3.3984375
28.7343750 -195.8750000 3.3945312
28.6093750 -196.1250000 3.3945312
28.5937500 -196.5000000 3.3906250
28.8281250 -196.1250000 3.3828125
28.9687500 -195.8750000 3.4003906
28.8906250 -195.6250000 3.3867188
29.0625000 -196.5000000 3.3945312
28.7031250 -196.5000000 3.3867188
30.3750000 -195.6250000 3.3867188
28.9531250 -195.6250000 3.3945312
28.4843750 -196.3750000 3.3867188
28.8437500 -195.5000000 3.3906250
28.9218750 -196.2500000 3.3906250
28.8750000 -196.6250000 3.3906250
28.7343750 -196.0000000 3.3945312
28.5937500 -196.3750000 3.3945312
28.8281250 -196.0000000 3.3906250
28.4062500 -196.2500000 3.3945312
28.9531250 -195.7500000 3.3867188
28.8906250 -195.8750000 3.3828125
28.7812500 -195.8750000 3.3867188
28.9843750 -195.6250000 3.3867188
28.7968750 -196.0000000 3.3984375
29.1562500 -195.3750000 3.3984375
29.0468750 -196.1250000 3.3867188
29.0312500 -196.5000000 3.3984375
28.9062500 -196.1250000 3.3925781
29.2343750 -196.6250000 3.3828125
28.6406250 -196.6250000 3.3945312
28.6093750 -196.3750000 3.3925781
28.8437500 -196.0000000 3.3867188
28.9843750 -196.0000000 3.3828125
28.8125000 -196.1250000 3.3828125
28.6718750 -195.6250000 3.3925781
28.9531250 -197.0000000 3.3828125
29.3281250 -195.8750000 3.4023438
28.8593750 -195.2500000 3.3945312
29.0781250 -196.0000000 3.3925781
28.7812500 -195.3750000 3.3984375
28.6406250 -196.0000000 3.3867188
28.7812500 -196.2500000 3.3945312
28.8593750 -196.5000000 3.3828125
28.9843750 -196.3750000 3.3867188
28.8437500 -195.8750000 3.4062500
28.8593750 -196.6250000 3.3925781
28.8906250 -195.8750000 3.3867188
28.8750000 -195.7500000 3.3925781
28.6562500 -196.2500000 3.4023438
29.0312500 -196.1250000 3.4003906
28.8906250 -196.6250000 3.3867188
28.8437500 -196.2500000 3.3945312
29.4218750 -196.2500000 3.3867188
28.7812500 -195.5000000 3.3984375
28.9531250 -195.8750000 3.3906250
28.6562500 -196.3750000 3.3867188
28.6875000 -196.1250000 3.4062500
28.7968750 -197.0000000 3.4062500
28.8125000 -197.1250000 3.3847656
28.5312500 -196.6250000 3.3945312
28.8125000 -196.6250000 3.3886719
29.0781250 -196.8750000 3.3984375
28.6406250 -196.2500000 3.4003906
28.8437500 -195.3750000 3.4042969
28.8750000 -195.8750000 3.3945312
29.0468750 -196.6250000 3.3886719
29.1406250 -195.8750000 3.3886719
28.9218750 -196.3750000 3.3925781
28.7656250 -196.3750000 3.3984375
28.8281250 -196.2500000 3.3867188
28.8593750 -196.3750000 3.3906250
28.9062500 -195.7500000 3.3867188
28.5625000 -196.2500000 3.3886719
28.6406250 -196.2500000 3.3789062
29.1718750 -196.2500000 3.3906250
29.1406250 -195.7500000 3.4042969
29.0000000 -196.3750000 3.3867188
29.1093750 -196.0000000 3.3906250
28.5937500 -196.3750000 3.3867188
28.9375000 -196.0000000 3.3867188
28.6406250 -196.5000000 3.3886719
28.8750000 -196.1250000 3.3906250
29.0468750 -196.0000000 3.3984375
28.6250000 -196.3750000 3.3828125
29.0312500 -196.3750000 3.3906250
28.9062500 -195.8750000 3.3906250
28.5000000 -196.0000000 3.3906250
29.1250000 -195.6250000 3.3945312
28.7031250 -196.2500000 3.3906250
28.7500000 -196.0000000 3.3925781
28.5625000 -196.3750000 3.3906250
28.8750000 -195.7500000 3.3984375
28.8593750 -195.5000000 3.3925781
28.8593750 -195.7500000 3.3964844
28.9218750 -195.6250000 3.3964844
28.9062500 -196.5000000 3.3945312
28.8281250 -196.0000000 3.3925781
28.7500000 -196.5000000 3.3886719
28.5312500 -196.3750000 3.3984375
28.9843750 -196.1250000 3.4003906
28.4843750 -196.3750000 3.3984375
28.8437500 -195.7500000 3.4003906
28.9218750 -196.5000000 3.3789062
28.8906250 -196.1250000 3.3984375
28.3281250 -195.8750000 3.4042969
29.0312500 -196.0000000 3.3984375
28.7656250 -196.2500000 3.3964844
29.0000000 -196.1250000 3.4062500
28.7187500 -196.5000000 3.4062500
28.7187500 -196.0000000 3.4042969
28.8593750 -196.6250000 3.4082031
29.1406250 -195.8750000 3.4062500
28.8593750 -196.5000000 3.4140625
28.5937500 -196.3750000 3.4023438
29.1250000 -196.0000000 3.3945312
29.0312500 -195.8750000 3.4179688
28.8750000 -195.7500000 3.3984375
28.4375000 -196.0000000 3.4062500
28.3125000 -196.1250000 3.3945312
28.7656250 -196.8750000 3.3964844
29.3437500 -196.5000000 3.3964844
28.8437500 -196.2500000 3.3828125
28.9531250 -195.6250000 3.3945312
28.8750000 -196.5000000 3.3906250
28.3593750 -197.1250000 3.3828125
28.8437500 -197.1250000 3.3906250
28.9843750 -196.7500000 3.3945312
29.1562500 -196.5000000 3.3828125
29.4375000 -195.6250000 3.3593750
29.3125000 -196.1250000 3.3554688
30.2187500 -197.5000000 3.3671875
29.5156250 -197.5000000 3.3710938
29.9062500 -197.6250000 3.3671875
29.7343750 -199.5000000 3.3457031
28.6875000 -202.6250000 3.3828125
17.6875000 -215.2500000 3.3476562
30.1093750 -201.1250000 3.3339844
30.8437500 -198.7500000 3.3554688
30.9062500 -198.0000000 3.3437500
30.5937500 -196.2500000 3.3359375
29.8906250 -195.6250000 3.3671875
29.5625000 -195.2500000 3.3906250
30.3750000 -194.6250000 3.3828125
30.0625000 -195.0000000 3.4101562
30.2343750 -194.0000000 3.4023438
30.6093750 -193.1250000 3.3671875
31.0156250 -193.3750000 3.3457031
31.0156250 -193.1250000 3.3164062
31.0937500 -193.1250000 3.3164062
31.0937500 -193.8750000 3.3222656
31.1718750 -193.0000000 3.3046875
31.4218750 -192.7500000 3.3066406
31.4218750 -192.2500000 3.3046875
31.7968750 -192.7500000 3.3007812
31.7031250 -191.5000000 3.3125000
31.4687500 -192.2500000 3.3125000
32.0000000 -190.6250000 3.2949219
31.9062500 -192.3750000 3.3222656
32.1875000 -192.0000000 3.3593750
31.7031250 -190.5000000 3.3203125
31.7812500 -190.0000000 3.3203125
31.8437500 -189.2500000 3.3105469
31.9375000 -189.5000000 3.3164062
31.9062500 -189.6250000 3.3242188
31.9375000 -188.8750000 3.3242188
31.9843750 -188.8750000 3.3281250
32.2500000 -187.2500000 3.3242188
32.0312500 -188.1250000 3.3164062
32.0312500 -187.8750000 3.3242188
31.9843750 -187.0000000 3.3027344
32.0625000 -187.8750000 3.3164062
31.9531250 -187.1250000 3.3066406
32.1250000 -186.3750000 3.3203125
32.0937500 -185.7500000 3.3164062
31.8593750 -187.3750000 3.3261719
32.0312500 -185.1250000 3.3125000
31.9531250 -185.7500000 3.3164062
32.0937500 -185.5000000 3.3066406
32.0312500 -184.2500000 3.3027344
31.9062500 -184.0000000 3.2929688
31.9375000 -184.0000000 3.3046875
31.9687500 -184.0000000 3.2949219
32.0937500 -183.2500000 3.3105469
32.0625000 -182.5000000 3.3164062
32.0312500 -182.6250000 3.3085938
31.8750000 -182.3750000 3.3085938
31.8906250 -181.7500000 3.3007812
31.9843750 -181.8750000 3.2929688
31.9531250 -181.8750000 3.3007812
31.9531250 -181.5000000 3.3027344
31.7812500 -180.6250000 3.3046875
31.7500000 -180.5000000 3.2949219
31.5781250 -179.8750000 3.3007812
31.8125000 -181.7500000 3.2949219
31.5781250 -179.6250000 3.2890625
31.7500000 -180.1250000 3.2910156
31.7187500 -180.3750000 3.2890625
31.6718750 -180.2500000 3.2890625
31.5781250 -180.0000000 3.2890625
31.6562500 -180.8750000 3.2949219
31.7031250 -180.3750000 3.2851562
31.6406250 -180.7500000 3.2812500
31.5781250 -178.0000000 3.2714844
31.6406250 -178.6250000 3.2734375
31.3125000 -176.7500000 3.2675781
31.5000000 -177.3750000 3.2792969
31.5156250 -177.8750000 3.2812500
31.5000000 -177.0000000 3.2773438
31.3906250 -176.0000000 3.2656250
31.2500000 -176.3750000 3.2773438
31.4218750 -176.0000000 3.2656250
31.4218750 -175.7500000 3.2675781
31.6562500 -176.5000000 3.2617188
31.3281250 -175.5000000 3.2656250
31.2968750 -175.1250000 3.2578125
31.2812500 -175.7500000 3.2695312
31.3281250 -174.3750000 3.2500000
31.2812500 -172.6250000 3.2343750
31.2656250 -172.3750000 3.2304688
31.2031250 -172.8750000 3.2363281
31.3906250 -171.2500000 3.2246094
31.1718750 -170.5000000 3.2207031
31.2343750 -171.1250000 3.2207031
31.1718750 -170.7500000 3.2207031
31.1250000 -171.1250000 3.2226562
31.4062500 -169.7500000 3.2148438
31.2812500 -170.6250000 3.2187500
31.3281250 -168.7500000 3.2031250
31.5312500 -170.1250000 3.2148438
31.6093750 -167.8750000 3.1914062
31.5156250 -168.5000000 3.2011719
31.5781250 -168.5000000 3.1992188
31.7187500 -167.6250000 3.1875000
31.6875000 -167.0000000 3.1855469
31.9062500 -166.2500000 3.1718750
32.1250000 -165.1250000 3.1562500
32.1875000 -165.0000000 3.1640625
32.2187500 -165.3750000 3.1679688
32.3750000 -164.5000000 3.1542969
31.8593750 -164.2500000 3.1640625
32.2500000 -163.7500000 3.1562500
32.0937500 -163.8750000 3.1679688
32.2500000 -163.7500000 3.1679688
31.9687500 -163.6250000 3.1562500
31.7500000 -163.6250000 3.1523438
32.3125000 -164.3750000 3.1484375
32.4687500 -164.7500000 3.1445312
32.5312500 -164.3750000 3.1406250
32.4375000 -164.1250000 3.1328125
32.5312500 -164.0000000 3.1328125
32.6562500 -164.0000000 3.1445312
33.0625000 -164.1250000 3.1484375
33.2500000 -164.0000000 3.1406250
33.2187500 -164.1250000 3.1445312
33.9062500 -164.5000000 3.1582031
33.9062500 -164.7500000 3.1640625
34.2500000 -164.7500000 3.1718750
34.6875000 -164.5000000 3.1757812
35.4375000 -164.8750000 3.1835938
35.4062500 -164.1250000 3.1679688
36.1250000 -164.3750000 3.1718750
37.5937500 -164.1250000 3.1835938
38.0312500 -164.7500000 3.1933594
37.2812500 -164.8750000 3.1875000
37.5312500 -165.0000000 3.1953125
38.5937500 -165.0000000 3.1992188
38.8437500 -165.0000000 3.1953125
39.2500000 -164.7500000 3.1992188
39.8437500 -165.0000000 3.2070312
39.6875000 -164.5000000 3.2011719
39.1562500 -164.6250000 3.2070312
40.6250000 -164.5000000 3.2187500
40.0937500 -164.2500000 3.2109375
40.4062500 -164.2500000 3.2031250
41.2500000 -164.5000000 3.2226562
41.0000000 -164.0000000 3.2070312
41.5312500 -164.3750000 3.2050781
41.7187500 -164.6250000 3.2167969
41.6562500 -164.8750000 3.2011719
41.7812500 -164.7500000 3.1738281
41.5312500 -164.8750000 3.1367188
41.4062500 -164.5000000 3.1230469
42.1562500 -163.8750000 3.1171875
42.1875000 -164.6250000 3.1523438
42.3750000 -165.1250000 3.1640625
42.6250000 -164.8750000 3.1796875
42.9062500 -165.2500000 3.2031250
43.3437500 -165.1250000 3.1992188
42.8125000 -164.8750000 3.2148438
42.9687500 -164.8750000 3.2148438
42.9687500 -164.7500000 3.2187500
42.9687500 -164.5000000 3.2226562
42.8437500 -164.6250000 3.2226562
42.9062500 -164.6250000 3.2187500
42.8750000 -165.0000000 3.2265625
43.2500000 -164.5000000 3.2070312
43.8437500 -164.6250000 3.1992188
43.9687500 -165.0000000 3.2031250
43.7187500 -165.0000000 3.1992188
43.6562500 -164.7500000 3.2031250
43.0625000 -164.7500000 3.2031250
43.5937500 -164.8750000 3.1953125
43.5937500 -164.7500000 3.1972656
43.5937500 -164.7500000 3.1992188
43.0625000 -164.7500000 3.2011719
43.3750000 -164.8750000 3.2031250
43.9375000 -165.1250000 3.1992188
43.8750000 -165.1250000 3.1914062
43.8437500 -165.2500000 3.2011719
43.8125000 -165.0000000 3.1992188
43.4062500 -165.0000000 3.2070312
43.3750000 -165.0000000 3.2050781
43.8125000 -164.8750000 3.2070312
43.2500000 -165.0000000 3.2148438
43.3750000 -164.7500000 3.2089844
42.9687500 -164.8750000 3.2089844
43.7500000 -164.6250000 3.1914062
43.2812500 -164.6250000 3.1992188
43.2187500 -164.7500000 3.2070312
43.1250000 -164.8750000 3.2148438
43.2500000 -164.8750000 3.2109375
43.4062500 -164.7500000 3.1992188
43.3437500 -164.7500000 3.1992188
43.2500000 -164.8750000 3.1992188
43.4062500 -165.0000000 3.2070312
42.9687500 -164.7500000 3.2070312
42.9375000 -164.8750000 3.2070312
43.0625000 -165.0000000 3.2070312
42.8125000 -164.8750000 3.2070312
43.2500000 -164.7500000 3.1992188
43.2187500 -164.7500000 3.1953125
42.9687500 -164.8750000 3.2070312
43.2187500 -165.0000000 3.2070312
43.2500000 -164.8750000 3.1992188
43.1875000 -164.6250000 3.1933594
42.9687500 -164.7500000 3.2070312
43.1875000 -164.7500000 3.1972656
43.1562500 -164.6250000 3.2011719
43.1875000 -164.7500000 3.2050781
42.9687500 -164.7500000 3.2031250
43.2187500 -164.8750000 3.2070312
43.1562500 -164.8750000 3.2050781
43.0625000 -164.8750000 3.2070312
43.0625000 -165.0000000 3.2070312
43.2500000 -165.1250000 3.2128906
43.2812500 -164.8750000 3.2109375
43.1562500 -164.7500000 3.2148438
43.2500000 -164.8750000 3.2187500
43.6250000 -165.2500000 3.2128906
43.7500000 -164.6250000 3.1953125
43.7812500 -164.7500000 3.1972656
43.3750000 -164.5000000 3.1992188
43.6562500 -164.7500000 3.1992188
43.6875000 -164.7500000 3.2031250
44.0000000 -164.8750000 3.1875000
44.0000000 -164.7500000 3.1875000
44.0625000 -164.7500000 3.1796875
44.0625000 -164.8750000 3.1835938
44.2812500 -165.0000000 3.1796875
44.2187500 -164.6250000 3.1835938
44.1250000 -165.0000000 3.1992188
44.3125000 -165.0000000 3.1933594
44.2500000 -165.0000000 3.1914062
44.4687500 -164.7500000 3.1757812
44.3437500 -164.7500000 3.1816406
44.6250000 -165.0000000 3.1835938
44.6562500 -164.8750000 3.1835938
44.5000000 -164.8750000 3.1875000
44.5937500 -164.8750000 3.1914062
44.5937500 -165.3750000 3.1875000
45.0312500 -165.3750000 3.1757812
44.8125000 -165.5000000 3.1816406
44.9687500 -165.3750000 3.1816406
45.0625000 -165.5000000 3.1679688
45.0937500 -165.3750000 3.1679688
45.1875000 -165.3750000 3.1640625
45.1250000 -165.5000000 3.1660156
45.0625000 -165.6250000 3.1757812
45.0000000 -165.6250000 3.1796875
45.2187500 -165.8750000 3.1816406
45.3437500 -165.2500000 3.1679688
45.4687500 -165.3750000 3.1777344
45.2812500 -164.8750000 3.1718750
45.7500000 -165.0000000 3.1796875
45.4062500 -165.2500000 3.1718750
45.7812500 -165.1250000 3.1601562
45.5625000 -165.2500000 3.1484375
46.4062500 -165.6250000 3.1367188
46.7500000 -164.8750000 3.0898438
46.5000000 -164.0000000 3.0664062
46.7187500 -164.3750000 3.0742188
46.6250000 -164.3750000 3.0937500
46.3750000 -164.7500000 3.1269531
46.5000000 -165.3750000 3.1425781
46.3750000 -165.5000000 3.1406250
46.3750000 -165.6250000 3.1562500
46.7500000 -165.1250000 3.1230469
47.0937500 -164.7500000 3.1113281
47.2812500 -164.2500000 3.1035156
47.2500000 -164.5000000 3.1132812
47.3437500 -164.8750000 3.1250000
46.8125000 -164.6250000 3.1367188
46.6250000 -165.1250000 3.1347656
46.5000000 -165.0000000 3.1289062
46.4062500 -165.5000000 3.1386719
46.5312500 -165.0000000 3.1289062
46.6250000 -165.2500000 3.1328125
46.5625000 -165.3750000 3.1406250
46.7500000 -166.2500000 3.1562500
46.9375000 -166.0000000 3.1523438
46.7812500 -165.3750000 3.1406250
46.4687500 -164.8750000 3.1250000
46.4062500 -165.0000000 3.1406250
46.3750000 -165.0000000 3.1269531
46.5937500 -164.8750000 3.1289062
46.6562500 -164.7500000 3.1191406
46.7187500 -164.8750000 3.1445312
47.0312500 -164.6250000 3.1289062
46.8125000 -165.0000000 3.1406250
46.6562500 -165.2500000 3.1425781
47.3437500 -164.7500000 3.1250000
47.1562500 -164.7500000 3.1250000
47.1250000 -164.8750000 3.1171875
47.7187500 -165.5000000 3.1484375
47.1562500 -165.1250000 3.1425781
42.7500000 123.4375000 -1.6083984
47.1562500 -165.5000000 3.1406250
47.1875000 -165.5000000 3.1484375
47.5625000 -165.2500000 3.1406250
47.5625000 -165.5000000 3.1523438
47.5000000 -166.1250000 3.1601562
47.3750000 -165.1250000 3.1367188
47.4062500 -165.0000000 3.1464844
47.6562500 -165.7500000 3.1621094
47.5000000 -165.8750000 3.1718750
47.8125000 -164.8750000 3.1640625
47.7500000 -164.5000000 3.1640625
47.4375000 -165.5000000 3.1484375
47.6562500 -165.0000000 3.1406250
47.5312500 -164.8750000 3.1250000
48.1250000 -164.6250000 3.1328125
47.8125000 -164.1250000 3.1210938
47.9375000 -163.6250000 3.1230469
47.9062500 -163.6250000 3.1289062
48.0312500 -164.2500000 3.1289062
47.7500000 -164.5000000 3.1250000
48.0000000 -164.2500000 3.1269531
48.0937500 -164.2500000 3.1210938
48.3125000 -164.2500000 3.1347656
48.3750000 -164.1250000 3.1484375
48.4375000 -164.1250000 3.1289062
48.3437500 -164.3750000 3.1289062
48.7187500 -164.1250000 3.1269531
48.5312500 -164.3750000 3.1347656
48.5937500 -164.3750000 3.1367188
48.8750000 -164.3750000 3.1289062
48.8750000 -164.1250000 3.1250000
48.9687500 -164.3750000 3.1210938
49.1250000 -164.7500000 3.1191406
49.0937500 -164.0000000 3.1289062
49.1562500 -164.3750000 3.1289062
49.2500000 -164.7500000 3.1289062
49.4062500 -164.7500000 3.1250000
49.7500000 -164.1250000 3.1230469
49.6875000 -164.1250000 3.1171875
49.4062500 -164.1250000 3.1250000
49.5625000 -164.0000000 3.1250000
49.5625000 -163.7500000 3.1035156
49.5000000 -163.7500000 3.0976562
49.7500000 -163.8750000 3.0957031
50.9687500 -164.3750000 3.1132812
50.9062500 -164.0000000 3.1230469
53.4375000 -163.8750000 3.1328125
53.9687500 -164.8750000 3.1406250
52.8750000 -164.2500000 3.1367188
55.5937500 -163.0000000 3.1757812
56.6562500 -164.1250000 3.1972656
58.6250000 -163.6250000 3.1972656
60.8437500 -162.6250000 3.0664062
59.0625000 -164.1250000 3.1445312
62.3437500 -160.7500000 3.0253906
58.6875000 -170.1250000 3.2148438
62.2500000 -167.1250000 3.2148438
60.7812500 -164.0000000 3.2109375
62.6250000 -160.2500000 3.1484375
61.9375000 -160.6250000 3.1484375
61.7500000 -161.8750000 3.1953125
61.0312500 -158.3750000 3.1562500
61.7187500 -155.5000000 3.1562500
60.3125000 -160.6250000 3.1601562
58.2500000 -160.7500000 3.1816406
31.8437500 -180.6250000 3.0507812
59.4687500 -153.5000000 3.0820312
60.0937500 -151.2500000 2.9765625
57.3125000 -151.7500000 3.0585938
57.4375000 -149.8750000 3.0273438
54.7187500 -159.3750000 3.0937500
54.1562500 -162.2500000 3.1250000
50.4687500 -162.7500000 3.1250000
50.7500000 -163.8750000 3.1484375
49.9062500 -164.2500000 3.1347656
49.3437500 -164.5000000 3.1367188
50.2812500 -164.6250000 3.1406250
49.8437500 -165.5000000 3.1660156
50.7812500 -165.3750000 3.1718750
51.3125000 -165.5000000 3.1875000
51.3125000 -165.1250000 3.1718750
51.1562500 -165.6250000 3.1757812
51.2500000 -165.5000000 3.1796875
51.2187500 -165.0000000 3.1777344
51.2812500 -164.8750000 3.1835938
51.9375000 -165.2500000 3.1855469
52.8750000 -165.0000000 3.1875000
53.6875000 -164.3750000 3.1875000
54.4062500 -164.6250000 3.1992188
54.3437500 -164.5000000 3.1953125
54.9687500 -164.5000000 3.1992188
54.2812500 -165.1250000 3.2011719
55.1875000 -165.1250000 3.2109375
55.5312500 -165.0000000 3.1992188
55.3750000 -165.6250000 3.1953125
56.4375000 -165.1250000 3.2031250
55.9375000 -165.5000000 3.2011719
56.7187500 -165.6250000 3.1835938
57.5625000 -166.1250000 3.2070312
57.0000000 -166.0000000 3.2109375
57.0937500 -165.8750000 3.2167969
57.5312500 -165.5000000 3.2187500
58.2500000 -165.7500000 3.2207031
58.2812500 -165.7500000 3.2148438
61.2500000 -165.6250000 3.2304688
59.9375000 -165.2500000 3.2226562
59.6875000 -165.3750000 3.2304688
61.1875000 -165.2500000 3.2343750
60.8125000 -165.5000000 3.2324219
61.2187500 -165.3750000 3.2324219
61.5625000 -165.3750000 3.2304688
61.7187500 -165.6250000 3.2363281
62.4687500 -165.3750000 3.2226562
62.7812500 -165.6250000 3.2304688
62.8437500 -165.7500000 3.2226562
63.3750000 -165.5000000 3.2070312
63.3125000 -165.7500000 3.2187500
63.8125000 -166.0000000 3.2109375
63.9062500 -166.0000000 3.1972656
64.6875000 -166.5000000 3.2187500
64.1875000 -165.6250000 3.2070312
63.5625000 -165.6250000 3.2148438
64.0625000 -166.3750000 3.2109375
63.6562500 -166.0000000 3.2226562
63.9062500 -166.1250000 3.2148438
63.6562500 -165.6250000 3.1953125
64.4375000 -166.8750000 3.1855469
64.1250000 -166.2500000 3.2070312
64.5625000 -166.8750000 3.2187500
64.0625000 -166.6250000 3.2441406
63.5312500 -165.7500000 3.1796875
64.0000000 -165.6250000 3.1269531
63.6562500 -165.1250000 3.1796875
64.0000000 -166.0000000 3.1757812
63.4062500 -165.3750000 3.2148438
63.5937500 -165.1250000 3.2265625
63.3750000 -164.8750000 3.1875000
63.5312500 -165.8750000 3.1992188
64.0625000 -165.1250000 3.0683594
63.6250000 -164.8750000 3.1015625
63.2500000 -163.8750000 3.1796875
63.3125000 -163.1250000 3.1367188
62.8750000 -161.2500000 3.1054688
62.9687500 -162.3750000 3.1914062
63.3437500 -164.6250000 3.2343750
62.8437500 -165.8750000 3.2343750
62.7812500 -165.0000000 3.2285156
62.0625000 -165.5000000 3.1953125
63.0000000 -165.3750000 3.1875000
62.3750000 -162.8750000 3.1542969
62.7500000 -160.7500000 3.1875000
62.9375000 -162.1250000 3.1953125
63.5937500 -163.7500000 3.2226562
63.6875000 -163.7500000 3.2363281
63.6250000 -163.2500000 3.2285156
63.6250000 -164.1250000 3.2382812
63.3437500 -163.2500000 3.2480469
63.4687500 -164.1250000 3.2226562
62.9687500 -165.0000000 3.2363281
63.2187500 -164.2500000 3.2343750
63.3125000 -164.0000000 3.2343750
63.3125000 -163.6250000 3.2539062
63.6250000 -163.2500000 3.2578125
63.7812500 -163.5000000 3.2578125
63.6250000 -163.5000000 3.2519531
63.5000000 -163.7500000 3.2539062
63.6562500 -164.3750000 3.2617188
62.9687500 -163.7500000 3.2500000
63.6250000 -163.6250000 3.2500000
63.7187500 -164.0000000 3.2539062
63.5937500 -164.0000000 3.2500000
63.6562500 -163.8750000 3.2460938
63.5937500 -164.1250000 3.2500000
63.2812500 -162.8750000 3.2421875
62.8125000 -163.0000000 3.2382812
63.9375000 -162.0000000 3.2304688
64.1250000 -161.7500000 3.2226562
64.1875000 -162.1250000 3.2382812
63.8750000 -161.3750000 3.2324219
64.0000000 -161.5000000 3.2304688
63.8437500 -161.1250000 3.2128906
64.0625000 -160.7500000 3.2109375
63.8750000 -161.1250000 3.2148438
63.7187500 -160.2500000 3.2031250
63.5000000 -159.3750000 3.1914062
63.5000000 -160.6250000 3.2148438
63.7500000 -161.0000000 3.2265625
64.0625000 -160.8750000 3.2285156
64.3750000 -160.3750000 3.2265625
63.7812500 -160.3750000 3.2226562
64.1250000 -161.0000000 3.2226562
63.8125000 -159.5000000 3.2148438
63.8750000 -159.3750000 3.2031250
64.1875000 -158.7500000 3.2109375
63.8125000 -159.8750000 3.2031250
64.0000000 -158.7500000 3.1875000
64.1875000 -158.1250000 3.2031250
63.9062500 -158.5000000 3.2050781
64.0625000 -158.5000000 3.1992188
64.2500000 -158.3750000 3.1953125
64.1875000 -157.7500000 3.1914062
64.4375000 -156.2500000 3.1738281
64.5000000 -156.5000000 3.1718750
64.8750000 -155.5000000 3.1679688
64.7500000 -155.3750000 3.1777344
64.6875000 -155.5000000 3.1835938
64.6250000 -155.2500000 3.1835938
64.6250000 -154.3750000 3.1621094
64.7500000 -154.7500000 3.1660156
64.8750000 -155.0000000 3.1796875
64.9375000 -154.6250000 3.1621094
64.8125000 -154.7500000 3.1796875
64.5625000 -154.2500000 3.1699219
64.8125000 -154.6250000 3.1875000
64.6250000 -153.7500000 3.1796875
64.6250000 -153.7500000 3.1679688
64.5625000 -153.7500000 3.1718750
64.6250000 -153.7500000 3.1640625
64.6875000 -153.3750000 3.1640625
64.8125000 -153.3750000 3.1757812
64.8750000 -152.7500000 3.1562500
64.6250000 -153.1250000 3.1738281
64.6250000 -152.8750000 3.1699219
64.6875000 -152.3750000 3.1425781
65.0000000 -152.3750000 3.1679688
64.6875000 -152.7500000 3.1738281
64.7500000 -152.0000000 3.1679688
64.6875000 -152.0000000 3.1679688
64.7500000 -152.2500000 3.1562500
64.6250000 -152.2500000 3.1679688
64.5000000 -151.6250000 3.1601562
64.6250000 -151.1250000 3.1601562
64.1875000 -151.3750000 3.1640625
64.6250000 -151.1250000 3.1601562
64.5000000 -150.6250000 3.1601562
64.5625000 -150.6250000 3.1679688
64.7500000 -150.0000000 3.1250000
75.1875000 -141.7500000 1.9179688
73.4375000 -111.9375000 -0.2373047
61.9375000 -152.6250000 2.1347656
64.9375000 -150.7500000 3.0976562
64.5000000 -148.0000000 3.1367188
64.4375000 -149.5000000 3.1484375
64.5625000 -148.5000000 3.1582031
64.5625000 -150.2500000 3.1425781
64.5000000 -150.1250000 3.1484375
64.5000000 -149.8750000 3.1503906
64.3750000 -149.7500000 3.1562500
64.5000000 -150.3750000 3.1445312
64.5625000 -149.7500000 3.1542969
64.5000000 -150.2500000 3.1484375
64.5000000 -150.1250000 3.1484375
64.5625000 -150.5000000 3.1464844
64.4375000 -150.3750000 3.1523438
64.4375000 -149.8750000 3.1484375
64.5000000 -150.3750000 3.1445312
64.5000000 -150.1250000 3.1406250
64.5000000 -150.2500000 3.1445312
64.5625000 -150.2500000 3.1523438
64.4375000 -150.3750000 3.1523438
64.5625000 -150.1250000 3.1445312
64.3125000 -150.6250000 3.1445312
64.5000000 -149.6250000 3.1406250
64.5625000 -150.5000000 3.1445312
64.5000000 -150.0000000 3.1562500
64.3750000 -150.0000000 3.1308594
64.4375000 -149.8750000 3.1367188
64.5000000 -150.2500000 3.1503906
64.4375000 -150.5000000 3.1484375
64.5000000 -149.6250000 3.1503906
64.5625000 -150.0000000 3.1406250
64.4375000 -150.5000000 3.1484375
64.4375000 -150.1250000 3.1347656
64.3750000 -150.3750000 3.1425781
64.3750000 -149.5000000 3.1328125
64.4375000 -149.8750000 3.1445312
64.3750000 -150.3750000 3.1406250
64.3750000 -149.8750000 3.1406250
64.2500000 -149.3750000 3.1445312
64.3125000 -149.6250000 3.1406250
64.3125000 -149.5000000 3.1328125
64.4375000 -150.2500000 3.1328125
64.3125000 -150.0000000 3.1289062
64.3750000 -149.6250000 3.1289062
64.1875000 -150.0000000 3.1406250
64.3125000 -149.2500000 3.1367188
64.3125000 -150.1250000 3.1445312
64.5000000 -150.0000000 3.1406250
64.4375000 -150.2500000 3.1308594
64.4375000 -149.8750000 3.1347656
64.3750000 -150.2500000 3.1328125
64.4375000 -150.7500000 3.1367188
64.5000000 -150.3750000 3.1445312
64.4375000 -150.1250000 3.1484375
64.3750000 -150.0000000 3.1464844
64.3125000 -150.2500000 3.1484375
64.3750000 -150.0000000 3.1445312
64.3125000 -149.7500000 3.1425781
64.3750000 -150.3750000 3.1367188
64.3750000 -149.7500000 3.1464844
64.3125000 -150.3750000 3.1386719
64.3750000 -150.1250000 3.1406250
64.3750000 -150.1250000 3.1445312
64.3750000 -150.1250000 3.1445312
64.5000000 -150.1250000 3.1425781
64.5000000 -149.7500000 3.1367188
64.4375000 -150.5000000 3.1367188
64.4375000 -150.5000000 3.1289062
64.4375000 -149.7500000 3.1367188
64.3125000 -150.1250000 3.1367188
64.5000000 -150.1250000 3.1445312
64.3750000 -149.7500000 3.1406250
64.3125000 -150.2500000 3.1406250
64.3750000 -150.1250000 3.1386719
64.3125000 -150.1250000 3.1425781
64.3750000 -150.3750000 3.1328125
64.5000000 -150.2500000 3.1445312
64.4375000 -150.1250000 3.1406250
64.4375000 -149.8750000 3.1406250
64.4375000 -150.2500000 3.1230469
64.3125000 -150.5000000 3.1367188
64.5000000 -150.5000000 3.1367188
64.4375000 -150.6250000 3.1406250
64.4375000 -150.2500000 3.1406250
64.4375000 -150.2500000 3.1425781
64.4375000 -150.5000000 3.1328125
64.3750000 -149.8750000 3.1445312
64.5000000 -150.0000000 3.1367188
64.3750000 -150.1250000 3.1406250
64.4375000 -150.1250000 3.1347656
64.3750000 -150.0000000 3.1289062
64.5000000 -150.3750000 3.1464844
64.5000000 -150.3750000 3.1406250
64.3750000 -150.6250000 3.1386719
64.4375000 -150.2500000 3.1445312
64.5625000 -150.1250000 3.1523438
64.4375000 -150.3750000 3.1484375
64.3125000 -150.3750000 3.1425781
64.3750000 -150.5000000 3.1445312
64.3750000 -149.3750000 3.1367188
64.4375000 -150.7500000 3.1406250
64.5000000 -149.6250000 3.1367188
64.3125000 -149.7500000 3.1367188
64.4375000 -150.2500000 3.1445312
64.4375000 -150.2500000 3.1406250
64.3750000 -150.5000000 3.1445312
64.3125000 -149.7500000 3.1406250
64.4375000 -150.0000000 3.1445312
64.3750000 -150.2500000 3.1367188
64.3750000 -149.8750000 3.1328125
64.5000000 -150.1250000 3.1425781
64.4375000 -150.0000000 3.1445312
64.3750000 -150.1250000 3.1406250
64.4375000 -149.5000000 3.1406250
64.4375000 -149.8750000 3.1367188
64.3750000 -150.0000000 3.1406250
64.2500000 -149.8750000 3.1386719
64.4375000 -149.2500000 3.1484375
64.3750000 -149.2500000 3.1523438
64.3750000 -149.6250000 3.1464844
64.2500000 -149.3750000 3.1464844
64.5000000 -149.8750000 3.1445312
64.5000000 -149.8750000 3.1445312
64.4375000 -149.6250000 3.1445312
64.6250000 -149.2500000 3.1406250
64.5000000 -149.6250000 3.1484375
64.3125000 -149.2500000 3.1347656
64.4375000 -149.5000000 3.1445312
64.6250000 -150.5000000 3.1445312
64.4375000 -150.2500000 3.1445312
64.4375000 -150.0000000 3.1445312
64.5000000 -150.0000000 3.1445312
64.5000000 -150.1250000 3.1445312
64.5625000 -150.3750000 3.1445312
64.5625000 -150.0000000 3.1445312
64.4375000 -149.8750000 3.1464844
64.5625000 -149.7500000 3.1445312
64.5625000 -150.0000000 3.1445312
64.5000000 -149.7500000 3.1406250
64.6875000 -149.8750000 3.1484375
64.6250000 -150.1250000 3.1523438
64.6875000 -150.2500000 3.1484375
64.5000000 -149.6250000 3.1503906
64.6250000 -149.6250000 3.1464844
64.3750000 -150.1250000 3.1406250
64.6875000 -150.0000000 3.1484375
64.5625000 -149.6250000 3.1503906
64.6250000 -150.2500000 3.1562500
64.5000000 -149.7500000 3.1425781
64.6875000 -150.2500000 3.1523438
64.5625000 -150.3750000 3.1503906
64.5625000 -150.7500000 3.1503906
64.3125000 -150.8750000 3.1386719
64.3750000 -150.1250000 3.1484375
64.5000000 -150.5000000 3.1445312
64.5000000 -149.7500000 3.1523438
64.3750000 -150.1250000 3.1425781
64.4375000 -149.8750000 3.1445312
64.4375000 -150.5000000 3.1503906
64.5625000 -149.7500000 3.1445312
64.4375000 -150.5000000 3.1484375
64.4375000 -150.0000000 3.1484375
64.4375000 -149.8750000 3.1484375
64.5000000 -150.5000000 3.1445312
64.3750000 -150.5000000 3.1484375
64.5000000 -150.1250000 3.1425781
64.3750000 -150.2500000 3.1445312
64.4375000 -150.2500000 3.1445312
64.5000000 -150.2500000 3.1484375
64.4375000 -150.1250000 3.1445312
64.4375000 -150.2500000 3.1406250
64.5000000 -150.2500000 3.1367188
64.4375000 -150.2500000 3.1484375
64.4375000 -150.8750000 3.1523438
64.4375000 -150.0000000 3.1503906
64.4375000 -150.3750000 3.1503906
64.5000000 -150.6250000 3.1523438
64.3125000 -149.7500000 3.1445312
64.4375000 -150.6250000 3.1425781
64.4375000 -150.5000000 3.1386719
64.5000000 -150.3750000 3.1503906
64.3750000 -150.5000000 3.1484375
64.5625000 -151.1250000 3.1523438
64.5000000 -150.1250000 3.1484375
64.3750000 -150.5000000 3.1367188
64.5000000 -150.5000000 3.1484375
64.4375000 -150.5000000 3.1464844
64.5000000 -149.5000000 3.1484375
64.5000000 -149.7500000 3.1445312
64.5000000 -150.0000000 3.1445312
64.3125000 -150.6250000 3.1484375
64.4375000 -150.2500000 3.1445312
64.3125000 -150.6250000 3.1367188
64.5000000 -150.3750000 3.1347656
64.5000000 -149.8750000 3.1542969
64.3750000 -150.5000000 3.1464844
64.3750000 -150.1250000 3.1464844
64.4375000 -149.3750000 3.1484375
64.4375000 -149.7500000 3.1445312
64.4375000 -150.1250000 3.1406250
64.4375000 -150.3750000 3.1445312
64.4375000 -150.0000000 3.1347656
64.3750000 -150.0000000 3.1445312
64.3125000 -150.2500000 3.1523438
64.3125000 -149.6250000 3.1445312
64.4375000 -149.2500000 3.1445312
64.6250000 -150.2500000 3.1445312
64.4375000 -149.5000000 3.1445312
64.4375000 -150.0000000 3.1386719
64.5000000 -150.0000000 3.1445312
64.4375000 -150.2500000 3.1523438
64.4375000 -150.0000000 3.1562500
64.5000000 -149.3750000 3.1503906
64.3750000 -150.2500000 3.1523438
64.5000000 -149.5000000 3.1523438
64.4375000 -149.8750000 3.1484375
64.3125000 -150.0000000 3.1484375
64.3750000 -150.0000000 3.1484375
64.3750000 -150.0000000 3.1484375
64.3750000 -149.8750000 3.1425781
64.5000000 -149.8750000 3.1445312
64.5625000 -149.8750000 3.1464844
64.5625000 -150.1250000 3.1523438
64.5000000 -149.0000000 3.1523438
64.5625000 -150.0000000 3.1484375
64.4375000 -149.6250000 3.1484375
64.5000000 -150.0000000 3.1484375
64.5000000 -149.7500000 3.1484375
64.5000000 -150.1250000 3.1484375
64.5000000 -149.7500000 3.1445312
64.3750000 -150.2500000 3.1464844
64.5000000 -149.6250000 3.1562500
64.4375000 -149.6250000 3.1484375
64.3750000 -149.2500000 3.1523438
64.5000000 -149.8750000 3.1406250
64.5000000 -149.7500000 3.1425781
64.5625000 -150.2500000 3.1406250
64.4375000 -149.0000000 3.1503906
64.5000000 -149.7500000 3.1503906
64.4375000 -149.8750000 3.1445312
64.5000000 -149.8750000 3.1484375
64.5000000 -149.7500000 3.1464844
64.4375000 -149.8750000 3.1406250
64.5625000 -149.0000000 3.1484375
64.3750000 -150.2500000 3.1445312
64.4375000 -149.7500000 3.1445312
64.5000000 -149.5000000 3.1484375
64.4375000 -149.6250000 3.1445312
64.4375000 -150.1250000 3.1445312
64.5625000 -149.7500000 3.1484375
64.5625000 -149.7500000 3.1523438
64.5625000 -149.7500000 3.1484375
64.3750000 -150.0000000 3.1445312
64.4375000 -149.3750000 3.1445312
64.5000000 -150.1250000 3.1367188
64.5625000 -150.0000000 3.1445312
64.4375000 -150.2500000 3.1367188
64.5000000 -149.6250000 3.1464844
64.4375000 -149.3750000 3.1523438
64.4375000 -149.6250000 3.1445312
64.5000000 -149.2500000 3.1503906
64.4375000 -150.1250000 3.1484375
64.4375000 -150.3750000 3.1425781
64.3750000 -149.8750000 3.1445312
64.5000000 -149.6250000 3.1484375
64.5625000 -150.0000000 3.1445312
64.5000000 -150.1250000 3.1445312
64.5000000 -150.3750000 3.1406250
64.4375000 -150.1250000 3.1406250
64.3750000 -150.0000000 3.1445312
64.3750000 -150.0000000 3.1425781
64.5625000 -149.8750000 3.1445312
64.5000000 -149.8750000 3.1445312
64.4375000 -150.0000000 3.1406250
64.3750000 -150.3750000 3.1406250
64.5625000 -149.3750000 3.1367188
64.4375000 -150.0000000 3.1445312
64.5625000 -150.3750000 3.1445312
64.3750000 -149.6250000 3.1445312
64.5000000 -150.0000000 3.1445312
64.4375000 -149.5000000 3.1484375
64.4375000 -149.8750000 3.1445312
64.6250000 -149.7500000 3.1464844
64.3750000 -149.7500000 3.1445312
64.5625000 -149.6250000 3.1445312
64.4375000 -149.8750000 3.1445312
64.5625000 -149.7500000 3.1523438
64.5625000 -149.8750000 3.1445312
64.4375000 -150.1250000 3.1445312
64.4375000 -150.3750000 3.1484375
64.3750000 -150.2500000 3.1445312
64.4375000 -149.7500000 3.1445312
64.3750000 -150.0000000 3.1367188
64.4375000 -149.1250000 3.1406250
64.5000000 -149.1250000 3.1367188
64.5000000 -149.6250000 3.1464844
64.4375000 -148.7500000 3.1484375
64.2500000 -149.6250000 3.1386719
64.5625000 -150.2500000 3.1328125
61.4687500 -147.7500000 2.8984375
65.5000000 -72.4375000 1.0898438
56.4687500 -83.1250000 1.8701172
58.7187500 -119.6875000 2.4433594
63.0625000 -145.2500000 3.0390625
63.4062500 -144.2500000 3.0234375
58.8437500 -121.6875000 2.6171875
61.5000000 -137.2500000 2.4218750
64.6875000 -148.0000000 3.1210938
64.5000000 -147.0000000 3.1191406
64.4375000 -147.1250000 3.1445312
63.8437500 -140.7500000 3.0742188
64.4375000 -147.3750000 3.1386719
64.4375000 -145.8750000 3.1074219
64.4375000 -144.7500000 3.1035156
64.3750000 -146.1250000 3.1210938
64.0625000 -145.3750000 3.1093750
64.0000000 -145.5000000 3.1210938
63.9687500 -146.0000000 3.1171875
64.4375000 -145.8750000 3.1152344
64.2500000 -146.1250000 3.1250000
63.9375000 -145.8750000 3.1132812
64.4375000 -145.1250000 3.1250000
64.5000000 -145.2500000 3.1171875
64.4375000 -144.6250000 3.1093750
64.3750000 -144.5000000 3.0976562
64.3750000 -143.6250000 3.1093750
64.5000000 -143.2500000 3.1152344
64.4375000 -142.8750000 3.1132812
64.4375000 -144.0000000 3.1230469
64.3125000 -143.2500000 3.1152344
64.1875000 -143.3750000 3.1093750
64.1875000 -143.1250000 3.1171875
64.2500000 -143.1250000 3.1210938
64.1875000 -141.7500000 3.1289062
64.1250000 -141.3750000 3.1210938
64.1250000 -141.0000000 3.1171875
64.2500000 -140.3750000 3.1250000
64.3125000 -139.7500000 3.1250000
64.3750000 -138.8750000 3.1308594
64.3750000 -140.1250000 3.1289062
64.3125000 -139.7500000 3.1250000
64.3750000 -139.6250000 3.1269531
64.4375000 -139.6250000 3.1269531
64.4375000 -138.7500000 3.1367188
64.3750000 -139.6250000 3.1367188
64.1875000 -139.8750000 3.1289062
64.2500000 -139.0000000 3.1289062
64.2500000 -139.1250000 3.1269531
64.2500000 -138.6250000 3.1328125
64.3125000 -137.6250000 3.1328125
64.2500000 -137.7500000 3.1367188
64.2500000 -137.1250000 3.1132812
63.7500000 -134.8750000 3.1074219
64.2500000 -136.2500000 3.1250000
64.1250000 -136.3750000 3.1250000
64.2500000 -135.6250000 3.1210938
64.2500000 -136.1250000 3.1054688
64.1875000 -134.7500000 3.1054688
64.2500000 -134.8750000 3.1171875
64.1875000 -134.0000000 3.1132812
64.3125000 -133.6250000 3.1132812
64.3125000 -134.1250000 3.1093750
64.1250000 -133.2500000 3.1093750
64.0625000 -134.1250000 3.1093750
64.2500000 -133.3750000 3.1132812
64.0625000 -132.6250000 3.1210938
64.0000000 -133.1250000 3.1210938
64.1250000 -133.2500000 3.1250000
64.0000000 -133.8750000 3.1210938
64.1250000 -133.0000000 3.1210938
64.0625000 -133.0000000 3.1210938
64.1250000 -133.0000000 3.1171875
64.1250000 -133.2500000 3.0976562
64.2500000 -134.2500000 3.1093750
64.0000000 -133.7500000 3.0937500
64.1250000 -132.6250000 3.0898438
64.2500000 -131.7500000 3.1054688
64.3750000 -131.6250000 3.1132812
64.3750000 -131.2500000 3.1054688
64.2500000 -131.6250000 3.0976562
64.5000000 -131.0000000 3.0585938
64.4375000 -130.7500000 3.0527344
64.3750000 -130.3750000 3.0761719
64.5000000 -129.5000000 3.0898438
64.4375000 -129.6250000 3.0898438
64.4375000 -129.0000000 3.0585938
64.3750000 -129.3750000 3.0468750
64.2500000 -128.7500000 3.0625000
64.3750000 -127.5625000 3.1113281
64.0625000 -127.8125000 3.1054688
64.3125000 -127.8125000 3.1132812
64.3125000 -127.8125000 3.1093750
63.6250000 -124.5625000 3.0605469
64.5000000 -127.5000000 3.1171875
64.3750000 -127.6875000 3.0937500
64.3125000 -127.6250000 3.0781250
64.5625000 -129.0000000 3.0546875
64.5000000 -128.6250000 3.0605469
64.4375000 -127.8750000 3.0585938
64.4375000 -128.3750000 3.0683594
64.3125000 -128.2500000 3.0664062
64.4375000 -128.1250000 3.0722656
64.1875000 -127.7500000 3.0781250
64.1250000 -127.1250000 3.0898438
64.1250000 -126.5000000 3.0937500
63.9687500 -126.4375000 3.0898438
63.8125000 -126.2500000 3.0859375
63.5000000 -125.1875000 3.0625000
64.0000000 -125.5625000 3.0859375
64.5000000 -125.5625000 3.1015625
64.4375000 -125.4375000 3.0976562
64.5625000 -125.1875000 3.0976562
64.6250000 -125.0000000 3.1035156
64.6875000 -125.0000000 3.0917969
64.8125000 -124.6250000 3.0917969
64.8125000 -123.3750000 3.0937500
65.0000000 -122.5000000 3.0976562
65.0625000 -122.2500000 3.0859375
65.1875000 -122.5000000 3.0937500
64.8125000 -121.8125000 3.0898438
64.6250000 -122.1250000 3.0605469
64.3125000 -120.0000000 3.0390625
64.3750000 -120.6250000 3.0566406
64.5000000 -120.1875000 3.0585938
64.3750000 -120.7500000 3.0703125
64.6875000 -120.7500000 3.0703125
64.5625000 -121.2500000 3.0781250
64.6250000 -120.2500000 3.0664062
64.8125000 -119.8750000 3.0546875
64.3750000 -119.5000000 3.0117188
64.6875000 -120.0000000 3.0566406
64.1250000 -119.7500000 3.0468750
64.2500000 -119.6875000 3.0312500
64.1250000 -119.3750000 3.0429688
64.0000000 -119.0625000 3.0449219
63.8437500 -118.8750000 3.0351562
64.0625000 -118.5625000 3.0253906
63.5937500 -118.3125000 3.0253906
63.8125000 -118.5000000 3.0410156
63.4375000 -118.3125000 3.0292969
63.0625000 -118.3750000 3.0195312
62.7500000 -117.9375000 2.9960938
62.5625000 -117.5000000 2.9921875
62.6250000 -117.5625000 2.9882812
62.4375000 -117.1875000 2.9882812
62.3125000 -116.8750000 2.9863281
62.0625000 -116.6250000 2.9863281
61.6875000 -116.1875000 2.9804688
61.2812500 -116.0625000 2.9921875
61.3125000 -115.8750000 2.9921875
61.1250000 -115.8750000 2.9863281
60.7500000 -115.3125000 2.9667969
60.6250000 -114.3125000 2.9628906
60.5000000 -114.4375000 2.9609375
60.6875000 -114.3750000 2.9707031
60.7812500 -114.6875000 2.9648438
60.3750000 -112.8125000 2.9453125
60.4687500 -113.3125000 2.9453125
60.6875000 -111.8125000 2.9335938
60.5312500 -111.7500000 2.9316406
60.5625000 -112.1250000 2.9335938
60.5625000 -111.9375000 2.9296875
60.5000000 -112.3750000 2.9257812
60.7500000 -111.0000000 2.9277344
60.5625000 -110.1250000 2.9179688
60.8437500 -112.2500000 2.9433594
60.5625000 -110.3750000 2.9121094
60.4375000 -111.3125000 2.9179688
60.6250000 -111.2500000 2.9296875
60.2812500 -108.8750000 2.8730469
60.3437500 -108.3125000 2.8632812
60.4062500 -109.3125000 2.8769531
60.4062500 -109.1875000 2.8906250
60.5312500 -110.2500000 2.9140625
60.6875000 -111.6875000 2.9296875
60.9375000 -111.3750000 2.9218750
60.6875000 -107.8750000 2.8710938
60.7812500 -107.6250000 2.8730469
60.7187500 -111.2500000 2.9179688
60.7500000 -105.5625000 2.8359375
60.6250000 -107.8750000 2.8730469
60.8437500 -108.7500000 2.8847656
60.6562500 -109.5625000 2.9023438
60.5625000 -105.2500000 2.8300781
60.5000000 -105.8125000 2.8457031
60.3437500 -107.0000000 2.8515625
60.4687500 -105.5000000 2.8320312
60.3750000 -107.5000000 2.8632812
60.3750000 -106.1875000 2.8437500
60.5000000 -105.3750000 2.8242188
60.3125000 -105.6875000 2.8320312
60.3437500 -105.8750000 2.8300781
60.4062500 -105.7500000 2.8320312
60.3125000 -105.0625000 2.8144531
60.4687500 -103.2500000 2.7851562
60.5000000 -102.8750000 2.7675781
60.5000000 -102.0625000 2.7539062
60.4375000 -102.2500000 2.7578125
60.4687500 -102.3750000 2.7519531
60.5000000 -100.5625000 2.7070312
60.5625000 -101.2500000 2.7246094
60.7187500 -101.8750000 2.7578125
60.7187500 -101.0625000 2.7343750
60.8750000 -100.6250000 2.7382812
60.6562500 -99.6250000 2.7109375
60.6562500 -100.3750000 2.7304688
60.8125000 -99.8125000 2.7207031
60.5937500 -99.0000000 2.6914062
60.5937500 -98.8125000 2.6992188
60.5312500 -99.2500000 2.6953125
60.5937500 -98.8750000 2.7031250
60.5937500 -99.3125000 2.7070312
60.6562500 -99.0625000 2.7011719
60.5312500 -97.2500000 2.6660156
60.5625000 -97.1875000 2.6640625
60.7187500 -96.9375000 2.6718750
60.6875000 -96.3750000 2.6699219
60.6875000 -97.4375000 2.6835938
60.5937500 -97.4375000 2.6699219
60.5937500 -97.3750000 2.6757812
60.6875000 -95.5625000 2.6406250
60.6562500 -95.9375000 2.6601562
60.7812500 -96.1875000 2.6562500
60.5000000 -93.8125000 2.6093750
60.5000000 -94.3125000 2.6152344
60.5625000 -94.8125000 2.6210938
60.5625000 -94.5625000 2.6210938
60.6250000 -94.8125000 2.6250000
61.3125000 -91.0625000 2.5507812
60.8437500 -97.8750000 2.6875000
61.0937500 -96.2500000 2.6503906
61.0625000 -97.2500000 2.6640625
60.8437500 -94.8750000 2.6250000
60.6250000 -96.0000000 2.6406250
60.6250000 -93.8750000 2.6093750
60.4687500 -92.8125000 2.5859375
60.4375000 -92.3125000 2.5644531
60.5000000 -92.5000000 2.5722656
60.4375000 -92.0000000 2.5625000
60.4687500 -91.8750000 2.5664062
60.5937500 -92.8750000 2.6191406
60.5625000 -91.2500000 2.6074219
61.7812500 -103.5625000 2.7500000
60.7812500 -92.0000000 2.6132812
60.5000000 -89.5000000 2.5527344
60.5312500 -89.7500000 2.5449219
60.6875000 -89.1250000 2.5449219
60.6562500 -88.6250000 2.5195312
60.6875000 -88.8125000 2.5253906
60.5937500 -89.3125000 2.5273438
60.6250000 -88.2500000 2.5156250
60.8750000 -88.2500000 2.5117188
60.5625000 -87.8125000 2.5039062
60.2812500 -86.8750000 2.4882812
60.3437500 -86.8125000 2.4941406
60.4062500 -86.6250000 2.4941406
60.3437500 -85.6875000 2.4804688
60.4062500 -86.2500000 2.4882812
60.3125000 -85.1875000 2.4687500
60.3750000 -86.0625000 2.4804688
60.3437500 -85.3125000 2.4726562
60.2812500 -84.6875000 2.4570312
60.3437500 -84.5000000 2.4550781
60.2500000 -84.8125000 2.4609375
60.2187500 -84.0625000 2.4492188
60.0937500 -84.1875000 2.4511719
60.1875000 -83.4375000 2.4453125
60.2187500 -83.0625000 2.4375000
60.0312500 -83.6250000 2.4492188
60.0000000 -82.8125000 2.4335938
60.0000000 -83.1875000 2.4355469
60.1875000 -83.0000000 2.4257812
60.0625000 -81.6250000 2.4042969
59.9375000 -80.8125000 2.3828125
59.9687500 -80.9375000 2.3925781
59.9062500 -81.5625000 2.3984375
59.8125000 -81.0000000 2.3906250
59.6875000 -80.5000000 2.3828125
59.9687500 -80.8125000 2.3964844
59.8437500 -81.0625000 2.3984375
59.9062500 -81.0625000 2.4023438
60.0625000 -80.1875000 2.3906250
59.9062500 -79.8750000 2.3808594
59.8125000 -79.8750000 2.3789062
59.8437500 -79.0625000 2.3613281
60.0312500 -78.3125000 2.3515625
60.0625000 -78.5000000 2.3613281
59.9062500 -78.5625000 2.3613281
59.7500000 -78.4375000 2.3632812
59.9687500 -78.3125000 2.3476562
59.9375000 -77.5625000 2.3417969
59.8437500 -77.5000000 2.3437500
59.7500000 -77.5625000 2.3496094
59.5312500 -76.5625000 2.3203125
59.5937500 -76.8125000 2.3300781
59.7187500 -76.1250000 2.3144531
59.8437500 -76.8125000 2.3203125
59.8750000 -76.6250000 2.3183594
59.8437500 -76.1875000 2.3085938
59.8125000 -75.7500000 2.2988281
59.8750000 -75.8750000 2.3144531
59.8750000 -75.6250000 2.2871094
59.7500000 -74.8125000 2.2792969
59.8437500 -74.3750000 2.2851562
59.6250000 -73.6250000 2.2636719
59.8125000 -72.1875000 2.2382812
60.3750000 -72.2500000 2.2617188
60.5312500 -72.0625000 2.2578125
60.3750000 -72.5625000 2.2871094
60.7500000 -72.1875000 2.2773438
60.5000000 -71.7500000 2.2695312
60.7187500 -71.8750000 2.2597656
60.3125000 -71.1875000 2.2480469
60.0625000 -71.3750000 2.2382812
59.6562500 -71.8125000 2.2480469
59.6562500 -72.1250000 2.2597656
59.6250000 -72.1250000 2.2636719
59.7500000 -71.8750000 2.2656250
59.7187500 -71.7500000 2.2656250
59.7812500 -71.9375000 2.2519531
59.7500000 -71.8125000 2.2558594
59.7812500 -71.8750000 2.2539062
59.6875000 -71.9375000 2.2578125
59.7500000 -71.8750000 2.2558594
59.6875000 -71.6875000 2.2539062
59.8125000 -71.5625000 2.2441406
59.6875000 -71.8125000 2.2421875
59.6250000 -71.7500000 2.2421875
59.6562500 -71.8125000 2.2441406
59.6250000 -71.5000000 2.2402344
59.6875000 -71.4375000 2.2441406
59.7500000 -71.5625000 2.2382812
59.8125000 -71.6250000 2.2382812
59.7812500 -71.5000000 2.2460938
59.7187500 -71.8125000 2.2539062
59.5312500 -71.5000000 2.2617188
59.7187500 -71.5625000 2.2578125
59.6250000 -71.5625000 2.2558594
59.5937500 -71.5625000 2.2558594
59.5937500 -71.5000000 2.2480469
59.4375000 -71.5625000 2.2519531
59.4687500 -71.4375000 2.2539062
59.5937500 -71.6875000 2.2500000
59.5000000 -71.6250000 2.2441406
59.4375000 -71.8125000 2.2402344
59.5937500 -71.6875000 2.2265625
59.8125000 -71.7500000 2.2363281
59.2812500 -71.8125000 2.2324219
59.0000000 -71.7500000 2.2402344
58.9687500 -71.7500000 2.1972656
58.5937500 -71.6250000 2.1835938
58.5312500 -71.6250000 2.1757812
58.3750000 -71.6250000 2.1621094
58.2812500 -71.6875000 2.1660156
58.5625000 -71.5625000 2.1757812
58.2500000 -71.1875000 2.1777344
58.5312500 -71.2500000 2.1894531
58.3125000 -71.1250000 2.1933594
57.9375000 -71.2500000 2.1933594
58.1250000 -71.1875000 2.1953125
58.0625000 -71.2500000 2.1953125
58.6875000 -71.7500000 2.2011719
58.0000000 -71.1250000 2.1914062
60.2187500 -76.4375000 2.2304688
58.0937500 -71.3125000 2.1914062
57.7187500 -71.3750000 2.1972656
56.8437500 -71.7500000 2.1777344
56.1250000 -71.5000000 2.1718750
57.0937500 -71.5625000 2.1640625
56.4687500 -71.6250000 2.1601562
56.8750000 -71.9375000 2.1875000
57.7500000 -71.6875000 2.2324219
57.2500000 -72.8125000 2.2265625
56.6875000 -72.6875000 2.2343750
56.4375000 -71.4375000 2.2207031
56.0312500 -71.1875000 2.1718750
56.2500000 -71.3750000 2.1640625
55.4062500 -71.6250000 2.1679688
54.1250000 -71.4375000 2.2226562
54.3750000 -71.3125000 2.2285156
53.9375000 -71.2500000 2.2324219
54.2187500 -71.5000000 2.1953125
54.3437500 -71.5625000 2.1894531
53.6250000 -71.5000000 2.1777344
53.9062500 -71.7500000 2.1621094
55.2812500 -76.3750000 2.2343750
52.9375000 -71.5625000 2.1796875
52.8125000 -71.4375000 2.1757812
53.5312500 -71.3125000 2.1640625
53.2812500 -71.0625000 2.1875000
53.1250000 -71.0625000 2.1875000
53.3125000 -71.0625000 2.1894531
53.0000000 -71.2500000 2.1835938
53.0312500 -71.1875000 2.1699219
53.0000000 -71.2500000 2.1757812
52.6562500 -71.0625000 2.1875000
52.7812500 -71.0625000 2.1914062
52.9375000 -71.0625000 2.1777344
52.3437500 -71.2500000 2.1699219
52.6562500 -71.0000000 2.1718750
52.3125000 -71.3125000 2.1835938
52.9375000 -70.7500000 2.1972656
52.3125000 -71.0625000 2.1972656
52.7187500 -71.0000000 2.1933594
52.5625000 -71.1250000 2.1933594
52.7187500 -71.1250000 2.1757812
52.5937500 -71.0625000 2.1503906
52.5000000 -71.0000000 2.1601562
52.8750000 -71.2500000 2.1523438
52.5625000 -71.1250000 2.1562500
52.8437500 -71.0625000 2.1464844
52.7500000 -71.1875000 2.1464844
52.5625000 -71.1250000 2.1484375
52.2812500 -71.0625000 2.1503906
51.4687500 -71.3125000 2.1738281
51.3437500 -71.3125000 2.1875000
51.5625000 -71.2500000 2.1875000
51.4375000 -71.2500000 2.1835938
51.1875000 -71.5000000 2.2050781
51.2187500 -71.4375000 2.2128906
51.2187500 -71.3125000 2.1738281
51.0937500 -71.3750000 2.1796875
50.9687500 -71.4375000 2.1796875
51.4687500 -71.8125000 2.1699219
51.7812500 -72.8125000 2.1816406
51.4687500 -71.8125000 2.1738281
51.1875000 -71.6875000 2.1699219
51.4375000 -71.8125000 2.1699219
50.9062500 -71.6875000 2.1757812
50.5000000 -71.5000000 2.1855469
50.4375000 -71.3125000 2.2148438
50.3125000 -71.3750000 2.1972656
50.1875000 -71.3750000 2.2324219
50.5312500 -71.5000000 2.2109375
51.1250000 -74.8750000 2.2246094
50.5000000 -71.6875000 2.2089844
49.9062500 -71.4375000 2.1835938
50.0000000 -71.5625000 2.1972656
51.6875000 -78.1875000 2.2207031
49.5937500 -71.7500000 2.1796875
49.7812500 -71.1250000 2.1875000
50.0312500 -71.4375000 2.1875000
49.4375000 -73.6875000 2.2363281
49.7187500 -71.3750000 2.1992188
49.3125000 -74.8125000 2.2304688
48.5625000 -71.3750000 2.1757812
48.6250000 -73.0000000 2.1835938
47.9375000 -71.5000000 2.1718750
49.2500000 -78.5625000 2.2714844
48.2500000 -78.3125000 2.2421875
46.0937500 -71.8750000 2.1796875
46.8437500 -73.8750000 2.2167969
46.1250000 -71.6250000 2.1777344
46.1875000 -71.5625000 2.1757812
46.0000000 -71.5625000 2.1718750
45.4375000 -71.3125000 2.1816406
44.3750000 -71.3750000 2.1875000
45.2187500 -71.2500000 2.1777344
44.6875000 -71.1875000 2.1835938
44.7187500 -71.0625000 2.1933594
43.8750000 -71.2500000 2.2070312
43.8437500 -71.3125000 2.2070312
43.1875000 -71.3750000 2.2109375
42.6875000 -71.5000000 2.1972656
42.3437500 -73.4375000 2.2382812
41.5000000 -71.5625000 2.2128906
42.3750000 -71.3750000 2.2050781
41.0625000 -71.5625000 2.2128906
42.6875000 -71.9375000 2.2460938
41.6250000 -71.3750000 2.1992188
42.1250000 -73.0000000 2.2578125
41.3750000 -71.3125000 2.2246094
41.3750000 -72.2500000 2.2500000
40.5937500 -78.1875000 2.3574219
39.3750000 -71.0625000 2.2167969
39.5000000 -71.6875000 2.2265625
39.0625000 -70.9375000 2.2167969
39.1875000 -71.3125000 2.2167969
39.7812500 -80.1250000 2.3554688
38.3125000 -76.3750000 2.3242188
38.4687500 -71.1875000 2.2382812
38.4375000 -71.8125000 2.2695312
37.5000000 -71.6875000 2.2656250
37.4375000 -76.5000000 2.3710938
37.0937500 -77.4375000 2.3925781
36.8437500 -72.0625000 2.2597656
36.8125000 -72.0000000 2.2734375
36.6875000 -71.8750000 2.2656250
36.7812500 -74.7500000 2.3398438
34.3750000 -74.6875000 2.2988281
37.0312500 -74.8750000 2.3417969
35.0312500 -70.8750000 2.2558594
34.4375000 -71.6250000 2.2695312
35.3750000 -71.7500000 2.2851562
35.2187500 -79.7500000 2.4082031
34.3750000 -71.1250000 2.3007812
33.0000000 -70.5625000 2.3281250
32.1562500 -72.4375000 2.3300781
30.7031250 -70.7500000 2.3632812
33.5937500 -72.1875000 2.3007812
33.2187500 -72.6250000 2.3007812
32.5312500 -71.1875000 2.3007812
32.1250000 -77.1875000 2.4062500
32.9375000 -71.0625000 2.2929688
30.6406250 -70.6875000 2.3164062
32.8750000 -71.5625000 2.2949219
31.3593750 -71.1875000 2.3027344
31.1718750 -71.1875000 2.3125000
29.9218750 -70.1250000 2.3203125
28.3906250 -70.1250000 2.3515625
30.0625000 -70.4375000 2.3476562
28.7343750 -70.6250000 2.3398438
29.6875000 -75.4375000 2.3925781
29.0625000 -70.7500000 2.3593750
27.8593750 -70.5000000 2.3593750
28.2812500 -70.5625000 2.3457031
28.1875000 -70.8750000 2.3515625
27.3750000 -71.8125000 2.3691406
27.5781250 -71.6250000 2.3847656
28.0937500 -71.0000000 2.3417969
28.5625000 -71.3125000 2.3476562
28.0156250 -71.4375000 2.3535156
27.6718750 -71.0000000 2.3554688
26.7656250 -71.1250000 2.3691406
26.6093750 -70.7500000 2.3593750
26.5000000 -71.0000000 2.3476562
26.1562500 -70.8125000 2.3710938
25.2968750 -70.4375000 2.3613281
24.8750000 -70.1250000 2.3652344
25.4531250 -71.0625000 2.3671875
25.9218750 -71.5000000 2.3730469
24.6250000 -70.8125000 2.3730469
23.8593750 -71.3750000 2.3828125
23.4687500 -71.1875000 2.3906250
22.8125000 -71.3750000 2.3867188
23.6250000 -70.6250000 2.3652344
22.6093750 -71.1250000 2.3886719
23.5156250 -72.0625000 2.3925781
22.7343750 -71.5625000 2.3925781
21.9375000 -71.8125000 2.3984375
22.3593750 -71.9375000 2.4023438
19.9843750 -71.7500000 2.4218750
21.2968750 -70.7500000 2.3886719
19.3125000 -71.5000000 2.4140625
20.5312500 -71.1250000 2.3867188
20.4375000 -72.0625000 2.3964844
20.6406250 -72.4375000 2.4121094
19.3125000 -72.4375000 2.4101562
18.9531250 -72.5625000 2.4199219
18.5937500 -73.3125000 2.4140625
18.1250000 -72.0000000 2.4218750
18.8593750 -74.0000000 2.4296875
17.8125000 -71.5625000 2.4140625
17.6718750 -72.3750000 2.4355469
18.0000000 -72.5000000 2.4335938
17.5312500 -72.1875000 2.4257812
18.4062500 -69.6875000 2.3906250
18.2812500 -72.7500000 2.4492188
17.9218750 -71.9375000 2.4179688
16.9375000 -73.1875000 2.4453125
17.6875000 -73.0000000 2.4375000
17.2812500 -73.2500000 2.4375000
15.9375000 -73.1875000 2.4375000
16.2968750 -72.1250000 2.4296875
15.7343750 -73.6250000 2.4414062
16.2187500 -74.6250000 2.4472656
16.7343750 -74.2500000 2.4218750
15.8125000 -73.5000000 2.4375000
15.7421875 -73.8125000 2.4355469
15.0312500 -74.6250000 2.4609375
15.1015625 -75.6875000 2.4726562
14.8437500 -75.3750000 2.4765625
15.5312500 -74.9375000 2.4609375
13.5859375 -76.0625000 2.5058594
14.8593750 -74.4375000 2.4746094
14.5859375 -75.2500000 2.4882812
14.2265625 -76.1250000 2.5039062
14.8593750 -75.6875000 2.4843750
13.3046875 -75.7500000 2.5078125
13.1015625 -75.6250000 2.5078125
12.8125000 -76.0625000 2.5175781
5.5078125 -79.5000000 2.6542969
12.2968750 -77.1250000 2.5449219
12.1328125 -76.5625000 2.5351562
10.7578125 -77.4375000 2.5664062
11.6562500 -77.8750000 2.5566406
11.5546875 -76.9375000 2.5507812
10.0937500 -78.4375000 2.5683594
10.2968750 -78.3750000 2.5781250
10.4140625 -78.4375000 2.5781250
11.4296875 -76.7500000 2.5468750
10.4453125 -77.9375000 2.5722656
9.7812500 -78.1875000 2.5820312
10.6562500 -78.1250000 2.5859375
9.4531250 -79.0000000 2.5917969
9.0781250 -78.8750000 2.5898438
9.3203125 -79.0625000 2.5976562
9.2031250 -79.0625000 2.5976562
8.9687500 -79.1250000 2.5937500
8.4687500 -79.4375000 2.5996094
8.9765625 -79.3125000 2.5859375
8.3125000 -79.8750000 2.5976562
7.6875000 -80.0000000 2.6132812
7.3515625 -78.6875000 2.6093750
6.7421875 -81.2500000 2.6386719
7.4687500 -80.6250000 2.6250000
7.5468750 -80.8125000 2.6328125
6.6171875 -80.8750000 2.6347656
7.4296875 -80.5625000 2.6230469
6.2421875 -82.1250000 2.6562500
6.9843750 -81.3750000 2.6386719
6.9062500 -81.2500000 2.6367188
5.8750000 -82.7500000 2.6679688
5.8984375 -82.1250000 2.6562500
5.5234375 -82.3125000 2.6640625
5.6875000 -82.1875000 2.6640625
5.5000000 -82.5000000 2.6640625
4.8671875 -82.9375000 2.6796875
5.1484375 -83.5625000 2.6855469
5.1679688 -82.7500000 2.6679688
5.1171875 -83.9375000 2.6875000
5.4531250 -83.6875000 2.6816406
3.8359375 -83.8750000 2.7031250
4.0703125 -84.1250000 2.6992188
4.4414062 -84.0000000 2.6972656
3.5097656 -84.5000000 2.7148438
4.8203125 -84.0625000 2.6933594
3.4062500 -84.5625000 2.7148438
2.7753906 -85.3750000 2.7304688
2.4296875 -85.6250000 2.7343750
2.6367188 -85.3125000 2.7304688
2.5937500 -85.5000000 2.7304688
2.3496094 -85.5000000 2.7343750
1.6093750 -85.8125000 2.7441406
2.5156250 -85.4375000 2.7285156
2.2402344 -85.5625000 2.7324219
1.8476562 -86.3125000 2.7500000
1.2802734 -86.3125000 2.7539062
0.3535156 -87.4375000 2.7714844
1.2226562 -86.3750000 2.7539062
0.2763672 -87.5625000 2.7773438
0.6918945 -86.7500000 2.7617188
-0.9375000 -88.4375000 2.7929688
-0.2480469 -87.4375000 2.7773438
0.5922852 -87.3750000 2.7695312
-1.2890625 -88.9375000 2.8007812
-0.6777344 -88.2500000 2.7910156
-1.7578125 -89.3125000 2.8046875
-1.6074219 -89.0625000 2.8125000
0.2773438 -88.0000000 2.7812500
-1.4902344 -88.8125000 2.8046875
-1.5800781 -89.1250000 2.8046875
-1.7832031 -88.9375000 2.8085938
-2.4980469 -90.0625000 2.8242188
-1.5703125 -89.0625000 2.8046875
-2.4082031 -89.8125000 2.8242188
-2.8964844 -90.0000000 2.8300781
-2.8925781 -90.2500000 2.8378906
-3.9199219 -91.5625000 2.8593750
-3.4511719 -90.7500000 2.8476562
-3.6308594 -90.6250000 2.8339844
-3.3105469 -90.7500000 2.8437500
-2.8535156 -90.5625000 2.8398438
-3.6660156 -91.1875000 2.8535156
-4.1562500 -91.6875000 2.8593750
-4.5781250 -92.1250000 2.8671875
-4.0156250 -92.0000000 2.8554688
-4.8203125 -93.3750000 2.8828125
-5.3671875 -93.0000000 2.8828125
-5.8593750 -93.8750000 2.8984375
-6.0312500 -93.5000000 2.8984375
-6.7109375 -94.8125000 2.9101562
-5.4218750 -93.7500000 2.8906250
-7.0156250 -95.5625000 2.9414062
-6.7734375 -94.6250000 2.9199219
-7.6640625 -95.6250000 2.9414062
-7.1093750 -95.1875000 2.9335938
-6.8750000 -95.2500000 2.9296875
-6.6406250 -94.8750000 2.9257812
-7.9921875 -96.0625000 2.9531250
-8.1250000 -96.9375000 2.9804688
-8.6875000 -96.8125000 2.9726562
-8.7187500 -97.1875000 2.9882812
-8.1406250 -96.5625000 2.9765625
-8.9531250 -97.3125000 2.9960938
-8.5312500 -96.9375000 2.9863281
-8.9921875 -96.6250000 2.9882812
-9.6484375 -98.1875000 3.0117188
-9.6718750 -97.7500000 3.0078125
-9.3203125 -97.3125000 2.9843750
-9.8906250 -98.4375000 3.0195312
-9.8046875 -97.8125000 3.0078125
-9.7968750 -98.5625000 3.0273438
-10.1328125 -98.6875000 3.0117188
-10.4296875 -98.7500000 3.0253906
-10.3593750 -99.2500000 3.0351562
-10.5703125 -98.5625000 3.0292969
-10.7421875 -99.2500000 3.0468750
-10.9609375 -99.6250000 3.0410156
-11.6171875 -100.2500000 3.0546875
-11.2890625 -100.0000000 3.0625000
-11.5703125 -100.1875000 3.0703125
-11.5625000 -99.7500000 3.0664062
-11.6796875 -99.7500000 3.0566406
-11.8828125 -100.3125000 3.0664062
-11.7968750 -100.0625000 3.0605469
-11.8593750 -100.6250000 3.0644531
-12.8046875 -101.0000000 3.0781250
-12.3828125 -100.8125000 3.0781250
-12.7734375 -101.1875000 3.0742188
-13.3984375 -101.7500000 3.0859375
-13.8828125 -102.1250000 3.0917969
-15.1953125 -103.3125000 3.1015625
-14.0781250 -102.6250000 3.0859375
-14.2500000 -102.6875000 3.0937500
-14.9140625 -103.4375000 3.1054688
-14.4843750 -102.5625000 3.1035156
-14.5156250 -103.1875000 3.0976562
-15.1171875 -103.4375000 3.1054688
-15.5859375 -104.1250000 3.1308594
-15.3828125 -103.9375000 3.1074219
-15.4765625 -104.0000000 3.1289062
-15.4296875 -103.5000000 3.1210938
-16.7968750 -105.1875000 3.1250000
-16.1718750 -104.8750000 3.1132812
-16.6406250 -104.9375000 3.1289062
-16.8906250 -104.8125000 3.1289062
-17.1718750 -105.1875000 3.1308594
-17.7656250 -105.5000000 3.1523438
-17.3906250 -105.9375000 3.1367188
-18.3437500 -106.5000000 3.1523438
-17.7187500 -105.9375000 3.1425781
-17.8281250 -106.1875000 3.1406250
-18.8750000 -107.3125000 3.1640625
-18.1093750 -106.0625000 3.1367188
-18.2968750 -106.5000000 3.1660156
-18.5937500 -106.6250000 3.1699219
-18.5625000 -107.0000000 3.1601562
-18.4375000 -108.1250000 3.1562500
-18.3750000 -108.8750000 3.1757812
-19.3437500 -108.3750000 3.1660156
-19.3437500 -107.8125000 3.1757812
-19.6562500 -107.5000000 3.2031250
-20.9218750 -108.6875000 3.2734375
-20.7656250 -108.5000000 3.2382812
-19.8125000 -107.3750000 3.2031250
-20.4843750 -107.7500000 3.2246094
-20.8125000 -111.6250000 3.2988281
-21.5156250 -109.8750000 3.2968750
-21.4375000 -108.6250000 3.2656250
-21.8906250 -109.0000000 3.2617188
-20.8125000 -109.1875000 3.2031250
-21.7500000 -109.4375000 3.2226562
-21.4531250 -109.5625000 3.2070312
-21.6406250 -109.5625000 3.1992188
-21.2500000 -109.3750000 3.1933594
-21.5156250 -109.6250000 3.1953125
-22.7656250 -110.7500000 3.2226562
-22.7343750 -110.2500000 3.1992188
-22.5312500 -110.3125000 3.2109375
-22.7031250 -110.6250000 3.2148438
-22.9062500 -110.8750000 3.2187500
-23.4375000 -111.3125000 3.2460938
-24.0468674 -111.8750000 3.2617188
-23.9999924 -111.9375000 3.2578125
-24.8281174 -112.2500000 3.2929688
-24.6874924 -111.8125000 3.2929688
-24.8124924 -112.2500000 3.2910156
-24.8593674 -112.1250000 3.2851562
-25.0937424 -112.6875000 3.2792969
-25.1718674 -112.6875000 3.2890625
-25.8906174 -113.3750000 3.2851562
-25.8281174 -113.8125000 3.2851562
-25.8437424 -113.7500000 3.2734375
-26.5312424 -113.8750000 3.2851562
-26.4218674 -114.5625000 3.2890625
-26.0468674 -114.0000000 3.2792969
-26.1874924 -114.2500000 3.2851562
-26.6562424 -114.8750000 3.2851562
-27.0781174 -114.9375000 3.2910156
-27.8593674 -115.9375000 3.2929688
-27.1249924 -114.8750000 3.2890625
-28.7343674 -116.6250000 3.3066406
-28.2343674 -116.1875000 3.2968750
-28.4687424 -115.8750000 3.3027344
-29.3593674 -117.0000000 3.3085938
-29.6093674 -116.4375000 3.3320312
-28.9687424 -116.4375000 3.3164062
-29.7187424 -117.5625000 3.3242188
-29.4374924 -117.0000000 3.3203125
-30.0156174 -117.7500000 3.3300781
-30.1562424 -117.8750000 3.3378906
-30.2187424 -117.6875000 3.3476562
-31.3124924 -118.9375000 3.3515625
-30.3749924 -118.2500000 3.3437500
-30.3124924 -118.1875000 3.3476562
-31.3749924 -118.6875000 3.3515625
-32.0624924 -119.2500000 3.3593750
-31.2812424 -119.3125000 3.3398438
-32.1249924 -119.7500000 3.3828125
-33.0624924 -121.0000000 3.3984375
-32.5937424 -120.3750000 3.3789062
-31.6562424 -119.5625000 3.3730469
-31.8437424 -119.8750000 3.3515625
-32.5312424 -120.6250000 3.3906250
-31.8124924 -120.0000000 3.3632812
-31.5937424 -120.0000000 3.3593750
-32.7499924 -121.0625000 3.3828125
-32.3124924 -121.3125000 3.3554688
-33.4062424 -121.6250000 3.3906250
-33.4062424 -121.4375000 3.3984375
-32.6874924 -120.7500000 3.3671875
-33.1249924 -121.0625000 3.3808594
-32.9999924 -121.3125000 3.3691406
-33.3437424 -121.2500000 3.3671875
-34.8124924 -122.3750000 3.3750000
-36.0312424 -123.3750000 3.4023438
-34.4374924 -122.1250000 3.3750000
-33.4999924 -121.9375000 3.4082031
-35.0312424 -122.5625000 3.4453125
-35.7812424 -122.8750000 3.4570312
-34.9374924 -123.0000000 3.4453125
-36.1874924 -123.3125000 3.4609375
-35.5624924 -123.1250000 3.4511719
-36.0937424 -123.4375000 3.4628906
-36.5937424 -123.3750000 3.4687500
-36.6874924 -123.8750000 3.4628906
-36.5312424 -123.5000000 3.4531250
-36.8749924 -124.0625000 3.4570312
-36.9062424 -124.0625000 3.4726562
-36.9687424 -124.2500000 3.4531250
-37.9999924 -124.8750000 3.4453125
-37.6249924 -124.5625000 3.4414062
-38.4374924 -124.6875000 3.4414062
-38.6874924 -125.5000000 3.4550781
-39.2187424 -125.6875000 3.4531250
-38.7187424 -124.8750000 3.4375000
-39.1874924 -125.8125000 3.4550781
-39.7812424 -126.5625000 3.4746094
-39.4687424 -126.2500000 3.4882812
-39.6562424 -126.6875000 3.4863281
-39.7499924 -126.6875000 3.4960938
-39.9999924 -127.3125000 3.4960938
-39.4062424 -126.6250000 3.4843750
-40.0312424 -127.7500000 3.5156250
-40.5624924 -128.3750000 3.5234375
-40.2812424 -128.1250000 3.5195312
-41.3124924 -129.3750000 3.5234375
-41.6562424 -129.2500000 3.5195312
-40.9999924 -128.2500000 3.5058594
-41.1249924 -128.7500000 3.5117188
-41.5937424 -129.5000000 3.5312500
-42.3437424 -130.8750000 3.5468750
-42.5312424 -130.8750000 3.5546875
-42.8124924 -130.8750000 3.5507812
-43.3124924 -131.5000000 3.5820312
-42.7812424 -130.5000000 3.5468750
-42.8124924 -130.8750000 3.5546875
-42.7499924 -131.0000000 3.5429688
-43.3437424 -131.2500000 3.5488281
-43.4999924 -131.7500000 3.5625000
-43.4062424 -131.7500000 3.5703125
-43.1874924 -131.1250000 3.5468750
-43.5937424 -131.0000000 3.5468750
-43.7187424 -131.3750000 3.5507812
-43.8124924 -131.6250000 3.5546875
-43.9062424 -132.2500000 3.5878906
-44.5624924 -132.3750000 3.6054688
-44.7187424 -132.6250000 3.6132812
-45.5312424 -133.7500000 3.6269531
-45.4374924 -133.7500000 3.6210938
-45.3124924 -133.5000000 3.6132812
-45.5624924 -132.8750000 3.6191406
-45.5312424 -133.5000000 3.6210938
-45.9374924 -134.0000000 3.6132812
-46.6249924 -134.5000000 3.6328125
-46.6874924 -134.8750000 3.6328125
-47.0312424 -135.0000000 3.6445312
-47.4687424 -135.2500000 3.6542969
-47.4999924 -135.3750000 3.6425781
-47.8437424 -135.5000000 3.6523438
-47.2499924 -135.1250000 3.6367188
-48.0312424 -135.7500000 3.6562500
-48.4687424 -136.3750000 3.6796875
-49.5624924 -137.2500000 3.6875000
-48.4062424 -135.8750000 3.6640625
-48.8124924 -136.3750000 3.6757812
-49.4999924 -136.7500000 3.6835938
-49.1874924 -136.5000000 3.6914062
-49.9999924 -137.7500000 3.7128906
-49.8437424 -137.0000000 3.7070312
-49.8124924 -137.1250000 3.7070312
-50.6562424 -138.0000000 3.7128906
-50.0937424 -137.7500000 3.7031250
-50.6562424 -138.1250000 3.7304688
-50.6249924 -138.2500000 3.7167969
-51.3749924 -138.5000000 3.7226562
-50.4374924 -138.0000000 3.7089844
-50.0312424 -137.6250000 3.6953125
-52.7187424 -139.7500000 3.7480469
-51.0312424 -138.5000000 3.7285156
-51.6562424 -139.2500000 3.7285156
-51.2187424 -138.3750000 3.7246094
-50.8749924 -138.6250000 3.7382812
-52.3749924 -139.8750000 3.7500000
-52.5624924 -139.2500000 3.7421875
-53.2812424 -140.6250000 3.7656250
-53.4374924 -140.0000000 3.7578125
-52.9999924 -139.8750000 3.7539062
-54.0937424 -142.0000000 3.7929688
-53.5937424 -140.2500000 3.7656250
-53.0937424 -140.5000000 3.7617188
-54.0937424 -141.0000000 3.7753906
-53.3124924 -140.5000000 3.7675781
-54.7812424 -142.5000000 3.8007812
-54.1249924 -141.1250000 3.7812500
-55.6249924 -143.3750000 3.8105469
-55.1874924 -142.6250000 3.8007812
-55.5624924 -142.7500000 3.8046875
-55.2187424 -142.5000000 3.8007812
-55.4062424 -142.5000000 3.7988281
-55.0312424 -142.7500000 3.8046875
-56.0312424 -143.7500000 3.8203125
-55.5937424 -143.3750000 3.8085938
-56.6874924 -144.2500000 3.8339844
-56.3437424 -144.1250000 3.8281250
-56.4062424 -144.2500000 3.8320312
-56.7812424 -144.1250000 3.8242188
-57.0312424 -144.3750000 3.8320312
-56.6249924 -144.5000000 3.8320312
-57.6562424 -145.0000000 3.8476562
-57.0312424 -144.8750000 3.8359375
-58.9062424 -146.1250000 3.8613281
-58.8124924 -146.0000000 3.8593750
-58.7187424 -146.2500000 3.8632812
-58.5937424 -146.0000000 3.8632812
-57.9062424 -145.6250000 3.8554688
-58.7812424 -146.0000000 3.8574219
-59.8124924 -147.5000000 3.8906250
-59.2499924 -146.7500000 3.8789062
-60.4374924 -147.7500000 3.8886719
-60.2187424 -147.7500000 3.8984375
-60.1562424 -148.3750000 3.9023438
-60.2499924 -148.0000000 3.8945312
-60.0624924 -147.7500000 3.8867188
-60.6562424 -148.3750000 3.9023438
-61.1874924 -148.6250000 3.9062500
-61.4687424 -148.8750000 3.9101562
-61.6874924 -148.6250000 3.9218750
-61.1562424 -148.6250000 3.9062500
-61.9687424 -148.5000000 3.9179688
-61.6874924 -148.5000000 3.9257812
-61.4999924 -148.7500000 3.9101562
-60.9687424 -147.5000000 3.8906250
-61.5624924 -148.6250000 3.9179688
-61.8437424 -149.0000000 3.9179688
-62.2187424 -150.0000000 3.9335938
-62.0937424 -149.6250000 3.9296875
-63.3749924 -151.1250000 3.9570312
-62.9999924 -150.6250000 3.9414062
-63.6874924 -151.5000000 3.9531250
-63.7499924 -152.1250000 3.9648438
-63.6249924 -151.5000000 3.9648438
-64.5624924 -152.5000000 3.9804688
-63.6874924 -151.8750000 3.9570312
-65.1249924 -153.1250000 3.9804688
-64.8749924 -152.2500000 3.9765625
-64.8749924 -152.8750000 3.9843750
-64.2499924 -152.1250000 3.9687500
-65.3124924 -153.2500000 3.9960938
-65.6249924 -153.5000000 3.9804688
-66.1249924 -153.0000000 4.0039062
-64.9374924 -152.5000000 3.9843750
-64.8124924 -152.1250000 3.9687500
-66.0624924 -153.7500000 4.0039062
-65.9999924 -153.8750000 3.9882812
-66.4999924 -154.3750000 4.0078125
-66.7499924 -154.3750000 4.0234375
-67.9374924 -156.1250000 4.0429688
-66.9999924 -154.7500000 4.0312500
-68.0624924 -155.7500000 4.0507812
-67.6874924 -155.6250000 4.0429688
-67.3749924 -156.0000000 4.0390625
-68.4999924 -156.7500000 4.0664062
-67.5624924 -155.2500000 4.0546875
-68.2499924 -157.1250000 4.0664062
-67.8749924 -156.2500000 4.0390625
-69.1874924 -158.7500000 4.0781250
-69.3124924 -157.1250000 4.0546875
-68.4374924 -156.8750000 4.0507812
-69.7499924 -157.1250000 4.0625000
-69.0624924 -155.6250000 4.0273438
-69.5624924 -157.2500000 4.0468750
-70.0624924 -155.8750000 4.0390625
-71.1249924 -154.7500000 4.0390625
-70.9999924 -150.5000000 4.0234375
-70.9374924 -149.6250000 4.0429688
-71.1249924 -146.7500000 4.0000000
-71.3749924 -144.6250000 3.9687500
-71.9374924 -144.5000000 3.9414062
-73.0624924 -139.7500000 3.9257812
-72.3124924 -138.3750000 3.9375000
-71.3124924 -135.5000000 3.9257812
-72.2499924 -138.1250000 3.9296875
-73.3124924 -138.1250000 3.9218750
-73.3749924 -136.6250000 3.9335938
-72.8124924 -136.3750000 3.9453125
-72.9999924 -139.1250000 3.9335938
-75.1249924 -141.7500000 4.0312500
-75.7499924 -139.5000000 4.0312500
-75.2499924 -145.3750000 4.0859375
-74.0624924 -146.1250000 4.0273438
-74.2499924 -146.2500000 4.0273438
-75.3749924 -149.8750000 4.0507812
-75.1249924 -151.5000000 4.0664062
-75.4999924 -152.5000000 4.0781250
-75.5624924 -153.1250000 4.0898438
-75.6874924 -155.8750000 4.1328125
-74.8124924 -152.1250000 4.0937500
-75.3124924 -154.1250000 4.0898438
-75.9999924 -155.2500000 4.1289062
-75.7499924 -153.3750000 4.0976562
-75.9999924 -155.1250000 4.1367188
-75.8124924 -155.1250000 4.1250000
-75.4999924 -154.6250000 4.1093750
-75.6249924 -155.7500000 4.1171875
-75.7499924 -155.5000000 4.1289062
-75.4374924 -154.5000000 4.1132812
-75.3749924 -153.8750000 4.1093750
-75.2499924 -154.0000000 4.1132812
-75.1874924 -153.8750000 4.1054688
-75.3124924 -154.6250000 4.1171875
-75.1249924 -153.2500000 4.0976562
-75.1249924 -152.7500000 4.0820312
-75.1249924 -153.0000000 4.0859375
-75.1249924 -152.3750000 4.0820312
-75.2499924 -151.7500000 4.0703125
-75.1874924 -153.0000000 4.0859375
-75.1874924 -152.2500000 4.0898438
-75.1249924 -151.7500000 4.0664062
-75.1249924 -151.6250000 4.0781250
-75.0624924 -151.6250000 4.0742188
-74.9999924 -151.0000000 4.0507812
-74.9374924 -150.2500000 4.0390625
-75.0624924 -150.6250000 4.0546875
-75.0624924 -150.2500000 4.0507812
-75.0624924 -150.0000000 4.0507812
-75.3124924 -149.6250000 4.0546875
-75.0624924 -149.5000000 4.0507812
-75.0624924 -150.2500000 4.0468750
-74.9999924 -148.3750000 4.0312500
-74.9374924 -148.6250000 4.0273438
-75.2499924 -149.2500000 4.0507812
-75.1249924 -147.7500000 4.0234375
-75.3749924 -148.1250000 4.0390625
-74.9374924 -147.1250000 4.0234375
-75.2499924 -146.5000000 4.0195312
-75.1874924 -148.7500000 4.0390625
-74.6249924 -145.7500000 4.0195312
-74.7499924 -143.7500000 4.0039062
-74.8749924 -145.1250000 4.0039062
-74.9999924 -144.5000000 3.9921875
-74.5624924 -144.0000000 3.9609375
-74.7499924 -145.1250000 4.0039062
-74.7499924 -145.3750000 4.0078125
-74.5624924 -144.6250000 3.9843750
-74.6874924 -143.7500000 3.9804688
-74.5624924 -143.3750000 3.9687500
-74.6249924 -143.0000000 3.9765625
-74.6249924 -143.2500000 3.9882812
-74.6249924 -143.8750000 3.9960938
-74.6874924 -142.5000000 3.9648438
-74.6249924 -143.3750000 3.9882812
-74.6874924 -140.5000000 3.9453125
-74.8749924 -140.5000000 3.9648438
-75.0624924 -140.6250000 3.9726562
-74.8124924 -141.2500000 3.9843750
-74.7499924 -140.8750000 3.9648438
-74.8749924 -140.2500000 3.9570312
-74.5624924 -141.0000000 3.9570312
-74.5624924 -140.2500000 3.9570312
-74.9374924 -139.1250000 3.9570312
-74.9999924 -137.1250000 3.9257812
-74.8124924 -138.0000000 3.9335938
-74.6874924 -136.6250000 3.9140625
-74.8749924 -137.3750000 3.9257812
-74.8124924 -137.1250000 3.9218750
-74.6874924 -137.2500000 3.9179688
-74.8749924 -137.0000000 3.9296875
-74.6874924 -136.2500000 3.9062500
-74.9374924 -135.7500000 3.9257812
-74.8749924 -135.1250000 3.9140625
-74.6249924 -135.8750000 3.9101562
-74.8749924 -135.7500000 3.9218750
-74.8124924 -136.0000000 3.9296875
-74.4374924 -135.6250000 3.9218750
-74.5624924 -136.6250000 3.9414062
-74.5624924 -134.7500000 3.9257812
-74.8124924 -135.0000000 3.9257812
-74.7499924 -133.3750000 3.8867188
-74.7499924 -134.2500000 3.8984375
-74.9374924 -134.5000000 3.8984375
-74.8124924 -134.3750000 3.9062500
-74.9374924 -134.0000000 3.9023438
-74.9999924 -132.8750000 3.8789062
-74.8124924 -133.5000000 3.8828125
-74.6249924 -134.0000000 3.8828125
-75.1874924 -133.0000000 3.9101562
-75.0624924 -131.2500000 3.9023438
-75.1249924 -130.6250000 3.8925781
-74.9999924 -132.3750000 3.9023438
-74.9999924 -130.5000000 3.8925781
-75.1874924 -130.1250000 3.8964844
-74.9374924 -130.1250000 3.8945312
-75.1249924 -129.7500000 3.8945312
-74.8749924 -129.8750000 3.8828125
-75.4999924 -128.2500000 3.8906250
-75.3749924 -127.9375000 3.8886719
-75.3749924 -127.7500000 3.8867188
-75.2499924 -128.5000000 3.8847656
-75.3749924 -127.2500000 3.8847656
-75.3749924 -127.3125000 3.8769531
-75.4374924 -126.8125000 3.8867188
-75.2499924 -127.6875000 3.8867188
-75.5624924 -127.0000000 3.8847656
-75.3749924 -126.7500000 3.8847656
-75.3749924 -126.7500000 3.8828125
-75.1874924 -126.6250000 3.8847656
-75.1249924 -125.8750000 3.8828125
-75.3124924 -125.0625000 3.8886719
-75.1249924 -124.6250000 3.8828125
-75.3124924 -124.8750000 3.8984375
-75.0624924 -123.7500000 3.8808594
-75.1874924 -123.2500000 3.8828125
-75.1874924 -123.5625000 3.8906250
-75.0624924 -123.1875000 3.8750000
-75.1249924 -122.0000000 3.8984375
-74.9999924 -122.5000000 3.8789062
-74.9999924 -121.3750000 3.8906250
-74.9999924 -121.0625000 3.8750000
-74.8749924 -121.5625000 3.8730469
-74.8124924 -120.8750000 3.8789062
-75.5624924 -120.1875000 3.8574219
-74.8749924 -121.4375000 3.8867188
-74.9999924 -121.8125000 3.8398438
-74.9999924 -120.0625000 3.8847656
-75.0624924 -121.6875000 3.8632812
-75.0624924 -120.8125000 3.8359375
-74.8749924 -120.9375000 3.8203125
-75.5624924 -120.5625000 3.8417969
-75.3749924 -118.2500000 3.8261719
-75.3749924 -120.2500000 3.8398438
-75.4999924 -119.4375000 3.8320312
-75.4999924 -117.7500000 3.8398438
-75.3749924 -118.6875000 3.8476562
-75.3124924 -118.0625000 3.8710938
-75.1249924 -116.9375000 3.8535156
-75.1874924 -117.3125000 3.8710938
-75.1874924 -117.6250000 3.8789062
-75.1874924 -116.1875000 3.8691406
-74.8749924 -115.5625000 3.8476562
-74.8749924 -115.6250000 3.8554688
-74.9999924 -116.3125000 3.8671875
-74.9374924 -116.1875000 3.8554688
-74.9999924 -115.1875000 3.8671875
-74.9999924 -116.3750000 3.8750000
-75.0624924 -114.1875000 3.8671875
-75.0624924 -114.8125000 3.8671875
-74.9999924 -115.5625000 3.8632812
-74.8124924 -113.3750000 3.8515625
-75.1249924 -114.7500000 3.8671875
-75.0624924 -113.8125000 3.8574219
-74.9374924 -114.0625000 3.8476562
-74.9999924 -113.5000000 3.8632812
-75.1874924 -112.4375000 3.8632812
-74.9374924 -113.0000000 3.8554688
-74.9999924 -111.3750000 3.8554688
-74.9999924 -112.4375000 3.8574219
-74.8124924 -112.3125000 3.8554688
-74.6874924 -111.5625000 3.8457031
-74.6249924 -110.6875000 3.8457031
-74.8749924 -110.7500000 3.8574219
-75.1249924 -110.0625000 3.8554688
-75.1874924 -110.6875000 3.8476562
-75.1874924 -110.0000000 3.8476562
-75.1249924 -107.9375000 3.8359375
-75.2499924 -110.0000000 3.8515625
-75.2499924 -110.7500000 3.8476562
-75.1874924 -109.8125000 3.8476562
-75.1249924 -109.0625000 3.8632812
-75.0624924 -109.6875000 3.8515625
-75.0624924 -108.6250000 3.8476562
-74.9374924 -107.8125000 3.8437500
-74.9374924 -106.6250000 3.8457031
-74.9374924 -107.6875000 3.8574219
-74.9374924 -107.5625000 3.8632812
-74.7499924 -105.7500000 3.8554688
-74.9374924 -105.2500000 3.8632812
-74.8124924 -106.4375000 3.8535156
-74.8749924 -104.0000000 3.8574219
-74.7499924 -106.1250000 3.8515625
-74.7499924 -106.9375000 3.8515625
-74.8124924 -104.6875000 3.8554688
-74.8124924 -103.9375000 3.8476562
-74.9374924 -104.5625000 3.8710938
-74.6874924 -104.5000000 3.8437500
-74.7499924 -104.8750000 3.8457031
-74.7499924 -103.8750000 3.8574219
-74.7499924 -103.3125000 3.8574219
-74.6874924 -103.7500000 3.8593750
-74.7499924 -101.7500000 3.8398438
-74.7499924 -100.7500000 3.8515625
-74.4374924 -102.1250000 3.8476562
-74.6249924 -102.7500000 3.8652344
-74.5624924 -101.6875000 3.8593750
-74.6249924 -101.9375000 3.8632812
-74.7499924 -100.9375000 3.8398438
-74.6249924 -99.9375000 3.8554688
-74.7499924 -100.8750000 3.8750000
-74.4374924 -99.1250000 3.8476562
-74.6874924 -99.2500000 3.8554688
-74.6249924 -100.7500000 3.8554688
-74.4999924 -97.8750000 3.8554688
-74.5624924 -99.0000000 3.8398438
-74.6874924 -100.4375000 3.8574219
-74.5624924 -99.5000000 3.8554688
-74.4999924 -98.5000000 3.8515625
-74.4374924 -100.6250000 3.8652344
-74.4999924 -99.0625000 3.8632812
-74.6874924 -97.5625000 3.8691406
-74.6874924 -99.7500000 3.8671875
-74.4374924 -97.6875000 3.8632812
-74.6249924 -98.6875000 3.8671875
-74.5624924 -96.9375000 3.8554688
-74.5624924 -97.6250000 3.8535156
-74.6249924 -95.6875000 3.8437500
-74.4999924 -95.8750000 3.8359375
-74.5624924 -94.7500000 3.8554688
-74.4374924 -94.3750000 3.8398438
-74.6874924 -94.3750000 3.8417969
-74.4999924 -92.9375000 3.8437500
-74.4999924 -93.7500000 3.8437500
-74.4374924 -92.8750000 3.8359375
-74.5624924 -92.3125000 3.8437500
-74.6249924 -92.6875000 3.8398438
-74.6874924 -91.0625000 3.8515625
-74.3749924 -92.0625000 3.8398438
-74.5624924 -90.5000000 3.8476562
-74.4374924 -91.0625000 3.8359375
-74.3749924 -91.3750000 3.8320312
-74.6874924 -90.1875000 3.8515625
-74.6249924 -91.0000000 3.8417969
-74.6249924 -90.1875000 3.8476562
-74.6874924 -89.9375000 3.8457031
-74.5624924 -90.0625000 3.8398438
-74.6874924 -89.6250000 3.8574219
-74.4999924 -89.4375000 3.8398438
-74.7499924 -89.0625000 3.8593750
-74.5624924 -89.3125000 3.8554688
-74.7499924 -88.7500000 3.8554688
-74.6874924 -88.0000000 3.8593750
-74.8124924 -87.2500000 3.8710938
-74.7499924 -87.8750000 3.8574219
-74.5624924 -87.5000000 3.8535156
-74.4999924 -87.0625000 3.8437500
-74.3749924 -86.3125000 3.8320312
-74.7499924 -86.4375000 3.8691406
-74.9374924 -86.7500000 3.8632812
-74.8749924 -87.0625000 3.8671875
-74.9374924 -87.1875000 3.8671875
-74.8124924 -86.5625000 3.8710938
-74.8749924 -86.6875000 3.8632812
-74.8749924 -86.5625000 3.8710938
-74.7499924 -85.8125000 3.8828125
-74.9374924 -85.8125000 3.8691406
-74.8124924 -85.6875000 3.8750000
-74.9374924 -84.5625000 3.8789062
-74.9999924 -85.0625000 3.8750000
-74.8749924 -83.6250000 3.8808594
-74.6874924 -84.1875000 3.8730469
-74.7499924 -84.0625000 3.8671875
-74.6249924 -83.5625000 3.8632812
-74.8749924 -82.8750000 3.8828125
-74.8749924 -82.7500000 3.8945312
-74.8124924 -83.3125000 3.8906250
-74.8124924 -83.0625000 3.8867188
-74.4374924 -81.8750000 3.9062500
-74.8749924 -82.0000000 3.9023438
-74.6874924 -80.1875000 3.8984375
-74.7499924 -81.1875000 3.8867188
-74.8124924 -80.7500000 3.8945312
-74.8124924 -80.2500000 3.8906250
-74.8124924 -79.5000000 3.8828125
-74.8124924 -80.0625000 3.8867188
-74.8749924 -80.3750000 3.8867188
-74.7499924 -80.1875000 3.8867188
-74.8749924 -79.6875000 3.8750000
-74.8124924 -79.3125000 3.8671875
-74.7499924 -77.6875000 3.8515625
-74.6249924 -78.2500000 3.8554688
-74.5624924 -78.6875000 3.8652344
-74.6874924 -78.9375000 3.8632812
-74.6249924 -77.8750000 3.8496094
-74.5624924 -76.2500000 3.8359375
-74.5624924 -77.0000000 3.8437500
-74.5624924 -77.0625000 3.8496094
-74.5624924 -75.9375000 3.8398438
-74.6249924 -76.7500000 3.8476562
-74.6874924 -75.9375000 3.8437500
-74.7499924 -75.8750000 3.8476562
-74.6249924 -75.1250000 3.8398438
-74.6874924 -75.0000000 3.8515625
-74.4999924 -72.8750000 3.8359375
-74.5624924 -73.8125000 3.8359375
-74.6249924 -73.8750000 3.8359375
-74.6874924 -72.6875000 3.8437500
-74.7499924 -72.6875000 3.8476562
-74.5624924 -71.9375000 3.8281250
-74.6249924 -71.8125000 3.8359375
-74.6249924 -72.2500000 3.8398438
-74.7499924 -72.3125000 3.8378906
-74.4374924 -72.0625000 3.8242188
-74.5624924 -71.6250000 3.8398438
-74.5624924 -71.7500000 3.8203125
-74.6874924 -71.5625000 3.8359375
-74.4999924 -70.8750000 3.8359375
-74.7499924 -71.2500000 3.8437500
-74.6874924 -71.1250000 3.8359375
-74.6249924 -69.6875000 3.8281250
-74.6874924 -70.1250000 3.8417969
-74.7499924 -69.2500000 3.8339844
-74.6249924 -69.0000000 3.8203125
-74.6249924 -69.6875000 3.8339844
-74.4374924 -70.3125000 3.8320312
-74.7499924 -68.5000000 3.8378906
-74.3749924 -68.5625000 3.8164062
-74.4999924 -68.0000000 3.8281250
-74.4999924 -67.8750000 3.8164062
-74.4374924 -67.9375000 3.8125000
-74.4374924 -67.0000000 3.8125000
-74.3749924 -67.3750000 3.8085938
-74.4374924 -66.8750000 3.8066406
-74.3124924 -66.8125000 3.8144531
-74.4999924 -67.0625000 3.8125000
-74.4374924 -66.9375000 3.8125000
-74.3124924 -66.0000000 3.8105469
-74.3124924 -65.1250000 3.8046875
-74.1249924 -65.5000000 3.8007812
-74.2499924 -65.5000000 3.8125000
-74.1874924 -65.4375000 3.8085938
-74.1874924 -64.1250000 3.8125000
-74.1874924 -64.1875000 3.8085938
-74.1249924 -62.6250000 3.8183594
-74.1249924 -61.8437500 3.8125000
-73.8124924 -62.4375000 3.8085938
-73.8749924 -61.0312500 3.8125000
-73.9999924 -60.3750000 3.8203125
-74.1874924 -59.8750000 3.8320312
-73.6874924 -59.7187500 3.7988281
-73.9999924 -60.3125000 3.7988281
-74.5624924 -58.7500000 3.8261719
-74.1874924 -59.1875000 3.8105469
-74.3124924 -59.1562500 3.8164062
-74.1874924 -59.5312500 3.8125000
-74.0624924 -60.0000000 3.8203125
-74.1249924 -58.6562500 3.8203125
-74.4374924 -58.6250000 3.8203125
-74.3124924 -58.5937500 3.8222656
-74.5624924 -57.6250000 3.8398438
-74.3124924 -58.7187500 3.8242188
-74.4374924 -58.6875000 3.8398438
-74.5624924 -58.3750000 3.8359375
-75.1249924 -56.3750000 3.8750000
-74.6249924 -56.9687500 3.8359375
-74.9999924 -56.4687500 3.8535156
-75.1249924 -56.5937500 3.8671875
-74.9999924 -55.2500000 3.8554688
-74.6874924 -56.0312500 3.8417969
-74.7499924 -55.8437500 3.8437500
-75.0624924 -55.0312500 3.8515625
-75.8124924 -53.9375000 3.8710938
-74.9374924 -55.5937500 3.8457031
-75.9374924 -53.3437500 3.8906250
-75.3749924 -54.3750000 3.8671875
-75.3749924 -54.7187500 3.8554688
-75.6874924 -54.7500000 3.8828125
-75.6249924 -53.7500000 3.8691406
-75.4999924 -54.4375000 3.8632812
-76.1249924 -53.1250000 3.8886719
-75.7499924 -53.8437500 3.8828125
-75.9374924 -53.9062500 3.8906250
-75.8124924 -53.6562500 3.8789062
-75.9999924 -52.9062500 3.8945312
-76.0624924 -53.2187500 3.9062500
-76.4999924 -52.1250000 3.9140625
-76.7499924 -51.6875000 3.9375000
-76.3124924 -52.1562500 3.9023438
-76.7499924 -50.4375000 3.9453125
-76.4999924 -50.4375000 3.9492188
-76.9374924 -49.5625000 3.9531250
-77.2499924 -49.0937500 3.9765625
-77.1249924 -49.7187500 3.9492188
-77.1249924 -49.5312500 3.9492188
-77.2499924 -49.2500000 3.9687500
-77.1249924 -49.1875000 3.9921875
-77.3124924 -48.5625000 4.0351562
-77.3749924 -48.8750000 3.9882812
-77.6874924 -47.9062500 4.0468750
-77.3749924 -48.3437500 4.0117188
-77.4999924 -48.7500000 3.9843750
-77.2499924 -49.2187500 4.0000000
-77.6249924 -47.7500000 4.0468750
-78.1874924 -46.9687500 4.1328125
-78.2499924 -46.8125000 4.1171875
-78.4374924 -46.5937500 4.1796875
-78.7499924 -46.1250000 4.1796875
-78.6249924 -45.5625000 4.1953125
-79.1874924 -44.9375000 4.2460938
-78.9374924 -45.1250000 4.2148438
-79.4999924 -44.4062500 4.2812500
-79.6249924 -43.9375000 4.3085938
-79.9999924 -43.3750000 4.3320312
-79.3124924 -44.0937500 4.2968750
-79.8124924 -43.9062500 4.3007812
-80.3749924 -43.6250000 4.3320312
-80.1249924 -43.0937500 4.3476562
-80.2499924 -43.0937500 4.3593750
-80.4999924 -43.2812500 4.3281250
-80.6874924 -43.0000000 4.3671875
-81.1874924 -42.3437500 4.4062500
-80.8749924 -42.5937500 4.3671875
-81.2499924 -42.4687500 4.3984375
-81.4999924 -41.5937500 4.4414062
-81.6249924 -41.7187500 4.4492188
-81.8749924 -41.6562500 4.4687500
-81.9374924 -41.6250000 4.4609375
-81.8124924 -41.9375000 4.4609375
-81.6874924 -41.5625000 4.4843750
-81.8749924 -41.2812500 4.5117188
-82.4374924 -41.0625000 4.5507812
-82.7499924 -40.4687500 4.5625000
-83.3124924 -40.0312500 4.6054688
-83.1249924 -39.9375000 4.6132812
-83.4374924 -39.7812500 4.6132812
-83.6249924 -39.5000000 4.6523438
-83.4374924 -39.5937500 4.6367188
-83.6874924 -39.6875000 4.6289062
-84.4999924 -38.8125000 4.6875000
-83.9999924 -39.3437500 4.6523438
-84.6249924 -39.0000000 4.6718750
-85.4999924 -38.2500000 4.7148438
-85.8124924 -38.2187500 4.7226562
-86.0624924 -38.0000000 4.7500000
-86.1874924 -37.9375000 4.7578125
-86.5624924 -37.6250000 4.7773438
-86.4374924 -37.9062500 4.7656250
-87.6249924 -36.9687500 4.8242188
-88.0624924 -36.7187500 4.8359375
-87.6874924 -36.9687500 4.8281250
-88.3124924 -36.5000000 4.8476562
-88.0624924 -36.7500000 4.8320312
-88.1249924 -36.7500000 4.8476562
-88.8124924 -36.1562500 4.8632812
-89.1874924 -35.9375000 4.8789062
-88.8124924 -36.2500000 4.8789062
-89.1874924 -36.0000000 4.8828125
-88.7499924 -36.1875000 4.8593750
-89.2499924 -35.8437500 4.8828125
-89.8124924 -35.4062500 4.9023438
-89.4999924 -35.5937500 4.8750000
-89.8124924 -35.4687500 4.9062500
-89.8124924 -35.5937500 4.8945312
-90.1874924 -35.0937500 4.9179688
-90.6249924 -34.8125000 4.9257812
-90.0624924 -35.2187500 4.9179688
-90.4374924 -35.0000000 4.9257812
-90.1874924 -35.0312500 4.9335938
-89.9374924 -35.2187500 4.9296875
-91.1874924 -34.3125000 4.9687500
-91.4999924 -34.2500000 4.9765625
-91.9374924 -33.7500000 5.0000000
-91.7499924 -33.7812500 5.0000000
-92.1249924 -33.4687500 5.0195312
-92.4999924 -33.0937500 5.0507812
-92.4374924 -33.1875000 5.0468750
-93.0624924 -32.7812500 5.0625000
-93.0624924 -32.4062500 5.0585938
-93.0624924 -32.1875000 5.0742188
-93.4999924 -31.6562500 5.0820312
-93.5624924 -31.7968750 5.0859375
-93.1249924 -31.6562500 5.0585938
-93.5624924 -31.5625000 5.0820312
-93.7499924 -31.2187500 5.0937500
-94.0624924 -30.9531250 5.1015625
-93.9999924 -30.7500000 5.1054688
-94.1874924 -30.5156250 5.1210938
-94.3124924 -29.8593750 5.1523438
-94.3124924 -29.6875000 5.1601562
-94.4999924 -29.5781250 5.1640625
-94.4374924 -29.0468750 5.2187500
-94.2499924 -29.0312500 5.1992188
-94.1249924 -28.7812500 5.2031250
-94.4374924 -28.1718750 5.2500000
-94.3124924 -27.8437500 5.2929688
-94.5624924 -27.8750000 5.3085938
-94.4374924 -27.2656250 5.3203125
-93.7499924 -27.5468750 5.2890625
-94.1874924 -27.3281250 5.2890625
-94.1874924 -26.7812500 5.3320312
-93.7499924 -26.9218750 5.3398438
-93.7499924 -26.6093750 5.3710938
-93.8124924 -26.5781250 5.3828125
-93.9999924 -26.0625000 5.4140625
-94.1249924 -25.9062500 5.4335938
-93.8124924 -25.5625000 5.4531250
-93.9999924 -25.5937500 5.4218750
-93.3749924 -24.6250000 5.5195312
-93.2499924 -24.6250000 5.5078125
-93.1874924 -24.4062500 5.5312500
-92.8124924 -23.8906250 5.5703125
-92.8749924 -23.8593750 5.5820312
-92.3749924 -23.7187500 5.5976562
-92.4999924 -23.5156250 5.6171875
-92.1249924 -23.3437500 5.6445312
-91.8749924 -23.1875000 5.6875000
-92.0624924 -23.2812500 5.6679688
-91.6874924 -22.9218750 5.7070312
-91.9374924 -22.8593750 5.6953125
-91.0624924 -22.4375000 5.7617188
-91.3749924 -22.5468750 5.7382812
-91.1874924 -22.3593750 5.7421875
-90.6249924 -22.2031250 5.7656250
-91.1874924 -22.3125000 5.7304688
-90.0624924 -21.8906250 5.7890625
-90.6249924 -22.2500000 5.7578125
-89.8749924 -21.9218750 5.7812500
-89.9374924 -21.7500000 5.7812500
-89.8124924 -21.8281250 5.7656250
-89.1874924 -21.3906250 5.7968750
-89.5624924 -21.4062500 5.7890625
-89.2499924 -20.9062500 5.8203125
-88.8124924 -21.1250000 5.7968750
-88.2499924 -20.6250000 5.8398438
-88.6249924 -20.8281250 5.8281250
-88.2499924 -20.4218750 5.8671875
-87.9999924 -20.3125000 5.8945312
-87.6874924 -20.7031250 5.8554688
-87.3124924 -20.3750000 5.9179688
-86.3749924 -20.4062500 5.9804688
-85.3749924 -20.6406250 6.0234375
-85.3749924 -20.6875000 5.9882812
-85.5624924 -20.3750000 5.9648438
-85.5624924 -20.3593750 6.0078125
-85.1249924 -20.4062500 6.0039062
-84.6249924 -20.2031250 6.0117188
-84.6874924 -20.3281250 6.0117188
-84.8124924 -20.2968750 5.9960938
-84.0624924 -20.1250000 6.0546875
-83.8124924 -19.8281250 6.1093750
-84.5624924 -20.0937500 6.0625000
-83.3124924 -19.8906250 6.1640625
-83.1249924 -19.7968750 6.1562500
-82.3749924 -19.5468750 6.2265625
-83.0624924 -19.6562500 6.1718750
-83.4374924 -19.6562500 6.2500000
-82.1874924 -19.3281250 6.2460938
-81.8749924 -19.1875000 6.2773438
-81.9374924 -19.2187500 6.2617188
-81.8749924 -19.3125000 6.2578125
-81.9374924 -19.2812500 6.2617188
-81.9999924 -19.4687500 6.2695312
-81.5624924 -19.0937500 6.3164062
-80.8749924 -18.7812500 6.3242188
-80.3749924 -18.4062500 6.3515625
-80.5624924 -18.5937500 6.3554688
-80.1249924 -18.2656250 6.3554688
-80.3124924 -18.2343750 6.3671875
-80.1249924 -17.7031250 6.3671875
-79.9374924 -17.5468750 6.3828125
-79.4999924 -17.0312500 6.4257812
-80.0624924 -17.2343750 6.3906250
-79.7499924 -16.9062500 6.3945312
-79.4999924 -16.7656250 6.3945312
-79.6874924 -16.7187500 6.4023438
-79.2499924 -16.4375000 6.4335938
-79.6874924 -16.2343750 6.4140625
-79.4999924 -16.2812500 6.4179688
-79.4374924 -16.1406250 6.4335938
-78.9999924 -15.7265625 6.4335938
-78.8749924 -15.2656250 6.4492188
-78.9999924 -15.1406250 6.4765625
-79.2499924 -14.6093750 6.4804688
-79.9999924 -13.7500000 6.4531250
-79.8749924 -14.0625000 6.4843750
-79.4999924 -13.6093750 6.4843750
-79.3124924 -13.1953125 6.5039062
-79.3124924 -13.6406250 6.4843750
-79.1249924 -13.0234375 6.4882812
-78.8749924 -13.0390625 6.4648438
-78.8749924 -13.0000000 6.4648438
-78.7499924 -12.8125000 6.4492188
-78.9999924 -12.9375000 6.4257812
-79.6874924 -12.3125000 6.4257812
-79.9999924 -11.9609375 6.4453125
-80.6249924 -11.9531250 6.4687500
-80.8749924 -12.0078125 6.4531250
-81.3124924 -11.9843750 6.4218750
-67.9999924 -13.3359375 5.6015625
-81.6874924 -11.7031250 6.4296875
-80.7499924 -12.7343750 6.1875000
-81.8124924 -11.4921875 6.4335938
-81.8124924 -11.3515625 6.4023438
-81.9999924 -11.3203125 6.3593750
-81.1249924 -11.1875000 6.3750000
-82.7499924 -11.1406250 6.4101562
-83.9374924 -10.8906250 6.4726562
-84.4999924 -11.6250000 6.5039062
-83.8124924 -11.2187500 6.4804688
-84.3124924 -11.6328125 6.4687500
-85.5624924 -11.3515625 6.4609375
-84.3124924 -11.8281250 6.4960938
-84.7499924 -11.9921875 6.4921875
-84.9374924 -12.0156250 6.5156250
-84.8749924 -11.7968750 6.4921875
-84.9374924 -11.9296875 6.4804688
-84.9999924 -11.8046875 6.5156250
-85.2499924 -11.8750000 6.5234375
-85.4374924 -11.8906250 6.5039062
-86.3749924 -11.8828125 6.4921875
-86.8124924 -11.6796875 6.4843750
-86.1874924 -11.6875000 6.5000000
-87.1874924 -11.6796875 6.4804688
-86.7499924 -10.6484375 6.4296875
-86.3749924 -11.3750000 6.4218750
-87.0624924 -11.4062500 6.4375000
-87.9999924 -11.6093750 6.5000000
-88.2499924 -11.9140625 6.4921875
-82.8124924 -12.1796875 6.2929688
-89.2499924 -11.7812500 6.4023438
-89.1874924 -12.1015625 6.4609375
-86.8124924 -11.7890625 6.3320312
-89.1874924 -11.8984375 6.4726562
-90.6874924 -11.8046875 6.4492188
-90.5624924 -11.7656250 6.4609375
-90.8749924 -11.8906250 6.4453125
-91.4374924 -11.7187500 6.4609375
-91.9374924 -11.9375000 6.4453125
-91.1874924 -11.9296875 6.4414062
-91.5624924 -12.0468750 6.3906250
-90.9374924 -12.0078125 6.4140625
-93.6249924 -11.9843750 6.3945312
-92.6249924 -11.9375000 6.4218750
-92.9374924 -12.0859375 6.3984375
-99.7499924 -11.5000000 6.5156250
-93.3749924 -11.6406250 6.4218750
-93.9374924 -11.7578125 6.3671875
-94.5624924 -11.7890625 6.3242188
-95.5624924 -11.7578125 6.3750000
-95.4999924 -11.5625000 6.4257812
-96.4999924 -11.0156250 6.4179688
-95.8749924 -11.3750000 6.3789062
-95.0624924 -11.7890625 6.3320312
-96.3749924 -11.7500000 6.3125000
-96.8124924 -11.8125000 6.3828125
-96.1874924 -11.9687500 6.3398438
-97.1249924 -12.0468750 6.3789062
-95.7499924 -11.9375000 6.3984375
-96.8749924 -11.6093750 6.3281250
-97.0624924 -11.7500000 6.3671875
-97.3124924 -11.6250000 6.3242188
-98.6249924 -11.8984375 6.3398438
-97.6874924 -11.8125000 6.3359375
-99.3749924 -11.9296875 6.3398438
-97.9999924 -11.8125000 6.3320312
-100.3749924 -11.7031250 6.2695312
-99.8749924 -11.7421875 6.3085938
-100.4374924 -11.7890625 6.2968750
-100.1874924 -11.7812500 6.3007812
-101.6249924 -11.6093750 6.3164062
-101.6249924 -11.8046875 6.2851562
-100.1249924 -11.8203125 6.3164062
-101.3749924 -11.5703125 6.3046875
-101.4374924 -11.5468750 6.2890625
-106.4374924 -11.1015625 6.4609375
-100.7499924 -11.5156250 6.2929688
-102.2499924 -11.8437500 6.2812500
-102.4999924 -11.2812500 6.3164062
-102.4374924 -11.3359375 6.3046875
-102.1249924 -11.7343750 6.2890625
-103.1874924 -11.5078125 6.2656250
-103.4374924 -11.8906250 6.2773438
-104.4999924 -11.7578125 6.2578125
-103.1249924 -11.6953125 6.2500000
-102.9999924 -11.5781250 6.2773438
-104.6874924 -11.4296875 6.2578125
-103.2499924 -11.4218750 6.2656250
-104.8749924 -11.4062500 6.2773438
-104.6249924 -11.5078125 6.2382812
-105.8124924 -11.5781250 6.2382812
-105.3124924 -11.7500000 6.2187500
-105.3749924 -11.9921875 6.2265625
-107.1874924 -11.2812500 6.2226562
-107.1874924 -11.5781250 6.2148438
-106.7499924 -11.4609375 6.2617188
-106.0624924 -11.4453125 6.2617188
-106.8124924 -11.1562500 6.2265625
-109.2499924 -10.7187500 6.1328125
-107.8124924 -11.1640625 6.1445312
-108.4374924 -11.7421875 6.1093750
-109.4374924 -11.2968750 6.1054688
-108.3749924 -11.1093750 6.1601562
-116.4374924 -11.0234375 6.2460938
-110.5624924 -11.6796875 6.1289062
-112.9999924 -12.2109375 6.2031250
-111.3124924 -12.0937500 6.2148438
-109.3124924 -11.4921875 6.2031250
-110.3749924 -11.4140625 6.1875000
-109.8749924 -11.3828125 6.1953125
-109.3124924 -11.3750000 6.1835938
-110.6874924 -11.3828125 6.1757812
-110.4374924 -11.3437500 6.1796875
-111.1874924 -11.2812500 6.1757812
-118.1249924 -12.2890625 6.3359375
-112.0624924 -11.3515625 6.1718750
-112.9999924 -11.4609375 6.1601562
-123.1249924 -11.5781250 6.3750000
-113.4374924 -10.9218750 6.1406250
-112.2499924 -11.4218750 6.1562500
-115.1249924 -11.4843750 6.1328125
-114.1249924 -11.2812500 6.1328125
-113.4999924 -11.3671875 6.1406250
-114.1249924 -11.5312500 6.1210938
-114.0624924 -10.9140625 6.1289062
-114.2499924 -11.2343750 6.1250000
-115.4999924 -11.3828125 6.1289062
-115.3749924 -11.3828125 6.1132812
-116.5624924 -11.3750000 6.1093750
-115.9374924 -11.4687500 6.1210938
-117.1249924 -11.4921875 6.1367188
-115.6874924 -11.3046875 6.1367188
-117.3124924 -11.1640625 6.1015625
-117.1249924 -11.2734375 6.1250000
-118.2499924 -11.3281250 6.1054688
-118.5624924 -11.3281250 6.1015625
-119.1874924 -11.4062500 6.0976562
-114.5624924 -11.4531250 6.1445312
-116.7499924 -11.3671875 6.1132812
-117.4999924 -11.3671875 6.1015625
-119.1249924 -11.4062500 6.1054688
-121.3124924 -11.2734375 6.1015625
-121.6249924 -11.0390625 6.1250000
-120.6249924 -11.3437500 6.1054688
-118.7499924 -11.4453125 6.0937500
-122.9999924 -11.7421875 6.0234375
-122.9374924 -11.7421875 6.0312500
-122.5624924 -11.5390625 6.0781250
-120.6874924 -11.6171875 6.0742188
-122.7499924 -11.2968750 6.0468750
-121.9999924 -11.8515625 6.0390625
-124.5624924 -11.7578125 6.0156250
-125.2499924 -11.6562500 6.0546875
-125.6874924 -11.6015625 6.0546875
-125.6249924 -11.5781250 6.0859375
-125.6249924 -11.5390625 6.0468750
-127.3749924 -11.5781250 6.0625000
-131.3750000 -12.2734375 6.2031250
-125.3124924 -11.2421875 6.0664062
-126.3749924 -11.5546875 6.0625000
-125.9374924 -11.3750000 6.0664062
-128.7500000 -11.4453125 6.0546875
-128.6250000 -11.6328125 6.0546875
-127.8749924 -11.3437500 6.0546875
-127.7499924 -11.3750000 6.0625000
-128.8750000 -11.1250000 6.0703125
-126.6249924 -11.3750000 6.0664062
-127.1249924 -11.4218750 6.0585938
-133.5000000 -11.8359375 5.9843750
-128.6250000 -11.7109375 6.0390625
-130.6250000 -11.7734375 6.0351562
-133.1250000 -12.0234375 6.0429688
-130.5000000 -11.7265625 6.0195312
-132.1250000 -11.8515625 5.9882812
-131.7500000 -11.8203125 5.9882812
-129.2500000 -11.6953125 6.0156250
-130.1250000 -11.6250000 6.0468750
-130.5000000 -11.6250000 6.0390625
-131.8750000 -11.6562500 5.9960938
-132.1250000 -11.5937500 6.0039062
-132.0000000 -11.5312500 6.0000000
-131.0000000 -11.5625000 6.0117188
-132.8750000 -11.6250000 6.0000000
-133.3750000 -11.6015625 5.9765625
-131.5000000 -11.5859375 5.9882812
-134.0000000 -11.5390625 5.9843750
-136.3750000 -11.4921875 5.9882812
-135.6250000 -11.4921875 5.9765625
-135.5000000 -11.5078125 5.9765625
-134.0000000 -11.6250000 5.9570312
-134.2500000 -11.5703125 5.9531250
-136.3750000 -11.5234375 5.9570312
-136.6250000 -11.6328125 5.9531250
-135.6250000 -11.6015625 5.9648438
-136.5000000 -11.7343750 5.9335938
-145.8750000 -11.1015625 6.1523438
-143.5000000 -11.9921875 6.0976562
-136.5000000 -11.7109375 5.9375000
-137.0000000 -11.5546875 5.9414062
-138.1250000 -11.7890625 5.9609375
-140.8750000 -11.7968750 5.9492188
-137.0000000 -11.4687500 5.9375000
-137.5000000 -11.6718750 5.9414062
-139.5000000 -11.8046875 5.9687500
-139.6250000 -11.6875000 5.9296875
-140.1250000 -11.6796875 5.9218750
-140.0000000 -11.5937500 5.9218750
-144.1250000 -11.1406250 6.0351562
-141.3750000 -11.6250000 5.9101562
-140.2500000 -11.6562500 5.9296875
-139.7500000 -11.6093750 5.9335938
-137.5000000 -11.7656250 5.9882812
-140.6250000 -11.7265625 5.9218750
-152.7500000 -11.7265625 6.1054688
-142.6250000 -11.7656250 5.9101562
-142.5000000 -11.7656250 5.9218750
-141.2500000 -11.7812500 5.9218750
-153.3750000 -10.5234375 6.0898438
-142.8750000 -11.6953125 5.9218750
-142.6250000 -11.7031250 5.9218750
-144.0000000 -11.3359375 5.8828125
-144.1250000 -11.6796875 5.8867188
-142.0000000 -11.7421875 5.8750000
-143.7500000 -11.6250000 5.8867188
-145.5000000 -11.7031250 5.8789062
-144.0000000 -11.6718750 5.8828125
-146.0000000 -11.7500000 5.8593750
-145.1250000 -11.7031250 5.8828125
-143.7500000 -11.5078125 5.8906250
-145.0000000 -11.2734375 5.9179688
-150.0000000 -11.4296875 5.9960938
-147.2500000 -11.6015625 5.8945312
-147.5000000 -11.7968750 5.8671875
-147.6250000 -11.6406250 5.8164062
-147.2500000 -11.7734375 5.8671875
-146.2500000 -11.6718750 5.8710938
-149.2500000 -11.8593750 5.8671875
-147.1250000 -11.8203125 5.8593750
-148.1250000 -11.7656250 5.8437500
-147.3750000 -11.8828125 5.9140625
-148.1250000 -11.8281250 5.9062500
-147.0000000 -11.8046875 5.8945312
-156.1250000 -10.5781250 6.0195312
-148.2500000 -11.8046875 5.8906250
-149.5000000 -11.8671875 5.8632812
-149.8750000 -11.7109375 5.8710938
-150.6250000 -11.7187500 5.8554688
-151.1250000 -11.8750000 5.8515625
-150.6250000 -11.7656250 5.8554688
-150.3750000 -11.6328125 5.8515625
-150.0000000 -11.7421875 5.8554688
-151.0000000 -11.7031250 5.8203125
-150.5000000 -11.4531250 5.8320312
-160.6250000 -10.1718750 6.0546875
-154.2500000 -11.6875000 5.8554688
-151.5000000 -11.5625000 5.8671875
-154.5000000 -11.3203125 5.9296875
-153.2500000 -11.6171875 5.8789062
-154.3750000 -11.8359375 5.8554688
-153.5000000 -11.8437500 5.7968750
-152.1250000 -11.8515625 5.8007812
-156.0000000 -11.5468750 5.8750000
-153.8750000 -11.8984375 5.8203125
-154.5000000 -11.7968750 5.7773438
-157.3750000 -11.4921875 5.8164062
-154.5000000 -11.9765625 5.7929688
-156.5000000 -11.7187500 5.8359375
-156.7500000 -11.7343750 5.8476562
-156.1250000 -11.7031250 5.8554688
-155.3750000 -11.7578125 5.8437500
-156.5000000 -11.9062500 5.8085938
-155.7500000 -11.6953125 5.8281250
-157.8750000 -11.4687500 5.7929688
-157.8750000 -11.6484375 5.8085938
-158.3750000 -11.7968750 5.8125000
-157.3750000 -11.6640625 5.8164062
-157.3750000 -11.6796875 5.8242188
-158.3750000 -11.8515625 5.8046875
-157.7500000 -11.8203125 5.8125000
-158.7500000 -11.7500000 5.8359375
-159.3750000 -11.9765625 5.7500000
-158.5000000 -11.8359375 5.8281250
-159.8750000 -11.8281250 5.8281250
-158.0000000 -11.7812500 5.8164062
-159.3750000 -11.5234375 5.8085938
-157.5000000 -11.7578125 5.8242188
-159.7500000 -11.5625000 5.8164062
-158.5000000 -11.5937500 5.8164062
-160.7500000 -11.2734375 5.8125000
-159.0000000 -11.8046875 5.8046875
-161.3750000 -11.5625000 5.8203125
-160.0000000 -11.7265625 5.8242188
-161.8750000 -11.6250000 5.7851562
-161.3750000 -11.8281250 5.7851562
-161.0000000 -11.8437500 5.8046875
-162.5000000 -11.5234375 5.7695312
-162.0000000 -11.6718750 5.8007812
-161.6250000 -11.8203125 5.7851562
-162.3750000 -11.6953125 5.7968750
-163.0000000 -11.7812500 5.7890625
-164.5000000 -11.2890625 5.7968750
-163.7500000 -11.3906250 5.7734375
-164.1250000 -11.4140625 5.7578125
-163.3750000 -11.4531250 5.7695312
-163.8750000 -11.3203125 5.7343750
-164.3750000 -11.1562500 5.7578125
-164.5000000 -10.7109375 5.7382812
-165.3750000 -10.2890625 5.7617188
-165.2500000 -10.2812500 5.7460938
-165.6250000 -10.0156250 5.7343750
-165.7500000 -9.7968750 5.7500000
-166.3750000 -9.7265625 5.7421875
-166.0000000 -9.7890625 5.7539062
-166.6250000 -9.2656250 5.7070312
-166.7500000 -9.3515625 5.7343750
-166.5000000 -9.4140625 5.7539062
-166.6250000 -9.5234375 5.7695312
-166.8750000 -9.6250000 5.7382812
-166.8750000 -9.5000000 5.6992188
-167.2500000 -9.7265625 5.6835938
-167.0000000 -9.7265625 5.7382812
-166.8750000 -9.0234375 5.7187500
-167.6250000 -8.5468750 5.7421875
-167.2500000 -8.5468750 5.7382812
-167.5000000 -8.0078125 5.7148438
-167.7500000 -7.2265625 5.6875000
-168.0000000 -7.3125000 5.6640625
-168.3750000 -6.9609375 5.6250000
-168.2500000 -6.5312500 5.6406250
-168.1250000 -5.8828125 5.6406250
-167.8750000 -5.2539062 5.6562500
-168.0000000 -5.3671875 5.6484375
-167.5000000 -5.2265625 5.6523438
-167.7500000 -4.9062500 5.6093750
-167.6250000 -4.9218750 5.5703125
-168.0000000 -4.0156250 5.5195312
-167.6250000 -4.5234375 5.5312500
-167.5000000 -5.0000000 5.5390625
-168.0000000 -3.7832031 5.5039062
-167.7500000 -4.2734375 5.5273438
-167.8750000 -3.1328125 5.5156250
-167.8750000 -4.0625000 5.5351562
-168.1250000 -2.5351562 5.5117188
-168.1250000 -2.9218750 5.5234375
-167.7500000 -3.0156250 5.5195312
-168.0000000 -2.5546875 5.5000000
-168.2500000 -0.9995117 5.4375000
-168.3750000 -1.5019531 5.4648438
-168.3750000 -1.2802734 5.4296875
-168.3750000 0.0322266 5.3945312
-168.2500000 -0.4472656 5.4335938
-169.0000000 0.5117188 5.3750000
-168.8750000 0.3300781 5.3828125
-168.3750000 1.0136719 5.3632812
-168.6250000 1.3242188 5.3515625
-168.5000000 1.1328125 5.3437500
-168.5000000 2.4355469 5.2968750
-168.2500000 3.1582031 5.3164062
-168.3750000 2.5878906 5.3320312
-168.0000000 3.6152344 5.2460938
-168.7500000 2.1875000 5.2851562
-168.3750000 3.5097656 5.2265625
-168.5000000 2.7128906 5.2695312
-168.2500000 3.3574219 5.3007812
-167.7500000 4.2187500 5.2031250
-168.2500000 3.5800781 5.2265625
-167.3750000 4.1406250 5.2109375
-167.7500000 4.0468750 5.2148438
-167.3750000 4.5000000 5.1953125
-167.2500000 4.7109375 5.1835938
-167.0000000 4.5234375 5.1992188
-167.3750000 4.7421875 5.2109375
-167.2500000 5.3203125 5.1601562
-167.3750000 5.8906250 5.1601562
-167.2500000 6.1562500 5.1250000
-167.7500000 6.2968750 5.1484375
-167.1250000 5.5937500 5.1601562
-167.1250000 6.5234375 5.1328125
-167.2500000 6.3437500 5.1289062
-166.8750000 6.7578125 5.1171875
-166.5000000 7.1406250 5.0703125
-166.6250000 6.6406250 5.0937500
-167.2500000 6.8281250 5.1015625
-166.3750000 7.3203125 5.1015625
-166.5000000 7.7031250 5.0898438
-166.1250000 7.9765625 5.0664062
-166.0000000 8.1718750 5.1015625
-165.6250000 8.7031250 5.0546875
-165.3750000 8.4843750 5.0546875
-165.1250000 8.5234375 5.0273438
-165.1250000 8.3671875 5.0429688
-164.6250000 8.1015625 5.0429688
-164.0000000 8.5468750 5.0429688
-163.5000000 8.6640625 5.0468750
-162.8750000 8.7734375 5.0781250
-163.2500000 8.8125000 5.0390625
-161.5000000 9.0546875 5.0898438
-162.2500000 9.1093750 5.1015625
-160.6250000 8.9296875 5.0742188
-161.0000000 9.3125000 5.0820312
-160.1250000 8.9140625 5.0546875
-160.7500000 8.8359375 5.1132812
-160.3750000 9.0468750 5.0859375
-160.5000000 9.0781250 5.1171875
-159.3750000 8.9609375 5.1132812
-159.3750000 8.7187500 5.1054688
-158.1250000 9.0546875 5.1015625
-158.5000000 8.6718750 5.1210938
-159.8750000 9.1171875 5.1093750
-159.0000000 8.8437500 5.0859375
-158.5000000 8.9062500 5.1054688
-158.8750000 8.8671875 5.1054688
-157.1250000 8.7500000 5.1328125
-158.5000000 8.8750000 5.0859375
-157.0000000 9.0234375 5.1484375
-157.2500000 9.0234375 5.1367188
-158.2500000 8.9140625 5.1132812
-157.1250000 8.9375000 5.1445312
-156.7500000 9.0000000 5.1601562
-156.8750000 8.8203125 5.1562500
-157.3750000 9.0859375 5.1445312
-156.6250000 8.9375000 5.1210938
-155.7500000 8.8359375 5.1992188
-155.8750000 9.1093750 5.1601562
-155.1250000 8.8593750 5.1757812
-154.2500000 8.7578125 5.2031250
-154.8750000 8.9687500 5.1835938
-154.5000000 8.9765625 5.1796875
-155.0000000 9.0156250 5.2148438
-152.7500000 8.9765625 5.1835938
-155.0000000 8.9062500 5.1914062
-153.7500000 8.9687500 5.1796875
-153.2500000 8.8984375 5.1835938
-153.8750000 9.0937500 5.2187500
-151.6250000 8.7187500 5.1953125
-151.7500000 8.9531250 5.1914062
-151.5000000 8.6093750 5.1953125
-151.0000000 8.7109375 5.1953125
-150.8750000 8.8046875 5.2187500
-152.7500000 8.6796875 5.2148438
-150.5000000 8.6406250 5.2304688
-150.7500000 8.8203125 5.2226562
-148.1250000 8.5312500 5.2890625
-150.6250000 8.6171875 5.2070312
-150.5000000 8.4921875 5.2421875
-150.0000000 8.5781250 5.2421875
-149.3750000 8.7343750 5.2070312
-147.8750000 8.5234375 5.2617188
-147.5000000 8.4609375 5.2421875
-148.2500000 8.6093750 5.2382812
-148.2500000 8.6171875 5.2734375
-147.5000000 8.6406250 5.2617188
-147.8750000 8.4609375 5.2929688
-145.7500000 8.3828125 5.3125000
-147.3750000 8.3281250 5.2695312
-146.0000000 8.5000000 5.2851562
-146.6250000 8.4921875 5.2695312
-146.0000000 8.3828125 5.2929688
-145.7500000 8.3906250 5.2851562
-146.0000000 8.4062500 5.2734375
-146.7500000 8.3984375 5.2656250
-145.5000000 8.4921875 5.2460938
-145.8750000 8.4765625 5.2695312
-144.0000000 8.3750000 5.3007812
-145.2500000 8.4375000 5.2539062
-143.8750000 8.3984375 5.3007812
-144.2500000 8.5859375 5.2500000
-144.3750000 8.4140625 5.2929688
-143.0000000 8.6484375 5.2890625
-143.5000000 8.4062500 5.2890625
-144.1250000 8.3984375 5.3085938
-142.2500000 8.5468750 5.3203125
-144.1250000 8.5625000 5.2929688
-142.2500000 8.5625000 5.3046875
-141.2500000 8.5937500 5.2851562
-142.2500000 8.5703125 5.3046875
-140.3750000 8.5234375 5.3398438
-141.6250000 8.5234375 5.3007812
-141.3750000 8.4375000 5.3125000
-138.2500000 8.4843750 5.3398438
-140.8750000 8.4843750 5.3164062
-141.1250000 8.4140625 5.3281250
-140.3750000 8.4531250 5.3242188
-139.8750000 8.4375000 5.3203125
-139.7500000 8.4531250 5.3281250
-139.7500000 8.3750000 5.3281250
-137.6250000 8.5156250 5.3554688
-139.8750000 8.5234375 5.3046875
-139.0000000 8.4296875 5.3242188
-137.5000000 8.5078125 5.3593750
-135.8750000 8.4453125 5.3710938
-136.8750000 8.4375000 5.3476562
-139.0000000 8.4140625 5.3398438
-136.6250000 8.5078125 5.3710938
-137.2500000 8.5859375 5.3203125
-137.8750000 8.4843750 5.3476562
-136.6250000 8.5859375 5.3593750
-135.7500000 8.5546875 5.3515625
-136.1250000 8.4765625 5.3710938
-136.2500000 8.5703125 5.3710938
-136.0000000 8.5781250 5.3593750
-135.5000000 8.5625000 5.3828125
-134.2500000 8.6015625 5.3437500
-133.5000000 8.5546875 5.3593750
-135.0000000 8.6250000 5.3476562
-136.2500000 8.5937500 5.3554688
-133.0000000 8.5468750 5.3671875
-132.6250000 8.5703125 5.3593750
-133.2500000 8.4453125 5.3945312
-134.3750000 8.5859375 5.3359375
-134.7500000 8.4687500 5.3710938
-133.7500000 8.4765625 5.3476562
-130.5000000 8.5000000 5.4023438
-133.2500000 8.5000000 5.3593750
-130.6250000 8.5937500 5.3867188
-133.3750000 8.4296875 5.3750000
-132.0000000 8.4765625 5.3984375
-132.3750000 8.4609375 5.4062500
-131.1250000 8.5625000 5.4023438
-131.5000000 8.5000000 5.3867188
-130.5000000 8.6015625 5.3789062
-131.3750000 8.5234375 5.3710938
-131.8750000 8.6093750 5.3945312
-130.2500000 8.6250000 5.4062500
-131.3750000 8.6484375 5.3828125
-131.8750000 8.6406250 5.3906250
-132.2500000 8.5937500 5.3750000
-127.6249924 8.6250000 5.4179688
-130.7500000 8.5546875 5.3945312
-127.3749924 8.5625000 5.4414062
-129.2500000 8.6406250 5.4101562
-127.1249924 8.6015625 5.4257812
-125.3124924 8.5390625 5.4414062
-127.2499924 8.4843750 5.4375000
-125.4374924 8.4687500 5.4375000
-126.1874924 8.5000000 5.4296875
-125.4374924 8.5781250 5.4375000
-126.6249924 8.5625000 5.4296875
-125.5624924 8.4375000 5.4414062
-126.4374924 8.4453125 5.4375000
-125.8749924 8.3906250 5.4492188
-124.1249924 8.5390625 5.4492188
-124.8124924 8.4843750 5.4453125
-123.6874924 8.6484375 5.4453125
-126.2499924 8.5000000 5.4296875
-125.2499924 8.5703125 5.4335938
-122.8124924 8.5859375 5.4609375
-122.6874924 8.5078125 5.4765625
-121.6874924 8.5859375 5.4726562
-121.1874924 8.5859375 5.4648438
-121.2499924 8.5781250 5.4882812
-121.1249924 8.6250000 5.4570312
-121.6249924 8.6406250 5.4570312
-120.3124924 8.6093750 5.4765625
-120.8749924 8.7109375 5.4609375
-120.7499924 8.6406250 5.4687500
-119.9374924 8.6640625 5.4687500
-118.6249924 8.6796875 5.4804688
-118.8749924 8.8046875 5.4804688
-118.6874924 8.6328125 5.4765625
-117.2499924 8.6718750 5.4804688
-117.7499924 8.6406250 5.4765625
-120.1874924 8.6406250 5.4609375
-116.4999924 8.6015625 5.4921875
-116.2499924 8.5937500 5.4804688
-116.1249924 8.6250000 5.5117188
-115.1249924 8.5546875 5.5039062
-115.4999924 8.5625000 5.5312500
-116.5624924 8.5859375 5.5273438
-114.1874924 8.4921875 5.5312500
-114.2499924 8.5156250 5.5546875
-113.7499924 8.5312500 5.5351562
-112.6874924 8.6484375 5.5976562
-113.7499924 8.0312500 5.6054688
-112.9999924 8.5625000 5.5781250
-113.2499924 8.4531250 5.5585938
-112.0624924 8.4531250 5.5820312
-111.5624924 8.4140625 5.5742188
-112.4374924 8.4296875 5.5625000
-111.8124924 8.4296875 5.5585938
-111.4999924 8.4453125 5.5742188
-111.6249924 8.4453125 5.5664062
-111.6874924 8.4218750 5.5742188
-111.4374924 8.4140625 5.5859375
-111.0624924 8.4375000 5.5859375
-109.8749924 8.4218750 5.5820312
-110.9374924 8.3984375 5.5625000
-109.3749924 8.4453125 5.5937500
-110.0624924 8.4453125 5.5781250
-109.8124924 8.3593750 5.5820312
-109.6249924 8.3515625 5.5937500
-109.1249924 8.4609375 5.5703125
-108.3124924 2.8183594 5.5000000
-108.4999924 8.4531250 5.5820312
-107.9999924 8.4843750 5.5742188
-107.9374924 8.4140625 5.5937500
-108.0624924 8.5156250 5.5937500
-107.1249924 8.4765625 5.5898438
-107.3749924 8.3984375 5.5937500
-107.3749924 8.5000000 5.5820312
-106.1249924 8.4921875 5.6250000
-105.9374924 8.5859375 5.6093750
-105.0624924 8.5234375 5.6015625
-103.4374924 8.6171875 5.6445312
-104.8124924 8.6953125 5.6171875
-105.6874924 8.3828125 5.5937500
-104.1249924 8.6015625 5.5976562
-103.9374924 8.7890625 5.6054688
-103.3749924 8.6328125 5.6171875
-103.3124924 8.5937500 5.6171875
-103.0624924 8.5312500 5.6328125
-102.4374924 8.4140625 5.6250000
-102.6874924 8.6718750 5.6210938
-100.9999924 8.7265625 5.6445312
-100.9999924 8.7500000 5.6406250
-101.3124924 8.5312500 5.6445312
-100.9999924 8.5703125 5.6562500
-100.2499924 8.5468750 5.6640625
-100.8749924 8.6250000 5.6484375
-99.9999924 8.5781250 5.6328125
-99.8124924 8.7031250 5.6445312
-99.6249924 8.5390625 5.6367188
-99.6249924 8.7265625 5.6367188
-99.9999924 8.6718750 5.6484375
-99.2499924 8.7578125 5.6523438
-99.5624924 8.6562500 5.6484375
-99.1249924 8.7343750 5.6523438
-98.7499924 8.7968750 5.6718750
-98.7499924 8.6796875 5.6679688
-98.1874924 8.6015625 5.6484375
-97.9999924 8.8125000 5.6757812
-98.4999924 8.7812500 5.6601562
-98.1249924 8.8281250 5.6835938
-98.1874924 8.7890625 5.6757812
-96.4999924 8.5781250 5.7109375
-97.1874924 8.7187500 5.6835938
-95.1874924 8.6093750 5.7109375
-95.0624924 8.5234375 5.7304688
-94.3749924 8.6796875 5.6992188
-94.5624924 8.2656250 5.7500000
-94.6249924 7.9687500 5.7773438
-94.3124924 7.7187500 5.7617188
-93.8749924 7.7734375 5.7656250
-93.9999924 7.8750000 5.8203125
-94.0624924 7.8281250 5.8046875
-93.6874924 7.3515625 5.8632812
-93.2499924 6.7656250 5.9023438
-93.1874924 6.6718750 5.9179688
-93.5624924 6.8593750 5.8593750
-93.1249924 6.4296875 5.9375000
-92.9374924 6.0546875 5.9453125
-92.8124924 5.7578125 5.9218750
-92.4999924 5.8906250 5.9023438
-92.3749924 5.9609375 5.8671875
-92.0624924 5.5000000 5.8515625
-92.0624924 5.5000000 5.8593750
-92.2499924 4.8750000 5.8789062
-92.6249924 4.8515625 5.9023438
-92.2499924 4.2343750 5.8984375
-91.9999924 3.4707031 5.9414062
-92.3124924 3.4160156 5.9335938
-92.1874924 3.4628906 5.9375000
-92.1874924 2.5957031 5.9531250
-92.1874924 2.8613281 5.9570312
-92.2499924 2.4824219 5.9960938
-92.1249924 2.2812500 6.0117188
-92.1249924 2.0546875 5.9960938
-91.9999924 2.7792969 5.9843750
-92.0624924 2.2265625 6.0195312
-92.1874924 1.3359375 6.0703125
-92.1874924 1.5058594 6.0664062
-92.1874924 1.1875000 6.0859375
-92.3124924 0.9921875 6.0625000
-92.3124924 0.2646484 6.0781250
-92.1874924 0.2978516 6.0976562
-92.1249924 0.1865234 6.0703125
-92.2499924 -0.1240234 6.0781250
-92.1874924 -1.2353516 6.1367188
-92.0624924 -0.7763672 6.1093750
-92.2499924 -1.2832031 6.1484375
-92.2499924 -1.7539062 6.1640625
-92.3124924 -1.6572266 6.1406250
-92.4374924 -1.5703125 6.1445312
-91.9374924 -2.2011719 6.1484375
-92.2499924 -2.4863281 6.1640625
-92.0624924 -1.9648438 6.1796875
-92.1249924 -2.6992188 6.1914062
-92.0624924 -3.0683594 6.1914062
-91.9374924 -3.9218750 6.1953125
-91.9999924 -2.8476562 6.1914062
-91.9374924 -3.0585938 6.1875000
-91.9374924 -4.4140625 6.2070312
-91.9374924 -4.4414062 6.2187500
-91.9374924 -5.2851562 6.1992188
-91.8749924 -4.5585938 6.2226562
-91.8749924 -4.9218750 6.2343750
-91.6874924 -5.4296875 6.2187500
-91.8124924 -5.1640625 6.2460938
-91.8124924 -5.8906250 6.2578125
-91.6249924 -5.9218750 6.1992188
-91.3749924 -6.7500000 6.1953125
-91.9374924 -6.7421875 6.1835938
-92.3124924 -6.6328125 6.2226562
-91.8749924 -8.0000000 6.2421875
-92.2499924 -7.4453125 6.2148438
-92.0624924 -7.4609375 6.2382812
-91.4999924 -8.6796875 6.3203125
-91.7499924 -8.8046875 6.2773438
-91.5624924 -9.0859375 6.2617188
-91.8124924 -8.7343750 6.3476562
-90.9374924 -9.3671875 6.3125000
-91.3124924 -8.8281250 6.3242188
-90.3124924 -9.0312500 6.3320312
-89.4374924 -9.2656250 6.3007812
-89.4999924 -9.6875000 6.3242188
-89.7499924 -9.3984375 6.3320312
-89.6249924 -9.6484375 6.3671875
-88.3124924 -9.8750000 6.3789062
-88.2499924 -9.2031250 6.3828125
-89.2499924 -9.6406250 6.4101562
-89.1874924 -9.5937500 6.3632812
-89.4374924 -10.3359375 6.4062500
-88.5624924 -10.0234375 6.4492188
-87.9374924 -9.9140625 6.4531250
-87.4999924 -11.1015625 6.4804688
-87.4374924 -11.0468750 6.4179688
-87.1249924 -11.4765625 6.4609375
-86.6874924 -12.1875000 6.4296875
-86.4374924 -11.4843750 6.4960938
-85.8749924 -11.0312500 6.4062500
-85.6249924 -10.9765625 6.4726562
-85.6249924 -10.9062500 6.5078125
-86.6249924 -9.3125000 6.4531250
-86.3124924 -9.0937500 6.4218750
-85.8124924 -9.7734375 6.4648438
-86.0624924 -9.9921875 6.4414062
-85.9374924 -9.7187500 6.4218750
-85.4999924 -9.4687500 6.4257812
-85.7499924 -9.6718750 6.4023438
-85.5624924 -9.6250000 6.3867188
-84.3124924 -10.1953125 6.3984375
-83.9374924 -9.9687500 6.4140625
-83.4999924 -10.5468750 6.4257812
-82.9999924 -10.5781250 6.4453125
-82.9374924 -10.6640625 6.4218750
-81.9374924 -11.2890625 6.4375000
-82.1249924 -11.0937500 6.4609375
-81.1874924 -11.5937500 6.4648438
-81.2499924 -11.9375000 6.4726562
-81.2499924 -11.5546875 6.4531250
-80.9374924 -11.9687500 6.4609375
-80.4374924 -12.3515625 6.4453125
-80.8124924 -12.2343750 6.4531250
-81.1249924 -12.1093750 6.4531250
-80.2499924 -12.2500000 6.4609375
-81.0624924 -12.0781250 6.4648438
-80.8749924 -11.9921875 6.4804688
-80.1249924 -12.5625000 6.5000000
-80.9999924 -11.7187500 6.4804688
-79.4999924 -13.0859375 6.4804688
-79.8749924 -12.8203125 6.5000000
-79.1249924 -13.1640625 6.4570312
-78.7499924 -13.1953125 6.4101562
-78.3749924 -13.9375000 6.4296875
-78.9374924 -13.2578125 6.4570312
-79.5624924 -13.6875000 6.4648438
-78.6249924 -13.9062500 6.4218750
-78.4999924 -13.7500000 6.4296875
-78.8124924 -13.9921875 6.4140625
-78.8749924 -14.1171875 6.4023438
-78.6249924 -14.5078125 6.4179688
-78.9999924 -14.3750000 6.3984375
-78.6874924 -14.5625000 6.3906250
-78.6249924 -15.3359375 6.4023438
-78.9374924 -15.3671875 6.3945312
-78.6874924 -15.8281250 6.4140625
-78.9374924 -16.0156250 6.4101562
-79.1874924 -16.2656250 6.3750000
-79.2499924 -16.1093750 6.3671875
-79.2499924 -16.4375000 6.3671875
-78.8749924 -16.4375000 6.4101562
-78.9374924 -17.1406250 6.4140625
-79.4374924 -17.0312500 6.3984375
-79.6249924 -17.3593750 6.3593750
-79.6874924 -17.3437500 6.3906250
-80.0624924 -17.1562500 6.3906250
-80.4999924 -17.8593750 6.3593750
-80.8749924 -18.1562500 6.3359375
-80.6874924 -18.2500000 6.3359375
-81.2499924 -18.4843750 6.3554688
-80.8749924 -18.5156250 6.3437500
-81.1249924 -18.7343750 6.3515625
-81.6874924 -19.0781250 6.3164062
-81.6249924 -18.9843750 6.3281250
-82.3124924 -19.2812500 6.2890625
-81.3124924 -19.1406250 6.3007812
-82.1874924 -19.3125000 6.2929688
-82.1249924 -19.8281250 6.2460938
-82.8124924 -19.6093750 6.2695312
-82.9374924 -19.5937500 6.2851562
-83.1249924 -19.8437500 6.2226562
-83.1249924 -19.9375000 6.1835938
-84.1249924 -20.1406250 6.1796875
-84.4374924 -20.0625000 6.1953125
-84.6249924 -20.2812500 6.1445312
-84.2499924 -20.4062500 6.1523438
-84.6874924 -20.0625000 6.1679688
-84.6874924 -20.0937500 6.1367188
-85.1874924 -20.2656250 6.0781250
-85.4374924 -20.3125000 6.0937500
-86.4374924 -20.2343750 6.1054688
-86.0624924 -20.2187500 6.0781250
-86.1874924 -20.6406250 6.0546875
-86.4999924 -20.9531250 6.0039062
-87.1249924 -21.1875000 5.9414062
-86.9999924 -21.0781250 6.0000000
-87.9374924 -21.3750000 5.9218750
-87.4374924 -21.2343750 5.9375000
-87.4999924 -21.2500000 5.9335938
-87.7499924 -21.3125000 5.9101562
-87.9999924 -21.6406250 5.8242188
-87.9999924 -21.2500000 5.9062500
-88.7499924 -21.5156250 5.8593750
-88.4999924 -21.7031250 5.8671875
-89.3124924 -21.8593750 5.8125000
-89.6874924 -21.7812500 5.7656250
-90.4374924 -21.5781250 5.7500000
-90.4374924 -21.6406250 5.7304688
-90.3749924 -21.7187500 5.7460938
-90.3124924 -21.6093750 5.7382812
-90.6874924 -21.8281250 5.7109375
-90.9999924 -22.2187500 5.6992188
-91.6249924 -22.4843750 5.6718750
-91.8124924 -22.6875000 5.6406250
-91.9999924 -23.0312500 5.6015625
-92.2499924 -23.2187500 5.5898438
-92.2499924 -23.3125000 5.5937500
-92.8124924 -23.5781250 5.5351562
-92.6874924 -23.5312500 5.5429688
-92.8749924 -23.6250000 5.5156250
-92.5624924 -23.8281250 5.5468750
-92.8124924 -23.6250000 5.5117188
-92.9374924 -23.9843750 5.4921875
-93.1874924 -24.0625000 5.4882812
-93.1249924 -24.0312500 5.4765625
-93.4999924 -24.1562500 5.4531250
-93.6249924 -24.6093750 5.4414062
-93.6874924 -24.7031250 5.4414062
-93.9999924 -25.6718750 5.4062500
-93.9374924 -25.8593750 5.4101562
-94.1249924 -25.8593750 5.3984375
-94.1249924 -26.0781250 5.3750000
-94.3124924 -26.1718750 5.3867188
-94.3749924 -27.3125000 5.3750000
-94.3749924 -27.3125000 5.3359375
-94.3749924 -27.8125000 5.3398438
-94.4999924 -28.0937500 5.3203125
-94.4374924 -27.2812500 5.3632812
-94.3749924 -28.0781250 5.3554688
-94.4999924 -28.6406250 5.3359375
-94.3749924 -29.1718750 5.3281250
-94.2499924 -29.8437500 5.2851562
-94.2499924 -29.9531250 5.2734375
-94.0624924 -30.7031250 5.2070312
-94.4999924 -30.4062500 5.2656250
-94.1249924 -30.9062500 5.1718750
-94.1249924 -30.7500000 5.1992188
-93.9999924 -31.2656250 5.1796875
-94.1874924 -31.0312500 5.1992188
-93.9999924 -31.2343750 5.1875000
-93.9374924 -31.3593750 5.1757812
-93.6249924 -31.8750000 5.1679688
-93.6874924 -31.8281250 5.1679688
-93.6874924 -31.8906250 5.1757812
-93.6874924 -32.1875000 5.1757812
-93.3124924 -32.5312500 5.1406250
-92.9999924 -32.5625000 5.1210938
-92.1249924 -32.9062500 5.0781250
-92.2499924 -32.9687500 5.0898438
-91.3749924 -34.0000000 5.0039062
-91.5624924 -33.6875000 5.0195312
-90.8124924 -34.3750000 4.9882812
-90.8124924 -34.3437500 5.0000000
-90.9374924 -34.4687500 5.0000000
-90.8749924 -34.4375000 4.9765625
-90.8124924 -34.5625000 4.9960938
-88.8124924 -35.9062500 4.8750000
-89.8749924 -35.1562500 4.9179688
-88.9374924 -35.8750000 4.8593750
-89.3749924 -35.4687500 4.8867188
-89.2499924 -35.5000000 4.8789062
-88.3124924 -36.2500000 4.8359375
-87.5624924 -36.7187500 4.8007812
-88.4999924 -36.2812500 4.8476562
-88.1249924 -36.5937500 4.8242188
-87.8749924 -36.8125000 4.7968750
-87.9999924 -36.6250000 4.8203125
-88.6874924 -36.2500000 4.8164062
-87.5624924 -37.0000000 4.7773438
-87.7499924 -36.9375000 4.8007812
-87.4999924 -37.0000000 4.7890625
-87.2499924 -37.3125000 4.7734375
-86.6249924 -37.5937500 4.7421875
-86.4999924 -37.5937500 4.7421875
-86.4999924 -37.6875000 4.7304688
-85.9999924 -38.0000000 4.7187500
-85.6874924 -38.1875000 4.7070312
-85.8124924 -38.1250000 4.7031250
-85.6874924 -38.2812500 4.6953125
-84.5624924 -39.0625000 4.6445312
-85.1249924 -38.6250000 4.6679688
-84.2499924 -39.3125000 4.6250000
-84.7499924 -38.9687500 4.6406250
-83.4374924 -39.7500000 4.5820312
-83.3749924 -39.9062500 4.5820312
-83.1249924 -39.8437500 4.5898438
-82.7499924 -40.1250000 4.5585938
-82.3124924 -40.3437500 4.5390625
-82.2499924 -40.5625000 4.5312500
-81.9374924 -40.7187500 4.5117188
-81.8749924 -40.7500000 4.5039062
-81.9374924 -40.5625000 4.5156250
-81.4374924 -41.0625000 4.4921875
-81.6249924 -40.9375000 4.4843750
-80.9999924 -41.4687500 4.4804688
-80.9999924 -41.3750000 4.4687500
-80.6249924 -41.9687500 4.4570312
-80.8124924 -41.6250000 4.4765625
-80.4999924 -41.9375000 4.4687500
-80.5624924 -42.0000000 4.4726562
-80.3124924 -42.1562500 4.4570312
-79.8124924 -42.6250000 4.4375000
-80.0624924 -42.3750000 4.4531250
-79.7499924 -42.9062500 4.4257812
-79.3749924 -43.4375000 4.3828125
-79.2499924 -43.5937500 4.3593750
-79.2499924 -43.6250000 4.3515625
-79.2499924 -43.8750000 4.3476562
-79.1249924 -44.7500000 4.2851562
-78.5624924 -45.6250000 4.1992188
-78.4374924 -45.7812500 4.1601562
-78.0624924 -46.7812500 4.0937500
-78.3749924 -46.3437500 4.1406250
-78.1249924 -46.3125000 4.1406250
-78.4374924 -46.6250000 4.1445312
-77.7499924 -47.4062500 4.0820312
-77.9999924 -47.4062500 4.0742188
-77.9374924 -47.1250000 4.0976562
-78.0624924 -47.1562500 4.1093750
-78.1249924 -47.0000000 4.1171875
-77.8124924 -47.4687500 4.0898438
-77.6874924 -47.9062500 4.0625000
-77.4374924 -48.4375000 4.0312500
-77.4374924 -47.5312500 4.0703125
-77.2499924 -48.1875000 4.0234375
-76.7499924 -50.0625000 3.9765625
-76.6249924 -50.0312500 3.9804688
-76.7499924 -49.5000000 3.9921875
-76.6874924 -49.7500000 3.9882812
-76.6874924 -50.6562500 3.9648438
-76.8124924 -51.1562500 3.9687500
-76.7499924 -50.7812500 3.9687500
-76.5624924 -50.9687500 3.9609375
-76.1874924 -51.9687500 3.9296875
-76.1874924 -51.5937500 3.9453125
-75.9999924 -51.9687500 3.9218750
-76.2499924 -51.1250000 3.9492188
-76.1874924 -51.6875000 3.9375000
-75.4999924 -52.5937500 3.8984375
-75.5624924 -52.2812500 3.9101562
-76.1249924 -52.8437500 3.9179688
-74.9999924 -52.8125000 3.8867188
-76.3124924 -52.4687500 3.9257812
-74.4374924 -53.8437500 3.8515625
-73.3124924 -54.2812500 3.7988281
-74.5624924 -54.0625000 3.8378906
-74.2499924 -53.6562500 3.8320312
-74.5624924 -53.4062500 3.8398438
-73.8749924 -54.5312500 3.8085938
-74.4999924 -54.3750000 3.8281250
-74.2499924 -55.2812500 3.8222656
-72.7499924 -56.1875000 3.7734375
-73.0624924 -55.4687500 3.7968750
-72.8124924 -55.6562500 3.7812500
-72.4999924 -55.3125000 3.7695312
-73.5624924 -55.4375000 3.7890625
-73.4374924 -55.5312500 3.8007812
-72.6874924 -55.5937500 3.7812500
-71.9374924 -55.4062500 3.7421875
-72.1249924 -55.5312500 3.7539062
-72.4374924 -55.3750000 3.7714844
-71.8749924 -55.3437500 3.7500000
-71.9999924 -55.2187500 3.7656250
-71.3124924 -55.5937500 3.7304688
-70.7499924 -55.3437500 3.7089844
-70.8124924 -55.5312500 3.7187500
-70.4374924 -55.3437500 3.7167969
-70.9999924 -55.5000000 3.7343750
-69.5624924 -55.0937500 3.6640625
-69.4374924 -55.2500000 3.6601562
-68.4374924 -55.0937500 3.6367188
-68.8124924 -55.1250000 3.6347656
-68.5624924 -55.3125000 3.6250000
-68.9374924 -55.0937500 3.6347656
-68.4374924 -55.2812500 3.6210938
-67.8749924 -55.2500000 3.6015625
-66.8124924 -55.0937500 3.5839844
-67.9999924 -54.9687500 3.6132812
-67.5624924 -55.0625000 3.5976562
-65.4374924 -55.0625000 3.5449219
-66.6249924 -55.2187500 3.5683594
-66.3124924 -55.0312500 3.5781250
-66.9374924 -55.0625000 3.5898438
-64.5624924 -55.2500000 3.5234375
-64.2499924 -55.4375000 3.5156250
-64.8124924 -55.3437500 3.5273438
-64.3749924 -55.2812500 3.5117188
-63.9999924 -55.4062500 3.4921875
-62.4687424 -55.5312500 3.4687500
-63.1249924 -55.6250000 3.5000000
-62.1562424 -55.5937500 3.4843750
-61.7499924 -55.6250000 3.4746094
-62.4374924 -55.6562500 3.4882812
-60.9374924 -55.9062500 3.4589844
-61.4062424 -55.7812500 3.4843750
-61.7499924 -56.0625000 3.4882812
-61.9687424 -56.2187500 3.5078125
-61.1562424 -56.0625000 3.4843750
-60.8749924 -56.0625000 3.4746094
-60.4999924 -56.4375000 3.4628906
-60.3437424 -56.4687500 3.4628906
-60.2499924 -56.4375000 3.4570312
-60.3124924 -56.6250000 3.4628906
-60.9999924 -56.7812500 3.4726562
-59.9062424 -57.8437500 3.4570312
-60.2499924 -57.5625000 3.4550781
-59.3124924 -58.3125000 3.4238281
-58.8437424 -58.1875000 3.4218750
-59.3749924 -58.1562500 3.4355469
-59.9374924 -59.1250000 3.4570312
-59.5937424 -57.8125000 3.4453125
-58.8124924 -59.5625000 3.4316406
-58.3437424 -60.7812500 3.4277344
-58.4687424 -59.3750000 3.4179688
-58.0937424 -60.0312500 3.4179688
-58.2812424 -61.2812500 3.4101562
-58.2499924 -60.5625000 3.4121094
-57.8437424 -60.9375000 3.3925781
-58.0937424 -60.5000000 3.4062500
-58.2812424 -59.9687500 3.4023438
-58.2499924 -60.3750000 3.4023438
-58.0937424 -61.1875000 3.4121094
-57.8437424 -61.9062500 3.4101562
-57.6249924 -62.1250000 3.4140625
-57.7187424 -62.8125000 3.4062500
-57.7812424 -62.4062500 3.4023438
-57.6874924 -62.9375000 3.4062500
-57.5937424 -63.5625000 3.4140625
-57.4374924 -64.0000000 3.4062500
-57.5312424 -64.1875000 3.4121094
-56.9374924 -65.4375000 3.4140625
-57.2499924 -65.3750000 3.4140625
-57.3437424 -63.7500000 3.4042969
-57.0312424 -64.9375000 3.3984375
-57.0624924 -65.1250000 3.3984375
-57.1562424 -65.8750000 3.4121094
-56.6874924 -66.2500000 3.3945312
-56.2187424 -66.8750000 3.3984375
-56.2187424 -67.6250000 3.4042969
-56.8124924 -66.9375000 3.4082031
-56.1562424 -68.3125000 3.4042969
-56.4687424 -66.3750000 3.3906250
-56.4999924 -67.3750000 3.4023438
-56.4374924 -67.5625000 3.3964844
-56.4999924 -67.2500000 3.4003906
-56.2499924 -68.1875000 3.4023438
-56.6562424 -67.5625000 3.4140625
-55.9062424 -69.1250000 3.4042969
-56.2499924 -68.5000000 3.4101562
-56.1874924 -69.4375000 3.4121094
-55.4374924 -70.4375000 3.4023438
-55.7499924 -69.0000000 3.3984375
-55.5624924 -69.5000000 3.3925781
-55.8124924 -69.6875000 3.3984375
-55.0624924 -71.0625000 3.3906250
-55.4999924 -70.1250000 3.3964844
-55.3749924 -69.5625000 3.3906250
-55.3437424 -69.8125000 3.4003906
-54.5312424 -72.3125000 3.4062500
-55.0312424 -70.8750000 3.4062500
-55.2187424 -70.6875000 3.4023438
-55.3437424 -69.8125000 3.3945312
-55.0624924 -70.4375000 3.3906250
-54.9062424 -71.8750000 3.4023438
-54.7812424 -71.8125000 3.3964844
-54.5937424 -72.7500000 3.4042969
-54.5937424 -72.7500000 3.4062500
-54.2499924 -74.0000000 3.4140625
-54.3749924 -74.4375000 3.4140625
-53.9062424 -75.5625000 3.4160156
-54.0937424 -74.3750000 3.4062500
-54.1249924 -74.9375000 3.4101562
-54.5312424 -74.6250000 3.4179688
-53.8124924 -76.6250000 3.4199219
-54.1249924 -76.2500000 3.4218750
-53.9999924 -77.0000000 3.4394531
-53.5624924 -76.6250000 3.4218750
-53.9062424 -76.6875000 3.4238281
-54.0624924 -76.0625000 3.4238281
-53.9374924 -76.7500000 3.4257812
-53.4999924 -77.6875000 3.4218750
-53.9687424 -76.7500000 3.4218750
-54.7499924 -75.1875000 3.4179688
-54.1249924 -77.6875000 3.4160156
-53.9999924 -77.9375000 3.4238281
-53.6874924 -78.1875000 3.4179688
-53.4999924 -78.8750000 3.4375000
-52.1249924 -80.7500000 3.4140625
-63.0624924 -102.7500000 3.6093750
-53.7499924 -78.9375000 3.4296875
-52.9687424 -79.2500000 3.4277344
-53.6562424 -78.5625000 3.4160156
-53.3437424 -78.5000000 3.3945312
-53.4999924 -78.7500000 3.4101562
-53.3749924 -80.2500000 3.4218750
-53.6249924 -79.2500000 3.4238281
-53.0937424 -80.6250000 3.4179688
-53.4999924 -80.0625000 3.4199219
-53.0312424 -80.3125000 3.4179688
-52.9999924 -81.0000000 3.4218750
-52.7499924 -80.6250000 3.4101562
-52.2187424 -82.5000000 3.4296875
-51.9374924 -83.5625000 3.4257812
-52.1562424 -82.5000000 3.4257812
-52.0624924 -83.3750000 3.4296875
-51.9374924 -83.0000000 3.4257812
-52.1874924 -82.8125000 3.4257812
-51.5937424 -84.6875000 3.4296875
-51.9374924 -83.4375000 3.4257812
-51.6874924 -84.7500000 3.4296875
-51.9374924 -83.6250000 3.4335938
-51.3749924 -86.3125000 3.4414062
-51.8124924 -84.6250000 3.4335938
-51.7499924 -85.8125000 3.4375000
-51.7499924 -85.6250000 3.4296875
-51.2812424 -86.8750000 3.4453125
-51.4687424 -86.1250000 3.4414062
-51.7499924 -84.8750000 3.4335938
-51.5937424 -85.5000000 3.4296875
-51.8124924 -85.3750000 3.4453125
-51.1249924 -86.9375000 3.4335938
-51.3437424 -86.7500000 3.4453125
-51.0624924 -87.6250000 3.4414062
-50.8749924 -88.2500000 3.4472656
-51.0937424 -88.1250000 3.4472656
-50.8437424 -88.1875000 3.4433594
-50.8749924 -88.2500000 3.4453125
-50.4687424 -89.4375000 3.4453125
-50.9999924 -87.9375000 3.4453125
-50.6562424 -89.4375000 3.4531250
-50.9687424 -87.8750000 3.4414062
-50.6874924 -89.1250000 3.4492188
-50.3124924 -90.5000000 3.4492188
-50.5624924 -89.5000000 3.4394531
-50.3749924 -91.1875000 3.4531250
-50.4999924 -90.2500000 3.4472656
-50.5312424 -89.6250000 3.4472656
-50.5624924 -89.8125000 3.4531250
-50.2499924 -90.7500000 3.4550781
-50.2812424 -90.7500000 3.4570312
-49.9062424 -91.9375000 3.4570312
-50.0937424 -91.1875000 3.4531250
-49.7499924 -92.8125000 3.4667969
-49.6874924 -92.6250000 3.4609375
-49.6874924 -92.8125000 3.4570312
-49.6874924 -92.7500000 3.4531250
-49.5937424 -93.3125000 3.4609375
-49.1874924 -94.3750000 3.4687500
-48.9687424 -95.1250000 3.4609375
-48.8749924 -94.4375000 3.4589844
-48.7187424 -95.0625000 3.4609375
-48.7187424 -95.3750000 3.4667969
-48.9999924 -94.7500000 3.4687500
-48.9687424 -95.1250000 3.4628906
-48.7187424 -95.6250000 3.4648438
-48.5937424 -95.6875000 3.4609375
-48.2499924 -97.2500000 3.4609375
-48.5937424 -96.1250000 3.4687500
-48.4062424 -96.7500000 3.4648438
-48.4687424 -96.3750000 3.4687500
-48.2499924 -97.1250000 3.4687500
-48.4062424 -96.7500000 3.4628906
-48.2187424 -97.1875000 3.4570312
-48.1249924 -97.4375000 3.4687500
-48.0312424 -98.3750000 3.4726562
-47.9999924 -97.6875000 3.4648438
-47.5937424 -99.3125000 3.4843750
-47.5312424 -99.5000000 3.4765625
-46.6874924 -100.6875000 3.4648438
-46.7187424 -101.2500000 3.4746094
-47.4374924 -100.0000000 3.4804688
-47.6874924 -99.3125000 3.4765625
-47.8749924 -99.4375000 3.4609375
-48.3124924 -98.0625000 3.4531250
-47.2499924 -101.4375000 3.4765625
-47.5312424 -100.1875000 3.4648438
-47.4999924 -101.0625000 3.4687500
-47.3124924 -102.0000000 3.4609375
-46.9374924 -102.8125000 3.4746094
-47.0937424 -101.9375000 3.4765625
-47.1562424 -101.2500000 3.4804688
-46.6562424 -103.1250000 3.4882812
-47.0624924 -102.3750000 3.4785156
-46.9687424 -102.2500000 3.4765625
-46.2499924 -104.0625000 3.4882812
-46.3437424 -104.6875000 3.4941406
-45.9687424 -105.0625000 3.4804688
-46.4062424 -104.7500000 3.4863281
-45.7499924 -106.3750000 3.4804688
-46.1874924 -104.7500000 3.4804688
-46.1874924 -105.3125000 3.4804688
-45.9062424 -105.5625000 3.4765625
-45.9374924 -105.3125000 3.4921875
-46.0624924 -105.9375000 3.4921875
-45.9062424 -106.3125000 3.4843750
-45.8437424 -106.7500000 3.4804688
-45.6874924 -106.7500000 3.4804688
-45.5624924 -108.4375000 3.4843750
-45.6249924 -107.3125000 3.4921875
-45.5312424 -108.1875000 3.4941406
-45.4999924 -108.0000000 3.4843750
-45.4374924 -108.8750000 3.4921875
-45.3749924 -108.5625000 3.4863281
-45.4062424 -108.4375000 3.4921875
-44.9374924 -109.3750000 3.4882812
-45.3124924 -109.5000000 3.4804688
-44.9374924 -109.6875000 3.4804688
-44.9374924 -110.6250000 3.4882812
-44.4062424 -110.8750000 3.4843750
-44.9687424 -109.6250000 3.4765625
-44.1562424 -112.3750000 3.4765625
-44.6562424 -111.3750000 3.4785156
-44.4687424 -111.6875000 3.4882812
-44.4687424 -111.0625000 3.4882812
-44.2812424 -111.5625000 3.4804688
-44.3124924 -112.1250000 3.4765625
-44.4374924 -112.5625000 3.4843750
-44.3749924 -112.0000000 3.4843750
-43.9374924 -113.6875000 3.4843750
-43.9999924 -113.5000000 3.4843750
-43.9374924 -113.4375000 3.4843750
-43.3749924 -115.1250000 3.4863281
-43.4374924 -115.1250000 3.4882812
-43.0624924 -116.0625000 3.4843750
-42.9062424 -115.6875000 3.4843750
-42.8437424 -116.3125000 3.4843750
-42.9687424 -115.5000000 3.4765625
-42.9687424 -116.3125000 3.4882812
-42.6874924 -116.6250000 3.4804688
-43.0624924 -116.1250000 3.4882812
-42.5937424 -117.3125000 3.4902344
-42.2187424 -118.1250000 3.4843750
-42.6249924 -117.0625000 3.4843750
-42.4374924 -118.0625000 3.4882812
-42.0937424 -118.8125000 3.4921875
-42.0624924 -119.2500000 3.4960938
-42.2187424 -118.9375000 3.4960938
-42.1562424 -118.7500000 3.4921875
-41.4062424 -120.3750000 3.4921875
-41.6874924 -119.7500000 3.5000000
-41.1249924 -121.7500000 3.5000000
-41.7187424 -119.5000000 3.4980469
-41.6249924 -120.1250000 3.5000000
-41.6874924 -120.4375000 3.5039062
-41.5937424 -121.0000000 3.4980469
-41.1874924 -121.2500000 3.4921875
-41.4687424 -121.0000000 3.5000000
-41.1874924 -121.6250000 3.4960938
-41.5937424 -122.1250000 3.5039062
-41.1562424 -123.3125000 3.5000000
-41.4062424 -122.8750000 3.5039062
-41.0937424 -122.8750000 3.4960938
-40.9999924 -123.8750000 3.5000000
-41.2187424 -123.2500000 3.4960938
-41.2499924 -123.7500000 3.4941406
-40.9687424 -122.9375000 3.4843750
-40.9999924 -124.1875000 3.5039062
-41.8749924 -124.9375000 3.5234375
-40.8124924 -124.0625000 3.5058594
-40.9062424 -124.9375000 3.5078125
-41.0624924 -124.5625000 3.5078125
-41.0624924 -124.6250000 3.5117188
-41.4374924 -126.4375000 3.5234375
-41.3124924 -125.8125000 3.5195312
-41.1562424 -126.7500000 3.5156250
-41.2187424 -127.4375000 3.5156250
-41.3749924 -127.3750000 3.5175781
-41.1562424 -127.3750000 3.5136719
-40.9374924 -126.8750000 3.5058594
-41.0937424 -127.4375000 3.5117188
-41.5624924 -128.7500000 3.5136719
-41.3437424 -128.2500000 3.5058594
-41.7812424 -129.2500000 3.5234375
-42.2187424 -129.5000000 3.5175781
-42.3749924 -129.8750000 3.5273438
-42.0312424 -128.2500000 3.5000000
-42.6249924 -129.1250000 3.5117188
-42.4687424 -129.6250000 3.5214844
-42.8124924 -129.8750000 3.5273438
-43.0937424 -131.0000000 3.5546875
-43.5937424 -132.0000000 3.5839844
-43.7812424 -132.1250000 3.5898438
-42.9687424 -131.3750000 3.5800781
-43.2187424 -131.0000000 3.5625000
-43.3124924 -131.2500000 3.5761719
-43.8124924 -132.2500000 3.5898438
-43.7187424 -132.1250000 3.5781250
-43.0312424 -131.3750000 3.5742188
-43.1562424 -131.2500000 3.5722656
-44.2187424 -132.6250000 3.5957031
-44.1874924 -132.5000000 3.5839844
-44.7499924 -133.3750000 3.5917969
-45.0312424 -133.5000000 3.6054688
-45.4374924 -133.2500000 3.5937500
-46.3749924 -134.7500000 3.6406250
-46.4062424 -134.7500000 3.6210938
-46.4687424 -134.3750000 3.6308594
-47.0312424 -135.0000000 3.6445312
-46.6562424 -134.6250000 3.6367188
-46.5312424 -134.1250000 3.6250000
-46.7812424 -134.1250000 3.6289062
-47.4687424 -135.0000000 3.6406250
-47.6249924 -134.7500000 3.6386719
-47.4062424 -134.0000000 3.6308594
-48.4687424 -135.6250000 3.6582031
-47.5937424 -134.6250000 3.6464844
-47.9062424 -135.3750000 3.6562500
-48.3124924 -135.1250000 3.6601562
-48.6874924 -135.7500000 3.6699219
-49.7499924 -137.0000000 3.6894531
-48.8124924 -136.2500000 3.6835938
-49.2812424 -136.8750000 3.6894531
-49.6562424 -136.2500000 3.6816406
-50.4687424 -138.0000000 3.7148438
-51.6562424 -137.8750000 3.7109375
-49.6249924 -137.2500000 3.6914062
-49.9687424 -137.6250000 3.7031250
-51.2499924 -137.8750000 3.7226562
-50.7812424 -136.7500000 3.7128906
-52.1874924 -138.8750000 3.7460938
-50.9687424 -138.2500000 3.7246094
-51.2812424 -138.8750000 3.7265625
-52.4062424 -139.1250000 3.7382812
-51.1562424 -138.8750000 3.7285156
-51.6249924 -138.8750000 3.7382812
-52.8124924 -140.0000000 3.7539062
-52.5312424 -139.8750000 3.7480469
-51.7499924 -139.1250000 3.7343750
-52.4999924 -140.0000000 3.7500000
-53.9687424 -140.7500000 3.7617188
-53.1249924 -140.6250000 3.7617188
-53.2187424 -140.0000000 3.7539062
-53.2812424 -140.5000000 3.7597656
-53.2499924 -140.1250000 3.7617188
-53.6249924 -141.2500000 3.7695312
-54.0312424 -141.8750000 3.7890625
-54.3749924 -141.6250000 3.7812500
-55.0312424 -141.7500000 3.7929688
-54.9374924 -142.5000000 3.7968750
-55.2812424 -142.7500000 3.8007812
-55.0312424 -143.1250000 3.8085938
-55.9062424 -143.2500000 3.8085938
-56.3124924 -143.7500000 3.8203125
-57.1249924 -145.0000000 3.8320312
-56.5312424 -143.6250000 3.8203125
-56.1874924 -143.7500000 3.8203125
-56.7499924 -143.7500000 3.8261719
-56.8749924 -144.2500000 3.8203125
-56.4687424 -144.0000000 3.8281250
-55.9687424 -143.5000000 3.8125000
-56.9999924 -143.3750000 3.8125000
-57.5312424 -144.5000000 3.8359375
-59.1249924 -145.7500000 3.8593750
-58.1874924 -145.7500000 3.8593750
-58.5937424 -146.2500000 3.8671875
-58.2187424 -146.5000000 3.8671875
-58.3124924 -145.7500000 3.8593750
-59.0624924 -145.7500000 3.8750000
-59.5937424 -146.0000000 3.8710938
-58.6249924 -145.8750000 3.8593750
-58.4062424 -145.6250000 3.8593750
-58.8124924 -145.7500000 3.8554688
-59.5624924 -146.8750000 3.8867188
-60.5937424 -147.7500000 3.9062500
-59.8437424 -146.3750000 3.8710938
-59.5312424 -146.2500000 3.8750000
-59.6249924 -145.8750000 3.8613281
-60.7812424 -147.8750000 3.8984375
-60.4999924 -147.3750000 3.8867188
-61.5624924 -149.1250000 3.9140625
-60.6562424 -148.0000000 3.8945312
-61.5937424 -148.7500000 3.9062500
-61.0312424 -148.3750000 3.9023438
-60.9374924 -149.0000000 3.9101562
-60.4062424 -148.3750000 3.8984375
-61.4999924 -149.6250000 3.9218750
-61.3749924 -149.2500000 3.9179688
-62.9374924 -150.8750000 3.9453125
-62.9999924 -150.8750000 3.9453125
-62.2499924 -150.7500000 3.9414062
-63.0624924 -150.7500000 3.9375000
-62.9999924 -151.1250000 3.9414062
-63.6874924 -151.6250000 3.9609375
-62.8124924 -150.5000000 3.9414062
-62.4062424 -149.6250000 3.9296875
-63.4999924 -150.6250000 3.9414062
-64.4999924 -151.8750000 3.9765625
-64.1874924 -151.6250000 3.9570312
-64.1874924 -151.5000000 3.9648438
-64.6249924 -152.5000000 3.9765625
-64.6249924 -151.8750000 3.9609375
-64.8124924 -152.3750000 3.9804688
-64.4999924 -151.7500000 3.9804688
-65.9374924 -153.6250000 4.0000000
-65.2499924 -153.2500000 3.9921875
-65.4999924 -153.7500000 3.9921875
-64.9374924 -153.1250000 3.9843750
-65.6874924 -154.0000000 4.0195312
-65.8749924 -153.6250000 4.0078125
-65.4999924 -154.2500000 4.0156250
-66.1874924 -154.2500000 3.9960938
-66.6874924 -155.3750000 4.0390625
-66.1249924 -154.8750000 4.0156250
-66.5624924 -155.0000000 4.0156250
-67.2499924 -155.8750000 4.0390625
-66.1874924 -154.6250000 4.0117188
-68.3124924 -157.3750000 4.0625000
-67.8749924 -157.1250000 4.0546875
-68.1874924 -157.0000000 4.0546875
-68.0624924 -156.6250000 4.0429688
-68.8749924 -157.8750000 4.0664062
-68.9999924 -156.8750000 4.0507812
-67.9374924 -157.0000000 4.0585938
-69.3749924 -157.6250000 4.0742188
-69.9374924 -159.0000000 4.0937500
-69.4999924 -158.6250000 4.0742188
-70.7499924 -159.2500000 4.0976562
-69.8749924 -159.0000000 4.0859375
-70.2499924 -158.6250000 4.0820312
-70.5624924 -159.0000000 4.0898438
-69.6249924 -158.0000000 4.0742188
-70.8749924 -158.8750000 4.1054688
-70.4999924 -159.1250000 4.1015625
-70.6874924 -159.5000000 4.1093750
-71.2499924 -160.0000000 4.1328125
-71.0624924 -160.5000000 4.1289062
-71.9999924 -160.3750000 4.1328125
-72.0624924 -161.1250000 4.1367188
-72.1249924 -160.0000000 4.1210938
-72.3749924 -160.5000000 4.1367188
-72.1249924 -160.1250000 4.1445312
-72.4374924 -159.2500000 4.1640625
-72.1874924 -161.2500000 4.1640625
-72.7499924 -161.1250000 4.1640625
-73.0624924 -161.2500000 4.1445312
-72.5624924 -161.2500000 4.1445312
-72.8124924 -160.8750000 4.1523438
-72.6249924 -160.3750000 4.1406250
-73.0624924 -161.3750000 4.1601562
-73.3749924 -161.3750000 4.1718750
-72.5624924 -160.0000000 4.1445312
-73.1249924 -161.1250000 4.1640625
-73.6249924 -162.7500000 4.1679688
-73.3124924 -162.8750000 4.1679688
-74.1249924 -163.7500000 4.1914062
-74.6249924 -166.1250000 4.1992188
-74.8749924 -165.5000000 4.1953125
-74.5624924 -165.5000000 4.1992188
-74.4999924 -165.6250000 4.1914062
-74.3124924 -165.3750000 4.1835938
-74.9999924 -166.6250000 4.2187500
-75.1249924 -168.3750000 4.2226562
-75.1874924 -170.0000000 4.2304688
-75.1249924 -168.2500000 4.2265625
-75.1874924 -167.8750000 4.2304688
-75.2499924 -167.7500000 4.2265625
-75.1249924 -167.5000000 4.2226562
-75.1874924 -167.8750000 4.2187500
-75.2499924 -167.7500000 4.2109375
-75.0624924 -167.5000000 4.1953125
-75.1874924 -168.3750000 4.2031250
-75.2499924 -168.5000000 4.2148438
-75.3124924 -169.1250000 4.2031250
-75.1874924 -169.5000000 4.2070312
-74.9374924 -170.3750000 4.1992188
-75.1249924 -170.7500000 4.2226562
-74.9999924 -169.7500000 4.2148438
-75.1249924 -170.1250000 4.2109375
-75.1874924 -170.1250000 4.2187500
-75.0624924 -169.5000000 4.2187500
-74.9374924 -171.5000000 4.2421875
-74.8124924 -170.2500000 4.2148438
-74.9374924 -171.8750000 4.2265625
-75.0624924 -172.5000000 4.2187500
-74.9374924 -172.3750000 4.2109375
-75.1249924 -171.7500000 4.2109375
-75.3124924 -171.8750000 4.2226562
-75.0624924 -173.0000000 4.2187500
-75.1874924 -173.6250000 4.2187500
-75.3124924 -174.7500000 4.2226562
-75.0624924 -173.3750000 4.2109375
-75.1249924 -173.7500000 4.2226562
-75.1249924 -173.2500000 4.2265625
-75.1874924 -173.7500000 4.2226562
-74.9999924 -174.8750000 4.2031250
-75.1249924 -173.5000000 4.2109375
-75.1249924 -175.0000000 4.2265625
-75.2499924 -174.7500000 4.2226562
-75.2499924 -175.6250000 4.2265625
-75.0624924 -175.0000000 4.2304688
-75.0624924 -174.6250000 4.2304688
-75.1874924 -176.2500000 4.2226562
-75.1249924 -175.7500000 4.2265625
-75.1249924 -176.2500000 4.2304688
-75.1249924 -176.5000000 4.2148438
-75.1874924 -176.7500000 4.2304688
-75.1874924 -178.0000000 4.2226562
-75.1874924 -178.1250000 4.2187500
-75.1874924 -178.1250000 4.2265625
-75.2499924 -179.1250000 4.2382812
-75.2499924 -179.1250000 4.2187500
-75.1874924 -178.6250000 4.2187500
-75.3749924 -180.1250000 4.2226562
-75.3749924 -178.6250000 4.2304688
-75.2499924 -180.1250000 4.2187500
-75.1249924 -179.3750000 4.2031250
-75.3124924 -179.5000000 4.2382812
-75.1874924 -180.6250000 4.2148438
-75.3124924 -180.0000000 4.2265625
-75.1874924 -180.3750000 4.2187500
-75.3124924 -181.2500000 4.2304688
-75.1249924 -181.5000000 4.2343750
-75.1249924 -182.2500000 4.2187500
-75.1874924 -181.3750000 4.2343750
-74.9374924 -182.5000000 4.2226562
-75.1874924 -182.8750000 4.2343750
-75.0624924 -184.1250000 4.2500000
-74.9999924 -182.6250000 4.2187500
-74.9999924 -183.1250000 4.2382812
-74.9999924 -184.2500000 4.2382812
-74.9999924 -183.5000000 4.2343750
-75.1874924 -183.3750000 4.2421875
-75.0624924 -185.7500000 4.2304688
-75.0624924 -184.5000000 4.2421875
-74.9999924 -183.8750000 4.2421875
-74.9999924 -184.6250000 4.2343750
-74.8749924 -184.6250000 4.2343750
-74.9374924 -184.6250000 4.2382812
-75.1249924 -184.8750000 4.2343750
-74.8124924 -187.1250000 4.2109375
-74.8124924 -188.3750000 4.2304688
-74.6249924 -187.7500000 4.2070312
-74.9374924 -187.0000000 4.2187500
-74.8749924 -186.8750000 4.2226562
-74.8124924 -189.0000000 4.2148438
-74.9374924 -186.8750000 4.2109375
-74.9374924 -186.7500000 4.2304688
-74.9374924 -186.5000000 4.2304688
-74.8124924 -187.8750000 4.2304688
-74.9999924 -187.0000000 4.2304688
-74.8124924 -188.6250000 4.2265625
-74.8749924 -189.6250000 4.2265625
-74.9374924 -188.2500000 4.2265625
-74.9374924 -189.1250000 4.2226562
-74.8749924 -188.3750000 4.2187500
-74.8749924 -190.0000000 4.2148438
-74.7499924 -191.0000000 4.2070312
-74.6249924 -191.2500000 4.2031250
-74.8124924 -190.8750000 4.2109375
-74.7499924 -190.1250000 4.1875000
-74.8749924 -191.3750000 4.1914062
-74.8124924 -191.3750000 4.1953125
-74.7499924 -191.6250000 4.1992188
-74.6874924 -191.5000000 4.1992188
-74.6249924 -192.0000000 4.1953125
-74.8749924 -191.8750000 4.2109375
-74.2499924 -194.2500000 4.2265625
-74.4374924 -194.3750000 4.2460938
-74.6874924 -193.2500000 4.2187500
-74.4374924 -193.7500000 4.1992188
-74.3749924 -194.1250000 4.1914062
-74.3124924 -194.5000000 4.1914062
-74.4999924 -195.3750000 4.2031250
-74.4999924 -195.2500000 4.1992188
-74.2499924 -197.0000000 4.1953125
-74.1249924 -195.1250000 4.1835938
-74.4999924 -195.5000000 4.2070312
-74.2499924 -198.2500000 4.2031250
-74.6249924 -196.8750000 4.2070312
-74.3124924 -197.5000000 4.1914062
-74.4999924 -197.3750000 4.2070312
-74.3124924 -197.7500000 4.1992188
-74.0624924 -199.0000000 4.2187500
-73.8124924 -200.7500000 4.2070312
-73.8749924 -200.5000000 4.2187500
-74.1874924 -200.2500000 4.2226562
-74.1249924 -200.8750000 4.2109375
-73.9999924 -201.3750000 4.2109375
-73.9374924 -202.0000000 4.1992188
-74.1874924 -200.7500000 4.2148438
-74.3749924 -200.8750000 4.2148438
-74.2499924 -200.7500000 4.2031250
-74.1249924 -200.6250000 4.2109375
-73.9374924 -201.7500000 4.2070312
-74.3124924 -201.8750000 4.2031250
-74.1874924 -202.3750000 4.1914062
-74.1249924 -201.7500000 4.2031250
-73.8124924 -202.6250000 4.1953125
-74.0624924 -201.0000000 4.2109375
-73.4374924 -203.8750000 4.1914062
-73.5624924 -203.2500000 4.2031250
-73.7499924 -203.5000000 4.2109375
-73.3124924 -204.7500000 4.1875000
-73.5624924 -204.8750000 4.1992188
-73.1874924 -205.2500000 4.1953125
-73.2499924 -204.8750000 4.1992188
-73.1874924 -205.3750000 4.1953125
-73.0624924 -205.8750000 4.1875000
-73.2499924 -205.5000000 4.2031250
-73.0624924 -206.8750000 4.2031250
-73.4999924 -206.1250000 4.2031250
-73.3124924 -205.7500000 4.2070312
-73.4999924 -206.3750000 4.2109375
-73.0624924 -206.0000000 4.1953125
-73.3124924 -207.5000000 4.2187500
-72.9374924 -206.3750000 4.2148438
-73.2499924 -207.8750000 4.2226562
-73.3749924 -206.7500000 4.2109375
-72.7499924 -207.2500000 4.2031250
-73.2499924 -208.3750000 4.2226562
-72.9374924 -208.5000000 4.2070312
-73.1874924 -209.1250000 4.2304688
-72.9374924 -207.7500000 4.2148438
-72.8749924 -209.8750000 4.2265625
-73.0624924 -209.7500000 4.2343750
-72.7499924 -209.7500000 4.2382812
-72.9999924 -210.3750000 4.2382812
-72.9999924 -210.2500000 4.2382812
-73.3749924 -209.8750000 4.2460938
-73.4999924 -209.5000000 4.2617188
-73.2499924 -209.8750000 4.2421875
-73.2499924 -210.6250000 4.2421875
-72.9374924 -212.0000000 4.2656250
-73.3749924 -212.7500000 4.2890625
-73.3749924 -211.5000000 4.2812500
-72.9999924 -213.0000000 4.3007812
-72.8749924 -213.3750000 4.3125000
-72.8124924 -212.8750000 4.2851562
-72.8124924 -213.7500000 4.2968750
-72.5624924 -215.1250000 4.3398438
-72.6874924 -213.6250000 4.3046875
-72.6249924 -215.2500000 4.3593750
-72.5624924 -215.7500000 4.3593750
-72.8124924 -215.2500000 4.3398438
-72.6874924 -215.1250000 4.3437500
-72.6874924 -216.0000000 4.3710938
-72.6874924 -216.8750000 4.3867188
-72.9999924 -217.0000000 4.3984375
-72.3124924 -216.2500000 4.3750000
-72.6249924 -217.3750000 4.4140625
-72.6249924 -217.2500000 4.3867188
-72.5624924 -218.2500000 4.4218750
-72.3749924 -218.8750000 4.4375000
-72.5624924 -219.0000000 4.4414062
-72.4374924 -218.2500000 4.4335938
-72.3124924 -219.2500000 4.4453125
-72.3124924 -219.3750000 4.4414062
-72.1874924 -220.6250000 4.4765625
-72.3749924 -220.8750000 4.4687500
-72.2499924 -220.5000000 4.4687500
-71.9999924 -220.7500000 4.4765625
-72.1874924 -220.6250000 4.4687500
-72.4374924 -221.7500000 4.4960938
-71.8749924 -222.5000000 4.5273438
-71.9999924 -222.6250000 4.5234375
-72.3124924 -222.1250000 4.5117188
-72.0624924 -221.3750000 4.4960938
-71.9999924 -223.1250000 4.5390625
-71.8749924 -222.3750000 4.5195312
-71.9374924 -222.7500000 4.5312500
-72.2499924 -224.1250000 4.5625000
-72.3749924 -223.0000000 4.5312500
-72.1249924 -224.5000000 4.5664062
-71.8749924 -226.5000000 4.5937500
-72.4999924 -223.8750000 4.5585938
-71.8124924 -225.0000000 4.5664062
-71.8749924 -226.6250000 4.5937500
-71.8749924 -227.5000000 4.6132812
-71.8124924 -225.6250000 4.5820312
-71.9999924 -227.3750000 4.5976562
-71.9374924 -226.0000000 4.5820312
-71.8124924 -228.5000000 4.6132812
-71.8124924 -227.6250000 4.6054688
-71.9374924 -227.3750000 4.5976562
-71.4999924 -228.7500000 4.6132812
-71.9374924 -228.2500000 4.6132812
-71.7499924 -227.6250000 4.6054688
-71.9374924 -228.8750000 4.6328125
-71.9374924 -228.7500000 4.6210938
-71.8124924 -229.7500000 4.6250000
-72.0624924 -231.5000000 4.6562500
-71.6249924 -230.7500000 4.6406250
-71.7499924 -232.5000000 4.6640625
-71.7499924 -231.3750000 4.6562500
-71.7499924 -231.1250000 4.6484375
-71.6874924 -231.2500000 4.6601562
-71.6249924 -231.6250000 4.6679688
-71.6874924 -230.8750000 4.6484375
-71.9374924 -232.3750000 4.6679688
-72.7499924 -231.8750000 4.6484375
-71.9374924 -233.8750000 4.6718750
-71.8749924 -232.6250000 4.6601562
-72.2499924 -231.8750000 4.6484375
-71.8124924 -233.2500000 4.6640625
-71.9374924 -233.7500000 4.6523438
-71.6874924 -232.6250000 4.6601562
-71.7499924 -231.5000000 4.6445312
-71.9374924 -234.7500000 4.6601562
-71.9999924 -234.0000000 4.6718750
-72.3124924 -233.7500000 4.6640625
-71.9374924 -234.0000000 4.6679688
-71.9374924 -235.1250000 4.6835938
-72.1249924 -233.7500000 4.6601562
-71.9374924 -234.8750000 4.6875000
-72.0624924 -234.2500000 4.6718750
-71.8749924 -235.2500000 4.6875000
-71.9374924 -236.6250000 4.7031250
-71.8749924 -235.1250000 4.6757812
-71.9374924 -237.2500000 4.7070312
-71.8749924 -236.7500000 4.6796875
-72.0624924 -237.8750000 4.6953125
-72.2499924 -237.3750000 4.7031250
-71.9999924 -238.2500000 4.6953125
-72.1249924 -238.6250000 4.7070312
-72.1874924 -238.7500000 4.6875000
-72.2499924 -238.5000000 4.7109375
-72.1874924 -238.7500000 4.7148438
-72.1874924 -239.2500000 4.6914062
-72.1249924 -239.0000000 4.6992188
-72.0624924 -239.2500000 4.6953125
-72.2499924 -240.7500000 4.7148438
-72.4374924 -241.2500000 4.7343750
-72.3124924 -239.3750000 4.7031250
-72.0624924 -241.6250000 4.7226562
-72.0624924 -240.0000000 4.6875000
-72.0624924 -241.2500000 4.7031250
-72.1249924 -240.8750000 4.7109375
-72.1874924 -240.6250000 4.6914062
-72.2499924 -241.2500000 4.6875000
-72.3124924 -241.0000000 4.6875000
-72.4374924 -242.6250000 4.7070312
-72.3124924 -241.8750000 4.7382812
-72.4999924 -240.2500000 4.7148438
-72.2499924 -240.8750000 4.7304688
-71.9999924 -242.2500000 4.7226562
-72.3749924 -243.0000000 4.7070312
-72.3124924 -244.1250000 4.6875000
-72.3124924 -244.1250000 4.6953125
-71.8749924 -243.0000000 4.6953125
-72.1874924 -245.2500000 4.6992188
-72.4374924 -244.0000000 4.7148438
-72.1874924 -245.3750000 4.7265625
-72.2499924 -244.7500000 4.6992188
-72.1874924 -244.8750000 4.6992188
-72.3124924 -246.5000000 4.7148438
-72.2499924 -248.1250000 4.7109375
-72.2499924 -247.0000000 4.7070312
-72.3749924 -245.3750000 4.7070312
-72.2499924 -247.0000000 4.7148438
-72.1874924 -246.7500000 4.6992188
-72.1874924 -246.3750000 4.7109375
-72.3124924 -247.5000000 4.7226562
-72.4374924 -247.5000000 4.7187500
-71.9999924 -248.1250000 4.7265625
-72.3124924 -248.6250000 4.7148438
-72.0624924 -249.1250000 4.7109375
-72.1249924 -250.1250000 4.7148438
-72.1249924 -250.1250000 4.6992188
-71.9999924 -250.1250000 4.6914062
-72.1874924 -250.3750000 4.6875000
-72.5624924 -250.8750000 4.6718750
-72.4374924 -250.1250000 4.6835938
-72.1874924 -250.6250000 4.6835938
-72.2499924 -251.8750000 4.6875000
-72.3749924 -251.8750000 4.6757812
-72.1874924 -251.3750000 4.6796875
-71.9999924 -251.8750000 4.6875000
-72.6249924 -251.8750000 4.6718750
-71.9999924 -252.5000000 4.6835938
-72.1249924 -252.5000000 4.6992188
-72.2499924 -252.5000000 4.6875000
-71.9999924 -252.6250000 4.6914062
-72.4999924 -252.3750000 4.6835938
-72.1874924 -252.3750000 4.6875000
-72.3749924 -253.1250000 4.6953125
-72.6249924 -254.8750000 4.6875000
-72.4374924 -255.5000000 4.6875000
-72.6874924 -255.8750000 4.6875000
-72.6874924 -257.7500000 4.6757812
-72.8124924 -256.2500000 4.6875000
-72.9374924 -257.0000000 4.6914062
-72.4374924 -256.2500000 4.6875000
-73.1249924 -258.0000000 4.6679688
-72.9374924 -258.7500000 4.6640625
-72.9374924 -257.7500000 4.6679688
-73.3124924 -259.2500000 4.6601562
-73.4999924 -254.8750000 4.6796875
-73.4374924 -259.2500000 4.6679688
-73.3749924 -260.0000000 4.6640625
-73.2499924 -259.7500000 4.6757812
-73.4374924 -259.7500000 4.6679688
-73.4374924 -260.2500000 4.6757812
-73.5624924 -260.5000000 4.6875000
-73.6249924 -261.2500000 4.6601562
-73.6249924 -261.0000000 4.6640625
-73.6874924 -261.0000000 4.6679688
-73.6874924 -262.0000000 4.6640625
-74.1874924 -262.5000000 4.6757812
-73.9999924 -262.0000000 4.6796875
-74.0624924 -263.2500000 4.6562500
-74.2499924 -263.2500000 4.6523438
-74.1874924 -263.5000000 4.6484375
-74.6874924 -263.5000000 4.6484375
-74.3124924 -263.7500000 4.6484375
-74.8124924 -264.2500000 4.6484375
-74.6874924 -264.5000000 4.6328125
-74.9999924 -264.2500000 4.6601562
-74.5624924 -264.5000000 4.6328125
-73.8124924 -264.5000000 4.6250000
-74.6249924 -264.7500000 4.6523438
-74.2499924 -264.7500000 4.6328125
-74.8124924 -265.0000000 4.6406250
-74.9374924 -265.7500000 4.6210938
-74.8749924 -265.7500000 4.6171875
-74.5624924 -266.5000000 4.6054688
-74.4374924 -265.0000000 4.6054688
-74.8749924 -266.0000000 4.5976562
-74.9999924 -266.0000000 4.6093750
-74.9374924 -266.2500000 4.6054688
-75.1874924 -265.5000000 4.6171875
-75.2499924 -266.0000000 4.6054688
-75.1874924 -266.7500000 4.5976562
-74.6249924 -266.7500000 4.6015625
-74.7499924 -266.5000000 4.5937500
-75.0624924 -267.2500000 4.5937500
-74.9999924 -267.5000000 4.6015625
-75.1874924 -267.5000000 4.5898438
-74.9374924 -268.7500000 4.5937500
-75.2499924 -268.7500000 4.5937500
-75.0624924 -268.5000000 4.5781250
-75.3124924 -269.5000000 4.5898438
-75.0624924 -270.0000000 4.5781250
-75.3124924 -270.7500000 4.5703125
-75.4374924 -270.0000000 4.5820312
-75.2499924 -270.2500000 4.5625000
-74.6874924 -270.2500000 4.5742188
-75.1874924 -270.5000000 4.5625000
-75.1249924 -271.2500000 4.5468750
-75.6874924 -270.5000000 4.5664062
-75.3124924 -270.5000000 4.5585938
-76.1249924 -271.0000000 4.5585938
-75.7499924 -271.0000000 4.5625000
-75.9374924 -271.7500000 4.5625000
-75.9374924 -272.0000000 4.5664062
-76.0624924 -271.7500000 4.5625000
-76.4374924 -273.2500000 4.5625000
-76.3749924 -273.7500000 4.5625000
-76.3124924 -272.7500000 4.5703125
-76.5624924 -272.7500000 4.5781250
-76.8124924 -274.0000000 4.5703125
-77.0624924 -274.2500000 4.5625000
-77.1249924 -274.2500000 4.5664062
-77.4999924 -275.0000000 4.5625000
-77.4999924 -274.2500000 4.5898438
-77.9374924 -275.2500000 4.5585938
-77.6874924 -275.0000000 4.5781250
-78.1249924 -276.0000000 4.5703125
-78.3124924 -276.2500000 4.5585938
-78.3124924 -276.5000000 4.5703125
-78.5624924 -277.0000000 4.5585938
-78.7499924 -277.5000000 4.5585938
-79.0624924 -278.0000000 4.5429688
-78.9999924 -278.0000000 4.5390625
-80.0624924 -279.5000000 4.5195312
-79.1249924 -278.2500000 4.5468750
-79.8749924 -279.2500000 4.5273438
-80.7499924 -279.7500000 4.5390625
-80.6249924 -280.5000000 4.4960938
-80.2499924 -280.0000000 4.5156250
-79.3124924 -278.5000000 4.5234375
-79.9374924 -279.5000000 4.5000000
-80.3749924 -280.5000000 4.4960938
-80.2499924 -280.2500000 4.5000000
-80.3749924 -280.5000000 4.4921875
-80.6874924 -280.5000000 4.4960938
-80.3749924 -280.5000000 4.4960938
-80.9999924 -281.0000000 4.4843750
-81.2499924 -281.7500000 4.4687500
-81.4374924 -281.5000000 4.4726562
-81.6249924 -282.0000000 4.4492188
-82.1874924 -282.5000000 4.4570312
-82.4999924 -282.7500000 4.4531250
-82.8749924 -282.7500000 4.4531250
-83.1249924 -282.2500000 4.4570312
-82.6874924 -283.0000000 4.4375000
-83.1874924 -282.2500000 4.4296875
-83.8749924 -282.5000000 4.4296875
-83.4374924 -282.5000000 4.4453125
-83.9374924 -282.5000000 4.4296875
-84.4999924 -283.0000000 4.3828125
-84.4374924 -282.5000000 4.4335938
-85.6874924 -283.0000000 4.4335938
-85.4374924 -283.2500000 4.3984375
-85.9999924 -283.0000000 4.4140625
-86.3749924 -283.2500000 4.4960938
-86.2499924 -283.5000000 4.4960938
-87.5624924 -283.5000000 4.4921875
-90.3749924 -288.0000000 4.5625000
-88.3749924 -283.0000000 4.4960938
-91.0624924 -289.7500000 4.5625000
-89.1249924 -282.5000000 4.4843750
-91.3749924 -290.2500000 4.5507812
-89.1249924 -284.0000000 4.5546875
-94.4999924 -300.0000000 4.6640625
-88.9374924 -283.5000000 4.4921875
-90.4999924 -282.2500000 4.4257812
-90.6874924 -282.0000000 4.4218750
-90.1874924 -282.7500000 4.4492188
-90.6249924 -282.2500000 4.4687500
-91.4999924 -282.2500000 4.4960938
-90.9999924 -282.0000000 4.4726562
-92.3749924 -282.0000000 4.4570312
-91.9999924 -281.7500000 4.4687500
-92.4999924 -281.5000000 4.4570312
-92.3124924 -281.0000000 4.4453125
-93.1874924 -281.2500000 4.4570312
-92.1249924 -280.7500000 4.4414062
-93.1249924 -281.2500000 4.4375000
-93.6874924 -281.5000000 4.4492188
-93.3124924 -281.0000000 4.4453125
-94.1249924 -281.5000000 4.4531250
-95.3749924 -281.5000000 4.4609375
-95.4999924 -281.2500000 4.4687500
-95.8749924 -281.7500000 4.4531250
-95.4374924 -281.0000000 4.4570312
-96.1249924 -281.0000000 4.4609375
-95.8124924 -281.2500000 4.4570312
-96.8749924 -281.0000000 4.4609375
-96.9999924 -281.5000000 4.4531250
-96.1874924 -281.7500000 4.4453125
-96.4374924 -281.5000000 4.4570312
-96.9374924 -281.5000000 4.4609375
-98.0624924 -281.2500000 4.4570312
-97.4999924 -280.7500000 4.4414062
-97.3124924 -281.5000000 4.4531250
-97.6249924 -281.2500000 4.4531250
-97.5624924 -281.2500000 4.4335938
-98.0624924 -281.7500000 4.4609375
-98.5624924 -281.5000000 4.4687500
-99.8124924 -281.0000000 4.4804688
-99.4374924 -280.0000000 4.4882812
-99.9374924 -281.5000000 4.4726562
-100.2499924 -280.7500000 4.4687500
-102.1249924 -281.7500000 4.4375000
-100.3124924 -282.2500000 4.4257812
-100.5624924 -281.7500000 4.4218750
-101.5624924 -281.7500000 4.4062500
-101.6249924 -282.5000000 4.4140625
-102.9999924 -282.2500000 4.4140625
-102.3124924 -282.2500000 4.4062500
-102.5624924 -282.0000000 4.4140625
-102.4374924 -281.5000000 4.4257812
-103.1874924 -281.5000000 4.4335938
-103.0624924 -281.7500000 4.4218750
-103.3749924 -281.7500000 4.4492188
-103.6249924 -282.0000000 4.4179688
-103.9999924 -281.7500000 4.4375000
-104.3749924 -281.7500000 4.4375000
-105.0624924 -281.7500000 4.4218750
-104.4999924 -282.0000000 4.4257812
-105.8749924 -281.7500000 4.4296875
-105.8124924 -281.7500000 4.4414062
-104.9999924 -282.0000000 4.4257812
-105.9374924 -282.0000000 4.4375000
-105.8749924 -282.0000000 4.4335938
-106.2499924 -282.0000000 4.4453125
-106.0624924 -281.7500000 4.4296875
-106.4374924 -281.7500000 4.4296875
-106.9374924 -282.2500000 4.4335938
-107.0624924 -282.5000000 4.4531250
-107.4999924 -282.7500000 4.4296875
-108.8749924 -283.5000000 4.3867188
-108.0624924 -283.0000000 4.4062500
-109.6874924 -284.0000000 4.3945312
-108.9374924 -283.5000000 4.4296875
-109.3749924 -284.0000000 4.4023438
-110.0624924 -284.7500000 4.3945312
-110.6874924 -285.2500000 4.3867188
-111.1249924 -285.7500000 4.4257812
-111.4999924 -286.5000000 4.4023438
-111.4374924 -285.2500000 4.4296875
-111.9374924 -286.0000000 4.4062500
-112.1874924 -285.2500000 4.4414062
-112.6249924 -286.5000000 4.4101562
-112.1874924 -286.0000000 4.4101562
-112.1874924 -286.2500000 4.4453125
-111.9374924 -285.7500000 4.4023438
-112.6249924 -287.2500000 4.3867188
-112.0624924 -286.5000000 4.3984375
-112.0624924 -286.5000000 4.3984375
-112.3124924 -287.0000000 4.3945312
-112.0624924 -286.2500000 4.4023438
-112.3124924 -286.5000000 4.4140625
-112.4999924 -287.0000000 4.3984375
-112.4999924 -287.2500000 4.3867188
-112.9374924 -288.0000000 4.3984375
-113.0624924 -287.7500000 4.4062500
-112.1249924 -287.0000000 4.4101562
-112.9999924 -288.2500000 4.3945312
-113.2499924 -288.7500000 4.3945312
-113.0624924 -288.2500000 4.4062500
-112.6249924 -287.7500000 4.3867188
-112.9999924 -288.2500000 4.3945312
-113.3124924 -288.5000000 4.4023438
-113.3749924 -288.0000000 4.4101562
-113.6249924 -289.0000000 4.4218750
-114.2499924 -289.7500000 4.4023438
-114.2499924 -289.5000000 4.4023438
-114.6249924 -290.0000000 4.4101562
-114.6874924 -290.0000000 4.4101562
-114.9999924 -291.2500000 4.4257812
-115.1874924 -291.5000000 4.4218750
-115.2499924 -291.0000000 4.4101562
-115.4999924 -291.5000000 4.4218750
-115.2499924 -291.2500000 4.4101562
-115.4999924 -291.7500000 4.4179688
-115.4374924 -291.7500000 4.4218750
-115.6249924 -292.2500000 4.4179688
-115.4999924 -293.0000000 4.4492188
-115.9374924 -294.5000000 4.4453125
-116.1249924 -294.5000000 4.4414062
-115.9999924 -293.7500000 4.4492188
-115.9374924 -294.0000000 4.4492188
-115.8749924 -294.0000000 4.4414062
-116.1874924 -295.0000000 4.4609375
-116.2499924 -295.0000000 4.4609375
-116.4999924 -295.7500000 4.4726562
-116.3749924 -296.5000000 4.4765625
-116.6249924 -296.0000000 4.4726562
-116.5624924 -297.2500000 4.4687500
-116.4999924 -296.2500000 4.4687500
-116.6249924 -297.0000000 4.4843750
-116.6874924 -297.5000000 4.4726562
-116.3749924 -296.2500000 4.4804688
-116.6874924 -297.7500000 4.4804688
-116.7499924 -297.2500000 4.4804688
-116.9999924 -299.2500000 4.4921875
-117.0624924 -298.7500000 4.5000000
-116.9374924 -299.5000000 4.4882812
-117.0624924 -300.2500000 4.5000000
-116.9374924 -299.2500000 4.4843750
-117.1874924 -300.2500000 4.4882812
-117.3124924 -300.7500000 4.4843750
-117.2499924 -301.7500000 4.4804688
-117.0624924 -299.7500000 4.4843750
-117.3124924 -300.5000000 4.4882812
-117.4374924 -301.5000000 4.4843750
-117.3749924 -301.2500000 4.4726562
-117.4999924 -301.2500000 4.4765625
-117.3749924 -301.5000000 4.4921875
-117.3749924 -302.0000000 4.4960938
-117.3749924 -301.0000000 4.4960938
-117.2499924 -301.7500000 4.5156250
-117.2499924 -303.2500000 4.5234375
-117.1249924 -302.7500000 4.5468750
-117.1874924 -303.2500000 4.5312500
-116.9374924 -302.7500000 4.5351562
-117.4374924 -303.5000000 4.5664062
-116.8124924 -304.0000000 4.5390625
-116.7499924 -304.2500000 4.5468750
-117.2499924 -304.5000000 4.5312500
-117.7499924 -304.5000000 4.5351562
-117.8749924 -303.7500000 4.5117188
-117.9999924 -304.7500000 4.4882812
-117.9999924 -304.7500000 4.4921875
-118.1249924 -305.5000000 4.4882812
-118.9999924 -306.5000000 4.4843750
-118.3749924 -306.0000000 4.4609375
-118.3124924 -307.0000000 4.5000000
-118.1249924 -306.5000000 4.5117188
-118.7499924 -307.7500000 4.5351562
-118.4999924 -307.2500000 4.5039062
-118.8749924 -307.0000000 4.4882812
-119.7499924 -308.2500000 4.5039062
-119.6874924 -308.2500000 4.4921875
-120.4374924 -309.0000000 4.4960938
-119.5624924 -308.2500000 4.4765625
-120.0624924 -309.0000000 4.4765625
-119.4999924 -308.2500000 4.4843750
-119.2499924 -307.7500000 4.4726562
-119.4999924 -308.2500000 4.4726562
-119.8124924 -308.7500000 4.4765625
-120.1874924 -309.2500000 4.4765625
-120.3749924 -309.2500000 4.4726562
-120.1874924 -309.5000000 4.4726562
-120.8749924 -309.7500000 4.4648438
-121.0624924 -309.7500000 4.4609375
-120.9374924 -309.5000000 4.4726562
-120.7499924 -310.2500000 4.4765625
-121.6874924 -310.5000000 4.4726562
-120.8124924 -310.0000000 4.4765625
-122.6874924 -311.2500000 4.4921875
-121.3124924 -310.5000000 4.4648438
-122.3749924 -311.5000000 4.4960938
-123.3749924 -312.5000000 4.5117188
-123.0624924 -312.2500000 4.4843750
-123.1249924 -312.2500000 4.4960938
-123.6249924 -312.5000000 4.4960938
-123.8124924 -312.5000000 4.5078125
-124.4999924 -314.0000000 4.5351562
-124.4374924 -313.2500000 4.5351562
-124.6874924 -313.7500000 4.5312500
-125.3124924 -313.7500000 4.5585938
-125.9374924 -314.2500000 4.5468750
-125.1874924 -314.0000000 4.5429688
-125.9999924 -314.0000000 4.5820312
-126.0624924 -314.2500000 4.5742188
-125.7499924 -314.2500000 4.5625000
-125.4999924 -313.7500000 4.5468750
-125.9999924 -314.7500000 4.5859375
-125.6874924 -314.2500000 4.5664062
-126.5624924 -315.0000000 4.6015625
-126.0624924 -314.7500000 4.5781250
-127.1249924 -315.7500000 4.6328125
-127.7499924 -316.0000000 4.6601562
-127.2499924 -315.7500000 4.6250000
-127.9999924 -316.2500000 4.6640625
-127.8749924 -316.2500000 4.6718750
-128.5000000 -316.5000000 4.7304688
-128.6250000 -317.0000000 4.7265625
-128.6250000 -316.7500000 4.7148438
-128.7500000 -316.5000000 4.7070312
-129.2500000 -317.2500000 4.7382812
-128.7500000 -317.2500000 4.7109375
-128.6250000 -316.7500000 4.7148438
-129.0000000 -317.0000000 4.7187500
-129.8750000 -317.5000000 4.7773438
-130.2500000 -318.2500000 4.8046875
-130.7500000 -318.5000000 4.8281250
-130.1250000 -318.7500000 4.7890625
-130.7500000 -318.7500000 4.8281250
-132.0000000 -320.2500000 4.9023438
-131.6250000 -319.2500000 4.8710938
-131.3750000 -319.7500000 4.8632812
-131.2500000 -320.0000000 4.8671875
-131.1250000 -319.7500000 4.8632812
-131.0000000 -319.7500000 4.8710938
-132.1250000 -320.5000000 4.9140625
-130.8750000 -319.5000000 4.8554688
-132.1250000 -320.7500000 4.8984375
-131.1250000 -320.0000000 4.8945312
-131.5000000 -320.5000000 4.9023438
-131.7500000 -320.2500000 4.8906250
-132.7500000 -320.7500000 4.9570312
-132.5000000 -321.7500000 4.9726562
-132.2500000 -320.5000000 4.9257812
-133.7500000 -322.2500000 5.0156250
-134.3750000 -322.2500000 5.0429688
-134.2500000 -323.2500000 5.0156250
-134.1250000 -322.7500000 5.0429688
-133.7500000 -322.2500000 5.0000000
-134.3750000 -322.7500000 5.0585938
-134.0000000 -322.7500000 5.0546875
-134.1250000 -322.0000000 5.0781250
-134.5000000 -322.5000000 5.0859375
-134.5000000 -322.2500000 5.0898438
-134.5000000 -322.7500000 5.1054688
-135.3750000 -324.5000000 5.1523438
-134.5000000 -323.5000000 5.0625000
-134.1250000 -322.0000000 5.0742188
-134.7500000 -322.7500000 5.1210938
-135.0000000 -322.7500000 5.1445312
-134.6250000 -321.7500000 5.1367188
-134.8750000 -322.0000000 5.1171875
-134.2500000 -322.2500000 5.1054688
-134.7500000 -322.7500000 5.1367188
-134.7500000 -322.7500000 5.1367188
-134.6250000 -323.7500000 5.1210938
-135.3750000 -324.0000000 5.1640625
-135.0000000 -325.2500000 5.1367188
-134.2500000 -325.5000000 5.1132812
-135.0000000 -326.0000000 5.1289062
-134.8750000 -326.7500000 5.1132812
-134.7500000 -326.7500000 5.1171875
-135.7500000 -326.5000000 5.1445312
-135.8750000 -327.2500000 5.1523438
-136.2500000 -327.2500000 5.1718750
-135.6250000 -326.7500000 5.1328125
-135.7500000 -327.0000000 5.1484375
-135.6250000 -327.2500000 5.1406250
-136.1250000 -328.2500000 5.1562500
-136.0000000 -327.7500000 5.1718750
-136.2500000 -328.2500000 5.1718750
-136.3750000 -329.0000000 5.1523438
-136.5000000 -328.2500000 5.1640625
-136.2500000 -328.7500000 5.1601562
-136.6250000 -329.2500000 5.1757812
-136.5000000 -329.2500000 5.1796875
-136.7500000 -329.2500000 5.1796875
-137.1250000 -329.0000000 5.1875000
-136.5000000 -330.0000000 5.1679688
-136.1250000 -329.5000000 5.1562500
-137.2500000 -330.0000000 5.1914062
-135.8750000 -330.5000000 5.1757812
-135.8750000 -331.0000000 5.1718750
-137.2500000 -332.0000000 5.2031250
-137.3750000 -332.0000000 5.1757812
-136.8750000 -330.7500000 5.1445312
-137.5000000 -331.2500000 5.1445312
-137.7500000 -331.0000000 5.1210938
-137.3750000 -331.5000000 5.0859375
-137.7500000 -331.5000000 5.1171875
-137.1250000 -331.2500000 5.1132812
-137.3750000 -331.7500000 5.1171875
-137.1250000 -331.7500000 5.0976562
-137.6250000 -332.0000000 5.0898438
-138.0000000 -331.7500000 5.0859375
-137.7500000 -333.0000000 5.0820312
-137.5000000 -333.2500000 5.1054688
-138.3750000 -333.7500000 5.1250000
-139.1250000 -334.5000000 5.1289062
-139.1250000 -335.0000000 5.1445312
-139.5000000 -335.2500000 5.1484375
-139.6250000 -335.0000000 5.1679688
-140.2500000 -335.0000000 5.1679688
-140.3750000 -335.5000000 5.1757812
-139.8750000 -335.2500000 5.1640625
-141.0000000 -335.7500000 5.1796875
-141.2500000 -335.7500000 5.1875000
-140.7500000 -336.2500000 5.1992188
-141.2500000 -337.0000000 5.1914062
-140.7500000 -336.7500000 5.1835938
-141.5000000 -336.2500000 5.2031250
-141.8750000 -337.0000000 5.1953125
-141.5000000 -336.7500000 5.2070312
-141.8750000 -336.7500000 5.1953125
-142.6250000 -336.7500000 5.1992188
-142.5000000 -336.7500000 5.1953125
-142.7500000 -337.0000000 5.1992188
-143.2500000 -337.0000000 5.2031250
-142.6250000 -337.2500000 5.2070312
-143.8750000 -337.0000000 5.2148438
-143.7500000 -337.0000000 5.2226562
-144.3750000 -336.7500000 5.2382812
-144.2500000 -336.5000000 5.2304688
-145.7500000 -337.5000000 5.2695312
-146.5000000 -337.2500000 5.2851562
-146.3750000 -337.7500000 5.2968750
-146.6250000 -337.7500000 5.2968750
-147.0000000 -338.0000000 5.3085938
-147.0000000 -338.7500000 5.3242188
-149.1250000 -339.2500000 5.3554688
-148.8750000 -339.0000000 5.3593750
-149.0000000 -339.5000000 5.3632812
-149.3750000 -339.0000000 5.3554688
-148.1250000 -338.5000000 5.3046875
-149.5000000 -339.0000000 5.3281250
-147.8750000 -338.5000000 5.3164062
-149.1250000 -338.5000000 5.3281250
-149.3750000 -338.7500000 5.3281250
-150.3750000 -338.7500000 5.3437500
-150.0000000 -338.7500000 5.3203125
-149.0000000 -338.7500000 5.3320312
-148.3750000 -338.2500000 5.3046875
-150.2500000 -338.7500000 5.3437500
-149.6250000 -339.0000000 5.3437500
-148.2500000 -338.2500000 5.3164062
-149.3750000 -338.2500000 5.3359375
-148.8750000 -338.0000000 5.3398438
-149.1250000 -338.5000000 5.3281250
-150.6250000 -338.7500000 5.3476562
-148.6250000 -337.7500000 5.3125000
-150.1250000 -338.2500000 5.3437500
-149.7500000 -338.7500000 5.3281250
-148.5000000 -338.2500000 5.3007812
-151.6250000 -338.5000000 5.3593750
-153.7500000 -338.5000000 5.3828125
-152.5000000 -338.2500000 5.4218750
-153.2500000 -338.5000000 5.3867188
-153.5000000 -339.0000000 5.3789062
-154.3750000 -338.7500000 5.3867188
-155.5000000 -339.0000000 5.4023438
-154.7500000 -338.2500000 5.4335938
-154.0000000 -338.0000000 5.4179688
-155.1250000 -338.5000000 5.4375000
-155.7500000 -338.5000000 5.4140625
-156.8750000 -338.7500000 5.4140625
-157.8750000 -339.0000000 5.4257812
-156.8750000 -338.7500000 5.4296875
-156.8750000 -337.5000000 5.4023438
-158.0000000 -338.5000000 5.4414062
-156.8750000 -339.2500000 5.4375000
-157.8750000 -339.2500000 5.4296875
-158.2500000 -339.0000000 5.4296875
-156.8750000 -337.5000000 5.4375000
-158.2500000 -338.0000000 5.4492188
-158.0000000 -338.5000000 5.4492188
-158.5000000 -349.0000000 5.5781250
-159.2500000 -339.0000000 5.4687500
-158.7500000 -338.0000000 5.4648438
-158.8750000 -337.7500000 5.4218750
-159.6250000 -338.0000000 5.4687500
-159.5000000 -338.2500000 5.4960938
-159.7500000 -342.5000000 5.5000000
-161.2500000 -338.7500000 5.4765625
-159.3750000 -338.7500000 5.4492188
-160.5000000 -338.2500000 5.4570312
-161.1250000 -339.0000000 5.5390625
-162.7500000 -338.5000000 5.4765625
-160.5000000 -338.7500000 5.4609375
-162.1250000 -338.7500000 5.5507812
-165.7500000 -351.5000000 5.6914062
-163.5000000 -339.0000000 5.4843750
-163.3750000 -339.2500000 5.4843750
-162.7500000 -345.2500000 5.5585938
-162.3750000 -338.5000000 5.5039062
-162.7500000 -338.5000000 5.4414062
-164.7500000 -338.0000000 5.5039062
-162.5000000 -338.2500000 5.4687500
-164.0000000 -338.2500000 5.5078125
-164.8750000 -338.5000000 5.5000000
-163.5000000 -338.2500000 5.4726562
-164.2500000 -338.2500000 5.4960938
-163.6250000 -340.0000000 5.5429688
-165.1250000 -338.5000000 5.5039062
-167.3750000 -338.7500000 5.5156250
-165.6250000 -338.0000000 5.5156250
-166.2500000 -337.5000000 5.6015625
-168.0000000 -338.5000000 5.5312500
-168.5000000 -338.2500000 5.5273438
-167.6250000 -347.2500000 5.6796875
-166.7500000 -337.2500000 5.5468750
-167.2500000 -337.7500000 5.5664062
-167.8750000 -338.5000000 5.5273438
-167.8750000 -338.2500000 5.6132812
-166.5000000 -338.7500000 5.5039062
-167.7500000 -338.5000000 5.5351562
-167.2500000 -338.5000000 5.5273438
-168.3750000 -338.2500000 5.5312500
-169.5000000 -338.2500000 5.5390625
-168.5000000 -338.2500000 5.5390625
-167.7500000 -338.0000000 5.5390625
-169.0000000 -338.5000000 5.5234375
-169.8750000 -338.2500000 5.5507812
-169.0000000 -338.0000000 5.5742188
-169.6250000 -339.0000000 5.5781250
-169.5000000 -339.0000000 5.5585938
-169.6250000 -337.5000000 5.6171875
-170.2500000 -338.2500000 5.5937500
-171.0000000 -339.0000000 5.6875000
-172.2500000 -337.7500000 5.5898438
-172.2500000 -338.5000000 5.5859375
-171.2500000 -338.0000000 5.5703125
-172.0000000 -338.5000000 5.5937500
-172.8750000 -338.2500000 5.6054688
-172.3750000 -338.2500000 5.5898438
-174.1250000 -338.2500000 5.6328125
-174.1250000 -338.0000000 5.6093750
-175.8750000 -337.7500000 5.6640625
-174.8750000 -338.2500000 5.6250000
-174.7500000 -338.0000000 5.5976562
-174.8750000 -343.0000000 5.6914062
-175.5000000 -338.7500000 5.5976562
-176.5000000 -337.7500000 5.6953125
-176.2500000 -338.2500000 5.6171875
-178.3750000 -337.2500000 5.6718750
-180.6250000 -338.2500000 5.7695312
-177.7500000 -338.0000000 5.6250000
-178.8750000 -336.7500000 5.6757812
-179.8750000 -337.7500000 5.6484375
-178.8750000 -337.5000000 5.6796875
-179.0000000 -337.7500000 5.6953125
-180.5000000 -337.2500000 5.6679688
-179.7500000 -337.7500000 5.6757812
-178.3750000 -337.5000000 5.6640625
-181.6250000 -337.5000000 5.7539062
-181.8750000 -338.2500000 5.7500000
-180.3750000 -332.7500000 5.6484375
-180.2500000 -339.5000000 5.7187500
-181.6250000 -338.7500000 5.6601562
-182.8750000 -337.7500000 5.7812500
-185.0000000 -338.5000000 5.7539062
-184.1250000 -337.7500000 5.6562500
-182.6250000 -338.2500000 5.6445312
-182.5000000 -338.0000000 5.6875000
-184.5000000 -338.2500000 5.7187500
-184.8750000 -337.5000000 5.7968750
-183.0000000 -337.7500000 5.6601562
-182.6250000 -338.7500000 5.6718750
-184.0000000 -338.2500000 5.6640625
-186.6250000 -337.7500000 5.7343750
-185.7500000 -338.0000000 5.7890625
-184.5000000 -338.7500000 5.6562500
-185.6250000 -337.7500000 5.7109375
-184.1250000 -338.0000000 5.6796875
-187.2500000 -338.0000000 5.7539062
-185.5000000 -338.2500000 5.7226562
-187.6250000 -339.7500000 5.7968750
-186.3750000 -338.5000000 5.7304688
-186.7500000 -337.7500000 5.7539062
-187.1250000 -338.5000000 5.6875000
-187.5000000 -338.5000000 5.7148438
-188.6250000 -338.2500000 5.7617188
-190.0000000 -341.2500000 5.8398438
-189.5000000 -338.0000000 5.8164062
-190.6250000 -338.5000000 5.8125000
-190.8750000 -337.5000000 5.8007812
-189.7500000 -338.2500000 5.7617188
-189.1250000 -338.5000000 5.7500000
-193.0000000 -347.7500000 5.9335938
-190.7500000 -338.5000000 5.7890625
-189.2500000 -338.2500000 5.7148438
-189.5000000 -337.5000000 5.7382812
-193.3750000 -345.2500000 5.8945312
-191.0000000 -337.5000000 5.7382812
-190.0000000 -337.5000000 5.7343750
-190.1250000 -338.0000000 5.7265625
-191.8750000 -338.0000000 5.7929688
-191.5000000 -338.2500000 5.7812500
-191.1250000 -338.5000000 5.7851562
-191.2500000 -337.7500000 5.7968750
-193.8750000 -337.7500000 5.8281250
-191.8750000 -332.0000000 5.7539062
-195.3750000 -337.0000000 5.8125000
-195.8750000 -336.5000000 5.7734375
-193.7500000 -337.2500000 5.7578125
-193.6250000 -337.7500000 5.7539062
-194.3750000 -337.0000000 5.7929688
-194.8750000 -337.2500000 5.7968750
-195.6250000 -336.5000000 5.7812500
-194.7500000 -337.2500000 5.7890625
-194.5000000 -337.2500000 5.7851562
-196.0000000 -336.0000000 5.7656250
-196.2500000 -336.2500000 5.7734375
-195.8750000 -336.2500000 5.7500000
-195.8750000 -336.0000000 5.7070312
-195.7500000 -335.7500000 5.7265625
-195.5000000 -336.2500000 5.7382812
-195.2500000 -336.5000000 5.7539062
-196.0000000 -336.0000000 5.7578125
-196.8750000 -337.0000000 5.8007812
-197.1250000 -336.5000000 5.8281250
-196.6250000 -336.2500000 5.8320312
-197.3750000 -337.0000000 5.7929688
-197.5000000 -337.0000000 5.7851562
-198.0000000 -337.0000000 5.7812500
-198.3750000 -337.5000000 5.7382812
-198.0000000 -336.7500000 5.7031250
-197.6250000 -337.5000000 5.6718750
-197.7500000 -336.2500000 5.6289062
-198.5000000 -334.7500000 5.6132812
-198.6250000 -332.5000000 5.6367188
-199.6250000 -333.0000000 5.6406250
-199.2500000 -332.7500000 5.6679688
-199.0000000 -331.5000000 5.6835938
-198.8750000 -331.7500000 5.6875000
-199.8750000 -333.7500000 5.6523438
-198.7500000 -332.7500000 5.6210938
-198.2500000 -332.0000000 5.6484375
-198.5000000 -333.2500000 5.6445312
-197.7500000 -331.2500000 5.6679688
-198.0000000 -331.7500000 5.6796875
-198.2500000 -332.7500000 5.7031250
-198.7500000 -332.0000000 5.6992188
-198.7500000 -333.0000000 5.7070312
-201.0000000 -331.7500000 5.7500000
-198.5000000 -331.2500000 5.7304688
-198.2500000 -331.2500000 5.7539062
-197.7500000 -331.5000000 5.7578125
-198.0000000 -331.0000000 5.7578125
-197.0000000 -330.0000000 5.7539062
-197.3750000 -329.5000000 5.7890625
-197.3750000 -330.5000000 5.7851562
-197.0000000 -329.7500000 5.7929688
-197.8750000 -330.5000000 5.8085938
-198.1250000 -330.5000000 5.7695312
-197.6250000 -330.5000000 5.7773438
-198.1250000 -330.0000000 5.8007812
-197.2500000 -330.2500000 5.7773438
-197.1250000 -329.0000000 5.8007812
-197.5000000 -329.5000000 5.7929688
-197.3750000 -329.2500000 5.7890625
-198.0000000 -328.0000000 5.8085938
-196.8750000 -328.7500000 5.7734375
-197.0000000 -328.0000000 5.8046875
-197.1250000 -327.7500000 5.8007812
-195.2500000 -326.0000000 5.7578125
-195.5000000 -325.7500000 5.8007812
-195.3750000 -326.0000000 5.7968750
-195.5000000 -325.7500000 5.8046875
-194.3750000 -325.2500000 5.8164062
-195.0000000 -325.0000000 5.7695312
-194.5000000 -325.0000000 5.8476562
-194.6250000 -324.5000000 5.8242188
-194.6250000 -324.5000000 5.8046875
-193.8750000 -324.7500000 5.8007812
-193.5000000 -324.0000000 5.8046875
-194.3750000 -324.5000000 5.8125000
-193.5000000 -323.5000000 5.8046875
-193.8750000 -323.2500000 5.7656250
-193.2500000 -322.7500000 5.7734375
-194.3750000 -322.7500000 5.7578125
-193.1250000 -322.2500000 5.7734375
-192.8750000 -322.5000000 5.7617188
-193.1250000 -321.5000000 5.7421875
-192.0000000 -321.2500000 5.7695312
-193.3750000 -321.2500000 5.7187500
-192.8750000 -321.7500000 5.7382812
-192.6250000 -321.2500000 5.7109375
-192.7500000 -321.2500000 5.7265625
-191.6250000 -320.2500000 5.7109375
-191.8750000 -320.5000000 5.6875000
-191.6250000 -320.2500000 5.7031250
-191.6250000 -320.5000000 5.7031250
-191.2500000 -319.7500000 5.6875000
-191.0000000 -319.5000000 5.7109375
-190.2500000 -318.7500000 5.6914062
-190.3750000 -318.7500000 5.7226562
-190.7500000 -319.7500000 5.6992188
-190.0000000 -318.5000000 5.6914062
-190.1250000 -319.0000000 5.7187500
-189.8750000 -318.5000000 5.6992188
-190.0000000 -318.5000000 5.7109375
-190.0000000 -318.5000000 5.7226562
-189.5000000 -317.7500000 5.7109375
-189.3750000 -317.5000000 5.7187500
-189.2500000 -318.0000000 5.7148438
-189.0000000 -317.0000000 5.7226562
-189.2500000 -317.7500000 5.7070312
-188.5000000 -317.2500000 5.7031250
-188.8750000 -317.0000000 5.7031250
-189.0000000 -317.5000000 5.7148438
-188.8750000 -317.2500000 5.7187500
-188.3750000 -316.2500000 5.7109375
-188.7500000 -316.7500000 5.7031250
-188.1250000 -315.7500000 5.7226562
-188.5000000 -316.2500000 5.7226562
-187.7500000 -315.2500000 5.7382812
-187.5000000 -314.7500000 5.7460938
-187.5000000 -314.7500000 5.7343750
-187.5000000 -315.0000000 5.7265625
-187.6250000 -315.5000000 5.7343750
-187.6250000 -315.2500000 5.7460938
-187.3750000 -314.7500000 5.7460938
-187.6250000 -315.0000000 5.7539062
-187.1250000 -314.2500000 5.7695312
-187.5000000 -314.5000000 5.7500000
-187.0000000 -314.2500000 5.7656250
-186.8750000 -313.7500000 5.7656250
-186.3750000 -313.5000000 5.7851562
-186.3750000 -312.7500000 5.8125000
-186.6250000 -313.5000000 5.7929688
-186.6250000 -313.5000000 5.7773438
-186.6250000 -313.5000000 5.7617188
-186.5000000 -312.5000000 5.7578125
-187.2500000 -314.5000000 5.7539062
-185.8750000 -312.5000000 5.8007812
-186.1250000 -312.2500000 5.7968750
-188.5000000 -315.0000000 5.7460938
-185.8750000 -311.7500000 5.7656250
-186.1250000 -312.7500000 5.8125000
-186.0000000 -312.5000000 5.7968750
-185.3750000 -311.7500000 5.8359375
-185.7500000 -312.5000000 5.8164062
-184.5000000 -310.0000000 5.8632812
-184.7500000 -310.2500000 5.8593750
-183.7500000 -309.7500000 5.8828125
-184.5000000 -310.0000000 5.8632812
-183.2500000 -308.5000000 5.8945312
-183.8750000 -309.5000000 5.8906250
-183.6250000 -309.0000000 5.8945312
-182.1250000 -307.5000000 5.9257812
-183.1250000 -308.5000000 5.8945312
-181.7500000 -307.2500000 5.9218750
-182.2500000 -307.2500000 5.9296875
-181.8750000 -306.2500000 5.9375000
-181.7500000 -305.5000000 5.9218750
-181.2500000 -306.7500000 5.9296875
-181.1250000 -305.0000000 5.9687500
-180.5000000 -305.2500000 5.9687500
-180.8750000 -305.0000000 5.9687500
-179.5000000 -304.0000000 5.9804688
-180.1250000 -304.7500000 5.9804688
-180.7500000 -305.7500000 5.9531250
-180.8750000 -305.2500000 5.9765625
-180.0000000 -304.2500000 5.9882812
-179.6250000 -304.5000000 5.9960938
-179.2500000 -303.0000000 5.9921875
-179.5000000 -304.5000000 5.9765625
-180.1250000 -303.7500000 6.0000000
-178.8750000 -300.5000000 6.0273438
-178.7500000 -302.2500000 6.0156250
-178.0000000 -300.7500000 6.0156250
-179.0000000 -302.2500000 6.0234375
-178.2500000 -301.5000000 6.0429688
-178.8750000 -302.2500000 6.0234375
-179.1250000 -304.0000000 6.0078125
-178.0000000 -303.2500000 6.0234375
-178.0000000 -303.5000000 6.0078125
-179.3750000 -301.2500000 6.0117188
-177.7500000 -301.7500000 6.0117188
-177.5000000 -300.2500000 6.0312500
-178.1250000 -299.5000000 6.0546875
-178.3750000 -299.5000000 6.0312500
-177.2500000 -300.0000000 6.0273438
-177.1250000 -299.0000000 6.0390625
-177.0000000 -299.7500000 6.0273438
-176.8750000 -298.5000000 6.0351562
-176.7500000 -298.0000000 6.0117188
-176.5000000 -298.0000000 5.9921875
-176.0000000 -297.2500000 6.0234375
-176.5000000 -297.0000000 6.0000000
-175.5000000 -295.0000000 6.0585938
-176.8750000 -295.0000000 6.0078125
-176.2500000 -296.5000000 6.0351562
-175.7500000 -294.7500000 6.0351562
-176.0000000 -295.0000000 6.0078125
-176.6250000 -295.2500000 6.0312500
-176.0000000 -294.0000000 6.0195312
-176.1250000 -295.0000000 6.0312500
-175.1250000 -295.2500000 6.0468750
-175.7500000 -295.0000000 6.0351562
-176.2500000 -293.2500000 6.0507812
-176.7500000 -291.0000000 6.0429688
-176.3750000 -293.2500000 6.0585938
-177.2500000 -291.5000000 6.0742188
-176.8750000 -292.0000000 6.0273438
-176.8750000 -291.2500000 6.0742188
-176.6250000 -291.2500000 6.0507812
-176.3750000 -292.0000000 6.0390625
-177.0000000 -290.0000000 6.0546875
-176.3750000 -291.2500000 6.0351562
-176.7500000 -291.2500000 6.0390625
-177.2500000 -290.0000000 6.0625000
-176.8750000 -290.2500000 6.0507812
-176.6250000 -289.2500000 6.0429688
-177.0000000 -290.5000000 6.0312500
-176.6250000 -289.2500000 6.0039062
-176.1250000 -289.7500000 6.0234375
-177.3750000 -288.7500000 6.0078125
-177.2500000 -287.2500000 6.0507812
-177.7500000 -287.5000000 6.0390625
-177.5000000 -287.5000000 6.0156250
-177.5000000 -287.5000000 6.0390625
-177.7500000 -286.2500000 6.0429688
-177.2500000 -286.7500000 6.0507812
-177.6250000 -286.7500000 6.0156250
-177.7500000 -286.2500000 6.0195312
-177.2500000 -285.5000000 6.0273438
-177.3750000 -285.2500000 5.9882812
-177.7500000 -284.5000000 6.0234375
-177.7500000 -284.5000000 6.0156250
-177.8750000 -284.2500000 6.0156250
-177.8750000 -284.5000000 6.0156250
-178.1250000 -284.5000000 6.0078125
-177.7500000 -284.5000000 6.0273438
-178.1250000 -283.5000000 6.0273438
-177.6250000 -286.0000000 5.9765625
-177.2500000 -288.2500000 6.0117188
-177.3750000 -289.7500000 5.9726562
-177.6250000 -292.0000000 5.9726562
-177.6250000 -293.0000000 5.9531250
-177.0000000 -292.0000000 5.9414062
-176.0000000 -296.2500000 5.8398438
-172.3750000 -301.0000000 5.7617188
-149.3750000 -254.2500000 4.3398438
-165.0000000 -277.0000000 5.1992188
-128.3750000 -229.6250000 3.4472656
-56.7187424 -151.8750000 0.7207031
-49.4999924 -212.7500000 2.4375000
-152.7500000 -281.2500000 5.1406250
-183.6250000 -267.7500000 5.4804688
-184.7500000 -267.5000000 5.5156250
-168.1250000 -274.5000000 5.2851562
-183.2500000 -275.5000000 5.5546875
-189.2500000 -269.7500000 5.6640625
-190.3750000 -273.5000000 5.6484375
-189.2500000 -273.5000000 5.7070312
-182.7500000 -291.7500000 5.8945312
-179.1250000 -292.7500000 6.0390625
-177.6250000 -291.2500000 6.0195312
-178.0000000 -288.7500000 6.0234375
-177.6250000 -287.0000000 6.0078125
-177.6250000 -286.2500000 5.9843750
-179.3750000 -281.5000000 5.9023438
-178.5000000 -280.7500000 5.9140625
-179.1250000 -278.5000000 5.9296875
-179.0000000 -280.2500000 5.9492188
-179.0000000 -279.2500000 5.9843750
-178.5000000 -280.2500000 6.0156250
-178.1250000 -279.5000000 6.0429688
-177.5000000 -280.2500000 6.0000000
-178.0000000 -279.0000000 5.9960938
-177.6250000 -279.2500000 5.9882812
-177.6250000 -279.7500000 6.0117188
-177.8750000 -278.7500000 6.0039062
-177.6250000 -278.5000000 5.9921875
-177.3750000 -278.2500000 6.0156250
-177.7500000 -280.5000000 6.0312500
-178.1250000 -277.2500000 6.0195312
-177.7500000 -277.0000000 6.0273438
-178.2500000 -277.0000000 5.9960938
-178.2500000 -277.2500000 6.0312500
-179.1250000 -276.0000000 6.0078125
-179.2500000 -275.7500000 6.0039062
-179.1250000 -277.2500000 6.0000000
-179.2500000 -275.5000000 5.9843750
-178.8750000 -275.0000000 5.9804688
-179.2500000 -276.0000000 5.9882812
-178.7500000 -274.0000000 5.9687500
-178.7500000 -274.5000000 5.9882812
-178.6250000 -274.7500000 6.0234375
-178.6250000 -275.0000000 6.0156250
-178.6250000 -274.0000000 5.9960938
-178.7500000 -274.2500000 6.0273438
-178.3750000 -273.2500000 5.9687500
-178.3750000 -274.0000000 5.9804688
-178.8750000 -274.0000000 5.9882812
-179.0000000 -272.7500000 5.9765625
-179.0000000 -272.2500000 5.9882812
-179.6250000 -272.0000000 5.9843750
-179.8750000 -272.5000000 5.9804688
-179.3750000 -271.5000000 5.9609375
-179.5000000 -270.7500000 5.9609375
-180.1250000 -270.0000000 5.9414062
-179.5000000 -270.2500000 5.9531250
-180.1250000 -269.2500000 5.9335938
-179.6250000 -269.5000000 5.9492188
-179.8750000 -270.0000000 5.9531250
-180.7500000 -269.0000000 5.9492188
-181.0000000 -267.5000000 5.9257812
-181.1250000 -267.7500000 5.9140625
-180.6250000 -268.2500000 5.9218750
-180.7500000 -267.7500000 5.9179688
-181.1250000 -267.5000000 5.9101562
-181.3750000 -268.0000000 5.9062500
-181.6250000 -267.0000000 5.9023438
-181.7500000 -268.2500000 5.9101562
-181.8750000 -267.5000000 5.9179688
-182.0000000 -266.2500000 5.9023438
-182.7500000 -266.5000000 5.8867188
-182.8750000 -266.7500000 5.8632812
-182.7500000 -265.7500000 5.9062500
-182.7500000 -266.5000000 5.8593750
-183.0000000 -266.2500000 5.8945312
-182.6250000 -266.5000000 5.8945312
-183.6250000 -265.2500000 5.8750000
-183.3750000 -266.0000000 5.8710938
-183.6250000 -265.5000000 5.8945312
-184.0000000 -265.2500000 5.8554688
-184.0000000 -264.7500000 5.8750000
-184.1250000 -264.5000000 5.8750000
-184.5000000 -263.7500000 5.8710938
-184.3750000 -264.2500000 5.8593750
-185.1250000 -263.7500000 5.8554688
-185.2500000 -262.7500000 5.8554688
-185.5000000 -262.2500000 5.8281250
-186.0000000 -262.5000000 5.8476562
-185.6250000 -262.7500000 5.8398438
-186.2500000 -262.0000000 5.8281250
-185.8750000 -262.7500000 5.8320312
-185.6250000 -263.0000000 5.8320312
-185.7500000 -262.7500000 5.8515625
-186.1250000 -262.5000000 5.8242188
-186.6250000 -262.2500000 5.8125000
-186.5000000 -262.7500000 5.8164062
-186.2500000 -262.5000000 5.8242188
-185.5000000 -263.7500000 5.8359375
-185.5000000 -263.2500000 5.8554688
-186.7500000 -262.5000000 5.8203125
-186.6250000 -262.2500000 5.8085938
-187.1250000 -261.2500000 5.8046875
-187.5000000 -261.0000000 5.7695312
-187.0000000 -261.5000000 5.8203125
-187.3750000 -260.7500000 5.8203125
-187.3750000 -260.7500000 5.7929688
-187.6250000 -261.2500000 5.7968750
-188.5000000 -259.5000000 5.7968750
-188.8750000 -259.2500000 5.7812500
-187.5000000 -260.2500000 5.8125000
-189.3750000 -260.2500000 5.7695312
-189.8750000 -259.0000000 5.7734375
-189.2500000 -259.2500000 5.7578125
-189.2500000 -259.5000000 5.7617188
-188.8750000 -259.5000000 5.7656250
-190.5000000 -257.7500000 5.7265625
-190.5000000 -257.7500000 5.7109375
-190.0000000 -259.2500000 5.7031250
-190.1250000 -258.5000000 5.7343750
-191.2500000 -257.2500000 5.7031250
-192.0000000 -257.2500000 5.7187500
-191.6250000 -256.5000000 5.7070312
-192.1250000 -256.2500000 5.6992188
-192.8750000 -255.2500000 5.7031250
-192.7500000 -255.5000000 5.6992188
-191.8750000 -256.7500000 5.7187500
-192.2500000 -256.5000000 5.7148438
-193.7500000 -255.2500000 5.6757812
-192.8750000 -255.8750000 5.6953125
-193.7500000 -255.1250000 5.6757812
-192.1250000 -256.2500000 5.6992188
-192.7500000 -256.5000000 5.6992188
-195.6250000 -254.2500000 5.6445312
-193.6250000 -255.2500000 5.6640625
-194.1250000 -255.1250000 5.6718750
-195.1250000 -254.0000000 5.6562500
-195.3750000 -253.5000000 5.6523438
-195.8750000 -253.3750000 5.6523438
-196.2500000 -253.6250000 5.6406250
-199.1250000 -250.8750000 5.6171875
-197.0000000 -252.3750000 5.6562500
-196.5000000 -252.7500000 5.6328125
-197.3750000 -252.5000000 5.6250000
-198.2500000 -252.2500000 5.6289062
-198.0000000 -252.1250000 5.6250000
-199.2500000 -250.8750000 5.6484375
-198.6250000 -251.0000000 5.6132812
-199.5000000 -250.5000000 5.6406250
-199.7500000 -250.1250000 5.6250000
-199.2500000 -251.5000000 5.6210938
-198.7500000 -251.5000000 5.6171875
-200.0000000 -250.1250000 5.6171875
-200.0000000 -249.5000000 5.6367188
-198.0000000 -251.5000000 5.6367188
-199.1250000 -250.2500000 5.6523438
-199.7500000 -250.2500000 5.6328125
-198.1250000 -250.6250000 5.6679688
-199.2500000 -250.3750000 5.6523438
-199.5000000 -250.2500000 5.6445312
-200.0000000 -250.0000000 5.6523438
-201.1250000 -248.6250000 5.6289062
-201.2500000 -248.7500000 5.6406250
-200.5000000 -249.0000000 5.6289062
-200.2500000 -248.8750000 5.6328125
-203.1250000 -247.3750000 5.6054688
-203.0000000 -247.1250000 5.6171875
-202.6250000 -247.7500000 5.6093750
-203.0000000 -247.3750000 5.6210938
-203.3750000 -247.5000000 5.6015625
-203.7500000 -246.7500000 5.6054688
-202.0000000 -247.7500000 5.6171875
-203.2500000 -247.5000000 5.5937500
-202.2500000 -248.1250000 5.6093750
-203.1250000 -246.8750000 5.6132812
-203.8750000 -246.6250000 5.6132812
-204.0000000 -246.6250000 5.6015625
-203.2500000 -246.3750000 5.6132812
-204.2500000 -246.2500000 5.6015625
-204.3750000 -245.3750000 5.6054688
-204.2500000 -245.8750000 5.5976562
-204.1250000 -245.6250000 5.6054688
-204.3750000 -244.5000000 5.6054688
-204.3750000 -244.5000000 5.6015625
-204.6250000 -245.3750000 5.5781250
-204.3750000 -244.5000000 5.5859375
-204.0000000 -243.0000000 5.5937500
-204.6250000 -241.8750000 5.5820312
-204.6250000 -241.0000000 5.6289062
-204.8750000 -241.3750000 5.6562500
-204.8750000 -241.6250000 5.6328125
-204.6250000 -241.7500000 5.6445312
-204.5000000 -240.7500000 5.6328125
-205.0000000 -241.6250000 5.6289062
-204.7500000 -241.5000000 5.6289062
-204.1250000 -241.3750000 5.6484375
-204.5000000 -240.3750000 5.6406250
-205.1250000 -240.8750000 5.6484375
-205.6250000 -240.0000000 5.6601562
-205.3750000 -240.5000000 5.6484375
-205.3750000 -240.7500000 5.6367188
-204.8750000 -240.8750000 5.6250000
-205.0000000 -240.2500000 5.5859375
-204.7500000 -242.1250000 5.5585938
-204.3750000 -238.6250000 5.6054688
-204.6250000 -239.3750000 5.5937500
-204.8750000 -241.2500000 5.5976562
-205.0000000 -239.5000000 5.5937500
-204.3750000 -236.1250000 5.6132812
-204.7500000 -237.5000000 5.6054688
-205.0000000 -242.1250000 5.5976562
-204.6250000 -238.1250000 5.6054688
-203.8750000 -237.3750000 5.5976562
-204.1250000 -237.0000000 5.5976562
-204.6250000 -238.0000000 5.6601562
-204.1250000 -236.1250000 5.6484375
-203.7500000 -235.7500000 5.6445312
-204.6250000 -236.5000000 5.6523438
-204.7500000 -237.8750000 5.6171875
-204.5000000 -234.6250000 5.6445312
-204.1250000 -236.3750000 5.6367188
-204.7500000 -238.3750000 5.6132812
-204.5000000 -235.6250000 5.5976562
-204.2500000 -235.8750000 5.6132812
-205.5000000 -237.1250000 5.6015625
-204.8750000 -235.5000000 5.6132812
-205.5000000 -235.2500000 5.6445312
-206.2500000 -233.3750000 5.7187500
-205.1250000 -232.2500000 5.6875000
-205.8750000 -232.7500000 5.7187500
-205.5000000 -231.1250000 5.7265625
-204.8750000 -231.5000000 5.6796875
-204.8750000 -232.6250000 5.6835938
-204.6250000 -235.2500000 5.6171875
-204.6250000 -233.0000000 5.6171875
-204.5000000 -234.3750000 5.6132812
-204.8750000 -233.6250000 5.6093750
-205.0000000 -231.2500000 5.6796875
-204.3750000 -229.5000000 5.6718750
-204.3750000 -230.5000000 5.6562500
-204.5000000 -231.3750000 5.6132812
-204.5000000 -232.2500000 5.6132812
-205.1250000 -232.7500000 5.6328125
-204.6250000 -230.8750000 5.6445312
-205.2500000 -231.2500000 5.6640625
-205.1250000 -229.8750000 5.6914062
-205.7500000 -230.2500000 5.7226562
-205.1250000 -229.7500000 5.6992188
-205.2500000 -229.5000000 5.7109375
-204.7500000 -228.5000000 5.7148438
-205.3750000 -228.6250000 5.7226562
-205.6250000 -229.5000000 5.7109375
-204.3750000 -227.7500000 5.6640625
-204.5000000 -228.5000000 5.6601562
-204.3750000 -228.2500000 5.6406250
-204.6250000 -228.8750000 5.6445312
-204.7500000 -227.8750000 5.6484375
-205.1250000 -228.1250000 5.6835938
-204.7500000 -228.5000000 5.6992188
-205.1250000 -228.5000000 5.7304688
-204.6250000 -227.7500000 5.7109375
-204.8750000 -227.6250000 5.7187500
-204.7500000 -227.8750000 5.7382812
-205.3750000 -228.6250000 5.7187500
-204.7500000 -228.2500000 5.6875000
-204.8750000 -228.3750000 5.6562500
-205.6250000 -230.5000000 5.6796875
-204.6250000 -226.2500000 5.6601562
-204.8750000 -227.3750000 5.6640625
-204.3750000 -226.6250000 5.6953125
-204.2500000 -227.0000000 5.6406250
-204.1250000 -227.0000000 5.6484375
-204.3750000 -226.2500000 5.6445312
-204.6250000 -226.1250000 5.6367188
-204.2500000 -226.2500000 5.6640625
-204.0000000 -225.5000000 5.6562500
-204.0000000 -225.7500000 5.6757812
-204.2500000 -225.2500000 5.6445312
-204.2500000 -224.7500000 5.6484375
-204.1250000 -224.6250000 5.6445312
-204.3750000 -225.6250000 5.6445312
-204.2500000 -223.8750000 5.6054688
-204.5000000 -222.8750000 5.5781250
-204.5000000 -223.7500000 5.5898438
-204.7500000 -222.5000000 5.5664062
-204.3750000 -222.6250000 5.5859375
-204.2500000 -222.2500000 5.5937500
-204.3750000 -223.1250000 5.6171875
-204.6250000 -223.0000000 5.5937500
-204.3750000 -222.2500000 5.6210938
-204.3750000 -222.2500000 5.6093750
-204.5000000 -221.2500000 5.5898438
-204.2500000 -222.2500000 5.6171875
-204.5000000 -221.2500000 5.5820312
-204.3750000 -222.0000000 5.5976562
-204.3750000 -221.0000000 5.5820312
-204.3750000 -220.3750000 5.5859375
-204.3750000 -220.6250000 5.5742188
-204.3750000 -218.6250000 5.5781250
-204.3750000 -218.8750000 5.5703125
-204.5000000 -218.8750000 5.5664062
-204.2500000 -218.2500000 5.5742188
-204.5000000 -217.3750000 5.5546875
-204.5000000 -217.2500000 5.5546875
-204.6250000 -216.3750000 5.5429688
-204.6250000 -216.8750000 5.5468750
-204.5000000 -216.0000000 5.5585938
-204.7500000 -217.2500000 5.5507812
-204.7500000 -215.7500000 5.5195312
-204.7500000 -216.5000000 5.5468750
-204.7500000 -214.3750000 5.5312500
-204.7500000 -216.2500000 5.5468750
-204.7500000 -214.1250000 5.5273438
-204.6250000 -214.7500000 5.5312500
-204.8750000 -214.2500000 5.5078125
-204.6250000 -214.3750000 5.5156250
-204.7500000 -213.1250000 5.5195312
-204.6250000 -211.8750000 5.5117188
-204.7500000 -212.1250000 5.5156250
-204.6250000 -212.1250000 5.5156250
-204.6250000 -212.5000000 5.5156250
-204.3750000 -212.1250000 5.5273438
-204.5000000 -210.6250000 5.4843750
-204.7500000 -210.8750000 5.4726562
-204.5000000 -209.5000000 5.4804688
-204.5000000 -207.5000000 5.4453125
-204.5000000 -210.8750000 5.4882812
-204.6250000 -209.0000000 5.4648438
-204.5000000 -209.5000000 5.4765625
-204.3750000 -205.8750000 5.3906250
-204.7500000 -207.8750000 5.4414062
-204.5000000 -208.1250000 5.4531250
-204.6250000 -210.0000000 5.4609375
-204.5000000 -209.2500000 5.4765625
-204.5000000 -207.5000000 5.4453125
-204.7500000 -209.7500000 5.4726562
-204.6250000 -206.0000000 5.3828125
-204.7500000 -206.3750000 5.4023438
-204.7500000 -206.3750000 5.4101562
-204.6250000 -205.6250000 5.3750000
-204.5000000 -208.6250000 5.4570312
-204.5000000 -209.3750000 5.4726562
-204.7500000 -208.7500000 5.4648438
-204.6250000 -207.0000000 5.4257812
-204.7500000 -206.2500000 5.4101562
-204.6250000 -205.8750000 5.4023438
-204.5000000 -206.0000000 5.4296875
-204.5000000 -206.3750000 5.4218750
-204.5000000 -206.6250000 5.4453125
-204.3750000 -204.8750000 5.4023438
-204.6250000 -205.2500000 5.4179688
-204.5000000 -205.5000000 5.4140625
-204.5000000 -202.8750000 5.3515625
-204.6250000 -203.8750000 5.3750000
-204.5000000 -203.8750000 5.3593750
-204.6250000 -203.5000000 5.3554688
-204.5000000 -204.0000000 5.3593750
-204.5000000 -202.1250000 5.3320312
-204.5000000 -204.1250000 5.3554688
-204.5000000 -203.2500000 5.3359375
-204.6250000 -204.3750000 5.3632812
-204.6250000 -201.8750000 5.3281250
-204.5000000 -202.7500000 5.3437500
-204.2500000 -202.1250000 5.3593750
-204.3750000 -202.6250000 5.3359375
-204.6250000 -201.2500000 5.3125000
-204.5000000 -200.5000000 5.2929688
-204.5000000 -200.8750000 5.3046875
-204.5000000 -200.8750000 5.3085938
-204.5000000 -200.7500000 5.3085938
-204.5000000 -201.0000000 5.3085938
-204.5000000 -197.8750000 5.2617188
-204.3750000 -199.2500000 5.2773438
-204.3750000 -198.3750000 5.2773438
-204.5000000 -198.5000000 5.2812500
-204.2500000 -197.2500000 5.2382812
-204.3750000 -195.8750000 5.2343750
-204.5000000 -199.5000000 5.2734375
-204.5000000 -196.5000000 5.2304688
-204.5000000 -197.0000000 5.2304688
-204.6250000 -199.7500000 5.2617188
-204.5000000 -196.8750000 5.2421875
-204.3750000 -197.1250000 5.2265625
-204.5000000 -194.3750000 5.1992188
-204.3750000 -195.7500000 5.2265625
-204.5000000 -193.8750000 5.1835938
-204.5000000 -194.8750000 5.2148438
-204.5000000 -193.8750000 5.1796875
-204.3750000 -193.3750000 5.1718750
-204.5000000 -193.1250000 5.1875000
-204.5000000 -195.3750000 5.2031250
-204.5000000 -192.2500000 5.1640625
-204.5000000 -193.6250000 5.1796875
-204.6250000 -193.7500000 5.1953125
-204.5000000 -193.5000000 5.1796875
-204.5000000 -192.1250000 5.1640625
-204.6250000 -191.2500000 5.1523438
-204.5000000 -189.7500000 5.1250000
-204.6250000 -191.0000000 5.1562500
-204.6250000 -190.0000000 5.1484375
-204.6250000 -190.2500000 5.1562500
-204.7500000 -192.0000000 5.1601562
-204.7500000 -190.6250000 5.1445312
-204.6250000 -191.8750000 5.1679688
-204.5000000 -192.3750000 5.2031250
-204.5000000 -190.6250000 5.1640625
-204.6250000 -189.8750000 5.1562500
-204.6250000 -191.5000000 5.1914062
-204.5000000 -191.3750000 5.1679688
-204.5000000 -191.2500000 5.1679688
-204.5000000 -189.7500000 5.1718750
-204.5000000 -189.3750000 5.1445312
-204.6250000 -187.7500000 5.1210938
-204.5000000 -188.1250000 5.1445312
-204.6250000 -185.6250000 5.0781250
-204.6250000 -186.8750000 5.1015625
-204.6250000 -186.2500000 5.1054688
-204.5000000 -188.3750000 5.1132812
-204.6250000 -188.0000000 5.0937500
-204.3750000 -186.7500000 5.0781250
-204.5000000 -185.8750000 5.0625000
-204.5000000 -186.3750000 5.0664062
-204.5000000 -186.8750000 5.0937500
-204.5000000 -186.3750000 5.0625000
-204.5000000 -185.5000000 5.0390625
-204.5000000 -184.5000000 5.0351562
-204.5000000 -184.3750000 5.0117188
-204.3750000 -183.1250000 5.0000000
-204.5000000 -182.2500000 4.9882812
-204.3750000 -183.6250000 5.0117188
-204.3750000 -181.7500000 4.9804688
-204.3750000 -181.2500000 4.9843750
-204.6250000 -182.3750000 4.9843750
-204.5000000 -181.3750000 4.9726562
-204.3750000 -179.8750000 4.9414062
-204.6250000 -181.3750000 4.9843750
-204.5000000 -181.0000000 4.9648438
-204.6250000 -181.3750000 4.9570312
-204.7500000 -181.0000000 4.9648438
-204.5000000 -179.8750000 4.9453125
-204.6250000 -180.3750000 4.9375000
-204.5000000 -179.5000000 4.9257812
-204.5000000 -179.8750000 4.9296875
-204.7500000 -178.8750000 4.9101562
-204.3750000 -179.1250000 4.9218750
-204.5000000 -178.7500000 4.9101562
-204.6250000 -180.1250000 4.9414062
-204.5000000 -178.7500000 4.9101562
-205.0000000 -178.5000000 4.9101562
-204.6250000 -178.7500000 4.9101562
-205.0000000 -178.6250000 4.9101562
-204.7500000 -177.5000000 4.8867188
-204.7500000 -179.0000000 4.9179688
-204.6250000 -178.2500000 4.8789062
-204.5000000 -178.0000000 4.8867188
-204.7500000 -178.0000000 4.8710938
-204.7500000 -177.0000000 4.8515625
-204.5000000 -177.1250000 4.8476562
-204.3750000 -175.5000000 4.8203125
-204.2500000 -176.5000000 4.8476562
-204.3750000 -175.2500000 4.8085938
-204.3750000 -175.1250000 4.8125000
-204.3750000 -173.5000000 4.7578125
-204.2500000 -174.0000000 4.7695312
-204.3750000 -173.0000000 4.7578125
-204.0000000 -173.1250000 4.7617188
-204.5000000 -173.5000000 4.7695312
-204.2500000 -173.0000000 4.7734375
-204.2500000 -173.0000000 4.7617188
-204.5000000 -172.5000000 4.7500000
-204.2500000 -172.1250000 4.7460938
-204.1250000 -172.5000000 4.7617188
-204.0000000 -170.7500000 4.7187500
-203.8750000 -171.0000000 4.7265625
-204.0000000 -170.3750000 4.6914062
-203.8750000 -171.5000000 4.7265625
-203.7500000 -170.3750000 4.7265625
-204.2500000 -169.6250000 4.6953125
-203.6250000 -169.6250000 4.6953125
-203.7500000 -169.6250000 4.7031250
-204.1250000 -170.5000000 4.7109375
-204.0000000 -170.2500000 4.7226562
-204.0000000 -167.2500000 4.6484375
-204.0000000 -166.1250000 4.6171875
-204.1250000 -168.8750000 4.6757812
-204.2500000 -168.2500000 4.6523438
-204.2500000 -166.1250000 4.6132812
-204.0000000 -167.7500000 4.6484375
-204.0000000 -167.0000000 4.6367188
-204.1250000 -167.0000000 4.6328125
-204.1250000 -167.2500000 4.6250000
-204.2500000 -168.1250000 4.6250000
-204.0000000 -168.0000000 4.6523438
-203.8750000 -167.2500000 4.6210938
-204.0000000 -168.1250000 4.6328125
-204.0000000 -168.2500000 4.6601562
-203.8750000 -164.5000000 4.5664062
-204.0000000 -164.8750000 4.5585938
-204.2500000 -165.0000000 4.5703125
-204.3750000 -164.8750000 4.5898438
-204.1250000 -162.1250000 4.5078125
-204.2500000 -163.6250000 4.5351562
-204.3750000 -164.1250000 4.5468750
-204.3750000 -163.6250000 4.5585938
-204.6250000 -166.1250000 4.5898438
-204.7500000 -162.2500000 4.5156250
-204.8750000 -163.3750000 4.5039062
-204.3750000 -164.1250000 4.5585938
-204.6250000 -161.6250000 4.5000000
-204.3750000 -162.1250000 4.5039062
-204.3750000 -160.1250000 4.4375000
-204.6250000 -161.3750000 4.4726562
-204.7500000 -162.3750000 4.5039062
-204.7500000 -160.8750000 4.4531250
-204.7500000 -159.6250000 4.4492188
-204.7500000 -160.5000000 4.4492188
-205.0000000 -160.7500000 4.4687500
-204.5000000 -159.5000000 4.4335938
-204.7500000 -160.5000000 4.4609375
-204.5000000 -159.3750000 4.4453125
-204.6250000 -158.7500000 4.4296875
-204.3750000 -159.6250000 4.4570312
-204.7500000 -155.5000000 4.3632812
-204.7500000 -157.8750000 4.3984375
-204.6250000 -159.2500000 4.4335938
-204.3750000 -156.2500000 4.3750000
-204.6250000 -155.6250000 4.3632812
-204.3750000 -156.6250000 4.3945312
-204.5000000 -156.7500000 4.3906250
-204.3750000 -157.6250000 4.4179688
-204.5000000 -156.0000000 4.3554688
-204.5000000 -154.2500000 4.3281250
-204.5000000 -154.7500000 4.3398438
-204.5000000 -154.3750000 4.3281250
-204.3750000 -154.2500000 4.3320312
-204.3750000 -153.0000000 4.2890625
-204.5000000 -154.5000000 4.3281250
-204.2500000 -152.5000000 4.2890625
-204.5000000 -152.6250000 4.2929688
-204.5000000 -152.8750000 4.2890625
-204.6250000 -152.6250000 4.2890625
-204.6250000 -151.0000000 4.2578125
-204.5000000 -150.3750000 4.2460938
-204.7500000 -151.2500000 4.2695312
-204.7500000 -150.7500000 4.2617188
-204.8750000 -150.0000000 4.2578125
-205.0000000 -151.5000000 4.2773438
-204.6250000 -151.1250000 4.2734375
-204.7500000 -149.7500000 4.2460938
-204.3750000 -150.1250000 4.2500000
-204.8750000 -147.2500000 4.2070312
-204.5000000 -151.0000000 4.2539062
-204.7500000 -149.6250000 4.2187500
-204.6250000 -151.2500000 4.2539062
-204.7500000 -150.2500000 4.2343750
-204.5000000 -148.5000000 4.2070312
-205.0000000 -151.0000000 4.2695312
-204.6250000 -150.2500000 4.2421875
-204.8750000 -150.1250000 4.2382812
-204.7500000 -149.7500000 4.2343750
-204.5000000 -148.5000000 4.2226562
-205.0000000 -147.6250000 4.2109375
-204.3750000 -149.7500000 4.2500000
-204.6250000 -147.8750000 4.2187500
-204.3750000 -147.1250000 4.2070312
-204.5000000 -147.2500000 4.2070312
-204.6250000 -147.5000000 4.2109375
-204.7500000 -146.1250000 4.1796875
-204.7500000 -145.7500000 4.1835938
-204.5000000 -146.3750000 4.1914062
-205.1250000 -145.6250000 4.1835938
-204.7500000 -143.5000000 4.1328125
-204.7500000 -145.2500000 4.1601562
-204.8750000 -144.0000000 4.1328125
-204.5000000 -143.0000000 4.1132812
-204.6250000 -143.5000000 4.1289062
-204.5000000 -142.8750000 4.1132812
-204.6250000 -143.0000000 4.1328125
-204.5000000 -143.2500000 4.1210938
-204.7500000 -142.0000000 4.1054688
-204.6250000 -141.2500000 4.1054688
-204.8750000 -141.5000000 4.1093750
-204.6250000 -141.3750000 4.1054688
-204.5000000 -141.8750000 4.1015625
-204.3750000 -140.5000000 4.0781250
-204.6250000 -140.7500000 4.0781250
-204.5000000 -141.8750000 4.1054688
-204.3750000 -139.6250000 4.0507812
-204.6250000 -140.3750000 4.0859375
-204.6250000 -138.5000000 4.0351562
-204.2500000 -136.8750000 4.0039062
-204.3750000 -138.5000000 4.0429688
-204.5000000 -137.5000000 4.0195312
-204.6250000 -140.2500000 4.0976562
-204.2500000 -137.8750000 4.0312500
-204.2500000 -137.2500000 4.0312500
-204.1250000 -138.6250000 4.0468750
-204.5000000 -137.2500000 4.0312500
-204.3750000 -136.0000000 4.0156250
-204.3750000 -138.1250000 4.0390625
-204.5000000 -137.6250000 4.0468750
-204.3750000 -136.6250000 4.0234375
-204.3750000 -137.2500000 4.0390625
-204.3750000 -136.7500000 4.0312500
-204.5000000 -136.5000000 4.0156250
-204.2500000 -137.2500000 4.0507812
-204.1250000 -135.7500000 4.0000000
-204.2500000 -138.5000000 4.0585938
-204.2500000 -134.6250000 4.0000000
-204.0000000 -133.2500000 3.9687500
-204.1250000 -133.5000000 3.9687500
-204.2500000 -132.5000000 3.9531250
-204.2500000 -134.3750000 3.9765625
-204.2500000 -133.3750000 3.9843750
-204.2500000 -133.0000000 3.9687500
-204.2500000 -133.6250000 3.9726562
-204.0000000 -132.3750000 3.9453125
-204.2500000 -131.2500000 3.9453125
-204.2500000 -132.3750000 3.9492188
-204.1250000 -127.3750000 3.9531250
-204.2500000 -132.1250000 3.9492188
-204.0000000 -128.0000000 3.9023438
-204.0000000 -127.9375000 3.9296875
-203.8750000 -126.3750000 3.8945312
-204.2500000 -127.7500000 3.9101562
-204.2500000 -129.2500000 3.9140625
-204.2500000 -130.5000000 3.9414062
-204.3750000 -129.8750000 3.9453125
-204.2500000 -128.3750000 3.9101562
-204.1250000 -127.3125000 3.9062500
-204.0000000 -126.8750000 3.8945312
-204.1250000 -128.8750000 3.9375000
-203.8750000 -129.5000000 3.9257812
-204.0000000 -126.1875000 3.8945312
-204.0000000 -126.6875000 3.8984375
-204.0000000 -126.3750000 3.8828125
-204.2500000 -125.9375000 3.8984375
-204.1250000 -124.6875000 3.8750000
-204.2500000 -125.6250000 3.8867188
-204.5000000 -124.6875000 3.8906250
-204.3750000 -126.3125000 3.9023438
-204.5000000 -123.2500000 3.8808594
-204.5000000 -123.1250000 3.8671875
-204.2500000 -124.3125000 3.8789062
-204.3750000 -122.0625000 3.8515625
-204.3750000 -123.7500000 3.8828125
-204.2500000 -122.6875000 3.8593750
-204.3750000 -123.5625000 3.8867188
-204.5000000 -122.2500000 3.8593750
-204.3750000 -121.7500000 3.8710938
-204.5000000 -122.0000000 3.8730469
-204.6250000 -120.9375000 3.8671875
-204.1250000 -121.9375000 3.8671875
-204.2500000 -122.1875000 3.8574219
-204.5000000 -121.7500000 3.8671875
-204.3750000 -121.7500000 3.8691406
-204.2500000 -121.7500000 3.8632812
-204.3750000 -120.7500000 3.8593750
-204.2500000 -121.6875000 3.8671875
-204.2500000 -120.6250000 3.8515625
-204.3750000 -119.1250000 3.8457031
-204.3750000 -120.3125000 3.8554688
-204.3750000 -119.2500000 3.8515625
-204.3750000 -118.6875000 3.8398438
-204.3750000 -119.5000000 3.8359375
-204.3750000 -119.6250000 3.8437500
-204.3750000 -119.0625000 3.8320312
-204.5000000 -117.4375000 3.8242188
-204.3750000 -116.6875000 3.8242188
-204.3750000 -117.0000000 3.8222656
-204.2500000 -115.1875000 3.8027344
-204.3750000 -116.5000000 3.8203125
-204.3750000 -115.0625000 3.8007812
-204.5000000 -116.4375000 3.8203125
-204.3750000 -115.1875000 3.8203125
-204.3750000 -115.0000000 3.8046875
-204.6250000 -114.6875000 3.8164062
-204.3750000 -114.6250000 3.8125000
-204.6250000 -113.3750000 3.8125000
-204.5000000 -114.7500000 3.8242188
-204.2500000 -112.3125000 3.7929688
-204.3750000 -113.6250000 3.8046875
-204.2500000 -112.0000000 3.7890625
-204.3750000 -113.1875000 3.7949219
-204.6250000 -113.1875000 3.7968750
-204.3750000 -111.8125000 3.7851562
-204.2500000 -110.6250000 3.7812500
-204.5000000 -114.0625000 3.7890625
-204.3750000 -111.5000000 3.7968750
-204.3750000 -110.8125000 3.7929688
-204.3750000 -111.6250000 3.8007812
-204.3750000 -110.1875000 3.7832031
-204.6250000 -111.8750000 3.7812500
-204.3750000 -109.3750000 3.7695312
-204.5000000 -110.4375000 3.7617188
-204.2500000 -108.9375000 3.7695312
-204.1250000 -108.4375000 3.7695312
-204.5000000 -108.6875000 3.7539062
-204.2500000 -109.0000000 3.7812500
-204.3750000 -107.3750000 3.7636719
-204.5000000 -106.9375000 3.7578125
-204.2500000 -108.1875000 3.7695312
-204.3750000 -107.5625000 3.7656250
-204.3750000 -108.3750000 3.7734375
-204.2500000 -106.8750000 3.7617188
-204.2500000 -107.0625000 3.7675781
-204.3750000 -106.4375000 3.7675781
-204.3750000 -106.4375000 3.7539062
-204.2500000 -105.9375000 3.7617188
-204.6250000 -106.6250000 3.7539062
-204.2500000 -106.3750000 3.7695312
-204.2500000 -105.3750000 3.7578125
-204.1250000 -105.3750000 3.7617188
-204.2500000 -105.0625000 3.7578125
-204.5000000 -105.5625000 3.7460938
-204.5000000 -104.3125000 3.7558594
-204.3750000 -103.3750000 3.7617188
-204.2500000 -103.1875000 3.7597656
-204.2500000 -103.4375000 3.7578125
-204.3750000 -103.3750000 3.7597656
-204.0000000 -104.0625000 3.7597656
-204.1250000 -103.3750000 3.7578125
-204.0000000 -101.5625000 3.7500000
-204.6250000 -103.0000000 3.7558594
-204.0000000 -101.6875000 3.7480469
-204.2500000 -102.4375000 3.7519531
-204.5000000 -102.0000000 3.7460938
-204.3750000 -100.8125000 3.7578125
-204.2500000 -102.1250000 3.7539062
-204.2500000 -100.5625000 3.7539062
-204.6250000 -99.8750000 3.7500000
-204.6250000 -101.5625000 3.7441406
-204.7500000 -100.3125000 3.7539062
-204.7500000 -100.6875000 3.7519531
-204.2500000 -97.5000000 3.7656250
-204.5000000 -99.0000000 3.7539062
-204.2500000 -99.5000000 3.7460938
-204.5000000 -99.0625000 3.7480469
-204.3750000 -97.3750000 3.7500000
-203.8750000 -97.8125000 3.7695312
-204.2500000 -96.1250000 3.7539062
-204.3750000 -96.8750000 3.7792969
-204.0000000 -95.0000000 3.7656250
-204.5000000 -94.6250000 3.7675781
-204.0000000 -93.6875000 3.7734375
-204.3750000 -94.7500000 3.7539062
-204.5000000 -94.8125000 3.7597656
-204.2500000 -96.0625000 3.7597656
-204.7500000 -95.5000000 3.7617188
-204.1250000 -92.9375000 3.7656250
-204.3750000 -93.1250000 3.7617188
-204.1250000 -92.2500000 3.7656250
-204.2500000 -93.8750000 3.7675781
-204.5000000 -94.2500000 3.7578125
-204.1250000 -93.8750000 3.7773438
-204.5000000 -93.6875000 3.7656250
-204.2500000 -92.3125000 3.7617188
-204.3750000 -92.9375000 3.7695312
-204.1250000 -92.8125000 3.7695312
-204.3750000 -90.3125000 3.7753906
-204.7500000 -91.0625000 3.7812500
-204.6250000 -89.0000000 3.7734375
-205.0000000 -87.5000000 3.8007812
-204.2500000 -88.7500000 3.7714844
-204.2500000 -91.5000000 3.7773438
-204.3750000 -89.0000000 3.7617188
-204.6250000 -89.8125000 3.7734375
-204.2500000 -87.6250000 3.7695312
-204.3750000 -87.5625000 3.7656250
-204.2500000 -86.5625000 3.7695312
-204.5000000 -88.1250000 3.7617188
-204.5000000 -87.6875000 3.7656250
-204.3750000 -86.7500000 3.7734375
-204.3750000 -86.6875000 3.7656250
-204.2500000 -85.9375000 3.7851562
-204.3750000 -87.6875000 3.7695312
-204.1250000 -87.6250000 3.7734375
-204.1250000 -85.0000000 3.7597656
-204.3750000 -86.0000000 3.7578125
-204.3750000 -83.5000000 3.7695312
-204.0000000 -84.5625000 3.7500000
-204.2500000 -84.4375000 3.7500000
-204.1250000 -83.4375000 3.7656250
-204.2500000 -85.3125000 3.7539062
-204.1250000 -81.8125000 3.7792969
-204.1250000 -83.5000000 3.7578125
-203.6250000 -82.5000000 3.7675781
-203.6250000 -83.5625000 3.7734375
-203.7500000 -82.5000000 3.7617188
-204.2500000 -82.0625000 3.7656250
-204.2500000 -81.5625000 3.7714844
-204.5000000 -80.9375000 3.7792969
-204.2500000 -80.9375000 3.7734375
-204.3750000 -81.8750000 3.7656250
-204.5000000 -81.3750000 3.7890625
-204.5000000 -81.7500000 3.7851562
-204.2500000 -81.0625000 3.7695312
-204.7500000 -80.6875000 3.7910156
-204.5000000 -80.1875000 3.7812500
-204.3750000 -79.8750000 3.7773438
-204.1250000 -80.5625000 3.7753906
-204.0000000 -80.1875000 3.7871094
-204.0000000 -79.1875000 3.7773438
-204.0000000 -79.3125000 3.7890625
-203.6250000 -78.0000000 3.8007812
-204.0000000 -77.7500000 3.8046875
-203.6250000 -78.1250000 3.7871094
-203.8750000 -77.2500000 3.7968750
-203.8750000 -78.0000000 3.7890625
-204.1250000 -77.3125000 3.7968750
-204.3750000 -76.9375000 3.8046875
-203.7500000 -77.0625000 3.7968750
-204.0000000 -77.3125000 3.7890625
-205.0000000 -75.3750000 3.8203125
-204.8750000 -75.1875000 3.8125000
-204.8750000 -75.3750000 3.8066406
-205.2500000 -75.3750000 3.8085938
-205.2500000 -74.8750000 3.7968750
-205.6250000 -75.3750000 3.8027344
-205.2500000 -75.1250000 3.8242188
-204.8750000 -75.5000000 3.8183594
-204.6250000 -74.8125000 3.8378906
-204.5000000 -74.9375000 3.8476562
-204.7500000 -74.7500000 3.8378906
-204.6250000 -74.8125000 3.8828125
-205.2500000 -74.5625000 3.8671875
-204.7500000 -76.4375000 3.8515625
-204.5000000 -74.3750000 3.8496094
-205.1250000 -72.9375000 3.8085938
-205.6250000 -73.5000000 3.8203125
-205.5000000 -73.5625000 3.8125000
-206.2500000 -69.4375000 3.8515625
-206.3750000 -69.8750000 3.8691406
-205.8750000 -73.7500000 3.8632812
-205.7500000 -72.1250000 3.8437500
-205.8750000 -72.8125000 3.8515625
-205.8750000 -72.1250000 3.8476562
-205.7500000 -73.9375000 3.8398438
-205.8750000 -72.1250000 3.8515625
-205.7500000 -73.6250000 3.8593750
-206.0000000 -73.8125000 3.8671875
-206.8750000 -72.8125000 3.8925781
-206.2500000 -72.8750000 3.8828125
-205.5000000 -72.6250000 3.8808594
-205.1250000 -72.1875000 3.8808594
-205.2500000 -71.5000000 3.8886719
-205.6250000 -72.1250000 3.8828125
-205.3750000 -70.5625000 3.9062500
-204.8750000 -70.0625000 3.9140625
-204.6250000 -68.5000000 3.9218750
-204.3750000 -68.2500000 3.9179688
-203.8750000 -67.5000000 3.9335938
-204.8750000 -68.9375000 3.9414062
-204.2500000 -68.1875000 3.9531250
-204.2500000 -68.3125000 3.9453125
-203.7500000 -68.1875000 3.9453125
-203.7500000 -67.8125000 3.9531250
-204.1250000 -68.6250000 3.9453125
-203.8750000 -68.7500000 3.9375000
-203.6250000 -68.0625000 3.9492188
-203.5000000 -68.1875000 3.9375000
-203.8750000 -68.8750000 3.9257812
-203.2500000 -67.3125000 3.9414062
-204.1250000 -68.1875000 3.9335938
-203.8750000 -67.8750000 3.9335938
-204.0000000 -68.1250000 3.9296875
-203.8750000 -67.7500000 3.9296875
-204.0000000 -67.9375000 3.9335938
-203.5000000 -67.7500000 3.9101562
-203.5000000 -67.2500000 3.9296875
-203.2500000 -66.6875000 3.9335938
-203.3750000 -67.3750000 3.9296875
-203.3750000 -67.1875000 3.9257812
-203.2500000 -66.6250000 3.9414062
-202.6250000 -65.7500000 3.9492188
-202.8750000 -65.9375000 3.9531250
-203.1250000 -66.2500000 3.9453125
-202.5000000 -65.7500000 3.9570312
-202.7500000 -65.8750000 3.9570312
-203.0000000 -66.0625000 3.9531250
-202.7500000 -66.5000000 3.9375000
-202.6250000 -65.2500000 3.9453125
-202.2500000 -65.4375000 3.9257812
-203.1250000 -65.6250000 3.9414062
-203.5000000 -66.2500000 3.9414062
-202.3750000 -64.8125000 3.9531250
-202.3750000 -65.0000000 3.9570312
-195.1250000 -73.0000000 3.9570312
-201.8750000 -65.1250000 3.9531250
-199.1250000 -65.9375000 3.9960938
-201.1250000 -64.4375000 3.9648438
-201.0000000 -64.8125000 3.9609375
-200.1250000 -64.1250000 3.9648438
-199.8750000 -64.0625000 3.9726562
-199.5000000 -63.5000000 3.9570312
-198.2500000 -63.1875000 3.9609375
-199.0000000 -62.7500000 3.9960938
-197.5000000 -62.5312500 3.9882812
-197.3750000 -62.5625000 3.9843750
-197.3750000 -62.2500000 3.9804688
-197.3750000 -61.8750000 3.9804688
-197.1250000 -61.7500000 3.9726562
-197.0000000 -61.7812500 3.9648438
-196.1250000 -61.2187500 3.9765625
-197.1250000 -60.7812500 3.9726562
-196.1250000 -60.5000000 3.9648438
-195.5000000 -60.8125000 3.9453125
-195.8750000 -61.0000000 3.9335938
-196.2500000 -61.0312500 3.9335938
-195.5000000 -60.9062500 3.9179688
-195.3750000 -61.0312500 3.9296875
-197.2500000 -60.8125000 3.9257812
-197.2500000 -61.1250000 3.9687500
-197.7500000 -60.5000000 3.9687500
-199.0000000 -62.7500000 3.9921875
-199.0000000 -63.0625000 4.0390625
-195.6250000 -62.2812500 4.0312500
-199.2500000 -62.5625000 4.0117188
-198.1250000 -62.1250000 4.0039062
-199.3750000 -62.0000000 3.9843750
-199.8750000 -60.0937500 4.0039062
-204.2500000 -49.5312500 3.9609375
-202.6250000 -52.7812500 3.8125000
-62.0937424 129.8750000 -3.6406250
-196.7500000 -18.8906250 3.5898438
-207.5000000 -62.3125000 3.8554688
-207.7500000 -61.0312500 3.8847656
-207.0000000 -54.6250000 3.8398438
-194.6250000 -3.9746094 3.5214844
-188.0000000 16.8125000 3.3593750
-203.6250000 -52.2500000 3.9062500
-204.1250000 -58.9687500 3.9492188
-205.1250000 -61.7187500 3.9804688
-204.8750000 -69.1250000 3.9570312
-203.5000000 -69.8125000 3.9453125
-202.5000000 -67.9375000 3.9375000
-207.1250000 -102.7500000 4.3632812
-200.2500000 -65.1875000 3.9101562
-202.0000000 -62.4375000 3.9648438
-200.3750000 -63.6875000 3.9335938
-199.8750000 -64.3750000 3.9453125
-197.0000000 -63.2187500 3.9335938
-195.5000000 -63.3125000 3.9414062
-196.3750000 -62.8437500 3.9648438
-194.7500000 -63.3125000 3.9531250
-195.0000000 -63.4375000 3.9218750
-196.3750000 -62.5937500 3.9648438
-196.6250000 -62.7187500 3.9609375
-196.0000000 -63.6250000 3.9531250
-196.7500000 -63.6562500 3.9453125
-208.7500000 -66.5000000 4.1718750
-197.5000000 -64.3125000 3.9492188
-197.6250000 -64.3125000 3.9453125
-198.8750000 -65.0625000 3.9296875
-199.7500000 -64.0625000 3.9453125
-200.6250000 -65.9375000 3.9218750
-201.8750000 -66.1875000 3.9140625
-200.3750000 -65.8750000 3.9257812
-200.6250000 -66.1250000 3.9335938
-200.6250000 -65.8750000 3.9218750
-201.1250000 -66.6875000 3.9179688
-202.6250000 -68.0000000 3.8828125
-203.3750000 -68.0625000 3.8730469
-202.6250000 -67.5625000 3.8945312
-202.0000000 -67.8750000 3.8906250
-203.3750000 -69.1875000 3.8906250
-203.3750000 -69.5625000 3.8828125
-204.6250000 -69.3750000 3.8730469
-205.7500000 -71.0000000 3.8554688
-205.2500000 -69.9375000 3.8632812
-204.2500000 -69.5625000 3.8574219
-204.8750000 -70.0000000 3.8671875
-204.1250000 -69.4375000 3.8632812
-203.7500000 -69.6875000 3.8691406
-204.1250000 -69.5625000 3.8613281
-204.6250000 -69.9375000 3.8593750
-204.7500000 -69.6875000 3.8554688
-205.0000000 -69.3750000 3.8437500
-205.2500000 -69.4375000 3.8398438
-204.2500000 -69.6875000 3.8593750
-203.3750000 -69.4375000 3.8652344
-203.7500000 -69.1250000 3.8574219
-203.7500000 -69.1250000 3.8671875
-203.7500000 -68.8125000 3.8730469
-203.0000000 -68.3125000 3.9062500
-203.1250000 -68.2500000 3.9101562
-203.2500000 -68.3125000 3.9140625
-203.6250000 -68.5625000 3.8867188
-203.1250000 -68.8750000 3.8945312
-202.6250000 -69.1875000 3.8750000
-203.1250000 -68.3750000 3.8925781
-203.1250000 -69.3125000 3.8789062
-203.1250000 -69.3750000 3.8828125
-203.2500000 -69.3750000 3.8867188
-202.5000000 -68.9375000 3.8906250
-203.1250000 -69.6250000 3.8828125
-204.7500000 -69.5625000 3.8515625
-206.6250000 -69.3750000 3.8437500
-205.5000000 -71.3750000 3.8691406
-206.6250000 -72.0625000 3.8515625
-205.7500000 -71.1875000 3.8398438
-205.3750000 -69.8125000 3.8710938
-205.7500000 -70.0625000 3.8691406
-205.6250000 -70.0625000 3.8671875
-205.5000000 -73.2500000 3.8300781
-205.0000000 -73.8750000 3.8476562
-205.5000000 -71.8750000 3.8691406
-205.6250000 -72.3750000 3.8476562
-205.5000000 -70.8750000 3.8476562
-205.6250000 -73.1250000 3.8222656
-205.3750000 -70.9375000 3.8476562
-206.0000000 -72.3125000 3.8476562
-205.5000000 -72.5625000 3.8730469
-205.3750000 -74.5000000 3.8476562
-204.7500000 -71.4375000 3.8476562
-205.0000000 -70.8750000 3.8476562
-205.0000000 -70.5625000 3.8496094
-204.8750000 -72.4375000 3.8398438
-205.3750000 -73.4375000 3.8339844
-204.3750000 -72.1250000 3.8437500
-205.1250000 -73.0625000 3.8437500
-205.0000000 -73.9375000 3.8320312
-205.8750000 -72.3125000 3.8476562
-206.3750000 -71.8750000 3.8437500
-206.1250000 -71.9375000 3.8203125
-205.5000000 -74.5625000 3.8085938
-205.5000000 -74.8750000 3.8046875
-206.1250000 -74.3750000 3.8105469
-205.7500000 -75.0625000 3.8183594
-205.7500000 -75.3125000 3.8222656
-205.8750000 -73.3750000 3.8554688
-205.3750000 -74.4375000 3.8359375
-205.3750000 -74.9375000 3.8632812
-206.1250000 -74.9375000 3.8613281
-206.6250000 -74.8125000 3.8574219
-205.6250000 -74.5625000 3.8691406
-205.8750000 -74.4375000 3.8652344
-205.1250000 -74.8125000 3.8632812
-205.2500000 -75.0000000 3.8652344
-205.1250000 -74.6250000 3.8632812
-204.2500000 -73.9375000 3.8671875
-203.5000000 -75.0000000 3.8632812
-204.5000000 -74.3750000 3.8632812
-203.6250000 -73.8750000 3.8554688
-203.7500000 -73.7500000 3.8808594
-205.7500000 -72.6875000 3.8828125
-203.5000000 -72.9375000 3.8710938
-205.3750000 -72.0625000 3.8867188
-203.8750000 -72.7500000 3.8828125
-204.3750000 -73.1875000 3.8906250
-205.2500000 -73.6250000 3.9179688
-201.7500000 -76.3750000 3.9062500
-203.6250000 -73.3125000 3.8867188
-202.7500000 -74.5625000 3.8906250
-204.2500000 -72.9375000 3.8828125
-203.2500000 -73.0625000 3.8847656
-205.3750000 -73.1250000 3.8906250
-204.0000000 -74.8750000 3.8847656
-204.0000000 -75.4375000 3.8984375
-205.0000000 -76.5000000 3.9218750
-205.1250000 -74.5625000 3.9140625
-204.7500000 -75.0000000 3.9101562
-205.1250000 -73.8750000 3.8945312
-205.2500000 -74.4375000 3.9140625
-204.1250000 -74.8750000 3.8984375
-204.7500000 -74.1250000 3.8886719
-205.0000000 -74.2500000 3.8867188
-205.0000000 -73.5625000 3.8710938
-205.0000000 -74.3750000 3.8632812
-205.6250000 -75.1875000 3.8671875
-205.1250000 -75.9375000 3.8828125
-205.1250000 -75.0625000 3.9023438
-205.5000000 -74.7500000 3.8886719
-205.3750000 -75.5000000 3.8750000
-204.8750000 -74.8750000 3.8710938
-204.3750000 -75.2500000 3.8515625
-204.2500000 -76.1250000 3.8496094
-204.2500000 -78.7500000 3.8281250
-204.2500000 -77.6875000 3.8183594
-204.0000000 -78.1875000 3.8046875
-204.0000000 -77.8750000 3.8125000
-204.1250000 -78.6250000 3.8203125
-204.2500000 -78.8125000 3.8203125
-204.2500000 -78.0000000 3.8320312
-204.0000000 -79.8750000 3.8125000
-204.2500000 -79.7500000 3.8046875
-205.0000000 -80.7500000 3.7929688
-204.8750000 -82.3125000 3.8007812
-204.3750000 -81.1875000 3.8007812
-204.6250000 -83.2500000 3.7929688
-204.7500000 -84.3750000 3.8085938
-204.6250000 -84.3750000 3.8007812
-204.7500000 -84.0625000 3.8007812
-204.6250000 -84.3750000 3.8085938
-204.3750000 -83.6250000 3.7929688
-204.2500000 -83.3125000 3.7851562
-205.0000000 -84.0000000 3.7832031
-204.6250000 -82.2500000 3.7851562
-205.0000000 -84.3750000 3.7890625
-205.1250000 -84.2500000 3.8007812
-204.8750000 -85.5625000 3.8007812
-204.7500000 -84.6250000 3.8007812
-204.6250000 -85.6875000 3.8164062
-204.3750000 -86.2500000 3.7812500
-204.3750000 -85.0625000 3.7851562
-204.6250000 -86.3125000 3.8046875
-204.2500000 -86.1875000 3.7812500
-204.3750000 -85.3125000 3.7890625
-204.3750000 -84.3750000 3.7968750
-204.3750000 -85.4375000 3.7890625
-204.2500000 -86.4375000 3.7812500
-204.8750000 -86.6250000 3.7851562
-204.6250000 -86.5000000 3.7910156
-204.1250000 -87.3125000 3.7812500
-204.5000000 -88.0000000 3.7890625
-204.3750000 -88.6875000 3.7988281
-204.3750000 -86.6875000 3.7929688
-204.6250000 -87.6250000 3.7851562
-204.3750000 -87.3750000 3.7890625
-204.0000000 -90.9375000 3.7675781
-204.1250000 -89.2500000 3.7695312
-204.0000000 -89.1250000 3.7890625
-204.1250000 -91.5000000 3.7890625
-204.2500000 -89.2500000 3.7832031
-204.0000000 -90.0000000 3.7753906
-204.0000000 -90.3750000 3.7714844
-203.8750000 -91.0625000 3.7773438
-204.2500000 -90.1250000 3.7949219
-203.8750000 -92.3125000 3.7871094
-204.0000000 -92.5625000 3.7714844
-204.1250000 -91.0625000 3.7773438
-204.0000000 -93.3750000 3.7890625
-204.1250000 -92.0625000 3.7773438
-204.0000000 -93.0625000 3.7734375
-204.0000000 -94.8750000 3.7734375
-204.3750000 -92.9375000 3.7851562
-204.3750000 -92.6875000 3.7890625
-204.1250000 -94.1875000 3.7890625
-204.2500000 -94.5625000 3.7890625
-204.1250000 -94.0625000 3.7773438
-204.3750000 -95.2500000 3.7851562
-204.5000000 -94.0000000 3.7890625
-204.1250000 -96.0625000 3.7890625
-204.2500000 -95.2500000 3.7851562
-204.1250000 -96.6875000 3.7851562
-204.0000000 -95.7500000 3.7890625
-204.2500000 -96.8750000 3.7792969
-204.0000000 -95.7500000 3.7734375
-204.1250000 -98.6875000 3.7851562
-203.8750000 -97.1250000 3.7734375
-204.1250000 -98.1875000 3.7832031
-204.1250000 -97.7500000 3.7968750
-204.3750000 -99.3125000 3.7929688
-204.1250000 -100.3750000 3.7968750
-204.2500000 -99.1875000 3.7929688
-204.3750000 -99.1875000 3.7812500
-204.2500000 -100.6875000 3.7753906
-204.6250000 -100.9375000 3.7656250
-204.2500000 -102.3125000 3.7792969
-204.3750000 -101.1875000 3.7832031
-204.3750000 -102.5625000 3.7773438
-204.5000000 -101.5000000 3.7753906
-204.6250000 -102.6250000 3.7773438
-204.5000000 -102.5625000 3.7734375
-204.5000000 -100.4375000 3.7656250
-204.7500000 -104.7500000 3.7636719
-204.5000000 -103.7500000 3.7773438
-204.7500000 -103.6875000 3.7695312
-204.7500000 -103.1250000 3.7695312
-204.5000000 -103.0000000 3.7539062
-204.5000000 -104.4375000 3.7773438
-204.3750000 -103.3125000 3.7617188
-204.6250000 -104.6250000 3.7675781
-204.5000000 -104.7500000 3.7558594
-204.3750000 -105.7500000 3.7753906
-204.6250000 -103.2500000 3.7656250
-204.5000000 -104.5625000 3.7656250
-204.6250000 -106.2500000 3.7734375
-204.5000000 -106.1875000 3.7773438
-204.5000000 -104.5000000 3.7656250
-204.5000000 -107.0000000 3.7734375
-204.5000000 -106.0000000 3.7695312
-204.5000000 -107.0625000 3.7734375
-204.2500000 -107.8750000 3.7753906
-204.5000000 -109.7500000 3.7890625
-204.3750000 -107.1250000 3.7773438
-204.5000000 -107.6875000 3.7812500
-204.6250000 -108.6875000 3.7871094
-204.6250000 -109.0000000 3.7675781
-204.6250000 -108.5625000 3.7851562
-204.6250000 -109.4375000 3.7949219
-204.6250000 -108.0000000 3.7910156
-204.7500000 -108.6875000 3.7968750
-204.7500000 -110.9375000 3.8027344
-204.8750000 -111.2500000 3.8164062
-204.7500000 -110.3125000 3.7890625
-204.7500000 -109.2500000 3.8261719
-204.8750000 -112.0000000 3.8066406
-204.7500000 -110.8750000 3.8203125
-204.8750000 -112.7500000 3.8125000
-204.7500000 -111.0625000 3.8105469
-205.0000000 -112.1250000 3.8125000
-204.7500000 -111.7500000 3.8085938
-204.7500000 -112.6250000 3.8066406
-204.7500000 -113.3750000 3.8046875
-204.7500000 -112.0625000 3.8105469
-204.5000000 -113.2500000 3.8085938
-204.8750000 -114.6250000 3.8027344
-204.8750000 -115.4375000 3.8066406
-204.8750000 -113.5000000 3.7929688
-204.8750000 -115.1875000 3.8046875
-204.8750000 -113.9375000 3.8125000
-204.7500000 -114.6250000 3.7988281
-204.8750000 -115.2500000 3.8046875
-204.8750000 -116.5625000 3.8007812
-204.8750000 -114.3125000 3.8007812
-204.7500000 -114.6250000 3.8007812
-204.8750000 -115.3750000 3.8242188
-204.7500000 -117.1250000 3.8125000
-205.0000000 -117.4375000 3.8222656
-205.0000000 -117.7500000 3.8183594
-204.7500000 -119.5000000 3.8554688
-205.0000000 -119.4375000 3.8398438
-205.0000000 -119.1250000 3.8359375
-205.0000000 -121.3750000 3.8671875
-204.8750000 -121.3750000 3.8515625
-204.7500000 -121.7500000 3.8671875
-204.8750000 -121.5625000 3.8632812
-205.0000000 -121.6875000 3.8710938
-204.8750000 -121.8125000 3.8671875
-205.0000000 -121.6250000 3.8671875
-204.7500000 -121.1250000 3.8554688
-204.7500000 -122.4375000 3.8828125
-204.7500000 -122.0625000 3.8750000
-204.7500000 -121.5000000 3.8710938
-204.8750000 -122.8125000 3.8906250
-204.6250000 -123.0000000 3.8750000
-204.7500000 -121.7500000 3.8613281
-204.6250000 -124.0625000 3.8906250
-204.7500000 -122.7500000 3.8593750
-204.6250000 -124.4375000 3.8750000
-204.6250000 -123.8125000 3.8710938
-204.8750000 -126.7500000 3.9257812
-204.7500000 -126.5625000 3.9218750
-204.8750000 -124.3125000 3.8867188
-204.6250000 -123.6250000 3.8750000
-204.8750000 -125.7500000 3.8906250
-204.5000000 -126.8125000 3.9140625
-204.6250000 -125.8750000 3.9179688
-204.7500000 -127.4375000 3.9179688
-204.6250000 -127.0625000 3.9375000
-204.7500000 -126.6250000 3.9179688
-204.6250000 -126.0000000 3.9296875
-204.5000000 -124.8125000 3.8984375
-204.6250000 -126.5625000 3.9296875
-204.5000000 -125.8125000 3.9140625
-204.8750000 -125.8125000 3.9140625
-204.7500000 -127.0625000 3.9296875
-204.6250000 -126.4375000 3.9140625
-204.5000000 -127.8125000 3.9257812
-204.5000000 -125.5000000 3.8906250
-204.8750000 -127.5000000 3.9218750
-204.7500000 -128.3750000 3.9335938
-204.7500000 -128.3750000 3.9375000
-205.0000000 -129.1250000 3.9492188
-204.7500000 -128.6250000 3.9414062
-204.5000000 -126.2500000 3.9023438
-204.7500000 -130.7500000 3.9726562
-204.7500000 -128.8750000 3.9453125
-204.5000000 -130.0000000 3.9648438
-204.6250000 -130.6250000 3.9765625
-204.6250000 -131.1250000 3.9648438
-204.3750000 -131.5000000 3.9804688
-204.6250000 -132.6250000 3.9882812
-204.3750000 -131.3750000 3.9882812
-204.5000000 -131.3750000 3.9687500
-204.3750000 -132.8750000 3.9921875
-204.2500000 -135.5000000 4.0664062
-204.5000000 -132.0000000 3.9804688
-204.5000000 -132.7500000 3.9921875
-204.5000000 -134.0000000 4.0312500
-204.5000000 -135.8750000 4.0507812
-204.6250000 -135.3750000 4.0546875
-204.5000000 -135.7500000 4.0585938
-204.5000000 -136.6250000 4.0664062
-204.5000000 -135.3750000 4.0429688
-204.3750000 -136.2500000 4.0585938
-204.3750000 -136.2500000 4.0625000
-204.3750000 -136.2500000 4.0507812
-204.2500000 -135.6250000 4.0429688
-204.2500000 -137.1250000 4.0664062
-204.8750000 -138.8750000 4.1093750
-204.6250000 -137.0000000 4.0859375
-204.6250000 -136.8750000 4.0820312
-204.3750000 -138.3750000 4.0937500
-204.3750000 -137.2500000 4.0625000
-204.3750000 -135.5000000 4.0468750
-204.5000000 -137.2500000 4.0742188
-204.5000000 -136.8750000 4.0742188
-204.3750000 -138.3750000 4.1054688
-204.5000000 -137.1250000 4.0742188
-204.5000000 -138.0000000 4.0898438
-204.5000000 -138.6250000 4.1250000
-204.3750000 -137.8750000 4.0976562
-204.5000000 -138.3750000 4.0937500
-204.5000000 -138.2500000 4.0898438
-204.3750000 -140.5000000 4.1289062
-204.5000000 -140.8750000 4.1367188
-204.5000000 -141.0000000 4.1445312
-204.7500000 -141.7500000 4.1523438
-204.7500000 -145.0000000 4.2109375
-205.0000000 -145.0000000 4.2031250
-204.6250000 -143.1250000 4.1835938
-204.7500000 -144.8750000 4.2109375
-204.7500000 -146.5000000 4.2343750
-204.6250000 -145.5000000 4.2226562
-204.7500000 -146.3750000 4.2304688
-204.8750000 -144.1250000 4.2031250
-204.7500000 -146.5000000 4.2421875
-205.0000000 -145.8750000 4.2226562
-205.1250000 -147.8750000 4.2539062
-204.7500000 -145.8750000 4.2304688
-204.8750000 -145.8750000 4.2304688
-204.7500000 -146.5000000 4.2460938
-204.6250000 -145.8750000 4.2382812
-205.1250000 -146.6250000 4.2500000
-204.8750000 -150.7500000 4.3164062
-205.3750000 -149.5000000 4.2929688
-205.6250000 -148.1250000 4.2773438
-205.0000000 -148.7500000 4.2812500
-205.0000000 -147.8750000 4.2695312
-204.8750000 -147.2500000 4.2539062
-204.7500000 -147.6250000 4.2539062
-204.8750000 -148.1250000 4.2656250
-204.8750000 -148.6250000 4.2578125
-205.0000000 -148.0000000 4.2500000
-204.8750000 -148.8750000 4.2578125
-205.0000000 -148.7500000 4.2578125
-204.7500000 -149.7500000 4.2851562
-204.7500000 -148.8750000 4.2734375
-204.7500000 -150.2500000 4.2890625
-205.0000000 -151.7500000 4.3281250
-205.1250000 -151.8750000 4.3359375
-205.1250000 -151.0000000 4.3281250
-205.0000000 -152.7500000 4.3554688
-205.0000000 -151.7500000 4.3164062
-205.0000000 -153.3750000 4.3671875
-204.8750000 -154.0000000 4.3789062
-205.0000000 -153.0000000 4.3554688
-204.7500000 -154.3750000 4.3789062
-204.8750000 -155.0000000 4.3984375
-205.0000000 -150.6250000 4.2968750
-204.8750000 -154.6250000 4.3906250
-204.7500000 -154.6250000 4.3867188
-205.1250000 -154.0000000 4.3945312
-205.1250000 -155.3750000 4.4023438
-204.7500000 -155.6250000 4.4101562
-204.8750000 -158.1250000 4.4531250
-204.8750000 -154.2500000 4.3867188
-204.7500000 -155.2500000 4.4140625
-204.8750000 -156.8750000 4.4414062
-204.8750000 -155.7500000 4.4257812
-205.0000000 -156.2500000 4.4335938
-205.1250000 -156.7500000 4.4414062
-204.7500000 -157.8750000 4.4531250
-205.0000000 -157.7500000 4.4609375
-205.0000000 -159.0000000 4.4882812
-204.7500000 -158.3750000 4.4804688
-205.0000000 -158.1250000 4.4804688
-204.7500000 -157.3750000 4.4648438
-204.7500000 -160.0000000 4.5039062
-204.7500000 -159.2500000 4.4843750
-204.7500000 -158.5000000 4.4804688
-205.0000000 -159.5000000 4.5078125
-204.7500000 -160.3750000 4.5234375
-204.6250000 -160.6250000 4.5234375
-205.2500000 -159.0000000 4.5000000
-204.6250000 -161.5000000 4.5468750
-205.1250000 -161.2500000 4.5312500
-204.6250000 -161.2500000 4.5273438
-203.8750000 -161.1250000 4.5000000
-204.2500000 -160.6250000 4.4960938
-204.7500000 -160.8750000 4.4960938
-203.8750000 -161.0000000 4.4765625
-203.8750000 -161.7500000 4.4843750
-202.7500000 -161.8750000 4.4726562
-201.8750000 -162.2500000 4.4531250
-202.3750000 -162.2500000 4.4648438
-202.1250000 -163.2500000 4.4765625
-201.2500000 -163.8750000 4.4609375
-202.5000000 -163.2500000 4.4531250
-200.5000000 -164.0000000 4.4335938
-200.8750000 -163.6250000 4.4257812
-200.7500000 -163.3750000 4.4179688
-200.7500000 -162.8750000 4.4023438
-200.1250000 -163.5000000 4.3710938
-200.6250000 -164.1250000 4.3593750
-199.8750000 -164.8750000 4.3125000
-199.8750000 -165.1250000 4.3281250
-200.3750000 -165.5000000 4.3593750
-200.0000000 -165.0000000 4.3398438
-198.8750000 -165.1250000 4.3242188
-199.0000000 -163.8750000 4.3554688
-200.0000000 -165.6250000 4.3671875
-198.7500000 -164.7500000 4.3359375
-198.5000000 -164.3750000 4.3710938
-198.0000000 -163.5000000 4.3398438
-198.0000000 -163.7500000 4.3320312
-198.0000000 -163.7500000 4.3554688
-197.3750000 -163.8750000 4.3359375
-197.7500000 -164.1250000 4.3515625
-196.6250000 -163.8750000 4.3046875
-198.8750000 -163.5000000 4.3593750
-197.2500000 -164.0000000 4.3046875
-197.2500000 -163.3750000 4.3046875
-196.3750000 -163.7500000 4.3007812
-195.7500000 -163.7500000 4.2851562
-195.8750000 -163.7500000 4.3125000
-195.5000000 -163.8750000 4.2851562
-195.5000000 -163.2500000 4.2968750
-194.3750000 -163.7500000 4.2734375
-194.6250000 -163.7500000 4.2734375
-194.1250000 -163.5000000 4.2578125
-194.2500000 -163.3750000 4.2578125
-193.8750000 -163.6250000 4.2460938
-194.3750000 -163.8750000 4.2578125
-193.7500000 -163.6250000 4.2460938
-194.0000000 -163.1250000 4.2500000
-193.8750000 -164.1250000 4.2421875
-193.0000000 -163.3750000 4.2187500
-193.6250000 -163.5000000 4.2382812
-191.6250000 -163.8750000 4.1757812
-192.5000000 -163.5000000 4.2109375
-191.1250000 -163.7500000 4.1640625
-192.0000000 -163.7500000 4.2070312
-191.1250000 -164.2500000 4.1875000
-190.8750000 -163.8750000 4.1718750
-189.6250000 -163.7500000 4.1445312
-190.6250000 -163.7500000 4.1757812
-189.7500000 -164.0000000 4.1718750
-189.1250000 -163.7500000 4.1445312
-189.3750000 -163.7500000 4.1601562
-189.0000000 -163.3750000 4.1367188
-188.3750000 -163.8750000 4.1406250
-187.7500000 -163.5000000 4.1054688
-187.8750000 -163.8750000 4.1250000
-187.3750000 -163.6250000 4.0937500
-187.6250000 -164.0000000 4.1250000
-188.0000000 -163.7500000 4.1289062
-187.1250000 -164.0000000 4.0898438
-186.7500000 -163.8750000 4.0937500
-187.8750000 -164.0000000 4.0976562
-186.2500000 -164.2500000 4.0898438
-186.3750000 -164.1250000 4.0820312
-184.8750000 -164.0000000 4.0390625
-185.7500000 -164.0000000 4.0703125
-185.7500000 -163.2500000 4.0468750
-184.6250000 -164.2500000 4.0507812
-185.1250000 -164.5000000 4.0507812
-185.5000000 -164.7500000 4.0625000
-185.2500000 -165.1250000 4.0507812
-184.0000000 -164.5000000 4.0156250
-183.7500000 -164.6250000 4.0195312
-184.0000000 -164.3750000 4.0273438
-183.7500000 -164.2500000 3.9960938
-183.3750000 -164.3750000 4.0156250
-184.1250000 -164.5000000 4.0234375
-182.6250000 -164.1250000 4.0117188
-182.7500000 -163.8750000 4.0078125
-182.3750000 -164.5000000 4.0078125
-181.6250000 -164.6250000 3.9960938
-182.3750000 -164.2500000 3.9960938
-181.6250000 -164.7500000 3.9960938
-181.2500000 -164.0000000 3.9687500
-180.3750000 -164.2500000 3.9609375
-181.8750000 -164.7500000 3.9960938
-180.1250000 -163.8750000 3.9414062
-179.2500000 -164.0000000 3.9726562
-180.1250000 -164.2500000 3.9687500
-179.1250000 -164.3750000 3.9687500
-178.3750000 -163.6250000 3.9335938
-177.8750000 -163.2500000 3.8945312
-178.5000000 -163.6250000 3.8984375
-179.3750000 -163.3750000 3.9023438
-177.6250000 -162.8750000 3.8671875
-177.5000000 -163.2500000 3.8750000
-177.7500000 -163.0000000 3.8691406
-176.2500000 -162.6250000 3.8398438
-178.3750000 -163.1250000 3.8710938
-176.8750000 -162.8750000 3.8476562
-177.3750000 -162.7500000 3.8632812
-175.7500000 -162.6250000 3.8359375
-176.3750000 -162.3750000 3.8320312
-174.8750000 -162.2500000 3.8007812
-174.8750000 -162.2500000 3.8027344
-174.3750000 -161.8750000 3.7851562
-174.3750000 -162.2500000 3.7988281
-175.6250000 -162.2500000 3.8242188
-174.0000000 -161.8750000 3.7832031
-174.2500000 -161.6250000 3.7734375
-173.7500000 -161.5000000 3.7656250
-173.7500000 -161.8750000 3.7851562
-174.6250000 -161.8750000 3.7988281
-174.1250000 -162.2500000 3.8105469
-173.6250000 -161.5000000 3.7812500
-173.0000000 -161.2500000 3.7578125
-173.5000000 -161.3750000 3.7675781
-172.5000000 -161.1250000 3.7617188
-172.1250000 -160.7500000 3.7539062
-172.1250000 -160.7500000 3.7714844
-171.8750000 -160.5000000 3.7656250
-171.1250000 -159.7500000 3.7246094
-170.5000000 -159.6250000 3.7304688
-170.7500000 -159.6250000 3.7441406
-170.0000000 -159.2500000 3.7226562
-169.8750000 -159.2500000 3.7207031
-169.3750000 -158.7500000 3.7031250
-170.5000000 -159.3750000 3.7402344
-169.0000000 -158.5000000 3.6992188
-168.7500000 -158.3750000 3.6914062
-168.8750000 -158.1250000 3.7011719
-168.1250000 -157.7500000 3.6562500
-168.1250000 -157.6250000 3.6542969
-168.8750000 -158.2500000 3.6953125
-167.3750000 -157.1250000 3.6328125
-168.0000000 -157.7500000 3.6601562
-168.2500000 -157.7500000 3.6660156
-167.3750000 -157.1250000 3.6210938
-168.2500000 -157.8750000 3.6484375
-168.3750000 -157.8750000 3.6660156
-166.8750000 -156.7500000 3.6015625
-167.3750000 -157.2500000 3.6132812
-166.8750000 -156.6250000 3.5957031
-166.3750000 -156.3750000 3.5703125
-166.8750000 -156.8750000 3.5898438
-165.7500000 -155.8750000 3.5351562
-164.8750000 -155.1250000 3.5000000
-164.7500000 -155.0000000 3.5058594
-165.0000000 -155.2500000 3.5234375
-164.1250000 -154.6250000 3.4882812
-164.2500000 -154.6250000 3.4941406
-164.3750000 -154.7500000 3.5039062
-164.2500000 -154.7500000 3.5039062
-164.6250000 -155.2500000 3.5351562
-164.6250000 -155.2500000 3.5390625
-163.5000000 -153.8750000 3.4609375
-163.6250000 -154.1250000 3.4785156
-163.6250000 -154.3750000 3.4863281
-163.1250000 -153.6250000 3.4550781
-163.3750000 -153.7500000 3.4589844
-163.0000000 -153.3750000 3.4296875
-162.1250000 -152.5000000 3.4062500
-162.5000000 -153.2500000 3.4296875
-162.0000000 -152.6250000 3.4023438
-161.0000000 -151.5000000 3.3457031
-160.8750000 -151.3750000 3.3652344
-161.2500000 -151.8750000 3.3691406
-161.2500000 -152.0000000 3.3710938
-161.0000000 -151.6250000 3.3632812
-160.7500000 -151.5000000 3.3671875
-160.7500000 -151.6250000 3.3632812
-160.6250000 -151.6250000 3.3554688
-160.5000000 -151.1250000 3.3437500
-160.0000000 -150.7500000 3.3398438
-160.1250000 -151.0000000 3.3281250
-159.7500000 -150.3750000 3.3359375
-159.3750000 -150.0000000 3.3203125
-159.3750000 -149.7500000 3.3203125
-159.2500000 -149.8750000 3.3222656
-158.8750000 -148.8750000 3.2929688
-158.6250000 -148.7500000 3.2851562
-158.7500000 -149.0000000 3.2968750
-158.2500000 -148.6250000 3.2890625
-158.0000000 -148.2500000 3.2753906
-158.1250000 -148.2500000 3.2792969
-157.8750000 -148.2500000 3.2753906
-157.5000000 -148.0000000 3.2734375
-157.2500000 -147.5000000 3.2500000
-157.3750000 -147.5000000 3.2539062
-157.1250000 -147.3750000 3.2460938
-156.8750000 -147.1250000 3.2226562
-156.6250000 -146.7500000 3.2226562
-156.1250000 -146.5000000 3.1972656
-156.3750000 -146.6250000 3.2324219
-156.5000000 -146.5000000 3.2265625
-156.0000000 -146.2500000 3.2265625
-156.0000000 -146.1250000 3.2343750
-155.5000000 -146.0000000 3.2207031
-156.2500000 -145.8750000 3.2539062
-155.5000000 -146.8750000 3.3339844
-155.2500000 -146.2500000 3.3066406
-156.0000000 -146.0000000 3.2851562
-155.5000000 -145.7500000 3.2148438
-155.0000000 -145.2500000 3.1835938
-155.3750000 -145.6250000 3.1933594
-155.6250000 -145.5000000 3.1972656
-155.3750000 -145.5000000 3.1914062
-155.3750000 -145.8750000 3.1796875
-155.1250000 -145.5000000 3.1718750
-154.8750000 -145.2500000 3.1601562
-155.2500000 -145.5000000 3.1601562
-155.2500000 -145.6250000 3.1523438
-155.1250000 -145.6250000 3.1621094
-155.0000000 -145.3750000 3.1523438
-154.3750000 -144.7500000 3.1523438
-154.5000000 -144.8750000 3.1601562
-154.5000000 -144.7500000 3.1503906
-154.7500000 -144.6250000 3.1484375
-154.8750000 -144.8750000 3.1660156
-155.0000000 -145.0000000 3.1796875
-154.8750000 -145.1250000 3.1718750
-154.5000000 -144.7500000 3.1718750
-154.7500000 -145.1250000 3.1796875
-155.1250000 -145.2500000 3.1894531
-155.0000000 -145.0000000 3.1835938
-155.0000000 -145.0000000 3.1855469
-155.3750000 -145.3750000 3.1953125
-155.0000000 -145.1250000 3.1894531
-155.1250000 -145.1250000 3.1914062
-155.3750000 -145.2500000 3.2011719
-155.3750000 -145.2500000 3.1992188
-155.2500000 -145.3750000 3.1992188
-155.2500000 -145.2500000 3.2031250
-155.3750000 -145.5000000 3.1992188
-154.8750000 -145.0000000 3.1914062
-155.2500000 -145.2500000 3.1992188
-155.2500000 -145.1250000 3.1992188
-155.1250000 -145.2500000 3.2031250
-154.8750000 -145.1250000 3.1875000
-155.0000000 -145.2500000 3.1875000
-155.1250000 -145.3750000 3.1894531
-155.0000000 -145.0000000 3.1796875
-154.7500000 -145.1250000 3.1875000
-154.7500000 -145.0000000 3.1777344
-154.8750000 -145.2500000 3.1894531
-155.0000000 -145.1250000 3.1796875
-154.8750000 -145.2500000 3.1875000
-155.0000000 -145.3750000 3.2148438
-154.5000000 -145.0000000 3.2031250
-154.3750000 -145.1250000 3.2109375
-154.3750000 -144.6250000 3.1718750
-154.7500000 -144.5000000 3.1679688
-155.0000000 -144.7500000 3.1718750
-154.5000000 -144.6250000 3.1757812
-154.5000000 -144.5000000 3.1757812
-154.8750000 -144.6250000 3.1796875
-154.6250000 -144.7500000 3.1816406
-154.7500000 -144.8750000 3.1796875
-154.2500000 -144.5000000 3.1699219
-154.3750000 -144.3750000 3.1718750
-154.2500000 -144.5000000 3.1718750
-154.0000000 -144.1250000 3.1503906
-154.0000000 -144.1250000 3.1484375
-153.8750000 -144.0000000 3.1328125
-153.7500000 -143.8750000 3.1250000
-153.8750000 -144.1250000 3.1308594
-153.6250000 -143.8750000 3.1171875
-154.0000000 -144.2500000 3.1367188
-153.7500000 -144.2500000 3.1445312
-153.8750000 -143.7500000 3.1132812
-153.6250000 -143.6250000 3.1171875
-153.3750000 -143.3750000 3.1054688
-153.5000000 -143.2500000 3.1132812
-153.2500000 -143.2500000 3.1250000
-153.2500000 -143.3750000 3.1523438
-153.7500000 -143.5000000 3.1542969
-153.7500000 -143.8750000 3.1464844
-155.6250000 -145.5000000 3.1914062
-153.2500000 -143.8750000 3.1289062
-153.8750000 -144.5000000 3.1367188
-153.5000000 -144.3750000 3.1621094
-153.7500000 -144.6250000 3.1484375
-153.7500000 -145.0000000 3.1679688
-154.0000000 -145.2500000 3.1718750
-153.5000000 -145.2500000 3.1640625
-152.5000000 -145.1250000 3.1542969
-152.6250000 -144.2500000 3.1328125
-152.8750000 -143.2500000 3.1132812
-152.5000000 -142.3750000 3.0820312
-152.0000000 -142.2500000 3.1289062
-152.1250000 -143.0000000 3.1523438
-152.5000000 -142.8750000 3.1523438
-152.5000000 -142.8750000 3.1367188
-152.0000000 -143.2500000 3.1484375
-151.2500000 -143.0000000 3.1562500
-152.1250000 -143.1250000 3.1562500
-152.1250000 -143.1250000 3.1835938
-152.2500000 -142.8750000 3.1601562
-152.1250000 -143.1250000 3.1601562
-152.0000000 -143.0000000 3.1679688
-152.0000000 -143.1250000 3.1972656
-152.7500000 -143.1250000 3.1914062
-151.7500000 -143.1250000 3.1992188
-152.1250000 -142.7500000 3.1445312
-151.7500000 -143.3750000 3.1562500
-149.7500000 -145.2500000 3.2500000
-148.8750000 -144.5000000 3.1875000
-152.1250000 -143.7500000 3.2031250
-150.6250000 -144.1250000 3.2382812
-150.8750000 -142.7500000 3.2070312
-150.7500000 -142.8750000 3.2265625
-150.3750000 -143.3750000 3.2617188
-150.3750000 -143.3750000 3.2695312
-150.6250000 -142.6250000 3.2050781
-150.8750000 -143.1250000 3.2109375
-150.5000000 -143.1250000 3.2304688
-150.7500000 -143.6250000 3.2343750
-150.7500000 -143.7500000 3.2480469
-150.7500000 -143.2500000 3.2265625
-150.8750000 -142.8750000 3.2031250
-151.0000000 -144.0000000 3.2187500
-151.0000000 -142.8750000 3.1757812
-151.1250000 -142.6250000 3.1835938
-150.8750000 -143.5000000 3.2363281
-150.3750000 -142.5000000 3.1875000
-150.3750000 -142.6250000 3.1992188
-150.7500000 -142.2500000 3.1835938
-151.1250000 -142.2500000 3.1699219
-151.3750000 -142.2500000 3.1640625
-151.2500000 -142.2500000 3.1660156
-151.3750000 -142.0000000 3.1562500
-151.0000000 -142.2500000 3.1796875
-151.1250000 -142.2500000 3.1640625
-150.6250000 -142.7500000 3.1835938
-150.6250000 -142.8750000 3.2011719
-150.5000000 -143.1250000 3.2226562
-150.8750000 -143.1250000 3.2070312
-150.6250000 -142.8750000 3.1992188
-150.6250000 -143.1250000 3.1992188
-150.5000000 -143.0000000 3.1953125
-150.5000000 -143.0000000 3.2246094
-150.5000000 -142.8750000 3.2226562
-150.7500000 -142.3750000 3.1953125
-150.7500000 -142.5000000 3.1894531
-150.3750000 -143.0000000 3.2128906
-150.5000000 -142.7500000 3.1875000
-150.2500000 -143.6250000 3.2343750
-149.6250000 -144.0000000 3.2656250
-150.1250000 -143.6250000 3.2500000
-150.2500000 -143.7500000 3.2421875
-150.6250000 -143.1250000 3.2148438
-150.8750000 -143.0000000 3.2089844
-151.0000000 -142.6250000 3.1855469
-150.8750000 -142.8750000 3.1894531
-150.8750000 -142.7500000 3.1796875
-151.0000000 -143.2500000 3.1835938
-151.0000000 -143.0000000 3.1914062
-150.7500000 -143.3750000 3.2167969
-150.3750000 -143.7500000 3.2285156
-150.1250000 -143.6250000 3.2656250
-149.5000000 -143.5000000 3.2792969
-148.6250000 -144.0000000 3.2988281
-149.0000000 -143.8750000 3.3007812
-148.5000000 -144.0000000 3.3007812
-148.5000000 -144.0000000 3.2988281
-148.6250000 -144.1250000 3.2988281
-149.0000000 -144.2500000 3.3007812
-149.2500000 -143.5000000 3.2871094
-148.6250000 -144.0000000 3.2753906
-149.3750000 -143.3750000 3.2617188
-148.8750000 -143.8750000 3.2773438
-148.8750000 -144.2500000 3.2695312
-148.7500000 -144.2500000 3.2851562
-148.2500000 -144.7500000 3.2832031
-149.0000000 -144.7500000 3.2617188
-149.2500000 -144.8750000 3.2382812
-149.0000000 -144.7500000 3.2207031
-148.6250000 -144.8750000 3.2343750
-148.3750000 -145.5000000 3.2480469
-148.7500000 -145.1250000 3.2519531
-148.2500000 -145.0000000 3.2617188
-148.6250000 -144.7500000 3.2617188
-148.0000000 -145.5000000 3.2851562
-147.6250000 -145.7500000 3.3261719
-147.5000000 -146.1250000 3.3164062
-148.1250000 -146.2500000 3.3339844
-148.2500000 -146.6250000 3.3242188
-147.6250000 -147.3750000 3.3437500
-147.7500000 -147.3750000 3.3242188
-147.2500000 -147.2500000 3.3242188
-147.0000000 -147.7500000 3.3437500
-147.0000000 -147.8750000 3.3359375
-146.3750000 -148.1250000 3.3359375
-145.8750000 -148.1250000 3.3281250
-145.6250000 -148.3750000 3.3437500
-145.5000000 -148.5000000 3.3398438
-145.1250000 -148.8750000 3.3457031
-145.3750000 -148.6250000 3.3242188
-145.0000000 -148.8750000 3.3242188
-144.7500000 -149.2500000 3.3457031
-144.1250000 -149.2500000 3.3632812
-143.8750000 -149.1250000 3.3671875
-143.2500000 -149.1250000 3.3710938
-143.5000000 -149.1250000 3.3593750
-143.7500000 -149.1250000 3.3632812
-143.1250000 -149.3750000 3.3671875
-143.8750000 -149.1250000 3.3613281
-143.1250000 -149.5000000 3.3671875
-143.6250000 -149.1250000 3.3593750
-142.1250000 -149.1250000 3.3925781
-142.5000000 -149.2500000 3.3847656
-141.6250000 -149.3750000 3.3984375
-142.0000000 -149.2500000 3.3886719
-140.8750000 -149.6250000 3.4179688
-142.0000000 -149.1250000 3.3867188
-140.1250000 -149.6250000 3.4140625
-140.2500000 -149.7500000 3.4257812
-140.1250000 -149.8750000 3.4257812
-140.2500000 -150.0000000 3.4335938
-139.5000000 -150.1250000 3.4453125
-139.6250000 -150.1250000 3.4531250
-139.3750000 -149.7500000 3.4394531
-139.7500000 -149.7500000 3.4453125
-140.5000000 -149.6250000 3.4277344
-138.8750000 -149.7500000 3.4648438
-138.2500000 -149.8750000 3.4785156
-138.3750000 -150.0000000 3.4687500
-137.8750000 -149.8750000 3.4882812
-137.5000000 -149.8750000 3.4980469
-137.0000000 -149.8750000 3.5156250
-137.5000000 -149.8750000 3.4960938
-136.3750000 -149.7500000 3.5156250
-136.8750000 -149.7500000 3.5039062
-137.2500000 -149.6250000 3.4960938
-136.5000000 -149.6250000 3.5273438
-136.5000000 -149.5000000 3.5117188
-136.2500000 -149.8750000 3.5175781
-134.3750000 -149.7500000 3.5722656
-134.8750000 -150.0000000 3.5820312
-134.2500000 -150.1250000 3.5742188
-134.1250000 -150.0000000 3.5976562
-134.5000000 -150.2500000 3.5742188
-133.3750000 -150.1250000 3.6289062
-133.6250000 -150.2500000 3.6171875
-133.2500000 -150.3750000 3.6406250
-134.2500000 -150.2500000 3.5703125
-134.1250000 -150.1250000 3.5742188
-132.8750000 -150.0000000 3.6367188
-133.5000000 -150.0000000 3.6230469
-132.0000000 -149.8750000 3.6640625
-132.6250000 -149.8750000 3.6367188
-132.7500000 -149.7500000 3.6484375
-133.1250000 -149.6250000 3.6386719
-133.0000000 -149.5000000 3.6484375
-132.0000000 -149.6250000 3.6875000
-132.3750000 -149.6250000 3.6757812
-130.3750000 -150.0000000 3.7460938
-130.6250000 -149.7500000 3.7343750
-129.3750000 -150.1250000 3.7890625
-129.0000000 -150.2500000 3.7968750
-128.2500000 -150.6250000 3.8164062
-128.5000000 -150.2500000 3.8457031
-127.6249924 -150.6250000 3.8437500
-128.1250000 -150.3750000 3.8378906
-127.7499924 -150.2500000 3.8574219
-127.1249924 -150.2500000 3.8613281
-126.7499924 -150.3750000 3.8515625
-126.5624924 -150.1250000 3.8417969
-126.7499924 -150.3750000 3.8554688
-126.4374924 -150.5000000 3.8535156
-126.1874924 -150.3750000 3.8515625
-125.8749924 -150.0000000 3.8535156
-126.1874924 -150.0000000 3.8398438
-125.7499924 -150.1250000 3.8359375
-125.4999924 -150.3750000 3.8613281
-125.4374924 -149.8750000 3.8476562
-125.6249924 -149.8750000 3.8164062
-125.1874924 -150.0000000 3.8476562
-124.2499924 -149.8750000 3.8789062
-123.6874924 -149.8750000 3.8828125
-123.7499924 -150.0000000 3.8671875
-123.6874924 -150.3750000 3.8691406
-123.7499924 -149.8750000 3.8789062
-123.8124924 -150.1250000 3.8710938
-123.6249924 -149.8750000 3.8535156
-123.5624924 -151.1250000 3.8222656
-123.7499924 -150.3750000 3.8476562
-124.3124924 -149.8750000 3.8632812
-124.2499924 -149.7500000 3.8496094
-124.3124924 -149.8750000 3.8457031
-123.7499924 -149.7500000 3.8828125
-123.6249924 -149.6250000 3.8750000
-123.5624924 -149.8750000 3.8906250
-123.8749924 -150.0000000 3.8867188
-123.0624924 -150.3750000 3.8632812
-123.3124924 -150.2500000 3.8535156
-123.8124924 -149.8750000 3.8828125
-123.2499924 -150.2500000 3.9023438
-123.2499924 -150.1250000 3.8925781
-122.8749924 -150.2500000 3.8710938
-123.3749924 -149.7500000 3.8906250
-123.5624924 -150.0000000 3.8828125
-123.3124924 -150.2500000 3.8515625
-123.0624924 -150.1250000 3.8574219
-122.6249924 -150.2500000 3.8691406
-122.2499924 -150.2500000 3.8554688
-122.1249924 -150.7500000 3.8671875
-121.7499924 -150.7500000 3.8378906
-121.3749924 -150.7500000 3.8164062
-120.6874924 -151.3750000 3.8242188
-120.1249924 -151.3750000 3.8437500
-119.7499924 -151.5000000 3.8398438
-120.0624924 -151.7500000 3.8593750
-119.6874924 -151.7500000 3.8710938
-120.0624924 -151.3750000 3.8691406
-119.5624924 -151.7500000 3.8652344
-119.3749924 -151.2500000 3.8828125
-119.6874924 -151.2500000 3.8789062
-119.3749924 -151.7500000 3.8789062
-119.1874924 -151.8750000 3.8769531
-119.1249924 -152.5000000 3.8164062
-119.4374924 -151.5000000 3.8378906
-118.8124924 -152.0000000 3.8554688
-118.9999924 -152.1250000 3.8593750
-118.8124924 -152.5000000 3.8515625
-118.3749924 -153.1250000 3.8437500
-118.8124924 -152.3750000 3.8535156
-117.7499924 -152.1250000 3.8339844
-117.6874924 -151.1250000 3.8222656
-118.4374924 -152.0000000 3.8710938
-116.1249924 -150.0000000 3.8203125
-114.7499924 -149.2500000 3.8144531
-113.1249924 -149.0000000 3.8437500
-115.4999924 -150.1250000 3.8320312
-116.0624924 -150.3750000 3.8281250
-114.5624924 -149.0000000 3.8164062
-114.7499924 -149.3750000 3.8125000
-117.1249924 -150.8750000 3.8359375
-117.1874924 -152.6250000 3.8476562
-113.3124924 -150.6250000 3.8242188
-115.6874924 -151.3750000 3.8242188
-115.3749924 -150.3750000 3.8515625
-118.6874924 -152.2500000 3.8535156
-118.6249924 -152.7500000 3.8457031
-118.3749924 -153.1250000 3.8808594
-117.6249924 -151.7500000 3.8652344
-119.2499924 -152.0000000 3.8789062
-118.5624924 -153.2500000 3.8613281
-118.4374924 -152.2500000 3.8632812
-118.6249924 -153.1250000 3.8593750
-117.8749924 -152.0000000 3.8359375
-118.6874924 -153.0000000 3.8691406
-118.9374924 -152.5000000 3.8632812
-118.4999924 -152.0000000 3.8710938
-115.4374924 -150.0000000 3.8515625
-112.1249924 -148.5000000 3.8750000
-116.9374924 -150.6250000 3.8671875
-116.6249924 -150.7500000 3.8671875
-118.2499924 -151.3750000 3.8593750
-114.8124924 -149.3750000 3.8632812
-113.7499924 -149.3750000 3.8476562
-114.3124924 -148.8750000 3.8632812
-118.2499924 -152.2500000 3.8632812
-115.1874924 -152.0000000 3.8593750
-113.6874924 -150.0000000 3.8710938
-115.8124924 -149.3750000 3.8593750
-118.1249924 -151.7500000 3.8750000
-118.1874924 -152.3750000 3.8593750
-118.6874924 -152.6250000 3.8750000
-118.4374924 -152.6250000 3.8593750
-118.8749924 -152.1250000 3.8789062
-119.0624924 -152.2500000 3.8632812
-119.1249924 -152.2500000 3.8789062
-119.1249924 -152.2500000 3.8867188
-119.0624924 -152.1250000 3.8769531
-119.0624924 -152.3750000 3.8710938
-119.3124924 -152.3750000 3.8789062
-118.8749924 -152.6250000 3.8632812
-119.2499924 -153.0000000 3.8593750
-118.6874924 -152.5000000 3.8710938
-119.0624924 -152.6250000 3.8789062
-118.6249924 -153.2500000 3.8730469
-116.6874924 -151.1250000 3.8593750
-118.7499924 -153.5000000 3.8671875
-118.9374924 -153.2500000 3.8632812
-118.1874924 -153.2500000 3.8710938
-118.6874924 -152.8750000 3.8750000
-118.8124924 -153.0000000 3.8593750
-118.9374924 -152.1250000 3.8789062
-118.7499924 -152.6250000 3.8671875
-118.8749924 -152.5000000 3.8691406
-118.6249924 -152.6250000 3.8671875
-119.0624924 -152.1250000 3.8789062
-119.0624924 -152.1250000 3.8828125
-118.9999924 -152.6250000 3.8828125
-119.3124924 -152.0000000 3.8906250
-119.0624924 -152.5000000 3.8710938
-119.2499924 -151.7500000 3.8867188
-118.7499924 -152.2500000 3.8691406
-118.9374924 -152.0000000 3.8789062
-118.8124924 -152.3750000 3.8828125
-119.0624924 -152.3750000 3.8750000
-119.1249924 -152.3750000 3.8632812
-119.1249924 -152.3750000 3.8671875
-118.7499924 -152.8750000 3.8515625
-118.8749924 -153.3750000 3.8164062
-118.7499924 -153.0000000 3.8476562
-118.4374924 -154.2500000 3.7695312
-118.9999924 -153.0000000 3.8242188
-119.1249924 -152.8750000 3.8320312
-118.7499924 -152.8750000 3.8613281
-118.7499924 -153.2500000 3.8691406
-118.6249924 -153.1250000 3.8652344
-118.5624924 -153.0000000 3.8789062
-118.5624924 -152.7500000 3.8710938
-118.6874924 -153.1250000 3.8652344
-118.4999924 -153.5000000 3.8671875
-118.4999924 -153.5000000 3.8515625
-118.4374924 -153.5000000 3.8574219
-118.3749924 -153.2500000 3.8515625
-118.1249924 -153.5000000 3.8671875
-117.9999924 -153.3750000 3.8515625
-117.9999924 -153.6250000 3.8554688
-118.1874924 -153.3750000 3.8476562
-118.2499924 -153.5000000 3.8320312
-118.2499924 -153.3750000 3.8281250
-117.6249924 -153.6250000 3.7968750
-116.9999924 -154.1250000 3.8125000
-116.9374924 -154.1250000 3.8046875
-116.7499924 -154.5000000 3.7968750
-116.7499924 -155.1250000 3.8105469
-116.6874924 -156.1250000 3.8515625
-116.8124924 -155.5000000 3.8554688
-116.6249924 -156.2500000 3.8398438
-116.4374924 -157.1250000 3.8183594
-116.4374924 -156.6250000 3.7968750
-116.4999924 -157.2500000 3.8066406
-116.3749924 -156.8750000 3.8222656
-116.4374924 -156.3750000 3.8085938
-116.6249924 -156.7500000 3.7890625
-116.3749924 -157.3750000 3.7968750
-117.3124924 -156.3750000 3.7890625
-116.3749924 -157.1250000 3.7929688
-115.9374924 -154.2500000 3.7792969
-116.9999924 -156.0000000 3.7734375
-115.8749924 -157.6250000 3.7890625
-115.8749924 -158.2500000 3.7851562
-115.6874924 -158.6250000 3.7421875
-115.8124924 -158.5000000 3.7304688
-115.9999924 -158.6250000 3.7460938
-116.3124924 -158.7500000 3.7636719
-116.6249924 -159.6250000 3.7148438
-116.3749924 -159.8750000 3.7031250
-117.1249924 -160.0000000 3.6523438
-116.5624924 -160.1250000 3.6992188
-117.0624924 -159.7500000 3.6914062
-116.9999924 -160.0000000 3.6953125
-116.5624924 -160.2500000 3.7148438
-116.8749924 -160.3750000 3.6679688
-116.3749924 -160.8750000 3.6835938
-116.5624924 -160.5000000 3.6640625
-116.6874924 -161.1250000 3.6640625
-116.4999924 -160.1250000 3.7070312
-116.5624924 -160.6250000 3.6875000
-116.4999924 -160.8750000 3.7089844
-116.4374924 -160.8750000 3.6953125
-116.4374924 -160.8750000 3.6953125
-116.1249924 -161.5000000 3.6875000
-116.6874924 -161.3750000 3.6386719
-116.3124924 -161.8750000 3.6718750
-116.6874924 -162.3750000 3.6367188
-116.5624924 -162.2500000 3.6523438
-116.8124924 -162.1250000 3.6601562
-116.6874924 -163.6250000 3.6250000
-116.3124924 -162.6250000 3.6542969
-116.6874924 -163.5000000 3.6210938
-116.3124924 -164.6250000 3.6347656
-116.4374924 -164.8750000 3.6250000
-116.2499924 -164.3750000 3.6406250
-116.4374924 -166.5000000 3.5859375
-116.4999924 -166.0000000 3.5976562
-116.1249924 -166.6250000 3.6054688
-115.9999924 -167.2500000 3.5859375
-116.1874924 -168.7500000 3.5937500
-116.3124924 -168.8750000 3.5664062
-116.4999924 -169.6250000 3.5664062
-116.3124924 -169.6250000 3.5625000
-116.1874924 -169.0000000 3.5585938
-116.5624924 -171.1250000 3.5351562
-116.3749924 -169.3750000 3.5546875
-116.4999924 -171.3750000 3.5371094
-116.3749924 -169.8750000 3.5546875
-116.1874924 -171.6250000 3.5507812
-116.6249924 -171.7500000 3.5195312
-116.4374924 -169.6250000 3.5625000
-116.7499924 -171.6250000 3.5175781
-116.3749924 -172.1250000 3.5312500
-116.4374924 -171.8750000 3.5468750
-116.3124924 -174.0000000 3.5332031
-116.3124924 -173.5000000 3.5390625
-116.3124924 -174.6250000 3.5156250
-116.3749924 -175.2500000 3.4960938
-115.9999924 -173.8750000 3.5371094
-116.1874924 -173.5000000 3.5546875
-116.1249924 -174.1250000 3.5078125
-116.1249924 -175.0000000 3.5156250
-116.1874924 -177.3750000 3.4824219
-116.3124924 -173.6250000 3.5214844
-116.0624924 -177.5000000 3.4882812
-115.9999924 -176.7500000 3.4882812
-116.1249924 -174.5000000 3.5078125
-116.2499924 -176.6250000 3.5000000
-116.0624924 -176.2500000 3.4804688
-116.1249924 -177.0000000 3.4843750
-115.9999924 -176.5000000 3.4687500
-115.9374924 -177.1250000 3.4824219
-116.1249924 -177.1250000 3.4628906
-116.1249924 -177.8750000 3.4667969
-116.1249924 -176.3750000 3.4804688
-116.1249924 -176.7500000 3.4824219
-116.0624924 -177.6250000 3.4765625
-116.1249924 -178.7500000 3.4804688
-116.1874924 -178.7500000 3.4687500
-116.1249924 -180.0000000 3.4511719
-116.1249924 -179.6250000 3.4453125
-116.0624924 -179.7500000 3.4492188
-116.1249924 -183.1250000 3.4824219
-115.8749924 -179.6250000 3.4785156
-115.8749924 -180.3750000 3.4648438
-116.0624924 -180.7500000 3.4726562
-115.8124924 -181.3750000 3.4882812
-116.1874924 -182.5000000 3.5429688
-116.1249924 -183.3750000 3.5468750
-115.9999924 -181.2500000 3.5019531
-115.8749924 -181.6250000 3.5000000
-115.9999924 -181.6250000 3.4648438
-115.9374924 -180.3750000 3.4648438
-115.8749924 -180.5000000 3.4843750
-115.9374924 -181.6250000 3.4687500
-116.0624924 -182.7500000 3.4531250
-116.1249924 -183.7500000 3.4843750
-116.2499924 -183.8750000 3.4960938
-116.2499924 -188.2500000 3.5117188
-116.5624924 -183.0000000 3.4609375
-116.1249924 -183.5000000 3.4531250
-115.9374924 -185.6250000 3.4257812
-115.9999924 -184.6250000 3.4375000
-115.9999924 -185.5000000 3.4628906
-115.6874924 -185.6250000 3.4804688
-115.8749924 -185.0000000 3.4785156
-115.8749924 -186.5000000 3.4570312
-116.1249924 -186.2500000 3.4531250
-116.1249924 -186.7500000 3.4531250
-115.9999924 -187.5000000 3.4453125
-115.8124924 -186.1250000 3.4492188
-116.1874924 -187.7500000 3.4589844
-116.2499924 -187.1250000 3.4492188
-116.1249924 -187.7500000 3.4375000
-116.1249924 -187.5000000 3.4238281
-116.1249924 -187.7500000 3.4316406
-116.1874924 -188.1250000 3.4296875
-116.0624924 -188.0000000 3.4160156
-116.1874924 -187.8750000 3.4257812
-116.1249924 -187.2500000 3.4355469
-115.9374924 -187.3750000 3.4414062
-115.9374924 -188.6250000 3.4531250
-115.8749924 -189.1250000 3.4531250
-116.1249924 -188.7500000 3.4667969
-115.9374924 -189.7500000 3.4511719
-116.1874924 -191.2500000 3.4316406
-116.0624924 -190.2500000 3.4257812
-116.0624924 -192.2500000 3.4257812
-116.2499924 -191.3750000 3.4335938
-116.8124924 -193.8750000 3.4531250
-116.4374924 -193.0000000 3.4453125
-116.2499924 -192.5000000 3.4531250
-116.0624924 -192.0000000 3.4179688
-116.0624924 -192.0000000 3.4531250
-115.9999924 -193.3750000 3.4531250
-115.9999924 -193.2500000 3.4414062
-115.9999924 -193.0000000 3.4550781
-116.0624924 -193.3750000 3.4609375
-115.9999924 -193.7500000 3.4394531
-115.9374924 -193.7500000 3.4433594
-115.9374924 -192.5000000 3.4492188
-115.7499924 -193.3750000 3.4531250
-115.8124924 -192.5000000 3.4570312
-115.8749924 -194.0000000 3.4609375
-115.7499924 -195.0000000 3.4453125
-115.7499924 -194.3750000 3.4296875
-115.8124924 -195.7500000 3.4433594
-115.8124924 -195.6250000 3.4414062
-115.8124924 -194.2500000 3.4179688
-115.8124924 -194.8750000 3.4375000
-115.8749924 -195.1250000 3.4472656
-115.8749924 -195.0000000 3.4296875
-115.6249924 -196.1250000 3.4707031
-115.8749924 -197.7500000 3.4453125
-115.8749924 -198.1250000 3.4609375
-115.8749924 -199.1250000 3.4335938
-115.7499924 -197.7500000 3.4375000
-115.9999924 -199.5000000 3.4570312
-116.1874924 -199.6250000 3.4492188
-116.2499924 -199.7500000 3.4492188
-116.2499924 -200.8750000 3.4570312
-116.1874924 -201.0000000 3.4667969
-116.4999924 -201.2500000 3.4921875
-116.2499924 -201.5000000 3.4746094
-116.3749924 -200.6250000 3.4648438
-116.0624924 -200.8750000 3.4804688
-115.9374924 -200.6250000 3.4531250
-115.8124924 -200.1250000 3.4531250
-115.9374924 -200.6250000 3.4453125
-116.0624924 -200.6250000 3.4316406
-115.9374924 -202.0000000 3.4550781
-116.6249924 -204.1250000 3.5078125
-115.9374924 -202.1250000 3.4570312
-115.9374924 -202.2500000 3.4648438
-116.0624924 -202.6250000 3.4765625
-116.3749924 -203.1250000 3.4628906
-116.5624924 -203.0000000 3.4843750
-116.3749924 -203.3750000 3.4687500
-116.4999924 -203.3750000 3.4648438
-116.3124924 -203.5000000 3.4882812
-116.4999924 -203.2500000 3.4941406
-116.3124924 -204.5000000 3.4765625
-116.1874924 -205.5000000 3.4960938
-116.1249924 -203.8750000 3.4765625
-115.9374924 -204.2500000 3.4804688
-115.9999924 -206.0000000 3.5097656
-115.7499924 -205.6250000 3.5039062
-115.7499924 -205.7500000 3.4960938
-116.1874924 -207.6250000 3.5156250
-116.1874924 -207.5000000 3.5156250
-116.1874924 -208.1250000 3.5234375
-115.8749924 -207.1250000 3.5078125
-116.4374924 -208.1250000 3.5234375
-115.9999924 -208.2500000 3.5371094
-116.1249924 -208.0000000 3.5351562
-116.1874924 -208.0000000 3.5390625
-116.1249924 -208.0000000 3.5449219
-116.3124924 -209.8750000 3.5546875
-116.2499924 -209.0000000 3.5449219
-116.0624924 -210.2500000 3.5429688
-115.9999924 -210.6250000 3.5859375
-116.3749924 -208.8750000 3.5292969
-116.1249924 -210.3750000 3.5664062
-116.4374924 -210.5000000 3.5429688
-115.9999924 -215.0000000 3.5996094
-116.2499924 -210.8750000 3.5234375
-116.1249924 -220.0000000 3.6035156
-115.8749924 -214.8750000 3.6074219
-116.1249924 -212.2500000 3.5468750
-116.0624924 -212.1250000 3.5585938
-116.2499924 -213.6250000 3.6210938
-116.1249924 -215.1250000 3.6582031
-116.4999924 -212.3750000 3.6191406
-116.6249924 -211.6250000 3.5859375
-116.4999924 -214.8750000 3.6562500
-117.6249924 -210.8750000 3.6250000
-115.6249924 -215.2500000 3.7382812
-114.4999924 -217.5000000 3.7929688
-115.1874924 -217.8750000 3.8242188
-114.2499924 -218.1250000 3.8632812
-114.3749924 -217.2500000 3.8320312
-115.4999924 -217.0000000 3.8046875
-115.2499924 -217.8750000 3.8164062
-114.1874924 -216.8750000 3.8437500
-114.9999924 -217.2500000 3.8242188
-115.2499924 -219.7500000 3.8671875
-117.2499924 -211.8750000 3.7500000
-104.6249924 -194.5000000 3.5136719
-115.1874924 -217.6250000 3.8046875
-113.4374924 -215.1250000 3.8417969
-115.2499924 -218.8750000 3.8437500
-114.9374924 -217.7500000 3.8378906
-115.9374924 -219.0000000 3.8398438
-115.8749924 -219.3750000 3.8437500
-115.8749924 -219.0000000 3.8476562
-115.0624924 -218.5000000 3.8671875
-115.3124924 -219.3750000 3.8652344
-114.8749924 -219.0000000 3.8945312
-115.3749924 -218.6250000 3.8574219
-114.9999924 -220.0000000 3.8886719
-115.6874924 -220.5000000 3.8945312
-114.4999924 -222.7500000 3.9218750
-115.6874924 -222.6250000 3.9101562
-115.8749924 -223.0000000 3.8906250
-115.5624924 -223.0000000 3.8925781
-116.1249924 -223.6250000 3.8828125
-115.6249924 -223.8750000 3.8925781
-115.7499924 -225.8750000 3.8867188
-115.7499924 -221.5000000 3.8789062
-116.1874924 -224.8750000 3.8964844
-115.9374924 -222.5000000 3.8847656
-115.6249924 -224.7500000 3.8906250
-116.3749924 -223.8750000 3.8750000
-115.9374924 -224.3750000 3.8593750
-115.9374924 -224.5000000 3.8769531
-116.2499924 -224.0000000 3.8730469
-116.1249924 -223.1250000 3.8945312
-116.1874924 -224.3750000 3.8750000
-116.3124924 -223.8750000 3.8789062
-116.3749924 -224.2500000 3.8867188
-116.3749924 -223.3750000 3.8828125
-116.4999924 -225.5000000 3.9062500
-115.9374924 -225.0000000 3.9101562
-116.1249924 -225.2500000 3.9218750
-116.2499924 -223.7500000 3.9218750
-116.3124924 -223.5000000 3.9023438
-116.5624924 -223.7500000 3.8867188
-116.3124924 -223.6250000 3.8945312
-116.3749924 -223.6250000 3.8867188
-116.4999924 -225.0000000 3.8867188
-116.4374924 -225.2500000 3.8671875
-116.7499924 -225.6250000 3.8984375
-116.6874924 -225.1250000 3.8847656
-116.6874924 -225.2500000 3.8730469
-116.4999924 -225.7500000 3.8730469
-116.1249924 -225.2500000 3.8867188
-116.3124924 -225.6250000 3.8769531
-116.3124924 -226.5000000 3.8750000
-116.4374924 -227.2500000 3.8593750
-116.4374924 -228.0000000 3.8632812
-116.8749924 -227.5000000 3.8632812
-116.5624924 -227.6250000 3.8613281
-116.4999924 -227.1250000 3.8554688
-116.6249924 -226.5000000 3.8652344
-116.6249924 -226.5000000 3.8632812
-116.4374924 -227.3750000 3.8632812
-116.4374924 -227.1250000 3.8535156
-116.3124924 -227.7500000 3.8515625
-116.4374924 -228.1250000 3.8437500
-116.3124924 -228.6250000 3.8554688
-116.3124924 -228.2500000 3.8593750
-116.4374924 -228.8750000 3.8867188
-116.3124924 -228.5000000 3.8789062
-116.5624924 -228.8750000 3.8554688
-116.3124924 -228.2500000 3.8554688
-116.2499924 -228.2500000 3.8671875
-116.1874924 -228.3750000 3.8632812
-116.3124924 -229.7500000 3.8828125
-115.9374924 -229.3750000 3.8906250
-115.9999924 -229.5000000 3.8964844
-116.0624924 -229.2500000 3.8730469
-116.1874924 -228.8750000 3.8769531
-116.2499924 -229.6250000 3.8769531
-115.8749924 -230.0000000 3.8906250
-116.2499924 -230.3750000 3.8906250
-115.7499924 -231.8750000 3.9101562
-115.9999924 -231.2500000 3.9062500
-115.9999924 -231.6250000 3.9140625
-115.7499924 -233.5000000 3.9296875
-115.5624924 -234.3750000 3.9296875
-115.9999924 -232.8750000 3.9179688
-115.6874924 -234.7500000 3.9453125
-115.4374924 -235.8750000 3.9492188
-115.6874924 -235.0000000 3.9375000
-115.8124924 -234.8750000 3.9335938
-115.4374924 -236.0000000 3.9453125
-115.6874924 -234.8750000 3.9296875
-115.6874924 -234.5000000 3.9140625
-115.5624924 -236.0000000 3.9296875
-115.8124924 -236.7500000 3.9296875
-115.6874924 -234.0000000 3.9218750
-115.4999924 -237.1250000 3.9375000
-115.7499924 -234.6250000 3.9218750
-115.6249924 -235.1250000 3.9335938
-115.5624924 -236.6250000 3.9492188
-115.4999924 -236.3750000 3.9570312
-115.6874924 -238.6250000 3.9687500
-115.9374924 -239.3750000 3.9570312
-115.9374924 -238.5000000 3.9570312
-115.6874924 -237.5000000 3.9531250
-115.8124924 -237.8750000 3.9492188
-115.8124924 -239.5000000 3.9648438
-115.8749924 -239.0000000 3.9609375
-115.7499924 -241.2500000 3.9726562
-115.6874924 -240.3750000 3.9609375
-115.8124924 -238.6250000 3.9531250
-115.6874924 -240.1250000 3.9570312
-115.7499924 -238.6250000 3.9531250
-115.8124924 -240.1250000 3.9570312
-115.6249924 -238.3750000 3.9570312
-115.8749924 -239.0000000 3.9609375
-115.8124924 -239.3750000 3.9648438
-115.8749924 -241.0000000 3.9648438
-115.7499924 -241.7500000 3.9609375
-115.8124924 -240.5000000 3.9492188
-115.4374924 -241.1250000 3.9570312
-115.5624924 -240.0000000 3.9609375
-115.3124924 -241.8750000 3.9726562
-115.4999924 -241.5000000 3.9609375
-115.5624924 -242.1250000 3.9648438
-115.5624924 -240.3750000 3.9531250
-115.3749924 -241.3750000 3.9726562
-115.4374924 -241.1250000 3.9648438
-115.3749924 -242.1250000 3.9648438
-115.3749924 -242.5000000 3.9804688
-115.4999924 -243.5000000 3.9804688
-115.4374924 -242.7500000 3.9726562
-115.4374924 -244.2500000 3.9687500
-115.2499924 -245.1250000 3.9804688
-115.4374924 -245.1250000 3.9765625
-115.1874924 -245.3750000 3.9687500
-115.3749924 -246.2500000 3.9726562
-115.4374924 -245.6250000 3.9687500
-115.3124924 -245.3750000 3.9648438
-115.2499924 -245.3750000 3.9609375
-115.4374924 -246.2500000 3.9687500
-115.4999924 -246.7500000 3.9726562
-115.3124924 -247.3750000 3.9804688
-115.4374924 -247.0000000 3.9765625
-115.5624924 -247.1250000 3.9804688
-115.5624924 -250.2500000 3.9882812
-115.6874924 -248.3750000 3.9804688
-115.5624924 -249.2500000 3.9804688
-115.4999924 -248.5000000 3.9804688
-115.4374924 -248.7500000 3.9882812
-115.8749924 -252.7500000 4.0039062
-115.6249924 -250.6250000 3.9960938
-115.6249924 -250.2500000 3.9960938
-115.5624924 -250.6250000 3.9921875
-115.5624924 -250.0000000 4.0000000
-115.7499924 -249.5000000 4.0000000
-115.6249924 -251.3750000 4.0039062
-115.4999924 -249.6250000 3.9843750
-115.6249924 -251.3750000 4.0000000
-115.5624924 -251.5000000 3.9960938
-115.5624924 -252.0000000 4.0039062
-115.4999924 -252.5000000 4.0117188
-115.5624924 -253.5000000 4.0117188
-115.4999924 -252.5000000 4.0039062
-115.4999924 -253.6250000 4.0156250
-115.7499924 -254.1250000 4.0117188
-115.6874924 -253.2500000 4.0117188
-115.6874924 -253.7500000 4.0156250
-115.6249924 -254.6250000 4.0195312
-115.6874924 -255.6250000 4.0234375
-115.6874924 -254.2500000 4.0117188
-115.4999924 -254.2500000 4.0195312
-115.6874924 -255.0000000 4.0195312
-115.7499924 -256.0000000 4.0312500
-115.6874924 -257.0000000 4.0351562
-115.5624924 -255.8750000 4.0390625
-115.6874924 -257.2500000 4.0468750
-115.4999924 -256.7500000 4.0429688
-115.6249924 -257.5000000 4.0429688
-115.7499924 -258.2500000 4.0507812
-115.7499924 -259.2500000 4.0468750
-115.5624924 -257.5000000 4.0429688
-115.6874924 -259.0000000 4.0546875
-115.6249924 -260.0000000 4.0703125
-115.6874924 -260.0000000 4.0664062
-115.6874924 -261.0000000 4.0742188
-115.7499924 -260.0000000 4.0664062
-115.7499924 -259.5000000 4.0546875
-115.6874924 -261.2500000 4.0781250
-115.8124924 -263.0000000 4.0898438
-115.8124924 -262.2500000 4.0820312
-115.8124924 -260.2500000 4.0546875
-115.8124924 -262.0000000 4.0742188
-115.8124924 -263.5000000 4.0898438
-115.7499924 -264.2500000 4.1015625
-115.7499924 -265.7500000 4.1093750
-115.8124924 -264.2500000 4.0937500
-115.8749924 -263.2500000 4.0820312
-115.6249924 -263.2500000 4.0898438
-115.6874924 -263.2500000 4.0976562
-115.6249924 -264.0000000 4.1054688
-115.6874924 -265.2500000 4.1250000
-115.4999924 -265.0000000 4.1289062
-115.5624924 -265.0000000 4.1210938
-115.6249924 -264.5000000 4.1328125
-115.7499924 -265.7500000 4.1289062
-115.6874924 -266.5000000 4.1523438
-115.6874924 -266.2500000 4.1445312
-115.6249924 -266.2500000 4.1367188
-115.7499924 -266.0000000 4.1328125
-115.6874924 -266.2500000 4.1250000
-115.8124924 -266.7500000 4.1445312
-115.6249924 -266.2500000 4.1367188
-115.8124924 -266.5000000 4.1406250
-115.8124924 -267.5000000 4.1484375
-115.8749924 -266.7500000 4.1445312
-115.8749924 -269.0000000 4.1796875
-115.6874924 -267.7500000 4.1523438
-116.1874924 -269.2500000 4.1875000
-116.1249924 -269.0000000 4.1992188
-115.6249924 -267.5000000 4.1640625
-115.8124924 -269.0000000 4.1835938
-115.9999924 -268.7500000 4.1875000
-115.9999924 -270.0000000 4.1914062
-115.8124924 -270.2500000 4.1875000
-115.8749924 -270.7500000 4.1953125
-115.9999924 -271.0000000 4.1992188
-115.9999924 -271.0000000 4.2226562
-115.9999924 -271.5000000 4.1992188
-116.1249924 -272.0000000 4.2304688
-116.1249924 -272.5000000 4.2500000
-115.9999924 -272.7500000 4.2460938
-116.0624924 -273.2500000 4.2539062
-116.1874924 -274.0000000 4.2656250
-116.1249924 -273.7500000 4.2773438
-116.1874924 -274.5000000 4.2734375
-116.1249924 -274.5000000 4.2421875
-116.1874924 -273.7500000 4.2421875
-116.1874924 -275.5000000 4.2656250
-116.3124924 -275.2500000 4.2382812
-116.2499924 -275.2500000 4.2578125
-116.3124924 -276.0000000 4.2539062
-116.0624924 -275.5000000 4.2695312
-116.2499924 -276.0000000 4.2617188
-116.3749924 -276.0000000 4.2460938
-116.1874924 -276.2500000 4.2500000
-116.2499924 -276.2500000 4.2460938
-116.3124924 -276.7500000 4.2382812
-116.0624924 -277.0000000 4.2265625
-116.3749924 -277.2500000 4.2851562
-118.3749924 -280.5000000 4.3750000
-118.0624924 -281.2500000 4.3750000
-116.7499924 -279.7500000 4.3320312
-116.3124924 -279.2500000 4.3007812
-116.1874924 -278.2500000 4.2539062
-116.3124924 -278.7500000 4.2421875
-116.3749924 -278.0000000 4.2304688
-116.4374924 -278.5000000 4.2382812
-116.4999924 -278.5000000 4.2617188
-116.3749924 -278.2500000 4.2617188
-116.4374924 -278.2500000 4.2617188
-116.2499924 -277.7500000 4.2812500
-116.1874924 -277.5000000 4.2851562
-116.3124924 -277.5000000 4.2851562
-116.3124924 -278.2500000 4.2773438
-116.3749924 -278.2500000 4.2773438
-116.4999924 -278.0000000 4.2617188
-116.4374924 -278.2500000 4.2656250
-116.3749924 -278.2500000 4.2617188
-116.3749924 -278.0000000 4.2500000
-116.4374924 -278.0000000 4.2421875
-116.3749924 -278.0000000 4.2382812
-116.3749924 -277.7500000 4.2265625
-116.4999924 -278.5000000 4.2343750
-116.3749924 -278.2500000 4.2343750
-116.4374924 -278.0000000 4.2343750
-116.4374924 -278.2500000 4.2343750
-116.3749924 -278.2500000 4.2460938
-116.3749924 -278.2500000 4.2539062
-116.3749924 -277.5000000 4.2578125
-116.4374924 -278.5000000 4.2617188
-116.3749924 -277.7500000 4.2500000
-116.3124924 -278.2500000 4.2773438
-116.2499924 -278.0000000 4.2656250
-116.2499924 -278.2500000 4.2851562
-116.2499924 -278.2500000 4.2812500
-116.1249924 -279.0000000 4.2851562
-116.1874924 -278.0000000 4.2812500
-116.2499924 -278.5000000 4.2890625
-116.3749924 -278.7500000 4.2812500
-116.3124924 -278.0000000 4.2734375
-116.5624924 -279.0000000 4.2578125
-116.4999924 -279.0000000 4.2460938
-116.4374924 -279.2500000 4.2500000
-116.4374924 -279.7500000 4.2617188
-116.4374924 -279.2500000 4.2656250
-116.3749924 -279.7500000 4.2851562
-116.6249924 -279.7500000 4.2851562
-116.4999924 -279.2500000 4.2968750
-116.4999924 -279.0000000 4.2734375
-116.4999924 -279.5000000 4.2890625
-116.4374924 -279.2500000 4.3007812
-116.4999924 -279.7500000 4.3007812
-116.3124924 -281.5000000 4.2812500
-116.5624924 -280.7500000 4.3203125
-116.4374924 -281.0000000 4.2578125
-116.3749924 -280.2500000 4.2500000
-116.3749924 -280.5000000 4.2421875
-116.4999924 -280.7500000 4.2539062
-116.6874924 -281.2500000 4.2851562
-116.4999924 -280.7500000 4.2851562
-116.7499924 -280.7500000 4.2812500
-116.4374924 -280.7500000 4.2773438
-116.2499924 -280.2500000 4.2617188
-116.4374924 -280.5000000 4.2851562
-116.3749924 -280.7500000 4.2656250
-116.4999924 -280.5000000 4.2617188
-116.4374924 -279.7500000 4.2812500
-116.3749924 -280.2500000 4.2617188
-116.4374924 -279.7500000 4.2578125
-116.3749924 -280.5000000 4.2343750
-116.4374924 -280.2500000 4.2617188
-116.3749924 -280.0000000 4.2421875
-116.3749924 -280.2500000 4.2500000
-116.3749924 -280.0000000 4.2421875
-116.3749924 -280.0000000 4.2460938
-116.3124924 -281.0000000 4.2617188
-116.3124924 -281.0000000 4.2617188
-116.4374924 -281.5000000 4.2656250
-116.4374924 -281.5000000 4.2734375
-116.4999924 -280.7500000 4.2656250
-116.4999924 -281.0000000 4.2617188
-116.5624924 -280.5000000 4.2656250
-116.4999924 -281.0000000 4.2617188
-116.4999924 -281.2500000 4.2656250
-116.5624924 -280.5000000 4.2773438
-116.4999924 -281.2500000 4.2656250
-116.4374924 -281.2500000 4.2773438
-116.4374924 -281.2500000 4.2773438
-116.4374924 -281.2500000 4.2617188
-116.3749924 -281.2500000 4.2656250
-116.3749924 -281.7500000 4.2578125
-116.4374924 -282.0000000 4.2695312
-116.4374924 -282.0000000 4.2617188
-116.3749924 -281.5000000 4.2539062
-116.2499924 -281.0000000 4.2656250
-116.4374924 -281.2500000 4.2421875
-116.4999924 -281.5000000 4.2656250
-116.4999924 -281.2500000 4.2617188
-116.5624924 -281.2500000 4.2695312
-116.5624924 -281.2500000 4.2773438
-116.3749924 -281.2500000 4.2851562
-116.4999924 -281.2500000 4.2812500
-116.4374924 -281.0000000 4.2773438
-116.3124924 -281.2500000 4.2734375
-116.3749924 -281.2500000 4.2617188
-116.3749924 -281.2500000 4.2695312
-116.2499924 -281.5000000 4.2656250
-116.3749924 -281.2500000 4.2617188
-116.4374924 -281.2500000 4.2734375
-116.3124924 -281.5000000 4.2929688
-116.4374924 -281.7500000 4.2812500
-116.3749924 -281.5000000 4.2656250
-116.3749924 -281.5000000 4.2734375
-116.4999924 -281.0000000 4.2773438
-116.3749924 -281.2500000 4.2656250
-115.9999924 -281.2500000 4.3203125
-116.1249924 -280.5000000 4.3164062
-116.1874924 -281.0000000 4.2968750
-116.2499924 -281.2500000 4.3007812
-116.2499924 -281.0000000 4.3125000
-116.1874924 -281.7500000 4.3203125
-116.3749924 -282.5000000 4.3320312
-116.3749924 -281.7500000 4.3203125
-116.0624924 -281.7500000 4.3242188
-116.1874924 -281.5000000 4.3164062
-116.3124924 -282.2500000 4.3125000
-116.4374924 -282.5000000 4.2929688
-116.5624924 -282.5000000 4.2812500
-116.5624924 -283.2500000 4.2890625
-116.6249924 -283.2500000 4.2929688
-116.6249924 -283.2500000 4.2968750
-116.6874924 -283.7500000 4.3007812
-116.9374924 -283.2500000 4.3085938
-116.6249924 -282.7500000 4.3046875
-116.5624924 -283.7500000 4.3164062
-116.6249924 -282.5000000 4.3085938
-116.8124924 -284.5000000 4.3476562
-116.4999924 -285.2500000 4.3476562
-116.1874924 -286.2500000 4.3359375
-115.4999924 -285.0000000 4.3554688
-115.1874924 -285.2500000 4.4023438
-115.0624924 -285.0000000 4.3828125
-114.9374924 -284.2500000 4.3671875
-114.9999924 -284.0000000 4.3789062
-115.2499924 -283.7500000 4.3710938
-115.1874924 -284.0000000 4.3750000
-115.1874924 -283.7500000 4.3515625
-115.2499924 -284.5000000 4.3750000
-115.4999924 -285.2500000 4.3867188
-115.2499924 -285.2500000 4.3750000
-114.4374924 -283.5000000 4.3828125
-114.4374924 -284.2500000 4.3828125
-113.6249924 -284.0000000 4.3984375
-113.9999924 -284.7500000 4.4101562
-113.8124924 -284.7500000 4.3945312
-113.2499924 -284.5000000 4.3984375
-113.1249924 -284.5000000 4.4101562
-112.7499924 -284.0000000 4.4257812
-112.4374924 -284.2500000 4.4257812
-112.1874924 -284.0000000 4.4140625
-112.7499924 -284.0000000 4.4140625
-112.8124924 -283.2500000 4.3945312
-113.1874924 -283.7500000 4.3945312
-112.6874924 -284.0000000 4.4218750
-111.9374924 -284.0000000 4.4296875
-111.3749924 -284.0000000 4.4257812
-111.6249924 -284.2500000 4.4296875
-110.6249924 -283.5000000 4.4453125
-109.1249924 -282.5000000 4.4414062
-108.6874924 -282.7500000 4.4609375
-108.4374924 -283.0000000 4.4648438
-108.3749924 -282.7500000 4.4648438
-108.3749924 -282.7500000 4.4726562
-109.3124924 -283.7500000 4.4765625
-108.6874924 -283.7500000 4.4687500
-109.4374924 -283.7500000 4.4726562
-109.1874924 -283.7500000 4.4765625
-109.3749924 -283.5000000 4.4726562
-109.3749924 -283.2500000 4.4765625
-108.8749924 -283.2500000 4.4726562
-108.5624924 -283.2500000 4.4765625
-108.4374924 -282.5000000 4.4882812
-108.0624924 -282.2500000 4.4843750
-107.9374924 -282.0000000 4.4726562
-107.1249924 -282.2500000 4.4804688
-107.8749924 -282.2500000 4.4726562
-107.1249924 -282.2500000 4.4687500
-106.3749924 -282.5000000 4.4765625
-106.1249924 -282.5000000 4.4843750
-105.9374924 -281.7500000 4.4804688
-107.1249924 -282.2500000 4.4609375
-105.8124924 -281.7500000 4.4726562
-105.7499924 -280.7500000 4.4492188
-106.0624924 -281.0000000 4.4414062
-105.0624924 -281.2500000 4.4335938
-105.4374924 -281.2500000 4.4492188
-104.1249924 -281.0000000 4.4335938
-104.9374924 -281.2500000 4.4531250
-104.8749924 -281.5000000 4.4531250
-104.4374924 -281.5000000 4.4804688
-103.9999924 -281.5000000 4.4882812
-103.2499924 -281.2500000 4.4726562
-104.1249924 -281.2500000 4.4882812
-101.6874924 -281.5000000 4.4804688
-101.4999924 -281.5000000 4.4765625
-101.9374924 -281.5000000 4.4726562
-101.6249924 -281.7500000 4.4804688
-101.9374924 -281.2500000 4.4804688
-101.6874924 -281.5000000 4.4765625
-101.9999924 -281.5000000 4.4804688
-100.6249924 -281.2500000 4.4804688
-101.3124924 -281.5000000 4.4765625
-101.9374924 -281.5000000 4.4765625
-100.9374924 -281.5000000 4.4726562
-100.9374924 -281.5000000 4.4687500
-100.0624924 -281.7500000 4.4726562
-99.9999924 -281.5000000 4.4609375
-100.0624924 -281.7500000 4.4726562
-99.3124924 -281.5000000 4.4492188
-99.9374924 -281.7500000 4.4648438
-98.6249924 -281.5000000 4.4648438
-97.8749924 -281.5000000 4.4765625
-98.1249924 -281.7500000 4.4882812
-98.8124924 -281.5000000 4.4882812
-96.3124924 -282.0000000 4.4921875
-96.4999924 -281.7500000 4.4882812
-96.9374924 -281.7500000 4.5000000
-95.4374924 -281.5000000 4.4765625
-96.5624924 -282.2500000 4.4882812
-97.1874924 -281.5000000 4.5000000
-94.3749924 -281.5000000 4.4726562
-94.4999924 -282.0000000 4.4687500
-94.5624924 -281.7500000 4.4765625
-94.8124924 -281.7500000 4.4765625
-94.5624924 -281.7500000 4.4765625
-94.5624924 -281.7500000 4.4843750
-93.6874924 -282.0000000 4.4726562
-93.1874924 -281.7500000 4.4570312
-94.7499924 -282.0000000 4.4843750
-94.1249924 -281.7500000 4.4648438
-92.6249924 -281.7500000 4.4726562
-93.4374924 -282.2500000 4.4843750
-92.8749924 -282.0000000 4.4765625
-92.5624924 -282.2500000 4.4648438
-92.3749924 -282.0000000 4.4804688
-91.6249924 -281.7500000 4.4609375
-91.0624924 -282.0000000 4.4531250
-90.8749924 -282.2500000 4.4687500
-90.8124924 -282.0000000 4.4492188
-90.7499924 -282.2500000 4.4609375
-89.6249924 -282.2500000 4.4531250
-89.8749924 -282.2500000 4.4453125
-89.7499924 -282.2500000 4.4609375
-90.4374924 -282.0000000 4.4687500
-89.8124924 -282.5000000 4.4570312
-88.4999924 -282.0000000 4.4609375
-88.4374924 -282.2500000 4.4492188
-87.4374924 -281.7500000 4.4218750
-87.5624924 -281.2500000 4.4531250
-86.7499924 -281.0000000 4.4257812
-85.9374924 -280.7500000 4.4257812
-85.6249924 -281.0000000 4.4375000
-84.9374924 -281.2500000 4.4414062
-85.1249924 -280.5000000 4.4687500
-85.1249924 -281.0000000 4.4218750
-84.6249924 -280.7500000 4.4375000
-83.8749924 -281.2500000 4.4335938
-83.9374924 -281.5000000 4.4531250
-83.6249924 -281.7500000 4.4843750
-83.4374924 -282.2500000 4.4765625
-83.1874924 -282.2500000 4.4960938
-82.8124924 -281.5000000 4.4960938
-82.8124924 -282.0000000 4.5156250
-82.6874924 -281.5000000 4.4960938
-82.3124924 -281.2500000 4.4921875
-82.3124924 -281.0000000 4.5078125
-83.0624924 -281.7500000 4.4921875
-83.1874924 -281.5000000 4.5234375
-82.8124924 -282.5000000 4.5039062
-82.5624924 -280.5000000 4.5156250
-82.5624924 -280.7500000 4.5117188
-82.3749924 -281.5000000 4.5195312
-82.2499924 -281.0000000 4.5195312
-81.6874924 -279.2500000 4.5195312
-81.4374924 -280.0000000 4.5468750
-81.8124924 -280.5000000 4.5429688
-81.8749924 -281.0000000 4.5468750
-81.8749924 -281.5000000 4.5273438
-81.3124924 -279.2500000 4.5468750
-80.9374924 -279.2500000 4.5546875
-80.8124924 -279.0000000 4.5273438
-80.2499924 -279.0000000 4.5234375
-79.8749924 -278.0000000 4.5117188
-80.1249924 -278.5000000 4.5234375
-79.8124924 -277.2500000 4.5195312
-79.4999924 -277.7500000 4.5273438
-79.6249924 -277.5000000 4.5156250
-79.6249924 -277.0000000 4.5156250
-80.1249924 -277.7500000 4.5273438
-78.9999924 -276.0000000 4.5468750
-78.6874924 -275.7500000 4.5468750
-78.1249924 -275.2500000 4.5195312
-77.9374924 -274.5000000 4.5273438
-77.8749924 -274.7500000 4.5195312
-77.8124924 -275.0000000 4.5312500
-77.8124924 -274.5000000 4.5312500
-77.1249924 -273.5000000 4.5351562
-76.6249924 -272.0000000 4.5507812
-76.4999924 -273.0000000 4.5390625
-76.4374924 -272.5000000 4.5390625
-75.9999924 -272.0000000 4.5312500
-75.5624924 -272.0000000 4.5234375
-75.6874924 -271.0000000 4.5585938
-75.8749924 -271.2500000 4.5390625
-75.8749924 -271.0000000 4.5507812
-76.1249924 -271.2500000 4.5429688
-76.2499924 -271.0000000 4.5390625
-75.9374924 -269.2500000 4.5859375
-75.8749924 -269.5000000 4.5781250
-75.8124924 -270.2500000 4.5585938
-75.5624924 -269.5000000 4.5625000
-75.9999924 -270.0000000 4.5507812
-75.8124924 -269.2500000 4.5781250
-75.6249924 -268.7500000 4.5742188
-75.5624924 -267.7500000 4.5742188
-75.4999924 -268.5000000 4.5703125
-74.9999924 -267.7500000 4.5898438
-75.1249924 -267.5000000 4.5820312
-74.8749924 -267.5000000 4.5937500
-74.7499924 -266.5000000 4.5937500
-74.9374924 -266.7500000 4.5781250
-74.9374924 -266.2500000 4.5898438
-75.2499924 -267.2500000 4.5976562
-74.8749924 -266.0000000 4.5976562
-74.8124924 -265.5000000 4.5976562
-74.7499924 -264.7500000 4.6054688
-74.3749924 -264.7500000 4.5898438
-74.4374924 -264.2500000 4.5937500
-74.6249924 -263.5000000 4.6132812
-74.4999924 -264.0000000 4.6054688
-74.0624924 -263.7500000 4.5937500
-74.4999924 -263.5000000 4.6054688
-74.3749924 -264.2500000 4.5859375
-74.4999924 -264.0000000 4.5976562
-74.2499924 -263.2500000 4.6132812
-74.1874924 -262.5000000 4.6054688
-73.8749924 -261.5000000 4.6210938
-74.0624924 -262.2500000 4.6015625
-73.9374924 -262.2500000 4.6054688
-74.2499924 -261.2500000 4.6132812
-74.0624924 -260.0000000 4.6250000
-73.9374924 -260.0000000 4.6171875
-74.3124924 -260.2500000 4.6250000
-74.4999924 -261.7500000 4.6328125
-74.3124924 -261.0000000 4.6250000
-74.2499924 -260.7500000 4.6250000
-74.1249924 -259.5000000 4.6328125
-74.1249924 -259.2500000 4.6250000
-74.2499924 -259.5000000 4.6250000
-74.1249924 -259.0000000 4.6250000
-73.6874924 -257.7500000 4.6367188
-74.3124924 -258.7500000 4.6210938
-74.1249924 -258.0000000 4.6367188
-74.1874924 -258.2500000 4.6289062
-74.2499924 -256.7500000 4.6445312
-74.0624924 -257.2500000 4.6367188
-73.8749924 -257.5000000 4.6250000
-73.9374924 -256.7500000 4.6406250
-73.3749924 -257.2500000 4.6445312
-73.9999924 -256.7500000 4.6445312
-73.9999924 -255.6250000 4.6601562
-74.2499924 -255.0000000 4.6445312
-74.1874924 -255.5000000 4.6523438
-73.6874924 -255.5000000 4.6484375
-73.8749924 -255.5000000 4.6562500
-74.4374924 -256.7500000 4.6835938
-75.2499924 -255.7500000 4.7031250
-74.3749924 -255.1250000 4.6718750
-73.7499924 -254.2500000 4.6562500
-73.6249924 -256.7500000 4.6835938
-73.3749924 -256.2500000 4.6718750
-73.3749924 -253.5000000 4.6835938
-73.5624924 -255.2500000 4.6640625
-73.3749924 -255.0000000 4.6757812
-73.3749924 -254.5000000 4.6914062
-73.6249924 -253.6250000 4.6914062
-73.0624924 -252.0000000 4.6640625
-73.9374924 -251.8750000 4.6796875
-73.8749924 -250.8750000 4.6718750
-73.6249924 -253.2500000 4.6562500
-73.4999924 -252.7500000 4.6601562
-72.9374924 -251.0000000 4.6484375
-73.6249924 -250.8750000 4.6835938
-73.5624924 -250.7500000 4.6718750
-73.5624924 -251.3750000 4.6601562
-73.4374924 -252.5000000 4.6601562
-73.3124924 -250.7500000 4.6640625
-73.6249924 -251.0000000 4.6757812
-73.4374924 -249.7500000 4.6601562
-73.7499924 -249.6250000 4.6757812
-72.9999924 -248.3750000 4.6796875
-72.9999924 -249.1250000 4.6679688
-73.6249924 -248.6250000 4.6796875
-73.0624924 -247.0000000 4.6796875
-73.4374924 -247.1250000 4.6875000
-73.3124924 -246.7500000 4.6835938
-73.5624924 -245.8750000 4.6914062
-73.8749924 -247.5000000 4.6875000
-73.7499924 -247.0000000 4.6796875
-74.0624924 -246.5000000 4.6914062
-73.6249924 -246.3750000 4.6875000
-73.9999924 -245.8750000 4.6796875
-74.4374924 -245.1250000 4.6875000
-74.1249924 -245.8750000 4.6718750
-74.0624924 -245.3750000 4.6835938
-74.2499924 -245.5000000 4.6914062
-74.0624924 -245.2500000 4.6835938
-74.3124924 -245.6250000 4.6757812
-73.9374924 -244.6250000 4.6835938
-74.1874924 -245.2500000 4.6757812
-74.1874924 -245.5000000 4.6875000
-74.0624924 -245.0000000 4.6796875
-73.9999924 -246.5000000 4.6757812
-73.7499924 -244.5000000 4.6718750
-74.4999924 -245.7500000 4.6835938
-73.9999924 -242.8750000 4.6914062
-73.6249924 -242.3750000 4.6953125
-74.3124924 -243.5000000 4.6914062
-74.0624924 -242.1250000 4.6796875
-74.4374924 -242.8750000 4.6835938
-74.6249924 -243.1250000 4.6757812
-74.2499924 -242.6250000 4.6835938
-74.3124924 -241.5000000 4.6914062
-74.2499924 -240.2500000 4.6796875
-73.8749924 -240.1250000 4.6953125
-74.4374924 -240.8750000 4.6835938
-74.3749924 -239.8750000 4.6757812
-74.9374924 -240.3750000 4.6718750
-74.4999924 -240.5000000 4.6796875
-74.4374924 -238.2500000 4.6835938
-74.9999924 -240.0000000 4.6796875
-73.9999924 -239.1250000 4.6875000
-74.3749924 -238.3750000 4.6757812
-74.3749924 -238.3750000 4.6757812
-74.3124924 -238.8750000 4.6796875
-74.4999924 -238.8750000 4.6757812
-73.9999924 -237.8750000 4.6796875
-74.6874924 -238.3750000 4.6718750
-73.9999924 -237.3750000 4.6679688
-74.2499924 -238.0000000 4.6562500
-74.0624924 -238.6250000 4.6640625
-73.5624924 -236.8750000 4.6523438
-74.2499924 -237.6250000 4.6562500
-74.0624924 -237.1250000 4.6523438
-74.1874924 -236.2500000 4.6562500
-74.6874924 -235.6250000 4.6679688
-73.7499924 -235.5000000 4.6679688
-74.3124924 -234.8750000 4.6679688
-74.5624924 -234.1250000 4.6640625
-73.7499924 -233.3750000 4.6601562
-74.4374924 -233.3750000 4.6679688
-74.4374924 -233.6250000 4.6640625
-74.9999924 -235.1250000 4.6523438
-74.7499924 -233.1250000 4.6445312
-75.2499924 -235.8750000 4.6679688
-74.6874924 -233.0000000 4.6250000
-74.3749924 -231.3750000 4.6328125
-74.0624924 -231.1250000 4.6445312
-73.8124924 -231.6250000 4.6367188
-74.0624924 -231.5000000 4.6289062
-73.9999924 -232.6250000 4.6289062
-73.9999924 -231.2500000 4.6250000
-74.1249924 -231.7500000 4.6210938
-73.0624924 -230.6250000 4.6132812
-73.3124924 -229.8750000 4.6054688
-73.3749924 -229.6250000 4.6054688
-73.6249924 -228.7500000 4.5937500
-73.5624924 -229.8750000 4.6132812
-73.6874924 -228.1250000 4.6171875
-73.8124924 -227.5000000 4.6015625
-74.0624924 -228.6250000 4.6250000
-74.1249924 -228.2500000 4.6132812
-73.8749924 -226.7500000 4.5898438
-74.2499924 -226.8750000 4.5976562
-73.4999924 -226.1250000 4.5976562
-73.6874924 -226.8750000 4.6054688
-73.3749924 -226.8750000 4.6132812
-73.4999924 -226.5000000 4.5781250
-73.6874924 -226.1250000 4.5976562
-73.5624924 -225.5000000 4.5859375
-73.4999924 -225.3750000 4.5703125
-73.4999924 -224.1250000 4.5468750
-73.9374924 -223.1250000 4.5234375
-73.2499924 -224.0000000 4.5429688
-73.6874924 -224.2500000 4.5585938
-73.6874924 -223.2500000 4.5351562
-73.4999924 -222.7500000 4.5390625
-73.7499924 -222.0000000 4.5312500
-73.6249924 -221.8750000 4.5234375
-73.4999924 -220.3750000 4.4921875
-73.3124924 -220.7500000 4.5039062
-73.4999924 -220.8750000 4.4882812
-73.3124924 -220.2500000 4.4804688
-73.2499924 -218.5000000 4.4492188
-73.4374924 -219.6250000 4.4570312
-73.4999924 -218.6250000 4.4570312
-73.0624924 -219.3750000 4.4648438
-73.4999924 -218.6250000 4.4414062
-73.5624924 -217.2500000 4.4140625
-73.3124924 -218.0000000 4.4375000
-73.4999924 -218.5000000 4.4375000
-73.6249924 -218.8750000 4.4453125
-73.4999924 -216.8750000 4.4023438
-73.5624924 -216.8750000 4.4023438
-73.3749924 -216.2500000 4.3945312
-73.4999924 -217.5000000 4.4257812
-73.6874924 -216.5000000 4.4101562
-73.3124924 -215.7500000 4.3828125
-73.6249924 -215.5000000 4.3789062
-73.3124924 -214.6250000 4.3554688
-73.5624924 -214.6250000 4.3632812
-73.4374924 -214.3750000 4.3515625
-73.4999924 -214.3750000 4.3515625
-73.3749924 -213.5000000 4.3359375
-73.1874924 -213.8750000 4.3359375
-73.2499924 -213.0000000 4.3242188
-72.9999924 -213.6250000 4.3242188
-73.1249924 -213.3750000 4.3320312
-73.2499924 -213.8750000 4.3398438
-73.1249924 -213.1250000 4.3203125
-72.9999924 -214.0000000 4.3476562
-73.2499924 -215.0000000 4.3710938
-72.9374924 -213.2500000 4.3281250
-73.1249924 -212.5000000 4.3242188
-73.0624924 -212.7500000 4.3164062
-73.1249924 -212.6250000 4.3164062
-73.1249924 -211.1250000 4.2851562
-72.9999924 -212.8750000 4.3164062
-73.1249924 -210.6250000 4.2851562
-73.2499924 -209.7500000 4.2617188
-73.3749924 -209.8750000 4.2656250
-73.5624924 -210.2500000 4.2734375
-73.4999924 -210.3750000 4.2773438
-73.4999924 -209.7500000 4.2617188
-73.4374924 -209.0000000 4.2460938
-73.5624924 -208.7500000 4.2617188
-73.6249924 -207.8750000 4.2460938
-73.6249924 -208.2500000 4.2539062
-73.6249924 -207.5000000 4.2226562
-73.5624924 -208.1250000 4.2382812
-73.6874924 -207.2500000 4.2109375
-73.5624924 -206.7500000 4.2070312
-73.6874924 -206.2500000 4.2226562
-73.2499924 -205.7500000 4.2304688
-73.2499924 -204.5000000 4.2382812
-73.1874924 -205.5000000 4.2226562
-73.5624924 -206.8750000 4.2109375
-74.4374924 -208.2500000 4.2812500
-73.6249924 -205.8750000 4.2187500
-73.5624924 -207.5000000 4.2265625
-73.6874924 -206.1250000 4.2031250
-73.7499924 -206.5000000 4.2187500
-73.4999924 -207.2500000 4.2265625
-73.7499924 -204.7500000 4.1914062
-73.8124924 -206.0000000 4.2148438
-73.9374924 -204.0000000 4.1992188
-73.5624924 -204.1250000 4.2031250
-73.6249924 -203.3750000 4.1992188
-73.6249924 -203.5000000 4.2031250
-73.9374924 -202.2500000 4.1992188
-73.6249924 -202.6250000 4.2031250
-73.3749924 -202.0000000 4.2109375
-73.6249924 -200.7500000 4.2070312
-73.5624924 -201.5000000 4.1953125
-73.6874924 -201.2500000 4.1992188
-73.8124924 -200.7500000 4.1835938
-73.8124924 -201.0000000 4.1953125
-73.9374924 -201.2500000 4.1835938
-74.0624924 -200.6250000 4.1757812
-74.2499924 -199.5000000 4.1718750
-74.2499924 -198.8750000 4.1757812
-74.0624924 -199.5000000 4.1875000
-73.8749924 -200.2500000 4.1914062
-73.9999924 -198.6250000 4.1640625
-74.3124924 -198.0000000 4.1796875
-74.2499924 -198.1250000 4.1835938
-74.5624924 -196.3750000 4.1914062
-74.1249924 -196.1250000 4.1875000
-74.2499924 -197.1250000 4.1875000
-74.4374924 -196.3750000 4.1835938
-74.3124924 -197.1250000 4.1757812
-74.2499924 -196.0000000 4.1757812
-74.4999924 -194.3750000 4.1992188
-74.4374924 -194.0000000 4.1875000
-74.6249924 -195.2500000 4.1914062
-74.3749924 -194.7500000 4.1875000
-74.4999924 -194.0000000 4.1914062
-74.2499924 -193.5000000 4.1835938
-74.5624924 -193.7500000 4.1757812
-74.4999924 -193.5000000 4.1875000
-74.4999924 -194.3750000 4.1757812
-74.5624924 -193.1250000 4.1953125
-74.5624924 -193.3750000 4.1914062
-74.4999924 -192.2500000 4.1992188
-74.4374924 -192.2500000 4.2031250
-74.5624924 -191.6250000 4.1953125
-74.6249924 -192.3750000 4.1992188
-74.5624924 -191.0000000 4.2070312
-74.4999924 -191.0000000 4.2070312
-74.8749924 -191.2500000 4.2109375
-74.6249924 -190.0000000 4.1992188
-74.5624924 -190.6250000 4.2031250
-74.5624924 -190.6250000 4.2031250
-74.6249924 -190.7500000 4.1992188
-74.6249924 -188.6250000 4.2031250
-74.4999924 -189.2500000 4.1953125
-74.3749924 -189.6250000 4.2031250
-74.5624924 -189.3750000 4.2031250
-74.6249924 -188.0000000 4.2109375
-74.7499924 -187.3750000 4.2109375
-74.4999924 -187.7500000 4.2031250
-73.9374924 -190.0000000 4.2070312
-74.3749924 -187.8750000 4.2109375
-74.6249924 -187.8750000 4.2109375
-74.4999924 -187.0000000 4.2031250
-74.8124924 -186.1250000 4.2031250
-74.4999924 -186.2500000 4.2031250
-74.5624924 -186.3750000 4.2070312
-74.6874924 -187.8750000 4.1953125
-74.6249924 -186.5000000 4.2226562
-74.4999924 -185.8750000 4.2070312
-74.3124924 -185.3750000 4.1992188
-74.4374924 -184.6250000 4.2148438
-74.6249924 -184.5000000 4.2187500
-74.1874924 -184.3750000 4.2148438
-74.6874924 -184.3750000 4.2031250
-74.3749924 -183.2500000 4.2304688
-74.6249924 -182.1250000 4.2382812
-74.6249924 -183.6250000 4.2109375
-74.7499924 -182.1250000 4.2304688
-74.7499924 -181.8750000 4.2226562
-74.5624924 -181.2500000 4.2304688
-74.5624924 -181.6250000 4.2421875
-74.5624924 -180.5000000 4.2226562
-74.5624924 -180.7500000 4.2304688
-74.7499924 -181.2500000 4.2382812
-74.7499924 -181.5000000 4.2226562
-74.6874924 -180.7500000 4.2500000
-74.5624924 -181.2500000 4.2500000
-74.6874924 -179.3750000 4.2343750
-74.5624924 -179.8750000 4.2226562
-74.8124924 -179.6250000 4.2343750
-74.6874924 -179.3750000 4.2382812
-74.8749924 -179.1250000 4.2382812
-75.0624924 -178.5000000 4.2187500
-75.3749924 -178.2500000 4.2109375
-74.9999924 -178.1250000 4.2070312
-75.1249924 -178.0000000 4.1953125
-75.1874924 -179.0000000 4.2031250
-75.1874924 -177.8750000 4.2187500
-74.9999924 -177.5000000 4.2148438
-74.9374924 -178.0000000 4.2109375
-74.9374924 -177.2500000 4.2343750
-75.0624924 -176.2500000 4.2148438
-74.7499924 -176.8750000 4.2304688
-74.6874924 -177.0000000 4.2226562
-74.6874924 -175.2500000 4.2421875
-74.6874924 -175.7500000 4.2382812
-74.7499924 -176.1250000 4.2343750
-74.9999924 -176.3750000 4.2382812
-74.9374924 -176.0000000 4.2500000
-74.8124924 -175.7500000 4.2226562
-74.9999924 -175.5000000 4.2226562
-75.2499924 -174.3750000 4.2109375
-74.9374924 -174.8750000 4.1914062
-75.1874924 -175.7500000 4.1757812
-75.2499924 -175.3750000 4.2031250
-75.1249924 -175.2500000 4.2148438
-75.1874924 -173.3750000 4.2109375
-75.3124924 -173.7500000 4.2031250
-74.9374924 -173.8750000 4.2226562
-75.0624924 -172.6250000 4.2187500
-75.1874924 -172.1250000 4.2187500
-75.3124924 -171.1250000 4.2109375
-75.1874924 -171.7500000 4.2265625
-75.1249924 -171.5000000 4.2265625
-75.1249924 -170.7500000 4.2226562
-75.1249924 -170.1250000 4.2343750
-75.3749924 -169.3750000 4.2265625
-75.7499924 -170.1250000 4.2226562
-75.1249924 -170.1250000 4.2265625
-75.1249924 -170.0000000 4.2226562
-75.1249924 -172.0000000 4.2460938
-75.1249924 -170.1250000 4.2421875
-75.1249924 -169.3750000 4.2382812
-75.1249924 -168.5000000 4.2382812
-75.3749924 -168.7500000 4.2226562
-75.1249924 -168.6250000 4.2226562
-75.3749924 -167.6250000 4.2343750
-75.1249924 -167.3750000 4.2070312
-75.2499924 -166.7500000 4.2226562
-75.2499924 -166.6250000 4.2109375
-75.1874924 -167.0000000 4.2265625
-74.9374924 -166.5000000 4.2187500
-75.1249924 -166.0000000 4.2148438
-74.7499924 -166.2500000 4.2226562
-75.2499924 -166.1250000 4.2187500
-75.1874924 -165.7500000 4.2226562
-75.1249924 -165.6250000 4.2265625
-75.3124924 -165.1250000 4.2265625
-74.7499924 -164.5000000 4.2226562
-74.6874924 -164.2500000 4.2148438
-74.8124924 -164.5000000 4.2187500
-74.3749924 -164.5000000 4.2148438
-74.3749924 -163.8750000 4.2187500
-74.1874924 -162.6250000 4.2070312
-73.8124924 -162.6250000 4.2148438
-73.3749924 -161.1250000 4.1796875
-73.5624924 -161.7500000 4.1992188
-73.5624924 -161.8750000 4.1992188
-73.1874924 -161.2500000 4.1875000
-73.0624924 -161.5000000 4.1953125
-72.8749924 -161.0000000 4.1875000
-73.6249924 -162.5000000 4.2031250
-72.5624924 -161.0000000 4.1835938
-73.4374924 -162.1250000 4.2031250
-73.4374924 -161.6250000 4.2031250
-72.8124924 -161.3750000 4.1992188
-72.3124924 -160.2500000 4.1601562
-72.4999924 -160.8750000 4.1796875
-71.9374924 -160.0000000 4.1640625
-72.1249924 -160.2500000 4.1757812
-71.4999924 -159.5000000 4.1484375
-71.1249924 -159.3750000 4.1328125
-71.6874924 -160.0000000 4.1640625
-71.0624924 -159.5000000 4.1484375
-70.5624924 -158.7500000 4.1367188
-69.6874924 -157.5000000 4.1015625
-68.8749924 -157.1250000 4.0898438
-69.8124924 -157.6250000 4.1093750
-69.5624924 -157.6250000 4.1132812
-69.2499924 -157.3750000 4.1054688
-68.4374924 -156.3750000 4.0664062
-68.6249924 -156.6250000 4.0742188
-68.4999924 -156.2500000 4.0742188
-68.6874924 -156.8750000 4.0820312
-68.4374924 -156.3750000 4.0664062
-68.5624924 -156.5000000 4.0507812
-68.4999924 -156.0000000 4.0507812
-67.9999924 -155.3750000 4.0273438
-67.3749924 -154.8750000 4.0156250
-68.6249924 -155.7500000 4.0273438
-67.6874924 -155.3750000 4.0039062
-67.8124924 -155.2500000 4.0156250
-67.3124924 -154.8750000 4.0078125
-67.1874924 -154.6250000 4.0156250
-66.1249924 -153.7500000 4.0039062
-67.1249924 -154.6250000 4.0312500
-65.9999924 -154.1250000 3.9882812
-66.1249924 -154.1250000 3.9960938
-66.0624924 -154.0000000 4.0039062
-65.2499924 -153.1250000 3.9453125
-64.7499924 -153.1250000 3.9726562
-64.8749924 -152.8750000 3.9570312
-64.0624924 -152.0000000 3.9492188
-63.8124924 -151.2500000 3.9375000
-65.1874924 -153.0000000 3.9882812
-63.9374924 -151.6250000 3.9570312
-64.0624924 -151.6250000 3.9570312
-62.6249924 -150.7500000 3.9179688
-62.5937424 -150.7500000 3.9335938
-62.9999924 -150.3750000 3.9375000
-62.9374924 -151.0000000 3.9335938
-62.0312424 -149.7500000 3.9023438
-62.0312424 -150.1250000 3.9179688
-61.5624924 -149.3750000 3.9023438
-62.1562424 -150.0000000 3.9179688
-60.9374924 -148.8750000 3.8847656
-61.4374924 -149.3750000 3.8984375
-61.1874924 -149.3750000 3.8828125
-61.3124924 -149.3750000 3.8906250
-61.2499924 -149.0000000 3.8945312
-61.0312424 -148.7500000 3.8730469
-60.6874924 -148.5000000 3.8671875
-61.1249924 -148.6250000 3.8710938
-60.4687424 -148.0000000 3.8554688
-60.2499924 -148.2500000 3.8593750
-60.2812424 -148.2500000 3.8613281
-60.0624924 -147.7500000 3.8535156
-60.7499924 -148.2500000 3.8652344
-59.9062424 -147.5000000 3.8515625
-59.2187424 -147.1250000 3.8398438
-59.5937424 -147.2500000 3.8359375
-59.5312424 -147.3750000 3.8378906
-59.2812424 -147.0000000 3.8320312
-59.0312424 -146.8750000 3.8398438
-58.7187424 -146.6250000 3.8398438
-57.7187424 -145.3750000 3.8164062
-57.4374924 -145.2500000 3.8125000
-57.3749924 -145.2500000 3.8222656
-57.2499924 -144.6250000 3.8203125
-56.9687424 -144.8750000 3.8222656
-57.6562424 -145.3750000 3.8203125
-56.9062424 -144.5000000 3.8125000
-56.9374924 -144.6250000 3.8242188
-55.6562424 -143.1250000 3.8027344
-56.6874924 -144.3750000 3.8085938
-56.1249924 -143.5000000 3.8046875
-55.4374924 -143.1250000 3.8007812
-55.1562424 -142.7500000 3.7929688
-54.8749924 -142.2500000 3.7812500
-54.8437424 -142.1250000 3.7890625
-55.1562424 -142.6250000 3.7929688
-54.3124924 -141.8750000 3.7812500
-54.3437424 -142.0000000 3.7851562
-54.1249924 -141.6250000 3.7812500
-54.4062424 -142.2500000 3.7753906
-53.6562424 -141.1250000 3.7812500
-53.4374924 -141.1250000 3.7656250
-53.0624924 -140.7500000 3.7578125
-53.2187424 -140.7500000 3.7695312
-52.9374924 -140.5000000 3.7656250
-53.2812424 -141.0000000 3.7636719
-52.9062424 -140.7500000 3.7519531
-52.4062424 -140.2500000 3.7460938
-51.8124924 -139.8750000 3.7285156
-51.7187424 -139.6250000 3.7421875
-51.5624924 -139.1250000 3.7382812
-51.6562424 -139.3750000 3.7382812
-51.2812424 -139.2500000 3.7382812
-51.5937424 -139.3750000 3.7441406
-50.8749924 -138.5000000 3.7304688
-51.2812424 -138.8750000 3.7304688
-50.0624924 -137.8750000 3.7031250
-50.4062424 -138.5000000 3.7070312
-49.2187424 -137.5000000 3.6796875
-49.5312424 -137.3750000 3.6875000
-50.0624924 -137.7500000 3.7050781
-50.1249924 -138.2500000 3.6972656
-49.4374924 -137.7500000 3.6796875
-50.3124924 -138.1250000 3.6992188
-49.9062424 -137.7500000 3.6953125
-48.4999924 -136.5000000 3.6679688
-48.7499924 -137.1250000 3.6699219
-48.5624924 -136.6250000 3.6718750
-48.9687424 -137.1250000 3.6796875
-47.9999924 -135.8750000 3.6679688
-48.3124924 -136.1250000 3.6699219
-48.7812424 -136.5000000 3.6835938
-47.3437424 -135.5000000 3.6523438
-46.9999924 -135.0000000 3.6445312
-47.2187424 -135.1250000 3.6523438
-46.6562424 -134.7500000 3.6386719
-46.5624924 -134.3750000 3.6367188
-45.9687424 -133.8750000 3.6347656
-45.9687424 -134.0000000 3.6289062
-45.6562424 -133.6250000 3.6210938
-45.9062424 -133.8750000 3.6367188
-45.9062424 -134.1250000 3.6269531
-46.1562424 -134.2500000 3.6328125
-45.4687424 -133.6250000 3.6210938
-44.9687424 -133.2500000 3.6132812
-45.2812424 -133.1250000 3.6152344
-44.0312424 -131.8750000 3.5937500
-44.8749924 -132.7500000 3.5996094
-44.4062424 -132.3750000 3.5957031
-43.7812424 -131.6250000 3.5878906
-44.3124924 -132.3750000 3.5996094
-43.5624924 -131.1250000 3.5722656
-44.1874924 -131.3750000 3.5820312
-43.2187424 -130.5000000 3.5585938
-42.6874924 -129.6250000 3.5468750
-43.4062424 -131.0000000 3.5625000
-42.7187424 -129.2500000 3.5546875
-42.6249924 -129.5000000 3.5546875
-42.4687424 -129.3750000 3.5507812
-41.9687424 -128.1250000 3.5585938
-42.1562424 -129.1250000 3.5683594
-42.0624924 -128.7500000 3.5703125
-41.5312424 -128.2500000 3.5625000
-41.2812424 -127.7500000 3.5546875
-41.2187424 -127.7500000 3.5488281
-41.0624924 -127.5625000 3.5585938
-40.8437424 -127.2500000 3.5351562
-40.4374924 -126.6875000 3.5351562
-40.9999924 -127.5625000 3.5390625
-40.9374924 -127.3125000 3.5507812
-40.5312424 -126.9375000 3.5390625
-40.2499924 -126.6875000 3.5312500
-40.2187424 -126.9375000 3.5175781
-39.4999924 -126.1875000 3.5078125
-38.9374924 -125.5625000 3.5097656
-39.2812424 -125.5625000 3.5156250
-38.4062424 -124.5000000 3.4960938
-38.4062424 -124.7500000 3.4960938
-38.4999924 -124.6875000 3.5039062
-38.2187424 -124.5625000 3.5078125
-37.9062424 -123.9375000 3.5058594
-38.8124924 -125.0625000 3.5175781
-36.8749924 -123.2500000 3.4882812
-37.3749924 -123.8750000 3.5000000
-37.5937424 -123.8750000 3.4843750
-36.8437424 -123.0625000 3.4804688
-36.9687424 -123.3125000 3.4882812
-36.7812424 -123.6875000 3.4687500
-36.4374924 -123.4375000 3.4785156
-36.9374924 -123.0625000 3.4687500
-37.3749924 -124.0625000 3.5078125
-36.5937424 -123.4375000 3.5000000
-35.7187424 -122.1875000 3.4609375
-35.3749924 -121.8125000 3.4570312
-36.0624924 -122.5625000 3.4726562
-35.2187424 -121.7500000 3.4628906
-34.5937424 -121.1875000 3.4570312
-34.1562424 -120.4375000 3.4316406
-34.2812424 -120.6875000 3.4375000
-34.5312424 -121.0625000 3.4375000
-33.3437424 -120.0000000 3.4257812
-33.4687424 -120.0000000 3.4296875
-32.6874924 -119.3125000 3.4101562
-33.2499924 -119.7500000 3.4218750
-33.7499924 -120.3125000 3.4375000
-32.4687424 -119.3750000 3.4355469
-33.2499924 -120.2500000 3.4609375
-32.3124924 -119.5000000 3.4433594
-32.6874924 -119.2500000 3.4375000
-32.9062424 -119.9375000 3.4609375
-33.1249924 -119.7500000 3.4492188
-34.0937424 -120.6250000 3.4687500
-31.7187424 -118.6250000 3.4316406
-32.6562424 -119.2500000 3.4414062
-31.5624924 -118.6250000 3.4296875
-31.4374924 -118.5000000 3.4257812
-31.2812424 -118.0625000 3.4257812
-30.6562424 -117.8125000 3.4023438
-31.5312424 -118.6875000 3.4316406
-30.4843674 -117.9375000 3.4101562
-29.8437424 -117.0625000 3.3984375
-29.8281174 -116.7500000 3.3906250
-29.8281174 -116.8125000 3.3906250
-29.6406174 -116.8750000 3.3984375
-29.6562424 -116.8750000 3.3984375
-29.3749924 -116.6250000 3.3867188
-29.7499924 -117.1250000 3.4062500
-29.4531174 -116.6875000 3.3867188
-27.5781174 -114.8125000 3.3828125
-28.5312424 -116.0625000 3.3867188
-28.1249924 -115.5625000 3.3789062
-27.7812424 -115.0625000 3.3925781
-28.0312424 -115.5000000 3.3906250
-27.1093674 -114.5000000 3.3769531
-28.7343674 -115.6250000 3.3710938
-26.9062424 -114.5000000 3.3867188
-26.6874924 -114.3750000 3.3789062
-26.3281174 -113.5625000 3.3671875
-27.4218674 -114.6250000 3.3789062
-27.1093674 -114.5625000 3.3671875
-26.1249924 -113.2500000 3.3554688
-24.8281174 -112.1250000 3.3476562
-25.1249924 -112.5000000 3.3437500
-25.9687424 -113.0625000 3.3593750
-24.7343674 -112.2500000 3.3457031
-24.3749924 -111.9375000 3.3437500
-25.1562424 -112.9375000 3.3574219
-24.2343674 -112.0000000 3.3437500
-24.9062424 -112.4375000 3.3554688
-22.9687500 -110.6875000 3.3203125
-23.5000000 -111.1875000 3.3320312
-23.6250000 -111.1250000 3.3320312
-23.5468750 -111.3125000 3.3281250
-23.1250000 -110.6250000 3.3125000
-22.5937500 -110.2500000 3.3125000
-22.4062500 -110.0000000 3.3125000
-22.7187500 -110.1875000 3.3183594
-21.5000000 -109.0000000 3.2890625
-20.9375000 -108.3125000 3.2968750
-21.7187500 -109.1250000 3.3027344
-21.0625000 -108.5625000 3.2968750
-21.2500000 -108.6875000 3.2968750
-21.9062500 -109.5625000 3.3125000
-20.2187500 -107.7500000 3.2617188
-20.4843750 -108.2500000 3.2695312
-20.0000000 -107.6250000 3.2636719
-20.4531250 -108.0000000 3.2851562
-20.3437500 -107.7500000 3.2773438
-20.0156250 -107.7500000 3.2617188
-19.8750000 -108.0625000 3.2226562
-19.9218750 -107.7500000 3.2460938
-20.2812500 -107.8750000 3.2695312
-19.7968750 -107.5625000 3.2714844
-20.1875000 -107.6250000 3.2871094
-19.5625000 -107.1875000 3.2617188
-19.6875000 -107.1875000 3.2656250
-19.2500000 -107.0000000 3.2734375
-18.9375000 -106.7500000 3.2539062
-18.6718750 -106.5000000 3.2460938
-18.5468750 -106.3125000 3.2500000
-19.0156250 -106.6250000 3.2617188
-18.7500000 -106.1250000 3.2539062
-18.5468750 -106.2500000 3.2441406
-17.8906250 -105.3750000 3.2265625
-18.4843750 -105.9375000 3.2382812
-18.6093750 -106.2500000 3.2304688
-18.1093750 -105.4375000 3.2207031
-17.1562500 -104.6250000 3.1933594
-18.1406250 -105.6875000 3.2382812
-17.2500000 -104.3750000 3.1953125
-16.0312500 -103.4375000 3.1777344
-16.6562500 -104.1250000 3.1953125
-16.1093750 -103.2500000 3.1738281
-15.6640625 -102.8750000 3.1718750
-15.9921875 -103.1250000 3.1718750
-15.2578125 -102.5000000 3.1562500
-14.9921875 -102.0000000 3.1601562
-14.4687500 -101.5000000 3.1484375
-15.3515625 -102.9375000 3.1757812
-14.1640625 -101.5000000 3.1445312
-14.5781250 -101.5625000 3.1503906
-14.2656250 -101.4375000 3.1503906
-14.2578125 -101.3125000 3.1367188
-13.8984375 -100.8750000 3.1367188
-13.6484375 -100.7500000 3.1289062
-13.7109375 -100.8750000 3.1289062
-13.3906250 -100.3750000 3.1171875
-13.6718750 -100.8750000 3.1289062
-12.8125000 -99.7500000 3.1054688
-12.5937500 -100.0625000 3.1015625
-13.1093750 -100.7500000 3.0800781
-12.8437500 -100.1875000 3.0742188
-12.9453125 -100.3750000 3.1132812
-12.3671875 -99.4375000 3.0976562
-12.0156250 -99.5000000 3.0781250
-12.3906250 -99.3750000 3.0976562
-12.0078125 -99.2500000 3.0859375
-12.1328125 -99.5000000 3.0976562
-11.3515625 -98.4375000 3.0742188
-11.4921875 -98.7500000 3.0761719
-10.7578125 -98.1250000 3.0664062
-10.5781250 -97.8125000 3.0664062
-10.4062500 -97.3125000 3.0429688
-10.5000000 -97.2500000 3.0468750
-10.1953125 -97.0000000 3.0507812
-9.8828125 -96.8125000 3.0429688
-9.3750000 -96.8750000 3.0156250
-9.7656250 -97.3125000 3.0332031
-9.3125000 -96.5625000 3.0156250
-9.0703125 -96.4375000 3.0097656
-9.5468750 -96.5625000 3.0312500
-9.0156250 -96.0625000 3.0214844
-9.2656250 -96.3750000 3.0234375
-8.5000000 -95.5000000 3.0078125
-8.3203125 -94.8125000 2.9960938
-8.2421875 -95.1875000 3.0019531
-8.0468750 -95.1250000 2.9980469
-7.8125000 -94.8125000 2.9843750
-7.2968750 -94.1875000 2.9765625
-7.5078125 -94.5000000 2.9882812
-7.5859375 -94.8750000 2.9960938
-6.5859375 -93.5625000 2.9687500
-6.7656250 -94.0000000 2.9726562
-6.1875000 -93.3125000 2.9628906
-6.3671875 -93.7500000 2.9687500
-5.8750000 -92.9375000 2.9492188
-5.2656250 -91.9375000 2.9375000
-5.1953125 -92.1250000 2.9316406
-5.1718750 -92.1250000 2.9394531
-4.1796875 -90.7500000 2.9101562
-3.8691406 -90.8750000 2.9140625
-4.2187500 -90.9375000 2.9218750
-4.9453125 -91.9375000 2.9375000
-4.3359375 -91.0625000 2.9179688
-4.0781250 -90.8125000 2.9140625
-4.1718750 -90.8750000 2.9140625
-4.4218750 -91.0000000 2.9160156
-3.9042969 -90.6250000 2.9062500
-3.1699219 -90.0000000 2.8906250
-3.0644531 -89.9375000 2.8945312
-3.0996094 -89.8750000 2.8867188
-2.5253906 -89.2500000 2.8769531
-2.5546875 -89.5625000 2.8769531
-2.4511719 -89.2500000 2.8671875
-1.7031250 -88.8125000 2.8554688
-2.0371094 -88.8125000 2.8671875
-1.8105469 -88.6875000 2.8574219
-1.5683594 -88.5000000 2.8437500
-0.9960938 -88.0625000 2.8378906
-1.0234375 -87.9375000 2.8437500
-0.9023438 -88.0000000 2.8476562
-0.4121094 -87.2500000 2.8261719
-0.2968750 -87.3750000 2.8242188
-0.5781250 -88.0000000 2.8320312
-1.2734375 -87.9375000 2.8281250
0.0703125 -87.3750000 2.8085938
-0.3037109 -87.4375000 2.8183594
0.9111328 -85.6250000 2.7871094
0.8251953 -85.3750000 2.7949219
0.7294922 -85.5625000 2.7949219
0.9843750 -84.9375000 2.7871094
0.1689453 -86.0000000 2.8164062
0.8945312 -84.8750000 2.7949219
1.3037109 -84.5000000 2.7753906
0.8159180 -85.1250000 2.7910156
1.6523438 -84.1875000 2.7773438
1.7197266 -84.0000000 2.7695312
2.4804688 -83.3125000 2.7578125
1.8906250 -83.8750000 2.7656250
2.3203125 -83.4375000 2.7656250
2.1054688 -83.9375000 2.7617188
2.3046875 -84.0000000 2.7578125
2.7031250 -83.1875000 2.7460938
3.1250000 -83.1875000 2.7363281
2.6054688 -83.6250000 2.7519531
3.6679688 -82.6250000 2.7207031
3.7011719 -82.4375000 2.7148438
3.9882812 -82.5000000 2.7128906
4.4335938 -81.9375000 2.7011719
4.3437500 -81.8125000 2.7031250
4.5625000 -81.5625000 2.6855469
4.3281250 -81.6875000 2.6953125
4.7265625 -81.3125000 2.6894531
4.9179688 -81.3125000 2.6835938
4.9140625 -81.5000000 2.6855469
5.3750000 -81.0000000 2.6699219
5.1875000 -81.1875000 2.6796875
5.2031250 -81.4375000 2.6816406
6.1328125 -80.4375000 2.6542969
6.0468750 -80.2500000 2.6562500
7.0390625 -79.1875000 2.6289062
6.5937500 -80.1875000 2.6484375
6.8906250 -79.7500000 2.6347656
5.5468750 -80.5625000 2.6777344
7.1093750 -79.4375000 2.6328125
7.4765625 -79.0000000 2.6210938
7.0468750 -79.3750000 2.6289062
7.7421875 -78.6250000 2.6113281
7.6953125 -78.7500000 2.6113281
7.1328125 -79.5625000 2.6289062
8.2890625 -78.0625000 2.5898438
7.9843750 -78.2500000 2.6035156
9.0390625 -77.3750000 2.5703125
8.4062500 -77.8125000 2.5917969
9.3125000 -77.0000000 2.5605469
9.2968750 -76.8125000 2.5585938
8.9296875 -77.6875000 2.5742188
8.9687500 -77.5625000 2.5742188
9.8359375 -76.8750000 2.5468750
9.6562500 -76.6875000 2.5468750
8.9375000 -77.3750000 2.5722656
10.4375000 -75.8750000 2.5234375
10.5703125 -76.0000000 2.5234375
10.2734375 -76.0625000 2.5253906
11.5468750 -74.9375000 2.4882812
10.8359375 -75.5625000 2.5136719
11.8671875 -74.6250000 2.4804688
11.7968750 -74.5625000 2.4785156
11.7500000 -74.7500000 2.4804688
12.5859375 -73.8750000 2.4531250
12.6015625 -73.9375000 2.4550781
12.1875000 -74.1875000 2.4667969
12.9609375 -73.5625000 2.4414062
12.4687500 -74.0000000 2.4609375
14.0078125 -72.3750000 2.4042969
13.2187500 -73.1250000 2.4257812
13.2421875 -73.1875000 2.4296875
13.8437500 -72.5000000 2.4062500
14.1250000 -72.3750000 2.3984375
13.8437500 -72.3125000 2.4042969
14.6015625 -71.6250000 2.3769531
14.6484375 -71.6250000 2.3750000
14.2890625 -72.0625000 2.3828125
14.7109375 -71.8125000 2.3750000
14.6875000 -71.3750000 2.3730469
15.0312500 -71.0000000 2.3554688
14.9218750 -71.1250000 2.3593750
15.1718750 -71.1250000 2.3476562
15.5390625 -70.7500000 2.3398438
15.9375000 -70.5000000 2.3300781
16.3906250 -70.4375000 2.3183594
15.9062500 -70.5625000 2.3281250
15.9375000 -70.1875000 2.3183594
16.5937500 -69.7500000 2.3007812
16.3437500 -69.8125000 2.3105469
16.4687500 -69.9375000 2.3046875
16.8281250 -69.6250000 2.2988281
17.0781250 -69.8750000 2.2910156
18.1562500 -68.5000000 2.2382812
18.4375000 -68.1250000 2.2343750
19.0000000 -68.0625000 2.2226562
19.2343750 -66.9375000 2.1972656
18.8281250 -67.5625000 2.2070312
19.1875000 -66.7500000 2.1953125
19.4687500 -66.1875000 2.1777344
19.1562500 -66.3125000 2.1796875
19.8906250 -65.6250000 2.1738281
19.6250000 -65.8125000 2.1679688
19.9687500 -65.3750000 2.1640625
19.8906250 -65.0000000 2.1601562
19.4218750 -65.8750000 2.1855469
20.2031250 -64.5625000 2.1582031
20.0312500 -64.9375000 2.1640625
19.9843750 -65.4375000 2.1660156
19.6718750 -64.7500000 2.1640625
19.8593750 -64.3750000 2.1582031
19.9062500 -64.0625000 2.1523438
19.8593750 -63.7187500 2.1484375
20.3750000 -63.3750000 2.1328125
20.0000000 -64.8750000 2.1660156
20.5156250 -62.7187500 2.1210938
20.5000000 -63.3437500 2.1367188
20.5937500 -63.0312500 2.1250000
20.9062500 -62.5000000 2.1191406
21.0000000 -62.2187500 2.1210938
20.7343750 -62.6875000 2.1308594
21.0468750 -61.6875000 2.1054688
21.0156250 -61.7500000 2.1152344
21.4062500 -61.2812500 2.0996094
21.4687500 -60.4062500 2.0820312
21.5000000 -60.0937500 2.0781250
21.2343750 -60.7812500 2.0937500
21.3437500 -60.8125000 2.0976562
21.6562500 -59.4375000 2.0703125
21.5000000 -59.4062500 2.0722656
21.5937500 -59.0625000 2.0644531
21.7343750 -58.5625000 2.0527344
21.7187500 -58.8437500 2.0527344
21.9531250 -57.9375000 2.0234375
22.0468750 -58.4375000 2.0410156
21.8750000 -58.3437500 2.0390625
22.0468750 -57.6250000 2.0156250
22.1406250 -57.7812500 2.0195312
21.9062500 -57.7812500 2.0253906
22.3125000 -56.2500000 1.9990234
22.1718750 -55.4375000 1.9775391
22.0468750 -56.1562500 1.9951172
22.2031250 -55.3750000 1.9804688
21.9531250 -56.3750000 2.0039062
22.0781250 -55.6250000 1.9912109
22.2812500 -55.9375000 1.9951172
21.9687500 -55.6875000 1.9873047
21.9843750 -55.1562500 1.9765625
22.1093750 -54.8125000 1.9716797
21.9531250 -54.2812500 1.9599609
21.7187500 -54.2812500 1.9667969
22.3593750 -53.6875000 1.9423828
22.5468750 -53.8125000 1.9453125
22.7968750 -52.5937500 1.9140625
22.7187500 -52.5625000 1.9140625
22.6562500 -52.3437500 1.9052734
22.8593750 -51.6562500 1.8916016
23.0468750 -51.3437500 1.8759766
22.6250000 -51.6562500 1.8896484
23.0781250 -50.6562500 1.8671875
23.2031250 -49.9687500 1.8417969
23.3906250 -49.9687500 1.8300781
23.2187500 -50.0625000 1.8320312
23.3593750 -49.8125000 1.8222656
23.2656250 -49.2500000 1.8134766
23.4531250 -48.6250000 1.7988281
23.3593750 -48.6250000 1.7949219
23.4375000 -48.4687500 1.7929688
23.3281250 -48.3750000 1.7958984
23.3437500 -48.3750000 1.7968750
23.4531250 -48.2187500 1.7812500
23.3750000 -48.3437500 1.7929688
23.3750000 -48.5000000 1.7968750
23.3593750 -48.4687500 1.7949219
23.4375000 -47.9687500 1.7871094
23.5468750 -48.1875000 1.7890625
23.5156250 -47.9687500 1.7910156
23.5156250 -48.4375000 1.8085938
23.5468750 -48.1875000 1.8066406
23.4531250 -48.3125000 1.8066406
23.4531250 -48.4687500 1.8066406
23.2187500 -48.8125000 1.8281250
23.3906250 -48.5000000 1.8046875
23.6875000 -47.6562500 1.7783203
23.5468750 -47.4375000 1.7695312
23.4843750 -48.3125000 1.7998047
23.5312500 -48.0000000 1.7939453
23.5156250 -47.7812500 1.7939453
23.5156250 -48.2187500 1.7998047
23.5468750 -48.2187500 1.7871094
23.6250000 -48.0937500 1.7880859
23.5937500 -47.9062500 1.7822266
23.6093750 -47.9375000 1.7753906
23.6562500 -47.8750000 1.7802734
23.6562500 -47.7812500 1.7734375
23.7031250 -47.8437500 1.7783203
23.5625000 -47.8750000 1.7832031
23.6250000 -47.6562500 1.7851562
23.6406250 -47.7500000 1.7792969
23.5781250 -47.9375000 1.7812500
23.6406250 -47.7812500 1.7812500
23.6875000 -47.8750000 1.7792969
23.6406250 -48.4062500 1.7939453
23.6250000 -48.2187500 1.7861328
23.5937500 -48.0312500 1.7812500
23.5000000 -48.2812500 1.7910156
23.5625000 -48.1250000 1.7900391
23.5468750 -48.0625000 1.7871094
23.6093750 -47.7187500 1.7802734
23.6562500 -47.9375000 1.7919922
23.3125000 -48.4375000 1.8027344
23.2968750 -47.9375000 1.7978516
23.3593750 -48.1875000 1.7988281
23.2656250 -48.1875000 1.8007812
23.1875000 -48.2500000 1.8017578
23.2187500 -48.5937500 1.8095703
23.2031250 -48.4375000 1.8037109
23.4375000 -48.0937500 1.7939453
23.5156250 -48.0312500 1.7958984
23.5156250 -47.5000000 1.7734375
23.3437500 -48.1562500 1.7958984
23.4375000 -48.0937500 1.7900391
23.0156250 -48.2812500 1.8095703
23.0937500 -48.7812500 1.8105469
22.5000000 -49.2500000 1.8300781
22.8281250 -48.6250000 1.8212891
22.8750000 -47.8750000 1.8144531
22.9062500 -48.1875000 1.8095703
22.2968750 -51.6562500 1.8857422
22.5781250 -47.9687500 1.8056641
23.2187500 -46.9375000 1.7802734
23.4062500 -47.7187500 1.8027344
23.5468750 -46.7500000 1.7597656
23.5468750 -46.2812500 1.7441406
23.9375000 -46.2187500 1.7285156
23.8593750 -46.3437500 1.7470703
24.0468750 -49.2500000 1.8017578
31.2343750 -93.8750000 2.3261719
23.7343750 -48.0000000 1.7753906
24.0156250 -48.1250000 1.7949219
23.8906250 -46.2500000 1.7500000
23.8125000 -46.1875000 1.7529297
24.0156250 -46.1875000 1.7460938
23.9062500 -46.2187500 1.7451172
24.0000000 -46.4687500 1.7587891
24.0781250 -46.2500000 1.7509766
23.8750000 -45.9375000 1.7548828
23.6875000 -46.1875000 1.7597656
23.7187500 -45.4687500 1.7333984
23.4687500 -45.5937500 1.7197266
23.6875000 -45.9375000 1.7490234
23.6250000 -45.9375000 1.7539062
23.7500000 -45.9375000 1.7460938
23.6250000 -45.4687500 1.7187500
23.7187500 -44.9375000 1.6962891
23.8906250 -44.5937500 1.6835938
23.8437500 -44.4375000 1.6757812
24.1093750 -44.0000000 1.6601562
24.0312500 -43.9687500 1.6630859
24.3593750 -44.2812500 1.6562500
24.8281250 -45.2500000 1.6923828
24.0000000 -44.7187500 1.6953125
24.0468750 -44.0625000 1.6875000
23.8750000 -43.3437500 1.6503906
23.8281250 -43.8437500 1.6699219
23.8750000 -43.8750000 1.6669922
23.9375000 -44.0937500 1.6777344
23.8281250 -44.0625000 1.6845703
23.7500000 -43.9062500 1.6796875
23.8437500 -43.9375000 1.6757812
23.8437500 -43.9375000 1.6718750
23.8750000 -44.2187500 1.6816406
23.7500000 -43.8437500 1.6748047
23.7500000 -44.2812500 1.6884766
23.8281250 -44.3125000 1.6914062
23.7343750 -44.1250000 1.6835938
23.8593750 -44.0312500 1.6855469
23.8593750 -44.4375000 1.6875000
23.7812500 -44.2500000 1.6816406
23.7812500 -43.9062500 1.6757812
23.7500000 -44.0937500 1.6738281
23.8437500 -44.1875000 1.6816406
23.8750000 -43.6250000 1.6669922
23.9531250 -43.8750000 1.6748047
23.8281250 -43.8437500 1.6669922
23.7500000 -43.9375000 1.6777344
23.7812500 -43.7812500 1.6718750
23.6562500 -43.9062500 1.6748047
23.5781250 -43.8125000 1.6542969
23.6406250 -43.5000000 1.6513672
23.7187500 -43.5000000 1.6455078
24.0000000 -42.8750000 1.6396484
23.9687500 -43.3125000 1.6601562
23.8437500 -43.0937500 1.6611328
23.7812500 -43.3125000 1.6640625
23.9218750 -43.5625000 1.6679688
24.0937500 -43.6875000 1.6621094
23.8593750 -43.4062500 1.6523438
23.8906250 -43.8437500 1.6699219
23.7500000 -43.0000000 1.6445312
23.9375000 -42.7500000 1.6406250
24.0000000 -41.6562500 1.6025391
24.1562500 -42.3437500 1.6230469
24.1250000 -42.3750000 1.6269531
24.1406250 -41.6562500 1.6142578
24.0625000 -41.4687500 1.6113281
23.9843750 -42.7187500 1.6503906
24.0000000 -42.9062500 1.6484375
23.8593750 -42.9375000 1.6484375
23.8906250 -42.8125000 1.6425781
23.8750000 -43.3750000 1.6767578
23.8906250 -42.3437500 1.6660156
27.9687500 -45.2187500 1.7216797
35.5000000 -52.0937500 1.6923828
30.5625000 -48.7500000 1.7451172
28.7031250 -46.9375000 1.7607422
26.2968750 -44.8750000 1.7099609
24.2812500 -41.1250000 1.6230469
23.9531250 -41.3437500 1.6171875
23.9531250 -41.5937500 1.6064453
23.9843750 -40.8750000 1.5976562
24.1562500 -40.1562500 1.5839844
24.3906250 -38.9375000 1.5644531
24.1250000 -40.3750000 1.5908203
24.2968750 -39.1250000 1.5507812
24.2968750 -38.5312500 1.5478516
24.3593750 -38.8125000 1.5410156
24.4218750 -37.6562500 1.5195312
24.4218750 -37.3437500 1.5156250
24.5156250 -36.7500000 1.4912109
24.2812500 -37.0625000 1.4970703
24.2500000 -38.6562500 1.5312500
24.0937500 -37.4687500 1.5214844
24.1406250 -37.1875000 1.5136719
24.2031250 -36.5312500 1.4853516
24.2187500 -36.8750000 1.4921875
24.2968750 -35.8125000 1.4687500
24.2968750 -35.1875000 1.4521484
24.4843750 -34.7187500 1.4316406
24.5625000 -33.9062500 1.4150391
24.5468750 -35.3750000 1.4521484
24.6406250 -34.1562500 1.4257812
24.6562500 -34.4375000 1.4287109
24.6718750 -34.0000000 1.4140625
24.6093750 -34.0937500 1.4160156
24.7187500 -33.5625000 1.4023438
24.6250000 -34.3750000 1.4277344
24.7031250 -33.2812500 1.3964844
24.5781250 -34.2812500 1.4238281
24.6406250 -34.1875000 1.4218750
24.8125000 -33.3750000 1.3945312
24.9687500 -31.2812500 1.3339844
24.8750000 -33.0625000 1.3789062
24.9687500 -32.7187500 1.3789062
24.8906250 -32.6562500 1.3789062
24.9843750 -32.8437500 1.3759766
24.9843750 -32.2500000 1.3691406
25.0000000 -33.4062500 1.4033203
25.0156250 -32.8437500 1.3808594
25.2500000 -32.3437500 1.3671875
25.2656250 -32.6562500 1.3759766
25.2500000 -33.5000000 1.4042969
26.1718750 -33.4062500 1.3876953
25.8437500 -32.1250000 1.3574219
26.8281250 -31.7968750 1.3261719
27.7968750 -38.2812500 1.5087891
32.0312500 -46.5625000 1.6269531
32.9375000 -47.9062500 1.4951172
26.5937500 -23.4687500 1.1992188
28.0468750 -17.5000000 1.0585938
26.2812500 -34.6562500 1.4931641
32.2500000 -13.4843750 0.8388672
25.9062500 -1.4052734 0.9008789
19.7031250 -8.1171875 1.1992188
15.0859375 -1.5332031 1.2548828
27.2343750 -11.7265625 0.9482422
23.1562500 3.7832031 0.8466797
40.5000000 24.2968750 -0.2646484
26.5468750 7.2500000 0.6445312
24.9062500 -0.8496094 0.8603516
24.5156250 -13.3828125 1.0478516
24.7031250 -18.2187500 1.0800781
24.8437500 -22.7968750 1.1689453
24.9375000 -20.6406250 1.1093750
25.4062500 -24.2187500 1.1533203
25.4843750 -23.6406250 1.1181641
25.2187500 -24.6093750 1.1542969
25.6406250 -20.2343750 1.0390625
25.7343750 -17.4687500 0.9877930
26.2343750 -12.8437500 0.8935547
26.0000000 -17.9218750 1.0058594
26.9218750 -7.5625000 0.8222656
32.4375000 16.7968750 0.3916016
32.0312500 28.5156250 0.2763672
29.6562500 23.7343750 0.3603516
24.7812500 -3.8359375 0.8515625
23.3125000 1.1425781 0.8222656
25.1875000 -18.4218750 1.0292969
23.5000000 -3.3437500 0.8476562
24.9218750 -9.9062500 0.8740234
25.1406250 -17.0000000 0.9970703
25.2500000 -15.9296875 0.9643555
25.1718750 -20.9218750 1.0634766
25.4687500 -20.3906250 1.0439453
25.1875000 -14.6562500 0.9365234
25.4062500 -10.7265625 0.8583984
25.0312500 -3.8652344 0.7402344
25.2656250 -18.5000000 0.9985352
25.3125000 -16.9531250 0.9692383
25.6875000 -14.3593750 0.9023438
25.0625000 -19.3593750 1.0312500
24.8125000 -16.7500000 0.9873047
25.1250000 -18.7656250 1.0136719
24.8593750 -16.9218750 0.9814453
24.8281250 -17.4531250 1.0117188
25.0312500 -14.7500000 0.9370117
24.8125000 -14.2968750 0.9296875
24.8906250 -14.0468750 0.9213867
24.9531250 -14.5468750 0.9360352
24.9375000 -13.3984375 0.9008789
24.9531250 -13.8046875 0.9111328
24.6406250 -13.6796875 0.9140625
24.8437500 -13.6250000 0.9140625
24.7187500 -14.3203125 0.9223633
24.7968750 -12.0000000 0.8681641
24.9531250 -13.9765625 0.9057617
24.9375000 -12.1250000 0.8691406
24.8281250 -13.5468750 0.9052734
24.8750000 -13.8671875 0.9116211
25.0468750 -10.8828125 0.8447266
24.9531250 -10.7500000 0.8486328
25.1093750 -10.3437500 0.8281250
25.0468750 -10.4609375 0.8388672
24.8906250 -10.6328125 0.8535156
24.8437500 -9.7968750 0.8486328
25.0468750 -8.8203125 0.8183594
25.0468750 -9.5625000 0.8330078
24.9062500 -8.3359375 0.8193359
25.0000000 -8.4687500 0.8173828
25.0312500 -7.8671875 0.8085938
24.9218750 -8.2031250 0.8222656
24.9531250 -8.5546875 0.8261719
24.9218750 -7.6171875 0.8154297
25.1406250 -7.1484375 0.7880859
25.0156250 -6.9687500 0.7832031
25.0312500 -6.7109375 0.7851562
25.0312500 -7.4453125 0.7968750
25.0625000 -6.0000000 0.7783203
25.0000000 -5.2734375 0.7578125
25.0156250 -6.6875000 0.7841797
25.0625000 -6.0859375 0.7656250
25.0625000 -5.9218750 0.7578125
25.0468750 -5.8828125 0.7548828
25.0312500 -4.4140625 0.7353516
24.9843750 -3.8906250 0.7294922
25.0312500 -4.1015625 0.7294922
25.0937500 -5.2734375 0.7480469
25.0625000 -6.1484375 0.7636719
25.0625000 -3.5429688 0.7226562
25.0781250 -3.4101562 0.7187500
24.9843750 -2.5859375 0.7128906
24.9531250 -2.6464844 0.7109375
24.9375000 -2.3105469 0.7041016
24.9218750 -2.5390625 0.7128906
25.0156250 -2.5234375 0.7109375
24.9687500 -1.0078125 0.6767578
24.8906250 -1.2480469 0.6875000
24.8750000 -1.0839844 0.6767578
24.9062500 -0.5161133 0.6660156
24.9062500 -0.6269531 0.6689453
24.9218750 -0.9291992 0.6738281
24.7968750 -0.3916016 0.6718750
24.7656250 0.7851562 0.6484375
24.7343750 0.4687500 0.6533203
24.8125000 -0.2333984 0.6650391
24.7500000 0.9355469 0.6464844
24.8125000 1.3691406 0.6328125
24.8125000 1.4082031 0.6298828
24.7656250 2.3847656 0.6191406
24.7343750 1.9746094 0.6259766
24.7187500 1.8398438 0.6318359
24.6875000 2.1542969 0.6259766
24.7343750 2.6269531 0.6113281
24.7187500 6.3203125 0.5751953
24.7343750 3.2128906 0.6035156
24.8125000 4.5312500 0.5810547
24.6562500 3.0917969 0.6093750
24.6718750 4.2421875 0.5859375
24.7343750 6.1484375 0.5527344
24.7968750 5.5156250 0.5634766
24.7500000 5.7265625 0.5595703
24.7343750 5.5468750 0.5634766
24.7343750 5.5781250 0.5732422
24.7812500 6.9062500 0.5361328
24.7812500 7.6562500 0.5263672
24.7968750 7.0078125 0.5400391
24.8281250 6.4375000 0.5458984
24.8125000 5.7343750 0.5498047
24.8750000 8.2031250 0.5107422
24.8437500 7.9531250 0.5156250
24.8437500 6.8750000 0.5341797
24.8125000 7.7578125 0.5195312
24.9375000 8.1796875 0.5058594
24.8593750 8.7421875 0.5078125
24.8593750 10.3906250 0.4833984
24.7500000 9.0390625 0.5039062
24.7343750 9.7109375 0.4980469
24.7968750 10.1250000 0.4882812
24.7500000 10.1640625 0.4873047
24.6562500 11.0000000 0.4736328
24.7812500 10.3906250 0.4814453
24.9218750 12.6875000 0.4736328
25.1875000 11.4062500 0.4824219
24.9062500 11.5703125 0.4775391
24.9687500 11.6328125 0.4619141
24.8750000 10.8125000 0.4873047
24.9062500 11.1562500 0.4707031
25.0937500 12.0000000 0.4482422
24.8437500 11.8828125 0.4570312
25.0625000 11.2656250 0.4658203
24.8906250 11.8046875 0.4550781
24.9375000 12.1875000 0.4492188
24.9531250 12.5703125 0.4404297
24.9375000 13.3046875 0.4306641
24.9062500 12.9609375 0.4414062
25.0468750 12.8359375 0.4267578
25.2187500 13.8906250 0.4101562
24.7812500 16.3281250 0.4130859
24.9218750 19.1250000 0.3720703
25.1718750 19.6562500 0.3535156
25.2500000 17.2187500 0.3564453
25.1093750 16.1875000 0.3769531
24.9218750 15.3906250 0.3974609
24.9843750 14.8593750 0.3916016
24.9687500 15.7343750 0.3779297
24.8593750 14.8437500 0.3974609
24.9687500 16.2031250 0.3759766
24.9687500 15.4687500 0.3955078
25.0781250 15.6093750 0.3964844
25.0937500 16.4531250 0.3710938
25.1093750 15.9687500 0.4033203
25.0312500 17.8906250 0.3535156
24.9843750 18.3750000 0.3417969
25.0156250 18.2500000 0.3339844
25.2031250 18.8125000 0.3212891
25.1250000 18.3281250 0.3310547
25.0781250 18.9687500 0.3232422
25.0781250 18.5000000 0.3291016
25.0000000 19.5312500 0.3232422
25.0625000 18.9531250 0.3330078
24.9531250 19.6875000 0.3183594
25.1875000 21.2812500 0.2919922
25.2656250 21.6562500 0.2734375
25.1250000 21.3593750 0.2792969
25.0781250 21.0937500 0.2753906
25.1718750 22.0781250 0.2636719
25.1718750 22.7031250 0.2470703
25.3750000 22.6875000 0.2509766
25.2343750 23.0937500 0.2519531
25.0156250 22.9687500 0.2529297
25.0000000 22.7812500 0.2529297
24.9375000 23.1250000 0.2490234
25.1093750 23.2812500 0.2333984
24.8750000 24.0312500 0.2392578
24.7812500 23.9062500 0.2607422
24.8437500 23.9531250 0.2441406
24.7812500 24.3125000 0.2451172
24.8437500 24.9218750 0.2294922
24.8750000 25.4531250 0.2128906
24.8906250 25.3437500 0.2128906
24.9531250 25.5156250 0.2060547
24.9843750 26.4531250 0.1943359
24.8906250 26.1562500 0.2021484
24.8906250 26.7031250 0.1982422
24.9375000 26.6562500 0.1933594
24.9531250 26.4375000 0.1894531
24.8750000 27.0937500 0.2001953
24.9062500 27.0625000 0.2001953
25.0625000 28.1875000 0.1728516
25.0937500 28.1093750 0.1630859
25.0156250 28.1718750 0.1748047
25.1406250 28.9843750 0.1533203
25.2187500 29.0000000 0.1445312
25.2187500 29.6718750 0.1425781
25.0312500 28.5625000 0.1660156
25.3281250 29.9218750 0.1572266
25.3750000 30.0468750 0.1367188
25.1718750 30.0312500 0.1494141
25.1250000 30.3125000 0.1474609
24.9531250 29.6562500 0.1601562
25.0937500 30.0625000 0.1474609
25.1093750 30.6406250 0.1416016
25.2500000 31.1093750 0.1298828
25.0312500 31.2031250 0.1464844
25.0937500 31.2343750 0.1376953
25.1406250 31.4531250 0.1328125
25.2343750 31.8281250 0.1250000
25.0000000 32.1875000 0.1406250
25.2656250 32.4375000 0.1357422
25.5000000 33.5312500 0.1259766
25.5312500 33.0312500 0.1142578
25.5625000 33.7500000 0.1171875
25.5156250 34.0625000 0.1162109
25.5312500 34.5937500 0.1162109
25.5625000 35.1250000 0.1103516
25.6093750 35.8750000 0.1044922
25.6406250 35.5625000 0.1015625
25.5468750 35.6875000 0.1093750
25.5625000 36.0312500 0.1083984
25.5468750 36.4375000 0.1191406
25.4375000 36.0312500 0.1191406
25.5468750 37.2500000 0.1132812
25.6250000 37.5625000 0.1035156
25.5937500 38.4375000 0.0986328
25.7500000 38.5625000 0.0976562
25.9062500 39.0000000 0.0888672
26.0937500 38.9375000 0.0839844
25.9843750 39.8750000 0.1142578
25.8906250 40.4062500 0.1708984
25.3281250 39.8125000 0.2353516
25.9062500 40.6562500 0.1855469
25.9062500 40.1250000 0.1328125
26.0000000 40.0625000 0.0810547
25.9218750 39.3125000 0.0810547
25.7343750 39.0000000 0.0898438
25.7500000 39.5000000 0.0839844
25.5937500 38.7500000 0.0966797
25.7812500 38.5000000 0.0996094
25.7187500 38.0312500 0.1064453
25.6718750 37.8750000 0.1035156
25.8437500 38.1875000 0.1015625
25.9531250 38.3750000 0.1054688
26.0937500 39.1250000 0.0966797
25.9375000 39.5312500 0.0927734
25.7812500 39.3125000 0.1005859
25.6406250 39.8750000 0.0927734
25.4375000 39.5625000 0.0937500
25.5156250 39.3750000 0.0996094
25.5000000 39.2812500 0.0996094
25.4531250 39.7500000 0.0986328
25.4375000 39.4375000 0.1005859
25.3906250 40.0625000 0.0966797
25.0468750 39.5937500 0.1093750
25.0781250 39.8437500 0.1201172
25.0625000 40.0312500 0.1210938
24.9375000 39.1875000 0.1337891
25.0000000 39.0625000 0.1210938
25.0156250 39.2812500 0.1289062
24.8906250 38.9062500 0.1347656
25.0937500 38.5625000 0.1464844
25.0000000 38.8125000 0.1357422
24.8125000 38.7812500 0.1357422
24.7187500 39.1875000 0.1308594
24.8750000 39.2500000 0.1396484
25.0312500 38.8125000 0.1406250
24.9531250 39.3125000 0.1435547
24.8750000 39.2500000 0.1367188
25.0312500 40.0312500 0.1162109
24.9687500 39.9062500 0.1162109
24.9843750 40.2187500 0.1191406
25.2187500 40.4375000 0.0966797
25.2031250 40.1875000 0.0917969
25.0937500 40.5000000 0.1035156
24.9687500 40.4375000 0.1015625
25.0625000 40.7500000 0.1005859
24.8750000 40.0312500 0.1054688
25.7031250 41.0000000 0.0800781
25.0156250 40.3437500 0.0986328
24.9218750 40.5000000 0.1103516
24.7187500 39.9687500 0.1259766
24.9218750 40.2500000 0.1093750
24.6093750 40.0000000 0.1269531
24.6093750 39.7187500 0.1269531
24.6562500 39.8750000 0.1289062
24.7187500 39.8750000 0.1289062
24.6718750 40.2187500 0.1220703
24.6093750 40.3437500 0.1220703
24.9062500 40.6875000 0.1064453
25.0000000 40.6250000 0.1035156
25.0000000 40.4687500 0.1005859
25.1562500 40.8125000 0.0927734
25.3593750 40.6875000 0.0869141
25.3437500 40.6875000 0.0839844
25.3906250 40.8437500 0.0878906
25.5468750 41.2812500 0.0781250
25.4687500 41.2500000 0.0771484
25.5781250 41.0937500 0.0732422
25.2812500 41.2187500 0.0820312
25.6093750 41.6250000 0.0683594
25.4843750 41.5000000 0.0742188
25.4062500 41.5312500 0.0761719
25.8437500 41.4062500 0.0712891
25.7968750 41.4375000 0.0654297
25.4062500 41.8437500 0.0791016
25.6406250 40.7500000 0.0849609
25.3437500 41.5625000 0.1025391
25.1562500 40.5000000 0.1083984
24.9843750 41.0625000 0.1328125
25.4843750 41.7812500 0.0800781
25.3750000 42.4062500 0.0712891
25.0468750 42.6875000 0.0615234
25.2500000 42.2500000 0.0625000
25.3437500 42.3125000 0.0546875
25.1406250 42.8437500 0.0498047
24.5781250 42.6250000 0.0527344
24.5781250 42.2812500 0.0634766
24.7968750 42.5000000 0.0634766
24.7187500 42.3750000 0.0673828
24.5156250 42.3750000 0.0722656
24.5156250 41.9687500 0.0830078
24.0781250 40.8125000 0.1367188
23.6718750 38.3125000 0.2275391
24.0781250 38.4062500 0.1962891
24.4531250 37.3437500 0.2177734
22.8593750 37.5312500 0.2734375
23.5781250 31.3593750 0.2939453
24.2343750 40.2187500 0.1611328
24.2031250 40.2812500 0.1494141
24.6093750 41.6875000 0.0908203
24.2812500 42.0625000 0.1250000
23.9687500 40.0625000 0.1914062
25.5937500 42.9375000 0.1445312
24.7968750 43.3125000 0.0595703
23.7812500 40.2812500 0.1533203
24.0156250 41.0312500 0.1210938
23.7968750 41.0937500 0.1279297
22.5156250 36.5000000 0.2490234
24.2031250 41.4687500 0.1025391
24.0156250 40.9062500 0.1220703
24.3906250 41.5937500 0.0917969
23.7031250 39.8125000 0.1503906
24.4218750 40.3750000 0.1132812
24.4218750 40.5000000 0.1064453
24.6875000 41.8437500 0.0957031
24.9062500 40.9375000 0.1142578
25.1562500 41.6562500 0.0917969
25.2500000 43.2187500 0.0849609
25.0156250 43.2812500 0.0878906
25.1093750 43.3437500 0.0937500
25.2343750 43.3750000 0.0957031
25.2031250 43.6875000 0.0947266
25.0625000 44.1250000 0.1103516
25.1093750 44.1562500 0.0996094
25.3281250 43.1562500 0.0771484
25.2968750 43.5312500 0.0673828
25.3593750 44.0937500 0.0673828
25.5000000 43.5937500 0.0664062
25.5156250 43.7812500 0.0556641
25.1875000 44.0312500 0.0517578
25.5781250 44.2187500 0.0517578
25.5312500 44.1250000 0.0458984
25.2187500 44.2812500 0.0507812
25.2500000 44.4375000 0.0546875
25.0625000 44.3750000 0.0488281
25.5625000 44.5625000 0.0507812
25.2812500 44.6875000 0.0390625
25.4062500 44.8125000 0.0429688
25.1250000 44.6562500 0.0449219
25.1406250 44.4062500 0.0488281
25.2031250 44.5625000 0.0439453
26.2031250 45.3125000 0.1015625
24.9843750 45.3437500 0.0410156
25.1875000 45.1250000 0.0380859
25.2031250 45.4062500 0.0449219
25.1875000 45.3437500 0.0429688
24.9062500 45.5000000 0.0478516
25.0937500 45.3437500 0.0468750
25.0625000 45.5000000 0.0585938
24.6562500 45.5312500 0.0517578
24.5000000 45.6875000 0.0605469
24.6250000 45.7500000 0.0605469
24.5468750 46.0625000 0.0634766
24.8906250 46.6562500 0.0556641
24.6562500 46.3125000 0.0673828
24.5312500 46.1250000 0.0751953
24.3437500 46.5937500 0.0527344
24.5000000 47.0000000 0.0908203
25.0937500 46.7812500 0.1669922
25.0937500 47.5625000 0.1679688
25.0000000 46.5312500 0.1513672
24.8750000 47.1875000 0.1455078
25.6406250 46.4375000 0.1083984
25.7500000 47.0000000 0.1250000
25.5625000 47.1250000 0.0927734
25.0000000 47.0625000 0.0703125
25.1718750 48.1562500 0.0966797
25.2343750 48.7187500 0.1044922
25.6093750 48.9375000 0.0986328
25.2812500 49.0312500 0.1025391
25.4375000 48.9062500 0.0957031
25.6250000 48.8437500 0.0957031
25.6718750 49.0625000 0.1054688
25.5937500 49.1562500 0.1132812
25.1718750 49.6875000 0.1318359
25.6406250 49.3125000 0.1250000
25.2031250 50.5000000 0.1494141
25.6718750 50.4687500 0.1474609
25.2031250 51.2500000 0.1640625
25.3125000 51.5312500 0.1865234
25.3437500 51.7812500 0.1845703
25.3125000 51.9062500 0.1904297
25.4218750 51.9687500 0.1855469
25.1093750 51.1562500 0.1816406
25.3750000 52.1250000 0.2060547
25.2343750 52.9375000 0.2011719
25.4062500 52.6562500 0.2060547
25.4218750 53.1250000 0.2060547
25.6875000 52.8750000 0.2119141
25.7187500 54.5625000 0.2402344
25.7500000 53.9062500 0.2285156
25.9687500 53.6250000 0.2373047
26.7343750 54.1250000 0.2490234
26.2968750 54.9375000 0.2695312
26.2500000 54.3125000 0.2558594
26.1406250 55.1875000 0.2558594
26.5937500 55.0312500 0.2734375
26.5781250 55.2500000 0.2822266
26.3750000 55.4375000 0.2968750
26.5312500 55.0312500 0.2763672
26.4375000 56.8125000 0.2998047
26.3906250 56.4375000 0.2773438
26.6250000 57.3125000 0.2763672
26.3281250 58.5312500 0.2792969
26.1250000 59.0937500 0.2890625
26.1406250 60.0625000 0.2792969
25.9687500 60.0937500 0.2724609
25.9843750 59.8750000 0.2792969
26.1406250 59.7187500 0.2763672
26.1875000 60.3125000 0.2832031
26.1875000 59.1250000 0.2666016
26.2968750 59.5625000 0.2841797
26.3437500 60.6875000 0.2919922
25.8437500 60.0625000 0.2705078
25.9687500 60.0937500 0.2744141
26.1250000 61.3125000 0.2939453
26.1875000 61.5625000 0.2978516
25.9531250 62.5000000 0.2978516
26.4218750 62.3750000 0.3056641
26.2968750 64.6875000 0.3291016
26.3750000 63.1875000 0.3085938
26.0468750 64.3125000 0.3154297
26.2187500 63.8125000 0.3066406
26.1250000 64.4375000 0.3154297
26.1875000 66.0625000 0.3535156
26.0781250 65.2500000 0.3310547
26.8437500 65.8125000 0.3642578
26.2656250 66.0000000 0.3554688
26.5781250 65.8125000 0.3505859
26.1093750 67.1250000 0.3662109
26.2187500 66.8750000 0.3632812
26.3281250 66.7500000 0.3642578
26.4375000 66.3125000 0.3632812
26.4843750 65.8125000 0.3496094
26.1718750 66.8125000 0.3623047
26.4843750 66.2500000 0.3662109
26.2812500 67.0000000 0.3769531
25.9218750 67.7500000 0.3779297
26.4375000 66.8125000 0.3730469
26.4062500 67.8750000 0.3789062
26.4843750 67.8750000 0.3857422
26.2343750 68.8125000 0.4033203
26.1250000 69.3125000 0.3994141
26.0156250 69.5625000 0.3984375
26.3281250 69.8125000 0.4140625
26.2812500 70.6875000 0.4189453
26.2500000 70.1875000 0.4140625
26.2343750 71.9375000 0.4384766
26.2812500 70.8125000 0.4277344
26.2031250 70.5625000 0.4199219
26.0312500 70.3750000 0.4140625
26.6562500 71.3750000 0.4453125
26.0312500 71.0625000 0.4267578
26.8437500 72.7500000 0.4609375
26.4375000 71.6875000 0.4433594
26.3281250 72.6250000 0.4472656
27.2656250 72.3125000 0.4619141
26.7187500 73.8125000 0.4658203
27.3281250 73.1875000 0.4814453
27.2500000 73.5625000 0.4804688
26.7187500 74.5000000 0.4902344
27.6875000 73.5000000 0.4863281
26.8750000 73.2500000 0.4677734
27.0468750 75.0625000 0.4980469
26.8906250 76.0000000 0.5029297
26.8281250 74.4375000 0.4863281
26.7031250 75.9375000 0.5117188
26.8437500 76.0625000 0.5126953
26.4375000 76.0000000 0.5068359
27.2031250 76.1875000 0.5156250
27.4062500 74.6875000 0.4931641
27.3281250 76.2500000 0.5273438
26.6875000 76.3125000 0.5156250
26.7187500 76.3750000 0.5175781
27.5625000 78.1250000 0.5566406
27.5781250 78.8750000 0.5673828
27.6562500 78.2500000 0.5605469
27.2500000 78.5625000 0.5595703
27.6250000 79.2500000 0.5771484
27.3281250 79.3125000 0.5830078
27.1718750 79.6250000 0.5908203
27.5312500 78.4375000 0.5683594
27.7968750 79.0000000 0.5703125
27.7500000 79.6250000 0.5761719
27.5000000 80.8750000 0.5996094
27.8593750 80.6875000 0.5947266
27.7187500 80.3750000 0.6123047
27.5312500 80.5000000 0.6054688
28.0312500 80.3125000 0.6152344
27.8593750 81.8125000 0.6503906
27.8437500 82.2500000 0.6425781
27.9218750 81.4375000 0.6435547
27.4375000 81.8750000 0.6308594
28.2343750 81.9375000 0.6640625
27.7968750 82.7500000 0.6582031
28.1718750 83.3125000 0.6748047
28.1406250 82.5000000 0.6484375
28.5468750 83.6250000 0.6738281
28.2031250 83.1250000 0.6601562
28.6406250 83.8125000 0.6865234
28.2500000 84.3125000 0.6699219
28.3281250 85.2500000 0.7119141
28.5156250 85.2500000 0.7060547
28.5000000 84.8750000 0.7021484
28.5156250 84.7500000 0.6933594
28.3593750 85.6875000 0.7138672
28.4687500 85.4375000 0.7089844
28.2968750 85.5000000 0.6992188
28.5468750 85.9375000 0.7285156
28.5312500 86.1875000 0.7304688
28.3906250 86.8750000 0.7304688
28.6562500 88.3750000 0.7871094
28.6875000 87.6875000 0.7529297
28.6875000 88.8125000 0.7851562
28.6875000 89.0000000 0.7998047
28.7187500 88.8125000 0.7792969
28.5781250 89.3750000 0.8046875
28.5000000 89.0625000 0.7851562
28.5625000 89.7500000 0.8203125
28.6093750 89.8125000 0.8222656
28.7812500 90.1250000 0.8212891
28.6718750 90.6250000 0.8457031
28.8281250 90.6250000 0.8310547
28.6718750 89.9375000 0.8466797
29.1093750 91.4375000 0.8837891
29.1250000 91.8125000 0.8583984
29.1718750 91.6875000 0.8916016
29.2343750 92.3750000 0.8896484
29.1718750 92.1875000 0.8916016
29.3593750 92.6875000 0.8955078
29.6093750 92.7500000 0.8798828
29.6562500 94.2500000 0.9189453
29.3750000 93.2500000 0.9008789
29.7343750 94.1250000 0.9228516
29.5625000 93.8125000 0.9082031
29.4375000 93.7500000 0.9033203
29.8125000 94.5000000 0.9326172
29.8750000 94.7500000 0.9306641
29.8593750 94.8125000 0.9125977
30.0781250 95.7500000 0.9443359
29.9062500 94.9375000 0.9155273
30.2187500 95.8750000 0.9316406
30.3281250 96.0000000 0.9311523
30.3281250 96.2500000 0.9404297
30.7031250 96.9375000 0.9428711
30.8437500 97.3125000 0.9335938
31.0937500 97.8125000 0.9160156
31.0468750 97.8125000 0.9384766
31.1093750 97.6875000 0.9243164
31.7031250 98.8125000 0.8964844
31.4375000 98.1875000 0.9008789
31.5156250 98.2500000 0.9116211
32.0937500 98.9375000 0.8632812
32.0937500 98.8125000 0.8632812
32.3437500 99.2500000 0.8535156
32.0937500 98.8750000 0.8613281
32.1562500 99.1250000 0.8759766
32.4062500 99.5000000 0.8457031
32.8750000 99.9375000 0.8154297
33.0312500 100.3125000 0.8222656
32.7187500 99.7500000 0.8164062
32.9062500 100.1250000 0.8115234
33.4375000 100.8125000 0.7792969
33.0312500 100.5000000 0.7968750
33.2500000 100.7500000 0.7988281
34.2500000 101.8125000 0.7197266
33.2187500 100.5625000 0.7871094
33.8750000 101.3125000 0.7539062
33.7812500 101.3750000 0.7617188
33.8750000 101.1250000 0.7509766
34.3750000 101.8125000 0.7207031
34.5625000 102.1250000 0.6884766
34.6875000 102.1875000 0.6962891
35.0000000 102.6250000 0.6572266
34.8750000 102.5625000 0.6904297
35.5625000 103.3750000 0.6289062
35.5312500 103.4375000 0.6318359
35.9687500 103.7500000 0.6005859
36.4375000 104.2500000 0.5468750
36.4687500 104.2500000 0.5566406
37.4375000 104.6250000 0.4687500
37.5937500 105.0000000 0.4462891
37.4375000 104.6875000 0.4375000
37.6875000 104.8125000 0.4267578
38.1875000 105.1250000 0.3828125
38.1250000 105.1250000 0.3896484
38.9687500 105.4375000 0.3154297
38.7812500 105.4375000 0.3398438
38.8437500 105.4375000 0.3300781
38.7187500 105.2500000 0.3457031
38.6875000 105.3125000 0.3466797
39.1250000 105.5000000 0.3105469
40.4687500 106.1875000 0.1865234
39.4687500 105.6250000 0.2861328
39.4375000 105.6250000 0.2812500
39.7812500 105.9375000 0.2480469
39.6875000 105.8750000 0.2587891
39.6562500 105.8750000 0.2646484
39.9687500 106.0625000 0.2373047
40.3437500 106.1875000 0.2060547
40.7187500 106.4375000 0.1650391
40.5312500 106.3750000 0.1777344
41.2500000 106.7500000 0.1171875
41.7187500 107.0000000 0.0859375
41.5937500 106.9375000 0.0878906
41.7500000 106.8750000 0.0761719
41.8750000 106.9375000 0.0703125
42.0937500 107.1875000 0.0556641
42.0312500 107.0625000 0.0673828
42.8125000 107.5000000 0.0068359
43.8750000 107.9375000 -0.1025391
43.3750000 107.8125000 -0.0488281
43.1250000 107.5625000 -0.0341797
43.9062500 107.9375000 -0.1123047
43.6562500 107.6875000 -0.1064453
43.5000000 107.6250000 -0.1044922
44.3125000 107.9375000 -0.1669922
44.1875000 107.9375000 -0.1455078
45.2187500 108.5000000 -0.2451172
44.7500000 108.2500000 -0.2197266
46.1250000 108.9375000 -0.3212891
46.4375000 109.1875000 -0.3349609
47.0937500 109.3125000 -0.3740234
47.3437500 109.5625000 -0.4130859
48.9375000 110.4375000 -0.5498047
48.4375000 110.1250000 -0.5087891
49.0000000 110.3750000 -0.5556641
48.6562500 110.2500000 -0.5205078
49.5937500 110.8125000 -0.6044922
49.0312500 110.4375000 -0.5498047
48.6250000 110.2500000 -0.5166016
49.9375000 110.9375000 -0.6474609
49.0625000 110.4375000 -0.5576172
49.8437500 111.0000000 -0.6435547
50.2187500 111.3125000 -0.6982422
50.6562500 111.7500000 -0.7470703
51.0625000 112.1875000 -0.7978516
52.0937500 113.2500000 -0.9287109
52.2187500 113.2500000 -0.9619141
52.4062500 113.1250000 -0.9638672
52.4062500 112.9375000 -0.9580078
52.6250000 113.3125000 -1.0166016
52.8437500 113.3750000 -1.0419922
53.0937500 113.4375000 -1.0712891
52.9375000 113.3750000 -1.0263672
53.0937500 113.5000000 -1.0498047
52.6562500 113.0625000 -0.9853516
53.3750000 113.7500000 -1.1142578
53.3437500 113.6875000 -1.0888672
53.4687500 113.7500000 -1.1083984
53.5000000 113.8750000 -1.1240234
53.6562500 114.0625000 -1.1416016
53.9687500 114.3750000 -1.1826172
54.2812500 114.8125000 -1.2158203
53.7187500 114.1875000 -1.1435547
54.3437500 115.0625000 -1.2666016
54.6562500 115.3125000 -1.2744141
54.5312500 115.1875000 -1.2763672
54.9375000 115.5625000 -1.2880859
55.5937500 116.6250000 -1.3896484
55.6875000 116.7500000 -1.3896484
55.8125000 116.9375000 -1.3974609
56.1875000 117.3125000 -1.4033203
56.2500000 117.5000000 -1.4091797
56.3437500 117.5625000 -1.4130859
56.5937500 118.0000000 -1.4228516
56.5625000 117.6875000 -1.4013672
56.9687500 118.2500000 -1.4150391
56.8437500 118.0625000 -1.4345703
56.9375000 117.9375000 -1.4326172
57.2187500 118.4375000 -1.4423828
57.3437500 118.2500000 -1.4345703
57.3750000 118.1875000 -1.4521484
57.4062500 118.3750000 -1.4228516
57.8750000 118.4375000 -1.4248047
57.9687500 118.4375000 -1.4541016
58.0000000 119.0000000 -1.4189453
58.5937500 118.8750000 -1.4267578
58.4687500 119.2500000 -1.4228516
58.3125000 119.2500000 -1.4208984
58.4687500 119.4375000 -1.4208984
58.1875000 119.9375000 -1.4306641
58.7187500 119.6875000 -1.4365234
58.4687500 119.8750000 -1.4365234
59.6562500 120.5625000 -1.4970703
58.0312500 119.5625000 -1.4130859
58.3750000 120.0625000 -1.4248047
58.5312500 120.3750000 -1.4248047
58.3125000 120.2500000 -1.4267578
58.3750000 120.8125000 -1.4091797
58.1875000 120.3125000 -1.3896484
59.1875000 122.1875000 -1.4541016
58.9062500 121.1250000 -1.4072266
58.5937500 123.0000000 -1.4521484
58.1875000 122.8125000 -1.4052734
58.0000000 124.3750000 -1.5029297
55.7812500 114.6250000 -1.3974609
58.3750000 125.0625000 -1.7060547
54.1250000 113.6875000 -1.3798828
56.7500000 122.0625000 -1.5517578
59.1875000 123.5625000 -1.5751953
58.6250000 122.5625000 -1.4482422
59.2187500 121.3750000 -1.4189453
60.1562500 122.8750000 -1.4814453
59.2812500 121.9375000 -1.4423828
61.1875000 123.1250000 -1.5361328
58.5937500 123.1875000 -1.4326172
59.6250000 123.4375000 -1.4580078
56.5937500 122.1875000 -1.3701172
58.3125000 123.7500000 -1.4384766
60.0000000 124.1250000 -1.5185547
60.5312500 123.7500000 -1.5087891
54.6250000 122.0625000 -1.3505859
57.5312500 124.0625000 -1.4248047
57.0625000 124.5625000 -1.4931641
52.7812500 122.5000000 -1.4541016
50.6562500 120.2500000 -1.1357422
56.7187500 124.2500000 -1.4033203
59.4062500 122.9375000 -1.4306641
57.8437500 122.8125000 -1.4033203
59.0625000 123.0625000 -1.4482422
58.7812500 122.8125000 -1.4677734
59.0625000 122.3750000 -1.4267578
59.6875000 122.7500000 -1.4677734
58.6250000 121.9375000 -1.4541016
58.0937500 121.8125000 -1.4287109
59.1250000 121.3750000 -1.4462891
59.4687500 122.1875000 -1.4677734
59.1875000 122.3750000 -1.4345703
59.7187500 122.3750000 -1.4853516
59.6250000 122.7500000 -1.4462891
60.2187500 122.5000000 -1.4736328
60.7500000 122.8125000 -1.5283203
59.5312500 121.9375000 -1.4716797
59.3125000 122.0000000 -1.4462891
59.5625000 122.3750000 -1.4619141
59.6562500 123.1250000 -1.4853516
59.7500000 123.1250000 -1.4755859
58.1875000 121.8125000 -1.4521484
58.7187500 121.8750000 -1.4267578
59.3125000 121.8125000 -1.4443359
59.9062500 122.8125000 -1.4599609
59.5937500 121.8750000 -1.4521484
59.0000000 122.0625000 -1.4345703
58.7812500 121.9375000 -1.4384766
59.5000000 122.1250000 -1.4833984
60.9687500 123.0000000 -1.5126953
59.3125000 121.8750000 -1.4697266
60.3750000 122.6875000 -1.4814453
58.7187500 121.6875000 -1.4599609
59.9375000 122.1250000 -1.4677734
59.7500000 121.8125000 -1.4482422
60.6875000 123.1250000 -1.4833984
59.8437500 123.3125000 -1.5126953
59.9375000 122.6250000 -1.4736328
59.4687500 121.8125000 -1.4716797
59.7187500 122.0000000 -1.4658203
59.7500000 121.6875000 -1.4658203
59.4687500 122.5000000 -1.4462891
59.8437500 121.8750000 -1.4677734
60.3437500 123.1875000 -1.4970703
60.2812500 122.1250000 -1.4755859
60.1250000 122.3125000 -1.4755859
59.3750000 122.5000000 -1.4599609
59.9687500 123.5000000 -1.4873047
60.7187500 122.4375000 -1.5009766
59.5312500 121.8750000 -1.4169922
59.5937500 121.9375000 -1.4462891
59.5312500 122.5000000 -1.4619141
59.1250000 121.8125000 -1.4326172
60.0000000 122.7500000 -1.4794922
60.5937500 122.9375000 -1.5009766
59.5937500 122.0625000 -1.4873047
60.8125000 122.3125000 -1.5224609
59.2500000 122.0625000 -1.4501953
59.3750000 122.3125000 -1.4423828
59.0312500 121.6875000 -1.4404297
60.0000000 120.8750000 -1.4521484
59.2500000 121.8125000 -1.4462891
59.4375000 121.4375000 -1.4638672
59.6562500 121.8125000 -1.4638672
58.9687500 122.6250000 -1.4462891
59.0625000 122.7500000 -1.4912109
58.5937500 121.8125000 -1.4306641
59.6250000 121.8750000 -1.4482422
60.6562500 122.1875000 -1.4970703
60.2500000 121.5000000 -1.4990234
60.8750000 122.5625000 -1.4833984
60.0937500 121.0625000 -1.4677734
59.4375000 121.8125000 -1.4541016
59.6875000 121.9375000 -1.4091797
60.3437500 121.6250000 -1.4794922
58.4687500 119.5625000 -1.4326172
59.3125000 121.5000000 -1.4404297
59.7187500 121.9375000 -1.4697266
60.0937500 123.0625000 -1.4873047
59.1562500 121.4375000 -1.4384766
60.3437500 122.0625000 -1.4853516
59.6875000 122.2500000 -1.4697266
60.1562500 122.0000000 -1.4580078
60.5000000 122.8125000 -1.5302734
58.8750000 121.5000000 -1.4208984
60.0312500 121.6250000 -1.4619141
59.3750000 120.7500000 -1.4306641
60.0312500 121.4375000 -1.4580078
59.2500000 121.5625000 -1.4326172
59.2187500 122.5000000 -1.4248047
59.6875000 122.3750000 -1.4814453
60.3750000 123.3750000 -1.5166016
60.0000000 122.1875000 -1.4716797
60.3750000 121.8750000 -1.4619141
59.7187500 121.8125000 -1.4423828
60.5937500 121.8750000 -1.4873047
60.0000000 121.7500000 -1.4580078
60.1562500 122.2500000 -1.4619141
59.5625000 122.2500000 -1.4775391
60.7500000 122.6250000 -1.5126953
60.3125000 123.1875000 -1.4814453
60.5937500 123.4375000 -1.5361328
59.8750000 121.4375000 -1.4599609
59.4062500 121.8750000 -1.4619141
59.9062500 122.8125000 -1.4619141
59.0625000 122.6875000 -1.4775391
59.2812500 123.0000000 -1.4345703
60.5937500 122.8750000 -1.4951172
59.2812500 122.0000000 -1.4384766
60.0000000 122.6875000 -1.4892578
59.5000000 121.9375000 -1.4697266
59.8750000 122.3750000 -1.4228516
59.8437500 121.6875000 -1.4521484
59.3125000 121.5625000 -1.4306641
61.1250000 122.9375000 -1.5517578
61.1250000 123.1250000 -1.5419922
60.0312500 121.7500000 -1.4794922
61.1562500 122.1250000 -1.5107422
59.9375000 122.3750000 -1.4794922
60.0625000 122.0625000 -1.4560547
59.2500000 122.1875000 -1.4462891
59.7187500 122.5625000 -1.4853516
59.0312500 122.5000000 -1.4306641
59.2500000 122.0000000 -1.4638672
59.6250000 121.6875000 -1.4345703
59.1562500 123.6250000 -1.4228516
60.9375000 122.4375000 -1.5068359
59.2500000 122.5625000 -1.4755859
58.5625000 122.5625000 -1.4541016
60.0000000 123.1875000 -1.5537109
60.3125000 122.6250000 -1.5009766
60.0000000 122.3125000 -1.4697266
60.0312500 122.9375000 -1.5068359
59.9687500 122.8125000 -1.4931641
59.5625000 123.0625000 -1.4853516
60.5312500 122.6250000 -1.5126953
59.1875000 122.4375000 -1.4208984
60.0625000 122.3125000 -1.4599609
59.5312500 122.6250000 -1.4638672
60.3437500 122.5000000 -1.4970703
60.5937500 123.6250000 -1.5068359
61.0625000 124.0000000 -1.5224609
59.4687500 122.3750000 -1.4462891
60.1562500 123.1875000 -1.5029297
58.7500000 123.5625000 -1.4365234
60.9062500 122.6875000 -1.5107422
59.5625000 121.3125000 -1.4541016
58.5625000 122.8750000 -1.4287109
58.6250000 122.8125000 -1.4365234
58.8125000 123.0000000 -1.4482422
58.2500000 122.7500000 -1.4111328
59.7812500 122.5000000 -1.4443359
58.7500000 122.8750000 -1.4482422
60.2500000 122.5625000 -1.4931641
59.0000000 122.6875000 -1.4541016
58.3437500 122.3125000 -1.4072266
60.2187500 122.8125000 -1.4482422
59.8750000 123.0000000 -1.4873047
59.8437500 122.8125000 -1.4423828
60.4375000 123.5000000 -1.4599609
58.7812500 124.0625000 -1.4189453
59.6250000 123.4375000 -1.4541016
59.9687500 123.5000000 -1.4677734
59.9062500 122.3750000 -1.4384766
60.4062500 122.5625000 -1.4970703
60.6562500 123.6875000 -1.4951172
60.2500000 122.8750000 -1.4697266
60.6875000 124.0625000 -1.5166016
59.2500000 122.6250000 -1.4697266
60.4062500 123.3750000 -1.5283203
58.9375000 123.4375000 -1.4052734
60.8437500 122.3125000 -1.4990234
59.8750000 122.3750000 -1.4365234
60.3750000 122.6875000 -1.5166016
60.1562500 121.8125000 -1.4501953
60.1250000 123.6250000 -1.4794922
60.0000000 122.5625000 -1.4619141
60.3437500 122.1250000 -1.4912109
59.3125000 122.3750000 -1.4404297
60.8750000 122.9375000 -1.4990234
60.0937500 122.9375000 -1.4931641
59.7500000 122.0625000 -1.4638672
58.8750000 122.8750000 -1.4755859
60.0625000 122.1875000 -1.4638672
60.3125000 122.2500000 -1.4794922
59.9062500 122.1250000 -1.4716797
59.6250000 122.0625000 -1.4560547
60.3750000 122.4375000 -1.4833984
59.7812500 121.8125000 -1.4619141
60.8750000 122.4375000 -1.4892578
59.7500000 123.0000000 -1.4521484
59.9062500 121.6875000 -1.4697266
60.4687500 122.5625000 -1.4560547
59.8437500 122.6250000 -1.4697266
60.2500000 123.2500000 -1.4697266
59.2812500 122.3750000 -1.4345703
60.8750000 122.6250000 -1.5322266
60.5000000 122.6250000 -1.5048828
58.8125000 122.3750000 -1.4404297
60.0625000 123.0625000 -1.4755859
59.2187500 121.2500000 -1.4541016
60.4687500 122.7500000 -1.5029297
59.2500000 123.5625000 -1.4970703
59.5625000 122.7500000 -1.5029297
59.1250000 123.9375000 -1.4853516
60.9062500 123.0625000 -1.5400391
60.9375000 122.5000000 -1.5634766
58.7812500 121.8750000 -1.4833984
60.4375000 122.3750000 -1.4892578
58.8750000 122.8125000 -1.4892578
56.5312500 120.8750000 -1.3955078
56.1250000 121.9375000 -1.3798828
52.4687500 119.8125000 -1.2529297
60.0937500 121.7500000 -1.4873047
61.4062500 123.5000000 -1.5947266
55.3437500 120.0625000 -1.3642578
60.0937500 122.2500000 -1.4990234
57.0000000 120.2500000 -1.3974609
60.5000000 122.9375000 -1.5068359
52.8125000 118.1250000 -1.2841797
47.6250000 115.3125000 -1.1298828
56.0937500 121.3750000 -1.4111328
54.8750000 120.1875000 -1.3232422
56.9687500 122.4375000 -1.4443359
54.3437500 122.0000000 -1.3486328
57.2500000 121.3750000 -1.4228516
53.3125000 118.8750000 -1.2880859
59.6875000 123.3750000 -1.4560547
59.6562500 123.3125000 -1.4443359
59.0625000 122.5000000 -1.4287109
59.0937500 122.2500000 -1.4482422
59.3125000 122.7500000 -1.4599609
59.0937500 122.1875000 -1.4169922
58.8437500 122.9375000 -1.4384766
58.7187500 122.3750000 -1.4248047
59.3750000 121.9375000 -1.4462891
59.0312500 121.7500000 -1.4560547
59.2187500 122.4375000 -1.4912109
59.5625000 122.3750000 -1.4755859
58.6562500 121.5000000 -1.4306641
60.1875000 122.8750000 -1.4873047
59.3750000 124.0000000 -1.4208984
58.4375000 124.6875000 -1.4462891
57.4375000 122.3125000 -1.4345703
58.7500000 124.7500000 -1.5341797
59.5937500 123.5000000 -1.4501953
59.9375000 125.5625000 -1.5712891
58.8750000 124.6250000 -1.4482422
60.0937500 125.4375000 -1.5107422
63.0625000 125.0625000 -1.6298828
60.6250000 123.3750000 -1.5263672
60.5625000 124.3750000 -1.5810547
62.8125000 123.1250000 -1.6337891
62.6875000 125.3125000 -1.6455078
61.2187500 124.1875000 -1.5576172
62.3125000 124.9375000 -1.5810547
63.5000000 125.8750000 -1.6923828
65.7500000 126.6250000 -1.7099609
64.9375000 126.1875000 -1.6923828
66.5000000 126.0000000 -1.7529297
65.0625000 125.5000000 -1.7158203
65.4375000 125.9375000 -1.7822266
66.1250000 126.7500000 -1.7998047
66.5625000 126.7500000 -1.8115234
67.3750000 126.7500000 -1.8466797
67.8750000 127.6250000 -1.8603516
68.2500000 127.0000000 -1.8564453
68.8125000 127.2500000 -1.8837891
70.0000000 127.3750000 -1.8798828
69.5000000 126.5000000 -1.8916016
69.4375000 126.0625000 -1.8837891
70.5625000 125.6875000 -1.9130859
73.0625000 125.8750000 -1.9873047
72.8125000 126.1875000 -1.9833984
72.1875000 126.7500000 -1.9697266
72.0625000 126.5000000 -1.9697266
72.1875000 126.7500000 -1.9775391
72.9375000 126.6250000 -1.9912109
72.8125000 127.2500000 -2.0039062
71.8125000 127.8750000 -1.9384766
73.0625000 128.0000000 -1.9951172
70.0000000 128.3750000 -1.8564453
72.7500000 127.0000000 -1.9716797
72.9375000 126.8750000 -1.9853516
71.3750000 127.1250000 -1.9248047
73.6875000 126.7500000 -1.9697266
70.6250000 127.1250000 -1.8916016
72.6250000 126.7500000 -1.9970703
72.7500000 128.5000000 -1.9560547
72.1875000 127.3750000 -1.9658203
75.3125000 127.0000000 -2.0195312
73.1250000 127.6250000 -1.9658203
74.3125000 127.8750000 -2.0312500
74.3750000 129.0000000 -1.9697266
75.7500000 127.7500000 -2.0625000
75.1250000 128.3750000 -2.0468750
75.7500000 127.3750000 -2.0273438
74.6250000 129.1250000 -1.9814453
77.1875000 127.7500000 -2.0781250
75.8125000 127.7500000 -2.0117188
77.4375000 127.5000000 -2.0976562
77.8750000 127.7500000 -2.1093750
77.1250000 127.6250000 -2.1015625
76.8750000 127.7500000 -2.0312500
77.3750000 128.5000000 -2.0781250
76.4375000 127.7500000 -2.0507812
79.3125000 127.5000000 -2.1367188
79.6875000 127.6250000 -2.1367188
79.0625000 128.3750000 -2.1093750
80.6875000 128.7500000 -2.1367188
81.4375000 127.8750000 -2.1953125
82.8750000 127.8750000 -2.2343750
83.8125000 128.5000000 -2.2539062
84.7500000 128.0000000 -2.2851562
82.9375000 129.5000000 -2.2070312
84.1875000 129.3750000 -2.3085938
87.0625000 128.7500000 -2.3437500
85.8125000 128.8750000 -2.2695312
85.7500000 129.8750000 -2.2656250
87.5625000 128.0000000 -2.3476562
90.0000000 128.7500000 -2.4296875
87.5000000 129.0000000 -2.3437500
85.8750000 129.2500000 -2.3007812
86.5000000 129.1250000 -2.2968750
84.7500000 128.8750000 -2.2460938
87.1875000 128.2500000 -2.3437500
84.4375000 128.6250000 -2.2382812
86.6875000 128.7500000 -2.3203125
87.0000000 129.1250000 -2.3398438
87.2500000 129.6250000 -2.3398438
88.0625000 129.3750000 -2.3671875
87.5625000 129.0000000 -2.3593750
88.3750000 128.7500000 -2.3789062
89.4375000 128.8750000 -2.4179688
87.8125000 129.0000000 -2.3476562
87.9375000 129.1250000 -2.3671875
88.8750000 128.6250000 -2.4062500
88.3750000 129.0000000 -2.3710938
88.7500000 128.7500000 -2.3906250
90.2500000 128.5000000 -2.4609375
89.6250000 128.6250000 -2.4218750
89.8125000 129.2500000 -2.4257812
88.6875000 129.2500000 -2.3789062
89.6875000 129.2500000 -2.4335938
89.6250000 128.8750000 -2.4335938
90.0625000 128.2500000 -2.4296875
91.1875000 128.5000000 -2.4765625
91.8750000 128.5000000 -2.4921875
91.5625000 128.7500000 -2.5000000
91.6250000 128.8750000 -2.5000000
92.2500000 129.3750000 -2.5195312
92.8125000 129.0000000 -2.5468750
93.3750000 129.6250000 -2.5820312
93.0625000 129.7500000 -2.5585938
93.5000000 129.7500000 -2.5859375
93.6250000 129.5000000 -2.5859375
92.9375000 129.3750000 -2.5585938
93.3750000 129.8750000 -2.5781250
93.6875000 130.1250000 -2.5781250
95.2500000 130.7500000 -2.6484375
94.6250000 128.8750000 -2.6171875
94.4375000 130.2500000 -2.5976562
95.9375000 129.3750000 -2.6640625
95.3750000 128.8750000 -2.6523438
94.5625000 129.7500000 -2.6171875
96.5000000 128.7500000 -2.6875000
95.6250000 129.5000000 -2.6289062
96.3750000 129.3750000 -2.6796875
96.4375000 129.0000000 -2.6679688
97.5000000 129.6250000 -2.7343750
96.6875000 129.5000000 -2.6914062
97.1875000 129.6250000 -2.7187500
97.5625000 128.8750000 -2.7382812
98.8125000 129.6250000 -2.7968750
98.8750000 129.5000000 -2.8007812
100.3125000 130.7500000 -2.8671875
98.8125000 130.3750000 -2.7968750
100.7500000 130.0000000 -2.8906250
99.2500000 130.5000000 -2.8203125
99.3750000 130.3750000 -2.8359375
101.3125000 130.1250000 -2.9140625
100.2500000 130.2500000 -2.8789062
101.8750000 131.2500000 -3.0000000
101.8125000 130.8750000 -2.9648438
100.3125000 130.5000000 -2.8671875
102.1875000 130.6250000 -2.9453125
102.7500000 130.3750000 -2.9804688
101.8750000 130.3750000 -2.9531250
103.2500000 129.7500000 -2.9804688
103.8750000 130.7500000 -3.0156250
102.5000000 131.6250000 -2.9570312
104.4375000 131.2500000 -3.0429688
104.8750000 130.5000000 -3.0468750
105.3125000 131.1250000 -3.0703125
106.3125000 131.1250000 -3.1054688
106.5000000 132.0000000 -3.1015625
111.9375000 136.0000000 -3.5937500
108.3125000 131.0000000 -3.2031250
107.8125000 130.5000000 -3.1914062
108.1875000 131.3750000 -3.2187500
109.3125000 131.7500000 -3.2500000
115.1875000 132.1250000 -3.4218750
109.7500000 130.6250000 -3.2773438
109.6875000 131.3750000 -3.2656250
108.1875000 130.1250000 -3.1953125
108.1250000 131.1250000 -3.1914062
110.4375000 130.7500000 -3.2812500
110.0000000 131.0000000 -3.2890625
107.6875000 131.2500000 -3.1757812
111.3125000 131.8750000 -3.3359375
109.9375000 131.7500000 -3.2773438
109.9375000 131.5000000 -3.2656250
108.8125000 131.1250000 -3.2226562
110.5625000 131.5000000 -3.2929688
110.9375000 131.1250000 -3.3085938
111.6875000 131.7500000 -3.3554688
110.4375000 131.2500000 -3.2851562
110.6875000 130.8750000 -3.3007812
112.5625000 131.6250000 -3.3945312
112.2500000 131.2500000 -3.3593750
111.5000000 131.0000000 -3.3164062
112.5625000 131.2500000 -3.3710938
113.0625000 131.5000000 -3.4062500
111.6875000 131.0000000 -3.3476562
110.6875000 131.1250000 -3.2656250
114.8125000 131.5000000 -3.4765625
112.7500000 131.3750000 -3.3750000
112.5625000 132.3750000 -3.4023438
111.8750000 131.3750000 -3.3593750
114.7500000 132.6250000 -3.4531250
111.5625000 131.0000000 -3.3398438
112.8750000 131.1250000 -3.4062500
113.7500000 131.7500000 -3.4335938
114.9375000 132.3750000 -3.4726562
116.5625000 132.0000000 -3.5273438
116.0000000 131.1250000 -3.5195312
115.6875000 131.6250000 -3.5117188
116.4375000 131.3750000 -3.5351562
116.5625000 131.6250000 -3.5429688
118.1875000 132.2500000 -3.5976562
115.5625000 131.7500000 -3.5078125
115.8750000 132.1250000 -3.5078125
119.3125000 132.5000000 -3.6406250
120.1250000 131.6250000 -3.6679688
119.7500000 132.2500000 -3.6445312
120.3125000 131.3750000 -3.6445312
119.3125000 131.7500000 -3.6054688
120.3750000 131.8750000 -3.6640625
121.8125000 132.0000000 -3.7148438
121.4375000 132.5000000 -3.7031250
120.8750000 133.5000000 -3.6757812
120.5000000 133.1250000 -3.6718750
122.5000000 132.3750000 -3.7226562
121.4375000 133.1250000 -3.6757812
121.8125000 132.6250000 -3.6953125
120.5000000 132.7500000 -3.6523438
122.8750000 133.1250000 -3.7304688
122.0000000 132.3750000 -3.7187500
123.0000000 132.1250000 -3.7109375
122.6250000 132.7500000 -3.7460938
122.8750000 132.3750000 -3.7343750
124.4375000 133.7500000 -3.8046875
123.9375000 132.5000000 -3.7734375
122.6250000 132.2500000 -3.7304688
124.8125000 133.2500000 -3.8203125
123.6250000 133.3750000 -3.7460938
124.5625000 132.1250000 -3.7968750
121.8125000 132.3750000 -3.6875000
127.1250000 133.2500000 -3.8671875
126.5625000 133.6250000 -3.8671875
128.5000000 134.2500000 -3.9335938
127.2500000 133.6250000 -3.8945312
126.7500000 133.7500000 -3.8671875
125.9375000 135.0000000 -3.8125000
127.8750000 134.1250000 -3.9218750
127.1250000 133.7500000 -3.8984375
127.3750000 134.1250000 -3.9062500
128.3750000 134.1250000 -3.9492188
128.5000000 134.3750000 -3.9375000
127.3750000 134.5000000 -3.9101562
128.7500000 134.5000000 -3.9570312
129.6250000 135.3750000 -3.9882812
129.8750000 135.0000000 -4.0195312
131.5000000 134.3750000 -4.0781250
129.6250000 133.6250000 -4.0585938
130.7500000 134.2500000 -4.1210938
132.0000000 133.7500000 -4.1328125
133.7500000 135.2500000 -4.1562500
134.5000000 134.5000000 -4.1562500
133.8750000 134.6250000 -4.1640625
130.6250000 133.8750000 -4.0429688
130.6250000 134.1250000 -4.0312500
130.2500000 134.6250000 -4.0195312
127.8750000 133.8750000 -3.8867188
130.6250000 134.5000000 -4.0273438
131.5000000 135.0000000 -4.0507812
130.2500000 133.8750000 -4.0078125
133.1250000 135.6250000 -4.1171875
132.1250000 135.1250000 -4.0703125
132.3750000 135.3750000 -4.0820312
133.1250000 135.1250000 -4.1171875
137.0000000 135.6250000 -4.2656250
135.5000000 134.8750000 -4.2421875
132.2500000 135.3750000 -4.0859375
132.8750000 136.3750000 -4.1132812
136.0000000 135.5000000 -4.2265625
136.6250000 135.6250000 -4.2304688
136.6250000 135.3750000 -4.2539062
137.0000000 136.0000000 -4.2656250
139.3750000 136.1250000 -4.3242188
133.8750000 135.3750000 -4.1523438
139.6250000 135.8750000 -4.3632812
138.6250000 135.5000000 -4.3085938
136.5000000 136.0000000 -4.2382812
138.5000000 135.8750000 -4.2890625
139.1250000 135.8750000 -4.3203125
137.1250000 136.1250000 -4.2421875
141.2500000 135.7500000 -4.4101562
136.6250000 136.0000000 -4.2578125
137.6250000 135.2500000 -4.2773438
137.8750000 135.7500000 -4.2734375
138.5000000 135.0000000 -4.2929688
139.1250000 134.8750000 -4.3476562
137.8750000 134.7500000 -4.2968750
138.1250000 134.8750000 -4.3007812
139.0000000 135.1250000 -4.3359375
141.7500000 135.6250000 -4.4531250
139.6250000 135.0000000 -4.3671875
138.7500000 135.2500000 -4.3242188
141.5000000 136.1250000 -4.4726562
136.8750000 136.5000000 -4.3164062
141.7500000 136.0000000 -4.4726562
141.6250000 135.1250000 -4.4414062
143.0000000 136.3750000 -4.5351562
142.0000000 135.7500000 -4.4570312
142.5000000 135.0000000 -4.5000000
142.3750000 135.8750000 -4.4921875
145.3750000 135.5000000 -4.6445312
140.6250000 135.3750000 -4.4570312
145.1250000 136.5000000 -4.6523438
142.1250000 136.3750000 -4.5625000
144.2500000 136.6250000 -4.5976562
144.1250000 136.1250000 -4.5976562
144.2500000 135.7500000 -4.6367188
141.8750000 135.0000000 -4.5273438
142.1250000 134.7500000 -4.5820312
139.0000000 135.7500000 -4.5273438
142.2500000 135.7500000 -4.6054688
143.6250000 135.0000000 -4.5820312
145.5000000 135.3750000 -4.6796875
146.3750000 135.7500000 -4.6679688
146.5000000 136.5000000 -4.7265625
146.6250000 136.6250000 -4.6875000
146.6250000 136.7500000 -4.6289062
150.5000000 136.7500000 -4.9843750
145.2500000 136.1250000 -4.5976562
145.3750000 136.0000000 -4.6914062
143.2500000 135.8750000 -4.5156250
142.0000000 136.5000000 -4.5156250
144.5000000 135.2500000 -4.6015625
146.8750000 135.7500000 -4.7343750
146.8750000 136.8750000 -4.7695312
147.5000000 135.0000000 -4.7968750
148.8750000 136.8750000 -4.9257812
147.8750000 136.0000000 -4.8320312
148.2500000 137.0000000 -4.8750000
148.8750000 137.0000000 -4.8867188
148.3750000 134.8750000 -4.8710938
149.7500000 137.0000000 -4.9648438
151.2500000 136.2500000 -4.9570312
150.6250000 136.8750000 -4.9531250
150.7500000 136.1250000 -4.9140625
153.2500000 136.8750000 -5.0273438
154.1250000 136.5000000 -5.0625000
154.6250000 136.7500000 -5.0625000
152.8750000 136.3750000 -5.0000000
153.8750000 136.8750000 -5.0195312
152.3750000 136.7500000 -4.9375000
153.0000000 137.6250000 -5.0156250
153.6250000 137.2500000 -5.0312500
153.6250000 137.5000000 -5.0156250
154.7500000 137.0000000 -5.0429688
156.0000000 138.3750000 -5.0976562
156.0000000 138.0000000 -5.1093750
154.7500000 137.8750000 -5.0898438
157.0000000 137.7500000 -5.1757812
156.6250000 137.3750000 -5.1367188
156.8750000 138.3750000 -5.1445312
157.6250000 139.0000000 -5.1992188
156.8750000 138.3750000 -5.1562500
158.6250000 138.2500000 -5.2226562
158.2500000 138.8750000 -5.2265625
158.5000000 139.1250000 -5.2421875
160.0000000 137.8750000 -5.2734375
159.6250000 138.8750000 -5.2656250
159.2500000 138.7500000 -5.2656250
160.2500000 138.3750000 -5.2656250
158.6250000 138.7500000 -5.2148438
160.0000000 138.1250000 -5.2695312
160.3750000 139.3750000 -5.2929688
159.7500000 138.0000000 -5.2851562
161.5000000 138.3750000 -5.3203125
160.6250000 139.3750000 -5.2968750
160.8750000 139.7500000 -5.2929688
163.1250000 138.7500000 -5.3750000
161.6250000 138.5000000 -5.3320312
163.0000000 138.8750000 -5.4101562
162.1250000 139.5000000 -5.3750000
163.8750000 138.6250000 -5.4140625
163.5000000 138.0000000 -5.4023438
164.6250000 138.7500000 -5.4414062
165.1250000 138.3750000 -5.4648438
163.8750000 138.3750000 -5.4062500
164.8750000 139.3750000 -5.4765625
164.0000000 138.3750000 -5.4101562
166.2500000 138.8750000 -5.5156250
165.1250000 138.5000000 -5.4609375
164.7500000 139.7500000 -5.4531250
165.8750000 140.3750000 -5.5078125
164.1250000 141.0000000 -5.4375000
164.2500000 140.7500000 -5.4375000
167.7500000 141.7500000 -5.5585938
168.6250000 141.0000000 -5.6015625
169.0000000 139.0000000 -5.6328125
168.2500000 138.5000000 -5.6132812
170.2500000 139.1250000 -5.6914062
168.7500000 139.0000000 -5.6289062
170.2500000 140.5000000 -5.6406250
169.2500000 139.7500000 -5.6093750
170.8750000 139.0000000 -5.6835938
170.7500000 138.5000000 -5.6796875
171.2500000 140.0000000 -5.6835938
171.7500000 137.5000000 -5.7578125
171.7500000 139.3750000 -5.7109375
171.8750000 139.2500000 -5.7070312
171.7500000 138.2500000 -5.7304688
173.3750000 139.8750000 -5.7539062
173.2500000 141.2500000 -5.7304688
172.5000000 138.2500000 -5.7070312
173.0000000 138.7500000 -5.7304688
173.5000000 138.6250000 -5.7578125
173.1250000 137.2500000 -5.7695312
173.5000000 137.3750000 -5.7617188
175.2500000 138.8750000 -5.8085938
174.6250000 137.1250000 -5.7734375
174.2500000 136.2500000 -5.7773438
175.1250000 135.7500000 -5.7929688
174.5000000 136.3750000 -5.8203125
175.3750000 137.3750000 -5.8203125
175.6250000 137.0000000 -5.8554688
176.5000000 138.7500000 -5.8632812
176.6250000 138.3750000 -5.8515625
176.5000000 137.8750000 -5.8515625
176.7500000 136.7500000 -5.8320312
176.6250000 137.1250000 -5.8242188
177.2500000 135.8750000 -5.8398438
177.5000000 135.7500000 -5.8281250
177.3750000 136.1250000 -5.8515625
177.6250000 136.8750000 -5.8554688
178.1250000 136.6250000 -5.8632812
178.7500000 135.7500000 -5.9140625
178.1250000 136.5000000 -5.8671875
179.2500000 136.5000000 -5.8710938
179.5000000 135.5000000 -5.8085938
178.8750000 136.2500000 -5.8867188
179.1250000 135.7500000 -5.8906250
179.2500000 135.1250000 -5.8750000
179.7500000 135.0000000 -5.9414062
179.7500000 134.8750000 -5.9296875
180.8750000 133.6250000 -5.9687500
180.0000000 134.2500000 -5.9375000
180.6250000 133.5000000 -5.9335938
180.5000000 133.2500000 -5.9453125
181.0000000 133.1250000 -5.9609375
180.7500000 133.3750000 -5.9453125
180.7500000 133.0000000 -5.9335938
180.8750000 132.7500000 -5.9804688
180.8750000 133.1250000 -5.9687500
181.7500000 132.2500000 -6.0195312
181.7500000 132.3750000 -6.0195312
182.3750000 131.8750000 -6.0468750
182.2500000 131.7500000 -6.0078125
182.3750000 131.2500000 -6.0195312
182.2500000 130.7500000 -6.0273438
182.6250000 131.0000000 -6.0351562
181.8750000 130.6250000 -6.0195312
182.6250000 129.8750000 -6.0273438
182.7500000 129.3750000 -6.0312500
182.3750000 130.1250000 -6.0234375
182.3750000 129.1250000 -6.0312500
182.7500000 129.1250000 -6.0546875
182.6250000 128.5000000 -6.0703125
182.5000000 128.1250000 -6.0742188
182.7500000 129.2500000 -6.0820312
183.2500000 128.0000000 -6.0976562
183.2500000 128.3750000 -6.0976562
183.0000000 127.3750000 -6.0976562
182.6250000 127.3750000 -6.0781250
182.7500000 127.5000000 -6.0703125
183.0000000 125.7500000 -6.1015625
182.8750000 126.2500000 -6.1015625
182.8750000 125.2500000 -6.1093750
183.5000000 124.9375000 -6.1406250
183.5000000 125.1875000 -6.1406250
183.2500000 124.5000000 -6.1484375
183.3750000 123.1875000 -6.1640625
183.5000000 122.6875000 -6.1718750
183.5000000 122.8750000 -6.1718750
183.1250000 122.5000000 -6.1718750
183.3750000 122.3125000 -6.1718750
183.5000000 121.9375000 -6.1640625
183.2500000 121.2500000 -6.1796875
183.1250000 121.7500000 -6.1718750
183.2500000 121.7500000 -6.1718750
183.2500000 121.3125000 -6.1562500
183.3750000 121.6250000 -6.1796875
183.3750000 121.9375000 -6.1718750
183.3750000 120.5625000 -6.1796875
183.1250000 120.1250000 -6.1796875
183.3750000 121.0625000 -6.1953125
183.3750000 119.3750000 -6.2031250
183.5000000 119.3125000 -6.2031250
183.2500000 118.8750000 -6.1875000
183.1250000 118.6250000 -6.2031250
183.3750000 119.4375000 -6.1875000
183.3750000 117.5000000 -6.2109375
183.1250000 117.9375000 -6.1953125
183.1250000 116.3125000 -6.2109375
183.3750000 117.1250000 -6.2265625
183.2500000 115.8125000 -6.2343750
183.0000000 116.6250000 -6.2109375
182.8750000 114.8750000 -6.2109375
182.8750000 114.8750000 -6.2187500
182.8750000 114.3750000 -6.2265625
183.1250000 114.2500000 -6.2343750
183.1250000 114.2500000 -6.2421875
183.0000000 114.2500000 -6.2265625
182.8750000 115.1250000 -6.2187500
183.2500000 114.0000000 -6.2421875
183.0000000 114.0625000 -6.2187500
183.2500000 113.8125000 -6.2265625
183.1250000 112.6250000 -6.2421875
183.0000000 113.0625000 -6.2265625
183.0000000 113.0000000 -6.2343750
183.1250000 112.9375000 -6.2343750
183.1250000 112.5000000 -6.2500000
183.0000000 111.7500000 -6.2343750
183.2500000 112.6250000 -6.2578125
183.1250000 112.0000000 -6.2734375
183.0000000 110.7500000 -6.2421875
183.0000000 111.0625000 -6.2656250
182.7500000 109.7500000 -6.2500000
183.0000000 110.8125000 -6.2578125
183.0000000 110.8750000 -6.2500000
183.2500000 109.8125000 -6.2734375
183.1250000 109.0625000 -6.2734375
183.0000000 109.4375000 -6.2656250
183.0000000 109.0625000 -6.2500000
183.0000000 108.2500000 -6.2500000
183.0000000 108.6250000 -6.2421875
183.1250000 108.1875000 -6.2734375
183.1250000 107.0000000 -6.2734375
183.1250000 107.9375000 -6.2500000
183.3750000 106.6875000 -6.2968750
183.2500000 106.8750000 -6.2812500
183.1250000 108.0000000 -6.2734375
183.2500000 106.6250000 -6.2890625
183.1250000 107.3125000 -6.2812500
183.1250000 106.6875000 -6.2890625
183.2500000 107.6250000 -6.2812500
183.5000000 105.4375000 -6.3046875
183.1250000 106.9375000 -6.2734375
182.8750000 105.2500000 -6.2578125
183.2500000 105.0000000 -6.2812500
183.0000000 104.7500000 -6.2656250
183.2500000 105.0625000 -6.2968750
183.0000000 103.9375000 -6.3046875
182.8750000 103.5625000 -6.2890625
182.5000000 102.7500000 -6.3046875
182.5000000 103.1250000 -6.3046875
182.5000000 102.5000000 -6.3125000
182.5000000 102.0625000 -6.3046875
182.5000000 102.6250000 -6.3046875
182.1250000 101.1250000 -6.3359375
182.3750000 101.4375000 -6.3281250
182.2500000 100.9375000 -6.3281250
181.8750000 100.7500000 -6.3359375
182.3750000 101.5000000 -6.3359375
181.7500000 100.6875000 -6.3593750
181.8750000 100.4375000 -6.3515625
181.0000000 99.9375000 -6.3593750
181.7500000 100.3125000 -6.3515625
181.5000000 99.9375000 -6.3593750
181.1250000 98.5000000 -6.4140625
181.2500000 100.8750000 -6.3515625
181.0000000 98.1875000 -6.3906250
181.2500000 99.0625000 -6.3828125
181.3750000 98.1875000 -6.3750000
181.1250000 98.4375000 -6.4062500
180.6250000 98.1250000 -6.4062500
180.7500000 97.8750000 -6.4062500
181.0000000 97.1875000 -6.4218750
181.2500000 97.7500000 -6.3984375
180.8750000 96.1875000 -6.3906250
180.5000000 96.6875000 -6.3984375
180.6250000 97.3750000 -6.3828125
180.3750000 96.2500000 -6.3906250
180.6250000 96.5000000 -6.3828125
180.7500000 95.7500000 -6.3984375
180.0000000 94.8125000 -6.4062500
181.0000000 95.5625000 -6.4218750
180.2500000 95.1250000 -6.3906250
179.8750000 93.6875000 -6.3906250
180.2500000 94.3125000 -6.3750000
179.7500000 93.5000000 -6.3906250
179.8750000 93.3750000 -6.3750000
180.0000000 93.4375000 -6.3828125
179.6250000 93.1250000 -6.3750000
179.6250000 92.0000000 -6.3515625
179.1250000 92.6875000 -6.3515625
179.3750000 92.1875000 -6.3281250
179.3750000 91.1875000 -6.3515625
179.3750000 90.4375000 -6.3593750
179.3750000 89.6875000 -6.3437500
179.5000000 90.7500000 -6.3515625
179.3750000 89.4375000 -6.3593750
179.3750000 89.3750000 -6.3593750
179.2500000 90.5000000 -6.3593750
178.8750000 90.2500000 -6.3671875
179.7500000 90.0000000 -6.3593750
179.6250000 90.1250000 -6.3593750
179.2500000 89.5000000 -6.3671875
179.1250000 90.5625000 -6.3593750
179.2500000 89.8750000 -6.3593750
179.1250000 88.5625000 -6.3671875
179.2500000 88.0625000 -6.3750000
179.2500000 89.2500000 -6.3515625
179.3750000 87.8125000 -6.3671875
178.7500000 87.6250000 -6.3671875
179.0000000 87.4375000 -6.3828125
178.6250000 87.4375000 -6.3671875
178.6250000 85.9375000 -6.3750000
178.5000000 86.3750000 -6.3671875
178.5000000 86.4375000 -6.3750000
178.7500000 85.8125000 -6.3828125
178.7500000 85.8125000 -6.3750000
179.1250000 86.3750000 -6.3671875
178.5000000 84.2500000 -6.3906250
178.6250000 85.1250000 -6.3828125
178.5000000 84.0000000 -6.3828125
178.7500000 85.8125000 -6.3828125
178.5000000 83.7500000 -6.3671875
178.5000000 84.8125000 -6.3828125
178.7500000 84.1875000 -6.3828125
178.6250000 84.0000000 -6.3906250
178.8750000 84.5000000 -6.3906250
179.3750000 82.4375000 -6.3984375
178.6250000 82.6250000 -6.3828125
178.7500000 81.8125000 -6.3984375
179.0000000 82.0000000 -6.3984375
178.8750000 81.6250000 -6.3906250
179.0000000 82.3125000 -6.3984375
179.2500000 82.2500000 -6.3906250
179.2500000 82.6875000 -6.3984375
179.1250000 83.2500000 -6.3906250
179.1250000 81.7500000 -6.3984375
179.3750000 80.4375000 -6.4296875
179.0000000 80.8750000 -6.3984375
179.2500000 80.9375000 -6.4140625
179.1250000 79.8125000 -6.3984375
179.6250000 79.3125000 -6.4062500
179.3750000 80.5625000 -6.4062500
179.1250000 79.4375000 -6.4218750
179.5000000 80.2500000 -6.3984375
179.5000000 79.1250000 -6.4062500
179.7500000 79.0625000 -6.4140625
179.7500000 78.8750000 -6.4218750
179.2500000 76.2500000 -6.4218750
180.0000000 76.3750000 -6.4218750
179.3750000 75.3750000 -6.4218750
179.3750000 75.7500000 -6.4140625
179.2500000 76.5000000 -6.4062500
179.0000000 74.6250000 -6.4296875
179.2500000 77.1250000 -6.4140625
179.6250000 76.5000000 -6.4140625
178.8750000 75.7500000 -6.4296875
179.6250000 74.7500000 -6.4375000
179.1250000 75.5625000 -6.4375000
179.2500000 74.3125000 -6.4218750
179.1250000 75.5000000 -6.4296875
179.0000000 73.8125000 -6.4375000
179.5000000 74.5000000 -6.4218750
179.5000000 73.3750000 -6.4375000
179.2500000 72.7500000 -6.4296875
179.3750000 72.8750000 -6.4375000
179.3750000 72.4375000 -6.4609375
179.3750000 72.6250000 -6.4296875
179.2500000 71.6875000 -6.4375000
179.2500000 71.3125000 -6.4609375
179.6250000 70.2500000 -6.4375000
179.2500000 70.6875000 -6.4140625
179.0000000 71.5000000 -6.4531250
179.5000000 70.2500000 -6.4687500
179.0000000 70.9375000 -6.4843750
179.2500000 70.3750000 -6.5000000
178.8750000 69.9375000 -6.5156250
177.3750000 70.0000000 -6.5000000
177.2500000 69.5000000 -6.5078125
178.2500000 68.6250000 -6.5234375
176.2500000 69.1250000 -6.5468750
177.1250000 66.9375000 -6.5312500
176.3750000 67.4375000 -6.5234375
176.0000000 65.6250000 -6.5390625
174.7500000 67.4375000 -6.5078125
176.8750000 66.1875000 -6.5234375
175.3750000 67.5625000 -6.5312500
176.0000000 66.6875000 -6.5390625
176.3750000 66.3750000 -6.5703125
176.1250000 67.0625000 -6.5781250
176.3750000 67.0000000 -6.6015625
175.5000000 67.5000000 -6.5703125
175.5000000 67.5625000 -6.5390625
175.2500000 66.7500000 -6.5312500
174.7500000 67.1875000 -6.5312500
174.2500000 66.3750000 -6.4921875
173.8750000 65.6250000 -6.4687500
172.8750000 65.8750000 -6.4609375
173.1250000 66.1875000 -6.5000000
173.1250000 65.8125000 -6.4609375
172.3750000 65.3125000 -6.4609375
172.1250000 65.4375000 -6.4453125
170.8750000 65.3750000 -6.4296875
172.7500000 65.8125000 -6.4296875
171.6250000 65.5625000 -6.4375000
171.7500000 65.8125000 -6.4687500
170.5000000 65.3125000 -6.4609375
170.7500000 66.2500000 -6.5000000
171.2500000 65.8125000 -6.4609375
170.6250000 66.0000000 -6.4375000
169.3750000 65.8125000 -6.4843750
171.7500000 65.7500000 -6.4296875
170.7500000 65.3125000 -6.3906250
164.1250000 64.2500000 -6.1718750
168.8750000 65.9375000 -6.4140625
168.2500000 66.7500000 -6.4609375
168.5000000 66.0000000 -6.4375000
167.0000000 66.6250000 -6.4609375
168.2500000 66.0000000 -6.4062500
168.3750000 65.5625000 -6.4453125
169.1250000 65.6250000 -6.4687500
167.5000000 67.1250000 -6.4531250
165.7500000 65.8750000 -6.4375000
165.8750000 66.8125000 -6.4687500
166.1250000 66.3125000 -6.4296875
165.3750000 66.1875000 -6.4687500
164.7500000 66.6250000 -6.4531250
163.8750000 66.5000000 -6.4531250
164.0000000 66.3750000 -6.4531250
164.2500000 66.0000000 -6.4218750
163.6250000 66.5625000 -6.4687500
163.6250000 66.1875000 -6.4375000
162.3750000 66.5625000 -6.4531250
161.7500000 66.9375000 -6.4921875
162.1250000 65.6250000 -6.4375000
161.3750000 66.3125000 -6.4609375
161.0000000 66.0000000 -6.4296875
162.2500000 66.2500000 -6.4609375
160.6250000 66.4375000 -6.4375000
160.7500000 66.9375000 -6.4921875
159.8750000 66.6875000 -6.4843750
160.0000000 66.6250000 -6.4765625
158.1250000 66.3125000 -6.3750000
159.3750000 66.6250000 -6.4375000
158.7500000 66.9375000 -6.4453125
160.0000000 66.9375000 -6.4609375
159.1250000 65.7500000 -6.4218750
158.5000000 65.9375000 -6.4218750
157.0000000 66.3750000 -6.4375000
158.3750000 65.3750000 -6.4140625
157.7500000 66.0625000 -6.4453125
155.3750000 66.8750000 -6.4843750
156.6250000 66.5000000 -6.4609375
156.7500000 66.6875000 -6.4765625
156.0000000 66.2500000 -6.4531250
157.6250000 66.0000000 -6.4062500
154.8750000 65.8750000 -6.4296875
155.7500000 66.3125000 -6.4765625
158.6250000 66.3750000 -6.5625000
159.7500000 68.4375000 -6.7812500
154.8750000 66.3125000 -6.4453125
153.5000000 66.1250000 -6.4453125
153.8750000 65.7500000 -6.4375000
154.5000000 66.1875000 -6.4843750
155.6250000 66.5625000 -6.6015625
153.6250000 66.0625000 -6.4765625
153.7500000 66.4375000 -6.4765625
154.0000000 65.1875000 -6.4296875
152.1250000 65.5000000 -6.4531250
153.6250000 65.8750000 -6.4765625
152.1250000 66.3125000 -6.5156250
152.3750000 66.8750000 -6.5078125
151.7500000 65.3125000 -6.4687500
150.8750000 64.5625000 -6.4609375
150.1250000 64.6875000 -6.4843750
149.7500000 64.8750000 -6.5000000
149.7500000 63.7500000 -6.4375000
149.1250000 64.4375000 -6.4453125
149.5000000 63.3750000 -6.4609375
148.7500000 63.7500000 -6.4687500
149.5000000 64.7500000 -6.4921875
149.3750000 65.2500000 -6.4609375
149.2500000 65.3125000 -6.4453125
148.3750000 63.5625000 -6.4531250
149.3750000 65.1875000 -6.4843750
148.8750000 65.6875000 -6.5000000
148.6250000 64.9375000 -6.4609375
149.2500000 64.5000000 -6.4453125
149.0000000 63.6875000 -6.3984375
149.6250000 63.5000000 -6.4062500
149.2500000 63.0000000 -6.4062500
149.2500000 63.3750000 -6.4296875
148.7500000 63.0000000 -6.4140625
147.2500000 61.7812500 -6.3906250
148.8750000 62.3437500 -6.4296875
148.8750000 63.0000000 -6.4531250
148.6250000 61.6250000 -6.4296875
149.1250000 61.8125000 -6.4843750
148.8750000 62.0937500 -6.4531250
149.3750000 61.1562500 -6.4062500
148.8750000 61.3437500 -6.4062500
148.8750000 60.0312500 -6.4062500
148.8750000 60.5937500 -6.3750000
148.7500000 60.6250000 -6.3984375
149.2500000 60.0937500 -6.3984375
148.7500000 60.1250000 -6.3671875
148.2500000 59.3750000 -6.3593750
148.6250000 59.0625000 -6.3359375
147.6250000 59.6250000 -6.3593750
148.0000000 59.2187500 -6.3359375
147.6250000 59.4062500 -6.3593750
147.7500000 59.5937500 -6.3515625
147.6250000 59.0625000 -6.3437500
147.1250000 59.9375000 -6.3437500
148.1250000 59.3125000 -6.3437500
147.8750000 58.4375000 -6.3359375
146.5000000 58.0625000 -6.3750000
146.7500000 57.6250000 -6.4375000
145.6250000 56.7812500 -6.3984375
146.6250000 57.4062500 -6.4218750
146.1250000 57.7187500 -6.4218750
146.0000000 57.1875000 -6.4140625
146.1250000 57.4687500 -6.3984375
145.8750000 57.7812500 -6.3906250
146.1250000 57.2187500 -6.3828125
145.6250000 56.7812500 -6.3515625
145.2500000 57.2500000 -6.3828125
146.1250000 57.5000000 -6.3515625
146.1250000 56.8125000 -6.3203125
145.1250000 56.6562500 -6.3125000
145.6250000 56.3750000 -6.3125000
145.7500000 56.0625000 -6.3125000
143.8750000 54.8125000 -6.2500000
143.7500000 54.3125000 -6.2656250
143.2500000 54.3125000 -6.2734375
142.3750000 54.1562500 -6.2656250
142.8750000 54.5312500 -6.2734375
142.0000000 54.8437500 -6.2890625
141.2500000 53.6875000 -6.2500000
141.2500000 54.4375000 -6.2812500
140.8750000 53.8125000 -6.2578125
141.0000000 53.9687500 -6.2734375
140.5000000 54.1562500 -6.2890625
139.8750000 53.6875000 -6.2890625
140.2500000 53.7187500 -6.2812500
140.2500000 53.8437500 -6.2812500
141.1250000 54.0937500 -6.2656250
140.0000000 53.5000000 -6.2734375
140.3750000 53.7187500 -6.2656250
139.6250000 53.5000000 -6.2656250
139.6250000 53.8750000 -6.2578125
139.0000000 53.3750000 -6.2812500
139.3750000 53.4062500 -6.2500000
139.2500000 53.4687500 -6.2500000
139.3750000 53.6250000 -6.2656250
138.6250000 53.4062500 -6.2421875
138.3750000 53.3750000 -6.2734375
137.8750000 53.4062500 -6.2421875
138.1250000 53.6250000 -6.2500000
138.1250000 53.7500000 -6.2421875
136.7500000 53.2812500 -6.2421875
137.6250000 53.3125000 -6.2500000
136.0000000 52.6562500 -6.2500000
136.6250000 52.9687500 -6.2500000
136.8750000 53.1250000 -6.2421875
135.7500000 52.3750000 -6.2421875
136.2500000 53.0000000 -6.2265625
134.2500000 52.5000000 -6.2578125
135.7500000 52.9687500 -6.2890625
135.6250000 54.1250000 -6.2500000
135.3750000 53.7500000 -6.3046875
134.0000000 52.6562500 -6.3046875
133.7500000 52.9375000 -6.3203125
132.5000000 52.1562500 -6.3203125
132.7500000 52.3437500 -6.3125000
132.1250000 51.8437500 -6.3203125
132.7500000 51.4687500 -6.3125000
131.1250000 49.6875000 -6.2656250
133.7500000 52.9062500 -6.2500000
134.8750000 60.7500000 -6.2109375
130.3750000 63.8125000 -5.8554688
134.0000000 59.1875000 -5.9843750
130.5000000 54.8125000 -5.8710938
134.2500000 60.0000000 -6.1171875
131.1250000 49.6562500 -6.2500000
130.3750000 47.4687500 -6.2500000
130.3750000 47.5937500 -6.2500000
131.3750000 47.8750000 -6.2421875
130.1250000 47.6250000 -6.2421875
129.7500000 47.5000000 -6.2421875
130.8750000 47.7187500 -6.2343750
129.5000000 45.6250000 -6.2343750
129.1250000 43.7812500 -6.2343750
130.1250000 45.6875000 -6.2343750
129.3750000 45.2812500 -6.2421875
129.6250000 45.8125000 -6.2421875
128.0000000 42.3437500 -6.2187500
128.8750000 44.4062500 -6.2265625
129.1250000 44.0625000 -6.2421875
128.5000000 45.1562500 -6.2343750
129.5000000 46.0000000 -6.2656250
128.6250000 44.1562500 -6.2578125
129.0000000 45.0937500 -6.2734375
128.8750000 45.4062500 -6.2500000
128.7500000 45.2812500 -6.2421875
128.8750000 44.3437500 -6.2500000
129.1250000 44.9687500 -6.2500000
128.5000000 42.7812500 -6.2421875
128.3750000 43.2500000 -6.2421875
128.8750000 43.7187500 -6.2421875
128.5000000 42.8750000 -6.2500000
128.7500000 41.8125000 -6.2343750
129.1250000 44.3125000 -6.2265625
128.7500000 42.3750000 -6.2421875
128.8750000 42.5312500 -6.2187500
129.1250000 44.5625000 -6.2187500
128.7500000 41.2812500 -6.2656250
128.8750000 41.3750000 -6.2578125
129.0000000 41.0625000 -6.2734375
128.2500000 41.4062500 -6.2734375
128.6250000 41.0937500 -6.2734375
129.1250000 41.5000000 -6.2656250
128.1250000 39.7812500 -6.2500000
128.1250000 41.3125000 -6.2421875
128.2500000 39.1875000 -6.2578125
128.1250000 39.4375000 -6.2421875
128.3750000 39.1562500 -6.2265625
128.5000000 39.2187500 -6.2421875
128.3750000 37.7812500 -6.2265625
128.3750000 37.8125000 -6.2500000
128.6250000 37.6250000 -6.2421875
128.5000000 36.4687500 -6.2578125
128.3750000 35.6250000 -6.2265625
128.1250000 36.6250000 -6.2500000
128.3750000 36.9375000 -6.2500000
127.8750000 36.6250000 -6.2265625
128.5000000 35.7187500 -6.2500000
128.6250000 36.1250000 -6.2500000
128.3750000 35.7812500 -6.2500000
128.5000000 33.2812500 -6.2343750
128.2500000 35.0625000 -6.2578125
128.6250000 34.0625000 -6.2578125
128.5000000 33.2187500 -6.2343750
128.6250000 31.9843750 -6.2187500
128.3750000 32.6250000 -6.2421875
128.6250000 30.7656250 -6.2421875
128.7500000 34.2812500 -6.2421875
129.0000000 30.9843750 -6.2187500
128.7500000 32.1250000 -6.2500000
128.7500000 32.1250000 -6.2421875
128.6250000 28.3437500 -6.2187500
128.8750000 35.0000000 -6.2421875
129.5000000 30.8593750 -6.2031250
128.7500000 34.1875000 -6.1953125
128.6250000 26.9218750 -6.1406250
128.5000000 30.8906250 -6.2578125
128.7500000 29.5312500 -6.2421875
129.0000000 29.7187500 -6.2343750
128.5000000 28.9062500 -6.2031250
128.7500000 29.7343750 -6.2265625
128.5000000 29.2656250 -6.1953125
128.5000000 30.2343750 -6.2109375
128.7500000 28.9687500 -6.2031250
128.5000000 30.0937500 -6.2187500
128.3750000 27.7187500 -6.1875000
128.5000000 27.3906250 -6.1718750
128.3750000 25.7031250 -6.1718750
128.3750000 26.6875000 -6.1953125
128.3750000 26.7500000 -6.1953125
128.1250000 25.4062500 -6.1875000
128.2500000 26.4531250 -6.1718750
128.3750000 27.6875000 -6.1796875
128.3750000 24.2812500 -6.1718750
128.1250000 22.3750000 -6.1796875
128.1250000 23.7656250 -6.1875000
128.6250000 26.2343750 -6.2031250
128.2500000 24.2187500 -6.1875000
128.2500000 22.5625000 -6.1796875
128.1250000 21.4843750 -6.2031250
128.2500000 23.3750000 -6.1718750
128.3750000 25.2031250 -6.1562500
128.6250000 25.7187500 -6.1953125
128.5000000 26.3750000 -6.1796875
128.5000000 23.7968750 -6.1484375
128.3750000 22.7500000 -6.1484375
128.3750000 23.5625000 -6.1640625
128.3750000 22.9687500 -6.1562500
128.3750000 23.9843750 -6.1484375
128.3750000 20.5625000 -6.1328125
128.1250000 19.8125000 -6.1406250
127.8750000 20.3750000 -6.1484375
128.0000000 18.5781250 -6.1328125
128.1250000 19.6250000 -6.1640625
128.1250000 17.2968750 -6.1484375
127.9375000 17.6406250 -6.1562500
127.9375000 17.2968750 -6.1406250
128.1250000 18.9843750 -6.1640625
128.1250000 17.3593750 -6.1406250
128.1250000 17.8750000 -6.1484375
128.1250000 17.9531250 -6.1171875
128.1250000 17.8437500 -6.1640625
127.8750000 16.5156250 -6.1484375
128.0000000 16.7343750 -6.1562500
128.0000000 17.3437500 -6.1562500
128.0000000 17.5156250 -6.1328125
127.0000000 11.9453125 -6.0820312
127.8750000 16.8437500 -6.1406250
127.5625000 15.3437500 -6.1171875
128.0000000 16.5000000 -6.1015625
127.8125000 16.1093750 -6.1250000
127.8125000 13.2265625 -6.1171875
127.8125000 13.4843750 -6.1484375
127.7500000 13.5156250 -6.1328125
127.5000000 11.4921875 -6.1250000
128.1250000 14.4843750 -6.1484375
128.2500000 13.3281250 -6.1406250
128.2500000 13.2890625 -6.1718750
127.9375000 12.4296875 -6.1328125
128.1250000 13.2421875 -6.1640625
127.8750000 13.0000000 -6.1484375
127.8750000 11.2343750 -6.1328125
128.2500000 12.6015625 -6.1328125
127.8125000 11.9687500 -6.1484375
127.6875000 10.3828125 -6.1250000
127.4375000 12.4140625 -6.0976562
127.2500000 7.5859375 -6.1093750
127.7500000 12.1562500 -6.1250000
127.1250000 8.6406250 -6.1093750
127.4375000 10.6015625 -6.1328125
127.4375000 10.8437500 -6.1250000
127.6875000 10.9140625 -6.1406250
127.3125000 8.2343750 -6.1406250
126.6875000 7.6015625 -6.1171875
127.4375000 9.2421875 -6.1562500
127.0625000 10.3281250 -6.1015625
126.9375000 8.6796875 -6.1875000
126.5625000 6.3437500 -6.1250000
126.6250000 7.2656250 -6.1093750
127.2500000 7.4609375 -6.1640625
126.6875000 6.4609375 -6.1328125
126.8750000 5.0937500 -6.1484375
125.8750000 -2.2656250 -6.2109375
126.6250000 3.1425781 -6.1406250
127.0000000 5.4296875 -6.1640625
126.6875000 4.9375000 -6.1250000
127.0000000 6.0781250 -6.1406250
127.1250000 4.4453125 -6.1562500
126.7500000 4.8281250 -6.1406250
127.0000000 4.3437500 -6.1718750
126.6875000 4.2734375 -6.1484375
126.6250000 2.5957031 -6.1406250
126.8125000 2.5917969 -6.1640625
126.8125000 2.0566406 -6.1406250
126.8125000 4.1328125 -6.1640625
127.0000000 3.1152344 -6.1562500
126.6250000 -0.5107422 -6.2031250
127.0000000 2.9433594 -6.1640625
127.3125000 5.5703125 -6.1796875
126.8750000 2.4453125 -6.1640625
126.8125000 -0.6147461 -6.1953125
127.0000000 1.3964844 -6.1953125
127.1250000 1.6796875 -6.1484375
126.9375000 0.1386719 -6.1640625
127.0000000 0.3789062 -6.1484375
126.6250000 0.6308594 -6.1406250
126.2500000 -1.7558594 -6.1718750
126.7500000 -0.4169922 -6.1406250
126.7500000 -0.7421875 -6.1562500
125.9375000 -2.7070312 -6.1640625
126.3750000 -0.7026367 -6.1562500
126.2500000 -0.0312500 -6.1640625
126.2500000 -2.8828125 -6.1718750
126.1250000 -2.5996094 -6.1640625
126.5000000 -1.5849609 -6.1718750
126.6250000 -1.2773438 -6.1796875
126.5000000 -3.1113281 -6.2031250
126.2500000 -4.1757812 -6.2421875
127.0000000 -2.9843750 -6.2343750
126.3750000 -12.1406250 -6.2890625
127.0000000 -10.8359375 -6.3125000
126.7500000 -16.7031250 -6.3046875
127.5000000 -14.2031250 -6.3359375
127.6250000 -12.1171875 -6.3125000
127.5625000 -11.6406250 -6.3125000
127.5625000 -11.3671875 -6.3203125
127.1875000 -11.4765625 -6.3046875
127.3125000 -8.5468750 -6.3125000
126.8125000 -9.3593750 -6.2812500
126.6250000 -7.2890625 -6.2890625
126.7500000 -5.2304688 -6.2500000
126.5000000 -5.0312500 -6.2421875
126.4375000 -4.3203125 -6.2187500
126.1250000 -8.8437500 -6.2656250
125.4375000 -8.0078125 -6.2500000
126.0000000 -6.6640625 -6.2421875
125.5625000 -9.4218750 -6.2812500
126.1875000 -7.6562500 -6.2578125
125.8750000 -8.2500000 -6.2734375
126.4375000 -11.5156250 -6.2656250
126.5000000 -8.7968750 -6.2734375
125.8125000 -10.6015625 -6.2578125
126.0625000 -11.1796875 -6.2500000
126.5000000 -18.0312500 -6.2812500
125.5000000 -12.5390625 -6.2578125
126.0000000 -12.0390625 -6.2500000
125.5625000 -13.0156250 -6.2187500
126.8125000 -13.2890625 -6.2656250
127.8750000 -8.8671875 -6.3437500
126.6250000 -12.9453125 -6.2734375
126.6875000 -12.6171875 -6.2968750
127.1250000 -11.1171875 -6.3203125
126.2500000 -14.0625000 -6.2734375
126.3125000 -12.7031250 -6.2656250
125.7500000 -14.3906250 -6.2500000
125.8750000 -13.2109375 -6.2656250
126.3750000 -13.6718750 -6.2421875
126.0000000 -13.9218750 -6.2968750
125.8125000 -13.1875000 -6.2656250
125.9375000 -12.9140625 -6.2578125
125.5625000 -14.2656250 -6.2500000
126.0000000 -12.1484375 -6.2812500
126.0625000 -15.3906250 -6.2343750
125.8750000 -14.8906250 -6.2578125
125.8125000 -14.2578125 -6.2734375
125.8750000 -16.2500000 -6.2578125
125.6250000 -14.3593750 -6.2812500
126.5000000 -16.5156250 -6.2656250
126.1875000 -16.2343750 -6.2578125
126.0625000 -16.6406250 -6.2578125
125.6250000 -17.2812500 -6.2578125
126.3750000 -17.2968750 -6.2578125
125.9375000 -18.1562500 -6.2656250
126.1250000 -17.7343750 -6.2812500
125.5000000 -18.4843750 -6.2578125
125.2500000 -19.7812500 -6.2578125
124.7500000 -19.1718750 -6.2812500
125.0000000 -19.7500000 -6.2500000
124.7500000 -20.7187500 -6.2734375
124.5625000 -21.0781250 -6.2500000
125.5625000 -21.5937500 -6.2578125
125.0625000 -20.6875000 -6.2656250
125.1875000 -21.1406250 -6.2578125
125.5000000 -22.9531250 -6.2734375
125.2500000 -21.6406250 -6.2656250
125.3125000 -22.4062500 -6.2578125
125.0625000 -21.0312500 -6.2812500
125.6875000 -21.7343750 -6.2890625
125.3125000 -21.8750000 -6.2578125
126.1875000 -22.9218750 -6.2812500
125.6875000 -22.5781250 -6.2812500
125.5625000 -22.2656250 -6.2421875
126.4375000 -22.8906250 -6.3046875
126.3750000 -22.3906250 -6.3203125
126.3750000 -23.6250000 -6.3046875
126.2500000 -23.7187500 -6.2968750
126.1250000 -24.2343750 -6.2890625
127.1875000 -24.4843750 -6.2968750
127.0625000 -24.1406250 -6.2968750
126.8125000 -23.5468750 -6.2812500
126.5625000 -24.3125000 -6.2578125
125.8750000 -23.9687500 -6.2343750
127.3125000 -24.7343750 -6.2890625
125.9375000 -22.7812500 -6.2500000
126.5000000 -23.4687500 -6.2578125
126.8750000 -26.4218750 -6.2578125
126.8125000 -24.9687500 -6.2812500
126.7500000 -25.7812500 -6.2812500
126.6250000 -26.8281250 -6.2656250
126.8125000 -26.6718750 -6.2968750
127.1250000 -27.7812500 -6.2968750
127.0625000 -27.0937500 -6.2812500
126.5000000 -27.3906250 -6.3125000
126.2500000 -27.1875000 -6.2890625
127.1250000 -28.3750000 -6.2890625
127.0625000 -29.3750000 -6.3281250
127.5625000 -29.9687500 -6.2968750
127.5000000 -30.2968750 -6.2890625
127.4375000 -30.7187500 -6.2578125
127.2500000 -29.3750000 -6.2265625
127.8125000 -30.5781250 -6.2343750
128.1250000 -30.0312500 -6.2265625
128.2500000 -30.2343750 -6.2187500
128.3750000 -31.0000000 -6.2500000
128.3750000 -31.4531250 -6.2500000
128.2500000 -31.7031250 -6.2578125
128.2500000 -31.6250000 -6.2656250
128.2500000 -33.0312500 -6.2421875
128.3750000 -32.6250000 -6.2890625
127.6875000 -32.5312500 -6.2578125
127.9375000 -32.9687500 -6.3203125
128.5000000 -33.5937500 -6.2890625
128.5000000 -33.7187500 -6.2656250
128.7500000 -33.2812500 -6.3046875
128.7500000 -34.1875000 -6.2656250
128.7500000 -34.4375000 -6.2578125
129.1250000 -35.7187500 -6.2578125
129.2500000 -34.4687500 -6.2812500
129.3750000 -35.2187500 -6.2890625
129.7500000 -34.0625000 -6.2890625
129.6250000 -37.3125000 -6.2890625
129.2500000 -35.5000000 -6.3046875
129.7500000 -35.4062500 -6.2734375
129.6250000 -34.5937500 -6.2890625
129.2500000 -35.2812500 -6.2734375
130.0000000 -36.5000000 -6.3125000
129.5000000 -36.7500000 -6.2656250
129.5000000 -37.0937500 -6.2500000
130.3750000 -37.3750000 -6.2734375
130.1250000 -38.0312500 -6.2968750
130.0000000 -38.3437500 -6.2343750
130.2500000 -38.9375000 -6.2656250
130.3750000 -38.9687500 -6.2734375
129.7500000 -38.0937500 -6.2812500
130.7500000 -39.0312500 -6.2812500
130.6250000 -39.5000000 -6.2578125
130.6250000 -38.9062500 -6.2812500
130.0000000 -38.0000000 -6.3203125
130.2500000 -39.0625000 -6.3046875
130.6250000 -38.8437500 -6.2968750
130.8750000 -40.0000000 -6.2656250
131.5000000 -40.0000000 -6.2578125
131.6250000 -40.8125000 -6.2812500
131.1250000 -40.6875000 -6.2812500
132.6250000 -41.7187500 -6.2812500
132.3750000 -41.9375000 -6.2890625
133.2500000 -42.2500000 -6.2421875
133.1250000 -42.7812500 -6.2578125
133.0000000 -42.6562500 -6.2812500
133.3750000 -42.9687500 -6.2968750
133.3750000 -43.1562500 -6.2890625
133.7500000 -43.9687500 -6.2734375
133.7500000 -44.2812500 -6.2578125
134.8750000 -45.6250000 -6.2421875
134.8750000 -45.4687500 -6.2500000
134.8750000 -45.3750000 -6.2421875
135.5000000 -46.2187500 -6.2578125
134.8750000 -45.8750000 -6.2500000
135.7500000 -46.9375000 -6.2343750
135.8750000 -47.2500000 -6.2265625
136.0000000 -47.7500000 -6.2421875
136.3750000 -47.9687500 -6.2031250
136.6250000 -48.1875000 -6.2109375
136.3750000 -48.5312500 -6.2343750
136.5000000 -47.5312500 -6.2343750
137.5000000 -47.6875000 -6.2421875
137.3750000 -48.1250000 -6.2421875
136.7500000 -48.4687500 -6.2734375
137.2500000 -49.4062500 -6.2656250
137.3750000 -49.8125000 -6.2734375
136.0000000 -48.0000000 -6.2265625
136.0000000 -49.8125000 -6.1640625
137.7500000 -48.4687500 -6.2421875
139.1250000 -49.6875000 -6.2734375
139.2500000 -49.0000000 -6.3359375
139.6250000 -50.2187500 -6.3125000
139.6250000 -50.1250000 -6.3125000
139.2500000 -50.3750000 -6.3125000
138.7500000 -50.0000000 -6.3906250
139.5000000 -49.9687500 -6.3828125
137.6250000 -49.0937500 -6.4218750
139.2500000 -53.0625000 -6.3671875
139.8750000 -52.0937500 -6.3125000
139.6250000 -53.1562500 -6.2968750
137.8750000 -52.8750000 -6.3515625
139.3750000 -53.5000000 -6.3125000
139.2500000 -54.1250000 -6.2968750
139.5000000 -54.1250000 -6.2578125
139.0000000 -53.7812500 -6.2734375
139.1250000 -54.0312500 -6.2812500
139.2500000 -54.2500000 -6.2734375
138.2500000 -55.0000000 -6.2890625
139.0000000 -54.2812500 -6.2890625
138.7500000 -55.2187500 -6.2734375
138.8750000 -55.1250000 -6.2812500
139.2500000 -54.4687500 -6.2968750
139.6250000 -55.9375000 -6.2890625
139.2500000 -55.0000000 -6.2968750
138.2500000 -55.7500000 -6.2656250
139.2500000 -55.9062500 -6.3046875
139.0000000 -54.7187500 -6.2890625
138.7500000 -56.0000000 -6.2734375
139.1250000 -56.0000000 -6.2812500
138.2500000 -58.1562500 -6.2656250
139.5000000 -56.9687500 -6.2890625
138.8750000 -57.3750000 -6.2656250
138.7500000 -58.3750000 -6.2656250
139.3750000 -59.0937500 -6.2656250
138.3750000 -57.2187500 -6.2500000
138.7500000 -59.3125000 -6.2500000
138.7500000 -60.2812500 -6.2500000
138.7500000 -59.6562500 -6.2500000
138.7500000 -60.9375000 -6.2187500
138.2500000 -58.6250000 -6.2265625
138.5000000 -61.0000000 -6.2421875
138.6250000 -61.5312500 -6.2187500
137.7500000 -61.0937500 -6.2109375
138.5000000 -61.6562500 -6.2187500
138.1250000 -62.2500000 -6.1953125
138.1250000 -64.2500000 -6.2109375
137.3750000 -61.6250000 -6.2187500
133.8750000 -63.5000000 -5.8671875
138.1250000 -62.0000000 -6.2343750
138.6250000 -64.5000000 -6.1796875
138.7500000 -64.6875000 -6.1875000
138.8750000 -63.4687500 -6.2265625
138.6250000 -63.6562500 -6.2109375
138.5000000 -65.8750000 -6.1796875
138.3750000 -64.5000000 -6.1875000
138.3750000 -65.8750000 -6.1562500
139.0000000 -66.4375000 -6.1796875
138.1250000 -66.8125000 -6.1796875
138.5000000 -67.3125000 -6.1796875
138.8750000 -66.6875000 -6.1796875
138.6250000 -66.1875000 -6.1796875
138.6250000 -67.7500000 -6.1406250
138.6250000 -67.5000000 -6.1328125
138.2500000 -67.1250000 -6.1562500
138.8750000 -68.0625000 -6.1562500
138.8750000 -67.7500000 -6.1562500
138.5000000 -69.3750000 -6.1406250
139.1250000 -67.6875000 -6.1328125
138.6250000 -69.6875000 -6.1562500
138.7500000 -70.1875000 -6.0898438
138.8750000 -70.1250000 -6.0976562
138.8750000 -71.5000000 -6.0937500
139.1250000 -70.6875000 -6.1015625
138.3750000 -71.3750000 -6.1015625
139.5000000 -71.4375000 -6.0546875
139.0000000 -71.0625000 -6.1015625
138.7500000 -72.4375000 -6.0898438
138.8750000 -72.6250000 -6.0312500
138.8750000 -72.4375000 -6.0625000
139.0000000 -72.5000000 -6.0703125
138.6250000 -73.5625000 -6.0585938
138.7500000 -71.6875000 -6.0820312
139.2500000 -72.5625000 -6.0625000
139.0000000 -72.5000000 -6.0507812
139.2500000 -73.7500000 -6.0195312
138.8750000 -74.0625000 -6.0078125
139.0000000 -74.6250000 -6.0039062
138.7500000 -75.6250000 -5.9921875
138.3750000 -74.7500000 -6.0156250
138.7500000 -74.6250000 -6.0000000
138.3750000 -75.0000000 -6.0039062
138.6250000 -75.6875000 -5.9960938
139.2500000 -75.7500000 -5.9726562
138.7500000 -75.0000000 -5.9960938
138.8750000 -76.3750000 -5.9453125
138.8750000 -76.0625000 -5.9687500
138.5000000 -77.8750000 -6.0078125
138.8750000 -79.3750000 -5.9726562
138.7500000 -77.1875000 -6.0429688
138.7500000 -75.8750000 -6.0078125
139.2500000 -77.0625000 -5.9804688
138.5000000 -80.1250000 -5.9179688
138.2500000 -79.6875000 -5.9570312
138.8750000 -79.6875000 -5.9257812
139.1250000 -79.3750000 -5.9101562
139.2500000 -81.8750000 -5.8554688
139.1250000 -78.8125000 -5.9492188
139.2500000 -80.6250000 -5.8906250
139.1250000 -80.1250000 -5.8945312
139.3750000 -80.6875000 -5.9062500
139.6250000 -81.2500000 -5.8867188
139.5000000 -81.4375000 -5.8671875
138.7500000 -81.1250000 -5.8789062
138.8750000 -82.5000000 -5.8476562
138.7500000 -81.3750000 -5.8828125
139.2500000 -81.8125000 -5.8554688
139.0000000 -82.1250000 -5.8984375
138.7500000 -80.8125000 -5.9140625
139.5000000 -81.8125000 -5.8906250
139.0000000 -82.1875000 -5.8789062
139.2500000 -83.2500000 -5.8710938
139.1250000 -83.3750000 -5.8710938
138.5000000 -82.8125000 -5.8867188
139.1250000 -83.8750000 -5.8398438
139.0000000 -84.3750000 -5.8437500
139.0000000 -84.5625000 -5.8593750
138.7500000 -83.9375000 -5.8671875
138.8750000 -84.6875000 -5.8242188
138.8750000 -84.6875000 -5.8242188
139.0000000 -84.5000000 -5.8320312
139.0000000 -84.4375000 -5.8281250
139.2500000 -85.1250000 -5.8359375
139.0000000 -84.5000000 -5.8789062
139.0000000 -84.8750000 -5.8593750
139.2500000 -85.8125000 -5.8476562
138.8750000 -84.9375000 -5.8476562
139.5000000 -86.6250000 -5.8085938
139.5000000 -85.9375000 -5.8203125
139.6250000 -86.8750000 -5.8242188
139.3750000 -87.0000000 -5.8164062
139.3750000 -87.0625000 -5.7929688
139.6250000 -87.6250000 -5.8281250
139.6250000 -87.3125000 -5.8164062
139.3750000 -88.8125000 -5.8476562
139.6250000 -88.0625000 -5.8125000
139.2500000 -88.4375000 -5.8085938
139.3750000 -89.6250000 -5.8085938
139.1250000 -89.8125000 -5.8320312
139.2500000 -89.3750000 -5.8125000
139.2500000 -89.3750000 -5.8007812
139.2500000 -89.8750000 -5.7968750
139.0000000 -90.8125000 -5.8125000
139.2500000 -91.1875000 -5.8007812
139.1250000 -89.8750000 -5.8242188
139.1250000 -90.7500000 -5.8085938
139.1250000 -91.5000000 -5.8046875
139.1250000 -91.6250000 -5.8359375
139.0000000 -91.6875000 -5.8046875
139.2500000 -91.9375000 -5.8515625
139.0000000 -92.1875000 -5.8476562
139.0000000 -93.1250000 -5.8164062
139.1250000 -93.5000000 -5.8281250
139.2500000 -92.0625000 -5.8085938
139.2500000 -90.5000000 -5.8242188
139.0000000 -93.8750000 -5.8476562
139.2500000 -93.7500000 -5.8281250
139.1250000 -94.2500000 -5.8476562
139.1250000 -94.0625000 -5.8437500
138.7500000 -94.5000000 -5.8906250
138.8750000 -95.2500000 -5.8515625
138.7500000 -95.9375000 -5.8789062
139.0000000 -94.4375000 -5.8476562
138.8750000 -95.5000000 -5.8515625
138.8750000 -95.4375000 -5.8398438
138.8750000 -97.1875000 -5.8984375
139.0000000 -97.6875000 -5.9179688
138.8750000 -97.2500000 -5.8906250
138.6250000 -97.8750000 -5.9062500
138.5000000 -97.8750000 -5.9179688
138.7500000 -98.3750000 -5.9335938
138.7500000 -99.1875000 -5.9335938
138.8750000 -99.0000000 -5.9375000
139.1250000 -99.3125000 -5.9218750
138.8750000 -99.6250000 -5.9375000
139.0000000 -100.0000000 -5.9531250
138.5000000 -99.1250000 -5.9257812
139.0000000 -99.8750000 -5.9414062
138.8750000 -100.3750000 -6.0039062
138.7500000 -101.0000000 -5.9726562
138.7500000 -100.6250000 -5.9921875
138.6250000 -101.6875000 -6.0546875
138.8750000 -102.3125000 -6.0234375
138.8750000 -102.8125000 -6.0585938
138.3750000 -102.7500000 -6.0429688
138.2500000 -102.0000000 -6.0078125
138.2500000 -103.2500000 -6.0507812
138.5000000 -102.5000000 -6.0507812
138.5000000 -102.8125000 -6.0429688
138.1250000 -103.0000000 -6.0859375
138.0000000 -103.6875000 -6.1328125
138.2500000 -103.8125000 -6.0742188
137.7500000 -105.0625000 -6.1171875
138.7500000 -105.8750000 -6.1093750
139.1250000 -104.3125000 -6.1093750
139.3750000 -103.8750000 -6.0976562
138.7500000 -105.8125000 -6.0937500
139.2500000 -105.0000000 -6.0664062
138.7500000 -106.0625000 -6.1640625
139.2500000 -106.0000000 -6.1015625
139.1250000 -106.1250000 -6.1171875
138.7500000 -107.1250000 -6.1250000
139.1250000 -106.4375000 -6.0898438
139.0000000 -106.8125000 -6.1093750
139.3750000 -107.9375000 -6.1484375
139.0000000 -109.8125000 -6.1640625
138.5000000 -108.3125000 -6.1328125
138.7500000 -109.1875000 -6.1328125
138.6250000 -108.3750000 -6.1484375
139.0000000 -110.3750000 -6.1718750
139.5000000 -109.4375000 -6.1640625
139.1250000 -109.9375000 -6.1875000
139.0000000 -111.2500000 -6.2109375
138.7500000 -110.8125000 -6.2109375
138.8750000 -111.1875000 -6.2109375
139.2500000 -111.8125000 -6.2343750
139.1250000 -111.1250000 -6.2500000
139.1250000 -112.3125000 -6.2343750
139.0000000 -111.4375000 -6.2265625
138.8750000 -112.5000000 -6.2343750
138.7500000 -112.5000000 -6.2343750
138.8750000 -112.8125000 -6.2734375
138.6250000 -113.2500000 -6.2734375
138.7500000 -113.3125000 -6.2500000
138.7500000 -113.0625000 -6.2343750
138.8750000 -112.5625000 -6.2421875
138.2500000 -116.1250000 -6.2578125
138.5000000 -114.6875000 -6.2734375
138.5000000 -114.2500000 -6.2734375
138.8750000 -115.0000000 -6.3046875
138.6250000 -114.3125000 -6.2812500
138.6250000 -114.6875000 -6.2968750
138.5000000 -115.5625000 -6.3203125
138.6250000 -115.5000000 -6.3125000
138.5000000 -116.3125000 -6.3359375
138.0000000 -116.6250000 -6.3359375
138.3750000 -116.8125000 -6.3203125
138.5000000 -116.6250000 -6.3203125
138.6250000 -116.6875000 -6.3046875
138.5000000 -117.5625000 -6.3671875
138.3750000 -118.0625000 -6.3828125
139.5000000 -118.5625000 -6.3593750
138.5000000 -118.4375000 -6.3750000
138.6250000 -119.4375000 -6.4375000
138.5000000 -119.9375000 -6.4687500
138.7500000 -119.1875000 -6.4296875
138.3750000 -119.6250000 -6.4921875
138.5000000 -120.5000000 -6.4687500
139.0000000 -119.9375000 -6.4531250
138.3750000 -120.1250000 -6.4765625
138.5000000 -120.8125000 -6.4843750
138.5000000 -121.2500000 -6.4843750
138.2500000 -122.1875000 -6.5156250
138.2500000 -121.0000000 -6.4765625
138.5000000 -122.3125000 -6.5234375
138.7500000 -121.1250000 -6.4296875
138.3750000 -122.2500000 -6.5312500
138.6250000 -122.3750000 -6.5468750
139.0000000 -123.5000000 -6.5859375
138.5000000 -123.6875000 -6.5703125
138.1250000 -123.9375000 -6.5781250
138.2500000 -123.8125000 -6.6093750
138.6250000 -124.7500000 -6.6015625
138.7500000 -123.4375000 -6.5234375
138.8750000 -124.0000000 -6.5781250
139.1250000 -125.0000000 -6.6328125
139.1250000 -124.8750000 -6.6250000
138.8750000 -127.0000000 -6.6953125
138.7500000 -125.9375000 -6.6796875
138.2500000 -126.5000000 -6.6953125
138.3750000 -126.3125000 -6.7031250
138.3750000 -126.2500000 -6.6562500
138.0000000 -126.5000000 -6.7031250
138.6250000 -126.5000000 -6.6718750
138.3750000 -127.0000000 -6.7187500
138.1250000 -127.3750000 -6.7031250
138.1250000 -127.0625000 -6.6718750
137.1250000 -128.2500000 -6.7343750
137.1250000 -129.2500000 -6.7421875
137.2500000 -129.3750000 -6.7343750
137.7500000 -128.6250000 -6.7187500
137.7500000 -129.1250000 -6.7343750
136.7500000 -129.3750000 -6.7500000
137.3750000 -129.7500000 -6.7734375
137.7500000 -129.1250000 -6.7421875
138.2500000 -130.0000000 -6.7500000
137.6250000 -130.1250000 -6.7656250
138.0000000 -129.6250000 -6.7500000
138.0000000 -130.3750000 -6.7812500
137.5000000 -131.5000000 -6.8046875
138.3750000 -130.6250000 -6.7968750
137.7500000 -132.0000000 -6.7968750
138.5000000 -131.2500000 -6.7812500
137.2500000 -132.0000000 -6.7812500
137.1250000 -132.1250000 -6.8046875
137.6250000 -133.3750000 -6.8281250
136.6250000 -133.6250000 -6.8359375
136.7500000 -133.5000000 -6.8359375
136.8750000 -133.7500000 -6.8046875
136.6250000 -133.8750000 -6.7968750
137.6250000 -133.3750000 -6.8203125
137.6250000 -134.8750000 -6.7656250
138.0000000 -134.8750000 -6.7968750
138.0000000 -134.0000000 -6.7890625
137.6250000 -135.0000000 -6.8046875
136.8750000 -134.7500000 -6.8203125
137.8750000 -135.6250000 -6.8046875
137.7500000 -136.1250000 -6.8437500
137.5000000 -136.2500000 -6.7968750
137.0000000 -136.1250000 -6.8046875
137.7500000 -138.0000000 -6.7734375
138.2500000 -137.8750000 -6.7656250
138.1250000 -137.8750000 -6.7421875
138.2500000 -138.3750000 -6.7421875
137.2500000 -138.3750000 -6.7812500
137.8750000 -138.1250000 -6.7656250
137.6250000 -138.3750000 -6.7734375
138.3750000 -138.6250000 -6.7578125
137.3750000 -139.5000000 -6.7656250
137.7500000 -139.6250000 -6.7500000
137.8750000 -139.2500000 -6.7656250
137.6250000 -139.3750000 -6.7734375
137.5000000 -141.3750000 -6.7500000
138.3750000 -140.6250000 -6.7265625
137.6250000 -140.8750000 -6.7265625
138.3750000 -140.8750000 -6.7187500
138.0000000 -141.3750000 -6.7500000
137.2500000 -141.3750000 -6.7109375
138.3750000 -142.3750000 -6.7031250
137.8750000 -142.0000000 -6.7187500
138.1250000 -142.7500000 -6.6640625
137.8750000 -142.3750000 -6.7187500
137.2500000 -143.3750000 -6.6875000
139.0000000 -143.1250000 -6.7109375
137.3750000 -144.5000000 -6.6562500
137.7500000 -143.1250000 -6.6718750
138.1250000 -146.6250000 -6.5859375
137.7500000 -146.1250000 -6.6328125
138.0000000 -146.2500000 -6.6328125
137.5000000 -145.0000000 -6.6328125
137.6250000 -145.1250000 -6.6328125
138.2500000 -144.7500000 -6.6406250
137.5000000 -145.0000000 -6.6328125
137.8750000 -146.0000000 -6.6015625
137.8750000 -146.8750000 -6.5546875
138.1250000 -146.8750000 -6.5781250
137.7500000 -147.0000000 -6.5390625
137.6250000 -146.8750000 -6.5546875
137.5000000 -147.5000000 -6.5234375
137.8750000 -147.6250000 -6.5312500
138.0000000 -146.7500000 -6.5937500
138.0000000 -148.1250000 -6.5546875
138.0000000 -148.7500000 -6.5546875
138.2500000 -149.1250000 -6.4921875
138.3750000 -150.2500000 -6.4687500
137.8750000 -149.7500000 -6.5312500
138.8750000 -151.1250000 -6.5546875
138.5000000 -151.3750000 -6.5234375
138.6250000 -151.2500000 -6.5156250
138.5000000 -152.1250000 -6.4843750
137.2500000 -152.0000000 -6.4609375
137.7500000 -152.0000000 -6.4531250
138.6250000 -152.8750000 -6.4687500
137.6250000 -151.8750000 -6.3984375
137.5000000 -153.6250000 -6.3671875
137.5000000 -154.2500000 -6.3828125
138.1250000 -153.5000000 -6.3828125
138.2500000 -153.1250000 -6.4062500
138.6250000 -154.3750000 -6.4140625
137.7500000 -154.1250000 -6.3906250
137.3750000 -155.2500000 -6.4062500
138.6250000 -155.5000000 -6.3984375
138.0000000 -154.7500000 -6.4062500
137.8750000 -154.8750000 -6.3750000
137.7500000 -155.2500000 -6.3750000
136.8750000 -155.8750000 -6.3593750
137.5000000 -155.3750000 -6.3515625
136.6250000 -155.6250000 -6.3593750
137.2500000 -155.3750000 -6.3750000
137.0000000 -156.1250000 -6.3515625
136.2500000 -156.7500000 -6.3281250
137.1250000 -156.3750000 -6.3593750
137.0000000 -155.7500000 -6.3281250
138.2500000 -156.6250000 -6.4140625
138.0000000 -157.6250000 -6.4453125
138.6250000 -158.1250000 -6.5156250
137.2500000 -159.5000000 -6.5781250
137.2500000 -160.0000000 -6.5859375
137.0000000 -160.2500000 -6.5703125
137.0000000 -160.0000000 -6.5468750
136.5000000 -161.0000000 -6.5703125
136.7500000 -159.8750000 -6.5390625
136.8750000 -160.5000000 -6.4921875
136.5000000 -159.3750000 -6.4218750
137.2500000 -160.0000000 -6.3671875
136.7500000 -159.7500000 -6.3750000
136.6250000 -160.0000000 -6.3671875
136.5000000 -160.0000000 -6.3828125
136.3750000 -160.1250000 -6.3906250
136.8750000 -160.0000000 -6.4140625
136.8750000 -159.7500000 -6.4218750
136.5000000 -159.8750000 -6.4296875
135.7500000 -163.3750000 -6.3750000
136.1250000 -160.6250000 -6.4531250
135.5000000 -160.8750000 -6.4375000
136.3750000 -161.8750000 -6.4843750
134.8750000 -160.2500000 -6.4531250
135.6250000 -160.2500000 -6.4062500
133.6250000 -160.6250000 -6.4218750
133.8750000 -160.5000000 -6.4218750
134.8750000 -160.8750000 -6.4609375
135.8750000 -165.1250000 -6.4843750
135.7500000 -164.8750000 -6.4765625
136.1250000 -160.5000000 -6.4140625
133.6250000 -161.1250000 -6.4609375
134.6250000 -160.6250000 -6.4453125
134.3750000 -161.1250000 -6.4531250
134.7500000 -161.1250000 -6.4531250
133.7500000 -160.7500000 -6.4453125
133.2500000 -160.7500000 -6.4062500
132.8750000 -160.8750000 -6.4140625
132.5000000 -161.1250000 -6.4296875
131.6250000 -161.0000000 -6.4218750
131.2500000 -160.6250000 -6.4453125
132.0000000 -160.8750000 -6.4375000
131.1250000 -160.7500000 -6.4375000
131.2500000 -160.6250000 -6.4453125
129.6250000 -160.2500000 -6.4375000
129.5000000 -160.2500000 -6.4218750
129.2500000 -160.7500000 -6.4062500
129.1250000 -160.1250000 -6.4531250
129.1250000 -160.1250000 -6.4375000
130.0000000 -161.0000000 -6.4609375
127.7500000 -161.2500000 -6.4687500
128.6250000 -160.0000000 -6.4687500
128.0000000 -160.2500000 -6.4921875
127.0625000 -160.2500000 -6.4765625
130.0000000 -162.6250000 -6.4531250
126.5000000 -160.5000000 -6.4218750
126.9375000 -160.2500000 -6.4296875
126.4375000 -160.2500000 -6.3828125
124.8750000 -161.6250000 -6.4531250
125.3125000 -160.6250000 -6.3984375
124.6875000 -160.2500000 -6.3828125
124.5000000 -160.5000000 -6.4296875
124.8750000 -160.2500000 -6.4531250
123.8750000 -160.0000000 -6.4375000
123.5000000 -160.1250000 -6.4531250
123.4375000 -159.7500000 -6.4218750
123.3750000 -160.0000000 -6.3984375
123.6250000 -160.0000000 -6.4375000
123.5625000 -160.7500000 -6.3515625
122.8125000 -160.3750000 -6.3828125
123.1250000 -160.5000000 -6.4296875
122.9375000 -165.3750000 -6.3515625
122.8750000 -160.0000000 -6.3906250
122.5625000 -160.6250000 -6.3906250
121.8125000 -160.7500000 -6.2890625
123.0625000 -161.0000000 -6.4921875
123.6875000 -165.7500000 -6.5312500
124.8125000 -171.7500000 -6.7031250
120.0625000 -161.8750000 -6.6562500
122.0625000 -160.7500000 -6.5703125
122.3125000 -160.6250000 -6.5859375
121.0625000 -160.5000000 -6.5859375
121.3750000 -160.7500000 -6.5703125
122.0000000 -160.7500000 -6.5859375
122.8750000 -161.3750000 -6.5156250
127.7500000 -174.0000000 -6.4765625
121.5625000 -160.8750000 -6.4140625
123.8750000 -160.5000000 -6.3906250
123.1875000 -160.8750000 -6.3984375
122.4375000 -161.1250000 -6.4140625
123.8125000 -160.2500000 -6.3671875
123.6875000 -159.6250000 -6.4218750
124.3750000 -160.1250000 -6.3828125
124.0000000 -160.3750000 -6.3750000
125.6875000 -163.3750000 -6.3906250
129.6250000 -171.3750000 -6.4531250
124.1250000 -160.6250000 -6.4921875
126.4375000 -160.2500000 -6.3984375
125.3125000 -160.5000000 -6.4921875
127.0000000 -160.8750000 -6.4375000
126.5000000 -160.7500000 -6.4609375
126.8125000 -160.5000000 -6.4531250
127.2500000 -160.5000000 -6.4687500
127.7500000 -160.7500000 -6.4765625
128.7500000 -160.7500000 -6.4375000
127.3125000 -161.3750000 -6.4453125
128.0000000 -160.6250000 -6.5000000
129.1250000 -160.8750000 -6.4296875
129.2500000 -161.2500000 -6.4609375
129.0000000 -161.1250000 -6.5078125
129.3750000 -160.5000000 -6.5156250
132.2500000 -166.6250000 -6.4218750
129.2500000 -160.5000000 -6.4921875
131.0000000 -160.3750000 -6.4218750
129.7500000 -160.8750000 -6.4140625
131.1250000 -160.8750000 -6.4296875
137.2500000 -172.7500000 -6.5859375
132.1250000 -160.3750000 -6.4531250
131.7500000 -160.2500000 -6.4218750
130.8750000 -161.6250000 -6.4375000
131.7500000 -160.2500000 -6.4375000
132.3750000 -160.2500000 -6.4062500
132.0000000 -160.2500000 -6.4453125
132.3750000 -160.6250000 -6.4843750
132.7500000 -160.6250000 -6.4687500
132.6250000 -160.0000000 -6.4375000
133.7500000 -160.1250000 -6.4296875
133.8750000 -160.5000000 -6.4296875
134.1250000 -160.2500000 -6.4218750
133.6250000 -160.1250000 -6.4453125
133.2500000 -160.2500000 -6.4921875
133.3750000 -159.8750000 -6.4609375
134.2500000 -159.8750000 -6.4687500
134.6250000 -159.8750000 -6.4921875
134.2500000 -159.8750000 -6.5156250
133.8750000 -159.8750000 -6.5312500
133.2500000 -160.0000000 -6.5312500
111.1875000 -171.3750000 -4.7500000
133.1250000 -161.5000000 -6.5234375
133.2500000 -161.7500000 -6.5234375
133.1250000 -161.3750000 -6.5234375
133.1250000 -161.1250000 -6.5156250
133.3750000 -160.8750000 -6.4765625
133.2500000 -160.3750000 -6.5000000
133.2500000 -161.1250000 -6.5078125
133.3750000 -160.0000000 -6.4921875
133.7500000 -159.2500000 -6.5000000
133.5000000 -159.6250000 -6.4921875
134.0000000 -160.2500000 -6.4843750
133.6250000 -159.8750000 -6.4843750
133.6250000 -160.0000000 -6.5156250
133.6250000 -160.2500000 -6.5234375
133.5000000 -160.5000000 -6.5000000
133.7500000 -160.3750000 -6.4921875
134.0000000 -160.3750000 -6.4375000
133.6250000 -160.7500000 -6.4375000
134.0000000 -161.1250000 -6.4218750
133.6250000 -161.2500000 -6.4062500
133.6250000 -161.0000000 -6.4218750
133.7500000 -160.7500000 -6.4062500
134.1250000 -160.6250000 -6.3984375
133.8750000 -160.7500000 -6.3671875
134.3750000 -160.6250000 -6.3984375
134.3750000 -160.3750000 -6.4218750
134.6250000 -160.1250000 -6.4062500
134.7500000 -160.2500000 -6.3828125
134.2500000 -159.6250000 -6.3984375
134.3750000 -158.1250000 -6.4765625
134.3750000 -158.1250000 -6.4921875
134.6250000 -157.1250000 -6.4921875
134.6250000 -158.0000000 -6.4921875
134.6250000 -157.6250000 -6.5000000
134.2500000 -155.8750000 -6.4765625
134.1250000 -156.6250000 -6.4843750
134.3750000 -155.5000000 -6.4843750
134.5000000 -156.2500000 -6.5000000
134.1250000 -157.5000000 -6.4843750
134.6250000 -157.2500000 -6.4687500
134.7500000 -157.3750000 -6.4765625
134.5000000 -155.5000000 -6.4765625
134.8750000 -156.1250000 -6.4765625
134.7500000 -155.6250000 -6.4765625
134.8750000 -155.7500000 -6.4921875
134.5000000 -155.2500000 -6.4843750
134.6250000 -156.3750000 -6.4843750
134.8750000 -155.7500000 -6.4921875
135.0000000 -154.5000000 -6.5156250
134.6250000 -155.0000000 -6.5156250
134.6250000 -153.5000000 -6.5078125
134.7500000 -151.5000000 -6.5546875
134.5000000 -153.1250000 -6.5468750
134.6250000 -152.3750000 -6.5625000
134.3750000 -152.5000000 -6.5546875
134.7500000 -151.7500000 -6.5937500
134.5000000 -152.3750000 -6.5625000
134.6250000 -151.2500000 -6.5781250
134.6250000 -151.5000000 -6.5703125
134.6250000 -151.5000000 -6.5781250
134.3750000 -149.1250000 -6.5781250
134.5000000 -150.2500000 -6.5703125
134.6250000 -149.5000000 -6.5703125
134.6250000 -149.1250000 -6.6250000
134.6250000 -148.6250000 -6.5937500
134.7500000 -148.0000000 -6.5546875
134.5000000 -149.7500000 -6.5859375
134.7500000 -148.7500000 -6.5703125
134.5000000 -148.5000000 -6.5859375
134.7500000 -148.5000000 -6.5937500
134.8750000 -147.8750000 -6.6250000
134.7500000 -147.8750000 -6.5937500
135.0000000 -147.2500000 -6.5859375
134.8750000 -146.6250000 -6.6171875
134.6250000 -146.3750000 -6.6171875
134.8750000 -146.6250000 -6.5859375
134.7500000 -147.2500000 -6.5781250
134.6250000 -146.3750000 -6.6562500
134.5000000 -146.0000000 -6.6328125
134.5000000 -146.5000000 -6.6328125
134.5000000 -144.3750000 -6.6875000
134.7500000 -144.7500000 -6.6875000
134.8750000 -144.2500000 -6.6875000
134.8750000 -144.7500000 -6.6875000
134.7500000 -144.2500000 -6.7109375
135.1250000 -142.7500000 -6.7578125
134.7500000 -143.3750000 -6.7343750
134.8750000 -144.1250000 -6.6953125
135.0000000 -143.1250000 -6.7109375
135.0000000 -142.1250000 -6.7812500
134.7500000 -141.3750000 -6.7734375
134.8750000 -142.1250000 -6.7109375
135.0000000 -140.6250000 -6.7968750
134.8750000 -140.6250000 -6.7968750
135.1250000 -141.2500000 -6.7656250
135.0000000 -140.1250000 -6.8046875
134.8750000 -140.2500000 -6.7968750
134.8750000 -139.5000000 -6.7890625
134.8750000 -140.3750000 -6.7812500
134.8750000 -140.3750000 -6.7656250
134.7500000 -139.7500000 -6.8046875
134.8750000 -139.6250000 -6.7656250
134.7500000 -139.3750000 -6.8125000
134.6250000 -139.2500000 -6.8281250
134.5000000 -138.5000000 -6.8359375
134.6250000 -139.5000000 -6.8437500
134.3750000 -139.2500000 -6.8593750
134.2500000 -139.0000000 -6.8671875
134.2500000 -139.3750000 -6.8671875
133.6250000 -136.5000000 -6.8671875
133.6250000 -136.8750000 -6.8750000
133.6250000 -137.1250000 -6.8906250
133.2500000 -136.2500000 -6.9140625
133.2500000 -136.2500000 -6.8515625
133.2500000 -136.0000000 -6.8593750
133.0000000 -136.7500000 -6.8671875
133.0000000 -136.5000000 -6.9375000
133.0000000 -135.7500000 -6.8906250
132.8750000 -135.1250000 -6.8984375
132.7500000 -133.8750000 -6.8671875
132.8750000 -135.1250000 -6.8984375
132.7500000 -133.1250000 -6.8671875
132.6250000 -134.6250000 -6.9062500
132.5000000 -132.8750000 -6.8828125
132.7500000 -132.3750000 -6.8671875
132.6250000 -133.1250000 -6.9296875
132.3750000 -132.8750000 -6.8984375
132.3750000 -132.1250000 -6.8984375
131.8750000 -132.6250000 -6.8906250
132.0000000 -131.2500000 -6.8359375
131.8750000 -131.7500000 -6.7890625
131.6250000 -131.5000000 -6.8046875
131.6250000 -131.2500000 -6.8359375
131.6250000 -131.3750000 -6.8281250
131.5000000 -131.2500000 -6.8046875
131.5000000 -131.2500000 -6.7968750
130.7500000 -130.8750000 -6.7968750
131.0000000 -131.0000000 -6.8359375
131.0000000 -131.0000000 -6.8359375
131.3750000 -130.3750000 -6.8125000
130.3750000 -130.0000000 -6.8359375
130.2500000 -129.6250000 -6.8281250
130.1250000 -129.8750000 -6.8203125
129.6250000 -130.5000000 -6.8437500
130.0000000 -129.5000000 -6.8437500
129.5000000 -130.2500000 -6.8593750
129.5000000 -129.8750000 -6.8203125
128.7500000 -130.1250000 -6.8437500
129.0000000 -130.5000000 -6.8515625
128.3750000 -130.0000000 -6.8359375
128.1250000 -130.5000000 -6.8750000
128.5000000 -130.3750000 -6.8515625
128.5000000 -130.3750000 -6.8203125
128.2500000 -129.8750000 -6.7968750
128.1250000 -130.0000000 -6.7890625
127.3125000 -130.2500000 -6.8203125
126.8125000 -130.1250000 -6.8046875
126.8750000 -129.7500000 -6.7734375
128.7500000 -129.2500000 -6.7734375
126.4375000 -130.7500000 -6.7890625
129.3750000 -132.5000000 -6.8359375
126.8125000 -130.3750000 -6.7890625
126.0625000 -131.8750000 -6.8750000
124.6250000 -130.6250000 -6.8203125
125.3750000 -130.3750000 -6.7890625
124.9375000 -130.5000000 -6.8046875
123.7500000 -131.1250000 -6.8046875
123.6250000 -130.2500000 -6.8359375
123.5625000 -130.3750000 -6.7812500
123.1250000 -130.6250000 -6.8046875
123.3125000 -130.5000000 -6.7500000
122.7500000 -131.0000000 -6.7421875
122.0000000 -130.5000000 -6.7421875
122.7500000 -130.5000000 -6.7656250
122.6250000 -130.8750000 -6.7187500
122.1875000 -130.7500000 -6.7265625
122.4375000 -129.8750000 -6.7265625
122.3750000 -130.6250000 -6.7265625
121.9375000 -130.2500000 -6.7265625
121.1250000 -133.8750000 -6.7812500
119.8750000 -130.5000000 -6.7031250
119.9375000 -130.5000000 -6.8046875
120.6250000 -130.1250000 -6.7343750
120.3125000 -130.5000000 -6.7656250
119.5625000 -130.2500000 -6.7421875
118.2500000 -130.6250000 -6.8046875
119.8750000 -134.0000000 -6.7500000
119.2500000 -130.0000000 -6.7421875
119.8125000 -130.1250000 -6.7500000
119.6250000 -130.0000000 -6.7343750
115.5000000 -130.2500000 -6.7031250
120.3125000 -129.8750000 -6.7578125
119.8750000 -130.3750000 -6.7343750
118.1250000 -131.0000000 -6.7734375
118.7500000 -131.7500000 -6.6875000
118.6875000 -131.5000000 -6.4765625
118.5000000 -132.1250000 -6.6015625
118.4375000 -130.5000000 -6.7890625
117.8750000 -130.5000000 -6.8203125
117.1875000 -131.1250000 -6.8125000
119.0625000 -130.5000000 -6.8046875
118.2500000 -133.1250000 -6.8125000
119.2500000 -130.1250000 -6.7343750
119.5000000 -130.5000000 -6.7656250
119.8125000 -130.2500000 -6.7500000
117.5625000 -131.2500000 -6.7968750
118.2500000 -133.1250000 -6.7578125
119.0625000 -130.5000000 -6.8046875
119.5625000 -130.3750000 -6.8046875
119.1875000 -130.1250000 -6.7968750
119.2500000 -130.3750000 -6.7968750
118.7500000 -131.2500000 -6.8515625
120.8750000 -130.7500000 -6.7890625
120.3750000 -130.2500000 -6.7656250
120.9375000 -130.2500000 -6.7656250
121.5000000 -130.3750000 -6.7500000
120.8125000 -130.5000000 -6.7343750
122.3750000 -130.0000000 -6.7343750
122.1250000 -130.8750000 -6.7265625
122.9375000 -130.0000000 -6.7656250
122.0625000 -131.0000000 -6.8046875
122.0625000 -130.8750000 -6.7734375
124.8125000 -131.6250000 -6.7656250
123.3125000 -133.1250000 -6.8671875
123.4375000 -130.6250000 -6.8359375
125.3125000 -130.6250000 -6.7500000
122.9375000 -130.7500000 -6.8046875
125.1875000 -130.2500000 -6.7656250
125.7500000 -130.6250000 -6.7734375
125.9375000 -130.3750000 -6.7734375
126.3750000 -130.6250000 -6.7656250
126.1250000 -130.3750000 -6.7890625
127.4375000 -129.7500000 -6.8125000
130.6250000 -136.0000000 -6.8828125
127.8750000 -129.8750000 -6.7812500
126.8750000 -129.7500000 -6.8125000
127.3125000 -129.8750000 -6.8437500
128.7500000 -129.8750000 -6.7734375
128.1250000 -130.5000000 -6.8281250
128.3750000 -130.3750000 -6.8359375
129.3750000 -130.6250000 -6.8046875
129.1250000 -130.0000000 -6.8437500
130.0000000 -129.8750000 -6.8203125
130.0000000 -130.8750000 -6.8359375
130.5000000 -130.3750000 -6.8359375
130.2500000 -131.0000000 -6.8593750
130.6250000 -131.7500000 -6.8671875
131.0000000 -131.8750000 -6.8593750
131.2500000 -131.7500000 -6.8984375
131.0000000 -131.5000000 -6.8593750
131.1250000 -133.3750000 -6.8515625
130.7500000 -132.5000000 -6.8593750
131.6250000 -133.2500000 -6.8593750
132.0000000 -133.2500000 -6.9531250
132.6250000 -132.0000000 -6.8593750
132.7500000 -132.7500000 -6.8828125
132.7500000 -135.0000000 -6.9375000
132.5000000 -134.5000000 -6.9218750
132.8750000 -134.2500000 -6.9296875
133.2500000 -135.2500000 -6.8906250
133.3750000 -135.6250000 -6.8906250
133.2500000 -134.2500000 -6.8750000
132.8750000 -135.1250000 -6.9062500
132.8750000 -134.6250000 -6.9375000
132.6250000 -133.2500000 -6.9375000
132.3750000 -133.2500000 -6.8984375
132.6250000 -133.1250000 -6.8984375
133.1250000 -133.0000000 -6.8593750
133.2500000 -131.1250000 -6.8046875
132.6250000 -131.7500000 -6.8359375
132.5000000 -132.7500000 -6.9375000
132.7500000 -133.1250000 -6.9531250
133.0000000 -133.7500000 -6.9687500
133.5000000 -133.0000000 -7.0000000
132.7500000 -132.6250000 -6.9609375
127.9375000 -104.4375000 -5.9101562
133.2500000 -131.2500000 -6.9375000
133.1250000 -131.3750000 -6.8984375
133.0000000 -131.3750000 -6.9218750
133.0000000 -131.0000000 -6.9218750
132.3750000 -131.8750000 -6.9140625
132.3750000 -131.3750000 -6.8906250
132.6250000 -131.5000000 -6.8828125
132.5000000 -131.2500000 -6.8828125
132.6250000 -131.2500000 -6.8828125
132.2500000 -131.0000000 -6.8437500
132.8750000 -131.2500000 -6.8593750
132.6250000 -130.7500000 -6.8671875
133.0000000 -130.7500000 -6.8671875
133.1250000 -130.8750000 -6.8515625
133.3750000 -131.5000000 -6.8593750
133.5000000 -130.2500000 -6.8828125
133.3750000 -129.8750000 -6.8515625
133.2500000 -130.0000000 -6.8593750
133.1250000 -129.2500000 -6.8281250
133.2500000 -128.8750000 -6.8281250
133.5000000 -129.2500000 -6.8203125
133.2500000 -128.8750000 -6.8125000
133.1250000 -128.3750000 -6.8515625
133.1250000 -128.1250000 -6.8437500
133.7500000 -128.8750000 -6.8125000
133.3750000 -128.3750000 -6.8281250
133.2500000 -127.3125000 -6.8125000
133.5000000 -127.6250000 -6.7890625
133.2500000 -126.4375000 -6.8046875
133.5000000 -127.1250000 -6.7734375
133.3750000 -126.0000000 -6.8046875
133.2500000 -126.0000000 -6.7968750
133.3750000 -126.3750000 -6.8046875
133.1250000 -125.5000000 -6.7890625
134.2500000 -125.6875000 -6.7265625
134.3750000 -125.0000000 -6.7187500
134.2500000 -124.2500000 -6.7265625
134.7500000 -124.4375000 -6.6953125
134.6250000 -123.8750000 -6.7031250
134.7500000 -124.0625000 -6.7031250
134.3750000 -123.9375000 -6.7265625
134.1250000 -123.3125000 -6.7187500
134.7500000 -123.4375000 -6.6875000
134.1250000 -122.2500000 -6.7187500
134.8750000 -122.2500000 -6.6328125
134.6250000 -121.6250000 -6.6562500
134.7500000 -121.9375000 -6.6718750
135.5000000 -121.7500000 -6.6171875
134.3750000 -120.9375000 -6.6875000
134.8750000 -121.6875000 -6.6171875
134.2500000 -121.3125000 -6.6406250
134.8750000 -120.7500000 -6.6484375
135.2500000 -121.6875000 -6.6328125
134.7500000 -120.1875000 -6.5859375
134.8750000 -120.3125000 -6.6015625
135.1250000 -119.3750000 -6.5859375
135.1250000 -119.1875000 -6.5546875
135.2500000 -118.8750000 -6.5625000
134.8750000 -117.7500000 -6.5546875
135.1250000 -118.3125000 -6.5546875
134.8750000 -118.8750000 -6.5937500
135.3750000 -117.3750000 -6.5234375
135.3750000 -116.8125000 -6.5156250
134.8750000 -116.1250000 -6.5312500
135.6250000 -116.8125000 -6.4921875
135.5000000 -115.6875000 -6.4765625
135.0000000 -115.8125000 -6.5156250
136.5000000 -115.8750000 -6.4687500
135.1250000 -115.7500000 -6.4921875
135.5000000 -115.5625000 -6.5000000
135.8750000 -115.0625000 -6.4531250
135.2500000 -114.5000000 -6.4609375
136.5000000 -113.6250000 -6.3750000
135.7500000 -114.3125000 -6.4218750
134.7500000 -114.3750000 -6.4375000
135.5000000 -114.3750000 -6.3906250
135.6250000 -114.1250000 -6.4062500
135.5000000 -114.5000000 -6.4453125
135.7500000 -113.6875000 -6.3984375
135.5000000 -113.6250000 -6.3984375
135.7500000 -115.5625000 -6.5000000
135.2500000 -113.6250000 -6.4140625
135.8750000 -112.2500000 -6.3515625
135.8750000 -113.2500000 -6.3906250
135.3750000 -112.7500000 -6.3906250
136.2500000 -111.5625000 -6.3281250
135.7500000 -111.0000000 -6.3359375
136.5000000 -112.1250000 -6.3984375
136.3750000 -111.0000000 -6.3203125
136.6250000 -111.5625000 -6.3515625
135.5000000 -111.0625000 -6.3281250
135.3750000 -110.5000000 -6.3437500
136.2500000 -109.6875000 -6.2812500
135.5000000 -110.4375000 -6.3437500
135.3750000 -109.0625000 -6.2968750
136.3750000 -109.5625000 -6.3046875
135.2500000 -108.5625000 -6.3046875
135.0000000 -110.1875000 -6.3437500
135.8750000 -109.0000000 -6.2890625
135.7500000 -109.1250000 -6.3046875
135.3750000 -108.5000000 -6.3125000
135.8750000 -107.5625000 -6.2734375
135.6250000 -108.0625000 -6.2812500
135.5000000 -107.1250000 -6.2656250
134.7500000 -107.0000000 -6.2734375
135.3750000 -106.8750000 -6.2421875
134.3750000 -107.8125000 -6.3046875
134.7500000 -107.0000000 -6.2734375
134.8750000 -106.9375000 -6.2734375
135.1250000 -106.6250000 -6.2578125
135.2500000 -106.4375000 -6.2500000
135.2500000 -106.3750000 -6.2265625
135.0000000 -107.2500000 -6.2656250
135.0000000 -105.2500000 -6.2109375
134.6250000 -105.6250000 -6.2734375
134.8750000 -104.8125000 -6.2187500
134.6250000 -105.3125000 -6.2265625
134.8750000 -104.7500000 -6.2421875
134.8750000 -105.3125000 -6.2656250
134.8750000 -104.8750000 -6.2421875
135.2500000 -104.3125000 -6.2109375
135.6250000 -102.8750000 -6.1562500
135.0000000 -103.0625000 -6.2109375
135.7500000 -103.1875000 -6.2109375
135.2500000 -102.1250000 -6.1796875
135.0000000 -103.1875000 -6.2109375
135.2500000 -102.7500000 -6.1484375
135.1250000 -103.1875000 -6.1718750
135.0000000 -103.5000000 -6.2109375
134.8750000 -100.9375000 -6.1328125
135.0000000 -102.1250000 -6.1562500
134.7500000 -101.6875000 -6.1562500
134.8750000 -101.0625000 -6.1406250
134.6250000 -100.6875000 -6.1171875
134.8750000 -101.5000000 -6.1328125
135.0000000 -101.3125000 -6.1328125
134.8750000 -101.2500000 -6.1406250
135.1250000 -100.7500000 -6.0976562
134.6250000 -99.5625000 -6.0820312
135.1250000 -99.6875000 -6.0859375
135.3750000 -102.8125000 -6.1328125
135.0000000 -98.7500000 -6.0742188
135.0000000 -97.3750000 -6.0351562
135.1250000 -97.4375000 -6.0546875
135.6250000 -96.8750000 -5.9843750
135.2500000 -97.1250000 -6.0195312
135.1250000 -95.4375000 -5.9648438
135.1250000 -96.6875000 -5.9960938
135.3750000 -96.9375000 -6.0195312
135.1250000 -95.5000000 -5.9726562
134.7500000 -94.9375000 -6.0000000
135.1250000 -95.5000000 -6.0117188
135.1250000 -95.0000000 -5.9648438
135.3750000 -95.7500000 -5.9765625
135.2500000 -94.5625000 -5.9531250
135.1250000 -94.9375000 -5.9296875
135.5000000 -94.6875000 -5.9531250
136.0000000 -94.5000000 -5.9375000
135.2500000 -95.0000000 -5.9609375
135.3750000 -93.1875000 -5.9492188
135.5000000 -92.1875000 -5.9375000
135.0000000 -93.8125000 -5.9648438
135.6250000 -92.6250000 -5.9570312
135.1250000 -92.5625000 -5.9570312
135.1250000 -91.8750000 -5.9296875
135.1250000 -91.9375000 -5.9492188
135.2500000 -91.8125000 -5.9492188
135.1250000 -91.6875000 -5.9140625
135.3750000 -90.1250000 -5.9179688
135.3750000 -90.0000000 -5.8945312
135.1250000 -90.5000000 -5.9296875
135.5000000 -90.3750000 -5.8710938
135.3750000 -91.1250000 -5.8750000
135.1250000 -90.8125000 -5.9101562
135.3750000 -88.4375000 -5.8867188
135.3750000 -88.2500000 -5.9375000
135.1250000 -88.6875000 -5.9609375
135.3750000 -88.6875000 -5.8906250
135.3750000 -86.8125000 -5.9414062
136.0000000 -87.1875000 -5.8945312
135.5000000 -86.7500000 -5.9570312
135.2500000 -87.2500000 -5.9609375
135.5000000 -87.3125000 -5.8945312
135.3750000 -87.6875000 -5.8945312
135.3750000 -87.1250000 -5.9296875
135.6250000 -84.6250000 -5.9062500
135.5000000 -85.8125000 -5.9101562
135.3750000 -86.1250000 -5.9453125
135.6250000 -85.5625000 -5.8945312
136.0000000 -84.9375000 -5.9218750
135.6250000 -85.1875000 -5.9062500
135.5000000 -84.0000000 -5.9570312
135.3750000 -83.8750000 -5.9609375
135.3750000 -84.0625000 -5.9726562
135.2500000 -82.4375000 -6.0039062
135.7500000 -82.3125000 -6.0000000
135.5000000 -82.6250000 -6.0078125
135.3750000 -82.0625000 -6.0273438
135.2500000 -82.6875000 -6.0234375
135.6250000 -81.7500000 -6.0351562
136.0000000 -81.8750000 -6.0156250
136.1250000 -81.0625000 -6.0351562
135.6250000 -81.9375000 -6.0156250
136.0000000 -80.5000000 -6.0078125
135.3750000 -80.1250000 -5.9921875
135.7500000 -80.5625000 -6.1015625
135.6250000 -80.5625000 -6.0585938
135.6250000 -78.9375000 -6.1093750
135.5000000 -79.9375000 -6.0625000
136.0000000 -79.5625000 -6.1250000
135.8750000 -79.4375000 -6.1015625
135.7500000 -79.6250000 -6.0507812
136.1250000 -78.5625000 -6.0625000
136.2500000 -78.8750000 -6.1171875
136.1250000 -79.0000000 -6.1250000
136.5000000 -75.4375000 -6.1406250
135.8750000 -78.0000000 -6.1328125
135.6250000 -77.9375000 -6.1328125
135.3750000 -78.0000000 -6.1328125
135.6250000 -76.5000000 -6.1484375
135.6250000 -77.6875000 -6.1250000
135.0000000 -76.6250000 -6.1718750
134.8750000 -76.6250000 -6.1484375
135.2500000 -75.5625000 -6.1406250
135.2500000 -75.3750000 -6.1562500
135.6250000 -76.3125000 -6.1250000
135.1250000 -74.9375000 -6.1718750
135.2500000 -75.5000000 -6.1484375
134.8750000 -74.5000000 -6.2187500
135.0000000 -73.9375000 -6.2031250
135.5000000 -73.6250000 -6.2031250
135.3750000 -74.1250000 -6.1953125
135.7500000 -73.7500000 -6.1875000
135.7500000 -74.5625000 -6.1718750
135.1250000 -73.8750000 -6.2265625
135.5000000 -72.3750000 -6.2500000
135.6250000 -72.5000000 -6.2187500
135.0000000 -72.5000000 -6.2656250
135.5000000 -71.5625000 -6.2578125
135.3750000 -70.0625000 -6.3203125
135.5000000 -70.5625000 -6.2890625
135.0000000 -71.0000000 -6.2890625
135.3750000 -70.6875000 -6.3046875
135.2500000 -70.0000000 -6.3281250
135.2500000 -70.1875000 -6.3125000
135.1250000 -70.5625000 -6.3281250
135.3750000 -69.6250000 -6.3359375
135.5000000 -68.4375000 -6.3125000
135.1250000 -68.3750000 -6.3515625
135.6250000 -67.9375000 -6.3281250
135.5000000 -68.5625000 -6.3203125
135.3750000 -68.6875000 -6.2968750
135.7500000 -67.7500000 -6.3125000
135.3750000 -66.6875000 -6.3281250
135.8750000 -66.5000000 -6.3125000
135.6250000 -67.1250000 -6.2890625
136.1250000 -67.0625000 -6.3046875
135.8750000 -66.5000000 -6.2890625
136.0000000 -66.1875000 -6.3515625
136.2500000 -66.6250000 -6.2812500
135.8750000 -65.8125000 -6.3125000
135.6250000 -67.5625000 -6.2968750
135.8750000 -66.6875000 -6.2968750
135.3750000 -66.2500000 -6.3515625
135.3750000 -65.5625000 -6.3437500
135.7500000 -64.8750000 -6.3671875
135.3750000 -65.6875000 -6.3750000
135.8750000 -65.5625000 -6.3125000
135.8750000 -65.6875000 -6.3203125
135.7500000 -63.9062500 -6.3750000
136.2500000 -66.3125000 -6.3437500
135.6250000 -64.0625000 -6.4062500
135.8750000 -65.0625000 -6.3906250
135.7500000 -64.3750000 -6.3984375
135.8750000 -63.3750000 -6.3750000
135.7500000 -62.7187500 -6.3671875
135.3750000 -62.4375000 -6.4218750
135.5000000 -60.5312500 -6.3984375
135.7500000 -62.1875000 -6.4062500
135.8750000 -62.0937500 -6.3828125
135.7500000 -62.1562500 -6.3984375
135.8750000 -61.4375000 -6.3671875
135.7500000 -60.8750000 -6.4140625
136.1250000 -60.3437500 -6.4140625
136.3750000 -60.2187500 -6.3593750
135.5000000 -58.8437500 -6.4218750
135.8750000 -59.6875000 -6.4062500
135.8750000 -59.3437500 -6.4140625
136.3750000 -58.5937500 -6.3593750
136.2500000 -58.8125000 -6.3984375
136.2500000 -59.0312500 -6.4062500
135.7500000 -58.1875000 -6.4375000
136.0000000 -59.0000000 -6.3984375
136.0000000 -57.3750000 -6.4218750
136.1250000 -58.5937500 -6.4218750
136.3750000 -58.7500000 -6.4062500
135.8750000 -59.1562500 -6.4062500
136.3750000 -58.8125000 -6.3984375
136.6250000 -58.8125000 -6.3906250
136.0000000 -57.3750000 -6.4453125
136.3750000 -57.8125000 -6.3984375
136.5000000 -56.6562500 -6.4140625
135.7500000 -55.5312500 -6.3984375
135.7500000 -55.4062500 -6.4218750
136.1250000 -55.3750000 -6.4296875
135.8750000 -55.7812500 -6.4296875
135.8750000 -55.2500000 -6.4296875
135.8750000 -55.5937500 -6.4296875
136.2500000 -51.8750000 -6.4531250
135.6250000 -54.0000000 -6.4375000
136.0000000 -53.2812500 -6.3593750
136.3750000 -54.0625000 -6.3593750
135.8750000 -52.8750000 -6.3984375
136.5000000 -53.3125000 -6.4062500
135.7500000 -53.2187500 -6.4453125
136.1250000 -52.7812500 -6.3750000
135.5000000 -52.4062500 -6.4531250
135.3750000 -52.0312500 -6.4218750
135.1250000 -51.9375000 -6.4531250
134.3750000 -51.7500000 -6.5234375
134.7500000 -51.5937500 -6.5312500
134.3750000 -51.5312500 -6.5390625
133.8750000 -51.0937500 -6.5156250
134.2500000 -51.0937500 -6.4921875
133.5000000 -50.8125000 -6.4609375
134.3750000 -50.0312500 -6.3828125
133.6250000 -50.8125000 -6.4609375
133.2500000 -49.9375000 -6.4765625
133.8750000 -49.8125000 -6.4453125
133.5000000 -49.0312500 -6.4609375
133.0000000 -48.9687500 -6.4765625
132.5000000 -48.8437500 -6.5078125
133.2500000 -49.2500000 -6.5078125
132.8750000 -48.6875000 -6.4687500
132.7500000 -49.4687500 -6.4765625
132.0000000 -48.8750000 -6.4843750
132.1250000 -48.5937500 -6.4531250
131.2500000 -47.9687500 -6.4843750
132.0000000 -48.6250000 -6.4921875
131.0000000 -47.9062500 -6.5000000
131.2500000 -48.0625000 -6.4843750
130.8750000 -47.9375000 -6.5000000
131.6250000 -48.1250000 -6.4687500
130.6250000 -47.2812500 -6.5234375
130.7500000 -47.8750000 -6.4921875
130.5000000 -46.9375000 -6.5078125
129.5000000 -46.6875000 -6.5625000
128.7500000 -46.4062500 -6.5859375
129.8750000 -46.8125000 -6.5703125
129.5000000 -46.7187500 -6.5625000
128.6250000 -46.0937500 -6.5781250
129.2500000 -46.0937500 -6.5625000
129.8750000 -46.0937500 -6.5078125
130.0000000 -46.0000000 -6.5468750
128.7500000 -44.9062500 -6.5390625
128.7500000 -45.2500000 -6.5546875
129.1250000 -44.8125000 -6.5781250
128.5000000 -44.0000000 -6.5468750
129.1250000 -44.1562500 -6.4921875
128.8750000 -44.1875000 -6.5078125
127.3750000 -43.7500000 -6.5625000
128.2500000 -43.2187500 -6.5078125
128.3750000 -43.8125000 -6.5312500
127.1250000 -42.2500000 -6.5390625
127.5625000 -42.8125000 -6.5312500
126.4375000 -42.0937500 -6.5625000
126.1250000 -41.6250000 -6.5546875
126.8750000 -42.4687500 -6.5546875
126.3125000 -41.5312500 -6.5625000
126.5000000 -41.7500000 -6.5546875
126.3750000 -41.7187500 -6.5546875
126.0000000 -41.1250000 -6.5781250
125.9375000 -40.7812500 -6.5468750
126.0000000 -40.5625000 -6.5468750
125.7500000 -40.1562500 -6.5625000
125.5000000 -40.1250000 -6.5703125
125.2500000 -39.8125000 -6.5859375
125.1875000 -38.9062500 -6.5859375
124.6875000 -38.6250000 -6.6015625
124.6875000 -38.5937500 -6.5937500
125.1875000 -38.4062500 -6.5781250
125.2500000 -38.8750000 -6.5546875
124.8750000 -39.1250000 -6.5546875
124.2500000 -38.8750000 -6.5703125
123.8750000 -37.0312500 -6.5703125
124.0000000 -37.9062500 -6.5625000
124.1875000 -37.6562500 -6.5312500
123.7500000 -36.5000000 -6.5390625
123.8125000 -37.7500000 -6.5781250
123.5625000 -36.6875000 -6.5546875
123.8750000 -37.2500000 -6.5703125
123.4375000 -36.5937500 -6.5625000
123.6250000 -36.1875000 -6.5937500
123.5625000 -36.0937500 -6.5703125
123.3750000 -35.7187500 -6.6093750
123.2500000 -35.1562500 -6.5781250
122.3750000 -34.7812500 -6.6015625
123.5625000 -34.7500000 -6.5859375
122.3750000 -35.2812500 -6.6406250
122.6250000 -35.5000000 -6.5703125
122.8750000 -34.9062500 -6.5625000
122.5000000 -34.3437500 -6.5625000
121.5625000 -34.3125000 -6.6406250
121.6875000 -34.1250000 -6.6406250
122.3125000 -34.3125000 -6.6406250
120.8750000 -34.1250000 -6.6640625
121.1875000 -33.8125000 -6.6796875
120.6250000 -33.1250000 -6.6718750
120.3750000 -32.2812500 -6.6640625
121.0625000 -33.3125000 -6.6484375
120.4375000 -32.5000000 -6.6640625
120.6875000 -33.0312500 -6.6406250
120.4375000 -32.0937500 -6.6875000
120.3750000 -30.5625000 -6.7265625
120.6875000 -30.7968750 -6.6718750
120.0625000 -30.5468750 -6.6875000
120.2500000 -30.9375000 -6.7109375
120.1250000 -29.5625000 -6.7421875
119.7500000 -28.5781250 -6.7187500
119.3125000 -28.2343750 -6.7265625
119.8125000 -26.5937500 -6.7421875
120.0625000 -26.4531250 -6.7343750
119.8125000 -25.4843750 -6.6796875
119.6250000 -25.1406250 -6.6328125
119.3125000 -26.5156250 -6.6875000
119.5000000 -25.4218750 -6.6328125
119.3750000 -24.7500000 -6.6250000
119.1875000 -25.8125000 -6.6640625
119.5625000 -24.7187500 -6.5859375
119.8750000 -25.5312500 -6.5859375
120.1250000 -26.1875000 -6.6406250
119.9375000 -25.2500000 -6.5546875
120.0625000 -26.0156250 -6.5937500
119.8125000 -25.9843750 -6.6093750
119.8750000 -25.0937500 -6.5937500
119.9375000 -24.9531250 -6.5859375
119.4375000 -24.4218750 -6.5546875
120.2500000 -24.5625000 -6.5625000
120.1250000 -23.2187500 -6.5468750
120.0000000 -23.6718750 -6.5625000
120.1875000 -25.1250000 -6.5937500
119.8750000 -23.9687500 -6.5703125
120.2500000 -23.3125000 -6.5625000
120.1875000 -23.1718750 -6.5703125
120.5625000 -22.0937500 -6.5390625
120.3125000 -23.4531250 -6.5312500
120.2500000 -22.6718750 -6.5468750
120.1250000 -23.3437500 -6.5390625
120.6875000 -24.4375000 -6.5000000
120.4375000 -21.0468750 -6.5546875
120.3750000 -22.8593750 -6.5078125
120.3125000 -21.5156250 -6.5312500
120.5625000 -22.7343750 -6.5312500
120.5000000 -21.1718750 -6.5390625
120.4375000 -18.4218750 -6.5390625
120.5000000 -19.7343750 -6.5468750
120.3750000 -18.6562500 -6.5390625
120.6250000 -19.3906250 -6.5312500
120.4375000 -19.1875000 -6.5468750
120.5625000 -19.1718750 -6.5390625
120.3125000 -18.4531250 -6.5468750
120.6250000 -18.8437500 -6.5312500
120.6250000 -17.9375000 -6.5000000
120.7500000 -17.3437500 -6.5312500
120.3125000 -18.0625000 -6.5312500
120.5000000 -19.3125000 -6.5546875
120.5000000 -17.6875000 -6.5312500
120.5000000 -17.6250000 -6.5234375
120.3750000 -17.7187500 -6.5703125
120.9375000 -16.5156250 -6.5156250
120.8125000 -17.1875000 -6.5000000
120.3750000 -17.0468750 -6.5703125
120.6875000 -15.6093750 -6.5234375
120.6250000 -15.8203125 -6.5625000
120.6250000 -16.2812500 -6.5234375
120.5625000 -15.9921875 -6.5000000
120.0625000 -15.0234375 -6.5703125
120.4375000 -16.7656250 -6.5078125
120.6250000 -16.4062500 -6.5546875
120.5625000 -15.8125000 -6.5234375
120.5000000 -14.7890625 -6.5156250
120.3125000 -15.2734375 -6.5859375
120.5000000 -14.1328125 -6.5312500
120.0625000 -15.9453125 -6.5781250
120.5000000 -14.3984375 -6.5390625
120.0000000 -14.2265625 -6.5468750
119.9375000 -13.7578125 -6.6015625
120.6875000 -12.7578125 -6.5234375
120.0000000 -12.7812500 -6.5859375
120.2500000 -12.0156250 -6.5468750
120.2500000 -11.7968750 -6.5234375
119.8125000 -12.2421875 -6.6093750
120.3125000 -10.5312500 -6.5078125
119.7500000 -9.7109375 -6.5546875
119.8750000 -11.8203125 -6.5546875
120.2500000 -11.0937500 -6.5000000
120.0000000 -12.6640625 -6.5859375
120.0000000 -9.0234375 -6.5234375
119.7500000 -9.4140625 -6.5625000
120.5000000 -10.2734375 -6.5468750
120.0625000 -10.5390625 -6.5390625
119.7500000 -13.9062500 -6.6015625
120.0000000 -8.9531250 -6.5625000
120.6250000 -9.1796875 -6.5468750
120.2500000 -8.1328125 -6.5468750
120.7500000 -8.4609375 -6.4843750
120.2500000 -4.6210938 -6.4843750
120.1875000 -5.0312500 -6.4921875
120.9375000 -5.9843750 -6.4765625
121.0625000 -4.8828125 -6.4375000
120.9375000 -4.8359375 -6.4531250
121.4375000 -4.7187500 -6.4140625
121.5625000 -7.7812500 -6.4218750
121.4375000 -5.7265625 -6.4296875
121.0625000 -5.9218750 -6.4609375
121.0625000 -3.6718750 -6.4218750
120.5000000 -2.8691406 -6.4453125
120.6875000 -2.9296875 -6.4140625
120.3750000 -5.2734375 -6.4609375
120.1875000 -6.1328125 -6.5625000
120.7500000 -1.7773438 -6.5078125
120.1875000 -2.0839844 -6.5468750
120.9375000 -2.7675781 -6.5234375
120.1875000 -2.6757812 -6.5468750
120.5625000 -4.7265625 -6.5390625
120.1250000 -4.8007812 -6.5390625
121.3125000 -3.1640625 -6.5078125
120.2500000 -2.9648438 -6.4921875
120.6250000 -0.3251953 -6.4843750
120.6875000 -0.8950195 -6.4765625
120.6875000 -2.0878906 -6.4843750
121.0625000 0.0292969 -6.4453125
120.4375000 -0.0849609 -6.3593750
120.1250000 -1.4130859 -6.4843750
120.3125000 -0.2460938 -6.4687500
120.3125000 -3.0332031 -6.4921875
120.1875000 0.0429688 -6.4687500
119.7500000 0.6191406 -6.4843750
120.5000000 1.2265625 -6.4687500
119.9375000 2.0429688 -6.4843750
120.0625000 0.9121094 -6.4687500
119.8750000 1.1035156 -6.4531250
120.4375000 0.8046875 -6.4296875
120.0000000 -0.2744141 -6.4453125
120.1250000 2.8222656 -6.4609375
120.3750000 2.3769531 -6.4609375
119.8750000 3.5917969 -6.4531250
120.3750000 2.5527344 -6.4375000
120.1250000 0.8535156 -6.4453125
119.3750000 -0.7617188 -6.4296875
120.3125000 2.1562500 -6.4609375
120.1875000 1.0800781 -6.4609375
120.3750000 2.9160156 -6.4296875
120.4375000 2.0937500 -6.4375000
120.6875000 4.3437500 -6.4062500
120.1250000 0.1757812 -6.4218750
121.8125000 5.8984375 -6.4531250
121.2500000 0.0947266 -6.4765625
120.2500000 3.0058594 -6.4375000
119.3750000 4.6796875 -6.4062500
120.1250000 3.7675781 -6.4765625
120.2500000 5.5859375 -6.4609375
120.6250000 7.1640625 -6.4687500
120.1875000 7.5390625 -6.4765625
120.8125000 8.4921875 -6.4375000
121.3125000 8.7968750 -6.3750000
120.4375000 7.1171875 -6.4062500
120.6250000 -0.8930664 -6.5703125
120.0000000 -15.7656250 -6.5156250
118.9375000 4.3593750 -6.2656250
120.1875000 7.2187500 -6.2890625
120.4375000 9.1406250 -6.2265625
120.3750000 9.0312500 -6.1640625
120.5625000 9.5703125 -6.1875000
120.5625000 8.7265625 -6.2031250
121.1250000 9.1015625 -6.2890625
122.5000000 8.8984375 -6.3203125
123.0000000 9.3828125 -6.3046875
122.0000000 8.7109375 -6.2890625
123.1250000 8.8515625 -6.2343750
122.3125000 8.8046875 -6.3125000
122.0625000 8.8125000 -6.3203125
121.7500000 8.5156250 -6.3046875
121.3125000 8.5546875 -6.3125000
121.8125000 8.5937500 -6.2890625
121.5000000 8.3671875 -6.3046875
121.3125000 8.4843750 -6.2890625
121.0000000 8.2890625 -6.2734375
120.8750000 8.7343750 -6.2812500
121.6875000 8.7578125 -6.2812500
122.3750000 8.8984375 -6.2734375
122.7500000 8.8359375 -6.2734375
123.5000000 8.8437500 -6.2812500
123.0000000 8.8359375 -6.2734375
122.9375000 8.7968750 -6.2734375
123.0000000 8.8906250 -6.2421875
123.0625000 8.6093750 -6.2812500
123.7500000 8.9765625 -6.2578125
123.7500000 8.8281250 -6.2968750
123.4375000 9.1093750 -6.2343750
124.0625000 9.1250000 -6.2343750
123.6250000 9.5781250 -6.1953125
123.9375000 9.2578125 -6.2343750
123.6250000 9.1562500 -6.2265625
124.2500000 9.6328125 -6.2031250
124.7500000 9.5703125 -6.1875000
124.6250000 9.7421875 -6.1875000
124.5000000 10.0000000 -6.1093750
124.3125000 9.7421875 -6.1250000
125.3750000 10.0781250 -6.0898438
125.3125000 9.1171875 -6.0976562
125.8125000 9.4140625 -6.0742188
126.3750000 10.2187500 -6.1171875
126.8750000 10.3046875 -6.1328125
126.6875000 10.3125000 -6.1562500
126.8750000 11.5390625 -6.1718750
126.6250000 11.3125000 -6.2500000
126.4375000 10.4062500 -6.2031250
127.0625000 11.9140625 -6.1484375
127.7500000 11.8593750 -6.1406250
127.3750000 12.3593750 -6.1562500
127.5000000 12.0390625 -6.1328125
127.5000000 11.8671875 -6.1250000
127.8125000 14.5625000 -6.1406250
128.3750000 14.5625000 -6.1640625
127.8125000 12.9296875 -6.1171875
128.3750000 14.3828125 -6.1562500
127.8750000 15.4531250 -6.1640625
128.2500000 15.2656250 -6.1640625
127.6875000 14.6718750 -6.1640625
128.2500000 14.6718750 -6.1718750
127.6875000 14.5625000 -6.1796875
127.8125000 14.9062500 -6.1640625
128.2500000 14.9531250 -6.1640625
128.3750000 17.2031250 -6.1796875
128.1250000 17.7656250 -6.1718750
128.0000000 17.6875000 -6.2031250
127.7500000 18.1875000 -6.1796875
128.1250000 15.7812500 -6.1406250
127.5000000 17.7187500 -6.1953125
127.7500000 18.0781250 -6.2031250
128.3750000 16.3593750 -6.1250000
127.0000000 18.4375000 -6.2109375
127.4375000 16.9531250 -6.1406250
127.4375000 18.2031250 -6.1718750
127.6875000 18.0468750 -6.1562500
127.5625000 17.9843750 -6.1562500
127.5000000 20.0156250 -6.2031250
127.5625000 19.6718750 -6.1718750
127.6875000 21.4687500 -6.2109375
127.3750000 20.1718750 -6.1875000
128.0000000 20.6562500 -6.2031250
127.4375000 22.0625000 -6.2187500
127.6875000 22.2812500 -6.2187500
127.3125000 20.5000000 -6.2265625
127.7500000 21.6406250 -6.2421875
127.0000000 20.7656250 -6.2343750
127.3125000 23.0468750 -6.2500000
127.6250000 21.1718750 -6.2343750
127.2500000 22.7656250 -6.2187500
127.8750000 21.9843750 -6.2109375
127.4375000 22.3281250 -6.2031250
126.8750000 23.5625000 -6.2421875
127.5625000 22.8593750 -6.2265625
127.4375000 25.8281250 -6.2500000
127.3750000 24.1406250 -6.2421875
127.6250000 24.9687500 -6.2421875
127.4375000 24.6406250 -6.2500000
127.3125000 24.6875000 -6.2421875
126.8750000 24.2968750 -6.2343750
127.2500000 27.0312500 -6.2500000
127.2500000 25.9843750 -6.2500000
127.6250000 26.7343750 -6.2343750
127.5625000 26.5468750 -6.2578125
127.4375000 25.4375000 -6.2421875
127.5000000 26.6406250 -6.2578125
127.5000000 25.8906250 -6.2578125
127.7500000 25.8593750 -6.2578125
127.2500000 26.1406250 -6.2578125
127.1250000 26.2812500 -6.2656250
126.6875000 27.1718750 -6.2265625
127.1875000 27.2968750 -6.2734375
126.9375000 28.1875000 -6.2421875
126.6250000 28.1562500 -6.2656250
126.6250000 27.5312500 -6.2656250
126.3750000 27.9218750 -6.2812500
127.0000000 29.2343750 -6.2578125
126.8750000 29.2656250 -6.2500000
126.7500000 29.3906250 -6.2578125
126.4375000 30.1562500 -6.2734375
126.6250000 29.2656250 -6.2578125
126.8125000 30.7031250 -6.2500000
126.7500000 30.6093750 -6.2656250
127.0625000 32.3437500 -6.2343750
126.8125000 31.4218750 -6.2578125
126.7500000 32.7812500 -6.2500000
126.6250000 33.2500000 -6.2578125
126.7500000 31.4531250 -6.2734375
126.8750000 33.5312500 -6.2578125
126.9375000 31.9218750 -6.2656250
126.8125000 33.0000000 -6.2734375
126.6875000 33.8437500 -6.2734375
126.6250000 33.8437500 -6.2968750
126.6875000 33.4062500 -6.2812500
126.4375000 34.9687500 -6.2968750
126.5625000 34.9687500 -6.3203125
126.6250000 35.2187500 -6.2968750
126.3750000 36.0000000 -6.2890625
126.6250000 34.5312500 -6.2968750
126.2500000 36.3750000 -6.3046875
126.5000000 36.7812500 -6.3046875
126.7500000 36.2500000 -6.2890625
126.5000000 36.4062500 -6.2968750
126.3750000 37.6250000 -6.2968750
126.4375000 36.8125000 -6.2812500
126.5000000 38.1875000 -6.2968750
126.8125000 39.0625000 -6.2890625
126.8750000 39.5937500 -6.2890625
126.6875000 38.3437500 -6.2812500
126.6875000 39.3437500 -6.2812500
126.9375000 39.7500000 -6.3125000
127.0625000 40.1562500 -6.2968750
126.8750000 40.1562500 -6.2890625
127.0625000 40.7812500 -6.2968750
127.0625000 40.8437500 -6.2968750
126.8750000 40.9375000 -6.3046875
127.1875000 41.8437500 -6.3046875
127.3125000 41.3750000 -6.2734375
126.9375000 41.3750000 -6.2968750
127.2500000 42.0937500 -6.2968750
127.5000000 42.7187500 -6.2812500
127.2500000 41.3750000 -6.2890625
127.3125000 41.5312500 -6.2812500
127.5625000 43.3437500 -6.2890625
127.5000000 42.6875000 -6.3046875
127.6875000 43.2187500 -6.3046875
127.7500000 43.3437500 -6.2890625
127.2500000 43.5000000 -6.2734375
127.9375000 43.8437500 -6.3046875
127.8750000 43.9375000 -6.2890625
127.6250000 44.0312500 -6.2734375
128.1250000 44.4062500 -6.3046875
128.2500000 45.2812500 -6.2734375
127.8125000 44.3437500 -6.2656250
128.0000000 44.5000000 -6.3125000
128.1250000 44.8125000 -6.2968750
128.5000000 46.0625000 -6.2890625
128.3750000 45.4687500 -6.2734375
127.9375000 44.7187500 -6.2968750
129.0000000 46.5312500 -6.2734375
128.8750000 45.8437500 -6.3125000
129.1250000 46.3437500 -6.3046875
128.5000000 45.8437500 -6.3203125
129.8750000 47.2187500 -6.3281250
129.1250000 46.3750000 -6.3437500
129.3750000 47.6875000 -6.3359375
129.1250000 47.9375000 -6.2890625
129.6250000 48.1250000 -6.2343750
129.7500000 48.9062500 -6.2109375
129.6250000 48.1562500 -6.1796875
130.1250000 48.9375000 -6.2421875
129.3750000 48.3125000 -6.1953125
130.5000000 50.6562500 -6.1640625
130.7500000 50.1562500 -6.2343750
131.5000000 50.7500000 -6.2343750
130.7500000 50.6562500 -6.2812500
130.3750000 49.3750000 -6.2343750
131.3750000 50.0000000 -6.2343750
131.8750000 51.4062500 -6.2734375
131.8750000 51.3437500 -6.2421875
131.1250000 51.0937500 -6.3046875
131.2500000 50.5000000 -6.2812500
132.2500000 51.8437500 -6.2578125
131.0000000 50.6250000 -6.2968750
131.5000000 51.6250000 -6.3046875
131.5000000 51.4375000 -6.2968750
132.1250000 51.4687500 -6.2968750
132.2500000 51.6562500 -6.2812500
131.5000000 51.7187500 -6.3203125
132.6250000 53.0937500 -6.3203125
132.8750000 53.0000000 -6.3281250
133.8750000 54.0000000 -6.3437500
132.5000000 53.1250000 -6.3437500
134.0000000 53.7500000 -6.3515625
133.5000000 53.8125000 -6.3671875
133.8750000 53.8125000 -6.3515625
135.1250000 53.9687500 -6.3750000
135.2500000 54.8437500 -6.3671875
134.1250000 54.2812500 -6.3750000
134.6250000 52.5000000 -6.3750000
135.5000000 54.4687500 -6.3750000
136.0000000 54.5937500 -6.3593750
135.6250000 54.3750000 -6.3359375
135.8750000 54.6875000 -6.3281250
135.6250000 54.6875000 -6.3515625
135.6250000 53.8125000 -6.3046875
135.7500000 54.2500000 -6.3281250
135.1250000 54.0937500 -6.3125000
136.1250000 54.6875000 -6.2890625
136.1250000 54.2812500 -6.3125000
135.3750000 54.3437500 -6.3203125
136.1250000 55.0000000 -6.3125000
136.6250000 54.6875000 -6.3046875
136.7500000 54.3125000 -6.2890625
136.7500000 54.3750000 -6.3828125
137.3750000 54.7500000 -6.3515625
137.2500000 54.5000000 -6.3515625
138.0000000 54.9062500 -6.3046875
138.2500000 54.5625000 -6.3203125
137.7500000 54.5000000 -6.2890625
138.8750000 54.3125000 -6.3203125
138.2500000 54.7812500 -6.3359375
138.2500000 54.7812500 -6.3437500
139.1250000 54.3437500 -6.3125000
138.8750000 54.5625000 -6.2968750
139.0000000 54.6562500 -6.3203125
139.6250000 54.6562500 -6.2890625
139.5000000 54.9375000 -6.3281250
139.7500000 55.0625000 -6.3437500
139.7500000 55.1562500 -6.3125000
140.3750000 55.2187500 -6.3437500
140.1250000 54.5625000 -6.2890625
140.5000000 55.1875000 -6.2656250
140.8750000 55.3437500 -6.2656250
141.3750000 55.2812500 -6.2578125
140.0000000 54.9375000 -6.2578125
142.1250000 55.0937500 -6.2656250
141.6250000 55.3125000 -6.2500000
141.7500000 55.6875000 -6.2734375
142.6250000 55.5000000 -6.2421875
143.8750000 56.8125000 -6.3046875
144.8750000 57.6250000 -6.2968750
144.0000000 57.6562500 -6.2968750
145.2500000 57.6250000 -6.3203125
144.8750000 57.6562500 -6.3437500
144.7500000 57.9375000 -6.3437500
145.2500000 58.0312500 -6.3359375
145.3750000 58.0312500 -6.3125000
145.8750000 59.0625000 -6.3437500
146.0000000 59.8125000 -6.3671875
145.0000000 59.1875000 -6.3671875
147.1250000 61.1875000 -6.3593750
146.6250000 60.1562500 -6.3593750
146.6250000 60.3750000 -6.3671875
145.8750000 60.1250000 -6.3593750
147.1250000 60.9687500 -6.3828125
146.3750000 60.9375000 -6.3828125
147.6250000 62.2812500 -6.3750000
147.2500000 61.9687500 -6.3750000
147.3750000 61.8437500 -6.3828125
147.3750000 61.4062500 -6.3906250
147.6250000 61.9062500 -6.3750000
147.6250000 61.8125000 -6.3671875
147.7500000 62.0625000 -6.3515625
148.0000000 62.6250000 -6.3828125
147.6250000 61.9375000 -6.3515625
147.3750000 62.0312500 -6.3593750
148.0000000 62.0937500 -6.3593750
147.3750000 62.4062500 -6.4140625
147.3750000 62.1875000 -6.3750000
147.5000000 62.4062500 -6.3828125
147.6250000 62.8750000 -6.3828125
147.6250000 63.0625000 -6.4140625
147.3750000 63.0625000 -6.3828125
147.8750000 63.1250000 -6.4375000
148.0000000 62.6875000 -6.4218750
148.0000000 62.6250000 -6.4218750
147.2500000 61.3750000 -6.3984375
147.7500000 62.3750000 -6.3828125
148.5000000 63.8125000 -6.4609375
148.2500000 64.4375000 -6.4687500
147.7500000 64.3750000 -6.4375000
148.3750000 65.2500000 -6.4531250
148.2500000 64.8125000 -6.4531250
148.0000000 65.0000000 -6.4531250
147.7500000 65.2500000 -6.4609375
149.0000000 65.1875000 -6.4609375
148.8750000 65.1875000 -6.4609375
149.2500000 65.0000000 -6.4453125
149.3750000 64.3125000 -6.4296875
150.3750000 66.8750000 -6.5078125
149.8750000 65.9375000 -6.4843750
149.2500000 65.2500000 -6.5234375
150.3750000 66.3750000 -6.5703125
150.2500000 65.8125000 -6.5546875
151.5000000 66.1875000 -6.5781250
152.2500000 66.5000000 -6.5859375
152.0000000 66.1250000 -6.6093750
151.8750000 66.5000000 -6.5859375
152.5000000 66.8750000 -6.6093750
153.3750000 66.7500000 -6.6015625
152.5000000 66.1250000 -6.5625000
152.3750000 66.6875000 -6.5859375
153.3750000 66.8750000 -6.5781250
153.1250000 66.5625000 -6.5703125
154.0000000 67.0000000 -6.5937500
153.8750000 66.4375000 -6.5781250
154.2500000 66.3125000 -6.5390625
154.5000000 66.4375000 -6.5703125
154.8750000 66.5625000 -6.5546875
154.1250000 66.2500000 -6.5390625
154.2500000 65.8125000 -6.5156250
154.7500000 66.2500000 -6.5312500
155.3750000 66.3750000 -6.5078125
154.5000000 65.6875000 -6.4687500
156.1250000 66.3125000 -6.5000000
157.5000000 66.3125000 -6.4609375
156.5000000 66.3125000 -6.4921875
156.8750000 66.0625000 -6.4609375
156.8750000 66.2500000 -6.5156250
158.0000000 66.4375000 -6.4687500
158.6250000 66.9375000 -6.5156250
157.7500000 66.5625000 -6.5078125
158.6250000 66.8125000 -6.5156250
158.8750000 67.1250000 -6.5156250
159.1250000 66.8125000 -6.4765625
160.2500000 67.1250000 -6.5000000
160.3750000 67.2500000 -6.5000000
159.7500000 67.0625000 -6.5234375
160.6250000 67.5625000 -6.5625000
160.6250000 67.1875000 -6.5000000
160.7500000 66.9375000 -6.4687500
161.5000000 67.1875000 -6.4921875
164.1250000 67.6875000 -6.4531250
162.1250000 67.0000000 -6.4765625
161.7500000 67.4375000 -6.5156250
162.1250000 67.0000000 -6.4921875
162.2500000 67.1875000 -6.4843750
162.8750000 67.0625000 -6.4921875
163.3750000 67.0625000 -6.4687500
164.0000000 67.1875000 -6.4843750
163.8750000 67.2500000 -6.5234375
164.2500000 67.7500000 -6.5312500
164.6250000 67.3125000 -6.5234375
165.0000000 67.0000000 -6.4609375
165.1250000 67.3750000 -6.5156250
164.7500000 66.8750000 -6.4687500
166.2500000 67.3750000 -6.5156250
166.0000000 67.1250000 -6.4921875
166.2500000 66.9375000 -6.4843750
166.1250000 67.3750000 -6.5000000
167.2500000 67.6875000 -6.4687500
166.1250000 67.0000000 -6.4921875
166.7500000 66.9375000 -6.4609375
167.3750000 67.0625000 -6.4843750
167.2500000 67.1875000 -6.4843750
167.8750000 66.8750000 -6.4453125
168.5000000 67.1875000 -6.4921875
168.5000000 67.0000000 -6.4765625
168.2500000 67.0000000 -6.4921875
168.8750000 67.0625000 -6.4843750
169.6250000 66.8750000 -6.4843750
168.5000000 66.8750000 -6.4843750
170.3750000 67.1875000 -6.4765625
170.6250000 67.0000000 -6.4843750
171.6250000 67.0000000 -6.5078125
171.2500000 67.0000000 -6.4843750
171.0000000 67.3125000 -6.5234375
172.3750000 67.0000000 -6.4843750
172.5000000 67.0625000 -6.5234375
172.6250000 67.0625000 -6.5078125
173.7500000 67.0000000 -6.5156250
172.8750000 67.0000000 -6.5312500
173.6250000 66.8750000 -6.5156250
173.5000000 67.0625000 -6.5234375
174.3750000 67.1250000 -6.5390625
174.1250000 67.2500000 -6.5546875
174.1250000 67.1250000 -6.5546875
174.1250000 67.3125000 -6.5546875
176.5000000 67.3750000 -6.6015625
175.5000000 67.2500000 -6.5937500
175.8750000 66.8750000 -6.5625000
177.1250000 67.8125000 -6.5781250
177.0000000 67.8125000 -6.5703125
176.5000000 67.7500000 -6.5546875
176.6250000 67.3750000 -6.5234375
176.2500000 67.6875000 -6.5000000
177.1250000 67.3125000 -6.4765625
176.8750000 67.3125000 -6.4687500
177.3750000 67.8125000 -6.4296875
177.3750000 67.5625000 -6.4140625
177.6250000 68.2500000 -6.4218750
178.2500000 68.6875000 -6.4609375
178.2500000 68.6250000 -6.4687500
179.0000000 68.1250000 -6.4453125
178.5000000 70.6875000 -6.5000000
178.5000000 69.5000000 -6.4609375
178.5000000 69.3125000 -6.4531250
178.3750000 70.8125000 -6.4765625
178.5000000 71.5000000 -6.4531250
179.0000000 70.3125000 -6.4765625
178.8750000 69.8750000 -6.4687500
179.0000000 70.3750000 -6.4765625
179.2500000 70.3125000 -6.4687500
179.0000000 70.8750000 -6.4531250
179.0000000 72.7500000 -6.4843750
178.8750000 74.7500000 -6.5000000
179.1250000 74.9375000 -6.5078125
178.5000000 73.6875000 -6.4765625
179.2500000 74.5000000 -6.5000000
178.7500000 72.4375000 -6.4765625
179.0000000 73.1875000 -6.5000000
178.7500000 73.3750000 -6.4921875
178.3750000 75.5625000 -6.4765625
179.0000000 74.9375000 -6.4921875
178.8750000 73.9375000 -6.4843750
179.2500000 75.0000000 -6.4921875
179.5000000 76.6875000 -6.4921875
179.0000000 74.5000000 -6.4765625
179.0000000 75.6250000 -6.4921875
179.6250000 77.1875000 -6.4921875
179.5000000 76.2500000 -6.5000000
179.5000000 78.3125000 -6.4687500
179.6250000 79.7500000 -6.4843750
179.5000000 78.6875000 -6.4921875
179.5000000 78.0625000 -6.4921875
179.5000000 79.6250000 -6.4843750
179.7500000 78.7500000 -6.5000000
179.3750000 79.6875000 -6.4921875
179.6250000 79.6250000 -6.5000000
179.8750000 80.3125000 -6.5078125
179.3750000 81.0625000 -6.5000000
179.2500000 81.7500000 -6.5000000
179.3750000 83.9375000 -6.4843750
179.6250000 83.8750000 -6.5000000
179.2500000 82.6875000 -6.4843750
179.7500000 82.9375000 -6.4843750
179.8750000 84.2500000 -6.4921875
180.1250000 81.6875000 -6.4843750
179.5000000 82.0625000 -6.4843750
179.7500000 82.2500000 -6.4765625
179.6250000 83.6250000 -6.4687500
180.1250000 84.6875000 -6.4687500
179.5000000 83.5625000 -6.4687500
179.8750000 85.0625000 -6.4687500
180.2500000 86.8125000 -6.4453125
179.7500000 82.5625000 -6.4765625
179.6250000 83.5625000 -6.4765625
179.2500000 84.5625000 -6.4687500
180.1250000 85.4375000 -6.4687500
179.8750000 86.5000000 -6.4375000
179.3750000 83.7500000 -6.4609375
179.7500000 85.0000000 -6.4531250
179.6250000 86.3750000 -6.4375000
180.0000000 86.1875000 -6.4453125
180.0000000 86.3125000 -6.4375000
179.8750000 86.1875000 -6.4375000
179.6250000 87.2500000 -6.4296875
179.7500000 87.0000000 -6.4218750
179.8750000 86.8125000 -6.4140625
180.3750000 87.5000000 -6.4218750
180.2500000 88.1875000 -6.4140625
180.5000000 89.8750000 -6.3906250
180.0000000 89.1250000 -6.3984375
180.5000000 89.4375000 -6.3906250
180.1250000 90.2500000 -6.3906250
180.0000000 88.5625000 -6.4140625
179.8750000 89.5000000 -6.4062500
180.2500000 90.9375000 -6.3984375
180.3750000 91.6250000 -6.3828125
180.2500000 90.4375000 -6.4062500
180.0000000 91.2500000 -6.4062500
180.2500000 91.4375000 -6.3984375
180.1250000 90.7500000 -6.4062500
180.2500000 91.4375000 -6.4062500
180.2500000 92.0625000 -6.3984375
180.1250000 92.1875000 -6.3984375
180.1250000 90.5625000 -6.3984375
180.6250000 92.3125000 -6.3906250
180.6250000 93.3125000 -6.3984375
180.6250000 92.5625000 -6.3828125
180.5000000 93.1875000 -6.3906250
180.5000000 91.9375000 -6.3906250
180.2500000 91.5000000 -6.3984375
180.3750000 91.8125000 -6.3984375
179.8750000 93.2500000 -6.3906250
180.2500000 95.2500000 -6.3671875
180.5000000 95.1875000 -6.3750000
180.5000000 94.0000000 -6.3984375
181.0000000 96.0000000 -6.3750000
180.7500000 95.2500000 -6.3828125
180.8750000 95.8750000 -6.3750000
181.0000000 96.5625000 -6.3515625
180.7500000 96.3750000 -6.3828125
180.7500000 97.0625000 -6.3593750
180.8750000 96.3750000 -6.3593750
180.5000000 96.7500000 -6.3593750
180.8750000 97.9375000 -6.3671875
180.8750000 95.8125000 -6.3906250
181.0000000 98.1250000 -6.3671875
181.3750000 96.8125000 -6.3671875
181.2500000 97.8125000 -6.3593750
181.5000000 98.8750000 -6.3437500
181.5000000 97.8750000 -6.3593750
181.1250000 98.2500000 -6.3359375
181.5000000 99.1250000 -6.3281250
181.6250000 98.6875000 -6.3437500
181.6250000 99.3750000 -6.3203125
181.8750000 99.8750000 -6.3203125
181.8750000 101.3750000 -6.3281250
182.0000000 100.6250000 -6.3203125
182.3750000 101.6250000 -6.3046875
182.3750000 101.0625000 -6.2968750
182.5000000 102.0625000 -6.2812500
182.7500000 102.4375000 -6.2890625
182.2500000 102.8125000 -6.3046875
182.3750000 104.1875000 -6.2734375
182.5000000 104.0625000 -6.2734375
182.3750000 103.0000000 -6.2812500
182.5000000 104.8125000 -6.2968750
182.6250000 105.1875000 -6.2343750
182.6250000 104.8750000 -6.2421875
182.3750000 105.7500000 -6.2421875
182.6250000 106.0000000 -6.2500000
182.7500000 106.6875000 -6.2578125
182.7500000 106.6250000 -6.2578125
182.6250000 106.1875000 -6.2578125
182.7500000 107.3750000 -6.2421875
182.7500000 107.5625000 -6.2343750
182.6250000 106.2500000 -6.2578125
182.6250000 107.1250000 -6.2578125
183.0000000 108.3750000 -6.2656250
182.8750000 108.2500000 -6.2500000
182.8750000 107.8750000 -6.2500000
182.6250000 107.1250000 -6.2656250
182.8750000 108.1250000 -6.2578125
182.8750000 108.3125000 -6.2656250
182.7500000 109.3750000 -6.2187500
182.8750000 109.7500000 -6.2421875
182.7500000 109.2500000 -6.2265625
182.8750000 109.8125000 -6.2343750
183.1250000 110.0625000 -6.2421875
183.1250000 109.5625000 -6.2578125
182.7500000 109.4375000 -6.2578125
182.7500000 108.8125000 -6.2187500
182.7500000 110.3750000 -6.2343750
182.7500000 110.6250000 -6.2421875
182.7500000 110.5000000 -6.2343750
182.7500000 111.3750000 -6.2265625
182.8750000 111.1250000 -6.2109375
183.1250000 112.6250000 -6.2265625
182.7500000 112.5625000 -6.2187500
182.8750000 113.5625000 -6.2187500
182.7500000 113.2500000 -6.2109375
183.0000000 115.0000000 -6.2187500
182.7500000 114.1250000 -6.2343750
183.1250000 114.5625000 -6.1953125
182.7500000 113.3750000 -6.2187500
183.1250000 115.6250000 -6.2187500
182.8750000 116.0000000 -6.2265625
183.1250000 115.3125000 -6.1875000
183.0000000 116.8750000 -6.2109375
182.8750000 115.5625000 -6.2109375
183.0000000 117.0000000 -6.2343750
182.8750000 116.3125000 -6.2109375
182.6250000 116.3750000 -6.2109375
183.1250000 117.1250000 -6.2109375
182.8750000 116.8750000 -6.2343750
183.0000000 116.7500000 -6.2343750
183.0000000 116.5000000 -6.2578125
183.2500000 117.6250000 -6.2500000
183.0000000 118.5000000 -6.2421875
183.1250000 118.0000000 -6.2656250
183.0000000 118.1250000 -6.2343750
182.8750000 118.0625000 -6.2421875
182.7500000 119.0625000 -6.2265625
183.0000000 117.8750000 -6.2421875
183.1250000 120.0000000 -6.2421875
183.1250000 119.0625000 -6.2265625
183.0000000 120.5000000 -6.2343750
183.1250000 119.9375000 -6.2265625
183.0000000 120.9375000 -6.2187500
183.0000000 121.1875000 -6.2109375
183.1250000 120.7500000 -6.2265625
183.0000000 120.8125000 -6.2343750
182.7500000 121.3750000 -6.2187500
182.7500000 121.1875000 -6.2109375
183.0000000 121.3125000 -6.2265625
183.0000000 122.1250000 -6.2265625
182.8750000 122.1250000 -6.2031250
182.7500000 122.1875000 -6.1953125
182.8750000 122.2500000 -6.1796875
183.0000000 123.9375000 -6.1640625
183.2500000 124.5000000 -6.1406250
182.7500000 123.8125000 -6.1640625
183.0000000 123.8750000 -6.1718750
182.7500000 124.9375000 -6.1484375
183.0000000 125.2500000 -6.1484375
183.0000000 125.6250000 -6.1406250
183.0000000 125.0000000 -6.1328125
183.0000000 126.0625000 -6.1250000
183.3750000 126.7500000 -6.1015625
183.1250000 126.7500000 -6.0898438
183.3750000 127.6250000 -6.0937500
183.2500000 126.6250000 -6.1250000
182.5000000 127.3750000 -6.0937500
182.5000000 127.6250000 -6.0585938
182.0000000 128.0000000 -6.0585938
182.7500000 127.7500000 -6.0976562
182.8750000 128.2500000 -6.0898438
182.8750000 127.7500000 -6.1093750
183.0000000 128.7500000 -6.0976562
182.8750000 128.5000000 -6.0781250
182.3750000 129.6250000 -6.0898438
182.7500000 129.0000000 -6.0742188
182.8750000 130.0000000 -6.0781250
182.5000000 130.1250000 -6.0703125
182.6250000 130.0000000 -6.0742188
182.8750000 130.7500000 -6.0234375
182.5000000 131.3750000 -6.0585938
181.8750000 132.2500000 -6.0156250
182.2500000 132.6250000 -6.0312500
182.0000000 131.6250000 -6.0195312
181.7500000 131.3750000 -6.0351562
181.7500000 131.7500000 -6.0195312
181.8750000 131.5000000 -6.0351562
181.5000000 131.2500000 -6.0000000
181.0000000 132.8750000 -5.9765625
180.7500000 133.3750000 -5.9414062
180.0000000 134.1250000 -5.9062500
180.3750000 134.7500000 -5.9062500
179.7500000 136.1250000 -5.9023438
180.2500000 134.5000000 -5.9335938
180.1250000 135.7500000 -5.9414062
180.1250000 135.0000000 -5.9726562
179.7500000 135.5000000 -5.9531250
180.1250000 134.3750000 -6.0000000
179.7500000 134.1250000 -5.9960938
180.2500000 135.3750000 -5.9843750
180.6250000 134.7500000 -6.0312500
180.7500000 136.7500000 -5.9609375
180.3750000 134.2500000 -6.0273438
180.6250000 137.7500000 -5.9648438
180.2500000 136.6250000 -5.9414062
180.2500000 137.2500000 -5.9414062
180.3750000 137.2500000 -5.9453125
180.5000000 137.5000000 -5.9296875
180.5000000 138.0000000 -5.9453125
180.3750000 138.7500000 -5.9375000
180.2500000 137.6250000 -5.9492188
180.7500000 139.1250000 -5.9453125
180.5000000 140.2500000 -5.9531250
180.3750000 139.2500000 -5.9296875
180.2500000 140.0000000 -5.9375000
180.5000000 141.0000000 -5.9570312
180.5000000 140.2500000 -5.9375000
180.1250000 140.3750000 -5.9414062
180.3750000 140.8750000 -5.9609375
180.1250000 140.8750000 -5.9492188
180.2500000 141.0000000 -5.9492188
180.2500000 141.3750000 -5.9531250
180.2500000 141.5000000 -5.9375000
180.2500000 141.3750000 -5.9414062
180.3750000 141.8750000 -5.9453125
180.1250000 143.1250000 -5.9570312
180.1250000 143.5000000 -5.9609375
180.2500000 143.1250000 -5.9687500
180.1250000 143.7500000 -5.9648438
179.8750000 143.7500000 -5.9609375
180.2500000 143.5000000 -5.9531250
180.2500000 145.0000000 -5.9882812
179.8750000 144.7500000 -5.9765625
179.8750000 144.7500000 -5.9726562
180.1250000 145.1250000 -5.9765625
179.7500000 145.6250000 -5.9648438
180.1250000 145.2500000 -5.9687500
180.0000000 145.1250000 -5.9843750
179.8750000 145.5000000 -5.9765625
179.8750000 145.6250000 -5.9726562
180.2500000 146.3750000 -5.9960938
180.0000000 147.1250000 -5.9843750
179.8750000 147.5000000 -5.9960938
180.0000000 146.6250000 -5.9921875
179.5000000 148.3750000 -6.0156250
179.6250000 147.8750000 -6.0078125
179.5000000 146.6250000 -5.9140625
179.6250000 146.7500000 -5.8632812
179.3750000 146.1250000 -5.8867188
179.5000000 147.0000000 -5.9570312
179.7500000 149.7500000 -6.0585938
179.5000000 150.1250000 -6.0859375
179.8750000 150.2500000 -6.0898438
179.6250000 150.2500000 -6.0703125
179.7500000 149.7500000 -6.0664062
179.3750000 150.1250000 -6.0664062
179.3750000 149.6250000 -6.0429688
179.6250000 150.3750000 -6.0820312
179.3750000 151.6250000 -6.1015625
179.6250000 151.8750000 -6.1328125
179.1250000 151.2500000 -6.1015625
179.0000000 151.3750000 -6.0898438
179.5000000 151.2500000 -6.1093750
179.2500000 151.2500000 -6.0898438
179.6250000 151.2500000 -6.1015625
179.3750000 151.8750000 -6.1093750
179.6250000 152.2500000 -6.1406250
179.7500000 151.5000000 -6.1093750
179.7500000 152.2500000 -6.1328125
179.5000000 151.2500000 -6.1171875
179.3750000 152.2500000 -6.1484375
179.7500000 153.5000000 -6.1953125
179.8750000 153.3750000 -6.1718750
179.5000000 154.0000000 -6.2031250
179.3750000 154.3750000 -6.2187500
179.5000000 154.2500000 -6.2187500
179.1250000 156.1250000 -6.2812500
179.3750000 155.8750000 -6.2890625
179.0000000 155.3750000 -6.2578125
178.7500000 155.3750000 -6.2812500
179.3750000 155.6250000 -6.3125000
178.5000000 155.7500000 -6.2890625
178.6250000 156.5000000 -6.3046875
178.2500000 156.3750000 -6.3046875
178.5000000 157.0000000 -6.3125000
178.1250000 157.3750000 -6.3281250
177.7500000 157.7500000 -6.3359375
177.7500000 158.0000000 -6.3515625
177.5000000 158.1250000 -6.3593750
177.2500000 158.2500000 -6.3671875
177.5000000 158.5000000 -6.3671875
176.5000000 158.7500000 -6.3906250
176.3750000 158.2500000 -6.3984375
176.1250000 159.1250000 -6.4140625
175.7500000 159.1250000 -6.3984375
176.2500000 159.1250000 -6.4140625
175.0000000 159.7500000 -6.4375000
174.8750000 160.5000000 -6.4531250
174.7500000 160.2500000 -6.4375000
174.5000000 160.6250000 -6.4609375
174.3750000 161.0000000 -6.4687500
174.6250000 160.5000000 -6.4531250
174.3750000 160.7500000 -6.4531250
174.3750000 160.5000000 -6.4453125
174.3750000 161.1250000 -6.4609375
173.8750000 160.7500000 -6.4609375
173.8750000 161.2500000 -6.4531250
174.1250000 161.0000000 -6.4453125
173.7500000 161.6250000 -6.4609375
173.6250000 161.3750000 -6.4687500
173.2500000 161.6250000 -6.4531250
172.8750000 161.7500000 -6.4609375
172.5000000 162.2500000 -6.4531250
173.1250000 161.8750000 -6.4609375
172.7500000 162.1250000 -6.4609375
172.1250000 162.6250000 -6.4609375
171.7500000 163.0000000 -6.4921875
171.7500000 163.2500000 -6.4765625
171.6250000 163.1250000 -6.4843750
171.8750000 163.0000000 -6.4843750
171.0000000 163.7500000 -6.5000000
171.1250000 163.5000000 -6.5000000
170.7500000 163.6250000 -6.5078125
169.8750000 164.1250000 -6.5000000
170.3750000 164.0000000 -6.5078125
170.1250000 163.7500000 -6.4921875
170.6250000 163.8750000 -6.4843750
170.2500000 163.8750000 -6.5390625
169.6250000 164.0000000 -6.4843750
169.1250000 164.2500000 -6.5312500
169.2500000 164.3750000 -6.5234375
168.2500000 164.7500000 -6.5312500
168.2500000 164.6250000 -6.5390625
168.6250000 164.2500000 -6.5156250
168.0000000 164.7500000 -6.5468750
168.2500000 164.8750000 -6.5156250
167.3750000 165.1250000 -6.5234375
167.1250000 165.3750000 -6.5468750
166.2500000 165.5000000 -6.4843750
165.1250000 165.6250000 -6.5078125
165.8750000 165.5000000 -6.4687500
166.1250000 165.8750000 -6.4921875
164.5000000 166.3750000 -6.5156250
164.1250000 166.3750000 -6.4843750
165.2500000 166.0000000 -6.4921875
164.8750000 166.1250000 -6.5078125
164.0000000 166.3750000 -6.4609375
164.2500000 166.5000000 -6.4843750
163.8750000 166.7500000 -6.4531250
164.0000000 166.3750000 -6.4765625
163.1250000 166.5000000 -6.4765625
162.5000000 166.7500000 -6.4765625
163.5000000 166.7500000 -6.4843750
161.0000000 167.1250000 -6.4843750
161.6250000 166.8750000 -6.5000000
162.5000000 166.7500000 -6.5234375
161.1250000 167.2500000 -6.4921875
162.1250000 167.0000000 -6.5000000
159.7500000 167.0000000 -6.5000000
160.8750000 167.1250000 -6.5390625
160.0000000 167.1250000 -6.4921875
158.8750000 167.1250000 -6.4843750
160.2500000 166.8750000 -6.5156250
160.2500000 167.0000000 -6.4765625
159.0000000 167.3750000 -6.5078125
159.3750000 167.2500000 -6.4765625
158.3750000 167.3750000 -6.4453125
158.6250000 167.2500000 -6.4296875
157.6250000 167.0000000 -6.3671875
157.1250000 167.5000000 -6.3984375
158.7500000 167.1250000 -6.4453125
157.0000000 167.3750000 -6.4453125
157.3750000 167.1250000 -6.5000000
157.2500000 166.8750000 -6.4609375
154.7500000 167.0000000 -6.4453125
155.7500000 167.2500000 -6.5000000
154.3750000 167.1250000 -6.5000000
153.8750000 166.8750000 -6.4843750
154.0000000 167.0000000 -6.4765625
153.3750000 167.2500000 -6.4765625
156.1250000 166.3750000 -6.4375000
153.1250000 166.2500000 -6.4140625
155.6250000 166.3750000 -6.4140625
154.0000000 166.3750000 -6.3046875
153.5000000 167.2500000 -6.4843750
154.2500000 218.7500000 -7.4921875
149.5000000 197.3750000 -7.2265625
151.6250000 189.6250000 -6.8437500
154.6250000 252.7500000 -7.7187500
156.5000000 240.0000000 -8.0468750
152.7500000 184.5000000 -7.1171875
148.5000000 203.1250000 -6.0429688
151.8750000 221.8750000 -6.6953125
148.6250000 188.6250000 -5.9726562
149.5000000 202.3750000 -5.9804688
146.2500000 195.2500000 -5.8554688
148.2500000 191.6250000 -5.9570312
151.1250000 186.1250000 -6.1875000
152.7500000 175.3750000 -6.3906250
152.6250000 176.8750000 -6.3906250
153.3750000 183.3750000 -6.3984375
155.0000000 187.2500000 -6.5234375
152.7500000 178.0000000 -6.3906250
151.8750000 177.3750000 -6.3359375
150.0000000 175.1250000 -6.3906250
148.6250000 181.1250000 -6.6640625
151.0000000 177.0000000 -6.4375000
154.2500000 182.7500000 -6.5156250
152.3750000 191.2500000 -6.7968750
151.0000000 180.7500000 -6.5390625
154.1250000 192.3750000 -6.8125000
149.2500000 211.5000000 -7.1718750
153.8750000 206.7500000 -7.0156250
156.7500000 200.1250000 -6.7578125
156.3750000 205.5000000 -6.8359375
154.0000000 203.2500000 -6.6796875
153.5000000 204.2500000 -6.4140625
152.8750000 194.3750000 -6.3125000
154.1250000 202.5000000 -6.5468750
156.7500000 210.0000000 -6.8593750
155.3750000 189.7500000 -6.5625000
156.3750000 209.7500000 -6.8437500
156.2500000 220.8750000 -7.3046875
152.8750000 215.6250000 -7.1562500
153.2500000 221.0000000 -7.6093750
153.2500000 208.2500000 -7.0156250
149.5000000 199.5000000 -6.9687500
156.3750000 196.8750000 -6.9843750
155.1250000 197.6250000 -7.1640625
150.7500000 191.7500000 -7.0781250
151.6250000 201.0000000 -7.2343750
154.2500000 196.2500000 -7.2890625
154.7500000 189.2500000 -6.8750000
155.1250000 184.6250000 -6.6796875
152.1250000 188.1250000 -6.7421875
145.1250000 210.2500000 -7.2421875
151.3750000 192.0000000 -7.0468750
152.7500000 180.1250000 -6.5937500
153.1250000 178.8750000 -6.4687500
153.6250000 182.0000000 -6.5625000
150.7500000 173.3750000 -6.4140625
150.2500000 171.5000000 -6.3593750
149.6250000 170.8750000 -6.3125000
149.8750000 170.0000000 -6.3671875
150.2500000 169.8750000 -6.3984375
150.7500000 170.3750000 -6.4765625
150.6250000 170.1250000 -6.4375000
150.3750000 169.2500000 -6.3750000
150.2500000 170.2500000 -6.4296875
150.5000000 169.7500000 -6.3984375
150.3750000 170.0000000 -6.4062500
150.2500000 170.1250000 -6.3828125
150.5000000 170.2500000 -6.4140625
150.6250000 170.3750000 -6.4375000
150.7500000 170.5000000 -6.4687500
150.7500000 171.0000000 -6.4921875
150.5000000 171.3750000 -6.4765625
150.5000000 171.1250000 -6.4609375
150.3750000 171.5000000 -6.4609375
150.3750000 172.0000000 -6.4687500
150.2500000 171.8750000 -6.4687500
150.3750000 171.8750000 -6.4687500
150.6250000 172.2500000 -6.4609375
150.1250000 171.8750000 -6.4531250
150.1250000 171.5000000 -6.4609375
150.1250000 171.3750000 -6.4609375
150.5000000 171.7500000 -6.4921875
150.3750000 171.5000000 -6.4921875
150.3750000 171.8750000 -6.4531250
150.5000000 171.8750000 -6.4687500
150.3750000 171.8750000 -6.4531250
150.6250000 171.5000000 -6.4765625
150.3750000 171.6250000 -6.4609375
150.1250000 172.0000000 -6.4296875
150.2500000 172.0000000 -6.4453125
150.1250000 172.0000000 -6.4375000
150.2500000 171.7500000 -6.4218750
150.1250000 172.0000000 -6.4140625
150.2500000 172.0000000 -6.4218750
150.1250000 172.2500000 -6.4531250
150.5000000 172.6250000 -6.4921875
150.5000000 172.5000000 -6.4531250
150.2500000 172.5000000 -6.4765625
150.5000000 172.3750000 -6.5078125
150.3750000 172.5000000 -6.5078125
150.2500000 172.7500000 -6.5000000
150.0000000 173.2500000 -6.5234375
149.8750000 173.3750000 -6.5312500
149.8750000 173.2500000 -6.5000000
150.5000000 173.3750000 -6.5312500
150.2500000 173.1250000 -6.5156250
150.2500000 172.6250000 -6.5000000
150.0000000 172.6250000 -6.4921875
150.0000000 173.0000000 -6.4843750
149.8750000 172.6250000 -6.4843750
150.2500000 173.6250000 -6.5312500
150.0000000 173.2500000 -6.5000000
150.2500000 173.3750000 -6.5234375
150.3750000 173.2500000 -6.5234375
150.0000000 172.7500000 -6.4921875
150.0000000 172.7500000 -6.5000000
150.0000000 172.7500000 -6.4687500
149.8750000 172.8750000 -6.4843750
150.2500000 172.7500000 -6.5000000
150.7500000 173.0000000 -6.5312500
150.8750000 173.3750000 -6.5625000
150.7500000 173.3750000 -6.5234375
150.7500000 173.5000000 -6.5468750
150.6250000 173.5000000 -6.5390625
150.8750000 173.3750000 -6.5703125
150.5000000 173.1250000 -6.5312500
150.6250000 172.8750000 -6.5156250
149.8750000 173.2500000 -6.4765625
150.2500000 173.1250000 -6.4843750
150.2500000 173.3750000 -6.4843750
150.1250000 173.0000000 -6.4843750
150.0000000 173.2500000 -6.4843750
150.0000000 173.3750000 -6.4765625
150.1250000 173.3750000 -6.4687500
149.8750000 173.1250000 -6.4609375
150.1250000 173.2500000 -6.4921875
150.0000000 173.0000000 -6.4687500
150.2500000 173.1250000 -6.5000000
150.3750000 173.2500000 -6.4843750
150.3750000 173.1250000 -6.4687500
150.5000000 173.1250000 -6.4765625
150.5000000 172.7500000 -6.4531250
150.3750000 173.3750000 -6.4843750
150.5000000 173.1250000 -6.5078125
150.2500000 173.5000000 -6.5156250
150.0000000 173.6250000 -6.5312500
149.8750000 173.5000000 -6.4609375
150.3750000 173.3750000 -6.4765625
150.6250000 173.1250000 -6.5000000
150.1250000 173.3750000 -6.4609375
150.1250000 173.3750000 -6.4921875
150.3750000 173.5000000 -6.4609375
151.5000000 173.1250000 -6.4531250
151.1250000 173.7500000 -6.4843750
151.0000000 174.0000000 -6.4843750
150.6250000 173.7500000 -6.4687500
151.1250000 174.5000000 -6.4375000
150.8750000 174.2500000 -6.4765625
150.7500000 174.1250000 -6.5000000
150.6250000 174.6250000 -6.4843750
150.6250000 174.3750000 -6.4765625
150.8750000 174.8750000 -6.4843750
150.7500000 174.7500000 -6.5078125
150.8750000 175.1250000 -6.5078125
151.0000000 175.5000000 -6.5468750
150.6250000 174.8750000 -6.5000000
150.5000000 174.7500000 -6.4843750
150.5000000 175.2500000 -6.4687500
150.5000000 175.1250000 -6.4609375
150.5000000 175.2500000 -6.4843750
150.3750000 175.3750000 -6.4765625
150.2500000 175.1250000 -6.4609375
150.3750000 175.3750000 -6.4375000
150.7500000 175.8750000 -6.5078125
150.8750000 176.0000000 -6.4921875
151.0000000 175.8750000 -6.5078125
151.0000000 176.6250000 -6.4765625
150.2500000 175.3750000 -6.3984375
150.3750000 176.2500000 -6.3593750
150.7500000 175.8750000 -6.4062500
150.7500000 176.7500000 -6.5000000
150.6250000 176.3750000 -6.5156250
150.6250000 176.8750000 -6.4921875
150.6250000 176.7500000 -6.4453125
150.8750000 177.7500000 -6.4453125
151.0000000 178.1250000 -6.4687500
150.7500000 178.1250000 -6.5000000
150.8750000 177.5000000 -6.5234375
150.7500000 177.7500000 -6.5078125
151.0000000 178.3750000 -6.4765625
150.8750000 178.3750000 -6.4921875
150.8750000 179.1250000 -6.4765625
150.8750000 178.6250000 -6.5078125
150.6250000 179.6250000 -6.4921875
150.7500000 181.3750000 -6.4218750
150.6250000 181.1250000 -6.4375000
150.6250000 181.7500000 -6.4296875
150.5000000 182.1250000 -6.4296875
150.3750000 182.5000000 -6.4218750
150.3750000 183.3750000 -6.4062500
150.5000000 182.0000000 -6.4453125
150.3750000 183.5000000 -6.3906250
150.5000000 182.1250000 -6.4062500
150.2500000 183.3750000 -6.3984375
150.0000000 184.6250000 -6.3750000
150.1250000 184.1250000 -6.3671875
150.1250000 184.8750000 -6.3437500
150.1250000 185.5000000 -6.3281250
150.0000000 185.0000000 -6.3437500
149.8750000 184.8750000 -6.3671875
150.1250000 184.8750000 -6.3593750
150.0000000 184.6250000 -6.3671875
149.7500000 185.6250000 -6.3593750
150.1250000 185.7500000 -6.3359375
150.0000000 186.0000000 -6.3281250
150.0000000 185.1250000 -6.3593750
150.0000000 186.0000000 -6.3281250
150.0000000 186.2500000 -6.3281250
149.8750000 185.8750000 -6.3359375
149.8750000 186.1250000 -6.3359375
149.7500000 187.5000000 -6.2968750
149.6250000 187.1250000 -6.3125000
149.7500000 186.2500000 -6.3359375
149.8750000 186.6250000 -6.3203125
149.5000000 188.2500000 -6.3046875
149.7500000 187.5000000 -6.3125000
149.6250000 187.3750000 -6.3203125
149.8750000 187.5000000 -6.3046875
149.7500000 188.5000000 -6.2734375
149.6250000 189.6250000 -6.2343750
149.6250000 189.3750000 -6.2734375
149.3750000 188.5000000 -6.2734375
149.2500000 189.3750000 -6.2421875
149.2500000 190.3750000 -6.2265625
149.3750000 189.8750000 -6.2500000
149.3750000 190.1250000 -6.2421875
149.3750000 190.6250000 -6.2421875
149.3750000 191.1250000 -6.2031250
149.3750000 191.5000000 -6.2265625
149.5000000 189.8750000 -6.2578125
149.6250000 190.3750000 -6.2578125
149.5000000 190.7500000 -6.2578125
149.3750000 191.1250000 -6.2578125
149.6250000 191.5000000 -6.2187500
149.2500000 192.7500000 -6.2265625
149.6250000 190.6250000 -6.2343750
149.3750000 192.8750000 -6.1875000
149.3750000 192.0000000 -6.2031250
149.3750000 192.1250000 -6.1953125
149.6250000 193.0000000 -6.1875000
149.3750000 195.5000000 -6.2109375
149.2500000 192.5000000 -6.1875000
149.1250000 195.2500000 -6.1562500
148.8750000 196.7500000 -6.1484375
149.1250000 195.2500000 -6.1406250
148.8750000 197.1250000 -6.1328125
149.1250000 197.3750000 -6.1328125
149.0000000 197.5000000 -6.1328125
148.7500000 196.6250000 -6.1328125
148.6250000 197.1250000 -6.1250000
148.5000000 197.2500000 -6.1328125
148.6250000 197.1250000 -6.1250000
148.5000000 197.6250000 -6.1250000
148.5000000 198.2500000 -6.1093750
148.6250000 198.5000000 -6.1093750
148.5000000 198.3750000 -6.1093750
148.5000000 199.0000000 -6.1093750
148.6250000 198.7500000 -6.1015625
148.1250000 199.7500000 -6.0898438
148.2500000 200.1250000 -6.0820312
148.0000000 200.3750000 -6.0976562
148.2500000 200.0000000 -6.1093750
148.1250000 200.5000000 -6.1171875
147.7500000 201.3750000 -6.0937500
147.5000000 202.1250000 -6.0898438
147.7500000 201.5000000 -6.1093750
147.7500000 200.7500000 -6.1093750
148.0000000 201.2500000 -6.1093750
147.7500000 201.8750000 -6.0937500
147.2500000 203.0000000 -6.0976562
147.2500000 204.0000000 -6.0820312
147.1250000 204.7500000 -6.0859375
147.0000000 204.7500000 -6.0820312
147.2500000 204.5000000 -6.0820312
147.6250000 204.5000000 -6.0820312
147.5000000 204.6250000 -6.0820312
147.5000000 205.1250000 -6.0625000
147.3750000 204.6250000 -6.0703125
147.0000000 205.7500000 -6.0468750
147.1250000 205.8750000 -6.0664062
147.0000000 205.8750000 -6.0390625
147.3750000 205.3750000 -6.0546875
147.1250000 206.0000000 -6.0429688
147.2500000 205.6250000 -6.0390625
146.7500000 206.8750000 -6.0195312
146.7500000 206.6250000 -6.0351562
146.5000000 208.2500000 -6.0468750
146.3750000 208.0000000 -6.0234375
146.5000000 207.3750000 -6.0234375
146.1250000 207.8750000 -6.0195312
146.0000000 208.5000000 -6.0312500
146.1250000 208.3750000 -6.0156250
146.0000000 208.6250000 -6.0234375
146.2500000 209.6250000 -6.0625000
145.7500000 211.3750000 -6.0000000
145.7500000 211.5000000 -5.9726562
145.8750000 212.5000000 -5.9570312
145.7500000 213.2500000 -6.0000000
146.0000000 212.8750000 -5.9960938
145.7500000 213.7500000 -5.9765625
145.5000000 213.5000000 -5.9804688
146.3750000 206.7500000 -6.0976562
146.0000000 212.1250000 -6.1015625
151.1250000 211.7500000 -6.1640625
148.0000000 205.8750000 -6.0625000
146.2500000 210.2500000 -6.0664062
145.7500000 212.8750000 -6.0156250
146.2500000 212.3750000 -6.0078125
146.3750000 212.0000000 -6.0078125
146.0000000 213.0000000 -5.9843750
146.0000000 212.1250000 -5.9921875
146.0000000 212.7500000 -6.0117188
146.1250000 213.2500000 -6.0312500
145.7500000 213.6250000 -6.0351562
145.8750000 213.7500000 -6.0234375
146.0000000 213.8750000 -6.0273438
146.1250000 213.6250000 -6.0312500
146.0000000 213.7500000 -6.0117188
145.8750000 213.8750000 -6.0234375
146.7500000 212.2500000 -6.0703125
146.2500000 212.6250000 -6.0625000
146.8750000 212.2500000 -6.0625000
146.1250000 212.3750000 -6.0468750
146.1250000 212.2500000 -6.0546875
146.2500000 212.0000000 -6.0585938
146.1250000 212.6250000 -6.0507812
146.2500000 212.7500000 -6.0625000
146.2500000 213.3750000 -6.0507812
146.0000000 213.2500000 -6.0468750
146.1250000 213.0000000 -6.0507812
146.0000000 212.3750000 -6.0468750
146.1250000 212.0000000 -6.0468750
146.1250000 212.7500000 -6.0546875
146.3750000 212.5000000 -6.0507812
146.1250000 212.7500000 -6.0390625
146.0000000 212.7500000 -6.0507812
146.1250000 212.8750000 -6.0585938
146.2500000 212.5000000 -6.0546875
145.7500000 212.8750000 -6.0390625
146.0000000 212.8750000 -6.0468750
146.3750000 212.8750000 -6.0585938
146.2500000 212.3750000 -6.0664062
146.3750000 212.5000000 -6.0625000
146.0000000 212.8750000 -6.0546875
146.0000000 212.8750000 -6.0351562
146.0000000 213.1250000 -6.0273438
146.2500000 212.6250000 -6.0742188
146.1250000 212.8750000 -6.0429688
146.0000000 212.6250000 -6.0664062
146.2500000 212.7500000 -6.0195312
146.1250000 212.5000000 -6.0234375
146.1250000 212.6250000 -6.0390625
146.1250000 212.5000000 -6.0429688
146.1250000 212.7500000 -6.0507812
146.0000000 212.7500000 -6.0468750
145.8750000 212.7500000 -6.0390625
146.0000000 212.7500000 -6.0468750
146.0000000 212.7500000 -6.0585938
146.0000000 213.1250000 -6.0664062
145.8750000 213.2500000 -6.0703125
145.7500000 213.3750000 -6.0468750
145.6250000 213.3750000 -6.0273438
146.0000000 213.2500000 -6.0429688
146.1250000 213.1250000 -6.0468750
146.1250000 213.5000000 -6.0585938
146.0000000 213.5000000 -6.0546875
146.3750000 213.2500000 -6.0585938
145.7500000 213.3750000 -6.0429688
145.7500000 213.5000000 -6.0312500
146.1250000 213.7500000 -6.0351562
145.7500000 213.7500000 -6.0507812
145.8750000 213.6250000 -6.0390625
145.6250000 213.6250000 -6.0468750
145.7500000 213.7500000 -6.0703125
145.5000000 213.7500000 -6.0664062
145.6250000 213.7500000 -6.0703125
145.6250000 214.0000000 -6.0546875
145.6250000 214.2500000 -6.0546875
145.7500000 214.5000000 -6.0585938
145.8750000 214.8750000 -6.0546875
145.7500000 214.8750000 -6.0507812
145.6250000 215.2500000 -6.0507812
145.8750000 215.1250000 -6.0625000
145.7500000 215.5000000 -6.0546875
145.6250000 215.1250000 -6.0585938
145.5000000 214.8750000 -6.0585938
145.7500000 214.8750000 -6.0390625
145.7500000 214.8750000 -6.0625000
145.8750000 215.1250000 -6.0390625
145.7500000 215.1250000 -6.0429688
145.7500000 215.2500000 -6.0468750
145.6250000 215.0000000 -6.0664062
145.5000000 215.5000000 -6.0546875
145.2500000 215.5000000 -6.0546875
145.2500000 215.5000000 -6.0546875
145.2500000 215.5000000 -6.0429688
145.5000000 215.3750000 -6.0585938
145.3750000 215.7500000 -6.0585938
145.5000000 216.0000000 -6.0859375
145.2500000 216.0000000 -6.0546875
145.5000000 216.2500000 -6.0585938
145.2500000 215.7500000 -6.0351562
145.3750000 215.7500000 -6.0312500
145.2500000 215.3750000 -6.0351562
145.3750000 215.2500000 -6.0390625
145.5000000 215.5000000 -6.0312500
145.3750000 216.2500000 -6.0859375
145.3750000 215.8750000 -6.0703125
145.1250000 216.1250000 -6.0664062
145.1250000 216.0000000 -6.0664062
145.3750000 216.2500000 -6.0585938
145.2500000 216.2500000 -6.0507812
145.2500000 216.7500000 -6.0468750
145.2500000 216.7500000 -6.0507812
145.3750000 216.5000000 -6.0625000
145.1250000 216.5000000 -6.0546875
145.2500000 216.5000000 -6.0781250
145.2500000 216.3750000 -6.0859375
145.2500000 216.6250000 -6.0585938
145.2500000 216.2500000 -6.0429688
145.3750000 215.8750000 -6.0625000
145.2500000 216.2500000 -6.0625000
145.3750000 216.2500000 -6.0546875
145.2500000 216.3750000 -6.0546875
145.3750000 216.5000000 -6.0585938
145.3750000 216.8750000 -6.0585938
145.3750000 216.3750000 -6.0546875
145.3750000 216.3750000 -6.0742188
145.3750000 216.2500000 -6.0703125
145.2500000 216.5000000 -6.0195312
145.0000000 216.2500000 -6.0039062
145.1250000 217.1250000 -6.0117188
144.8750000 216.6250000 -6.0039062
144.8750000 216.7500000 -6.0000000
145.1250000 216.8750000 -6.0234375
145.1250000 216.6250000 -6.0156250
145.1250000 216.6250000 -6.0039062
145.2500000 217.0000000 -6.0156250
145.2500000 217.5000000 -6.0234375
145.2500000 217.2500000 -6.0390625
145.5000000 217.2500000 -6.0625000
145.3750000 217.3750000 -6.0390625
145.2500000 217.2500000 -6.0312500
145.3750000 217.2500000 -6.0468750
145.2500000 217.3750000 -6.0273438
145.2500000 217.2500000 -6.0156250
145.1250000 217.2500000 -5.9960938
145.1250000 217.8750000 -5.9960938
145.0000000 218.1250000 -5.9765625
145.0000000 218.3750000 -5.9492188
145.0000000 218.3750000 -5.9453125
145.0000000 218.1250000 -5.9492188
145.2500000 219.3750000 -5.9375000
145.2500000 219.8750000 -5.9257812
145.6250000 218.7500000 -5.9648438
145.3750000 220.1250000 -5.9140625
145.5000000 219.8750000 -5.9257812
145.3750000 219.8750000 -5.9062500
145.1250000 219.3750000 -5.9023438
145.3750000 220.6250000 -5.8593750
145.3750000 220.6250000 -5.8984375
145.6250000 221.0000000 -5.8710938
145.2500000 220.7500000 -5.8789062
145.3750000 220.8750000 -5.8867188
145.5000000 221.5000000 -5.8789062
145.2500000 221.1250000 -5.8945312
145.3750000 221.2500000 -5.8945312
145.2500000 221.7500000 -5.8554688
145.2500000 221.3750000 -5.8710938
145.2500000 221.7500000 -5.8554688
145.5000000 222.6250000 -5.8515625
145.2500000 221.1250000 -5.8632812
145.5000000 222.1250000 -5.8710938
145.5000000 222.7500000 -5.8281250
145.6250000 222.8750000 -5.8398438
145.5000000 223.0000000 -5.8164062
145.8750000 224.1250000 -5.8007812
145.8750000 224.1250000 -5.7851562
145.7500000 224.1250000 -5.8007812
146.0000000 224.7500000 -5.8046875
146.1250000 225.0000000 -5.7734375
146.3750000 225.3750000 -5.7539062
146.3750000 226.7500000 -5.7343750
146.3750000 226.1250000 -5.7500000
146.6250000 227.0000000 -5.7421875
146.5000000 227.0000000 -5.7187500
146.7500000 227.7500000 -5.7226562
146.5000000 228.2500000 -5.6875000
146.3750000 227.0000000 -5.7148438
146.2500000 228.0000000 -5.6640625
146.7500000 229.0000000 -5.6445312
146.2500000 228.8750000 -5.6406250
146.0000000 227.6250000 -5.6406250
146.3750000 228.6250000 -5.5859375
146.2500000 228.8750000 -5.5507812
146.1250000 229.1250000 -5.5625000
146.5000000 229.6250000 -5.5742188
146.0000000 229.5000000 -5.5585938
146.3750000 229.7500000 -5.5585938
146.0000000 231.1250000 -5.5273438
145.6250000 231.1250000 -5.5039062
145.2500000 231.0000000 -5.5000000
145.5000000 231.6250000 -5.4804688
145.0000000 231.2500000 -5.5000000
144.8750000 231.2500000 -5.4843750
145.3750000 231.8750000 -5.4960938
144.7500000 232.1250000 -5.4765625
143.7500000 232.6250000 -5.4648438
144.5000000 232.1250000 -5.4648438
144.0000000 232.3750000 -5.4648438
144.2500000 232.7500000 -5.4687500
144.2500000 232.6250000 -5.4648438
143.5000000 231.7500000 -5.4492188
143.8750000 232.3750000 -5.4453125
144.1250000 231.7500000 -5.4218750
144.1250000 232.2500000 -5.4140625
144.3750000 232.7500000 -5.4062500
144.2500000 232.5000000 -5.3984375
143.3750000 233.6250000 -5.3906250
143.3750000 232.8750000 -5.3906250
143.0000000 233.3750000 -5.3984375
142.6250000 234.8750000 -5.3867188
143.2500000 233.7500000 -5.4257812
141.7500000 234.5000000 -5.3867188
141.6250000 235.6250000 -5.3945312
141.1250000 235.5000000 -5.3906250
140.6250000 236.5000000 -5.3789062
140.7500000 236.0000000 -5.3750000
140.7500000 236.5000000 -5.4023438
140.1250000 237.0000000 -5.3593750
140.7500000 236.7500000 -5.3750000
139.8750000 237.2500000 -5.3476562
139.2500000 237.8750000 -5.3281250
139.0000000 237.5000000 -5.3203125
139.5000000 237.6250000 -5.3164062
137.6250000 238.5000000 -5.2851562
138.3750000 238.3750000 -5.3007812
137.7500000 238.2500000 -5.2929688
139.0000000 237.7500000 -5.3085938
137.6250000 238.3750000 -5.3046875
137.1250000 238.3750000 -5.2773438
136.3750000 238.3750000 -5.2773438
137.2500000 238.6250000 -5.2851562
136.3750000 238.8750000 -5.2695312
135.3750000 239.1250000 -5.2617188
135.8750000 239.2500000 -5.2265625
136.0000000 239.7500000 -5.2539062
135.5000000 239.7500000 -5.2382812
135.2500000 239.5000000 -5.2187500
134.7500000 239.8750000 -5.2148438
134.3750000 239.8750000 -5.2070312
133.7500000 239.6250000 -5.2109375
131.7500000 240.0000000 -5.1757812
132.1250000 239.6250000 -5.1835938
133.5000000 239.6250000 -5.2070312
133.1250000 239.5000000 -5.1992188
134.1250000 239.3750000 -5.2109375
132.2500000 239.7500000 -5.1914062
133.2500000 239.5000000 -5.1992188
131.7500000 239.5000000 -5.1757812
131.3750000 240.0000000 -5.1679688
130.7500000 239.6250000 -5.1523438
132.2500000 239.5000000 -5.1835938
131.6250000 239.7500000 -5.1679688
130.8750000 239.6250000 -5.1757812
130.5000000 240.1250000 -5.1914062
128.8750000 240.3750000 -5.1757812
130.0000000 240.0000000 -5.1757812
129.3750000 239.8750000 -5.1601562
129.3750000 239.3750000 -5.1445312
128.6250000 239.3750000 -5.1445312
129.1250000 239.7500000 -5.1445312
128.2500000 239.6250000 -5.1328125
129.3750000 239.6250000 -5.1562500
126.6875000 239.8750000 -5.1054688
128.0000000 239.5000000 -5.1406250
128.1250000 239.3750000 -5.1367188
127.0625000 239.5000000 -5.1132812
127.8750000 239.5000000 -5.1328125
126.1250000 239.6250000 -5.0976562
127.7500000 239.5000000 -5.1210938
127.2500000 239.7500000 -5.1210938
123.6875000 239.5000000 -5.1289062
126.3125000 240.0000000 -5.1015625
130.8750000 254.7500000 -5.5156250
125.2500000 239.6250000 -5.0898438
124.5000000 239.6250000 -5.0898438
124.6875000 239.7500000 -5.0976562
123.1250000 239.5000000 -5.1132812
122.1250000 239.3750000 -5.0976562
123.6875000 239.7500000 -5.0625000
122.9375000 239.7500000 -5.0429688
122.7500000 239.5000000 -5.0546875
122.8125000 239.5000000 -5.0585938
121.3125000 239.3750000 -5.0234375
122.1250000 239.2500000 -5.0312500
120.9375000 239.7500000 -5.0468750
123.8750000 247.0000000 -5.2812500
121.7500000 239.5000000 -5.0312500
118.6875000 239.7500000 -4.9882812
120.1250000 239.5000000 -5.0429688
119.6875000 239.3750000 -5.0390625
119.1250000 239.5000000 -5.0273438
119.8125000 239.6250000 -5.0195312
118.9375000 239.7500000 -5.0039062
119.2500000 239.6250000 -5.0078125
118.5625000 239.6250000 -4.9960938
117.5625000 239.2500000 -5.0000000
117.9375000 239.6250000 -4.9843750
116.1250000 239.5000000 -4.9140625
118.9375000 240.0000000 -4.9765625
118.5000000 239.6250000 -4.9843750
116.9375000 239.5000000 -4.9570312
116.6875000 239.5000000 -4.9726562
117.1250000 239.7500000 -4.9492188
116.0625000 239.5000000 -4.9492188
116.3750000 239.6250000 -4.9414062
115.8750000 239.7500000 -4.9335938
115.5000000 239.3750000 -4.9375000
115.3125000 239.5000000 -4.9335938
115.0625000 239.5000000 -4.9179688
114.3125000 239.2500000 -4.9179688
114.2500000 239.1250000 -4.9101562
115.1250000 239.0000000 -4.9101562
114.3125000 240.6250000 -4.9296875
113.5000000 239.0000000 -4.9062500
113.1250000 239.0000000 -4.8945312
113.2500000 239.1250000 -4.8828125
111.6875000 239.0000000 -4.8632812
112.0625000 239.3750000 -4.8828125
111.4375000 239.3750000 -4.8671875
110.6875000 244.3750000 -5.0468750
111.6875000 239.1250000 -4.8554688
112.1250000 239.1250000 -4.8515625
110.6875000 242.0000000 -4.9023438
111.0625000 239.1250000 -4.8593750
110.3750000 238.7500000 -4.8164062
111.0000000 245.3750000 -5.0625000
109.8125000 238.8750000 -4.8164062
109.6250000 238.7500000 -4.8085938
109.5000000 238.8750000 -4.8046875
109.4375000 238.7500000 -4.8085938
109.1875000 238.7500000 -4.8164062
108.7500000 238.6250000 -4.7851562
108.8125000 238.6250000 -4.7773438
108.4375000 238.6250000 -4.7773438
108.1250000 238.7500000 -4.7460938
107.3750000 238.3750000 -4.7734375
107.0625000 238.3750000 -4.7617188
106.8750000 238.3750000 -4.7265625
106.1875000 238.1250000 -4.7382812
106.9375000 238.3750000 -4.7539062
106.6250000 238.1250000 -4.7578125
105.6875000 238.2500000 -4.7617188
104.8125000 238.1250000 -4.7382812
105.5625000 237.8750000 -4.7656250
104.5625000 238.0000000 -4.7460938
105.5625000 238.1250000 -4.7617188
103.9375000 237.8750000 -4.7460938
104.2500000 237.8750000 -4.7617188
104.1250000 237.7500000 -4.7695312
103.5000000 237.6250000 -4.7656250
104.1250000 237.6250000 -4.7460938
102.8125000 237.5000000 -4.7539062
103.7500000 237.7500000 -4.7382812
102.6875000 237.6250000 -4.7343750
102.6250000 237.5000000 -4.7382812
102.8125000 237.7500000 -4.7265625
101.0000000 237.2500000 -4.7265625
102.1875000 237.8750000 -4.6992188
102.3125000 238.2500000 -4.6601562
101.5000000 237.7500000 -4.7031250
101.3750000 237.6250000 -4.7343750
99.9375000 236.7500000 -4.7382812
100.1875000 236.8750000 -4.7265625
100.6250000 237.1250000 -4.7265625
99.1250000 236.6250000 -4.7421875
100.4375000 236.8750000 -4.7382812
99.5000000 236.3750000 -4.7500000
99.1875000 236.3750000 -4.7578125
99.1875000 236.7500000 -4.7460938
97.8125000 236.0000000 -4.7265625
99.0000000 236.6250000 -4.7304688
98.8125000 236.5000000 -4.7304688
96.9375000 235.5000000 -4.7617188
97.9375000 236.2500000 -4.7460938
96.5000000 235.5000000 -4.7656250
96.2500000 235.2500000 -4.7656250
96.3750000 235.5000000 -4.7539062
95.5625000 235.1250000 -4.7617188
96.0000000 235.5000000 -4.7617188
95.7500000 235.2500000 -4.7578125
95.5625000 235.0000000 -4.7578125
94.8750000 234.7500000 -4.7734375
94.3750000 234.2500000 -4.7851562
94.8750000 234.6250000 -4.7656250
94.8125000 235.0000000 -4.7617188
93.8125000 234.5000000 -4.7968750
94.0000000 234.3750000 -4.7890625
93.8750000 233.8750000 -4.7812500
93.6250000 233.8750000 -4.7890625
93.3125000 233.7500000 -4.7929688
93.1250000 233.2500000 -4.8007812
93.0000000 233.3750000 -4.8085938
92.6875000 233.1250000 -4.8242188
92.3750000 232.7500000 -4.8281250
92.6875000 233.1250000 -4.8164062
92.3750000 233.0000000 -4.8320312
92.3125000 233.1250000 -4.8359375
92.0625000 232.8750000 -4.8515625
91.7500000 233.0000000 -4.8515625
91.6250000 233.1250000 -4.8632812
90.3750000 232.6250000 -4.8984375
89.8125000 232.0000000 -4.9101562
89.7500000 232.0000000 -4.9218750
89.1250000 231.3750000 -4.9335938
88.7500000 230.8750000 -4.9414062
89.1250000 231.2500000 -4.9335938
87.5000000 230.0000000 -4.9609375
87.4375000 230.2500000 -4.9570312
87.1875000 230.1250000 -4.9687500
86.7500000 229.3750000 -4.9648438
86.9375000 229.7500000 -4.9765625
88.1250000 230.3750000 -5.0000000
87.3125000 230.1250000 -4.9726562
86.8125000 229.6250000 -4.9804688
86.9375000 229.6250000 -4.9648438
86.4375000 229.3750000 -5.0000000
86.7500000 229.6250000 -4.9921875
86.7500000 229.8750000 -4.9882812
86.8750000 229.7500000 -4.9843750
86.6250000 229.8750000 -4.9843750
86.8750000 229.6250000 -4.9687500
86.6250000 229.6250000 -4.9648438
86.1250000 229.2500000 -4.9648438
85.9375000 229.1250000 -4.9687500
85.5000000 228.6250000 -4.9765625
86.1875000 229.3750000 -4.9648438
85.0000000 228.0000000 -4.9765625
85.5625000 228.5000000 -4.9804688
84.4375000 227.1250000 -4.9296875
84.4375000 227.2500000 -4.9726562
83.6875000 226.0000000 -4.9414062
83.1250000 225.7500000 -4.9492188
83.0625000 225.3750000 -4.9218750
82.7500000 225.0000000 -4.9335938
82.9375000 225.2500000 -4.9335938
82.0625000 224.1250000 -4.9140625
82.5000000 224.6250000 -4.9023438
82.1250000 224.1250000 -4.8945312
81.4375000 223.2500000 -4.8906250
81.1250000 222.6250000 -4.8359375
81.8750000 224.1250000 -4.9023438
81.4375000 222.8750000 -4.8945312
82.2500000 224.2500000 -4.9140625
82.0625000 224.1250000 -4.9296875
81.9375000 223.8750000 -4.9296875
82.2500000 224.0000000 -4.9296875
81.6875000 223.1250000 -4.8671875
81.1875000 222.8750000 -4.8984375
81.5000000 222.6250000 -4.8867188
81.6250000 223.2500000 -4.8945312
81.5000000 223.5000000 -4.9218750
81.1250000 222.1250000 -4.8632812
81.0625000 222.1250000 -4.8593750
80.8750000 221.7500000 -4.8710938
80.5000000 220.6250000 -4.8554688
80.7500000 221.5000000 -4.8632812
80.5000000 220.7500000 -4.8671875
80.0625000 219.8750000 -4.8476562
80.4375000 220.6250000 -4.8320312
79.9375000 219.7500000 -4.8359375
80.3125000 220.5000000 -4.8476562
79.4375000 218.7500000 -4.8437500
79.8750000 219.7500000 -4.8437500
79.6875000 218.8750000 -4.8281250
79.5625000 219.2500000 -4.8359375
79.2500000 218.3750000 -4.8164062
79.0000000 217.0000000 -4.7421875
79.0000000 217.8750000 -4.8320312
79.2500000 218.2500000 -4.8085938
78.9375000 217.1250000 -4.7929688
78.6250000 216.5000000 -4.7812500
78.8125000 217.3750000 -4.8125000
78.6250000 216.6250000 -4.8164062
78.3750000 216.2500000 -4.7890625
78.1875000 215.7500000 -4.7968750
78.2500000 216.0000000 -4.7929688
78.3125000 216.0000000 -4.8085938
78.1875000 215.6250000 -4.7968750
78.3750000 216.0000000 -4.7929688
78.6250000 216.1250000 -4.8398438
78.5625000 215.7500000 -4.8164062
78.3750000 214.7500000 -4.7929688
78.1875000 214.7500000 -4.7695312
78.1875000 214.5000000 -4.7617188
78.3125000 214.7500000 -4.8125000
77.8750000 214.0000000 -4.7578125
78.0625000 213.7500000 -4.7734375
77.8125000 213.5000000 -4.7812500
77.8125000 213.5000000 -4.7421875
77.7500000 213.3750000 -4.7773438
77.6250000 213.0000000 -4.7500000
77.3125000 212.1250000 -4.7617188
77.1250000 211.1250000 -4.7304688
77.0625000 211.2500000 -4.7070312
77.0000000 211.0000000 -4.7578125
76.9375000 210.1250000 -4.7031250
76.8750000 210.2500000 -4.7265625
76.6250000 209.6250000 -4.7070312
76.7500000 209.2500000 -4.6835938
76.7500000 209.2500000 -4.7031250
76.7500000 209.5000000 -4.6875000
76.6250000 209.2500000 -4.6992188
76.4375000 208.5000000 -4.6914062
76.5000000 209.3750000 -4.6914062
76.3125000 208.5000000 -4.6562500
76.0625000 207.5000000 -4.6367188
76.2500000 208.6250000 -4.6679688
76.0000000 207.3750000 -4.6562500
76.2500000 207.8750000 -4.6484375
76.1250000 207.8750000 -4.6718750
75.9375000 207.3750000 -4.6484375
75.7500000 206.5000000 -4.6367188
75.7500000 206.2500000 -4.6367188
75.7500000 205.8750000 -4.6171875
75.8750000 206.1250000 -4.6289062
76.0000000 207.0000000 -4.6484375
75.6875000 205.3750000 -4.6015625
75.6875000 205.6250000 -4.6289062
75.5625000 205.5000000 -4.6328125
75.3125000 204.3750000 -4.5898438
75.3750000 204.5000000 -4.5976562
75.3750000 204.2500000 -4.6289062
74.9375000 202.5000000 -4.5937500
74.8125000 202.6250000 -4.6132812
75.0625000 202.6250000 -4.6054688
75.0000000 202.5000000 -4.5820312
75.1250000 202.6250000 -4.5898438
75.0000000 202.7500000 -4.5937500
74.6875000 202.1250000 -4.5781250
74.6250000 202.3750000 -4.5976562
74.9375000 203.2500000 -4.5937500
74.6875000 201.8750000 -4.5585938
74.0625000 200.1250000 -4.4921875
74.2500000 202.0000000 -4.5742188
74.0625000 201.2500000 -4.6093750
73.6875000 200.5000000 -4.6093750
73.2500000 200.0000000 -4.6093750
73.5000000 200.1250000 -4.6289062
73.3750000 200.0000000 -4.6640625
72.9375000 198.6250000 -4.6484375
72.5625000 198.1250000 -4.6445312
72.9375000 198.3750000 -4.6523438
72.5000000 198.2500000 -4.6367188
72.6875000 198.5000000 -4.6640625
72.3125000 198.1250000 -4.6718750
72.3750000 198.2500000 -4.6835938
72.1875000 198.3750000 -4.6875000
71.5625000 198.1250000 -4.6640625
71.4375000 197.8750000 -4.6406250
70.6250000 197.2500000 -4.6601562
70.3125000 197.3750000 -4.6679688
70.6250000 197.6250000 -4.6562500
70.3125000 197.3750000 -4.6601562
70.7500000 197.5000000 -4.6132812
70.5625000 197.6250000 -4.6289062
70.2500000 197.2500000 -4.6406250
70.6875000 197.3750000 -4.6875000
71.0000000 197.5000000 -4.6640625
70.6250000 197.5000000 -4.6640625
70.8125000 197.3750000 -4.6484375
70.5625000 197.3750000 -4.6914062
69.9375000 196.7500000 -4.7031250
69.4375000 196.0000000 -4.6953125
69.0000000 195.7500000 -4.6992188
68.6875000 195.7500000 -4.7031250
68.8125000 195.8750000 -4.7148438
68.5000000 195.7500000 -4.7109375
67.7500000 195.5000000 -4.7265625
67.9375000 195.7500000 -4.7187500
67.8750000 195.8750000 -4.7226562
67.8125000 195.8750000 -4.7070312
66.8750000 195.6250000 -4.7226562
66.0000000 195.2500000 -4.6796875
66.3125000 195.2500000 -4.6875000
65.5625000 194.8750000 -4.6953125
66.0625000 195.2500000 -4.6601562
66.0625000 195.2500000 -4.6562500
65.6875000 195.2500000 -4.6718750
65.5000000 195.3750000 -4.7031250
65.2500000 195.0000000 -4.6523438
64.6875000 194.6250000 -4.6445312
64.5625000 194.3750000 -4.6640625
64.5625000 194.2500000 -4.6718750
63.8437500 194.0000000 -4.6367188
64.0625000 193.8750000 -4.6171875
63.9687500 193.6250000 -4.6328125
63.8750000 193.5000000 -4.6093750
64.0625000 193.6250000 -4.6054688
63.5937500 193.2500000 -4.5937500
63.5625000 193.1250000 -4.6093750
62.9062500 192.3750000 -4.5820312
62.6562500 192.2500000 -4.5703125
62.7500000 191.8750000 -4.5937500
62.5312500 192.0000000 -4.5585938
62.6562500 191.7500000 -4.5664062
61.9687500 190.7500000 -4.5546875
61.9375000 190.6250000 -4.5507812
62.2500000 191.2500000 -4.5859375
62.2187500 191.5000000 -4.5664062
61.9375000 191.0000000 -4.5507812
61.6250000 190.8750000 -4.5390625
61.5312500 190.3750000 -4.5507812
61.1250000 190.1250000 -4.5390625
61.0312500 190.3750000 -4.5312500
61.0625000 190.0000000 -4.5351562
60.7187500 189.3750000 -4.5546875
60.8437500 190.1250000 -4.5742188
60.3750000 189.0000000 -4.5781250
60.5000000 189.6250000 -4.5859375
59.9687500 188.6250000 -4.5585938
59.9687500 188.7500000 -4.5625000
59.7187500 188.8750000 -4.5625000
59.2187500 188.6250000 -4.5898438
59.5000000 188.5000000 -4.5898438
59.5312500 187.8750000 -4.5664062
58.8437500 186.8750000 -4.5546875
59.2500000 187.5000000 -4.5585938
58.8437500 187.2500000 -4.5625000
59.1875000 187.2500000 -4.5742188
58.3437500 186.3750000 -4.5468750
58.5625000 187.1250000 -4.5625000
58.1875000 186.0000000 -4.5585938
58.0312500 186.6250000 -4.5625000
57.9687500 186.1250000 -4.5664062
58.0937500 186.3750000 -4.5585938
57.3125000 185.1250000 -4.5468750
57.2500000 185.2500000 -4.5703125
56.6875000 185.0000000 -4.5625000
56.8437500 184.7500000 -4.5664062
56.4687500 184.3750000 -4.5742188
56.4062500 184.1250000 -4.5546875
56.5000000 184.0000000 -4.5664062
56.2187500 183.6250000 -4.5976562
56.1875000 184.2500000 -4.5703125
55.3750000 183.7500000 -4.5312500
55.6562500 183.7500000 -4.5195312
55.8437500 184.5000000 -4.5429688
55.8750000 184.0000000 -4.5898438
56.0625000 183.7500000 -4.5742188
56.0000000 184.5000000 -4.5742188
56.0937500 184.0000000 -4.5664062
56.0937500 183.5000000 -4.5859375
56.4375000 184.0000000 -4.5664062
55.8125000 183.7500000 -4.5468750
56.0625000 183.8750000 -4.5742188
56.0625000 184.6250000 -4.5781250
55.5625000 182.7500000 -4.5312500
55.9687500 180.3750000 -4.4843750
55.9062500 180.5000000 -4.4179688
55.4375000 182.8750000 -4.4960938
55.8125000 183.3750000 -4.5937500
56.3750000 184.6250000 -4.5429688
56.1875000 183.8750000 -4.5625000
56.2500000 185.0000000 -4.5859375
56.7187500 185.6250000 -4.5781250
56.6562500 184.8750000 -4.5781250
57.1250000 185.3750000 -4.5468750
56.1250000 184.7500000 -4.5625000
56.8437500 184.8750000 -4.5156250
56.6250000 185.3750000 -4.5429688
57.3750000 186.0000000 -4.5390625
56.4375000 185.5000000 -4.5468750
56.4687500 185.5000000 -4.5468750
56.2187500 185.6250000 -4.5507812
56.3437500 185.5000000 -4.5429688
56.0312500 185.3750000 -4.5351562
55.6875000 186.1250000 -4.5546875
54.9062500 186.6250000 -4.5664062
54.5937500 186.2500000 -4.5664062
52.9375000 188.3750000 -4.5898438
54.6875000 188.3750000 -4.5585938
53.4375000 188.7500000 -4.5937500
54.5000000 189.7500000 -4.5937500
54.5625000 189.1250000 -4.5859375
54.1562500 190.0000000 -4.5820312
55.1562500 189.7500000 -4.5742188
54.8750000 189.6250000 -4.5859375
54.7187500 188.3750000 -4.5742188
53.9062500 186.5000000 -4.5625000
53.8750000 186.8750000 -4.5664062
54.0625000 186.2500000 -4.5585938
54.1562500 187.7500000 -4.5507812
55.9375000 189.6250000 -4.5937500
55.2187500 189.1250000 -4.5742188
57.1562500 190.3750000 -4.5820312
55.1250000 190.6250000 -4.5585938
54.3125000 190.6250000 -4.5390625
56.0000000 191.8750000 -4.5976562
55.8125000 190.0000000 -4.5781250
57.6250000 190.3750000 -4.5546875
56.7500000 189.3750000 -4.5312500
56.5937500 189.2500000 -4.5664062
57.1250000 189.3750000 -4.5625000
58.3437500 190.8750000 -4.5664062
57.7187500 190.2500000 -4.5703125
58.7187500 191.1250000 -4.5781250
58.8125000 190.8750000 -4.5820312
58.4062500 190.5000000 -4.5625000
59.4062500 190.8750000 -4.5664062
58.7187500 190.7500000 -4.5742188
59.0937500 191.1250000 -4.5859375
59.5000000 191.7500000 -4.6054688
59.7812500 191.5000000 -4.5976562
60.1250000 191.5000000 -4.6093750
59.9687500 191.8750000 -4.5859375
59.8750000 191.7500000 -4.5976562
60.0937500 191.8750000 -4.6171875
60.0937500 192.2500000 -4.5976562
61.0937500 192.3750000 -4.6132812
60.5312500 192.5000000 -4.6132812
60.7812500 193.0000000 -4.6210938
61.9375000 193.3750000 -4.6171875
61.5937500 193.0000000 -4.6250000
62.1875000 193.3750000 -4.6445312
62.0937500 193.7500000 -4.6406250
61.8437500 193.3750000 -4.6171875
61.6250000 193.1250000 -4.5625000
62.0312500 193.3750000 -4.5468750
61.8750000 193.6250000 -4.6054688
63.1250000 193.8750000 -4.6328125
62.8750000 193.7500000 -4.6406250
62.5625000 193.7500000 -4.6445312
63.3750000 193.8750000 -4.6523438
63.7500000 194.2500000 -4.6562500
64.3750000 194.6250000 -4.6796875
65.1875000 195.1250000 -4.6914062
65.0000000 194.7500000 -4.6953125
64.7500000 194.7500000 -4.6953125
64.6875000 194.2500000 -4.7031250
65.5000000 194.2500000 -4.6796875
65.1875000 194.2500000 -4.6796875
65.8125000 195.0000000 -4.7226562
65.8750000 195.1250000 -4.7265625
66.3125000 195.1250000 -4.7617188
66.4375000 195.1250000 -4.7265625
66.1875000 194.7500000 -4.7382812
66.1250000 194.5000000 -4.7265625
66.5625000 194.8750000 -4.7226562
67.0000000 196.0000000 -4.7109375
67.0000000 195.7500000 -4.7148438
67.0625000 196.8750000 -4.6992188
67.1875000 197.0000000 -4.7187500
67.0000000 195.5000000 -4.7109375
65.9375000 194.5000000 -4.7109375
67.3125000 194.3750000 -4.6289062
68.1250000 196.0000000 -4.6718750
68.0000000 195.7500000 -4.6406250
68.5000000 195.3750000 -4.5859375
69.1250000 195.6250000 -4.5898438
69.3125000 196.0000000 -4.6250000
69.8125000 196.5000000 -4.6093750
70.1250000 197.0000000 -4.6289062
69.8125000 196.0000000 -4.5585938
70.1875000 196.8750000 -4.6054688
70.3750000 197.2500000 -4.6015625
70.2500000 197.0000000 -4.6367188
70.4375000 197.6250000 -4.6562500
70.6875000 197.7500000 -4.6484375
70.8125000 198.2500000 -4.6679688
70.9375000 197.8750000 -4.6718750
71.1250000 198.0000000 -4.6484375
71.0625000 198.3750000 -4.6914062
71.5625000 198.6250000 -4.6875000
71.6250000 198.2500000 -4.6953125
72.3125000 198.8750000 -4.6835938
72.3750000 199.2500000 -4.6992188
72.8125000 199.5000000 -4.6914062
72.4375000 199.0000000 -4.7031250
72.2500000 199.0000000 -4.6914062
72.8125000 199.3750000 -4.6875000
72.6875000 198.6250000 -4.6757812
73.0000000 199.2500000 -4.6640625
72.9375000 199.2500000 -4.6796875
73.3125000 199.7500000 -4.6328125
73.3125000 200.7500000 -4.6093750
74.0000000 201.5000000 -4.6523438
74.4375000 201.8750000 -4.6757812
74.2500000 202.2500000 -4.6679688
74.5000000 201.7500000 -4.6484375
74.6250000 202.6250000 -4.6562500
74.6250000 203.3750000 -4.6250000
74.7500000 203.5000000 -4.6132812
74.7500000 204.0000000 -4.6250000
74.3750000 203.7500000 -4.5937500
74.9375000 204.7500000 -4.6054688
74.7500000 204.2500000 -4.5976562
75.0625000 205.0000000 -4.5976562
75.1875000 205.1250000 -4.5898438
75.0625000 204.7500000 -4.5976562
75.3750000 205.3750000 -4.5898438
75.6875000 206.5000000 -4.6054688
75.6875000 206.8750000 -4.5898438
75.8125000 207.1250000 -4.5937500
75.6875000 206.8750000 -4.6093750
75.6250000 206.8750000 -4.6054688
75.7500000 207.6250000 -4.6289062
75.4375000 206.8750000 -4.6171875
75.8125000 207.8750000 -4.6328125
75.6875000 207.8750000 -4.6406250
76.1875000 208.7500000 -4.6250000
76.4375000 209.5000000 -4.6093750
76.3125000 209.6250000 -4.6289062
76.4375000 210.3750000 -4.6484375
76.4375000 210.2500000 -4.6328125
76.8125000 211.2500000 -4.6406250
76.8125000 211.3750000 -4.6406250
76.4375000 210.3750000 -4.6601562
76.6875000 211.2500000 -4.6640625
76.8125000 211.2500000 -4.6601562
76.6875000 211.0000000 -4.6796875
77.0000000 211.5000000 -4.6445312
76.9375000 211.8750000 -4.6484375
77.0625000 212.3750000 -4.6328125
77.0625000 213.0000000 -4.6601562
77.0625000 212.5000000 -4.6601562
77.2500000 212.2500000 -4.6718750
77.2500000 212.7500000 -4.6679688
77.1250000 212.8750000 -4.6796875
77.3125000 213.7500000 -4.6914062
77.3750000 213.8750000 -4.6757812
77.3750000 213.7500000 -4.6718750
77.3750000 214.5000000 -4.6953125
77.6875000 215.3750000 -4.6914062
77.8125000 215.7500000 -4.7109375
77.7500000 215.5000000 -4.7226562
77.7500000 215.7500000 -4.7460938
77.9375000 216.1250000 -4.7578125
78.0625000 216.1250000 -4.7421875
78.0000000 216.8750000 -4.7734375
77.9375000 215.7500000 -4.6953125
77.8750000 216.0000000 -4.7226562
77.9375000 216.5000000 -4.7500000
77.9375000 216.3750000 -4.7226562
78.1250000 216.8750000 -4.7382812
77.8125000 216.1250000 -4.7304688
77.7500000 216.1250000 -4.7460938
78.3125000 217.1250000 -4.7500000
78.4375000 217.7500000 -4.7695312
79.0000000 218.8750000 -4.7890625
79.0625000 219.2500000 -4.8007812
79.1250000 219.1250000 -4.8242188
79.6875000 220.1250000 -4.8242188
79.6875000 220.6250000 -4.8398438
80.1250000 220.8750000 -4.8398438
80.0625000 221.1250000 -4.8476562
79.8750000 220.6250000 -4.8359375
79.9375000 221.1250000 -4.8320312
79.7500000 220.5000000 -4.8242188
79.9375000 220.8750000 -4.8203125
79.8750000 220.6250000 -4.8320312
80.1875000 221.3750000 -4.8242188
79.9375000 221.2500000 -4.8359375
80.5000000 221.7500000 -4.8203125
80.5000000 221.8750000 -4.8359375
80.2500000 221.5000000 -4.8281250
80.3125000 221.6250000 -4.8242188
80.6875000 221.8750000 -4.8125000
80.7500000 222.3750000 -4.8359375
81.4375000 223.1250000 -4.8632812
81.3125000 223.1250000 -4.8476562
81.6250000 224.1250000 -4.8867188
81.5625000 223.7500000 -4.8789062
82.0000000 223.2500000 -4.8476562
83.0000000 224.7500000 -4.9062500
83.1875000 226.0000000 -4.9218750
82.9375000 225.3750000 -4.9179688
83.3125000 225.7500000 -4.9218750
83.3750000 225.8750000 -4.9335938
82.8750000 225.3750000 -4.9296875
83.5625000 226.1250000 -4.9023438
84.0000000 226.6250000 -4.9179688
84.5000000 227.0000000 -4.9140625
84.5000000 227.2500000 -4.9023438
84.1250000 226.5000000 -4.9218750
84.1875000 226.7500000 -4.9335938
83.9375000 226.6250000 -4.9179688
84.0625000 226.8750000 -4.9375000
84.1250000 226.8750000 -4.9257812
84.0625000 227.0000000 -4.9335938
85.1250000 227.7500000 -4.9218750
85.2500000 227.8750000 -4.9257812
84.8750000 227.7500000 -4.9335938
85.1250000 228.0000000 -4.9375000
85.5000000 228.3750000 -4.9296875
85.5000000 228.5000000 -4.9296875
86.2500000 229.0000000 -4.9453125
86.2500000 229.2500000 -4.9335938
86.7500000 229.0000000 -4.9335938
87.3750000 229.8750000 -4.9218750
87.7500000 230.8750000 -4.9179688
88.1875000 230.5000000 -4.9140625
87.8750000 230.2500000 -4.9062500
89.0000000 231.2500000 -4.9140625
88.6875000 230.8750000 -4.9101562
89.0000000 231.1250000 -4.9140625
88.9375000 231.3750000 -4.9023438
89.0000000 231.1250000 -4.9062500
89.5000000 231.2500000 -4.8984375
89.1250000 231.2500000 -4.9101562
89.3125000 231.5000000 -4.8984375
89.6250000 231.7500000 -4.8828125
90.3750000 232.5000000 -4.8828125
89.7500000 231.7500000 -4.8867188
90.4375000 232.1250000 -4.8671875
90.3750000 232.1250000 -4.8632812
90.7500000 232.1250000 -4.8515625
90.8125000 232.6250000 -4.8515625
91.1875000 232.7500000 -4.8476562
91.1875000 233.0000000 -4.8398438
91.6250000 233.0000000 -4.8593750
92.2500000 233.2500000 -4.8398438
92.7500000 233.8750000 -4.8203125
92.9375000 233.3750000 -4.7929688
92.9375000 233.2500000 -4.7890625
93.5000000 233.3750000 -4.7812500
93.8125000 233.7500000 -4.7812500
94.3750000 233.7500000 -4.7851562
95.1250000 234.2500000 -4.7734375
94.8125000 234.1250000 -4.7773438
97.1250000 235.0000000 -4.7695312
96.3750000 235.1250000 -4.7851562
96.5625000 235.0000000 -4.7968750
96.3125000 234.6250000 -4.7812500
96.0000000 234.5000000 -4.7578125
95.0625000 234.3750000 -4.7578125
95.2500000 234.6250000 -4.7421875
96.3125000 235.1250000 -4.7343750
97.6250000 235.7500000 -4.7148438
96.5625000 235.3750000 -4.7500000
97.3125000 235.7500000 -4.7109375
97.5000000 235.6250000 -4.7304688
97.7500000 236.1250000 -4.7265625
97.5625000 235.8750000 -4.7421875
97.7500000 236.2500000 -4.7343750
99.1250000 236.5000000 -4.7226562
100.5625000 236.8750000 -4.7343750
99.9375000 236.5000000 -4.7265625
100.8750000 236.7500000 -4.7304688
100.5625000 237.0000000 -4.7226562
100.5000000 236.7500000 -4.7226562
101.1250000 236.7500000 -4.7539062
100.8125000 237.0000000 -4.7265625
100.0000000 236.6250000 -4.7109375
100.1875000 236.5000000 -4.7226562
100.8750000 237.1250000 -4.6875000
101.0625000 237.5000000 -4.6953125
100.7500000 237.3750000 -4.7148438
101.3750000 237.5000000 -4.6992188
102.2500000 237.8750000 -4.7226562
102.8125000 238.1250000 -4.7226562
103.1250000 238.0000000 -4.7500000
102.9375000 237.7500000 -4.7304688
102.8125000 238.0000000 -4.7343750
102.6875000 238.1250000 -4.7265625
104.1250000 238.5000000 -4.7460938
103.5625000 238.2500000 -4.7539062
103.9375000 238.1250000 -4.7578125
103.8125000 238.0000000 -4.7500000
104.1250000 238.3750000 -4.7421875
104.0000000 238.2500000 -4.7500000
105.8750000 238.3750000 -4.7851562
105.8125000 238.5000000 -4.7851562
106.1250000 238.7500000 -4.7773438
105.5625000 238.6250000 -4.7656250
106.2500000 238.5000000 -4.7734375
105.9375000 238.7500000 -4.7656250
106.9375000 238.8750000 -4.7656250
107.9375000 239.6250000 -4.7617188
108.8750000 239.0000000 -4.7968750
108.7500000 239.7500000 -4.7656250
108.5000000 239.3750000 -4.8085938
107.8750000 239.3750000 -4.7656250
110.4375000 239.5000000 -4.8281250
109.3125000 239.3750000 -4.7851562
110.0000000 239.8750000 -4.7929688
110.1875000 239.6250000 -4.8007812
110.5625000 239.7500000 -4.8046875
110.1875000 239.8750000 -4.8203125
111.5625000 240.0000000 -4.8281250
110.9375000 239.5000000 -4.8085938
110.8125000 239.6250000 -4.8242188
111.7500000 239.6250000 -4.8242188
111.5625000 240.0000000 -4.8320312
110.8750000 239.6250000 -4.8398438
111.5000000 239.5000000 -4.8164062
112.8750000 239.6250000 -4.8632812
113.3125000 239.8750000 -4.8710938
112.7500000 239.8750000 -4.8437500
113.3125000 239.8750000 -4.8554688
115.3750000 240.1250000 -4.8984375
114.3750000 240.0000000 -4.8750000
113.3750000 240.0000000 -4.8710938
114.3750000 240.1250000 -4.8867188
113.5000000 240.0000000 -4.8515625
114.4375000 239.8750000 -4.9023438
115.1250000 240.0000000 -4.8867188
114.8125000 240.0000000 -4.8945312
116.3125000 240.2500000 -4.9218750
116.3125000 240.0000000 -4.9023438
116.7500000 240.0000000 -4.9335938
115.8750000 239.8750000 -4.8789062
117.0625000 239.8750000 -4.9296875
117.9375000 239.5000000 -4.9296875
117.1250000 240.0000000 -4.9140625
117.0625000 240.1250000 -4.9453125
118.4375000 239.6250000 -4.9453125
118.7500000 240.0000000 -4.9375000
119.9375000 240.0000000 -4.9882812
118.9375000 239.7500000 -4.9570312
118.6250000 239.8750000 -4.9414062
120.1875000 239.8750000 -4.9765625
119.7500000 239.7500000 -4.9726562
119.2500000 239.8750000 -4.9687500
119.8750000 239.7500000 -4.9882812
121.7500000 239.7500000 -5.0195312
120.3750000 239.6250000 -4.9804688
120.8125000 239.6250000 -4.9921875
119.3125000 239.8750000 -4.9257812
120.3125000 239.5000000 -4.9609375
122.1875000 239.7500000 -5.0312500
121.5000000 239.5000000 -4.9726562
122.7500000 239.6250000 -5.0195312
122.6875000 239.7500000 -5.0195312
123.0000000 239.5000000 -4.9960938
123.9375000 239.7500000 -5.0273438
123.7500000 239.7500000 -5.0507812
123.8750000 239.3750000 -5.0468750
124.5625000 239.5000000 -5.0625000
124.6875000 239.5000000 -5.0507812
125.6250000 239.3750000 -5.0664062
124.8125000 239.6250000 -5.0820312
123.3750000 239.6250000 -5.0156250
125.7500000 239.5000000 -5.0781250
125.8750000 239.1250000 -5.0546875
124.4375000 239.6250000 -5.0507812
126.8125000 239.6250000 -5.1093750
126.1875000 239.2500000 -5.0781250
127.0625000 239.5000000 -5.0937500
127.6875000 239.5000000 -5.0976562
126.8750000 239.7500000 -5.0859375
127.1250000 239.7500000 -5.1015625
127.3750000 239.7500000 -5.1054688
128.7500000 239.6250000 -5.1289062
128.5000000 239.2500000 -5.1132812
129.5000000 239.8750000 -5.1523438
128.5000000 239.7500000 -5.1367188
129.0000000 239.6250000 -5.1289062
130.6250000 240.2500000 -5.1914062
129.6250000 239.8750000 -5.1835938
131.6250000 240.3750000 -5.2031250
131.7500000 239.8750000 -5.2070312
130.3750000 240.0000000 -5.1601562
130.7500000 240.0000000 -5.1914062
130.6250000 240.0000000 -5.1835938
132.2500000 240.0000000 -5.2226562
132.0000000 239.8750000 -5.2265625
132.2500000 239.6250000 -5.2031250
132.3750000 239.6250000 -5.2187500
132.8750000 239.8750000 -5.2187500
133.1250000 239.6250000 -5.2187500
133.1250000 239.7500000 -5.2226562
133.0000000 239.5000000 -5.2304688
134.2500000 239.5000000 -5.2148438
133.7500000 239.5000000 -5.2031250
134.5000000 239.5000000 -5.2187500
134.8750000 239.6250000 -5.2265625
136.1250000 239.2500000 -5.2109375
135.2500000 239.2500000 -5.2304688
135.7500000 239.3750000 -5.2070312
136.1250000 239.3750000 -5.2226562
135.5000000 239.3750000 -5.2187500
135.5000000 238.8750000 -5.2500000
136.2500000 239.2500000 -5.2031250
136.5000000 239.6250000 -5.2148438
136.8750000 239.1250000 -5.1992188
137.2500000 239.1250000 -5.2031250
137.0000000 239.2500000 -5.2265625
137.5000000 239.2500000 -5.2265625
137.6250000 239.1250000 -5.1953125
137.0000000 239.5000000 -5.2460938
137.6250000 239.1250000 -5.2382812
137.2500000 239.1250000 -5.2343750
138.0000000 239.2500000 -5.2734375
138.8750000 239.0000000 -5.2578125
138.8750000 239.3750000 -5.2460938
139.3750000 239.1250000 -5.2773438
139.6250000 239.1250000 -5.2890625
139.8750000 238.8750000 -5.3046875
140.8750000 239.0000000 -5.2968750
140.5000000 239.1250000 -5.2695312
141.0000000 239.2500000 -5.2812500
141.8750000 238.7500000 -5.2890625
141.8750000 238.7500000 -5.2773438
142.5000000 238.8750000 -5.2734375
142.7500000 238.7500000 -5.2851562
143.0000000 238.5000000 -5.2812500
141.6250000 239.0000000 -5.2500000
143.5000000 238.7500000 -5.2812500
142.7500000 239.0000000 -5.2890625
143.6250000 239.0000000 -5.3046875
144.8750000 238.8750000 -5.3164062
145.3750000 238.7500000 -5.3281250
144.6250000 238.6250000 -5.2929688
144.8750000 238.6250000 -5.2812500
146.1250000 238.7500000 -5.3281250
146.1250000 238.6250000 -5.3320312
145.2500000 238.6250000 -5.3125000
146.6250000 238.5000000 -5.3554688
147.3750000 238.1250000 -5.3906250
147.3750000 238.3750000 -5.3554688
147.3750000 238.3750000 -5.3906250
148.2500000 238.2500000 -5.3828125
148.2500000 237.8750000 -5.3945312
148.6250000 238.3750000 -5.3906250
148.8750000 238.1250000 -5.4023438
148.1250000 238.1250000 -5.3789062
149.5000000 238.0000000 -5.4375000
150.0000000 237.8750000 -5.4179688
150.1250000 238.1250000 -5.4140625
149.6250000 237.8750000 -5.4335938
150.3750000 237.8750000 -5.4453125
149.3750000 238.0000000 -5.4218750
151.5000000 237.5000000 -5.4843750
151.8750000 237.5000000 -5.4687500
151.0000000 237.7500000 -5.4492188
153.1250000 237.3750000 -5.4882812
152.1250000 237.5000000 -5.4648438
151.8750000 238.0000000 -5.4531250
152.1250000 237.8750000 -5.4531250
153.7500000 237.5000000 -5.4804688
152.6250000 237.8750000 -5.4570312
154.6250000 237.6250000 -5.5039062
154.3750000 237.5000000 -5.4882812
152.2500000 238.0000000 -5.4531250
155.7500000 237.2500000 -5.5000000
155.0000000 237.8750000 -5.4687500
155.5000000 237.2500000 -5.5117188
155.3750000 237.1250000 -5.5351562
154.2500000 237.3750000 -5.4960938
156.2500000 237.5000000 -5.5078125
156.2500000 237.8750000 -5.4960938
157.6250000 237.1250000 -5.5390625
157.0000000 236.8750000 -5.5429688
157.0000000 236.7500000 -5.5429688
157.5000000 237.2500000 -5.5429688
157.6250000 237.1250000 -5.5312500
158.2500000 236.7500000 -5.5585938
158.5000000 236.2500000 -5.5703125
158.1250000 236.6250000 -5.5507812
159.0000000 237.0000000 -5.5664062
158.5000000 237.1250000 -5.5585938
159.8750000 236.8750000 -5.6054688
160.2500000 237.0000000 -5.5937500
159.7500000 237.0000000 -5.5976562
160.5000000 237.5000000 -5.5976562
160.2500000 237.2500000 -5.6093750
159.7500000 237.0000000 -5.5898438
161.3750000 237.1250000 -5.6210938
161.8750000 237.2500000 -5.6132812
161.8750000 237.2500000 -5.6210938
162.1250000 237.2500000 -5.6367188
162.3750000 237.3750000 -5.6171875
162.0000000 236.8750000 -5.6250000
163.2500000 237.0000000 -5.6367188
162.3750000 236.8750000 -5.6054688
164.0000000 237.3750000 -5.6601562
164.3750000 237.3750000 -5.6757812
163.5000000 237.2500000 -5.6406250
164.6250000 237.6250000 -5.6718750
165.2500000 237.3750000 -5.6992188
164.8750000 237.2500000 -5.6679688
165.3750000 237.5000000 -5.6835938
165.7500000 237.1250000 -5.7070312
166.1250000 236.8750000 -5.7109375
165.7500000 237.3750000 -5.7070312
166.0000000 237.0000000 -5.7187500
166.1250000 237.2500000 -5.7265625
166.6250000 237.0000000 -5.7265625
167.8750000 237.7500000 -5.7773438
166.5000000 237.0000000 -5.7226562
168.3750000 237.6250000 -5.8203125
168.2500000 237.5000000 -5.8046875
167.7500000 237.3750000 -5.7812500
168.6250000 238.0000000 -5.8242188
168.6250000 237.8750000 -5.8203125
169.3750000 237.7500000 -5.8671875
169.3750000 237.5000000 -5.8476562
169.6250000 237.5000000 -5.8671875
170.2500000 238.0000000 -5.8593750
170.5000000 237.8750000 -5.8867188
170.6250000 237.7500000 -5.8789062
171.2500000 237.7500000 -5.9140625
171.3750000 238.0000000 -5.9101562
172.3750000 237.7500000 -5.9414062
171.8750000 237.7500000 -5.9218750
171.3750000 237.7500000 -5.9101562
171.7500000 237.7500000 -5.9179688
172.1250000 237.7500000 -5.9296875
171.6250000 237.3750000 -5.9101562
173.8750000 237.5000000 -6.0078125
173.1250000 237.7500000 -5.9804688
173.2500000 237.7500000 -5.9609375
174.1250000 237.5000000 -6.0000000
174.2500000 237.5000000 -6.0078125
174.6250000 237.7500000 -6.0234375
174.1250000 237.3750000 -5.9921875
175.0000000 237.2500000 -6.0234375
174.7500000 237.3750000 -6.0273438
175.3750000 237.7500000 -6.0390625
176.6250000 238.6250000 -6.0781250
175.0000000 236.8750000 -6.0390625
176.6250000 237.7500000 -6.1562500
176.5000000 238.2500000 -6.1328125
175.2500000 237.7500000 -6.0507812
176.0000000 237.6250000 -6.0664062
178.2500000 237.5000000 -6.1250000
176.8750000 238.1250000 -6.1171875
178.2500000 237.6250000 -6.1484375
177.7500000 239.0000000 -6.1250000
177.5000000 238.1250000 -6.1250000
176.8750000 238.5000000 -6.1171875
178.2500000 238.0000000 -6.1250000
177.6250000 238.3750000 -6.1093750
178.6250000 238.0000000 -6.1484375
178.8750000 239.2500000 -6.1640625
179.5000000 239.2500000 -6.1796875
179.8750000 239.0000000 -6.1796875
180.2500000 239.3750000 -6.1953125
180.3750000 239.1250000 -6.2031250
180.8750000 239.2500000 -6.1953125
180.2500000 238.7500000 -6.1875000
181.1250000 239.5000000 -6.2109375
181.3750000 239.7500000 -6.2265625
181.3750000 240.3750000 -6.2109375
180.7500000 238.8750000 -6.2109375
181.8750000 239.1250000 -6.2500000
181.8750000 240.2500000 -6.2421875
181.3750000 240.3750000 -6.2031250
182.0000000 240.3750000 -6.2421875
182.3750000 239.5000000 -6.2578125
182.6250000 240.8750000 -6.3125000
182.8750000 239.7500000 -6.2968750
182.6250000 240.6250000 -6.3125000
183.7500000 240.5000000 -6.3359375
183.5000000 241.3750000 -6.3281250
183.0000000 240.5000000 -6.3125000
183.5000000 240.6250000 -6.3906250
183.1250000 242.2500000 -6.3593750
183.3750000 240.8750000 -6.3828125
183.3750000 242.0000000 -6.3984375
183.5000000 241.6250000 -6.3593750
183.3750000 242.1250000 -6.3906250
183.3750000 241.7500000 -6.3515625
183.6250000 242.6250000 -6.3828125
183.6250000 243.0000000 -6.3984375
183.8750000 242.1250000 -6.3828125
183.6250000 242.5000000 -6.3906250
183.6250000 244.7500000 -6.3828125
183.6250000 244.8750000 -6.3750000
184.0000000 245.1250000 -6.3828125
184.1250000 244.7500000 -6.3593750
183.7500000 245.0000000 -6.3671875
183.8750000 246.6250000 -6.3437500
183.8750000 246.3750000 -6.3671875
184.0000000 246.8750000 -6.3593750
183.8750000 246.8750000 -6.3671875
183.5000000 247.8750000 -6.3593750
183.5000000 246.2500000 -6.3359375
183.5000000 248.6250000 -6.3437500
183.6250000 248.1250000 -6.3515625
183.5000000 247.7500000 -6.3515625
183.2500000 249.5000000 -6.3359375
183.5000000 250.8750000 -6.3437500
183.7500000 249.6250000 -6.3281250
183.7500000 250.3750000 -6.3359375
183.3750000 250.3750000 -6.3437500
183.7500000 250.5000000 -6.3359375
182.8750000 251.8750000 -6.3046875
183.3750000 252.6250000 -6.3046875
183.5000000 252.0000000 -6.3203125
183.3750000 252.0000000 -6.3281250
183.5000000 253.7500000 -6.3203125
183.6250000 253.1250000 -6.3125000
183.6250000 253.2500000 -6.3125000
183.7500000 255.2500000 -6.3281250
183.5000000 254.5000000 -6.3281250
183.8750000 254.5000000 -6.3437500
183.5000000 253.5000000 -6.2890625
183.7500000 255.5000000 -6.3125000
183.7500000 254.5000000 -6.3125000
183.5000000 253.2500000 -6.3437500
183.8750000 255.7500000 -6.3359375
183.5000000 256.0000000 -6.3125000
183.6250000 256.5000000 -6.3203125
180.8750000 269.0000000 -6.6640625
183.8750000 256.5000000 -6.2890625
183.3750000 255.0000000 -6.2812500
184.1250000 254.5000000 -6.2890625
183.6250000 257.5000000 -6.3203125
183.6250000 255.2500000 -6.2968750
183.7500000 256.0000000 -6.3203125
183.7500000 257.7500000 -6.3203125
183.7500000 257.0000000 -6.3203125
183.6250000 257.5000000 -6.3125000
183.5000000 258.5000000 -6.3125000
183.6250000 258.7500000 -6.3046875
183.5000000 259.7500000 -6.3281250
183.6250000 259.5000000 -6.2968750
183.7500000 260.0000000 -6.3046875
183.0000000 261.2500000 -6.2968750
182.8750000 255.5000000 -6.2500000
183.0000000 255.2500000 -6.2343750
183.2500000 259.0000000 -6.3046875
183.5000000 260.2500000 -6.3203125
183.2500000 259.5000000 -6.2890625
183.3750000 262.5000000 -6.2968750
183.1250000 262.2500000 -6.3046875
183.2500000 260.0000000 -6.3125000
183.5000000 261.7500000 -6.3203125
183.5000000 260.0000000 -6.3281250
183.5000000 262.5000000 -6.3203125
183.5000000 263.5000000 -6.3203125
183.5000000 262.5000000 -6.3281250
183.5000000 264.2500000 -6.3281250
183.2500000 264.0000000 -6.3203125
183.2500000 262.7500000 -6.3203125
183.3750000 263.2500000 -6.3203125
183.1250000 262.0000000 -6.3125000
183.5000000 262.5000000 -6.3046875
183.2500000 264.0000000 -6.3203125
183.1250000 264.5000000 -6.3125000
183.0000000 263.5000000 -6.3281250
183.3750000 262.5000000 -6.3203125
183.0000000 264.7500000 -6.3203125
183.6250000 269.7500000 -6.3203125
183.3750000 265.0000000 -6.3359375
183.5000000 264.7500000 -6.3515625
183.7500000 265.5000000 -6.3593750
183.2500000 266.0000000 -6.3281250
183.6250000 266.7500000 -6.3515625
184.0000000 265.7500000 -6.3515625
183.8750000 267.0000000 -6.3671875
183.3750000 266.5000000 -6.3515625
183.8750000 269.0000000 -6.3593750
184.0000000 267.7500000 -6.3593750
184.0000000 269.7500000 -6.3750000
184.0000000 270.0000000 -6.3906250
184.1250000 268.0000000 -6.3671875
183.8750000 270.5000000 -6.3515625
183.7500000 270.7500000 -6.3750000
183.6250000 271.5000000 -6.3750000
184.1250000 272.2500000 -6.3906250
183.8750000 270.5000000 -6.3906250
183.6250000 272.0000000 -6.4296875
184.2500000 270.7500000 -6.3984375
184.1250000 271.2500000 -6.3906250
184.0000000 272.0000000 -6.3906250
183.2500000 272.5000000 -6.3750000
183.8750000 272.0000000 -6.4140625
184.1250000 273.0000000 -6.3984375
184.0000000 272.2500000 -6.3828125
184.0000000 274.0000000 -6.3984375
184.2500000 274.5000000 -6.4062500
184.0000000 274.5000000 -6.3984375
184.5000000 275.0000000 -6.3984375
184.0000000 275.7500000 -6.3906250
183.8750000 277.0000000 -6.3984375
184.0000000 276.0000000 -6.4062500
184.0000000 276.0000000 -6.3984375
183.8750000 277.5000000 -6.3984375
184.0000000 276.2500000 -6.3984375
183.8750000 278.2500000 -6.4140625
184.1250000 277.2500000 -6.4140625
183.8750000 277.2500000 -6.3984375
183.8750000 278.5000000 -6.4218750
183.8750000 276.7500000 -6.3984375
184.0000000 279.2500000 -6.4140625
184.0000000 278.2500000 -6.4140625
183.8750000 277.7500000 -6.4140625
184.2500000 279.7500000 -6.4218750
183.8750000 279.0000000 -6.3984375
183.8750000 279.2500000 -6.4140625
183.8750000 279.0000000 -6.4296875
184.1250000 278.5000000 -6.4062500
183.6250000 282.2500000 -6.4218750
183.8750000 279.2500000 -6.4062500
183.6250000 280.7500000 -6.4062500
183.7500000 279.7500000 -6.3906250
183.6250000 281.2500000 -6.3828125
183.6250000 281.2500000 -6.4062500
183.7500000 281.2500000 -6.4062500
183.6250000 281.7500000 -6.3984375
183.5000000 282.5000000 -6.3984375
183.6250000 282.5000000 -6.3984375
183.7500000 282.5000000 -6.3984375
183.6250000 283.5000000 -6.4218750
183.7500000 283.5000000 -6.4218750
183.5000000 284.5000000 -6.4218750
183.6250000 284.0000000 -6.4062500
183.5000000 285.7500000 -6.4218750
183.5000000 284.2500000 -6.3828125
183.6250000 286.2500000 -6.4296875
183.6250000 287.7500000 -6.4531250
183.3750000 286.7500000 -6.4375000
183.3750000 287.7500000 -6.4609375
183.5000000 286.5000000 -6.4296875
183.3750000 289.7500000 -6.5078125
183.3750000 288.2500000 -6.4765625
183.3750000 288.0000000 -6.4453125
183.6250000 286.0000000 -6.4296875
183.5000000 286.5000000 -6.4375000
183.2500000 286.7500000 -6.4531250
183.2500000 288.0000000 -6.4453125
183.3750000 286.7500000 -6.4609375
183.3750000 286.7500000 -6.4531250
183.3750000 288.0000000 -6.4531250
183.2500000 288.5000000 -6.4531250
183.1250000 289.7500000 -6.4687500
182.6250000 288.7500000 -6.4687500
183.3750000 288.5000000 -6.4531250
183.0000000 290.7500000 -6.4921875
183.0000000 289.7500000 -6.5000000
182.7500000 290.2500000 -6.5078125
182.7500000 290.5000000 -6.5000000
183.2500000 292.0000000 -6.5000000
182.8750000 292.0000000 -6.5156250
183.2500000 289.5000000 -6.4375000
183.5000000 293.0000000 -6.4921875
183.3750000 291.7500000 -6.4921875
183.1250000 289.7500000 -6.4765625
183.2500000 292.5000000 -6.5156250
183.3750000 292.0000000 -6.5078125
183.2500000 289.7500000 -6.4609375
183.3750000 293.5000000 -6.5390625
183.2500000 291.5000000 -6.4921875
183.3750000 294.7500000 -6.5156250
183.2500000 291.7500000 -6.5000000
183.3750000 292.0000000 -6.5078125
183.5000000 293.5000000 -6.5156250
183.3750000 292.2500000 -6.4765625
183.5000000 293.7500000 -6.5312500
183.3750000 294.7500000 -6.5468750
183.2500000 295.2500000 -6.5468750
183.6250000 294.7500000 -6.5156250
183.5000000 294.7500000 -6.5234375
183.3750000 298.0000000 -6.5859375
183.6250000 298.2500000 -6.5546875
183.2500000 299.0000000 -6.5859375
183.2500000 300.2500000 -6.5625000
183.3750000 299.7500000 -6.5937500
183.0000000 298.7500000 -6.5859375
183.1250000 299.5000000 -6.6015625
183.1250000 297.7500000 -6.5859375
183.2500000 299.7500000 -6.6171875
183.5000000 299.7500000 -6.5781250
183.5000000 300.0000000 -6.6015625
183.5000000 300.2500000 -6.6015625
183.2500000 300.5000000 -6.5703125
183.2500000 300.5000000 -6.5859375
183.2500000 301.0000000 -6.6171875
183.0000000 301.5000000 -6.6484375
183.1250000 301.0000000 -6.6171875
183.2500000 300.7500000 -6.6171875
183.1250000 300.0000000 -6.6015625
183.1250000 300.5000000 -6.6250000
183.1250000 301.5000000 -6.6328125
183.2500000 301.7500000 -6.6328125
183.5000000 302.0000000 -6.6328125
183.1250000 302.7500000 -6.6484375
183.3750000 302.0000000 -6.6015625
182.7500000 302.7500000 -6.6406250
183.0000000 304.0000000 -6.6406250
183.6250000 304.0000000 -6.6093750
183.1250000 304.0000000 -6.6250000
183.2500000 304.7500000 -6.6484375
183.0000000 306.0000000 -6.6875000
183.5000000 305.0000000 -6.6484375
183.2500000 305.7500000 -6.6406250
183.1250000 306.5000000 -6.6484375
183.0000000 306.7500000 -6.6484375
183.1250000 307.5000000 -6.6640625
183.3750000 307.7500000 -6.6562500
183.3750000 307.2500000 -6.6718750
183.2500000 307.5000000 -6.6640625
183.0000000 307.5000000 -6.6640625
183.1250000 306.7500000 -6.6484375
183.0000000 309.2500000 -6.6718750
183.1250000 308.2500000 -6.6718750
183.2500000 308.2500000 -6.6875000
183.0000000 309.2500000 -6.6796875
183.1250000 309.7500000 -6.6953125
183.2500000 310.2500000 -6.7109375
183.1250000 309.0000000 -6.6796875
183.2500000 310.7500000 -6.6796875
183.1250000 311.7500000 -6.7265625
183.2500000 311.0000000 -6.7187500
183.2500000 312.5000000 -6.7031250
183.5000000 313.0000000 -6.7343750
183.3750000 313.5000000 -6.7343750
183.8750000 313.5000000 -6.7421875
183.5000000 314.0000000 -6.7656250
184.0000000 315.0000000 -6.8125000
183.3750000 313.2500000 -6.7500000
183.8750000 313.5000000 -6.7890625
183.7500000 314.7500000 -6.8281250
183.2500000 313.7500000 -6.7265625
183.5000000 315.7500000 -6.7734375
183.3750000 314.7500000 -6.7734375
183.6250000 314.2500000 -6.7890625
183.7500000 315.7500000 -6.7890625
183.7500000 315.2500000 -6.8203125
183.8750000 317.2500000 -6.7968750
183.7500000 315.5000000 -6.8046875
184.0000000 316.2500000 -6.7656250
184.0000000 318.2500000 -6.8046875
183.5000000 316.7500000 -6.7890625
183.3750000 316.2500000 -6.7812500
183.6250000 316.7500000 -6.7812500
183.5000000 315.7500000 -6.7890625
184.1250000 318.0000000 -6.8046875
183.6250000 317.0000000 -6.7578125
183.5000000 318.0000000 -6.8515625
183.6250000 322.0000000 -6.8593750
183.5000000 321.7500000 -6.8359375
183.3750000 320.7500000 -6.8281250
183.5000000 319.7500000 -6.8359375
183.1250000 321.7500000 -6.8203125
183.1250000 321.7500000 -6.8281250
183.3750000 322.0000000 -6.8515625
183.1250000 321.2500000 -6.8515625
183.7500000 321.2500000 -6.8750000
184.0000000 321.0000000 -6.8281250
183.7500000 320.2500000 -6.8359375
183.7500000 321.0000000 -6.8828125
183.6250000 321.2500000 -6.8437500
183.6250000 321.2500000 -6.8281250
183.7500000 323.0000000 -6.9062500
183.5000000 323.0000000 -6.8593750
183.7500000 324.7500000 -6.9140625
183.7500000 325.2500000 -6.8671875
183.6250000 325.0000000 -6.8671875
183.1250000 324.5000000 -6.8671875
183.2500000 325.2500000 -6.8750000
183.5000000 325.0000000 -6.8671875
183.3750000 325.0000000 -6.9140625
183.2500000 325.2500000 -6.8906250
183.1250000 326.5000000 -6.8906250
183.0000000 326.0000000 -6.8437500
183.1250000 325.5000000 -6.8671875
183.1250000 326.7500000 -6.9140625
182.8750000 326.0000000 -6.8750000
183.5000000 326.0000000 -6.8828125
183.1250000 326.0000000 -6.8828125
183.1250000 327.7500000 -6.9296875
183.1250000 327.5000000 -6.8750000
183.1250000 328.2500000 -6.8750000
184.1250000 327.2500000 -6.8515625
183.7500000 328.5000000 -6.8437500
183.5000000 330.0000000 -6.9296875
184.1250000 329.0000000 -6.9218750
183.3750000 328.7500000 -6.9140625
183.7500000 330.0000000 -6.8671875
183.2500000 330.2500000 -6.9296875
182.7500000 331.7500000 -6.9609375
183.5000000 331.0000000 -6.8984375
182.1250000 329.7500000 -6.9140625
183.3750000 330.0000000 -6.8125000
182.6250000 332.0000000 -6.8906250
182.2500000 332.7500000 -6.8125000
182.2500000 332.2500000 -6.8203125
182.2500000 333.2500000 -6.8750000
181.7500000 333.5000000 -6.8828125
181.6250000 334.7500000 -6.8906250
181.5000000 334.2500000 -6.8125000
181.8750000 334.2500000 -6.8437500
181.5000000 335.2500000 -6.7812500
181.3750000 334.2500000 -6.7968750
181.0000000 334.0000000 -6.7656250
181.0000000 335.7500000 -6.7578125
182.2500000 333.2500000 -6.6796875
179.8750000 334.5000000 -6.6484375
179.7500000 335.2500000 -6.6171875
179.7500000 335.0000000 -6.6171875
179.3750000 335.0000000 -6.6093750
179.0000000 334.5000000 -6.6484375
178.8750000 336.2500000 -6.6640625
178.8750000 334.7500000 -6.5625000
178.7500000 335.2500000 -6.5703125
181.5000000 340.0000000 -6.5781250
178.0000000 335.2500000 -6.4375000
176.8750000 336.0000000 -6.4609375
177.6250000 335.5000000 -6.4140625
176.6250000 336.0000000 -6.4453125
181.8750000 339.7500000 -6.5859375
175.1250000 335.5000000 -6.3828125
175.6250000 336.0000000 -6.4218750
176.0000000 337.0000000 -6.4921875
175.6250000 335.5000000 -6.4062500
179.7500000 339.7500000 -6.5390625
175.0000000 336.0000000 -6.4062500
179.5000000 339.5000000 -6.4296875
175.2500000 335.5000000 -6.3906250
173.7500000 335.7500000 -6.3046875
175.0000000 335.7500000 -6.3750000
181.2500000 345.5000000 -6.5390625
174.6250000 335.7500000 -6.3671875
174.6250000 335.7500000 -6.3125000
174.3750000 336.0000000 -6.3593750
174.5000000 336.2500000 -6.3750000
173.5000000 336.0000000 -6.3750000
174.0000000 336.0000000 -6.4062500
174.2500000 336.2500000 -6.3984375
172.3750000 336.0000000 -6.3046875
171.3750000 335.7500000 -6.2656250
172.5000000 336.5000000 -6.2578125
170.2500000 335.7500000 -6.2265625
169.6250000 336.0000000 -6.2031250
171.3750000 336.0000000 -6.2109375
169.8750000 336.0000000 -6.2500000
170.1250000 336.2500000 -6.2734375
168.1250000 336.0000000 -6.1406250
168.1250000 336.0000000 -6.1484375
168.7500000 336.0000000 -6.1562500
169.5000000 335.5000000 -6.1640625
167.0000000 335.7500000 -6.0468750
173.3750000 340.7500000 -6.2265625
166.5000000 336.2500000 -6.1406250
167.3750000 336.0000000 -6.0273438
168.7500000 336.0000000 -6.1796875
168.0000000 335.7500000 -6.1250000
166.6250000 336.0000000 -6.1484375
166.3750000 336.0000000 -6.1250000
168.6250000 338.7500000 -6.1015625
164.2500000 335.5000000 -6.0234375
164.8750000 336.2500000 -6.0898438
167.8750000 336.7500000 -6.0898438
165.7500000 336.0000000 -6.1171875
165.7500000 335.7500000 -6.1171875
165.5000000 335.2500000 -6.0390625
165.2500000 335.5000000 -6.0898438
167.8750000 339.7500000 -6.1406250
165.3750000 336.0000000 -6.1484375
164.5000000 335.5000000 -6.0703125
162.8750000 335.2500000 -6.0195312
163.7500000 335.5000000 -6.0390625
166.2500000 340.7500000 -6.1093750
162.8750000 335.5000000 -5.9765625
162.0000000 335.0000000 -6.0468750
162.0000000 335.5000000 -6.0156250
162.6250000 336.0000000 -6.0156250
163.0000000 335.0000000 -6.0546875
161.2500000 334.7500000 -6.0273438
160.7500000 335.2500000 -5.9960938
159.6250000 335.0000000 -5.9687500
167.0000000 348.5000000 -6.1328125
159.8750000 335.5000000 -5.9023438
158.6250000 335.2500000 -5.9375000
161.2500000 342.5000000 -5.9687500
159.7500000 335.5000000 -5.9609375
157.5000000 335.5000000 -5.9140625
160.2500000 337.0000000 -5.8867188
159.3750000 335.2500000 -5.9843750
158.5000000 336.5000000 -5.8554688
157.3750000 335.2500000 -5.8984375
157.5000000 338.2500000 -5.8085938
162.2500000 341.7500000 -5.9882812
156.8750000 336.0000000 -5.8828125
156.0000000 336.0000000 -5.8320312
157.1250000 335.2500000 -5.9062500
156.2500000 336.5000000 -5.8710938
162.1250000 348.2500000 -6.0703125
159.0000000 345.7500000 -5.9726562
156.7500000 335.0000000 -5.8945312
156.2500000 335.0000000 -5.8828125
156.7500000 335.7500000 -5.9882812
155.3750000 336.7500000 -6.0117188
150.5000000 339.2500000 -6.1015625
149.8750000 340.2500000 -6.1718750
150.3750000 339.5000000 -6.1875000
150.1250000 343.7500000 -6.5156250
147.0000000 339.7500000 -6.1796875
148.7500000 341.2500000 -6.3125000
155.6250000 342.7500000 -6.2265625
154.1250000 339.0000000 -6.2265625
153.1250000 339.5000000 -6.2343750
149.1250000 338.2500000 -6.1093750
150.0000000 340.0000000 -6.2187500
153.3750000 337.5000000 -6.0898438
151.3750000 337.2500000 -6.0312500
151.5000000 335.7500000 -5.9101562
153.8750000 336.5000000 -5.9843750
150.7500000 336.7500000 -5.9140625
153.5000000 336.5000000 -5.9531250
153.5000000 336.5000000 -5.9179688
151.5000000 336.0000000 -5.8476562
152.0000000 336.5000000 -5.8632812
152.5000000 337.5000000 -6.0156250
148.6250000 339.5000000 -6.0625000
148.5000000 340.0000000 -6.1406250
147.5000000 339.0000000 -6.0585938
149.2500000 337.5000000 -5.9687500
146.8750000 339.5000000 -6.0859375
145.6250000 339.7500000 -6.1015625
145.0000000 342.5000000 -6.2187500
142.8750000 343.5000000 -6.2500000
146.6250000 340.0000000 -6.0898438
146.3750000 337.5000000 -5.8789062
146.7500000 338.7500000 -5.9882812
147.1250000 338.7500000 -6.0039062
145.1250000 339.5000000 -6.0117188
149.1250000 337.5000000 -5.9335938
146.5000000 339.5000000 -5.9335938
146.0000000 336.7500000 -5.8164062
148.3750000 337.2500000 -5.8867188
146.0000000 339.0000000 -5.9453125
145.0000000 336.5000000 -5.7968750
144.5000000 336.5000000 -5.7773438
145.3750000 336.2500000 -5.7812500
143.1250000 336.2500000 -5.8046875
141.8750000 339.2500000 -5.9062500
141.8750000 336.7500000 -5.8281250
141.8750000 338.2500000 -5.9140625
142.5000000 336.0000000 -5.7500000
140.7500000 338.0000000 -5.8476562
140.7500000 337.2500000 -5.8125000
139.7500000 336.7500000 -5.7773438
139.0000000 337.0000000 -5.7929688
141.2500000 337.0000000 -5.7929688
137.8750000 339.0000000 -5.9609375
140.3750000 336.2500000 -5.7773438
139.0000000 336.5000000 -5.7656250
140.7500000 336.5000000 -5.7578125
140.6250000 336.7500000 -5.7578125
139.3750000 337.2500000 -5.8007812
138.8750000 337.5000000 -5.8593750
138.7500000 337.2500000 -5.8281250
137.2500000 338.0000000 -5.8554688
136.1250000 339.2500000 -5.9726562
133.5000000 339.7500000 -5.9648438
133.8750000 339.2500000 -5.9492188
133.6250000 340.2500000 -6.0781250
133.6250000 339.0000000 -6.0195312
129.0000000 328.5000000 -6.1015625
130.5000000 340.2500000 -6.0820312
135.5000000 339.0000000 -5.9882812
135.1250000 337.2500000 -6.0546875
132.0000000 338.5000000 -5.9726562
133.2500000 338.7500000 -6.0585938
133.3750000 337.5000000 -5.9296875
135.7500000 338.2500000 -5.9375000
133.5000000 336.2500000 -5.7343750
134.0000000 337.2500000 -5.8593750
135.6250000 346.0000000 -6.0976562
132.5000000 336.5000000 -5.7617188
131.0000000 338.2500000 -5.9921875
132.0000000 339.2500000 -6.0273438
132.5000000 338.5000000 -5.9492188
132.2500000 339.5000000 -6.1015625
131.3750000 339.5000000 -6.0703125
131.5000000 339.5000000 -6.0234375
130.5000000 339.0000000 -6.0234375
129.3750000 339.2500000 -6.0664062
127.6250000 342.0000000 -6.2656250
124.6875000 340.2500000 -6.1406250
125.7500000 338.5000000 -5.9570312
125.5625000 338.2500000 -5.9609375
126.1250000 340.0000000 -6.0625000
126.8750000 336.0000000 -6.0468750
122.1875000 341.0000000 -6.1250000
122.7500000 336.5000000 -6.1250000
124.5625000 338.0000000 -6.0937500
129.2500000 352.2500000 -6.4218750
124.3125000 335.5000000 -6.0390625
121.8750000 339.5000000 -6.0468750
123.6875000 335.2500000 -6.0234375
120.0000000 338.0000000 -6.0117188
120.3750000 339.0000000 -6.0273438
120.9375000 336.7500000 -5.9804688
117.7500000 337.5000000 -6.0078125
125.8750000 346.2500000 -6.0156250
125.3125000 357.0000000 -6.3984375
118.9375000 338.2500000 -5.9843750
119.0000000 335.5000000 -6.0585938
121.6250000 347.5000000 -6.1718750
120.0625000 343.7500000 -6.0000000
118.1875000 338.7500000 -5.8398438
117.0000000 340.0000000 -5.9414062
114.9375000 340.5000000 -5.9882812
120.6250000 337.7500000 -5.8632812
119.3125000 339.2500000 -5.9062500
119.3750000 338.2500000 -5.9140625
120.1875000 339.2500000 -5.9218750
120.1875000 338.5000000 -5.9101562
119.6250000 339.5000000 -5.9570312
122.8125000 344.5000000 -5.9414062
120.1250000 337.7500000 -5.9257812
120.1250000 337.5000000 -5.9492188
118.1875000 338.5000000 -6.0156250
123.9375000 350.0000000 -6.2109375
119.4375000 340.7500000 -6.0234375
117.5625000 339.0000000 -5.9960938
119.6250000 338.0000000 -5.8906250
122.3750000 345.5000000 -6.0546875
120.0000000 336.0000000 -5.7617188
119.4375000 335.7500000 -5.8320312
117.5625000 335.7500000 -5.8984375
122.8125000 348.7500000 -6.0664062
120.8750000 337.0000000 -5.8476562
118.6250000 334.0000000 -5.9765625
121.7500000 337.7500000 -5.8789062
119.1250000 335.0000000 -5.8476562
118.5625000 333.5000000 -5.9492188
125.6875000 348.0000000 -6.1250000
121.0625000 337.5000000 -5.8945312
120.1875000 337.2500000 -5.9179688
121.2500000 337.5000000 -5.8945312
117.5625000 337.2500000 -5.9882812
120.8750000 336.5000000 -5.8593750
121.1875000 337.5000000 -5.8867188
119.8750000 338.0000000 -5.9140625
121.3125000 335.5000000 -5.8828125
118.6875000 336.5000000 -5.8281250
121.3750000 337.0000000 -5.9335938
119.6875000 336.5000000 -5.9023438
121.3750000 338.0000000 -5.9335938
120.5625000 337.2500000 -5.9023438
121.3750000 338.2500000 -5.9179688
118.1250000 335.5000000 -5.9257812
116.1250000 337.2500000 -5.9101562
117.1875000 337.0000000 -5.8828125
120.8750000 336.7500000 -5.8750000
119.6250000 337.0000000 -5.8203125
124.9375000 352.0000000 -6.1328125
119.5625000 337.5000000 -5.9296875
121.1875000 338.5000000 -5.8085938
125.0000000 352.2500000 -6.2187500
120.5625000 337.2500000 -5.9179688
123.9375000 343.0000000 -5.9023438
118.1875000 337.7500000 -5.9179688
123.0625000 348.5000000 -6.1718750
118.4375000 337.5000000 -5.8828125
118.1875000 338.7500000 -5.8945312
123.3750000 355.2500000 -6.2343750
117.6875000 338.5000000 -5.8945312
118.5000000 338.5000000 -5.8945312
118.5000000 337.2500000 -5.8437500
117.4375000 338.0000000 -5.8593750
118.3750000 337.5000000 -5.8554688
118.3750000 337.7500000 -5.8789062
118.1250000 337.7500000 -5.8476562
116.0625000 337.7500000 -5.8945312
116.5625000 337.5000000 -5.9218750
115.8750000 337.5000000 -5.9296875
115.7500000 337.5000000 -5.9492188
117.2500000 337.2500000 -5.8906250
117.8125000 337.5000000 -5.8750000
118.7500000 338.0000000 -5.8593750
118.5000000 338.2500000 -5.8710938
117.6250000 338.0000000 -5.8554688
117.9375000 337.5000000 -5.8085938
116.8125000 338.0000000 -5.8085938
116.4375000 338.5000000 -5.8789062
116.0000000 338.0000000 -5.8281250
116.9375000 338.0000000 -5.8750000
117.0625000 337.7500000 -5.7851562
118.0000000 337.2500000 -5.7968750
115.3750000 338.2500000 -5.8320312
116.6875000 337.5000000 -5.8515625
116.0625000 338.5000000 -5.8476562
114.6250000 338.5000000 -5.8554688
115.6250000 338.5000000 -5.8710938
114.9375000 338.5000000 -5.8515625
111.8750000 339.2500000 -5.8554688
112.0625000 339.0000000 -5.8281250
113.5625000 338.7500000 -5.8398438
112.9375000 338.5000000 -5.8398438
113.2500000 339.2500000 -5.8515625
113.1875000 338.2500000 -5.8203125
112.8125000 339.5000000 -5.8750000
114.0625000 339.5000000 -5.8984375
113.6250000 339.5000000 -5.9101562
109.7500000 339.0000000 -5.8828125
113.5000000 338.5000000 -5.8593750
110.4375000 340.0000000 -5.8750000
111.6250000 339.5000000 -5.9296875
111.1875000 341.0000000 -5.9804688
111.7500000 343.0000000 -6.0351562
113.0000000 339.7500000 -5.9296875
113.2500000 351.0000000 -6.1718750
113.8750000 352.5000000 -6.2187500
109.8125000 340.5000000 -5.9648438
111.3125000 338.7500000 -5.8945312
111.5000000 340.0000000 -5.9531250
112.0000000 339.7500000 -5.9179688
111.2500000 340.0000000 -5.9101562
108.7500000 339.7500000 -5.8828125
116.7500000 353.0000000 -6.2500000
117.3125000 357.7500000 -6.3671875
112.0000000 344.7500000 -6.0703125
114.9375000 347.0000000 -6.1171875
108.8125000 339.5000000 -5.9101562
116.2500000 354.2500000 -6.2187500
111.6250000 339.5000000 -5.9414062
114.8125000 356.5000000 -6.3046875
110.7500000 344.5000000 -6.0585938
111.5625000 343.0000000 -6.0781250
108.1875000 341.0000000 -5.9726562
107.8125000 332.2500000 -5.9296875
111.3750000 343.2500000 -6.0156250
110.1875000 345.5000000 -6.1562500
114.0000000 350.5000000 -6.1562500
113.8750000 349.7500000 -6.1171875
114.5000000 340.2500000 -5.8242188
108.3125000 339.2500000 -5.9062500
112.4375000 338.5000000 -5.8789062
114.7500000 352.0000000 -6.0859375
111.5625000 349.2500000 -5.9882812
108.3125000 339.2500000 -5.8203125
112.3750000 353.5000000 -6.1406250
111.9375000 351.0000000 -6.0625000
115.3125000 361.0000000 -6.2734375
111.2500000 339.5000000 -5.7382812
112.8750000 338.0000000 -5.7539062
117.5000000 363.7500000 -6.2734375
113.8125000 350.7500000 -6.0273438
111.4375000 341.7500000 -5.7890625
109.8125000 338.5000000 -5.7304688
108.5000000 340.2500000 -5.8710938
109.5625000 339.2500000 -5.7812500
109.7500000 339.0000000 -5.7578125
107.8125000 339.0000000 -5.7929688
108.2500000 339.5000000 -5.8398438
107.5000000 339.7500000 -5.8437500
108.3125000 339.5000000 -5.7656250
108.1250000 339.0000000 -5.6953125
107.3125000 338.0000000 -5.7304688
108.4375000 338.0000000 -5.6992188
109.2500000 338.5000000 -5.7421875
110.2500000 339.7500000 -5.7695312
110.0000000 339.0000000 -5.7382812
111.0625000 338.7500000 -5.6523438
113.0625000 337.7500000 -5.8242188
114.0000000 338.7500000 -5.8164062
112.3125000 338.0000000 -5.8046875
113.7500000 347.5000000 -5.9570312
111.3750000 338.0000000 -5.8125000
113.6875000 337.7500000 -5.8398438
111.2500000 337.0000000 -5.7890625
112.5000000 337.7500000 -5.7890625
112.3750000 339.7500000 -5.8242188
112.4375000 338.2500000 -5.7226562
111.1250000 338.5000000 -5.7617188
108.5625000 338.5000000 -5.7968750
114.1875000 340.0000000 -5.7226562
109.0625000 339.0000000 -5.8320312
111.0625000 347.7500000 -5.9140625
112.4375000 344.7500000 -5.7851562
109.3750000 338.2500000 -5.7617188
108.0000000 338.7500000 -5.7773438
108.5625000 337.2500000 -5.6718750
110.5625000 337.2500000 -5.7265625
112.0625000 337.5000000 -5.8632812
115.3125000 337.2500000 -5.8750000
115.4375000 337.2500000 -5.8515625
115.9375000 337.2500000 -5.8281250
115.1875000 337.5000000 -5.8515625
113.1250000 338.5000000 -5.8320312
113.4375000 339.5000000 -5.8710938
113.7500000 339.5000000 -5.8320312
113.2500000 339.5000000 -5.8242188
114.6250000 339.5000000 -5.8007812
115.1875000 339.5000000 -5.7773438
114.6875000 339.0000000 -5.7656250
114.7500000 339.0000000 -5.7812500
112.8750000 338.7500000 -5.7500000
112.9375000 338.2500000 -5.7148438
115.7500000 338.2500000 -5.7460938
114.7500000 338.2500000 -5.7617188
113.7500000 338.2500000 -5.7500000
114.5000000 337.7500000 -5.7421875
112.5625000 337.0000000 -5.6875000
113.9375000 338.2500000 -5.7734375
114.3750000 338.0000000 -5.8085938
110.0625000 338.7500000 -5.8007812
112.2500000 337.2500000 -5.7382812
113.4375000 337.2500000 -5.7578125
111.3125000 338.5000000 -5.8476562
109.5625000 338.0000000 -5.7851562
110.7500000 337.5000000 -5.7617188
113.0000000 338.2500000 -5.8203125
108.5625000 338.2500000 -5.7968750
111.4375000 340.7500000 -5.9765625
110.5000000 337.5000000 -5.7656250
109.5000000 337.7500000 -5.7460938
107.4375000 339.5000000 -5.8125000
109.2500000 338.7500000 -5.8242188
112.8125000 338.7500000 -5.8476562
106.7500000 341.5000000 -5.9453125
111.4375000 338.2500000 -5.7929688
112.9375000 337.2500000 -5.7070312
113.3750000 339.2500000 -5.8320312
112.6250000 339.5000000 -5.8945312
114.0000000 339.5000000 -5.8437500
112.7500000 340.0000000 -5.8710938
112.3750000 342.0000000 -5.9609375
113.6875000 340.7500000 -5.8984375
115.0625000 340.2500000 -5.8750000
114.7500000 341.0000000 -5.9179688
112.5000000 340.2500000 -5.8476562
113.7500000 340.7500000 -5.8906250
114.4375000 341.2500000 -5.9101562
113.5625000 340.7500000 -5.8671875
113.6875000 341.7500000 -5.9257812
114.1875000 342.2500000 -5.9570312
112.5000000 343.2500000 -5.9609375
113.1250000 343.0000000 -5.9570312
113.6250000 342.5000000 -5.9023438
109.7500000 344.0000000 -5.9765625
112.2500000 344.2500000 -5.9960938
112.5625000 343.0000000 -5.9804688
109.6875000 344.7500000 -6.0390625
112.3125000 344.0000000 -6.0117188
111.3125000 343.7500000 -5.9882812
112.9375000 343.2500000 -5.9843750
113.1875000 344.0000000 -6.0039062
111.0625000 345.5000000 -6.0234375
111.3750000 345.5000000 -6.0468750
112.1875000 346.0000000 -6.0585938
109.3125000 346.2500000 -6.0312500
111.2500000 346.0000000 -6.0546875
110.4375000 346.7500000 -6.0546875
111.0625000 346.5000000 -5.9960938
111.0625000 347.2500000 -6.0820312
111.5625000 347.7500000 -6.0742188
110.6250000 348.5000000 -6.1406250
110.3125000 349.5000000 -6.1171875
110.0625000 348.7500000 -6.0976562
110.3125000 349.5000000 -6.1328125
110.0000000 348.2500000 -6.0898438
108.7500000 349.5000000 -6.1484375
109.8750000 350.0000000 -6.1796875
109.7500000 350.7500000 -6.2031250
110.3125000 350.5000000 -6.1640625
109.0625000 350.7500000 -6.2031250
109.7500000 350.7500000 -6.1796875
109.1875000 351.0000000 -6.1796875
108.1250000 353.0000000 -6.2187500
108.3125000 351.5000000 -6.1953125
108.0625000 351.0000000 -6.1562500
108.8125000 353.0000000 -6.2421875
108.8750000 352.0000000 -6.2187500
108.7500000 353.2500000 -6.2421875
109.0625000 353.7500000 -6.2656250
109.0625000 354.5000000 -6.2812500
109.1250000 354.5000000 -6.3125000
109.5000000 353.7500000 -6.2578125
109.5000000 355.2500000 -6.3281250
109.4375000 355.2500000 -6.3359375
109.4375000 354.5000000 -6.2890625
108.7500000 356.2500000 -6.3359375
108.2500000 356.5000000 -6.3828125
109.0625000 356.2500000 -6.3515625
109.2500000 356.5000000 -6.3671875
109.3750000 356.7500000 -6.3750000
108.8125000 357.5000000 -6.3984375
108.8750000 357.7500000 -6.4296875
108.8750000 358.2500000 -6.4453125
108.5000000 358.0000000 -6.4218750
108.1250000 358.0000000 -6.4140625
108.1875000 357.7500000 -6.4296875
108.4375000 358.5000000 -6.4531250
107.6875000 358.2500000 -6.4296875
107.8125000 358.5000000 -6.4531250
107.7500000 358.2500000 -6.4453125
107.4375000 359.7500000 -6.5078125
106.5000000 360.7500000 -6.5546875
106.7500000 359.7500000 -6.4843750
106.9375000 359.7500000 -6.5000000
107.1250000 360.2500000 -6.5234375
106.8750000 360.0000000 -6.5156250
107.8750000 360.2500000 -6.5234375
107.6250000 361.2500000 -6.5781250
107.5625000 361.0000000 -6.5625000
107.1875000 362.0000000 -6.6171875
107.2500000 361.5000000 -6.6015625
107.5625000 361.5000000 -6.5859375
107.5000000 362.5000000 -6.6640625
106.8750000 363.0000000 -6.6953125
107.9375000 361.0000000 -6.6171875
107.0625000 363.2500000 -6.7265625
107.2500000 362.5000000 -6.6953125
107.0000000 363.7500000 -6.7421875
106.7500000 363.7500000 -6.7500000
106.1875000 364.2500000 -6.7734375
106.3125000 364.2500000 -6.7734375
106.4375000 364.5000000 -6.7890625
106.1250000 364.5000000 -6.7890625
105.3750000 365.5000000 -6.8359375
105.1250000 366.5000000 -6.8984375
105.7500000 365.0000000 -6.8125000
105.6250000 365.2500000 -6.8203125
105.7500000 365.2500000 -6.8359375
105.1250000 366.0000000 -6.8750000
105.5000000 365.5000000 -6.8437500
105.0000000 367.5000000 -6.9453125
106.3125000 364.5000000 -6.7656250
104.0000000 367.2500000 -6.9453125
104.3750000 367.5000000 -6.9531250
104.1250000 367.2500000 -6.9531250
103.3750000 370.0000000 -7.1093750
104.0000000 368.0000000 -6.9765625
104.1875000 367.5000000 -6.9531250
104.2500000 368.0000000 -6.9843750
104.6250000 366.2500000 -6.8906250
103.8750000 369.0000000 -7.0156250
104.2500000 368.7500000 -7.0312500
104.0000000 368.7500000 -7.0078125
103.6250000 369.5000000 -7.0625000
104.4375000 368.5000000 -7.0156250
104.4375000 369.0000000 -7.0546875
104.0000000 369.0000000 -7.0312500
104.1250000 369.0000000 -7.0312500
104.1250000 369.7500000 -7.0625000
104.0625000 369.5000000 -7.0625000
103.8750000 369.7500000 -7.0546875
103.5625000 370.7500000 -7.1093750
103.1250000 371.2500000 -7.1250000
103.1250000 372.0000000 -7.1484375
103.0625000 372.7500000 -7.1875000
102.5000000 373.0000000 -7.2109375
103.3125000 372.5000000 -7.1718750
100.8125000 369.0000000 -7.0234375
101.1250000 371.7500000 -7.1718750
102.8125000 372.7500000 -7.1796875
102.5625000 374.5000000 -7.2968750
102.3750000 375.5000000 -7.3281250
103.0000000 375.7500000 -7.3750000
102.2500000 376.0000000 -7.3906250
102.8750000 376.7500000 -7.4375000
102.6875000 376.0000000 -7.3828125
102.1250000 377.0000000 -7.4218750
102.1250000 377.7500000 -7.5000000
102.4375000 377.7500000 -7.4843750
102.1250000 379.5000000 -7.5937500
102.0000000 378.2500000 -7.5312500
102.3125000 378.0000000 -7.5078125
102.1875000 379.7500000 -7.6093750
102.3125000 378.0000000 -7.5312500
102.0625000 380.0000000 -7.6093750
102.2500000 379.7500000 -7.5859375
102.0625000 380.7500000 -7.6484375
101.9375000 379.7500000 -7.6015625
102.0000000 380.0000000 -7.6093750
101.7500000 381.0000000 -7.6562500
101.9375000 380.2500000 -7.6093750
102.0000000 381.2500000 -7.6640625
101.7500000 380.7500000 -7.6328125
101.5625000 381.2500000 -7.6640625
101.6250000 382.0000000 -7.6875000
101.7500000 382.2500000 -7.6796875
101.6250000 381.2500000 -7.6562500
101.8750000 382.0000000 -7.7031250
101.7500000 382.5000000 -7.7343750
101.7500000 382.5000000 -7.7343750
100.8125000 382.0000000 -7.7812500
101.1250000 382.5000000 -7.7500000
100.4375000 383.5000000 -7.8281250
101.1875000 383.7500000 -7.8203125
100.1250000 384.0000000 -7.8671875
100.1250000 384.0000000 -7.8593750
100.0625000 384.5000000 -7.8750000
100.0625000 384.5000000 -7.8437500
100.0625000 384.0000000 -7.8281250
99.8125000 384.5000000 -7.8906250
99.6875000 384.5000000 -7.9140625
100.1875000 384.7500000 -7.8906250
99.6250000 385.2500000 -7.9218750
99.4375000 385.5000000 -7.9296875
99.5625000 385.0000000 -7.9218750
99.5625000 385.0000000 -7.9296875
99.3750000 385.5000000 -7.9609375
99.3750000 385.2500000 -7.9453125
99.0625000 385.7500000 -7.9765625
98.8125000 386.2500000 -8.0234375
99.1250000 385.5000000 -7.9765625
99.0000000 385.5000000 -7.9687500
98.8750000 385.7500000 -7.9843750
98.8125000 386.0000000 -7.9687500
98.8750000 385.5000000 -7.9687500
98.5000000 385.7500000 -8.0078125
98.5000000 386.2500000 -8.0312500
98.4375000 386.5000000 -8.0625000
98.3750000 386.2500000 -8.0468750
98.4375000 386.0000000 -8.0625000
98.2500000 385.7500000 -8.0468750
97.8125000 385.5000000 -8.0546875
97.7500000 385.7500000 -8.0625000
97.6250000 385.5000000 -8.0468750
97.9375000 385.5000000 -8.0468750
97.6250000 386.2500000 -8.1015625
97.8750000 386.5000000 -8.1015625
97.7500000 386.5000000 -8.1328125
97.5000000 386.5000000 -8.1328125
97.5625000 386.7500000 -8.1406250
97.0625000 386.7500000 -8.1484375
97.6250000 386.0000000 -8.1015625
97.5625000 386.0000000 -8.0859375
97.3125000 386.2500000 -8.1171875
97.4375000 386.0000000 -8.0859375
97.3750000 385.5000000 -8.0625000
97.3750000 385.7500000 -8.0859375
97.4375000 385.7500000 -8.0859375
97.3125000 386.0000000 -8.0937500
97.5000000 386.2500000 -8.0625000
97.4375000 386.2500000 -8.0937500
97.3125000 386.0000000 -8.0859375
97.4375000 386.0000000 -8.0781250
96.9375000 386.2500000 -8.0859375
97.2500000 386.2500000 -8.0781250
97.4375000 386.0000000 -8.0703125
97.3750000 386.0000000 -8.0859375
97.3750000 386.0000000 -8.0703125
97.3750000 386.2500000 -8.0546875
97.1250000 386.2500000 -8.0781250
97.2500000 386.2500000 -8.0625000
97.1875000 386.0000000 -8.0781250
97.1250000 386.2500000 -8.0703125
97.1250000 386.0000000 -8.1015625
97.3750000 386.0000000 -8.0781250
97.3750000 386.0000000 -8.1093750
97.1875000 386.2500000 -8.0859375
97.1875000 385.7500000 -8.0937500
97.1250000 385.5000000 -8.0859375
97.1875000 385.7500000 -8.0859375
97.2500000 385.7500000 -8.0937500
97.3750000 385.5000000 -8.0859375
96.9375000 385.5000000 -8.1015625
97.2500000 385.2500000 -8.0859375
98.1250000 384.7500000 -8.0859375
97.1250000 385.0000000 -8.0859375
97.3750000 384.7500000 -8.1015625
97.8125000 385.0000000 -8.1015625
97.6250000 384.7500000 -8.0859375
97.3750000 385.0000000 -8.0937500
97.6250000 385.0000000 -8.0781250
97.2500000 384.7500000 -8.0937500
97.5000000 384.5000000 -8.0625000
97.4375000 385.0000000 -8.0781250
98.0625000 384.0000000 -8.0390625
98.4375000 384.5000000 -8.0468750
98.1875000 384.0000000 -8.0625000
97.8750000 384.5000000 -8.0703125
98.0625000 383.5000000 -8.0078125
99.0625000 385.0000000 -8.0468750
98.2500000 380.2500000 -7.9218750
99.0625000 381.0000000 -7.9296875
98.3750000 383.2500000 -8.0390625
98.2500000 383.5000000 -8.0390625
98.0000000 384.2500000 -8.1015625
97.7500000 385.0000000 -8.1171875
97.2500000 385.7500000 -8.1093750
97.1875000 385.7500000 -8.1093750
96.9375000 386.0000000 -8.0859375
97.0000000 386.0000000 -8.0937500
97.1875000 385.7500000 -8.1250000
97.2500000 386.0000000 -8.1328125
97.0000000 385.7500000 -8.1640625
97.5625000 385.2500000 -8.1562500
97.0000000 385.5000000 -8.1484375
96.8750000 385.5000000 -8.1406250
96.9375000 385.7500000 -8.1406250
96.8750000 386.0000000 -8.1406250
96.6250000 386.2500000 -8.1015625
96.6250000 386.2500000 -8.1171875
95.9375000 386.2500000 -8.1250000
96.0000000 386.0000000 -8.1406250
95.6875000 386.0000000 -8.1484375
96.0625000 386.5000000 -8.1406250
96.1875000 386.7500000 -8.1328125
96.3125000 386.5000000 -8.1406250
95.8750000 386.5000000 -8.1562500
96.3125000 385.5000000 -8.1015625
96.2500000 385.5000000 -8.0859375
96.3750000 385.0000000 -8.0781250
96.5625000 385.5000000 -8.1093750
96.3125000 385.0000000 -8.0937500
95.8750000 386.2500000 -8.1640625
95.8125000 386.0000000 -8.1562500
95.7500000 386.2500000 -8.1718750
95.8125000 386.0000000 -8.1953125
95.6875000 387.0000000 -8.1796875
95.8125000 387.2500000 -8.1484375
95.6875000 387.2500000 -8.1484375
96.0000000 387.7500000 -8.1328125
96.0625000 387.7500000 -8.1171875
95.6875000 388.0000000 -8.1484375
95.7500000 387.7500000 -8.1484375
95.8750000 387.2500000 -8.1093750
96.1250000 388.0000000 -8.1015625
95.6250000 387.7500000 -8.1171875
95.2500000 387.2500000 -8.1640625
98.0000000 396.2500000 -8.4296875
94.3125000 387.2500000 -8.2656250
94.4375000 388.2500000 -8.2968750
94.0625000 388.5000000 -8.3437500
94.1875000 387.7500000 -8.3125000
94.3125000 386.7500000 -8.2656250
94.4375000 387.0000000 -8.2968750
95.2500000 386.5000000 -8.3437500
94.6875000 385.7500000 -8.3359375
93.8750000 388.2500000 -8.3750000
93.8125000 386.2500000 -8.3984375
93.1250000 387.7500000 -8.3437500
93.0625000 387.7500000 -8.4062500
93.2500000 387.2500000 -8.3750000
92.3750000 386.5000000 -8.3906250
92.5625000 386.0000000 -8.3281250
91.5625000 385.7500000 -8.0625000
90.0625000 386.2500000 -8.2031250
90.3750000 386.0000000 -8.2343750
90.3125000 386.0000000 -8.2968750
90.4375000 386.0000000 -8.2968750
90.2500000 385.7500000 -8.2890625
90.2500000 385.5000000 -8.3281250
90.2500000 385.7500000 -8.3125000
90.3750000 385.7500000 -8.3125000
90.3750000 385.7500000 -8.3437500
89.8750000 386.2500000 -8.3281250
90.3750000 386.2500000 -8.3203125
91.1250000 386.2500000 -8.3593750
91.0000000 386.7500000 -8.3437500
91.1875000 387.5000000 -8.3437500
90.2500000 386.7500000 -8.3359375
89.6250000 386.0000000 -8.3593750
89.5625000 386.7500000 -8.3515625
89.6875000 386.0000000 -8.3359375
89.3125000 386.2500000 -8.3359375
89.1250000 389.0000000 -8.3046875
89.5625000 391.2500000 -8.3125000
89.3125000 387.5000000 -8.3203125
89.4375000 385.5000000 -8.3593750
89.4375000 386.0000000 -8.4062500
89.7500000 387.5000000 -8.4218750
89.1250000 389.7500000 -8.5234375
89.2500000 390.7500000 -8.5625000
89.1250000 388.0000000 -8.4531250
89.0000000 388.7500000 -8.4218750
88.8750000 387.5000000 -8.3203125
89.1250000 388.0000000 -8.3515625
89.1250000 389.5000000 -8.4296875
89.3750000 388.2500000 -8.4218750
88.8125000 389.7500000 -8.3515625
88.1250000 389.5000000 -8.2968750
88.3125000 388.5000000 -8.3125000
88.6875000 389.0000000 -8.3828125
89.0000000 389.0000000 -8.4687500
88.6875000 390.5000000 -8.4609375
88.5000000 396.2500000 -8.5703125
88.7500000 393.5000000 -8.5312500
88.8750000 389.0000000 -8.4296875
89.0000000 392.5000000 -8.4921875
89.1250000 393.5000000 -8.4921875
89.0000000 392.2500000 -8.4765625
88.9375000 392.5000000 -8.4921875
88.6875000 392.5000000 -8.4921875
88.5625000 393.5000000 -8.5078125
88.5625000 395.2500000 -8.5390625
88.5000000 396.0000000 -8.5625000
88.7500000 392.2500000 -8.5000000
88.9375000 394.0000000 -8.5312500
89.0000000 392.0000000 -8.5000000
89.0000000 396.5000000 -8.5781250
88.8125000 396.0000000 -8.5468750
88.8125000 395.0000000 -8.5468750
88.8750000 396.7500000 -8.5703125
88.6875000 397.0000000 -8.5781250
88.5625000 396.0000000 -8.5546875
88.5000000 397.5000000 -8.5703125
88.5625000 398.0000000 -8.5859375
88.6250000 398.0000000 -8.5859375
88.8125000 397.2500000 -8.6171875
88.6875000 401.0000000 -8.7031250
88.7500000 398.5000000 -8.6093750
88.5625000 397.0000000 -8.5703125
88.5000000 398.5000000 -8.6015625
88.5625000 397.2500000 -8.5781250
88.4375000 398.2500000 -8.5781250
88.6250000 397.7500000 -8.5859375
88.7500000 401.2500000 -8.6562500
88.6250000 399.7500000 -8.6250000
88.7500000 400.7500000 -8.6562500
89.1250000 404.5000000 -8.6953125
88.8750000 402.0000000 -8.6796875
88.7500000 398.7500000 -8.6093750
88.6875000 403.0000000 -8.6484375
89.0000000 399.7500000 -8.6250000
89.0000000 401.5000000 -8.6640625
88.5000000 402.2500000 -8.6718750
88.6250000 398.2500000 -8.6093750
88.6875000 404.5000000 -8.7421875
88.9375000 400.0000000 -8.6406250
88.8125000 399.5000000 -8.6171875
88.8750000 403.0000000 -8.6953125
88.8125000 401.5000000 -8.6640625
88.7500000 401.7500000 -8.6718750
88.7500000 405.0000000 -8.7578125
88.6875000 406.7500000 -8.7890625
88.5625000 401.5000000 -8.6562500
88.4375000 403.7500000 -8.6875000
88.5625000 404.5000000 -8.7421875
88.5000000 403.0000000 -8.6875000
88.5625000 406.2500000 -8.7500000
88.4375000 403.7500000 -8.6796875
88.3750000 404.5000000 -8.7031250
88.5625000 402.7500000 -8.6953125
88.6250000 406.5000000 -8.7890625
88.5000000 403.7500000 -8.7031250
88.6250000 404.7500000 -8.7187500
88.5625000 403.2500000 -8.6953125
88.6250000 407.0000000 -8.8125000
88.6250000 404.2500000 -8.7187500
88.5625000 406.5000000 -8.7812500
88.8750000 406.2500000 -8.7265625
88.9375000 406.0000000 -8.7500000
88.8750000 408.2500000 -8.7968750
88.8125000 409.2500000 -8.8437500
88.8750000 408.2500000 -8.8437500
88.8125000 408.7500000 -8.8437500
88.8125000 406.7500000 -8.7890625
88.7500000 407.0000000 -8.8046875
88.8125000 411.0000000 -8.8906250
89.1250000 417.5000000 -9.0312500
89.1250000 416.5000000 -9.0234375
89.0625000 417.7500000 -9.0312500
89.1250000 422.5000000 -9.1250000
89.1250000 422.7500000 -9.1328125
89.3750000 411.5000000 -8.8984375
88.9375000 414.5000000 -8.9765625
88.8750000 410.2500000 -8.8828125
89.0000000 414.0000000 -8.9453125
88.8750000 412.7500000 -8.9296875
89.0625000 404.7500000 -8.7500000
89.0625000 408.2500000 -8.8593750
89.1250000 406.0000000 -8.7734375
88.9375000 413.5000000 -8.9609375
88.8750000 413.0000000 -8.9296875
88.8750000 410.2500000 -8.9062500
88.8125000 415.2500000 -9.0156250
88.8750000 411.2500000 -8.8906250
88.6875000 407.5000000 -8.8125000
88.8125000 409.5000000 -8.8437500
88.5625000 406.7500000 -8.7968750
88.8750000 403.0000000 -8.7343750
88.5625000 408.2500000 -8.8515625
88.7500000 412.2500000 -8.9140625
88.8750000 409.7500000 -8.8281250
88.8125000 415.5000000 -8.9843750
88.7500000 414.0000000 -8.9687500
88.8125000 415.7500000 -9.0312500
89.0000000 418.2500000 -9.0468750
88.8750000 415.7500000 -9.0078125
89.1250000 419.2500000 -9.0625000
89.0000000 414.5000000 -8.9843750
88.9375000 416.2500000 -9.0156250
89.0000000 415.7500000 -8.9609375
89.0625000 416.7500000 -8.9921875
88.9375000 416.0000000 -8.9609375
88.8750000 416.7500000 -9.0078125
90.5000000 417.0000000 -8.8671875
89.0625000 414.7500000 -8.9687500
89.0000000 421.0000000 -9.1093750
88.9375000 414.5000000 -8.9453125
89.0000000 416.0000000 -8.9531250
88.8750000 420.2500000 -9.0312500
88.8750000 423.0000000 -9.1250000
88.8750000 421.2500000 -9.0859375
89.0000000 422.0000000 -9.1562500
89.1250000 423.5000000 -9.1562500
89.0625000 422.7500000 -9.1562500
89.0000000 422.0000000 -9.1406250
89.0625000 422.0000000 -9.1406250
89.0625000 424.0000000 -9.1640625
89.2500000 423.2500000 -9.1640625
89.1250000 422.7500000 -9.1640625
89.1875000 423.5000000 -9.1562500
89.3125000 424.2500000 -9.1562500
89.0625000 424.0000000 -9.1718750
89.1875000 424.0000000 -9.1640625
89.1250000 421.2500000 -9.1171875
89.0000000 422.0000000 -9.1171875
89.1250000 421.7500000 -9.1250000
89.2500000 425.5000000 -9.1484375
89.0625000 424.0000000 -9.1562500
89.0000000 425.0000000 -9.1875000
88.9375000 426.5000000 -9.1953125
89.0000000 428.0000000 -9.2187500
88.8750000 425.2500000 -9.1875000
88.9375000 428.0000000 -9.2031250
88.8125000 425.2500000 -9.1640625
88.8750000 425.0000000 -9.1562500
88.8125000 425.2500000 -9.1484375
88.7500000 428.0000000 -9.1484375
88.9375000 428.0000000 -9.1796875
88.8125000 428.0000000 -9.1875000
88.9375000 428.2500000 -9.2265625
88.8750000 425.2500000 -9.1640625
88.8750000 425.7500000 -9.1640625
89.0000000 429.0000000 -9.2187500
89.0000000 429.0000000 -9.2187500
89.0000000 426.2500000 -9.1953125
89.0000000 429.5000000 -9.2578125
89.0000000 430.2500000 -9.2421875
89.0625000 430.5000000 -9.2656250
89.0625000 431.5000000 -9.2734375
89.1250000 430.7500000 -9.2812500
89.1250000 431.5000000 -9.2578125
89.1250000 434.2500000 -9.2187500
89.1250000 434.0000000 -9.2421875
89.1250000 435.5000000 -9.2734375
89.1875000 434.2500000 -9.2500000
89.0000000 434.5000000 -9.2343750
88.8125000 431.5000000 -9.1562500
88.9375000 431.5000000 -9.1953125
89.0625000 432.5000000 -9.2421875
89.1250000 432.2500000 -9.2500000
89.2500000 433.2500000 -9.2421875
89.1875000 434.0000000 -9.2578125
89.2500000 435.2500000 -9.2890625
89.2500000 435.5000000 -9.2656250
89.0625000 435.2500000 -9.2734375
89.0625000 435.7500000 -9.2812500
89.1875000 435.0000000 -9.2890625
89.1250000 431.2500000 -9.2734375
89.1875000 434.2500000 -9.2500000
89.0625000 429.7500000 -9.1328125
89.1875000 433.0000000 -9.2656250
89.1250000 438.7500000 -9.2968750
88.8125000 437.0000000 -9.2343750
89.0000000 437.7500000 -9.2812500
89.0625000 437.7500000 -9.2656250
89.1250000 438.2500000 -9.2812500
89.2500000 438.2500000 -9.2578125
89.3125000 438.7500000 -9.2500000
89.1250000 438.0000000 -9.2656250
89.1875000 438.7500000 -9.3046875
89.3125000 436.7500000 -9.2656250
89.1875000 438.2500000 -9.2890625
89.0625000 438.7500000 -9.2656250
89.1875000 440.5000000 -9.2812500
89.1875000 440.0000000 -9.2968750
89.0625000 439.5000000 -9.3203125
89.1875000 440.0000000 -9.3203125
89.3125000 439.7500000 -9.2578125
89.4375000 442.7500000 -9.2578125
89.3125000 442.2500000 -9.2578125
89.1250000 440.7500000 -9.3203125
89.0625000 444.5000000 -9.2578125
89.0000000 443.5000000 -9.2500000
88.9375000 443.2500000 -9.2734375
89.0000000 443.7500000 -9.2812500
88.8750000 443.5000000 -9.2578125
88.8750000 444.0000000 -9.2812500
88.8125000 444.2500000 -9.2812500
88.8750000 444.5000000 -9.2890625
88.6250000 443.5000000 -9.2500000
88.6875000 445.2500000 -9.2812500
88.8125000 445.2500000 -9.2968750
88.8750000 446.0000000 -9.2890625
88.7500000 445.5000000 -9.2812500
88.7500000 446.2500000 -9.2421875
88.8125000 446.5000000 -9.2500000
88.8750000 446.5000000 -9.2500000
88.6875000 446.2500000 -9.2265625
88.6875000 447.7500000 -9.2343750
88.8125000 447.7500000 -9.1953125
88.7500000 448.0000000 -9.1953125
88.7500000 448.0000000 -9.2031250
88.7500000 447.0000000 -9.1875000
89.0000000 449.0000000 -9.1875000
89.1250000 448.5000000 -9.1953125
88.6250000 449.5000000 -9.1718750
88.9375000 448.7500000 -9.2109375
88.9375000 449.5000000 -9.2109375
88.7500000 450.2500000 -9.2109375
88.7500000 449.5000000 -9.2187500
88.7500000 449.7500000 -9.2265625
88.3750000 451.2500000 -9.2265625
88.9375000 449.7500000 -9.1718750
88.5000000 450.2500000 -9.1953125
88.5000000 451.2500000 -9.1640625
88.6250000 451.2500000 -9.2421875
88.6875000 450.7500000 -9.2109375
88.6875000 448.7500000 -9.2421875
88.6250000 449.7500000 -9.2187500
88.6875000 449.0000000 -9.2109375
88.5625000 449.2500000 -9.1328125
88.7500000 449.5000000 -9.2031250
88.6875000 449.2500000 -9.2031250
88.7500000 449.5000000 -9.2109375
88.8125000 449.5000000 -9.1640625
88.7500000 450.2500000 -9.1562500
88.6875000 450.0000000 -9.1718750
88.7500000 449.2500000 -9.1718750
88.8125000 449.2500000 -9.1796875
88.6875000 450.2500000 -9.1484375
88.6250000 450.5000000 -9.1796875
88.6250000 449.7500000 -9.1796875
88.6250000 450.5000000 -9.1640625
88.5625000 450.2500000 -9.1328125
88.5000000 451.0000000 -9.1484375
88.5625000 450.5000000 -9.1718750
88.5625000 450.5000000 -9.1796875
88.5625000 450.5000000 -9.1640625
88.5625000 450.2500000 -9.1640625
88.5625000 449.5000000 -9.1796875
88.6875000 450.7500000 -9.1953125
88.5625000 451.2500000 -9.1875000
88.6250000 451.2500000 -9.1953125
88.6250000 451.2500000 -9.1875000
88.6250000 450.7500000 -9.1718750
88.7500000 450.0000000 -9.2109375
88.8125000 449.2500000 -9.2109375
88.8125000 449.5000000 -9.1718750
88.8750000 449.5000000 -9.1875000
88.8750000 450.5000000 -9.1875000
88.7500000 449.7500000 -9.2265625
88.7500000 451.0000000 -9.2109375
88.7500000 451.2500000 -9.2265625
88.7500000 450.5000000 -9.1953125
88.9375000 450.7500000 -9.1328125
88.9375000 450.2500000 -9.1328125
88.9375000 451.5000000 -9.0937500
89.0000000 451.2500000 -9.0703125
89.0625000 450.7500000 -9.0625000
88.9375000 450.7500000 -9.0781250
89.1875000 450.5000000 -9.0390625
89.0625000 450.7500000 -9.0703125
89.1875000 450.0000000 -9.0234375
89.2500000 450.5000000 -9.0703125
88.9375000 450.5000000 -9.0390625
89.0625000 450.5000000 -9.0078125
88.7500000 450.7500000 -9.0625000
89.0000000 450.7500000 -9.0468750
88.5625000 450.5000000 -9.1015625
88.6250000 450.7500000 -9.0625000
88.8750000 450.5000000 -9.0546875
88.8750000 450.0000000 -9.0546875
89.1875000 450.5000000 -9.0156250
89.5000000 451.5000000 -9.0078125
89.3750000 451.2500000 -9.0390625
89.3750000 451.5000000 -8.9921875
89.3750000 451.5000000 -9.0000000
89.5625000 452.7500000 -9.0234375
89.6250000 452.5000000 -9.0156250
89.6250000 452.5000000 -8.9687500
89.4375000 452.2500000 -9.0312500
89.5625000 452.0000000 -9.0390625
89.7500000 451.7500000 -9.0234375
89.6875000 451.5000000 -9.0234375
89.5625000 451.0000000 -9.0156250
89.7500000 451.0000000 -9.0234375
89.4375000 451.2500000 -9.0546875
89.8750000 451.7500000 -9.0234375
89.7500000 451.2500000 -9.0156250
89.6875000 451.5000000 -9.0703125
89.8125000 451.2500000 -9.0546875
89.7500000 452.0000000 -9.0703125
89.7500000 451.5000000 -9.0703125
90.0000000 451.5000000 -9.1093750
90.1250000 451.7500000 -9.0937500
89.8750000 451.7500000 -9.0937500
90.0625000 451.5000000 -9.1015625
89.8750000 451.0000000 -9.0859375
89.6875000 450.7500000 -9.0546875
89.8750000 450.7500000 -9.0312500
89.8125000 451.0000000 -9.0625000
89.7500000 451.0000000 -9.0468750
89.8125000 450.7500000 -9.0625000
89.8750000 451.2500000 -9.0781250
89.9375000 451.0000000 -9.0625000
90.0625000 451.5000000 -9.0859375
89.8750000 451.7500000 -9.0937500
90.1250000 451.0000000 -9.0625000
90.0000000 451.5000000 -9.1093750
90.0000000 451.0000000 -9.0781250
90.0625000 451.5000000 -9.1015625
89.9375000 451.2500000 -9.0859375
90.0625000 451.0000000 -9.0703125
90.0000000 451.2500000 -9.0937500
90.0625000 451.7500000 -9.1015625
90.1250000 451.5000000 -9.1015625
90.0000000 451.0000000 -9.0781250
90.0625000 451.0000000 -9.0859375
90.0000000 451.5000000 -9.0859375
90.0000000 451.0000000 -9.0703125
90.0625000 451.0000000 -9.0546875
90.0625000 451.0000000 -9.0546875
89.9375000 451.5000000 -9.1015625
90.0000000 451.2500000 -9.0703125
90.0625000 451.5000000 -9.0781250
89.9375000 451.0000000 -9.0937500
89.9375000 451.0000000 -9.0781250
90.1250000 451.5000000 -9.0625000
89.8750000 450.2500000 -9.0234375
90.3125000 451.0000000 -9.0156250
90.3750000 450.5000000 -8.9843750
90.0625000 450.5000000 -9.0234375
90.7500000 452.2500000 -9.0156250
90.6250000 452.0000000 -9.0000000
91.1250000 450.2500000 -8.9921875
90.5625000 451.0000000 -9.0390625
90.5625000 451.2500000 -9.0546875
90.1250000 452.0000000 -9.0703125
90.2500000 451.5000000 -9.0781250
90.0625000 452.0000000 -9.0703125
90.2500000 451.7500000 -9.0859375
90.3125000 451.7500000 -9.0703125
90.3125000 452.0000000 -9.0625000
91.0000000 450.5000000 -9.0078125
91.1875000 450.2500000 -9.0078125
90.9375000 450.5000000 -9.0078125
90.5000000 451.2500000 -9.0546875
90.6250000 450.7500000 -9.0312500
90.9375000 451.2500000 -8.9531250
91.3750000 451.5000000 -8.9453125
90.8750000 451.5000000 -8.9140625
91.1875000 452.2500000 -8.9218750
90.6250000 451.7500000 -8.9296875
91.5000000 451.5000000 -8.8750000
91.5000000 451.7500000 -8.8593750
91.8750000 452.2500000 -8.8750000
91.1250000 451.5000000 -8.8515625
91.0000000 451.5000000 -8.8906250
91.5000000 451.7500000 -8.9062500
91.6250000 451.5000000 -8.9062500
91.2500000 451.2500000 -8.9296875
91.4375000 451.0000000 -8.9687500
91.8125000 451.0000000 -9.0000000
92.0000000 451.2500000 -9.0000000
92.0000000 451.0000000 -9.0312500
92.0000000 451.2500000 -9.0468750
92.2500000 452.5000000 -9.0468750
92.2500000 451.2500000 -9.0312500
92.5625000 450.7500000 -9.0156250
92.1250000 450.7500000 -9.0156250
92.4375000 450.5000000 -8.9921875
91.9375000 452.0000000 -9.0078125
92.8125000 451.5000000 -8.9765625
92.2500000 451.2500000 -9.0078125
92.4375000 450.7500000 -8.9843750
92.5000000 451.5000000 -9.0078125
92.8125000 451.2500000 -8.9375000
93.3125000 450.7500000 -8.9453125
92.8125000 448.7500000 -8.8906250
93.5000000 448.7500000 -8.8750000
93.4375000 448.2500000 -8.8906250
93.0625000 447.0000000 -8.8281250
93.9375000 449.7500000 -8.9218750
94.2500000 450.5000000 -8.9453125
94.5625000 450.2500000 -8.9140625
94.3125000 450.7500000 -8.9375000
94.5625000 450.7500000 -8.9296875
94.9375000 450.2500000 -8.9140625
94.5000000 450.7500000 -8.8750000
95.5625000 451.5000000 -8.9140625
94.6250000 451.0000000 -8.8515625
94.9375000 451.2500000 -8.8281250
95.3125000 452.0000000 -8.8125000
95.5625000 452.2500000 -8.8437500
94.3125000 451.2500000 -8.8203125
95.1875000 450.7500000 -8.8437500
95.1875000 450.5000000 -8.8203125
94.3750000 450.0000000 -8.7968750
94.3750000 450.0000000 -8.7812500
94.0625000 450.2500000 -8.7578125
94.8125000 450.2500000 -8.7421875
94.3750000 450.2500000 -8.7656250
95.4375000 450.5000000 -8.7421875
94.4375000 449.5000000 -8.7265625
94.9375000 448.5000000 -8.7265625
94.9375000 448.0000000 -8.7265625
94.5625000 448.0000000 -8.7343750
94.8125000 447.5000000 -8.7187500
94.1875000 447.5000000 -8.7265625
95.0000000 447.5000000 -8.7812500
