64.0795905
3.5134202
3.3673350
3.3399105
5.5088516
4.2826948
3.8317577
3.1726176
5.3245471
3.5319821
4.3937131
3.3334419
3.2798873
4.1756110
2.8401652
2.8643234
3.1191537
5.0254066
3.4067023
4.1708052
6.6831062
3.6518023
3.7691953
2.9394489
5.3811733
2.6110486
3.7998923
4.0249577
7.5844615
5.9546202
4.1105942
3.9821345
7.0792432
3.3272810
4.0551527
3.4469510
3.4024551
9.4872480
2.9785229
12.3551456
4.2810216
7.1622492
5.1367710
4.7649956
2.7749492
3.3623795
3.7653388
8.7785106
3.6746227
2.6606498
4.5596370
2.8374086
3.4886198
9.0724478
2.7036051
2.9177097
3.5433517
7.6131114
3.2765442
6.7084943
4.9787155
3.7105984
3.0691747
3.1167939
3.4437739
2.6554509
2.5603500
3.1729036
5.5026676
5.9969649
4.4107775
2.8545392
5.9147523
2.7993333
2.9842913
4.1306169
3.3729673
8.6533150
3.6299220
2.4938437
7.4931250
3.3718924
3.1900703
3.8407101
11.0088934
2.7167463
6.9710052
7.0153531
2.0579814
2.9088330
3.7162067
3.8774588
3.9191087
4.0383297
6.1458978
7.9915147
2.7354264
2.7703276
2.9793744
6.5979357
5.4764426
4.7181590
1.8543573
5.0890453
8.9951353
6.1139542
4.0167975
3.0972335
2.6835063
3.4666972
3.6599430
10.3728030
8.4581239
7.7867063
2.6658285
3.7159863
4.1286308
2.6953054
2.8771200
3.6624275
3.5213404
3.2290646
2.7700929
5.3680078
3.2838149
3.8888666
3.0769336
15.8001025
3.9548182
4.6364666
2.7122166
7.1834381
3.8076673
4.8018679
8.8976067
7.9942052
8.8098554
10.7569946
3.1817138
4.7232678
2.9996215
2.8140817
6.5047017
3.1891655
5.2571479
2.9840152
3.6533682
4.2182572
4.9914731
3.6559025
6.2616967
7.9908880
6.6430296
2.8336916
2.8009625
3.5580054
5.5378923
6.7586803
2.7306877
3.4312750
4.8557511
3.3528274
4.8515158
8.1768301
2.9168133
2.9813130
2.6531458
5.1927806
2.7690885
3.6678629
3.4442437
3.0347002
2.9925217
2.6475803
3.1043346
4.5119712
4.5820402
4.0381165
4.9917777
4.2079703
7.7135023
8.3063150
3.2378157
6.9275951
3.4157239
3.3157529
3.1910215
4.0688551
3.3248758
6.8119381
3.1935178
3.0452061
3.4805033
2.8483921
3.9975614
4.9942686
3.0759007
3.0854885
3.0535812
4.1253522
2.3108566
2.7720381
8.1554511
2.8136386
5.2671844
5.5360040
7.7610830
3.2950449
2.9670389
3.1977788
2.9056866
3.7210552
2.8820094
2.8288440
3.9199482
3.1886234
2.6116321
6.1480090
5.9360338
2.7730549
2.9324226
2.6212784
2.9893023
4.4187298
2.3028991
4.7068498
3.0310871
3.2547478
2.9002621
4.7266262
3.0488775
3.0078904
3.3967474
2.3552365
5.6504176
4.4870667
1.9260925
2.8535776
12.0732957
5.4643796
2.4981424
4.8374146
2.9158467
2.7832596
3.6969897
3.4481935
3.9985826
8.0434714
2.6721761
2.8093941
3.8111430
3.0093339
9.6371913
4.3055812
4.5352529
3.2501161
4.4032322
3.3998500
3.1179360
3.1515134
4.3852155
3.5313335
3.8115842
5.5858502
6.4458919
9.8306168
4.2849684
6.1121951
3.8215086
17.2858360
3.7045730
2.9890313
2.5076531
4.1336036
6.1867623
10.4054784
5.9329848
3.4741240
3.7104834
3.0284778
3.7710808
2.6410062
4.2331424
3.5834705
10.7792738
4.6024046
11.1584154
4.7565462
3.5784928
10.1049079
2.6980206
3.0281517
3.8086409
3.8680699
5.9103551
11.7334952
3.6998247
3.9989850
4.0460772
3.3303435
3.6642586
5.3536300
7.1506857
2.9024868
3.0611551
8.5224157
4.9297209
3.9767358
3.6942970
3.0284128
7.8137810
3.5661084
2.8457099
4.4847191
3.4263302
2.6877077
7.4420817
3.5105846
2.7825764
3.4440590
4.1811442
5.1467239
8.0442715
7.9814613
6.4983160
2.9947704
4.1540855
4.2061165
8.0923035
2.4029443
10.0752574
3.4417800
4.1458901
3.1413387
3.3618717
4.0900037
5.4804813
3.9368527
3.7907832
3.3832887
5.5933177
6.0986655
2.7196707
3.9600534
4.7824151
4.8314027
4.3742399
4.7970594
5.1253057
4.2962966
4.7797803
6.8863478
2.7881343
3.3297159
9.3526125
6.5320426
5.4251954
4.2262301
4.0518137
7.7003511
4.3710325
8.0418240
14.1431624
8.0176075
3.1373852
3.8172333
3.7435636
4.3605167
4.1359904
2.8486685
3.8736078
10.2195053
3.7868190
3.0846858
3.5072147
3.4508352
6.2971858
3.8690124
8.7531091
9.4044498
6.4986313
5.1249710
4.0811514
9.7737565
3.5202781
6.0499401
3.5624617
5.8821128
5.5185461
6.7806196
3.1421402
4.4323334
4.6776989
3.7491218
3.1858907
11.2224765
4.4292834
3.0370137
8.4695929
3.0082829
3.6180034
3.5991152
4.8985734
6.8457605
5.4604754
10.3783430
3.4687395
5.2564187
9.1360849
3.7355011
5.6995410
4.1275776
8.5841446
10.6480013
30.8441688
26.0468624
6.7246814
17.3382913
4.0629677
10.2523711
4.6845026
8.5338459
12.4182189
9.7443742
6.6713609
12.3416918
7.9025971
26.8118495
20.0431660
8.0062318
11.9444701
14.1161890
26.3933450
24.6694699
10.7918785
15.8662798
14.9377289
13.7667387
26.2586038
8.7296203
25.9304212
11.4656932
4.3647575
12.3805816
20.9700182
31.4212038
24.2721825
20.1543887
27.4799783
18.3845715
23.6580665
23.5673655
28.7082714
26.8164151
20.8768323
18.7820844
37.7080698
24.5787109
37.3413341
25.0089043
9.8704602
15.5229061
26.8426437
3.2120397
10.6376989
18.0478076
28.6632795
13.8506080
7.9217641
11.0477564
19.4795692
8.9884082
46.1362561
49.7132798
31.1174362
7.3570226
21.1524137
66.3271105
32.6549759
55.0875543
29.1412098
22.4026546
39.0996911
40.1264797
89.5373914
75.7605506
62.5045959
49.5935521
36.6939245
25.7574834
18.1384585
11.2763419
105.1415427
61.8752655
71.8408925
82.7842485
68.6692398
81.6939043
312.1859905
106.1791056
21.9310230
33.8625676
3.3747293
4.5798272
10.5131833
14.4089083
18.1377224
3.7368655
12.8239303
4.7964153
19.9141958
6.8886979
23.5547019
10.5928543
11.2056962
3.4957452
3.6703281
8.7370891
15.8138884
4.5355155
15.6397914
23.4022526
3.6936508
6.1724383
7.8354282
2.8094941
13.5041218
22.9164557
22.9098506
22.6545950
25.8354206
25.6458425
21.4971437
6.9285398
22.9785892
13.8940740
16.3179089
20.2388737
24.5164990
8.6352317
16.4950768
16.9923317
25.0048468
23.9552218
19.6376591
17.5631279
16.9528727
23.9131461
15.3554919
14.8744822
10.5437597
10.5460037
6.3476600
9.3764825
13.6262531
10.8639099
15.3383512
20.8198087
13.6012323
23.3222615
5.4460759
24.2127381
18.6274723
19.7055149
23.4007089
16.9519260
6.7742467
7.0666176
6.4492958
17.5627275
5.2372213
11.4351357
20.7768406
8.0467843
7.3015711
12.9687189
13.3747129
17.4065055
16.9774038
10.3955171
8.0052936
20.0892548
8.2165980
9.3387053
12.6748210
15.5978925
23.1245266
14.8101751
13.1454037
17.1449392
5.8041991
7.7354039
22.4822088
13.9687209
3.6268791
3.4530874
10.5477048
12.5359370
11.8024042
12.6754606
11.2646402
8.8078755
8.6695722
13.7118820
10.7257262
2.3473813
12.4825752
2.9452081
2.8248966
6.7416260
1.8733642
11.7317084
4.7895872
1.7352193
13.5098064
10.8062915
15.4253359
1.9236998
3.8375450
12.7818044
3.4930178
1.3251457
7.9326431
11.8271633
2.7176846
5.3949084
17.0851373
6.5793228
10.0933263
2.1079553
1.5379212
7.0363283
10.4838466
8.3607062
1.6090458
3.6596217
7.7992196
6.8291039
9.1649232
5.7998379
7.9408203
7.6515895
9.1695532
4.7679563
2.5045139
6.2758996
8.2894096
9.5038165
4.6944136
2.1808690
12.5690570
1.7758644
10.1798909
5.3525975
10.3931498
4.3619878
12.8352250
13.0350451
7.2837389
7.2432734
4.0374359
11.6270066
11.8345981
15.4599733
9.3759047
4.4542214
7.4374106
10.1426099
5.9785726
7.8967771
5.2947224
11.1340724
19.0713101
3.0850921
7.9151395
1.9985843
6.5400749
8.1351384
7.2630598
11.7383513
5.7732598
10.0111626
7.9787904
11.0903957
7.0972256
6.3150082
12.5959179
8.7706192
4.4507135
10.3388620
8.1089646
1.9393114
8.8497359
9.1724059
7.4996078
4.6653127
5.8368637
9.5784619
7.8132420
10.9626417
5.5273595
3.7522238
4.5679100
9.7053685
4.3592952
1.2112290
8.8114877
9.2126000
8.2269683
11.8258473
3.2196807
3.7260740
11.5327560
5.8188501
4.1921407
6.9469601
3.4709935
8.1119924
6.4298424
4.5044220
6.0790896
6.3652305
5.7125873
5.0998221
9.1817266
6.0422534
6.8677892
2.1625050
6.3597135
3.4810372
5.8654037
4.7966333
5.7413378
8.2037321
10.9840603
4.8852734
12.1899266
7.1256945
9.0824994
13.3091370
11.5085012
8.8839625
9.0124508
2.5043263
18.1103622
12.8122712
15.4534945
6.3337634
4.4802255
11.7840365
17.5580545
8.8602274
8.1602317
8.0430825
13.1193946
9.4367549
9.1675279
10.7824919
14.9144310
9.6265627
10.1283335
13.8224040
8.7826134
4.9209121
13.1624077
13.2976810
3.1202490
8.0706461
8.3818060
2.4349804
10.1437126
13.5271846
8.7746363
5.9444592
10.4404520
3.1232581
6.8999248
12.3503235
5.1296498
5.2230964
9.1572114
3.1345315
8.8139914
11.3566058
8.9143848
11.7338878
14.8501248
5.1808611
8.4174173
12.0113177
10.7812750
4.0062538
6.4198262
6.2944319
3.0088487
8.9082525
11.5278619
12.0545062
7.2982262
4.8832959
2.9828461
9.3489016
2.8039832
2.2631467
6.7994365
4.9153214
3.1110641
2.7687341
5.4633875
2.8818742
4.4909116
2.5200180
2.6356721
5.0334556
6.4594321
3.0259357
2.3693281
5.8250510
5.8080563
10.6660291
4.5504782
8.6727304
3.6001127
3.1479201
2.2485769
4.6114702
2.9344273
4.5237067
2.5995631
3.2666581
3.5625148
1.9349403
1.7528129
2.7520610
2.1558543
3.8224151
2.4436423
6.8428009
9.5051587
1.4550867
8.6983702
4.1818989
6.0958651
3.6852862
4.7117024
1.6780792
3.9634815
3.2222840
3.9347940
3.3675953
3.2410992
6.4057188
3.7074041
2.6887200
8.9125299
3.1219920
3.3938121
2.4251945
3.9923739
2.6417254
8.4155606
1.9552693
2.9446567
7.7645374
2.6899464
2.3283693
3.4380212
4.0406529
3.0877433
3.2123878
3.9944755
2.1169566
3.7604135
5.4885421
5.3459779
10.3808286
4.7021194
10.1976345
3.2647412
4.5266945
4.3905118
11.0829739
6.8370112
2.6566067
10.2722129
1.7397001
8.0089197
6.4775217
5.7350752
7.7915885
5.6097664
2.7583972
5.9636920
4.1891605
3.7489704
7.2189786
4.9910083
3.1530647
6.7361546
7.7531907
5.8696002
3.8572511
8.3995427
2.6407068
4.3682931
2.6072477
10.8916604
6.1450252
3.9062530
5.4276687
4.9962269
7.6621957
11.1424000
10.1841259
5.6301287
4.8662876
6.0684704
12.3443610
4.6928969
4.3986579
7.1543918
3.7640714
6.5035514
4.3072738
3.8838412
4.1270994
2.3644082
3.5527072
6.5229485
8.0362813
3.5461805
3.4887199
2.8542964
4.4435210
5.7136877
10.6206713
7.6169045
11.7092967
10.1240712
20.0568100
4.6896177
2.3246650
7.4883905
5.0483214
3.5324852
4.6756717
2.3638898
9.3338463
8.1884582
4.2371422
4.7197996
2.7458801
4.1968365
5.6341577
7.8999770
8.9243854
3.0027307
14.4441791
6.2083402
5.1013666
3.9883900
8.0912966
2.9387184
5.3878116
3.8515819
3.0642170
3.2869292
5.7910850
9.3549659
3.7811481
5.7793083
5.8112376
4.2610610
6.2701018
7.6059172
2.9768186
6.8483214
2.4497725
3.7237780
7.2096406
3.2046967
3.1595415
2.1765616
2.4478747
2.8714928
9.6775360
3.8331221
5.0800441
4.2970884
2.8707827
10.6855957
3.7028832
6.6671196
2.6904108
1.9299167
4.1013863
5.1785387
9.1681772
4.9632760
8.4504446
2.5924813
4.3468200
9.8306618
7.0412321
7.6475837
7.6253332
4.8334854
8.3337246
5.9794030
13.0802585
10.1779054
5.8912047
5.5818857
6.0140458
6.5754103
1.8164897
9.1007632
3.4435115
4.4567287
2.4522102
2.3237573
6.7298566
2.1115812
2.4978299
6.5915500
6.6186825
10.0657628
4.9916549
7.5322219
9.8428641
8.6722544
4.0336102
8.3014312
7.1468623
8.6561477
2.3470065
2.2054045
16.1117667
6.4896885
5.6332942
6.2815315
3.7203005
2.6914569
7.9600038
7.2239817
4.7985129
6.8501894
4.3744155
2.4828669
3.1456063
3.1900791
4.1299799
8.0117306
5.1738573
7.5806494
8.8232996
4.7991711
7.6778626
4.2902894
6.9674062
6.6411705
3.0636338
3.5899430
14.2611018
7.9811897
6.2284736
1.7911796
6.7293967
6.9568161
6.6626369
2.1769406
9.8319276
8.8876524
9.2396584
8.3981955
6.9677565
5.0448163
5.7381758
10.7342051
4.4935628
12.2000456
6.3691233
4.2077658
2.8847026
5.9270919
3.4001872
11.2555008
10.5922686
1.8740748
10.8431225
6.0147413
9.1587106
11.9861653
9.9180619
8.0546802
20.7546275
9.3462873
4.5450632
3.2843939
10.7249745
6.9209944
2.1174954
11.9648556
7.0770291
7.4744342
7.4298070
4.9499035
8.9879424
8.7505431
5.7181804
17.4323370
16.9137095
12.7378355
3.5501766
11.4447297
3.8735969
6.9837595
7.6153144
7.0637649
8.9323492
6.0759584
9.7315205
18.5451461
10.0580407
10.2484193
10.6793435
10.7182874
20.6017310
18.1093641
9.8994276
8.2753200
11.1445889
8.5127591
6.3712467
6.1232512
3.9479400
3.7729221
4.0271475
12.2888856
9.8857286
9.8965930
4.4892489
2.7761254
5.7059902
12.5081924
12.7276596
4.4960141
14.7406900
14.5236516
8.7506156
8.5350793
8.2223010
8.6325599
5.8385869
15.2261399
1.1025337
27.3870295
3.1389197
8.9620720
4.5551733
5.9556868
7.5068237
4.8239996
10.6988715
12.6671547
7.0390829
6.9213293
12.8545636
5.1564520
8.1776787
10.7972067
9.4149963
11.0290681
13.8327662
9.3466609
7.0453556
8.0312652
10.1924026
6.1009380
2.1294092
21.0282920
9.7512992
7.0575843
10.9154504
2.4951451
1.4607383
2.2563710
1.4827011
3.3635190
4.4416522
3.3549072
4.1779755
5.4606933
2.5283012
2.1960364
6.5793894
5.2839468
4.6318278
3.1425436
2.9100654
3.8591713
2.4045541
3.5677932
4.8781993
9.7100717
5.5350520
3.7879618
14.5357136
9.6016241
10.4126473
27.3129664
14.7591488
16.9586092
11.5001107
19.2834544
11.3977409
24.8353160
35.4723794
14.0463732
4.1978348
28.6615142
17.1244431
27.2938245
8.9045125
11.0642072
21.0908297
10.8140444
12.4907500
26.8764348
15.3739854
4.9869925
24.6326571
20.9892409
11.0637796
22.3644214
9.9653773
7.6026075
22.1758736
16.4346747
6.0306082
10.6013041
4.9023617
15.1391781
4.8992188
4.6732897
9.6730565
22.5185022
10.9500026
26.7467330
5.7505830
10.8728096
8.9155569
13.5415157
20.7906135
11.3179747
6.8555992
7.7957406
8.5091023
35.6235578
8.3074717
4.3454277
16.5992386
7.2260441
19.2764465
5.2074027
15.6872829
44.8653603
2.5905305
11.3292365
6.4438868
7.8614387
4.0811705
6.4116120
5.9586769
10.7637598
8.0061680
11.0607090
5.6695277
2.0980141
3.8425028
2.8978227
3.9984867
22.5560719
3.3345215
2.2636176
2.4108228
12.7757216
3.8029998
5.9164537
3.2537681
17.7614902
13.4470628
9.5732059
2.8982216
6.4002336
10.4243230
7.3714569
8.8037141
4.6375101
3.9344343
6.4008900
2.7351600
3.5892375
4.6566745
7.6008823
3.4092909
5.2866985
4.4157469
3.9999771
4.5386779
6.8337006
5.4839043
3.0758581
4.0176182
7.9926283
6.7712331
7.5970448
5.8262469
5.9491876
11.6932145
6.1327072
8.2147251
4.3251921
13.4087602
6.8629865
5.1226885
9.3982120
6.3424579
6.7632292
5.9191155
7.2410640
10.7679836
5.5496714
10.7436074
12.3231672
7.5214223
4.6899174
26.7751198
13.0966726
10.9861749
15.2469464
21.3346972
23.1210935
17.9130197
19.8210633
17.4460460
8.1850930
14.8240136
3.6064267
11.4487454
4.8339111
5.3221347
5.5354943
4.5587893
8.8089373
6.3980528
8.9009819
5.2915053
6.5179080
9.7184533
8.5327698
2.8133260
5.1089961
4.5753973
12.7032119
7.2291081
6.7363602
7.1435897
5.7094157
6.0841342
13.0221050
9.6784570
10.0025915
4.1020262
4.2545651
12.9326163
5.1667906
7.8225193
3.8935508
6.0949091
3.2138223
6.2961899
5.9089662
14.6797434
11.8644435
4.3924042
6.1817897
10.7225194
4.9868968
5.8271014
5.0918565
11.5397460
6.0735497
7.0260604
16.5069845
17.0218901
8.3155454
2.9415212
12.3132592
7.2622338
3.4713667
9.1131110
4.9860715
12.0306433
3.5819658
4.2931088
5.3047793
9.4203135
11.3598315
5.4913613
7.0301870
3.3352722
21.4839533
29.8201785
14.3260303
18.1003723
14.1607059
8.1935007
87.0902861
23.7558678
19.9305161
11.9561645
17.2926325
44.0071910
34.3864402
22.2389801
126.3388861
17.2257449
9.1055645
3.0192058
35.5152293
37.7334928
9.8103045
7.8509124
7.6512503
28.2011508
51.3127753
105.7615062
55.3682317
46.7537120
44.9012847
12.1455459
35.9783202
73.3229547
65.4431539
13.8049440
36.9063378
8.2680272
91.4022736
14.5812289
43.3663959
47.1542637
24.5592021
79.2803464
5.7028643
4.9127636
83.9392055
53.4676757
63.5030093
69.6634319
36.4402819
13.6079173
40.7809343
2.8137974
4.7295455
4.2154341
32.8155641
10.0450251
6.2685654
13.0065058
4.3806783
8.3419050
15.6768569
6.4209723
10.5339978
29.3381976
2.4728535
5.1773925
11.8095993
20.3867556
7.5194255
11.5656762
37.7789809
5.0841030
11.3553242
13.2777365
18.2220433
5.4340144
5.5644842
11.3804370
11.8329440
9.9485412
4.9781015
12.1367621
14.7352217
33.5917302
21.3794578
4.8786177
22.0392118
17.9442837
6.0752405
4.0235232
7.2766982
6.4130279
7.5093544
4.9218734
13.2129295
5.0208434
13.3974171
11.7279186
14.6767456
12.7663201
8.6991217
8.3118476
4.8225158
4.0746723
8.8041826
7.6128058
6.4988639
15.3451955
4.3412169
3.8918569
11.2868648
16.9094739
4.4503019
8.3812839
4.0640613
6.8612190
11.0052320
7.5443212
3.1114877
4.5104104
5.0623327
6.0499158
19.8669956
4.1181684
4.5406174
11.8186122
29.6814228
3.5928826
5.0686282
6.7326289
14.7630135
3.9324519
7.6702202
5.1003046
4.5684544
3.3857286
6.0450063
5.6610907
6.3131527
6.2470791
7.1577544
9.4885344
4.1004008
3.2335891
5.8992386
2.6308265
8.2549874
2.8796727
5.8992299
5.2865495
9.4204046
7.6896107
6.7785616
2.3785161
3.3016641
2.8810863
2.5407452
4.3835403
4.0228962
5.5247303
3.4001452
4.1318596
4.4750799
3.7065906
3.0987289
3.9249913
3.5708387
3.5330069
2.3126472
3.7625548
3.1308852
4.3129838
2.3891173
2.6307245
2.6283702
3.4455586
2.8944793
2.4877759
3.3969237
3.0263665
2.9626696
2.8092000
5.3405980
3.2400020
3.5956575
2.9605630
3.6456999
3.3977680
3.2663035
6.5088116
4.4973287
2.2012516
2.3859537
4.2959219
4.5465463
4.6996817
4.3351686
7.7465712
5.0288662
3.1090532
3.8436951
2.3598161
3.0023855
4.6770811
2.9035671
2.9465405
4.6244471
2.3520423
2.9427372
4.7072343
5.0533085
2.9922188
1.7725978
3.2236556
4.3246192
4.0302699
3.5066524
3.1796582
2.3033343
3.5467183
2.4313312
3.2344649
1.7367005
5.4383079
5.6963549
2.7555332
2.6289736
4.2794025
3.2479264
8.5700815
2.5136080
3.2252989
2.7559339
2.3413464
2.4850211
2.5525799
1.9222489
3.6644533
8.1589657
2.3781901
8.5295802
7.2353618
2.5720023
4.0308053
2.6804447
5.0771511
3.7375306
5.6880032
5.0837047
4.4508734
3.3341311
2.6071712
4.4197851
2.4078584
4.9832615
2.4327837
6.9734813
3.8844926
3.0414017
2.7673414
3.6167347
4.2028916
3.0505590
4.3241917
3.4531418
3.0715482
2.5506679
5.9873776
3.5549766
4.2845822
4.8464961
2.5024544
5.8104372
2.9658473
3.6322015
2.8988326
4.4090259
4.8711202
3.0771321
3.3178811
3.3446375
4.8387028
3.4848883
2.7650527
4.7104618
2.8799123
3.3598795
6.2828993
4.2010569
2.4563906
4.0683531
4.8145493
2.6178553
5.2391770
5.3771109
2.8580677
2.5811602
2.7297320
5.3707103
6.0144321
4.8022457
5.5701281
5.4501698
4.9276991
4.2037635
6.2952271
4.7741789
6.1189430
5.6365540
6.0836564
4.7715272
3.6559759
3.8485047
4.9484845
4.3379361
4.7221761
4.5517273
4.4884653
4.9289768
3.2081380
3.9745665
4.8536932
3.1061845
4.8533780
4.4098389
4.7226379
4.7957603
2.9750694
4.3574106
4.7264503
3.6299069
2.5002612
7.2395658
4.2870169
3.5900043
2.7408274
4.2554254
2.7930591
2.9363755
3.7832507
2.9093856
5.5115302
5.1376729
4.6277309
4.6934632
5.6882504
3.1866474
6.1580101
3.6801754
5.0223336
5.2701031
3.6663572
4.5003689
4.0778908
4.4741547
5.1162255
4.6589657
2.6384271
2.6710909
5.4608380
2.5905559
2.7252248
3.7369896
3.9407003
6.1120626
3.3126758
3.6742356
2.4329232
2.5997219
4.8633071
4.1406734
2.7708803
3.1119358
4.7482094
3.0461054
3.8082033
3.4769768
2.6564756
4.5318505
2.7154418
5.5389638
3.1900605
3.1813267
3.0000506
2.6960892
3.6771325
5.2392293
2.5393934
5.0305341
2.8935750
3.0786416
4.1216408
2.1812101
5.8619070
3.6687623
4.2515871
3.0914930
4.0360102
2.8162488
4.8623251
3.9037301
5.2442738
3.6731190
3.7426904
6.2680957
3.4964020
6.1623618
3.2145374
5.0468965
4.2482266
3.0894104
4.7061591
3.1424166
3.7026993
2.9262458
2.6680169
3.5820067
2.8437549
4.1713371
5.6025981
5.9471477
3.4741178
9.5588659
5.4615520
6.9816007
5.2819875
3.2864214
4.0060001
3.9446555
5.5250749
3.2719949
7.0779967
5.4551028
4.5130744
2.9109582
4.7456929
5.7876207
4.8856011
4.3083046
4.2719586
6.1163936
4.6968958
5.4192639
4.6821799
4.9862834
5.1289653
3.9893133
2.7547832
4.6023548
5.6619680
2.8807294
6.9698587
4.1272773
3.5217537
3.8456429
2.4197095
5.5308237
3.1734898
3.8214580
3.2450742
3.1178236
3.9184235
3.6501660
2.8871620
4.9767071
2.7633790
2.5002529
4.3833338
5.2565454
7.4897215
3.1751761
6.4547060
7.2076554
3.5210694
9.2359246
5.6523588
5.1862545
5.7412261
3.9506103
3.8333605
3.3994555
5.1585356
2.4960876
5.8141379
3.0128350
2.8284531
4.5415384
4.9451848
2.2635978
3.2094547
2.9915470
3.9948611
4.5290771
1.8454957
3.7242408
2.8691419
4.2983648
2.6916351
3.9319958
4.1992539
5.2080333
3.3037265
5.0354544
4.5154471
3.7365948
4.2916947
2.4443421
3.2030098
4.5076596
4.6222547
6.1642391
5.3386935
5.0955052
7.7309656
6.4820285
6.1880760
7.5622657
13.1121555
9.4850783
4.9843975
10.0705970
4.8465239
6.5513657
10.6728045
7.9030844
11.8805244
3.1078493
6.8770314
10.4995053
10.3408465
6.8367098
5.5095045
7.8511603
6.0348544
3.0479730
4.1017536
7.0385613
7.4292868
3.5302996
4.7586788
7.0420738
1.3693074
2.0227579
1.2112033
3.2240730
1.9956915
4.4288264
2.6491498
1.7546802
4.7713586
4.4007900
2.3701725
1.9585208
2.0919962
3.0633397
2.8734079
2.0269148
2.3872116
2.0456906
2.9730320
2.1948572
2.8541012
1.8129743
2.0061970
2.9418000
6.1591958
3.4674532
2.6806274
3.0153969
5.0195514
3.4977117
1.6971975
2.2911041
5.1040892
2.5745911
2.1216072
1.8665628
5.0485104
2.2227478
3.7901255
5.2673319
1.5541161
3.7183154
5.2426534
1.9988381
5.4032067
5.4298233
1.6524304
3.5224795
6.6563082
4.6528494
5.1257380
3.6861074
2.1733741
1.0163682
3.6806075
2.0850920
2.5313281
2.5572948
2.9576835
2.7386410
1.6423703
2.6389646
1.4328102
3.7038397
4.0886646
4.6346136
3.6496843
8.5780595
10.8164173
6.7037429
7.6939971
2.7155155
1.9478488
6.1999578
7.6301172
2.3032759
23.4347860
4.1127801
4.4789237
2.4151405
9.4712049
2.3849079
1.8229955
10.9918990
43.0035190
5.0425816
10.4917058
8.9327257
2.2353612
24.7726118
5.6837202
14.4113743
6.4237860
8.9288820
5.9196387
19.2403676
2.8204086
7.4515028
13.3601227
11.3170622
9.0007278
6.5214473
2.2804046
2.1790070
5.7804467
2.0554123
17.6430282
3.1310235
12.9489885
38.0317066
1.2537895
3.5166358
1.9122132
4.8961358
4.5886392
19.0093389
1.8079451
31.8815907
2.4857457
22.9278065
3.1793874
5.1792185
2.2656136
4.6749403
3.7793249
2.0218921
20.2010589
3.5450109
2.1144742
5.4900203
57.3646424
2.8945831
1.3374876
3.1196371
3.6001691
2.2745570
4.4845234
1.9153270
5.8433562
1.9795168
1.2135871
5.6406987
2.9521474
3.1952297
2.4518234
1.4210617
2.4959509
2.2325492
3.6453982
3.7589507
2.1096826
2.5147289
2.3716304
2.5968921
4.0313947
7.1858736
6.0647058
1.4714132
1.7916305
2.1881656
3.3898354
2.7302077
5.7739568
2.2813509
1.4431808
2.1592912
7.8248099
1.6721651
1.9091547
3.3497769
3.2242524
2.6452242
2.9008964
3.4026181
5.5714971
1.6584784
2.5326021
3.3372381
5.4116508
8.6895908
2.6478532
3.6663256
5.0632589
3.7814950
1.7768640
5.6890701
4.8546437
2.4451137
3.0516182
7.3473237
1.9565657
1.7419997
3.5581240
4.5300088
2.3156328
1.7855775
4.8845558
4.9325975
2.7098379
3.7537046
3.2829985
4.0803353
1.4705986
2.6123035
2.6170738
3.7447280
3.9693197
3.9162871
1.7184065
3.7078066
3.8773080
3.2788833
2.6585739
2.4358924
5.3058300
4.4567563
3.0674478
1.6589498
2.9231276
2.2199810
4.3986845
2.3417397
3.1517609
2.5304325
2.3106764
8.4944320
3.5969359
3.4765801
4.4001024
2.5670979
5.8618451
4.2619331
1.4902450
2.8920389
5.1555804
4.9276426
3.5959155
3.1027039
3.2013580
4.5100135
3.6678320
3.5146309
2.1158789
4.3341709
5.3204625
4.8188636
4.0863987
3.6062996
3.2773383
6.5261770
5.3392844
2.8396701
3.3777962
3.4320843
3.7326189
3.5256604
4.0223675
3.6755654
3.5949130
2.9294161
3.7043114
3.7653368
1.8657564
4.7163993
3.0824163
3.7619641
4.6075445
4.7313139
3.4789363
3.4583803
2.9918258
3.7672471
2.8876468
3.3976469
1.1612706
1.8369144
4.0585654
2.4157146
3.7509940
5.4565089
3.9913904
7.3213633
2.9119298
6.9458472
4.8515430
3.2288822
3.7121002
7.0408142
3.6219338
1.7880756
3.2351749
2.8923676
6.4019228
4.0876489
5.5361109
3.4746011
3.8172745
4.2895415
2.8933714
5.2754344
6.8908816
3.4216229
3.7781987
3.1891833
3.3478699
4.0055303
4.0357926
5.7416808
3.4112120
2.7287469
7.8339565
3.1580123
2.6395180
3.2555599
3.4651818
3.4277175
4.7889998
3.7565357
3.8509294
3.0042396
4.1184934
3.0809449
3.5648823
4.9684966
3.8447790
5.5311814
2.8874048
3.0626262
4.0206647
3.1371851
7.7220188
2.6191535
5.5169539
2.1328110
1.6297679
2.3777479
5.4326266
2.7233484
3.2446545
4.0603352
3.6160300
6.0090256
3.0644131
8.0675381
7.3797254
3.4960569
2.2407655
8.9847043
23.0222105
3.8757949
8.1129490
3.7747621
20.1905961
4.9604078
3.8611696
8.2070369
3.6004710
2.7733636
2.7574799
5.7700917
4.8707919
3.2428134
4.0766802
3.8155835
1.8224852
3.2253141
2.1448868
8.5737159
2.7587974
1.4669375
5.3385760
5.0139426
4.4765364
2.1659499
2.0971551
2.3543792
2.4186902
2.3622355
5.7983678
6.3026162
1.5577710
8.3006942
3.9479056
5.2961717
3.8393813
3.2479720
4.5969619
5.1151072
3.1632220
4.0385045
5.2824924
5.5792119
3.8927577
5.2195809
8.0533147
3.1933627
4.0545438
7.8378971
4.0447852
6.6941287
4.3857869
6.4612853
10.5064556
5.0722820
4.7578833
5.8685095
10.1288104
6.1405579
6.5783660
5.3537469
8.0649340
10.5898677
6.3086449
15.8069366
5.7441970
7.4978852
4.5379625
17.1073458
5.2705268
4.4329681
4.8161460
5.0602899
5.6566583
3.8335506
3.9795507
5.3618002
8.8990076
8.0976580
4.7647037
9.1799068
4.1894952
4.8229765
3.6435397
4.8304125
5.5966980
4.0922098
4.1517337
5.9986031
5.2896262
4.7297361
3.7931675
5.0456118
5.9467012
5.4203728
3.9510568
3.3520806
3.5056580
3.7446094
3.7797539
4.1695852
4.7279741
4.6039439
3.6845548
4.0905102
5.9360214
3.7861794
4.6823645
3.4252156
3.8503562
5.8703772
7.7564946
6.9344285
9.1361340
4.2150413
5.4996604
4.7286514
4.5420462
4.8700706
6.3953797
7.6544755
11.6881808
3.1066407
8.3271144
8.3816903
5.2250566
5.7523914
3.9878952
9.5063597
12.0411576
10.3018315
5.4816167
8.2746405
19.2481604
4.6622363
9.7560767
12.7915169
8.9665611
4.5256839
4.4211718
4.7396812
11.6770597
6.0967340
4.3943219
4.1915420
3.9971020
6.8978265
4.3498916
4.9493504
4.5321872
4.5461189
4.6625454
4.3141988
4.6346730
10.1276071
4.6828159
7.0585393
4.7948620
8.1508883
6.2505739
4.1965448
10.5407286
6.8511436
4.9321996
8.7298382
8.0756505
6.8284422
10.5994828
3.7540643
9.3240941
5.8479471
4.0118149
4.8965933
5.7243808
5.5843703
12.2658396
7.4418284
5.9423475
6.8865266
4.7752484
4.3455653
5.8355130
9.6991133
7.4436299
3.6960214
3.4430401
4.3108349
2.5829678
5.2781774
9.6272844
5.5207297
7.3878699
6.4399135
3.7189477
7.2902426
4.6581901
11.2436531
8.0871323
4.1849283
2.7566411
3.1719024
5.3941844
7.6621134
6.2199778
3.7182777
3.7431782
10.1974389
6.2996054
10.2928167
4.7003649
3.7566310
3.2248010
12.0133335
6.8285769
6.3781877
3.2696636
5.1532500
7.4149394
3.2189101
5.8633198
3.0227410
5.5347558
4.6208203
2.7058045
7.8700110
2.8752571
4.3795023
3.0056191
7.0362286
2.8408828
5.5565209
2.8581103
5.6340771
2.6814696
3.4110420
5.4242854
6.5599620
4.9305741
3.5058399
7.7355624
2.6743923
3.8840316
3.6989872
3.9786796
2.1319140
3.3980192
2.2960901
4.9269250
3.5633767
3.2893765
6.0106658
4.0796668
3.9454395
3.2304879
3.1099095
3.3759183
2.4319802
3.9932733
3.2525132
4.5006316
3.7706735
3.1275450
2.2351066
2.7212933
4.2872908
7.1012683
3.5831985
3.0584609
7.8511795
6.1287036
3.0043170
4.4153396
4.0892323
6.0593622
10.4499243
5.8917363
3.2116451
10.8556365
5.6550116
4.1008051
4.8420697
4.7762185
6.2629104
5.0357486
9.3047406
3.3368384
3.6166476
3.5666531
3.0935075
2.9172680
3.7288146
2.8315771
6.6271727
4.8323989
3.6911672
3.3276071
8.9276203
6.8385369
4.6300122
5.5907770
3.6416639
3.7814180
9.5166450
5.8533846
9.2747116
8.4166901
10.3077873
12.3120613
8.9235395
6.3185374
5.4498458
5.4834216
3.4955238
4.2896424
4.6824587
7.0589407
3.7141568
6.0339199
4.3188810
4.3696773
9.1300189
7.5169638
7.6274363
10.7934531
3.6556357
9.5378099
3.9734160
3.6222986
6.9235596
3.2410283
3.1662000
4.1219965
3.9750762
3.8447974
13.3471645
3.5306031
11.5946798
12.3246094
10.8933710
27.6360594
13.2922936
14.3901528
14.7660537
17.1259820
16.7302762
14.5501585
6.9163979
13.0663526
15.7068386
20.4684182
6.5649075
13.7786245
9.3768458
18.6243253
14.0700619
16.5175245
15.9129399
21.5923332
17.3163565
17.8867876
24.8255099
10.2575064
28.7091432
23.6033383
29.7060033
22.2590373
19.7407089
30.7039606
2.5723551
11.0042836
12.1815368
3.1886204
5.8893414
14.0574334
5.4079815
4.2134824
12.8094881
10.6807359
16.1348733
6.8979166
4.0139728
5.1874182
4.8652470
3.8086097
5.7674650
9.7366230
24.6829633
25.9957121
4.5555060
52.1920027
3.0058210
24.5721718
3.2300710
4.8574712
5.8647052
19.6921763
5.1664460
31.2485866
3.1769568
14.2570953
31.8366139
9.7538333
6.2838434
26.5091649
8.6537057
2.2699914
3.5825325
35.0535222
9.1106146
6.0553376
4.4322135
20.7913482
3.6615110
5.9240286
5.8483047
10.4802768
16.4416023
15.4481931
26.5326693
29.9209035
34.2848461
13.6714185
5.9658359
10.6965827
7.3670351
26.7144299
18.0857322
13.1104935
11.2042383
12.7363401
24.7053466
51.2035674
8.5132407
11.7213533
48.9267188
8.1826212
31.8448678
13.1163534
38.6904520
9.4696288
3.9972297
4.2672614
16.5883630
1.9585108
25.6324484
29.6966508
27.3057620
16.0453240
33.7864411
28.2923464
18.3427201
41.2157343
14.9520080
31.6394280
13.9984361
14.0345954
17.9261123
33.2694148
40.8294463
16.1776419
22.5572762
7.9593943
31.0626693
20.4387960
27.3441968
28.7086271
18.1036842
9.4150725
22.9507444
3.6670172
14.1038227
8.7387520
10.4951211
17.0624453
8.4139448
8.1088374
27.9632664
9.6090751
8.2261692
5.4678892
24.0072181
17.8977540
31.6401959
14.6122039
15.5800162
23.2781816
20.9794096
8.7190470
15.8941648
16.1082470
25.3316723
2.4836044
16.4995252
10.1124508
24.1664428
7.0701708
15.1809855
16.7197089
6.9653256
15.6919255
13.8125115
4.1637500
2.9140580
15.1316843
18.7034573
9.9181770
12.8562312
7.6426888
5.8726406
6.2704516
4.9679678
3.6300227
3.7552171
3.6482365
3.7860774
6.4146249
3.5392304
7.1893864
9.6325022
4.3165110
3.9342818
3.2144285
5.2855687
2.6285761
5.8651875
5.9467602
2.3650264
2.4755896
3.5627484
7.8201443
3.6198136
5.4201984
9.2906838
2.5682118
3.8665524
7.1289078
2.0169657
3.3663822
7.6701343
3.3426124
5.4156007
1.9387530
3.8713814
6.9494721
5.1392979
4.0203691
4.7714099
7.7131613
6.4602671
5.4152084
4.1346623
12.7407926
3.6592826
2.4732879
13.2571609
16.6301704
18.2904116
14.6877070
10.0257816
15.6159705
13.4825209
21.8663287
14.3638261
20.1136223
13.9428381
18.0280405
31.3651756
20.9135883
22.7441963
33.8342621
10.6806105
12.7300638
13.8198082
19.8774497
6.4241585
14.9575392
14.3863633
13.2257893
7.4583496
11.5000057
11.0356729
14.9681086
8.5064572
4.4080762
5.4233602
1.9783868
3.9996396
4.9594774
21.3984412
14.2322304
5.8165497
8.9447098
5.2735186
6.7869086
4.4258454
4.2476457
6.2265027
3.3281934
3.6743293
5.7550690
4.5961949
5.2527358
4.2204076
8.7845489
12.6007505
5.7428962
3.1045495
4.0224235
3.4413378
3.8216609
4.5333942
5.7545593
6.0846071
7.7890859
6.5745013
4.1512459
3.0243314
3.9127786
6.8990926
3.4461664
7.0282340
4.3186879
7.0018247
5.2717723
5.2342642
4.4133629
2.9403163
3.4844046
4.8079475
3.6572391
4.8299176
4.0090006
3.1802513
4.9844559
4.3736889
3.5341955
6.9324184
3.5533574
3.8765071
4.0668952
2.6380010
4.3961360
4.4168718
3.6987179
2.9475218
2.9579527
2.1726870
2.9596730
4.2417545
3.5509551
4.2521602
2.1759959
2.1518170
5.6793136
6.5577510
3.6538813
7.1361889
5.6720257
4.9409252
9.3512534
4.4774319
2.9368161
5.4495840
7.0692419
4.5451224
3.4669098
2.3321129
7.4960023
8.0073089
5.4268925
4.5659207
9.2358853
4.3257787
3.2010599
3.3910389
2.8626615
2.9601962
2.6375627
2.8012520
4.1048134
2.4219708
2.0257493
3.8692177
2.9864285
8.8650032
5.2683013
2.9165993
5.1780584
1.9406513
2.0300277
2.5727019
4.1531526
1.9863154
2.6079681
3.6138711
2.2795829
1.1525832
4.3474201
4.9920728
2.0572941
8.0435135
2.7855375
1.7003041
8.8882821
5.0195236
2.1585835
8.2560460
3.7619441
3.2688165
3.1519129
3.0069273
5.3771346
5.7250980
3.2131838
3.0296231
2.3740888
4.2886060
5.8067167
2.3455775
2.0012296
2.9466674
3.7442966
3.6480802
6.5419819
2.9963675
12.5913482
4.4151433
5.6047689
3.8527052
5.6079987
3.2590710
6.5836302
2.1462383
4.9894236
2.8958195
4.3423307
4.4582143
5.1182114
5.4090045
8.0367590
10.7906939
3.0425520
6.3188556
6.3810677
11.8804235
4.1334188
7.9536630
7.9463327
9.7664291
17.0180821
13.0291618
4.7561863
6.8385122
4.8270662
10.3319978
7.5241398
6.9448874
14.1633769
7.5571263
7.7831564
4.9044820
5.6099486
9.4608782
8.6470798
9.4359737
8.8605853
7.8102652
4.8703655
5.9096721
4.9731991
7.3442322
5.1284747
4.9064998
6.1200106
9.4650831
5.2850687
4.6457477
10.7325081
7.2573333
7.6835132
7.9193196
9.1365870
15.5395733
6.8167218
13.8444123
8.7951616
8.3653952
8.2197644
13.3484215
10.1438665
4.5633954
7.5990007
8.5905613
9.5766810
9.3749529
5.6644802
11.5067000
6.8117600
13.5586659
5.8145277
12.5340815
4.9601915
6.6914640
7.0800085
17.3950768
8.5150508
3.2742097
11.1042740
7.1947675
10.0341165
12.6234141
11.5246635
7.0183195
9.8129094
9.7094094
4.4204042
18.5601972
5.8519178
13.3675969
8.6751585
7.6240241
7.7077875
13.2328895
13.5500704
6.0523398
8.5278331
10.6028295
9.7085599
6.8226296
9.6209194
8.7967194
7.1285764
12.6626931
7.3579229
5.9158723
6.4915419
13.6476117
10.0938288
9.5899584
7.2110652
7.9952271
8.7140892
13.9078853
10.3768257
11.2455789
9.7712337
11.9083283
9.3706366
11.9852457
14.5023576
8.4476035
12.0569283
11.8365966
5.3567335
9.0511368
24.7274607
16.8972488
12.5872666
10.4422238
9.6477594
10.7678953
18.0085691
9.4439820
9.2814031
11.7092453
7.9193647
6.6036439
9.4547188
12.3897030
9.2435315
9.9318744
7.0636803
5.6202029
13.8448557
11.8492304
12.2796017
3.8518157
12.6011593
7.3373280
8.4675944
11.4983425
7.4658425
11.0424124
15.9161837
9.7992147
12.4210157
10.9168911
11.1225921
8.8864679
15.0263059
6.5180040
11.7244623
11.7761510
12.0132044
9.6305015
4.7319203
9.5735397
16.0011549
8.8812992
7.2841244
7.8706637
12.4804079
10.4925645
8.8634959
7.1491226
9.2177675
10.5773069
7.9886440
7.5957150
14.2757937
6.3439762
4.7892447
10.7360905
10.6561420
9.8760503
18.0433679
8.2293932
8.7094232
7.8092884
8.8426544
8.2617330
11.0661525
10.9852077
12.0714459
6.8988144
7.0662008
14.0381364
11.4271569
10.3967929
11.6291842
7.0615115
10.2794140
14.5747929
7.9295479
7.9853299
9.6683185
6.4453933
13.9876113
6.7322201
11.4344937
17.3910733
15.9151654
7.8498545
10.5639283
7.4857292
7.2996860
8.7549527
10.0229374
8.7169689
8.8335421
8.0870033
8.1417479
10.5250968
9.6557163
8.2210777
18.2138157
10.2678612
12.4827420
11.9171034
11.6621475
19.0283824
7.7619942
13.5221046
7.4841788
10.0213546
8.7805480
4.5491102
7.0319342
9.5263013
6.3433020
12.6839720
13.6270622
11.2441066
4.5890570
5.3488873
8.7890885
8.5017145
11.3885900
5.4686565
14.6584380
5.1886398
7.5331564
4.1487489
4.3354305
8.4557687
7.8381392
7.0764546
7.2805768
8.3910810
5.2573537
10.5844527
4.9657940
5.6459387
9.1594038
7.1397664
10.0078158
7.2814611
6.3811996
4.8940362
10.9288402
4.4780058
6.5568591
4.6231071
9.7049422
3.9974890
5.5634115
9.6840786
4.5369903
7.4144074
5.4406214
8.5930240
8.3316069
6.0314319
7.0354263
8.7744868
6.7159321
7.7767963
6.0499269
10.0346232
6.1888344
5.5988664
9.6049882
9.6518395
5.5317180
8.8761727
5.5973079
8.6313002
8.5476112
6.9665607
8.6403387
7.1809968
6.7999541
5.9867266
4.5517207
5.5882897
6.1739825
7.3589577
4.3448120
7.1061757
8.3628516
4.6436973
8.2647966
9.6897145
4.5635334
6.9911840
6.7936595
4.1882689
3.9630124
5.4883946
7.9456140
6.8054709
7.6208011
12.9291875
7.7689777
8.5053502
3.4483567
7.6379357
9.1274197
3.9197527
8.5619094
5.6958316
10.1860840
6.9526023
7.6926405
11.4219388
9.1156930
3.6823156
5.7388427
5.4579028
8.1089574
9.2970510
8.9677588
2.9806571
5.8746900
9.7731411
10.2264983
7.8304035
11.6415140
6.5419122
3.9227177
7.1642057
9.5699043
5.0302555
5.2915279
5.2809525
4.0590442
6.6793529
6.0217460
7.1341456
9.4968171
5.8814704
3.2522750
7.1762565
2.8258024
7.4569710
6.5177654
3.8701769
5.4015083
7.0712515
4.2745777
5.5142320
10.0105635
7.9645332
4.4156324
4.5400650
7.0072135
3.7287129
10.3942547
5.8147566
8.5999738
4.7135523
10.9087638
7.2587546
8.8477070
5.3442187
3.8574557
10.1673032
3.7703810
7.3904884
10.6226667
6.0049427
3.9291198
8.0245363
9.3702877
3.9576917
9.2408292
9.5982911
6.0299440
10.3143994
13.6133160
6.5093463
6.8953308
13.2802083
7.5020801
5.0776110
8.4462360
5.0009996
4.9834684
8.7966660
9.9971636
7.7119844
12.6766996
6.6110016
6.5608718
8.1021294
9.5300866
2.8707039
6.7241661
10.6416386
11.8269203
4.9850267
6.8247915
16.7415088
7.5559350
8.8106901
10.5285435
8.7959276
11.6588160
6.4091192
5.2181685
8.1723146
4.3699308
6.2267783
9.1209018
7.6210861
9.5315922
2.7560698
6.4546327
8.5754362
10.6510839
3.5679284
9.8410148
5.0452131
7.8303020
7.6786411
5.8151144
5.9104988
5.1383556
4.3347142
4.3101254
7.1253745
9.3928983
7.9558773
11.9921647
1.5240899
5.5518515
5.7847692
8.2882598
5.3317426
16.8011993
5.6036657
8.5200527
7.3119306
5.4905050
6.9419468
6.3923724
4.3774799
4.4800513
4.7846259
4.5727983
3.4888472
5.5489598
4.6476901
3.7219849
7.6246267
6.2989800
4.3086657
4.6503453
9.8355133
4.3390939
5.1954090
4.9455981
5.5670434
5.8031077
3.8698196
4.3966629
7.6656435
3.9783909
6.4783286
4.1645997
4.4436880
6.1240721
4.5360814
4.3590776
4.3066697
5.3671782
4.2871996
3.8457275
5.1015513
4.0448150
8.0046674
5.3176632
7.0237284
4.1976811
3.9667771
4.4454039
7.7650791
5.2247966
5.4915178
3.7119630
5.5515741
8.7216135
5.8584215
7.0362292
2.6889283
4.3098949
5.1249484
3.7330950
3.3561431
7.7918756
4.4092943
3.1915026
7.3174945
3.0987296
12.3648070
4.0961596
5.8807344
2.8356313
6.0618656
3.8594478
7.2345225
10.8171509
4.8396219
5.0467208
5.1469090
3.9892669
8.0773715
6.8009966
9.1841705
4.4892848
9.3178391
8.6446641
7.6212326
5.7409025
6.1504900
7.1511362
7.0201514
9.4006223
5.1591182
3.7602122
9.3243603
7.8843692
8.2378636
7.7793534
6.5721351
8.6107212
6.9645845
6.3623371
8.6567977
7.1652223
8.0494025
5.8495706
6.5235173
6.8901173
2.6765238
5.3578847
20.7489089
10.3531337
9.1357855
12.9313929
5.2478400
5.1674380
3.8882082
7.6454374
5.7327132
6.6477479
6.5970636
4.9527288
10.1941203
7.4378721
12.3028234
8.9380332
9.1669542
11.1038602
12.4775829
15.5291859
7.5067386
10.1675042
6.9156360
6.6824400
13.6845101
13.0930533
9.6703808
5.4535229
13.0954723
8.6358855
16.6702510
7.0570545
17.1098838
10.6065703
5.9950153
9.0899561
8.3006274
6.5339119
6.4635160
9.3439745
7.4970382
9.2110802
9.2966704
11.2279512
8.1939456
9.4499834
8.3621929
10.3786849
8.7984595
9.2592971
10.8922452
5.3644376
8.4115554
7.3009321
8.0452511
4.7101854
5.6849733
4.7547235
7.0058252
9.7144668
7.6463075
6.6978914
8.3926663
12.6190461
11.8275550
3.7403444
8.9653039
5.7780225
4.7747194
5.4587908
6.8923454
6.4451157
5.1378939
7.9440769
7.4830116
11.8612026
8.4839050
7.7966226
11.8091244
5.1369765
7.6747721
8.3123006
7.1594307
5.2827019
8.8246809
10.2022799
5.9407471
8.8414904
8.3218141
10.0583220
4.3047765
8.3403237
9.8019983
6.1818122
8.4492478
10.8244293
3.9749282
6.9651566
11.1143002
9.3069760
13.7485213
5.0751197
6.9097670
6.6906462
9.2049621
5.9682485
7.7464422
9.8869240
4.7191372
7.2608415
7.4292060
5.6234338
8.0852427
8.4046667
6.0944529
7.1109165
5.2929831
9.0122456
6.7912214
6.6542095
11.8247723
8.2580649
5.9982619
8.1473223
7.3656397
5.4387963
7.5816886
6.9901423
8.4163949
4.1932672
5.2111209
8.8355865
5.6981792
8.6963601
6.8312620
5.2908740
6.1158573
9.0209087
6.0725223
6.6873209
5.2181760
3.3384452
7.4373297
9.0458811
7.4308754
6.9804004
5.9542253
4.8831383
6.6821524
4.3813075
6.5372616
5.5718969
5.5675563
6.1625755
7.4027118
7.5483601
4.1422491
5.2134324
4.0371456
3.9365405
5.8778450
3.6656495
7.0518127
4.0545459
4.5225988
8.3257384
7.2747973
4.7083430
6.3000101
4.6478325
7.4848315
3.3547416
8.9872455
4.7239089
4.0932191
3.5937111
4.2056167
8.5862841
8.3017472
4.5455980
5.5206239
6.8444912
8.5566951
3.8788932
3.6344793
3.5234989
3.2396751
4.9825110
5.1833379
7.0339985
4.9460900
6.1345984
5.4409634
3.6042137
5.9697575
4.9465190
5.1688756
6.1085929
5.3151310
6.7917330
6.2624418
5.4355741
7.8382479
7.4248946
7.1663621
9.4101383
3.5191287
4.6637045
7.3052323
6.8192717
6.2534966
8.1909176
10.5618905
10.0481887
13.5013113
6.9042335
5.9139414
10.8481331
10.5289613
8.1547406
10.3303607
9.7086557
10.3030122
10.6685123
6.8695952
8.1468888
7.0287217
7.9225077
7.7804960
9.5187792
8.9684847
6.7071634
3.8698449
12.3247373
5.8858040
9.3686124
5.9899483
10.0684099
7.1226842
7.3747591
7.3521822
4.7222191
10.0652831
6.0514224
6.5161957
3.7634726
6.6722190
6.0091283
11.3605633
5.0473747
3.7493952
5.7670523
7.7986172
11.4532820
5.3266867
10.3163254
8.4892322
11.3415660
6.6037098
8.5187831
11.6470854
2.3180188
12.9806394
6.1879982
2.6336496
6.6514062
4.2547643
5.3507259
6.9616909
4.5026838
6.8060415
8.2492124
4.2540589
4.9574300
9.0575524
5.6291919
6.6675792
7.1089998
3.6899905
4.5207752
4.1150299
4.6625705
3.6377853
5.2123121
4.7742562
4.4148952
4.3421489
6.4028289
7.4902417
8.8814155
6.5749156
5.1187418
4.5632513
5.0666792
6.2991403
5.2320317
5.4000816
3.0936397
5.3673699
5.2888678
5.1534123
4.4955457
6.3893098
6.2150736
6.1367198
6.9619592
5.6896542
7.1259261
5.7188276
6.3278964
5.0561666
5.7709881
6.6210617
4.6452839
8.3350504
6.1573783
6.7533411
6.6275047
3.8155216
2.2409157
4.6972055
5.4488933
4.9463702
2.9782239
7.2719429
5.7379606
4.7820515
7.0903176
6.0269738
6.3150875
3.7022639
4.7174358
7.3194019
8.5916689
6.7835737
6.0716780
7.7903514
4.5177909
11.6263077
8.1711400
5.8096873
6.6093397
8.8837894
14.6488526
7.1681892
8.8328663
8.7733227
6.8474478
13.4313462
3.7105173
5.8102477
9.2491111
8.2942125
7.1826327
9.8983910
5.9385833
6.2404390
22.0139182
4.0951075
6.5819927
5.9990406
8.1172266
5.0324451
7.4547960
6.6525526
4.1156098
9.1414245
9.2563670
6.9706614
13.4481178
5.5018696
12.1081590
9.7477102
12.7856558
8.8323221
9.0467769
6.3277989
10.3093814
7.8577137
6.4779835
5.8601729
9.5387130
8.3541654
8.8054153
8.4162170
6.6587685
4.8806252
5.2793269
8.0672915
11.7888563
10.0775539
12.4651375
10.7843899
5.3867872
8.7050584
10.5180020
8.4416434
11.2883579
7.1637724
7.5984840
11.4614139
8.5590695
13.0460274
14.9333938
14.6681777
8.4820796
8.5855867
8.2739734
9.6703722
18.1180456
8.2149922
28.5592377
7.7803219
15.5676503
14.5781380
10.9807336
11.8523747
7.1744527
17.8899652
7.8105336
6.3176515
11.5612391
8.2817884
7.4393406
12.6491415
6.8161684
8.1966613
7.5305821
8.0965931
7.9183469
12.2958871
8.4322077
8.9548179
12.9573014
5.6484237
6.9567305
9.3339407
5.5550359
14.0525047
11.6234720
14.0601613
6.7016423
17.1887246
8.8785491
12.2384596
10.3503388
7.3788035
8.2913965
8.3423059
2.9748001
10.5488217
8.0709690
10.2741370
7.6358502
4.8258301
5.9992025
10.9735599
8.3891453
10.6413352
12.1703295
7.4106874
6.3494952
11.2391662
8.5522327
7.4773717
9.2392062
7.7046418
8.9291166
6.4206814
8.6463087
10.5459758
7.1317179
7.9408630
8.7437479
10.0383498
8.9105576
6.5857517
7.6032895
11.2219786
12.0509098
7.0270745
9.6027399
6.6526162
12.0992979
3.5904819
14.2993832
10.8412915
13.8527634
12.8621165
11.4195338
12.0362212
4.8501857
10.8422870
5.8228018
9.9137668
10.7036746
13.6243066
7.4420755
9.6713915
10.1234782
8.1935577
8.7057738
7.0142693
6.6036256
14.5169629
9.7395932
8.2296556
8.6578342
11.2193393
5.8366176
7.2618604
8.2913413
8.9898034
6.1391396
8.7438076
7.7496155
7.5140900
7.4619990
8.0510200
5.9110742
7.2001700
7.9664160
9.8150650
6.5073265
8.5014875
10.4957159
6.0754000
6.3896479
7.7080824
9.6011406
10.2030456
6.6041649
4.2769602
12.2870280
7.5387836
3.3178930
9.0177350
10.2308893
7.6541930
13.1484002
9.9008464
8.9818722
11.6655168
4.9426683
7.6222376
5.5242251
4.5014170
10.8204838
12.2499812
8.0311886
9.2991072
8.9013564
11.8255296
11.6655349
9.9930669
9.0266787
8.9786035
7.0483019
7.4031367
9.8705226
9.0273443
5.1994224
7.5355522
7.8854306
9.3811334
6.5550899
6.0956294
6.5407419
3.0337135
11.3002250
6.6984804
5.7753752
7.3796404
7.7338704
5.6091498
5.1627750
12.7925802
7.5292433
9.6624529
6.2772219
8.5797706
8.2363112
4.5288098
6.3350057
3.2479130
4.8575260
9.1727589
6.5007220
4.8025833
6.3289004
5.5441899
7.7345326
7.2198084
3.8510857
4.1349764
8.8717384
8.4827602
4.6559166
7.1729464
5.7274268
3.9303259
5.4859213
8.5498072
6.9532869
3.9083834
4.7391727
4.2643214
7.4220655
6.7243453
7.2910130
3.0140403
4.8481579
7.0384177
4.4782030
6.8416443
4.0001169
8.7934937
11.2770542
8.1775410
5.4366359
9.8397032
7.4456240
7.3796116
8.5766182
7.3607697
3.7120274
8.0235955
7.7897278
9.2393492
6.6471504
5.5220027
2.3866439
6.4366947
15.1288666
9.1908960
10.3364199
4.0525256
3.8336465
7.2744624
8.6552561
6.2452017
8.9553875
6.6413929
4.6380619
7.5551321
3.9225292
5.8566086
5.2755685
7.7989785
4.9256385
4.0293726
5.5953709
2.6580294
6.0996423
8.8049339
5.2815479
5.1822239
8.1121748
5.0773018
6.2636944
4.7942045
6.1716575
4.1746694
5.6223086
8.4839833
7.5193570
8.5009425
3.1188721
5.2175812
5.0752360
9.1870648
3.9281242
5.0137474
5.0203372
5.5818388
5.9962127
3.1745330
5.5118723
6.5593220
5.6828404
5.4642495
6.2595611
3.9688664
6.7945136
13.2215919
3.8172928
6.3811594
4.9429908
5.3382955
8.0284088
7.3451199
10.0921700
6.2643410
6.1082998
5.8911706
8.9292929
6.9246811
4.4720602
7.2720407
3.8365835
7.7286393
4.9303127
9.1569199
10.2037970
4.0093653
7.9161528
3.9475633
4.9897089
6.8690677
7.5915541
7.3209461
6.9477029
5.2142653
6.0566402
4.4627340
8.1337278
4.4613564
5.3006436
3.9371950
3.6575561
7.6830916
4.5885531
5.4297671
4.6434322
3.5743073
7.6289298
1.1871227
2.5257936
3.0131787
5.9336381
6.2825735
5.8284036
4.2857375
4.5315730
1.7150171
6.0993610
3.8372212
4.4897422
5.1622872
4.9259585
6.8275868
5.3128458
3.2284389
4.9967331
5.8989456
1.8009455
3.3934838
3.6777080
2.6985704
5.9201383
3.5510796
5.7359658
5.1139694
6.7008301
4.2746015
5.9036920
5.7953283
5.1478144
4.8283283
8.6455016
8.5630729
3.6931844
5.2900751
2.8181382
3.5283858
6.7505400
4.5847114
8.7393865
4.2182272
5.2888306
6.4314799
5.4114485
6.2138846
7.5146899
9.6280980
8.7886181
6.5998767
7.5549162
5.8302181
6.7174361
8.1713200
7.5275808
8.8400958
5.1710303
5.4119256
5.3637894
8.7119561
5.6702030
5.4563949
4.4431370
7.8182774
7.1454546
10.7341129
11.0180927
3.6015923
6.7632582
4.1319478
7.1249170
7.6882637
10.5546803
6.4127187
2.7064664
8.5955336
5.5611384
7.1128901
3.6291800
13.0150136
8.4445905
6.6020309
8.6464975
8.0566961
5.5556281
5.8150967
6.7418604
7.6878135
7.3704275
6.7504215
6.7104855
4.3823957
4.0110362
7.2840002
4.8022018
6.5230827
6.0112317
2.1838515
7.0917700
5.6097373
6.7845778
9.8055723
4.1869257
4.4478868
5.1806110
2.8345172
4.3403031
2.6838906
4.2775559
4.5586601
2.9080378
3.3832631
9.4238762
7.5488246
5.8882814
2.3088094
8.6273172
6.5902280
6.6351835
5.0456716
7.0186076
4.7414155
3.4885062
8.8626571
6.0765520
5.4385044
2.8937528
4.1488184
10.3762535
12.6191351
13.7901543
9.2128615
1.5664224
2.2057762
2.1604285
4.9812642
3.6370379
1.9206173
1.8648261
0.8984508
2.7172318
1.5407914
0.9860076
1.7014739
2.8340861
4.6550807
2.2208393
5.0345517
0.4126921
2.1265258
4.1492414
1.7275414
2.2535783
2.0247520
4.2369437
4.9516509
5.7089928
0.7144028
3.5553552
7.0009734
6.6992182
5.3809980
5.0354696
5.9095045
4.9023029
6.1131774
4.9827403
4.6411705
5.4986967
0.6579814
5.5741559
2.2006673
5.3554558
3.9466341
4.2029041
7.3932636
4.3008242
6.4228092
4.8646502
8.9857709
8.7591900
4.4557886
8.2205111
4.6259353
4.2414441
2.4850217
5.3263295
4.5454598
4.1979251
4.8866339
4.7330810
0.8858278
3.9068148
0.5435955
2.3552685
1.0177739
7.2116959
4.7581662
0.9533675
3.7078084
3.6423303
3.0025740
5.7173809
3.3338001
9.2775055
4.1101005
6.5944784
1.1920814
5.7361325
3.2555015
1.3536322
5.8930382
5.0042367
2.1076770
3.5301969
2.5516093
7.4067693
4.4451378
3.2147644
6.5040553
4.8396997
7.1842011
4.7775717
3.3697684
2.5313962
4.7385930
5.9417539
6.2405576
11.2247980
5.2803095
1.3422721
8.3476053
2.8793793
2.0953566
5.7607642
88.4701875
4.9772226
6.2772839
10.5722065
4.8445241
6.3460512
8.4355362
5.9014036
8.6859855
3.9546967
1.7638133
8.6455131
6.9823384
6.2629889
3.6356156
5.7093548
5.2026970
3.2030432
8.4456626
4.4909686
3.9198965
3.1611819
5.9114002
5.0243184
5.9675415
5.3390477
6.2756917
3.0023685
2.8260894
3.2181756
1.0900122
4.1844790
2.6684399
1.8553302
4.2191925
5.2613286
3.6494228
4.9254038
2.6248363
1.3740119
0.9510438
3.3590528
1.0831264
1.2498435
6.0293604
3.3093534
1.0476814
2.4906721
9.1200560
6.2161995
1.0691347
0.9700180
3.0999797
4.2242140
6.3673484
9.5664849
4.1863601
2.0321669
2.9148968
3.4333177
3.0941940
3.5880490
2.7068118
4.0426650
3.7846543
4.7825584
5.7505397
1.7547147
3.1142570
5.7563769
6.2986017
3.7469296
4.6725647
4.8531853
1.4940267
8.0262059
9.6695562
1.7058631
3.4171373
10.6149413
7.4097756
13.9226174
8.2623034
4.9355998
5.7388630
5.7438459
13.4498843
0.3083391
11.4836587
11.0714544
6.0501092
8.7887426
4.2090357
5.3548020
6.9052903
11.7375148
8.9411084
5.0748182
10.0934002
7.8188104
7.5201141
5.3733526
10.8888266
7.7020317
8.7460433
12.3385360
10.4807051
11.0910234
7.3456843
3.8843580
6.5200383
9.8690411
12.5742627
10.1606407
2.6609799
4.6141338
5.1285425
8.2507179
9.5938824
4.8997004
9.1280321
10.0390872
10.8552604
8.0923033
4.7542841
4.3391595
7.3834508
13.9800094
4.5595193
5.1975808
4.9145501
2.5484305
5.5690351
3.1951628
2.4115288
2.8956017
2.7875447
6.1953010
10.6291665
8.0002258
4.1698529
2.9618847
2.3129195
5.5577425
6.8300890
7.0998474
4.4057288
6.5762320
5.2000642
5.5149345
7.1803861
5.0121142
5.7461032
2.9497477
7.3439000
1.2452552
4.2299494
8.5761367
3.1082565
4.6122278
2.3878839
3.7034306
5.2112267
3.3373900
3.5126050
2.2183837
3.7134388
1.9416292
1.8819877
4.0047979
8.0002180
2.8605780
3.1660952
3.9982092
1.2549468
4.7752030
2.1001525
3.1087180
1.3033759
1.1579585
2.4428744
3.4358990
2.0429060
1.1913264
2.5329582
4.3965360
2.3460326
6.2681957
0.5980923
2.3246444
2.7401153
3.4635294
4.1485398
2.2453446
2.9940981
3.7027873
3.7293770
3.7663804
5.1105968
2.6812648
4.7697192
2.6245716
3.0826456
3.7406954
4.4495847
6.9537166
3.2634164
1.3631360
2.8628027
3.4976358
3.8969864
5.2668536
5.5545788
3.0036331
4.0160827
3.1695773
5.9623941
3.7160233
1.8042287
4.7970253
3.3161249
3.7622255
2.7672141
0.7340317
1.5722866
1.6045199
4.9971205
1.4961536
4.4800472
1.2473155
3.8795431
1.4247459
9.2690276
2.7828681
1.6521752
7.8772882
1.8152905
6.0752436
4.4454980
4.4763565
2.8866872
4.2032734
4.7452113
6.0565199
1.8817252
4.1493630
1.5855377
0.6165316
4.2668786
1.2518364
1.0385993
2.4502196
5.7873697
2.7251825
3.3019248
7.2706374
1.0614877
4.8282052
2.6594497
6.2976208
2.3293667
2.8481563
1.9789459
2.3721200
5.3284010
7.1788817
6.3799267
8.8406015
10.2626131
4.0234426
10.8962744
1.2853411
3.2829767
5.7831163
2.6267298
1.7021065
8.7742431
2.7694606
3.8945872
6.4960846
7.1073005
6.4487384
3.0071849
2.7466126
2.9937243
1.5233540
1.4797297
2.6309364
2.3002645
3.6853077
3.0438118
2.6771318
1.0421708
1.8703342
6.7692257
6.8739410
8.5907110
5.6645572
3.2710325
1.7053957
4.2235517
8.4013560
1.2982334
4.1705112
1.8529029
5.1606745
4.0824909
3.3348655
5.3498667
4.0088222
4.5014291
3.2495985
7.4250736
5.6966557
7.1681493
9.0597214
4.4126927
7.6621096
2.3486335
6.1302123
2.6292919
3.8297761
2.7566754
8.5822706
2.8943122
3.4712009
9.0696098
3.0497703
3.0664760
10.4791396
2.2718659
3.0863245
6.9126863
3.4424921
6.4650053
4.1961725
4.0216586
6.5475446
11.2518526
4.7625297
6.0011594
4.8683019
4.0358956
6.7677256
6.5065658
2.2578693
3.0280001
6.7897901
4.7449599
7.6787643
8.8155868
9.0346454
5.4716340
4.1188522
4.0135192
11.2158971
5.3934817
4.4655037
7.7802139
3.7133537
4.6120790
6.7450360
3.7965762
7.6754781
3.3922404
4.3902917
7.6452433
10.0638753
4.3589214
7.6064954
10.8812844
7.5296253
7.1198050
9.3913807
7.7488167
5.3413216
5.5752315
11.4476779
4.6097976
5.4470804
7.7018496
6.0218291
5.7013079
17.6349438
5.5445255
6.1517989
6.8721801
15.3268008
19.2608793
12.2468603
10.6586300
11.4913538
6.4213423
11.9639963
5.6892722
4.2412833
10.8541882
8.8271708
5.5048528
4.0616132
7.6450367
12.7457139
16.2337702
7.6690416
4.8582103
11.9929617
6.9734882
11.2550789
5.2816227
11.8818864
9.2138935
7.9787808
26.4898406
11.6730928
28.1291780
9.5525336
23.5909629
8.4894530
12.1898696
22.8061685
27.4138092
15.4267828
14.6475977
10.5835231
4.1155087
4.4579049
13.7782582
9.6749479
14.1062344
10.6222299
5.4310648
12.9478841
5.7986284
9.2816013
18.3825131
2.9121271
8.2806990
5.3176531
12.0036542
10.8377345
19.7952527
11.5393784
6.3159468
7.9184323
6.4216409
8.8118199
5.1882831
4.2793300
6.8124621
9.2971773
4.9726865
7.6371118
9.1930815
7.3185572
7.7355870
11.6064680
8.7191302
9.6745495
9.3855318
10.4004684
11.3033790
8.6433819
11.8739407
10.4305475
6.8734372
10.9031959
7.8619347
5.0424596
7.4909024
4.6834313
13.9840487
9.6329131
5.7094394
7.7086834
12.3398610
9.3629818
5.4191086
7.3725055
8.9535746
3.4769771
5.8645616
10.0096382
6.2480169
4.1831292
5.0466453
7.2228719
5.5213078
6.3991918
5.8098504
2.4335395
4.4070174
6.8032372
4.4991702
2.7184759
6.9941244
3.7542089
7.7267079
3.0874345
2.0587174
5.5372667
5.1817043
13.1910888
10.3257325
3.6601074
4.9875892
2.6407035
4.2213934
5.6263263
4.5885723
3.4186685
4.7859805
2.6902472
3.2422206
4.1446641
5.1905314
2.4573195
7.3740445
5.2022215
9.3356443
6.7083143
5.3217393
4.2866317
3.7351570
3.7862702
3.5415866
5.0178051
3.8474059
5.4853905
5.0643333
7.7840534
3.9990431
6.0557499
4.7967670
4.3350248
4.2861321
4.1901123
6.6092099
5.2648516
3.9284074
3.6562080
3.9174822
4.1986679
8.0993669
9.5980625
7.3632614
4.0644508
5.4039417
5.6309076
3.0368421
6.7250050
4.1625597
3.2886304
10.1017819
4.8554835
3.6897493
10.1052940
4.8830388
5.3499500
3.8771458
5.4782610
5.2110093
6.3094238
4.4213082
5.2508991
5.6072081
4.4177914
5.3389264
3.6460448
10.7651389
6.2153362
4.9326758
6.7082396
5.5468155
5.5990057
4.3207756
5.8477879
8.6859870
3.5088987
3.3045504
3.2032013
5.1260782
5.2160322
17.5708115
5.6178606
7.7453782
6.7018957
4.9240951
4.5440363
4.2153103
4.7526337
6.0218880
4.7634961
15.7541968
5.6110482
11.2576217
4.1843874
6.9023229
6.5496619
3.7151809
8.9712715
5.2758643
5.8576162
6.1559869
6.2123839
2.7300927
5.0607608
4.5734173
7.3970109
4.8021602
3.3550816
11.4161730
6.2194587
5.6268832
8.7652460
6.5672061
5.7030684
2.7722186
4.7328964
4.9015911
5.0461574
4.9002860
5.0781460
7.5839744
8.0965763
6.0486093
10.2951225
4.0413921
4.4430281
4.3770725
3.9371115
7.7498050
4.1180002
5.7014199
8.7967336
8.7009071
5.2312665
15.1028811
7.6431359
9.4602942
7.9536170
4.3382603
6.9175308
5.0583932
7.1824630
7.1589571
4.2822130
5.2137608
6.4843880
4.1311394
3.9905116
5.8997080
4.0449154
6.1471495
4.4958557
4.0169898
3.8397255
5.7907020
4.7571873
9.4739801
6.1295867
5.4898554
7.7416720
4.8230009
4.3972131
5.6054345
3.9586350
7.6363312
7.2590948
3.6364294
4.8087609
4.5405352
4.9865980
4.0803864
4.0816788
4.2557047
3.2393483
3.8357754
7.9446001
4.5470288
3.5766045
4.0021633
3.9973173
5.1908921
4.7903649
5.8140618
5.3655024
6.1678045
5.5031731
4.8731410
8.2274008
4.2394926
4.4464533
4.6963851
4.4048974
6.2290970
4.4776240
6.2005549
9.1583038
8.0146054
4.7259096
6.3618922
3.8143055
3.9638391
5.3880646
3.9184411
4.1458086
4.7409326
2.8739062
3.8607690
1.7753741
2.5848820
3.1005543
4.6155062
4.3028229
4.0379560
3.4558450
6.4977906
3.3541772
2.1778042
6.2463851
5.2527312
1.8278155
3.6486745
4.7104622
4.7654431
4.7474156
5.0608264
4.4912716
3.6872617
11.5662018
4.5284806
6.1354761
4.8321540
7.0755885
5.7616768
4.8905313
8.1691550
4.5817918
5.7485186
5.3248827
5.7702565
5.5103959
4.3353451
3.3485583
5.0415556
2.4580326
6.1115373
5.0951281
4.1104881
4.1443609
5.6575004
4.2204626
8.4757452
5.9272703
5.7026006
4.2165597
5.1600816
4.7649459
4.4280283
3.9332954
4.2305277
5.3997918
3.0204583
3.2082800
1.9727886
4.4496759
3.1618402
3.5314114
4.8353858
2.1499011
2.8870049
2.2608063
5.6856609
2.9640153
3.4665659
1.8952098
1.4464354
3.3085615
4.7780075
1.1233235
2.8209217
2.2683441
1.5414170
5.7189239
3.0624469
2.0462298
2.1472945
3.2979867
3.9718191
3.2441550
4.9635485
3.0736936
2.0235679
6.4290004
2.5170194
1.9224475
2.6039294
5.2194274
3.4712386
2.9438993
0.7768266
1.5801446
1.3375084
3.9410087
3.9011118
4.2424675
5.2654874
3.7135929
4.9347660
6.6944829
6.2227327
2.0311731
10.2222679
6.0769913
1.8008811
4.4467725
6.7708900
4.7789753
4.0889447
3.5091363
6.3514169
5.0332427
1.4471245
3.7476103
5.3836158
3.3763559
2.3539606
3.9352098
3.0316410
3.5642169
2.9049904
1.9460900
4.7884467
4.7275393
7.0514357
2.5170180
1.9439240
3.0503266
21.7851012
7.9197906
3.5381523
1.6340555
1.2599207
4.7965152
3.7227976
3.9245440
2.9563966
3.1580197
3.4345890
3.5002451
3.4598235
11.0613126
4.5359782
3.2513627
5.1991251
3.3069219
3.9057335
8.2518226
3.2736083
3.9515206
8.2853238
3.2955987
1.0983989
4.4304455
3.3223004
3.2368055
0.9143182
2.3965002
4.8827000
3.5985378
6.3750781
6.2805599
6.8426578
4.4666159
2.6158960
5.0068706
2.2523944
5.6671245
6.3518540
5.0445961
5.5943518
4.0751570
3.6301603
2.4812283
4.1683041
2.0771128
4.1385949
2.6575019
4.4029099
1.6774667
2.8814863
3.3422137
4.5960908
1.8467970
4.9462521
3.5029079
3.3345810
3.9102539
3.9255273
4.4272134
4.4921108
10.3848645
5.3793942
2.6829215
4.6109336
5.2126840
5.9709473
5.2832296
3.9917897
5.8319776
5.8454118
3.2063654
6.0258741
5.4650384
7.9065770
5.3500471
3.1350628
4.3515560
3.0083866
8.2636738
6.2996717
3.3515508
7.2228256
3.9452520
3.3628427
3.2561194
4.0456535
6.9438746
3.5126762
3.2978682
3.5961786
4.7810103
4.0870480
3.3844265
5.7142678
3.7468640
6.6871165
3.6600068
5.9330964
2.7371977
3.0704958
6.9277175
6.7489435
10.2162976
2.1358896
7.7396561
6.8837181
5.5675287
3.0892058
3.9335073
7.6462779
5.3258790
4.0497883
5.9288533
3.8958075
5.1435367
3.9415868
4.9795960
5.0425937
4.7196662
7.0658554
3.4429128
3.6818520
3.2218511
4.9641174
3.4780346
3.6203379
6.2758365
4.4357788
3.6840628
3.6172383
5.2677875
5.1794945
5.0434516
3.3572563
5.6212242
5.4522347
4.0081489
4.4349483
3.8757700
8.2569505
2.9095157
4.7370596
4.0533542
6.5564107
7.4486289
3.3347357
3.5907863
7.3359486
2.8910666
4.5255840
5.9207821
2.3754298
1.5573144
2.7374062
3.8875057
4.5271080
3.4219240
1.5827066
7.4800164
1.1205522
3.1034819
4.3300396
4.2851322
3.3656547
3.9624831
3.9259024
9.2114654
12.3645684
4.9730823
7.4012760
9.4134411
5.2388472
4.2099898
4.0932183
12.9180715
2.6447853
3.2207257
6.8711906
2.2107496
2.2440647
5.1720045
5.0063821
7.8758908
7.3785506
3.3408188
3.1638113
4.0928037
5.2697265
3.2514141
4.1813806
8.3050174
10.7329449
6.3330381
8.1355899
7.7542610
6.0812426
6.5939866
15.5920228
3.4843696
4.2364150
2.4083209
13.5246496
8.0574708
4.4826475
4.5518029
9.3032347
2.7958031
12.4637481
12.9251152
7.3453588
4.2936817
8.8287679
3.2798529
2.0974854
7.5616986
4.7392098
10.3154157
5.2347883
0.6902365
2.6384571
1.5839588
3.9644819
8.9202851
4.1517437
3.1525698
7.7480739
9.3109755
1.4789578
1.9067147
2.3116686
2.7638206
2.9016875
3.2750391
2.7345525
3.6695097
5.9239171
5.7822208
7.6902066
11.9839426
2.0244248
6.6359419
4.9452276
7.7739930
5.3148694
6.2933731
10.1827045
6.3205617
9.3608969
1.8409600
1.3460309
5.1531116
5.1780435
4.3414276
3.4609847
3.8123126
4.0154174
5.1717290
3.2456169
8.8747172
2.9471145
2.5416245
4.2404003
6.3085420
2.4031930
2.3400189
3.5725257
4.8058612
9.7172927
3.1295324
6.4871708
4.1652840
7.9072808
7.1905631
4.0865005
8.3048296
4.5727695
3.7138899
7.5485978
6.4342905
4.8091104
10.5870388
3.6398645
5.0161074
3.6393895
1.9713023
4.0890918
5.8337772
6.0312494
6.0630452
7.8113403
4.1991104
1.8304866
5.3106795
4.0573567
4.2192048
3.4091266
5.9226547
2.4109037
2.8033045
3.3718228
2.9301685
3.0649075
4.0589882
2.0612990
6.6700810
2.5209222
3.4664489
4.6895298
4.3965882
6.1300188
4.2350616
3.8534640
7.2728423
5.3957270
4.7695493
2.3496761
4.4470597
2.6965411
4.8817593
5.7341577
5.4215697
11.0793791
3.6485985
7.1327372
4.0729925
3.0900719
4.4059353
3.9998819
6.2261382
6.2371183
10.0034891
3.6943142
3.4922444
6.9484475
6.6813089
4.0634007
1.3286486
3.2680880
2.5709432
4.3669121
5.4209464
3.9748992
12.6226967
9.3611435
9.4006890
6.7801169
8.4407407
0.2926677
7.9907710
0.5889925
1.2015892
7.4155308
13.7890129
1.1633664
2.9725834
5.1571783
10.7619885
3.0504088
11.7557178
8.1425915
2.6354977
7.5280774
6.2787119
7.0199109
6.9514344
5.2721154
6.6832649
4.7442238
5.6510294
6.0350202
5.3663689
4.4624953
6.1081175
5.0792205
6.0225842
5.3186194
5.0164357
4.8854050
4.6144582
2.1366457
8.8259734
6.5205761
11.3609310
5.3821498
4.0086713
3.7273080
5.8996904
7.7039552
3.9999278
2.3685273
3.8895950
2.1481579
7.5337689
6.5171894
5.6862804
6.9739532
4.5334390
7.1819921
6.7073770
4.6212953
9.6036878
12.8461880
8.9260373
8.1257104
5.6207470
11.0518725
5.8747935
11.0923589
11.3548973
4.7496737
15.3636245
9.0538302
7.1114849
5.1878688
9.1170208
7.9971510
2.1795404
3.0154390
7.0414873
2.0278674
8.8029434
4.1662573
4.4183228
1.9050542
10.9984966
1.7045339
5.1145283
15.7097853
3.0872054
7.5955643
10.0226346
4.3318868
4.8716405
9.6896429
2.6387026
7.1581475
2.6694644
7.1684693
6.7878462
7.4300382
7.9270764
16.9516372
10.3534371
1.4859799
4.0940681
3.6190719
4.6990711
5.4077753
1.3924969
4.0130960
8.7094066
4.5514034
6.0015720
4.3394839
2.2400147
3.8663033
4.9064954
6.2780599
5.1467547
9.5954512
4.4700415
6.5758577
4.4190084
8.2335872
8.6764254
4.0176499
8.6505676
2.6176564
3.3883439
8.6591156
2.2450099
1.6276976
1.8029860
4.3916176
3.1431060
2.9812606
4.0064920
7.0337216
5.3372114
1.6950634
2.9544753
4.2264438
3.8036568
2.7713670
3.1848520
2.7111603
1.7983915
6.2035265
0.5621223
5.3874304
2.4949357
1.8191714
2.8575296
1.4745959
4.8809653
2.4523219
4.6675800
2.0717695
5.3361184
2.4081733
3.6193748
4.4719129
3.0582082
8.2879231
4.8085418
2.4088432
3.9732401
4.6015790
3.7381543
4.0238548
5.3429606
3.0182522
5.2536406
6.0838885
4.6174159
5.5052049
7.6436098
3.7955372
6.3609287
5.9914190
4.3439518
5.7647151
5.5991128
1.6455347
5.6318728
8.7486683
6.8154312
1.7933851
1.4093120
2.3499031
2.4691782
5.9591949
2.9369003
4.9870462
6.0233768
1.5924624
4.1980856
3.4602473
7.6287076
2.7357784
3.7604914
3.3680325
1.5002303
3.6195674
3.3511966
4.8871496
2.0713272
1.2266547
4.5683382
1.6638382
2.1522953
2.8978512
1.5164709
2.4908574
5.5969799
4.4710443
5.6413054
4.1457625
5.6052889
5.4620684
4.9015964
5.2647016
6.8792555
2.6080036
4.6733180
6.6981159
9.7630303
6.9713765
10.4588547
7.7069597
3.3108808
0.9393492
2.6012592
1.7603991
5.8560804
3.3944947
1.9578628
4.1335150
5.3501295
3.2230266
2.1346706
2.7795973
3.8013287
2.6106058
4.2193901
4.4278677
2.9735973
2.5551651
1.7751215
4.2596647
3.3807018
4.4865862
3.9810095
2.1638343
2.6245756
3.4640138
2.4702811
2.9584573
4.3157400
2.5422380
1.5610739
2.7928350
5.3561231
3.4133997
3.5044686
3.3674473
3.0112489
3.2653655
3.9677707
3.6908956
2.6566891
2.5215138
2.7662979
3.9230917
4.1598174
1.6268963
2.7591579
2.7962598
2.9899658
2.8902261
3.4862320
2.4056899
1.5074958
2.4710879
3.4181705
2.4968906
2.7103332
2.6346590
5.0675593
2.7880362
5.3342336
4.5442774
2.6036294
5.0037835
2.5183383
3.5209979
3.6593658
3.6912889
2.0901836
3.7083685
2.4282551
2.7389239
0.9322175
3.0097461
3.6339751
1.9218522
3.3934974
2.5381667
3.3954849
1.9879825
3.5212614
4.6202033
3.4565225
2.4582752
2.6644519
0.8772495
4.2402018
3.5339739
5.9869005
2.7111480
2.0894526
2.9784097
3.7510385
4.8588413
4.6033353
4.9552163
3.7419548
0.8972255
4.4442799
1.2002953
2.7988483
2.8268519
2.8323939
2.0485669
4.8483236
2.3329388
2.5044715
3.0206913
10.2498289
2.6772398
2.1792591
2.4173137
1.7153129
4.7836738
2.1691960
1.0708553
2.0198826
2.4663100
0.9098041
2.0027562
2.1645142
1.3502071
4.2082917
2.8077739
5.5527876
5.0931184
1.5892807
2.6884315
1.3738730
2.9928509
4.2461055
4.9835292
5.1838465
3.1716403
3.6179089
2.0849947
3.9109666
8.4878425
2.0175047
3.5883182
8.6807049
5.1552427
4.9329002
6.6411316
1.7061438
8.3656667
4.1456328
4.5836230
4.3133463
3.2064834
2.9608987
1.8464331
2.1218040
2.5689763
1.7991458
1.7162412
6.1613972
2.9107514
4.4668256
1.7456233
3.4299567
3.4469944
4.0470883
4.4531818
4.3898738
4.5465772
3.2951140
2.0365226
5.2209565
6.0698154
6.4587126
3.5179609
2.2904427
3.9914705
3.1957822
7.8591048
2.9180334
1.7212413
9.2727402
4.5956293
5.4596723
7.2333113
5.8285825
3.9958757
9.4663877
5.3680232
6.4282400
6.8615872
8.2111651
10.4200543
9.9233886
6.9057584
8.7634245
10.3968797
4.8328739
6.8379059
6.2069401
8.9833866
3.9263295
8.1129713
9.9971871
10.0280280
5.9831265
6.0954085
6.4965110
6.7913953
8.8520603
10.0964986
6.1180035
13.9817765
6.3531954
6.5753783
7.0727520
3.2632672
6.1236459
9.7349972
6.2302054
9.4017048
13.8869317
9.8100459
3.5058889
14.0506536
4.7834459
7.0352080
10.8303697
7.6333662
5.4342237
4.7407356
6.1293607
4.4185705
3.6097045
4.2326599
5.7984410
8.3755893
4.9374398
4.5135410
2.7104955
5.1999318
3.4780713
3.6340405
11.0574565
3.2216928
3.7411481
2.4650002
4.3475440
5.1966004
4.5378988
3.5231144
2.0643473
4.5320798
2.7630672
2.6869042
5.8269185
2.4381510
4.0260846
2.9615776
7.8535469
7.1992583
7.4270698
4.6402687
8.2484192
9.1490681
7.3460200
2.6991492
7.8942748
9.3782436
8.1417566
3.3232868
6.0321080
6.0110608
5.9180613
4.4397756
5.4918711
9.8939600
2.5131837
8.6314307
9.5281223
4.6685997
6.6268666
5.3355789
4.8962730
6.8234242
8.1796061
3.5085170
3.8645429
5.7089654
4.9771230
6.7609550
5.3921417
6.0864351
2.2054468
8.8769046
3.7020854
2.0019385
2.9406098
5.9588597
5.7625844
7.5489654
3.9726753
3.7927867
7.4104224
1.9637198
4.6730418
6.9516798
6.2159044
11.2280769
3.9883361
4.3663523
7.2097035
7.6138267
2.6585226
5.2008381
8.7362469
5.1704349
11.0080191
6.2175616
9.3641994
15.8932459
5.9264489
10.9824486
8.8418158
4.5777928
1.3229936
4.6733183
8.9817483
9.9273395
9.1857955
5.9804273
9.7972537
5.7049769
3.1207953
1.3340527
8.3325666
5.7514981
4.0452952
9.6741849
6.7704472
5.2991277
3.6004993
6.0061201
5.4324059
5.6132675
3.4585334
1.7052604
2.7549689
5.4614869
1.4286685
6.2901991
7.1938177
7.3837675
3.0792213
5.3992510
4.3221596
1.5705035
7.0484799
3.5028457
4.2898141
2.9131417
2.7530371
4.2165279
2.2108025
2.5262508
3.7102536
1.4681402
3.9446231
4.7155639
2.0195226
4.6329809
2.2572393
8.4593517
4.9489254
6.1265049
3.8219646
17.4309081
20.5561871
6.1340212
4.9254101
8.4679312
1.9808556
4.6359049
15.8634819
9.5023783
10.8123059
8.1950382
11.4312702
10.4357225
3.2966184
4.3720292
9.4960674
10.0233600
7.0644254
16.5669039
16.0479160
10.3529023
7.1638963
8.2760489
8.6695721
13.0124745
10.0720998
3.6508277
14.7298366
6.3552558
12.1963631
3.4075622
7.3770686
6.0669507
4.8572752
7.7227478
8.5161386
4.2744142
13.3646185
5.8631295
7.8221310
6.5717899
8.2699487
8.1071866
10.4541281
10.5412585
14.0048362
16.8814145
5.1636612
12.0706666
11.6930824
10.4689083
2.8641005
5.6767353
4.3501872
3.1839730
3.5191992
5.3159442
4.0315535
3.5838237
4.1641850
5.4753738
5.5395575
5.2888727
5.6063717
2.6526488
9.5061453
3.5101042
1.4022990
2.6541130
4.2432771
3.0788745
10.8168249
1.7830718
1.8228825
5.1846095
2.7019666
8.4480137
6.2219090
1.5243191
4.5951359
1.1735432
3.5850810
9.5596287
14.0883427
6.2696070
3.8231903
6.7050265
10.8746097
10.4510786
9.5425815
4.5021971
5.1491986
7.8329052
7.5591224
5.1692029
8.7034803
9.3720022
3.9327795
3.3524197
3.6874062
7.2354266
9.3124707
5.7523034
10.0837491
14.0351646
6.3454964
7.3530465
12.6888357
4.1977527
4.0850516
5.5447284
8.1390988
5.9690057
3.8021069
13.1427789
10.4328529
4.0291298
4.4365798
4.3049951
8.9316860
6.5745730
13.0065070
4.6745649
7.2074049
5.6178458
7.5626379
5.1289184
4.8322203
8.7886497
6.7189536
8.9312926
7.9199260
8.4041545
4.7575911
5.8797859
5.0811513
4.1685388
3.8690431
7.3035929
7.6783562
3.5736761
5.3253400
3.7531912
5.3623244
4.9746424
5.4058309
8.1498159
3.4888527
6.5495040
7.0520574
4.0215718
4.7797345
3.8853219
3.7392033
6.1663606
9.7348503
3.9464411
3.4029028
8.5422416
5.7594852
4.5405982
4.8541430
6.8243837
4.1663003
3.9593510
4.4114677
4.3792798
10.1605068
4.4924307
3.8870080
6.6856450
3.7127289
4.7945540
3.6153218
1.1550117
2.2317964
5.2704091
1.9949318
2.4811193
1.7584810
6.3384941
6.8712354
3.6985525
4.8476647
8.4876980
6.9261171
5.7998951
4.7678203
3.1987208
3.3802840
6.3998529
5.5123746
4.3717995
6.8607317
4.4075383
3.8489520
2.9529981
3.6415714
1.9889408
14.6616355
5.8751135
3.1789502
3.5231610
4.2910531
3.8570149
4.9870383
4.4384091
5.5066045
1.1605460
5.6303575
4.3466087
7.0467271
6.1219244
6.1443841
3.7500082
4.2730399
5.8988577
5.3671756
9.1169154
4.4483241
5.2194581
7.5890737
5.7447638
9.2098655
9.3111608
10.1465059
7.1353099
3.5932342
3.9559880
3.9886777
6.6869226
7.0536935
7.2048804
4.9873059
5.6524544
10.2963525
3.1629713
6.7518537
7.5954279
18.1734851
10.0004896
6.0826928
8.7687461
7.0078363
5.1730169
4.2825120
4.5609830
6.5201537
3.5949889
3.8916494
4.1822096
10.1362727
2.7555348
5.1389081
5.1931386
9.5410442
4.5163341
11.6629936
6.8341489
4.3849776
4.1532661
2.4477475
8.7030921
6.1214111
2.5256165
7.5270063
3.3724324
4.3465894
3.6448203
6.1519919
4.4529261
3.2891488
5.3495302
2.2830169
7.0485412
4.3104696
3.7281048
5.5809952
4.0189865
5.6495342
4.8931124
6.8711070
4.1454247
6.5485297
4.9851200
7.8273069
4.2803642
9.5588801
6.8446017
8.7440641
9.4658977
10.5433035
9.5480529
3.6985738
5.1865768
7.9075753
5.1762737
14.7051708
9.8838424
4.4288527
4.9129129
8.5360518
10.2259838
5.9055979
5.0270334
5.6025944
5.1390862
8.0381172
7.8689961
8.2869565
3.0639269
8.0440206
5.9331004
3.8381771
6.9116547
9.5120297
7.1774877
3.8302683
4.2103715
3.9057858
11.1026372
4.7969958
4.8650230
11.2133359
9.5736558
15.4802586
6.7706509
18.2022690
9.6071764
5.3290234
9.2946738
22.7320174
12.9131461
26.1564557
7.5525739
11.5124295
5.0790776
4.1020410
13.3704118
3.8941154
2.5675684
3.9177996
5.6001492
1.2664429
5.2451614
3.3493211
4.9988106
4.3135611
2.7558402
3.1557439
2.8671259
4.7347839
3.2441749
4.4956423
5.9877944
2.8724449
3.3489145
2.7110115
7.8664880
11.7787167
3.6240524
1.3934953
7.9998627
6.9277789
5.7193681
4.6414342
6.8031548
8.2620433
4.4475554
13.6603684
6.2602566
1.6563246
5.6393298
6.9588395
2.1305011
6.0307231
2.9796375
7.0281551
4.8312452
3.7548215
3.8198880
6.0543731
4.3696633
5.9115561
6.5826293
5.4160747
8.6731809
7.2032783
4.3642394
1.8831979
4.5950267
3.7156078
5.5914388
6.1868144
3.1253271
5.7903959
9.8706832
6.4626822
6.1249577
6.5349299
10.1845801
8.7686870
5.9090489
6.4564290
6.3768527
9.1035959
6.4698659
5.8473233
6.7835616
7.9684014
7.0659453
7.5089015
5.6031985
7.3041583
6.2211428
9.1285655
5.1735764
7.3326646
6.2860629
4.6161260
6.3067409
7.0346854
5.3644627
1.8541228
9.2220312
6.4805160
3.6153471
2.0024477
5.5010347
7.8741835
6.3331602
8.1023426
7.1093637
9.8349087
8.4501971
8.6153243
7.4806740
9.1011584
6.4286780
7.9310012
12.1667510
6.9828449
8.3710284
7.5370755
7.5217485
7.8846273
7.2603152
11.9555071
6.6071977
8.9369687
7.5451145
8.0088296
3.6225427
3.4942171
3.5010898
4.1738032
5.2312773
8.3760266
4.9017054
7.7625410
3.7522942
4.9608176
4.0806508
4.8085217
5.4648415
2.4722884
4.3764091
4.4424717
3.9774912
6.1803020
10.9559307
9.1743807
7.3486893
14.6438723
4.3864105
7.3980281
8.9052398
6.1830029
8.7563512
4.6980829
7.1110415
5.0504134
9.1811889
8.3055928
6.8850858
6.1682056
7.4980006
4.2680309
6.9342692
5.7598653
8.8832453
6.0712138
6.8681836
6.3601528
7.9254731
6.4958178
6.8699640
5.5453126
5.4738125
5.4313808
4.0511521
8.1934199
4.3006807
5.1518374
4.2585053
10.0541022
8.1567762
4.6095437
5.0913023
5.4147663
4.7237491
9.8064498
9.8333318
12.5011943
11.0634751
5.9680099
3.6124107
4.3581157
2.8302569
3.2739601
4.0057616
6.4076142
4.9050377
4.0359705
7.2876754
4.4271735
7.9531549
4.8660247
4.7757532
4.4103900
5.0874021
3.7210033
5.0931547
4.5948878
5.7379718
8.5462331
9.1965536
7.9638878
5.5665282
13.4241150
5.1168552
8.2860005
6.9764007
8.9851473
7.7768452
6.7404231
6.8163316
4.2898613
8.8351563
5.1006412
7.3054908
4.2043509
4.8408465
4.3960839
5.2794906
10.1827465
6.8959282
7.4769368
7.0003252
5.6245665
6.7111165
7.2828795
6.3533901
13.8373943
6.9400390
9.0815684
7.3996123
10.7857090
9.2877707
4.3030932
4.0424651
9.4124543
4.5516020
7.7035468
8.4252262
8.7039411
4.8448125
7.7288640
9.2428876
7.4083856
4.5907576
5.7579895
4.0924800
7.3202233
7.4466464
5.4436063
7.1787993
8.0298946
7.2086635
6.3383896
8.0467015
5.5870675
7.9022731
4.6735646
5.3957722
5.7751377
4.8426505
5.7846764
4.9545210
7.5860314
4.2148329
4.0722292
3.7607424
6.1129871
10.1681084
11.6160363
4.7592031
7.1224380
6.1768640
9.0397539
10.3358991
7.1431366
13.0680816
11.2427189
10.1472600
6.2267945
9.9682671
11.9701114
8.1206215
7.5775318
13.6792040
6.3772889
6.2869747
13.6673760
7.5176387
13.2047720
9.1148543
5.4794537
7.1951050
14.1938990
9.8340087
4.2659663
7.3847349
7.8368007
4.2151321
4.0273195
9.7068781
5.3668044
4.0776513
5.8281700
3.8131694
8.4059481
5.0497201
6.0786328
4.4269539
5.2116409
5.1361364
5.0347847
5.9315634
5.9041790
5.2358995
6.5865457
5.5971783
5.5231301
6.0850617
4.3127864
4.6171129
4.1731443
4.0887809
4.8643013
5.2830407
4.4290630
4.0872636
4.7058324
9.5399539
5.2456257
11.3627829
16.3948738
3.7890574
15.5797111
9.4452111
20.6843620
5.7766335
14.4857758
19.3674525
18.7634065
25.9530846
50.7606485
78.3803986
97.7266241
118.3445369
37.1688845
55.9376244
53.7693395
87.1541005
138.8000867
102.7957519
46.8938583
89.9588400
68.3468414
58.3355751
50.6972142
173.8330000
54.7982784
108.2493248
62.2916918
57.1012911
61.5879163
90.1375877
46.5196786
109.9301456
39.1648966
102.8870475
34.3925983
83.2985358
36.7322356
94.7164305
19.3390123
18.2642217
20.7000981
22.4726866
19.0613974
19.3672217
11.7152293
7.6622068
13.7911987
7.8535649
5.0522870
18.8299431
8.0825895
24.9157308
11.3133343
10.8421076
6.1253591
17.1169401
6.8279070
10.7497551
9.2340195
19.3899255
9.9258498
7.3887669
8.4428779
8.0327277
6.7534401
11.1198508
7.7612351
10.5733652
5.3983038
8.0898034
8.1061212
11.4355985
11.2200130
10.7126413
10.9629465
13.2676737
10.4881232
7.5256793
15.3997336
20.1887346
9.0646907
11.2080053
12.7499789
9.9686899
13.5084685
17.8092471
10.6445411
10.0438036
14.2066244
10.8359552
26.7141560
12.2947267
14.2480623
15.0249637
23.2550191
20.1094552
22.8124115
16.4009217
20.8639432
21.3433524
16.7383910
19.7975343
23.9262313
32.0290734
16.1030820
14.8309953
20.3137394
19.1722678
23.0095110
28.0832404
12.3245894
13.9182168
26.5798758
13.7577691
9.6275735
16.2047547
21.9499434
10.6710159
32.9235396
23.3922720
16.6253258
15.6025041
19.8572829
11.9846721
15.8358731
19.4420816
8.2539349
22.4960068
15.6178191
10.9556111
16.8180586
11.0271759
11.8915602
14.1761986
10.1791220
14.2721148
11.9864235
17.1320071
7.1469247
10.9892524
13.7380941
9.9870275
7.1956170
9.0661764
13.3309198
10.8137364
20.9208798
16.4705092
11.3279059
12.4683094
10.9841203
6.0230730
7.7137217
4.7528716
4.4784630
13.4477615
7.6846037
19.7166687
12.7963389
7.2621129
7.3039565
5.9209197
9.5039639
4.7254720
5.9635436
8.6085527
8.5662440
8.7972926
15.4878057
6.5691491
13.5179026
3.9356703
4.1080493
3.9580791
7.2795111
17.8470131
10.8744386
6.6524184
6.8853554
11.0817264
7.2782538
4.4701101
6.9239900
15.0007460
7.5137322
10.3063761
5.5470215
10.5479305
4.7302905
4.2239288
4.3763841
4.7920284
4.3133960
6.3012268
2.6705055
3.5927186
5.1741578
3.0053866
3.8108424
4.5728236
3.4003606
6.3899463
5.0789669
7.2516033
4.6578687
4.2248247
6.0976977
2.2534604
2.7399772
4.1065141
3.5703167
1.9814228
9.9570920
2.3884931
3.7012624
5.0377062
2.7873994
4.5106951
6.6092923
4.2534968
1.6586496
2.8213191
8.8253536
3.8672486
2.0787624
6.0963327
6.8302986
6.9508042
4.6914997
8.0524934
11.7339694
2.4136499
4.3184096
4.5211179
2.9042734
5.2582290
4.6944937
7.4073328
5.5528713
11.4131508
7.7371399
5.1781594
11.6784938
3.7717042
5.6681828
7.1692137
4.1797501
4.4448832
7.5983357
7.7937365
6.1659429
13.0139603
5.6672452
9.6891076
8.3019056
44.6641307
7.4563245
6.0112808
5.4709865
45.7950075
2.9987982
10.2245710
5.3736914
12.3465632
6.2550520
30.4852089
7.5752052
5.4490835
8.2601985
4.4574404
3.6260697
6.2961377
8.2274876
4.3855781
7.7094462
6.8339419
2.7916773
6.3004953
5.5329762
5.0014790
7.6831470
9.4162857
5.2617194
3.9997130
3.9589306
13.9398785
5.3389787
4.0471669
7.9346059
10.8698209
9.1950918
9.3965964
5.5835951
8.9503104
7.3110908
25.1069354
6.5675322
14.7311809
5.8478808
8.9424703
5.6056732
6.1994290
8.3128269
3.5416367
3.1203234
8.0482211
3.5059768
4.7176678
2.4616177
3.9005451
3.1585744
4.8989090
9.4582200
4.7672200
1.3322344
5.7648013
13.8861673
4.4313856
5.8868619
5.5185995
3.0259414
1.2796322
1.2623668
16.6916622
4.3142643
5.6938699
10.2872338
6.4158415
6.4396195
4.0859004
2.1084206
6.1429092
3.0693862
6.4807406
5.6731314
9.5181779
5.7665868
5.0276978
6.7097750
4.1750591
8.3931274
4.9098763
6.0178867
5.2726388
4.3667822
6.0345374
4.0334519
7.8984005
5.5923347
8.2886481
2.9587398
4.4520821
4.4611795
3.5407311
6.4518833
7.9601635
5.0355672
4.1027221
8.5322992
4.7537195
3.3755570
7.1977445
6.3785116
1.5771843
3.0269790
4.5055063
4.8704183
7.0643127
5.4656572
5.1068518
18.1153983
5.5479858
6.6211076
19.8461912
3.0613422
7.4068376
7.3295459
6.0303815
6.8125180
11.3187173
5.4301096
9.3783238
7.9656570
6.0044108
6.1301661
10.7950963
5.5212541
14.7292145
3.6719352
9.6871579
7.6188753
6.1700308
8.3679790
4.5673053
6.0963174
13.7155459
6.2486104
9.3062131
8.9919185
5.2107890
6.9399325
8.3798355
4.2259859
18.2034173
4.9046649
4.0351313
12.2632440
13.5295170
14.2716164
7.6396244
13.6339568
9.6498978
14.0996782
12.5924502
10.4674084
7.1081044
6.6813494
21.0165516
16.2912790
7.4850357
11.7022668
10.5839882
9.7495242
9.7242037
7.3597267
17.3565457
18.2410650
21.2489988
8.3450828
13.9584424
5.3581105
7.2212907
13.6606791
4.7990460
5.6323755
9.6304389
5.3969847
5.6025858
6.9036600
4.9416049
6.1079129
5.2224926
6.7037006
6.4082251
14.6354200
5.9690811
7.4984072
9.0094770
5.6638153
6.1991246
5.8329316
4.6087347
6.6386508
6.8929460
8.7906936
6.5631338
7.6177181
5.3287487
14.0768283
8.5725498
12.0300598
5.5419964
7.9522610
6.1712629
6.6874331
15.9740636
5.8351252
5.9550951
11.4705316
12.5581793
7.8362220
25.2390424
60.6376663
61.3669555
18.7422836
23.2219365
16.5338302
11.7372256
13.2032226
25.1781170
11.7056152
11.8151564
5.6941582
5.2578786
20.0095423
4.7142152
11.9416823
16.8625098
10.3417715
57.8703725
6.3844984
11.8289588
6.6070758
6.6415005
5.8007616
13.4171109
5.9554901
6.9416893
10.3966075
5.2394684
5.1350074
5.7153907
7.4872150
7.2335097
7.4591701
7.3053896
5.1333061
10.5186954
3.3195784
8.9851529
11.5142170
9.1185425
9.3115190
10.5458545
6.0044949
11.1023836
13.7447705
8.9563831
8.7555770
15.5490686
6.2592230
6.7142202
7.2816679
8.6996925
8.3692003
8.6944274
5.1180609
7.7886913
6.6312496
7.7875895
6.1469952
8.6523241
6.8128021
7.9171429
5.8198760
6.6193083
7.3863731
7.2219340
6.5202541
6.1963565
9.6353898
7.5297791
9.0873134
6.4068907
6.3337686
6.8584871
8.1112970
5.3625126
6.3086648
7.2997417
7.6467338
5.6379292
4.8526888
4.5388056
5.8280990
5.9230333
6.7115623
5.9670521
5.7381084
5.8813597
4.0140371
3.4540021
6.0856443
4.3907036
7.1206284
5.0436411
5.3577379
3.4485439
3.5881136
4.5968255
9.6119967
10.6667827
3.7226542
4.5212211
9.7674425
5.0440963
5.6805037
4.0704453
8.1054910
7.4837226
7.6221588
6.3560400
7.0877998
12.3650833
2.3468077
6.9934876
4.8709069
6.2908633
6.1617880
8.9827853
13.8321516
14.0082755
8.9059896
11.7252519
13.4832681
15.4104380
11.6397179
10.4955704
7.3160751
14.4567390
11.4477321
15.4332983
12.6907932
6.9549328
8.0041141
11.9447840
7.3449930
13.3429759
11.1638689
12.3501683
7.4334428
11.1179254
9.9629680
7.3726490
4.5678411
11.7216024
4.7348416
7.7110023
7.2514259
6.2528283
9.8035379
8.8228857
9.8588313
10.4376240
3.4700790
5.5258606
9.2134804
7.1862090
6.1383748
9.7218355
7.8744046
9.9933510
7.3962205
8.2333324
13.1508568
7.8181301
4.2594978
6.9172972
8.8591007
9.2015850
10.7340966
7.1270954
6.5445024
10.1022555
7.4967811
6.6189137
7.9167784
11.6229741
8.5420122
7.1821106
6.6333273
4.9871640
6.9225544
7.1122548
9.0156700
5.3198202
6.0438479
5.9715371
8.8029721
6.9738675
12.7700105
9.5640548
10.1985514
11.6299167
9.5710321
10.9512604
4.3514967
6.4735309
14.3524645
7.0123599
9.9149182
4.7922357
7.1386280
8.6762222
7.6760476
5.2799306
6.7539923
6.1505596
4.5566275
8.6441237
5.3871784
5.7164360
3.1321341
5.3800476
4.9499533
4.2828773
7.6333995
4.6336174
5.0483368
5.8344498
4.5260051
3.6923143
3.8414890
6.6743957
5.9116262
4.1345925
3.1958495
5.1828512
5.3258164
9.1899503
3.9765403
44.8709592
11.8633438
5.4445416
6.2267810
12.6443676
7.0828535
9.4383033
3.8620916
8.2219148
4.0814547
4.4659180
7.3292565
8.4280782
9.3278080
19.4939219
4.8934508
5.2779752
9.6078077
6.0115203
4.7317313
6.0583608
13.7287382
9.5038612
5.9103161
3.9407650
9.9396704
5.3019085
9.2862725
13.1112980
4.5668206
6.0647704
4.8221317
4.8377695
4.2032948
6.4433783
5.4540118
5.2957779
3.8985540
3.9620899
8.8216925
6.6456118
4.8024959
7.9351447
7.0803985
4.9726024
5.9943832
7.0567044
7.9988990
5.3683210
6.9602567
7.6342657
10.8939550
33.8964056
57.6492713
8.7079952
5.0459618
9.4861157
4.0321619
10.0275309
22.9705615
15.2966710
5.5991123
13.0794910
66.0223980
11.8816467
16.7137818
40.4796242
20.5338682
9.4768100
85.7844521
24.8052785
9.6570504
7.1941127
14.0313571
15.2713461
9.5442473
23.1453713
14.7559061
11.5610945
27.3179159
29.2118112
39.4209268
8.5921400
85.6987228
26.3638590
26.0283811
22.4349636
34.8937230
34.5398902
51.9976591
26.5571437
3.3725024
32.1523480
20.5746933
7.9889763
19.6677950
13.2828783
17.5210207
9.4778210
5.6711715
18.9705334
3.7488453
6.5225362
7.5521388
6.4782329
11.1062151
76.9890178
43.2576694
43.3753151
11.8077325
9.8407559
18.6640000
3.5881121
10.8285585
7.7505339
8.9088223
4.3520382
13.7777159
10.2993639
15.3742514
41.6106360
4.4300878
7.7171506
5.6450019
13.8013149
28.9869832
137.7602325
16.5742456
14.3575312
14.6685780
2.6493373
2.2530026
17.1962703
17.0030164
30.9954943
163.7964800
6.4907908
33.8692610
5.7172092
18.2811972
14.7604134
22.9170345
12.4841844
62.7975904
10.6886898
6.2283650
61.9266162
19.6609775
46.8030766
76.1871294
10.4515423
47.1421595
2.1755764
60.8171067
222.1513996
24.1924343
63.7527391
20.0885642
148.7006623
18.7966843
181.9773463
81.5929760
61.2993478
112.8939948
6.3749107
27.2367822
14.7039285
166.0208217
7.0750298
152.7690103
8.5152346
55.1025011
56.1826892
36.1266033
79.2417821
134.5576046
10.2440864
37.9547855
27.1134316
11.0580915
23.3007360
20.3002418
17.4616808
110.6396637
12.5227592
8.8067750
36.9147534
347.2594933
212.1749336
16.1823250
146.6550875
54.4353090
97.0402977
84.6628451
16.1843733
104.3331486
54.2818399
11.9177070
52.6023059
7.7304528
19.9567886
91.2020188
7.4840392
6.6475779
11.6825246
18.1277417
24.9841877
102.4597594
114.0096827
28.6193463
10.4283219
15.2396786
20.0590333
8.1229203
141.4327066
100.7103840
100.2938187
22.1447805
43.1482140
72.5874118
8.6878554
21.7136187
4.2364558
6.6600430
6.5954845
7.0031908
14.9252925
3.8300676
9.6040892
5.7262876
5.3554919
4.0264791
5.5658277
2.1547730
7.1189988
8.0381809
3.6978456
4.0173844
2.0773311
3.0394952
8.4563690
4.0847397
2.9463648
5.7938625
51.4369257
10.6709838
8.3063615
12.5601074
17.9353348
6.2191850
6.2096618
3.6991135
6.9160881
12.1844179
6.4871856
3.0604007
7.2704482
10.0908709
131.2185830
4.8021730
4.3083054
13.1686087
4.2242034
3.6231335
9.3780651
26.1447195
4.2072613
12.4292399
6.7329359
11.2098910
56.9694959
6.4680601
7.4969540
2.2570067
3.9841737
7.1217672
9.0731051
12.7787253
82.6942815
4.7977146
9.0499063
6.4709739
8.4184775
7.5404275
10.2081732
6.9516491
5.1049220
9.7315336
6.9233931
5.5901181
5.7991885
6.5799413
5.5799972
13.4610633
20.4620452
15.2383941
11.4372867
11.5227888
12.8924330
6.0949171
11.6648294
12.6587812
13.4166405
10.9819394
7.1097053
11.6928422
8.8826668
9.2198389
12.4446687
8.9171667
9.8656940
12.9790329
9.1551853
13.7819892
11.8776609
12.6094217
9.2266231
6.4141313
9.1142492
14.6634630
6.4945631
11.9961268
17.2786035
11.1117239
8.1598095
10.1955714
16.2112487
14.0699224
10.0878433
25.8014390
22.8845619
7.3840699
6.9333717
21.0169572
27.2486930
8.1065205
70.3897245
39.8290234
24.9913645
7.3046468
17.5735431
61.1667489
7.4155752
25.0830292
11.8521482
6.7528486
4.8640947
14.2020322
5.0438579
75.7503915
7.8124611
5.3425319
14.3911914
12.4417841
17.3343634
5.0935555
21.4755596
7.8305013
7.8513895
4.4313428
5.0225543
4.4182903
9.0062309
4.3589045
8.9072805
1.9666789
3.9669577
6.2384966
6.8221935
3.4784103
4.2386185
4.3652486
3.8638110
4.3739063
6.2980843
7.9648718
10.0081774
5.9829771
6.7864237
6.6249857
3.9703792
4.7812809
5.3423420
4.0784194
1.9364043
5.2134679
10.2629028
4.4558280
7.2410912
4.0713526
3.9406924
4.4508395
3.8582832
15.5664961
3.1004175
11.9284376
11.0373493
16.4174647
18.1985522
23.1716892
9.1757212
8.0801419
12.6190255
4.8284596
5.9307864
13.6445094
6.3799826
10.0458225
13.9090560
13.5697885
6.3541585
6.2255701
8.4910376
4.2555362
7.1460484
4.9586693
14.4435557
10.5752365
8.8774662
4.0231430
4.3015184
3.7187990
10.1547128
11.1322249
6.8747409
6.6436082
7.7230543
5.9949460
6.9250816
1.9676367
2.6517037
5.1433118
5.5664605
7.2826222
8.3304179
8.1774926
4.2042211
3.3078411
8.1661697
2.3455336
8.7991047
7.3819000
4.2572958
8.0827926
5.0289893
11.0843063
5.3861479
3.0498224
4.4123210
3.2155759
5.0318222
3.2676488
6.4800145
2.6663673
2.7077781
4.6639648
7.3863640
4.6300608
7.3451238
7.3357034
10.0614967
3.3244673
6.4381785
2.1618672
9.1372397
2.4437476
7.2888159
2.7748725
3.9973098
4.1976391
1.9490028
6.9007829
4.5403469
4.4303118
6.5671007
3.4427417
6.8734786
1.8242571
4.6563564
3.0814854
2.6757651
2.9865772
3.1115307
1.9155644
3.4634279
2.5578415
1.7619133
2.4712084
3.3653509
1.8476967
2.1624552
2.7747195
2.9680241
2.2783064
1.7287716
3.1888025
3.3889236
6.3107255
3.6243515
4.6648671
5.0694047
20.9824851
16.7790015
2.2093646
6.6865028
8.4177354
5.5232938
4.8043568
5.7827027
6.5114868
5.7300321
3.5851494
4.8115339
5.7741398
4.8104828
4.9715536
5.5244180
4.3521848
5.6464583
4.9807709
4.2485769
4.8353347
6.3979620
3.6175322
5.1348374
5.4019149
6.8805185
4.3261733
5.5746563
3.5400575
3.8461160
5.8853204
4.5394858
4.9261704
3.8831022
4.5200378
5.7103284
4.5307554
3.4848557
7.4521826
5.2598379
3.1772319
6.4997532
3.7228976
6.4323456
6.0807640
2.8221055
7.4721997
4.9194334
6.9502419
5.3397742
15.4872973
6.4135361
6.5476816
5.6802566
4.4759325
3.5284599
4.0091456
4.2728212
4.3882787
4.1593224
4.1002443
4.1660940
5.0073737
4.2160677
4.6500062
5.9425749
5.2244815
4.2778358
6.8286541
5.4118556
3.3428511
4.4907393
3.8884568
4.5061731
2.9599350
4.1221726
3.2204196
3.2299033
3.6073475
4.8934112
4.8674655
3.7176351
2.4786218
5.4084940
4.1961558
3.9022600
4.1519482
4.4565016
4.6009114
3.8410665
6.1912914
5.1310995
3.6071400
4.3449377
4.7046592
4.1617091
5.0503786
4.1593203
3.8789727
4.5614907
5.6988145
5.6267802
3.9503677
5.4416042
5.4637724
5.0539406
6.8316725
6.0539735
5.4428059
8.3985901
6.7681493
6.0061189
7.9261949
16.2277065
7.7014782
6.4547627
13.1435512
9.0482369
8.3039695
9.9035819
14.7126296
15.0869516
16.5724637
22.7408866
13.3441358
21.5582090
11.7066722
18.1296687
22.1373125
15.4408397
11.3316228
7.5159783
9.7656257
7.2795503
19.2316428
18.9048867
15.7672851
12.4245303
13.8216294
7.2140473
15.3115814
20.9039382
8.3375969
10.6185017
11.8591411
12.6313488
9.2625982
8.1794309
13.4775609
14.9624812
17.5626193
17.6249465
20.7950183
20.0000149
15.8284309
34.0820714
8.0691693
7.7732274
11.7486591
15.3699738
14.2835519
25.4772059
12.3114880
20.3897749
25.4194647
17.0964202
9.6790872
30.1733250
28.2885013
12.6061051
13.6242300
18.0204833
38.5625527
21.5050608
13.4491751
29.4062064
16.6467928
21.5196004
20.5773966
20.4750805
11.3820656
29.2681096
16.7355575
19.0637934
15.3532758
11.9994073
23.1017782
18.2681524
14.3480483
16.2897022
34.4005094
19.3517730
22.9682946
26.0593736
63.3952676
11.0128535
37.5776564
21.1910539
56.5398221
9.3919301
40.1549236
40.5338821
46.5989539
62.4767285
19.2880626
9.6407274
31.8224243
39.3463419
15.2108582
95.9661805
13.4803666
41.5638050
88.1494163
57.8476952
67.1402945
41.8799576
37.6495464
26.4508043
47.1506097
43.6034368
31.6757426
52.8607204
19.9940073
85.5314314
37.5292062
58.7609580
30.8314969
41.2164104
25.1690414
23.8042410
20.5321186
12.2218042
28.7996077
28.1883706
11.9421655
29.7595790
15.4917539
9.6540658
8.3299032
20.1145538
13.5128227
13.1797237
5.9444346
10.9232821
11.4409082
7.4410673
6.7142940
5.6028962
10.0261246
7.4521808
10.5226837
7.9622597
6.6512192
10.5697124
9.4063759
7.7784978
9.1792316
7.7138829
7.5722162
8.2422660
7.4074510
8.5507712
8.1844714
6.7596031
5.7678661
8.9111283
9.2648230
5.7620241
4.8989064
6.4961576
9.2477185
6.1892476
7.0422861
8.3592489
7.6729414
10.5887829
6.3705005
9.8688068
19.4029179
9.3602775
6.1468774
5.8685660
4.3206989
5.3072681
6.5280109
8.3368945
5.4991040
6.7423037
4.3714574
6.0285381
3.3534445
4.5614383
5.9179104
4.5858678
4.6993795
4.2875876
2.4545326
4.3082177
4.6297395
5.0672878
2.9924029
4.5430109
3.8786173
5.9788230
6.7869138
11.3271014
6.2124969
6.7621349
6.7581458
5.9316779
5.4882292
15.2687488
9.2191035
5.5636248
11.1789860
8.3943907
8.7194120
7.3382716
9.4360175
13.3965875
9.4711437
9.2629500
11.6793854
9.0281318
12.4241188
11.5797023
7.9289377
11.7225113
8.6320314
10.0165567
13.3810902
8.9277957
10.2278982
10.6808719
8.7513919
14.2760274
7.7197351
13.3136407
7.9925095
9.4823470
11.4461367
9.2212993
5.0110417
8.2773919
6.3211459
6.4823378
8.3824010
11.6885419
3.1610948
7.9596964
7.6901748
11.5950191
6.2438316
6.6434575
7.3873249
6.2243250
8.3761260
10.6964566
12.0106093
11.7049245
14.8087552
6.5799297
9.9248571
10.3426475
9.6155139
13.2974715
9.5400015
11.4600050
11.2737493
9.3672985
11.3747415
9.7747820
25.4313089
10.8060916
10.4830460
10.8399673
9.9733101
11.7575650
13.5134715
14.1503309
13.8906325
12.2603245
10.2887913
17.8142208
15.3452108
15.8258368
13.7657096
28.0247381
7.3195537
9.6321390
18.5625305
8.2877757
9.8846196
14.2299075
24.3633844
20.0905461
12.1158510
19.2945511
17.6023260
17.4188077
7.5062401
9.8202369
10.0931221
9.5971931
4.9359212
6.0917352
15.1365553
15.5904592
8.1295499
38.5108303
11.4776565
9.1033497
7.0929468
9.0880532
8.2486830
5.0332355
6.9767361
5.9708342
11.3492143
32.8897400
4.9231069
7.6055735
7.9537857
4.8695207
5.3486078
8.2984371
8.0596902
6.6130278
5.4639689
5.1157997
2.7541890
5.1075761
12.8766675
4.0500458
7.8941483
4.5062058
5.1031476
3.2676777
5.3699598
3.4958173
7.2063476
6.8644807
4.9299790
15.2532947
10.5962871
9.1745998
7.4213970
8.3758854
13.7974530
14.2199679
21.1554947
8.3175394
45.0444436
12.7232555
16.7259883
5.2351641
8.5911831
8.9632104
8.5798497
5.9363737
4.7034646
8.8778554
10.1699393
9.0479472
22.9795713
3.2735395
5.6057095
2.7716634
3.7318818
2.7640242
9.5299477
11.8606283
6.8432900
7.8358985
9.1542765
10.7251713
9.1481099
7.8117231
7.1060791
4.5029641
5.8238789
5.2696097
4.3596519
4.2806873
3.6218707
15.3769086
4.0512741
3.1783363
7.0371562
11.7262984
5.4622905
3.4598669
4.7492791
6.0192824
4.6072530
5.5453765
4.9534638
3.4434020
2.9591353
3.0687945
42.4128784
2.8149911
4.9099757
4.7821986
8.4229551
3.7048103
9.1797312
6.9011187
4.0538080
4.2522831
19.5130498
3.0751403
4.6026888
4.9112677
4.5952931
5.4557740
2.6772807
2.5958834
5.0998391
20.8189507
8.5306316
7.4950096
4.5246993
7.4263171
4.1594864
5.8161108
14.5947475
6.0791071
5.4047541
7.3061501
3.1208221
6.0415743
5.9513268
2.9133618
7.4308241
7.2845024
5.5893614
3.3768108
30.2796231
5.0128728
7.6945713
5.4130872
6.8073690
8.1249150
8.2832298
3.5378132
13.8015249
7.6161893
9.5160408
6.6624011
8.0329971
5.7648863
6.1612867
27.4782547
12.4100898
21.2688061
14.0301232
14.2952730
3.4828350
8.0508052
6.6503089
6.9271044
2.9333973
4.4878416
5.1761346
5.5919626
19.8823641
3.2357281
4.0107140
3.4362400
4.1188522
3.2101378
3.1894469
3.3524476
7.4844948
10.7019076
6.6838894
9.0721474
2.8683864
10.1907583
6.1849181
4.7975738
9.4724910
8.9187681
9.1658419
42.2915163
16.8185123
9.9199272
9.9489863
33.7505555
6.1010772
13.2773796
7.4848378
3.2378125
12.3907238
3.3971680
13.7164158
9.2714919
3.4205359
3.9671659
4.3194104
9.8509548
6.5744487
11.9734322
25.0505839
9.8994935
13.5421234
6.0170001
13.4257835
12.7236544
6.9474481
7.7530730
59.5353582
23.0635360
6.0511945
14.9124838
31.1203523
31.8032438
12.0303658
6.6932362
8.7282697
8.6289363
5.9524512
14.8533075
16.8581435
5.4865853
7.0089099
31.2254004
7.8388172
5.0302521
4.5029748
14.4516549
5.2986243
15.3361187
5.5603575
8.9998195
15.8819526
4.8860786
22.5998157
17.4702666
8.3710399
13.4184836
7.4712089
26.9909312
7.5805923
7.9115220
70.2199581
67.0672529
3.6878602
3.9812717
2.5503976
2.7393379
4.8969078
3.7191393
9.7818668
8.5527291
4.3549199
24.8056786
6.0820215
8.0784277
40.8722010
7.1620051
5.5657025
5.0759665
41.0171473
5.0031550
4.9471862
9.1701575
6.6585574
4.1671479
3.5054215
2.5376678
7.0867795
18.3177371
181.0888320
13.6259444
65.7253759
3.8557664
2.6264099
28.9650259
23.6843771
9.0139004
7.4059167
6.9799187
20.9480611
4.9721329
7.4644744
7.7446845
10.1804375
6.8319675
20.2014815
5.2406874
8.0373595
58.7987804
16.4745265
16.5566334
5.9534168
3.9694747
13.0199454
17.6149540
15.9063935
11.6746697
3.2526339
6.5879739
8.4984372
9.5882944
9.0640957
7.5283241
9.8851113
8.7750800
3.5873936
7.4676956
6.1484074
7.0209356
6.0666676
6.1132377
4.1772634
6.5295503
8.9701047
8.8192896
4.0146521
5.4672626
4.7420736
5.9917590
10.1011252
5.7493095
4.8538761
5.5664218
8.6262998
5.4599341
5.4320780
4.6946332
4.8698620
6.5824912
4.2983909
4.5285326
5.9417152
3.8782003
5.2470511
4.9852079
4.4181220
4.6765150
5.5316524
4.2193003
5.9618493
6.9316795
5.4536755
4.2352654
5.0517965
4.6898260
7.5109300
4.8281735
7.0845284
5.4884594
4.6754489
3.6340563
6.4441279
4.7102638
2.5656792
4.4467685
4.5886965
4.8425638
3.5470933
4.7373940
3.7880745
4.2520604
3.4889035
4.0293380
5.0680711
6.1001905
4.5570891
3.9952483
4.2742427
5.0465672
5.5932747
5.7390236
5.0685500
5.8855511
5.7014413
6.2743681
4.2953995
6.9117461
4.4509825
6.0049474
6.1983299
6.1861302
5.8352338
6.3134416
7.4781421
5.6439389
9.1420221
7.4361671
7.3943786
8.7441835
6.4711431
22.6258262
7.5501914
6.7826772
7.0196808
6.6721632
6.6703218
7.7367237
15.8785293
9.2083784
8.1022529
9.5259363
5.6952571
8.4575580
8.2164917
5.8955359
6.6521928
7.7547173
7.9815506
7.8686224
6.5128089
7.7053541
7.8488520
6.3877349
7.6365075
9.1308609
8.6366098
9.2554186
7.8727193
11.6884637
6.7821241
7.8649120
5.8994170
8.6158773
6.7330275
6.7344641
7.1418250
6.1720267
7.2477863
7.2898171
9.1124517
6.8224976
7.4141715
5.0068333
6.8787272
6.2747173
5.2347227
6.3764929
6.7218633
8.1835647
5.9708184
6.2872007
5.9258353
5.9167565
10.3001150
6.7798198
7.1760966
3.8108708
7.0313385
8.4817793
5.8983550
6.0713723
9.2869297
7.5158594
5.3854460
7.9004273
14.7640315
8.0360857
4.2688805
8.8399289
5.6508191
6.4859026
6.7569684
5.4753824
6.7613653
8.4872469
5.7801534
6.5405344
4.1053691
6.7239329
3.9365155
5.7682615
5.5309704
6.5199580
3.2347514
3.4142399
5.8700500
2.9809834
3.9911065
3.3525981
5.6405387
6.2449602
6.5101256
6.9142855
6.5926121
4.4286333
2.5644965
6.6782740
5.0917745
4.7761598
7.3534652
5.5018756
5.5486235
6.2877946
7.4184416
8.0246235
2.9126269
5.0737030
5.4689275
4.4966954
3.4447874
6.9122110
7.5915115
3.9370504
5.3773973
6.3982777
6.0119497
4.1752313
6.6049620
6.1165365
7.9441396
6.3868116
8.0721627
7.0479113
7.5037524
6.5029003
5.0858261
5.7245113
8.1535953
19.4943513
6.9410403
4.4130225
10.3942520
16.9117991
7.1154589
21.9284780
9.2986202
7.7157987
50.2871810
9.1185200
9.3743810
10.6402324
11.3437824
10.7245870
6.3344637
8.4536050
8.4236828
8.3088425
12.6277021
8.6272661
8.9279939
9.8059160
10.5299858
6.9704002
10.5937425
12.1457167
9.0026212
16.3083182
9.8749356
7.9611583
10.5915450
6.4528581
10.0452174
14.2701831
6.5845214
3.5964794
10.7040961
7.4948950
8.9109225
11.2776089
6.2042419
9.2965245
9.1702321
6.9434058
7.7711187
7.6791831
5.3656359
6.1185016
6.7228154
9.5377065
7.4341423
21.2263124
6.4842453
6.6510199
17.5522120
5.1136534
7.2136962
7.2322988
4.4937326
7.5645357
8.8576006
12.5341508
7.5557965
5.7137270
8.9881349
9.2694275
8.4177588
12.1664202
8.1435108
28.3460673
13.3567812
13.2662169
9.5615822
7.3232428
8.2679193
4.6100026
8.0657197
6.4729236
12.4396439
6.3108179
6.0948182
3.7327698
10.4193543
9.3130782
7.5548071
5.6520701
6.2748644
4.5419557
6.2429727
5.8217015
4.7588017
5.4764826
4.3735991
24.3589039
22.7005378
8.7522029
11.8096114
4.6667820
7.0791751
9.7269096
18.8414182
5.7891360
7.6719826
3.4169768
49.0988911
30.7150883
50.2246360
42.4611610
3.8512001
23.9069792
11.5734737
15.3907476
22.2560554
109.5171607
51.0733268
50.9065028
44.9227335
27.6426308
63.8314361
39.4835264
35.7761820
53.6365398
58.2423811
95.4620885
123.0837769
39.4811613
130.5198443
81.2389891
21.0582455
57.3683930
38.8686030
30.2277011
52.7933080
63.6735079
253.5482214
61.6374696
53.4439138
80.5714017
83.8090572
97.7977377
17.7161050
20.6773266
91.9954343
17.0465152
107.3439975
25.9756151
15.5692315
58.0271950
8.5016809
12.3454291
17.7479080
14.1838866
8.3182997
6.2551074
7.8731909
5.6929013
3.4233665
4.2269159
3.4295879
3.1437985
2.8627408
6.5245214
4.3435814
3.2256020
9.2801765
3.2161683
3.7583652
2.9873113
3.6271363
3.6331247
4.2120481
5.2502009
2.6404263
4.8220967
4.0158097
4.1104652
3.6273981
4.8024279
3.0597146
6.1890860
5.6874155
5.8215459
6.7213748
5.4944614
3.7398046
8.3381433
4.1809636
4.4176797
2.8227635
6.8038515
7.5728543
7.8154460
6.5319289
3.2824275
2.7687037
4.0870671
6.1625505
3.2339254
5.0457010
4.7157674
4.5331164
3.7356171
8.5027635
3.5227590
5.1344705
5.3320101
5.7686107
7.3424095
12.0688887
3.9219524
4.2010778
3.8451744
4.5833309
4.6147584
8.0956001
4.8490193
5.1954203
3.5351037
3.7834733
4.8794909
5.4110758
4.7792407
8.0529704
5.2813829
4.6111660
6.9015710
2.9140158
4.2975500
7.2029162
5.5685223
3.7339744
5.2901129
4.8716684
6.3845249
5.5001859
5.3835962
3.5941216
4.4894308
5.9449645
4.8155732
5.0965746
5.7194316
4.0032802
3.7299764
5.7662946
5.2719303
4.6535363
5.3200363
3.9171484
4.8946200
5.6560822
6.6637927
4.8712637
4.8112791
5.0771921
7.7347483
6.8998358
6.5659972
5.3460399
5.8303757
3.6910629
5.4576463
6.0443777
4.3493794
5.1372515
5.3034431
3.7126561
4.2681071
3.9539231
6.3015896
7.8427403
3.7056096
3.8307059
4.8346907
4.8902206
3.5743833
5.1650423
4.1515719
3.6304882
3.5226924
3.3891770
4.1463088
4.4193197
3.4245471
5.1342926
3.3103919
4.2397952
12.8357938
10.8612357
6.7445103
3.5730487
3.3575697
4.4048581
3.5147590
16.8839251
15.1040618
7.3296693
7.6910209
4.4284310
21.3823575
5.4707092
4.0890349
12.2224422
3.5586252
5.2687897
3.3980262
6.3044791
4.5543505
9.2896654
3.9501834
4.5653828
4.8966790
6.1401872
5.8792235
3.8648779
6.9732253
4.0657928
10.3787863
4.5571556
6.2359726
5.3042272
8.8928259
4.4482256
3.6773083
5.0931216
3.9517191
6.0571823
9.7337880
9.1848818
9.6526925
3.8764280
4.8304462
9.5513428
4.1146059
4.8492292
8.8495611
7.9884684
4.1070521
10.7577011
13.6290657
6.7159428
10.2500813
10.0220794
11.6011368
5.7456924
7.1620166
8.7551610
4.6248265
4.5115213
16.0176741
5.2389549
5.5943628
5.4754808
6.7584509
4.7612470
3.6909964
5.1132247
5.9540283
4.4013656
7.3450823
3.6129707
3.9960725
6.1933368
8.0385598
14.8988366
5.9265362
4.1533533
4.6726433
5.1267229
6.1403165
4.9227901
4.7979897
4.1492103
5.3829250
6.1034457
6.0541952
7.9046795
3.6458505
7.0292358
4.4755073
5.0260910
5.1178658
4.1923882
4.3068606
4.0248126
4.5725444
7.8626195
5.2955102
4.8146860
4.9476744
9.1247752
4.6661990
8.0730691
6.0117021
5.4156457
9.3759389
24.3782204
9.8009048
7.5560298
4.0669201
7.3246147
5.5111792
7.1780385
7.5793265
11.8783588
16.3781614
3.6916701
9.6516052
6.2547080
10.5529496
12.2375719
11.3929497
20.1532794
21.0697065
4.2058755
12.9332002
15.0549982
5.9830530
9.0621648
10.0719779
5.6642284
13.8189126
7.2014040
13.0635313
5.2491675
5.3295838
32.3395070
4.5761329
4.2899457
2.6106636
4.9592908
3.2919095
7.0054731
2.1762274
5.7952249
9.5000810
6.4687298
3.6982986
5.6545303
6.8868117
3.2503232
5.4351294
3.4667169
15.9048813
4.0611758
4.8775103
7.8126153
9.4328807
7.6619508
5.3194863
4.1570024
6.7454255
6.4337857
3.3801294
2.8400120
5.5397050
3.6307509
4.5633189
2.4723592
7.5232010
2.2923759
7.4769763
3.5334888
5.9318867
2.4907564
4.5261484
7.8246357
3.2603911
2.2541287
8.1530169
1.5804618
4.1333791
5.8248153
3.9825566
2.8934631
2.6481484
3.8119844
3.8330891
3.6124525
4.3344834
6.3206694
2.8239227
7.0993474
4.3823777
2.8272603
3.9748612
3.0775886
7.9877437
5.8167580
7.7551800
4.7456287
5.0872143
5.8635662
3.1791170
2.7776410
6.7853023
4.0708298
6.6007075
4.5652286
8.8212282
2.1718040
6.8500832
6.0464980
3.4369894
2.7124012
2.6068726
2.6427103
3.5844382
3.5698263
5.2899983
5.9032658
3.7607915
6.8679294
2.9431748
4.6277950
3.1453138
4.2191689
4.3814708
2.6446028
2.6706389
3.1250687
5.6301609
3.5479742
2.5149612
1.9831890
2.1054314
3.8799902
5.4884299
4.5673049
8.0474647
6.4889712
4.0899952
4.3687761
2.0453982
6.9913499
5.0508182
2.5858011
5.2165482
4.4540127
3.9194030
2.5757795
4.2146096
3.2578594
3.0526342
2.5573524
2.4954451
4.2450581
4.6822676
3.6605514
2.9784770
4.0782438
1.5475325
3.4001351
2.2289223
2.0519339
2.1177967
2.9536864
2.4905002
4.0730099
2.0865916
3.0983047
4.9280843
3.1232978
2.8432224
4.9353199
1.9274769
3.4432900
2.2378500
2.6051365
2.6058911
0.4744460
8.1863418
4.7564520
2.9474745
2.3017637
1.9067518
1.7989214
5.3929448
3.1632838
6.7196301
3.1050716
6.9986898
3.3466572
5.8231062
4.2632864
8.1283596
4.8423991
3.9980624
5.0754390
1.0157434
4.1180998
2.7885042
5.4554069
3.9100041
12.4888639
6.7941494
12.1798096
4.3139199
3.3221649
8.8736264
7.6667686
6.3966241
7.1058330
6.7254416
12.0186559
5.0169647
4.2558680
15.4049116
4.5568666
9.9133497
6.5872132
6.5747091
4.4383468
8.3204309
4.8782297
5.4806761
4.0900136
8.4793553
5.6509130
7.7341457
5.9299733
5.0549007
4.4206977
4.2374862
10.5076684
6.0201541
5.8467934
4.9617983
4.7570191
3.3624612
3.9478722
3.9486950
5.3203098
5.1338093
3.3363305
2.3960292
5.6528484
6.3201899
8.6165777
2.9542832
2.7417745
5.6217143
3.1757657
5.0567022
1.2739580
2.6564478
5.0854269
8.1708371
13.2460548
8.8018041
7.3164371
5.6175905
4.8273996
2.4916074
8.2339423
3.1196048
6.3925660
5.9604714
8.7365176
5.5268176
2.2074994
3.6751336
3.4106557
5.0933005
18.7412624
22.7555215
8.2349530
16.5972004
6.2340079
11.7639561
26.6952764
12.3144980
14.6925185
1.7491077
6.8040879
4.5244401
7.6959753
6.8845199
5.5351798
13.8485129
3.3273508
10.0531451
22.0730805
8.5215968
6.7716986
3.0980784
5.4429090
8.0743939
27.8961831
10.8785105
10.9564919
27.0509956
25.5877631
10.0491226
4.4449522
18.8403656
11.5850516
18.2094585
19.0088577
9.1294772
12.0146036
6.0322651
20.9456570
24.0018134
18.2501465
9.4662199
4.1772353
18.1595671
10.3925150
10.8963325
7.3729634
9.9391354
20.1703420
18.8044652
10.9957194
10.6689431
20.3624287
10.0550977
5.8384238
9.7471549
20.1254408
10.9668545
12.6565542
16.2707750
9.5379726
6.9497837
7.1358457
22.6054067
8.1635381
17.8235510
5.2537278
9.2271140
14.8499337
7.4144616
5.5026429
15.3823257
13.9273176
9.0854466
6.6022145
16.9332871
6.4070423
14.7382740
9.0824990
11.0895231
10.8193118
21.3286830
5.6435042
9.8774764
11.6056801
9.4858406
10.6732683
9.6412931
9.3502288
8.8792874
8.6018852
7.6756507
10.3218873
11.6697385
8.3731349
12.8482819
7.7294362
10.8044997
5.8658408
9.0852143
9.2982175
10.3188230
13.4322634
10.5069718
7.3643455
9.2864496
8.0565911
8.1344679
13.3587085
13.5102338
10.5784328
14.2738521
8.7163140
11.2272273
11.4098319
8.9670938
8.5667337
6.7336544
9.2787810
4.9045909
9.2731902
11.1037830
9.4450840
7.9774048
6.3196940
8.6059558
12.5057904
8.8727289
8.5135225
11.5408013
7.3082092
10.4518341
8.4161172
7.9171037
9.1187390
9.9653294
8.0468336
4.9599901
7.9572151
10.3582975
11.1422810
10.2771716
5.2351334
13.3080772
9.1382816
6.3526372
11.5484875
14.0108800
16.0302178
8.1430129
9.5156176
12.5235379
9.9693105
8.3238942
9.6554547
5.3121383
6.2583413
9.1496965
10.0223995
13.6572783
12.3694388
8.4281117
7.4033401
7.3772368
7.3235698
16.7090437
8.5130827
12.9829240
8.5701425
14.5908153
10.8265715
11.0801219
7.8721359
11.0890523
9.7089360
5.9251670
10.3049456
11.4671397
4.5129528
3.5776972
7.8565247
6.9113045
7.4267251
8.0595181
5.1316090
29.5775833
11.9021985
13.0501397
10.6527418
12.2473139
21.5126866
14.3691343
19.0450925
12.2506847
14.0650383
20.0398511
12.1540111
12.1689217
20.1273212
16.5047583
13.2065483
18.0662067
18.3506660
22.5571036
11.0906418
13.1438963
13.0461516
21.0688674
13.3833415
13.0702919
15.5095381
12.2997004
10.0257434
17.2642280
9.6913254
4.3676392
16.6069440
26.3588170
18.1631447
11.2308871
8.6097034
29.4647139
30.7292115
35.4500925
19.9801056
160.0576255
23.8971424
29.5963268
9.8128651
33.4850147
11.8198837
26.6984955
21.6680301
16.9123034
45.5008295
54.7055983
4.8895711
13.1346730
22.5855227
10.0685333
34.4891250
12.8372755
14.1292963
0.7804653
34.4557118
51.4190903
50.4950128
62.1415921
219.2647742
3.4797642
138.8878078
6.3669927
5.8595371
17.9939820
4.0662751
7.8394613
44.4398736
17.1890505
6.7052926
21.3137759
53.2875935
20.2457239
118.4224217
57.6727498
38.5530601
21.3502809
25.1354591
13.2626115
12.0547766
6.0293856
9.9540406
9.4325881
14.1843953
18.6813759
17.3177547
14.1560830
7.7281178
13.5700560
7.7268080
14.0961420
15.7081030
17.4823325
6.5294370
13.6121400
10.5552105
17.0504883
18.1585797
15.0534331
9.0653244
9.7626550
6.5309912
6.3464621
5.4882266
4.4100964
10.7476133
10.0893083
11.9292032
26.8538814
18.7323441
8.9047612
8.8501986
14.5245164
19.0959194
4.6942471
17.0166096
10.8187622
9.9533345
11.6769598
10.5935726
8.2335025
5.9092950
28.3311365
10.6221989
12.7100202
10.4362831
25.0101442
17.3244582
20.2423880
19.9826020
24.3948876
29.9911932
12.6048457
8.6739727
14.4318412
7.9955761
8.9414844
22.7870202
8.0025764
24.5287432
11.4332921
21.9876917
30.8246314
24.1822273
27.2643366
15.9662733
28.3228417
50.4552295
10.8342616
15.7247693
56.4336058
17.7676497
65.0511133
53.9175456
56.3432546
50.6329526
19.5680223
29.7297456
54.8898887
12.6260267
11.5026198
94.8037012
25.6628526
79.7284299
73.1825685
53.3319791
87.6754679
29.1379431
78.7718116
67.5258300
138.2085489
74.9192456
112.9725386
112.9518992
127.7889280
227.9111402
238.9869948
171.1517579
90.7014940
155.6025944
133.2341314
160.1279576
99.6420302
73.8976558
86.2826151
95.8019098
131.1526296
89.6491651
120.3363834
112.1304016
52.3355160
156.4191436
107.3600518
100.4592246
91.2734129
50.1753104
67.4787103
136.6963501
79.2782302
96.2615909
117.1691342
159.8235891
78.6847948
38.6347512
98.6094222
59.2857649
105.1508751
71.5618446
119.4551658
81.2654566
81.5007798
129.8550974
160.6556876
26.2544454
90.4808285
94.3185556
41.3137370
92.6098735
139.6349629
139.4957028
48.5183001
52.8810742
43.0868501
49.6012568
42.4147989
43.2469768
22.6813280
74.1511861
15.7185623
25.7782177
31.2215017
27.4896639
24.2739025
42.3992473
26.0944612
29.2209964
19.3476856
17.0147250
8.1808738
25.5230180
6.4972302
41.1746586
20.4542938
74.5992234
15.7740471
31.6938197
53.6179823
52.7416240
33.4153744
10.6820510
8.7040329
8.1534154
10.2771384
48.5002508
22.6088009
15.9097307
8.8066832
13.9712302
7.4590878
13.6672456
9.6324081
8.1386325
11.4625950
11.3691087
16.8280397
11.0518195
11.5219945
13.1973536
13.7013971
11.5212273
12.5443987
12.9995191
8.7851368
5.5063946
10.3209211
5.7566773
8.7949615
6.1775941
9.8225982
7.9874775
9.4034061
10.0780628
4.3870795
5.4569798
6.8476998
12.5374454
9.3079650
6.9725955
10.7049694
7.2206599
7.9631303
10.2009699
9.7345078
6.0578998
5.9564630
6.6685042
7.0974468
7.4644391
7.5662972
8.2399138
9.6583564
10.8503532
5.6850359
11.4222324
3.8151471
4.2519865
3.7490362
7.8951918
9.9724708
11.1343242
8.0159093
7.1612268
8.2612632
9.6340849
4.5950160
7.8409001
6.6364232
8.6076091
9.7575200
5.8879208
10.0488296
9.3601739
6.5920582
4.7725247
5.7277241
12.5466723
11.5415415
4.1858799
11.9326378
8.1375338
6.4103743
7.6325613
4.9236324
4.3427604
8.8792979
10.7841234
6.2775374
5.9735551
5.5078759
2.7749359
2.7989706
11.7484092
5.1584880
7.1454160
9.4008730
6.6131166
8.9535623
7.9637638
7.9167688
8.3725707
6.7556948
7.0630648
7.1408458
7.4207722
11.3860285
9.7219918
10.0009021
7.7948903
8.5766478
10.2396695
7.8960014
4.0990523
4.2570103
6.9130895
9.3679098
6.8352605
8.1034946
8.8010523
5.7154719
8.2757621
7.6588879
6.8044881
4.9880802
7.2937969
6.3442100
6.5887805
6.4891649
4.6682642
5.5959936
5.9706742
7.0427689
4.4599984
4.4761594
4.3601622
4.0849486
6.1867667
4.4703910
4.0348382
7.8411397
7.9183527
5.9549569
9.2028644
8.1859104
7.8027664
6.2287129
7.3141969
7.7672775
6.3230399
8.5212393
6.2773460
6.9602651
7.6010263
6.0714337
5.3608498
4.6085145
4.9781312
3.9349171
6.6614371
4.4330364
4.0800355
9.9206913
3.9190007
6.7948656
2.8499804
8.0264972
4.3016428
5.4252256
4.9519404
4.7679773
8.8930502
3.1673663
4.3116494
7.0278409
8.3955790
4.6810429
3.5767104
8.4005771
6.6962478
5.4288920
2.6057210
11.4816091
4.0832965
7.5556823
8.8339721
5.4907242
3.6833424
4.8147418
3.4067030
4.3368440
2.8002579
5.4360636
3.4048897
5.2844818
4.1391485
3.8267049
4.4910820
6.3784135
3.1779949
4.4020918
11.4075249
5.8385573
6.9490856
4.0863520
3.5198284
2.8247631
3.0055325
4.9105705
2.9681664
12.3511312
4.1836557
2.6536795
4.6236109
4.5540530
2.3686855
6.2695829
6.0003222
5.2278379
4.3935851
4.7477852
2.6951426
4.8106890
2.9092642
3.1435128
4.7744966
6.3488504
2.3616830
4.4431676
4.9215555
6.2337970
4.9983514
2.8187175
10.5788073
7.5675285
4.6321665
4.4467631
9.3259870
15.1582731
6.6753169
4.5188759
5.3651336
25.3797526
35.5718599
15.0749088
4.2207012
11.4815891
8.0646698
13.5014222
3.7325472
27.2250222
5.3780775
11.8883477
10.5189699
33.2040489
6.1566726
20.5173112
5.8432941
5.8478626
3.8866017
11.7937757
3.0932172
3.2580530
9.3045570
3.1177131
3.1805260
21.3996697
2.6403906
5.0718487
3.7382930
6.1448977
7.3484070
3.5531046
2.2186656
11.5715890
3.9729709
3.6345057
3.9201067
2.6664009
5.7420607
6.0063786
8.6048639
3.9803530
7.0252695
4.7770854
6.8014218
5.7145947
3.9090742
4.7004759
6.8259658
2.2055171
2.4219941
4.7776889
3.4707235
4.1253720
8.4600403
5.3666822
3.5661633
4.5849567
2.8440029
5.1702877
2.2954815
2.6849620
3.8823095
5.5056356
5.1374069
4.2123310
4.5479990
3.1690669
5.3598437
7.0374514
2.4590741
6.0661701
4.6326496
3.3615003
3.8923210
2.4470935
5.6298181
3.7730167
4.7337354
3.6010772
3.0987769
5.6288898
3.2864495
5.0278367
4.0227645
5.1219618
6.6964859
3.4295676
4.8598094
2.5289442
2.8227417
4.3998767
4.5109839
4.7859095
6.1615810
3.0903620
4.4957580
4.2775533
5.7081761
7.1733417
3.7145154
4.2120276
11.0280949
3.8186935
3.2468026
6.5876728
5.1376183
5.4626703
4.8879364
3.4045977
5.3211187
5.7598317
6.2439590
7.2741979
4.2291142
3.5643017
8.9642552
3.0660475
4.4185869
3.0261563
3.0627794
3.7812967
4.1469307
4.6217841
7.2543044
3.8900476
18.7755227
3.9952522
6.8798162
12.2872606
6.3571243
6.5660519
3.0717114
7.9023663
9.4592065
7.4408028
17.3975394
9.4573446
6.6720670
6.0378420
7.7083174
6.4210763
4.5494605
3.2162815
3.7392499
2.5800063
3.7888019
4.2792558
9.5157389
8.3833001
12.7986833
3.1842534
6.1458226
3.0935125
4.5207497
3.9427165
3.7274697
3.6812162
4.5854838
4.5537653
3.2590641
2.4356739
4.5844759
2.7891372
2.6446723
3.1849450
7.4039364
3.4415640
5.9093927
4.0102264
6.5813302
2.9137085
4.3398031
4.8964215
2.8693298
4.1082165
3.7975820
6.0560267
4.7893307
8.0299513
21.8893802
2.7331160
7.9977679
5.6130282
4.9959697
7.1198115
16.7456206
7.4902338
3.8290349
17.1826612
10.4406263
4.1618427
4.3853605
10.6400063
13.9843374
10.6267591
22.7986776
9.1165307
7.1474995
5.6241225
4.9810209
3.6294338
13.0466780
8.7536068
7.2345958
4.7191608
7.3559057
7.1361900
6.2126452
26.2195079
5.2753748
13.1915526
6.3192540
2.9881095
5.2348745
3.9013917
14.8868106
3.5029734
2.5918368
4.5729866
3.9908736
7.6384974
4.7418968
2.7626424
1.9798573
3.1487643
6.5561460
4.3587506
6.0899463
2.4556976
4.2990225
5.5750460
3.5209005
5.2570638
2.7700513
2.9931166
2.4151221
2.9790314
3.8380696
3.7735543
1.9865245
3.2968235
4.1798764
3.4826300
2.0496550
2.9944119
2.3753979
1.5807934
2.6370456
2.1259878
3.5858630
1.7278634
3.7130570
3.3860999
3.0495278
2.1608044
3.6728957
2.2682328
5.8276466
1.3926474
2.5655310
2.9051390
2.3153378
7.8394410
4.4681666
3.3673620
3.5884610
8.9184421
4.7273222
11.3890689
11.4426414
4.6995258
4.4113094
8.4850072
6.3101802
6.1527826
8.7766824
7.6055785
12.1028742
3.8326884
1.5788702
7.5382841
7.6284602
10.6340244
3.2023675
5.2901846
22.7149141
5.5712061
5.5660988
2.6765837
7.4576059
3.4017623
4.3894413
6.1947396
3.9848398
7.0696453
4.1749092
54.6052570
4.4832913
3.8890551
4.7859982
3.3074692
3.6432435
2.1790816
4.8750948
5.2570330
3.5918624
6.2903648
6.1684021
4.2421308
8.3468069
6.5571539
4.7214983
2.9818735
4.5844071
37.5013953
8.5290424
6.1729390
5.1203821
5.3722724
2.5785561
8.3770645
3.2258119
5.4857937
6.5520903
8.4985118
33.2023728
4.4570404
2.7368736
6.4919200
6.2165309
1.9711524
5.2630936
3.7826642
9.0260778
21.9670473
2.3668576
5.0697002
6.2919209
8.2684739
3.5068532
7.4511700
9.5009677
4.6178805
2.4954430
0.6886857
3.7843929
13.3627323
12.7433073
49.0101166
7.4848011
5.8297580
89.2867942
3.5767510
2.5063405
1.2702351
5.5703938
16.9441297
7.8063034
18.2806612
7.4224388
30.8245097
8.3557094
4.4146408
8.1200522
2.9961625
56.6734522
6.4522056
28.8811747
2.6779774
4.1587013
6.6037344
3.4490088
16.4069333
2.7116148
11.9899999
6.1951568
4.9157731
8.4002118
20.9796163
2.6789136
3.7194525
14.5815049
12.5850509
19.8707369
4.4014256
13.3358827
8.3345688
6.2570052
3.6709323
5.0835370
7.5857470
4.6051158
6.5111789
7.6672006
6.8177419
4.8870923
8.8460661
9.6101866
3.2092113
5.0084043
5.2433583
3.4189257
2.8278267
5.7726198
4.6362631
4.8060841
8.9397712
1.2980356
3.6836600
3.2014558
6.2048323
3.2719425
2.5541713
5.7645386
2.5790049
3.1824570
4.9791861
4.9243940
3.9344040
3.6407531
4.1529092
2.4438279
1.8787136
1.6303324
3.1286595
1.8910504
4.1193169
2.1825763
2.4578192
3.6566126
3.1188542
2.7359649
1.6992901
2.7443199
2.0007724
2.7751531
2.3143199
5.7837390
4.3332453
1.5650777
1.6487271
1.2131930
2.9611404
1.6986810
3.2838063
2.6998783
3.3924007
3.1253909
2.4727999
6.1300873
6.8475162
3.1979093
2.1153969
4.7907189
8.7612480
6.8629675
3.3909455
5.2706565
2.5409284
6.7740047
3.4168899
4.4344979
6.2278044
2.5926027
3.7133581
3.2021963
5.2263643
2.0717000
7.2962766
5.8177941
6.6825268
5.9361576
7.2359288
2.7917311
2.4850272
5.6856683
4.2440161
5.6896662
3.6515589
3.8994622
2.4921142
4.4555213
3.6911290
4.0828663
2.7964560
2.3971691
3.2670304
5.0445732
4.3453096
3.6623129
2.6967565
3.1497436
2.6484069
3.0158702
3.6457681
5.4593193
3.3531214
3.9587054
2.5224657
4.4688425
5.6189118
3.1091394
5.4452514
3.6506349
2.7287418
2.2023154
3.9568622
1.8422662
1.9893566
3.6624892
6.3425286
2.0088341
2.0136158
2.7542477
3.9078917
3.9947985
5.6998070
3.4955361
4.3219477
2.2363004
3.2824191
4.7147184
6.0801091
4.9529209
6.5502886
2.5498971
7.8251787
3.0420692
3.5962614
3.5908896
6.0860575
3.4919069
2.1416135
5.4391038
2.9196725
4.0322861
5.8985270
5.0627530
3.1666811
2.1357576
10.2260124
3.9982911
3.9968568
5.2553258
2.6599015
6.6180229
3.3452551
2.3477325
5.5720803
3.8021208
4.1767163
3.5688317
5.2749281
5.8643081
4.7072231
5.2610904
3.5994897
4.3890277
3.7349000
7.9797292
4.2064152
6.2510568
6.6574126
4.2538238
4.5007887
2.2384170
6.1721225
5.3909387
6.4969205
3.9453910
7.7471762
2.2955463
2.6544000
6.2867892
2.5546625
9.6941113
3.4865773
4.2461661
4.5196863
5.6718847
10.4346107
5.4656072
11.2845078
3.5977769
11.9060460
3.8998968
4.0920362
2.0855650
16.3368241
3.9231940
3.8672275
4.3363001
11.1758685
8.2129679
4.5958307
8.2939015
5.7122472
4.7620215
4.0631271
5.3483021
3.2727173
6.5261511
5.2819226
3.9596920
5.5580771
6.6491629
4.9184303
2.6182271
3.7436194
4.0443527
4.7446053
4.3774747
2.8348957
3.8979649
3.0366709
3.0892898
6.1886826
12.9311479
3.7152736
3.8404978
3.7313868
8.2261110
12.0086692
2.9560663
9.4427822
8.7617303
4.8236145
11.8496664
4.2703822
10.0686991
19.8537571
16.5854890
3.8684257
7.5270072
54.4449358
16.1937158
3.2021047
15.8143732
11.6123484
13.4094535
21.0515371
8.1825096
37.2603975
4.9468503
5.3698258
8.4227888
11.4221327
10.8300680
3.8930043
15.3752784
5.2339765
10.1988349
22.6602328
18.2875503
13.7275232
48.5035725
8.5774893
8.2147925
3.0787273
5.6706869
14.6100476
7.3828463
2.2839007
7.6557707
15.0839031
3.4169960
8.8672564
3.7503383
11.2895486
10.3878607
14.6332373
5.6354870
12.5045229
12.0638577
4.8999784
5.8190306
2.5766968
4.7630546
5.9047275
5.1450822
24.8506319
5.4372247
6.3744125
11.1650864
28.8472885
5.3212805
15.8812178
7.8779220
30.9146827
6.5715327
3.0601383
3.7428213
15.4445141
2.4150458
4.6142826
24.9606088
7.0147711
19.8305535
14.7491591
8.8719670
2.1971702
7.5369493
6.7829990
9.7876863
5.9476266
5.3232857
6.6485389
12.2695145
5.1157981
5.6511127
8.1263694
5.0298114
1.9375615
8.7535806
10.4258043
8.9044438
3.2334375
8.9843752
3.1195544
7.8011872
6.2876231
4.1379524
2.7787634
3.0996761
8.5250557
3.6885222
4.2235210
10.8057873
7.1794215
12.6927272
10.1146921
12.9422678
2.2467715
15.4222922
4.7179430
2.6941375
7.1647609
9.6237771
4.0356051
3.4157080
3.0624546
17.0748194
9.3210372
18.7958376
9.7986944
4.5430789
3.1917704
5.0253621
3.1227850
5.3763171
12.6341027
4.7730993
6.2864628
14.5289677
4.7836548
2.5626499
15.3983042
16.3577707
4.1266782
4.5610900
3.0125036
3.5965836
8.5177329
8.4891449
5.2636579
6.4228215
4.1700028
5.4069949
5.8650590
1.7067775
4.8684557
6.1974656
2.4694894
7.0840086
3.4979444
5.4440070
5.2397109
4.1216037
2.6648768
8.0185332
4.4736287
6.9569830
7.2506134
3.7035905
3.3916205
12.3513043
7.7571516
5.3119943
12.0188659
6.0321828
3.4553436
11.0033831
3.4908355
5.3463040
3.3982798
9.5879329
12.1249215
14.8027148
11.6025398
5.1797116
4.0475774
3.9832200
5.4551127
5.6846536
3.5496919
8.0746506
4.6463613
3.4206024
2.7483053
2.3526789
3.4448255
3.7504002
3.6124614
3.8074002
3.6663916
10.9983046
3.8929030
11.6413757
3.6550589
2.8329243
11.3180550
3.6716379
17.2210542
2.2823606
4.9540942
2.8585707
4.5187378
6.6581661
2.3552322
4.3508286
4.7070357
8.0669241
4.2922598
3.5906202
7.2944491
7.3849484
4.0559968
3.2433114
3.8480194
2.2942146
6.4911633
4.9369638
3.6871254
3.5397328
9.6985505
9.4214382
11.3697735
6.7266304
3.9527100
2.7039726
15.8954149
5.7432119
3.5142346
3.7495353
26.5984772
5.7551162
16.8985980
7.0185318
3.3521303
2.4620805
13.4306169
7.8415428
2.9205857
5.1770433
3.4615466
11.0703548
8.7423903
3.6117538
2.6384477
5.3949598
20.9934540
6.5805113
2.4958584
3.2761401
9.8825241
6.3190647
4.0473158
28.5084209
3.9305406
9.5522370
17.7192826
7.4620882
6.9676708
8.3350285
3.9994305
4.8465552
16.8405623
10.0041554
9.2600041
7.1174122
5.9644461
1.7844874
7.2131569
2.4148513
4.7008370
6.3858072
10.1204222
2.0264986
3.0560609
14.2505294
2.8586765
2.2782792
3.9778909
4.0759567
7.1828004
29.2919892
27.0062713
20.0397975
1.5599612
8.3900188
2.9642921
3.9313577
3.0295817
6.3199107
1.3932444
1.7493627
6.0685557
14.5346491
2.0371675
15.8806272
14.5473579
28.6711116
7.8454641
20.2320944
27.7405413
7.9589624
27.8567050
9.1495926
5.0096533
5.2015477
24.8068013
3.5479681
6.0108469
23.4811340
46.6578258
2.9869923
9.0161295
24.4649780
6.3876636
16.7955559
15.8946611
39.2555781
11.0040079
46.1213682
16.9198435
19.2842142
19.8961528
21.4504827
31.5089462
32.6462564
8.5415201
48.8695408
19.4068047
14.7647503
42.6391999
29.7338144
12.4605230
63.8189034
8.9014544
41.5774353
24.0974403
7.0110043
7.6094231
19.3051680
10.0583017
13.7831654
7.1425286
5.2993873
32.3286970
100.8173818
40.3316510
15.5121682
12.8301848
13.2373080
27.6197087
20.4452454
9.8035318
2.6986009
6.9490089
5.9494579
3.8743450
7.5088822
1.5325294
1.9955258
8.0796195
5.6649467
10.0011228
3.5732715
3.9942495
4.8279835
14.9364283
9.3696082
6.2330048
7.0323879
6.9866614
3.2449925
2.1534712
8.2394346
19.2495107
9.9533578
9.5118840
30.9419707
9.2751406
15.2092729
7.1294404
41.3581740
12.5167800
14.1949713
6.8971360
15.7993375
35.4877879
9.8299016
40.3327421
51.7176395
7.7642381
12.6690598
14.7469522
18.8727688
32.1602993
29.8674925
23.7268527
15.6486783
24.9931032
31.7117666
125.7934936
22.8947830
17.1021590
10.9864724
12.1677853
62.9838999
35.6149647
15.0021294
37.0606857
7.1004108
7.4973750
9.3675148
3.5088850
5.5029084
22.1260523
10.8488265
8.0667107
11.2890934
7.5662737
3.2445116
17.8109287
14.5485465
11.8933097
7.1124992
13.7320722
22.1037478
4.7837928
26.0277857
57.8658859
17.7060960
27.9692681
13.4384139
24.1557973
21.1138300
23.6408725
30.8143588
13.6012379
14.1500612
19.5744117
19.0253745
15.6261442
16.9295202
18.4725218
18.3225401
122.9721691
14.2714320
22.1276695
92.1969086
6.9160183
30.7559184
9.5522076
29.8292599
24.1915252
8.5277925
19.4767832
4.5309715
3.9594345
17.3703909
11.2575003
19.0634830
17.9522768
58.9125823
21.8103096
4.1834530
36.2832021
19.5444598
15.6114078
24.6417590
12.8305307
30.4919060
51.8935654
5.9532787
8.5808385
12.7890014
25.6202432
5.0406984
11.2428051
84.6148444
30.2624765
6.3849344
22.6988552
13.5930609
28.3597476
38.2479646
8.7782958
13.5789030
3.9879011
12.8233154
22.4136368
49.7804645
16.5290436
14.1640932
2.9320711
2.9887476
20.5483849
7.1627205
20.3492254
5.4400748
6.9602181
2.9422736
7.0414764
4.1220203
58.9172768
7.2962475
9.8962480
2.0818891
50.1832141
149.9117325
2.5379760
5.3176248
1.6461386
9.6603581
4.0060000
18.7532922
8.6592160
5.6331801
7.1321332
38.7839527
8.3182649
4.7719880
3.4548598
20.8113722
5.0195772
4.8401112
3.8767748
4.6687967
20.0103801
2.5282882
5.0105573
6.6764110
4.0301559
8.0936159
4.6988261
3.0988598
3.0375471
6.3317099
3.7504478
10.3138289
9.5251175
3.0038791
2.5107432
3.0513429
35.9899570
2.2762917
14.6276351
35.3716583
1.7310611
5.2555435
15.6218521
7.7273336
5.7081479
5.1370750
10.0205853
3.2998093
5.1458155
10.0956914
4.8934599
7.7833285
4.6267387
2.7838696
6.3466509
4.5330586
6.4042074
3.9153092
32.0095657
3.7761093
2.5722249
3.4018556
4.3972637
3.2378841
4.7361609
3.3758075
18.9054362
5.0815591
9.4351966
3.6661149
17.2823512
6.9757286
4.2434243
4.5567263
2.9613498
1.3164768
3.5197899
3.3913657
5.1679790
3.3113889
2.0581220
7.1343900
2.6713478
2.5924733
4.5640155
6.7233680
2.5696475
3.5272930
3.2199663
4.4716182
2.9816993
2.1490809
3.5319122
2.2854464
3.5746396
3.1897034
1.9917490
2.4851439
2.9200137
5.8058159
4.5780006
2.4119429
2.8906985
3.2445429
2.8470699
5.1831853
0.7706856
1.7831840
2.9949772
1.4849816
2.2134423
3.6565530
1.8531009
3.4515988
1.8806236
2.2260316
3.0298843
5.6185235
2.7217783
2.7527551
3.4666716
3.9558224
2.5936291
1.0156136
2.9781982
3.7771045
3.9932653
3.0607203
1.9694618
1.9182005
2.7003424
1.2741192
2.8350909
3.2130750
3.0108997
1.8928441
1.9112299
3.2445178
2.8538151
2.2798608
3.4884867
1.0753587
1.7464204
2.8863600
1.5426437
2.9015833
1.8364465
2.1420089
0.5691040
1.8462725
2.0175584
4.3258944
1.9001123
2.3444610
2.8408664
2.0149010
1.9894663
0.9062035
2.9284117
2.8438638
2.5802586
1.6711506
1.9390078
2.7954872
3.2850929
2.1010355
1.8392063
0.8426679
2.0285257
1.6091168
2.5849043
4.9997905
3.9771551
2.0107396
3.8196777
3.5117173
2.4322694
2.0879782
2.2455228
2.6752563
3.7138215
5.3898367
3.6308891
1.7116699
1.7290315
1.5280612
2.8113618
2.7153817
3.3763724
1.5527880
4.2740779
2.5138594
1.6316069
3.1389465
7.6724890
1.8448623
2.4428526
3.7486823
11.8859620
9.6723731
2.4801829
10.0894174
5.2978844
1.7472140
3.2744999
3.9767310
1.8275525
3.0143025
3.0388607
2.1550071
3.3197666
1.5197896
10.6275601
6.4789298
3.4051425
3.5824368
7.5668006
2.1335185
2.7762185
1.5433786
2.7170941
2.9134449
1.8147497
2.5272721
1.3321481
4.1594275
2.0280613
5.5504514
1.7580958
2.6622222
3.9074388
3.1404851
3.9687476
2.0828116
2.8152000
3.7375259
1.9915541
2.2453300
6.3254595
2.6697831
4.1331883
2.6197891
7.1487359
6.0872226
21.2984861
3.4159200
4.2099074
3.1901538
2.0011972
2.0218275
5.3936278
5.0376643
3.1635187
3.6454622
3.6994979
1.8680394
2.6997925
5.2459064
3.2345103
4.6257352
2.7712696
2.9711201
2.2842304
2.6863430
6.2605123
2.7357511
2.8772961
4.2977308
7.0943171
8.9965373
2.7601655
1.8577834
3.2293266
3.0659887
3.3875893
3.0433765
3.5265004
4.6720121
4.0508714
2.8622802
2.4950392
3.6857085
1.9447495
5.9540027
3.0798437
4.2049537
4.0395275
12.1128733
5.6997926
2.0906881
3.2277110
2.1420716
2.6825793
8.8207890
2.0791835
2.2772784
4.5827406
3.6087152
4.4233819
4.3616112
3.9567834
3.0315360
3.4053628
4.0673888
10.1760208
2.3040575
2.3482488
5.4289904
4.9610987
15.1265199
3.7167558
1.7734095
11.7648237
2.9477569
5.6889480
4.6056966
2.2639132
14.1359086
2.0222537
4.0488258
3.6170602
3.2190379
2.2973429
3.0127811
6.0443591
2.2126640
2.7531811
3.6695364
2.4323022
3.5203689
3.8353607
4.1144120
2.5005583
4.1374334
5.1906767
3.6660980
9.3262105
1.9948627
2.5418458
25.0538447
2.2403927
1.9801662
2.2700996
3.4040567
4.8826868
4.1398497
5.5956455
2.7917341
6.1307832
4.3806893
4.9919409
3.8162274
1.7854673
3.4559952
4.2313059
1.9317661
12.8245033
4.0767590
5.0670481
3.1964889
2.3772715
10.2515307
4.0814386
3.0858362
3.6186239
9.2528133
6.3560717
1.8942701
1.6490240
2.9131833
2.7891701
2.6301945
3.0498038
13.8845791
3.0381221
2.3961249
5.1223139
3.6891507
2.3880002
3.1504926
5.3614698
1.8481696
2.1381545
3.5597614
2.0915553
2.0105675
6.8481930
2.0720850
14.5960254
2.4192170
4.3586784
2.8678171
4.9309718
3.1241120
2.6211927
5.4923833
2.2896852
7.9998300
5.2066322
2.7099427
5.6176119
3.6280848
3.3522964
2.7768918
4.1408147
3.1972790
2.8942900
4.9278988
2.5198101
4.2365492
4.3665274
2.2661204
3.9517706
6.1578867
3.3077228
2.9678100
10.9279879
2.1838582
4.9637844
1.9409040
2.9212593
2.9656759
2.0658602
3.0378875
4.8073749
2.6517275
2.6863517
3.8613365
4.8362578
8.3623670
6.6731829
8.7826085
1.8240110
3.6452102
3.6954869
2.7801200
4.1569776
14.3985898
2.8215301
2.1510304
4.4589093
3.6906456
3.9756666
5.1407275
4.2848367
2.2018051
3.7660683
2.7201953
2.8914488
4.4454279
0.8453853
4.9857160
1.9629325
4.9174761
5.0281723
4.6114782
2.5187963
6.3719860
13.7776008
3.8838388
4.2496032
7.7996932
2.9233150
3.1015536
3.3161209
3.3295353
5.1410089
5.4985740
3.6546323
3.0307215
2.7982167
4.5283390
4.2139281
3.6436174
3.0761801
3.4139954
2.5630847
3.9597542
7.9668072
2.4583513
5.2090105
5.5449908
3.0861520
4.2683296
4.8151507
7.0018500
3.7326033
3.4041135
5.7919618
3.1709736
3.0381123
6.2901292
5.2728530
13.0311144
4.3777839
6.7104669
3.2967351
9.1755877
5.1041241
4.5577177
5.5650857
4.2519597
3.0998918
4.1419897
3.5178504
5.2929497
1.7996998
3.5064797
5.6844134
4.8550340
3.9301390
4.3114159
6.7471736
3.0039241
4.0741639
5.7650484
4.7715211
2.6169728
4.3407798
4.3351096
2.7630364
2.8672961
3.9186792
3.2055988
3.0556201
5.1737531
3.7082567
2.3925254
2.5207552
2.8310382
3.0089950
5.1124219
5.2751436
4.7003699
3.3495383
3.3670943
8.0499798
2.5677621
1.7060089
4.1477666
6.4730886
3.6368696
2.1097676
2.6689983
12.4183086
5.9927783
4.4762247
5.6865193
6.0816801
3.6970114
5.5637525
4.7270186
3.9463386
5.8763410
2.2567454
3.0166510
19.6748044
3.2855653
3.4122047
5.2678064
2.6677672
3.4427643
3.3771689
5.7706177
3.9626157
5.3531412
2.5684305
4.5229535
3.5909416
2.8702711
3.3353144
7.7975473
5.2641277
4.8957145
5.2470155
4.8085742
4.1913529
6.5933830
4.0014287
6.3088542
3.7721890
5.2362911
5.5031817
4.1796470
3.8138226
2.6966066
3.8454375
3.5316484
3.3062294
2.5771007
4.0502678
5.0220027
3.2263600
3.5047394
4.9893290
3.8181555
4.5431732
5.5637339
5.1090266
6.4521610
4.8893292
3.2004293
4.6337533
3.0708929
4.7736393
3.6899256
4.6857558
11.1172851
7.5073951
3.0793266
4.2547662
14.0882060
4.0787501
4.1310352
4.2215152
4.1131881
5.2569998
3.8138647
3.6614757
6.7159701
3.9088537
7.3295536
4.5235753
2.4272621
5.2610064
4.4192048
3.5809747
5.2889249
4.8599441
4.1000741
3.0638762
4.2949843
4.8104869
3.6109404
4.8113926
5.5576229
3.0652797
2.8691020
8.4729871
2.1494810
3.3143773
5.2910078
5.0310030
7.1433066
3.4146937
4.3742327
4.5862944
5.5404277
3.7781996
5.3819754
9.2110787
4.8734869
3.6137464
21.6871636
5.5728548
4.7599535
5.1803088
5.5517504
3.3520818
2.8397276
3.5767908
5.4952673
10.5168799
3.8325574
3.3082202
3.4628803
4.4710422
9.2297037
2.4173545
5.0305481
3.9018353
4.7596310
5.2702729
3.3500160
4.3801889
4.7211217
13.7792802
4.5558687
10.5049832
2.5048316
3.1202685
3.0785988
2.5238773
3.5952865
4.3925902
16.7508956
4.7920002
2.7042735
3.1991126
3.1033389
3.1826298
7.5875867
6.7494487
2.9702496
4.3595920
3.4973665
2.4853788
3.4399310
2.4991290
3.1353584
23.1313440
9.3214503
8.0841612
4.2550893
3.2740348
8.3831529
3.0632639
5.3629662
4.3926289
3.6307507
3.2306471
8.3508812
3.7075421
3.3682298
3.0671162
2.6855153
2.4376887
2.9081584
3.6903773
3.1329233
6.7151255
4.5490551
3.0262745
2.9778530
4.2947983
2.7540006
2.4117746
3.1744858
2.3061531
4.7138774
6.9462286
2.6806405
2.8422370
2.2605104
7.5003509
3.1914145
6.8646839
4.4578974
1.1521689
3.8393076
3.6180863
2.3148058
3.8673718
3.8413263
3.3409135
3.3255190
3.9362092
3.7252099
3.5119028
5.2301806
5.5755261
4.3174132
3.0683701
5.5457834
2.4921440
7.9768402
5.0261647
8.5782986
2.7539343
4.6206284
4.9011129
3.1034540
5.3244541
4.0929202
4.9550797
7.7512347
3.1780957
7.7990086
17.8242043
4.3877315
5.6515415
5.4908786
3.0354222
4.7134445
6.4493313
4.1689862
6.7711705
5.5949825
16.7247049
10.5063817
5.0768078
13.7631810
7.2831723
5.0797598
2.8834150
5.8636196
6.5144827
2.2793593
5.2955984
3.9300044
3.6947432
2.7787129
2.0981140
6.8886081
5.4871542
2.9052265
3.9990060
2.7112881
5.7723571
6.9718793
2.5939457
6.3010525
3.6899850
3.1478041
3.7382281
3.6378161
5.8158981
5.1062617
4.5223617
4.5450043
5.6255358
3.9907639
6.8046562
5.3328627
4.2646389
3.7227075
7.1905237
2.8181439
4.9128717
4.5265499
4.4233786
5.1255012
3.6471922
4.4577204
3.9659297
3.2259805
5.3077921
5.8984277
3.7437737
3.3955642
4.8625917
5.7610909
4.4696545
4.9385160
8.0077875
6.4600512
4.2618708
5.7655119
4.4003024
5.2023274
5.1906320
6.0958542
3.1872969
3.6972971
4.5655089
4.2352832
6.6991467
6.4102788
3.0602477
6.5627485
5.9563127
5.1030604
4.0441948
3.5531895
7.3256448
5.6951184
10.7805423
7.4672257
9.2287956
4.1630872
2.8744952
7.8456089
5.7088123
6.3199077
4.2432394
3.7708392
6.4507398
5.3509127
4.5614324
5.5650308
5.2236964
4.5844934
4.8504610
4.2616911
5.6784405
5.4994905
5.1937820
5.7216056
4.5483601
10.5962787
3.7375967
3.8414860
5.4497120
5.8473425
3.8642574
3.4392353
4.1347617
4.9180803
5.5983636
4.1426595
6.2003047
8.7543961
9.1507638
3.8884508
3.7368103
4.1546631
5.4227829
8.0174022
7.1193629
7.9605817
5.6214397
4.6524262
5.3525448
2.7327116
5.0389508
9.2659014
7.3884665
8.9531617
5.2570065
7.5589928
7.3915336
4.2887979
6.4106874
7.7336069
7.6090354
7.0896140
5.4707937
3.9933610
3.8512938
5.4637550
3.6205505
2.3865841
5.0270804
5.1648323
3.8881468
4.4635567
4.9409716
3.6757585
4.9569679
6.3955504
5.4716610
4.0865469
4.2409169
6.1467190
4.7561989
3.0897568
7.1353979
4.8858436
4.2279372
3.7254355
3.2693757
3.3127433
2.9444676
3.8099599
2.8118275
4.4992515
5.2440813
5.3854760
6.3233892
5.8112263
5.1465902
5.1501262
5.0614857
4.2544774
3.3066329
4.6664543
3.7501491
2.7903221
4.5363499
4.4134730
3.7685031
5.4276365
4.9874935
4.6802696
1.8663593
1.5326378
3.7767437
6.0398028
5.3378425
4.8241793
4.0457653
4.2730483
3.0642967
6.3934041
2.7095664
7.4594312
2.8138187
3.3622621
3.4141351
5.5151261
8.9725605
5.3781573
4.8226202
3.9828979
3.3742926
3.7403053
2.7281958
3.6944006
6.4830854
5.9686179
3.7239619
3.8621625
2.4903188
8.2602069
8.9088621
5.0955326
4.1213605
2.4052624
3.4577136
1.9962840
4.3439343
6.4133994
2.5128881
4.5515768
2.2377007
2.5035026
2.2797641
4.4103310
5.2882201
2.4199778
3.0582547
2.7023549
3.5104047
7.2722278
5.4481989
4.2658923
4.1761688
3.2720927
4.3562978
2.7863073
4.3081813
4.3886001
3.6102535
2.9359321
3.1758278
4.0026112
4.1516496
9.8433191
5.9435096
7.4577565
5.2973418
2.2852797
9.3902727
4.5650174
11.0503237
8.8269811
5.1128476
6.3555578
5.6554170
10.1092144
7.8885918
5.5026553
7.3341578
1.5518926
3.9074275
2.6164719
14.7092867
3.8367290
8.3515606
5.3814817
9.5229248
4.6678043
11.3660259
6.6096242
6.7386141
3.3304757
6.1107591
4.8102884
6.6981514
19.0792570
6.9861067
11.0759897
14.7875661
4.0458913
4.3768164
2.6995205
1.7989958
8.3074570
6.4857426
4.9727517
7.5891592
14.8382913
6.9227800
9.3605057
4.9280647
4.1201248
4.6645393
12.7021462
2.6110807
6.4466059
5.9734821
0.6831502
8.6989980
2.0313937
4.5646438
2.1230487
1.9390549
8.1263157
1.7181509
4.7151069
2.9580232
2.0034054
4.5642632
6.3490991
3.0878779
2.3499445
2.6689949
1.3217391
4.2360894
5.4340381
2.8271672
5.5369356
3.9908997
4.3341803
2.0633181
3.7521623
3.2681562
2.0544433
3.3238537
2.5831328
3.1202697
4.5107366
2.6350021
5.6402388
7.5665701
4.1923523
4.7602596
3.7903092
1.8409789
3.0210384
1.8935709
9.2138901
3.4986931
3.5000306
3.4493996
6.2578479
4.9401101
6.6726951
2.8979854
8.6516561
5.2581839
3.6697574
3.3043104
3.8618849
1.6916355
11.0156304
8.5496948
2.9563450
4.7596201
4.1713966
3.0046651
3.8544956
2.5105826
3.6798070
7.7386142
4.9838620
6.7241268
2.7009689
2.9741578
5.9403942
3.6908042
2.6791977
4.2056404
4.7990510
4.3817655
4.1946162
3.4488620
3.3852430
4.4234194
5.6527541
5.1073726
4.1438567
4.1458862
4.0918700
5.4588636
5.7681861
3.4491952
4.3296763
2.9071872
3.4440375
3.4889197
3.6715694
2.6728537
3.1366421
3.6376547
3.4974947
2.6164460
3.6706063
3.3328241
5.1482113
4.5152890
5.0104440
2.9638213
2.5884307
5.9826902
3.6065895
3.4772532
6.9600973
4.7988037
3.6779988
4.6540073
6.0641805
9.3007757
8.8662376
12.5211982
8.0816992
4.0512787
3.3316058
4.8000874
3.3545631
4.2379322
5.1192004
3.9213268
4.2374021
5.4698051
5.0298732
3.5019767
4.1002650
13.9854156
2.9603453
3.4719900
2.5527780
3.4735568
6.6912674
14.6395436
187.5490996
3.9258373
8.6122973
8.6122448
3.2151559
24.0855125
33.4946351
5.3799045
3.8637484
19.5653551
5.9529182
8.5428875
5.0484758
5.8243482
10.9987715
5.0022400
63.5773514
6.8456511
26.6569712
5.7105608
5.0332916
19.8577814
53.3475632
66.2483526
72.3840971
4.2828653
6.4992311
6.1016249
10.8746758
26.6183052
7.7864515
31.2843579
6.9700660
4.9805327
12.4973897
8.8255875
11.2663428
5.3111346
19.4399317
53.2014161
10.8790437
11.6261594
5.2892592
5.4479503
8.4063113
4.0641377
14.2127216
3.8997480
8.5922854
14.5250730
7.3722361
4.3507367
5.7154012
7.1186736
3.3646389
6.9833832
6.5628366
6.0303003
3.8286820
4.2012252
23.7792624
5.2113559
4.8895608
16.2240189
5.9966293
3.5292966
7.7693968
18.8305972
4.6553433
14.1623071
4.3373269
5.9468250
9.6810144
6.8537936
8.8300376
9.7033941
3.9180182
5.6236933
18.4847760
3.5372234
6.7214601
7.1887951
13.8461709
3.1486882
8.4144415
4.9086654
30.4134359
16.5491431
5.7070862
13.9307001
4.7042790
4.2729181
5.5953302
4.8597848
9.4559432
6.5269017
6.2082510
8.7107162
8.3727867
11.9164596
3.5566415
5.2230687
4.7890971
4.0004148
3.5953020
25.2238390
6.2386795
8.4525535
4.8920629
3.7308709
5.8121301
6.1315223
3.9449549
6.7880861
3.5078534
3.1098558
5.3011926
3.9854158
3.8842654
3.8613752
5.1623109
2.8042983
6.9397906
4.3518676
4.2441000
4.1844968
6.2150807
5.2487296
4.0370391
2.9863976
5.2013273
2.7775669
3.5513861
19.3183604
3.5889766
6.5763472
7.0845590
3.9926593
9.6333015
3.5109090
3.0590750
4.3907099
8.3653182
9.2697415
5.4554812
10.1794430
4.1055460
3.8387030
4.6829311
4.9190226
5.1147526
6.7844471
6.1373073
3.8900683
3.5408185
4.3155568
4.0032243
3.8789863
5.1781325
7.3960442
7.5832692
3.8865609
5.3447029
3.1834482
3.8432173
3.5021352
5.9746907
3.2502624
4.0519678
6.7313028
4.7817113
2.7663486
2.6746564
3.9923609
3.8861097
4.0015627
3.5984723
3.8691695
3.5510418
5.2736721
4.3003808
6.8531646
4.9254599
3.1895447
3.4206033
3.7067283
2.3470199
4.3849468
2.4351871
2.8061963
2.5419635
3.7101192
2.8294456
3.3491211
2.7380842
3.4494262
5.8910796
3.6051207
4.3505644
4.3309021
5.6206773
3.8272867
6.6296696
5.3271592
5.1207577
5.1733818
5.3574657
3.6361414
6.0960025
7.7581542
7.8710972
5.4580651
5.3446934
4.0453798
4.6368149
3.7320876
8.1599043
3.4920698
3.1930538
4.3101241
3.5257586
3.0865446
3.4041830
5.5675757
3.9073003
7.0499715
3.1375137
5.5833970
3.3464600
4.5667215
4.6921991
3.6111660
5.1072715
3.0537597
5.5522056
6.3311630
4.7608394
6.2861056
3.9007638
3.8687099
3.3312437
3.7603064
4.2230847
3.6271283
3.9580072
3.2090299
7.1049577
4.2981364
2.5646892
5.5282918
3.5190915
4.5402696
3.3789191
3.4814763
2.6616664
5.1582479
3.3765782
3.6179309
4.4395641
2.9142003
3.0903094
2.6608006
2.2627684
2.1829372
4.2281277
5.4082733
4.1568402
3.9874189
3.5820429
2.9836915
3.2781996
4.8491058
4.5806374
2.6348824
3.0289239
4.6993836
4.6887617
2.3816018
6.2690297
3.5525625
4.1559240
3.1829351
5.8419123
4.1473172
3.8849373
3.4812838
3.8153873
4.1446839
4.4741556
3.4289857
3.5846453
6.9396037
3.2064487
3.0090735
3.2664146
4.5810922
3.9288093
4.7436723
5.4041588
3.4883584
5.2187436
5.5299117
2.6990182
4.7583874
4.6012825
5.0148550
3.7991149
3.6113498
2.9454544
7.3024103
4.8037492
3.3507909
3.8625455
4.0402461
3.6400822
6.0654463
5.4791255
5.5966230
4.3602905
4.8922774
5.9441347
2.9019623
3.2483022
3.9385566
6.1706678
4.7176198
4.6416974
6.0973563
4.1098009
4.2828035
6.8476714
4.5205902
3.6592603
4.7540877
4.7767782
4.7550543
5.6160970
3.4431192
4.0683913
6.4917738
5.1382948
3.3364571
4.5445633
5.9718643
6.5096572
4.3457865
3.9591760
3.9826203
3.2902599
5.2764711
2.9873115
5.0036348
4.5640630
5.6307456
3.2476071
6.5636305
3.0514510
5.0725643
4.1452087
5.0177445
5.6363550
4.7376303
3.9137067
3.9917680
3.2193898
5.7234093
3.8825352
3.3213098
3.3792724
3.9034893
5.7411113
5.2083093
6.7914955
2.8209562
6.6524249
5.5813745
4.6358876
8.2190099
5.2342014
4.7388426
5.2877384
5.0947705
3.0523410
6.0325941
6.8839245
4.4291667
3.4717090
2.5830133
7.4899416
4.5904841
4.4794542
5.0752931
6.6951558
6.1505651
5.7961973
3.1548934
5.9996455
6.1752960
2.7211985
2.7971619
3.6371885
3.5086129
2.3419285
2.1827402
3.5497339
6.6854039
2.8183656
3.3246879
2.7987487
4.5441202
3.7674067
6.6579836
4.5091176
3.0487499
7.2159575
3.9281638
3.9948541
3.9760739
4.6519938
2.2064182
7.4369508
2.6207947
3.1987442
3.5868744
2.7065787
4.1725595
2.9519540
6.5214349
3.0118481
2.5291148
2.2222319
2.0231150
3.3579736
6.3580005
3.2285272
3.1777316
3.2142476
8.6758399
6.5172064
3.2429859
7.5603405
4.8968170
6.6412641
7.3584655
6.3440188
5.5206789
11.2777809
4.2800956
4.6377006
7.8906826
9.5013508
4.8290683
4.3395276
3.3795512
7.1730912
6.3194617
9.8937536
3.9150202
4.1534639
8.2393065
8.1030363
6.3999967
7.5737653
7.0833870
6.0700783
5.1535044
3.1942786
5.3994028
7.0053787
3.6251664
4.6107909
7.0600617
4.5657830
5.2777410
4.7220504
4.8406928
13.8355501
6.0541711
7.9318730
4.5869229
8.0587124
2.9151722
5.1198616
5.0524160
7.5436238
6.0393044
6.1168850
5.3577097
5.7746124
5.6735627
4.7884694
4.4306317
4.9068938
8.2885065
7.8571134
9.8771744
4.8086540
5.6251697
5.0740500
7.7834915
3.9401468
7.7811119
5.9691256
21.5328157
4.4898680
6.9418478
10.1455478
12.1344769
14.1495846
4.1519872
6.8830793
8.7367540
4.6709127
4.8539482
7.0746989
8.6740923
7.1927563
12.7415334
7.5844634
5.3225415
4.8039974
9.0841884
5.7944100
5.8860758
3.5952111
4.4334476
5.5775530
3.4395561
4.8129403
4.5996689
10.4485429
5.3235727
5.3612772
1.6726183
4.7088856
5.0428790
2.3149639
3.4783452
2.4278496
5.2837180
4.2142951
4.3764630
3.9770651
3.2162665
2.9366742
3.8643661
1.9685983
2.4462898
2.1574439
3.1185194
2.1091664
3.6572056
3.2183830
5.4204782
4.3101459
4.6655752
6.8878429
4.0613120
3.8295911
2.5312202
3.9679059
4.8043120
3.7090042
2.6279855
5.8286650
8.7827217
3.8749449
2.6361941
4.8388386
3.0054712
3.5070194
2.6665020
2.8027323
4.7680599
4.4681426
2.8526490
2.8551552
3.8781435
4.1414240
4.3005638
3.9725002
4.6686099
6.2607878
6.4479937
4.7820700
3.8255840
5.3431510
2.1756408
3.3831581
6.3188728
4.9286026
5.5495560
5.8839208
7.3946011
5.5751980
3.8389658
6.6872929
5.0481766
4.9979069
5.1698428
5.7361023
4.5184071
4.9011506
5.4751395
5.7622475
4.7123420
5.5542113
8.1851298
4.9049034
6.0014654
9.8589507
4.6395630
2.6450338
9.2898805
3.4258828
4.6778681
4.8477571
3.0058810
3.7528884
3.7558785
2.7764464
4.2252932
5.3307290
3.1789129
2.1615735
4.1721435
5.0065245
4.9873180
4.3178345
4.3381058
5.3579474
4.3008799
5.0532421
5.6133752
3.2533685
4.8464655
5.3480743
2.6963669
5.9144019
4.3750235
2.9490136
5.3844498
4.6081941
8.6470810
2.5643636
3.0970619
4.3282887
5.2893169
4.3994907
4.0594631
3.8578373
4.1431281
3.9643292
2.6660992
6.7482340
3.7200088
7.2941571
5.8734369
4.1501700
5.7812515
8.6348981
8.7326478
6.8935250
8.5976336
4.9436695
6.9107405
4.7487413
5.0257049
12.7869872
7.6971723
4.0719946
8.2086365
6.1309658
6.8424523
11.9460799
11.2279136
8.4329328
8.9747172
6.7275112
6.8152804
8.3920727
8.0457006
3.6691529
20.8832343
5.0373549
4.9205493
8.7123790
6.0651903
8.7326336
2.7732138
12.3958017
12.8780395
9.6454427
11.3431674
4.3046283
16.3004857
15.9067783
6.4715895
11.0839850
9.6271206
10.0253945
13.1883677
4.8235883
3.9859611
5.2512546
5.6191364
4.4847863
2.7708724
9.2233799
14.1909944
9.9162049
10.0221572
7.9198473
8.2231412
6.0444945
3.2905707
15.0717981
4.0861967
9.8442703
4.9428516
6.3781951
10.7039880
3.8389723
10.3435735
13.3154298
12.5459252
5.4429769
10.9082023
5.2729739
2.5449709
5.3927967
5.9555873
9.8300884
6.8531419
3.6424285
5.0584296
6.2649736
3.8983099
13.4243208
21.1334744
7.9212214
6.9253503
15.1317314
14.8925790
18.6541264
29.8431684
27.7964520
11.9362404
12.9002193
9.6033408
10.9504814
14.9862014
8.8684886
25.5129208
14.0709210
9.7565923
2.6036334
52.6750587
5.2881756
30.1188923
19.8624360
8.1340610
5.4264081
15.2408274
3.2556675
5.2183828
2.7877880
4.2591315
3.2769755
8.6512943
5.4737973
10.5551161
2.7245795
4.6829036
8.9324355
3.9017407
8.3580768
8.7846580
11.6179456
5.3875022
10.2873812
2.0834054
2.6750280
2.8362018
2.2534819
2.8914489
6.4410898
4.3497172
5.2468195
3.8942895
2.5980639
8.0698638
12.5053340
2.4552876
4.0040961
5.1254483
4.1659960
10.0296468
3.0020830
2.8522673
3.7726103
3.2304398
5.7819758
2.8144447
8.0775939
3.2435904
7.9444553
4.4372721
2.2335629
4.6806792
2.6535131
3.5678803
2.3362969
5.9049445
7.5506409
7.0328537
3.6649726
4.4673632
9.7912694
9.6426243
5.3114470
7.7421770
9.7843690
5.7516144
7.0100804
5.3141722
2.4559765
4.9347932
3.3614899
4.0427294
4.7271137
4.1228570
5.7469809
2.2370681
4.9101646
2.4756887
8.6974969
2.3828563
2.0969685
2.1204642
4.4930825
7.4173622
7.6828227
3.3840704
6.6675475
2.5637716
3.0602776
5.0052225
4.9854311
4.3216052
7.2828979
2.9461773
5.1951128
4.0366000
4.0089528
8.7502066
2.4989904
7.2525503
5.4350099
3.5505062
6.3081391
6.5676323
3.8195703
3.1175194
5.4276555
5.6315250
1.9363010
4.4170680
7.6849123
11.0384297
8.4605561
6.7500631
8.8182046
3.7667475
14.0941087
9.1130789
24.1631541
18.1243617
37.1366047
6.8141088
8.6803048
3.8642519
7.7444581
17.3288530
8.7032930
3.4692733
2.9673418
4.8631033
4.1404881
4.4282603
3.4673733
3.4848896
8.6693543
16.2013501
10.9567033
5.8823062
13.1155837
15.3809306
30.1090417
13.3169148
4.2898491
17.0106448
3.4759829
9.6566993
4.5722133
4.0145170
6.9068123
9.8637875
1.7860315
5.5964561
8.5220870
14.1008657
5.7282977
5.4990702
7.1826553
10.0437079
7.9911594
2.9272883
11.8782288
6.4682547
16.3437364
11.0005215
1.9757447
5.9428513
6.4026010
14.6581775
9.0958818
6.0198932
8.6645662
14.9013973
6.0135248
10.9338573
15.5741052
6.8284730
7.1934713
3.4746194
5.2405507
26.1789764
4.8183327
16.1680071
13.0470568
4.7297489
12.9784996
18.4793172
4.7028591
6.9415318
4.0047836
7.4775642
7.8702411
4.4221614
27.3419469
6.1266111
9.7040326
7.4493027
8.7982289
3.0819398
11.2697540
8.9993177
2.2889614
5.1362963
4.4317051
4.9968820
4.9303167
7.7930090
3.8212587
8.4511740
6.7229462
3.4860855
6.1757402
14.2534645
9.9933332
6.2920066
13.2601048
10.1305209
4.8345136
4.8971710
9.7134955
13.0632173
18.6271125
2.9349309
6.7470270
7.3159252
8.3568467
5.2118770
4.2612106
9.1650111
9.9122697
6.4522685
5.1713533
10.6226506
3.9478946
5.5986345
2.3725997
2.8554237
3.9420962
2.7590515
7.4507376
2.1141180
10.1131175
5.2869984
2.7751425
2.9562400
3.2511707
2.7082390
2.7136321
4.3300137
4.0707583
6.6819368
3.3019900
6.2908352
3.9310339
1.8850520
9.0060128
2.7756758
42.4407421
5.8992833
5.8546152
6.1505550
3.1622286
6.0589337
2.4314109
12.2576437
3.7106428
2.4781125
2.1162384
4.1360962
2.9140556
6.0245717
9.0530760
4.4780374
2.0396954
4.1746482
3.5703071
4.4832973
2.4180331
6.5903891
5.0437653
5.4538570
6.2829353
8.4230767
5.3591981
4.9706513
5.7489922
6.5521130
5.0204058
6.3010400
5.1730409
3.2972519
6.8704607
6.6406374
3.8232943
5.9376905
4.8877005
3.7772400
3.8433888
4.4509104
7.8684712
3.6725926
4.6994579
2.4316149
2.7101247
3.7214087
7.5738173
2.3839224
3.5991932
6.5309593
2.1855009
4.5084310
2.0254839
2.6006233
3.4217894
2.8722780
2.9322277
3.6608959
5.8445347
5.4709835
3.5144151
2.2205694
4.8251026
1.9486085
4.0910600
4.6006561
6.2576089
4.3605678
4.2980643
7.2583329
5.5636561
3.3424294
5.8728481
5.1577109
5.5972997
3.4297359
2.6269707
6.7049978
4.3757280
4.2562576
7.0034380
4.0182872
3.4131647
6.8258533
3.2916449
4.2931373
3.0463848
4.6697360
6.6894897
2.5681182
5.6967813
2.4730569
2.5968361
3.3832088
3.3487090
6.1069552
10.8728012
5.7644482
3.9135956
4.0646431
3.3480736
2.7108065
7.3276243
3.9776975
4.5955849
6.9315549
2.5408516
10.2376597
2.6287649
3.0898947
8.1999269
8.1848853
4.8347832
3.7526107
5.9359903
3.0904392
6.7026204
6.9945162
4.7357325
5.0333010
2.9308578
7.0210713
3.1993739
3.4019314
3.3392952
3.7763870
3.0218563
5.8515606
7.2654925
5.9457040
3.8589664
4.0230949
3.5229635
4.7317459
5.7517239
8.4199785
8.0681291
5.4893572
6.2352689
9.9131747
5.0476798
5.5139249
11.8184469
4.7137333
4.5455334
6.2425067
14.1064415
8.7065929
9.2424845
5.7378058
6.0032050
4.7999612
5.7919962
8.7246213
9.0096572
6.8003241
6.7315452
6.3687650
11.4320520
3.8773780
5.7685300
11.8850614
4.5655530
3.6829329
9.7300178
5.1981380
2.9187757
6.6126463
4.3895058
11.9315644
8.4238294
4.3594227
4.3829401
5.6293627
5.6846520
7.4921493
9.8618981
5.2543709
5.2821526
4.8756970
3.3002699
6.0789565
7.4620849
3.7311061
3.8066092
5.4913164
6.3149120
4.3119952
5.6988486
9.1845900
4.6155971
3.3111256
2.7162830
5.6719691
2.6028585
2.8311473
4.8247406
8.1358609
5.8622163
5.2502931
7.1947829
4.5092837
4.8142814
7.8895373
6.2980395
5.1303902
7.3269534
4.6474230
4.9282578
4.5316985
5.6111417
8.1551598
6.3040725
5.6935291
4.6405139
5.0183618
2.4413757
21.9603114
4.3393443
4.0382279
5.6321092
5.1908792
7.0813308
5.3723607
5.3991718
5.7350097
5.7578386
5.0723493
4.9708477
5.0865955
5.9303556
5.3113196
6.0085220
2.6981439
5.7498052
4.6531069
6.3483362
4.8171707
5.4864958
6.3350319
12.9409613
5.0906140
4.4786400
4.0255363
4.3002959
3.7520279
4.0821724
32.1457806
5.5647129
5.6300780
4.0034108
5.8655319
6.3191989
7.2963495
4.8748396
3.2339222
3.6082631
5.1047104
5.4492225
5.1110890
3.5156356
7.2052179
4.5662941
7.2098221
4.4878802
6.2843016
6.7563738
4.5980037
4.1471369
7.2219764
5.9823798
5.7642299
5.5645786
3.8354564
5.5768160
5.6992607
7.0087266
5.4297389
5.3034213
6.5663504
5.5927043
6.0223393
15.5864487
6.8673898
4.7361457
9.6472711
5.7044034
5.2626134
7.2477787
9.2113181
6.3671515
7.3436802
5.4517358
7.0847241
6.2773655
6.0359141
4.7505572
4.8998262
6.7242970
6.2504679
5.4906758
4.7078947
6.8446978
5.0870649
5.2031520
4.3210604
6.3578642
6.5913998
8.5534200
8.2298918
3.8274458
3.6148441
6.9649812
4.3003566
6.1840149
4.2435805
3.8430390
4.5116482
3.6298384
7.6355320
4.6468764
5.4772323
6.1383776
5.5707845
3.8761359
5.5391929
4.4239776
5.2594912
4.2848176
4.9344955
4.5718940
4.9219001
4.0656267
6.3797747
5.0505712
6.0230919
4.7623083
4.1392497
7.9534545
25.5606014
12.1964011
37.0090435
49.4153031
38.9703900
37.0583381
10.7681793
4.2920077
25.4799431
43.5577425
20.6842880
11.8512492
3.9309101
12.2541048
10.0589153
14.3589220
10.2735066
11.8292732
5.2132369
11.6554087
15.0531216
12.7864421
4.5958917
7.4162386
8.5368405
10.0241586
7.0222996
20.5493759
16.1399177
21.0640136
18.2236305
16.8238459
18.2944701
11.4957551
11.9736116
12.8141948
9.1425376
5.1690600
10.5532329
5.9654434
5.7881575
5.9840857
23.3481930
13.6988326
8.9403743
11.0749235
8.4037233
11.7078005
11.0043667
8.2852550
11.3901253
6.1427900
8.0611237
7.0861808
3.8518319
6.1214520
6.7021492
3.8983012
4.1210509
5.2057620
5.8198243
4.1152799
4.4652705
5.6707279
5.8231588
5.1600389
6.3732720
4.3540053
5.2589447
5.8934171
4.5945511
5.7980956
7.8103994
10.6585860
6.2418777
7.1440380
7.0667931
8.1934332
6.2756893
7.2062590
8.0043107
6.8190430
6.8048537
5.7418760
4.3340514
5.1794014
9.2476707
14.1508331
6.7993439
5.5733181
5.9806193
5.9423960
5.4368294
11.3114493
6.8549915
6.7184016
5.4644357
6.6948697
5.3394218
6.2885328
4.5782890
7.1286058
8.1431205
10.6603136
5.3254799
5.9497665
6.7127984
7.9654885
5.4620063
4.7949823
4.5189854
5.5103060
6.0589973
4.3370700
3.7265915
5.4327041
4.6464068
5.6023024
6.9010262
3.7858708
6.2255108
7.5128744
3.9902021
4.2963360
4.4415770
7.1785454
6.6062656
4.2690097
4.4136187
6.7350954
6.2725034
3.3045484
8.1596946
13.8190866
7.9959813
20.5390365
4.2217166
6.5455677
10.4902943
16.3441711
20.5357594
9.4893103
6.2472467
4.4217620
9.4323450
7.2945858
4.5897725
4.3753226
4.5619624
7.0445853
6.5902917
4.4983376
10.3564417
15.2023255
6.5885145
6.3962502
4.8247033
12.7198484
11.8286256
5.1893120
7.4396486
12.0523361
5.3641376
5.1168377
5.4435966
7.8000807
5.1034961
5.4657885
4.2486783
5.6069012
5.9718303
3.1632666
3.4352978
4.1730000
5.7036120
9.8647871
2.4103910
6.2419449
4.1238616
4.7618054
11.3378213
11.2898313
8.3524661
6.8994087
6.8797980
4.8371825
5.5808724
5.5649196
7.8423639
5.2953000
6.7591163
10.9671061
8.3752254
5.6352614
14.4680858
4.0139340
3.5935820
3.2472597
4.3666994
4.4015393
6.8455058
7.0451814
8.9001782
6.6192443
10.7825675
4.4843125
7.4292828
13.1113776
6.8132751
5.3151164
6.0796240
11.9136223
12.6521155
7.1427454
6.9451821
10.5694066
5.2465329
10.8006988
2.9592851
7.1637400
9.4408206
6.5904730
4.4910267
4.9313890
10.7548965
5.2116483
3.4228198
4.0154852
5.7962484
10.9172970
5.2962860
8.4093231
4.2669607
3.6781141
9.1790576
6.1273009
3.9009522
7.4910238
4.4892489
3.1154977
4.9366374
3.5457459
9.3006842
1.5529175
4.4068111
2.6876918
3.3761775
4.7320434
6.0953861
4.5275038
6.3339153
9.5148280
3.9755237
3.5330620
5.2102361
6.0970956
5.7727004
8.5237272
3.7358922
7.6447615
9.8995685
6.8474038
3.0958271
3.4720277
6.5478740
4.0022606
3.5221237
10.3396323
7.0583335
3.4751156
5.5805974
8.2024147
8.0710538
6.7312616
5.8233617
8.2804877
5.9203789
9.0946567
7.1027616
4.6000790
7.8494680
9.8907406
2.8660440
5.5814571
7.7976283
4.2702946
8.6650042
4.6574817
4.0410566
7.2258186
11.4950400
8.0516033
4.0145122
5.0194599
2.4793964
6.5409530
3.4283242
9.0968753
4.0225207
5.1951015
5.7023602
3.9704264
2.3979300
3.9467705
5.4999335
4.0242660
2.9030970
4.7348366
6.6296593
6.2119690
9.7286436
7.8586319
5.9447580
5.6379914
5.5525588
4.6406864
3.6181079
6.8841553
7.6105059
4.6576617
3.8572136
6.4146510
8.1005196
5.7289700
5.4906151
6.8297166
4.0918956
4.9642388
4.2786693
5.3958392
4.5842229
3.9832321
6.2552647
7.0503630
4.1500950
5.9872361
5.2918155
6.1034542
4.3844541
2.9993693
6.5474838
5.4307755
7.2603402
6.8462960
6.2381769
10.2885063
4.8027929
6.0676993
11.3901518
7.0617086
7.1131678
5.3663795
11.5654700
11.5706945
6.1048510
5.6564751
5.4514015
12.9070485
10.2903795
6.3128019
4.9368184
4.4928607
10.0029769
5.8491114
9.5734149
8.1511831
10.3066241
4.9365579
13.2760177
8.9063757
10.1833776
9.0268622
5.8651751
8.5154700
10.1536145
8.9037562
3.9468194
12.6534162
4.3823533
4.0117594
7.6740505
3.0772125
7.2443418
5.2341759
6.3486271
8.4855623
2.9211699
3.5332496
5.2665355
5.8448025
5.1724304
6.3767719
8.2023018
4.4583192
9.8718308
6.3403532
9.3996356
9.4097786
3.5598312
14.1327857
14.7208613
9.2136129
4.6874017
5.1636394
7.4647100
12.6051006
4.5256992
4.6856655
4.9713912
9.0509855
7.8458852
13.1746952
7.1808247
4.3769751
8.8727570
10.9018094
5.0252315
7.7489145
5.0074400
14.0496448
10.0396417
11.6004728
4.7864797
5.5255604
3.7416512
3.0879548
3.8019346
2.3181074
2.7557813
3.7726811
3.5455941
4.1469329
9.8186368
2.8838965
1.5131538
6.3962856
7.8676509
1.8272438
3.1510759
4.8087248
6.4885920
6.5312820
9.8140140
6.2867004
8.1131299
7.4111197
9.9648106
3.8088390
5.6686763
4.7972116
5.0275648
6.4827501
5.2623823
5.8883145
8.0650453
5.8018024
3.7125552
3.2062714
4.2656034
6.7713169
5.9406813
3.5258809
4.3004745
5.0260582
4.7153160
6.0617197
3.4959406
4.0287364
3.8211521
5.2714406
6.0286843
8.4334768
4.8013995
6.3801870
3.5045406
4.9177772
8.3147668
5.0699242
8.9315359
4.8770085
7.9121624
6.0429807
5.6080380
4.9308831
6.2112229
6.1169271
9.0014016
8.9387280
7.9688235
3.7005939
3.6004160
9.1017685
4.0045607
2.6644960
5.6536037
6.1616581
7.0401439
13.2955203
9.4679786
6.7531493
6.8389830
7.4516289
4.2789155
9.0677654
5.3297308
5.5309282
2.8463630
5.9056819
4.0062301
3.2506251
5.5476349
4.6518619
4.5152677
7.7969078
3.8242894
6.5371279
5.1837813
6.7170565
7.5626840
6.3287019
4.9404840
3.9147756
5.3659056
4.6745640
4.5320755
10.0368859
5.0532264
4.7328245
4.2744794
4.7565527
6.3581457
9.4774912
5.5049887
5.9848997
5.7364721
3.4410251
5.0444990
4.9923869
3.7595618
3.8603955
2.5556292
7.6058351
5.0708356
2.3755980
4.8305642
4.6892512
6.1591685
2.5188003
4.5899208
6.6203129
3.2225752
2.8813072
3.4904942
3.3876959
6.2478752
4.0292895
5.6985657
5.7934027
4.6195642
6.7235263
4.8637536
7.1520066
5.0638263
4.7647119
5.5606316
8.2733662
4.4060283
3.2940888
7.5858186
3.6032524
3.5496829
6.5547504
4.6863980
3.6635335
4.2251447
3.7002499
3.9620204
4.0371308
7.7529544
5.3785990
8.2543293
3.3646128
5.9311742
7.2516675
5.0274295
8.0701661
7.6547985
7.4522665
6.1062671
8.3274747
7.9719040
10.5756018
6.1014483
5.4533134
7.2792820
5.3045136
10.3526942
3.5297087
5.1856979
8.6901870
5.1858787
3.8596847
6.2546106
6.9398870
6.6907381
7.1571575
7.0030749
6.2553578
6.4456837
5.7163877
6.8095573
7.6008648
5.8992808
5.8796549
6.8236445
5.3955384
5.7702004
8.0605496
5.3073873
7.0729607
5.9495016
6.2067890
4.9115009
9.9524523
8.8247541
6.7670851
6.3099494
9.4273613
10.3306322
5.6654745
4.1704084
7.6656504
8.2168528
6.2011876
5.7124898
9.2341152
4.5633667
10.9604546
11.0121147
11.5329181
10.2852793
8.0169130
11.1674407
11.1629455
7.2630545
7.0133957
7.6177798
9.3280070
11.2779870
13.2615694
9.2875071
11.7674735
16.6604614
12.6289367
8.0827311
7.1480596
8.0109096
11.3933976
11.7786468
9.5292624
10.2824259
13.0081141
10.6495097
12.6595718
13.1629611
7.8162921
11.6053468
14.4961989
12.8342791
11.2676855
12.2511757
10.5901899
9.3063719
14.3953479
11.2864894
16.3710866
12.0438577
10.2487494
15.1726180
10.1198866
9.2427311
9.3419305
9.3297209
13.2555790
11.4950231
11.4809520
8.9557521
7.3594032
14.8659075
6.1412204
11.0537437
11.6878813
6.7764508
9.4657568
7.0734714
7.2805071
6.4333779
8.0814318
6.5897395
8.5685163
6.2855310
7.3336546
6.7394772
4.7326638
11.9688526
5.8977754
5.7237669
7.4214756
8.0249135
4.1586690
7.5757655
7.3524257
5.9993936
4.5634481
11.3167516
4.6264917
8.2886273
4.1412107
10.1483318
7.7720376
9.0064114
7.0301145
8.8320178
7.1085302
6.0674380
9.0217556
4.5992604
2.8034848
7.9154388
7.2780692
4.6021802
4.3484007
7.5079441
2.6743988
3.9355470
4.4189876
3.5937294
4.6753080
2.6262533
6.5625894
3.1230629
3.7095367
2.2604931
7.8658800
6.0326607
7.7122055
2.5801434
2.5838299
5.6629726
5.0439761
1.8042219
5.4485767
4.8772258
2.9466936
3.4076072
5.5973752
4.0601977
3.3493740
4.1834742
4.6777590
5.9902413
6.7547688
2.8042467
4.5307704
2.6359897
3.7916740
3.1801690
4.5357263
4.5791319
3.6849914
2.7783797
4.5077800
2.9870557
4.3136388
1.4717042
5.2636493
4.2495715
2.9928270
5.6621181
5.2679634
6.0351582
4.6344956
5.4334604
4.4313521
2.1156351
3.4198611
3.7638402
3.8631575
5.3874335
5.0720631
4.9786360
1.9188241
5.4980163
3.7657596
4.6604814
5.6178097
2.6359472
4.3137326
2.4938405
1.2212846
3.3712610
3.3695662
4.2289960
3.2518077
4.1454453
2.8485301
3.3736047
1.5204576
2.1918961
4.2774872
3.7919533
4.8327049
3.8895106
2.6628541
1.9656487
4.6169030
2.6760551
5.7806693
3.7432232
2.9665894
2.6439431
4.0108892
3.2172312
2.3308293
4.6129642
4.3677400
3.0239380
4.1286991
4.7852815
4.4635957
3.6594905
3.8077287
4.2416656
5.1387931
3.6047265
3.9021983
4.4115315
4.6845330
5.0784995
4.5202952
3.2292451
1.7841990
3.3240255
2.0353398
4.3371885
5.9588219
3.0771278
1.4888211
4.0335121
3.9464491
6.2459392
4.1748372
2.6329972
2.3412603
1.6993467
1.6414634
1.4958918
5.9325436
3.7156533
2.5701644
1.5883853
1.8838759
4.6481891
2.7991245
4.4367529
1.8419666
5.4722865
2.6655694
3.4276409
5.8944808
3.2447745
2.4702315
2.0074109
3.7696698
2.1520776
3.4101738
2.3990754
3.7001340
2.4250420
1.1686412
3.2791173
3.7291197
2.8999650
1.6980358
2.3118214
5.1983724
3.2976515
2.9543990
4.9602290
2.6068681
3.7927536
2.1645573
2.6012096
4.4758904
3.3073342
6.0730154
2.7800930
3.8901501
3.5920845
3.2805458
3.6941273
1.6069738
4.2748386
1.8438623
5.2920544
3.2104891
4.5155179
4.1202816
3.9906891
1.7996843
2.3669581
3.0528430
2.0244690
2.1022458
3.8921030
1.0296823
1.3469642
3.0187912
2.6931428
2.1578873
1.3722394
0.5129335
4.2124290
3.3661619
1.9446100
2.7160081
3.7757398
3.3478056
1.6783677
5.6010902
2.6269189
4.8589418
3.8085094
3.5850300
1.9971918
4.6876205
2.2818051
3.9815910
2.1183594
2.6648372
3.9950245
2.6324552
3.2886776
3.7195374
5.3685508
4.2055135
3.1402407
2.9550649
3.6999090
3.2226246
2.2419965
5.0160224
1.2784463
4.1770296
3.1648627
3.6407999
3.6490377
2.0727301
3.5611756
4.6124827
3.5247899
2.9477529
3.3644682
2.1669970
3.8212593
3.3483728
3.9796560
3.3521806
2.9639509
2.6648530
3.0768731
3.2710168
3.7520705
3.9759147
2.0265464
1.6440043
0.7504037
0.8428437
3.8031255
3.5528223
2.5785573
4.3172486
4.8190437
2.1410510
4.3386329
2.2538383
3.4596237
3.7585071
2.6187393
3.1242879
5.1150897
4.5377158
5.1268655
3.5425198
4.0007727
3.8525792
2.5453653
2.9912161
2.3314144
3.9203790
2.5570621
3.8861463
3.1287352
3.4428082
5.4737009
5.8160439
2.5549204
2.2739519
1.9368573
2.6243900
2.6801589
3.7194417
3.8660046
2.7146793
3.6424865
4.2658738
3.6600938
3.5845157
3.2038360
4.0719694
1.9715612
3.6616198
2.5912323
1.9192800
4.3640500
2.0843216
1.7946941
4.5958369
1.9665493
3.0801013
3.6522710
3.4395355
3.6662248
2.5981192
1.7666699
3.9745057
3.1795910
1.7027446
3.7687299
3.2082195
4.2031307
2.7605566
4.0103222
2.5152801
3.2792912
2.0080881
2.2725043
5.7971397
2.9659557
3.4317661
3.7871253
5.2249771
3.8511551
4.6057454
2.8028396
3.1096114
2.8850133
4.9766451
3.1721272
3.9984297
4.3089382
3.5338036
3.1056284
6.2215621
5.8366469
5.9630973
4.7353626
5.0424992
3.7626663
2.3043070
4.3811408
4.3383907
3.0494678
3.5343756
3.5602230
2.3444889
4.5303602
4.1320000
4.7434910
1.7085655
2.1969195
0.8544876
4.6282455
4.1900446
5.5211465
4.8456977
4.3125743
3.0080648
2.6169926
3.9055177
2.2870683
3.9199708
1.4726537
2.4395896
2.4466055
0.8992997
5.5956081
3.7180418
3.7442908
3.5703789
3.0195016
1.6837434
2.6816855
2.0643529
5.4667553
3.1302454
5.1764832
3.3677643
2.6748839
1.8413098
4.0985659
3.1125429
4.1875228
3.4126265
3.1871983
3.9318780
3.2451468
3.9263093
3.9672720
4.6919689
4.0336082
3.6937298
3.7688920
5.0293800
4.1208906
2.6633337
4.3204601
6.2233619
5.2965546
3.1282550
3.9438359
4.4369148
2.4690326
4.6039176
1.3833046
2.9443483
2.9066979
1.6601944
3.7699327
2.1168100
3.3078862
2.6058617
4.1449380
4.5338738
2.6170525
3.7639801
5.3099827
3.7136904
5.1843136
4.0306431
1.7685767
3.2268844
3.8630954
2.6337572
3.8090241
2.1686164
3.9934872
3.6854142
1.7653520
4.5491380
2.4521769
2.4740769
3.5013610
1.4015152
3.3560402
2.7598074
2.8122502
2.7719437
5.2486408
3.0491406
4.7435908
1.7277622
3.6459310
2.5171510
4.3457500
1.3944352
4.7795678
2.7452197
2.5429149
5.7008814
2.7044803
5.5551720
2.4259661
3.8705343
4.6488515
2.4687571
2.5948028
4.4342476
3.7421998
2.9491441
3.3145214
2.7349311
1.9313699
5.0522791
2.4240160
5.0662698
1.7054451
4.9624040
4.8501302
3.8474582
4.6058527
2.2158399
4.1561888
3.3410037
2.9203074
4.2772413
4.2564098
4.3740072
2.9927695
4.7189727
3.1596088
2.5231440
2.8670637
2.2854045
2.5950194
3.8323515
2.8890761
4.7069510
0.9108612
4.3277852
2.5657763
3.7474653
4.8844843
3.0768540
1.7191098
3.7760483
2.8536822
3.7805563
3.3339065
2.1587109
3.2908536
2.5855356
3.4392130
2.1628773
3.4378411
5.2359824
4.0569177
1.7043494
2.8136621
3.2310233
2.9512361
4.5850757
3.2503620
3.4427054
2.3597650
5.2408197
3.2649479
2.4774826
2.8378590
2.0816738
1.6197939
4.3415789
2.8349022
1.2855107
2.4987116
1.0529191
5.7114449
4.4230235
3.8089118
4.0540910
3.1827271
2.1844331
4.5386217
1.7887800
3.5052957
1.8663332
3.0876825
1.5259589
3.1833249
1.6089403
2.5605381
3.5410684
3.0392262
1.9315769
3.9880914
2.1592913
3.4566732
2.1383392
1.9112489
3.9182169
2.6998369
1.0477409
4.5138675
2.0700991
1.1950871
3.4120427
3.7906618
3.9181486
2.5662147
3.1234838
1.7326552
1.2783560
3.0843936
1.7416235
1.6758788
2.6184127
1.4096709
3.0088921
2.5705122
4.3753566
2.7317905
4.7188552
2.7677014
4.1018944
1.4770403
1.6310701
4.5805214
2.0796429
3.0426218
2.7483933
3.0655773
2.0168096
3.6508383
4.1685725
2.9298683
3.6729802
4.0347746
3.2575080
1.1481015
2.8724496
1.6456482
3.2952227
5.4382587
2.0101138
2.9251024
3.9882879
2.1540894
4.9207146
1.7145005
5.2068402
3.8117149
3.0416553
3.7612604
1.0832638
2.3797378
1.0892970
3.9153496
3.0483205
4.4354605
1.8072012
3.0298887
2.8277475
2.0014378
2.9146140
3.1204146
2.7836369
3.9277593
2.2628341
2.6734354
3.4024001
1.2700993
1.2393431
1.8915360
2.6734242
2.0347586
2.4453335
1.0445152
2.1306430
3.4235518
1.6958925
2.8665672
2.0134925
2.9474703
3.8451153
1.7639874
3.1559653
3.8407742
1.2241841
1.9378618
4.8278813
2.5918368
2.2286602
1.6390925
3.3893431
3.4419198
3.1408090
1.7928646
3.3716805
1.4620821
2.1343643
4.5611758
1.1575988
2.3146921
1.8815246
2.6810462
3.6913141
3.0273803
3.9215782
4.8370321
0.8601279
4.3067398
2.0096864
2.4866021
2.2550808
3.3957528
2.8746793
3.7669205
2.8792202
2.5521318
3.2327868
2.7254630
2.2017518
2.1801946
4.3233707
2.6787519
3.8220192
2.0290199
2.8121409
2.3118304
2.4288270
2.6667441
3.6636122
5.3285646
2.7792239
3.8807231
2.1611266
2.2443827
3.2193993
2.7646792
2.0549550
3.1285663
2.2941498
4.4856278
2.6903055
3.4554055
3.7159706
2.5860961
2.6136063
2.0611970
1.5741554
2.0195031
2.6763159
2.1458266
4.3097393
2.5023084
2.2228996
2.1014183
3.1189388
3.1771322
2.2048723
4.7532302
1.7530923
4.4406072
3.9979130
3.2675186
2.2175996
4.8430064
2.1658283
1.7649301
1.5904441
2.0441744
2.5288929
5.0449352
1.5145862
1.2764613
3.5092540
2.3365193
2.7637605
2.9914057
3.0853934
1.3689627
3.2469767
2.1204756
4.9395848
1.1026371
2.5579884
1.8027719
3.3131418
4.4469602
2.8467922
0.8663218
1.8793089
2.7201397
1.6810726
1.7088477
3.4139294
2.0684027
2.5737598
2.5165815
1.8333776
1.7455480
2.0258868
3.4450891
2.3942176
1.6245444
2.3581903
3.4885484
2.7851779
2.7177504
1.6879343
3.9962122
1.7544270
4.3183651
3.8359057
2.8662823
2.0157429
2.9011085
1.5243449
3.0308836
3.2371019
1.6901071
1.9820349
3.0737568
2.6690017
2.0363918
1.9345758
1.7888935
4.0058909
1.4052137
2.6186520
3.7747551
4.5210734
1.8364405
2.4996241
3.1287774
3.9886662
0.7670671
1.8714511
3.0100215
1.2032395
3.7670417
0.7538862
3.2054239
2.4692309
2.7845308
1.8788505
2.4622029
3.4024875
2.3010363
3.0482019
3.0994982
4.9766378
4.4312601
1.7712897
1.9665054
3.1951379
3.9266365
6.2279837
3.2009306
3.1301698
2.6456896
2.8719629
3.2452084
2.8652679
4.6932087
2.6338641
3.8235069
3.9201293
3.9840595
2.2511393
2.5310077
3.4626682
4.4802432
4.4390300
5.0542996
3.0913787
5.1324080
4.4187499
4.9845339
4.5921657
4.7358345
3.3430400
4.1846160
5.3018749
6.4805361
3.9856081
4.0618393
6.2214266
1.5906864
5.3171355
3.9852741
3.6334086
3.0965858
7.1071530
4.5163992
4.2799955
6.6975105
7.4739752
2.3583176
2.4542180
4.5887755
6.6944390
7.4386546
4.4667950
5.1705587
4.3981346
3.7297168
7.1055330
4.1485079
3.7328500
3.3508907
5.2467301
4.5771677
3.8190393
5.7433691
4.0868379
4.3893262
4.3820617
3.8207426
7.0474972
5.2075609
4.5108492
3.6270861
4.3916105
3.8254334
5.1557472
7.9709125
5.8740200
5.9027029
3.6030017
6.7376177
3.3778504
6.4070185
3.1955368
3.2981337
9.0090466
4.2647882
3.3170722
3.6417412
4.2622105
3.5683665
4.4400637
3.1422469
3.5769739
6.5113747
4.1856094
3.8541807
4.2080615
3.7119047
4.4170351
3.0861994
5.7757338
4.3167035
3.6251340
3.4489757
4.1972284
4.5869671
6.3299198
3.5105508
3.5624702
3.9294825
4.5892911
4.5705816
2.6555405
3.7790370
3.6669191
2.0349299
3.5770659
3.7823868
3.6275261
4.9605443
3.6175439
4.2625376
4.9371177
2.4222299
1.8648971
3.4122916
2.9282848
5.7870342
4.4303811
5.4932340
3.3260827
4.0493087
4.6384262
3.9879353
3.4922460
3.9840069
3.5133587
2.9020578
4.3859726
4.7275167
4.0512234
3.6409029
4.6570995
4.5188715
3.8500805
3.5882467
3.3686539
2.7046797
3.4546521
2.8955717
4.7523784
3.9735347
4.7215233
4.2448951
2.4722462
3.7358973
3.2814925
2.4990210
3.6359649
5.0335475
1.8110317
5.6664630
3.4886642
2.8171107
4.7081048
4.6201317
4.0785087
4.6580213
5.7205021
5.2349552
4.1668995
4.4303094
5.5380762
3.2396754
4.0678575
2.5080732
6.5236402
3.9171242
4.0864745
5.6021405
5.2696623
3.8793507
2.9427854
3.3590641
5.6000997
3.9811025
4.1594502
3.0372514
5.0183499
3.4313371
4.3735041
4.1346792
4.1587166
1.8578413
3.0056129
1.4888830
1.2511714
2.6891517
1.6970254
6.2149090
3.0278413
3.2886620
3.9802146
4.7483889
2.6067531
4.2756577
3.3645618
3.9132411
2.8866063
4.3213681
6.0819687
2.1733038
4.0722123
4.1246528
5.5139286
5.0742476
3.4199453
4.6452919
3.9411310
4.2554346
3.5611858
3.7213588
3.7178940
3.1594443
5.3382836
3.9145450
5.8736804
2.9383492
5.2862309
2.6492778
4.0641515
5.9749344
3.5467651
2.6561642
3.4074885
3.0834620
3.2453261
4.4831831
4.5100915
2.8261517
2.7150624
4.6009554
3.2316637
3.8552528
3.7702059
3.5895112
2.7782213
3.2275433
3.2050297
4.6663536
3.9821967
4.0896406
3.1545137
5.2671058
2.3876889
4.2283163
2.3615744
3.0381740
3.0144671
3.3021989
1.5454761
2.6728082
2.0633101
2.7373073
2.1615074
2.9251034
4.3931251
3.3775353
5.3868569
5.5111928
3.3817103
2.2583262
1.9682617
3.0902530
3.7600506
2.3403388
5.2218722
2.0987159
5.3009216
3.6052553
12.4257268
3.9695442
5.3974496
4.1737063
4.2296943
3.5795100
4.8597245
3.1180925
6.2724349
4.8516401
5.8236879
4.0859364
5.7893910
6.1052532
6.2771534
5.0231317
4.0700385
4.4789875
3.6735643
5.6821421
4.9796369
4.4782417
4.7441062
6.3787296
3.2362453
3.6975259
5.4111333
4.1222694
4.8526106
6.1247937
4.0277626
5.8241838
4.0441510
4.2350999
4.3815591
6.6913084
6.0846781
4.7419187
4.0011667
8.6574466
3.5445998
5.8348879
4.4064154
3.6278400
4.3319604
5.8053863
5.1698878
4.4042332
4.3578944
3.9910439
7.1574166
3.7740030
5.3738324
3.7919149
4.0951964
4.6457482
4.2057265
3.3335296
5.1308155
6.8626850
7.7200129
4.0242630
4.6542045
4.9663417
3.7651124
5.3971120
3.7768925
7.7671596
3.6881905
5.4321198
5.1478431
5.8834111
5.1048477
3.4843619
4.2636511
5.1161318
3.9670149
3.7567722
5.4131004
6.7627784
5.0074063
6.1958592
4.8605950
4.2221920
6.3516811
6.5429340
6.5684218
6.2602784
5.1435050
7.5527567
6.5820047
5.2824313
5.2682327
9.7568029
7.0006427
4.4668982
6.4058182
5.7085112
7.6622232
4.6753504
6.8335409
5.7095559
6.7810956
4.1353564
5.9214872
7.9400824
4.7816621
5.1156799
4.9216874
4.1043742
4.4466113
4.2345486
3.4884692
7.4481675
6.5631546
5.7333115
5.0188842
3.3261609
4.2432702
3.6522786
10.0138404
2.0020029
3.0150376
3.1458187
7.7632632
4.1405352
3.2148461
3.7174803
4.7146765
3.3249399
2.2117987
3.0315844
4.5374659
3.5253941
3.5144180
3.0893903
3.6273099
4.8543370
3.2765012
3.2831029
4.5845776
3.7567959
4.1725633
5.6425213
4.1501645
4.0588788
3.3410046
3.8405859
4.4149716
4.0079486
4.6797763
5.2925100
6.1943787
5.4206066
3.2261092
5.5079788
4.0776639
5.0425026
4.9839953
3.8314988
6.2387811
6.1327169
3.3547026
5.1802975
6.2352527
7.4029100
5.4948841
7.1221259
4.1699052
6.6782109
6.1659129
6.9437985
7.5075294
9.3043704
2.5217729
2.8345730
4.8762999
3.7285845
3.8665176
3.9944975
6.8798533
10.2674014
3.7655786
6.2372084
5.7941370
7.7651215
5.1501368
3.9760211
3.2091951
4.8980435
6.6413903
7.3172740
8.5036869
4.0144420
3.3818268
4.3184541
2.6336853
7.5534713
2.7029542
9.8316881
4.2508058
3.7412166
7.1148202
3.6524507
2.4454582
5.8107092
3.0009239
7.7189151
4.2664978
3.3177835
3.8117210
7.0369231
4.4034918
2.9962411
4.2753966
5.7714164
4.6907697
3.3408180
4.8278083
4.9402933
2.2829656
8.9673489
3.9091985
4.2348377
5.8737275
1.7425489
9.8096359
3.8678071
5.8852090
4.8339881
7.7656924
6.4503712
3.1799834
2.3747878
2.7522008
4.5061843
3.4119660
5.1998262
5.0730683
5.8880112
4.7397232
7.3119168
4.1490826
4.4703412
4.6948996
10.0635745
9.0033098
8.9134549
4.8578205
4.3443045
6.2609916
2.5412197
5.5438610
7.7945102
3.8489897
2.6402209
2.9086914
6.4138194
4.0968483
2.8439927
4.9491892
4.4266308
4.6579826
8.9346228
6.6655726
4.3365611
3.4328950
5.2014460
3.3922944
5.4468102
4.7830249
4.2791365
4.0059931
4.2962631
2.7946847
4.8064333
8.8355691
3.1435399
5.9117197
3.2247001
3.7730163
1.6481383
8.1456083
6.6943309
6.1474462
6.2855619
6.7343115
11.1301309
9.4377575
8.0367115
8.1404572
9.4898352
4.3212003
5.8899310
4.3225146
7.1550945
6.9814330
1.9605507
6.7007196
11.4113914
7.8356109
2.8176054
7.0746445
13.9302755
6.2167207
9.5671739
2.6532218
10.8390869
13.7081691
1.6081068
11.3243519
5.3047069
3.8350686
1.8248200
2.3085175
3.3350761
1.2222560
1.6374624
2.0711809
1.2965189
1.3130931
4.3933451
1.4495782
6.3529996
2.0756543
5.4556576
0.9503537
1.3571186
1.5855761
1.1554306
1.6863174
2.2885844
5.2531038
1.6508367
5.1444210
5.8178175
5.0622618
2.7500755
1.8968299
2.4815867
9.0900255
2.8434597
3.5574700
2.6418853
5.1573759
4.7697051
3.3388063
6.8436027
5.3290731
2.9153967
6.0574111
3.6684674
5.7619863
6.0110701
10.0318490
7.6813918
7.5080558
3.6850776
4.1721102
4.5541175
2.9190532
1.6866471
3.3790945
3.8296949
6.9952191
2.4868537
1.0012096
2.8495938
10.3915926
3.7762997
4.0239862
4.6072278
6.3712148
5.4438194
7.0402682
9.8869657
13.5114380
3.9740092
7.2528195
7.7769009
4.1355438
5.3954805
3.9859565
12.7306296
8.9520604
9.5697905
5.3188927
7.8104655
8.4932641
10.0059367
4.0304200
2.2912287
6.7750226
10.0844225
6.6893376
7.6765239
7.1495848
4.7047363
12.1281442
8.7583622
5.5859782
9.1222342
6.4673673
5.1590147
13.2860393
4.0695707
5.4854257
10.2174752
4.8363426
12.1989089
5.2692540
6.2628386
2.5721111
2.7189606
3.7645140
1.8140189
6.7340917
4.6980152
5.6286935
3.1281587
1.6571848
3.3760109
4.7630627
8.4950055
3.5196717
5.0668715
4.3809186
7.0441336
10.6240555
11.7742550
3.7221650
6.8597975
8.4486400
6.4736438
4.1332016
4.1170830
2.7876414
5.0805491
3.7187727
4.9243931
6.4870638
4.6854925
8.8470632
4.4722178
5.1664966
6.8081773
6.2903139
6.7676496
10.4238565
5.3212888
5.9574091
6.2775558
5.4012948
12.7937715
12.9250836
4.1035217
9.3443730
10.4735657
9.8495249
13.8233561
8.9679333
7.2028189
10.0416829
5.4620439
12.8188805
9.6328501
6.3460405
13.8655172
7.1082603
7.1878701
7.8503720
10.5634616
7.9733650
5.8651482
9.7274367
4.2991614
6.1150567
6.4704963
2.2392721
4.7612675
5.3517461
5.4957948
7.3041018
8.5469540
6.5492776
7.1748057
6.1264824
4.0140281
6.3158209
6.6528631
6.2790378
2.4486464
3.6410913
4.8693134
11.4614842
4.8267397
10.7639909
4.6062343
6.9553629
8.7263600
5.7848960
5.3211302
5.1518309
8.7357021
7.8579305
6.3938739
5.5783784
4.8757283
4.3487806
6.4371745
3.9262177
4.2162443
7.9938294
4.2205783
5.1902704
4.1293280
4.8719302
4.4214408
3.9957627
4.2888272
4.4086810
5.0268009
6.1711748
3.3340747
3.9664766
7.9746277
4.1863037
8.3843909
4.6852533
6.1115959
10.0722415
9.2801355
7.4656130
8.3310772
3.7976520
8.0418648
8.4915534
8.2216068
4.8156259
6.6021091
5.4531156
5.6449398
5.6598167
6.1121439
7.9203277
5.7250912
5.6191045
6.1453975
5.9381198
4.6142290
7.0599945
9.4477849
8.0685982
8.6030466
7.3735723
8.4779364
9.2288489
4.5979417
8.7228792
9.0876247
10.9724840
8.9330280
7.1014890
7.5663701
7.1569610
8.8725137
7.5226801
5.7276963
6.6002160
6.3856726
4.5818441
4.6117158
3.4660531
5.0753533
6.9052640
5.1157764
5.1953048
7.4698016
5.2914421
6.7491666
5.2388956
4.6314883
4.3176568
4.8119124
4.6383991
8.0864033
7.3047293
5.5550736
6.1650150
4.5983640
4.9577306
8.6048205
2.6094684
4.8997493
5.9172389
3.4877991
5.1610632
4.4254310
3.6366206
1.9429404
4.8639736
3.9272924
5.2295768
3.2983325
2.7746498
5.5966478
5.7719127
2.1522188
3.5198165
3.9085696
6.1722612
4.8346353
6.1801069
9.0046437
6.0837574
6.4631401
8.3543246
5.8116889
3.3999643
4.9896165
4.8351859
6.2957615
6.4552441
6.6214426
6.0557454
10.2943249
5.6815748
8.4243410
4.7854699
8.1750856
3.0683502
7.7170081
10.5919478
5.9504910
5.3830524
4.9202179
4.7957481
4.7894935
4.6345070
6.0454297
7.8286577
9.0672178
6.1070230
5.5628363
8.9327039
3.3029960
4.9762202
5.0807986
7.6708892
5.9152260
3.6626516
4.4819131
4.4787159
5.0649765
4.9048108
6.5419892
6.5458885
3.8369987
8.6069400
9.5744984
7.1561490
3.5213555
2.7671828
5.9134758
6.4275051
5.0999751
5.4632358
5.2157742
6.8759911
4.5783922
8.7981770
3.7513830
10.0391513
5.2161793
2.8175412
2.8331711
3.5952282
6.1521708
6.1652572
5.5424907
3.9125135
3.1019465
2.6480702
5.0479765
5.7422428
2.5150094
4.9292827
4.2954158
5.9837313
4.2269860
2.6072417
6.5314027
7.1136953
6.0354061
7.2089018
7.8119088
7.7224223
6.6336309
4.8774208
9.6502527
3.6981843
2.4457959
5.0976557
4.2553828
7.3179189
6.0121074
3.4856526
4.3312842
3.0651353
4.6149245
2.8488182
3.3332920
1.7017985
1.8591374
3.8547768
3.9069821
2.5632284
4.7576480
4.0573614
5.6479187
3.5277803
4.9827714
1.3276315
4.6227459
5.6737294
3.0293008
4.8332917
3.1060582
6.9412403
3.7148270
4.9159297
6.2377629
3.4042568
4.2215921
3.4860086
4.5989959
4.7101459
2.6427189
5.9723353
4.3210855
4.7798116
2.9562023
5.4190014
7.3185426
3.7752408
3.5419950
5.2790468
6.8736874
7.5093366
3.7972494
4.8643092
10.4262825
4.0581599
2.3210778
5.4278629
3.5478286
4.9367452
2.8693126
4.8802893
2.3082292
1.9910644
3.8317234
2.7743374
4.2830420
2.5384015
3.1823446
3.6332078
3.2942509
4.7272079
3.3609561
10.8884786
3.6055017
4.2201949
4.7749822
5.5676810
2.8282140
6.6238869
3.5164153
5.1451216
4.0033068
3.4447417
4.7676328
3.2044980
2.7339019
4.1128902
5.2408010
4.2817359
4.7542198
6.1769166
4.8343545
7.3810362
4.7495737
4.9724536
6.5779049
4.4493395
6.4742382
5.6870217
3.8069220
5.3440188
3.4423414
2.9883623
5.1180465
4.1148367
7.7613010
3.2951427
4.1819714
4.1472012
2.8491887
5.3852320
7.4012453
5.9718087
4.1124031
5.3733443
7.7912522
6.3323543
6.8691749
5.0019082
6.0081676
6.0529326
5.4481675
7.8863978
5.8699658
5.0970105
5.6310313
5.3376443
5.3291854
7.2200489
10.2800834
7.9593932
4.9689037
4.9184064
4.3320298
4.1246871
4.7511392
3.2491918
4.2480103
4.6318580
4.1443526
4.2400201
4.9419595
5.4798652
2.1388720
2.2180271
2.5686004
1.9684893
6.3169500
5.9539557
5.2197798
2.2777056
3.4600249
5.2461048
4.7756705
2.6286147
5.5346344
5.0536456
2.3798075
3.5395632
3.1876177
4.4959178
3.8648478
4.7078589
3.1959368
2.5401887
1.8800743
3.8031161
2.3795354
4.3773015
2.7635651
2.1576572
1.8796133
2.6302450
3.3250807
5.7673648
1.8157818
4.9577987
3.1213699
1.8716940
2.4287062
3.0075509
3.4078997
4.2775151
3.5848927
3.8442724
2.6051201
5.3519999
6.6689505
4.3949108
3.9020645
2.7086711
3.5256577
4.8300259
4.8321316
2.6872444
5.9945554
3.1503429
5.1893958
3.3093124
3.5209817
6.9258679
3.1321541
3.7835867
2.7102860
3.5233094
2.6436173
4.8401602
3.9846886
3.1391069
3.5641713
3.7658733
1.6675211
3.3892061
3.8779685
2.0354802
5.6236601
2.0865258
3.8799883
3.1637658
3.1264572
7.8614637
4.1355560
3.2983092
3.2711059
6.6274327
2.6714321
2.3572259
2.6579889
6.1629738
6.0450063
5.3792313
4.3277407
4.5148936
2.8833639
3.1759814
2.7656664
4.3761674
5.9149953
6.5327584
3.4408188
3.2729338
6.0872565
3.4863181
5.8032330
4.2749737
6.6575669
4.6540709
4.7555856
3.2660561
6.0649660
5.6236139
3.6442307
2.1392637
3.7811965
5.6422837
3.1803234
4.8284758
6.8710428
5.7544617
3.5920276
3.7269669
6.4028189
3.0160053
4.0298459
3.1222135
3.1803802
4.9676387
6.2593477
5.1838881
3.3120220
2.4776278
4.2806076
4.5806358
2.9913490
2.4119317
5.6709530
3.7547308
2.9696091
3.8789604
4.1728155
4.6869460
4.0607719
5.1933343
5.1787896
6.0195487
6.7179380
4.2593696
2.7361467
5.5851254
4.6972987
3.9875847
4.8766944
3.2482940
3.0996772
6.3604123
6.2654219
6.6725852
5.3617811
6.2749534
6.2991541
6.5285854
6.2561321
7.6872208
5.3121581
6.2152024
5.0584814
5.5940452
4.8280338
4.8653187
5.7865324
3.2448655
6.8252635
5.9835087
8.4184372
5.1196659
6.3288600
5.9252882
3.8639939
6.6281514
4.7941479
4.9026456
8.1095743
4.4906249
4.6351060
7.4830566
7.0083782
5.5982970
4.9736094
5.2406904
6.7377146
6.2146902
6.7766880
4.5624997
6.1026133
5.6370844
7.9918292
6.7110652
5.5593722
7.2960517
7.1300379
6.7887159
5.1595454
7.1102607
7.2115734
6.0483818
5.9532087
6.8864034
6.9090208
7.3830422
6.6729695
7.1623731
6.0995937
6.9020574
8.1586667
7.1067492
8.6714452
5.6239296
6.7859984
5.5031466
6.9188006
6.6706506
3.3054110
6.4239752
4.3705069
6.4482176
5.1076400
6.6702225
7.9235090
8.1323897
6.3474554
6.2308722
5.7247972
5.9037498
7.0225033
7.2829777
7.7363715
6.7547224
4.1704313
5.0504410
5.7303216
6.3768394
4.8149294
5.3281446
6.2459505
6.2383126
4.5447787
5.5427415
5.2100204
8.1644896
5.4515304
8.4503926
5.7786959
7.3192876
8.5392933
6.7588572
7.9418985
8.3725045
5.2540278
5.9421716
5.6449904
6.3959191
8.7123914
6.7164787
5.0075110
9.2408402
6.7350284
8.7135189
5.9212463
9.1952201
6.9616047
5.4578671
7.1653002
4.7218377
5.6221094
5.4542129
3.7534313
3.1369236
6.1440874
5.3458290
5.1547699
9.9836029
3.7274049
3.7821205
6.1620128
5.2164943
8.3097931
10.8633562
2.1684904
7.4678532
19.2981864
9.9341076
5.5533309
11.1795422
4.5708905
3.6367909
3.5018724
5.4261233
3.9383677
5.6648308
4.7996551
3.7441254
4.8145833
7.3280790
6.5238178
4.6902535
5.0721036
4.3580514
6.6750116
4.3825023
4.4213799
5.1886043
6.9335876
6.9619393
4.3641395
4.5508920
4.4706168
5.8648479
5.5470712
3.4870779
4.2844677
5.8714804
0.8461497
2.7374059
4.9316547
3.8775054
7.2247727
5.3831079
4.7731963
8.0071551
7.6361838
8.1860833
7.8540721
8.8999963
8.0060673
15.3127153
10.6195387
5.4956270
15.1167351
16.0592218
8.1786844
7.0039792
9.9903639
5.2852505
6.1864677
6.1058579
8.3205159
7.5347397
8.9273374
2.8428848
4.4200651
10.2274508
9.1508075
2.1194244
9.9796294
6.4703145
4.2534881
6.9716358
4.4497083
8.0644158
5.2711778
4.4808516
5.1900308
8.6508834
15.6667898
5.1043325
7.7257662
11.0900402
7.3928107
7.4375473
18.2455385
5.3282406
12.9256538
2.0236136
1.5869831
3.1804651
1.8135212
2.5816594
2.7076260
6.6584676
3.9524617
2.1326658
1.9511726
3.2782279
1.9432473
2.0961340
2.4339695
3.2973509
3.7001808
2.5984089
4.7782850
4.3558458
4.2875410
4.0256772
2.3641433
5.3311059
3.0484129
4.7632994
6.0349280
4.0312627
3.5156606
2.6031602
4.1011956
5.1341183
3.9048907
5.5989607
2.5936498
2.3440488
6.7135253
3.5971213
5.6925498
6.2379016
3.5296957
3.5166555
5.0820610
6.0940258
4.7918452
2.8411254
5.1036808
4.6865150
4.3109805
3.8040615
3.8576645
4.2057027
4.5678085
3.1356805
4.4240910
7.9148397
4.0797144
6.9548432
2.1320768
4.3749331
3.8719207
3.0476164
3.7751165
3.7317114
2.7577735
3.2428116
4.0850920
3.9099744
4.7259705
2.3648167
4.4443735
6.1281402
4.7041997
3.4419325
5.9953720
2.2694356
1.9719688
10.3047492
7.1716231
2.5967045
2.4709100
5.4154030
5.6476101
4.7451063
4.3222272
5.0066724
3.4990968
3.6263943
2.2568094
3.0099450
13.0233749
4.1163341
11.3486169
2.8767569
20.9062808
8.5491688
6.0493453
8.2554798
4.7258409
3.3950792
9.5354851
5.9481256
6.8467765
7.5559642
10.1573492
4.1747275
5.4562093
7.1117264
7.0234401
5.7431529
6.9440403
5.7327460
7.7787613
6.5384736
3.3131023
6.8227309
9.2059169
7.1510957
7.2555347
6.4188531
8.8542086
2.3192680
3.9124865
4.7244320
7.4556525
3.7657744
1.8427600
3.5867229
4.9243441
6.6612890
5.9753177
7.6875909
7.5606047
4.5077403
5.2651892
4.7512124
5.3176475
3.4460411
3.3473694
3.8775583
4.1480752
2.2431364
3.4811356
5.5785945
2.9902180
6.0727678
3.9594325
5.4069315
5.4390321
15.3685219
5.9692137
3.3707505
5.0978222
4.4781732
3.0609974
3.3215963
4.6135936
4.9599124
3.9103254
3.5878609
3.1528862
2.4043227
4.3039586
6.0031151
4.0957331
5.4615000
4.7819794
5.2137780
7.2322360
4.5564131
3.8612958
4.2774815
4.7430791
4.9831483
5.7826333
4.8258819
5.4015471
6.1174848
4.9440909
6.3067648
3.4829465
5.1517758
5.0492487
6.6605803
3.7989899
4.3394495
4.9730585
6.3784538
3.5427426
8.4239855
6.9760107
6.1651127
5.8064019
5.3273414
3.6429066
5.7255920
5.1491333
6.8032583
6.2195451
4.8753958
6.3748136
4.5501894
6.6260788
5.6958666
5.9707661
3.4628437
6.0792189
7.6769364
5.4940460
4.3193304
4.9012130
6.7390465
5.3949356
7.4133380
4.8634754
4.8115104
5.0271204
5.2898688
5.2893922
6.9669630
5.8072830
6.4460638
5.3122338
6.5025454
6.7287977
4.8889420
5.8408217
6.0174879
5.5915971
5.7018565
5.4285867
5.7281275
4.9634018
7.5943019
7.5101728
5.5036920
3.4554199
6.1247609
5.9402383
6.5086875
5.6896821
7.2097256
3.0857744
1.9797008
4.7301641
5.7147504
5.8530174
5.4208267
3.0608759
5.2886221
4.6276025
3.2452947
4.4630334
5.1019590
2.7171129
6.3183962
2.9593475
6.0525584
4.4957612
7.3573140
8.7579637
6.0045996
6.2012578
2.6178556
3.8495772
3.2130301
2.8855496
7.5109568
6.7972458
4.7205891
4.7940414
5.5654578
6.9045680
7.8236316
5.0286942
6.2890423
7.3859150
4.6678896
7.7306830
5.7935824
6.8221572
4.6144513
6.3923203
3.5047368
4.9981323
4.4228334
3.6061086
6.4811587
6.3498785
5.8162695
5.9785113
6.3193118
5.2933941
5.6143352
4.3618590
5.7427634
6.1137966
5.7870172
6.1505736
6.4143008
3.0691108
5.6648695
5.5927015
6.9787309
4.6849480
6.7033090
5.4865304
5.0174596
6.7138955
5.1169460
7.4540695
5.8722039
6.0011300
6.5993111
5.2954882
5.2314408
6.0897572
5.0111339
5.8179839
7.1167281
6.3556126
5.8236444
6.4466208
4.7603497
5.0220888
5.4134907
6.3834478
4.9947078
5.3375211
6.1800640
9.2796503
5.4413431
6.4806776
6.2847749
6.9198099
7.4992668
6.8026008
10.4176430
4.9101953
10.5184984
6.2888760
5.6328689
12.6199577
8.5569138
5.3422787
11.0246466
7.1252494
8.3607871
8.0854238
8.0905648
5.5849178
3.5133691
4.2469303
4.8202925
7.4464572
5.5638258
5.9924502
2.2126457
6.3383502
6.6290764
5.0096740
4.5185246
4.5616591
7.4177414
6.5604807
6.1279283
4.2306129
4.1865997
6.4447393
8.1220007
6.7766862
8.2383905
10.6873489
2.4330948
4.2973093
6.5290433
11.4822111
5.2316837
7.2292994
6.4809683
5.3291313
4.5823658
7.5795599
4.1090501
3.7092949
9.3534464
14.4052814
4.6268180
5.5078502
9.6273716
9.2874886
5.5920852
4.0215637
5.7694458
4.3808354
4.7717658
6.1361215
6.4843995
4.4294323
8.2963927
5.6412644
5.5719559
6.1315025
3.2446974
6.9541977
4.5903880
4.9829304
4.0721367
7.3853467
4.2607088
5.8246719
4.1411235
8.1367456
4.5004956
4.6166761
7.2054373
5.9365458
3.3107523
8.6898936
7.2858430
4.4461269
4.2058450
7.4185705
4.1531052
6.0859251
4.5708401
4.0171854
7.7684830
4.7760597
5.5410316
5.4187324
8.3011756
5.9196075
4.7983847
6.1228280
4.7279672
5.5819701
7.8129447
10.2103342
7.6794090
8.0711543
4.6868822
7.2966137
5.0474163
4.7319999
6.9004322
4.7507776
6.0523681
9.7541166
9.4698466
7.0183928
4.6691884
12.2547116
9.8266115
5.9284281
6.6116043
10.1529552
8.7868939
9.1347788
9.6314808
7.4150921
6.8881187
5.4550430
5.7422851
6.4150343
8.3379001
6.9009953
4.9984842
10.1143917
4.8776262
4.9980667
8.1495222
6.7126275
6.7477632
5.0636958
6.5952542
8.8944668
4.6287258
6.9898661
10.4047080
4.7947189
10.4291335
5.9875262
8.4168537
4.5432634
11.3534078
4.6057369
5.6354312
4.5441731
7.1613525
6.4580789
7.0331533
3.9329981
4.2900734
4.3122408
12.9536998
4.3361383
4.7287425
2.8602684
4.5972459
5.6529516
4.2916454
5.5416828
6.3401329
3.8544038
4.8074105
3.1697131
1.7991067
3.2543575
5.5207444
2.8648872
7.8896130
4.0834440
10.4070084
2.5713866
9.2019135
2.5302754
13.3912390
4.1304642
5.5684883
3.5242469
11.1774108
12.9831330
8.3360431
3.0513635
3.0096971
3.8836613
5.7596556
5.4703723
10.7366775
4.9985304
3.4669283
10.3595147
2.9347284
3.3566839
33.3800160
10.9244811
2.3990205
1.7134025
5.8007020
4.1375051
19.2961168
7.3604206
12.0603433
2.1156049
9.4894078
3.6712328
8.6283819
1.9056865
2.5934855
4.6877671
1.7957257
9.6376368
2.9608516
3.3000939
2.2769659
7.0025074
5.7797426
3.9045638
4.8886113
2.9020339
4.3770527
1.7921684
6.5452655
3.2681107
2.4025480
2.5547198
8.0579438
4.6803485
7.0140809
2.2747471
2.4506129
5.1412110
3.0900103
6.7270745
3.0120356
6.8559998
3.5379821
2.8030879
1.6334697
3.3935733
7.2775177
5.7208172
2.8712621
16.7631997
2.9371758
4.4285950
1.5524956
4.0391882
3.5497800
4.6980143
4.7175483
6.1599637
5.5274723
6.3777346
4.1883577
3.2988725
4.3477604
6.2048171
3.7128856
9.2904577
2.9608310
4.8160874
6.1956376
4.1080303
3.5392425
7.2753527
4.9298957
2.8662897
5.0794808
5.4196806
5.2181740
5.0447370
6.2644685
5.8822389
9.7700806
6.2728943
5.7892369
3.4365638
6.6650288
2.9362243
3.3532547
8.6141445
21.2197826
4.1380639
7.5075978
7.4480114
1.9688622
2.0765024
6.5315102
15.0518842
4.6560984
2.1565352
3.6636460
7.5272200
6.0387574
7.8094676
1.8916117
3.2725819
5.3135923
3.7360481
3.1545570
3.2019275
4.1029867
5.7976812
2.5215925
4.9464158
6.0252735
2.3592863
5.4061589
4.2441265
3.8509945
12.1480167
4.2451526
2.7727018
7.1058435
2.9876429
7.0248986
5.6848187
3.6514627
3.4976159
4.3428737
1.9495286
8.7272248
10.6279509
10.6380555
6.6931673
5.3052357
3.0971425
10.9328804
5.2421733
12.8163941
6.3186132
15.8880996
3.0206779
7.0524792
8.2700993
20.7489683
11.7758645
8.9928064
6.3210708
5.5971026
5.6255470
12.7522137
5.4250779
5.3819758
6.2427528
9.9674242
9.6495368
8.5580191
7.4366097
4.4236712
4.9017583
7.7683059
5.1212570
10.6918286
9.6675590
5.4541968
6.9073153
11.9355389
5.2263637
3.9006083
2.0174657
4.4313662
6.8815390
17.5365207
21.3420548
5.6305689
9.6520988
20.6858061
6.5280766
8.2272106
7.1583080
8.6782444
4.5610510
8.9908620
3.1754564
10.3092434
3.3285023
8.3994270
27.4260826
4.9939121
7.6274299
8.5287321
16.0233070
14.2876015
5.9812886
6.5491355
6.7900240
3.2905598
4.5194842
1.8260423
16.7260509
11.4564753
15.4899835
5.4774541
13.1690591
8.2884937
16.1526816
9.2865634
9.3733400
10.9268574
19.8866727
18.2256251
15.1621237
9.8829916
20.2258069
14.6200252
12.7651899
8.2564720
13.3086982
14.7285173
9.6291711
22.6328664
8.8648515
12.1237333
10.5725111
29.3398127
7.1256350
11.4799380
26.3724037
20.6897585
24.4397125
11.1651576
5.9060738
14.1361790
14.7745273
14.8921814
16.2236481
13.6660878
12.5989935
9.9497059
13.9497562
9.4541585
11.3732784
28.1949575
11.6662413
10.6174980
24.1050140
17.7475052
20.4960124
7.8289894
6.0956087
11.3104653
9.6007963
9.1754138
18.2201472
7.3608787
16.4185198
13.1352934
18.3178580
5.7137131
14.6007303
5.9480980
15.2947444
22.6153345
12.5374134
14.0925563
13.1516357
6.8322410
9.7988409
23.5436046
11.8271192
6.9807299
36.0417416
8.4822679
29.3482676
14.4147646
11.0180643
13.5609440
24.2518125
25.3667821
22.5219095
26.0450462
11.9419887
12.5353177
13.5350936
24.5848646
20.4144018
14.5829049
10.0125515
13.3641088
22.6361420
26.0467511
12.2524926
23.9290034
26.6325636
24.5471691
29.7837555
30.0929927
17.5420450
21.8209092
30.7105506
34.3862224
16.3209735
24.4989459
22.6606452
25.4963362
21.9336964
22.5682675
7.4799257
19.2507625
21.1444265
23.5725964
18.3175563
28.3649458
19.1812963
10.5264433
17.5905198
22.2270104
19.9625468
17.2431745
10.9173526
24.9888114
13.8320886
11.5117545
8.7081459
11.2690383
26.4315391
5.7636216
25.7959833
13.5447236
19.5254467
18.9954607
19.1403892
20.7502746
14.2934422
13.9057322
22.2328692
23.9174496
19.0376764
25.0077248
12.4294045
30.6975705
25.1332094
22.7731841
27.2025357
33.8931098
27.9180270
25.7655844
9.9447672
13.7445427
30.2837415
36.0541596
17.4348696
15.8028937
15.9902883
9.3875946
13.2440444
6.9072576
28.2273725
20.7052216
5.7795971
9.3175251
17.7466786
15.2013522
9.3398309
26.1674979
20.2902646
8.5681596
11.7975605
10.2750483
18.2631378
8.0656457
19.0500884
7.6207723
16.9960930
12.9591565
14.3919813
5.9102308
20.4418072
23.9845209
15.3277775
17.2448754
14.4423381
12.1998832
2.4835159
18.4155393
12.4569122
13.6101590
6.9684458
30.6515944
23.1206197
16.2070258
20.4289364
19.5998907
17.9151750
11.3148496
19.2573009
18.6622293
7.8947235
30.1532850
20.1268740
7.9583962
11.5232423
2.8889336
7.2290219
15.7435050
19.7154775
20.4867430
10.2123504
16.0155834
12.3144319
10.6842517
32.7176835
26.4482815
11.9377847
6.3131830
23.5067299
11.2154028
10.8946573
14.4324874
15.9304247
5.1564466
6.4878831
7.0199576
1.8897162
14.2737065
18.9234846
9.4498430
6.7082722
4.4978155
7.3715563
6.5087001
10.2428471
15.1489271
8.1944750
11.0592915
7.0080956
9.6095192
11.1000091
9.9549215
9.7069667
6.0492045
6.7810899
4.8019636
2.0285594
10.5148182
7.6014115
4.1003813
4.3619735
6.9192388
4.0626936
4.8093666
5.8682076
14.9054518
5.7700701
5.0828328
7.2261680
8.2443451
5.0591233
7.0412474
5.1599837
6.2296099
8.5024517
5.4478184
5.6795298
5.7761980
7.7016903
6.9621373
4.7495273
8.1757042
5.5654032
3.4694226
6.3286435
5.7350754
3.1436862
9.9701310
4.8410388
4.0177245
3.0293211
4.6897259
5.3574056
5.1198605
2.2859665
4.4647238
5.5168527
5.4882950
8.1974574
2.4749406
3.0779531
8.4864051
5.4269247
2.5333568
5.7576552
6.5509942
5.5182704
4.7585832
2.8223743
4.7658717
6.3122778
6.1952806
6.4743737
5.9136746
5.3963192
4.3849062
7.2821138
5.3399463
4.8742903
6.9534943
4.1752396
5.7154268
5.5910455
3.8363211
9.5739666
17.2423249
5.9097528
8.8241723
8.0514001
10.2072919
8.4297987
4.2446695
10.2103390
4.5973547
5.1998611
3.8906494
6.2135632
7.3433494
11.8664353
5.7186302
2.7723017
3.4161101
2.6963050
7.9422039
4.5701089
5.2844336
11.4645641
2.6718071
9.2077679
2.7448545
4.8669569
2.4930456
2.2660963
7.9206150
3.9186036
1.1712573
6.8104795
2.3535980
6.5394039
4.9632938
1.9326891
2.1879819
4.6294323
3.3155582
4.1459898
5.3233937
4.0529433
1.8475386
2.4606939
2.9905851
6.8851296
3.0646551
3.4353908
6.0849441
3.6341451
2.9629611
3.1105568
4.3741838
3.5165432
3.8096055
6.8456554
3.0004926
4.0011893
6.5917102
5.1407389
5.6990065
3.3333905
6.5484842
4.6749509
3.6595144
2.4495773
5.4752903
4.3160406
3.5883507
3.4498752
4.6178409
2.1930217
3.0551113
6.6991039
4.5598714
17.3295352
2.9689482
2.6579566
4.3657381
2.8687399
5.4816338
3.3319125
5.2002194
3.0366120
5.2815899
2.9552408
5.1725754
1.6430769
2.4382425
4.3856010
6.2692133
2.4027888
4.4723454
9.1480937
3.0810878
5.0742359
4.7383587
6.3399618
3.9575954
8.5212511
3.5201553
2.3508338
3.1614036
6.2700914
6.1205312
4.9380734
4.8311589
4.1516583
3.6515821
5.5308384
6.5814996
5.9099408
3.4677256
6.4830527
4.9944081
5.5946526
2.3356081
5.4452648
3.5705700
3.2695552
5.9173046
5.7424386
4.0486204
3.4337071
5.4253140
4.0620461
3.8094045
8.8202654
7.0502489
6.6455181
2.7290877
8.4545014
4.6435419
4.1706331
3.2837139
4.7041421
8.5035368
10.9856901
3.1211520
3.1589544
9.2641636
10.0110190
3.5041676
8.0755774
5.0327278
6.1997310
7.7078777
4.8591424
8.6397283
3.4950584
4.3566726
4.9754576
5.7271999
3.7860809
5.6465826
5.3537635
6.3740156
4.1762127
6.0976125
3.0984693
8.2098490
7.3470697
12.0201856
13.9083480
4.6552043
5.6061467
5.2730699
7.3453036
4.4859711
7.1242167
7.7957829
4.9312122
5.4687396
7.3160601
7.2520378
3.5305563
5.6179125
4.7608756
3.1216429
8.6495600
3.9353619
5.8255687
7.8715995
4.3829563
5.7298294
2.6812000
4.1740431
2.4345872
3.6555937
9.4903306
5.0480024
3.4892783
5.8427076
4.9732780
2.9097028
5.5169019
5.2432656
5.9567857
2.3455249
5.0125880
4.3710804
4.2330969
4.6188384
8.4616872
3.3102191
4.8558703
4.2824531
3.4063672
3.9691753
4.0462506
2.6464560
3.8644392
4.5154164
4.2584012
3.6318909
7.9158440
5.5065632
7.5223598
9.8639925
2.9921303
1.3360840
3.3114545
4.3419671
3.0609887
3.5886569
2.8593412
3.6776012
4.2425085
2.9967303
3.6503130
7.9802519
4.7881036
2.9202484
5.2549041
4.2871174
4.4232153
5.1493298
3.7600147
2.8578331
3.5265208
3.4734183
3.6304442
4.2325081
3.8680453
6.1232593
4.0694666
6.4795864
4.1774514
3.6543205
3.6403924
4.1253766
3.2636496
2.3454406
2.6792534
2.8198611
2.9132465
3.1231726
4.8062779
5.9948831
6.9996369
3.2251269
4.0125500
4.0144179
4.3305908
4.3807066
5.1612136
5.0214526
3.5189597
3.7947593
3.5038804
5.8629861
4.7141422
4.7621017
4.0660722
4.9442214
5.1773972
3.5331968
3.0498483
3.9350123
6.1852375
1.5225168
9.2736322
3.1505992
3.4420555
8.0819951
6.8363373
5.2277647
7.1004384
5.1843363
4.7675572
9.7081957
6.4407272
8.2289873
9.3570020
4.7782906
7.0397064
4.8775561
4.1496019
6.2586981
3.9445095
5.1071373
5.7067454
6.1734119
3.3620888
2.2982778
3.3057234
3.5614770
3.7645685
7.0744492
2.1401964
3.2213713
6.6342593
5.7352450
4.7464743
7.2200948
6.4837993
7.1803432
3.1746284
5.2863783
7.0288006
5.9940460
3.8029672
4.3618048
8.1710221
3.3096930
12.2851954
8.6078009
4.6946092
8.3117906
5.6226398
7.1515901
5.4291474
6.4088011
10.8754237
7.7676971
7.6517176
10.9483554
3.9351672
8.4133121
5.3831978
10.7422913
6.8821982
7.2819168
5.3185982
3.4463298
7.5034544
10.8204628
4.4832527
4.6291673
4.0649132
4.8545292
5.1810114
9.2440363
4.3063388
6.7573831
5.0537406
7.3986810
4.1732734
4.2772109
3.2788983
6.6189854
3.4083862
4.4333467
3.1098042
4.3728650
4.7173546
4.0142142
9.1056795
6.0260018
4.7276306
9.5187722
5.9927502
4.7302625
6.7309029
5.3097279
10.2872997
3.8518156
5.5940273
7.4562704
6.7517893
4.4122128
8.6778829
6.0479624
7.4075498
7.0501123
3.2674711
5.6977170
7.4778035
6.9042721
4.6413313
4.8952220
7.1350042
6.8591845
8.9203719
6.4522338
3.7584473
6.0814985
6.1646100
4.9567290
2.3382707
3.6359591
5.7412297
5.8945632
7.3340243
5.0243986
4.1942650
3.3260645
4.2991742
4.3409168
3.9416580
6.5231782
7.2308731
6.6298500
7.5249434
5.8857093
5.9024751
10.3095529
8.1396363
7.6246727
5.8985770
5.7381854
6.6134707
9.0412941
5.2877515
10.2403820
10.2853273
4.4802239
8.2457334
4.7435819
9.7058920
7.2104671
4.2678979
7.0184714
4.4700070
10.6415697
7.0444195
6.8116942
8.2368453
9.8961340
8.2882076
5.4397114
5.9104998
7.0389210
3.7677354
6.7840069
7.6448288
5.9874027
7.4638856
5.4083062
6.7750937
7.9903016
10.5913206
5.6864181
8.2715103
6.5087726
8.4981354
5.6043886
5.2389411
8.0437164
5.6499894
6.4884778
6.9865773
6.4955816
7.4157724
7.2602189
5.5778649
5.3437755
5.3715797
5.6140751
5.3078947
4.8282033
6.6513750
7.3892591
4.3116687
5.0086662
8.3536721
7.5962530
4.5864605
6.4583176
5.6988608
7.5981182
6.4283640
6.0324352
5.2187206
6.2181833
6.2206917
7.2042964
8.6328290
6.9439885
3.8518087
5.5903928
5.6663867
5.9399663
6.4972669
7.7381927
6.7285282
5.3011212
6.5285630
6.3940549
6.4499782
4.1950020
4.7875949
5.1870414
7.7732016
6.8373461
6.5984270
5.8165518
5.1395034
8.2578580
7.1318109
6.0093497
6.1477007
4.3437458
5.7713240
5.3170907
5.1396057
6.2040882
5.9331917
5.9041364
7.3565579
6.1696352
4.9429122
6.7037123
5.4707481
7.9882410
5.9123525
5.6094294
6.2618513
6.1638746
7.7661532
5.3017693
7.9704822
3.7851213
5.6136085
6.1963457
4.9412089
9.2072328
5.8578399
4.9137595
3.8125716
5.1765545
3.8335119
3.6764129
6.8662963
4.2991889
6.4664641
6.0752668
6.4141108
6.8237659
5.8529328
6.0551189
8.0370283
6.1107546
6.7145596
6.6768212
6.8526920
5.8616465
7.2325354
3.7865063
8.4183947
5.0658747
5.3437714
4.2661274
4.8158022
5.3983793
3.5844065
5.1403705
4.6025102
6.5833824
6.0020279
6.4719507
8.3206606
6.2348954
7.5353861
5.0434263
5.2689460
4.4952626
6.4501951
4.1101171
3.9274718
5.6757413
7.9837159
4.6274832
3.8636309
5.8829531
6.1633511
4.6176186
5.9357693
3.3616651
8.5511500
4.6321565
5.8395828
4.2824881
5.1592644
7.0059383
4.8260357
3.5116844
5.0409863
6.4188705
7.0854224
5.2291038
6.0745804
5.4918699
5.4059519
4.0579342
3.8395298
3.8780955
6.9259388
7.2334584
4.0091842
6.7482651
3.0575534
4.2078182
3.3919921
4.8449451
3.3798492
2.8972711
4.2034866
3.2116762
4.3659728
5.8578491
4.5151605
3.5778411
5.6267863
4.4591905
3.4855167
4.8153066
4.1819534
4.3954060
2.7995424
9.6104652
7.4110932
5.4985130
5.8976965
4.1255235
4.7528019
2.8901529
4.3929493
6.1139611
6.0573983
6.6493385
8.6772187
6.6850721
3.4499105
6.4374533
5.0409237
6.4693080
7.8433574
2.7926191
5.5260720
8.3219254
4.4016208
10.1416752
12.2893211
3.8318860
5.0121773
3.4724580
5.2297222
1.4060378
4.8041987
2.8251018
6.2995156
7.4964833
4.4332652
7.7961137
3.6277538
5.7046594
3.3711156
5.6008413
1.6303149
8.8182730
2.5762814
10.3477810
0.9731234
3.7211286
3.9797224
16.8939398
8.9972321
4.2100140
6.9875317
6.2294746
7.9775972
9.8907014
5.6507308
5.4671082
3.7282666
18.6511495
10.6348932
5.6208349
12.0159056
13.7118248
14.5887506
15.0519143
21.3068349
12.7176000
4.4253420
4.9212527
22.7850250
13.7586090
5.7997709
22.3117723
39.7901523
2.4110865
1.5123712
21.7419039
6.0480869
11.4164834
11.5566365
12.4781129
6.8039709
17.5127922
10.6700782
16.1701671
20.1573313
27.6592319
20.4306678
75.6598409
14.4475998
23.0062747
19.4556160
49.2278273
7.3171697
26.6041368
13.4955849
47.1366180
16.2369897
33.1855195
38.5584241
29.9204492
18.6923182
20.0207489
13.5408941
10.2159123
29.6495264
12.5261525
81.7862831
63.2704850
22.7718775
18.2999912
33.2124293
23.9239756
81.0753235
45.1228281
162.9942104
58.6988542
27.5115304
57.5690638
68.9868404
54.8850120
98.7928268
13.6646001
38.1629234
14.7118813
38.1892319
55.3073134
65.7548011
7.6452372
41.0581338
24.5392021
165.2595242
24.1888117
19.1144692
19.3010873
34.6017603
8.5596300
14.2479858
38.1600244
18.2745968
12.6938534
16.4367943
21.9659447
13.9098775
15.9868922
6.3234159
9.1065716
23.6807671
20.5009332
22.7682196
14.1761945
35.7208454
1.7499914
17.1894876
7.6078213
7.9759080
11.6922421
5.2937787
7.2776696
8.0229454
10.0126334
49.3920639
17.7824088
12.1016636
18.4020454
13.5805180
7.0949961
24.9945301
41.8827679
5.0816814
8.3738958
25.2387083
53.8904900
85.7914252
6.8515310
16.5907837
25.8695132
21.5433549
19.8257844
30.9874150
13.5749044
4.8482854
49.5677829
41.5196173
20.3272919
36.8191191
12.2449189
10.7840434
52.3801149
6.3749765
12.8858319
20.1504163
2.5645935
10.3790600
7.6403529
23.0479380
4.7558311
5.9857516
3.9647691
3.0298522
10.6103683
8.6640232
25.0927883
4.1224353
3.7844373
12.6320211
3.3324902
15.7586050
1.8987877
7.4677090
1.7535349
3.1723198
4.3753177
6.0943064
10.7079969
6.1562514
2.2934948
3.7391411
12.9560972
8.9238962
6.4865729
19.2336965
11.7683789
18.8226077
12.0183116
8.6503448
11.6650275
8.3270416
8.6340287
12.0845169
18.7794384
9.6408087
20.6248393
20.0273248
5.9274598
11.1430683
17.3599380
21.7340541
13.1172061
12.3754180
8.7220764
9.7814351
8.3824052
12.4910098
22.4960029
22.1897610
12.0780365
23.9429510
9.7409205
30.7715835
10.5118696
10.7893231
12.8360022
13.2690815
11.9159134
23.9275759
14.3994798
10.0403391
8.1555576
17.5216029
13.7203727
4.9545765
8.2850042
16.7506660
16.6329861
10.6840970
10.4260709
11.4951325
43.3502691
15.2303043
8.8839975
16.9318763
18.8671212
22.8675406
20.1387120
34.8915280
15.1031860
13.3224560
13.7110896
14.6267663
9.2870348
16.6536377
11.7890368
19.0572617
7.1532254
12.5801459
6.7423399
8.9876314
7.0378015
4.5255394
11.6597037
17.5480343
2.3483648
11.4409760
8.9465345
8.6756729
7.8270121
6.3444072
11.1244034
10.6387941
11.3614106
10.9471803
4.6298724
12.5791117
63.1303290
26.2153948
15.1570072
6.3002005
15.3773807
8.8516324
16.5972500
13.5709621
36.8141380
4.8932507
13.1838023
6.3139557
10.9113418
15.6610968
13.9046631
12.1696763
15.3296006
7.7050608
18.6501345
38.2758552
14.1119901
10.7451251
19.5504436
37.3869395
14.4785367
59.3265723
21.5364409
23.9880721
34.8808274
42.1479526
48.5535281
40.4687822
59.3760567
23.9209493
41.4241262
26.7045245
49.1997482
27.0221873
27.7631410
44.2515014
41.0997589
45.8302552
42.5692708
21.6366280
17.7175600
25.5578952
31.8137370
63.4168706
32.5469005
40.8573596
75.6606110
69.3915518
33.8807028
92.1853960
51.5409318
74.7671655
117.0450359
65.3469495
83.2303995
116.4802937
105.2323371
78.7219552
50.2797589
139.5299798
56.9996228
82.5731594
43.3181330
103.1422864
67.5425649
108.2490824
52.9167262
80.4014867
218.3879257
144.0550586
128.9635578
120.1366821
101.7227881
89.5380616
139.5074704
145.3944965
256.6642808
74.3844348
79.7163763
44.1155268
204.3318561
89.6859117
82.8005711
36.7430796
111.1682897
83.1191326
65.6360471
163.7863594
139.9021834
25.2245642
110.5446590
46.1952787
80.9519797
210.0863669
43.9404186
30.6046069
56.8618945
64.0702164
12.6694801
60.9010808
34.2426485
36.2246088
47.6206066
16.4533169
15.7696983
23.5027143
63.2629296
121.8417185
49.8896698
38.1104685
76.2797843
20.9455220
50.2097139
20.3069159
33.5631984
14.5510335
3.8922340
21.7961919
12.1556556
18.7488188
9.9241753
17.1132247
36.0261872
42.1832291
19.2292082
26.8172063
9.5664871
13.3030807
12.9785933
20.3466343
10.6892425
12.8600974
11.7260756
7.9244401
3.3402259
6.5952535
6.3056131
12.7540145
22.6598216
5.0926491
2.7041920
5.0551391
10.5258424
3.0507366
8.5547342
12.1127549
9.7148392
17.0897207
7.5838937
8.7155546
10.4844939
7.0373389
13.9763226
8.9569765
5.8225032
7.5315468
16.3190958
8.8434224
6.1996916
8.4151091
7.7351822
7.0191447
9.7529727
5.3560467
11.7001443
11.4356959
9.6975303
3.8328381
26.3275473
1.9703979
5.7500381
16.2743600
20.4731785
10.0185989
10.3942896
14.1062767
11.7597633
12.6424389
3.9822735
6.1124478
11.7092822
8.8756093
7.1423739
23.3647341
6.8984652
8.1486363
9.5601108
12.7950736
5.1279533
5.2889522
24.5582287
5.2340913
8.0713614
23.2116831
16.0773675
5.2344244
3.2673491
17.1562025
8.8173664
9.1459726
3.3336744
39.7919836
8.0553400
9.5107670
10.8081705
5.5100246
4.2370659
7.5774405
9.4335045
3.7314085
70.6422702
6.8172115
14.1756861
4.7129690
4.7020136
12.1706387
19.6607046
7.7343288
4.9046173
6.2225550
6.4072328
7.7974941
10.7099989
4.0968843
9.7682204
10.3885688
6.9041781
9.7787842
2.1388947
10.7867659
11.8759626
16.7809176
9.5787420
12.4945038
11.6815392
17.9009998
14.4396122
9.7208778
4.9600486
2.6579431
11.6823195
14.9250963
15.1357754
13.5239855
14.3566166
4.6971970
8.0164235
5.5703301
10.2644202
18.2845939
6.6490625
14.4104968
13.5556004
13.2756761
5.0926133
24.6967653
12.3947553
12.1340063
13.0698237
14.3198596
14.7442111
11.1459287
30.2428870
14.0872725
15.0129726
26.9496520
24.8990982
24.7186720
27.1068165
21.3352033
16.4230176
18.2123056
15.8259835
21.1154645
11.6563122
4.7599729
20.9011885
6.3946941
19.2908368
5.0134005
18.4615376
6.0699532
9.6604060
11.8111762
13.5934196
7.9226676
14.2730788
9.5343070
10.8804148
24.0469826
18.8733734
7.1602227
22.2875915
15.9544304
3.6653381
9.9470730
5.8533978
24.0221692
14.5360934
13.1151153
26.5237495
19.8844837
6.7101935
14.2971434
19.8749751
20.4405640
21.6587362
35.9232135
20.4946673
17.5863671
12.4828776
14.6479124
26.0511943
22.5383996
12.7874081
11.7562320
18.8434792
18.0850232
38.6274631
24.8361741
30.6677843
14.6284169
17.7161235
20.4641000
14.1390373
17.6560036
19.3682449
13.8855447
17.2699056
21.6207402
20.3994986
17.2306502
21.2481139
12.5211392
17.6632526
12.9630813
11.0764851
6.4627466
6.7807334
14.1304466
9.0380481
16.0781364
10.2163925
8.8856255
18.6347118
11.4514545
2.2253392
6.8099978
9.2990576
2.2123605
4.2565988
11.4038589
3.8596061
6.7503395
3.0113659
4.6237473
3.9917228
9.5553497
6.8525148
6.5074248
4.5560162
8.3329192
2.0492492
5.3108027
6.0194095
11.4421964
3.8913308
2.4487747
2.2168179
5.4394674
3.3495189
5.3399543
6.8359268
2.4528036
3.3801626
19.6135007
4.7339223
2.5617341
2.5213997
3.7279630
2.5922963
3.0457305
4.1865708
4.1479645
3.3588752
3.5297676
6.3037029
4.0002365
7.0492442
4.9155743
3.1854031
3.2082242
2.3883193
5.1706574
5.7601118
3.4077286
2.8844357
3.4851045
4.2846974
3.7215821
3.7710711
3.4956461
5.8495835
3.9035770
4.3605172
2.5117199
3.9282828
3.0689304
3.8273753
9.9443243
5.7219344
7.1917108
4.9301691
3.6477928
2.8777274
2.0982247
3.4496789
5.6288944
4.0192100
3.0541506
2.0690502
3.2885435
4.5077946
3.0235670
4.1473817
1.8136671
4.5625386
4.6488812
7.8589604
2.3557921
4.6687770
9.6285386
8.9302278
5.1110023
1.9025928
3.0603217
2.8422148
2.1158017
3.7614833
4.0006919
4.9759480
2.9862494
3.7983499
4.6306129
1.4173497
2.2252369
5.0140660
2.0262912
2.6210369
3.5748421
4.9840525
3.5165948
8.3824784
3.2973796
9.7700767
5.7350810
7.2716143
6.4009848
5.0502094
1.2086585
6.2329310
6.6807486
2.4319589
2.3621177
12.2202618
2.5056080
4.3972937
4.2235603
6.7790684
4.8320756
2.9559360
1.9834086
1.1125843
0.7951761
9.7411586
30.2963472
12.0581090
13.5004629
4.9681270
23.9319201
21.0346263
17.5687164
7.0372123
29.8252644
58.1308540
1.9703829
6.7070598
21.3486585
22.4476525
4.0486247
7.5034481
6.9066190
8.3995102
22.0536735
22.2703259
4.7938065
11.5925337
9.6755077
10.2997792
13.2504438
6.3091812
4.1131296
7.0429371
6.8962545
11.1124215
3.8389557
11.5099616
9.6641970
25.1106413
7.5253291
8.4054492
14.3905344
3.4302246
3.2109802
1.2242998
7.6554254
7.3654735
8.9880452
1.5428015
3.9368872
4.6732820
5.7086134
0.7529103
9.5500158
13.2167096
12.5465014
12.9950197
5.8866510
2.3299938
8.3646365
2.5827242
39.4213787
3.4973949
4.3306670
7.8680135
1.8757390
2.2967778
8.3340476
2.8295538
1.4096971
5.1010445
6.1121742
5.6559217
3.0572808
2.4229674
3.7619754
7.7039495
1.8699952
2.8474257
5.8924752
5.4021825
5.9878691
14.3011247
2.6323778
4.5684193
3.8184761
17.5538890
3.4872211
3.8688012
8.8951397
6.8158927
60.0170830
4.5156206
9.9935514
8.4789432
9.3840589
4.0705938
2.4779025
2.7745342
3.9951218
8.4787834
5.2443681
2.0780596
4.6388813
3.4897803
4.8001494
7.2690679
2.8234050
1.9817815
5.0039930
29.0148824
7.2193529
4.8132560
5.9073889
8.5375084
6.1639119
3.2912052
4.1687775
6.4497507
3.4239688
1.2665451
7.3120987
3.6066211
13.5719562
3.0018515
1.8109103
5.5227137
4.8099576
3.6427250
3.5552560
2.9325023
2.4795816
2.0876496
3.1148154
1.3039739
7.0679751
4.4955982
3.9682171
1.0095574
0.9123065
0.8717121
2.7026861
1.8240492
8.1939254
2.2634326
4.1177015
2.7099559
2.5902478
9.6716093
0.9159220
1.3914150
0.9969547
3.8081276
3.0220853
2.2677771
3.3736960
2.5423532
2.5378538
6.6515926
1.1749730
0.9855853
0.8054070
2.0856395
2.4186275
1.7098439
4.1974801
0.9167977
1.0342507
3.3014868
2.0340218
3.4741823
1.9081356
3.1675329
4.7455599
2.7018501
0.9513521
1.5817103
1.7877505
3.8980316
3.5500864
4.4254033
2.8077258
4.4201127
5.4931001
12.7735019
3.9699157
0.8495563
2.5471368
3.5502877
3.2848279
2.4027883
2.2369495
4.1406909
6.3456943
1.2698924
2.5939793
4.1677188
3.4342902
3.2799374
2.5187325
3.0676395
1.7021792
3.3479779
3.6266366
4.7115002
6.2834982
2.1241328
3.9573058
4.4132139
4.1737632
2.2397732
4.4199580
3.7216305
3.1790952
2.5820355
2.5863304
2.3866630
1.2290167
3.9883728
3.1141248
2.6078588
4.1194526
2.3231204
4.0950890
1.7131973
0.5649386
5.3040774
2.0038738
1.8621074
1.5155777
6.8717341
1.7410378
1.3754771
4.1622746
2.5146689
3.6440562
3.1270962
2.9870903
2.6312351
2.4051176
2.5406519
3.6712488
3.9078546
4.6168165
2.3737101
4.2094704
2.5878780
3.1486953
2.0222550
5.7502242
6.7892626
4.1222621
2.5617796
7.2702776
4.1299581
1.7616523
7.3044427
8.1719001
2.5689804
4.6151902
8.6093817
4.3493293
4.0565194
6.9625997
2.3527522
3.9967562
0.8372118
4.2076052
1.7711218
1.7079493
1.5345775
2.4014707
2.4076009
3.5265492
6.6661727
0.6153522
2.2042854
1.0164403
4.0439801
8.4189272
3.2259495
5.7800264
3.9145195
6.5039004
8.8368050
1.9725276
2.0455826
9.1298186
7.1667901
5.6221473
5.1185515
6.1188893
1.8361154
5.1840810
2.0845905
9.2721983
3.0372651
3.0392395
1.8618453
1.9240317
2.9236275
3.4788591
8.5271023
2.2282995
2.7129560
2.2892197
1.4297834
3.7482798
5.7504064
0.9499496
3.6724783
1.9960842
4.9994429
1.9446748
1.0158149
1.6908920
8.2142569
2.6922228
2.9318222
4.8438238
1.5546286
9.2077702
18.4320205
20.4435171
7.3128460
11.1023676
10.7994053
4.5839915
9.5960215
5.3192322
6.3942873
8.0487882
1.1826565
4.1900065
5.0478095
6.7216582
6.9816530
5.1877296
4.4385121
4.1690941
5.3844736
4.1066250
4.3434749
4.2254710
6.0554886
4.5976549
2.0992118
2.6092378
13.3916815
4.8356052
9.2312375
16.7072414
12.3730173
5.8759088
7.2568855
3.9795892
3.1255741
11.0404780
3.5913025
2.3657916
5.0511867
4.0724619
6.9839758
4.2727870
3.5809276
3.1301441
2.5408339
3.9051803
2.7882075
7.5397606
5.3700703
4.0913430
4.2875792
4.4689047
2.2183357
7.6516554
3.5272618
1.2415163
5.6955361
2.8536084
4.2956930
1.2675644
18.7445346
6.9077319
5.9023823
5.0547143
10.6986261
2.9032689
2.2918226
1.7955327
2.4712559
3.3400791
3.4980596
4.1328854
6.2722175
1.3918092
3.1530251
3.0502026
5.8951357
4.1638423
3.6200293
3.6906211
2.0245994
1.1038044
2.6601145
5.4957294
3.3241215
1.7808371
6.5632916
1.4313046
1.1862395
2.0128750
3.7879211
5.0711703
4.8801192
4.3306947
3.0789216
1.4333108
2.3728787
2.0505773
1.9254762
3.4737235
5.3214701
2.8680753
4.0524666
1.4793808
5.1920302
4.4282836
4.0684452
2.4092948
7.5220121
0.8498243
2.3157702
1.8994779
2.8771330
2.1932766
3.7548649
3.7689095
1.4033890
3.5370337
1.6842956
1.5697846
1.8953915
3.2623986
1.2021025
2.0793441
1.2499245
9.7567055
4.2266656
6.0772905
2.6095362
1.0409482
2.0107925
3.4535196
1.5658519
1.1801631
1.3564921
2.5642981
2.0101228
2.8631589
3.6221835
3.0081620
4.7918035
4.1562414
1.9759818
2.7462956
2.0232348
3.6579943
5.8082643
4.9080354
4.4167274
2.0872312
3.9055934
7.1113976
1.9954548
2.2134641
4.8960706
5.1442407
4.5343453
2.4479906
4.7541263
1.3834001
5.7097538
6.3781966
3.1447206
2.9367827
2.1111068
4.0166456
4.9720494
5.7707209
3.3811431
2.6504768
4.4791212
5.1278622
2.8398721
2.7580249
6.5798814
3.9982232
4.0924925
4.9499188
4.2545866
3.0342173
1.7588185
2.1514593
3.0834455
5.3915644
8.1134212
3.0668859
11.7007908
2.5985286
5.3790249
3.4926497
1.1392729
1.4577520
5.0160712
4.1489892
2.5166428
4.3533944
4.1402361
6.7770496
9.2044667
4.8190379
6.6442784
3.1324043
4.7084021
1.9128082
2.3664024
1.1386362
2.8516763
4.7095867
3.3713528
2.4491036
6.1785861
1.7963836
1.4498358
1.6682758
2.5800186
2.7070026
3.8189465
6.8155316
3.8444014
2.8388585
2.2272246
1.0341874
4.4676576
2.1015923
2.9633327
1.3010757
4.4611203
1.4039104
4.6774367
1.5222518
2.9470606
3.1347436
3.9030055
3.1634136
2.6985005
0.6318538
5.0182735
0.6696670
9.4518995
6.2782252
2.7597503
5.9829602
1.9989964
2.2605034
4.1943985
13.2258654
1.4671921
1.0895788
4.1557426
108.9663452
5.8289935
3.2923594
2.8853295
2.6677117
9.9796867
1.3413580
2.9306411
5.8678870
1.3705607
1.2938723
2.1491959
5.1061734
3.1779666
3.2674424
16.1478580
2.2226991
5.1431381
2.7693567
1.4508885
3.9237842
2.1059907
1.8326025
3.6545341
3.4777149
1.9483297
5.4510614
2.4510524
3.8117231
9.9427160
3.6973170
20.5001305
3.2607453
4.2628322
2.3857986
12.0228777
5.5529308
3.1101804
4.2406756
5.7106396
7.0786249
6.5379397
2.9144623
6.6019747
5.3321327
7.6200511
17.0646715
7.5236083
3.6761337
4.8049207
5.7681947
5.4209266
7.9111675
4.1474992
1.3153155
3.8871931
4.4631733
2.5758435
7.0740543
6.8544916
5.0175075
4.2267542
3.1950593
7.2415308
1.9412770
1.6444105
2.4296627
3.4300043
3.7100971
2.4342450
7.2317182
6.5971484
6.4738577
2.1191881
0.8653338
5.1694754
2.9626199
4.4894972
3.9649673
5.6004596
4.1678413
1.9425124
4.2017378
5.2904055
1.0360063
3.0302843
1.6332719
2.5219209
1.9126251
2.0752334
2.0119211
1.5697938
3.2263093
2.8132415
5.1843755
3.3034605
3.3696109
4.4967619
0.9508119
1.0995077
5.6370749
5.4569063
2.9132744
2.0938208
1.8611666
2.8713496
1.9761789
3.7074592
2.8642599
8.8102809
1.4558441
1.0142958
3.5391710
6.4222850
2.3739730
1.5245483
3.8398714
1.8483706
1.0035460
3.9584826
2.4044936
2.8514820
3.9283328
1.1010676
1.1520965
4.5989999
0.9164126
1.3257394
2.6167966
4.4641339
0.7931661
1.0558961
1.6507258
2.4394031
1.3285573
1.5375688
1.4460078
2.3738189
0.7602520
1.0788788
0.6905350
2.8061683
4.2085673
6.6231161
4.3110038
0.7581890
1.3616202
1.3894007
0.7676060
0.8182269
3.5120181
1.7024663
2.6515024
1.7617535
1.9409587
2.6638805
5.5239848
2.8360656
0.9543920
2.8062869
2.3012226
1.4137956
1.7938034
0.8320850
4.9813272
3.1896334
3.5610386
3.8088182
2.7439952
3.3882970
2.9909996
2.3946893
2.7454435
5.1792266
4.4564343
2.9726189
2.4921367
2.1316062
2.4131770
1.7193412
3.4768774
2.7984212
3.2873476
1.4885567
5.3886875
2.7086528
2.3086726
3.1676821
3.1873440
1.3451126
4.1601921
3.1713848
2.3021418
3.7226292
5.4807974
6.3298575
5.5332177
3.2003998
4.7574465
5.7379159
3.4542224
4.8604492
3.8955186
4.2834783
2.6131386
3.0978723
6.6893334
7.3624841
4.7436238
2.4844339
3.1496880
5.3652867
3.8354551
3.7110205
3.3921953
3.2476856
2.3081412
4.0662579
3.4824237
4.8147807
3.0441125
3.0879732
5.5432050
4.0581960
3.3026962
2.0666985
5.1689409
6.0005521
4.2819841
4.1763705
6.0325040
3.0245963
2.1941284
3.9632371
3.6440949
3.4561327
3.0303646
3.4567800
3.8736809
4.4349379
2.8940897
3.4621285
2.3386443
2.1522202
2.9835084
4.5831498
3.3542783
2.0874881
3.3819274
3.7069973
3.9699134
3.7957500
2.1550132
29.1424070
2.0604219
2.0797943
19.9494969
4.4409031
3.2584116
3.1983353
6.7314199
2.3335591
2.6882058
1.7860307
3.0878443
2.9579397
2.8828529
2.2475674
3.0275182
3.5716901
2.8069196
1.9186557
3.3992050
2.8641098
2.3545930
3.9458187
4.4594626
2.7245866
2.5455399
3.0527617
2.5345711
3.5124501
2.5270147
3.0453850
3.2476950
3.0929205
5.0022104
3.2140073
3.9440486
3.4289935
2.8316555
3.2808205
3.7331540
3.0344346
2.6726803
5.0590756
7.1935714
4.3958274
3.2468473
10.4264404
4.9704118
3.8806284
6.0801020
3.4374213
3.1141079
4.6352520
4.4466602
3.6539800
4.5801150
3.8066131
4.8561193
3.1796007
4.1835121
6.3795183
5.9699265
2.5640578
2.6656876
2.9216440
5.2731473
2.5794849
2.9315882
2.1488959
2.3419305
2.9406348
3.1152804
8.0489556
3.4744927
2.4475235
3.3855085
4.6766479
4.0298380
4.5561534
1.8007799
3.4618015
3.5097660
3.1346689
3.1246424
4.3846861
2.2874182
2.1734083
2.8921713
2.1770455
2.3736666
5.1136812
2.6917119
2.1411852
2.3464045
2.2918428
3.1379732
1.8640172
3.9433551
3.2423269
2.5594690
3.7869761
3.0105314
4.7099103
3.6176413
6.2050509
4.4843013
2.5668584
2.6405506
2.7307981
3.6573454
3.2741466
3.2249843
3.6182989
3.4915633
3.8287992
3.7811154
2.8935359
3.3839580
2.7174994
2.9541876
2.2245698
3.8944596
4.1257571
6.8255569
2.9423719
3.5842905
3.7946098
5.1759778
3.7432413
3.1033284
3.0019357
3.6044665
3.7362937
4.3859182
3.5902848
7.0093251
3.1636850
3.3154729
3.2422325
3.5358889
3.9959751
2.4719503
3.5890020
3.0117384
5.1060498
4.5996820
4.4012257
4.8805362
3.7442300
5.9331042
4.5106382
3.2754497
4.7399157
2.9584926
3.3012527
3.1596897
4.7653892
3.9384416
3.4956378
3.3582809
3.6994361
3.0533411
4.1421439
5.3084778
7.7217298
4.4663545
3.2122769
4.2545114
3.0996525
4.1200363
5.6710364
6.4031682
3.5306708
3.4544112
3.8857034
3.3101120
3.8937051
3.1385173
3.6782086
2.9673811
4.8367840
4.5798277
4.7870235
5.3224500
3.8813431
3.9894007
3.8583863
4.7079185
5.2751953
3.8211151
3.4406563
4.8349586
3.8469667
3.2638264
3.6455374
5.4908871
3.5105164
4.5555697
3.4141234
4.0620724
4.2878400
6.5108156
4.7302371
4.6355732
7.8004389
4.8569119
4.9869659
3.2061362
4.5954439
4.8584600
3.6703771
3.4546824
3.5540128
4.4474421
4.6063403
4.8014942
3.4192075
5.4512375
3.2559536
3.5268003
4.5916095
4.3928253
3.8889523
3.8228497
3.5768399
3.6657058
2.0088262
3.7279961
9.4615314
4.0072761
4.3127897
4.0181918
6.9773877
4.0357807
3.8419887
4.7833562
7.9013722
7.3052083
6.3111718
3.8411076
4.2052601
6.9597542
4.7953555
5.9455111
11.9776005
5.1000274
5.5903289
5.2513901
3.4092804
5.9586533
3.8947474
6.1820079
4.6578346
11.8094508
4.6742645
5.8914461
9.6551801
3.5888898
4.7406874
4.4118772
8.6152952
5.9616437
10.0043193
4.1532529
4.0440779
5.8502615
3.9066811
3.8875182
6.9599267
9.6829829
3.8950748
7.4661942
4.4378863
3.9851162
8.4338351
3.5537619
15.6316744
3.5140367
9.0710139
4.6073123
4.4632711
6.4312138
4.7755662
3.5546922
4.1009168
6.1594427
4.1076554
10.9452678
11.0429423
3.1389649
5.3910947
5.3089475
3.3834853
4.7874741
3.8663375
4.6955354
12.6524428
3.2814105
16.6277156
10.9656919
8.8707512
4.4699877
3.2595684
4.7349329
8.8245311
5.0793934
10.2822041
11.0216941
8.0641558
4.3738685
3.7790465
8.7494333
9.1105501
4.4707428
4.1645148
3.8825407
3.9542013
3.3657273
2.8764597
5.3236271
2.3500567
3.1262062
4.1692045
4.0932495
1.1114709
2.4336950
2.3703674
4.5188614
4.1630290
3.5793668
3.8896898
4.0324948
3.3843645
2.7795387
6.0073684
3.6499241
6.2823553
4.2729173
3.3354106
1.4492350
3.6901021
2.9766601
7.6709582
8.8158675
3.8179324
5.5601228
20.9248490
26.6008154
6.0179851
3.1903390
8.7737169
7.5653035
2.5533723
11.6471996
2.2491548
15.2422013
9.1894481
7.7360787
4.8566308
3.0906753
1.7557005
13.8899694
8.8565708
9.3034796
4.7546657
9.9642283
20.8868244
13.2367131
18.0730338
7.9279902
17.7628423
9.6290251
11.3650988
9.4725974
6.2609361
5.1163326
1.5023215
6.4933912
7.1468114
1.2373915
5.9293133
5.0577200
3.6871002
2.7219508
4.8199877
7.4202782
2.9975937
4.0559890
1.3255806
2.1908310
6.0982139
1.6257693
6.6215583
7.6371293
0.9230646
7.5096705
3.1846233
3.8533784
8.4598234
1.5773343
2.8149359
5.2584156
2.4747092
4.0203155
1.4745239
1.2165214
3.2870690
8.4334890
1.9342774
6.2017025
2.8063527
4.5427649
2.6385737
2.4774233
4.0358520
3.1271010
2.2836878
3.9105925
2.6864022
4.3749549
7.1201878
3.8062475
6.1255168
5.7922170
3.8111174
5.1604039
6.6901855
1.5139260
6.1502478
1.2865468
8.9758433
6.3986687
10.4818281
12.7929069
1.9817676
2.5039145
5.9191677
2.4409166
4.9435531
3.7625359
4.1888805
3.9885474
4.6315458
11.0269646
3.9345768
7.0400759
5.0957029
4.2876455
3.7924701
8.8146964
3.9292067
4.3681039
8.0017147
3.7660787
4.0287143
6.5983487
3.8601779
10.5556920
4.1362869
9.2916402
4.0560083
9.2273300
6.8065935
9.7893272
5.5929412
9.2933621
7.9013411
4.8576876
7.3023766
10.7017397
6.8681868
6.1645329
4.7965564
16.9585366
12.4820420
9.6043693
8.0985809
7.3736365
4.1721591
6.9548090
5.2913742
7.5386742
9.5365753
9.0723587
3.7828726
11.3004024
11.6600689
10.6103746
9.7578164
9.5953156
6.4187256
11.8308221
12.7972142
3.6495555
7.8759068
16.2577838
7.6666326
8.1084090
5.0497064
8.1986602
7.1134807
3.0345758
1.6908593
7.5716380
7.7391503
8.7073856
4.7864955
3.7398449
10.8403507
5.2590320
4.2527771
1.5864694
3.9785071
4.3923304
15.2150450
7.7361760
10.0794194
3.8291857
6.1245920
14.2844456
5.6385990
3.5070863
6.0994098
4.5297323
3.1415012
5.0108594
5.3658083
13.7688304
8.7424514
6.4804151
13.3116863
3.8986323
8.7208113
5.2128973
7.3680070
3.9250423
11.2449103
7.0256580
6.7793054
5.8040443
6.7144183
10.2270534
4.1646027
13.7284896
10.3703707
4.1987264
2.4460926
5.7206932
8.3852742
10.1840413
22.0898513
14.7281274
14.0348794
10.1112236
3.2703784
10.6289587
14.5453575
12.7311981
8.0351641
3.9154333
13.4051383
3.8330883
14.0159579
3.3154940
5.0413258
15.0896150
14.7848917
9.2737469
7.1492534
15.2024812
14.2219923
13.1366169
9.8229877
16.4231211
6.6657620
11.8367298
14.3495815
10.0031267
3.8669658
4.3248315
15.6291722
15.1779806
7.4306125
14.7294635
17.0433023
10.3255377
3.8441898
3.1562481
3.7217536
9.1853449
11.9767129
15.8481595
5.2331660
20.7722348
26.3877119
14.3210633
25.1887776
12.7308138
17.8427724
15.0776965
12.0977730
10.8929575
11.9780953
1.0934150
4.0189008
19.8709102
18.0820208
15.4139767
4.5690041
8.9366091
10.6439106
7.5037353
14.6004917
17.1039713
17.8178219
11.3777705
7.4756612
9.1610453
14.8805428
32.3208344
15.4302463
9.6743960
10.7214277
20.1260643
14.1327900
7.6749782
19.3491707
19.4026399
17.1018448
15.6612557
13.8307017
19.9215739
11.9255604
24.5569989
18.2188657
17.6112977
19.4951634
15.3577704
26.9709142
19.1060761
30.1591214
18.1859964
14.9311410
27.7812020
21.5703588
6.5081489
20.5205902
38.3538598
41.4080420
21.1594374
16.0082948
13.4475605
23.9818391
19.5785613
23.3008177
12.0377981
19.5680254
19.0675491
23.5603073
19.5025307
15.1586021
15.6245648
8.9622335
15.4258123
19.4120262
20.4114991
15.2928382
21.9733441
31.8476542
26.8222847
40.2839529
15.8025049
11.8256550
14.0100477
28.2079026
15.2997824
21.4968162
6.7296149
12.7319439
16.4110909
15.7688992
7.5079598
4.6014761
22.7834678
9.4216296
10.4566055
17.9624347
16.1482488
10.5490194
29.9472965
8.0410189
11.8034182
10.0264615
8.7631545
7.4521924
9.3368831
12.3506384
3.0508875
14.3926822
5.1348731
4.3139941
13.3330146
11.0814098
17.9907108
14.9523862
13.3533710
9.0119430
9.7280694
19.1610472
13.8677026
4.5064294
4.4434745
7.0822927
12.3258864
5.5340635
1.9943364
1.2750605
7.9519701
2.3177931
2.0319649
7.2699918
1.9106439
7.5647269
1.9994717
6.1363024
2.6158761
1.9715879
2.6509464
5.8435260
1.3819736
6.8267806
6.9857871
6.6026965
1.7084805
3.7730762
12.2760904
5.8724099
6.8216211
7.8036723
3.3666808
3.9538818
1.4761821
4.6934698
1.7961655
3.2774352
7.8046925
5.3264868
5.0512827
8.1544459
4.8408118
4.4979147
3.8352499
7.2130450
8.7067352
8.7364824
9.8896760
13.4192761
10.2346162
13.0659040
14.3766949
9.5175284
7.9853942
5.7398767
5.1022441
3.6504940
36.3146298
8.7407428
9.4116751
5.0819268
3.1825932
11.4624685
1.9996323
10.4571657
29.8414542
4.4587541
11.3219475
24.2339102
32.9016170
3.8126655
11.3604722
14.5737149
30.1045223
3.3900238
18.3324217
2.2718305
2.5888695
6.2033565
1.9189102
4.3943621
2.9276309
5.3614429
12.4794492
35.7575103
5.6247449
4.7310067
3.8561292
23.4404175
3.9663131
26.1447059
3.1580001
3.5331215
7.9478563
6.4132914
8.2252392
34.1740342
24.1403230
3.1994428
14.0953181
35.8487022
11.7534556
9.2965972
10.9815854
11.2393160
6.6425713
15.4062660
36.1855512
23.2133888
10.9963424
9.1303744
62.3682272
17.9393249
8.3650182
24.1205714
26.3975863
15.9700080
49.0929478
23.2026073
45.3728448
22.1907512
56.4850731
67.0437875
95.4677839
23.6766242
34.7056264
33.8740101
10.0807106
60.2060228
19.5800684
7.0686486
7.7342996
13.3962670
19.9083162
6.7961143
6.0174263
17.5530836
8.6408647
40.5213657
16.9179221
20.4853517
13.5190768
12.7394013
22.9856510
79.8245556
16.1456081
21.0452682
19.7351614
77.9510095
42.9291762
53.6875375
50.3739285
25.9416290
22.2645123
30.7394744
20.1833631
48.5548246
86.5995555
40.4407226
42.8381895
16.7228741
8.6471821
32.0635909
52.6079807
60.3373570
16.2053154
22.9775030
20.2130200
100.6125937
13.0971993
26.6999246
24.3970119
25.2272170
19.5614346
19.4537847
21.8880621
17.7639677
34.5548103
24.5167788
17.9910876
14.9156826
31.5345207
19.7775282
20.4331422
21.3565149
16.4079996
21.0302219
19.8217299
45.3274952
56.9096125
59.0174269
26.5328955
15.6582948
20.4736663
21.9876031
37.8391286
35.6893616
23.5248911
19.6628230
14.0129532
21.6105620
20.4398374
11.9021888
28.1710094
20.6221372
21.4256396
20.8682425
18.1381004
19.1573076
20.4168538
18.8096082
24.2301696
24.1346902
54.8099864
19.5110326
27.6831530
21.8330849
25.0392382
27.5336051
24.6552232
18.5437664
11.4905565
2.5320197
9.0593147
10.8638249
9.1724397
9.1764357
24.3352899
8.7321648
36.4495886
9.0945298
10.8935360
6.2987900
3.2916022
6.6505739
13.3380651
7.8101684
4.0868662
3.5280666
2.3994031
3.1770499
5.2122371
3.1166049
5.4862893
6.7273172
5.0814298
2.1459536
3.7278771
9.8166736
8.6850199
7.0600231
2.5257921
4.3658662
6.7278584
1.2179284
5.1589489
1.5618198
4.8020690
5.6913268
3.5258460
4.1122279
3.4805536
5.5901544
7.1218401
2.1424440
3.5315633
3.4213069
2.5305269
6.1097220
2.7801048
7.8642734
5.0222664
4.5298594
6.3848030
2.6105683
1.1008200
2.7849328
7.4726208
0.4678794
1.6878425
4.1607049
4.8037470
2.8076563
1.5972705
4.8056567
3.1166537
1.4270616
5.4548465
0.7569520
5.2828610
8.0793833
7.1121396
4.2544499
6.0670513
6.3836633
5.2499540
11.0689969
11.2569559
9.8428446
4.9038979
12.8894555
13.7814663
12.7136446
14.9477237
7.3514569
6.8123477
0.8584908
12.8875192
9.3671417
6.6446766
3.9154068
4.9892324
10.9196881
4.3956134
8.6110565
7.2396518
6.7686997
3.1971841
8.9362548
5.0544174
2.3131435
8.8345686
2.1284671
2.9117649
4.5777103
2.7692799
2.4915470
4.2062004
3.2909973
9.3421475
7.6498623
16.0206633
3.9319869
2.4821821
4.6221229
1.8850434
3.4389939
12.4538493
2.5124532
1.9255914
11.3956367
3.0554696
7.6121257
5.4436436
4.6025588
3.3045978
1.7816721
4.9667809
3.2313740
2.4398745
7.6035929
9.3230825
7.0530150
18.2646493
4.2440008
12.1943337
7.0891565
13.5673103
9.1255464
8.2393575
15.3342426
24.2634321
10.6652433
16.7806522
16.2682271
2.7595643
16.3983659
55.1920777
17.9359898
13.6970964
19.0954559
23.2269128
15.7404334
20.2387385
11.6138668
16.2995836
15.3894709
16.3653490
14.0162006
21.8357391
25.2757936
27.1543446
16.8811945
12.4723501
19.6411468
17.7010427
21.9139971
27.6057145
14.7733839
22.3161468
21.5422504
20.0593390
29.5343491
50.1481917
22.4338620
22.2608138
23.3055527
26.1692211
38.8964338
21.4320187
14.3297500
21.6640612
27.0591322
10.8521094
15.8963330
21.9066782
22.8874181
19.2358488
23.6776021
23.4380868
41.7079487
19.7164772
20.4830653
24.2940820
10.9936466
16.5682713
17.4075329
19.4073867
12.3354939
24.1766620
18.7973354
17.2293322
10.4815851
9.7612136
13.8231258
5.2179928
7.8477949
8.7161615
16.4608201
2.4850071
4.6029421
6.9603070
6.2999971
4.2384142
4.6457182
6.6104721
10.7470426
19.3702635
3.4137004
6.0726586
1.7718279
4.0425719
7.5491191
5.2191996
6.4575132
5.2091415
2.7704815
5.2302611
5.7737696
5.2694996
4.7563276
6.1639951
4.0132914
9.1386419
4.8945628
7.9646216
6.9658926
10.5366484
10.1391931
4.6326423
2.7700367
3.6893032
2.6686616
4.5113946
2.6635201
4.1340004
1.9052804
8.2893756
2.4029459
6.8938571
3.4039360
2.5132135
3.9247113
2.8194306
2.9168461
4.7864198
1.7313935
4.8204975
3.4920784
1.5486639
2.7202157
1.5806698
3.5535325
2.2689027
2.5931782
4.6534350
4.4086125
1.6797874
1.7225828
1.6466746
1.4076002
1.5764674
1.4780913
1.3629314
1.8541939
1.4105105
1.4774570
2.0231323
2.0237725
1.9647810
1.9859930
2.5377803
2.7249632
2.0462894
3.5468941
3.1263477
4.3050857
3.2756327
3.8880998
2.7009878
1.6758126
2.5868856
2.6202561
3.9835666
2.5803858
1.9341258
3.1625404
4.7953616
2.2463823
6.6506169
1.2792549
5.5411302
5.1402375
2.1904551
5.2276906
6.1431161
4.6729832
2.8771765
3.5664875
2.3517062
2.6686675
1.8315811
3.0967533
3.6326960
1.7649703
4.6385394
3.3053522
6.0387759
8.1060269
6.1339787
4.1979319
3.6724407
2.6894035
4.5497281
6.1198206
3.9025539
4.9370109
4.1842812
6.2782092
4.6923986
1.2658048
3.4908351
5.3012814
1.7161523
1.1871901
2.6232929
2.0968931
2.6237233
5.4292572
4.2902213
2.2838261
3.7643318
4.9050897
2.4670105
5.5035687
3.4998166
2.4946884
5.9532423
3.8680323
5.3933961
4.4293113
3.3252664
4.8003465
4.8274204
4.5853304
6.1032812
5.3009846
5.7691905
5.2631460
5.3535057
3.4016133
2.2282136
5.3969930
5.8694066
30.6243857
4.1676160
1.7385332
4.0084482
2.2290102
2.3362678
2.4344117
2.8613275
2.9850362
2.7757007
6.7460466
7.0060265
9.0874830
5.7918595
3.8230486
2.7291381
4.8168727
11.3299348
36.2715599
2.8206399
15.1393081
4.5890713
4.5548796
5.7426871
3.3641004
4.3992756
4.1427595
6.7640439
3.1381146
4.3792993
5.6032330
8.5311822
4.4668873
21.7917661
3.4007267
6.2823727
4.0050748
15.5978067
8.5518505
6.7435612
3.8363294
4.3147837
4.3018023
6.2646931
5.0727427
4.2640000
15.7661992
2.2101809
3.1932328
3.3206937
6.4302580
6.3780776
6.0981098
7.8696703
4.5339991
5.0886158
4.4670229
4.4610902
7.9099589
6.1553097
4.6493293
4.4782046
5.0421291
3.7230888
4.3641340
4.7809202
4.5698216
4.8453115
8.0577144
4.5480843
4.2605923
4.3233593
4.5286738
4.5319970
20.2765724
6.5248675
4.4547474
4.2244389
4.6304033
4.3458253
4.1965587
3.6541332
4.4366874
4.8738195
3.7130829
5.1585731
4.7636131
4.7388504
3.6353541
4.7511362
4.3659388
5.0207723
4.6715427
5.0960012
4.0871547
4.6393317
4.8236561
5.1512358
4.7994421
4.2266864
4.2196866
7.6676987
9.5573864
4.1637960
5.3724027
5.4931219
5.7777159
5.8172318
5.0587482
6.0667932
5.0237891
7.4068972
5.6174991
7.9524799
13.2812393
8.6843643
7.6152764
7.0804827
6.2962624
7.4412291
7.0225460
6.9651501
8.6149931
6.0632512
6.8386361
5.9202652
5.8079955
10.3538190
9.4400966
8.3609948
7.0082522
8.3949300
9.8901708
8.7546367
8.6910736
9.2022031
7.7484590
7.7238583
9.4043301
7.3491946
8.3843986
8.6388378
9.4313106
10.4403949
8.9954210
9.5903037
7.9129829
7.5537600
7.9306486
8.2831265
10.8995484
8.1768581
9.1333907
6.9156935
8.6313351
4.9447332
8.0345517
8.0013662
8.4483035
9.9615517
9.0530093
8.5763132
7.8902013
7.6074972
12.0039217
8.2053307
9.3085738
9.1331633
9.4080913
11.8967823
10.0971873
8.5834871
9.6732891
9.2004938
8.0920255
22.4436229
8.3491273
11.1620884
8.3284170
8.5378875
11.4134579
10.6564375
8.6917051
8.0199610
14.8995989
10.4273614
7.8423089
19.4147009
6.8487873
8.4670318
8.9159077
9.3797062
8.7371069
6.9799598
7.9341336
8.6222120
9.3165750
7.5311441
8.7235118
9.9250128
9.0115250
7.0058002
9.3223491
7.9313773
11.5864455
16.3160391
5.4272948
7.1047496
8.2288617
6.1134851
8.1024581
9.0459712
10.5985979
6.7609078
10.0463032
10.4777180
6.9288486
6.8722503
9.7051911
6.6335912
7.3956777
8.2839899
9.8300686
9.1781643
6.7240871
8.9497818
6.5617846
7.8702272
7.7124879
7.4169928
10.7864982
9.4513433
7.5993419
9.1839588
9.4072565
7.6884035
7.7769812
8.1549703
8.0712933
10.3612212
7.4533413
7.4424971
8.0967653
9.4464431
6.5615264
9.2218623
7.6927704
9.2922405
8.0207103
7.7713035
7.6995596
6.6480177
8.7095064
8.6524563
11.4813854
8.3789507
7.9608002
8.4966343
8.5191473
7.2107626
7.6806525
7.8658068
7.5253937
6.2949161
6.5135512
8.4907610
9.1485037
7.7233670
6.3559807
8.0603170
6.6876179
8.6573499
9.2264963
5.7933164
7.9470406
10.3153556
5.3944773
8.4009717
7.2011830
6.6759021
8.1387907
8.6290321
7.0836963
10.8898492
12.0332311
7.6648768
8.5710585
9.6650606
6.9247633
6.1298584
6.3513494
10.4325341
8.0613236
7.7502089
8.6256226
6.5379412
7.2280274
9.0848411
8.6863691
9.7132602
10.1211803
7.3443616
6.9569732
7.7732504
6.0210741
7.9944974
10.4068133
7.8294089
5.5690587
8.8721001
6.0026871
8.6370194
11.3464676
9.1617764
6.7415691
8.0582112
9.3721941
8.7769352
14.5710308
8.3440866
6.8228309
7.3016096
6.2561247
8.2196357
9.5290593
8.6754394
6.8057365
8.6101912
8.5328150
9.7635461
6.3229165
5.6496150
9.1214647
10.3857146
6.9283392
6.5409815
9.6336826
7.7094943
7.3095807
8.3975972
6.8591055
9.1457985
9.4276196
6.8525501
8.1639324
11.0351922
6.9438615
8.4651674
7.3355918
8.1863780
8.0536770
11.8161616
7.0511032
9.6590784
5.7855954
6.7058589
7.9240765
8.5276467
8.2911649
6.9677792
8.0783468
7.0148531
7.8956820
7.2644588
6.4138825
7.7834037
10.0942285
7.2086770
8.7347311
9.7043899
6.0815210
5.2742146
8.3089094
9.9257069
5.6683670
8.9921987
9.9892660
10.9690978
6.5767441
7.6512064
8.9320076
8.4079127
9.1392629
7.3998740
10.2655192
7.9927889
6.2775144
6.1812785
8.2803376
5.6948199
7.1464351
8.1757198
8.3627334
6.0107334
6.8395125
9.3984809
7.3330496
13.7492076
6.9920479
8.3615794
7.8956885
8.0297218
5.9251017
7.2716886
7.7091741
6.7153185
9.5100491
6.3281157
9.6972017
10.8425539
8.1696375
6.0875710
8.1626708
7.5340359
7.6120230
9.7658681
7.9897643
10.4070039
7.3787966
9.1305801
8.3496164
9.4131695
10.7582328
7.1705492
8.5462884
9.5751985
7.1981297
6.5259434
13.1956003
6.4460742
7.7844294
6.4557606
6.3645688
6.3172262
10.1089809
7.4719962
7.4970367
10.2184076
7.5529879
9.6384024
7.5089645
5.0483816
14.8243459
8.9404037
6.8897404
6.8523142
8.2303907
9.9753134
8.1797604
9.3172886
9.2298183
9.0787347
8.6772457
13.0126125
7.4907254
9.2611117
7.9164076
10.2747629
7.5501924
7.4398034
11.0605842
7.9333512
9.3510618
7.0504093
7.9041997
7.1353589
7.4260910
7.6519355
9.1095003
8.5159068
8.8077570
6.6833202
6.9898533
7.9446417
9.2061889
6.0244785
6.6110651
6.7184774
5.9221698
9.6906613
9.0377209
9.6864577
8.3057964
9.2333106
8.2338342
8.3335723
8.1498906
7.2126525
7.7910467
9.8694012
9.4463843
10.4490674
8.0270758
8.6354536
8.3535040
8.6940938
8.4555850
7.7417249
9.0533372
6.0451850
10.6617285
7.2040322
9.5291260
8.5622287
6.9204834
9.4697785
8.3997662
8.9218646
8.8368520
7.0923172
6.9063036
10.2325220
8.5779539
8.5777013
11.8943427
9.0113885
7.7284642
8.1589481
9.7565667
9.9625224
9.0673582
8.0663020
9.9627557
8.9804446
11.2745773
9.8449071
10.9129508
7.0199278
6.9751026
6.4726741
11.5744368
11.5285879
6.9866284
20.1859439
10.6950634
11.2631796
11.8533085
5.9912130
7.9364244
8.0265655
7.9557978
7.8577844
10.1265276
6.3050092
10.0923947
8.6905399
8.6385255
6.5621367
7.4981282
8.3221818
6.0536865
6.2769988
8.5788933
7.2120610
6.8635257
7.0436915
6.2867652
7.7803214
8.3610774
6.6533558
6.3454591
6.2328140
6.5493350
6.6835914
6.4565598
8.3937494
6.1872799
6.3249282
6.4478350
7.3892573
6.3124470
6.7617937
5.8824158
4.4910152
6.9947075
6.5815304
6.9095530
6.5798348
8.5894638
7.6144769
6.7722520
7.6763517
6.1430606
6.4428708
7.1664207
5.7696343
6.7741659
6.2570287
3.6366353
6.2927224
5.7218425
3.6327698
6.2547365
4.4186982
4.2320022
5.5536458
5.6757039
7.9558666
7.3208736
5.6545230
4.5098938
4.8042143
6.6227984
8.1110931
6.1686610
7.6966027
8.0906579
5.7490934
6.0060257
5.9499002
8.2064366
5.7099986
4.8874615
6.9178220
8.0173763
4.3709924
6.2409954
8.3586220
6.2932637
5.1408460
6.6379875
3.9729390
5.8064532
6.1840238
5.4027828
5.2109880
3.7957625
6.5967205
5.9356850
6.9173783
6.7896396
5.4856904
6.1351039
6.4130117
3.6374889
3.6415006
3.3927921
4.7257673
5.3292409
3.3571291
4.1631063
8.0323214
6.0703856
7.2298578
5.8309094
6.8203115
4.3158431
6.9468771
3.7551167
4.7388118
2.8813917
3.6441768
6.7450024
4.0675468
6.6037362
3.6601623
3.4384887
2.5174150
3.4069882
3.9225601
4.1917037
10.3783325
3.1662373
3.5126592
4.1087368
6.5740027
3.5994328
3.8623160
6.5007755
5.5602451
4.8739257
4.2063050
5.8847884
5.4796758
4.2245716
5.8484923
4.4666271
2.9674621
5.1676281
4.7129166
2.8069439
3.0856563
4.9110602
5.0488625
3.8511911
5.4101422
5.0106371
5.3488363
4.4016586
4.8251613
4.3353169
6.0773707
5.5004148
5.4675761
2.7210941
7.8906095
4.2875923
3.9197143
2.9285038
4.9643947
5.2470864
3.1396633
7.9138338
5.8547224
4.2484694
8.8786111
5.2682765
6.2729158
5.5036861
2.3409286
4.6504236
5.8892099
8.9368721
9.4955615
5.9724926
10.2269430
9.1978087
2.3728105
10.7386878
8.0340411
7.9754217
9.4386727
8.9716557
8.6502844
6.6150055
10.0736118
8.9738813
9.4650361
7.8558222
5.6233030
10.3068631
9.3208376
9.9822518
8.4054066
8.1151097
6.5485499
9.3201714
7.3263818
6.0941969
3.9641851
7.6895817
4.9932988
9.7333276
10.6028386
5.9263542
4.6065442
4.7278597
6.3048752
8.6634834
9.7797196
5.8785391
5.6474396
9.6124081
7.0114156
11.5855311
8.5101400
11.9371370
8.7008515
11.0618510
8.0709774
9.0344767
11.5956843
2.9573456
11.3706804
9.5013924
8.5314197
9.5375980
15.3442675
6.8695993
13.6677704
15.8073057
10.1097893
6.0774139
7.2233009
3.0233009
7.8311108
8.0936701
4.4444717
5.0370604
6.4661222
6.2780723
6.6682446
5.5223527
5.3763561
2.7475713
4.2606897
3.9808288
6.1649155
2.7432834
3.8969597
4.9379968
8.7972217
4.5765762
5.2101383
4.7577022
3.5853970
2.5299921
10.6915809
6.9339434
7.1523400
8.9426468
7.7382634
11.5530483
7.6586831
10.7239348
3.9520836
6.1080140
9.1071217
7.7336800
7.3864597
5.3576179
5.7045260
7.2520188
10.9589755
4.7982115
4.7477975
3.3043148
4.9594049
5.1078679
4.6337530
4.4261059
3.3235733
5.0517854
3.5282980
3.0029373
5.7009784
4.1629427
3.8742927
4.7164831
6.3700344
4.4011121
5.7909747
3.1104256
3.3584335
3.5097426
2.4998189
2.9536571
4.4645774
5.3103088
3.0581638
4.2120327
5.3527456
6.9816116
5.7174009
5.4484480
3.9863974
4.7456992
6.4735482
5.1329687
6.8157699
8.2937252
5.3123729
5.6530282
7.2800734
5.5906561
5.4692576
6.5540539
5.2511994
5.6309654
5.5620400
7.2654929
6.2341379
5.5390971
6.2256260
8.3817663
5.7768043
5.3538261
5.7910306
5.6627681
6.0839495
4.8026611
6.8082603
5.2630071
8.8608369
5.5677612
5.4436304
6.3933604
6.1468178
5.3724696
6.2845624
5.4201003
6.6530163
5.0143070
5.6237775
5.5386192
6.1022131
5.3666619
5.6560532
6.0722473
5.6561134
8.2640309
4.8749908
5.1425072
5.0276151
5.5420509
5.2619077
6.0482742
7.4591642
5.6402384
6.0014508
5.5129117
5.1845542
5.6951659
5.1310954
5.3025547
5.4082476
4.8984654
4.3118207
5.1049621
7.2554736
5.0150398
5.6455039
6.2481345
5.4320049
6.6554663
2.8052557
4.6747692
5.2678978
6.7105604
5.2719348
5.4602804
5.2558082
5.1037805
4.2930992
5.5870035
5.3791893
4.2498441
5.9961753
5.4501725
4.9094798
5.2203775
5.1637386
5.8251715
5.0199460
3.4324810
5.1493153
5.1078041
4.9734884
5.1122525
5.0961699
5.4166743
4.7993021
5.1255313
5.0048218
4.5370999
5.3892767
5.3526581
4.9220595
6.0476536
5.2120530
4.9958272
5.2662991
5.1218671
4.9778160
5.5068375
4.9443158
6.4184047
4.8121565
5.3052240
5.7030026
5.8634461
5.1752347
6.3086664
5.9485495
7.7810989
5.0894127
6.2899781
5.1043604
5.6828060
5.4613489
5.9513071
4.9233127
14.2811063
5.7135795
7.1650064
5.7811004
5.5076941
5.9681240
5.0291398
6.9597722
7.1348312
5.6996554
6.6300266
7.5678095
5.9758405
3.8154553
7.0990567
8.5381351
7.8923047
6.1869103
7.4044296
9.4842275
11.3424650
9.5984419
8.1306505
5.7231649
9.6705746
6.6097885
7.4549807
5.2287579
7.4721447
7.0745222
5.6888546
8.1673861
5.4713542
9.4597715
7.5798988
7.6724848
7.2161372
6.2269087
7.9008580
8.8001505
6.5901541
6.0084482
5.5827838
8.3671392
7.9152337
7.2756463
6.6898108
10.2968749
6.8643030
7.6263998
8.6547367
8.4198462
8.2932629
10.1095372
7.8373089
6.9609871
6.6307307
7.8232078
9.6636170
7.3627743
7.5457062
7.3502812
7.5824445
7.4732783
6.9173278
14.3611872
8.9951368
7.4234354
10.2780890
6.4739446
6.4191185
6.5022619
10.8552633
11.2939603
9.2885155
7.5901493
8.2122791
9.0156145
8.4482801
13.3003868
9.3689300
7.3224643
9.4516943
10.3216885
12.7702535
8.9082897
10.1197577
11.6901011
11.1857015
8.6988495
12.5699318
9.0881456
9.9706163
9.9548234
7.7291167
9.1919467
9.9413967
8.5087073
8.5121809
13.1984468
9.9525331
9.8181813
5.2911446
6.8981150
5.8878077
6.8172383
7.6333949
9.3745669
10.2976252
8.5028287
10.7254124
7.0933847
7.1927104
8.5039389
8.9371524
6.2667656
6.0039764
7.1381680
7.0138211
7.6958798
5.3981391
8.9046344
6.3432638
7.3406323
4.3603443
7.2006874
6.9275985
5.5649439
6.1577078
5.6622934
7.9173475
8.1832256
7.4331217
6.9014451
6.7704966
5.4761645
5.5352782
5.9086170
5.1668302
10.2795361
5.8394712
8.1524886
5.4054667
6.0315579
6.0563168
6.7876473
6.3543096
4.7632180
7.1647032
6.5786756
7.2896435
7.0480482
7.6765236
6.2349095
5.6238154
5.9924540
5.0161643
5.7998105
8.3891075
3.5547176
5.6007129
6.4191724
7.5528558
6.2143287
4.5774142
5.5767557
5.9290198
5.4128510
5.0978095
5.8688030
6.5656859
5.3985696
5.2416230
5.6603139
7.5314659
6.8574354
5.7364111
5.9055177
5.3263447
3.5395095
6.4874147
5.8741822
6.3421311
5.0702407
4.8256376
7.3163225
7.3969375
6.3099194
6.1641398
10.9723003
5.5268048
4.3105539
7.1767244
4.7356142
6.2393116
7.2901624
4.8657076
10.9624296
5.2975215
6.2703192
4.9949458
5.5771949
4.5360014
5.7502752
9.0801655
7.1960282
6.6631453
8.7107393
7.7823942
5.6645738
7.0931442
6.7732542
7.2642209
5.1017470
7.5459005
5.8253356
6.2299690
5.5903577
5.7160568
5.6937302
4.6704640
5.8783157
5.6296985
6.4368498
4.7679755
5.2475710
7.8919437
5.8725364
6.2797567
5.7515580
5.7293965
6.5271267
5.2322897
5.7632213
5.6238407
6.4683480
6.8582704
8.6488748
6.4618617
7.8200610
6.6360078
5.6128362
5.3385843
5.7153943
6.2678444
8.6236836
5.1897847
7.1635635
8.0285808
6.2740094
5.8946828
7.7712146
6.6220814
6.0247848
5.4935571
6.2940598
7.4101301
6.3296041
7.7862217
6.1974999
6.2931868
6.2411888
4.9276453
8.5341360
14.7445335
5.7469568
5.3500674
6.5538921
5.6510958
7.3750309
5.6563184
10.7538027
9.7237795
4.8390036
4.5428358
5.3739879
7.1321165
6.6342579
5.3471308
7.9770353
6.9688795
6.4993995
6.1984615
5.9637316
5.5468731
6.9628655
5.9374416
9.3550600
6.6729399
8.4969808
8.6562985
5.8376118
6.6182810
7.5301752
7.7227712
4.8198773
5.2050573
6.9793982
5.3493837
12.7571518
5.6957040
6.6649816
6.3444692
6.4123515
6.0072311
5.7531850
5.8822964
7.3348308
6.3877963
6.6036129
14.4440366
10.1758923
5.1633499
9.0861830
7.3843692
6.2944785
5.7417108
6.9860841
6.8202892
5.8447786
7.3840695
5.9393791
7.1550843
7.7721884
5.7879650
7.0494127
11.9700624
6.6441062
12.2660766
6.0186947
6.4915399
25.8958529
7.1522647
8.1978213
6.5665687
9.4876029
6.9458456
7.8879102
19.6796551
9.7472216
10.1295530
8.1799851
16.1018361
6.8372357
8.1714661
13.2840467
19.5682887
91.9310859
12.4852619
32.3273088
9.7256297
13.9289796
7.7073918
12.2049728
7.5972469
6.0846631
7.4027280
6.4243899
6.8211353
19.7895700
6.2667557
5.6663808
14.8628962
7.1778752
6.2454077
6.6730633
8.7461801
7.3333415
6.8109756
7.7576231
6.8727605
6.0243196
8.0806798
13.2310638
8.0640293
6.8530369
7.5775095
21.8234845
9.7311536
6.6496718
5.9629947
13.0470133
10.1231436
6.7944665
5.7448409
15.6087760
7.1398785
6.1319306
84.5266187
5.8326189
4.9255349
6.0200471
14.2451993
6.4936786
4.9290255
32.6839142
7.9846271
9.9222374
6.4684008
7.8989291
9.3088768
6.5144710
29.9792135
8.6960644
5.1832534
5.7274542
7.0992612
9.4656250
7.9477206
5.4724920
5.3428364
21.6470075
5.6270922
6.9285083
6.7482316
7.5764589
7.7808686
6.2105050
9.3011027
39.1515354
5.4922321
10.9041537
9.8133961
6.1790570
5.5858456
6.4644873
7.0081879
7.9755328
6.3790974
5.8639873
4.1811554
4.8495884
6.8648851
6.0085193
7.0234268
5.7401858
6.2607077
5.9177996
6.4286980
5.1435706
5.7743554
5.2769267
5.5008801
4.2310553
4.4489700
5.3700612
6.5717144
7.8864706
6.2676898
4.9759994
5.4213507
4.9361446
5.6289438
3.9311192
5.2411842
6.7053502
4.3159264
5.4824749
7.3765719
5.4193915
3.8057211
5.7484089
6.5781309
5.8486086
3.9322858
4.6051796
6.4850630
4.9922611
5.7376187
5.2465935
4.5627119
4.3759956
6.3797215
6.5973394
5.9767578
6.1338867
5.6301079
4.4308424
6.5988809
4.5423046
4.6324878
5.9813990
4.3503480
4.3330131
4.4415376
5.1850636
5.3858152
5.3108072
4.7615740
4.3029119
7.1852337
6.9789812
6.0543776
5.3258773
4.9435270
6.9185645
5.8342711
6.1685651
6.7346440
5.4263773
5.2692104
6.4201155
6.3236206
4.1546163
6.4793003
4.7251897
4.7720517
6.5364230
4.5266778
4.5771109
4.7262404
6.9079755
4.4277636
4.1638788
5.6896931
6.8474739
6.9740060
5.7905602
7.1630192
6.5925997
5.6173995
7.6222013
5.4057448
8.1283249
7.9855038
4.7611017
4.2260223
4.8085371
5.0329781
4.6396251
5.0663593
6.5550287
5.5285603
4.3025607
8.4780030
5.2111486
6.4514863
4.2561089
6.2805844
6.1043776
4.2956877
5.0586707
8.5172437
4.3020850
5.7919479
5.1298914
5.9844024
4.4664341
6.4245111
5.1767590
6.2223258
5.0983045
5.4829061
4.8071622
5.8866395
4.6915385
5.5894774
5.3143537
4.7853301
6.8881638
5.5666466
5.6083561
5.9049045
4.9877507
5.6553918
4.8488084
6.9823231
5.0931201
4.7959762
5.4439439
5.0155485
5.1997432
4.5019532
5.3016774
6.1271500
4.3891943
5.5677981
4.6691432
4.5792657
5.7236886
5.9362587
6.0145938
5.3581561
5.7358362
4.4702482
4.6012144
5.5490136
5.0572875
7.2181057
4.7081362
5.2926619
5.1435846
4.9501879
6.5170107
4.8653372
4.1057162
5.0836840
4.9621311
5.3102962
4.8800511
4.8061985
4.7033116
6.4318379
5.1139309
5.1325683
4.5424428
5.2311222
4.8790304
4.3863123
3.7621038
4.0100344
4.8701627
4.6358248
5.7016312
4.8531585
4.8658244
4.7404703
4.7464254
4.4481086
4.8920032
4.6780019
5.1485863
4.5313974
4.7672628
4.0489102
4.1588023
4.0720615
4.2242560
4.5912547
4.2952406
4.6329118
5.0981406
4.2575116
4.1757319
4.2376535
4.6614707
4.5629712
4.9127597
4.0500062
4.2078749
5.1016859
5.6683084
5.3001491
4.1447652
10.8045204
4.6895385
5.6024074
5.8806679
5.2935081
6.0299013
5.3815929
7.5413449
6.3980279
4.8880359
6.2048660
5.8039456
5.5452661
5.9616502
5.3385108
5.1820212
6.5913348
5.5639639
7.1384587
5.0986004
6.3235522
5.2179604
6.6300639
5.9347765
8.1759849
5.9758404
8.0687965
7.0725463
5.0984328
5.5069071
5.7304562
5.2344214
5.9312041
5.0280375
7.5215004
6.4576076
5.2158518
7.2699024
6.8440994
5.2966305
6.4737857
5.6539382
6.2547072
6.9105660
5.3749836
6.0222860
5.5986595
5.0536077
5.1547331
6.3484059
6.3423066
5.5519775
4.9194728
5.8524235
4.6960336
5.7518738
5.4145823
5.0754177
5.0768308
5.0971186
4.7749507
6.6065495
4.9682690
5.9807335
5.7908770
6.3306283
6.7978687
6.7822189
5.5621372
5.9755060
5.6442050
5.1761825
5.2606089
5.1510934
5.7441056
6.4899449
6.4379641
4.9099457
5.9181155
5.1543256
5.7933300
5.2688660
6.0375253
5.4498629
5.5076547
5.3225961
6.7528811
6.0135222
6.5424701
5.0002026
7.1843839
4.9807256
5.0635475
5.9883920
4.8306431
5.9663432
5.2619103
6.5685199
6.0448806
5.7784140
6.5979780
5.1203221
6.3581092
6.7162962
5.5446890
5.1042163
5.7712187
5.1269195
6.2640599
4.9490437
5.5663172
5.4738853
5.5861793
5.9210172
5.6119667
8.1782370
5.1621046
6.4591071
4.9185639
5.7421480
6.0799527
6.1153836
6.4257030
6.3207422
5.1227323
6.2135510
6.4530124
5.6590338
7.4005676
5.4962711
5.1303612
5.8401785
5.2339128
6.4302466
5.3545883
5.1044368
5.9543599
5.2117794
5.0334392
5.9079690
4.7069063
4.9407603
4.8383134
5.4293717
7.4871995
6.5390099
5.7794955
6.1203673
5.2759545
6.6832860
5.4773345
5.3861942
6.3033876
5.3632583
5.5677400
5.2042775
5.1208136
7.0217154
4.9937104
5.5278358
6.0046303
6.0151408
5.0349020
4.8348883
6.2411086
5.3148797
6.1068794
6.2774011
6.2273615
5.5790743
5.0651992
4.9023480
5.2541735
7.2079975
5.4701753
5.0597026
5.3336842
5.3619700
5.0275442
4.7604411
5.3919760
5.1106465
5.8937021
5.6379646
5.2278623
5.0924167
5.2464414
5.6906302
5.9006635
4.8972810
5.7107009
5.1802318
5.3973720
4.5848156
4.7634432
4.8455727
4.8517316
4.6451845
5.2255503
4.4871375
4.8545807
4.7198662
4.9674661
5.7162541
5.0479285
6.2748034
5.0722717
5.0611424
6.4182527
4.7443207
5.4344095
4.8639060
4.7946036
5.5131095
7.1164325
5.7548603
5.5836030
5.7115794
5.0903357
5.7122784
5.6452647
4.5299381
4.8819640
5.6377353
6.1686223
4.5033679
6.1865023
4.8687254
4.7397752
4.9636931
4.8799054
4.4401318
5.2422149
4.9157617
4.7551638
5.8863648
4.3873229
5.3568322
4.6266325
4.6483804
4.6379919
4.8029171
4.8274814
4.5542791
5.1544854
4.4428800
4.7074018
118.5184591
5.1564658
4.9179671
5.2915676
5.8461450
4.7546234
6.6534144
5.2150152
5.0873520
12.9630341
4.8209832
4.8092149
5.7930085
5.3530104
45.5025049
5.3383791
4.6225596
7.8595533
5.4105868
4.7455088
5.0639332
6.3630504
5.9806284
6.9734949
4.9940927
7.2234085
5.3521055
5.4374749
5.4758133
6.5589197
6.0456996
5.1953478
4.8442174
6.2450968
5.6566303
4.5818378
5.0912487
4.8370759
5.2579903
5.9283910
5.3019224
4.9415381
5.8542423
4.8263794
6.7297604
5.2625414
6.9264704
4.6506413
5.5235292
4.9569033
4.7775646
4.7929648
4.9878624
5.2282837
6.1614747
4.6567212
7.5792757
4.6291856
5.5702097
5.0063065
5.0001803
5.9021900
5.7269575
4.8395464
5.4569138
5.9742256
4.7799195
4.8672894
4.6723768
7.0960144
5.4546806
5.7528998
5.6192781
5.1681962
6.6702577
5.6873307
4.8089891
4.6464295
6.0711666
6.5223623
4.6981562
6.2807630
6.2005368
4.8332726
5.3067268
6.0352910
6.4788355
6.6560608
4.6794117
5.3438144
4.6736262
5.9675202
4.9496263
6.1784794
5.9745544
5.3883514
11.3139506
5.3543229
6.1869805
4.7682166
7.1739509
5.1610936
5.4615958
4.5389251
4.8198161
4.7230099
4.7303625
4.4685008
4.4233745
5.8355445
4.5477844
6.7399080
6.6024844
4.5683328
4.8148231
5.1095613
4.6986761
6.5555268
5.0472603
6.0152542
5.2042636
6.1657229
5.3401326
4.7093395
6.1016499
4.7562844
5.5783232
4.8501461
5.0164399
6.9519511
5.0324354
5.9900972
6.2322637
5.5600550
6.4204995
4.5672684
4.7076633
5.3786920
5.0490458
4.9897811
5.6079678
4.8019566
4.6159156
5.0708263
5.4812553
4.8726304
5.5558229
5.0646101
5.8864387
4.4329149
5.2749910
5.2779891
5.6868286
4.5120224
5.7792717
5.8272394
4.6864205
6.0351405
6.8608394
5.2529628
5.4959867
6.2131269
6.3183256
4.6212001
7.0848845
6.7251896
5.9589335
5.4712339
6.0559472
4.5686306
4.7338268
4.6552819
6.4925419
6.9417588
5.2419379
6.6624628
4.6984107
4.9000387
7.5651651
6.1682570
5.6847205
6.0920481
4.8307025
4.5322278
6.5641774
5.7629794
6.2517102
5.6935614
5.0405396
4.7739885
5.7119613
6.5876285
4.4585644
4.7081224
5.9825154
4.8879293
6.9873564
4.5361766
6.4232373
5.8801134
4.9630117
7.2228928
5.4148553
5.5977844
5.8840149
6.0503821
5.6357330
7.1799885
7.6412784
5.0976482
5.5377631
5.2262684
7.6268008
6.3767050
4.5335394
5.2793907
5.2796825
5.9078147
5.4844183
5.2250468
5.1197862
5.1008799
5.8117695
6.9994789
4.9619902
5.9312035
6.4832315
6.4950954
5.7432276
5.6692086
6.0697292
5.5791277
5.9476081
5.6980367
5.1646910
6.0208011
6.4957652
5.0304174
5.8362820
6.0984463
4.9067111
6.0228994
4.6399422
7.0185024
6.8368045
5.6583839
6.0151794
5.3115630
5.6548203
6.5450188
5.3720770
5.3670133
6.1603253
6.3396911
4.6084911
4.5045147
6.4159164
5.9108793
6.0959755
9.8585079
4.6940843
5.3965707
5.2858726
6.7503980
6.2698637
4.9012717
7.2519374
5.7627653
6.7008942
6.1916468
7.2130076
5.5100227
6.3074011
7.8177234
5.0626800
6.3530825
5.4053474
5.2255696
6.2943504
5.5302928
7.2029803
6.8167400
4.9099041
5.6157053
5.7149192
6.9845464
6.7100194
9.5242441
6.7314720
4.5858533
7.1573861
5.4480749
5.2445926
5.7580292
8.5058728
5.3114306
8.1372152
4.6533206
5.6354612
5.0521722
4.4815203
4.8474469
4.9266529
4.5427408
4.7482408
7.4504144
7.2033434
6.0512402
5.8471087
4.6617471
6.3655870
5.6589143
5.4633847
5.4987061
5.5137466
5.6608986
6.9896365
4.6568956
5.0571409
5.2978700
5.6518237
6.9486502
4.9112857
4.4245333
5.1738858
4.4658315
6.5081363
8.5400791
5.8657276
5.0874065
8.2706326
7.3059284
5.6801902
6.1444012
8.4957626
4.4074003
5.1296352
6.1204598
7.6757902
4.9597181
6.0807723
6.0865534
5.3948184
4.8642922
6.8680771
4.7722547
5.7279513
6.9017795
4.9785082
6.4047626
4.9485008
5.1178548
5.4074928
6.2233531
6.0038003
4.4552533
4.7751525
6.7609534
5.4155510
7.0730819
4.7189063
5.4590048
5.7320657
8.6092189
7.5605005
5.3038481
5.2842556
6.0273182
6.2328990
6.7249341
5.7465252
4.5111398
6.1366736
4.2659458
4.3701181
5.3822182
5.3119194
4.5410645
5.0354829
7.2474975
5.0531374
4.4244041
4.8368008
6.6004557
5.2336541
6.1241514
5.5928556
4.3732391
4.7656590
5.5449295
4.2999885
6.0062986
5.3811168
4.5667586
5.4952498
5.1383290
5.9076179
4.6458554
5.7164544
4.8892515
4.9215235
5.2300234
4.6915902
4.9683257
4.7199293
4.7682988
5.4128070
4.7582992
4.7792404
4.9387108
5.7798332
4.4285033
4.6035047
4.6083444
5.5017337
5.6856270
5.6409969
4.6028666
6.6050474
5.0296472
5.1263552
4.9513002
6.4938083
4.6963109
4.6074121
5.5964488
5.1355597
5.9367264
4.7702949
6.0371658
5.3285119
5.0474666
4.7852860
5.4695548
6.4320003
4.7610340
4.5774139
4.4991801
5.7938413
5.2071470
5.2947068
6.4376298
5.5590901
6.3869198
5.5831229
5.5045667
5.7190867
5.1191430
6.0544939
6.2575065
4.6360522
4.8817566
5.7190229
5.8203275
7.6241557
4.6330201
6.0541039
5.9763562
6.1366762
5.8377727
4.5318089
5.3364433
6.0234131
4.4902889
5.3534638
4.8328612
4.9637673
4.9014676
4.8419941
4.8853351
4.2387069
4.5902963
6.3233756
4.9387752
6.8779842
5.6423740
5.0273477
4.9825083
4.1165177
5.7350330
5.4876811
5.4769600
6.2196432
5.5064263
5.2637624
6.7011893
5.5731169
5.5166660
6.1515664
6.5879918
6.7285580
6.0762436
5.0559152
5.2870482
5.8155452
5.0293309
5.1895957
5.0140297
6.8838755
5.9643486
6.6803332
4.7878041
6.3294832
6.1347685
5.5553823
7.1832339
4.9281314
5.9738728
7.6701377
6.0681414
5.9431846
6.2780948
4.7823185
5.8709352
4.7307373
5.6269030
5.9563614
5.9801122
4.4269324
6.9133157
6.2703029
6.2459051
4.3984172
6.2277765
5.1414367
6.3309577
5.9083416
5.0298903
4.6094746
5.2930209
7.6250741
4.8786484
5.8652261
5.7027455
5.9896214
6.0508104
4.6806252
7.5546253
5.9683988
6.3810952
5.3982977
5.9034929
4.8493576
4.5234685
5.7175566
5.2921806
5.5254721
4.4938009
6.6656487
4.3991249
7.5444286
5.4219412
5.4394774
5.0698522
4.5084543
6.1360713
5.6872540
4.6550172
5.6940218
7.2072452
5.2478549
4.5170259
6.5598834
6.0638501
6.6009011
5.1928362
8.3089876
6.9067130
7.0325476
4.4263266
6.3471454
5.2807995
7.1013446
5.2778186
5.3959361
5.2261250
6.0415373
6.1961585
7.2903211
5.8073285
4.7471916
4.5926370
5.7273551
4.7477865
5.9851057
5.8540773
5.1899956
6.9550149
4.7554056
5.6329319
6.2751604
6.5579488
5.1453595
5.2412333
5.7825806
10.0932457
4.9477010
4.6279564
5.5911962
6.1905951
7.2268126
8.2002096
4.7103122
6.1041581
6.7300807
4.8672358
4.7358519
5.0964162
4.6709481
7.6664843
4.4299188
4.5711638
6.3370297
4.9069597
8.2314700
5.1156567
5.1698824
6.7111475
5.2396449
5.7444543
7.7848171
5.6701318
6.8173066
6.8035102
5.1496752
4.6175143
6.5309294
5.8817122
4.9009586
5.6303975
5.1904150
4.4910794
6.6970465
4.5284587
5.0541235
6.2273603
6.9619700
5.1278320
4.4218578
6.9907164
8.1501845
5.5777435
4.9171258
6.0256908
7.1357897
6.8334825
6.1840370
5.8884373
6.4876129
6.3286878
5.9223916
4.7054356
6.3922718
6.4338042
6.2243229
8.8116958
5.1212435
5.4651478
6.3030486
5.0900597
4.9733993
6.6032005
6.4852552
5.6463063
5.1971259
4.6066100
5.0076775
6.7699736
4.7285201
5.5334409
5.0743919
5.3502485
4.9584715
4.9669412
5.0676172
5.9268054
5.0020634
7.0454470
5.1065531
5.0280474
6.1324787
13.8491346
4.9975934
5.6367863
4.8975528
8.9312546
4.6484097
4.6572706
6.2152717
4.5406431
5.3575395
5.1394042
4.9547941
7.0597584
15.0371443
7.7091904
17.2641320
5.1678589
9.9395678
7.3356890
5.9778120
30.2573391
7.9214240
10.2561476
7.7302384
13.8450964
8.1360392
11.4442947
5.7874693
11.5823912
33.1194307
15.5640002
16.6339715
12.8966616
7.4178005
8.2213371
17.6105776
9.0280382
10.9486583
4.7631484
6.6326365
6.1439032
8.6910311
6.0728146
6.2555175
7.6741512
7.2885381
10.8924755
6.9839093
9.0510041
6.2958645
6.3531912
5.8448872
7.4099489
6.0063524
5.8371608
5.2524980
7.5708833
14.3559820
4.8438378
10.1485609
6.3416379
5.6230011
9.1057365
8.3799192
7.8971242
6.3837284
5.8882200
6.2503634
5.6293294
6.1646888
6.3697409
7.3054951
5.9614979
4.2820534
6.1345136
7.1970282
6.3666655
4.7206098
6.7189622
6.5396912
7.9343285
5.8411165
7.4980860
9.5766910
8.3393562
4.4807593
6.2867055
5.8401096
10.3715144
9.1444552
9.9745752
9.2531223
12.8660274
8.4697474
9.9539326
8.9540872
7.4084877
10.4107193
16.1712266
26.9027058
9.8419776
9.2621579
6.1566772
6.6243097
10.8058846
6.7415599
8.3791610
10.3686408
7.2348344
8.6093574
5.3826443
11.5031146
18.4986576
7.6331878
6.0303159
8.6224321
6.0098442
10.3304578
4.2386077
5.6343410
7.1249795
5.8952439
7.5846889
5.5427773
10.3026080
5.4009377
6.7008259
10.7933469
15.1937325
15.9978082
7.2540788
16.5809250
13.7991506
9.5610840
8.5559933
14.9080581
20.5196495
11.1271818
9.5984822
10.7439854
4.6112309
7.9859896
4.9553880
16.3253614
6.5201876
5.4436911
5.7524190
8.2541186
7.0648337
7.2805978
5.6931493
6.9526995
10.9887591
4.3468632
4.5912290
4.6956594
6.2954728
5.0126301
6.9507326
4.8162203
6.5755332
5.4078385
5.0193449
6.1497364
5.6923758
6.4448063
5.1900074
6.5959973
5.9437466
6.2107412
4.6211971
6.1896803
5.1175756
5.1086646
7.7663179
6.7651242
4.8832672
5.0908168
5.5952403
9.9265422
6.0606520
6.4849405
5.5678463
5.3359053
6.3887000
5.8655413
7.1785543
5.4638983
7.2855538
5.0381432
5.6073378
6.2157151
6.7848519
7.0047875
5.2445865
6.1765717
37.1312720
5.8767510
5.1990912
5.4645763
8.5145310
7.4374870
5.0354366
8.7745661
20.6276504
5.2268764
4.8928191
5.0807253
4.0676392
4.1687109
4.6671097
4.6840040
7.8078984
4.7708138
4.6476331
4.7509189
5.8126090
9.4373806
6.6443244
66.3481608
6.1990849
7.0258716
5.0581859
5.3891461
5.7411999
4.6295044
7.5876685
4.9221396
6.6098344
6.0439440
6.6560781
6.4244768
5.1904900
18.5059735
9.3880778
18.3695932
10.0026448
35.8389149
5.1587871
9.2194734
6.4093512
8.4818854
7.3974221
5.1367227
6.6473779
5.8999037
5.8176844
4.3421445
5.9899288
6.3529994
5.6402972
5.7072945
4.0614476
4.5750326
6.1661406
5.8002779
7.3166586
7.2672085
4.8111080
6.6410317
5.7792387
7.2244468
6.9888526
6.1707999
6.2627781
5.3050252
5.9473478
7.3307427
6.3666277
6.4125387
5.6888012
9.9086342
6.3431597
5.8782998
6.0937703
5.8206080
7.7286664
6.6261270
5.7125802
5.8951876
7.6763823
6.5608245
5.9294740
7.5098676
7.3224100
6.2706384
8.2184661
6.3007669
7.4988262
8.3809548
7.3101590
5.5600162
7.4414267
7.2074246
8.4322721
7.2589203
7.4678759
7.4699050
7.2354151
6.8777241
7.5609607
7.2132766
7.4641026
7.6927603
6.8590237
6.4948407
7.1538544
7.7757419
7.3812665
6.8292503
7.8020064
7.9556313
7.9245766
8.7015516
5.8673728
7.3936011
8.2729683
6.6944346
7.4605075
5.8008077
8.4391257
6.9078969
8.0207069
7.3083872
6.9602563
5.1996751
4.8421842
4.7137324
5.8548724
4.8093905
5.2740011
6.6316956
6.4621494
4.8602856
6.3139042
4.9129068
5.9118264
6.8142087
6.4492465
6.9372688
6.0094400
5.2566733
8.3942364
6.9014198
7.9044758
10.3470596
7.0874348
8.1045515
5.2802836
10.0027198
8.3406366
6.8834147
5.9124629
12.1840299
7.0661361
4.3049174
6.1760934
5.5855827
4.5315288
4.8507788
5.5425336
6.9754861
6.8065275
5.9318674
4.1844147
6.5955742
7.0654346
4.2912882
4.8040860
6.2173353
5.3240124
4.4142690
4.5341624
6.7204205
4.5647061
5.0220638
5.3741205
4.8520006
5.1698050
3.8798557
5.1250488
4.6073576
3.7267345
5.0472673
4.1798387
4.7962452
4.0107701
5.7687210
5.8009435
5.6140217
4.0830332
5.4649225
4.2866650
6.4373682
3.8273838
4.0396854
3.6898112
4.2145072
6.0459342
4.1848676
5.2118106
3.8481165
5.2232117
5.2843136
5.6456538
4.7866887
7.7508956
4.6094218
5.5707894
4.0842188
5.3295384
4.3527389
5.9957339
6.2401350
5.6833581
8.0604974
4.3105330
5.3466155
6.8736802
7.6666005
6.8143715
7.1829210
5.4035119
6.5266444
6.6594459
4.9425478
5.7222771
5.0668817
5.3110289
7.6207391
6.3933532
6.0152702
7.0592407
6.1321867
6.5188381
10.4686631
8.7007444
6.9451618
5.8516804
7.3550558
6.7953548
7.4841666
7.2149694
8.6293684
5.8523372
7.9157120
6.5218109
7.4826248
8.4800806
5.2785711
6.7743119
7.0389762
5.6062637
9.0685060
6.5381946
7.3291293
5.2378837
5.6169029
6.5297185
4.7141511
4.7210906
5.4334060
5.0783923
6.3026566
7.7685661
7.5580671
5.3606094
7.4707033
5.4226416
7.0492347
8.5050478
6.3511320
9.6011299
15.6910305
5.0127891
9.4100396
9.6715072
8.2127019
11.7754852
7.1110011
8.1288738
6.8542785
11.5664562
9.4632583
9.0510345
6.9114533
16.2056280
9.2612408
11.3467769
9.1598637
10.1800871
7.7986928
9.6100928
7.6255135
9.0639214
11.2184819
6.8938603
11.6798625
13.3010032
8.3494338
13.9599589
9.3086106
8.6246934
6.8743419
6.9956878
6.7684467
7.6831348
6.9963237
6.6071315
12.1222250
5.3492023
12.4965227
8.5613905
6.3189170
5.0076303
4.8807296
5.0194412
8.5499732
6.3338932
7.0532783
5.3313704
9.0152095
8.1228860
8.3787717
8.5222912
6.6599404
5.5549941
5.8756197
4.9932289
8.0012789
8.2905768
8.0073739
9.4829778
5.4171150
6.2883894
5.6843049
5.9652569
5.6262626
6.0587411
5.2758749
5.3456236
6.4082772
9.0494964
9.6180414
9.8490648
11.6053314
10.8259546
6.4987478
10.3068118
8.0134141
6.4145232
5.7910027
5.8287615
8.9475101
9.2749450
6.3933561
6.9658846
9.0789284
10.9769858
8.6418306
10.2682864
10.5427118
10.9872208
7.8221053
8.2109122
8.8249712
10.1343076
17.6183252
16.4902427
18.2062857
33.8071695
12.6946709
17.9559710
25.4027854
50.5181052
64.2811745
44.9297829
46.7810714
115.3431709
27.8489866
52.6954412
56.3007288
36.1437682
153.8467879
224.5838874
131.1040245
202.8918883
202.6909534
171.3641845
269.4325535
64.3902005
270.9536361
113.4862442
158.5947103
212.5865310
234.5289886
232.2238113
237.2556823
252.2643791
252.0181695
223.1823585
208.0607112
263.3542096
301.7956946
222.1990928
300.2060766
207.6278566
358.4717784
254.1774586
357.0183700
192.7684958
365.4513488
255.6297929
251.6452176
173.6348868
163.6661463
220.5276623
145.4541159
171.7768185
101.0038209
218.8410117
326.4976777
132.9083020
164.5820025
260.9567283
151.8601598
182.4937630
206.5016430
165.8218715
238.0837210
231.9444970
94.1587621
214.8094139
208.8214067
154.8964215
151.2037138
165.4612586
113.7911327
76.4150776
167.5970604
92.5998943
66.8093647
237.4338692
46.1855964
186.8836367
52.3355453
172.7424682
63.3836318
69.4939492
61.1519088
37.1690055
76.3479373
33.0174592
16.9215000
67.1235657
53.8663867
60.6546738
41.7749955
32.6282027
13.0626353
16.0137858
88.3229542
50.3110036
23.7285933
7.3879887
20.5031287
11.4112470
50.6928122
50.3600307
38.8823021
35.1064068
11.1935874
18.3196473
33.8919231
33.6872548
10.8728146
16.1591469
11.9514111
8.3706820
20.0454363
9.8086308
8.9600926
23.5054492
33.2839185
19.6995311
26.5697971
24.1679027
30.7560162
7.8912245
12.5945722
27.9561991
30.7062695
38.5806644
104.5274729
8.5990057
11.5875493
19.0254826
32.7433314
27.8802481
34.9001313
34.9188685
39.0492912
35.5580119
41.8693859
23.3258624
10.7928645
40.6261173
43.3498592
27.4381065
103.8964378
90.3052806
19.9991920
18.2720672
11.7436824
14.2934608
30.2985980
86.8274171
8.8090678
18.0777307
20.1329303
73.1196665
10.5856174
35.0362466
26.5978398
30.5156157
27.7366471
26.1057203
14.2457862
13.0121044
23.9774058
12.6544468
19.4183749
33.0519417
7.6131429
18.1955004
6.3013722
20.2621559
17.7035437
6.3596780
9.1699058
6.6539074
8.9244184
6.9514405
14.0827764
12.0919714
10.3335616
12.5838033
14.3846444
27.1297432
8.8853578
12.3792786
24.6095066
14.6632649
13.3398654
21.2549991
8.0544944
15.1306250
20.8450573
22.7973055
10.5145136
12.4078935
16.9359132
6.8753766
4.8987237
8.3742231
6.0887436
9.4867485
9.6831065
7.1631158
15.3620964
9.9467532
5.3467053
11.0276456
13.3430837
8.0496718
7.5644131
15.0435349
14.1683910
21.3964863
8.1559467
18.8841699
15.9576319
12.3664703
10.1549032
10.5827884
12.1412212
8.5027741
14.6129088
10.6347944
7.7861137
5.4674063
11.6221811
15.6129951
11.3094452
12.0353896
12.6750800
9.9626153
21.0201951
10.0669316
14.6836518
15.3070302
18.4889056
14.7865479
19.0805703
14.7830989
17.5526862
22.0378529
21.1314003
24.8101207
20.6904698
11.5614516
11.0048091
10.3939531
11.8960811
8.0390383
16.1286691
8.2823629
11.2546251
10.7544511
11.9234857
13.9639077
9.8897230
7.1989358
12.4778974
15.4090682
11.0946336
19.2419250
10.6961390
16.5144702
14.9905936
14.1180578
7.9220832
13.1141360
16.2408458
13.7120757
10.1778886
13.9493777
17.5879855
12.4950436
6.0190546
24.4031175
13.3486704
15.3170356
14.4122807
16.8400759
12.1518899
15.7371547
16.9065619
14.7154888
23.1943716
31.8753861
38.3393386
11.5658005
33.8660214
36.7469170
20.3130339
13.9598404
13.7755936
13.5249830
16.9630808
52.9712561
9.9831249
6.2456933
13.2202947
21.2708587
20.2317813
17.2802420
11.0289480
14.6604858
13.2666362
7.3022384
19.7914940
7.3201062
11.0291400
19.6475027
8.2203865
12.5281945
14.7954539
15.5808394
23.5216112
12.6473442
12.2886275
17.7264906
32.8140217
11.4046719
9.5314685
9.7940879
9.4140968
13.8116389
11.7644579
8.4403388
8.4042400
11.2349854
11.2314757
12.6761577
9.6976521
17.9436364
10.8381422
15.1265243
7.7660619
10.1100498
13.7507501
15.2275330
9.5379365
5.6156712
10.4515374
8.2613738
7.1620948
7.3504446
7.4340836
7.0963732
12.9012344
11.3850024
8.7602318
12.9135098
10.0499442
16.1336718
7.9598558
11.8477800
10.4317413
22.2170197
19.3311690
14.7373554
27.6345663
19.4556448
12.9694966
8.3418163
23.5749457
12.1298852
8.7434121
12.0179209
11.2925629
16.1853126
15.1242855
12.7606872
24.8175665
6.9076299
51.3162092
23.9735533
21.7706216
14.7417644
35.4241769
19.5230862
22.3530659
9.4703558
20.7069588
20.5782336
6.6332365
7.4157912
11.6795080
9.9145919
20.5126871
6.9194471
9.4583357
8.9032917
10.7082747
14.5718662
10.3517181
11.9289164
12.2905683
11.5290270
7.6928114
8.7671968
12.4197620
25.5087711
8.5973196
8.5301827
12.9200206
8.1187504
8.7789787
6.7169751
9.7881799
9.0663447
9.9323914
7.8008419
7.2227689
8.2163658
9.3829297
8.2289382
8.1843082
8.1575366
8.4742557
10.7283912
47.0915092
8.3638732
10.7369231
8.5436555
10.3859425
11.2821824
11.5857312
12.6809804
9.2454522
9.9933738
10.4632674
8.0034003
8.9520318
12.5379269
9.0667946
19.8559870
8.2710330
6.4050209
10.4501021
9.3960167
15.9620579
8.0361397
11.7032021
7.2874856
11.7680528
6.4997477
9.3778430
12.0854770
10.9418051
8.6287189
11.1764602
9.0489908
12.5761764
21.4906105
8.0101568
10.2386350
6.9290809
9.9839509
13.3719702
8.9303011
12.3114632
10.5482527
10.5271396
9.5138277
11.3607616
6.9612896
11.9224464
14.6782489
8.1238498
10.0960413
8.3081409
7.3882930
7.2766145
14.5327019
8.1702684
9.4867330
8.6663205
10.0823935
8.6650777
17.1861082
8.2487312
8.7116421
7.2016312
7.4168110
6.9736904
9.8506225
13.6057557
8.3102473
9.4393016
13.7479324
8.9231068
9.4170112
10.7491947
8.7876208
7.3882095
11.6910288
12.5444527
11.7577355
9.0990094
12.6766241
9.3030232
9.4484705
10.0533462
15.6957361
9.2350703
9.4494551
9.5222680
10.3081952
12.2369054
10.2084502
10.8996554
7.9341384
7.9941496
8.4353960
15.8185041
7.7839448
8.2139367
9.7290780
10.6272397
10.1492023
11.8567652
11.0287660
9.7001692
9.1318196
9.7681883
11.0983575
10.4009517
9.4239674
11.1581764
12.3291573
9.6799690
9.2096148
11.2447259
8.7639413
7.6120368
10.0505753
9.9392223
9.2166940
11.5925868
11.4036125
12.9250675
11.9299974
14.2017500
12.7316510
8.2323892
9.6337050
9.6831565
17.6370182
10.0561845
11.1550590
11.0550173
12.7178367
13.3557859
7.7379652
10.5028319
9.6883087
8.7201219
9.3683824
11.3930244
11.2098837
10.4945014
11.0015694
9.8258625
8.1848154
11.3802261
8.6471589
12.4428202
9.0966047
9.7266122
7.6376930
10.2442815
10.2872945
8.7137135
9.6508109
11.1960005
10.7731429
11.3108060
11.0871587
10.1972878
12.5918513
9.9331505
10.0313633
8.7622230
8.2993616
11.3006864
13.2748002
10.8025338
9.5894471
12.0493711
10.4360646
13.6961630
9.3570179
10.1148364
11.0552944
8.7129789
10.3026587
10.8500114
7.8259812
15.5216579
11.2905271
10.6448410
14.2603432
14.7540388
9.3159963
11.0754207
11.6781634
9.6455587
10.4241886
14.4490332
13.9429659
12.2290014
9.8451294
11.1611710
15.6319136
13.2145246
17.1729439
13.4103627
16.6825450
15.9368241
12.9114954
27.0256332
10.5363594
16.5861324
11.7830179
14.6467614
12.1393366
12.9309593
11.1938964
12.6218787
12.4742882
11.4075251
15.9182864
10.6618085
11.2441429
12.3506138
11.6194181
24.1789263
13.4506260
12.0997174
11.6355637
9.6218193
20.5218497
15.3234144
10.7018823
13.9164232
16.4001777
12.0537496
10.5690424
11.2018250
14.9715646
12.1138578
12.8169087
23.9064600
12.5707647
11.6196721
11.6949777
11.4018380
10.4463362
11.9896024
12.1846510
9.2637548
9.7329440
11.8397909
12.0924051
11.5148137
12.0251556
8.4794948
10.7984509
11.3058660
14.6659182
12.1260140
13.4112947
9.5585390
11.3535536
10.5526780
9.6165868
10.9687244
9.5187019
10.0130751
11.8522997
16.4296614
9.9947317
9.6864883
10.2207565
12.1561915
11.7625527
11.1689344
9.4204620
10.8302543
9.5379011
8.6469092
8.8434874
9.5396468
10.3975468
7.9633836
9.9297842
9.5002487
12.5689140
10.4587076
11.7588490
10.8800399
9.9091232
10.4377785
10.4838112
10.1691106
10.1903966
8.3963469
9.3486115
10.9472435
9.1989166
9.4286682
14.9468588
12.2566115
11.1003379
16.8546345
11.8588168
11.7191670
10.9311729
12.6059956
11.2874132
17.1501543
9.6159436
10.2430169
15.7731468
10.3464704
9.2317618
13.2462248
20.3502355
13.9827037
12.3878060
13.5059850
13.0911315
12.2642356
12.3832219
13.8415017
14.9039702
11.7096162
10.5864363
13.7950604
15.2647119
14.1272420
14.3902068
14.5200342
13.4302422
13.4640325
13.4797092
12.3897448
11.6233552
12.1610498
13.3612349
10.9456890
11.2142657
9.1736167
12.5240975
9.1882192
11.0059073
17.1918557
10.9422585
10.9340073
10.3399120
12.7748135
11.9077341
8.3926849
12.3861131
10.9025215
10.4803886
11.2627220
11.8108235
10.6825526
13.3257042
10.5702344
10.0085707
12.9274851
11.8166142
11.9269124
10.3309170
9.6472457
9.0062719
11.5369327
10.5341945
10.8544016
13.8522827
13.3763055
10.6961112
11.5682832
12.4980687
10.3199369
7.5726956
8.6087158
8.6804848
11.6043305
15.9958947
9.8244686
12.1560026
13.4243449
10.1005823
11.8213392
11.1531525
7.9840703
11.0107268
18.7536587
10.2625862
13.0534079
16.4562761
14.6673774
18.3262239
12.5663503
23.8834135
22.2781347
11.2274464
11.4013591
13.2698128
16.6778275
12.5418237
11.1341014
12.4609033
11.2949482
33.1755012
16.1713446
12.1918452
15.6167813
14.2368735
18.0288143
15.1219349
27.1771118
32.0105110
38.9463932
22.8452432
23.5705796
16.3584567
24.5421966
25.6675831
24.5991075
20.1999194
17.6147227
21.6124436
17.6332248
14.4145124
13.4654362
8.9949457
21.3064149
11.0803777
17.0517285
11.6446180
24.8003356
26.4664254
17.6766771
25.3811548
16.0588626
13.8297120
57.9360917
17.9268587
57.3145708
20.8196168
17.1243456
45.4636396
35.5881614
59.4355918
50.4764105
70.0527242
80.3434573
88.2453471
179.6810278
57.9217897
85.8593091
134.3713908
94.1791630
36.9476965
53.2573737
68.0482770
57.4795951
24.3977629
57.7907099
62.0388127
25.5294438
50.8014721
50.5101965
42.3540862
15.9047715
47.2361629
55.1362461
53.5234669
63.5518054
19.7791716
54.7888726
34.1594259
31.2642053
16.0559736
36.8862888
40.0898418
10.4671886
94.0115584
74.2609506
24.8136754
33.8282698
17.5129998
34.3511537
15.9952392
13.5963594
38.0733257
25.8585522
45.4664547
26.1048778
17.2551157
14.3685997
61.5892010
20.1487977
17.8961580
10.4377933
15.6894982
10.8862241
8.4382738
26.4832814
9.8941273
20.3909751
11.1701655
12.5856385
11.5656754
8.1244988
8.7756620
13.0041974
11.6622294
8.2291370
7.2488121
10.1306836
13.6085123
6.5498257
9.2765704
9.7511581
7.3054157
9.9565887
8.1560188
7.0872877
6.5667566
9.7441242
11.7841137
10.8530979
9.7054634
23.9591974
10.7207020
10.3715324
13.7080293
12.6057923
10.6880385
10.0076584
9.5249509
13.2566631
6.9981309
9.1589174
8.9141717
14.5353016
13.0851835
9.5793658
14.8447418
11.1626404
12.4570349
11.0171320
7.8172872
9.2933577
8.0447958
16.8951633
8.3768759
11.2045138
9.4394844
7.3453948
12.6076333
11.6207346
12.3048584
10.8617538
9.9111610
7.8009075
9.9267854
13.1553693
11.3271153
18.8194090
21.3572454
16.6909161
11.9943000
14.4618608
12.0257921
20.9554870
14.0294804
10.4372793
10.8467452
10.8820604
10.6223739
10.2520245
13.2231430
10.5373281
12.2082474
9.2927668
11.2992148
21.4075063
14.4160197
11.1525462
9.0193750
8.7531712
11.4317948
7.3130036
6.4967910
6.5989325
8.4961518
7.4986079
16.2008619
13.8186649
18.5500965
14.5101547
8.6087818
11.3524708
14.1096464
14.8350511
12.9241243
25.3786955
10.3007099
17.5317975
17.2070734
24.9222384
11.8769612
15.3609241
15.9387036
21.1116029
30.5138038
30.3754540
37.3879598
29.3216497
27.8755278
37.9885312
41.8005887
34.0305169
38.8551772
29.5907053
31.5027733
41.8883920
30.7226183
24.1845804
36.3978214
48.3987029
34.1917847
46.5451098
44.9656144
42.5848339
52.0457893
40.8451969
39.4872093
28.2287362
31.9111237
32.8201567
19.8019020
34.4014504
31.6136174
15.3096921
18.1061944
15.5166377
35.3377011
14.6605501
12.3548954
13.1226251
12.7397738
9.5118993
9.0107028
18.0246392
15.4383589
14.4502842
16.3896383
15.6757383
12.8406254
6.3629180
33.6121850
9.0930131
18.5145878
13.7149024
10.6858977
19.7746111
8.2488512
8.6203424
21.4063364
14.5588722
7.2257607
13.4560299
10.3296120
9.3174983
8.1105661
5.9826307
8.4918506
10.7020281
5.5023698
7.6421440
8.6416719
14.7486654
7.3304242
10.3861736
10.9069365
14.0953090
9.0394990
15.1739680
11.1952701
10.7888544
9.9418101
24.2861217
13.0453296
12.7081996
12.4943908
14.2092656
13.0348311
10.8752810
16.2493231
6.0975196
10.3510879
10.7420715
11.8586648
13.0071409
5.7430740
10.6152542
7.0277387
7.9861276
6.4519356
5.9762835
6.8269822
8.0309304
10.7835824
7.9789056
5.3424515
7.1811481
6.3454638
9.0246812
9.4019720
5.2305969
6.3553824
9.4957909
6.3611188
11.3295468
6.6284105
8.3056654
10.8811081
7.5279885
6.4600423
7.1173419
5.4708579
6.7767175
6.6635004
5.5474935
6.3715761
5.8928257
5.5561582
4.6623165
6.2054812
5.9052140
8.0343485
6.3101291
5.5664471
6.4696805
5.6345451
6.1742924
5.5515943
4.9070230
5.8853166
8.2915178
6.9725769
6.1965046
8.0479945
7.0734845
11.1533185
7.9834343
6.5913616
7.2860981
6.8283814
6.4738283
7.4394060
5.0891481
6.6062642
6.9924429
7.3610373
11.3530132
7.1142696
5.6717520
6.5686026
10.1214125
8.1147392
6.7940692
8.2242780
8.0130757
7.9661527
7.8950156
8.4251417
7.5766037
10.2411107
7.8429162
8.1681429
6.1258778
13.6551562
8.4876341
6.2633015
6.7349740
8.7276463
9.4621224
9.0985453
15.3647880
12.6155648
15.4341293
11.5839133
10.7022530
14.4524748
8.1249704
8.3459128
14.9843327
9.9815743
8.4403008
8.9063251
8.0507838
9.2515166
9.5231047
6.5262235
6.2253420
16.4162033
21.5641314
18.8349335
10.0166672
7.7714426
18.0941207
11.1616781
7.5448695
15.4246408
10.1361574
8.3330328
6.8709328
8.1371187
11.8751657
7.5976415
7.5700007
12.3513178
6.8353835
6.9988152
12.0510070
6.2194303
6.7662566
6.4604656
7.4061701
6.3134223
11.7319175
9.8429875
7.9035692
6.1640827
6.1176896
6.9296837
6.4102526
6.4835997
10.0833855
7.9097057
7.6709941
5.7906771
7.9852059
8.4573339
7.6952267
8.3700740
7.2668922
8.1825848
5.8955920
5.7752324
6.4469252
7.8537441
6.5917750
9.0559848
8.5441408
7.2696440
8.4224932
7.0409842
6.9735014
6.0909515
8.1742594
6.4816351
8.4992117
9.4736156
7.4872183
10.2874194
6.6189716
11.0147057
18.1296511
9.5171725
12.8056022
7.0222742
7.4761450
9.0818401
13.6884029
10.0399999
10.1551015
11.1750504
10.0799649
6.5451053
10.7714065
7.5227245
8.0151686
6.3136753
8.4047643
9.6873521
9.7595788
7.9898173
9.8117266
7.3212249
8.6365297
6.1369351
6.2910006
7.3623292
5.8942956
6.8887315
6.7568359
6.9222515
9.2452905
6.3933535
9.5623961
6.7349743
10.6637036
7.9193885
8.3783189
8.0622002
8.0867637
8.5301336
9.8382123
9.6125306
11.0312083
6.5238683
10.4516709
9.3045016
13.0197270
9.0622938
12.3700895
21.9220720
16.0456305
15.7181425
11.1579960
12.8352761
9.9385976
7.6489719
13.2043621
22.6042356
13.4332845
8.6953369
17.8191664
12.7146912
17.5268208
7.4194318
9.7284583
9.5649910
9.6118096
8.7148003
13.4060660
9.3428846
9.5617671
8.2104437
14.9061639
5.9093179
7.8589391
13.0437075
7.5261390
8.5751837
7.9358100
10.5628093
10.6628810
10.1341607
7.9800927
20.5626772
7.3245525
7.9097943
8.5896949
13.8406555
9.7814738
9.1437602
10.2653136
11.9441977
6.8957720
10.0068361
11.7418245
9.6050063
14.1890313
10.1543022
8.9059897
8.2870627
8.2949595
9.0988953
8.9088342
14.5440637
9.4049077
8.0818746
8.8178476
9.1822760
8.3222663
10.9279064
10.2878613
7.7792026
8.0182972
6.9086574
8.5570486
11.0999700
8.9700774
10.9854678
10.8723118
8.2269102
11.3834353
9.4953397
11.1684460
8.8110583
11.1049184
13.2027449
7.4002123
9.5261809
6.5063398
9.7133194
10.6142563
7.8481024
10.3599042
7.6995879
7.6574493
11.1675615
10.0477533
9.8476445
9.3293933
9.8203740
8.4741984
6.4236199
11.5997930
11.5238355
9.4138371
7.9413169
9.4420668
20.2659492
8.9129965
8.4764275
11.8075224
7.5793184
7.7366150
8.6273903
7.4378875
11.9004494
8.7322536
9.3639259
8.2903247
11.6505484
7.6755373
9.3351020
10.9010865
10.7499804
9.8926844
6.8565050
11.8749223
10.2386092
12.3598968
11.9132342
8.7034441
12.2271904
15.2406744
7.8609416
10.9265417
7.3810081
10.3924827
6.8297112
10.5360087
11.9515077
9.6471767
7.7537696
7.7157929
21.9437371
6.6573115
11.7969240
8.4152843
7.3454264
9.8745135
8.0617474
7.0507652
10.0604948
6.1855593
8.4497313
8.2448896
6.7617295
5.9522995
14.1013462
8.0332752
7.0469080
6.9419097
11.9209024
7.7674815
6.8964404
17.9143878
5.7457923
10.6612767
5.7758266
4.9348053
5.8939298
7.1995755
8.3306123
10.0775683
7.8427984
8.0801768
11.0974009
12.0266361
8.8151994
10.0644793
7.6247867
6.1084674
6.5389223
6.7675196
5.6188827
6.4406630
9.2993768
8.6749489
13.6191632
7.9537621
7.3603565
6.8283397
6.0514633
10.5561090
6.6479443
9.1849293
7.9340980
7.4578578
9.7377360
8.1528311
8.1273577
13.5171400
10.0860726
6.7069450
7.9374419
7.4447004
7.7264711
7.9181961
8.0574873
8.5595967
11.4288072
8.0565128
9.2640385
8.8478035
7.8485080
12.9102833
10.9874526
9.3062182
7.0031295
6.7379755
9.5871500
8.1111361
8.7984801
6.2843779
8.2809919
8.9003355
9.7351524
6.6607910
8.5816351
12.3952964
5.7811140
10.8235361
8.8028615
5.8436830
6.4078830
7.0305823
7.2392263
10.7447497
7.9395493
8.8379632
11.4449901
6.1998618
5.6242399
5.7691490
9.6226047
9.3766405
8.5072063
7.0898021
8.4054907
6.2355382
9.4802852
6.7062875
6.8565753
6.7549203
7.4596734
11.9013171
7.7559579
7.0765255
7.4758270
5.6797117
8.9854478
8.0851878
8.3700902
6.0581281
6.8256893
7.5051367
5.9771859
8.9841624
7.9411435
13.1366832
9.7312734
5.9388265
9.1523347
7.1824972
9.7816466
10.7516781
9.1510544
6.0634046
7.3539740
7.2326711
8.2713699
8.7004526
6.9326321
7.0231832
8.7643684
11.0958101
8.2122704
7.4594920
11.0141861
14.0059266
6.9166475
6.0387445
8.4247820
7.4114576
7.3889552
8.4510116
6.8621008
7.8750400
6.4762943
8.1981862
6.9081542
6.2237516
6.3898849
6.0206340
7.5618946
7.9715140
8.3334541
7.3261632
8.2036952
9.3058985
7.7835457
13.5687469
6.4383587
5.6253449
6.6198938
8.5588170
7.2527848
7.1700924
6.4380021
9.5110417
6.2826298
6.4017040
6.4517645
11.2438177
7.4405073
6.8339558
6.1539384
6.0168286
5.6578438
8.3733052
6.4372151
7.1139809
7.1099609
5.5441085
8.0727582
6.1829176
5.9729607
7.7246230
6.7233788
5.0937144
5.9872450
5.8538133
5.2360816
7.4922594
5.6900635
8.6319367
6.5449683
6.9547660
7.0254596
6.7080226
7.0214879
6.7941819
6.5551760
7.4222625
7.0236996
6.8653883
7.9277070
5.5567486
5.4688867
6.5677401
6.1090629
6.5903249
6.4269422
7.3122501
9.8099480
9.6513317
7.8300987
6.6183266
6.1508702
9.8008720
5.4509860
7.4450499
7.2838232
7.0105879
6.4118345
5.6941742
6.1368395
5.7107617
5.7101829
8.8361665
7.9194215
7.7202636
6.1801077
8.3159858
13.0512554
6.1132353
7.5077048
6.3373924
6.2379389
6.3717035
7.7418308
7.0727842
7.1145000
6.1957142
8.2920163
7.6949865
7.9340035
5.0958414
7.2935904
8.6342146
7.4655067
8.8515063
7.2626585
6.8425268
7.2407817
8.3897325
7.2417709
5.1779547
7.1269555
8.4639037
6.8487662
6.9109580
7.1043411
5.3872342
7.1931627
7.6696428
6.2857694
7.5617365
9.1111498
6.2931309
5.8470267
5.9609166
7.2363298
6.9208556
8.5759584
6.1278801
6.4911364
11.5636916
5.4817525
7.2556489
6.0597739
7.4435874
8.1287983
8.1272927
7.9890501
6.6497020
11.1276285
6.5479512
5.0165731
6.3291550
7.9062341
6.8574378
5.7764427
7.2039448
6.5790865
6.6785378
8.4654921
11.6319976
7.2122086
8.8014720
6.0632094
7.3611635
5.7536915
6.7619846
6.5378634
5.9928258
8.4506878
8.6447905
6.3681154
6.1583009
4.7703569
8.8695727
5.9821862
9.4369984
5.9944657
8.3980919
6.3411348
5.9982659
7.9900402
7.2818837
7.9095774
8.4997575
6.3263310
6.6915180
8.3260202
7.8884584
6.5262651
9.1696850
6.4971685
5.9957025
7.7471901
7.9077702
7.1794702
7.1234835
9.1456599
5.9740823
9.5772696
5.6877847
4.8217839
7.0442773
6.8073459
6.3081300
8.4041756
6.4212617
7.8889838
5.9141563
9.0531121
6.8225674
6.3748101
8.2757356
7.3368668
5.0813429
9.9157811
6.7970106
7.4610991
7.5410104
10.5121091
6.5343077
8.7504361
7.9685244
5.9277358
7.3733524
7.0698495
7.3410759
6.3417326
7.6849049
6.5944504
6.4917044
5.5103676
8.8487144
11.0965324
8.3428443
8.0692178
6.0211739
7.4180887
7.3943481
10.2938943
7.2154070
7.5447216
7.3891833
6.5376714
7.3924083
7.6183509
7.7614742
5.7712677
6.2598322
7.5349768
6.1540248
7.3422294
6.9324641
8.2354915
7.3170683
6.7381673
6.5458037
7.9579048
9.4462691
6.8337251
10.9732844
7.0167735
5.7738836
6.3337778
7.3333519
7.6565508
7.1026416
6.3772974
9.8994238
9.3930693
8.7000430
8.2780003
9.4836266
8.1096073
7.9755062
17.3475659
7.1832269
6.1990731
7.9643712
8.8210465
18.9829004
15.4642261
8.8647868
6.1077046
9.6798628
11.5439335
9.5338184
7.2302581
7.7173076
11.7552115
11.5691014
6.4725252
7.9200655
12.9840476
10.5656577
9.5263278
8.0436384
6.2008600
8.0646503
8.3530860
7.2317250
8.5501679
6.9323634
11.0086352
7.8795000
8.4977108
5.9892734
6.8695635
6.4246705
6.3940749
6.9149228
13.3562196
7.4628333
7.0586246
6.8285873
5.9753151
9.8265193
6.4799879
6.9668028
6.4457484
7.1339653
6.5655677
13.4113701
10.7186798
7.6650522
10.1437720
7.0379893
8.0892886
8.6683301
8.6789836
6.9881171
11.0150897
7.9709622
7.7807095
7.7348726
13.8717949
7.3616363
6.9109587
7.5463607
7.1377283
6.2074207
8.3779362
7.4039985
8.0701052
6.6277677
7.2872675
7.2652315
7.2556753
7.7305781
6.7839108
6.3181336
6.0267338
6.9548729
7.1354236
5.9223157
7.6090652
5.6893100
6.4280519
7.3061649
8.5238473
7.0362166
8.2927484
6.9154132
6.7582827
6.9696843
6.0502435
6.5282848
6.8168800
9.1004221
8.0025811
6.9589660
7.3895327
6.8238069
7.0000386
6.9437365
8.0079024
6.7622798
10.3540336
7.2513639
8.2815364
7.6469698
6.0148251
8.9183760
6.9271313
8.9452278
8.2709540
8.1480292
7.4376441
6.5694819
6.6189100
8.6902953
7.1699045
7.2132403
7.3592690
13.1352954
7.7963516
7.1611614
10.7730552
8.0084944
6.8360785
8.6131727
6.6215702
6.7198257
8.6154639
7.6334371
6.7946659
6.0860273
8.1446533
8.2022075
6.8459473
7.6724256
8.3982503
8.3683256
7.4818287
9.0200252
15.6097993
7.1722192
8.3856852
9.1620040
7.9612936
7.1751872
10.6243265
6.5095198
9.6763224
6.3730026
6.3940405
8.9800230
9.1359700
6.9529105
9.4051653
8.4535238
8.3175242
7.5998626
6.8881341
6.9883026
9.6018545
8.4733716
6.1958278
7.7115517
8.6027823
7.4022812
6.0666426
7.6334890
11.8943471
7.7048265
8.2701402
8.2340274
7.9603555
6.6343199
6.3285661
7.7518054
8.5507305
6.9953738
6.6517128
7.5380473
6.9502860
6.5090307
10.1854254
6.5411938
6.4529063
6.3975166
6.9616242
6.7730834
10.2779387
7.1950320
8.0907058
8.7401458
7.3693980
7.3355788
6.7495733
7.9387471
7.2913767
6.7631278
6.2430298
7.4385308
11.5634727
8.1256882
6.7197834
7.6706518
6.7435425
9.6769176
8.1020413
7.1710697
6.6776727
6.5859389
7.9905832
6.9625352
7.0687112
7.8716945
6.4909947
7.5992652
8.5543678
7.0627543
7.1832060
7.1317472
5.9494741
9.8131680
7.5214224
7.2560670
7.6072934
6.9099616
8.8307284
6.8979848
7.2381146
6.3707658
6.0000261
7.0646367
6.9905327
7.6677790
7.0470916
7.3487074
7.6175992
6.4383533
6.6370611
8.0396836
6.5307484
6.5871750
7.4521695
7.6113856
6.4157929
5.8859086
7.8330748
7.6464922
8.0264449
6.9270651
6.3417035
8.7842254
8.1873126
6.9524335
7.7653651
6.1552889
6.4701016
6.8211111
8.2644588
6.4938805
7.4043268
9.7958300
6.7801165
8.8123818
7.1265585
7.9973404
6.5854472
10.6569950
7.0102141
7.4351264
7.5038878
8.2215614
7.1534204
7.9452207
8.8224479
8.0209515
7.8470431
6.5494079
9.0422599
9.7860740
8.4791545
9.3062936
8.0124063
9.4584886
9.7981700
9.2705311
8.5847797
8.2098317
7.5084574
10.2496034
8.3183428
8.1226120
9.0913162
10.3048887
9.8801889
12.1244038
8.2672266
9.7234472
9.6248349
11.5530014
8.1811138
9.4680831
8.7237473
9.0373497
9.6958373
8.0202227
11.5775860
12.7889206
9.8385605
10.6595125
10.3668278
10.5135934
8.5494184
8.4621560
11.5539661
8.9024915
11.0710989
10.4746997
8.8516232
7.1865687
10.7642207
12.5316891
9.8465951
8.4533463
7.8051501
8.3237252
10.0191107
7.8838299
10.8152580
12.1994550
7.4979574
9.3046091
7.2329880
8.1249472
8.4384793
8.7799514
5.6594422
7.0769210
5.3985606
5.3777539
7.2901414
10.2546087
4.8349420
10.7650841
6.4634658
10.8513399
8.0654500
5.5502327
6.7357533
6.5403143
4.6116368
6.6459877
5.3879991
6.0274291
7.8082166
7.2548656
5.3209503
10.1854346
5.0793257
8.0451789
7.5568732
6.4532590
7.6630762
5.8403895
6.6136329
7.8356405
8.7430753
6.1610903
6.9229038
5.4215981
8.0492714
8.2462558
8.0128775
7.2405352
6.9522754
6.3731795
7.0572687
8.6879432
8.7563848
8.4734459
9.8979512
9.9792580
8.7274163
7.8258425
10.7124904
8.1274247
10.7644177
8.2745730
12.7580107
8.3068637
8.3267125
12.7202546
10.0366698
8.7341159
10.3046493
7.9200977
6.4657348
8.5229601
7.3808646
6.7204836
9.0760178
7.0624188
6.8777735
6.7474678
7.7455011
6.5008701
5.9542930
6.9737575
7.0346299
7.0099729
7.0788847
5.5626664
6.4507205
6.2359570
10.1784800
7.0957860
6.6863037
5.8330820
4.6715127
6.1975783
8.7333353
8.6753442
5.4581253
47.3257845
5.4817166
5.6949755
7.8562782
7.4586943
6.3911756
4.9222656
6.4114879
7.0534559
6.1816607
9.0420770
9.7582133
7.6296054
9.9939532
12.6407356
7.2170674
9.7287423
7.9189095
8.4933080
8.6873077
8.1562973
8.5806218
9.4885187
8.5875187
9.7702670
8.9551327
9.0735038
11.1377223
8.5996769
7.4615950
6.4727932
11.5149863
6.7281397
10.6444801
8.8782091
8.0804339
9.1461412
9.8526420
10.9192707
7.5387881
12.4032350
6.4445665
7.3405838
6.8831272
8.6086718
9.9435917
8.2070936
4.9105079
7.0435723
6.2850574
9.4677503
9.1656524
6.4447676
9.7679310
6.5692183
8.9582924
9.7352676
5.3892282
8.4168644
7.2233287
6.3967772
8.0020050
7.5633863
7.1798695
5.2063031
12.1450642
6.4838372
7.6006580
6.5617007
8.9668282
7.2115265
6.7559721
4.6998570
7.0792828
8.3380228
6.0816305
7.6928490
8.3314925
9.4584143
5.9179764
6.2011946
6.0630941
9.2848025
5.6248918
6.5316485
9.2722767
7.3429704
9.2005725
4.2762854
9.7734620
8.1226603
4.9397862
4.7837446
5.7512564
5.2609018
6.8382943
6.4488000
5.9143672
6.4484462
7.0129570
5.2543608
6.0043269
4.5839880
4.5700367
4.7360195
4.7217179
5.9737672
4.6354507
7.6773872
6.1777427
5.3507462
7.0163437
5.1591422
5.7397786
4.9909201
6.4666407
4.0329652
6.0823509
6.8568720
7.2175660
5.6276925
4.5499981
5.3583843
8.7737856
5.0325784
11.7633796
7.1148379
10.7923639
3.8685275
5.1791213
8.0131904
3.9730731
5.2529314
8.8676589
5.4876408
15.0592097
5.3850214
6.8621307
7.8425902
4.4755850
6.5164351
7.0745235
4.1192914
6.0362880
5.9124098
6.4260792
5.2058315
6.4099034
5.9553313
5.5610912
7.4610250
5.1238424
6.3790285
6.6751818
5.0307039
5.0684669
4.7216512
7.2575537
7.4283837
6.4664070
5.4920070
5.7672761
5.3806559
4.3930529
7.4986547
7.9327975
6.8776821
6.5273976
6.5211707
8.7097090
9.9837084
9.4837135
9.8955560
8.4218928
6.7781024
6.1200513
6.4096400
5.4040528
7.3528773
5.0309175
7.4589346
10.1025767
9.5687304
5.9298786
7.1220805
8.4670467
7.8436933
8.9906558
8.4325889
4.7293339
5.9110625
6.0762482
7.2152406
4.8101827
6.5196052
9.5284383
4.7841894
9.9728036
5.9350474
5.6554020
11.0483731
7.7036005
37.4028792
41.3338725
136.9943118
22.9844623
243.2955817
259.3342747
395.7353611
359.5105831
208.5530951
106.9193756
104.2776444
102.9670236
104.9810429
161.2059330
232.5788546
170.9677969
170.3352465
183.6914811
350.7751155
88.1834922
149.3626896
137.6888076
76.1874761
21.4537220
82.1997576
73.2732978
139.4133090
68.9170880
32.3848731
93.3750584
4.9807536
14.0095090
81.3021796
23.7234179
45.8202625
8.0250875
17.7744236
20.9385542
9.6283003
8.8699793
5.8465461
7.2637010
9.9721715
5.6921046
15.2044602
5.8842818
10.8015849
10.4430140
4.9011486
6.1813026
5.0878714
10.2834766
6.9558656
3.5624078
6.7747271
9.9402175
10.9469333
21.9045850
20.4598980
9.5343638
9.2869831
10.1296601
12.0012569
15.2838771
11.1091643
13.0061532
14.1087386
6.8964906
7.7772529
16.3544598
7.1945818
10.8228834
10.4446224
7.2568728
7.9235180
5.7531206
9.1797027
7.0176745
7.6615983
6.7648613
21.7368061
16.9731363
23.7279130
6.1756095
55.4514948
6.1775161
6.9368403
8.5856657
6.3576771
7.2490413
5.4821698
7.0587879
6.6099823
7.8643831
4.8879611
5.2928501
5.3644456
8.2795845
7.9697100
75.3693430
6.0001246
4.5793876
46.2345764
12.3661172
10.9652764
15.0969956
6.6563243
35.0521644
7.4946088
10.6636962
8.9633704
9.6016873
6.7136448
8.2003649
11.2476483
6.7498130
9.1337969
13.5190258
8.2803856
4.5156071
86.3547407
16.6656866
11.0940053
8.4518120
5.0274620
9.5154972
6.1960933
23.7936747
7.3848967
13.3254115
9.8997631
4.1801916
4.4944647
22.5713619
14.1413622
3.5193607
35.4675412
23.7110167
6.6344862
30.1101357
44.6342511
33.1755714
68.3452994
6.8705885
106.8019488
51.7027512
44.3927944
57.7635128
64.5855867
81.5819389
57.7573724
74.9013340
61.7655172
22.9900993
16.8979538
168.2633735
16.9429271
10.0340413
14.5199961
28.3610905
4.6025852
92.5712356
8.5828536
3.3466750
20.3828781
7.1298895
3.9826350
12.6010921
15.4417259
12.3269883
33.8790621
42.6054577
4.4717763
103.2089062
17.8044817
61.7401380
138.6251036
4.1656601
26.3111559
51.8012035
187.5714330
11.6639210
4.9236864
8.2585123
6.0851187
12.5671899
80.0766747
5.1583800
5.8941665
9.2057787
14.6891243
10.4585324
12.9985462
18.6573984
5.5356183
8.6098111
8.1833970
5.7146028
5.9898446
4.8637342
4.2769068
3.9048215
5.9559828
7.2816882
5.5904649
4.8899028
3.7589136
6.5498880
3.8413749
4.6122738
5.1450436
4.6064362
7.5786036
4.3122968
4.7988183
4.1524914
3.9220324
3.6716123
3.9305779
6.1748064
3.5551419
4.6333623
3.8576320
3.9542558
3.4617942
5.4444480
7.3106977
4.8980197
5.7767522
4.4390626
4.6284797
6.8251479
6.7421993
4.5005701
3.2018412
4.1911652
4.7480728
3.7571114
4.2510710
5.7064336
4.0902761
4.4299694
3.5208794
3.2193889
3.9009028
4.6176447
3.4434283
3.3706401
3.8318328
4.6627368
3.3584031
3.9531257
3.5692991
4.3463698
4.9207252
3.8632213
4.4885936
4.6608875
7.1852924
3.6341958
3.4549393
7.4086526
5.7292314
4.0161400
5.0997435
4.6251572
7.7908871
6.6029689
4.1153890
5.6248025
7.5982158
6.2174101
6.6849896
5.5647013
9.3465229
6.1496547
4.5459205
6.6282777
4.8382987
4.9980027
5.4740477
6.0322684
4.9280958
6.4386915
4.6906655
5.2484766
6.5394888
4.9975215
4.8487466
6.0893418
4.0399333
4.5649978
6.1653073
4.2050465
5.1655117
6.3478921
5.3248260
3.3472765
15.6082558
5.0924881
4.3806123
8.4403257
4.9948922
6.1557891
5.4551491
5.7234127
5.7567394
4.7177621
5.3894918
5.1119736
6.1773455
7.2454577
9.1448573
4.6789113
7.6271998
6.6231711
4.8377483
5.8650242
6.0966314
7.6796587
6.1375867
4.0038137
9.9031628
7.2229603
4.9394232
8.8568296
10.6072236
4.3686352
7.1674849
6.8681864
7.3607220
7.2544824
6.1472185
5.9898760
3.9027833
6.3174354
3.8900826
7.2366951
6.3861073
6.7859660
7.8694943
6.0825438
5.2155080
4.8885392
6.4951170
4.4554815
5.3363756
7.0140176
6.8500927
6.0936844
4.5288981
4.3999456
7.8205240
6.5422108
4.9137360
5.8312731
4.6095896
5.4345665
5.6051894
6.0164259
5.4501522
7.7315498
5.0702493
11.5712017
5.5396218
5.3387671
3.2233755
7.1553388
6.7397342
6.7596090
4.8345513
3.5373321
3.4084934
4.7027302
8.0654324
6.4819685
5.7511169
5.6018792
4.7982537
5.4445807
3.0120176
4.0842311
4.6533630
2.8684705
4.5645381
4.9691893
4.3648645
11.5296387
4.6782987
3.7779897
4.3350018
6.0950635
3.2752057
4.9586974
4.4132164
3.8184204
3.1867739
5.6621617
4.1389217
6.2272920
5.4761247
4.9392503
4.3527811
7.3217203
5.1752018
4.2561689
5.2852425
5.7907779
5.9817631
5.4642144
28.6033466
52.6062938
3.4101604
3.7751934
6.0576024
14.1688082
4.2068214
3.9731507
3.7170429
4.7970341
3.8909419
4.4702859
3.8381818
4.0531054
5.2165064
4.8870308
5.8302408
4.2177248
6.4571158
4.2267578
38.6704121
9.0700995
6.9446619
2.9073204
7.8907841
12.1906058
4.4093290
4.9562437
4.3258493
6.9473124
3.1336054
9.2406640
5.9613755
4.0070968
4.5076203
3.8317775
4.7309784
4.0269735
11.3292144
6.0144685
5.3071741
6.8029561
5.9447756
7.0948274
6.8446118
5.4041555
5.6209930
5.3434057
9.6905755
6.2207491
5.2315782
5.3638236
6.1357228
11.1082210
8.3474254
17.9847615
8.1237821
7.8345514
16.7022993
4.1058842
7.1823030
6.6575766
9.4079448
14.8637298
27.2277155
6.0236414
4.9302711
7.8705057
90.4861079
6.1049298
6.1006070
7.2420455
20.4704056
7.7235129
6.6645698
8.7809543
4.9629649
8.1057468
14.4699452
10.9752360
6.1958704
4.0185579
8.3991767
5.5577764
6.8037775
7.2515607
28.2657235
5.0192544
170.4414579
42.9761250
50.9343639
7.2643673
7.2603334
5.6616707
9.5493225
3.9338229
9.5453060
64.5930268
3.9531316
7.9297808
7.0921787
5.8971266
5.2278414
8.7753278
6.9025435
8.9733343
7.1251028
77.7595378
7.0702968
4.6549192
8.0972758
6.9534364
2.7938856
5.3459077
9.7618831
5.7317817
15.9126663
5.1193854
17.8099701
18.8965678
11.1268004
23.4679080
9.8443514
6.5718072
6.6967519
11.8126646
4.7737427
8.1974355
18.4158019
12.2619255
5.1607990
5.8268278
8.6133416
10.7479505
5.8812004
41.1982887
34.3157128
8.8443219
10.7046855
13.3508390
22.9795953
3.6606056
5.7751287
10.0380326
5.8526806
5.0228587
7.3077483
6.0997114
6.1334136
6.7310387
10.2619492
7.2114709
7.8715584
17.4953170
8.2391695
25.3189483
6.2698777
35.9691684
4.9786414
10.1885453
7.8929696
82.1679994
5.0630519
3.9243947
27.9524734
38.8290991
6.6607820
16.9047977
10.8920711
7.7754266
5.0521155
3.7641432
9.8355061
9.1244524
3.0084451
9.8511578
14.4420488
8.0155025
7.1672459
21.1488901
6.8602205
6.0854579
5.6644961
6.1262225
6.2055515
9.1444064
6.2412137
10.5348013
10.0567476
6.0575174
9.5761196
6.0703042
7.2120417
7.3422943
8.5933438
10.6655280
14.2249555
10.2114851
6.9606751
9.1747153
9.0731846
32.5256780
8.3964448
7.3434545
6.8323737
8.0757940
6.8325777
121.0186123
6.0613143
4.1434929
8.2593940
11.1237630
11.0767055
7.4585741
15.9246332
7.0580561
4.1859598
9.6676200
11.5388965
6.2579284
5.4253724
8.0703361
10.5233558
9.3903629
6.4297675
7.6974885
23.4732804
8.0859203
7.1209582
9.3444127
8.8099416
14.0223339
16.5702978
17.0482705
8.7450866
7.9345070
12.8733984
17.9483255
16.9278239
7.1352115
19.7801450
24.3956023
28.4984946
9.2350505
5.7326249
11.8930994
64.9610617
5.0621818
8.2315276
10.6849453
43.0811231
6.7443431
12.3687717
8.3995742
7.8650846
8.6259334
29.2587912
17.3179826
33.4830729
13.4991018
102.6413232
7.7414613
10.7088675
7.5363907
10.4500841
9.9139858
13.4447761
10.7780344
123.4098924
15.2980519
10.6909081
13.0341329
6.6198999
15.6473594
14.1063411
28.5850665
8.8683882
12.8301115
12.2717444
12.4711736
14.1882673
12.3108369
16.8537082
17.4383173
13.9012025
21.6192035
31.5363804
31.4702649
10.8795602
8.7113615
16.0905969
17.2859869
8.7552415
20.4910421
12.8077337
6.1188908
9.5360461
7.2387038
8.7283927
4.9243907
9.1052572
8.5848053
10.9736295
10.2605239
11.3270511
7.7005178
5.3338057
5.2179490
6.6816420
10.8337065
4.6445316
2.9596987
2.5552813
7.0862855
4.6106275
6.0863453
8.4740772
6.1403144
3.3412440
2.6270994
3.6860576
4.9979064
7.9150380
4.8368278
10.1193599
4.5090199
7.1926637
4.9084608
7.2586344
7.9078162
6.1293209
6.6868581
6.4772693
7.2620982
8.1339178
7.6634746
6.6252299
7.4642793
7.6705857
8.8097287
6.9837490
7.3281176
9.6416985
6.6349725
7.2589191
4.4741998
9.1108227
6.0585159
6.2254113
6.9716952
5.2999018
6.6192783
6.0604823
6.8270050
5.7045332
8.7318798
5.1555871
5.2237716
8.2615631
7.4437922
3.9413426
7.6427928
6.2093753
3.9813630
6.3968767
8.2601183
5.8941643
7.4208606
6.3500572
6.4280197
3.7887602
7.0525142
6.3007751
8.1231025
4.7975173
5.0587092
3.4919933
4.3015073
3.2190602
6.2698768
5.8549967
6.0209027
3.1255454
4.3768211
4.0699016
3.7879621
4.0242392
3.4692339
4.1256703
5.1281861
4.6647272
3.6074201
3.7886591
3.6821814
3.9521837
3.4092145
3.1230399
4.8751803
3.8767466
4.0230400
3.3892122
5.2519547
6.3945773
3.3864080
4.9448371
4.9037345
5.7259324
5.4597543
4.7485104
2.1276147
3.5211269
3.6111593
6.3210217
4.4903581
3.9667226
4.5809775
5.4292230
3.9712432
3.3090002
3.7034032
5.3066366
3.4186969
3.3267906
5.2144306
4.1561653
3.2938227
6.2699634
4.2710492
4.1312240
4.6489259
7.3478781
3.8097126
6.5727697
6.9987067
4.8817159
8.0846493
9.0469421
4.2506167
4.8501659
3.0033910
4.6173738
9.9000529
7.4685133
5.4604894
9.0599045
8.0844119
7.3886312
9.2478644
13.9558406
7.8919551
9.3963770
8.4543830
15.7687676
12.9356574
9.4111673
8.6420852
7.4076794
8.5946690
12.2097372
7.0641155
13.9404029
8.3697793
15.1084760
10.3949406
14.5351621
12.0492177
7.4914877
4.9148075
6.4267176
5.0358917
5.1089122
6.5338461
6.9033585
11.1119499
8.5867499
4.5262768
13.9660241
12.3165847
12.3031974
9.2910959
4.8566128
7.1131719
4.9297855
5.1537653
7.1299732
6.3866976
5.5566394
17.3955486
10.3186244
7.3176237
3.2688711
4.2114240
4.3340060
11.9186021
19.1020843
5.2371923
3.0820629
3.8028635
11.6384961
10.0280077
8.5031177
9.4022059
10.0487328
5.9234618
7.0547839
5.6169764
17.4594059
6.9662587
2.7249648
8.6203298
7.3900771
13.3228014
9.2364994
3.4985899
6.0831829
5.1014090
5.2409146
6.0376204
3.7922035
5.8808687
2.8079466
3.9467679
7.5761190
5.0725461
10.6814900
7.6945400
6.1433915
4.6221465
15.1581715
2.5893798
7.9768066
2.5560226
8.3896133
4.1332735
2.5165462
13.0616086
7.5235009
8.3447985
8.7871394
6.4742802
8.6380658
6.7920261
9.8559499
11.1228042
10.2996002
9.7967494
6.5842926
5.7702464
11.4739344
10.7660926
10.4772646
5.3331029
14.5139243
13.8507231
12.0237269
8.4313177
12.8269193
11.4196104
10.7969145
9.7405062
12.4205811
12.8669847
10.9144599
8.9908131
10.8851643
11.1365159
10.6444615
11.2286224
14.9665946
15.4963041
11.4097151
10.0920548
16.4507447
10.9946825
15.1152743
16.6265579
9.7493553
9.8551393
15.0851668
11.9859063
14.7120154
7.5188198
12.7130512
8.8265229
14.6333888
10.9238018
17.3576179
10.7000042
9.0576123
9.7732057
17.7957968
8.6920264
13.0911834
14.7583675
6.6906238
7.0933647
9.5156628
17.6157570
11.7908787
4.4252256
9.4254198
11.1472787
9.3834710
10.8707471
4.8533150
11.2946697
9.2606422
10.1457955
11.6591153
12.3300525
14.6494976
15.3333757
15.0584441
12.2201901
6.5360634
9.3252883
6.7340185
12.0517928
6.5041693
13.4334615
9.7700843
10.7128890
6.1347063
4.8130220
5.6516582
3.9399812
7.5451049
6.3173545
3.8398181
7.5916967
7.2638018
1.8701410
3.3343082
7.8219779
5.1758948
3.8951476
4.1504828
9.1340449
3.8728138
3.8993621
4.8298022
6.7932626
3.6169396
3.6577244
4.3328734
3.2112072
7.5979752
4.3086603
7.3274192
10.4296455
4.6088624
5.3582106
9.0786748
4.9887157
1.6070381
4.5107936
8.9869448
3.8239896
2.4052264
5.1587730
2.7511561
8.6998744
2.2313617
1.8004108
5.1618093
4.5847570
4.2235091
3.4776277
6.6668317
4.9332612
9.7547550
3.6174541
5.7246038
5.8837563
4.8281084
2.4941084
7.3010294
3.1054530
7.8785551
5.4766631
1.3192167
3.5460412
2.3671344
2.5434095
5.2117152
2.1330628
2.7494997
1.8540306
2.1041334
2.7993938
3.2681461
4.4576732
3.8438090
5.7868339
3.8246024
3.0052339
3.1987746
3.5877916
3.5499209
2.9073040
1.6436111
3.2119512
4.7104246
5.3627231
1.7930194
3.8814352
2.0148017
5.3617363
3.5482756
3.7959235
3.5809503
6.0779505
5.4111913
3.5544191
3.0978242
5.3443492
4.9053256
4.4032139
3.5004409
3.0805433
7.4515454
6.1550032
2.5066007
6.2019784
3.2088864
4.8248933
7.3643336
8.6921028
5.9342930
7.5455259
4.2431754
5.5739975
7.9124353
5.6451299
8.4045030
5.0834933
8.2298219
5.2316173
6.2585268
6.8412790
4.4472452
8.6642403
4.7145147
6.9836087
3.4487958
2.7188319
3.9263801
3.8947157
4.1811620
3.8363710
4.8185390
5.0398478
5.4630440
3.3587408
1.9196340
5.7321348
4.2136082
2.4169055
3.0584586
2.3925638
3.7206984
3.7207056
4.9470981
4.6382624
2.5419104
5.6565832
2.5274582
5.0849688
5.5121684
6.4906107
6.2294298
6.6604774
5.9909881
4.8279448
6.6089259
5.7189825
3.0913541
4.5386767
5.8005939
4.9078617
4.8969990
4.1884526
3.9863651
4.3862362
5.5838125
2.8489646
3.3219793
2.6128575
3.7572443
5.6393847
5.6957944
5.4216445
4.1371189
2.7332580
4.2832351
7.1402698
2.5257699
2.5951800
2.8108183
5.8188679
4.3378510
5.4829728
2.8265252
5.3398663
3.6051329
5.0409065
3.6349328
5.8320409
4.4365924
4.6220855
6.3715850
4.7318748
6.2051200
4.9539429
7.9539815
7.7096368
7.6974751
5.3262960
7.8731596
7.1400666
7.3664622
7.8066834
10.8658553
6.6869284
8.5802457
5.4531613
7.2916449
7.3671015
10.3036919
10.3283079
5.9409043
8.3229216
10.1516503
8.5086250
7.7682174
9.5710830
6.7834015
9.6868680
6.5664959
5.5028367
7.1545587
4.2651807
8.5309684
8.1900086
9.2827257
9.3605090
9.0264195
8.2747461
5.2961004
5.3877110
5.7815389
6.5919466
4.6547603
7.2752513
3.6309725
4.3498673
2.4537757
3.0663499
4.7697114
3.1820178
4.9462357
4.2528915
3.2171026
5.5791181
2.4005588
5.1984611
6.5009464
6.3037234
5.0407017
7.0514030
5.9479806
9.1713151
7.5584770
4.4222381
5.0683209
18.6814559
12.5150337
10.6367001
8.4456095
13.0691495
10.5243143
2.6583773
25.6024033
8.1206536
34.7257137
21.7984980
6.9578182
4.4934251
38.1679615
5.5605374
12.4112443
5.0048818
5.2537893
30.5469312
15.6557410
13.6721583
5.7985799
11.9314530
20.6432468
12.0076788
7.0589006
35.1870373
8.3868278
47.3616538
10.7789140
139.6527556
9.1047219
19.9866656
22.4161521
20.0796942
18.9219360
12.9612125
6.7656727
10.7604411
82.7950357
6.9012309
27.1671835
6.2608355
6.2952137
25.2281937
6.8374242
256.7538094
6.7328200
9.0048162
9.4724953
8.4199360
15.0473598
6.8174110
15.7657284
4.0716237
13.4587368
3.7495518
6.5379175
5.4113398
4.2262515
5.2870808
12.4444005
5.5459836
10.3730349
6.5913150
10.7686943
7.7035959
9.7159577
30.4242565
50.1195275
4.8726364
4.7715509
5.4899197
6.5067637
5.9290960
6.5394839
4.0414786
9.7733702
5.5817468
6.3960980
4.6548528
4.6699820
2.7288664
5.4916118
5.1487958
4.6418126
6.5242364
4.7104327
3.4781831
5.1589132
5.8722243
4.5166522
5.0868139
5.4638728
5.0596545
5.0016508
2.9329281
3.0349471
4.0690446
3.3958590
4.3528350
8.6409444
4.0401717
4.1954656
4.8596896
2.7017106
3.0804084
4.9022685
4.9838611
6.4345521
2.8333415
4.2753542
4.4903433
7.5606628
5.0249911
6.2394074
3.9574806
6.6285683
5.2780622
3.2135838
5.2846290
4.7659137
5.5966072
5.3707372
7.0647073
6.4028498
6.4111964
6.2080774
3.5918723
3.6647439
6.0668473
6.1699310
4.5207405
6.0679028
3.5334147
6.4188489
3.3489819
5.4400483
9.0252618
4.3654257
4.0513336
2.2767628
5.0236121
2.5848772
12.9203825
3.8538693
2.9008946
3.1546884
2.7389433
3.5719182
5.6871405
2.7594132
5.5166180
4.7969549
3.6714934
2.4142813
3.5667445
5.8076221
3.6761517
3.9741380
5.2256629
4.2660636
3.2805912
6.6271281
4.0087594
3.9746743
5.0611707
2.1390701
5.0116384
4.3475946
3.0299627
3.6243184
5.0915938
4.9604901
10.6581503
3.9734144
3.1151772
4.0079215
5.4113855
3.6346137
4.8272859
4.3294648
4.9682859
7.1249826
3.8583850
5.7875100
7.4935285
5.7445020
6.6619971
4.1838056
5.0697402
9.8289918
5.3962387
6.4303493
5.0826602
4.7642250
6.2316309
3.9351327
5.0387616
4.4111770
7.1975969
5.8338093
4.2054561
6.5470979
3.2923595
8.9907338
5.0633314
5.0530302
4.4324980
3.4221986
4.6755163
5.1678899
5.7802230
6.4317830
10.3889284
8.2181595
7.0713202
7.6070805
6.4357991
9.4910684
6.4832179
7.3030935
4.9454447
6.4236913
6.5990559
8.9748244
5.3403058
15.6334087
10.8390095
7.7473392
8.7304825
5.1836420
16.2355054
5.2108371
7.3147349
6.2843358
6.5498585
7.4999877
6.3583325
6.6282977
6.2840825
4.2853237
7.9803794
6.4505674
8.8967394
9.1926417
8.3810089
4.1920223
3.5201611
8.2261851
6.8786091
9.9448328
8.6023060
5.3639320
7.0882367
6.8617440
8.5780066
6.6885715
3.4760702
6.6442588
7.5395925
7.5355336
8.7880867
7.0500316
8.0717607
8.8976594
5.7351120
8.7748474
5.5887691
11.6530192
8.4412878
8.9134942
9.1640956
8.2445291
7.8253423
4.9232749
4.8898587
9.5193773
4.0769249
11.9309121
5.9052227
7.3342643
7.4109619
7.6268630
6.0773611
3.6995854
4.8937181
5.6223151
9.0503325
7.7483027
5.7020279
7.9593235
7.1968025
4.1980794
7.6619429
10.9928248
6.4066413
3.2930453
31.4642653
4.6016495
9.0157015
5.0311805
11.2333642
6.1523876
7.3582253
59.1322590
8.8830773
11.1274022
7.7603792
8.0058179
22.6223834
19.7238491
16.3733964
3.9008525
16.7986769
170.2483578
125.0029968
6.6161433
7.4131592
9.0870376
70.4704246
19.9296599
119.3408238
62.8729690
18.5021540
42.6211419
17.3158023
49.2967427
87.4322761
629.9056601
83.7856270
38.2635693
84.7584632
114.1051815
235.7182479
48.7757009
16.3211684
34.3523790
232.6705508
171.7183544
11.2530278
7.9688900
29.7727749
10.7722800
8.5029462
9.0469283
17.5111705
115.7634834
12.6450720
9.2227293
115.5546626
29.8724113
210.8220420
97.4966135
61.7674345
199.5260477
68.6451253
47.0692100
46.9293802
10.5198469
17.8724090
14.9468055
71.0332974
138.5722224
78.6741967
161.4218169
32.7533002
209.5623050
14.0750290
32.1416723
29.5301840
243.3006560
338.6454429
266.0529486
279.2101894
31.0033046
171.9494917
20.2992449
14.8968528
82.4502926
63.0133636
149.4842706
191.7932893
38.3255606
59.5780014
44.7044547
311.5686873
37.9761576
85.7893062
61.8877023
47.9034003
71.0323453
21.7704194
24.2144740
15.1323340
96.8845566
20.5474227
24.7267988
24.1187438
15.5545870
38.1308439
20.8805491
35.6361540
9.0880633
7.7237818
9.6054603
16.2229231
23.6719834
10.7271842
5.6761555
8.7255190
15.0251432
3.7881618
6.5671744
3.5359663
4.5006830
8.1820904
2.3514770
9.1030321
3.1344428
4.6950726
2.5336403
7.4627680
4.4997337
2.5414674
5.7878749
5.2597479
4.7470709
4.5711104
5.1433339
5.9449209
6.4118680
5.4279195
6.4927711
7.3735325
7.6308739
5.0335768
6.6940133
4.2957484
4.5553787
4.7767737
6.2197556
5.6893307
4.1640758
2.6408272
6.5875239
3.0171423
3.6962553
6.0238285
4.8592669
4.9268397
7.1275663
4.0339075
3.9266393
4.7090715
5.3525544
5.9680969
5.2398756
3.0394350
4.2125170
4.5952716
3.9982241
4.7032885
3.9475563
3.8981813
4.6473059
4.0587311
5.6408338
2.7589912
5.0658652
4.3089582
3.0994121
3.3229153
4.4819890
5.4194180
3.5315118
4.6477162
4.1787728
3.8922649
2.3313833
5.4028727
2.9323659
5.3379930
4.9030711
2.9621528
6.0339095
3.4854009
3.0132081
2.9299860
4.9787776
6.8960660
5.6124371
5.3958255
3.1091167
4.3143393
44.8736267
3.7196427
3.9071444
3.3500788
5.2540501
3.2950401
215.9665840
7.7044445
3.2826153
4.0578075
4.4812993
10.3575036
5.0748356
3.1171367
5.0835283
3.2290336
4.7093038
8.9434184
3.9277361
7.2495775
8.2460557
27.6896076
18.0096063
18.1413729
34.8744344
15.2277383
47.4894827
7.0596874
3.3335344
5.4938661
26.5100945
17.8808718
5.8847706
7.5328895
26.2303736
6.6074098
32.4834974
7.2036319
14.0178876
7.0536717
6.4327377
6.8332973
8.1629179
12.1320225
3.8787680
93.9895535
5.0697341
10.0116120
7.1654869
9.1707473
76.1082571
6.1580502
7.0970888
4.3096914
5.4478327
5.9914909
12.7576132
7.5398865
78.4732003
4.1555738
24.1157140
31.0129052
18.9126446
8.1501114
3.7303784
47.0025593
26.2795078
14.1977932
14.3091005
5.0434935
21.9856110
5.4375782
4.4764019
24.0204913
24.3285326
35.0690489
9.9867765
41.0217904
37.8776456
9.5662818
103.7148553
7.5499022
5.7634662
34.4244045
18.4286830
58.6637140
6.2659077
6.9824752
9.4331676
85.8117657
56.4449207
4.9911787
6.0194953
100.2935290
6.6436569
3.8628078
13.2388497
33.0287567
25.1950162
5.5020493
30.0025335
60.4490048
23.0011614
8.1486722
4.6402500
36.9154601
6.4568517
157.1781135
47.0578667
14.4728810
234.7617027
6.2753587
8.6872543
14.4420251
28.3435039
8.3175360
7.5338182
57.0052819
71.8344547
4.0949502
6.6186857
13.9120195
6.6987253
5.9988861
60.5526818
21.6699377
16.4491334
10.9901467
7.5313062
22.5480450
58.8312178
10.2402452
10.6597138
5.7121761
247.4268037
11.4611257
6.0577835
14.7036570
13.5073423
110.3366757
4.0587765
7.5848976
3.8934705
37.7389319
7.6170188
134.4335479
6.6542271
6.5497080
4.7907474
37.8719296
5.0477531
17.4776223
3.5289338
9.6196851
3.5836268
25.4466661
91.6981679
86.9926455
3.7714530
7.2929653
68.2264589
76.1241681
7.2566364
66.1070182
24.6482511
6.1509708
19.0021010
26.0050810
13.7196207
11.0393977
4.8397703
3.9868407
6.8077968
35.8951697
38.2170375
14.6164139
4.6187990
7.8185896
7.4745799
31.4005362
8.2340204
71.7189518
10.4449900
5.0295649
5.0159549
6.8731854
5.3633565
5.3349529
17.9184365
26.4955486
5.4364139
5.1235878
7.3861388
11.7832984
4.7919002
23.6532741
16.6149943
8.6800110
22.3673435
3.7957624
56.1357121
27.5325267
3.7514707
114.9588908
40.3045396
5.7922060
41.4057315
5.4623596
5.0261097
8.1985841
3.8445957
26.8715732
3.9019860
37.5855429
49.6496143
22.9282737
7.0905447
16.9090216
7.2475375
22.0854026
2.5555575
4.9040646
4.3262166
3.2768747
3.0562694
4.6252639
33.3687940
8.4507976
9.2973122
78.6421513
57.2128360
20.8100548
4.2891474
4.2078783
23.8451009
11.5900124
8.4484462
9.0362182
201.3652934
8.9434379
69.3098266
6.7558429
5.9793951
25.2494440
33.9193385
19.8919072
7.3077378
60.0725300
21.3560402
5.9727487
23.3742221
6.4143849
3.4888398
42.6314467
5.7007733
3.5170101
47.4654353
31.4319494
4.9574929
49.0673829
3.9424808
14.5172731
6.6192052
51.6721669
3.1954285
2.7999041
39.2460216
4.0394820
3.7400053
166.9579223
3.8006545
3.7963820
6.2468138
63.0238043
20.1625668
75.8533583
8.1551462
13.9282352
5.7959235
22.0350618
11.3889018
166.9848930
135.4193924
3.8150804
28.7563932
7.1540745
5.2129922
6.0024360
6.5740704
41.8685754
142.6693548
30.1235625
66.6038638
5.8146315
149.4322658
6.4671274
31.8303378
20.1672651
65.3702328
6.1760499
3.0814313
5.4858883
4.6481938
61.4945945
5.9363537
18.5774659
6.4878997
37.0557969
62.3792452
6.5643378
6.5941412
84.9105515
50.6447158
34.7889652
93.4812633
17.9689476
4.3773439
14.0039377
6.6825073
24.5511586
5.0110238
11.4437410
7.1612552
4.2649337
43.4173340
18.2028414
4.8951156
9.8794100
4.8784504
4.8839405
5.9861643
20.2802211
7.7575028
38.6234013
31.0826649
5.9849107
27.4378674
6.5037583
6.2315719
10.0175693
7.4533902
5.8002860
2.7447795
5.2077401
10.5494777
6.4490104
18.1847868
5.6783067
17.7028963
7.6668864
5.8754734
2.8903022
23.6767186
13.8546927
12.6139974
6.4874915
5.8747281
26.0225871
9.3022788
5.2508556
3.9300677
6.2590272
93.3104112
58.7709944
3.7509889
7.9097434
4.9783691
6.3500457
10.5718240
65.7489884
13.7371803
4.2619950
15.6647533
12.6063616
4.2487017
58.7208409
73.7471238
55.2746204
43.3970662
28.5128565
3.8446475
15.4784595
11.2074720
72.1209314
23.3856628
4.6396499
28.6000872
78.6984675
11.1181163
10.6446759
5.4866039
7.5914056
6.7716697
49.6176056
8.8711562
6.0242975
7.8669105
11.2166467
14.6771875
24.7804692
47.2239782
21.2543128
73.7280154
10.2149352
5.0456265
32.2101162
3.1283444
10.7952444
9.6856584
4.9786676
90.0052478
10.4581389
6.8222538
35.6928309
11.1224675
6.1010760
19.2536097
5.2205120
6.6166707
12.5170517
5.9689716
29.1879228
4.5665109
6.8113133
4.1802749
10.1319310
5.4009726
20.1969317
13.3593602
96.5638202
4.9759739
3.4257605
21.6874366
6.2320401
63.6325263
20.5089722
8.2863741
9.7310963
65.9150309
4.6831626
18.2843643
38.9844763
5.0755395
8.1029718
7.7652050
6.3483877
27.8041002
37.9991669
39.2471727
15.7313165
6.8038132
103.5118394
19.1710812
11.1424655
47.2586510
10.4924217
24.4100965
13.2696811
4.7673936
9.2767305
7.0289315
45.8530048
5.2533825
42.3775144
8.1448934
25.4517513
4.8931855
7.4307538
17.7217484
3.5990604
6.1195700
133.4362704
4.0222099
6.4868632
7.2786865
17.7842554
39.2938925
125.4279877
9.0466382
29.7728035
6.7887718
3.8106654
7.3498084
39.2441582
90.7315543
51.3711756
26.6114066
3.5969070
4.5012861
4.1470119
31.8555791
22.1079830
7.7783337
6.4832139
27.3813594
38.6309856
7.2864933
9.8439267
4.4916013
15.0436060
30.9220309
58.2715534
8.9315254
117.1692782
50.6627929
12.8258998
8.7490992
15.4569306
12.8036035
62.6930249
114.6574245
122.7019892
45.6154628
83.6714853
23.3269849
27.9833880
5.0988499
5.9275106
9.7008809
4.5346700
12.6442750
69.3276219
57.1464367
10.7843874
9.0525632
181.4843651
30.5200864
4.4730630
5.9840167
6.7253792
19.7706534
7.3328739
13.3947385
5.6305099
6.0672924
8.9114923
27.3962301
90.7513558
19.6662541
14.0296498
95.5295980
54.0341366
16.8624005
81.9837526
40.1928875
30.7546232
66.1616624
6.8939608
95.5233545
61.1512146
117.5397529
10.1862993
18.9386720
15.3226185
15.3492085
10.1225266
233.8596019
10.0048372
94.6785966
47.0762279
11.9928413
9.1526665
7.8286669
11.1563068
14.4549826
39.9696271
4.2603996
19.4136209
19.8448684
9.5140884
36.3475729
48.6407422
36.3831048
49.6545980
6.6472127
32.6943291
28.1984510
7.8009605
24.9843991
9.3445582
8.5127858
8.2010880
19.1501013
6.1772249
9.9141246
7.4171980
7.0541011
7.0200007
8.8789766
9.9378272
10.6905147
4.8342806
7.0643006
13.6473862
9.0376840
15.2979776
7.3909598
8.2476664
6.3615344
6.1018282
9.7311444
8.8992398
8.1171572
7.8746977
6.6401733
14.9148803
13.3418627
9.2840268
12.3686540
10.4454208
5.5936539
6.8171695
2.9229466
5.7027213
4.8976816
6.4052833
5.9555673
4.3976602
3.6821979
5.7426816
9.5988308
6.9937032
5.3958699
6.2764766
7.8131788
5.5729238
6.2359108
6.7665559
5.7137646
7.3402982
10.4538003
7.3474341
6.9066050
5.1857109
6.8615849
9.4401918
6.5170191
7.9458408
5.2700688
5.6748795
4.9101215
4.0184953
7.9143112
6.9996002
4.3584844
6.0818853
5.1764750
5.7825761
4.9682754
6.9542265
5.4645272
3.8922850
6.3042061
6.7190939
5.9478170
4.5209694
5.1705672
7.7725526
4.0288538
3.3455051
5.6736287
6.0202321
4.7135786
4.6803436
8.7840951
7.5127039
4.7330278
5.5752172
4.2137505
4.6923288
5.6778476
5.0770422
5.8528443
5.8199779
5.5839917
4.4223176
6.6070884
5.1738120
4.7968439
3.9200869
3.7567643
5.0746054
5.3204758
5.1219577
5.6326512
5.7483820
6.2523486
6.9956706
7.4611991
3.2860898
4.1663527
5.6276926
6.4585814
4.7100597
2.9179537
3.4369212
5.1888536
3.8403512
7.1624122
4.4756582
7.0080508
7.9191703
6.2466864
5.1191179
4.0025992
5.9477496
5.7644932
4.7988672
7.1339955
7.2398576
4.9673621
5.2450069
5.9267869
5.2632296
4.4180754
4.6814425
7.9205776
6.8938493
6.4170539
4.4425796
5.0831329
5.1365835
6.4220462
4.5395168
6.3488415
5.8551655
6.1428133
6.3023563
12.0558554
5.8881122
5.4085473
9.3760534
5.3367324
4.3240769
4.2869925
8.7497538
4.4725725
6.6853423
7.0723968
8.4577645
4.3853261
8.1599894
6.0195768
6.6289163
9.4717421
5.9676242
11.9518949
5.7290191
4.3522329
3.0640515
8.4635738
5.0214008
4.6902132
8.3080980
6.0257582
4.8860763
5.6766795
3.3487756
6.2092616
5.6449617
5.1440193
5.6634716
7.0400848
4.6624326
3.7293086
6.0504036
3.4990816
8.4462566
4.7183080
4.1734569
5.3052409
4.1352368
5.1148984
4.5763035
6.2791328
3.6499424
4.9858734
4.7056464
4.5407168
6.3814125
4.7734141
6.3913186
4.3953159
5.7353451
6.6857841
6.6395603
5.1573417
4.7620763
5.6842447
4.1710989
5.7293505
5.0473742
5.8639328
5.6723240
4.9488531
5.3286634
5.2742492
5.4650574
4.0426360
3.9015428
5.4456342
4.9444857
5.3501648
5.5411798
5.7464693
3.3514745
5.1088036
4.6198043
4.6549766
7.7799602
6.0450431
6.7206790
7.0312539
4.9072000
7.1189828
4.9827276
4.1962747
4.9946247
5.8074307
7.3138968
5.0620058
5.5785461
6.6926240
6.4256399
9.9040480
5.4331361
5.5636137
7.7231451
5.9718111
5.7286703
5.6013770
6.5098577
4.2974468
5.7602419
8.1006110
6.1559716
7.3588769
8.3597526
6.7733011
5.6713707
7.4637837
6.9513615
6.1698352
8.0080302
5.9558129
7.6525445
8.1724883
6.3844599
9.3736747
5.1088147
5.7851627
8.0512328
6.7487933
8.6717065
6.6804027
4.8444508
7.3048012
5.2390171
7.1386861
4.9948418
6.0407945
5.1348749
8.0093347
7.1448087
9.3760509
9.6730709
7.4488845
7.1661248
7.7392061
9.0303033
6.2519319
5.7962468
6.4026807
4.9031972
4.6210539
4.5214219
6.4609483
4.6445931
6.7484230
3.1124542
3.6176605
4.9431629
5.7131658
6.6437017
6.4941651
6.8060035
5.5087356
5.9383101
4.0558363
13.2338023
3.6856544
8.3319878
8.7015063
9.1758490
8.9548065
6.5775260
4.3423240
8.4590201
10.6647247
6.0435632
15.7778229
7.2620901
7.3956987
8.6273140
4.2283331
9.4555184
12.0322005
10.8902195
10.5013478
7.8080218
10.6470411
9.5232436
7.3050309
9.6239058
8.3942371
7.1678902
5.4235293
5.6500650
9.0924138
7.3426485
8.2208951
9.2011448
8.5679324
7.7747437
3.9944506
6.4044115
8.2185598
8.2959503
7.4352491
5.8909259
9.8231540
5.6294131
6.8992848
6.3333644
6.0985761
6.7423968
4.9113961
6.1574460
8.6893505
6.7414690
4.8793997
6.2448230
3.2385453
7.6856289
6.1528917
5.7363786
7.8996136
6.4228635
5.8020182
5.8205919
5.1983468
5.2383739
3.9372122
5.8006002
6.1746173
5.9483118
8.2424061
6.4000815
6.3074914
5.1754130
4.5995029
4.0315720
6.8816015
7.3201621
5.7010135
6.3488733
6.2080105
3.1830696
3.9405234
6.1587379
5.6586049
8.3748295
3.6362719
7.4075253
6.5853716
7.0771577
3.3648220
5.6919300
7.9389938
3.5860935
4.5496597
3.7027568
5.4235165
5.2346859
4.2758696
4.8367032
6.5817205
7.3308662
8.9779327
6.0150842
3.9594762
9.5602391
7.5538501
5.3965663
8.8564923
7.3496514
5.5151518
6.0434851
5.2355435
10.0353374
4.6585741
6.3823716
5.8122986
6.1830573
5.8968257
6.6455865
7.0147045
9.8771301
7.0881398
4.9705483
6.4613140
8.8830523
7.4461135
5.0638270
7.3912059
7.3886518
6.3842518
9.2869621
5.3932688
9.7892814
7.4110169
6.3245464
8.2547530
10.9737352
8.6506505
7.8830112
6.7711997
8.3282931
9.0808961
6.1367465
5.7205029
10.5927939
18.0984160
3.2967554
6.0684347
4.9574381
6.6306312
4.6971486
6.7891190
4.4130723
6.9343101
5.9618670
8.4311105
7.9497070
8.9902013
6.1825182
7.7579000
6.9837948
11.8883770
5.5910252
5.6028850
4.2061312
5.9290156
6.1803933
4.0840281
5.5180387
4.9585179
4.4930189
6.3000502
4.6553795
3.9185650
7.9118989
3.1721924
4.2262005
3.3037574
7.2182652
4.4111635
5.2572125
4.8250138
3.1403599
4.7592292
4.5711148
2.9890711
4.2098128
6.2489172
5.2727148
3.2056303
7.0000968
7.5617937
4.0786202
3.5366806
5.1665361
3.4727898
7.9209501
6.0274813
6.4400704
4.3833623
4.6957464
5.0261064
5.1634499
4.2293560
5.4283957
9.1986371
9.7889322
8.9467326
8.7453180
5.7118754
6.3418150
8.0113782
7.0024255
9.6940477
7.8715364
8.6782536
9.8811607
7.4937072
4.8128249
6.8781383
8.5441771
13.3478100
4.6662732
11.1107684
6.5252677
7.4059671
7.3160154
5.9603945
8.2153810
8.6760310
4.7387846
5.4826292
5.5072664
8.5693530
7.6656436
8.6409028
5.9771327
9.7388792
6.6233916
5.0056627
10.4841419
6.2177213
8.7692882
4.8481667
7.9743696
5.0374500
6.4791779
7.1045968
2.9645151
5.4057287
4.9487251
3.7870942
5.1908165
3.0960532
3.8023635
3.9436969
5.0168613
5.9833190
7.9035979
3.0290853
8.8694039
9.9280648
9.8915838
5.4996007
4.4232473
6.8072099
5.7514025
6.7437594
6.3425722
4.7794843
8.4320396
7.2565638
14.3164865
11.2431159
9.0365739
5.7565593
11.8051119
5.7286341
7.7014727
4.9056657
5.6891952
5.5488847
6.4457401
4.7202492
7.0641501
5.7667616
6.5017261
11.5717583
11.1574819
8.9933971
5.6684166
7.3435716
6.2208258
7.2095033
12.8843673
6.7277172
5.6512008
7.7959277
6.0368601
5.6505351
6.1163589
6.0673939
10.9867842
4.9854281
9.8671221
8.5371582
8.2851582
6.4389913
8.3225580
5.2410357
6.5250699
4.2361503
8.0586710
6.2350164
6.1892643
5.8421134
5.3011206
5.4169545
7.6258046
6.6695243
6.2177587
7.5297281
6.2182098
7.3015629
5.5767093
4.6463046
5.7333180
8.5677033
4.7863720
7.5708118
5.7965008
8.2171140
6.9247652
9.2115866
5.8665921
6.5529973
6.2147855
5.6863338
4.6244286
6.7740115
6.6055190
8.8255959
6.7324659
10.5350500
8.6949677
10.2057943
7.0703870
5.7304590
8.7175498
7.0921053
7.0541596
8.7686610
8.7675999
9.1808551
8.7253652
11.1398770
3.3179953
7.3811436
8.6944658
7.5818546
4.9026541
10.4517776
5.9670370
6.6902024
5.8436543
6.1055225
7.3107236
5.3398255
24.1953112
4.9716225
4.6176518
10.7889744
7.1557650
3.6943404
6.2379729
6.8120665
5.3803838
6.0309271
5.6262229
5.5495995
6.2041014
6.8508066
23.7404846
9.5938713
6.3233251
6.4318800
6.9771180
6.6251351
7.6659487
4.4268957
6.5513461
8.8894181
7.2617385
3.9088029
4.1805888
6.5760548
7.7631230
8.0946214
7.3243593
8.2053319
4.2009544
5.4179172
7.8742463
10.1116258
11.6697710
9.3176732
5.4163441
6.8986882
8.2756143
6.6155197
5.0738241
8.1657494
9.0461000
7.9128115
7.9668969
7.7389752
7.2185786
13.5307725
7.0983808
10.2201188
6.6896357
6.2180605
7.4666080
9.4566246
5.3788555
5.0636556
8.7143176
6.6243241
16.0826144
9.6556961
15.5916002
10.2461367
27.9337998
20.2341312
16.4882577
24.6764981
27.6380549
8.0529548
5.7288834
12.8564308
106.1188799
12.1464610
22.0782691
123.5600156
73.3101295
18.3608768
41.7755073
34.6151103
40.6029556
12.9900413
12.6869753
34.0656884
18.9049769
10.3729787
7.7967492
9.4010188
12.7278113
6.3915478
18.2158512
6.8178494
33.8483920
10.1716711
5.0651010
8.9069777
57.1159556
66.9580598
20.3485243
100.8963102
19.0687756
37.4608671
22.3217153
25.6946453
30.6945232
25.7636613
17.0631965
16.6547694
19.1941249
11.0948481
34.6565835
13.0558521
7.7846199
23.7246695
10.2642837
11.7252553
9.7724335
12.6439039
45.8034304
9.4139105
10.5976812
11.1869412
8.4823954
6.5590584
6.0330380
4.8795595
11.3150952
82.7663287
13.9615368
39.8479546
3.1290991
51.2618490
9.8102168
5.8703194
10.2752857
6.7408815
9.4609390
7.2808748
6.4299065
6.8576978
7.2660565
8.6907097
6.7427758
7.9329127
7.5622950
6.3293460
9.1872232
10.1826088
5.2334121
5.7833903
5.8228809
5.6301502
8.2334966
23.4084718
9.0863734
6.1694015
8.8995939
10.9959904
4.4056403
23.5767960
9.2340505
17.2600489
5.7095962
4.7194647
6.7050980
40.8547047
19.2293621
29.1225862
6.3758696
9.3362958
9.9917769
91.8326811
14.1160567
36.9371492
77.1934517
111.5066774
55.0188565
90.0199344
48.8892924
84.7599085
152.5488793
102.0032058
66.0260176
76.6952885
34.0476912
69.5493204
94.4397971
152.9126542
144.6070930
126.2804197
170.5591086
101.1055170
147.6070519
120.2170159
135.8809337
311.5650711
237.5501036
483.9912646
460.0588225
389.2701530
407.3820908
236.9539239
475.8417093
376.2580918
579.2532144
485.2845754
561.2101392
483.4751613
455.6684808
382.2000039
349.7733903
491.6534082
471.8597744
396.1979855
415.5623116
448.6865209
338.6445831
497.5350083
323.1011676
279.1693761
330.1712579
317.1453913
321.4195186
466.1002461
294.8709538
349.1412904
365.2626414
251.4475494
204.7826863
195.0245559
308.0467321
187.3021771
106.2881008
91.8976038
115.0148494
198.8395444
105.8854832
54.3908924
47.0746914
111.8990363
110.3727885
120.0192918
150.0647486
125.7078291
133.5450239
136.3693268
174.4702340
196.4368790
108.2771808
81.0025370
204.2580677
228.3176071
144.6788364
122.3243007
116.1703861
201.8038602
168.3675217
133.1509339
204.8192818
191.6385028
158.9454924
149.5856980
129.1296040
80.0918694
106.5332620
240.8698954
136.3549540
94.9467800
160.2925138
133.1401298
168.0230943
250.6455380
206.6238343
479.3246589
331.5999306
262.5985244
226.7880655
401.5844955
263.3484024
378.0111970
159.2513515
246.3954400
299.9266791
382.5941154
227.0542698
203.6087460
172.2258398
115.6125846
268.4305261
85.1283230
84.2443401
115.3354135
184.4939462
170.0349989
172.4060692
89.6105701
89.6326544
68.9346961
45.8018323
89.9965128
47.1423335
39.6726367
44.4415126
41.5698895
49.3587563
27.2815231
44.2702580
31.6344085
94.4458301
42.3287468
56.1976545
147.2766303
125.5246566
206.8671507
265.6771705
175.3943646
259.1607773
301.1373619
577.6831622
405.4834640
377.3097907
655.3354812
549.2443577
534.1463957
597.8934756
532.4442646
607.3122561
582.5447898
668.4154780
567.6584761
794.0069438
581.7790531
649.6987257
568.7136516
668.4429313
711.2430267
736.9896795
745.7246807
657.4117636
601.1058589
506.0629775
583.3251146
627.8347147
662.4677544
602.5387358
654.6338235
619.4777731
573.0450207
598.3427608
606.6618990
621.7175064
603.8670516
598.6250706
764.4941182
754.2487100
646.3861819
660.8676448
689.2921729
720.7171323
706.7913191
680.9345833
639.3555162
546.8667185
636.6959287
446.6358870
637.1326690
416.5407069
552.3154787
481.5400360
546.8467656
294.8348526
270.6680288
299.5246563
229.8733360
152.4891084
203.9751764
133.4694505
62.9468442
45.9134809
47.8708451
61.2121148
24.3698432
21.8194744
18.8201460
25.0394411
8.8911801
13.2218953
12.2805580
10.8713673
9.5563843
5.5337986
6.5199818
11.1082958
6.6933790
7.1313706
4.6248837
2.2821304
4.2828570
10.8821294
3.0091972
6.7883903
4.1215884
3.5579224
12.2978092
5.1702530
4.7513094
6.3991647
5.7931375
8.2194633
5.0966489
6.4277995
8.1988079
5.6577471
4.9893191
8.7252792
6.1945412
6.0012308
5.5709081
8.9690585
9.7543630
4.6261143
4.5591188
5.5620874
5.1773086
5.2958947
4.0606113
5.5857662
4.2253574
3.8812393
6.9115700
3.1359762
5.7091465
1.9072794
3.3775818
3.0689644
5.3715494
3.2800939
3.9673389
4.9642063
2.7069497
6.9815243
3.4693244
14.6827511
4.2857045
2.6094528
5.1773990
5.5014176
2.1730451
5.2597788
6.2556361
2.3933210
2.6120646
5.1900808
3.5185197
3.1674139
4.8104182
3.8911056
4.8771279
2.6475760
2.7415747
2.1213552
7.0249338
3.0867697
5.1596603
4.2487249
3.3715644
6.0116513
4.3258664
4.2514811
6.4505112
4.0158505
7.7202376
10.5541584
7.0149459
11.1927399
5.3867713
5.9531399
4.4488981
4.8553236
4.6429123
6.9020944
6.7763519
4.0798203
4.7852457
3.6327332
2.9912292
6.5472331
5.1536468
3.8634587
7.3877276
9.2349495
11.8020454
6.6351462
8.1480181
4.6879126
6.6121966
7.0134785
6.2195264
5.0107358
5.6120328
10.6061234
8.1352305
5.0988891
9.8389414
8.1483806
6.8076613
7.5208253
8.2092910
7.0706445
6.4053740
5.4122265
8.7765928
6.7860562
8.5391710
4.5908954
8.6826968
7.1801466
5.8934447
7.4967830
7.6545749
7.3060462
12.0641159
7.5172771
8.1540695
8.5304620
8.9223045
8.0782664
10.1904152
7.6853764
10.0728805
6.8501909
9.9761778
7.4116324
8.3080879
7.1074884
9.3261819
5.1689990
4.9776863
7.1647743
5.5108734
8.3157129
4.5942966
4.1440663
6.0325144
5.4651447
5.9165821
5.4919948
4.3976674
4.6153500
4.8816844
5.9522072
5.1607787
6.5398413
5.2965544
6.2528746
6.2726851
5.5008247
6.4747921
5.5749584
4.4404723
3.4263797
5.4316020
5.3633282
6.7401036
4.7044491
6.2625374
5.6193488
5.4914346
2.3855059
5.2368263
6.1430980
3.1947532
3.5415735
5.6839327
3.1196356
6.2735747
5.6215165
5.5577004
5.9819724
6.2413315
4.2176253
7.1386916
2.4458416
5.9793888
6.2665032
7.6610333
6.3312768
7.5119145
6.9735437
6.9805123
6.0110042
6.8028226
6.8548063
9.0149616
7.9187767
7.1243444
6.9849088
7.8854336
6.5176792
7.3566611
5.9490945
6.7869703
9.0281399
5.9281536
6.5406369
6.4753186
7.0016550
6.3870186
6.4910349
7.2860183
8.6646095
8.3864930
6.9126137
7.9715226
6.1096090
5.7269174
8.1483261
5.9122168
8.1720622
5.9531787
5.5362285
6.4445049
7.1271176
7.5743703
11.3212911
6.3142502
11.6336852
7.5205487
12.4813512
8.2677512
7.2104898
6.3929085
5.7157761
7.0369302
7.7964975
6.7338316
11.4172752
5.7380509
6.9153308
4.3467865
4.7359770
8.1377274
7.9818889
8.0107262
7.2437276
7.1818641
6.9830411
8.2217794
7.6666458
7.3708437
7.8278439
9.1185826
5.9709897
6.3704806
5.1391143
5.3988355
4.2244927
5.0134435
7.9882732
6.5598677
6.0236067
8.6575064
8.3498327
4.1985989
8.8207239
7.9300629
6.7931465
7.1830154
9.9063512
5.9830813
6.6377303
6.1464935
6.5737036
10.2321224
6.4662811
7.7831114
4.3881834
7.3246107
8.2431627
8.0735871
9.2826300
8.5308258
9.1242343
8.1518718
12.3495852
5.5323182
9.2934344
6.7380877
6.0540291
6.9580970
7.5793277
7.6943096
10.7759134
4.8711959
7.1782636
6.6601305
7.7354521
7.9980127
9.6910988
3.7385009
7.7566527
7.2062759
6.4288577
7.1036884
12.0645258
10.0588797
7.0338045
11.7932166
8.7295398
11.3833732
8.2914246
5.6808618
8.1816233
8.1847541
4.7233050
10.0503478
5.8629473
5.1626414
4.3503169
7.9642133
4.4230891
5.7595638
3.4582890
6.2515273
4.6389750
6.3336438
5.9908569
4.3281188
4.6262983
10.0483151
7.5875916
4.3688631
4.7365558
5.8480606
7.8846475
4.2136915
7.5440760
4.0635196
5.4595103
7.0989599
6.9315188
4.6626795
5.3554287
9.0107933
5.1870197
7.1289466
6.2514731
6.9996450
4.6055678
6.4260302
7.7643463
8.9395014
7.7626204
6.6226957
6.7590101
9.2806792
9.9777982
7.4107365
9.5786269
6.3891843
7.5082641
6.2269550
6.0026660
6.4557345
5.8893224
6.5887722
6.6110888
9.1749837
7.2374545
4.4839954
6.5001079
6.0926635
6.3457108
6.1699483
6.0276869
5.4788474
6.6163965
5.0908463
5.1204977
6.3818659
6.4052073
7.9879228
6.6046629
5.5066892
7.3175125
6.5234787
5.1229319
9.5312073
5.0113617
6.1464672
8.5192208
8.3200742
5.9890501
5.5636824
7.4069005
6.2314748
4.0237894
7.1266470
6.7559537
9.1790111
6.2801599
6.2057073
7.1157817
6.4326820
8.4905313
3.4611121
8.6165743
3.2640439
8.8818793
5.2580156
4.9643481
5.8163657
4.3342012
6.4326441
5.1968559
6.1991253
6.3914036
7.3789710
9.4409868
12.0773478
8.1884820
8.9788409
3.9398392
13.8845898
7.3907437
8.4322482
6.9744919
3.7130273
8.2477774
9.4573242
4.6725238
10.4121051
7.7154639
7.6632958
7.1248094
5.0850050
8.7344756
10.6952714
8.0944743
7.5548769
6.4417438
10.2934971
7.5363591
5.6011821
5.7823077
6.7975737
5.8333134
5.3759430
8.2290918
5.0376042
8.6868377
4.3263809
6.4450087
4.6119680
5.3623966
6.0689110
3.5570299
6.7323271
4.5568771
5.5640938
3.9953403
6.0850850
7.8214486
5.7638976
3.5632540
8.8276407
6.3929528
3.5099883
4.9958289
4.1146774
3.5056568
6.3249532
6.1574024
5.5061020
8.3454935
6.4307598
8.0653511
4.3711251
5.3472150
6.9557786
5.2250106
11.9256556
9.1708476
10.6755060
20.6710969
8.3697977
8.8521559
37.7647536
6.2081265
8.1670303
9.8998170
10.7519231
6.8029012
10.2176241
13.8465292
31.5460639
44.0447159
7.9508818
144.2842064
7.1851201
12.0201693
6.3203338
13.8220948
11.2443486
4.9201256
4.7058174
7.4051804
5.5656761
6.8464004
5.0198442
22.4329156
6.4141883
7.5673879
4.6750107
5.4678153
4.9382903
5.4789104
5.4235353
8.8623085
6.3712188
5.2293540
4.5573845
8.8101857
4.1379395
6.3369071
8.2096811
15.3017678
10.1687699
5.9066349
5.4727743
6.9831044
10.2773608
8.8051353
2.8688880
4.7841439
6.9344635
8.3944205
5.9112269
3.7871956
7.9352963
4.3856144
5.1633131
4.7843527
5.4408622
6.5682651
6.2308957
5.7512761
8.1048968
4.1394878
8.0789415
5.9363929
6.3224141
5.9496201
4.5093909
5.4860291
6.2289688
5.0982769
5.3957279
5.0236535
8.1522123
7.3516542
7.1964039
6.8353041
7.5778553
5.7252577
7.1122908
6.3363159
7.3532673
5.0773171
7.6926380
5.7600831
5.8943838
6.0720998
5.5310157
5.8601514
7.7598857
5.5541263
5.6950762
4.1741798
4.8688684
6.4471348
6.9761328
4.7668353
5.9563406
5.7066542
5.9777530
6.7445473
5.1708632
5.3578367
5.6761514
5.5545182
4.6770622
3.8980505
5.9341373
5.4609274
4.8074095
6.4298649
7.8174887
6.1449073
7.6206841
10.0865887
5.6973111
5.8537014
6.8286824
5.0252874
7.4053312
5.5632576
5.6466334
8.3813584
7.1049239
5.9262354
6.7500120
6.2321644
6.8178692
6.3633481
4.5873974
6.3819074
4.8581130
7.0804212
7.2780670
9.3333166
8.3050446
5.8815701
5.7462196
7.4721000
5.2643956
8.1621597
5.2593970
6.4511299
4.4698372
5.6820629
5.3016783
7.0894378
3.4134612
5.6512024
5.1170254
5.6480819
4.1921926
4.5448749
6.4780242
9.5442469
5.2266070
8.1887694
6.0567271
8.2170137
7.1511105
3.9695201
5.8363278
7.8598228
3.6117523
3.5461363
6.3137213
5.6010669
6.6141729
6.6113429
8.2451090
6.1917697
7.4344137
5.2886112
8.5441653
9.0490579
5.6794928
6.7450417
5.5801771
5.2111353
7.6757452
6.5093594
5.4196208
3.8570342
6.3926939
6.3643576
5.1554275
4.9133617
4.9741584
2.1145549
3.9740723
9.2867479
5.8203740
10.0196041
4.8667209
6.7811205
6.2013605
4.0461169
4.5867774
5.4045684
3.4581672
3.8393285
5.4169247
5.7043638
5.6966705
4.5987646
5.5802965
3.5384403
4.8722874
5.2337221
5.5176172
2.8735553
5.5707550
4.8528439
2.8816348
4.9568200
3.7868550
3.1767801
3.9581546
4.3117728
3.2596552
4.2015579
5.8835461
4.6241798
3.7817020
3.9815798
5.0453015
3.5174094
7.1599248
6.2692679
6.3917065
4.8350733
6.0148255
7.9774504
6.9501842
6.2407985
5.4599447
7.5150143
6.2746807
9.7499170
5.7709613
7.0485420
5.9662499
8.4866829
7.0191945
3.9056351
8.2543135
5.6453907
6.3682291
6.0984484
5.8027036
5.8250803
8.4447742
6.9552217
4.6469760
6.9713115
5.6386720
7.3139334
5.4511424
6.5805095
6.1069202
6.6876269
6.9893128
5.8810027
5.7713847
5.6341705
5.0670652
5.7516370
5.4825581
6.1567522
7.5947901
6.7026218
7.5454212
4.1078914
6.8223507
5.7149376
4.7648144
6.7397037
6.6668089
7.4497207
5.2825915
4.4817423
6.3197898
9.6147390
4.8045692
5.7792511
5.5998922
5.7663349
4.8228964
6.8142619
5.5301086
5.6746599
5.4278058
4.7613492
8.1884872
5.8817974
7.5408274
4.3246881
9.7379971
5.2349705
4.2720193
3.8233382
5.5647948
7.0026579
6.1154522
3.4653189
3.8615894
9.3206588
9.6293011
4.7245096
4.5040768
4.6505572
3.6692460
7.4992299
2.9095143
8.6872672
4.0026535
3.4880481
7.8913119
3.5894595
3.5278462
4.6284953
3.7906754
5.8598753
3.4963483
7.2921348
6.9176671
6.7623551
4.3721275
7.9838075
13.6243069
13.9361020
6.7478382
9.2878685
3.9565100
3.3024170
4.9538580
8.4968738
4.5132922
3.9030384
3.6367817
6.4730312
6.2969389
4.3303985
21.9103130
2.2400817
3.5484285
3.9661770
3.3988124
4.3806936
5.5099602
6.9858913
4.3790681
18.8039341
21.1872428
3.6715073
6.2141646
9.4210888
5.4379825
4.1799443
7.6481119
6.8455341
3.7160610
4.6281062
2.3060951
12.2271371
7.2415801
10.9653086
7.8969554
4.6632881
5.2133753
6.9897619
5.8249155
3.7012650
3.7416314
6.5036587
6.8305955
7.7736787
8.8292193
9.2351543
8.3571912
8.0120094
11.1024391
9.7762155
17.4344571
7.3317383
8.7564561
9.8200765
6.1248893
7.5375730
5.0080109
22.4423057
9.0290054
5.7563917
4.8858304
5.2433284
6.6555973
7.7125903
7.6344288
6.5207373
4.5055719
6.9678164
7.5778983
5.3761782
7.0740575
7.1385379
7.2856181
10.9114888
9.4035613
4.2731123
7.6680392
6.4451128
6.5782159
9.9476900
7.0429789
5.1731922
8.3146282
9.1061759
8.2439740
5.0333348
6.9091904
7.7139248
6.6331405
16.8480419
7.8069253
7.1600728
13.6677681
6.6531751
13.8732686
12.6625871
8.3894309
9.8578541
13.1052133
11.6133048
6.5290760
6.6217337
8.2076676
11.0032962
9.3024715
9.3935428
8.7729653
9.2457907
7.5378150
13.2886403
10.9169634
11.1431927
10.5083044
8.0565328
5.7918690
19.7435941
13.2553130
8.5812994
14.5049535
4.1562308
13.6545917
14.6525915
9.3836265
11.4049290
8.4924352
6.6426928
6.8268000
5.5237639
7.2326816
7.7383346
11.0725014
7.3012923
7.7125713
6.2297941
11.8747976
6.8498971
4.6261920
8.8616995
11.2394825
6.7568114
4.4762340
7.5403804
7.0182385
8.8890784
4.9626901
5.4500262
6.4526230
4.8416311
7.4373732
10.6536809
9.5500801
5.4547143
6.8638172
6.7968282
4.7330079
8.1505184
6.7967107
7.9426595
9.3098503
10.7834681
7.8521580
7.4179760
9.3476788
10.6393751
7.7120289
10.4301848
8.0527456
6.6829482
7.2612841
5.0846437
9.8979828
10.7793847
5.0113337
10.7326111
9.0368542
8.7487779
6.0290535
6.2300897
7.4066552
6.4637327
8.4472930
9.4988847
9.7903415
9.4492382
10.3992037
6.2581370
13.5016402
10.4486567
7.2393553
4.4004426
10.9514141
9.1221465
7.9873268
6.4232542
6.4840153
8.9963900
10.1504098
8.8412464
6.6616856
9.5371504
6.7343510
10.8688806
11.9991511
8.7879686
4.9395823
9.0526984
5.2017949
5.0050371
9.9523107
9.7555494
7.7625664
10.4133142
10.2748887
6.6572837
7.1029150
8.2065204
4.4515480
6.7525712
7.3612078
11.6093880
7.6196931
6.5879573
6.7719270
7.6919845
7.5391055
9.8506716
9.9519585
5.5135854
8.2713662
8.6825208
4.3021418
9.4024335
10.0313278
11.3282356
7.2639228
4.3450014
8.5597938
8.0941803
4.4833634
11.1819196
10.2849156
7.8903534
9.4629610
6.7481869
13.8067584
3.7561957
8.9307458
8.2854683
8.1368367
5.3426080
11.3188885
5.6666981
10.1081596
7.8583448
7.9517654
9.7502485
9.1060410
4.8947847
4.1334325
5.0449364
5.2738648
4.5764015
5.9440167
9.9616547
10.1503329
4.7549625
7.3513703
5.0801576
6.5721967
5.5849032
4.0814415
7.9157457
4.5698410
5.4353275
4.6313591
5.6091886
5.5900818
4.5534323
8.6361704
8.1783629
4.5697807
7.0069646
6.3350003
5.6497783
11.4952868
5.1261354
4.6441449
5.0249361
6.9922934
5.3291431
6.5958335
5.7559962
6.4117082
4.5673344
7.4553976
3.6337877
8.2027775
5.2706800
9.0726299
8.9233395
5.6831199
8.6499633
6.0453238
6.6462871
6.7050112
8.0990054
9.7454848
5.7247353
3.4333436
8.7702111
6.7020507
9.8851309
9.1094596
4.4515484
9.9403687
4.9472077
5.8337444
4.9334855
10.9120972
6.5587268
4.5716815
6.1164303
9.4772599
5.6961688
7.3506860
4.7467600
10.5467479
4.7634716
13.7573643
5.3101020
6.0451738
8.3962692
6.3916828
8.7650753
8.0556205
12.5426795
6.8512830
5.5770208
10.5922496
9.3239178
7.5919082
13.2128656
4.9379636
7.2761451
7.9911713
3.6712611
10.0175520
4.5709549
6.9165987
5.3430555
5.8243861
4.7778591
4.9439847
7.4286792
19.1933333
52.3468907
5.7733896
13.6362242
5.0201941
66.2129962
7.9067984
19.9461455
5.9823709
5.3347281
6.1313146
6.9147972
6.1315089
19.3909092
110.7664105
18.9247000
31.5126341
8.3743784
24.2240672
12.5104713
48.2101382
49.6794939
7.6543123
8.5102495
31.6027094
57.5224798
11.0141037
13.6659290
13.6828532
20.1283080
5.7186025
7.5041442
5.6453781
8.2107287
29.2719606
14.3328174
6.2831678
6.6005217
4.0282661
5.6582616
4.1671834
9.3439059
7.5129116
4.1776392
11.3983602
8.8193752
5.7416672
6.8936221
21.6122765
4.8870843
13.4118481
16.0075897
12.0717221
12.0606238
13.1465997
11.4383183
19.7989871
16.9560584
17.4868068
29.9769893
44.0448928
34.5693787
19.1885697
9.4929917
39.8123885
10.8302677
33.9579703
30.6038886
36.2942768
7.3320674
25.5105802
10.1292034
6.1760190
4.7198896
16.1955192
13.8093246
36.1366431
15.8829922
11.1247289
7.2122894
11.3653887
17.9290474
9.2291044
16.0357235
10.4328103
4.2453712
5.5779876
6.9354508
13.9345337
15.6999755
36.4591699
15.7684635
2.9453413
5.2402395
3.7673641
9.2363604
3.9407046
4.2275612
9.8933054
3.7270663
13.8709754
4.1773318
3.0226294
7.0530867
5.4922163
2.1414500
8.7599968
16.6203450
5.5038085
3.4098013
2.7119954
9.8844679
6.7017852
2.8431645
24.3151323
10.4220233
10.7779261
7.7842158
5.4211746
3.8827332
3.7313886
5.1374392
5.3466540
5.1555134
6.8046124
4.9526507
8.8121503
2.9520357
2.8072631
7.4772903
2.8779674
2.8989193
5.6454869
5.4541678
4.9321926
6.5570917
5.6470519
6.2282484
6.5394491
4.3911942
9.4700820
4.9938358
6.1750083
4.5811053
5.1037391
5.3558163
2.8536877
4.7554713
2.2762916
4.4229444
2.4949632
3.3367293
3.2320209
8.6108573
2.5569550
5.8721922
3.5264765
4.0901894
2.3508678
4.4476646
5.3178452
4.4852429
3.6285613
5.3908996
5.3643287
2.4809363
4.7171218
6.3864119
8.0423544
4.5384743
7.1906870
6.1118008
7.1817272
6.5940852
9.8078747
5.3092017
8.3907683
3.6796183
6.2898590
4.6479004
7.1672321
4.0234390
5.9869935
2.2149797
3.1713960
5.2500622
5.2679889
4.9945407
2.6343211
4.2419153
4.3776512
4.2962619
2.0702622
5.8753546
3.5264061
4.8607747
4.8379673
5.2872385
3.8324374
4.5590769
1.7885305
4.7567127
2.9776009
3.5672226
3.6672553
4.6106101
2.2735388
4.4062697
4.5855697
3.1764477
3.4863115
4.7709638
2.4272233
3.1797119
4.8213873
4.8551877
6.1221667
3.3851867
5.7982538
3.5530950
4.8093397
5.3028866
4.9590165
2.4789375
4.3471060
5.5089658
3.3567786
2.6530188
2.5831252
2.8384481
12.9828537
4.0258984
26.2711836
6.6203667
3.6106055
3.6806261
3.5520026
1.9832961
6.6097715
5.3436871
2.4637872
4.4381238
2.4265362
3.8833160
4.5840746
4.6322553
4.3269975
4.3388160
3.2584637
2.2936226
7.6163877
8.0214062
3.1018408
5.2053360
2.0260194
1.9470118
6.2786327
5.3810645
4.6769721
12.9272818
4.4352386
8.2740274
4.1638963
3.2140788
4.2224665
3.8631825
10.2427796
5.1103160
3.5127443
3.0914750
26.7376637
6.2867135
3.8033692
6.0302875
4.2931640
3.8326181
3.7271346
2.6221029
2.7822624
4.7694531
3.7197153
4.0048380
6.6815418
5.6144271
4.6783833
2.5737479
2.5820570
2.9746679
2.6569619
5.4141282
2.9913941
3.3623978
2.4117818
3.1287632
2.3599923
2.5905889
3.4308170
2.1771166
4.2144369
2.5340163
5.2870917
5.7160277
2.7539002
3.7115213
3.6153154
3.5482074
3.1806168
3.8014852
3.8615812
2.0036438
3.2001972
5.0179725
2.9595801
2.1734895
3.9672790
2.4157276
3.1464390
2.3155182
5.7369108
5.0129814
4.2637258
5.6935804
2.6336674
2.3751021
7.9557802
2.8656231
2.0990958
5.0896080
3.7684879
3.0389637
12.0673085
3.2620239
5.7078735
16.2482109
4.9250264
3.8968920
3.1795599
4.1882728
3.7579083
3.5651169
11.0080150
41.9244980
8.3363435
2.9783130
5.7264304
4.4808448
8.8010890
4.9096675
4.3801119
2.4579712
3.9204707
3.9154796
14.3448897
4.8255641
6.5180070
2.8171059
2.5477250
6.7747375
4.0829158
2.5572983
2.7938223
3.0462131
5.5306125
3.3830268
4.4230125
11.7818094
5.2286697
18.1628849
4.7057678
4.3723877
6.6851082
5.6419903
3.7539761
2.6148307
5.8318309
6.5964943
6.0873007
6.2841433
5.8441298
4.0491589
5.8878360
5.2665502
4.6991599
8.4260249
4.1835704
10.1825989
7.8738784
6.1783520
5.4876272
4.8099444
6.9894737
9.0105778
7.1025853
4.2007332
6.5848565
6.2204033
6.7206484
6.4444764
6.0588172
10.5052860
8.3549785
4.8863632
7.7913037
5.3719214
7.4434712
6.9884549
5.7416041
7.9029051
6.3931046
9.1946833
7.0176252
7.2745697
7.1588325
7.6713794
9.4888827
8.6647330
7.8763197
7.9747990
5.9401897
3.6090810
10.7649241
3.8175915
5.0321060
9.6376779
5.9553955
9.5768284
9.0932299
7.5287007
9.0450902
2.3222283
3.8667669
9.6557877
5.5930899
6.0258178
3.7684633
5.0615365
6.6119253
6.5828937
7.0194185
6.9223939
10.1140885
14.7265071
5.7738639
6.8260949
7.0221965
5.6106823
7.9649068
6.7847176
4.2849008
4.6043817
5.7639547
5.2925860
11.7926186
16.8719413
12.1935843
6.2947999
8.5221992
3.2210214
7.2938957
6.2466300
5.0828322
2.3239953
6.5315158
7.4820105
5.1943856
5.3792684
2.4143149
6.2448659
15.7277776
3.8634432
5.2838585
6.8818152
18.1235758
3.9866483
3.4403949
20.0909499
5.4795350
5.4208769
6.9365152
3.5994230
4.0332653
4.4318542
3.3971534
5.0933198
4.3870854
4.0102792
4.7427236
2.2968898
3.2102030
2.6841322
2.1111877
8.4372106
2.4284911
3.6384994
2.1552783
6.0159194
6.4942000
2.4482180
5.3575434
3.2052818
3.0600246
2.9478783
2.5734899
2.8807194
2.7152261
3.8902155
3.8497088
2.6747880
6.7475329
4.0235461
4.5230826
3.9115825
4.3693871
3.1754060
4.0101006
3.5821972
10.1489651
5.3624582
4.2967542
2.8019437
5.0642484
2.9520889
3.7102568
2.3065163
2.3551852
2.4603775
5.4771041
7.3118390
5.5778028
1.9039813
6.2896727
5.7151482
3.7193209
3.3548304
7.1811644
5.9485258
6.0418234
6.7988606
5.0362360
3.6943845
4.0381282
4.3206486
5.6325301
5.2528003
5.1674362
5.8556795
4.1352281
6.2219484
4.7075692
9.2089742
2.0204762
4.8474785
4.6522222
10.9053480
7.2218734
7.8284632
8.2503276
9.2746939
7.8554452
6.3064372
3.0930749
9.5587584
7.6752786
6.8186517
5.5615804
4.7029171
6.5229135
9.1953055
6.8515589
6.0199869
4.3267843
8.6096580
6.1352505
6.2357184
5.0755085
7.9598279
6.3611525
5.6554176
4.8660220
5.0884729
5.3182308
7.4418306
5.8922162
5.4499289
7.5851430
8.5437626
7.5977214
8.5080711
5.5039356
7.4544959
7.6511432
6.4730363
6.6335211
6.0871318
7.3176265
7.0466974
9.1688372
6.1367989
5.8968063
7.3855042
7.6900967
7.3499451
7.2274281
7.2720384
8.1269691
5.9847823
7.9877690
6.1369284
7.2408972
6.0826235
5.0353628
8.0897585
10.1791080
7.4584899
12.6493950
8.7931513
10.8313656
7.1215467
7.1954561
8.0950024
11.3443840
11.9309939
60.2480052
17.1959348
8.8461850
8.3246393
5.0944568
8.1872703
9.4295220
7.4296655
10.6024836
9.6454701
7.4135865
8.2115577
10.0318865
6.1832535
6.8099614
7.2509916
8.5646533
10.0819959
9.9732132
6.4027756
6.9087910
7.0575553
8.2383888
4.6343245
8.3901094
8.2693655
7.7958730
7.4801892
5.6820719
10.5402958
10.7091080
5.8330799
6.5181926
6.6332598
6.1153292
8.9111539
8.8559128
10.5320649
6.2093267
9.6692808
7.9407046
8.0058912
11.2896867
6.9339389
8.9950019
7.4235224
7.8642364
7.4073199
7.4573647
8.9204835
10.5549254
11.7068226
7.5618332
12.0007059
12.8281999
11.4432428
11.3543250
9.1114857
9.0910410
8.7080669
8.0286722
10.9301087
6.0207641
11.0931863
11.1819607
4.8711984
7.0929721
7.8247038
5.3931612
7.7306501
14.2875822
4.7000785
7.6709537
19.1795355
7.8951567
5.1121604
5.3124893
3.8927226
4.0837253
5.5670753
6.0439958
5.7716138
12.2017120
9.8462260
10.4467082
6.4241023
10.3882676
8.9851639
9.0528902
5.0683423
10.5831287
4.4854463
6.2627162
3.3459924
6.4948599
16.9611378
8.0062910
11.5733447
15.8305276
16.2467408
8.6623090
4.7913634
5.1940925
7.9770922
7.6586470
8.2969719
5.0570178
8.9755442
6.6288621
8.2467187
5.5066555
3.2132470
5.0997227
6.2092432
5.0320726
9.6556773
7.0078969
6.8701673
4.6637532
4.8667309
4.8422918
15.0594924
10.2469539
2.8688444
5.6880236
3.7349767
8.7478838
5.8055437
4.3160215
4.0014210
5.3592962
5.2177229
5.0529398
6.5767139
5.2081654
7.3268607
4.5010459
4.1608724
6.1590369
5.4877985
7.2903151
5.7632670
7.7357093
7.1562840
8.7939461
5.6570179
8.0170191
5.0940255
5.2357657
4.1112350
4.6860072
6.3707120
4.7285495
4.9147281
5.3236701
5.6035364
4.4168405
3.7338339
3.9357258
4.7650296
3.2691688
3.6816044
6.4905129
4.5692383
5.5532225
4.4719124
5.8784822
4.7915312
5.8987488
5.3818773
7.6091314
4.8266337
7.3503203
4.0917504
5.0811181
5.1399086
7.1034699
9.4188843
5.1278963
4.4979706
4.2176341
6.6072800
8.0979744
6.4789651
6.4765678
5.7965250
6.1292420
6.3573461
7.1587823
4.6340481
4.4239439
5.9681599
7.7252745
5.8904856
6.0247350
5.6479230
5.6930043
4.5634698
3.7917244
7.1050376
6.5814569
6.1315815
5.7861134
6.6046336
8.6884483
6.6014856
7.3890850
6.0988909
9.0078860
4.3410390
8.6357708
7.4173749
5.0394769
7.6182956
6.8059144
6.0858382
5.8561904
6.6908124
4.8056628
7.0382765
4.8587626
6.0922413
5.9504237
5.6310215
5.8295664
5.3252844
4.4910149
5.9167588
5.9436215
6.1176971
9.1486121
7.4175808
5.8851845
4.6081339
5.7347088
3.4797393
6.8892217
6.1853416
5.9567467
5.6102534
6.3700639
7.2652605
6.1774855
8.4279179
5.7722982
6.1763143
6.1522469
6.9125349
6.5494992
6.4531065
5.9906330
6.2582879
6.7467274
4.9433296
5.4207232
5.8553235
6.3434944
6.1398242
5.9229128
6.0983930
6.2896922
6.3097509
5.9027551
6.4016132
5.4238058
5.0873092
7.6296640
4.3272664
6.4758046
5.9729616
6.4123337
5.5629211
5.2188629
4.7723828
6.6544420
7.3443546
4.5990975
6.5171801
4.7658274
6.0183346
5.7425993
6.3848643
6.7644594
6.0585644
6.0983646
6.3567143
5.9503975
4.8761744
6.5731770
5.8469273
5.2953697
6.9648803
6.0140172
6.1122634
6.9196371
6.5122381
7.7303775
3.7879071
5.0912897
4.1669170
5.8699665
6.4994572
5.4883089
6.0815510
5.4036482
5.5833085
4.8514482
6.7853792
6.8205740
5.8078758
5.3239528
6.5997795
6.8427134
7.4163849
3.6287219
6.8252170
4.4836193
4.9077819
5.4696588
5.4129251
2.9341657
5.4934109
5.3175683
5.8148768
4.7537453
5.2595318
5.3819777
3.7897798
6.2711609
6.1695889
3.8724384
5.0963557
5.3138954
4.9236877
6.3677375
5.6819867
11.0917728
5.5968538
6.9622894
4.7158331
4.2381537
8.1346831
6.4974098
4.9290401
5.7117151
5.4182004
6.0953994
5.8727189
4.3139493
4.3220199
5.8262382
4.2412791
4.9560883
4.7886686
4.8232180
5.9925162
3.9946709
5.1465505
6.2783804
5.6480935
4.1216223
3.5855388
3.2234403
5.1620319
5.0932991
5.7012950
4.1910202
6.5589220
3.3311702
4.9452064
3.1919947
4.1083524
4.2651940
3.9589989
3.1375213
4.7355868
5.0979315
5.5332249
4.5229494
3.3981675
4.2378871
4.4608971
5.1538232
5.0062752
4.3250547
3.8650521
2.1806316
3.3752145
4.3475537
3.3772442
2.5375881
4.1286796
3.4025876
3.2712515
2.7617943
3.3755346
5.5055320
3.3303373
4.5898233
5.6668635
4.1384773
3.5867658
4.9293597
3.3176626
3.6141665
3.6629061
3.9786095
5.6487522
3.8661518
3.6937562
2.5625988
4.3039540
4.4433975
4.7593000
4.6129749
3.9326413
4.0012695
4.6470990
2.3568784
3.3490424
4.5107197
4.1869502
3.6430860
3.0084744
4.2147903
3.7323396
4.6711197
3.6514303
3.9054652
3.2063397
2.8933019
3.2817673
4.4197656
3.4799363
4.3679327
3.5463582
3.3732476
3.5158870
4.0365390
3.7230260
3.5015843
3.3660628
3.1717483
2.1944740
3.8755174
2.5931205
4.1316609
3.8941567
5.4709911
4.8423438
4.8077990
4.5941555
4.7790277
3.5619319
4.2753244
4.4369323
3.9890968
3.2410576
3.9453142
3.6396379
4.2413558
5.1350596
4.0214868
6.1761245
3.1215686
4.5998505
4.4998857
2.8483715
6.9262367
2.4343110
2.9161975
2.7996536
3.2149138
4.6399922
5.0581686
4.1881046
4.6920269
4.6594977
4.5661569
4.5620197
3.6303761
3.5137376
4.2806933
5.0403976
4.2116910
3.5037717
4.2969940
3.0763006
3.6730542
2.3620120
4.5450927
3.7816555
5.1327643
3.7622568
5.6723277
3.7828438
3.8221078
3.1741659
2.9816875
5.1644600
4.6128185
4.5082236
3.6126171
4.0517533
4.9862742
4.5004710
4.3075205
4.7411753
3.3263997
4.0116258
2.8960142
2.7515470
3.0203282
3.5711317
2.6921056
4.2037722
6.6517027
3.5414269
4.0501766
7.8637121
4.3474759
3.6916007
5.2223494
4.8721546
5.3382639
5.0677488
4.2146754
6.2702465
3.9097876
4.6971901
4.0237208
3.5452094
5.1677687
3.6490800
5.5215453
4.4294515
7.0187210
4.7559510
4.2006732
5.8547136
2.9204008
3.6951097
3.5014336
5.1124540
3.6130526
3.9250843
3.5735437
5.6514871
4.0207424
4.0685904
3.3893621
4.2974501
2.6996328
3.3680207
3.2563185
3.9895837
2.4551508
5.9380495
4.7821566
5.2558627
4.1914289
5.5190570
3.6463072
5.3012984
4.4163390
4.8981191
3.8514497
3.2050707
4.9510019
6.6129865
4.9663258
4.1021698
4.1589854
5.3234042
5.4308875
3.8972363
4.4476027
5.5712910
3.8290510
3.4598157
3.5869174
3.4342070
3.4877439
3.2593697
3.9617613
4.8921486
3.8783720
3.3971083
4.5933894
6.5005543
2.9302553
4.9512236
3.0765966
3.8570385
3.3981994
3.5177291
6.2771787
3.5761989
4.3317599
4.4746543
4.3578410
3.8094879
4.1729820
3.7168493
4.5664988
4.3568115
8.0347171
4.4742306
3.2793674
4.7843944
2.9626421
4.3588522
4.6462793
4.2702092
4.9178272
4.3006159
3.5092475
3.1463191
4.5383136
3.1891300
3.7352595
4.5759260
6.2826155
5.6352476
4.2839682
3.1488599
2.5198320
6.0552185
4.3599259
3.7353448
3.0469487
4.9631220
4.8591608
5.2971873
3.2491413
2.6784996
3.8473429
3.6649016
3.7696745
3.9446404
5.1228952
5.1862296
3.9338798
3.9038397
5.1117118
4.1813276
5.1902074
4.4487124
3.7496847
4.8053728
4.9731606
3.9205344
4.5056082
3.4854767
3.4916835
3.0953566
5.2718608
4.3157431
5.0843022
5.6668316
3.9368188
4.3150702
3.3068559
3.8361144
4.9741171
4.8123322
6.1653294
4.8779234
3.2401079
2.9909661
5.1857804
3.8795284
3.9735060
3.4482200
4.2816846
3.5768850
3.6347970
5.1979872
4.2624084
4.7067206
4.2141517
5.2303003
3.3768180
4.5063984
4.7217330
3.5018096
4.6416350
4.6600158
4.2490004
5.4464760
4.1764547
7.0946059
3.9374874
3.9947852
5.0190400
4.4978227
5.4787152
2.9474233
5.6731220
5.4470733
4.0187716
4.2271522
3.9871320
4.6989557
3.3997147
3.3017951
4.3195213
3.3533906
4.1939626
5.0310358
4.3262350
3.2998053
3.9642511
3.8714889
5.0349703
4.2406050
4.2399698
2.6903680
3.5679521
3.8736568
5.7341358
5.1399017
4.6188787
3.5482758
3.5685563
3.5628215
4.9866334
4.6966685
5.4281964
4.6603769
3.6028429
2.7543830
3.9540512
3.2463263
4.6651442
4.2269347
4.7469124
3.8119417
3.9148318
4.4298081
3.9073254
3.9234398
3.9020832
4.0241656
4.6426054
5.3104647
3.8392486
4.3660414
3.8944731
2.7868484
4.9517749
2.7861204
3.7429738
5.0319182
4.8232881
4.9835807
6.2960611
4.6821097
3.8502858
3.6197913
4.7773666
3.3294411
5.5086361
5.0221959
4.2418365
4.4480389
4.7784063
3.8477134
7.2388388
4.6279270
4.2492266
4.6995389
3.5910975
6.0629887
3.5604351
6.4618381
5.0798925
4.7095288
5.0850026
4.8133355
2.9745272
4.6425305
2.9682817
4.3029850
3.9919470
5.9082501
4.2367221
4.4155475
4.5070462
5.4614667
3.9898104
4.5953074
6.8718170
6.0038310
4.0071756
4.3516875
3.3427800
3.8886903
4.7248690
4.9332863
5.1001936
5.0149546
5.2035182
6.4550800
4.8603742
4.1788381
4.4696815
3.6685451
4.3207704
4.4211581
4.4324388
3.0626481
5.3330204
4.9727589
5.9656286
4.0094165
4.7712437
4.3248226
5.1397912
4.4619304
5.8907429
4.3377514
6.1814942
5.4100364
3.7627775
6.5459382
4.3244645
4.6265992
5.6617743
4.1477926
4.8546870
4.3577390
3.5829812
5.2017611
4.9668711
5.9582197
4.6604152
5.0494534
4.6278071
5.2956061
4.2759401
5.3189294
6.9697609
3.5007647
4.7475788
4.9700460
5.2335133
4.9456075
4.1120523
4.7439027
6.6898091
3.9204974
2.6865966
3.5977098
4.2725300
5.3566744
4.2391776
6.4203431
2.8762137
3.8662438
3.8599221
3.6696234
5.6386433
3.4421192
3.8311455
6.2103599
5.7005769
4.6100118
4.4725637
3.7189993
5.4426544
5.9665956
4.0912740
4.4448948
4.3188617
5.2573479
4.7615277
3.4594820
4.9178776
4.3474217
3.6049226
3.8966257
4.3086288
4.2802231
4.7653178
5.2700440
3.8594851
4.9347730
3.7492090
3.5990447
5.7134615
3.4116931
5.7470820
3.1665230
3.3464245
3.5497276
3.2307532
4.8433565
4.2221837
4.1265771
5.7453057
5.1283752
4.0016421
2.9305108
4.2502065
3.6109413
6.9536206
4.2026289
5.2038710
5.0272870
4.6713635
3.8413109
5.5940236
5.0720398
4.1009571
9.4917593
6.2435722
4.6336052
5.5649347
5.3740339
4.9240167
5.1178480
3.8885301
4.5862684
5.4995618
4.3314475
4.5738143
4.6153435
5.5330134
5.1648744
4.3183062
4.5297520
3.6444856
4.7022780
4.0447934
3.9303458
5.6399101
3.5182374
3.5970140
2.7584548
3.2868178
4.8994088
4.0078642
4.5348200
3.3056500
4.4903764
3.5505467
2.6507508
6.4694407
3.5586040
3.6005717
4.8639529
2.7530767
4.8391562
4.8066022
4.8209645
4.3305114
4.1006324
3.9456334
5.1872822
2.9100375
4.9690413
5.0879166
5.0237619
3.3637670
4.1731073
3.9069866
6.2199306
3.6441231
5.2617202
4.4415401
5.1937676
4.5113496
5.4054949
4.6760189
3.7538580
3.7330320
3.0545777
3.3730111
5.0429743
3.3713959
4.7953446
5.4550135
4.3399268
4.5844746
3.7996313
3.5837819
3.9409846
3.8749317
3.4601587
3.8105915
4.7066527
5.0616928
4.3837530
3.5096950
3.7343839
4.1131167
2.8238238
4.7729894
5.2929502
3.3382834
5.4606208
4.1248535
4.4481540
5.3353647
3.8089950
3.3685363
2.7356595
4.1112379
4.4897248
4.9813219
3.8954442
3.7688417
4.4890503
4.0783428
6.1571382
4.2307599
4.1394346
3.1980229
4.6476773
4.8864248
4.1757495
3.9201165
3.5540161
5.0348928
2.7800766
4.3822838
5.1826037
5.0724620
4.8521154
4.4981192
3.4085338
4.1027245
3.5605854
4.2403975
3.1212908
3.3819766
3.8367595
2.9680065
2.6328270
3.7844804
4.0694380
4.0981261
3.1779979
3.7383716
4.2013980
3.3935295
5.8577476
4.2255500
4.4629773
4.2609779
2.7840252
4.1602664
3.2027157
4.1805739
5.0395517
3.3087958
3.0859633
3.7836865
3.1488601
4.8386818
4.3753889
5.8134134
2.6059639
3.2758249
3.3971714
4.5132837
3.9633110
3.4021085
5.1053413
3.8492676
2.9565495
3.8491588
4.5874791
4.5802641
3.1604925
2.8904282
4.1803900
3.3531961
3.9981109
3.0035214
4.0225810
2.8278004
3.0935432
4.2788240
3.0214883
3.0669478
2.3775959
2.8193280
3.7852774
6.2613756
3.0860639
3.4205592
3.6172251
2.4881710
3.1772683
5.8513528
3.8846570
3.2278377
4.7055173
3.8982178
2.7193683
2.9041087
3.1364886
3.8076872
3.0899281
2.3041817
3.9331172
3.7969524
4.6030337
5.2058137
3.5071360
3.8958214
3.4196657
3.2417832
3.5421407
4.4293763
4.7337551
2.9752503
4.7982597
4.3738671
5.4713930
4.5547417
4.5566937
4.3323653
2.8134673
2.8275417
3.7151608
4.7553508
3.7597200
2.9130667
3.9026703
2.5633501
4.4911164
3.7223288
6.1913709
2.9948157
5.2979377
2.7868540
4.2862089
3.4841114
4.3143197
3.2226474
4.0115828
4.9484607
3.9396824
5.2926559
6.1769633
5.1122387
3.3830141
4.5887927
3.0996752
4.1129730
5.3362625
2.9741963
3.8711882
3.5995083
3.5867013
4.6295024
13.2180434
6.2456572
2.9889215
5.5280334
8.7080979
4.3612441
2.9648052
3.9698180
2.6484990
4.2656536
3.4710855
2.8471906
4.4818772
7.0715113
4.7185203
5.3242458
5.3910638
3.6365336
15.0563182
2.6225734
5.1401043
3.9764107
4.5769131
3.6534134
3.7431852
4.1493660
3.3077933
4.1186969
3.9977741
4.0261253
3.8653443
4.9854066
5.7612812
3.8154113
5.2269700
4.5541439
5.0151305
4.7130946
3.6887255
5.0065623
3.1882691
4.9548287
2.8639339
4.7747443
5.2578693
3.6488789
4.3068802
5.6166340
4.7534516
4.3681673
4.6443009
4.7256425
4.4487070
4.0585245
4.6085586
5.6366076
4.6253764
4.4384531
3.7694332
5.0109233
3.2825909
4.8760232
5.2110910
4.5071617
4.7625983
4.3155595
3.7668890
3.1925597
4.7644092
4.4542835
4.9198390
5.0012434
5.3198824
4.9702246
4.4059627
4.7272424
3.5806814
2.9329880
3.5023553
4.3816708
3.6711989
3.8950577
4.8843665
5.5646615
4.4660064
4.2827087
5.8300215
3.8482155
4.3989528
5.2427989
4.0034397
5.0702902
4.5183112
3.6581110
4.0166859
5.5469422
5.8609019
4.8089030
3.3026344
3.4147236
3.0769275
4.0115121
5.1866114
3.6837778
4.7218028
5.1554712
5.0992158
4.7150014
4.7880276
4.1300585
4.2418965
4.3404882
4.6359978
5.2360545
4.6872832
4.6709308
4.7161654
3.9914270
4.2137746
5.3029057
4.7617355
3.2727859
3.4742404
3.1518394
3.8607076
4.0733057
5.7982848
5.5654860
4.4364472
6.0005486
4.4373443
4.5946259
5.4059090
4.5303563
4.0190952
4.7664804
4.4421938
4.7107603
4.7297350
5.2132611
4.2216298
4.6317091
3.5774687
4.9443388
3.9297634
3.9241159
3.2548709
4.1668651
4.9106530
5.5262062
3.3649475
3.8656205
4.3838601
4.7258186
5.4414286
5.8088132
4.1015692
4.7960184
4.1634627
6.3950479
5.6454350
4.1846380
4.0020038
6.5614973
4.9440035
3.5281616
4.3922575
4.6216346
5.7354423
4.8855446
3.0785195
3.8857134
5.0861463
5.6596078
3.8675107
3.6042460
5.4480205
6.0933947
3.9916752
4.7794979
4.3426929
4.3887078
3.7511736
2.9228217
4.2713887
4.4996198
3.7400021
4.2454583
5.6888228
5.5345344
5.2533743
5.6221447
4.2645518
4.7501335
4.1453260
3.6462132
4.4869284
4.1400802
5.0179179
3.9501302
3.3819804
4.9539323
3.8326280
3.4500403
2.7846356
3.9431359
4.2306349
4.0903931
3.9295471
4.7099626
4.2153762
5.3105271
3.8731439
4.3520599
5.1125523
5.5054264
2.7651412
4.5751184
4.1092957
4.6101112
3.3358288
4.3941783
3.3016125
3.6738175
4.8278447
3.1497954
3.9112323
3.6881639
5.3741535
4.1482371
5.1320696
3.5610449
3.6029132
3.0744187
2.2612711
4.5025265
4.4747532
2.9596875
5.0244193
5.2224975
4.7094900
4.8449509
3.6577653
3.9309619
5.0400077
3.8125647
6.7231585
3.0994209
3.9143659
4.9292080
4.3131608
5.1563012
5.4663501
4.2241255
4.6859309
5.9507665
5.7709993
5.0490233
4.2732796
4.9280876
9.8684558
5.0319972
4.5688141
3.6229285
3.5009363
5.0761537
4.7460223
7.0212798
5.6548120
4.1714610
4.0208107
4.2417865
6.4277480
5.5580143
4.4463909
3.4651472
4.3510793
3.4976313
3.9091018
5.6046107
5.2812759
3.6632622
4.2538927
4.5808869
3.1337874
4.6782854
4.5115022
2.5244790
5.3647058
3.7725041
4.5926377
3.2331370
2.7468738
3.1190854
4.6038387
3.1007830
4.0368937
4.7250904
4.1000693
2.7294678
3.6521140
5.3125406
3.4846053
4.6344222
4.9412234
4.5579351
3.2766666
4.6287472
3.2023663
3.5004512
3.8805693
3.7852075
2.9612190
3.3325924
3.8080065
3.2218164
5.1870883
4.5668160
4.7136281
3.0873491
3.3443023
2.7753176
3.6151836
4.4216168
5.8978492
2.7779662
3.6289490
3.5220364
3.5764736
3.6650798
4.3883989
3.7065973
3.4948302
4.7411981
3.1402064
3.5622218
3.8849227
4.9599456
5.1944731
3.7280521
5.3123871
3.2560689
3.9942774
3.8371441
3.6962299
3.5925227
2.5994455
3.8701773
4.0249965
3.1847389
3.0369489
3.7341414
2.9513892
3.2695336
2.4675753
5.2896551
2.7257905
3.3559966
3.4410038
3.9366018
4.6408740
4.4728225
4.4943029
3.4218227
5.4136813
3.1355759
5.2465416
3.5654370
5.2719244
4.1579921
4.6287045
4.2497047
5.4118668
5.5666711
2.9193295
3.8938384
3.0103318
4.2021931
4.7630899
4.0342834
3.8208212
3.3501873
5.1707557
5.5588930
4.9669736
4.1948604
2.8665512
3.9509299
4.2344510
4.9953278
4.4098159
6.1923195
4.2375593
4.5512336
6.6823321
3.2330728
4.4963055
4.1723799
3.6879590
4.6095578
3.2134403
4.9854792
3.2405226
3.9369208
5.1749326
3.9675314
5.1081631
4.2795000
4.1974794
3.5476449
4.3609572
3.4325122
4.4014845
3.6509995
3.2584451
3.8183116
2.6175918
4.1114244
3.2032519
4.5029963
2.9334097
5.2759239
3.6754961
4.4766219
4.2216518
4.0894909
4.4057382
4.2252691
4.2732747
4.4007137
3.2665647
3.4023468
3.9871592
4.2858564
5.2069713
3.0259854
2.7585236
3.9603747
4.6401780
3.0024493
3.6938467
3.8121786
4.9132577
4.0144497
4.4515227
3.1923500
5.0583940
4.8976514
4.1454809
4.3500084
3.4749656
3.9925160
3.2751756
3.7990048
3.2125091
4.8240687
3.8477101
4.7354158
4.1116387
3.7029661
3.0295525
3.4722164
3.6616118
6.0541358
3.4260552
2.6562635
3.8075577
4.0336059
6.6725138
5.1509694
3.2379916
3.2387341
5.0581309
4.7427929
4.0598959
2.9520670
4.1534103
2.5274877
3.6148437
4.8050466
3.6177154
3.5405490
3.6364705
3.4410907
4.5802563
4.9729170
3.1600420
4.2672704
5.1111070
4.4816245
4.7628256
2.9611091
3.8830080
5.0700823
3.2716122
3.8067782
3.6923161
4.5452100
3.1362673
5.3613086
4.3978338
4.8606232
3.9943977
5.0641294
3.2471668
4.7463089
3.4654806
2.8269452
3.9791107
4.4107506
3.5471999
5.8505868
4.9885574
4.7518722
4.2282494
3.6629455
4.1600396
3.9338395
3.9916603
3.6903972
3.4521195
4.8695581
4.1453066
3.9480076
2.3907257
2.8275791
4.4521908
3.6700715
4.6529925
4.9212880
4.1907470
4.1777017
4.8235669
2.9986260
3.1253029
4.1471977
4.4177258
4.5827533
4.7957632
5.6771239
4.9542945
2.8712463
5.2012944
3.7824266
5.7404230
4.1010305
4.4197653
3.9115265
2.7662771
3.0393758
4.9228483
4.1800730
4.0528488
4.5800720
6.5443627
3.5924999
5.1259410
4.0643983
3.0494283
3.0627534
3.9959000
4.2195317
3.5592609
4.8684065
2.8032154
4.3457017
3.8961818
3.5817353
3.8887206
5.1256643
3.8313592
3.5720741
2.5461136
3.9835218
4.1138884
4.3987222
4.1368582
4.3285321
4.2494036
3.5732095
5.6898725
3.9015925
3.4126037
3.4433970
5.5447200
4.3710969
5.0154306
4.2032084
3.2622031
3.6552923
4.2468894
5.2571419
3.0118962
3.8054865
3.7081558
5.0142768
3.5210797
5.5395004
3.1875487
4.2307926
4.2407258
3.5566380
3.1604782
4.1759333
4.2718686
4.6880253
4.2656641
2.8832995
3.6170050
3.5038754
2.5261321
3.4491043
5.5271457
5.2988507
3.6199384
3.1955587
3.4519032
4.1410798
4.2730106
4.3053465
4.0782410
4.4527238
3.8969040
4.6945867
5.3293478
3.9167937
4.7677811
4.5028878
4.5815947
5.4159659
4.3267215
4.8081770
4.6070936
3.6180237
4.1978874
3.8550084
5.4441358
3.1122072
4.4114967
4.2677266
5.5176872
5.6312129
3.9985807
4.9564094
5.4833208
2.6155427
3.9388155
5.4628485
5.2260455
5.1858054
4.7960591
4.2019905
3.8354950
5.4491465
5.4470786
4.5400916
2.9484548
5.7288319
6.7948585
6.7482998
6.6312173
6.8792210
7.2110668
3.7855294
5.4302539
5.0523963
4.6085757
7.6390169
3.7718746
5.7715647
5.5741587
7.3562762
9.2485610
7.3501036
8.5307148
4.4356170
5.3573979
9.1840742
5.3817625
5.5121867
7.5210975
6.2547545
10.3378208
6.5485330
10.3725810
13.1308543
5.3932702
7.5224758
7.6035950
7.3878480
7.2426753
6.4745018
2.9250228
8.0548144
2.4780024
7.8968548
3.5556097
5.3333216
5.1262176
5.7560816
5.0450661
3.7748920
5.4728790
7.5378106
6.5932018
5.2463581
4.3548632
6.8767129
3.4792680
9.2995211
7.6155639
5.5918082
8.0516867
2.5412154
5.9425496
7.4072508
6.3461210
7.1892990
10.4034777
5.0760062
9.5719659
8.3056665
7.3306213
8.5015591
7.3743225
8.5442896
9.8346568
9.6599755
11.8947962
8.8117466
6.9140893
8.5655119
9.2160397
7.9702980
6.4141782
7.5828815
7.3180232
8.5731731
9.0367632
7.9600694
7.9572870
7.8809077
8.3922660
10.3653687
8.0834978
8.1482652
9.9746182
9.7755050
8.8233916
9.4949714
9.8168084
12.9817484
12.2827690
10.2285408
7.8491412
7.5107071
7.1609953
6.5560451
8.1494467
5.6563359
12.9753655
11.4432345
11.1483534
8.2421648
8.4455932
5.2885419
7.9552123
8.4815169
7.0038795
6.2508093
7.5177058
6.0847521
11.3018136
9.8658297
9.0839319
9.5407997
9.5828917
8.5996392
8.6389764
11.3540690
10.1581125
7.9713535
7.5125807
6.3488435
5.8934647
9.3563820
6.0544951
9.1801752
5.2701599
6.2894672
4.4144314
4.4721187
7.5694673
9.1130760
3.7938213
8.4603601
5.1023468
7.3152158
9.9913597
6.9568507
3.6116268
8.4773245
8.0144236
9.5983235
4.7147708
5.3488173
8.3171134
5.0471607
7.1620447
5.5152981
5.4185935
6.9342109
11.5922031
6.8297702
7.8598304
6.3153589
11.8751965
5.7750114
5.5684776
5.7416243
5.7108044
5.8061724
5.9712997
8.8349938
5.9026415
5.0336409
5.0845082
5.2421392
5.0877676
8.4700705
6.7454418
5.1003530
4.8358006
5.6369662
5.2285254
4.6590303
7.3226910
5.1917094
10.4516997
4.9496905
5.1466942
4.4086294
3.0264042
3.6972830
5.1491985
10.7076084
3.1630392
7.3042101
6.1321742
5.7779329
6.2288835
3.8349169
8.3504058
8.1624689
5.2880698
4.8902743
4.4417202
4.5642002
3.6886637
4.2096112
6.1528078
5.0437060
5.5286411
4.3999108
4.8101773
3.3305584
4.8068261
2.6426897
2.9546546
3.4550876
3.2172336
3.3244788
4.1928086
3.2077368
3.4715810
2.9440780
5.2226225
2.5808312
3.1460514
6.0459946
3.2044313
2.5509677
3.0768063
3.9458369
3.5534831
4.6284882
2.8379346
4.4410990
2.8900846
5.3885119
3.4471152
4.2830424
3.6800245
5.0027028
8.0863901
8.9825214
6.1839364
3.1261867
3.7812100
4.4230083
3.3589235
2.6999481
3.7099987
8.9163303
2.8997796
5.4161598
7.2802420
4.3368608
2.8585900
4.2182018
3.6478080
6.5005507
4.6793789
6.1037823
3.2902122
4.6447307
5.8562001
7.8408214
3.3417319
2.8402049
4.4574635
4.2068229
4.5294962
2.9818239
3.7154093
3.6550533
10.4524151
4.2306335
3.3982249
4.3915591
2.1165803
2.3757353
3.0610380
2.7971944
4.0625058
3.1385422
5.9626828
6.9994637
8.9700210
7.3750482
5.8228716
1.2515667
3.8816927
8.0888072
8.3125523
3.4676148
7.4662583
8.0930300
6.0302578
3.2958466
3.6275483
3.8482780
4.3049203
2.7092480
1.8907945
1.8321363
4.4009996
3.8548218
6.1687293
3.0715976
4.3121311
3.9231999
5.3566312
4.1536869
3.5729285
2.1117856
1.8998629
3.8607859
5.1934663
1.9698808
5.0553088
3.2803688
3.1488506
2.0710098
5.3026514
2.5841125
2.9398865
4.3583022
1.5845201
2.0379503
2.3986506
3.4553290
3.2895951
3.0397984
4.8806807
3.5314368
1.9312246
3.4535211
4.4530578
3.2802332
2.6501429
4.1036052
3.1392954
3.9810465
2.2507690
1.3828540
5.6101447
3.8802581
5.9907318
2.1741389
4.7280866
5.2391489
5.9284167
2.4426121
3.0142493
6.1311766
3.4081997
2.8821616
5.5723533
3.7818299
5.4314545
5.5308216
3.1337515
2.5077129
4.2363997
3.9993281
6.6609385
3.6859641
3.2580335
2.3419014
2.4957287
2.3787455
3.5657298
5.1554788
3.2520414
2.6577976
12.5318966
6.4175084
2.5233677
2.6938681
3.3564894
2.1293227
2.4594592
3.1172987
3.7261124
4.5221180
4.5142588
3.1038438
4.7847176
5.0723291
6.0811452
5.4402049
4.2200223
7.0850503
6.8863322
5.9345009
4.4302035
3.4477722
4.8364449
3.8992533
7.8151632
3.2238108
4.8344368
3.7663326
3.2051785
4.3029996
4.0862585
5.5277356
3.0413601
6.7586428
3.9693829
5.0115243
4.3074630
6.0335094
8.6928748
3.4888743
5.6992481
5.5316084
5.9218004
4.0696599
3.2859516
3.2103167
3.4229105
5.3323728
5.6434200
3.6882198
3.0028441
3.6306717
4.6685253
4.8889349
3.4390006
5.9015226
2.9581523
3.5263221
4.4291058
3.7850318
3.6014461
6.3125688
5.7682400
3.6500417
4.4355835
6.4262934
5.0912021
5.4647082
6.5536653
6.4336259
4.4926491
4.1571106
5.7125716
4.1850423
3.4026909
4.2222989
4.9154533
5.4380146
5.4244856
5.7148711
3.8602678
5.9343794
3.9973301
3.8275162
4.1330054
4.9800739
4.2119105
2.7483918
6.5213031
2.7576031
3.8908862
4.9298641
3.7203549
2.5798342
4.1344498
4.5992844
4.2405074
4.5531693
5.8105514
3.7085564
3.3310919
5.1907430
5.5105611
4.9948839
3.9486854
3.8700439
4.2124927
4.2097370
3.2259571
4.4611931
4.4280533
4.5055929
2.9528390
3.8249524
9.6134113
22.1123129
6.9552840
18.9139980
3.2911461
6.7443850
8.6172120
4.1698604
4.1510008
3.1075076
3.8335270
3.4204794
1.1911404
3.0236652
5.8697289
4.6700327
3.9650091
8.1854532
3.5077783
6.2632480
3.7462200
2.9875599
3.9488303
4.3655231
4.5249483
5.0784861
3.8192801
4.1182265
3.8543391
3.0575126
3.9269260
10.5062055
5.3707045
3.3215663
6.1056761
3.5185132
4.1754102
4.3946114
6.5977835
4.1995566
6.9863233
3.1029519
3.2735091
6.7877798
6.6368733
5.5059229
6.8462690
3.4740114
5.0349178
6.9151582
3.9426292
5.1943133
7.4305199
4.3774264
4.3797508
4.3773605
9.3139440
9.5549888
5.5019728
8.7026802
6.5715298
6.1086427
6.5067767
3.4791436
3.7762239
8.0754000
7.1710588
5.9872845
7.2293194
5.5645104
4.7470241
4.3094485
5.1536373
5.3632906
3.2315928
4.1436236
4.9006739
3.9719794
5.8957706
3.2024731
3.0884077
2.8982328
5.7718687
3.5046472
4.5282009
5.4193337
3.9521482
3.0385470
4.2834936
4.5518538
5.7640867
3.5884211
5.3434117
3.6329397
4.2087694
5.7954546
4.8693111
3.0802371
2.9710054
2.8767860
3.6112655
3.2516773
2.9492272
8.1834535
4.7052428
4.5986046
5.6842561
4.3715439
3.4200176
4.4554696
3.3397499
4.3623150
2.8381421
5.1134724
3.1064053
3.8866702
8.8605019
3.4281775
3.9884680
5.0324171
4.4246385
4.0432918
13.2598458
6.0671874
6.4397985
3.1380208
11.4233891
4.9690697
15.2394113
4.1711827
7.9306575
9.5507360
6.9126042
9.2798728
16.3830237
12.8701580
16.5075187
7.1527516
10.0276043
31.9505302
32.0779072
15.6384667
5.0321172
11.3745955
8.0147485
10.1029894
16.1215735
5.2298205
7.6783133
7.8656153
5.1445304
4.6052233
3.7555917
8.4196601
9.6018336
10.1002805
6.4728797
5.9315677
3.7457409
11.7314241
6.7954061
7.8588475
11.7874808
11.6080217
20.0406979
12.3336102
11.4136406
7.7914036
15.1084441
5.8536577
8.9944715
9.2388928
6.7697238
8.2728164
8.7449239
6.7264400
6.3127088
9.6184483
12.7971492
8.8221714
11.3859886
12.8232989
12.2616818
8.1700508
10.5361141
29.1836968
8.4812441
12.6908835
9.4944265
28.5399034
8.6730822
12.5217040
14.7333858
9.9792759
19.1056149
4.5618297
7.7315022
10.6832511
12.1223362
4.3742275
13.1001572
35.7888750
8.5106952
26.9467817
17.5376651
14.7013722
10.3318667
8.3341688
22.5698922
8.6479864
5.6223265
18.4981320
7.3834628
3.4870983
15.0423576
9.5092976
6.2553539
8.0340372
20.7454380
13.1440578
6.4827399
7.1040081
28.7835509
13.2747015
41.7136209
10.3019023
3.3800868
12.2546817
6.6871761
22.2756941
6.5277870
7.8824823
11.7128938
12.8988251
5.8515694
4.0361882
55.8422334
9.7887297
2.7835965
14.3666533
15.7970193
34.3134617
10.2557445
3.8332175
4.7821884
3.8553495
7.8736914
7.2162139
4.2086617
4.3522584
3.5312484
3.3536722
4.2609611
14.5234239
6.3045783
9.2906116
6.0254246
3.8311611
7.6481441
5.6929569
8.0348710
8.8920228
7.3152359
12.5298985
7.1874928
3.6723364
7.4518668
4.5068757
8.0513003
3.3347676
4.5175879
4.6754431
3.3311033
5.5895242
5.5129401
10.5463538
6.2755185
8.0485182
4.4082997
7.0614797
4.1456366
5.2702964
6.6760520
3.5398463
5.9480563
4.5051920
4.8737386
2.3460353
7.4085664
3.4420055
5.0526579
5.6437472
3.7517090
5.5038049
8.4140227
7.4899190
7.5984256
6.9895348
8.3814103
8.7059918
7.5649652
8.2348687
7.2070865
7.6610436
6.0028003
5.1214085
3.9397772
6.6741141
7.3057841
75.5920690
5.3168994
5.1527416
6.0914136
3.2087058
2.2358069
4.3952659
6.1453759
6.8502487
4.3992221
5.4448256
9.6263698
7.8646918
8.2826132
6.5366561
2.4999862
2.9971936
4.9994977
7.8627969
10.2126299
6.3874213
5.1144708
4.9596238
5.8535721
4.7882293
7.7263665
5.3426267
5.3444997
9.8860556
2.9842503
9.8285687
6.0290684
6.2792475
2.5056020
9.8429663
6.5417207
5.8976654
4.1979468
9.1443355
5.4372514
6.7768259
5.4265388
5.7024535
8.8352651
3.8025896
5.8594815
5.9888942
6.0180825
6.2882970
8.0690283
5.1948530
9.0616963
3.0072476
5.9392069
2.6618543
3.0713009
5.4880248
3.2057653
3.6996938
2.7839848
8.0659969
6.9176017
3.4537382
3.8335877
10.2830076
6.3394664
6.5127303
3.1957012
8.6525986
2.7126709
3.6748925
3.3519395
2.5680609
6.3240134
4.7959414
4.2594788
4.0417480
4.1821724
9.5655542
6.4942237
7.8718483
4.4502733
6.2409451
9.0534325
7.5022320
5.1141075
7.6985804
2.3557392
4.3341818
4.8386416
10.1271195
7.4421332
6.1788357
3.8302188
3.3616247
4.5220087
7.4169013
2.4571053
4.0368278
3.9057022
4.0042268
8.1395367
5.5396605
6.9702573
2.9032918
2.9143770
3.9502387
3.7049877
3.6856381
3.6372413
3.3446739
6.2658074
5.6703689
5.9186458
9.7292630
3.0679961
2.9911844
2.3124950
4.3817163
5.9076247
11.5734364
3.0730166
4.5415454
4.2554209
7.7135979
3.1939345
2.5244708
9.6441748
7.6200472
6.9367897
4.2162176
2.5040068
5.9222940
4.2405335
7.8799089
3.9959444
4.0784022
5.0787914
5.5360124
4.2115243
4.5922168
8.5328490
5.6141485
4.8148332
2.0564963
6.4224048
5.6765778
4.3771580
2.5983688
4.9447654
6.8413023
3.0379832
4.3030297
3.9776955
7.2477422
5.9076597
6.6910413
6.8025996
9.3030070
7.6756156
8.2947507
8.9863903
4.8072465
6.8248296
4.0398096
5.7768943
2.1662303
2.5762581
4.9147453
7.5223007
3.9532873
4.3083496
5.7544826
4.4474416
2.2950657
6.2813834
6.4064458
5.8611339
9.6175525
6.9661912
4.8802266
5.3879946
3.7007211
14.1084906
4.4825065
9.9221312
5.2840713
6.8284985
4.7841690
6.8406613
4.2009943
7.5546169
9.4711394
5.6373587
7.1533567
6.0850742
6.8287568
4.7485461
3.0513862
3.1351428
7.3106877
3.8234330
9.3479611
4.0220032
5.1007301
3.8399953
9.6039980
3.6687241
10.0596742
4.8704135
6.6253494
3.0467393
4.6839287
7.1733067
2.9368604
3.9093210
2.3706862
3.8497695
2.6058419
2.4168110
4.6491184
3.3752835
2.4778987
2.7996409
4.1478554
3.4470415
2.9186181
3.9068572
5.3034795
2.5844950
2.8929809
3.5800085
2.3870058
2.2856117
3.2254105
2.4260154
5.2547897
3.6960074
6.8463287
4.0359652
3.7367642
5.2101864
2.7273444
2.9192037
4.0669641
2.7715138
5.2431875
5.4377114
6.5314415
4.9721687
4.8289584
2.5799523
6.6168817
6.0434733
5.2627316
6.6763819
6.1771877
5.5076587
4.0466482
5.2929280
6.2344745
9.3475912
5.3182137
3.7195570
4.0747023
4.8083838
4.8918731
5.8269575
2.9463445
5.4306297
6.8816214
3.6334186
4.4000115
4.5530273
5.1303737
4.7611077
3.2853578
3.7550434
4.8816636
5.2246888
9.2025974
2.3231557
6.1645437
2.3811581
2.8149974
6.5712432
5.3344916
3.9938558
6.1818207
4.2411378
3.7411711
5.1755064
3.0864733
4.8516289
3.3522564
3.6714773
3.7344367
3.6103615
4.5027427
6.4805847
4.0476834
6.4778200
3.8261966
5.3026806
4.4870502
5.8765207
3.2337880
6.3011251
5.6480072
12.5027662
6.3615961
6.2246353
7.2161384
13.2644557
4.5646248
13.1589901
4.1374565
6.1551712
4.2414498
7.6299116
3.4909902
5.7785686
9.9842953
4.5602815
4.0540238
4.2321401
2.3176175
6.7068813
8.2331045
4.5348128
3.7886817
5.2451694
6.8711488
7.5844500
2.7542538
6.0950387
7.5722096
2.8803453
6.3739158
4.4331188
2.2176930
5.3307160
9.9131177
3.0667401
6.5757182
4.7387996
8.4300992
3.0704905
9.3478907
21.8363269
6.5305606
19.5031907
8.3759486
7.0043004
17.9874055
1.5425926
7.9946371
5.3138945
8.5231954
6.6459280
8.1547677
7.7598858
5.7702774
7.5207081
4.6315792
7.7532922
4.4417435
6.4342780
7.9077416
5.5098829
3.7288658
6.4994692
4.7541357
3.0346046
5.8953942
4.3686366
3.0454407
3.1928348
1.6612984
3.9398094
5.3195255
3.8583671
3.9287722
4.8369289
3.1846706
3.4021150
2.9916383
2.9019789
3.7448872
4.2302971
3.1217659
4.8429972
3.8587445
4.5115255
5.0135079
5.3220299
3.4799377
3.2117797
6.5092212
3.7277692
5.2047315
4.1367827
2.7021289
4.8656121
4.3895295
6.1155090
3.3821282
4.6181024
4.4602078
5.0683882
5.7516372
5.6877159
6.2804057
6.2068747
7.5017792
4.9603276
5.3386592
5.0731822
7.6789383
5.8252707
8.1621840
6.9602616
3.4323185
7.5472030
4.9315569
7.0571335
5.9104387
3.6318853
4.6369404
9.4915029
7.2238558
6.5639752
5.2041465
5.3258307
7.4418228
5.9666241
5.6059195
2.6834398
2.6379970
1.7300408
4.5227521
4.7476612
7.4455925
5.3637256
5.0848575
4.3420187
3.8463769
3.0446387
3.4738950
3.7328919
4.7143346
4.4572359
4.6310259
5.5852926
4.6183874
6.6915774
6.2590566
4.2185758
5.5156466
2.7086180
1.3638295
4.1792620
4.1040110
3.1078069
3.0168141
4.2611039
8.5484197
8.5252803
6.5875994
6.3339168
5.5659166
5.0505809
5.4136529
5.7378798
5.6703051
5.1041992
11.5709579
5.7621588
7.5145409
8.3859309
7.4192590
6.5151293
10.5155533
11.4401204
12.6017232
8.3161333
8.6068086
7.6739885
8.2497097
5.8621045
5.5974075
5.9485177
7.5835010
6.8354399
7.1326021
4.5116289
6.8721278
6.1698443
5.9405656
4.8577949
4.0057165
2.8596746
4.3937605
7.0547474
7.1639318
4.5622692
5.6067829
6.0448377
3.8088072
3.9710234
5.0213053
6.2377271
2.5426584
2.2007905
7.2892761
2.6601866
2.8548429
3.3100534
3.7210312
3.9813090
3.0394297
2.8312176
2.6768118
3.5631483
4.4057539
4.4672319
4.8027877
4.2104970
2.2826854
2.8848344
2.8782356
2.7861482
3.0072271
3.7715991
2.4190379
5.3533568
2.3183253
3.0868511
3.7897396
6.8954595
3.0652420
2.6305188
3.2579747
2.9831443
2.3710372
3.7804348
2.3831113
3.2168628
10.0825189
6.9632637
3.4956180
3.1192406
3.7649012
3.2938035
3.0105509
3.9170340
6.1254614
3.4046000
2.7583664
4.8932092
3.4887466
3.1020549
5.1689187
9.7515158
3.1996985
33.6306291
3.7180818
1.8367206
3.0293186
8.6166038
5.4329743
4.5885183
3.3972528
1.0983617
2.0154526
9.8367954
4.0470708
2.5960026
9.3878746
2.4561627
6.8780703
2.2055834
5.2436047
3.6382356
4.7813738
2.7916060
2.4481044
3.7086382
3.2744381
3.8306638
5.6103606
3.1630751
3.6261630
6.9106599
5.0247097
2.5024549
4.1888314
2.6170002
3.3780870
2.7573129
3.9921314
2.8756682
3.4250892
4.0657295
3.1431080
4.3415182
3.1209114
2.8712308
3.2499527
2.9209969
4.9640089
3.0171139
3.8425226
3.2889595
4.3140084
3.5380548
4.1341461
5.6827231
6.3988871
4.7076414
2.9884085
3.2896245
3.1682100
3.3309210
8.3236244
2.9074583
2.9650612
4.1886100
3.9493346
2.6597364
3.5519014
5.1309375
3.8038598
4.2285894
6.7507509
3.5847118
4.3824912
3.9515815
4.0900909
5.0369756
3.7854302
6.0434251
2.8407895
5.8593290
7.2164228
5.0968426
4.3387512
4.1022857
5.1997704
4.3575212
4.8505682
3.4031231
3.2812186
3.6454497
2.8647373
2.7891530
3.3550700
3.5951998
6.1184962
3.1781597
4.7482617
3.0542355
3.7287338
6.0898524
2.9948897
3.6241457
2.8770081
5.0708126
4.1951964
4.4048276
2.8022203
4.6715999
3.7757218
4.2980727
7.5262634
2.9839913
4.3224626
3.7520102
3.7801137
3.4253294
6.8696375
5.8187209
4.0842279
4.0087934
4.1174662
5.5907520
4.5540634
3.1081442
5.6568880
7.0387943
4.2868274
4.1506635
3.4346069
3.6586008
9.7068814
4.6549660
4.2251673
2.9596996
2.9109542
3.2321758
8.1419082
4.2659750
3.3281784
5.2774747
2.8115805
3.0760950
5.7343810
7.2116195
4.0810005
4.1991526
3.6274062
2.8128255
3.3331257
3.5568549
4.3350087
4.7990525
3.4655138
3.7993052
3.3093854
3.6397428
3.8577764
2.8524190
4.0292357
5.2148259
3.4434958
4.8281292
4.5260274
4.2569437
3.8081179
3.5116223
5.4980858
3.9508062
3.1420478
3.7183212
4.2512552
4.0650421
3.6443829
4.4600122
5.3750489
3.8550705
4.2706528
4.4438557
4.9899161
4.2482152
4.2057660
6.0246498
4.3152964
6.6872398
6.2508194
7.6435266
4.9168388
7.0991797
8.2644724
12.1888140
10.5485367
11.6407888
10.4908733
8.1305853
8.7248072
21.5194743
5.8679114
12.4164565
7.7646714
11.6736492
46.4058979
6.5583242
22.5305406
18.8743317
7.3528286
7.0879095
10.7705906
8.5518472
11.6437174
10.0585334
12.0676085
9.0742335
3.0388423
14.1479761
5.7724831
5.8189504
3.0812651
8.4238146
6.7338217
11.8669707
8.5895317
6.2605411
6.4343266
4.2201612
6.7147172
26.3257673
24.3920806
29.0476516
27.9357367
5.6105113
7.8751977
4.9635314
8.3852193
1.3131543
7.4049197
4.2734190
1.5919999
8.4687423
9.9653579
2.3023207
2.2566248
3.2109920
0.7872031
1.5424116
4.4281865
4.9877592
17.7222182
24.0073943
5.1274607
5.9612277
8.6367942
6.1686442
9.4973108
1.4711246
5.3525944
17.8139730
7.3874236
11.4423909
3.2346567
7.4665098
7.6808833
2.3306789
8.7834112
4.3686712
2.4219496
19.5549570
12.7872812
3.6034921
3.8428659
16.5437339
4.5387408
9.0242351
6.8117653
4.9519865
8.0632164
1.4486912
5.1583866
5.0668861
7.4051379
8.2188056
6.4874715
5.3034094
18.9650449
5.3908601
6.6853299
4.1371935
7.2501717
25.9566367
7.9264412
15.1057944
16.1173783
59.0026098
26.4271199
5.8504961
9.5046943
5.4922272
19.9327631
10.3433871
29.2882007
9.0228824
9.7613529
22.4475128
6.3169909
5.6509330
48.5766893
4.8835531
10.4300802
3.6245869
8.3302482
19.3707104
24.0548096
53.3656842
9.8104487
5.3683785
9.4649445
36.5845099
3.2007880
4.9383402
5.6778222
92.4505808
40.3856705
9.3742998
14.3270841
3.3888293
3.0056880
6.4264293
16.8632308
18.7967462
8.2885613
1.2059258
6.4681763
1.6867158
5.4385694
3.7407333
1.9895680
14.7132024
9.1266823
7.3847414
13.7626986
3.7414087
3.7449587
7.3422257
5.2536399
2.6939482
3.7857613
5.2772030
6.6694580
9.7171862
4.8360372
8.6222878
3.9519391
8.3111267
4.1558015
8.7772783
14.9193169
10.1221497
3.3608093
11.8619339
4.7250405
3.4801199
4.4166401
7.4615512
10.2030062
5.8772505
3.6150891
5.3269987
2.9960972
9.7165298
4.1227384
5.9539119
3.5403499
3.6000785
2.9332838
2.9621907
3.2445490
4.3737156
2.6283623
7.2353836
3.1174031
3.0368961
10.7030071
9.5204739
9.9097663
5.5718435
6.8889427
3.3014872
3.1532206
6.0696185
6.9476096
5.6572000
3.9922764
8.7278959
4.0196701
6.1255106
4.1836305
5.9198467
6.3568427
4.1012325
19.2047473
8.6070599
4.3707780
10.8490137
3.6805184
3.5544841
5.9663672
5.1824502
6.4066448
4.9471677
3.6242698
4.2565033
7.0592053
5.9820924
9.0968226
4.2060013
8.0004290
3.7165035
3.8626657
6.5807264
3.5219898
17.5595885
6.9563021
8.5916894
3.3938451
9.6050182
11.3668544
9.1503791
3.7836120
8.2810311
5.8157877
15.5558237
7.4128182
4.8064511
7.0166949
2.2325020
3.2111915
5.7424800
3.6886268
17.4448085
4.3829992
13.1100238
18.5494759
3.4782981
3.0680754
5.4048714
5.9096272
8.3533392
6.3238583
6.3284342
4.0349684
6.1047773
6.7375022
3.9789382
19.7020511
9.2186868
4.6768251
4.0591417
7.8415226
3.9004780
4.1362700
10.3998911
8.5951641
4.2913961
10.9299727
10.9918147
12.5019450
11.8950916
16.4094939
7.5166768
5.9503016
12.3937482
12.5896777
2.9675293
13.0625908
3.9979208
3.6726527
8.8034146
7.5781717
4.6841661
3.3163464
4.0279670
9.7794455
6.1927236
4.2874880
10.3794065
4.8021017
10.7811978
7.2109923
3.4637369
3.6242812
4.8875746
10.0088173
5.9734378
4.4096805
7.6269435
5.6532503
14.9058663
5.7847083
6.6936135
9.2836338
3.7256956
13.9968606
6.9606062
3.8676538
12.4222820
15.6404115
13.1097137
4.1339975
8.4772605
4.7821928
4.4578799
7.2519566
3.8341867
6.5186868
6.8034996
5.8809036
35.5568224
12.9857741
9.8726843
9.5676807
1.6950073
6.7714321
16.5283648
13.5354965
21.9591783
10.7814161
9.7101968
20.3532274
3.0810426
13.8828716
17.3123325
1.1353315
11.6850026
35.8861043
12.9306912
26.6657364
26.5974371
5.2665950
24.7624517
8.9059477
4.1076773
9.6379440
2.8347581
4.2888543
11.3826672
7.5807113
7.8538229
13.7345087
8.9805802
11.4581931
12.0102844
5.4602235
11.8366082
9.3684866
17.7506649
4.9102807
3.2329096
4.8089997
7.3991982
5.3301725
3.6912550
1.7391719
8.0654835
5.2686801
10.1916222
7.3632607
3.7985447
8.6582269
11.4070727
7.6467854
3.4349715
4.9912503
4.4779252
5.4242339
6.6939725
4.3935004
14.7504978
2.2334887
4.6905227
20.2452884
5.4335729
4.7834421
18.5238967
15.8493251
11.3782328
9.4794323
31.1393705
14.2702239
16.0537107
6.5060190
3.4485867
4.1415776
20.3458698
14.0582705
5.5786107
18.0241109
53.4141707
40.6649763
4.3132428
10.0042131
6.6653038
5.7214160
14.0163537
9.7901675
22.7099266
16.0017302
5.3656818
15.1473589
4.5639029
18.5914347
13.1129322
22.5783117
5.1516781
23.7875091
37.5296104
15.7148417
15.2325700
6.2825402
11.2773236
33.2195281
20.3607006
26.3617484
21.4251617
18.3630172
15.0732902
10.2976187
18.6791588
9.7184339
17.2734257
14.3378148
17.8518203
24.2695899
12.2512031
23.3133322
12.3924243
10.2455682
11.9614293
19.8900867
8.5685816
66.2792614
3.9590622
6.4737470
4.8279405
9.5211732
8.1043633
7.6596283
5.1410093
6.8841764
7.1756286
7.9202184
4.4016751
7.5201317
5.3992659
4.7825249
3.9828232
3.5150420
3.4314660
3.6839131
6.3861951
4.0030174
7.0926473
4.5370674
5.9042058
5.4702878
8.4494552
5.6929362
5.0155575
4.9102169
5.0711198
5.2283486
9.7366756
7.6046321
5.4832926
9.2812033
7.0598147
5.8106697
4.7688147
10.6869839
4.0674725
6.3417378
10.8061203
4.5433825
4.6534227
9.9714171
3.4850462
9.1873160
8.3633795
7.7187742
9.5592397
6.4914068
5.6205189
7.0524770
6.0109809
10.7095221
4.2142916
3.5414329
11.6895970
13.8061354
4.2061082
15.6471051
5.6304751
4.1652229
7.5441880
5.9752166
9.6240048
12.5647884
4.7521825
17.1699002
4.2079638
15.5291164
19.2537708
10.6042512
4.5384702
15.0733026
8.1554627
14.0665091
4.2572191
18.2096297
17.7797568
13.3025402
4.6991795
9.3330259
7.8541197
2.6981262
4.7528249
4.6494371
33.1343769
4.1792592
4.2110514
5.0365295
4.9935433
37.1523310
10.1400176
8.1428239
6.4743685
13.2351571
2.5420405
4.2218707
9.0536662
6.0825084
8.2955143
11.4935700
3.9777239
5.7584951
9.4768205
16.4991738
5.3130672
13.6789784
6.0044167
3.6634785
4.3826889
11.2770153
8.7931627
17.8482151
4.6348431
8.9521569
4.8587316
6.3448294
11.6907585
3.9797688
4.3096589
4.0843534
5.1855611
5.5326029
4.1986589
3.8083260
6.5229600
3.5834258
3.9767708
3.8427634
12.9090363
5.1546250
5.3870761
11.2204673
3.6069223
7.6518806
16.8046792
16.5722121
7.7421616
5.2076386
2.8320240
4.8446713
11.9562918
6.9058039
3.3008551
4.4331262
5.9879586
5.8576697
8.8845215
19.1523640
5.0082076
4.1168805
7.2502249
5.2501099
3.7169251
4.3920195
7.5222181
4.5762893
4.2441332
4.7952815
15.6098283
21.6885442
7.5768336
16.2363703
4.1787039
12.2855399
10.7437016
19.7165502
16.3476333
4.8020952
5.1823343
25.8797058
8.6214838
6.9393416
6.7836692
8.1959183
8.1077599
12.4256112
6.6065891
16.3923576
22.7951389
21.2335657
31.8697313
31.8976830
19.3974059
20.0786076
24.3773517
23.6077074
20.0065526
3.8382961
5.2448543
7.4881051
19.8327512
12.7278675
13.3365819
11.6963046
3.8083857
16.3101147
11.2850970
17.1017104
13.5265961
8.1121289
8.4043109
3.3617587
3.2206001
9.4058637
5.0199997
3.8793084
5.9070117
4.5312084
5.7913529
4.3606362
8.8045718
10.5766347
12.7625679
22.6327354
10.5373095
16.1734666
7.5212824
17.4809634
6.2862687
14.4038121
14.5360519
8.2165716
5.3260676
10.6256381
16.0932043
13.9117566
9.5140421
10.1281006
16.6272357
30.6733263
12.1490149
12.3376931
17.1723428
9.6665858
14.5558497
7.9166542
10.4073823
16.6244685
16.5426058
5.6579215
16.1746176
11.0370671
16.4898013
13.3899800
13.6347675
9.5758145
13.5892538
23.9365380
19.1265809
33.9240688
3.6792947
7.0191406
7.2413174
23.2554122
15.5505174
5.5401301
3.3199964
6.4821377
3.1968396
11.9270630
11.5613051
29.6417444
9.6136872
5.1945193
7.6746452
4.2790383
9.3624217
9.8795336
9.1469896
8.3804868
4.9111001
13.0499295
1.5368617
18.6073511
9.4125345
13.2810235
6.7773346
6.7715346
6.1522370
9.1035576
30.0053072
31.9605113
23.4208732
21.9180155
30.9950961
12.5502247
63.0660483
49.4912691
5.9243466
64.8462682
54.6579505
38.4488597
148.6116313
128.0297099
74.4114594
36.8382509
60.2515198
54.9883549
48.4344213
25.0955295
16.4423842
71.7203671
70.5240209
31.3855137
35.7769223
23.0134813
22.7785785
46.5058272
53.5613858
44.1985960
70.9919197
37.8872787
24.3905625
50.2690936
22.6097906
17.8918007
64.7489544
32.1871021
21.0034310
9.4179418
14.3845389
21.3233040
13.6119775
8.1122015
15.3709608
33.1346918
27.8234234
34.2074756
28.0193824
5.5099950
25.9127965
17.9655413
5.1919623
6.6874291
29.5740171
14.3396694
7.3490626
8.3530230
4.1571879
19.0496628
18.2414643
4.7825807
13.4016788
3.7067109
23.9109209
16.8354994
16.5890415
9.4353036
5.6264584
29.7050105
22.4399969
9.0461382
19.8191189
17.4833483
16.5286734
17.7126431
10.7570893
10.4995038
6.7516896
8.6529991
6.3287611
7.1184874
16.3229730
16.4333180
7.7411579
14.3325544
2.7286857
8.8243837
8.7188371
5.7939500
8.6761946
8.3479851
7.3203586
19.4843988
10.3699055
19.9651505
7.7102078
15.1347540
8.0867855
13.5690021
17.7243332
8.6361296
10.1628391
6.9213980
5.6599754
4.2848866
7.4613335
22.3482138
10.5539492
4.2234536
6.2198303
5.3577714
3.3289734
4.3941509
5.3863275
57.9397089
3.9589643
5.5962819
5.6112581
2.6989587
4.3222876
9.6189172
1.9941146
2.1813418
3.7635925
6.3951206
4.2493046
2.8939393
5.8915323
3.0352110
2.5448859
1.9545365
5.7195124
7.1843895
2.3253752
3.7649565
4.3431892
11.2854581
3.4329907
9.2326570
7.1136515
4.3341514
1.3337599
6.4984443
3.9870448
4.8172875
7.0618941
5.1461464
3.4353704
7.1212867
4.9530269
3.7289850
4.2440118
4.3687133
4.4509531
4.5186464
2.5842006
7.1653134
5.0222116
5.1020566
4.7108374
8.6823481
4.7113303
3.7760052
2.5449640
5.5265608
3.9904368
6.1628338
2.9888047
8.0804825
7.8665220
5.2583172
7.6088869
5.4498074
7.4096147
7.6751334
8.4475186
8.0585552
2.3318383
4.4197444
3.7552163
6.8350269
5.8159408
2.1817810
6.7782672
10.2565654
8.9898124
10.9393716
9.1531417
3.7371336
11.6669537
4.0053071
8.6354060
14.7608422
6.4929691
1.9759657
9.5307418
2.2940457
2.6837887
4.2516956
5.1402999
8.0869822
4.9856226
3.2958522
8.3318966
11.3792235
8.6917330
8.9372834
7.3868483
2.8709680
11.2619858
7.4195336
5.9610470
9.1446914
4.7440532
9.5799828
11.8356625
11.2183686
8.5463240
5.8078421
9.3638004
4.3843867
11.2158493
13.7415355
7.2562646
4.3113402
5.7788108
9.0195504
2.1097436
4.8722038
5.5863483
6.0323825
10.2502655
10.5882782
6.4379215
2.9682866
6.5764595
5.7882723
4.2015346
3.5081294
7.4728633
7.8164711
6.4922176
11.7089700
4.8394274
4.1421010
5.2079743
8.4291133
7.7137394
1.4043177
6.3154969
1.9019366
3.3317024
11.8037701
4.6052490
5.4164981
6.8774750
6.5970487
5.3751351
5.2806502
7.0900703
4.1203045
2.8820833
7.3026090
7.3378922
1.2523827
3.4342937
4.9097300
3.1173985
3.3387701
3.0841466
18.4518352
3.2750632
4.0758984
2.1342902
3.5820842
5.3630995
6.3279042
3.7043060
5.3860482
7.8309592
19.9463449
6.8851039
7.2148570
9.1723246
7.2786013
12.3118073
9.1357359
9.1514005
6.0689226
7.6106237
7.5934314
11.8854455
18.9949378
3.4119960
2.3338075
2.2690833
15.4003760
8.6976309
7.6262602
9.4584679
10.5020592
3.0708609
9.8505863
5.3642217
14.2639775
9.1881661
3.6212165
9.3625553
8.6866035
6.9455331
9.6512626
13.6341949
11.6398226
14.3746737
9.6840108
7.9099130
5.7622994
9.5254838
11.0649272
8.5791021
10.2852568
10.4402245
9.5408758
5.6636163
9.5242554
6.7261557
9.9969381
8.2580696
3.8427460
7.7436495
5.0118882
2.9097007
9.0733919
5.4580450
8.2323381
11.2303544
9.6192607
21.6516094
12.6672356
96.1142619
60.7522414
42.8353146
5.5958385
10.0196989
8.9099630
7.5504150
18.1562911
22.2536908
6.7365530
15.0978505
8.2920020
10.2131099
7.0050954
5.4855586
5.1525502
7.0080021
2.6441733
3.8854564
0.6539591
1.9998886
6.4479444
2.2698447
2.3904188
5.7824986
3.0584440
0.6704378
2.4262476
4.5803565
5.0945213
3.3503979
3.2944526
2.1344495
3.2168479
1.5156316
0.6590871
5.3898144
4.7464973
4.6256594
0.9226842
1.5711614
10.3982456
4.4868360
3.1262412
5.3593108
2.7008213
1.4774919
3.8977443
1.2168850
2.0603499
0.6819761
0.9134016
4.5551310
3.3009023
5.5705629
0.7468066
2.3953973
6.8122661
2.7443655
1.2064329
3.8836705
6.1561237
3.3834081
2.2565561
5.6213731
2.5117299
2.6243011
2.8433906
5.6135489
0.9832026
13.9661847
4.0547702
2.2664652
1.3960257
3.4411784
9.7122547
4.1910208
4.3542782
5.0355846
11.3556327
3.7784669
11.7562224
4.3021612
5.2177969
15.8451150
4.7345261
2.1441602
6.1360068
6.2617734
5.4864527
6.3551080
5.9706465
4.7509020
10.3560198
8.6217907
7.0091879
9.2751588
5.0751158
2.2283272
8.6608250
8.4396864
6.7976717
8.2757081
4.8454436
8.8975528
3.7203573
2.5410900
5.7539735
9.9977632
6.9514735
7.8788213
4.8305810
5.0184814
9.9006906
11.1123494
6.6378396
5.5392173
5.2823150
10.4788239
11.5556397
7.4809752
13.4762326
12.3545281
11.1722945
7.8483088
16.8293208
12.9285734
8.9870836
13.4823976
13.2438181
10.8882302
16.0316378
12.2306012
15.6667383
8.3510606
18.3264223
17.7444077
16.4011854
15.1448266
10.8039672
13.4262178
16.7524780
16.4654937
34.4599543
10.4469844
23.9914913
39.4986517
22.6416107
23.2405769
16.7504073
37.6202287
43.6987298
73.9159544
41.0042629
57.6728469
85.9126546
22.1643761
89.3427947
14.4197298
58.0196665
29.5707737
47.4824112
5.8285940
15.2157514
59.5194644
24.2235914
29.2645718
81.5445882
193.2964312
31.4217571
15.8483137
26.5935475
11.8366085
8.6905616
26.4029214
89.5459037
35.1514984
171.3720084
50.9790543
219.4957131
16.3051459
37.5979139
46.4859383
62.6334867
66.4569811
65.0293510
49.6040024
29.3529046
98.1250878
12.0049647
58.5862915
18.3637794
56.3910230
29.8798839
52.0935744
28.4941696
91.9252152
30.4332516
79.6904715
68.2951732
12.6130842
40.7240024
93.8315735
48.3363551
19.1266022
51.3060415
206.6074417
104.3271032
55.1478700
36.7425770
44.2986223
41.1292149
99.7324434
57.0892512
20.3659371
26.9822124
14.4208035
88.0336366
44.9976027
30.9684746
17.4673971
9.5604011
16.8366889
27.6116578
42.1468364
14.2344479
8.7860388
19.7324647
5.9581759
4.4003472
4.0776315
6.4063334
6.9391805
6.0898821
4.3434118
31.5936487
19.0802367
4.5779403
3.0153167
3.5243836
3.5869167
5.9402041
3.4822668
4.1839450
4.4314207
4.3426308
4.3474471
3.6931935
5.1046159
3.7483415
5.5277699
3.3767617
2.8382105
3.6888867
4.3467869
3.7886617
3.2801798
3.2142743
4.3150339
3.5669204
3.4466218
5.4180408
3.1012072
4.0568994
4.8769599
4.0135185
3.5337873
4.5731733
3.4301659
3.8388396
3.3385043
3.8122103
3.9308959
4.1455838
4.2636459
3.2018756
4.5746550
3.4785427
3.6627390
4.2119037
3.6165849
4.7699027
3.8824263
4.1622303
3.1242874
3.8112038
3.1998759
3.9889741
4.1838597
4.7365032
3.6703398
4.3789002
4.3107566
3.7461674
4.2032006
3.3576155
4.0983167
3.9662527
5.1951739
3.9170367
4.2131363
4.6719229
3.5810872
4.2439582
3.2122305
4.1284774
3.0402509
4.2670238
3.7050424
4.7988852
4.1524395
3.7749369
5.4604789
3.8292723
2.9567993
2.3017488
3.4405322
3.5095089
3.4977533
3.4213524
3.3348118
3.5121144
3.0679198
3.1892977
2.2776012
4.1518596
2.1755805
4.7889573
4.6385894
3.2600598
3.2870999
3.7759596
3.0679227
3.8504037
2.8623201
3.9477350
3.3039571
3.0973997
3.1323344
3.7359609
3.6387656
2.9282844
3.1272382
2.6649762
2.8655029
2.8135469
3.8106328
2.5680753
2.6368431
2.0560899
2.5407064
2.8530492
3.2162189
3.5395871
3.1133922
2.8481416
2.6963670
3.1345072
2.7873652
3.7985205
3.2264912
2.8214107
3.5943523
3.5163114
4.5973327
3.8458579
4.6495519
2.8819157
2.5504698
4.3843858
4.4118729
4.1300415
4.4722099
3.9743755
4.0593156
3.5229506
5.2693004
4.6986330
4.4903858
4.4447194
3.9380449
3.3266214
2.7094214
4.1057216
4.7052279
3.0634817
3.1533064
3.5380095
4.3662125
2.9798282
3.6816801
4.5209964
2.6690365
3.7096787
4.6611416
3.3805645
3.2718787
4.0041242
6.0786986
6.4367813
4.0798378
4.6998063
4.2245677
5.3660456
6.0584064
4.0109311
3.7689681
4.1208334
4.2336954
3.9648598
5.8137180
3.8635228
6.4034719
3.6277234
3.8603590
3.4712675
3.5966339
5.0242541
4.5276124
5.3541585
7.2965406
3.9256730
5.2540566
3.9956625
6.0237075
4.1428777
4.1242319
4.6892336
6.8938861
3.5374904
4.7318062
5.3516538
4.1058253
5.8394930
4.1951121
5.3630660
5.1576375
5.8964440
6.9302521
4.8295090
4.8261916
4.5997284
4.5948557
5.0537817
3.7017354
4.0304673
5.1827864
6.2411772
5.4857529
3.8242145
3.6171963
3.9459119
3.7010157
3.6994652
5.7841112
5.4617150
4.1328286
3.6694717
5.0437210
4.5821261
4.3734076
4.4514849
5.8223206
4.6221912
3.5333359
3.9478261
4.1059751
7.2600918
6.9527444
7.0009440
3.7925373
10.6513170
11.4265645
4.0535146
7.7047736
6.7322683
9.4852674
6.7096035
6.9504004
4.9337612
3.1413592
10.9543481
3.7033472
9.0526178
3.5942911
6.5893041
3.7202238
3.6609114
3.9702914
4.0930141
10.7604639
3.5942556
4.7931998
2.4959017
4.5145881
7.7709546
4.6756859
4.2638966
7.6921230
8.8536615
3.0194095
4.2809077
5.9225916
5.4448141
6.0054843
4.9289500
5.8525569
5.1349463
2.9473635
2.5041563
6.9345617
4.5316145
2.9577831
7.1498931
3.1294512
6.0709904
5.1392035
4.6219668
2.0164252
4.6997439
6.8782370
4.0571218
3.7270759
4.1325223
5.8046948
5.1391019
4.5028646
5.6456202
4.9900488
4.2637673
3.8515757
4.6728822
5.7193287
5.2909113
4.3973348
4.8305225
6.1471514
5.3328772
4.3397006
4.7945287
6.1736401
5.2737484
7.0047221
4.6704668
4.2068134
5.8099483
6.4710481
5.1098950
6.6195020
4.6163564
5.2041162
5.5465564
5.3898674
6.8932062
4.6721834
3.8814783
7.1120483
4.4477069
6.4257192
6.0370729
7.9282919
5.8361280
6.5523339
6.0562122
6.3670575
5.8598192
10.7797364
6.3305433
9.8527124
7.1696697
7.0114483
9.5161895
14.0339496
6.9730071
13.0483814
5.6634266
11.1459517
10.4207173
10.2519660
7.1415948
5.8943022
6.8999856
7.0936556
5.5743853
11.9573293
6.4056981
6.0317239
5.6933104
5.5329161
5.4323790
6.2759643
5.6398025
11.3837710
19.3815023
7.3520131
8.7328890
9.5060825
6.7999651
4.7705571
7.6047183
8.0962945
7.7253507
9.8444679
7.8799648
13.4894266
7.1047797
7.0173128
6.9043722
17.6049670
7.8583778
9.5066204
16.0414102
7.0531769
6.9126066
7.7254899
6.8729574
8.2220211
10.5450367
17.5822940
5.9735540
13.5852354
8.4741137
8.1992170
7.5641710
9.8446732
8.7611895
9.6477980
6.6070224
6.8917470
6.3636399
5.9117836
4.6944025
3.5642971
4.2418098
5.7490332
4.0350342
6.1108544
5.9625402
3.8630042
5.6960671
6.4462817
7.0221747
5.8648087
5.6739630
6.4753322
3.8224563
7.6331349
6.6802256
8.2524739
5.9866944
26.0258442
8.8019462
4.0582733
5.0400737
33.1880134
4.1986707
5.5750091
9.8180275
7.1480972
4.8558838
4.3669392
4.0130952
10.0938341
3.3249537
19.0512313
9.2761736
30.2391752
17.7196434
13.8546260
8.0654817
12.1241960
8.4486660
8.3691483
5.0872905
8.9749993
9.5278930
8.6665524
5.2508646
14.2562003
10.7888571
13.2004897
22.0194829
7.4285343
10.0430572
12.8025065
22.6301072
7.8016742
10.5242046
9.6973716
26.9286598
6.6153624
6.4476416
6.7757146
11.5177612
13.3745714
6.7016976
13.7926240
12.2748818
16.9110241
9.0389237
16.0448500
11.0013232
15.5184161
14.5633999
8.1602366
13.5050900
22.9852178
44.2021860
11.9469505
6.9448294
8.8185771
45.8243692
18.3456827
5.2439061
4.6879703
21.3580167
10.7010425
5.1406834
20.9970586
25.4412843
21.3914080
26.0640891
18.0203107
14.8394454
6.1973140
20.8190132
11.6931759
20.9609859
6.5833614
7.3489185
8.7217293
27.9662592
11.0949240
14.9741210
6.1588619
14.2019576
7.8888702
4.1319320
9.4333036
7.9171206
3.2676881
4.1322208
4.6172527
5.6718406
5.7358471
7.9391556
5.6276003
3.3592963
4.4611336
13.7396058
6.4831545
4.4416388
10.9069952
30.0679904
10.7515489
8.0558888
21.7651399
6.8972853
8.2776611
14.7076444
26.0694981
15.0458224
19.3949259
7.9728594
22.8726029
11.3281714
17.0589387
8.7719941
14.0098152
12.5375096
9.7558350
16.6834372
11.4035306
17.9771665
21.8344054
6.9641804
31.8653937
13.5069497
22.6505973
22.2927066
30.2380745
14.6143838
32.7320940
21.9147779
15.9093303
28.6872418
13.8602476
29.9850491
10.9356687
16.5876580
18.6177053
6.1548680
18.0215796
16.3882679
17.4500189
29.0768726
21.5222705
14.1758344
17.6395419
8.9856880
11.6597680
15.7744369
12.6075077
7.7786528
5.1592557
23.5472070
12.7122879
11.0088136
18.6490666
8.6992875
16.6867983
5.9574484
12.9596877
16.4391538
9.9967239
13.5396944
9.7043882
13.3361380
9.1339004
8.8984796
7.4130602
17.5188206
11.3868811
48.6592512
13.4777232
12.9516262
2.4578170
6.8746707
21.5110109
3.3929893
5.1747892
17.2771620
5.4740449
1.9292131
4.8959867
5.6324920
4.9905949
1.6249749
10.8183234
10.2527359
16.8597285
7.1326205
6.7414573
11.7984277
7.7477017
16.2352547
7.7976408
9.0883974
6.5952944
8.5092744
9.4880149
19.6034962
11.4533866
12.6174628
21.7662041
25.3210157
6.6287614
5.8220391
12.1586317
5.7878677
13.3844885
10.6224625
13.0251248
15.5931296
13.3947892
11.8775976
9.8711621
6.3204414
6.7054750
10.1361723
11.0182590
6.9547179
15.0503172
15.1546409
18.3218660
20.9533468
23.1661611
14.1791748
18.3681975
14.2674926
14.2280708
8.0479831
7.5845611
18.6170521
18.4075604
15.9784825
21.7015851
21.6180278
8.8407108
7.6918611
3.4125462
19.3479178
8.1054992
15.6787687
9.2853251
26.7508271
6.7339369
8.6813543
7.6055726
7.6185803
1.9980665
8.5484367
3.7204377
12.4719940
3.9479776
7.1534902
8.0052452
2.5884711
3.3960705
3.2702576
3.8533083
6.3617311
14.2893143
6.5423808
8.7154176
4.8627068
7.7265703
2.6647937
4.1922375
6.8339780
8.2723245
8.6094581
3.9295927
2.1186680
3.9718607
7.1526678
12.0475369
7.3292836
4.1045043
3.0663651
6.9599264
5.5301235
10.6933712
2.8105606
2.7565855
4.4191907
5.5911284
7.0883164
4.8093698
4.0588323
6.2213109
2.6358922
2.6189427
3.0300824
5.2243817
3.0964693
4.3527979
2.2795231
4.9223470
4.5083750
3.6462495
5.3675020
4.0343200
3.6217009
4.3469246
3.2837235
5.0584726
6.6569167
4.7558795
4.3413841
5.1388125
2.6904802
9.2593759
7.3013453
7.9553524
4.6407844
3.9736439
6.1374858
8.5697982
8.9823088
3.3615510
3.3567289
9.5134757
8.1485808
9.7512346
5.7271375
2.4626006
9.7460219
3.9171639
7.0760484
8.1393317
10.4168789
8.0041867
9.3778162
6.4528668
8.9501892
12.3605637
6.2213734
3.7832147
5.2459088
10.1476235
10.1158796
10.8891413
10.2455837
7.7737715
5.5935179
9.0930803
9.4132212
8.1068442
5.3571993
20.9736141
11.4626100
5.1422496
7.6790621
7.3482091
8.2917064
4.1528471
7.2376724
10.3818626
7.0104297
16.4680768
3.7835771
7.9093517
6.5101236
6.5202258
3.6588636
6.7412134
3.6810498
4.3338824
4.0666438
6.4517294
3.3057362
2.3508155
7.6354962
6.8557154
3.3795111
5.0995385
5.2856159
5.0397643
5.2896213
6.2877621
7.8021763
4.1730214
5.0028248
3.7046523
4.9647486
4.0286218
8.2767564
6.8944612
3.6151825
8.0376206
4.7756289
3.6076825
3.9346498
4.5721576
4.1290924
3.9242864
3.9062810
4.2307987
4.1047761
10.4866381
7.0733662
4.8798213
4.3436593
4.6091383
4.8497169
5.6510006
3.6103235
8.4040255
5.0774658
3.5626835
3.8650697
5.2590184
4.1644218
3.8750964
3.9671784
4.1923852
2.9915118
3.5509446
3.6522416
2.8463175
4.4898026
3.9927209
5.9620479
5.7217776
5.8868360
3.3467911
11.0876717
4.2312759
2.6462803
3.8426547
3.5011796
4.7575320
3.8107175
8.1580917
5.9317775
3.4976051
3.6011636
6.5960483
5.8862438
2.3918487
9.7129917
18.7547050
6.8174744
5.7987933
11.5752592
9.1410055
3.5500175
5.9205891
6.4460062
6.8319053
10.4620507
3.7325474
3.6205204
6.8963403
4.8025049
9.1312389
3.3942018
3.1832192
3.9621733
3.8068034
3.6052486
4.4825518
5.6980652
5.5236495
4.6474156
3.2903998
3.9940709
3.6583633
3.2752351
4.0218316
3.8329803
4.3201693
3.8084394
5.2749275
4.3887154
5.7332381
5.5505334
4.9409567
4.6923885
5.1638638
4.4853190
5.5772051
6.3461091
4.4426525
5.6831967
5.2344474
5.2288927
5.2549380
5.4165205
4.8341117
5.5524899
5.4205024
6.5818434
6.1961161
6.9677021
8.0007854
6.1589048
5.5090088
6.0362995
6.4274160
5.5815146
5.8692033
8.7304279
10.0246314
7.7875250
12.6887155
6.5659882
7.2555699
6.6538228
7.1013497
6.3208350
6.3812883
5.6462745
7.6761616
2.8444330
4.9156959
6.0663890
10.0908563
6.2852145
6.8628375
5.4252892
5.7031667
5.8682747
4.7024143
7.8089772
2.8817688
5.9237688
3.2937094
3.7634260
7.0799658
7.5486565
7.5404740
5.3840648
6.6356335
7.1169713
12.8103750
14.0540393
16.6524444
12.7534850
13.1496877
10.2247272
8.9880229
6.3252728
10.8456246
4.1888297
14.5293666
16.9872270
15.0551059
13.9673824
8.6859007
13.1242255
11.3079852
13.3173829
6.7352686
11.2286502
12.0697943
11.8493975
15.0157487
14.0808697
10.1521665
20.6235938
16.1042743
16.8797241
18.7625739
17.5822610
13.2787890
17.2808351
17.6531400
15.7178636
19.0745918
10.5301173
8.9169955
12.2088743
11.3406953
8.9535806
8.2089198
7.5737674
8.2350912
5.6174243
8.8734683
9.8600015
6.8154954
24.3140805
10.2032313
15.2317742
9.9292657
12.7144191
9.6304368
8.8630599
15.3449221
10.2546740
14.5020214
23.6418905
25.8920547
23.2241086
11.8687317
8.4348557
23.6991614
18.3038830
29.7051580
25.4915129
31.1016448
28.7458522
53.6847262
42.5774758
29.1939891
27.2013480
39.7870855
24.9946198
46.7118445
38.5178019
45.6942229
37.3399294
43.2864753
34.6195872
22.6669749
31.1324309
37.0413767
25.8591913
27.2894425
34.9757431
30.5170658
24.8899523
33.1046055
24.4912266
30.8059796
29.3956279
27.9668579
18.8865367
33.3438587
36.0175483
43.9664427
10.3693894
34.0570069
14.0780217
20.9747600
17.8637333
13.4916957
6.7883506
12.7129995
6.2643860
6.2550112
13.6528533
7.6007823
6.3998860
24.4534372
12.7087766
12.6382421
17.1439063
20.3012237
24.8762435
24.0038014
18.3814089
23.5409264
17.9024094
37.5361760
37.2268472
43.1574166
34.2038122
24.0689653
34.4676626
38.7425500
39.1053872
31.1637579
43.0477852
42.5424038
57.6478619
37.9143797
45.9429159
47.3340853
33.5293999
49.9040686
38.0201389
23.8445878
45.6965205
32.1230784
30.0267693
42.6062772
35.2503435
45.3120431
44.7153718
36.6410043
25.4396074
46.5522965
45.3150293
55.6929936
56.5364203
55.7228893
60.8654035
53.6314024
60.4779859
60.5892472
51.2586640
71.0041504
39.9042204
43.8845263
35.5594525
55.4886480
53.0089315
62.1700853
63.5423321
61.3459951
57.5787453
55.7672408
56.8437861
58.7018121
57.9964771
72.2409436
61.2349723
72.9521415
78.0327618
67.9991378
76.4064085
67.5626874
53.6703360
69.5729529
78.0312855
64.2585046
72.2247164
67.9467736
72.5103693
69.0762160
63.3615164
80.7267489
81.1606873
78.5788327
77.1774259
81.1691525
79.6002273
69.4753129
70.9604167
78.4520393
69.8265168
80.3194257
70.5471006
76.9810473
73.2052392
75.2623429
65.8825622
74.4062299
68.4312105
71.3911818
62.9287496
56.0220237
67.4304010
68.3845768
66.6562187
64.0162179
70.6620456
62.6427243
63.7317327
61.0465291
55.3413346
63.2151939
68.0068955
57.9031979
61.6721144
54.8565286
51.8120858
74.2060456
46.4319995
56.2148851
56.8701495
57.3300183
69.2371275
63.7135506
67.2978637
64.0237769
53.9679400
65.9977913
69.6677294
63.1882637
72.5890092
57.4925629
63.8436004
65.9346707
67.9725612
52.4025589
47.4526933
55.8957059
57.3248335
56.1518860
59.2621237
48.0270512
57.5580010
60.7758306
50.2697586
54.0913468
59.8174844
67.3744975
70.7618754
62.7681939
64.0479771
63.0024656
59.8573827
57.7821323
46.7398567
57.2977311
66.8818352
49.7866150
49.1853656
63.4471199
54.4366231
59.2248687
53.6714038
66.5957971
55.8334888
65.1005139
47.2887503
45.3685649
42.0011675
43.6853050
53.4799574
47.7625923
56.4600527
59.8188814
79.5375688
69.1543967
54.7805318
61.0044204
52.0503284
55.1705558
46.7960676
39.5312320
52.5633982
42.6094903
13.6379805
56.0352138
48.3468149
59.6125863
43.7688848
59.3142894
37.7928068
43.4045643
62.4265530
43.4973123
62.2174620
58.8806168
42.4463452
54.1587999
50.8066617
46.4779042
57.7150585
66.3864613
51.2514351
53.2961922
54.3229516
61.9847953
55.5526078
73.5475814
42.1007588
50.0348139
65.7556164
66.2352943
50.5200098
60.4054389
54.4026100
38.8531208
62.7866522
49.6768170
70.6393982
33.2581815
50.6933232
46.4633568
64.4658162
66.0304459
59.2726365
56.2765988
65.9806403
33.7514089
62.9267619
57.6700543
68.0610164
56.7361672
76.9065077
67.5774659
65.0491813
43.1191548
68.9091771
35.0502040
40.1696971
42.8581059
35.5473556
53.6671246
49.9085318
51.9732606
44.6624784
48.3321289
36.3422258
31.1945802
26.6162763
33.3324350
47.0822627
38.2176529
36.8634588
55.0622842
28.6900556
31.8085917
31.5113402
33.9613671
19.4695514
20.5907091
37.2419553
17.2008544
12.2714383
7.3821572
30.8104092
30.0516878
3.4575816
8.0688026
11.7889138
8.7699693
4.5962411
18.8076826
22.2665751
3.9562457
2.5947557
8.7609492
5.2565859
1.6883466
4.4733440
2.0506835
4.2290474
3.0390622
2.4660765
1.8450339
3.5774489
2.4349982
4.1305652
4.3807341
5.1938589
3.7067918
2.4852807
7.0975998
3.3548967
2.0463184
4.3904090
4.4357620
1.8841086
4.6923615
6.0321518
5.1359150
4.8260316
5.5898706
4.9892137
3.8962241
4.5922531
3.2057516
2.0360899
4.3686152
4.7561647
6.3101690
4.7529927
2.2187652
4.6260324
5.5248182
1.6395887
2.1108940
4.3989365
4.8419094
2.2191885
4.5181851
4.1091800
3.0430170
2.9918312
4.4576229
5.5995968
1.3510520
2.4608730
2.3701365
1.6798822
4.7236325
2.6811544
0.7703164
1.3773492
3.0647489
5.4240534
4.8458692
4.7824363
1.5097244
2.2291536
0.7091770
4.0173730
2.1383834
3.1500285
2.3099289
4.5879222
1.5815591
3.9347837
4.6907949
1.6204940
1.1609030
1.0458496
3.7255529
1.6110652
0.9480620
5.6287638
5.0313294
2.3436109
4.1074986
5.7378219
4.3586917
2.4154084
2.7564123
2.7314026
3.0134438
5.5466809
6.0005706
1.5830405
4.5552277
3.2068532
4.1961741
2.1695800
5.0766659
6.1159792
4.0127925
5.4337578
1.8500172
5.5846501
5.7370247
3.7695208
5.5934796
5.6545002
3.6742002
5.8619009
5.8671295
6.0436693
2.2435926
5.5689919
5.8323189
4.8555247
5.6156761
4.0641806
5.9205805
2.6169791
5.9444997
5.5022319
5.5991448
5.6682018
5.1280786
4.7988017
6.2782740
5.5518398
4.6066043
5.6597105
5.7229438
5.7103176
5.8249072
5.5921027
5.6431189
1.1011798
3.5599182
4.9665203
5.8317702
5.8072716
5.3866391
5.8150797
5.5619950
5.8735917
5.7094520
6.0681807
5.4897554
3.6633970
3.0603894
4.0190663
5.5569853
5.7710881
5.7212771
5.3308398
5.5885417
5.8351778
3.8321551
5.2711880
5.4953632
5.4325775
2.4643637
2.2992845
5.6757224
4.6969882
5.4591818
5.3790884
6.0734109
5.6714196
5.8184719
5.4880367
5.3809114
4.8219610
5.5421977
5.4742917
5.2656731
0.2961568
5.3925270
5.9003737
5.5813389
5.6318766
5.3905839
5.5281775
5.4486784
6.6320024
5.6189047
6.2865287
2.1410704
5.5462095
3.1917063
4.9756402
1.0973607
1.9803577
2.4862376
1.0595261
2.3230981
2.1674189
3.1434694
3.2792185
2.2997801
4.6335101
3.0529426
6.2406512
1.9453962
1.0156332
0.8445206
0.9123111
2.7092210
5.3193632
5.3750199
5.1082281
5.4264401
4.6317995
5.6604068
5.6924261
5.7043136
6.1409450
6.4256081
5.6657559
5.8848322
3.6647083
5.9515486
5.8709786
6.0486706
5.7762069
5.1400377
5.6142903
5.8195865
5.4682759
6.1106181
5.8321110
6.0191715
5.9012826
6.3893910
5.7835626
5.9025143
5.9385099
5.8516343
6.3287715
5.8650335
5.7582588
5.1248235
2.1334261
6.6976626
5.6943901
5.6511487
7.8761256
5.7206055
5.6402389
5.9243927
6.9686970
6.6578779
6.3886343
6.7013211
9.5500748
5.8256272
26.3974061
5.6467844
5.7174046
5.7378001
5.9366178
6.6261346
10.0135266
12.8504727
5.8574948
3.8460433
5.9550666
6.2559574
6.9740162
6.7771801
6.5754726
6.4181133
13.3867384
6.9435750
7.5116828
7.0240100
6.4520792
6.3223134
6.5978308
8.7852399
6.5896447
7.0041019
6.4986183
6.3115291
4.1236701
10.7162477
6.7360823
8.1281588
7.2551047
8.7010590
6.9687407
8.3051519
6.3942292
7.5340704
6.6373568
6.2116450
6.1007939
6.4673207
6.6875140
7.0861592
6.2951456
6.7344754
6.1116493
4.5921266
5.3166115
6.2674115
6.3649317
7.3781494
6.7349013
7.2014353
5.9103201
6.9421912
7.0134555
7.3496901
5.5786458
8.4973135
6.8404912
7.0999252
6.3365100
7.4183680
6.6007181
5.6224175
6.7591805
8.0139918
6.4613849
7.1333822
6.1220104
6.4531434
5.8767355
6.6049203
7.3056540
6.1513998
6.6385691
6.4955702
6.8500040
4.7064591
6.0200018
6.1867080
6.4164992
6.7420682
7.2158944
6.4400836
7.2046677
6.2315415
7.4508054
7.1914655
6.1082314
7.9005753
7.4761588
7.4049453
6.8050132
5.7710740
6.9386325
6.7328527
6.4782959
7.1774438
6.6277127
5.7242967
3.9429357
4.6162772
6.1624730
6.2908291
8.3914623
7.3750702
7.0781805
6.3753749
5.4805328
4.8458463
7.6667721
4.1649104
3.9356833
7.9218139
6.7889539
7.3180129
5.9426708
3.4278430
4.3652085
4.6637722
6.8596801
6.5820552
6.1960663
6.0246366
5.7326958
6.1956074
3.3579214
7.1883783
7.4956561
3.2154970
7.2695593
3.0091885
6.2443305
4.4021677
6.1550689
3.9227019
6.1245539
5.0987547
5.9675133
6.2367869
5.8551189
7.0726821
6.6097497
3.1567992
8.0949526
6.6926140
5.9860741
6.5106720
5.5381184
7.0272510
6.2744753
6.3645041
4.4740485
6.8856029
5.7403464
7.2480850
6.9404769
5.5166416
6.1961703
6.0092814
4.9747221
3.8150182
3.2928525
5.9642447
6.1715406
5.8567920
4.3550079
7.0303319
6.4932472
5.9151889
5.7213713
6.9939230
6.2741619
6.1870941
5.4995440
4.2123743
3.7435496
5.2624113
2.7512113
4.4130968
5.1235166
3.0472106
1.7848421
6.6251467
5.8009838
5.3284793
7.1296723
7.5546263
6.9996846
5.8903580
5.7171966
5.9007687
2.7748997
5.2838599
6.0015346
8.1312482
2.9565657
2.4126192
6.7737798
5.8644807
2.8354200
5.7760387
3.9639332
5.5053325
3.2865591
5.1652152
5.5100766
5.5163234
2.9120484
1.4784518
3.0399390
6.4163381
4.6527560
3.1765930
0.7206180
3.2041013
3.2339575
2.6192138
1.2684731
3.1761576
2.9740519
1.6468609
6.2759743
6.1617125
4.9118337
2.4895742
3.4006296
6.0836707
5.5589860
2.0340060
1.9139347
5.8660743
5.4108434
1.7817475
1.2301806
2.2488107
0.8844499
2.9687521
1.3951547
1.4312758
0.4429954
2.8923808
2.1654238
6.8696324
4.3464021
1.5301712
2.7898582
3.7318548
0.9232529
2.8093756
4.2585316
6.8315688
2.4506470
2.9065089
3.2324576
0.5771315
2.4364393
1.4260653
2.7230882
9.4431673
3.8716723
4.1649953
2.6606167
3.4393170
3.3937430
6.3306186
3.3202755
4.1149491
1.1069023
6.0704361
6.0255057
4.2249513
1.0401751
2.5525299
5.2432457
1.1056544
5.1436358
1.7931765
2.2972320
4.7298684
1.2487911
6.4916375
5.1785224
6.0131827
5.1582160
2.9131337
1.1714527
5.8716984
6.1458891
4.3417679
6.2388797
6.0051673
7.3203980
7.1570316
8.8489244
13.9872247
9.3656434
24.2626541
28.4779573
32.0081761
23.8691107
16.0034178
14.9475384
11.1356003
20.5169599
16.9497906
12.0706342
16.2769687
14.1581196
8.5859468
11.0758486
9.6086367
8.7069773
6.8331379
11.1231451
9.2525659
11.0594820
13.6363211
18.0593143
10.3791438
12.6471349
9.6194226
7.0371644
10.5344155
7.5246382
13.5841505
15.4562095
12.9438171
10.2511756
11.1028108
9.1160602
4.9907180
14.0397040
8.6723110
10.4403202
6.5334436
8.3696549
8.4801600
7.3532474
7.0246512
7.9587663
11.9684542
7.4933376
7.4229869
7.4444627
5.5067482
2.1659000
2.5597926
3.5016513
6.7183733
3.2134609
1.5892714
2.1070612
3.6911692
1.6274401
3.1879708
2.2898427
3.6324788
1.0820071
3.8909879
3.4637642
4.7531941
1.5737453
3.6777485
6.3833598
3.0364067
6.0881481
4.9500991
3.5391875
6.1075698
3.0250895
9.0379087
6.0559337
2.2606925
6.7327172
7.1822870
5.3145741
5.3362870
2.2571981
4.3033382
7.3429438
2.9593777
2.2403134
6.5546810
2.2796703
2.4444656
4.9154767
8.2875950
3.6718562
2.3868789
5.2766778
8.5711884
2.9392671
3.6160106
8.3752486
4.4843293
7.9519051
8.0020304
5.5277335
5.2074289
5.1389161
3.9366699
4.8413464
7.5979279
7.2279525
5.1393633
7.1825178
5.6635315
7.7421549
10.6350886
4.8604735
7.8135899
2.7007730
4.6987710
2.2441707
6.8825464
1.9738846
3.7070294
0.6955824
7.2546130
7.4546275
3.9870676
5.1100345
4.6478320
10.2323478
5.1729946
5.9820964
4.6975183
16.0210714
7.9207115
6.7760749
6.0264601
16.3863102
3.3275129
12.3201270
10.9808693
9.8218088
14.1677074
7.4620939
5.9312570
3.3147912
4.6179161
9.5549609
3.3633766
6.5724529
4.1290143
5.3713978
4.5066652
3.8085242
4.1709525
5.6452414
5.9949943
3.5562515
6.5954899
7.1078166
2.1319583
5.2314763
7.8900486
6.4409389
6.3193295
6.4482267
10.7880189
7.9638337
8.5018544
4.1033213
6.5579167
1.6265722
3.8826092
7.7019987
1.5123253
3.4397044
7.4920923
5.6291797
2.8564210
4.6348947
1.8188235
5.3834694
2.0022606
3.7125313
9.2150201
5.9797723
5.4340062
2.5119100
6.3290842
6.5235993
5.8762704
2.4569272
3.8630871
5.2548906
2.5123862
0.5600026
7.5426912
5.9381320
3.5718114
4.8370551
6.7584151
3.4828422
2.9264677
3.1172550
6.5761621
4.7233691
7.4477496
5.4232008
2.4529351
9.4095466
7.8825201
3.8705998
8.0989085
12.3020973
4.0476238
6.5038289
1.8520645
3.2605178
1.2130483
4.9191592
7.5965422
1.4237727
5.4007305
8.2772278
13.3728205
2.7609192
21.7591603
3.0439176
6.0659802
28.7151004
16.4507947
9.3901299
10.2358538
3.3494398
7.0945605
8.9591339
4.5742034
10.7669694
14.2876220
6.9483239
5.7901650
4.5217205
4.6562772
8.1110647
8.8071984
5.6979415
2.1118650
5.6269185
2.8308717
6.0305326
3.1349469
0.8412934
3.5283871
4.7515016
1.5804924
5.7248123
1.2161686
3.5781231
4.5592007
3.1232301
0.9572372
2.8926468
3.3702872
3.0862553
1.4322525
6.5044873
4.6069996
3.4757123
2.4319156
2.7893598
2.9533978
5.5124959
5.4667338
4.4432807
4.8016212
4.2663576
4.9802699
4.7540764
3.5901732
4.4753690
4.4022927
5.7225528
4.5492874
8.3274468
3.0149782
3.7741933
3.5983985
2.6888433
4.9780861
1.3867238
2.9527158
4.5339844
2.6337213
4.9366664
4.5465671
4.3268253
3.7240357
5.0599138
4.4625347
3.0238736
3.0675403
4.8640914
5.5003251
5.2453767
4.4393823
4.9384534
4.8304388
3.2117127
2.9764779
4.1157625
4.8774806
5.0365100
7.0853168
2.9079201
6.5263767
4.3706208
2.8812738
3.7154513
3.0896930
6.9776307
4.4843174
4.8769175
10.2170382
4.4538003
4.9080799
4.0873453
3.0848836
4.0403280
1.6212368
5.8410055
3.2446809
7.5136714
4.4247432
3.7992321
4.7016799
7.2096933
5.3958858
4.6053406
6.8021955
3.5014187
4.1123233
5.7660203
3.9272846
4.9620322
3.7042245
7.0554740
4.3374331
4.0379349
5.6509205
5.5017550
2.0481377
3.7292196
3.1135103
2.6728604
2.5744232
5.4117038
3.1518950
2.1991135
2.1875050
2.1982731
4.2260749
5.8867039
3.7768637
2.2336008
1.0863560
2.9100662
1.4103343
3.8553413
2.4233880
5.0979822
2.7059160
2.7110867
1.2730967
6.5218252
0.9140817
1.7238573
1.2703143
2.7466818
4.0866477
3.5957138
1.4566741
4.0604789
4.6583466
4.7783482
4.8040032
2.7906413
2.4239409
0.6176773
3.5006616
6.4009966
5.8863404
3.2843686
4.2716540
3.4932226
5.9011648
3.0800772
5.6734082
3.7256957
2.3643527
3.5364642
5.5838213
6.5128027
4.6061205
3.0125801
2.3089927
1.8046026
3.7270544
2.6338194
4.4912158
3.1616464
2.4048203
6.7555977
2.6281431
7.8623900
3.6954192
4.9188854
7.1156718
19.8904136
5.9304780
3.0961540
10.3506776
5.0364456
30.1003733
2.8048897
12.0304819
4.2438386
3.5245988
5.1248356
2.7709882
6.1018346
3.7184191
6.9411740
9.0664195
1.7158818
3.0354387
10.0387479
4.2195738
6.7453305
3.0593966
11.0382641
2.2873095
6.2631400
7.2942573
27.5106989
7.5157221
4.2420555
7.5038119
5.5432813
3.1708706
4.2294712
7.0864951
3.5814173
1.9096002
3.8844040
7.9601516
21.6562230
7.6345604
5.3438747
4.4510548
6.3437406
5.6838638
6.2064201
3.5397949
4.2594856
5.4996811
12.2572527
4.0206383
2.0109139
2.5661375
2.3060311
4.0933099
3.7304057
2.0789449
23.9738566
2.9127634
3.0806463
17.2110634
1.6125191
3.4512768
7.3145690
6.9635178
25.1463891
1.9715960
2.3198348
4.8562408
4.7796253
3.5136481
2.5235584
3.0348726
3.2777411
6.4206012
2.8675564
5.1976856
2.6774349
2.9385908
5.2763581
4.5814209
2.1193402
2.4892280
3.5526843
1.1781613
1.4791963
2.1401261
1.0451470
4.1039233
0.7467520
4.7710085
3.9901771
1.6070159
3.9109491
1.9674589
5.3805050
5.3000127
4.6999736
19.0013794
10.5744018
4.6381885
9.3976656
12.5294624
17.2061858
18.1017574
7.9135759
10.7692625
15.4924714
4.7163762
8.5400755
7.5454556
11.7926585
27.2955580
5.3984715
19.8763999
10.9439697
9.0730918
11.5821027
36.1406082
6.8138224
3.5347740
8.2632199
7.0519604
16.1582434
33.2210845
3.9350658
4.1277461
3.6259043
39.3244912
33.7343376
7.4748109
3.0410714
10.6976203
7.7501185
4.8477703
4.8562379
4.2731946
8.3993093
3.3356328
5.1473276
1.9307850
2.7953190
6.5118214
15.8157518
3.0874191
2.3414145
11.5013947
6.3956017
16.6539209
2.0754301
4.7662914
13.2102210
27.9089694
48.5196417
2.1213504
22.6421796
8.7470248
13.3396247
7.5295653
6.7875793
6.4669208
2.8380497
3.5682791
4.4431937
3.6551009
3.6543079
13.7097951
7.3283559
3.3664485
3.5098823
4.5879263
4.0859877
3.2846928
3.6006145
25.0348967
3.0517370
4.4536374
5.7887359
2.9899224
2.0627781
3.8333169
3.1888592
3.4366233
10.3424539
2.9577799
5.0077426
3.0341850
3.8485752
3.0779289
6.1572227
4.6961410
3.6617330
3.8026203
3.1439461
18.2432356
3.5101007
4.6963232
2.8502793
3.8514145
2.7211225
5.2094155
4.6368858
4.2528446
3.9182590
3.6898427
3.3297858
3.6196364
3.1493775
5.7892303
5.0107311
4.0890505
4.5130311
6.2622437
2.6047360
6.6669929
4.5822073
2.4580952
2.7871122
3.9077367
3.2372799
3.1480145
3.0429515
2.8324091
4.4660256
9.9181522
5.9041452
5.7073410
5.8671382
3.9207264
5.7733328
3.1333089
6.0735151
3.6166193
4.8839207
6.3142018
5.2323415
4.7407489
4.4086441
5.6004687
2.9924756
3.7484670
5.1441398
3.7254595
6.5372921
6.8419042
7.7487766
4.4308978
5.5164983
3.5351764
7.7703527
2.9538313
3.5005060
2.0760192
4.8513222
3.0643414
2.6776026
7.7122248
6.0932277
7.9190821
3.3187885
3.1569019
6.9611253
4.0603191
2.9559384
6.9113052
2.9138537
2.4491359
2.7732235
2.9356445
1.5020937
1.3792205
9.1989933
2.1296765
7.5341227
2.7715675
2.8534817
9.4757172
5.3295173
7.8999816
5.5754887
4.0547120
4.4438653
2.9021406
8.9679909
7.0082463
2.6622496
2.9124669
2.6215657
3.2999726
3.1013961
2.7823158
5.0176708
5.9366525
6.6095738
3.2504335
3.2820241
3.1479964
2.7354080
2.2071546
2.5195179
4.4048901
4.6526299
3.0659293
7.2142397
11.5428957
2.2002430
3.7193832
4.9743767
4.4242294
0.8014311
1.6521552
1.0432941
5.0662573
2.4660912
2.8401940
1.6814359
2.2948131
4.2144137
3.2392257
2.7971960
2.2147903
3.6542942
1.8442305
3.8600002
6.5727828
9.2737265
3.1239537
3.1839970
4.6407933
3.1759104
3.1195055
3.2554761
10.5556772
3.4540911
3.2442484
3.9591256
4.4359945
2.8029758
2.9749740
3.3268784
2.8838964
3.7679072
3.5965045
2.9697068
0.9209387
7.2534557
3.1469894
6.7355821
2.7565838
3.8631673
2.9974191
5.6717413
6.3387688
5.8545523
5.9681647
3.1229170
6.0433194
6.7926365
7.1655094
2.9078301
3.1142389
4.4352525
4.2896565
2.8229590
2.4036335
2.7294222
5.2185519
4.8609812
10.4484398
5.3754853
5.8585014
3.8922316
4.4898383
4.3324022
3.1619337
3.2286941
2.3209954
3.9936467
7.3815963
6.5517338
5.3562593
4.3758966
3.2620621
4.4980742
3.0093099
6.9235985
3.4310943
3.2377950
3.0438494
3.7776167
2.7849808
6.4119587
5.3917777
3.7617033
2.8001310
5.1422482
4.7678125
4.6550232
5.9479042
3.4727761
4.5955005
4.2515631
3.9801055
3.3599592
3.0520070
4.9917682
3.3677464
5.0646528
8.6030220
4.8421881
6.5252031
6.5120338
3.6791698
3.6208416
4.8830398
6.6610377
10.5837037
4.7614950
5.2680414
3.4417151
3.3901173
4.5308537
9.1593190
5.8372066
9.5452084
3.1926619
2.9504501
11.1830912
6.0060238
2.8203353
7.3477030
3.5914058
5.6026004
3.1995109
6.8394986
7.0244180
6.9914692
6.9398147
5.0803602
5.1830569
4.2728732
4.3462615
8.5707038
6.3578362
15.6629564
9.2497030
9.9651317
3.1926178
3.9128538
7.8722452
16.5406153
6.5211462
8.6033267
8.3138558
5.7554187
2.1416982
3.4936454
7.0207176
1.6371524
9.6457319
3.3141260
5.1142072
3.9302404
5.7598508
11.2398219
5.8516025
4.6865349
3.2949699
2.5139487
7.7240293
14.6844889
10.1970614
5.1543807
6.9882441
4.5230225
3.5797998
7.3493151
3.4709149
5.6444358
2.3281366
2.9281911
2.2356324
4.6466989
3.7388667
7.2154019
7.0434419
5.3043645
8.5547713
10.1363148
10.9078096
7.8103730
9.3377741
12.1057819
7.5521240
6.8396411
13.5548849
15.9259727
13.9247639
16.7117123
3.7736904
7.5529909
2.5173062
2.7029689
22.8391390
7.2507681
19.1819469
9.4192788
21.3328313
17.4114684
6.1490333
23.9097972
6.9261757
1.3958277
28.9691542
24.9216260
2.5796570
12.0509972
9.6224326
4.5051026
4.8720383
4.8357840
6.9353079
1.9483417
3.2969263
4.7602073
6.2036029
5.5868505
5.0852217
23.7782553
2.5051940
2.3164761
2.4486669
8.2232912
2.9923067
3.5742949
5.3546257
12.4913190
4.7952640
5.0332790
3.3329462
11.0236932
5.2975125
11.7284591
16.0332479
3.3440066
5.0062661
4.8461975
3.2646474
4.6704381
2.9999607
2.2033914
4.6719231
4.9899934
4.3778754
1.9653623
7.5228985
1.8043333
2.2707030
9.4077174
2.0445108
7.4031556
2.4161595
14.5714812
4.1940737
7.6118117
8.8058405
2.4414028
9.6034626
1.8327589
3.5057946
4.8326659
5.3910608
6.5815560
4.6218479
3.8199397
10.2210816
7.0575788
4.9934905
3.7919037
6.7691744
3.2010399
6.7195695
2.0351557
2.3663179
10.7708129
5.0000627
5.3146428
1.3332410
2.1130073
2.6535098
4.3993108
1.7565805
4.5770967
4.1428579
1.8641811
1.9944845
1.2893343
2.3397153
5.5070333
1.8057290
1.8364523
1.8407795
7.1096992
5.1639966
2.7607715
1.9277879
1.2300177
2.8779918
8.2777843
4.6534442
5.4120139
2.4894846
1.1772485
4.0501943
5.6222725
8.9262484
2.2773051
8.0133342
6.2790667
7.5516692
3.4990487
2.2919149
3.9563134
1.9246078
2.2074067
10.7939646
2.4308489
3.7853393
4.6791260
6.2106592
5.3681702
13.5961722
10.9381699
11.9090935
12.4820698
9.6409040
2.2113670
9.3081569
7.4515355
7.2217528
6.6380446
2.8497721
16.0573133
6.1064377
1.7746980
1.8476385
3.4044838
2.9978198
1.5616028
4.5943977
5.8261265
2.7935781
3.0670313
7.6228883
3.3015652
3.3832880
5.8129966
1.8247933
9.5895813
3.9739235
10.1257400
3.0105622
4.8301150
4.2624805
9.1773090
3.0416315
3.1976332
3.4111201
6.4807124
5.6699481
2.6051962
2.9705956
6.5021051
3.2329744
5.4138694
8.5205468
3.3200817
7.8583126
7.3072353
4.0529626
3.4674448
6.5903068
2.5151517
1.7731833
3.5759312
5.3880061
5.2425912
3.6994031
4.0332175
4.6076659
3.9013125
3.0342520
3.8190587
3.5061515
3.8239837
2.5779625
2.8415201
3.4252984
4.3139360
6.9811467
3.6465065
3.6467727
3.4556656
3.1992353
2.6431020
3.7303727
6.0950474
2.8466060
2.4937807
3.3798446
1.7846906
2.9848091
3.8140920
3.7560569
3.4144036
3.3445809
3.3840820
2.0796071
2.6756306
4.9648078
3.3053220
5.4165931
3.1883168
6.4995158
4.9504258
6.0179700
5.4966496
4.5535666
1.9623598
2.1092774
4.2086973
7.9117659
4.4464196
5.5867692
5.4358895
3.2659458
3.6377455
3.7019820
3.2206969
3.6675598
2.4604350
6.2179800
5.4266786
4.6819531
3.0269681
4.2178433
4.8816687
3.6183390
8.5242543
6.2253742
4.1953869
3.1507153
2.4097588
2.6403874
2.6563380
2.6603963
3.2134797
1.5094092
4.6293691
3.9885850
1.6650920
5.4811374
1.0533902
5.4527227
3.2462349
3.1793070
5.2168745
2.3680474
3.0278189
2.0711986
2.2713801
3.1235722
3.1656534
2.4795474
2.5131824
3.8204216
1.5367167
1.6246906
2.6082079
4.0943806
2.1539957
2.4579767
2.6006327
5.3195125
4.0557028
1.4888336
3.1081485
4.4843229
3.0650705
3.2459208
2.2573507
4.1927204
2.7165554
3.3139286
3.0155558
2.1529035
4.1390772
4.6393880
4.7532114
3.5684778
4.2663459
3.3224842
5.7011476
5.0232433
3.3830270
2.8595052
4.0655464
3.0013989
3.1977456
4.0009410
3.1891845
3.6978079
4.5585446
3.6422938
3.4891363
2.7508056
3.4671881
4.9681387
3.3635771
3.4757552
3.7117395
3.4138715
3.2683625
3.4078823
4.7887087
3.3849066
5.1294544
3.3255078
3.4484949
3.5241515
3.5492630
3.2244373
4.5563975
4.0541020
4.6167980
3.6856983
4.5746830
3.4700569
4.0016786
3.5498080
3.1690970
3.4016305
4.2263671
3.7659408
3.4970578
3.3640108
4.1181528
3.7518054
3.6980237
4.7207582
3.9889407
5.2845777
3.4777924
4.1869527
5.6032937
6.0760614
6.4125753
3.7109526
4.3046745
4.3820961
4.5048536
4.2760059
3.5293562
4.0847937
3.9977390
4.1097886
4.4409018
3.5717345
4.4218846
3.6363221
4.1335977
4.1750499
4.2574979
3.7315800
3.5526156
3.6695324
3.7345131
4.1467804
4.0295953
3.8323797
3.7929751
3.6323061
3.7345336
4.7810655
3.3897290
3.7988565
4.7700560
3.9978299
4.5492795
4.4800559
4.0844409
4.1430024
3.7237042
4.3090050
3.8184063
3.6233459
3.7145011
4.4347230
5.3958445
5.2031315
3.7567048
4.4940286
4.2586998
4.9641802
4.8210411
4.4608801
4.1690686
4.7666218
3.6392790
4.2193930
4.1253320
4.0538752
3.7715015
4.6833728
4.6160960
3.4999970
3.7555267
4.7210329
4.2015597
3.8307542
3.5404625
4.4048629
4.5745793
3.9647848
4.2989688
4.4209575
3.7514754
3.7595418
3.8289705
5.1083650
4.3075511
3.9868436
3.8541989
4.7727315
3.8232540
3.9885336
4.7615816
3.7034504
3.5954831
5.5204769
5.2893662
3.6363573
3.9259341
4.0053569
4.4996750
3.6559222
4.1676776
3.8293353
4.5919765
3.9809986
4.2252383
5.5717546
3.4695299
3.9269833
4.9206896
4.0019127
4.1043485
4.3682864
4.8160496
4.1217661
7.2156269
5.1365130
3.7929959
5.3291917
4.3268151
3.9371578
4.6440730
4.2967615
5.9640309
3.8757520
4.2347347
4.2039370
4.2782964
4.1516580
3.6366026
4.7349204
4.0455020
4.3434560
5.8558189
3.7416424
3.6161413
3.7303018
4.5207566
3.7399766
3.9603920
4.5448041
3.4702863
3.5920574
4.1464344
3.7967783
4.1132180
4.5833371
4.3635555
3.5436040
3.7481464
3.8754536
3.8981855
3.5787238
4.3621552
3.4297211
3.6412335
4.5611827
3.6983637
3.8193372
3.6248461
3.5695543
3.3537614
3.6932208
3.4480301
4.1056615
4.5608184
3.7699293
3.7899676
3.7283614
4.6643359
4.3614439
4.1884814
4.0599822
4.1115396
4.9169992
3.6347953
3.5597584
3.7283298
4.4737755
3.4415160
6.4640352
3.6645758
3.6176424
4.2334033
5.5855765
4.7572628
4.1970170
3.9969957
4.1215963
3.5445205
4.8199239
3.8205637
5.3455663
3.1349474
4.7896799
3.3831191
3.7110460
3.3850663
3.9282894
3.7328593
3.9607284
3.3118767
5.7844484
4.1743345
4.5685645
5.0973612
4.9039582
4.7703770
4.0560076
7.1477132
5.3712756
4.3334783
5.5854630
4.6731176
5.5731527
4.6333795
5.8962244
7.2763060
6.3699943
4.8174329
5.8027827
5.1418747
9.2692350
8.5438196
7.4455369
9.7743783
7.3650070
9.1896564
9.5097293
9.7966748
9.0011971
9.4972018
11.4244508
10.3577825
11.3020919
7.3330075
8.0368698
8.4534562
9.6628360
8.5810606
6.5981806
9.5673463
11.4785852
11.0232054
11.9333020
12.5797034
10.9740721
13.2227095
9.3045883
9.8438471
9.6094396
8.7200780
11.5502093
8.0049404
11.7259039
10.3906691
9.5794167
8.3095160
9.2489139
12.5010168
7.7129607
10.1254303
6.7889127
8.4987432
11.3850729
9.9249398
7.7131236
9.5695972
12.2155135
7.4947928
11.5077509
7.0764380
9.5205241
6.5812492
10.9396050
6.3853095
7.1799229
11.7728720
5.6203409
8.2190909
8.0274779
10.8179773
6.7330700
8.0172576
4.8646009
8.8477136
11.3288825
6.9362739
8.8283241
8.9974763
6.9247416
6.7109766
9.4493459
7.8144656
5.9317496
7.0644268
6.7298492
6.6513747
5.0570092
5.0676390
6.7700278
4.7287256
6.4938234
6.2980357
7.6239533
6.3983785
5.9030518
6.2192181
6.3848135
7.0459296
7.1681685
5.7004296
8.4104449
6.1438222
5.5927447
9.1159539
8.7755413
11.2262774
9.5164445
7.0167209
9.5683964
7.7100036
6.4821906
9.7496927
10.8651937
13.7449422
9.6648531
11.4214055
12.3110487
5.7742840
4.5871102
10.3186211
6.3924538
6.6975093
12.6065303
10.5909824
6.2510106
11.7287369
9.4310223
3.3928778
8.7753295
8.5839740
7.1664083
8.5932358
5.9272481
13.5141029
6.0574889
11.5470391
7.3415310
5.8685212
5.4459736
4.3806056
4.8321258
4.2040445
6.7210027
4.5907592
4.5226851
6.4606757
4.4076205
4.1136947
5.5246759
7.1299488
6.6011866
6.5946806
5.8685660
5.7822700
5.9132206
3.0253512
7.3883732
4.9587735
5.4522356
6.4320834
10.6763324
9.2031779
4.1653077
3.8734500
7.9472652
5.1330028
6.6653977
3.9170815
5.6219879
4.3374889
4.8807152
3.7890352
3.8887010
4.0881067
4.5004838
4.3066464
4.5718365
4.4653335
4.7347385
4.3633265
5.5205768
4.3826888
3.9556029
6.6445396
4.4048534
5.1102474
5.7087972
3.8048353
6.8346117
4.5281307
4.6290175
4.4448002
7.6353058
6.9685634
4.1568977
3.0084544
4.0728174
4.9016738
4.4006474
7.5100542
3.0696996
2.6402322
6.0088869
4.3866947
3.0456699
5.2019010
2.7226548
2.4315780
5.4931724
1.8967599
3.4617959
8.1825165
3.9706038
6.5746938
3.0451650
4.1035472
4.8060473
4.0744165
3.3541508
5.5861418
4.0722832
4.4335959
6.9060609
5.2821729
5.9528568
7.7832412
5.0449878
7.5630615
4.1684554
7.2651915
5.8261866
7.9341922
4.4928137
3.4144914
5.0344386
3.7115099
1.8828135
3.7957461
2.9903330
2.3611221
3.9861495
7.3215942
8.6035473
6.0372324
7.5515590
4.9819544
3.5007715
9.9455079
6.5788807
5.8633428
8.6078808
3.6959966
2.9860023
4.5852807
6.4699572
3.0169804
5.4694105
3.8916686
5.3752750
2.8844903
3.6712724
3.0568571
5.8592568
3.0049505
9.9745479
4.6557710
2.8245676
7.5809696
2.8450135
5.5506605
2.7442746
4.8978212
2.0365231
6.0591713
4.1703517
3.6208017
2.9890052
2.5700973
1.4993050
3.7204418
4.8879169
2.4614173
7.8898881
0.9775583
5.1147362
2.3113450
2.0619295
3.7573088
3.6279411
1.5199973
3.1070837
3.6617168
1.2520343
7.2339847
3.4692479
5.6764706
5.4162404
2.8415894
9.4576624
3.1466184
5.9265253
5.0742907
2.3716861
1.0953623
2.9286688
8.0494281
4.3252382
5.0396867
7.5032042
3.9776022
7.4170400
5.2133470
4.0541241
11.0047841
6.5815423
8.1203044
3.3314350
8.8334743
3.0924883
14.8645547
18.1958138
8.4624619
11.7308868
5.9954406
6.0253137
6.5207190
9.9241014
10.6837048
10.4949349
2.9499325
6.8416257
10.1816318
9.2223454
3.6190904
2.7228115
11.6216445
2.1778204
4.3572552
0.9251396
5.9838126
5.7583574
7.8866603
6.4415133
5.5142121
7.4075722
7.4409729
1.0609440
1.3856511
1.4185437
3.8895623
3.4442222
1.5915544
3.0998846
7.9569813
8.3301239
8.0544934
10.7389550
4.5751204
4.7029815
2.6880901
7.6166070
0.9389222
6.2617073
5.6143900
6.0999660
2.8833539
8.2332769
10.5302786
10.1110667
12.0482077
9.1788731
6.1960785
6.9040223
9.9255541
12.2135723
11.9085469
8.9527108
8.7328449
16.0799013
8.0356956
13.4069856
10.4319200
9.5775347
7.1811153
6.1145954
8.9453021
7.1150837
3.9098559
13.8025384
8.5559396
7.5260583
8.0200928
8.2640643
9.8559323
10.8545903
13.2836338
15.1333718
2.5877585
8.7208740
10.7459804
12.6941227
3.4896882
2.6215948
3.9180757
1.7305264
7.0849411
17.9681598
3.5658973
2.3482492
5.4110268
7.1662729
5.1878509
7.7224135
9.9143188
13.2023827
5.4701289
3.8025533
1.6193831
6.6854800
8.7004747
7.8956731
7.8744785
3.6565772
4.3438320
2.2155427
5.2567059
3.5314029
2.9023438
6.3520202
5.3088819
3.9691027
7.7701321
2.7533883
6.7487810
7.9540551
10.6781947
4.2878920
9.4970539
6.6594390
8.4719750
2.5944966
6.4924655
14.8430648
6.9394538
6.6905303
9.8477161
7.2344664
8.9070786
5.2669396
9.4299157
5.3614078
8.6416733
3.3806266
3.9462770
7.5761250
3.2925179
7.4804420
3.8626102
7.2002636
4.0696759
3.5518903
6.1284208
5.3401505
2.4969989
4.5763626
4.2124703
7.9881577
6.5437515
6.1115069
4.1003177
2.7969731
7.2590648
5.7494966
6.6123725
5.0384902
9.7381779
6.5995174
7.9395701
5.8053317
3.8060658
6.3681803
5.9415391
3.9112142
8.2418599
2.3910403
2.0619386
3.6540335
6.4279633
6.0940304
4.0759243
4.9932806
3.1605113
5.5661775
8.4270320
6.9936530
7.3937765
9.0742726
8.2583204
2.3888836
2.7020091
5.5946101
6.8133444
8.6323494
2.8576527
2.6147880
5.5780495
3.9043334
5.9295065
10.1253791
3.6048810
7.6710544
4.4611210
6.8304226
6.4829009
8.1561683
6.8136240
7.6553361
6.9205682
6.4274941
6.2842571
7.6464866
8.6997063
5.8310057
10.3461102
8.7776027
10.3973087
9.6648360
5.4649037
6.5308635
12.9602487
6.6242105
11.9824584
8.4587083
15.6511904
8.8782479
10.0530689
7.0133061
8.6396105
9.1294265
8.5405076
8.5240592
9.0208744
10.6617192
12.8951642
7.7432402
8.2049207
11.1241895
10.1515045
9.6586665
9.1930633
5.6376353
8.8471002
8.2844817
11.0273216
7.4555747
7.4689532
8.0382729
6.2971412
9.0588373
6.5282517
8.8229818
6.2551650
5.8105078
7.1179249
6.9586779
8.1350193
7.6903849
6.3317649
8.8595206
7.9313476
9.6509034
9.8113733
10.3899988
7.0984780
5.7821938
9.0237172
7.9810597
7.5523233
6.9817917
6.0294534
5.6552615
5.8177054
5.7116355
6.7356381
5.6051265
5.9211602
5.8751880
5.8365262
4.7825071
7.9438661
7.1153038
7.5157479
6.7184265
7.4681726
5.3962111
4.7589294
8.5573520
6.0915061
5.7396299
7.3833153
8.8323372
7.3842831
7.5309350
7.7449785
7.4024089
7.3045881
8.3358541
9.0916645
9.3159203
6.8449052
7.7634509
5.9447659
7.7603423
5.1909506
9.1378395
10.0581407
7.6930891
8.3463050
15.4119721
6.9892318
8.9987390
9.5554490
8.5384154
7.9343180
8.7825097
9.8461911
7.2526629
8.5607647
9.4736790
8.0873817
9.4838823
9.7966463
8.8418016
7.1977085
8.5456851
7.7770792
5.5327786
6.5798093
6.1851707
9.3274400
6.7783871
6.9685040
8.2190845
7.8724034
6.7552255
6.8844540
7.4018779
8.7096875
5.9089144
7.1109196
6.9932040
10.5050839
8.5223857
6.5066653
12.2185980
10.9421941
7.5263793
6.7529965
6.9577063
4.9407615
8.4284455
6.5055696
6.4204741
5.9764305
6.4574481
5.3324636
5.5476997
6.6154876
7.8998145
5.0614426
4.9842864
10.0455087
8.9221674
5.0245392
5.6557216
3.4151364
3.8670704
3.9115581
5.2215568
6.0467474
6.9919667
6.0816374
7.0810078
5.4162184
5.3859290
7.1951097
6.9176669
5.9209598
4.8952040
7.3323835
5.6778829
4.0528947
3.9889213
3.2792626
4.6085405
8.6343000
7.7291346
3.4940373
3.9639065
7.2085981
8.4052215
4.7894975
4.0750818
5.2621760
3.8366757
4.6127074
4.6088957
3.8656702
7.3626010
7.1617382
5.6224051
5.0062445
2.9604055
6.9148337
4.6968555
4.0923695
9.5303993
3.0821930
5.7591947
5.1959677
3.2294501
4.4629368
2.9931005
6.7209074
5.7921866
3.7846296
4.8876238
6.6336379
5.8587399
5.8134784
5.9587318
4.6330914
9.7766757
10.9485761
3.5596328
8.5934774
5.7657682
3.6600641
6.9474284
11.9444704
4.1855694
4.8126239
8.5496374
6.8129402
5.3611437
3.1074395
5.4187837
8.0224826
4.5068012
5.8938270
5.2675312
3.8315191
4.6870087
14.4107550
4.5647722
3.4782392
5.5937052
6.6579965
6.4890047
14.9815043
4.3438269
3.0534646
18.2954756
10.7841253
4.1932175
6.2161342
4.7981756
12.2522344
8.8764132
10.8420295
4.2855347
7.1127066
9.7309805
7.0922907
6.8050680
7.1946562
11.0660205
6.3260334
4.1402320
8.4060261
10.4995234
7.8540638
13.7083549
7.7729565
8.1237757
5.6021592
10.9054852
3.3107480
7.2641762
10.8464031
7.7034518
10.0056703
2.6188869
3.4425956
5.0452742
9.6908699
7.7118043
3.3645471
4.8939469
7.2720496
7.5222954
8.8826882
3.7139239
4.4142290
6.0031196
4.8820043
5.5415116
4.6945768
4.3310783
3.5714303
4.8365804
5.5331025
8.8257873
8.1886437
3.8579780
7.5176638
2.4324439
5.2717336
5.5064382
5.3847548
9.6548296
4.9642430
5.9682659
8.4644459
3.8380181
2.7015197
5.9845653
3.8692882
5.0349360
7.9434976
3.7491811
5.1023417
5.3966663
3.2609547
4.2599357
3.7984087
2.6587004
4.8813344
2.9343908
5.0576672
8.9346367
5.2077753
6.2973074
2.8544309
3.2856164
3.8702895
4.6954594
3.4786201
2.6223535
4.7016947
2.9421953
5.5153437
3.9321133
3.0063535
4.1078940
8.8456661
3.0662029
2.7925716
7.7601910
4.0764090
3.1316215
5.5297773
7.2441110
8.5132618
2.9300226
4.6743221
5.1749078
4.9166217
7.7671142
2.1991547
2.7074364
4.6030829
6.7490418
4.3955653
5.4344257
3.9718670
4.3759547
5.8227783
3.4914045
6.0637239
5.0805435
5.7802489
3.4576971
3.8535217
4.2075035
3.8227789
8.8102466
4.6076047
5.2575122
3.9090825
6.0789568
6.0362244
6.3965863
5.9964278
2.3523949
2.2924741
4.4268566
4.6551342
5.9169395
5.3068243
7.0031327
6.6030906
2.7991103
4.5225260
3.4839163
2.3258328
2.4868914
4.3518612
2.7357033
3.1860895
10.7195705
4.5351113
4.5853887
4.6897576
4.3736489
6.2763495
2.8600660
4.2060823
4.4685298
2.5094286
10.3816882
6.0921136
5.6193851
3.1313537
3.6720741
5.1368691
4.4592383
8.3390655
3.6306888
4.5467350
7.7134573
4.6435794
2.9441653
6.6155626
2.6764501
2.7120722
5.4269416
5.3312820
4.2703588
8.3436145
2.4607780
3.8757796
3.1106440
5.7280666
4.3225795
5.7836011
8.4775151
4.2357698
3.5394023
5.7913079
3.0985527
6.4215165
3.5958642
5.2057660
3.6715171
7.1637896
5.5548899
3.7192359
6.4247828
4.1319588
7.2673315
3.5581019
5.3306626
10.1142560
3.9091650
4.9835370
6.1500636
3.1261402
5.5982461
4.4675632
7.5663432
2.6566648
4.3305345
2.1991492
3.7768543
2.4822239
2.6490578
7.1900312
4.8705227
3.5251086
5.9802602
4.7718871
11.5656430
6.9817061
8.2073513
3.7488741
6.6447483
5.8379333
7.0117001
6.7088501
2.9712454
6.2766712
5.0563979
4.2926777
4.3522423
8.8774969
9.4786597
3.5387132
6.1143503
6.1741418
5.3543301
10.1162391
5.4311444
4.4819605
5.5650583
3.9732931
7.3371803
4.4855296
4.6652729
1.2944084
6.3691062
2.2137739
7.8578186
7.3552009
4.9681528
3.8481242
6.0406684
3.5062553
5.2715264
3.1381496
6.2275959
4.6377966
5.5567004
6.9414152
5.7964561
5.6648817
4.0590582
6.3714526
2.1546799
6.1004989
4.7101498
3.7028731
3.2793682
5.2640112
4.0223342
2.0590644
3.9204574
5.4997001
4.4169980
1.7688587
4.7232264
4.3508636
4.7975180
1.6491887
2.5071071
3.6047485
4.7796560
2.7125594
4.5105587
4.0807325
4.5730933
6.1120574
2.6883693
4.7185432
2.9869063
4.4808689
3.7289650
5.4294511
3.5255651
6.3279204
4.1164514
2.5537402
3.8876034
3.1739903
2.6055860
6.1827310
2.7658719
4.2544827
2.7269454
2.0472355
2.9863732
4.2430603
2.2926468
2.7612379
5.5858592
2.2253235
4.4188197
2.9295865
4.9174413
3.9346532
5.4626446
5.1234171
2.2668688
6.9389105
3.9212905
3.3841974
3.3287228
1.8721783
2.5168784
3.1015873
2.8397484
4.8119002
3.5814988
3.4776070
2.9771727
1.8159579
3.5760904
5.4722165
1.9845653
1.6313698
4.9884190
5.3984006
6.8314716
3.6668774
5.1971436
2.3577555
2.4915848
3.4837610
5.3564423
2.2087644
5.5711116
6.0368759
7.8174830
5.6129655
2.3798315
4.0713863
5.7992526
3.4747231
2.1222046
2.9767795
2.0073185
4.2037398
3.1384342
3.4982197
4.2793639
3.5835853
6.3051678
3.6465135
1.8841916
4.2243956
5.7529677
2.8739003
2.1225186
4.6534432
5.9647424
3.4531489
2.0004677
8.9251552
2.9870255
5.6904278
3.8959745
4.4530992
5.9141181
5.6100686
3.8367597
3.4831220
4.2088435
4.0821446
4.8942283
5.3083462
5.5362223
4.2931453
3.2569386
3.7250660
3.9546916
7.6127779
3.7433938
6.9312389
4.3249933
6.2362047
5.8177372
4.7075686
7.6360386
5.4645131
4.9920836
3.0375213
4.9272710
3.2545573
4.5955091
3.1801371
7.4821388
3.9262356
4.0710443
4.8493759
2.9746070
3.5240413
5.4690494
4.4766795
6.9336357
4.8105638
6.8750730
3.0096509
4.7634368
4.9178637
4.6976647
3.4646931
6.1912854
5.0679053
7.8706925
3.5737352
5.6797203
5.9069467
7.6006109
4.8385386
3.9431353
3.3669992
3.3876410
5.5916461
5.5703967
5.0746880
3.9422562
5.5505309
8.6268370
5.7804213
3.3013422
3.9040103
3.9588394
3.4467100
3.9107411
3.5023248
5.4714913
5.5695675
5.7263521
4.2450932
4.0021517
5.9784398
3.5184409
4.6602538
6.1869039
6.6297127
2.8262967
4.2426278
5.6646442
3.7449148
2.8933703
4.5060023
3.1683166
5.7629524
6.5974975
3.1395842
4.7666554
4.4100425
3.7953454
5.2715592
3.0950300
2.9433562
5.0208360
3.9801591
3.0651160
4.3785270
3.1703459
4.1206105
4.6970067
3.4431048
3.9717301
3.1120045
4.3238321
4.4117220
3.7912074
11.4742722
3.1965337
3.2096608
2.6129410
4.2936544
5.0211683
5.2139966
5.2048639
5.5789560
4.0444215
5.6485253
2.4316165
5.2849137
4.1270132
5.2054985
3.6578803
5.3112255
3.1175868
3.8123832
5.7991527
5.3253048
4.8547704
3.5378406
5.8967580
3.2012181
7.6741001
8.0081021
4.1441666
7.4463088
6.9573342
3.5923429
7.0044907
3.8335966
5.2180075
4.7463032
5.2269380
5.0975921
5.2353906
6.6592609
3.5709034
4.6501045
6.4610576
3.2650849
5.1222576
6.5641063
8.3430122
5.2606760
5.3762407
6.0980003
5.6768451
3.5588924
4.9409211
4.4033732
3.9516473
3.3227442
6.9046115
4.5547346
7.4589144
5.1824934
4.6551712
6.5726316
7.3037365
3.5161848
5.5835223
7.2322273
6.7707227
6.8554706
3.7775915
2.6699684
7.2745953
4.3624456
4.9418214
3.4679502
9.0290282
4.4283875
4.0163925
3.8450595
3.6927262
2.4880835
4.0584038
4.1927088
2.3183472
2.8838630
3.3077174
4.7301477
3.4414635
2.5388648
4.9239385
2.4598400
1.9915460
2.8305207
2.2034368
4.8726558
1.8439933
2.8819451
2.3884257
2.2538161
2.1963394
4.6030217
3.0349223
3.4115529
3.5340934
3.0159175
3.5207861
2.8379295
2.7086156
4.6895300
2.5877967
4.0772964
2.7131204
3.4343501
3.0771940
3.2453907
3.1055582
3.1892955
3.2339386
3.7837031
4.7339282
4.2042400
2.1808541
4.4344426
6.2181408
4.9926272
5.0257064
5.5934293
6.1070818
3.7032348
4.8414586
4.4815116
3.5232300
4.6326431
5.5692022
5.2039118
4.7770875
4.2173249
9.0453098
3.3710207
5.1953737
3.7932708
4.6024311
4.3018720
3.8492030
3.3272154
3.6601509
3.8542679
6.4822718
5.1064422
4.5462214
3.9663032
2.8879155
5.1760312
6.9793922
4.2576418
4.8326881
4.7144893
5.8000318
4.6753929
7.0530518
4.8218919
3.8374289
5.4585392
3.8441107
4.0258251
4.9383556
4.2538707
5.4786851
3.0809881
5.5078850
5.4030286
3.8451009
3.1852716
2.2678544
4.9424617
4.7095575
4.8060433
4.9365223
6.0387885
3.5004668
3.6837023
4.6600612
5.3810136
5.8036582
3.4922456
5.9649258
4.3530937
5.8066375
4.1149336
6.7979102
4.0792245
4.2079641
4.5618801
5.0653216
6.3500857
3.3065394
6.9038306
4.4702950
2.5209786
4.5515578
5.3380142
7.1380839
7.3010535
4.3817597
5.9191811
6.9588990
4.0639395
5.2107656
7.0253506
5.0510821
5.1904712
5.1670372
5.1035522
5.4014889
6.4154264
4.4356023
3.7863362
4.9858382
5.0656281
5.1100729
5.0079399
6.2682579
6.3281935
5.6161722
6.2272350
6.3883256
7.2119525
5.5534199
6.5153897
4.2644355
7.2419387
5.5352903
6.8970617
7.5894144
6.7298253
6.6862874
5.4798309
6.9833020
5.9783628
7.4889082
7.2784135
7.0544526
7.4977615
6.7029058
6.9791269
6.6154031
6.1296660
7.2952809
7.4204083
5.5658515
6.5441256
5.8208745
6.6561021
9.1764077
6.7283603
6.3652937
6.9388523
7.4346497
5.7333286
5.7178604
6.3677098
7.4653668
6.1209058
5.1179665
6.1316547
6.0684231
5.5201576
5.8756347
5.2109106
6.9337935
5.4290160
5.3989449
7.0223017
8.7768271
7.2208193
4.9652997
6.3371150
6.3794374
7.7083125
5.7239701
7.8223403
8.1027432
5.8810439
5.6373212
5.5031273
6.9481335
6.3710548
5.3811911
6.0991347
6.1214294
5.4305530
5.3859559
7.7559667
6.8158326
8.9682544
6.4985302
6.9743843
5.1998010
6.5636411
5.3586172
5.2434677
7.5781920
6.6549495
6.5686355
5.8518057
5.2150039
6.7041980
8.7377465
6.6244128
6.9485369
7.6985135
11.9882671
7.5203700
7.3908627
7.3819239
8.1627145
7.1757418
6.0655711
5.9927999
9.9899674
5.2385154
7.0979304
6.9222712
6.5282959
6.2738101
8.5583767
4.8622876
7.4025453
9.6135325
7.3287717
5.1776291
6.0975759
5.4576287
5.5331389
6.0499234
7.6463318
6.3206558
6.7599887
6.8708679
6.0899392
6.0831284
7.4402236
6.2445463
8.1319624
6.3082248
5.6862911
6.6168267
4.9433734
9.5110663
5.9289847
7.5112314
5.9630426
7.0001233
6.6847134
6.4008427
5.8149975
7.0764402
8.5909674
6.3178541
5.0906207
8.5841489
8.2653476
13.0253757
6.7299731
6.2199697
6.2258533
6.6066589
7.7228350
7.7834353
7.1847387
7.6487803
6.1108800
7.8401271
7.3616071
6.6369247
12.7306798
6.0778229
9.9747149
10.4531559
15.5165561
7.7003229
6.1498925
7.9301662
10.4126513
7.1943828
8.7176925
7.8391536
6.3464396
8.2861231
5.9359879
7.2200950
6.7246432
7.4450794
7.0126848
6.5430857
6.1758572
7.4070223
6.2418769
6.6343535
7.7987637
6.5575463
5.6363269
6.6788404
7.4778049
6.5005004
6.7555346
5.6959600
7.8414169
6.8150155
6.2991281
7.1265537
7.7174569
7.1275338
5.4391872
6.9707858
7.7954465
5.6196982
6.9361837
4.8058542
7.1263933
6.3662099
8.7997058
7.8749753
7.0543621
7.1872174
6.3008197
6.2258105
7.2864942
7.9597486
6.5450402
5.9465612
7.9522366
7.8794165
6.4721738
5.4969517
5.5044333
5.1909220
7.2254567
5.8372298
6.9430921
5.5577633
6.8230780
7.1468527
9.8212673
6.6307749
6.5650869
7.5181813
6.8486857
6.3737544
7.6619568
6.3889035
7.5786294
8.5225865
8.1698693
6.0759945
7.0254479
7.0998357
6.8580173
5.9944201
4.9227331
7.0803829
6.0938329
9.1115263
7.8061596
4.4202310
5.7748640
5.3421870
5.6731435
7.6766249
5.8415188
5.3672718
5.7342646
7.5619031
10.3323068
6.0744477
6.8244963
7.6624009
6.6747446
6.1349291
6.1545848
5.7442291
5.6582710
6.5753882
6.7607483
6.4556349
7.8064674
5.2969419
7.1943851
8.0661944
7.0932785
7.7342814
7.0972196
7.4197507
6.3242578
5.0626478
6.6109848
7.4743383
9.4109313
5.0773419
7.1035649
7.6272903
7.4332399
5.4248680
6.1679730
6.2194129
5.7837715
6.9425034
6.1159831
7.3665278
7.7544234
6.4680814
6.8430124
7.0156660
7.5531859
5.8973862
5.4333989
6.1297387
9.2090429
6.9751054
9.0749989
7.1497676
7.1729794
8.0770055
5.3464696
6.5353386
6.5895191
7.1118142
7.8277862
5.6635610
6.9268498
7.6627088
6.1931223
6.6252959
8.3934278
4.9770756
5.5274710
5.8700219
6.0353369
5.1476195
5.3283771
6.5435265
6.2734038
4.4756415
6.0983392
5.3549112
6.2232847
6.6874254
5.3559112
5.4939976
5.5462793
5.9876927
6.0495119
5.2859733
7.8364772
5.3295524
9.2876883
7.7208718
5.8370258
8.1064132
3.9674409
9.6555890
5.6676194
9.7682922
8.7717306
7.9423317
7.3366967
5.5521998
5.0025511
6.0087870
6.8058239
7.7917987
6.6888002
4.9601737
4.8151562
5.8252520
4.9432576
2.5336539
7.9676806
6.1914598
5.8765392
8.2928359
8.0575507
5.9561895
6.5200171
4.9020753
6.9835462
5.5652808
11.5599179
5.4859157
4.8192124
6.0712739
4.7385938
3.8809907
4.7576115
5.0754859
5.6091710
5.9531630
4.2719079
9.4989208
4.9642718
3.2592158
8.8752778
8.0441663
5.4616069
7.8199039
5.1942369
5.5913242
4.7055486
12.6529644
8.9980557
15.2936035
6.3797200
3.7280582
8.1941130
8.6845264
5.1409555
8.7455272
5.3640120
7.3752565
11.8183783
12.9954917
6.1253523
2.8385970
4.6473550
3.9408599
6.4544316
6.1239641
6.4786555
8.5976978
7.9316850
18.7513352
7.4607970
6.1074211
8.9083047
9.3611098
10.6851352
10.1290397
7.8906886
14.7049318
9.7367556
9.3767300
10.4345471
8.4577876
11.6314529
10.7602451
12.3161114
7.9413146
5.7666571
11.9786888
9.5796698
10.2989897
10.6518534
26.8373333
20.9670292
28.6400710
10.7495616
23.4819388
24.1226157
19.6977413
26.6947844
6.7338327
50.9593274
26.4231197
25.7114040
15.3208935
12.7301251
12.7441954
27.6057786
17.0498427
7.7288689
22.6516609
18.0123525
26.1758403
9.6624647
10.6624167
11.9530739
19.3392450
17.5550044
14.1184328
17.6116858
15.7092158
9.4028679
13.8634588
11.9492660
10.4777212
15.9198798
7.4572657
5.1994852
16.6194493
9.5422776
11.5127993
11.3907703
14.7503280
6.7594576
5.2336726
9.5576158
8.0890100
3.3507577
10.8881280
3.1912472
17.9557134
10.0207439
19.5750097
15.1459827
6.2366829
14.2331539
8.5869115
7.4111566
6.1448175
5.5506174
16.5280401
9.1670652
12.4252348
5.4451268
13.1993675
5.0207688
7.1372445
3.9398667
3.8124238
13.7405967
8.5265447
4.0765320
13.3835364
10.6626824
10.3694443
10.8942278
12.1740500
4.4409305
25.4930150
4.2652208
8.2563621
4.2225002
7.0785010
9.2911513
4.6265669
14.8083987
6.4599324
4.1331312
6.1050665
7.3062065
7.0238558
4.1564343
3.7931620
3.4030667
8.3331628
8.7101939
6.1664489
9.5179916
11.4604958
10.9639327
7.4553266
4.0173907
16.4640029
4.4737812
3.8976830
7.4901068
10.5556040
5.1702967
6.3357590
3.6156199
12.6076923
10.3152688
9.1771447
2.2142394
4.2120211
5.9659096
6.7034916
3.9697466
3.2115629
10.8758347
5.9719540
6.6947250
12.5294890
6.0543729
2.9543633
7.7735565
7.3571240
3.9581268
6.7711913
3.5451999
4.2897989
6.0652571
5.8469317
4.2144883
6.7685079
7.2907145
3.8621663
7.0936927
4.2896420
4.5297597
5.3230605
3.4575841
3.3716366
5.1134569
4.1923966
5.5459951
4.4985634
4.4883547
3.5515125
4.9626391
4.6240112
3.5938384
4.3011265
4.4534337
5.6174361
4.7307670
4.9532907
5.0709017
4.9804766
4.1119478
5.3010505
7.7553896
4.7476541
4.4473994
7.6140507
4.0302850
5.2099821
5.0286040
5.6165543
4.1613120
5.9425626
6.2083951
5.7028603
4.8157480
4.7892209
4.2680428
5.7066246
6.8887556
5.5102672
9.7907493
7.6240608
5.2968881
5.8223735
5.6602728
3.4233889
4.0106555
8.3090733
5.9889966
5.8824689
13.0370377
6.2417505
5.4912938
18.9691362
8.8128780
8.3793126
3.7700999
7.3661404
6.0562681
6.3471883
10.8757788
16.1150026
15.7845555
29.8511714
11.1060924
38.8118383
14.6729813
15.1775157
12.2559524
19.1136913
20.8242304
13.5081104
24.0997785
9.6247774
28.5948001
14.0763335
9.3824465
13.6551063
12.4180747
13.7128368
14.3819853
14.9083732
23.3000401
34.3281534
12.0264416
9.0485721
8.1766878
12.0535316
20.8216507
5.4452378
28.4381231
10.4339634
7.0399564
23.1834561
17.7708554
13.2607015
7.5618498
28.9394209
15.4128147
6.8446062
6.4757608
8.1408948
25.1278770
18.9807006
11.4299380
11.1746349
33.7827696
19.1516202
41.9007640
21.1271744
