1.3428909
1.5985969
1.6426486
1.6253313
1.6285137
1.4295401
1.4941847
1.2988602
1.5528374
1.4808287
1.6203295
1.5484959
1.4316699
1.6445183
1.6233234
1.5103758
1.3300611
1.5310155
1.6472626
1.4872698
1.4531171
1.5681119
1.5237593
1.6061237
1.5823008
1.6913825
1.4428032
1.4672888
1.6320480
1.3844343
1.7590470
1.3231831
0.9921183
1.5626844
1.5841712
1.4893194
1.5181166
1.6461576
1.5502361
1.3167591
1.2547639
1.4199566
1.7999740
1.4231917
1.4219523
1.5829391
1.3670794
1.5421233
1.3448005
1.5772345
1.2826288
1.4529609
1.5510761
1.4701013
1.2748735
1.8738242
1.4032257
1.3208626
1.4638969
1.4938077
1.6621660
1.3197383
1.3559031
1.6931964
1.4104133
1.4474235
1.6544064
1.3974582
1.4986789
1.5558128
1.5143130
1.5540307
1.5234608
1.7108642
1.5228263
1.5623806
1.5417084
1.5152530
1.6082435
1.1573357
1.6110466
1.1209531
1.2267202
1.5373103
1.4712028
1.5023149
1.3269824
1.4095642
1.0767526
1.5988128
1.6278607
1.3771773
1.6336225
1.4564266
1.4787526
1.5412852
1.5181428
1.4451872
1.5586848
1.5893552
1.3532887
1.5532050
1.0891335
1.3871438
1.6184288
1.6267121
1.5776234
1.4924663
1.3045659
1.5228767
1.4860990
1.2398477
1.4811498
1.3139320
1.3558969
1.3661770
1.5511269
1.4438098
1.1929512
1.5917857
1.4798564
1.3393484
1.7062996
1.5661647
1.5027089
1.6830609
1.4260998
1.4860382
1.7603486
1.7136939
1.3742600
1.2206813
1.5667683
1.4559935
1.5187733
1.4774488
1.3669316
1.3252705
1.4474745
1.2800295
1.1888990
1.5401432
1.4993746
1.4692643
1.4889868
1.5984395
0.9534415
1.6805205
1.3516668
1.5045979
1.3502726
1.5632176
1.8176305
1.5903689
1.6251720
1.5183132
1.6591774
1.4252042
1.3789398
1.4498748
1.4123755
1.5595696
1.5722009
1.6356392
1.6523318
1.6851729
1.6459998
1.6167799
1.5229785
1.5097967
1.5836450
1.6979277
1.5020009
1.5082417
1.4807652
1.3942346
1.2753490
1.0852950
1.5677544
1.4719861
1.3951479
1.5773617
1.4656027
1.4684035
1.4201401
1.7309181
1.7655593
1.4367757
1.4693054
1.2407041
1.3780613
1.4366257
1.6348341
1.3974618
1.4925634
1.5299983
1.4830361
1.4184732
1.2003983
1.3706722
1.5907868
1.3396718
1.4645395
1.5049331
1.6805830
1.7975834
1.6118127
1.5260690
1.6218896
1.6307571
1.4178787
1.5054929
1.4900074
1.4290158
1.5377987
1.5459124
1.8166119
1.4754450
1.3517685
1.2698527
1.5855000
1.5918549
1.4736176
1.4283417
1.7693532
1.4753100
1.3993614
1.4953370
1.6048705
1.5362644
1.4155086
1.5434159
1.6505116
1.5537750
1.3424027
1.7239453
1.8368062
1.2362247
1.0215549
1.1372150
1.5442711
1.5097731
1.5520647
1.4300129
1.5239099
1.5349016
1.6649232
1.5854431
1.5037138
1.4511746
1.4585231
1.6459992
1.6821148
1.3759169
1.3511299
1.6154835
1.6244907
1.5521914
1.5288777
1.5434629
1.5191926
1.6204201
1.5299400
1.4152663
1.2491404
1.4230882
1.4733554
1.5191497
1.4636113
1.4814957
1.5160715
1.6599380
1.5562929
1.4560677
1.4611426
1.6967943
1.2778416
1.2860176
1.3829043
1.3589185
1.4889044
1.6061992
1.3140328
1.3418222
1.3537898
1.7700554
1.4923483
1.5373756
1.2099749
1.2800302
1.3791370
1.2651526
1.2628459
1.6130746
1.2664462
1.4184693
1.4271204
1.3444002
1.4201247
1.4928312
1.4079828
1.2634304
2.2044399
0.9806429
1.2644198
1.2413704
1.3045869
1.5183749
1.2713816
1.5933895
1.4753667
1.5765539
1.5676209
1.4180978
1.5534056
1.4823036
1.5916682
1.6829646
1.1803373
1.4444955
1.5619603
1.4856616
1.3599307
1.5708144
1.5421123
1.6809797
1.2429140
1.4676510
1.1859325
1.7766180
1.3755571
1.4669966
1.5407963
1.3920617
1.5448347
1.2435544
1.6364070
1.7427295
1.3849066
1.3616548
1.4400793
1.4716530
1.4672734
1.5735994
1.3451103
1.5481898
1.3753353
1.6672176
1.5721597
1.5798376
1.5080144
1.4492368
1.6611050
1.6137371
1.4945210
1.4198079
1.4707786
1.5705842
1.3069981
1.7381644
1.5615722
1.6525384
1.6197198
1.4841244
1.5644000
1.6825260
1.5349782
1.4921871
1.4562797
1.4393624
1.6318996
1.5213468
1.3705921
1.4663328
1.4403341
1.4508502
1.4361942
1.6394512
1.4852626
1.5310144
1.4746279
1.3841291
1.3469142
1.5470766
1.5039949
1.5230616
1.6179842
1.4619557
1.5421042
1.1684243
1.4053382
1.7277429
1.3439645
1.5684378
1.4064624
1.4935286
1.9003133
1.6396508
1.3320134
1.1736390
1.2746948
1.6482274
1.5741366
1.5871519
1.6651515
1.3069423
1.6359376
1.3135143
1.4879557
1.4398170
1.8956183
1.3453861
1.6272657
1.3417939
1.3767475
1.5780816
1.5174076
1.5153203
1.6637804
1.5634862
1.7664898
1.5047694
1.6702078
1.5756059
1.7366105
1.3691636
1.4287490
1.3145124
1.4613038
1.6712629
1.5394691
1.4885930
1.7116426
1.4480872
1.6859542
1.6253710
1.3420453
1.4070011
1.3029327
1.3354969
1.6821409
1.4590258
1.2559968
1.3543665
1.2996338
1.4319294
1.6161671
1.3708224
1.4116484
1.2373618
1.3313828
1.3238619
1.4752100
1.4034349
1.3070115
0.9802207
1.4451789
1.3723684
1.4529799
1.3633540
1.4754562
1.2768560
1.4409516
1.6069369
1.4781118
1.4432763
1.2918588
1.3406601
1.5144309
1.5287441
1.2678431
1.7245639
1.7553153
1.6045884
1.7743501
1.7732604
1.7677678
2.2061274
1.5444699
2.0565542
2.4113614
2.3238819
2.7613949
1.2725754
2.9559684
3.1886381
2.6767944
2.1195079
3.1676724
3.4895434
2.2358699
3.7688961
2.8731138
4.1951428
4.4727800
4.3726068
3.6171859
3.8407228
4.8199333
5.0939328
4.9862574
1.5903745
3.3188219
3.7482647
3.4995530
4.6471187
3.1353710
2.6408971
3.6397953
4.9857640
4.0304645
3.8406262
4.0099276
2.8178487
4.4047944
3.3703174
0.8463695
2.6931563
3.6934329
3.1647730
3.9554081
4.6121389
3.9294405
3.2467770
4.1049927
3.6591575
3.8872221
4.3297436
4.3338481
4.4632227
3.8775281
3.6655001
3.9118241
3.9563172
3.5540154
3.0775571
3.6666773
3.3959563
3.6990729
3.6943590
2.5703313
3.1093783
3.0541199
3.4118423
3.0049794
1.7634469
4.0057082
2.8368926
1.9247878
2.7612845
2.1290240
1.4866406
1.3856023
2.6004040
3.2460982
3.6469412
2.4490873
2.8927695
1.8256032
2.0432393
1.7034787
2.2346596
1.3940411
2.0026694
1.2343058
1.6530847
1.3493378
1.0071436
1.2984149
1.6684477
1.6251710
1.1630600
0.7417070
0.6557044
0.9132032
1.1490909
0.4855645
0.8009924
0.6357938
0.5963283
0.6266073
1.1567227
0.7766924
1.0058834
0.5252924
1.0681059
1.1394034
0.9903647
0.2603035
0.4908570
0.8061113
0.8804967
1.0774692
0.6890242
0.6224468
0.5376926
1.0107341
0.9022574
0.9315105
0.5794860
0.5001846
0.9734923
0.8724686
0.6357475
0.7787368
0.6089098
0.8361049
0.5826685
0.7902168
0.6536091
0.8992826
0.6133448
1.3303606
0.7116691
0.7445048
0.6968637
0.4763644
0.6734877
0.5161870
0.7848052
0.9077856
0.7324184
0.8934645
0.6874171
0.5946401
0.9648005
0.8459135
1.0292523
0.5152194
0.9428613
0.6785116
0.7579688
0.7116976
0.7182813
0.8086960
0.7782383
0.6072875
0.7951236
0.6266847
0.7307828
0.6322355
0.5224526
0.6495775
0.6069683
0.5486616
0.6329422
0.5624483
0.6485314
0.5202249
0.4761103
0.1311745
0.3986528
0.1913586
0.4059276
0.4202376
0.3776190
0.6037706
0.3578556
0.5411053
0.6194114
0.1983714
0.1900990
0.2154734
0.5579106
0.5332484
0.4331941
0.5892723
0.7558385
0.6636092
0.7650157
0.5279170
0.8382735
0.9789090
0.9969421
1.2017155
1.0445895
1.4537998
1.3379842
1.3638753
1.2516583
1.2620507
1.2430485
1.1293584
1.0892566
1.0269727
1.0391983
0.8920949
0.9588057
0.7817934
0.8361060
0.6762097
0.4527276
0.7118044
0.7529477
0.7442639
0.5460006
0.4381270
0.4264167
0.4181489
0.4456552
0.5479616
0.6450979
0.5254701
0.7507464
1.4553981
0.5521123
0.7422188
0.6030538
0.7197378
1.4157801
1.0006576
1.0620182
1.0454022
1.5240876
1.2591131
1.3138640
1.2284773
1.1868608
0.5806835
0.4453394
0.1629023
0.8492192
1.2355549
0.7266785
1.0987718
1.1577360
1.3672263
1.3356609
1.0409168
0.7913538
0.9753035
1.1002798
0.7435370
0.8756212
0.3922926
1.0713901
0.4880419
0.6806484
1.3734189
1.1026476
1.1849394
1.1594369
1.0463660
1.0133520
1.4531121
0.9022812
0.4757782
0.4347428
0.2644434
0.3714993
1.9426247
0.4677612
0.9372502
1.3478429
0.9512290
2.6816668
0.6486752
1.0005078
1.5959706
0.3583316
0.4669530
1.1171695
2.0032996
1.6794413
0.7368981
1.1166680
0.5891711
1.3505883
1.1804924
1.1043513
1.7806672
0.8771345
0.5789521
0.9058061
0.4371906
0.1914124
0.2241576
0.8072773
0.3681024
0.3774741
0.3848853
1.5719683
1.8924363
0.6514053
0.7452761
1.2441047
0.4621156
0.6563616
0.3723220
0.7884065
0.6526027
0.3513810
0.6723343
0.6392838
0.5084384
0.5840752
0.7278622
0.5982339
0.2757848
0.3802461
0.8317848
0.9539702
0.4930673
0.7007682
0.9141014
0.6657726
0.6900878
0.4886068
0.6437103
0.6939390
0.3315726
0.4797899
0.6507368
0.5638082
0.8271524
0.6938221
0.3048030
0.4521111
0.3525241
0.4473205
0.4111631
0.6413753
0.6180535
0.8865777
0.6534087
0.5270149
0.5691663
0.4829864
0.7635356
0.6594829
1.0058850
0.7550286
0.6165495
0.6177596
0.6519237
0.7410669
0.9427023
0.8808616
0.5894861
0.7220186
1.0783432
0.9083954
0.6625290
0.9787530
1.4318448
1.3063603
0.5853728
0.7435827
0.7627197
0.9270693
0.5649357
0.3092404
1.1779941
0.4318845
0.7661538
0.6046518
0.6712405
0.7582208
0.2558162
0.5257637
0.4286052
0.7020838
1.0046463
1.0384819
0.8156990
0.7933169
1.1780259
1.0084873
0.7504121
0.7449922
1.0918415
0.5743267
0.8408413
1.1226946
1.1828323
1.2672939
1.1702845
1.0837650
0.7457536
1.0411111
0.4863985
0.5306641
1.1529696
0.5874887
0.6611933
1.0608420
0.6378253
0.6157093
0.7654619
1.0089239
0.7323088
0.4221703
0.6356462
0.2029484
0.5969626
0.3661771
0.5017442
1.1317218
1.2931229
0.6293104
0.2216023
0.3689708
1.1590298
0.8802203
0.2473997
0.7538327
0.5305371
0.7790430
0.6061391
0.2905511
0.3725462
1.0019327
0.6216148
0.4441135
1.1044425
0.2897279
0.5827563
0.1909122
0.2060487
0.1208158
0.4128447
0.2815980
0.0993581
0.1200134
0.2574292
0.4380843
0.4875962
0.2962574
0.3592159
0.4374368
0.4558224
0.3860900
0.3087545
0.3697037
0.6996014
0.5623499
0.3649808
0.4815621
0.4995595
0.7029210
0.7562726
0.5711603
0.4954282
0.6338646
0.8819978
1.3039346
0.6618431
0.5373977
0.4408503
0.7196068
0.9650833
0.9042224
0.4690563
0.6653831
0.8156107
1.0582623
1.1413309
0.7683428
1.0249100
1.1626557
0.9974718
1.1588959
0.7255260
0.8444637
0.9441285
1.1745216
0.8767625
1.1057250
0.9729541
0.8759196
1.0085503
0.4843333
1.0878102
0.9714145
1.2376676
0.6284510
0.9984858
0.9551449
1.0151452
1.0690708
1.2472799
0.9160244
1.1792456
1.1668443
0.8687855
0.7833280
0.9747180
1.1523629
1.3615238
0.3352662
0.8717805
0.6228809
0.6415082
1.0045561
1.1474067
0.8525521
0.8546186
0.8837456
0.9443143
0.7848838
0.7584336
0.7673501
0.4009353
0.7931636
0.3856040
0.3860680
0.7050332
0.1472053
0.2384975
0.6088563
0.8087031
0.8108348
0.7352067
0.8839200
1.0899269
0.5901741
0.6033146
0.3386863
0.4058242
0.6252922
0.3533200
0.5193712
0.1201939
0.4857843
0.6648809
0.7902509
0.5795439
0.6280818
1.2274196
0.4537108
0.4221384
1.4730920
0.6774107
1.0343301
0.9030332
0.9475528
0.9617078
1.1752385
0.9807952
1.5472328
0.6537329
1.4683607
1.4864498
1.3910457
0.8689738
1.3621672
0.7787355
0.8625449
1.2395490
1.3023613
1.0699186
0.9467503
0.9010885
0.9478760
1.2717022
0.2030514
0.8754527
0.7547933
1.4129383
0.6142638
0.9816774
1.2659652
1.1517602
1.0765077
0.3709023
0.9652051
0.4220877
0.8876172
0.3083390
0.1707469
0.7008610
0.7879793
0.7917685
0.3852495
0.8639263
1.0489790
0.6774361
0.5894998
0.5645400
0.7380141
1.0345555
1.0027247
0.9330441
0.8649412
7.9274599
0.8666659
0.6897328
4.0209191
0.9771499
0.4043314
0.6169712
0.6399513
10.6526795
0.9669947
1.3199084
1.2166485
1.5132299
0.8446535
2.1423863
2.4459666
1.5489842
2.1305203
2.1547127
3.0257429
3.2811669
1.7992733
2.1050409
1.8710679
1.7296159
6.8145509
1.0543689
1.7668820
1.4664326
11.0903789
2.3851980
1.6060489
2.9865313
1.8949609
2.3311827
3.3389387
2.6747662
2.5973251
2.2479094
1.6908803
2.0144398
2.1287137
1.0333339
2.0524463
1.9688076
1.2095500
1.3365303
1.6937101
1.5188702
1.7871123
1.3842617
1.3046163
1.4804902
1.6017205
1.4043474
1.5875484
1.6722672
1.1460535
1.2582756
1.6486971
1.3087209
0.7870502
1.2452060
0.2551239
1.1688365
0.6775456
1.5821185
1.0816243
0.7500302
0.6828253
0.6984329
0.8108485
0.4253498
1.2303916
0.9605035
1.0277197
1.1028980
1.3470378
1.0170220
0.3418166
0.5978405
1.0621531
1.6458478
1.2553523
1.3229128
1.1347495
1.5621302
1.2633427
1.0764902
0.8039004
0.9612346
1.3972153
1.1820633
1.0887576
1.2591737
1.4847660
1.3587444
1.7426433
0.9680516
1.0718520
1.5170839
1.8260906
1.7985109
1.2124213
1.0687877
1.3864545
0.8156173
0.8135804
0.6595370
0.6384179
0.6257867
0.5524315
0.8408489
0.7934256
0.7191160
1.1963922
1.0874101
0.7994784
1.1299709
1.1462704
0.9241496
0.9371718
1.7356565
0.9453924
0.7857985
1.0643450
1.2936928
1.2484945
0.6667388
1.6780927
2.2606241
1.5276037
1.3510222
1.0799142
1.4258552
1.2739151
0.8570709
1.4184148
2.0708017
1.1758472
1.2755102
1.2291157
1.6091589
1.4207685
1.1330890
1.0811307
1.2184965
1.1756018
0.9527820
0.9004119
0.8932555
1.3017385
1.7263323
1.3735221
1.9812755
1.9886999
1.1346815
2.3613751
1.3147396
1.1088415
1.7949335
1.8277556
1.8692199
0.8568473
1.0801207
1.0637688
1.4376404
1.4554234
1.5027760
2.0041185
1.9257298
1.6735877
1.6077554
1.8919823
2.2851493
1.9034768
1.9680296
1.8503705
2.3124930
2.2768284
1.9205096
1.7914067
1.7662623
2.0961327
1.6005130
1.9074009
0.9357917
1.3656864
1.1402081
2.0444694
0.9362173
1.1446537
1.3904521
1.4575372
1.8624021
0.9016184
0.9496832
1.5670566
1.2455256
2.1009710
1.1041642
3.8288645
1.4370350
1.9066453
1.9104825
1.2072641
2.4999146
1.9879822
0.6132947
1.4587211
1.0874811
0.2601571
0.4356809
1.9165544
2.3024747
2.4081798
0.9801228
0.9648330
1.8612813
1.0059153
0.8483445
0.5146353
1.5908519
0.9524516
2.1178229
0.8283857
1.5143438
1.8506241
1.3960208
0.9432839
1.1997636
1.3726968
0.7402353
1.5565612
1.2699960
1.1022677
0.9620289
0.8156971
1.2035144
1.6024161
1.4918561
1.1754426
0.9701978
0.8536140
1.5256434
0.4884313
1.1970222
1.5353029
1.8564601
0.5796206
1.7632472
2.5563468
0.7386363
0.6390735
0.8172882
0.8139245
0.9557444
0.6471698
1.3337817
0.4548296
0.7991193
0.9261918
0.6864176
0.7657008
1.0825584
0.5628250
1.2825810
1.4672791
0.4991468
0.8369485
1.0119590
0.7298096
0.5135771
0.7999280
0.2768958
0.5652226
0.6790332
0.5365494
0.4057022
0.5344941
0.3040599
0.7067456
0.8529364
0.3671542
0.8822091
0.5382224
0.8631411
1.0351157
0.1674520
0.2925785
0.3884427
1.1174900
0.4633317
0.5110884
1.1780007
0.7005487
0.7889192
0.7881286
0.5727160
0.2613034
0.7200874
0.3833191
1.1453147
1.1547057
0.9851309
0.6537089
0.7533688
0.9936206
0.6511383
0.3098733
1.1338740
0.6924232
0.4917365
0.7615300
0.9160777
0.6363576
0.9026074
1.1177868
0.5730318
0.4125143
0.4179789
0.8092774
0.5070456
0.4442136
0.9323284
0.4392130
0.8456569
0.9191473
0.4902770
0.8312533
1.0467853
0.8746631
0.4622799
0.4853953
0.4219115
0.6945163
0.7328674
0.1481601
0.4566510
0.3515772
0.4922215
0.4426892
0.4316905
0.8494753
0.5207540
0.5795619
0.5586668
1.0532287
0.5297033
0.4304083
1.6718787
0.3526822
0.5471442
1.0661896
0.4882093
0.4792481
0.7849434
1.1014208
0.7400099
0.3691399
0.7783258
0.3370366
0.3373990
0.4584239
0.1043346
0.3767596
0.7393218
0.9579553
0.3519239
0.7017340
0.8890833
0.4405917
0.3178819
0.8327185
0.4288688
0.3530976
1.1054215
0.9259797
0.6598858
0.8741868
0.9587874
0.7946182
1.0189728
1.0467472
0.8460186
0.8259576
0.6459434
0.7351252
1.0074481
0.8847486
1.4249071
0.7728270
0.6127308
1.1234460
1.1290111
0.8449757
0.8721617
1.4011862
1.2649500
0.9762505
1.0452704
1.3484245
1.3423838
1.0573737
0.7088738
0.8326876
1.1993238
1.0981983
0.6186208
0.5989534
0.6752974
0.7807505
0.7807335
0.9235185
0.8370779
0.9272214
0.8743286
0.8527995
0.6959452
0.9216073
0.8060851
0.6193774
0.7706205
0.6807245
0.9539855
0.7743814
0.7438213
0.8138075
0.8266813
0.7446457
1.0152000
0.6215905
0.6183649
0.7179227
0.6221934
0.6345001
0.7292385
0.6871510
0.6973415
0.7783024
0.6036411
0.6210096
0.4307428
0.4151697
0.3992721
0.3510018
0.3632578
0.7225771
0.3606665
0.4522394
0.4216393
0.9253105
0.6504396
0.7550046
0.5331396
0.7905891
0.7773098
0.5768985
0.6487519
0.5093625
0.6790073
0.6584860
0.8224004
0.7278539
0.6290038
0.6646793
0.6932212
0.4911457
0.6737179
0.6277840
0.5489914
1.0855078
0.7219402
0.6497118
0.7044382
0.7037282
0.6071854
0.5402930
0.5651991
0.6880322
0.6470188
0.7688450
0.6934333
0.6945004
0.7410814
0.6243742
0.6848847
0.7283774
0.7284824
0.7744652
0.5802864
0.4773924
0.7773211
1.0245192
1.3504115
0.9299223
0.7167550
0.8108632
1.0044544
0.6601401
0.5978172
0.6658159
1.0392259
0.6087962
0.7124417
0.8854634
0.8773115
0.4954371
0.9624577
0.6772948
1.2723297
1.7232210
0.7507183
1.2316191
1.2845814
1.1144979
1.9352078
2.2546175
2.5573191
3.4869662
1.9194045
1.0600339
2.9968639
1.1374685
0.7624016
3.4509373
3.5351729
4.4043188
1.8903416
0.9171822
4.2838495
1.1651991
0.9950729
0.9956513
0.9179622
1.6821308
3.7559556
1.7335574
4.5624620
0.9043487
1.4161703
1.2543891
1.8770424
0.5618536
1.2570202
1.0322639
1.5592897
1.1116493
1.2925914
1.2495901
0.6105416
2.9901792
1.6805693
1.0598125
1.2793959
1.9829988
2.2684787
1.7021701
3.0058942
0.6862848
0.9860259
0.6945309
0.8498129
0.4249113
1.2299366
1.0257800
2.5008367
0.5125014
2.1860173
1.8319320
3.4950245
2.0936673
0.4886860
1.2136854
0.6356611
3.1864762
10.6387041
1.1047741
1.0682466
0.6119411
1.5503164
0.6656445
4.2565695
4.3130821
2.4765253
3.9689824
0.8097727
2.2942956
1.7977594
1.2271319
1.5160367
3.8272189
3.0915001
0.8219091
2.1602163
1.3452513
1.5619708
3.1241785
1.7573339
3.0794095
3.5619235
0.7932522
0.4333809
2.2498657
0.9389360
1.0960055
0.8415882
1.9026940
3.5294892
0.4892543
0.7950609
0.5769261
1.8572471
0.5977274
0.7513671
1.3021437
2.5268951
1.5837732
1.1157155
1.5011172
0.9660798
1.4817346
1.5391057
0.4700386
2.1398316
1.5592602
1.5696102
3.4557649
0.8143977
3.3648305
4.7435452
0.3212287
1.6597240
0.3700456
1.1044019
4.0514818
1.2319175
1.4877231
0.4594285
0.7727333
2.7171335
2.9285535
1.0332365
0.6918739
0.8945205
0.6131098
1.7252608
1.7839007
1.3447737
0.8801523
1.6953549
0.2720371
0.3638098
0.7475704
1.9995190
1.3013759
1.4667154
0.3675921
1.0413434
1.7630072
1.4093215
1.0940177
1.2355245
0.5764792
0.4354088
4.3284045
1.1307239
0.8543193
0.4867287
0.3962026
3.0161081
1.0792068
0.4715802
1.5221368
1.1986209
1.7188927
1.7254728
2.1921484
0.8830900
0.7403747
1.9066170
2.2960358
0.5825493
2.7272584
2.8182673
2.0810146
0.6529686
0.6332191
2.5718371
2.0280634
1.4385325
2.6873338
3.0783891
0.6650544
1.1790106
4.2801729
0.6581001
1.1775234
2.5668117
1.8057867
1.1483946
0.6172770
0.6854947
0.9347314
4.2762982
3.2156701
2.2326404
0.6361510
1.8123702
0.6535845
1.7632164
0.8048125
1.5101563
0.6897949
0.7028539
0.7388966
3.4165964
1.0458345
1.7665839
1.3709802
0.9958732
1.4406698
1.5821656
3.9253034
4.3821531
0.9827803
1.7576572
0.9603615
1.3412067
0.9174136
2.3005424
0.8051524
2.4867543
2.4809284
0.2601427
1.2267490
1.3997494
2.5462162
1.5920429
0.7414965
0.4726472
0.5575406
0.3618826
0.6122138
1.4938502
0.3880729
0.5671182
3.4340503
0.2920191
0.9701371
0.4747912
4.3246891
2.6966756
0.7043739
1.9768477
4.3531867
1.7366849
1.6311455
0.6766314
3.0878132
3.5739494
4.7887398
2.6087154
4.6630057
1.5203868
2.4854313
2.7735260
1.8214505
1.1763115
3.2036858
2.6180299
1.0685928
2.8343192
2.0680005
1.1461076
1.3176543
3.4323806
6.4364919
0.5388982
1.0383602
3.3646320
0.7201077
0.9277791
5.1212944
2.0692791
1.2922367
0.9264605
0.6390031
1.5969442
1.1212795
0.8850556
1.1308772
1.0311428
0.8639394
0.7554029
0.8860629
0.9870102
0.8585612
2.1069416
0.8236334
1.1054700
1.1574460
1.0541048
1.5819937
2.5481724
2.9893041
1.9715571
0.8018597
1.4257106
2.0688783
4.0582345
1.1632049
1.6665920
1.7341877
1.3721936
1.5044832
1.1734593
1.8868381
1.1593588
0.8774071
0.6572321
0.8123548
0.7671565
2.3876798
1.5563658
0.8723968
0.9932614
1.2901468
0.7331797
0.5133497
0.8349305
1.0759998
0.7790813
0.6798082
0.6244079
1.0698392
1.7535626
0.5598622
0.8053023
0.9134193
1.0604513
1.4010070
0.7092719
1.4725106
0.6308284
165.7166488
1.1964988
2.0632378
1.1113380
1.6222548
4.3048690
1.1999322
1.0960028
1.1386994
3.1248104
1.1689756
1.1567513
3.3387614
3.1660096
1.1827913
1.4500698
2.1578822
2.3307532
2.0827583
1.2182657
1.4725115
1.3639396
1.8920944
2.0347040
2.0296904
92.5220814
2.9239958
1.2803012
2.0451557
1.5496975
1.3313925
1.2492711
1.3517827
2.6413372
3.5365878
1.7574397
1.2411920
1.4299604
1.3856367
1.6640491
1.6746919
1.6218882
1.6512209
1.8636844
1.6714741
2.0872022
3.5887964
1.6374884
1.4950184
2.2456350
38.7491562
1.8100734
0.7510595
1.0903243
1.6444935
1.4870338
2.0293203
1.3922394
2.5377213
1.6072056
169.3204975
2.7713290
2.1377731
2.0820019
3.0309659
5.6547338
2.3322565
2.2976438
3.2833411
2.5964257
3.0834275
2.0900435
2.4399208
4.4586213
1.8533206
1.7867912
10.6285601
130.4483795
3.3404292
1.3293660
4.5151054
2.0963476
1.8354346
1.9604937
3.2702692
12.1952797
2.3752044
2.6096100
1.9771316
3.2529465
2.2579454
9.0987052
1.7519055
1.6883838
1.7790451
2.3910060
41.7266359
1.4885630
127.9087317
29.0071249
42.7001315
2.5026545
2.3790143
2.8138374
20.2048359
2.5173050
1.6165479
32.5839790
2.5676890
1.4315944
1.9482591
2.0719853
2.5579780
3.1138216
1.5222074
2.3947626
2.2544191
9.1562250
1.4835427
2.2544230
2.1060414
1.6264653
2.4665548
4.6072105
4.6884901
93.3682685
1.6536585
1.9007199
2.9794311
39.3253145
8.4535675
7.6367029
4.2993252
129.3982183
3.8586761
3.9965087
3.3624176
2.4806019
111.7695069
1.5191675
1.9642938
7.0911563
2.7645921
0.7512651
153.8671574
170.7813031
40.2362899
3.6627534
2.7601478
132.7942486
2.6352569
3.8098125
2.6689309
3.6115521
2.6396979
2.0324592
2.4349493
153.1602579
2.2485368
10.7902931
3.7782512
2.9649937
60.3034326
10.3876777
2.3834407
40.0134541
101.2183751
1.9292338
1.7309549
2.0205361
7.3268906
3.0478002
2.8768442
2.2200235
1.9544233
5.5107330
2.1616433
3.3223983
15.5688294
2.3850266
17.7996546
5.4772652
177.2658401
9.1741146
13.9451799
2.6809731
176.2071376
1.3440848
5.3957428
2.5139716
2.2216978
22.0331468
3.4132509
2.7967784
2.7030592
3.1264078
2.7726546
131.3723891
43.1791065
3.1362676
2.1652416
2.1182300
17.4162064
123.1704302
163.5851694
4.4061864
3.8968513
1.7414782
2.4468833
30.8349814
19.7673815
1.9020223
7.3219131
2.1612688
1.8667884
2.6048858
1.6616705
3.0370563
2.3318619
4.9530719
3.3533790
2.9202643
2.7258724
2.4843724
2.0100213
1.9349474
93.1740400
1.4222730
2.3081209
3.8902968
2.4616796
2.7564934
1.9756901
2.8829629
2.7021401
2.8008526
110.4769256
3.2767879
2.9583019
2.8102066
2.9750654
3.3453954
59.3823802
121.0114405
146.9977565
3.5762249
1.8192518
3.2258811
100.4899285
159.3607982
0.7856159
9.4080907
114.4511503
150.8684329
0.4663056
1.2481234
1.0979526
0.3854242
4.1571490
2.7925631
72.8673283
0.5641238
105.6836751
1.3437390
2.4273904
1.7382451
43.7648225
0.5653315
155.8658754
10.3746845
6.6079318
63.0760156
0.7133809
1.3602144
82.1485477
0.7226628
1.7120198
2.6090664
1.0086597
0.8816435
2.7072036
1.6153257
45.8730745
1.6119878
1.0517366
2.3543413
1.0260293
1.4877627
2.4221642
2.1896507
2.1551656
2.0932586
1.1171364
145.5903763
0.8291539
1.3420082
1.1561427
3.6331120
9.6594634
5.6016627
1.6963878
122.3230762
2.2530053
1.7847406
3.3863391
1.3545619
1.4668512
1.5697471
1.2213305
4.8359538
2.1610693
1.7817001
1.4659903
1.4501435
51.6133225
2.0596583
2.6708648
1.6762161
11.4983154
1.5666188
172.3916311
21.6443707
1.9323978
159.2755389
164.8021134
1.8258249
2.2366914
1.8950914
3.2522301
2.0212661
7.0221563
17.3881451
2.1323635
2.2116456
2.2015570
1.5693601
1.8050784
1.4608800
2.2725917
1.7093211
2.0228219
1.2484316
1.3956493
2.9313847
152.4457457
2.3217681
114.8575133
1.6844397
1.5127353
3.3674857
1.3674674
2.0392396
65.5220006
78.4542834
45.0904650
76.2844647
1.8567994
1.6384541
79.6607904
172.2749888
122.3680520
1.5445063
88.3233040
71.8642350
0.7798540
172.7373635
174.3126730
0.9442202
0.7461062
0.7327120
1.1287887
7.1243392
1.5892156
0.8876752
1.2871810
2.8954070
1.1664691
1.2397026
1.1753190
0.8283337
1.0847619
0.9566288
0.6048275
0.6840358
0.7852734
1.6814164
1.2521427
0.7216610
1.1990959
1.3852616
0.7263547
0.7117897
0.9386398
1.5084076
1.5044778
0.7236676
1.0865377
1.2721502
0.9414441
1.2384361
151.9664880
0.8237829
2.0958148
1.2217806
1.4757201
1.3966055
0.8835953
1.1511599
0.8098031
0.8717381
0.9407285
2.4348399
1.8145688
0.8114587
1.0323659
1.0614786
1.8800366
1.1007811
1.0590467
0.9614621
1.3421033
1.8473631
1.2610076
1.5904506
0.7228510
0.7773629
1.3066892
1.1077869
1.4583984
1.6787451
1.3654700
1.6246788
0.6270375
1.0959372
1.0714284
0.4792796
1.2283437
2.1863733
2.4907039
0.8054915
1.6876883
2.1330635
1.9236020
2.4340008
1.6366437
1.8796800
1.8409363
1.1877842
0.8074391
0.8711252
1.8383100
1.4862312
2.1295106
1.1450232
1.4786723
1.6347757
1.4914123
1.2381529
3.1997340
2.3554509
0.8130430
0.7224722
2.2689382
1.5866318
1.1915305
1.3711269
1.2620465
1.4484725
1.3703592
1.0639295
2.0714977
1.1612199
2.6494738
1.9364915
1.7501013
1.5140363
1.1241938
1.8204898
1.7072208
1.7155006
2.4411963
1.9522693
2.3945570
1.5760747
1.6517364
1.7662410
2.7455803
2.2421207
1.0518322
1.6532701
2.5161976
2.4173147
1.6477058
1.3464148
1.3721247
1.4664647
2.6736365
2.6325888
0.6699766
1.9987842
0.9703666
1.2797993
2.2800045
1.6311163
1.3297362
1.6183810
1.4976207
1.9354100
2.2538771
1.8853043
1.8064164
2.0904114
1.0160747
0.8648411
1.2994554
1.5115004
1.3066732
2.1439265
1.1304251
1.8216623
1.6553088
1.5362660
1.3865055
1.7944816
1.3246056
1.1380914
1.8759960
2.0070151
2.2680522
1.2109824
1.6394707
1.1389286
1.1929259
1.9037712
1.6975596
1.0159598
1.1776560
1.6085067
1.0013138
0.5274567
1.2881192
0.8283168
1.1942479
2.2305864
2.8061659
1.2815751
1.6211746
1.1604431
1.1829338
1.2267951
2.9077712
1.6025704
2.1324758
1.1588220
1.7271983
2.1385572
1.2698213
1.0811222
1.8144492
1.0067705
1.7871772
1.8267225
1.0841949
1.4959121
0.6992673
1.5093000
0.5968604
2.5574255
1.9960613
2.0538692
1.1976476
1.0233034
0.5408421
2.1970798
1.2474265
1.7908988
0.6411855
1.2472930
0.9733403
0.9887350
0.9611847
1.3692506
1.7183546
0.7331128
1.6189697
1.4321691
1.9062570
1.7282405
0.8445891
2.6782289
1.2965420
1.3152087
3.8132496
1.8734148
0.7038092
0.7188362
1.4052339
1.0023568
0.9534091
0.8449583
1.5502207
1.7741379
1.4144434
1.0458914
1.2494383
1.3847647
0.9332258
1.1364577
2.1849672
2.4840025
1.3884727
1.9530430
1.8933922
1.1132892
1.2983313
1.8351072
1.0790893
2.2540873
1.2421220
1.3435108
0.8606821
1.3392689
1.4126948
1.1512457
0.6243820
1.3911227
1.5375088
1.5556229
1.4377327
2.5343592
1.4101307
1.7665989
2.2781486
1.6445005
1.1854554
3.4420803
1.8615165
2.7862513
1.3549345
1.1689298
2.9867461
0.9900961
1.3495275
1.1408009
1.3146187
1.2638175
1.6108491
2.5473366
1.8401246
2.8696350
1.2842343
2.1518113
2.0545114
1.2278252
1.3926604
0.9786908
2.0357405
3.2833534
1.2543735
2.2126634
1.1344949
1.7978319
1.0211015
1.6643372
1.2618896
2.2929397
1.5770871
1.2001469
2.7012919
1.2704045
1.0770524
1.6257995
2.1512171
1.3552687
1.5181797
1.2321340
1.3309627
1.8015219
1.6124321
1.7266254
1.7364017
1.0485913
1.7642249
0.9823535
2.5313057
2.4571640
0.9515816
1.1607157
1.7234744
1.4391741
1.6468459
1.1307670
1.9822722
1.4987535
1.2288930
1.3510999
1.3030999
1.7056160
2.0102405
2.0744707
0.9065632
1.6416472
1.6256943
1.4040821
2.2431261
1.6729574
2.4020576
2.3368846
1.3361078
0.8513046
2.0371268
2.1801623
1.1412964
1.2948028
1.9118252
2.6877153
1.2724479
1.3291666
1.7031429
1.9718637
1.8911395
1.3895429
2.0219093
2.5158984
1.5118719
1.7786473
1.7168168
1.4643122
2.2565772
1.7160402
1.3096993
2.4336050
1.7659492
1.7344984
1.7274574
1.4572407
1.0775014
1.0253130
1.9339726
1.8902247
2.4731995
2.5805867
2.7439949
0.9328385
2.0532065
1.1605243
1.1214710
2.5692837
2.6834474
2.1742370
1.5241373
1.1913956
1.8406291
1.3885087
1.1274395
1.7818216
2.3484783
1.7950042
1.5926763
2.7689752
2.9441151
1.4683251
1.9670740
1.4063813
2.4414607
1.4258129
1.9093015
2.3934916
2.1049880
1.6745053
1.4732415
1.4297110
1.7911159
2.5801514
2.2494152
1.7059054
1.6947587
2.8760638
1.7630147
1.4094084
1.2687030
2.0051905
1.7888346
1.8902775
1.9527260
1.6233610
1.5521931
1.5282478
1.4278202
1.3411055
1.9503447
2.6645082
1.7191882
1.7673313
1.5652483
1.3089178
2.0089561
1.1448164
0.6063821
1.7282415
1.9506466
2.5933508
1.8827947
1.5597441
0.8892530
2.0886991
2.5773912
1.3806121
2.0710660
0.7331428
1.7111807
1.4975413
0.8885737
2.2819518
2.3074765
1.8775337
2.6718819
2.2698323
1.4279884
1.6941730
2.4554848
1.7283399
1.6645121
2.5452952
2.7498781
3.2504868
1.1807906
1.9776723
0.9623009
2.1696068
2.1869722
0.9281349
1.9700068
2.8819733
2.3080957
1.5913581
1.0700168
1.7633439
2.6751834
1.5762112
1.1983163
2.2153614
1.4569269
1.4748351
1.8846114
1.0845794
1.3498636
3.3752384
1.5356889
2.1009872
1.8342731
2.0203124
1.9986653
1.1541330
3.5177464
2.7318672
2.7680487
0.8796298
0.7406042
1.5550028
1.9583604
2.0215193
2.6461088
2.9517340
2.4298362
1.0565543
1.0582624
3.7403597
3.4148349
1.0930438
0.8702187
1.7282271
1.4242296
3.2438185
2.4615232
1.9701277
0.7832380
0.9797979
1.5144058
1.0608649
1.7265525
1.8246108
0.3969459
1.1407079
2.3068015
2.3985507
1.0317554
1.2238054
1.9391685
1.1591184
1.4105579
0.6687977
1.0326852
1.6688947
1.0534388
1.4361321
0.6300168
2.0145924
0.8439972
1.2919123
2.1679784
1.1169420
1.3365401
1.6218670
2.0739515
1.3317877
0.5642187
1.3776337
2.0974047
0.9438715
0.3321123
1.7493370
1.6507599
3.0518611
1.9932599
1.8703493
1.1312655
2.5072662
2.4273909
1.1556232
0.6971554
2.1750302
2.7515916
1.9870774
2.0680559
1.3813230
1.4847077
1.3045737
2.2075965
1.7837609
1.5701777
1.6084728
0.4935174
1.4092529
1.3337386
1.4163523
1.5836692
1.9160771
1.5823012
1.5017860
0.8235020
1.9614328
1.3214842
2.1030015
2.5879746
1.6891341
1.7982462
2.3377399
1.7922604
1.4178367
1.5668296
1.4575374
1.1786454
1.7257654
2.0276915
3.0774789
0.7153919
0.7574396
10.2822107
2.4035824
0.6688435
1.4641462
1.3573589
1.6755769
6.1324957
3.9503535
4.0352413
0.9414884
1.4864205
1.9593304
0.8007275
5.3790341
0.6530172
3.0275139
1.3897732
3.0121129
107.1079665
5.7483650
1.0339580
17.3719719
7.8687567
54.6450682
74.5962446
1.7991848
73.3701970
8.1748405
0.8529626
1.5655345
3.4700120
1.2218681
0.7445792
1.3383929
1.0198428
0.9073763
6.2035364
1.5194602
5.0870232
1.0004284
27.3183170
7.5200449
3.5265990
2.4181349
37.2892918
14.1691714
16.3965677
16.6448443
2.7350905
74.7510340
116.5418271
8.1534155
26.4183418
13.6166344
35.7496607
5.5468103
8.7727694
2.3765782
4.6330603
15.0622757
15.8163196
84.3573921
8.4890730
28.3477374
1.0572514
3.8787501
13.3891933
7.8221872
1.6511220
65.2016111
4.2312547
1.2393616
0.7127895
3.4550589
0.9078686
0.9850308
0.6030525
0.8268282
2.9767271
0.9837303
1.1794758
0.9464042
1.2367537
0.9584862
1.3256767
0.7784677
0.2913426
1.4780579
0.6891473
0.4988264
1.2005764
0.2484302
0.8650368
0.1412479
0.9423688
1.1198054
0.5520326
0.5229426
0.8880857
0.4595823
1.1335349
0.8860987
1.3575671
0.3587532
0.7514359
0.6761532
0.7253255
0.5221606
0.6189782
0.6134129
0.5805655
0.3618560
0.5533578
0.6491945
0.4234603
1.1250427
0.4384438
0.6241616
0.7976544
0.6900600
0.4067850
0.6431516
0.6146399
1.1829810
1.5191111
0.6483410
1.1537902
1.4905238
1.2411988
1.0315211
1.6636628
1.1675152
1.0570835
1.2197804
1.1530910
1.5749554
1.0003752
1.2795268
1.4166378
1.4408211
1.2324800
1.3756189
1.0732668
1.4479939
1.7359338
1.3868956
1.2038951
1.7226922
1.1605912
1.8518968
1.2403726
0.9806690
1.3247926
1.7047007
1.5125445
0.7388409
0.7252626
0.8564587
0.4763034
0.4315040
0.8618133
0.8548475
0.7329872
0.8493302
0.4948712
0.6352734
0.6291091
0.6991675
0.3719409
0.2900279
0.6114900
0.5122696
0.6352065
0.7475243
0.8523837
0.6743833
0.6987697
0.7857684
0.3508262
0.5361089
0.6282357
0.8106129
0.5361085
0.8745247
0.7560809
0.5271554
0.4704853
0.5555136
0.3719062
0.6970445
0.5365822
8.8729078
0.3183089
0.2758483
0.7172460
0.1326008
0.4841549
0.3746047
0.5333803
0.7226601
0.6374202
1.1376039
0.8073174
0.7041416
0.4021591
0.6058118
0.8236008
0.5511008
0.5031704
0.7254695
0.5215852
0.8159302
0.8541357
0.6846396
0.6867082
0.8106070
0.7672037
0.5310732
0.6152834
0.8803824
0.9529979
0.6974355
0.9335336
1.0515713
0.8458030
1.4958390
0.8054491
1.1161189
1.1134712
1.4527432
1.7127549
0.8021679
1.3844126
0.8569467
1.2843796
0.7647776
1.0253160
0.9854738
1.0273445
1.2096526
1.3386611
1.7216653
1.7125607
1.6082207
1.5847926
1.1433268
1.5943285
1.3511986
1.2610161
1.1355696
1.5263714
1.5415860
1.3506606
1.6210355
1.3327955
1.4668508
1.3915653
1.5778406
1.3700740
1.4453773
1.4288549
1.3694834
1.0639429
1.1826893
1.4609993
1.2127093
1.6739447
1.2753963
1.7409571
1.0406381
1.0717358
1.6191684
0.9653894
0.9188339
0.7477400
0.8273531
1.0408964
0.9577632
0.9106632
1.1726778
0.7702637
0.8269261
0.7973191
0.6188315
0.7113348
0.9562445
0.5641037
0.5818079
0.6600386
0.3738355
0.6080740
0.6834071
0.5834756
0.7328479
0.3428834
0.3920565
0.9509255
0.5267593
0.6702964
0.5763800
0.4840132
0.7934137
0.7112371
0.9155017
1.1388562
0.8588189
0.6272711
0.6653365
0.8175844
0.8359818
1.0914808
1.0349968
0.9024034
1.1365934
1.1127412
0.8505343
1.0867175
1.0061261
1.0754517
0.6822115
0.8796089
1.0102635
0.6747193
1.0303383
1.0216323
0.9920449
0.9253292
0.9971862
1.0009354
1.0309573
1.0399710
1.1261532
1.0931374
0.9817071
1.0837698
1.0570879
1.3254032
1.1541641
1.2429356
1.2843520
0.9736465
1.0811196
1.0815006
1.0087215
1.1347578
1.1849621
1.0860617
1.1613308
1.0160752
1.3510329
1.0912543
1.1049563
1.1528888
1.1849485
1.3274125
0.7709530
1.2447169
1.3772996
0.9251022
1.5246923
1.2431850
1.4010435
1.2882436
1.6187435
1.0213422
1.2407603
0.9210965
1.1637705
1.0548066
1.5470730
1.0603810
1.2596744
1.0622118
1.2776281
1.1051837
1.0216012
1.6484715
0.8531153
0.7300860
0.6166392
0.9043948
0.8013347
0.7882125
1.1412915
0.6812974
0.7333653
0.8003076
0.4753334
0.8239822
1.2576004
0.7669201
0.9210503
0.9288380
0.6532392
0.6941753
0.8559685
0.9836057
0.6803277
0.8447903
0.5912556
0.4822598
0.5666920
0.8360602
0.8593490
0.5490303
1.0619697
0.8554967
0.4129259
0.6891313
0.6494448
0.4848923
0.6064052
1.0094933
1.2949019
1.1044486
0.9211915
0.6462734
0.7832282
0.8123766
0.2543909
0.6804613
0.6598247
0.3593115
0.9083595
0.3725912
0.3970016
0.7418407
0.1667065
0.2324742
0.3943077
0.6727387
0.3588452
0.1975078
0.1201607
0.7514307
0.3027041
0.2142066
0.2570795
0.3540550
0.4120614
0.1788363
0.2201014
0.3283987
0.5853886
0.4398800
0.5663275
0.7761582
0.6627823
0.5136766
0.1925412
0.6904260
0.4801886
0.5785037
0.1403677
0.5652789
0.4829669
0.4603834
0.4528087
0.4049287
0.6623571
0.5625088
0.5541166
0.3672374
0.6804388
1.2222706
0.5589791
0.2385261
0.5824702
0.6875793
0.5177748
0.5796165
0.6769047
0.7128881
0.3156879
0.6568627
0.2458805
0.3380014
0.8524062
0.3261112
0.4701922
0.6581395
0.5575410
0.3928157
0.2939232
0.3982315
0.8832672
0.3678480
1.1561684
0.8042111
0.6017036
0.4574179
0.5275837
0.3738400
0.7126465
0.7713659
1.0682034
1.5130371
0.8123404
0.9731435
0.8800792
0.9295978
1.1112914
1.0633557
0.9825991
0.9786495
0.8627399
0.9672769
0.7192470
0.7081095
1.3861353
1.7930740
0.9986202
0.4763645
1.1528874
0.8950218
0.8638143
0.4381620
0.5729991
1.4029317
1.2432536
1.0193450
1.1689342
1.2465402
1.8015118
1.3632249
0.9560006
1.7504526
0.8237529
1.0573856
1.3051808
0.2571716
0.5190347
0.9157011
0.7305314
1.0125409
0.9891105
0.8243170
0.6325834
0.8131745
1.4982356
0.5583274
1.0765784
1.4714281
1.3277633
1.3074701
0.4863663
1.3140046
1.5309120
1.0366359
1.2241695
1.0902688
1.0391281
0.7589294
1.1236553
0.9886214
1.0723298
1.2590120
1.2250468
1.2028838
1.7114885
1.2886338
1.0840847
0.9166278
1.1983658
1.8328456
0.8640020
1.0365014
1.2061148
2.0065026
1.6253169
1.3558316
1.4071194
1.5249392
1.7897853
2.0073053
1.5781355
1.4308180
1.6619242
1.2572569
1.7515829
1.8087564
1.6068399
1.9329985
1.5713876
2.2753668
1.9453849
2.4239514
1.8716520
1.7517726
1.1016067
1.1468296
1.6958039
2.1482551
1.9991000
1.7204550
2.5845031
1.7002438
2.6703929
1.7031220
2.1962334
2.5273080
2.1175360
1.4326581
1.4133284
1.2971140
1.6458364
1.7024324
1.2641390
1.6231406
2.7490697
1.9070491
1.1597992
2.1660553
1.3570713
1.7640946
2.4652850
2.0644797
1.6094321
1.9962546
1.5931842
1.8233704
1.3742209
1.6318270
1.5123047
2.0171785
1.2684184
1.5991845
1.4065544
1.6705477
1.7220623
1.9066225
1.9127190
1.7205452
1.7548074
1.6923230
1.5638451
1.6534235
1.4116740
2.1931004
2.7247680
1.6240427
2.5448348
1.9320602
2.2869652
1.4060163
2.6279261
2.2449432
2.3089659
2.8316560
2.7093617
2.0584407
1.6195193
1.3995157
1.8155835
1.4365647
2.0532901
1.8798051
1.0739627
2.2254134
1.6580080
1.6937384
2.4208843
1.3013938
2.2954333
1.6485522
1.8088174
1.6247773
2.3166029
2.1149616
2.0876424
1.3711265
1.7730987
2.6874655
2.1036085
2.0114175
1.6043380
2.3797527
1.8313984
1.9974190
2.2646890
2.4589033
2.3574338
1.9533930
1.6415618
1.9101890
1.5640437
1.8923253
1.9380530
1.0865819
1.5136401
1.3150697
1.8445271
2.0722723
1.3623417
2.0367799
1.8709354
1.5567729
1.7742299
1.3400592
2.0660378
1.6982887
2.5705118
1.7941146
2.3153303
1.8384962
1.6754906
1.5150936
2.0607457
2.0964142
1.6330537
1.8005978
1.6947210
1.8539018
1.8765156
2.4810536
3.5338581
1.5261419
2.5264057
1.5141730
2.0925473
2.2768230
2.9034370
2.4373190
1.3451919
2.0986429
2.1757901
2.0345066
1.6861120
1.2697941
1.7240368
1.7803761
1.7820166
1.2095060
2.3080626
1.4808171
1.2022900
2.2977463
2.2048639
1.4380245
1.8587658
1.4388831
1.9333518
1.4140629
2.3083534
2.5957292
1.7235943
1.8284601
2.2890732
1.6936801
1.2361336
1.9343229
1.6810082
1.3508999
1.7551824
2.0533110
1.5830227
2.3727603
1.3547355
1.7711018
2.0305053
2.1093617
1.9029041
2.0839575
1.9253224
1.9560113
1.5568595
1.2850201
1.7869204
1.9136188
2.0986766
1.7642865
2.3871039
1.6930412
2.2908155
1.4414898
1.6937999
2.0405211
1.7693487
1.8263477
1.7891058
1.8133399
1.5280209
1.8054891
1.7343670
1.3807788
2.0089617
1.9532990
1.7269078
1.4370200
2.0230696
1.7661195
1.8770603
2.1184750
2.4363990
1.9153347
1.6030849
2.2077603
1.5921923
1.7948267
2.3243236
1.0658269
1.8753184
1.9591819
1.4935295
1.7569396
1.5663026
1.9295855
2.0509527
1.3824649
1.4544531
1.6169693
1.7483428
1.9395541
1.5527164
1.2804433
2.5244402
1.6412485
1.5832221
1.4884025
1.4799517
1.6016279
1.7124612
1.6573100
2.0734013
1.3583632
1.3157674
1.6560460
1.2060956
1.5372948
1.7785266
1.8048527
2.1952981
2.0145662
1.6612971
2.2927680
2.3433537
1.1569471
1.7697532
1.4727702
1.2841028
1.7992102
1.8024978
2.1562329
1.6731155
2.2906029
1.5906869
1.1210082
1.8763914
1.6265996
1.5488345
1.7743400
1.6448972
1.6518751
1.7845609
1.7614366
1.7411315
1.2859273
1.9247466
1.7751102
1.3540214
1.6911325
1.4418031
2.0810561
1.9581631
1.4100974
1.4256742
1.7749485
1.5890405
1.7454146
1.4443678
1.2284837
1.4665939
1.7249314
1.8572283
1.7534677
1.8983010
1.9601211
1.2911573
2.0247338
1.9697419
2.3212715
1.7337541
1.8170863
2.2334117
1.1582545
1.8070697
1.6845340
2.3205865
1.6543738
2.4214404
2.2233598
2.0691824
2.0108831
1.2924585
2.1768119
1.8101065
1.5758399
1.2109583
1.3906296
1.8916009
2.0048107
1.7718212
1.3300435
1.3736956
1.3791858
1.6382498
1.5380288
1.7739026
2.0756966
1.1872821
1.7851829
1.9767346
1.2027004
1.7350416
1.7866359
1.6962864
1.1276425
1.3263197
1.7492439
2.0292276
1.5854928
1.7663230
1.8307580
1.3662558
1.8106496
1.9011221
1.4222762
1.5174471
1.6318524
1.8459492
2.0942042
1.3982939
1.3951625
1.9644855
1.5496986
3.3541845
1.2415592
1.8726217
1.3185349
1.7963856
1.6651263
1.9339250
2.0633730
1.3115444
1.6949175
1.4340209
1.6123001
2.3583380
1.7793673
1.2608682
1.7651008
1.6542226
1.8433710
1.9747021
1.5900701
1.4434865
1.6681748
1.5789710
1.7430008
1.2129186
1.7990003
1.9753155
2.5009470
1.9591698
2.0662750
1.4968372
2.0497288
1.7493311
1.1997524
2.1445424
1.7224130
1.5993572
2.0228899
1.9341513
1.4295010
1.5127717
1.8364980
2.0727392
1.8030930
2.2183602
0.8411683
1.4819190
1.0759758
1.6975944
2.2709041
1.8816875
1.4205312
1.7356184
2.1674152
2.1527345
2.2584425
1.4928376
1.6746702
1.5736998
1.4042915
1.9728715
1.7044601
2.0752885
1.1263961
1.3006580
1.3072893
1.3480213
1.5976897
1.8549735
1.0426938
1.1267866
1.2547394
2.0357976
1.5054180
1.9169822
1.5675329
1.7299758
1.7391165
1.3687544
1.4056627
1.6045467
2.0142234
1.6415724
1.8538217
1.5932130
1.5448174
1.7083132
0.7801797
1.5660373
1.7410891
1.4310448
1.5733776
2.2769172
1.6448284
1.4778521
1.3745011
1.2820142
1.3488293
1.7194355
1.5620880
1.1023312
1.4969393
2.0353482
1.6998751
1.4131749
1.2021506
2.1363789
1.6073137
1.3976687
1.7048759
1.7498200
2.0373952
1.6874612
1.6526615
1.4918215
1.6057900
1.3157276
1.7452598
1.4447572
1.6655565
1.2406175
1.7913670
1.9708543
2.3126667
1.4421988
1.7278351
1.6161510
1.5183532
1.3343258
1.9260821
1.7254183
1.5080305
1.6953689
2.1114456
1.8124687
1.7284223
1.9550874
1.3923921
1.8273162
1.3867357
1.6758954
1.2764304
1.5445475
1.7913150
2.2289666
2.4431432
1.2490091
2.1527511
1.8261713
1.3119625
1.3866715
2.0995905
2.0593251
1.4476352
1.3937771
1.7246469
1.4243863
2.1424590
1.3868693
1.0501763
1.3183052
1.5597970
1.8706067
1.3362697
1.6222627
1.3521992
1.2284390
1.6882505
1.8915684
1.5695936
2.0731242
1.9284602
1.4540737
1.8221667
1.2790998
1.5109282
1.4357104
1.2215827
1.4324420
1.9881376
1.7538348
1.5700915
1.4637745
1.5655065
2.0526085
1.4812080
1.6028621
1.3681255
1.5983861
1.4761852
1.6059151
1.4528007
1.7081986
1.1432026
1.9415216
1.5208276
2.0760245
1.3604072
1.8087935
2.0150394
2.0234207
1.9453718
1.7479494
2.0374007
2.4003671
1.5834058
2.1918431
1.4503339
2.2106564
1.7590643
1.2794429
1.1927568
1.9965484
1.2138339
1.7590773
1.3799411
1.5902524
1.3677735
1.4577361
1.7150885
1.1116901
1.8179267
1.8332973
1.4017433
2.5798458
1.3769854
1.5786790
1.5718831
1.8375676
1.4391682
1.7338964
2.1547894
1.6347607
1.4118366
1.6426935
1.8610165
1.9168244
1.3699956
1.8037358
0.9941184
1.7448674
0.9980095
1.7277677
1.7889616
2.1563504
1.2557532
1.8591084
0.8682168
1.5033962
1.1994665
1.7255066
1.2292731
1.7380300
1.6412202
1.1549797
1.5052391
1.7393235
1.2446674
1.3328252
1.1938263
1.5630800
1.1522866
1.3272380
1.2579777
1.5480746
1.8726649
1.4373480
1.2036441
1.7062139
1.9192226
1.0697347
2.6243080
1.4825422
1.8460221
1.4009129
1.3870954
2.3824439
1.9723222
1.5857884
1.5676107
1.1166627
1.1671499
1.6628397
1.3318739
1.2993288
1.5311887
1.1437385
0.9402882
1.5621285
1.6820563
1.6540730
1.6991623
1.1415070
1.6621850
1.8559910
1.1836467
1.5548137
1.4667449
1.3269674
1.1512716
1.5556516
0.9880280
1.5077106
1.3594600
1.3677596
1.1797996
1.6860401
1.5693041
1.5403101
1.2014785
1.8038195
1.7473648
1.3557024
1.8973876
1.9111494
1.2071316
1.1966567
2.1118096
1.2988064
1.7890935
1.3792416
1.7928934
1.3846684
1.4258985
1.5921307
1.5819129
1.6161795
1.6714724
1.7111486
1.2591722
2.2457505
1.3440458
1.4336954
1.5923238
1.3697017
2.4852101
1.6582421
1.7589187
2.1254587
1.3912480
1.6402577
2.0902191
1.3341078
1.7693430
1.4589023
1.9804009
2.0066859
1.5473462
1.5578836
1.2062619
1.3096264
1.1610564
1.2726817
2.4716635
1.3404228
1.8787530
2.1240880
1.4066966
1.6764845
1.4737601
1.4327025
1.8781496
1.4791918
2.0199238
1.6418334
1.2558520
1.4875395
1.8787706
1.6181744
1.7632774
1.4540378
1.8251075
1.8258159
1.8230981
1.7751181
1.7307576
1.7720824
1.3352659
1.4520554
2.0827915
1.6995399
1.4399233
1.5581957
1.1880364
0.9194093
1.2910403
1.7936462
1.4667516
1.7883129
2.0279211
2.1450688
1.6717854
1.4145233
1.9481361
1.3682849
2.7288461
1.8270104
1.3488111
1.6200322
1.5308123
1.4610443
1.3899953
1.4411411
1.7511380
1.6971536
2.4166334
2.8790778
1.7670612
1.7463286
1.7966317
1.5844747
1.8260499
1.1332853
1.1793213
1.8042651
1.4852822
1.5890335
1.5887970
1.5106726
1.2448173
1.7940997
1.3727456
1.4177326
1.5996150
2.2148146
1.5655923
1.1686548
2.0370661
1.4407850
2.2719014
1.5986022
2.2370258
2.0315447
1.0401598
2.0483202
2.4251914
1.0620562
1.2093192
1.8789792
1.6681956
1.9347833
1.5482144
1.7011688
1.5776133
1.5258339
1.9588152
2.1078417
1.3465708
1.7720900
1.8128056
1.8717466
1.4234611
1.9171882
1.9680367
1.2991682
1.3444900
1.9733855
2.0888385
1.1398016
1.4850118
1.3462721
1.5118315
1.3680707
1.7097777
1.4788852
1.4236242
1.8188935
1.2188399
1.5460316
1.4569801
1.3631628
1.3863087
1.2776441
1.8116115
1.7506765
2.1349948
1.1353470
1.7763940
1.2344849
2.0750063
1.3547709
1.7540873
1.4676624
1.3164200
2.1988613
1.5191556
1.5262808
1.6858096
2.0220708
1.7376007
1.6297375
1.4593666
1.7723433
1.0307924
1.3325139
1.5047751
1.5759293
1.5296210
1.3701811
1.7807241
1.5575899
1.5656831
2.2793645
1.9078516
1.8915257
1.6005125
1.9263526
1.5545933
1.3511134
1.5367390
1.8331856
1.1096310
1.8195040
1.4459367
1.3759936
2.1564063
1.4582810
1.5110690
1.8859733
1.8419069
1.3543744
1.7528293
1.6066304
1.5799890
2.1643734
2.2447525
1.6762940
1.5914291
1.4682590
1.3628226
1.4225011
1.3901401
1.6947511
2.3097557
1.5298311
2.9791550
1.4582552
1.9258755
1.3956298
1.3110977
1.4834351
1.8179889
2.3945656
1.6851309
1.9360952
1.6582616
1.6760965
1.5443981
2.0948682
1.4465114
1.8136518
1.9043397
1.3774532
2.0223927
1.8294051
1.5158698
1.5522179
2.1418940
2.0891120
2.1812568
2.3601931
1.4172927
2.1335290
2.0313274
1.9143980
2.1866138
1.5622349
1.8368635
2.2590770
2.1511924
1.7412241
1.4813329
2.0056639
2.2364702
1.5638230
1.1791216
1.9593567
1.4455612
1.4633126
1.8219964
1.7409274
1.3268369
1.4397697
1.7042845
1.4219825
1.6647207
1.5563328
1.8508771
2.1355465
1.5022278
1.9651122
1.6733783
1.5970686
2.0807854
2.1722355
1.6847637
1.6325588
1.8177008
1.5358471
1.8001414
1.7071583
1.4098340
2.0611784
1.5619513
1.3909307
1.9311828
1.9676589
1.9584631
1.2649665
1.5343772
1.6696021
1.7969555
1.7577982
1.2262120
1.2708856
1.5552933
1.8172940
1.5576960
1.1625275
2.0887420
1.9103414
1.7508271
1.4576956
1.3707286
1.8307365
1.5410792
2.0109353
2.2055491
1.6778895
2.2845178
1.4496928
1.5132804
1.2984393
1.1885039
1.9284930
1.3490753
1.8933863
1.5705580
1.7000472
1.7167791
1.8281367
1.3154726
1.8895791
1.3501879
1.7280186
1.8731820
1.3763753
1.6921721
2.4399596
1.9815209
1.2477374
1.5266588
2.0888514
1.7193859
1.1519781
1.0324772
1.4594259
1.6436563
1.5689561
1.0987236
1.9687203
2.1280410
1.2494422
1.4399770
1.5387593
1.4989496
1.4608958
1.7878790
1.7918243
2.0163395
1.4107512
1.6708191
1.4105723
1.7127809
1.3997999
2.0369997
1.7836248
1.7925713
1.3442817
1.6516772
1.8402859
1.5796577
2.0627403
1.1496136
1.6821594
1.3386101
2.0769942
1.2239540
2.0386159
1.6314004
1.4811938
1.9283801
2.0226577
1.6936799
1.4019036
2.1742341
1.5844396
1.4104327
1.2039449
1.5701471
1.8931148
1.8614987
2.1174691
1.7309867
1.4433829
1.4826880
1.1828122
1.9273739
1.4125653
1.5571822
1.7707108
1.9078427
2.2113000
2.1198688
1.4964538
1.6242547
1.8049789
1.6405570
2.2651146
1.8154677
1.9900772
1.9988593
0.9657027
1.6345027
1.7149826
2.7025983
2.0243176
1.9199256
1.6254983
1.9523665
2.0305854
1.5711279
2.4836812
1.5191370
1.7355768
1.1405438
1.8866225
1.7594831
1.6064503
1.5912526
1.9315604
1.7634958
2.1317314
1.3680315
1.8040666
1.7790345
1.9441594
1.4539332
1.1450489
2.4758534
1.6483454
2.0348855
1.4019780
1.8685591
1.6179858
1.6789136
2.1880967
1.6172002
1.3515972
1.6121207
1.8359772
1.8556577
1.8608340
1.8100173
1.7962048
1.6508952
1.7604303
2.2462717
2.8399868
1.5553556
1.5068557
1.7454514
2.1890535
2.2917437
1.5006329
1.8053439
2.1672730
1.7780706
1.5303102
1.8265278
1.7685654
1.4253368
0.9731872
1.5310432
2.2310458
1.8372401
2.0807735
1.5388144
2.1639994
1.6950172
1.8668967
1.4458051
1.8251254
2.2833418
1.6510455
1.8290294
1.7854248
1.4963772
1.9310569
1.6360331
2.7116854
1.9953701
1.8801826
2.6808560
1.5743409
1.6211375
2.1637686
1.3042032
1.9900434
1.6673079
1.5918865
1.6063791
1.7115759
2.2224439
2.4394730
2.0295544
1.2672305
1.4601730
2.3459591
1.6548979
1.9610094
1.7244616
1.4850369
2.5116673
1.7704948
2.1055687
1.7085756
1.2514557
1.8681290
1.7525068
1.4975283
2.1162442
1.9706261
2.2118263
2.0425784
1.8963200
1.2681673
2.2211556
2.2113490
1.1344790
2.1506105
2.1482934
1.0490861
1.6471127
1.8380290
2.1580736
1.7991567
1.7127062
1.4226701
1.9876640
2.1919689
1.8608958
2.1902151
1.5135723
1.4010768
1.4280253
1.6450706
2.1154888
2.1600979
1.8247458
1.9035397
2.3886560
2.0373474
1.8866337
1.7410373
2.1499961
1.6594321
1.9507070
1.7783842
2.1268784
2.4876484
2.2793412
2.9690153
2.2505010
2.2922491
3.1401385
2.1280012
1.9368476
2.6978077
2.4456697
1.9045865
2.4821378
1.6334613
1.7817725
1.7965845
1.9903614
1.8423261
2.2577317
1.7285024
2.0405767
1.8223763
1.8629471
1.5781520
2.9878437
1.4188323
2.6586682
2.2599529
2.2162108
1.8646416
2.0263301
2.8333422
2.4468658
2.1032375
2.2465274
2.0842550
1.3725375
2.2661260
2.2959545
2.0278623
2.9843444
2.0495436
2.3988752
2.7614501
2.7571125
3.5593554
1.7048773
3.7070366
2.3377736
2.6073167
2.3099173
2.3483295
2.3240267
1.6819079
2.6968245
2.0798215
2.4340826
2.1668503
2.4190308
2.2559889
2.0344395
2.5328409
2.3703152
2.1090212
2.0582996
2.0020611
1.9749037
2.0093340
2.0638585
2.2426651
2.0552548
1.8228384
1.9468406
2.1040978
1.7444266
1.8884251
2.2190256
1.4950960
1.6908557
1.5357984
1.5844140
1.6109020
1.5846940
1.8865436
1.7690581
1.6652733
1.4742134
1.8084491
1.5280117
1.6995753
1.3271964
1.3203494
1.3235207
1.4435743
1.3069072
1.3872818
1.0876829
1.7481708
1.1577805
1.2387503
0.8127031
1.0900225
1.2311654
0.8560388
1.0157312
0.9526805
0.7017441
0.9607224
1.1300279
0.8417017
0.8892060
0.8602431
0.9255524
0.8390962
0.5436763
1.0174992
1.1875017
0.7220312
0.9376551
1.1677284
1.0310813
1.0312325
0.9374500
0.7643287
1.2129857
0.4702696
0.7538894
1.1813648
0.5380623
1.2162278
0.4815921
1.1842412
1.1180746
0.6101134
1.0751715
1.4659069
0.9268063
0.6146195
0.9814100
0.7197825
0.8445226
0.8942621
0.4518346
0.4809141
0.8080663
0.6514898
0.4092641
0.3300924
0.5558923
0.6724423
0.7064021
0.6886179
0.5466329
0.2906739
0.1635480
0.5581485
0.5385828
0.3951687
0.3851580
0.7856118
0.5289971
0.7971714
0.3069081
0.3852485
0.9095271
0.5039315
1.0694926
0.2775792
0.7418072
0.1920800
0.4282210
1.2147647
1.6165373
0.3066381
1.2734342
2.2453997
1.2816800
0.9708500
2.6700104
1.1017528
1.2871423
2.1131091
3.0856458
2.5389477
2.9523130
2.6781780
0.0846681
1.9802834
143.3686074
1.9479519
2.8405425
2.2693757
1.3559246
17.7357793
0.6713105
5.7222107
1.9143192
1.9125350
0.2564699
0.3469813
1.2547255
2.4128462
1.7311882
3.5210845
1.0304990
3.2492480
1.3130290
0.8377718
0.6313197
4.0312663
0.5379902
0.6569440
0.2777584
0.4155324
5.6353989
3.7353100
0.8880676
1.2954065
4.5803411
0.5603227
1.5561998
2.0450612
1.8232954
5.8488140
0.5949012
1.6441731
1.1758878
2.8705642
1.2179172
4.7304937
5.0679521
4.6149037
0.6592997
4.2043703
0.5113309
2.1751566
5.1069958
1.5915912
2.5145314
0.6933296
3.2066276
1.0723156
0.7917010
2.1816398
2.3143665
0.6861707
1.8159383
2.3758700
1.4486960
2.8808293
0.5386972
1.2646564
4.0509187
1.5884984
0.1077178
0.2023297
3.7461073
1.2887269
2.6598289
2.7659914
0.8382973
2.6968163
3.1469671
2.5530177
4.4126632
3.6141724
0.4604105
0.2941367
2.6569660
0.8847290
3.4430061
1.1205491
1.4458320
1.0240662
0.9079303
2.9777352
2.4258573
3.0467129
1.4401718
2.1013416
2.1505302
1.2464221
2.4614448
0.7896095
1.5993314
0.4870452
1.5790866
1.7351544
0.8131675
2.8661845
0.5479480
2.8242227
0.0335458
1.3898522
0.7825538
3.4144045
1.7635030
0.4937522
1.8889837
0.7071266
0.3941493
2.7581003
1.5406281
0.6139991
0.3791788
1.7148524
2.5058790
0.4640190
2.7034253
1.1964371
1.1917763
1.1576476
1.9101923
2.3300774
2.2177714
0.9865423
0.4284429
0.3843568
1.0412362
3.7130048
1.4137421
1.0846447
0.9800849
1.1691792
2.9019600
2.2677479
0.5596048
2.8852615
0.5321854
2.5010848
0.4417459
3.3446615
1.1438617
0.7452189
0.4816562
0.8787217
0.8113943
2.7680731
0.4659766
1.5219314
0.4943415
0.4744099
0.5323847
0.8442891
1.8873866
3.4498929
1.9974478
0.7999071
1.0184358
1.2550059
1.2273501
0.4004676
0.6725514
1.1582059
2.3558797
0.9141662
0.2674333
0.4086765
0.7479361
0.5511365
0.7106385
0.8218675
1.1552982
2.0157938
1.4039913
2.2386551
2.3467280
1.2632963
1.3571899
1.8819649
0.6969858
2.3137649
1.7409244
1.4020248
2.3112231
1.3496331
0.9214785
0.6433248
0.4555473
0.8146224
0.4407513
0.7246531
0.1277393
0.1779313
0.4658666
0.1627167
0.1692136
0.3271163
0.3942521
0.3408054
0.8478438
0.8726694
1.5084560
1.5219427
1.0975505
1.1875284
1.5549795
1.1149767
1.6874849
1.0959525
1.0728495
0.6987920
1.1919842
1.5415367
1.3494044
1.4204935
1.3143821
1.4112010
1.3334235
1.1629234
0.7349982
1.1378285
1.3234851
1.3495045
1.2216639
1.2745267
1.4319254
0.8921864
1.0592957
1.1071513
1.0157185
1.0509783
1.0527539
1.0112492
0.6440721
0.5421131
0.5479919
0.5165838
0.1352785
0.1203679
0.2570701
0.2346105
0.1729996
0.1513698
0.3523950
0.2277810
0.2199790
0.1366658
0.1565859
0.2688137
0.6790795
0.3333423
0.1927850
0.2948322
0.4706006
0.5309198
0.4317213
0.7340441
0.3980407
0.3811197
0.8680827
0.8517923
0.6678196
0.7522158
1.4302654
0.6440669
1.1578132
0.5715865
0.6162759
0.5119590
0.6779980
0.4045719
0.9896708
1.3094947
0.5522193
0.7015400
0.5598936
0.2649052
0.3811533
0.4719399
1.0319099
0.8826218
0.5553188
0.2955252
0.3028286
0.6760798
0.9170626
1.2690017
0.9380171
0.3401788
0.4929391
0.2177721
0.5148608
0.4766740
1.0091496
0.3543991
0.6655603
0.5536580
0.4395556
0.9660406
0.5244163
0.6663171
0.7183461
0.9980262
0.5373158
0.3780550
0.2995798
0.3900597
0.3338379
0.2833029
0.2195656
0.3213089
0.5667789
0.2875804
1.7489157
0.5104979
0.2181604
0.6785549
0.3983585
0.6481498
1.0143948
1.0419370
0.5772997
0.0964574
0.6845660
0.5839935
0.4970583
0.2549499
0.2468350
0.6967026
0.3629305
0.5813627
0.9501392
0.8237147
1.7685622
0.6488835
0.2140067
1.2375609
1.2220670
0.6165082
0.7571673
0.4044882
0.4841897
0.3647069
1.4971213
1.5193649
1.4977150
1.0683221
1.2417291
1.3630694
0.4526579
1.2559560
1.2181326
0.4862564
0.8625401
0.5849731
0.4155622
1.1049612
1.0609565
1.6457175
1.1839749
1.5285754
1.4857654
1.2714673
0.9465455
0.7817288
1.6685849
1.4574347
1.0389984
0.4804493
2.2198965
1.9720839
0.7207966
1.0288929
0.9098968
1.1215262
0.8313637
0.2791584
1.1209841
0.8266145
0.8509485
1.8625267
1.1649249
1.2180896
1.0273949
1.2953754
0.8193191
1.0773254
1.4839174
1.0600381
1.1231974
1.0123425
1.1471950
1.1643878
0.9761322
1.1231597
0.7559932
0.8094151
1.0804783
0.8585713
0.7546636
0.6952434
0.7106873
0.6798765
1.1607125
0.7893158
1.1172732
0.8125881
0.7838030
1.0910359
0.7364551
0.9742425
0.9554363
0.7598408
0.7138242
1.0399257
1.2133338
1.5503725
1.2484063
1.2324427
1.2294751
1.2125959
1.3346077
1.4454446
1.3175990
1.1013945
1.1304964
1.1109695
1.1502174
1.3183594
1.2084549
1.3301908
1.3069224
1.1904465
1.3269652
1.4905851
1.6453269
2.5332757
1.8417236
1.8548534
1.6883109
1.8713065
1.7402294
1.7470793
1.8091410
1.8434899
1.6158584
1.2764742
0.9838519
0.8926299
0.9990469
0.5435678
0.7445272
0.3570059
0.5625332
0.4374558
0.7613826
0.7991558
0.7466897
1.1057401
1.1930984
1.1344399
1.3079230
1.2027292
1.4617167
1.4418177
1.1895174
1.2839913
1.5865279
1.3172200
1.2131600
1.4589514
1.2902142
1.0282321
0.9234358
0.9407049
1.0127948
0.9139068
0.9180255
0.9330067
1.0741221
1.2485021
1.0515050
0.9585790
0.8773428
0.8317538
0.9818216
0.8399956
0.9177829
0.7027800
0.8254378
0.8356628
0.8768434
0.8821447
0.7495784
0.6139927
0.6688279
0.6448156
0.5241762
0.5086995
0.3427046
0.4131111
0.3035001
0.5832056
0.4174792
0.5204235
0.5408025
0.7887462
0.5751236
0.7124704
0.5664023
0.3449861
0.4451910
0.4777860
0.4794775
0.7142824
0.2962765
0.6756431
0.5937740
0.4567306
0.6304924
0.6270963
0.5251153
0.7809030
0.4613726
0.5935363
0.7815595
0.4448192
0.7478184
0.4452027
0.5541622
0.5858347
1.0274829
0.6642980
0.4201419
0.6085044
0.3162994
0.6351263
0.5034435
0.4066801
0.2791383
0.2455118
0.5420833
0.7828171
0.3030803
0.4062428
0.4241638
0.6766881
0.4472145
0.1946802
0.3294795
0.7275937
0.5975450
0.4268002
0.3775510
0.3593018
0.6560538
0.7450058
1.2007791
0.4302308
0.3104384
0.5925335
0.8073486
0.4848320
0.2982253
0.2647170
0.3543749
1.2625619
0.1189729
0.4905152
0.3517190
1.1692485
0.2631909
0.2664329
0.5996641
0.5883857
0.7305309
0.3565584
0.1600034
0.7803105
0.3347563
1.1092904
0.8431482
0.4343170
1.0628441
1.5622981
3.0770237
1.3744724
1.4354275
0.9982810
1.4445334
1.6343748
1.3406633
1.7261899
1.3030707
2.2648372
2.2860576
1.7213897
1.2427669
1.8472451
2.3189126
0.8762846
1.9108474
0.8791438
1.8160247
1.4970542
5.2646270
1.2867246
1.3581689
1.3437944
0.8941696
1.5999710
1.1124967
1.4430379
1.2476548
1.4685275
0.6065780
1.0717386
0.8660281
0.8357974
0.7219202
1.5233731
0.2212973
0.6296186
0.3188922
0.4803757
0.6848074
0.7620636
0.6447032
0.5257438
0.5414848
0.4613370
0.4969079
0.3740848
0.3187404
0.4514431
0.3663347
0.2829254
0.3591946
0.3600020
0.4183302
0.5664708
0.1446045
0.3366469
0.3943323
0.6754125
0.4564907
0.3627119
0.6710183
0.4095671
0.1334467
0.3169772
0.2772578
0.4141427
0.1763826
0.4065610
0.8221330
0.5174859
0.2637454
0.9692838
0.2578457
0.3396023
0.4167200
0.4431380
0.1719765
0.5732551
0.3601460
0.5383084
0.8262841
0.6557686
0.8024407
0.7929553
0.7568079
0.6395205
0.8123953
0.3454434
0.3227979
0.5645544
0.4193704
0.7587354
0.6738722
0.4061676
0.4538803
0.3516446
0.3787762
0.2859122
0.1406661
0.6031526
1.5021042
1.0040030
0.5412098
0.3919614
0.2294782
0.7657395
1.0026953
0.9639374
1.5534679
0.3495552
1.1299467
1.1109499
0.9116692
1.6213786
0.6063498
1.2779751
0.3053661
2.1168015
1.1301804
0.6123070
1.9725758
1.4484106
0.4017882
0.5539105
0.5710755
0.4583151
1.0764878
0.6991276
0.4104935
0.6191085
1.5273469
0.9093413
0.4920762
1.1327061
0.4506909
1.1514012
0.7072945
0.3301623
0.8768109
0.3839242
2.0051382
3.2087520
0.5131622
1.6341405
1.7628961
1.9651001
1.0532005
0.7599100
0.3342300
0.7609760
0.6633872
1.1819195
1.2630425
1.4031346
1.2447634
1.8259362
1.3862363
1.0558877
1.7775757
3.2802564
2.0308327
1.9962015
1.5778113
1.6452210
2.2227106
2.9217761
1.7374212
1.7018292
0.9249480
1.2109745
2.4907487
2.1028826
0.8036417
0.7788955
1.8641794
1.4136352
0.7504061
0.7253189
0.9715264
0.9761352
0.8174883
0.8709642
0.7415053
0.9909960
1.0482709
0.7402735
0.7450289
1.5903382
0.8815577
1.0227530
1.7031414
0.8670737
0.8637964
1.0317836
1.3594056
1.0410747
0.8634400
0.9301391
0.8856792
1.1408096
1.5235852
0.9072083
1.4562196
0.6799943
0.7818205
1.5199368
2.0522569
1.6170631
1.5344889
1.7991344
2.1415700
1.2851574
1.2657856
2.1908998
1.6028778
1.4833223
1.4437001
2.0252902
1.2505925
1.6690084
1.7181587
1.5816286
2.0150800
1.5810987
1.2427661
2.1336784
2.2996691
1.9205610
1.9774483
1.9694489
2.2926610
1.1974015
1.2584818
2.1354891
1.8638660
2.1191198
1.7429495
1.9091050
1.9055659
1.4896209
1.7216571
1.2558164
1.2719284
1.5120437
1.3628338
0.7400714
1.4036114
1.4320825
1.4271259
1.1863286
1.5767701
1.7550834
0.9784239
0.8628225
0.5133763
1.6989460
0.6792079
1.1110750
1.2365752
1.4138773
1.0433170
0.8342790
1.1491737
1.0585615
1.3545085
1.2595655
0.8632848
1.6882445
0.9498294
0.5474412
0.6030575
0.6450249
0.4911142
0.5811514
0.8105820
1.1678312
1.6712578
1.1819497
1.1183735
0.9116899
0.8024075
1.6441908
0.4577957
1.0164350
1.0983851
0.6997210
0.8031799
1.0012568
0.8327248
1.2067889
0.9789698
0.7126274
0.4988659
0.8195311
0.9382029
0.9276341
1.0953349
1.2802271
0.7862626
0.7637287
0.7949855
0.7010331
1.0368093
0.8530497
1.1076127
0.8623670
0.6365848
1.0382724
0.7259130
1.0052597
1.3375240
1.2484480
1.6820901
0.8616744
0.9139118
1.1160396
0.6881104
0.9211620
0.6238381
0.7859878
1.2586056
1.1643180
1.2019193
0.9936142
1.5018401
0.8016166
0.5115743
0.8393528
0.9213989
0.6456776
1.1256884
1.2257410
0.7888960
0.8821629
0.7385588
0.6184394
0.5676691
0.4993690
1.1823728
0.7275918
1.0779288
0.4249905
1.2379554
1.2680085
1.1143705
0.3945075
0.7588424
1.0059335
0.7762970
0.5095986
0.9305288
1.3491417
1.0699310
0.7823412
0.9471683
1.2675727
0.7955984
1.3708031
0.9731616
1.2986604
1.5969552
0.7989826
0.9804920
1.1446713
1.4922346
1.6862038
1.6355508
0.8323590
1.4930500
1.6097337
0.8371633
1.2282375
0.8259071
1.0522583
0.9382186
1.0265619
1.0206761
0.9657700
1.0342158
1.1849916
0.7139987
0.5304790
0.8078171
1.3473274
1.2351968
0.6886336
0.9946509
1.0607537
0.7346592
1.2627806
1.2783505
0.8937433
0.8687703
1.2801871
0.6352903
0.8127502
0.8581687
1.2333110
1.0463236
1.1408634
1.3460173
0.9692381
0.8848246
1.4596671
0.7740711
0.9991519
0.6411793
0.7469800
0.9460659
0.4917249
0.6287527
0.8804633
0.9010119
1.0219768
0.6797957
0.6916822
0.7533913
1.1604622
0.5798562
1.1865020
0.7800271
1.0037973
0.8454492
0.9516147
0.7466700
1.0583076
0.9000676
0.9433753
0.5576491
1.1081735
0.9696287
0.6843419
0.5801839
1.0769448
0.9572065
1.3330642
1.6286857
0.8018477
0.5045664
1.2146395
1.0116623
0.9043798
0.8829647
1.0528670
0.6723997
0.7779365
0.7091583
1.0012330
0.5100183
1.0172613
0.7111515
0.3323196
0.7018062
0.7262343
0.9187053
0.9633708
1.1521822
0.8322208
1.2120417
0.8144995
0.5830753
0.3275234
1.2823927
0.8067622
0.7289361
0.7959196
0.8490272
1.0872128
0.8994764
0.7663884
1.1198951
0.8835628
0.8752668
0.8531480
0.6510830
0.6912696
0.7277587
0.9484450
0.9250231
0.8550294
0.8992729
0.9736533
1.1032187
0.9160383
0.7869902
0.6831980
0.7854202
0.7135193
0.7659167
0.7952781
0.6777285
0.7279445
0.7343367
0.9187157
0.6900276
0.6377638
0.5118213
0.4448266
0.3655632
0.4785243
0.4741742
0.3896211
0.6093220
0.5532561
0.6063622
0.7511113
0.8569344
0.7417775
1.0673882
0.8183842
0.7796415
0.6477301
0.7692548
0.4382923
0.8389088
0.4600569
0.7988240
1.0459366
0.6442697
0.7089076
0.9588126
1.0796203
0.7698840
0.6232915
0.7421451
0.8032352
0.4829422
0.4803971
0.6841681
0.9646641
0.7299512
0.4731486
0.6833060
0.5696882
0.4085703
0.6444001
0.6140191
0.5672711
0.5355886
0.2162028
0.4869807
0.5056145
0.2115010
0.3831091
0.3701881
0.5667218
0.6075631
0.6684131
0.9193173
1.1722204
1.1873417
1.0842413
0.7564213
1.0659751
0.8300102
0.6705476
0.6092214
0.6918103
0.7186596
1.0663221
1.1759703
1.0610961
1.1701995
1.0381714
1.0656630
0.9391575
1.0410086
0.9797147
1.0181062
1.0503269
0.9481244
0.7427300
0.9653930
0.9587779
0.8130766
0.7899758
0.9362924
0.9117491
0.9363732
1.0225542
1.0528309
1.1723499
1.2302153
0.9994775
0.8827007
0.9618456
0.8115718
0.8586436
0.8246794
0.8478466
0.7237559
0.7244312
1.0406392
0.8545865
0.8894569
0.8871621
0.9408299
0.9398364
1.0407054
0.9939237
1.0653935
0.9076583
0.9707296
1.0641210
1.0155340
1.0800524
0.9793217
0.9801084
1.0010501
1.0658341
1.1472335
0.9807884
1.0780562
1.1236081
1.2119521
1.0445133
1.2427205
1.0700685
1.3138943
1.1594830
1.0463019
1.2119471
0.9499359
1.1261311
1.0797089
0.9789428
1.0957839
1.0116519
1.2747686
1.0777338
1.0447766
1.0257714
1.0142149
1.1473306
1.1025196
1.0655928
0.9249068
0.8981119
1.2068558
1.0385510
0.9038437
1.0395241
0.9005674
0.8935706
0.4333493
0.5247792
0.5588324
0.5785565
0.5668708
0.4151342
0.7047898
0.6013839
0.2427775
0.4305604
0.5707945
0.4917075
0.4180218
0.3577886
0.3979876
0.3484767
0.2524548
0.3147491
0.2926858
0.2908620
0.2947609
0.0785409
0.2559944
0.2609928
0.2283916
0.2291243
0.1655457
0.3090844
0.2446321
0.2272744
0.2572924
0.3057743
0.2859199
0.3759934
0.2074063
0.1785771
0.3795368
0.2474412
0.4769686
0.4846910
0.2376672
0.6334567
0.4760727
0.4132739
0.7094509
0.4236900
0.6279429
0.7382272
0.7173043
0.6948753
0.7565222
0.7364491
1.0914068
0.5842884
0.7989858
0.6438589
0.7663720
0.8025349
0.9865702
0.8128819
0.6803229
0.8183157
0.7876052
0.8191060
0.8561076
0.7986748
0.8096393
0.6995147
0.9738564
0.9726497
0.9334029
0.8486996
1.0272298
0.7243361
0.7092942
0.9228433
0.7711638
0.9707392
0.6958475
0.6953586
0.8513202
0.7455552
0.9682092
0.6891484
0.6707721
0.5516225
0.3652937
0.5597712
0.8305262
0.4894425
0.6252883
0.6623838
0.7867791
0.7064083
0.7135713
0.5180959
0.5747804
0.7482871
0.5937967
0.5322295
0.4966252
0.4554276
0.6740865
0.4909784
0.8029909
0.6595080
0.8803445
0.5655474
0.7566415
0.7574019
0.7761742
0.5389085
0.5810904
0.6679802
0.5901410
0.7532078
0.7316024
0.8553083
0.8571903
0.7988582
0.7211422
0.8486172
0.7220661
0.6933741
0.9014754
0.7802762
0.8169561
0.8281496
1.0326757
1.1782957
1.0467388
1.0326125
0.8779734
0.9300940
1.0505968
0.8717004
1.0023214
0.9213503
0.8572398
0.8633551
1.0109621
0.6223577
0.6261159
0.9374810
0.4885167
0.5739950
0.6849501
0.8296412
0.6971435
0.8408701
0.4606676
0.8841756
0.7518404
0.6401165
0.3552327
0.8526459
0.7571962
0.8056564
1.5533907
1.1174927
0.9119700
1.3364072
1.2283369
1.0243221
0.7135908
0.9462943
1.1764371
0.4748737
1.6734295
0.7846480
1.5001856
1.1738785
1.0131141
1.3655401
1.3200146
0.8524832
1.1356896
0.8633209
1.0290082
1.1739620
1.2986828
0.6317870
1.0226207
1.5053559
1.1809793
0.9726767
1.1380752
0.7826456
0.9624680
0.9175000
1.0091866
0.9160089
0.5571310
1.0570880
1.0357603
1.2798408
0.8005914
0.7884634
0.8429464
0.3934221
0.3984432
0.8062431
0.7442091
0.5403868
0.5386155
0.3047160
0.6127098
0.7052850
0.1889829
0.6919233
0.6185909
0.2725316
0.8834128
0.2718881
0.4971017
0.5138481
0.9540520
0.7003621
0.9492457
0.9214359
0.6704599
0.8698823
0.8471714
1.0165402
0.7525380
0.9594305
1.5381334
1.7638578
1.2183827
1.4603376
0.9102269
0.5558360
1.2247714
1.3574524
1.9477921
1.2928160
0.7901220
0.5705496
0.6419790
1.3820702
0.4860018
0.5511636
0.3770345
1.1805710
0.7950592
1.4551785
1.1793600
0.3785109
1.9792189
2.3164874
0.9950820
1.7318903
0.9587652
1.1635805
1.0540932
0.5037463
1.8808056
0.8445959
0.8633864
0.6660456
1.5381342
0.7326128
0.6754968
1.1744137
0.6665138
1.1167553
0.2996107
0.5028565
1.3779830
0.5329213
0.4391507
0.5519354
0.5354426
0.5361020
1.5385624
1.0966561
1.2671182
1.3525845
0.6080732
2.7741435
3.4609401
3.1817498
4.6784191
2.6469468
2.0144822
0.5143587
0.8450975
3.0118890
2.0229000
1.4753477
0.8540625
3.0951697
3.3920459
3.6666973
1.7263265
4.7129662
2.5717733
2.2789966
3.6306557
1.0884858
0.7745478
1.7000169
1.3101170
3.9831315
2.1476932
1.3498237
1.2980981
0.3336302
1.0754832
0.3757517
1.6056523
0.1712797
0.9567526
0.6999021
0.7651762
1.0708772
1.5220889
0.6720525
0.3561744
0.5317063
1.1328753
1.4347453
0.4808445
0.5382561
1.6957629
0.6588244
0.5249256
0.6599726
0.6720838
0.6084434
0.5973472
0.9679109
0.6237044
0.6960071
0.5063296
0.6108626
0.6605228
0.5930991
0.7399459
1.3311340
1.1572010
1.1640694
0.4818799
0.3164303
0.0869096
0.3417332
0.4578385
1.2276361
1.1268645
0.2353295
1.0353566
0.2491727
0.5909398
0.9620256
0.8215926
0.9846922
1.5214220
0.8679489
1.0520602
1.0719656
1.2302269
1.1113347
1.3923552
1.4321956
0.7597748
1.4998916
0.6837280
1.0637730
1.0183774
1.0322002
1.1758981
0.9276918
0.6563514
1.2860095
1.1360778
0.8845585
1.1266895
0.7979658
0.9919840
0.6476618
1.3441118
0.7839107
1.4983412
0.7856193
1.0942714
1.0583020
1.2931540
1.3284077
1.1134698
1.0253492
1.2291699
1.0429735
1.2759872
1.0231765
1.0866727
0.9015144
1.0194207
1.0065953
0.8874734
0.5519723
0.6555939
0.7038723
0.4119525
0.8784460
0.4378895
0.6999814
0.8543466
1.0076309
0.9199989
0.9899015
0.7648094
0.7003052
0.8490734
0.8271829
0.6537096
0.9074246
0.5737404
0.6180593
0.6817738
0.6704875
0.3899563
0.4868567
0.7811208
1.1036193
0.6685895
0.9176550
0.8349000
0.8793629
1.0680069
0.9742324
1.0336510
0.9257346
0.6939680
1.0827964
0.4349741
0.5508899
0.4249501
0.7095340
0.7272326
0.5805748
0.6900093
0.8500687
0.7220360
0.7804494
0.9821743
0.9755354
0.9981062
0.9717207
0.6102384
0.9008735
1.2074544
0.5380030
0.9303033
1.0677741
0.3428490
0.9018783
0.9353176
1.2899155
0.6419298
0.8841681
0.9761472
0.7619073
0.4419404
0.3305379
0.0569971
0.2178309
0.3399193
0.6953984
1.2078951
1.1279913
0.9718974
1.1402329
1.1264830
1.2679714
1.5648518
1.6284515
2.1714795
2.1889383
2.0426367
1.7901675
2.1258462
1.8216944
1.9832664
2.1853017
2.3071658
2.2898618
2.2895868
2.7860941
3.0141026
2.8971572
2.3806804
2.4514357
2.6866899
3.9038285
2.8755588
3.1080435
2.8614757
3.0348469
3.3509736
3.1247164
3.3326969
3.4739880
3.8083074
3.7299900
3.4417788
3.0606863
3.4644527
3.3200307
2.7670200
2.3766131
1.4246475
2.4932414
3.3031835
2.9377018
2.9445758
2.0324713
2.5024169
1.8295723
2.5255165
5.1654786
1.7560114
2.3457393
2.8580890
3.5014175
3.3561910
3.2410865
2.8072914
3.0896520
2.8236516
3.4694933
3.5475410
10.3858950
8.8931977
3.5301146
2.9272056
3.8429171
3.3424552
2.8149002
3.6178021
17.6201191
2.9588592
2.8546567
3.0318801
2.5850126
3.0797212
2.4521124
7.0684850
6.2032069
4.8657480
2.7678276
2.6495676
2.4595572
2.9608966
2.7688089
4.4508337
7.7492485
10.7430024
2.8626100
3.3670245
3.3178936
7.9239999
4.1442278
5.6618845
3.3481668
17.0809254
3.6520338
5.1876058
7.2977194
5.9560355
5.9011199
4.2650309
10.6983196
11.9048094
6.6958700
24.0465611
6.8895034
20.2614564
12.2037268
7.5948388
5.4342106
8.7481512
6.4469556
5.9236892
6.5152399
21.2887819
6.4618279
5.1639082
4.9077615
9.9960503
5.8290749
5.9615096
6.0946519
4.5097325
4.0819951
4.9310937
5.4732602
4.4049946
4.2062042
4.3275193
4.6498158
3.4383093
4.6515670
4.0788793
3.8749287
2.8889180
4.1247128
4.7253617
3.2038883
3.0946451
4.1653691
3.1816999
3.9150921
2.4268665
2.8941146
3.7928541
2.4170180
3.4312603
1.6921257
2.1891426
1.6647971
2.6139465
2.7063325
1.6531309
1.9240763
2.3995516
1.7394583
1.7744650
1.9400085
2.8028149
2.3069693
1.6815733
2.6335223
2.4167948
2.4692761
1.2219340
2.8151260
1.5499752
2.0637519
4.5056069
3.1596239
2.3297526
1.9276792
1.5704254
1.7320967
2.6694895
1.7887384
2.7890387
1.8099698
2.5151472
3.3940956
1.9077548
1.5984912
1.9512561
1.6542611
2.1259479
1.9497307
2.1569093
1.6049136
1.5380037
1.4094726
1.0881747
1.4342794
1.9637332
1.6116318
1.5419995
1.4236707
1.9037635
1.2806329
1.0909154
1.2594017
2.4975775
2.1319435
2.0730909
1.9758427
1.6443139
1.7788381
1.1089980
1.2939135
1.4866674
2.4163574
2.1817686
1.3499950
1.1720634
1.8004347
1.4959491
0.9227342
1.7907915
1.2167261
1.4806718
1.7724404
1.2026342
1.5529403
1.4884281
1.4058791
1.1610049
1.2435126
1.0580028
0.9789212
1.3428112
1.0425053
1.4121661
0.5697656
1.2762826
1.4017548
1.0810218
1.2993183
2.0582579
4.2492206
3.5065890
2.0289339
1.4640716
1.2582745
0.7529573
0.9477058
1.3609293
1.2727087
1.0374683
0.6073908
0.8220690
1.3530691
0.6850535
1.2035501
0.9151764
0.9871651
0.9767135
1.0964628
1.3776157
1.0965263
1.2075951
0.8271365
1.5373480
0.2180364
1.4220882
1.7006133
1.4658383
1.4645009
1.2112829
1.4817072
1.6120889
1.4010444
2.1296250
2.5149930
1.6230845
1.9431644
1.7176095
1.5708148
1.8844437
2.1111745
2.4025739
1.9298592
2.4612450
2.1253373
2.1653974
1.6464909
2.1083649
1.8042870
2.0538637
1.9173246
1.5805955
0.8925472
1.9460730
2.2030748
1.9019289
2.7822184
2.1579723
2.1877181
2.2935368
1.6530886
2.5144634
1.9472846
1.9103057
2.2407293
1.8308561
2.3499946
1.7141786
2.1454510
1.5069771
1.4442738
1.9588641
1.6011637
2.4178884
0.8098386
1.2780844
1.6793991
1.0600151
1.3379200
1.3500971
1.4876612
0.9803571
1.2455742
1.4803140
1.5748881
1.6598180
1.3534496
1.0255425
1.4371795
1.5552823
1.1772291
1.2781539
1.6129935
1.0076923
1.4811749
2.0441898
1.6721727
1.3119134
1.5739967
1.7903588
1.6412039
1.0419468
1.2134727
1.6899254
1.1815994
1.5275935
0.7228332
1.5864837
1.0372795
0.8870207
1.1113621
1.4780438
1.0068470
0.8041300
0.8342187
0.9721831
0.6644485
0.4398464
0.9240869
0.7071572
1.1207473
0.5787348
0.5432012
0.8753857
1.0394607
1.5346530
1.2023129
1.0134367
0.6195369
0.9906286
1.1816523
1.6919733
2.0825763
1.7200092
1.0301170
0.7635904
0.4915034
0.5961773
0.8292112
0.9518704
0.6310455
0.4845943
1.2090301
0.4114226
0.6351197
1.0032181
1.3773149
0.8409353
0.5171700
0.6561784
0.6884732
0.2703385
1.2972458
0.4943930
1.0537976
0.5262863
0.7847705
2.7921699
0.9413554
1.0617762
0.6755235
0.8797615
1.0790203
0.9175313
0.4690288
0.6504307
1.4139209
0.5499789
0.5003063
1.5893301
0.9495462
0.8349548
0.8405476
1.6846554
0.8266729
0.5798398
0.8355694
0.3402542
0.9389597
0.5733256
0.7201979
1.0704644
1.2227130
0.7303448
0.6049364
0.1848358
0.8451636
0.9058380
0.8823900
1.0653054
1.2440470
1.1202914
1.7532915
0.8199398
1.2222711
1.3281673
1.2664353
1.2198260
1.1823863
0.9068082
0.9021544
1.7250317
1.1396560
0.9880360
1.1426239
0.7660842
1.1962647
0.8902617
1.2795835
0.5449299
2.4068548
2.1742284
2.2313831
1.1275486
0.9757137
0.9364378
1.4604349
0.9455856
0.6031234
0.6818327
1.0531198
0.6481317
0.8679847
0.8695343
1.1299904
0.6734655
0.5423156
0.8119069
0.3797726
1.4105074
0.5907102
0.9002282
0.1751830
1.3597094
0.3577711
1.0381502
1.2229105
1.4257225
1.5546677
1.6357919
1.5863385
1.2504872
1.0811255
0.9580811
1.2896978
0.6101187
0.9088704
0.7582930
0.8891444
1.1794211
1.1279968
1.4094599
2.1735058
1.4314747
1.7849325
1.2886321
1.6603637
1.3370478
1.3095318
1.1650560
1.1391418
2.0181872
0.9039746
1.4610354
0.8767950
1.4562012
1.3578341
1.1391740
1.5257662
2.0739860
0.8899880
1.3688575
1.0738967
1.0280106
2.1401952
0.6639867
1.3573050
1.5210844
1.4370947
0.4439021
0.8575496
0.7413737
1.2610489
1.1224254
1.3947595
1.5173168
2.4596315
1.4481242
1.7391443
2.0538323
2.4411510
1.7658870
1.2017491
0.4521506
1.0092926
1.7426265
1.7639091
1.5723363
0.4451805
2.1245319
2.1400151
1.8493697
1.4342902
1.9823573
0.9578082
1.7166838
0.9167335
1.6688398
1.2330713
1.7715649
2.1839377
1.5471002
1.9002281
1.8469948
2.0513345
2.5901201
0.8619546
1.0985203
1.1567017
1.5389823
1.4316090
1.1818134
1.5285432
1.8521460
1.7402630
2.0572986
2.9729200
1.0029029
3.5869537
1.5273954
2.1033625
2.0945106
2.0880897
0.4535451
1.5494111
0.9856937
2.0359300
1.0409374
1.9770621
4.2448910
2.4634846
2.0093134
2.4437290
2.2419087
3.2456757
2.0029272
1.8819785
2.0450687
1.9164318
2.3549031
3.5768308
1.7539859
3.9569920
1.3789978
2.5658349
3.4464172
0.8306800
2.2502072
1.9283957
2.0325103
1.4256603
2.1396994
2.4540455
3.3292583
1.0809068
2.6690821
1.3422359
2.5578210
2.2411388
1.6099743
1.8434354
0.8589562
0.7906817
2.1761240
0.8513470
1.6424919
2.2739644
2.0367645
2.1970987
1.9432183
1.7054363
2.8144704
1.6791267
1.7324901
1.6590896
2.5664691
1.3595283
1.6943857
1.6508122
2.0806074
1.4912719
0.8086338
1.6277538
1.9594194
2.2695905
2.0955736
2.6732937
2.7055246
3.2156412
1.2433074
2.3041381
1.6535079
2.3461305
1.9828326
2.6272259
1.9492045
1.6025638
1.9624351
1.9449904
2.1864835
1.9026290
1.5095062
1.3055228
1.3785923
0.7426698
1.6851442
1.8673953
1.5307234
2.5467470
1.7337433
1.6594811
2.1531149
3.6740554
2.2018866
1.3535614
2.6927248
1.4952962
2.0486228
0.9651540
1.8445346
2.4058037
0.6387699
2.1429706
2.6048753
1.1892530
1.8373544
2.5182537
1.4257936
2.0347765
3.2121951
2.7301324
1.0964080
2.8530200
1.7182553
2.4241845
2.4727144
2.5957416
2.5393446
1.4224928
1.6282970
1.8398777
2.7729002
1.8472941
1.5903952
1.4418055
2.2376799
0.5461175
0.5563341
0.5062127
0.3222833
3.8884268
0.5721785
1.5245312
0.6210518
2.4764696
1.7070336
1.8990190
2.1604512
0.6447950
1.1069131
0.2380795
2.2799746
0.2422799
0.9423090
2.7339654
1.6108948
0.8345592
0.7731044
1.9145132
0.5040693
2.1878192
0.4221936
1.5285766
3.0574622
1.8724866
2.6919289
3.5441447
0.4622143
4.3428969
1.4148308
2.3287585
2.2176554
2.8896184
5.2103089
1.7462915
3.8841091
4.2592707
3.8231439
5.6262626
1.3569937
0.7691697
4.0107003
1.7709424
1.3730518
1.0455502
1.0467367
3.1801812
1.2721738
0.9014454
1.2441577
0.5222647
0.3632087
0.1198692
0.7056669
3.3972414
1.2882315
0.9697017
0.4009217
1.4524119
1.6205397
0.7986808
1.1279096
0.4353742
1.2073222
0.9920734
0.5480436
1.5586913
0.6799456
1.1939583
1.7185691
4.6796198
3.6363194
1.8467508
1.2912124
2.3203678
0.6760114
0.3090436
1.8385998
1.6522509
1.5253486
1.4008260
1.3399018
1.3416650
1.3138489
1.4679737
1.4602596
1.3143928
1.1265066
0.9946354
0.8614723
0.7192011
1.3179244
0.4848373
0.5865798
1.7501163
0.9480244
0.9609182
1.1063822
1.4984123
1.5570984
1.7388192
2.1221260
1.0554624
2.3349947
0.3646530
1.6260035
0.9873814
1.0498239
2.3836374
0.8177384
1.1674122
1.4488407
0.3727410
1.3056817
1.9690902
0.5240389
3.3622214
1.8560692
0.8084436
0.8668029
2.5509560
0.6657627
1.3951937
0.5039147
2.0540798
0.6079053
1.0336220
0.7782956
0.1178407
0.4246631
0.3325759
0.3149669
0.2892125
0.3354126
1.3763937
2.2052043
0.6687752
0.7112184
0.6328388
1.0227016
0.4724686
0.4105330
0.6103603
1.3912578
0.7339501
0.6964235
1.2219543
0.4973022
0.2501500
0.3413043
0.4728050
0.7193593
0.9756732
0.6053767
0.6213432
0.9068098
0.6117289
0.6176944
0.4162268
0.1331627
0.9490435
0.4311447
0.2473920
0.2558980
0.3987932
0.2203118
0.3119506
0.3613634
0.2986414
0.3040837
0.3133956
0.7418496
1.0519714
0.5630859
0.5852337
0.3060846
0.2144584
0.5824687
0.4554284
0.4637241
0.3608907
0.1955009
0.4169857
0.2149554
0.2752490
0.5028025
0.5914453
0.1556033
0.2220623
0.3969205
0.4586601
0.6195082
0.3638724
0.3478595
0.6473271
0.3849531
0.5102675
0.7652882
0.4490867
0.6123916
0.3693202
0.5222221
0.6696542
0.4153652
0.6085389
0.6372116
0.8716054
0.7302948
0.8490954
0.6915298
0.6198359
0.6973791
0.7694192
1.0725542
0.8617371
0.8907877
0.7907408
0.5253537
0.6664760
0.4933669
0.3174815
0.2542021
0.8594363
0.6663984
0.4367209
0.6518866
0.6416667
1.1049388
1.0057330
1.0140985
0.6186779
1.1837291
1.1805117
1.0402092
1.2681740
1.3835136
1.2570156
1.0798098
0.9066445
1.1848066
0.8551657
0.7804169
0.8351187
0.5819155
0.8586222
1.0637776
1.2969228
1.0815028
1.4520626
1.0982832
0.9360467
0.6210776
0.3263016
0.6988127
0.3299096
0.6233374
0.4641971
0.7685888
0.7948511
0.5076813
0.8107510
0.6333144
0.3379170
0.3303108
0.4387030
0.8788593
0.9079988
0.7850192
0.8853277
2.0565051
1.8492155
1.3826588
1.1294528
2.0594909
1.8748590
1.7924447
1.7604840
1.6058263
1.2292186
1.0567056
0.3350539
0.3535507
0.5658997
0.9253438
0.5232316
1.0182161
0.5242362
0.7758519
0.9397532
0.8514546
0.8482237
0.2133347
0.1692538
0.5614523
0.4300176
0.6002112
1.5670245
1.0265970
1.3539353
0.7423288
0.5884552
0.7393077
0.6323568
0.4199970
0.4715875
0.6905522
1.0549936
0.9045565
1.4754480
1.3499760
1.0067051
0.7373669
0.9888522
0.5858250
0.4541367
0.4883025
0.4487768
0.6859885
0.5913083
0.8714786
0.6530175
0.7029790
1.0337664
0.8303193
0.9277884
0.6116994
0.6969968
0.9367226
1.0614907
0.7906467
0.9110012
0.9897411
1.0286287
0.9311210
0.9655334
0.5607032
0.9067290
0.8007326
0.9880065
1.2355306
0.7955721
1.1935935
1.3953000
1.2213912
0.8021136
0.9152324
0.7217286
0.7899059
0.6605555
0.8446359
0.6816989
1.1470033
1.2909774
2.1232466
1.1892328
1.3329755
1.3112640
1.6807147
1.2127210
0.7872958
0.5494527
1.0683455
1.3353062
0.7819914
1.1329371
0.6411066
1.7389130
1.2852041
1.6547805
0.9358569
1.3495993
1.4486475
1.2521917
1.8211483
1.8096299
1.5167425
1.6545933
0.7874997
1.4325621
0.7630964
1.5851061
1.5155693
0.6638640
2.2063586
0.7388399
0.7456461
0.9445053
0.9990405
1.4233269
1.0220036
2.5149440
1.2797495
1.2372078
0.6720920
0.8547381
0.7040599
1.1715012
0.8531774
0.5692155
0.9439703
0.8531619
0.6486611
0.4454749
0.6875176
0.9017465
1.2354426
1.5040883
1.1053721
1.3954903
0.9828717
1.7007548
0.7247623
0.7633575
1.3406055
0.7149195
1.6041458
1.0587599
0.4941145
0.2640061
0.9445616
0.5259068
1.8881556
1.2533847
1.5697572
1.3247976
0.9719789
1.3059469
0.8096567
0.6526949
1.0369436
0.6818225
0.8519852
1.2584653
1.1755905
2.7949464
1.2366558
0.9630490
0.6104363
1.7373213
1.0761675
0.9122620
1.5841643
1.8816207
1.1369710
1.4788291
1.3269020
2.8273348
0.8504357
2.9551040
1.1835811
0.5354520
1.6193744
1.1594749
1.5230455
1.9372725
1.0224525
2.1551292
0.8922025
1.2946474
1.0583919
1.1832318
0.3709862
1.7567897
0.4829559
2.3759664
2.3157292
1.3226807
1.1252292
1.7064195
0.6317108
1.4107350
3.3386663
1.7855954
1.7659444
2.5465898
2.1854726
3.3533416
3.2068957
3.8837822
2.9716796
4.6311967
2.6621178
2.9665328
3.4942058
3.8106477
2.2610229
2.8945964
2.0220003
2.7677328
1.9748490
1.6864293
1.6541982
3.0954864
3.2337454
3.2945947
2.1467490
1.6913572
2.4578444
1.7469838
1.3201752
3.0770653
1.7593068
1.7864952
0.9810314
2.2120965
1.1071703
3.4292136
2.4945986
2.5223406
3.8811208
1.4566284
2.3514119
3.8621498
3.2425334
4.1744467
2.9852954
1.1225070
2.3562281
2.2042861
3.1801154
3.3333992
3.7853045
2.4128944
2.4375582
2.0708192
2.0195090
0.8234734
1.1762645
1.7735448
2.8772598
1.1152052
1.8227786
0.9240533
2.0877250
2.4223053
1.7057340
1.1882715
1.2006440
1.3666400
0.9858521
0.8080831
2.3008538
2.0814813
1.6219675
1.7463363
1.3569606
1.3251715
1.6820436
2.1585294
2.0188262
2.1012227
1.7998321
2.1030859
0.3248508
1.8545267
0.5747847
1.3661492
1.5614741
1.0143327
1.9019904
1.0558405
1.8067793
1.7330320
1.8317192
0.8958270
1.1736356
2.1828060
2.0784024
1.0584466
1.4840886
0.5064536
0.8560583
1.0179809
1.3684659
1.2440547
0.9393854
0.7125056
1.4642138
0.5199435
1.9819840
0.9273458
0.7428728
0.5331842
1.0503841
0.7041311
1.5550657
1.4349836
1.0954012
0.9792311
0.9876325
0.7717925
1.0158475
1.1086000
0.7607811
0.7597209
1.1449141
0.5087300
0.6637569
0.7796186
0.5812816
0.8641016
0.7192747
0.8142180
0.7830774
0.6933851
0.8108871
0.7939755
0.7860350
0.6168564
0.9015052
1.2501937
0.7746041
1.0628662
0.5564648
0.7204906
0.7086998
2.2126849
0.9419178
0.7546675
1.0404663
0.4938981
1.1480726
1.3401328
0.6789869
0.7500942
0.6878765
0.7803443
0.6679056
0.7031361
1.7470722
1.1645367
0.5667802
1.0604534
0.2852271
1.8879992
1.1674891
0.8584504
0.3581757
1.7668163
0.5251328
1.0562078
0.4109312
0.9207846
1.7096087
0.2539215
0.4267596
1.1202588
0.8925868
0.0752031
0.2132747
0.5356480
0.2947387
0.4378388
0.4721355
0.7933541
0.1219049
0.4159029
0.2409728
0.2215403
0.6478797
1.7492679
1.1302934
0.4509892
0.7064506
1.2387361
1.0949884
1.0488456
1.7213783
0.8880350
0.6130209
0.9154171
0.9010747
0.7292663
0.7692677
0.7716182
1.1465801
1.3394669
1.0604729
1.0469971
1.2025975
1.0407505
1.5435432
1.9798956
1.3002324
1.0130506
0.5187213
1.4023120
1.1521159
1.9549663
0.8665565
2.1270005
1.3917215
1.3470840
2.0720074
1.8138818
0.7911241
1.9754045
3.3155877
2.5347807
1.3592658
1.9087858
0.9420894
1.9727181
0.8718105
1.3714518
2.0779345
2.2212945
1.6439231
1.3180252
1.8821022
1.7186744
0.4942000
1.7544383
1.6221551
1.0952739
2.3055234
0.9248674
1.3708880
1.9334654
2.1125178
2.1721817
1.1193624
0.9273252
1.9392534
0.7601432
1.9311999
1.8767157
1.7587404
1.2393786
2.0445228
3.1169491
2.6606714
2.3170221
1.9410662
2.7804083
1.1685475
2.1466828
0.5724533
1.3046747
2.0533876
2.0175367
0.9090238
2.7164103
2.3262682
2.3341199
0.8208731
1.3088243
2.0952846
2.6805544
2.8174728
1.1742415
0.9215820
1.6241351
2.3012730
1.4147856
1.6604289
2.1466143
2.5464261
2.4256477
1.5141613
2.2545536
1.6832183
1.9486918
1.8850614
1.9584029
3.2190273
2.5113565
3.2919749
2.2399484
1.8074803
1.9464854
2.2970062
1.6092318
1.9495240
2.0521322
1.9773256
1.5730091
1.3284513
1.3384839
0.7782464
1.4141270
1.4848069
1.2317848
1.7504046
1.8379444
2.8817021
2.1214003
2.4288434
2.4140969
1.7008522
1.7523476
2.3031481
2.1519519
2.2113242
2.4006722
2.2940507
3.4788260
2.8862112
3.0873514
3.1876459
3.5969876
3.5458121
3.2054842
3.2131728
3.1150019
2.7645638
3.3390324
4.7746150
4.6569786
4.6880409
3.6452478
3.9381825
5.4511736
3.7036175
4.1756544
3.8582046
4.5779419
5.9876006
6.5841594
5.7997867
4.6332389
5.4004092
4.2607636
4.8706234
3.6655872
3.9805578
3.9530535
4.1853192
3.6469086
3.4292924
4.2912530
3.1771208
3.8585477
4.0165629
2.5845707
2.3293294
3.0422335
3.3102056
3.6695035
3.1732704
3.2675733
3.0846449
2.4849328
2.1917774
1.9271745
2.1462625
1.9951019
1.7789484
1.9069660
2.3961552
2.1175635
2.4495821
1.7868871
2.2206325
2.2774886
2.6866505
2.3428168
2.2457676
2.3444429
2.1685608
2.4093706
2.2909585
2.4596309
2.3053923
2.3243502
2.0571729
2.6603572
2.0449507
2.2514035
2.1323064
2.2523341
2.1496168
2.0452384
3.0277774
2.6769681
2.7014550
2.3791767
1.6911482
2.3194145
1.9629579
2.0695455
2.4329511
2.5731897
1.7189068
2.7192154
2.3553481
2.5254437
2.7973813
2.4627266
2.8634493
2.8931653
2.7772121
3.6475847
3.2511086
2.7511771
3.2479006
3.4438771
3.2152627
3.9953696
3.5384536
3.7985406
3.5648988
3.9875217
3.1692880
3.6732112
4.4137258
3.3651320
3.4006950
3.0931272
3.4992580
3.4190065
3.2208398
3.0951621
3.3929547
2.3864607
2.7946260
2.8064026
2.7322792
2.7932216
2.3382797
2.4653562
3.3950642
2.2297357
1.6073478
176.9741859
3.1738869
3.7160920
2.7053148
3.0098062
2.6396789
2.4088887
3.0738083
2.0360488
1.3765369
1.8001808
1.6590494
2.2617873
1.4023910
1.4559156
1.9237310
1.8537685
1.7309844
2.1833282
1.7815818
1.6569064
2.4919169
1.8143324
1.6417588
1.8254788
1.6655618
2.0765234
1.7733690
1.8325351
1.1770960
1.6094573
0.9645847
1.6152258
1.4206074
0.7690445
1.1064696
2.3246384
0.9203626
1.3262446
1.2881067
0.9414050
0.7849016
1.0552699
0.9398925
1.4283347
1.3593701
1.3104819
0.9572821
1.6551146
1.3796386
1.0377465
1.0515830
1.4606847
2.4356732
42.9188589
1.8119225
1.6581189
2.2357559
1.4251418
1.5851904
0.5961417
1.6389861
1.0335468
1.3086611
1.8036675
2.1614187
2.0763827
1.4118347
1.6186619
1.1480734
1.0198142
1.4794433
1.5307631
2.0317615
1.8549700
1.7724558
1.0843474
1.9173668
1.5280301
2.5014276
2.3148234
2.4101853
1.7941434
1.8462212
1.7200966
1.5949313
1.4838064
1.8944573
1.7271490
1.4576501
1.4292090
1.4452169
1.4982782
1.8544037
2.1854137
1.2949913
1.3931698
1.2869201
1.2594601
1.5474261
0.8616707
1.7923305
1.1582348
0.9966331
1.4519819
1.5162899
1.1903706
1.3319470
2.9369970
2.0769196
1.4061867
1.5079422
0.6283313
0.4357665
1.1208681
1.0492931
1.1093037
0.5714799
0.8409799
0.6089091
0.2555589
0.3956293
0.9010281
0.4813778
0.7440042
0.3769016
0.4918273
0.2680690
0.3687990
0.7233504
1.2352722
0.5582554
1.8429076
1.4864297
0.8954869
1.1909254
5.9339176
1.3656409
1.6152739
2.4129234
1.1481014
2.1259364
1.4565092
1.1805166
2.3563392
2.1766383
2.0883418
2.7187470
2.9937639
2.6467130
2.3331836
2.7326009
2.3641127
2.6315729
2.7668691
1.9270618
2.6086423
2.9068140
2.5035084
3.1990230
2.6539997
2.7679901
2.8445386
2.0919209
1.8230467
0.8565104
2.3902275
2.1854715
2.9641884
2.9975907
3.1850850
2.7754411
2.3280649
2.4382530
1.2832490
1.3286598
1.6724030
1.9559767
1.4752901
1.3909123
0.8830338
0.9425446
1.0483252
0.4347641
0.8417633
0.4965896
0.8057399
0.7804439
0.9250124
0.5339498
0.5785955
0.6513860
0.6161494
0.8257235
1.1332137
0.8766463
1.0583855
1.4845863
1.4563035
1.5064501
1.9229685
1.6222722
1.7057673
0.9581669
1.6554767
1.2656751
1.5409955
1.5511892
1.5723684
1.4430601
1.2143861
1.1654744
2.0170504
0.9012766
1.0683454
1.0738591
1.4371962
1.0700788
1.1605949
0.9820296
1.0678263
1.2700477
1.0922718
0.7021492
1.0048593
1.1205026
0.7597255
0.9878912
1.1536903
0.5695050
0.7840663
0.6276596
0.3454488
0.6416631
0.7499996
0.9920050
0.4574420
0.7537250
0.4398771
0.5056601
0.7603190
0.6674851
0.1778713
0.5867547
0.4270098
0.1366140
0.4965291
0.7431153
0.5206590
0.7819118
0.5081809
0.7996733
0.6393823
1.1584047
0.7721467
0.5394649
0.4705492
0.6266591
0.9299181
1.5605031
1.1128029
1.4765023
1.2168500
0.5873704
0.6884671
0.8703883
0.2712027
0.4798081
0.2275107
0.3112421
0.6686748
0.7001735
0.3064561
0.4584267
0.5494673
0.3302363
0.7688964
0.4416596
0.5515131
0.6646184
0.5019474
0.4597738
0.6447991
0.5340603
1.1010072
1.3160971
1.4875380
1.0876908
1.0315429
1.3710507
1.1761009
1.7305070
1.7350409
1.4099727
1.4284998
1.2582389
1.0092031
0.6482788
0.8652837
1.0172247
0.9156426
0.7398413
1.6435657
0.6514370
0.9792851
1.2554650
1.6150813
0.9449941
1.5453807
1.6789602
1.3134548
1.5807031
1.0557497
0.6075472
1.1494583
1.0668271
1.1066170
0.9434582
0.8585498
1.2273354
1.1589948
1.3584368
1.0127062
0.6478234
0.9250002
0.9629735
0.7535428
1.0815125
1.1252342
0.9783748
1.4206785
1.2710407
0.8640688
0.6647931
1.0193333
0.4676381
0.4332629
0.1559113
0.9332735
0.5855711
0.7617688
0.5071223
0.5320947
0.2666135
0.9239389
0.7987815
0.4939112
0.4977823
0.3880489
0.2806621
0.1249887
0.2091194
0.4560338
0.5002809
0.9281018
0.4597733
0.7557190
0.4460778
0.5564168
0.5778872
0.1546880
0.3876217
0.3832987
0.8238189
0.6206390
0.7243409
0.7706171
0.5250554
0.6891686
0.5339531
0.9282635
0.9599068
0.9315717
0.5469434
0.6028152
0.8460361
0.4367048
1.4203607
0.4319371
0.4655354
0.4943141
0.6980408
0.7050451
0.8922200
0.7449096
0.7270970
1.0386076
1.0918050
1.3238910
0.8836040
0.5602088
1.1130211
0.6274852
0.7861442
0.9493924
0.7349740
0.9572347
0.4366459
0.5559989
1.2092817
0.5018746
1.0204466
1.2709496
1.3582178
1.4728029
1.5741561
1.2242749
1.7541455
1.5849998
1.1624541
1.3961704
1.7092507
1.0362553
1.7288598
1.2004856
2.0701987
1.2030000
1.2158546
1.4311005
1.7696316
1.2387795
1.8985647
1.2260389
1.4112644
1.2965660
1.7134342
1.3496633
1.7433482
1.0067244
1.6268307
1.7124894
1.3126616
1.3387674
1.0732899
0.9971296
1.3628292
0.8957211
1.3750328
0.8968631
0.9410963
0.8232669
0.9051922
1.1422801
1.4299422
1.1384621
1.1189303
1.3433045
0.9466505
1.1647039
1.0161259
0.4991031
0.4921407
0.7493915
0.9532142
0.8486905
0.7182893
0.9797364
1.1461389
0.7928056
1.2911407
1.1882556
1.3861058
1.3105970
1.3127110
0.8253243
0.9182362
0.7157634
0.9744372
0.9826118
1.0743804
0.7188027
0.6044581
0.5380947
0.7504252
0.9090843
0.7203675
0.3046520
0.7448626
0.7439965
0.9274827
0.5860916
0.9779831
0.7138819
0.8275218
1.1006363
0.2179051
0.7932795
1.2362191
0.8838486
1.1127117
0.9192038
0.9326926
1.2202631
1.0576752
1.3730646
1.7346220
1.5639886
1.6443324
1.2261237
1.9491984
2.0654633
1.7214611
1.3144668
0.9451210
1.1643576
1.6023056
0.9292315
1.0173198
1.3527789
1.1261849
1.0445913
0.8311688
1.1961849
1.1190645
1.1456275
0.8656741
1.0190397
0.9089612
0.6777322
0.5905777
0.8383604
0.8901625
0.6715495
0.6810558
0.6037108
0.6889839
1.1563855
0.7376314
1.1037794
1.1023601
0.9341948
0.6806234
0.8203182
1.1984404
0.9667530
0.3122491
0.6657622
1.2453345
0.2644462
0.2114367
0.3355748
0.4523290
0.2406577
0.5508794
0.3123503
0.1821199
1.0743438
0.3103302
1.2376889
0.3300525
0.1034184
0.4793780
1.3771207
0.6840387
0.7623712
0.1507225
1.5208990
0.5331719
0.3620317
0.4956334
0.2480287
1.2152066
0.2461699
0.8249552
0.9947761
0.3513622
0.2837044
0.9190290
1.0981761
0.4971519
0.4411094
0.2526939
1.0613648
0.6174293
0.3243352
0.4316746
1.0314965
0.3866982
0.7787398
0.3882928
0.6498489
0.3397380
0.4199121
0.2097164
0.4130154
0.6392149
0.9689103
0.7719283
1.1648545
0.5799424
0.7276622
0.7775399
0.2992442
1.7433670
1.0058344
0.7921305
0.8957729
1.3925494
0.6380066
0.4832440
0.2340519
1.2440237
0.4340475
0.3084652
1.1088827
1.3068069
0.7249373
1.2042633
1.6926336
0.3103245
2.2737694
2.4748820
1.5254681
2.0783193
0.4321982
0.4959324
1.6219588
1.5798791
1.8798521
1.2790179
1.4635505
1.2913360
0.7496054
1.6260547
1.1894608
1.3190619
0.9397552
0.5936968
1.1779448
0.9231634
0.6723188
0.4039239
0.4732694
0.4878264
1.2060687
1.4505680
1.3893619
0.9589521
1.2139573
0.4315367
0.6349364
0.2208432
1.0843163
3.9328176
0.7938089
1.5412108
2.3512727
1.6681291
1.8159825
0.9593074
1.2758753
2.2158990
0.3369094
1.0754126
0.2297954
0.4738062
0.9000477
0.9865471
2.2744883
2.3550408
1.5350237
2.2340087
1.0687790
2.1327493
4.1916603
1.0054714
1.2479280
1.0999513
1.1595986
2.3043308
1.2690710
1.3876342
1.6742047
1.4976169
1.8568987
4.6769972
1.7124116
0.7938725
1.6495349
0.9206937
3.3281023
2.3151147
2.4481493
4.2860398
1.7871101
1.3397839
3.0301490
2.0453190
1.6155711
1.3718042
1.5352530
1.9163120
2.5963828
3.3128374
2.1269840
3.6358973
2.4707181
0.8622735
1.4905622
2.8551191
0.7469349
1.6135970
2.1596541
1.8397005
0.7232087
0.2654021
1.1560428
0.8388795
0.5915854
1.1818438
0.9822372
0.8863429
1.0185597
0.6969433
0.6594225
0.8230302
0.3580664
1.9796771
1.0002544
0.4215671
1.0853042
0.4281000
0.7261090
1.5217666
0.8271788
1.1824717
0.7487312
1.2145703
1.8357446
0.9903106
1.2855704
0.8433494
2.5528548
2.1182332
1.7701651
1.6950530
1.1024039
2.4063714
1.7684501
1.9522720
1.4485689
2.6361838
1.9453601
2.1746531
2.1766462
1.0441044
1.2064219
1.9540755
0.7482975
1.0736071
1.4673517
2.0139907
1.1178297
1.3902271
0.8023594
1.2744827
1.3489734
1.3888381
1.0298022
1.3522297
1.1219859
1.5528411
1.1278509
2.1915295
1.5290699
1.0096596
1.7021882
1.5492749
1.0877845
1.4080784
1.4743748
1.5561996
1.7060200
1.6094728
2.3407444
1.0579558
1.3198570
0.7803542
0.8376840
1.1405946
1.3610089
0.8867711
1.4896356
0.9880936
1.3201011
1.3372866
1.0811733
0.4759432
0.9257527
1.0124609
0.8845987
1.0569592
0.2406224
0.5634542
1.4997669
0.8651123
0.6882869
0.5952904
0.5730991
0.9713436
0.7605927
0.4375826
0.6044116
0.7958171
0.9491641
0.8002421
0.9724731
0.7767338
0.6875552
0.7050709
0.9623469
0.4396370
0.2959099
1.5838467
0.4641427
1.2832391
0.4651524
0.5102120
1.1313132
0.5611516
0.8961630
0.7732168
0.8317191
0.1652941
1.1474421
0.5537686
0.9933310
0.8983270
0.7243666
0.3997108
1.0179858
0.2530753
0.5749186
0.6646186
1.0445908
0.6063405
1.0590656
0.4634110
0.8365671
0.9996083
1.0045684
0.8308497
0.7834051
0.8067985
0.8090208
0.9356980
0.7969622
0.6202118
0.6459073
0.4527258
0.9771398
0.4734107
0.7230706
0.3292678
1.8187244
0.1659411
0.5867345
0.6491666
0.6400702
0.7645805
0.8132493
0.3395548
0.9208955
1.3959722
0.4784635
0.3689496
0.8667901
1.7345703
1.2687264
1.0820620
1.9366897
1.6881940
0.5614294
0.5934917
0.6287446
0.5344223
0.7140214
1.2035425
0.7093283
0.9385124
1.5358252
1.0078899
1.6357370
0.7510374
0.9494437
1.0560954
1.8572231
1.1561370
1.5426418
1.2031252
1.1814062
1.5199104
1.8675430
1.6203955
1.5743875
1.5363653
1.3856902
2.7296572
1.5183179
2.6334295
1.5853322
1.7426507
1.8902828
1.7394105
1.9440745
1.6371966
2.7260023
2.2304161
1.8316851
1.6562915
1.8418763
1.6875189
2.0891550
1.7074184
1.7187963
2.1203297
2.2347526
1.9482510
2.0405612
2.0702451
1.6960108
2.7339671
2.0499561
2.1131377
2.8875859
1.7723495
2.1534578
2.0466140
2.0528932
1.9835810
1.8825718
2.2445628
2.1641636
2.1140271
1.6854069
2.3604201
2.0747512
1.8846365
2.3250183
1.6589699
2.0553769
2.3833444
2.0929332
2.3042059
2.1752415
2.0390171
1.7060845
1.7625315
1.7068414
2.0959952
2.1931780
2.3713452
2.5227585
2.2226222
1.9337758
2.7313821
1.8345277
1.8045871
1.9889840
1.8556252
2.8913898
2.9900058
2.0883662
2.1843140
2.8701140
2.3116941
2.1899975
2.1592370
2.2205201
1.9174597
2.2495998
2.6762032
2.0478213
2.9676142
1.9401937
1.9026773
2.0629534
1.6948511
1.9490961
2.4021551
2.1001317
1.3840453
2.1436461
1.8020657
1.7072489
1.8411345
14.0209181
2.7568928
1.8246376
2.3752022
2.4454710
2.7405346
2.6286169
2.7629456
2.7386040
2.8955164
2.9484464
2.6285878
2.8537838
2.9186492
2.3254901
2.4527275
2.6847010
2.3427352
2.7084827
2.5620014
2.4212120
2.5659140
2.3058829
2.6735464
2.1277805
2.3234233
2.2620496
2.5842327
2.7539170
2.4130759
2.6599941
2.5770977
2.8211360
2.5758866
2.8134337
2.9352366
2.6859393
2.9123677
3.0077669
2.8841770
2.5965692
2.7226466
2.9261610
2.9909763
3.2881931
2.9957932
2.8360391
2.9060427
2.9789087
2.6254425
2.7977280
3.2372722
3.0672342
3.3567943
2.0061512
3.3266193
3.1139104
2.8943234
2.8402230
2.5685984
2.4396910
2.1913807
2.1838814
2.1830227
2.3381009
2.2110796
2.4468019
2.2913013
2.4814945
2.5692046
2.4696498
2.3287673
2.3998157
2.0559397
2.1279754
2.3864963
2.2230864
2.0163292
2.0981819
2.2990667
2.4517607
2.4213632
2.4584980
2.4746767
2.2371776
2.5458348
2.1444712
2.2918966
2.3121767
2.5559452
2.7220242
2.9450800
2.8598223
2.9972703
2.8134619
2.8009473
2.4768763
2.8140486
2.6270559
2.6923815
2.8890248
2.6330725
2.8982100
2.8566775
3.1951512
3.0995590
3.4790512
3.6077965
3.6514223
3.8298741
3.8529350
3.1200797
3.3437263
2.7303180
3.8601761
4.1693825
3.7738108
4.4814385
4.2559187
2.7876151
3.8290022
4.6480445
4.5192538
3.7835235
4.1342842
3.8802883
4.0296942
4.1572314
3.6970160
3.4118825
2.6366256
3.3168467
2.6851789
2.8807478
2.3900205
2.7606878
2.4576266
2.8722894
2.5184559
2.3521353
3.5903700
1.5691706
2.2508314
2.1322934
1.0423856
1.3983896
2.5308639
0.9261405
1.4272699
1.2464303
1.4192791
1.2356693
1.2006467
1.2763162
1.5845626
1.2665230
1.6264173
2.5360348
1.0986026
1.8063065
1.2148459
1.3062949
1.6695776
1.9250131
2.2377511
2.0080459
1.2945553
1.3229449
1.6503308
1.4514222
2.1683394
2.6699111
1.3916579
2.5662520
3.3149546
3.5610734
2.2267332
4.0183526
1.9291674
3.3734386
1.7338040
1.6715110
1.5965965
2.2097172
1.6156490
1.8448787
2.0088286
1.4409892
1.8791410
2.0554363
2.2398503
3.0989089
1.8892163
2.2655216
1.6223286
1.7001211
1.8413060
1.5496738
1.4520006
1.9435922
2.1169609
2.6312696
2.2705213
2.6616744
1.5996334
2.3677860
2.3081847
1.8524312
2.1636803
2.1145606
1.6609959
1.5458106
2.0764428
2.0514570
2.0984887
2.5562845
1.7205971
3.2161685
2.0144893
1.8645868
2.5872535
2.6228798
2.6339120
2.5344979
2.7205578
2.0868498
2.6458346
2.2988885
3.3657462
2.8052848
2.6741185
2.1319038
2.4028900
2.2314826
2.4982217
3.5587084
3.4750135
2.2758695
2.8837798
3.3715006
2.5253185
2.5325814
3.2718236
3.3943136
7.0232849
1.8562957
1.8460744
2.3027791
2.6062981
3.4287650
3.1604278
3.3147749
1.7868607
3.2765219
3.8307338
3.7129538
2.9400068
1.9110651
2.7729212
2.2750496
2.0756280
21.6194392
2.0953389
1.8632923
1.8443441
1.8905692
2.4265950
1.8141831
3.1101699
0.9533133
1.2590665
3.0925960
1.9769038
2.4273013
1.1502305
1.1225728
1.8725179
3.0390203
0.6260544
0.6608810
0.7660389
3.0784987
0.4447870
2.3207877
2.8017822
0.8462253
0.9943575
4.0032954
1.5495229
2.9120771
11.3400798
1.8920716
2.6977139
1.7739875
1.1536026
0.7635014
2.3556848
2.0252506
1.2245718
1.5591330
1.7853746
0.9994628
2.5206215
1.5272938
1.4795257
2.5127152
3.1878881
2.6251105
2.5447543
1.8517996
3.2419888
1.1218658
3.2567958
2.7532605
2.7810497
1.6600202
2.9870378
2.9939461
1.0543695
1.4789454
2.2927800
2.1609650
2.1928966
2.5389102
0.9316644
1.9949344
1.4041802
1.8224817
0.9895477
1.7722586
1.3165720
0.9409231
1.9508139
1.0491796
1.2880086
1.9282567
1.0141686
1.7800362
0.8926433
1.8141579
1.2696681
1.7338697
1.7162004
2.0889009
1.9358316
1.7076424
2.2047606
1.3671919
1.3902404
1.4123788
1.6157604
1.4740820
1.5531176
1.1127583
1.3413030
2.3273027
2.2002989
2.3778286
1.9776690
2.2637735
2.3100112
2.4629403
2.5914591
2.9574141
3.0291531
3.3247346
2.8194228
1.3456111
1.6189473
2.1855859
1.6144457
1.9440157
1.6666278
1.5252122
1.4882051
0.9399438
0.4904310
0.8561471
0.8020047
1.1957487
1.0634843
0.6995606
0.8065799
1.4134635
0.8438860
1.4142409
1.1370216
1.5559652
1.0545468
1.2875560
1.5377265
0.8401243
0.8634167
1.0975393
0.6842692
0.8608520
0.5963868
1.2260058
0.8634711
0.8900541
0.9075869
0.4875060
0.8716577
0.9159089
0.8755285
0.7738074
1.4711333
1.0428013
0.6719851
1.4081403
1.2179801
0.7542463
1.7164628
0.6835004
1.3908197
1.2909367
0.7412095
1.0435863
0.5742764
0.8727319
0.7762063
0.3602341
0.6500907
1.2504220
0.5389447
1.0747908
1.1057082
0.4258385
0.2557551
1.1037817
1.9514564
0.5956718
0.4061257
0.4724478
0.6636352
0.8867688
0.5131242
0.7020628
0.8060912
1.0936923
0.4397584
1.7727119
0.5555728
1.8182417
1.2874538
0.8265532
0.9121613
1.2962225
1.5125907
1.1979202
0.6308807
1.1750805
1.8481970
2.4042972
1.4110952
1.8272478
1.8797815
2.3741405
2.5819993
2.6146313
3.6070431
2.1823575
2.8444887
2.3629641
2.6689177
2.3757192
2.5583631
2.9673960
2.4980290
2.4188818
2.9421646
2.8727362
4.4545778
4.2290420
2.7814029
2.3774242
1.5583192
2.3597347
1.9391513
2.7092869
2.7229696
2.6098619
2.6403706
2.1822707
2.4679650
2.3880041
1.6246817
1.5767987
2.0094171
2.2859772
1.8799627
3.3537941
2.6529599
1.5571766
2.8540863
1.8567673
2.6079965
3.1923831
2.4307316
2.6983448
2.9519781
3.9357441
3.3054512
2.3053361
2.3481333
1.4462298
2.1625083
1.9740971
1.2236373
1.9626382
1.8078052
2.2573782
2.3578830
1.6083862
1.6021271
1.8901470
1.5719018
2.1494676
1.7875216
1.6989996
1.8073907
1.9988513
1.6087801
1.7422960
1.6237731
1.6938228
1.6894824
1.7192934
2.0089411
1.2062702
1.2926187
2.0408385
1.9762368
1.9339196
1.4211641
2.1409687
2.1101585
1.3027158
2.2392453
1.9336188
2.0526818
1.6381500
1.9891344
1.9924193
2.2842274
1.8726518
1.3522743
1.9704288
2.1904104
1.3697009
2.4052113
2.3450504
1.1633840
1.3523797
1.4117026
1.9050563
1.2450689
2.0097646
2.3741820
2.0894871
2.0475907
1.7933889
2.0218982
1.5998002
2.0367351
1.6289100
2.1397833
1.9682678
0.9270523
2.6991752
1.9926498
1.6636519
2.0265683
1.5187495
1.2158590
0.9978414
1.4538510
1.4692540
2.0838253
0.9845484
2.0545344
1.0449686
0.5757414
2.6102610
2.3406180
2.5483913
2.9346628
1.7686978
2.0886779
2.4984087
2.8343934
3.0958738
2.6316397
1.7448108
1.8868049
2.9080775
1.2525130
2.2490681
0.7056977
1.5499076
0.5218923
0.9440177
0.9370834
2.0179208
2.9897863
0.8408423
1.5131604
0.7587299
1.1315056
2.3038936
1.3367787
1.3033684
1.3900290
2.9760647
1.3332618
2.4958329
1.4629523
1.5574540
1.9780517
1.6597100
0.9860831
0.8144595
1.7021670
1.2445507
0.5893445
0.7861815
0.7546132
0.3703248
0.7999129
0.5554448
0.4166917
0.8257192
1.0250241
0.2795958
0.3910883
0.6481277
0.8646308
0.5263701
0.7048025
1.2222430
0.5555838
2.4980669
0.3623467
0.8131663
0.2674660
1.3832401
0.6087453
0.8281000
0.5970570
1.1587949
3.5519838
1.5049121
0.6128071
0.5776327
1.6505771
3.2466483
0.4356075
1.1737738
0.8642555
1.2347966
1.0918111
0.7377727
1.1660148
0.5999226
0.9818028
0.7769831
1.0216976
0.8353975
0.9661284
1.2178412
1.7964126
1.9152300
1.3094292
1.0110742
0.9196965
1.2981001
1.0648876
1.0906995
1.1616445
1.0263365
1.2177886
1.0654140
1.5683434
1.1428850
0.6103254
0.6595043
0.5894535
2.1509292
0.5361862
0.6705556
0.8215740
1.3305325
0.8721493
0.7917492
1.1253165
2.0145624
1.1607132
0.8598757
0.5839251
0.6913819
0.8103637
2.2641096
1.0850988
1.1055953
1.0808172
0.6887098
1.4267439
1.2471174
1.9013002
1.1606729
0.8824436
0.7906401
0.9784434
1.5278897
1.0921263
1.2570917
0.8256899
1.3409355
0.9835226
1.0004785
0.8527488
1.4326797
1.4103072
0.6686223
0.4972458
1.0605732
1.2374856
1.3137368
0.6712389
0.5255689
0.4112381
0.4931601
0.5211800
0.6276515
1.3590795
0.7178669
0.9194818
0.4760494
1.5146230
0.9867593
0.7023811
0.9251257
1.3902170
1.0904268
1.2012586
0.9063544
0.9824165
1.7622792
1.0357819
1.1079313
1.0577941
0.8065101
1.5856131
0.6783263
0.5587824
0.6970822
0.4189993
0.9725595
0.9956051
0.3174779
0.5564669
0.7503888
0.4395239
0.6799325
0.8353064
0.5892805
0.8559573
0.8884982
0.7334640
1.0324094
0.9203405
0.9394037
0.7056074
0.7867384
0.9972991
0.9328325
0.7547313
0.9216947
0.7692392
0.9960650
0.9491820
1.2941629
0.5324845
0.6449359
0.8697716
0.5356947
0.4223460
0.4451896
0.3500496
0.6471563
0.4280542
0.6472296
0.5665850
0.4411785
0.8625724
0.5811282
0.5570824
0.6842584
0.5908185
0.6435441
0.5015409
0.5479300
0.6512759
0.5318839
0.4224433
0.5279015
0.4154285
0.6651869
0.5028065
0.6624649
0.6963308
0.8526176
0.6452707
0.5807930
0.9837592
0.3891971
0.3835637
0.9055598
0.9783878
0.7513102
1.2524253
0.4981693
0.7293716
0.9857193
0.4025248
0.7723208
0.9103771
1.2686673
1.0558952
0.8284428
1.5185379
0.9360098
0.7473632
1.3105722
0.9436820
0.6104586
1.1641659
0.5709175
1.5228711
0.9703947
1.4428516
1.3738689
1.3507586
1.6108639
0.7014945
1.0155704
1.4566091
1.5812552
0.8134665
0.9322009
1.7765017
1.3609473
0.6884006
0.9580898
0.7315454
1.1675517
0.5019016
0.6663980
1.9130757
2.1137728
0.9966855
2.0181626
1.3492172
1.3208283
2.6512093
1.4737359
0.8362102
2.6429511
1.4948180
1.4470521
1.6461728
0.8534587
2.0482793
2.0791338
2.8713002
1.3004760
2.0233818
1.2650457
1.7216407
0.8156731
1.5649577
1.8613218
1.7513636
0.9521305
1.1738429
1.4890273
1.1699868
1.3606143
2.6657167
1.5060124
1.2274554
1.4372895
0.8235515
2.1679479
1.0759783
1.0122100
1.9284144
1.3123746
0.6801710
2.2779786
0.7472025
2.0597077
2.1129934
1.2128679
1.7073852
1.4745605
1.6700289
2.9179856
1.6386586
1.8081863
0.9880605
1.0022989
1.0384369
1.7010951
0.4630947
3.0361778
2.0345793
2.0106656
2.1545078
2.0225033
1.0849929
1.2430163
0.3696204
2.1225888
0.7275995
0.7468945
1.7805883
2.2364797
0.8043385
2.5394560
1.7152893
0.9606515
1.0256884
2.4930177
0.9277063
1.3647991
1.3797425
1.4156508
1.6685133
1.9089002
2.4737826
2.8726097
0.7748067
1.3536222
1.5493478
1.2797833
1.0509033
0.8811089
1.1548724
0.9776178
0.7568924
0.8736311
0.8462245
2.0296494
1.1849060
1.4757081
0.9246175
0.5052457
1.5362926
0.4502679
1.8702614
1.1320064
1.8869970
1.6176710
0.8113087
2.6271847
1.7746818
0.9659743
0.7186544
1.2122555
0.9791952
1.3061141
0.3849992
1.8856006
0.3844122
1.2790895
1.4641647
0.4225891
1.2692614
1.0125485
1.1396479
2.9846885
1.1178966
1.2844606
2.5275754
0.7522193
0.9079829
0.8996075
1.3462152
15.8521300
1.6805006
4.5225093
2.1809373
1.3739227
1.4244746
1.4380851
1.2587246
2.1703646
3.1776435
1.7578494
2.5494031
0.9008159
2.9251446
2.6450703
2.5346735
1.0983131
1.0596737
0.8421110
1.5390673
1.1005350
1.7517198
1.0641446
1.7270252
1.6752394
1.5203518
1.1290389
0.9049365
1.7977855
1.3761714
1.0666560
1.2961018
2.3086027
2.0863207
1.3090090
0.9863672
2.0077134
2.0104140
4.7206503
1.3159478
1.4635271
0.9369152
4.3027018
1.2840935
1.9149831
1.7110018
1.8050339
2.6049028
1.8769953
1.5848549
3.6212466
1.6209950
14.3952331
4.4594339
1.8536055
1.3308534
4.7671586
2.1936453
2.3096778
2.4817286
3.2345962
2.1782986
0.7955134
3.0345836
1.3382762
4.1552530
21.0435653
24.2974915
1.4412678
64.0252831
3.6984406
1.0341687
0.9509678
3.0480507
1.9394754
1.3413044
0.8622197
7.8194265
100.3978975
14.3920864
19.3858035
7.2332152
0.9265426
0.9022887
4.1415007
3.0619944
0.9608318
2.0707324
4.4180620
6.0365393
1.3897491
2.1277793
18.5767786
2.6848017
20.8521625
22.3596308
5.7251412
1.2645647
1.3029733
1.9210123
1.1304100
84.8957090
20.9258468
4.8437220
1.0962628
6.4168248
4.1201249
13.2981971
1.8967504
2.3873887
1.2714665
1.8184607
1.1977769
1.0836689
3.3128893
9.8202341
1.0693385
4.5876241
60.1876221
2.8093862
3.3698561
2.2509330
6.2309701
6.9818052
1.7886696
1.9928734
0.5908494
42.1323374
2.3000028
1.5615093
3.0840297
38.3079112
0.8016025
22.9313234
1.3838891
2.8112683
1.1647087
1.9118617
2.5472504
35.3632222
1.7783226
19.6325002
3.2692720
3.0837886
5.5747177
3.1774349
1.6818497
1.2949813
1.2076860
1.2411526
1.6674744
1.9921079
1.1195981
7.2578139
77.1847380
24.4154336
1.8579077
7.2638926
2.5942783
6.7137458
1.9618301
1.1079352
1.1443744
10.0328009
4.0249987
3.8994127
3.3758989
4.4197201
7.5030918
1.3212086
3.6635821
1.0710403
2.4236705
0.9785063
9.5749660
1.1890848
3.6097661
1.4935812
6.3563390
2.6736778
2.0708144
2.0514351
3.9375486
0.6409983
5.2902592
28.6707830
10.5388425
8.8727212
4.8669875
2.4869682
6.7524425
6.8018799
9.2774573
14.8927699
2.2097419
6.1782129
5.3022625
5.9326431
6.5918992
3.2680703
6.6224939
1.9708604
6.6983945
4.3500134
7.7192282
2.7118813
5.3925152
3.6042945
5.6090498
11.9643276
5.3969604
8.4488862
9.6426607
7.5313898
7.2112773
7.5308786
5.8317476
10.5627138
4.7985765
2.8073350
6.2870926
4.2725145
16.2891606
4.7030335
6.5083069
4.0888679
3.9805259
7.0690302
2.4524355
2.0173766
5.8050462
5.4659870
2.8805818
5.7681531
4.1223214
4.4567370
2.0409098
2.3116237
2.2545406
3.8857950
3.5435645
4.3784326
1.8808041
12.1857074
5.0342856
4.9771740
6.0298054
3.7703598
7.3358943
23.2672683
40.6770576
47.8619920
7.7251042
31.5155901
83.1315653
74.1992787
57.3081200
148.7534073
24.7490870
136.4169876
33.8945899
24.0974632
8.6039617
12.4232006
5.8906767
18.1555257
3.9478217
23.7437013
15.5158441
3.4455764
68.2081190
3.7775144
4.1222821
8.1442906
4.2331515
12.9865678
3.3694757
3.8242129
2.2972999
0.6029188
2.8514671
0.4954669
1.6569457
2.7656282
2.8649902
2.5790702
2.0698023
3.7809902
4.1336086
6.7582017
6.1750626
5.4863430
4.0203554
4.0513571
4.7743474
2.1644295
4.3254204
1.7222539
1.2625957
4.1860211
2.1740819
2.2091800
2.4173282
3.6881131
2.0053217
4.6241345
5.4409418
4.6275142
5.0734365
1.8374454
4.2448883
5.9297113
4.6405118
2.2229401
6.6824635
5.9392751
1.6173194
2.9251848
5.1997556
2.4022003
2.0226740
3.5176296
5.6323056
4.5470446
3.1079834
1.5611898
1.3989845
3.9122142
1.4399429
2.5321103
2.0739617
1.5239799
1.6451583
2.1954424
1.6857901
1.8172398
2.2564658
1.2310357
2.5818964
1.9895059
1.8593151
1.7275780
2.3314136
1.9159578
41.8351383
4.7344996
2.0307683
4.0711118
5.9838571
1.3607930
3.7686222
2.9444121
1.6417828
3.3049899
3.8167474
26.5029089
4.1134894
105.7370413
19.0707642
55.8252503
3.3672564
42.1763024
43.5060061
41.7687108
38.0274758
5.5079394
86.4771477
127.0347310
61.2224217
52.3381923
20.0516820
96.9320226
78.3801415
58.1125793
17.4214949
72.2948294
22.1552936
78.9261826
53.1514054
64.7643170
113.3404552
102.5260608
95.1223326
3.7164155
25.1108619
13.3209468
23.4718262
29.9587999
2.7929643
1.3453121
3.6805933
9.2500362
1.1674305
8.9716778
2.1064863
9.5181777
3.7224502
2.1161573
3.7734599
1.5459274
1.3991491
1.3568487
2.5509910
1.2285976
1.2263859
1.0410715
1.2063519
1.6067142
0.9325631
7.3633091
1.1498591
1.1153364
1.1994993
1.4422993
1.1998416
1.1367862
1.3362523
1.1156645
1.0182523
1.3440562
1.2826951
1.4416114
1.3601319
0.7764959
1.6634611
0.9354550
1.1836777
0.9335531
1.2480545
1.6701562
0.8772331
0.8723107
1.1806061
1.2392234
0.9569030
0.7132534
1.8909864
0.7329609
1.3187976
0.8347656
0.9298922
1.1900466
1.0125355
1.3253409
1.2856789
1.2591429
1.2258903
0.7521905
1.1971206
1.4159513
1.1527958
1.2249438
0.9168657
1.4214137
1.4858185
2.2189623
1.5919295
1.7152206
1.8141285
1.7920863
2.2352367
1.8691730
1.5942008
1.2420654
2.0357682
1.6252575
1.7409346
1.7727798
0.9988787
1.5223877
1.6210482
1.4327360
1.5929470
1.9984624
2.2625831
1.4424592
2.4335908
1.3440849
1.3784888
1.1214379
1.8614738
1.6123329
1.7625709
1.5580664
1.0524971
1.2404789
2.0968840
1.5441312
1.0646364
1.4469843
0.9748202
1.2993248
1.1568818
1.3206141
0.7750395
1.0693891
1.2712624
0.9684841
1.1716289
1.4073034
2.0508223
1.7720153
1.3226790
1.7437144
1.0685032
1.6402757
0.8516450
1.0368673
0.5219135
1.2985492
1.1726403
1.5998392
1.3538772
1.2216472
1.5720922
1.7637783
1.6384043
1.0427753
1.5019421
1.2253623
1.5227776
0.9506438
0.8418926
0.3398019
0.3401709
0.6054599
1.0379520
1.1527106
1.4241387
1.2016170
1.2128930
0.9584147
1.5939491
1.2758809
1.7088792
1.2694440
1.4356765
1.0918232
1.6984434
1.2596206
1.8858685
1.0884722
1.0468140
1.7175419
2.0217891
1.9227588
1.6440746
1.6847500
1.8575761
2.0185133
1.6262189
1.9300831
1.8909599
1.9555240
2.0512924
1.6009071
1.9360441
1.5019679
1.3178015
2.1014923
1.1108272
1.3051723
1.7657165
0.7455160
1.7098445
1.1637399
2.0028473
1.7795993
1.1141198
1.0505580
0.9720480
0.9358002
0.9922237
1.0603513
1.0010952
1.1864198
1.3904259
1.0668143
1.2672583
1.1773209
1.3045972
1.1926084
1.2453076
1.1526616
1.4066250
1.4093349
0.9066338
1.4327694
1.4805930
1.5106027
1.3941800
1.2792745
1.2720626
1.3364769
2.0064934
1.3441698
0.8189287
1.6174761
1.4107946
1.5268228
1.6180683
1.1849719
1.7941438
1.6866446
2.4950299
1.6363614
1.8115526
1.5515149
1.7411235
1.7415573
1.8861744
1.6257752
1.0709132
0.8458219
1.6958711
1.2688234
1.2637601
1.5111698
1.6273385
1.8035257
1.2379216
1.4681888
1.7245523
1.2694144
2.0909585
1.1592779
1.3402070
1.8603024
2.2364507
1.3492419
2.1874322
1.5154184
1.7034194
1.6922617
1.8444260
1.5953065
2.4132584
1.7785584
2.4747017
1.4572231
1.6672902
1.8181226
1.3237470
1.4454675
0.6267678
1.1205043
1.8633414
1.2137069
0.8356509
1.4434851
1.6173122
1.7758820
1.4961880
1.3139715
1.3751760
1.1756018
1.1886429
1.5558502
2.1430277
1.3142762
0.9338563
1.5889712
0.9925353
1.1717073
1.1021773
1.3907117
1.0444341
1.4444132
1.3194883
0.4103901
0.3975635
0.8915724
1.4737145
1.3403513
0.3004188
0.3165358
0.2352424
0.4362211
0.7186515
0.9042641
0.2420045
0.7831428
0.7919234
0.5787218
0.9798703
0.7429504
0.5522521
1.1597546
0.7889052
1.4375692
0.8794651
1.2079116
1.0698072
1.4158643
0.7944889
0.5364527
1.2537217
0.9162644
0.9204145
1.0141832
1.1124228
1.3230861
0.6639853
0.3230320
1.0128465
1.7298004
1.4087693
1.5212100
1.4064201
0.2236925
1.6949853
0.3857890
0.6816373
0.6856400
1.4111090
1.6051562
1.2419918
1.8296132
1.2509739
1.2323798
1.7634838
0.7885535
1.4863848
1.7193222
1.5153118
1.1091397
1.5432818
0.9355449
0.6881305
1.5436007
0.4244291
0.7360648
1.4779802
0.6284398
2.2936164
1.1839990
0.9641333
1.2636795
1.7373179
1.3047055
1.3820414
1.0712953
1.6375705
1.5165819
1.6618558
1.9531815
1.8144494
0.6825159
1.4238400
1.6159022
2.7440847
1.0888324
1.2603493
1.5421255
1.6769040
1.9883873
1.2243397
1.0366038
2.0551024
2.6788645
0.8867413
1.1062911
1.0494252
1.4160559
0.8742075
1.8352453
1.6208328
1.5383647
1.5962794
1.5496733
0.7427892
0.8847771
1.6274055
1.3922152
0.9438617
1.6162834
1.1599051
0.7760353
1.0738891
2.5307419
0.6982592
0.8090774
0.9330523
1.6465936
0.6799758
1.3742911
1.4759961
1.5015677
0.7249304
1.0386883
1.2850040
0.7584294
2.8860292
1.5425867
1.5809521
2.4514299
1.8000688
0.6022656
1.1410873
0.9232688
1.2885234
0.7534354
1.8418923
1.1097864
2.0725357
0.4942866
2.1417451
2.4349219
0.7356624
2.7187915
2.1426568
0.6811727
1.3305767
1.6080389
1.7967980
1.1591493
0.2908362
0.8014914
0.7394298
1.4474826
0.9772978
1.4439080
0.5315463
0.3463866
0.6625439
0.3294808
2.8058136
1.0899035
1.2013909
0.8407110
1.2704266
2.0360325
2.4189296
1.2333077
1.6116927
1.4554664
2.4089733
1.4897698
1.7823357
1.7384028
1.8643480
2.2002169
0.6542968
0.5313198
1.9600567
0.6369955
1.3152636
0.5897291
1.9623275
1.4229133
1.8730058
1.3035114
1.6286651
1.7682129
0.5056267
0.9147327
1.9035994
1.1254928
1.3199786
1.3024971
1.3056720
1.2802185
0.7590206
1.4332257
1.7065846
1.3531991
0.6341973
0.6903326
1.8472626
1.9606051
0.9283342
1.5949221
1.9108825
0.9380720
1.9314606
0.9856851
1.5752054
1.3211059
1.5236779
1.0273470
1.3335192
2.1080030
1.0234373
0.8001888
0.9711514
0.7919408
2.1918716
0.9381680
0.7695227
1.4527019
1.2782311
0.5326351
1.3627322
1.4049145
1.1484649
1.0280589
1.7914481
1.0605754
0.7634526
1.4386543
1.4883005
1.2309339
0.9926551
0.4130960
0.8524838
0.8853026
1.3114160
1.8022797
1.4756387
0.5738117
1.9098721
1.5475582
0.4276251
0.4706997
0.9051601
1.0726494
1.4912528
0.9717729
1.5553684
1.1450241
2.0535588
0.4696241
1.5094733
0.6850784
0.9297948
0.7639161
1.8583484
0.5355442
1.5021028
0.8128616
1.3496817
1.1597812
0.7294119
0.8094461
2.0521834
2.2224923
0.9304405
1.1124104
1.6689601
0.6865426
0.8487977
0.5163706
1.4505603
1.2501907
1.2669315
1.8245417
0.8461553
0.8989306
0.8673384
1.1527008
0.7054910
1.3839103
1.1369061
0.6087254
0.8748320
1.3686116
0.4518835
0.3173511
0.6985440
1.7209182
1.5313646
1.2260322
2.0681177
1.0105804
0.9117174
0.6736325
0.7286173
2.3271888
1.4353177
1.6099377
1.2618958
2.2620850
0.6034365
1.3394599
1.1110417
0.7421522
0.9356435
0.7479432
1.3007633
0.6062076
1.3890035
0.3083607
1.2418269
0.4727421
1.8038167
1.0425476
0.4487045
0.5054706
0.7513338
0.6026212
0.5760547
1.3666746
0.5593867
0.4250560
1.8602512
1.0813444
0.5205624
2.5964848
1.5110762
0.8666560
3.1896539
0.6261003
1.5860078
0.5819404
0.6052305
1.4912827
0.8518018
1.0835561
1.0980851
1.3638014
2.5865136
1.4996634
0.2204928
1.4774160
0.8219004
1.5079720
0.6008298
0.6465262
0.9071941
0.9390185
1.2101874
3.2754147
2.5446784
1.7209993
3.0574019
1.1121658
0.7757189
4.3253404
0.4891373
2.0801513
0.6395553
0.5650324
1.0677228
2.3452260
1.7711193
1.7681908
2.2632902
1.1252382
108.7161120
0.4800511
150.2759285
1.1824129
2.1000704
1.8886228
2.2331508
1.2762473
2.4200832
1.1460652
2.8469132
1.7447849
1.9912258
2.0838918
1.9937077
1.1125156
1.0242326
0.9060813
2.4335341
2.5730797
1.0656316
2.6562595
0.8651239
0.5387439
0.8522548
1.0334680
1.6019485
1.2435692
1.4898489
2.3662475
2.3004470
2.4375991
2.7138073
2.0755045
1.8784573
1.1781846
1.0392763
1.2577907
0.8739376
1.0079570
1.2383505
1.2356156
1.5173576
1.1997618
1.3682269
0.8567239
0.8202728
0.3868434
1.2255221
0.9256287
1.1409930
0.3798673
1.0331100
0.6717841
0.7574659
0.6188069
0.5571336
0.9041555
0.5555005
0.7524660
0.5755917
0.5174884
1.1252299
0.8864667
1.2602880
0.6415926
0.4614803
1.0147259
1.4674687
0.9749889
1.3072000
0.9612021
1.1304546
1.6074383
0.9157472
0.8131124
1.0689347
1.7795800
1.4532458
1.2038086
1.5693359
1.5283167
1.4435953
1.6762961
1.0042755
1.7920192
2.1405781
2.2965035
2.3056247
2.5632992
2.7451653
1.7567875
2.6817717
3.3283429
2.9514105
2.6178506
2.9849982
2.5524659
3.4398421
2.7102307
3.5416479
3.0669188
3.5706177
4.0450054
3.1679707
3.5261475
3.5899665
3.3037121
3.5598017
3.4043139
4.1082482
3.6209363
4.1866323
3.8866376
4.2399281
4.3328750
4.9036253
5.3757247
4.1663375
4.4849216
4.6098569
4.0361826
4.4497457
4.2481933
3.9560060
4.2512454
4.7873705
4.6573186
3.9396312
4.6027297
5.0332655
4.5097508
4.5022805
4.6662898
4.6407187
4.5697929
4.0010929
4.5055523
4.0013880
4.3378243
4.2732085
4.2670811
4.3806293
4.2167728
3.6651576
3.5417023
4.1684500
3.4010598
3.2712466
3.2819931
3.9580827
3.1986275
2.3115992
2.6575373
2.6508285
3.9728182
3.2085142
2.4610802
2.5570129
2.7086632
2.2866320
2.9917876
2.2901356
3.5516058
1.8158253
2.9545476
2.6932218
1.8897975
2.9443958
2.7298322
1.9032601
1.9255956
2.3909368
1.5654931
2.6784339
2.8173328
2.4402636
2.5224026
2.4127989
1.9061822
2.0425317
2.3868584
1.7578049
1.8100496
2.2086492
1.7350408
1.9280340
1.1225240
2.7387264
2.1068030
1.8642400
1.6465467
1.9626947
1.7653713
1.7604700
1.8740964
1.3162189
1.6022406
0.6434984
1.4475787
0.7055704
0.9605945
5.1485621
2.7783846
1.7873493
0.7370619
16.8508428
1.3188388
15.8946350
1.6349957
0.9313793
1.1620972
31.8954692
1.0939298
2.9065024
10.7967244
5.9653694
4.5678713
6.3197888
46.7732638
1.8904754
4.9691150
0.2668990
1.7156495
2.7843872
0.9136517
1.4030647
0.8923588
0.4977476
1.7495599
0.3649973
6.5618175
2.0374472
1.3376891
3.4777054
1.5756435
1.6228214
1.7676177
0.8539806
0.9146558
0.5506137
1.1428786
1.3304672
2.6883498
0.8757766
0.8157216
1.3548186
0.6957736
0.4666795
1.0603444
1.0280550
1.3532225
1.2284991
0.7127322
0.5756606
1.0785398
1.0758914
0.8771119
0.2729423
0.5085452
0.7264780
1.1609601
0.5299108
0.7882233
1.2273150
0.6860405
0.7583425
0.4957016
0.6083232
0.4737000
0.6006713
0.8855512
0.8759359
0.2981767
0.6849815
0.7120894
0.8143803
0.8833265
0.8215207
0.6210883
0.4597256
0.4968144
0.4635048
1.0210421
0.6264652
0.5802295
0.6560699
0.9137188
0.6274134
0.7312280
1.3723459
0.8278954
0.7897065
1.7336677
0.9284469
0.8106710
0.6199252
0.7369487
0.9832846
0.5803565
0.7269122
1.3493563
0.3327184
0.9856595
1.0636697
0.9966047
1.4406319
0.7508727
1.0893124
0.8930614
1.2214126
1.0027754
1.1156846
1.3695563
1.1572716
0.9279412
1.1376488
0.3982488
0.8835222
0.9478384
1.0742915
1.2333901
0.9834671
0.7720060
0.5598950
0.7132654
0.7782777
0.6953239
0.8915551
0.7767781
1.1804362
0.8120077
0.8600788
1.0165438
0.8384916
1.0646830
1.2393000
1.0385006
0.6943658
0.8081771
1.8460359
0.9716161
0.8794740
1.1720830
0.7772165
0.7899961
0.6567858
1.2223454
0.4505746
1.1503809
0.8960194
0.4798319
0.9571660
0.7374252
1.5152868
0.6935339
0.6424344
0.5193927
0.5903447
0.7967740
0.4228444
0.6836120
0.3406725
0.8321015
0.3958672
0.8375515
0.3087371
0.4278629
0.6146008
0.8553774
0.5072327
0.4910776
0.6442731
0.8054182
0.6485200
0.3158540
0.6539654
1.2348821
0.5859038
0.6625253
0.5047348
0.5480100
0.4648911
0.4030916
0.6271617
0.5266019
0.6504150
0.7523335
1.0507757
0.6697474
0.9330749
0.6632067
0.8406484
0.8062173
0.4441080
0.7388063
0.4273536
0.8259259
0.4205847
0.4280104
0.9498044
0.3371545
0.7787582
0.4203687
0.4661500
1.1160860
0.7085359
0.9132291
0.4643523
0.5124034
0.5469383
0.5504320
0.7638699
0.5610752
0.5213254
0.5491724
0.7579875
0.4631383
0.5605076
0.9976678
0.9168127
0.4740553
0.6517605
0.8313981
0.7149602
1.1041676
1.0561317
1.2184451
1.0061866
0.7684515
0.7663993
0.8545139
0.4047560
0.5009616
0.5119435
0.7200361
0.2948232
0.5930021
0.4551187
0.4107382
0.4493724
0.4878123
0.7613250
0.6881887
0.8182342
0.6590068
0.6224545
0.7064364
0.5826998
0.9756554
0.6629004
0.8908750
0.9966266
0.6965291
0.7858114
0.6387112
1.0143168
0.8680396
0.8560765
0.8609386
0.5830010
0.5396227
0.7900793
0.8516888
0.7118637
0.5433378
0.3011395
0.4029698
1.0191748
0.7183522
0.3872918
0.6634411
1.0513851
0.8015747
0.6447631
0.8321233
0.8372635
0.7196091
0.6122166
0.6425504
0.5601523
0.5485237
0.3949488
0.6909623
0.5122791
0.7416779
0.5188011
0.7150964
0.7396733
0.7428703
0.6798302
0.6623976
0.6638118
0.7689503
0.8671032
0.5886749
0.7752464
0.8179178
0.9603607
0.8149970
1.0492845
0.8764099
0.5348547
0.7880129
0.7071597
0.7969125
0.6752145
0.8466333
0.8479463
0.7857695
0.7536746
1.6644782
0.8361707
0.8644048
0.7851021
0.8446148
1.0177551
0.9377292
0.9763818
1.0881361
1.3929675
1.2834057
1.3848385
1.1576614
1.1099771
0.9605611
0.9588899
0.7546269
0.6841463
1.1196085
1.0905863
0.9017776
1.1077835
0.7645119
0.9004322
0.6553223
0.9371488
0.8286480
0.8217095
0.8904850
1.0665023
1.0299791
1.0218879
1.0981367
1.1383585
1.7893183
1.2773879
1.1557159
1.3245930
1.3776321
1.3303004
1.0908170
1.0564274
1.2938593
1.1873898
1.5545946
1.2041683
1.2082463
1.1684115
0.9996866
1.1341233
1.0537695
0.9130053
1.0971661
1.0409966
0.6150048
0.7650248
1.0866380
1.3430800
1.2031036
1.1865241
1.1425053
6.0908904
1.2278369
1.4774769
1.0918602
1.3655914
1.3209978
1.5796342
1.6754410
1.4915023
1.6232258
1.8350826
1.6233415
1.7371667
2.1026947
1.7294708
2.1582585
1.9159619
1.7128570
1.7856344
1.8306536
1.8992437
2.1788632
1.7192380
1.7003012
1.7789423
1.9487044
1.9475189
1.8860866
1.8099866
1.6941227
1.5130193
1.5634542
1.2495459
1.5739739
1.7271063
1.7660070
1.8126073
1.4082838
1.7983938
1.4141014
1.4050622
1.6685206
1.6193166
1.7744717
1.6042172
1.7139409
1.6753056
1.2209566
1.4304321
1.2793862
1.4595880
1.4919093
1.6271401
1.5374660
1.7382114
1.9102116
1.8411348
1.3768450
1.7989883
1.6570333
1.5548613
1.2860653
1.3403815
1.6073370
1.3965382
1.5650635
1.2829372
1.6199050
1.6865782
1.3309431
1.2754502
1.3273765
1.2676967
1.2721236
1.6216688
1.5383128
1.4448923
1.5205905
1.1444861
1.4842295
1.2852979
0.7744157
1.3106906
1.0254529
1.1021609
1.6911523
0.8646874
1.1458975
0.7287098
1.1018685
0.9214408
1.0256780
0.7093314
0.8929134
0.7755427
1.2030371
0.7640391
0.7974117
0.8469608
0.6886946
0.7615196
0.8048652
0.6096078
0.7255052
0.5525580
0.6846764
0.6886828
0.8128640
0.6746462
0.7695252
0.5054880
0.3713942
0.4886078
0.3363465
0.7852859
0.8918398
0.5889097
0.5613408
0.4559848
0.5070485
0.2469798
0.4398406
0.3088151
0.4454675
0.5480947
0.6287311
0.5786880
0.6936074
0.8459308
0.5478655
0.4345517
0.7828196
0.8428772
0.7186858
0.8195943
0.8088484
0.8437007
0.8890908
0.8379467
0.7261508
0.7600889
0.6950115
0.6742004
0.7031202
0.7101739
0.5753759
0.8189606
0.5924568
0.5952847
0.4860996
0.6481062
0.6908343
0.5830338
0.6780604
0.7193776
0.9129107
0.9976679
0.8390927
0.9900958
0.5494073
0.6795446
0.7030084
0.7512878
0.6851497
0.7761147
0.7091303
0.6999990
0.9130053
1.1646384
1.3336688
1.5379924
1.3937918
1.3447852
0.9785089
0.8397011
1.0761412
0.9476761
0.8728962
0.8215818
0.8788566
0.7899733
0.7837010
0.8068141
0.8575033
0.5990399
0.9393236
0.6143545
0.6714348
0.8905944
0.9634595
0.7997226
0.9512688
0.8842624
1.0050673
1.0220482
0.8796494
0.8507438
0.9725288
1.2426131
0.9310841
1.0591894
0.9181502
0.7610937
0.8875981
0.9948077
0.9951463
1.0214248
1.2546405
1.1316221
0.9489809
0.9122016
0.8855282
0.8273781
0.7204631
0.8136666
0.8908031
0.8170408
0.9246241
0.7563565
1.0549988
0.8602970
1.0486393
1.0036317
0.7791134
0.8673013
0.7891112
1.0772784
0.7684593
0.6963152
0.7769853
0.8573062
0.8467731
1.0040845
0.9207610
0.7650830
1.0203896
0.8483247
0.8778940
0.7731715
0.8980431
1.0089740
0.9132415
0.9331176
1.0300089
1.0025510
0.9225034
1.0869948
0.9307791
0.9839634
1.0173121
0.6929361
1.0254277
0.8519888
0.6986906
0.9148842
0.9815241
1.0546124
0.8341784
0.7423236
0.9382524
0.9531845
0.9361597
0.9607089
1.0902900
0.9148235
0.7932258
0.7671219
0.8626259
0.9929857
1.0045622
0.6226630
0.9596033
1.0496824
1.0422410
0.9159592
1.0012685
0.8928116
0.6053740
1.0230887
0.8292957
1.2268639
0.9612969
0.9591827
1.1362438
1.0031249
0.7047946
0.9579637
1.0608266
1.1052087
1.0840950
0.8859748
0.9937177
0.8780062
0.9895010
0.8515574
0.8350325
1.1049199
0.9734128
0.9174456
0.8364545
0.7424546
0.9380818
0.9524585
1.0653469
0.9864723
0.9943942
0.8270114
0.8015080
1.1083148
0.9607968
1.0473846
0.8473181
0.6623819
0.8906452
0.6247434
0.8531502
0.8786646
0.9837810
0.8465955
0.5966907
0.9295999
0.7146555
1.0376004
0.5942124
0.9396740
1.1799690
0.9728834
1.0583122
0.7471682
0.8207115
0.9005904
0.8858521
0.7158910
0.8937620
1.0849209
1.0192027
0.9755372
0.9877373
1.0280390
0.7589629
0.8587601
0.9010330
1.0031087
0.9873648
0.7411084
0.7623548
0.9568172
0.9186647
0.9600979
0.8825259
0.8618775
0.7692951
0.6557622
0.8573882
0.5278854
0.7340399
0.7483927
0.8892710
0.9639458
0.7573837
0.7550082
0.7342437
0.6923745
0.7813642
0.8241659
0.6834772
0.6364151
0.5351372
0.4468241
0.9201888
0.7271425
1.0717501
0.9962657
0.8759843
0.9027934
1.0273933
1.0954453
0.7450642
0.7639493
0.8142273
1.0022459
1.0108429
0.6883060
0.8807162
0.9920385
0.7412674
0.9753473
0.9194099
0.9455262
0.7917639
0.9162709
1.0637816
0.8796109
0.8818688
0.8944816
1.0191227
1.1619351
0.8966930
1.1164968
0.8873256
1.1954346
0.8788952
0.9835365
0.8758336
0.8917276
1.0971815
0.8841667
0.8234135
0.8703557
0.9150430
1.2023827
0.8638111
1.0506589
0.9254589
0.9572609
0.9645835
0.8463163
0.8851000
1.1349717
1.0006223
0.8802841
0.9505854
1.1388690
1.0024922
0.9403668
0.9684647
0.9975025
0.9336320
0.8667930
1.0435667
0.8814726
1.1054620
1.0340969
0.9458622
0.7718177
0.9045101
1.1135827
1.0634779
1.0042315
1.1094694
0.9347358
0.7323347
0.8121612
0.7364687
1.0461359
0.9223709
1.2824847
1.0743858
0.9155592
0.9363255
0.9159819
1.1023539
1.0205709
1.0540777
1.1327261
1.0885450
1.1232498
0.8722699
1.0970039
0.9344918
1.0759184
0.9819629
0.9478140
1.1104250
1.0306862
0.9526682
0.9414254
1.2101275
0.9703645
1.0136181
1.0406788
1.0118226
0.7675320
0.8883915
1.1382269
0.8290310
1.1669844
0.8813068
1.1681293
0.9873226
1.1389121
1.0449770
0.8618564
1.0840714
0.7860171
1.1496403
1.2424622
0.9671261
1.2544864
1.0653609
1.3043960
1.0183240
1.1262887
1.0040408
0.9672038
1.2162743
0.9413827
0.8571364
0.7641419
1.3217834
1.1266065
0.8549068
1.0311769
0.9620979
1.0407023
1.0158065
0.9684642
0.8601707
1.1116552
1.0313459
1.1043842
1.0956554
1.0722314
1.0256868
1.0302675
0.8152867
1.0255027
1.1439828
0.9769773
1.0342293
1.2017538
1.0278127
0.9185963
1.1392866
1.0793927
0.9771851
0.6959924
0.7983154
1.0191734
1.0055290
1.0899173
1.1699923
0.8990985
1.0988959
1.1420775
1.0398363
1.0402966
1.0675524
0.8947418
0.9423841
0.9719124
0.9725325
0.9191049
0.9598758
1.1023234
0.9070683
1.3388138
1.0442547
0.9163923
0.7814510
1.0994454
1.0499390
1.0232702
1.0982619
1.1260068
1.3124100
1.1176989
1.2320298
0.9790085
1.3178108
1.3114521
0.9875522
1.3052026
1.1600998
1.0343988
1.2996247
1.1670903
1.0700384
1.2500366
1.2428040
1.1433313
1.1538489
1.1839169
1.0428868
1.1070682
1.1366756
1.0400897
0.8618720
1.1253073
1.1180324
1.1788274
0.8685177
1.0965374
1.1170040
0.9861714
1.0365877
1.1884070
0.8905325
0.8835796
1.1361656
1.1212126
0.9669171
0.9428491
1.2539676
1.0472008
0.7005664
1.0621800
1.1953294
0.8068245
0.9058336
0.9062864
1.0887748
0.8884780
0.8879188
1.2143381
0.9000784
1.0206969
0.7765346
0.8950662
0.9164233
1.0435648
1.1056041
0.8147498
0.8683239
0.8645646
1.0837993
1.1678626
0.9271655
0.9404787
0.9579585
1.1539069
0.9111736
0.8345277
0.9505942
1.0011247
0.8985261
1.0508821
0.9409023
0.9947285
0.8880472
0.8853730
1.0606933
0.9852080
1.0542367
0.8535008
0.7722886
1.0410040
0.7754418
0.6639022
0.9432315
0.8720206
0.9894935
0.9265815
0.8548754
0.8720362
1.1260064
0.8743715
0.7341593
0.9734725
0.7230140
1.0234798
0.8895276
1.2115857
0.9947749
1.1211207
1.0862067
0.8703321
0.8720568
1.1452531
1.3129559
1.3500859
1.2557848
1.0170659
1.1055576
1.1360489
0.8594295
0.9693165
1.0082777
0.6869545
0.8683421
1.0081567
0.9400957
0.9513660
0.9806355
0.9587627
1.1955037
1.0467685
1.0818570
0.8965453
1.2192267
1.1687187
1.2310213
1.1492288
1.0990410
1.2026599
1.0254065
1.3339663
1.0601240
1.2999000
1.1781256
1.2531416
0.8501778
0.7841378
0.9780263
0.9778704
0.9605073
0.9974573
0.9795424
1.2164742
1.0824572
1.0922340
1.2776392
1.2940761
0.8548132
1.2142503
1.2688862
1.2234226
0.9775894
1.2246837
1.0299475
1.1493604
1.0389467
1.2571655
1.2407241
0.9186144
1.1081403
0.9291213
1.1092912
1.3376186
1.1809199
1.0283297
1.0118797
0.9749178
0.8726714
1.1022885
1.0461724
0.9601751
1.1526411
1.0171982
1.0572343
1.2289785
1.2846571
0.9307717
0.9986648
1.1861260
1.1100511
1.0129986
1.0056474
1.1230412
1.1915913
1.1885710
1.3088573
0.8966326
1.0893377
1.2976473
1.0362428
0.9495138
1.3026483
1.0687746
1.2401603
1.1423445
1.0140386
1.2883870
0.9327984
1.1607369
1.1500460
1.0917089
0.9547501
1.0607626
1.0727314
2.5505335
1.1214893
1.1748185
0.9865737
1.0483177
1.1095850
1.0755295
1.1174796
1.0313234
1.2055459
1.0022872
1.2222115
1.3678329
1.2342135
0.9512161
1.1256597
0.9363436
1.2833067
1.3631960
0.7455036
1.1364510
1.1493515
1.2488911
1.2001743
1.2647893
1.2643384
1.1494521
1.2617540
1.2711435
1.7990366
0.9252173
1.1207806
0.9854145
1.1284275
1.0253077
1.1327467
0.9552005
1.0889330
1.2249028
1.1450691
1.1382861
1.2773657
1.0413358
0.9752788
1.0642410
1.2388609
1.0651938
1.0670470
0.9989146
1.0566653
1.0003201
1.0236829
1.0431529
1.2358492
1.2659533
1.1346107
1.0345337
1.1345314
0.9129398
1.0100204
1.3442935
1.2993493
1.1467501
1.1333577
1.1517058
1.2658989
1.3072956
1.0951283
0.9673666
1.1788874
1.3475797
1.1776227
1.1449384
0.9495336
1.0906575
1.0798909
1.1441045
0.9592807
0.8398640
1.1437412
0.9721974
1.1653715
1.1495152
0.9596664
1.2399479
1.0069631
1.0612646
1.0769695
1.0463402
1.3212888
1.1095594
1.4138163
1.1625818
1.0096212
1.3398685
1.1615029
1.1131075
1.2764069
1.1850848
1.3554085
1.1458614
1.0816551
1.0924619
1.1265631
1.2503891
1.1574543
1.0828004
1.1522505
1.2154049
1.4182575
1.2139692
1.0674986
1.0355440
1.1661316
1.1177763
1.1023478
0.9426116
1.1815095
0.9471893
1.1582457
1.0886572
0.9611797
1.1614476
1.0878285
0.9190981
1.1653467
1.0301027
1.1114087
1.1030369
0.8782748
1.0156531
1.0446775
1.1079337
1.1369093
1.0911879
1.0904378
0.8253168
1.0530235
0.8674960
0.9519698
1.3396418
0.9994262
1.1931982
1.0062180
0.6552093
1.0106703
1.2337249
1.0841070
1.0711634
0.9619739
1.1638239
1.1316155
1.2783580
1.1397152
1.2166505
1.1414187
1.0046135
0.9578090
1.4315530
1.0317212
1.0959139
1.1315430
1.2570792
1.1386609
1.3514446
0.9987555
1.2042270
1.1294936
1.0549837
0.9130135
1.0745293
1.2413384
1.2433223
1.3394627
0.9577994
0.8014702
1.0876401
0.9350461
0.9582424
0.9627431
1.3429451
1.2583630
1.2495198
1.3405138
1.0973663
1.2018798
1.0944007
1.1317759
1.1411871
1.0681501
1.3275495
1.2059111
0.9693997
1.2470117
1.2480862
1.1389600
1.3724008
1.2656269
1.1639125
0.9863293
1.4039616
1.2607162
1.1508882
1.2381954
1.1803399
1.3215342
1.0980128
1.0173476
1.0704630
1.1119968
0.8503518
1.0620750
1.0504471
1.1452674
1.0354798
1.1582678
1.0950489
1.1901952
1.1737284
1.2584513
1.1558656
1.2320912
1.0757609
0.9825990
0.9379580
1.2247522
0.9986479
1.2500090
1.0731095
1.0734568
0.8802821
1.0876030
1.1370765
1.0576306
1.0451255
0.9688234
1.1441699
1.0671711
1.0989541
1.1958160
1.2729501
1.0837007
1.2221451
1.2823260
1.1669420
1.2604626
0.9960337
1.1530540
1.3499016
1.3303206
1.0187765
1.1221451
1.2301579
1.3237973
0.8979307
1.2151795
0.9144862
1.1778627
1.0134448
0.8319634
1.3677473
1.0134212
1.1981637
1.2673518
1.0989614
1.3837104
1.2051259
1.3398359
1.2358758
1.1482374
1.4974994
1.1802342
1.5348187
1.3746156
0.9884844
1.5166576
1.1339472
1.2692848
1.1828512
1.1156381
1.2702668
1.1910602
1.0234209
1.1180136
1.2177844
1.1418075
1.0324165
1.1261439
1.1253139
0.9397204
0.9679336
1.0561462
0.9286292
0.9244148
0.4813376
0.9872436
0.8725570
0.9857434
1.1392963
0.8212839
1.0841766
0.8993277
0.8152511
0.8466777
1.0581032
1.0212175
1.0487655
1.0248802
1.0622631
0.8846496
1.0632410
1.0951272
1.1962353
1.0862623
1.0647962
0.9847515
1.0579868
0.9583997
1.0297583
0.8820059
0.9654416
1.0342695
1.1044784
1.1260217
1.3039010
0.9962435
0.9592673
0.9894750
0.7992160
0.9644180
0.6807014
0.9702073
1.2534430
1.0824975
0.5564638
1.0022846
0.9013616
0.7529733
0.6009503
1.1139034
0.4889377
0.6022495
0.5972683
0.6978015
0.8906545
0.7845004
0.8977678
0.9812710
0.8971375
0.8925337
0.9401946
0.7170110
1.2074056
0.8306452
0.9514981
1.1123651
0.8818349
0.7721870
0.9001667
0.8304075
0.5195315
0.6835598
0.8312459
0.9080385
0.7117834
0.7954434
0.6587533
0.3543574
0.7580504
0.6416765
0.8050161
0.5907268
0.7793928
0.8461863
0.9010853
0.7447887
0.8617368
0.7137145
0.5891614
0.7178258
0.4871165
0.6156401
0.5731527
0.4229577
0.6707228
0.5517755
0.5579832
0.7554211
0.3021722
0.3799290
0.3851694
0.3489214
0.2681257
0.4487428
0.3704313
0.4029027
0.3448772
0.3138162
0.5722603
0.6071715
0.3652569
0.1830932
0.4313006
0.5941234
0.4065559
0.3580260
0.6662961
0.4130968
0.4537319
0.6244657
0.8937665
0.8011865
0.8155859
0.7251488
0.7450701
0.7064839
0.8507715
0.8415609
0.6607398
0.7867035
0.4526854
0.4525034
0.4956729
0.5425916
0.7320967
0.6765809
0.6710055
0.4416526
0.3659041
0.2941215
0.2807276
0.3587350
0.2483025
0.4659850
0.7909729
0.6445499
0.3330925
0.4786031
0.6631101
0.3912473
0.9971423
0.4929008
0.6615346
0.5453722
0.8389370
1.0443479
0.8446265
1.0513098
1.0923024
1.0413709
1.0097071
1.3250436
0.9489735
1.1142308
1.2411702
1.1094498
1.1241128
1.3371836
1.2550075
1.0794768
1.1702780
0.8647339
1.0772028
1.3402670
1.4893101
1.2351494
1.1046973
0.7434409
0.8219127
1.2389500
0.9558553
0.8912341
0.7384789
0.5284602
0.7702171
0.6793033
0.8274071
1.0450494
1.0120377
0.9976909
1.0966868
1.1046128
0.9056759
1.1470961
1.3905008
1.4641843
1.6608222
1.7115484
1.6767475
1.5562611
1.5399782
2.0266529
1.5069802
1.4549498
1.5037424
0.7510029
1.9916270
1.3450382
1.3908803
0.8827953
1.1327854
0.8020038
0.7265631
0.6989213
0.9614882
0.3572193
0.4725794
0.5613079
0.2842177
0.9000784
0.3613131
0.5614690
0.6176376
0.4745672
0.6983792
0.6412561
0.4697045
0.2463913
0.2155952
0.3956541
0.3112789
0.6145014
0.8002534
0.4217600
0.4152028
0.6403151
1.1236417
0.3661028
0.6813880
0.4390223
0.6517492
0.4023753
0.6435042
0.5683737
0.7791557
0.4295524
0.5429210
0.3661354
0.6110312
0.5248962
0.5930878
0.5230142
0.4886225
0.6174246
0.5614964
0.6424982
0.4904225
0.4278067
0.2399150
0.4557747
0.3025294
0.7316915
0.7105081
0.4367261
0.5786158
0.5215138
1.0279667
0.4500459
0.7449145
0.8654751
0.5762157
0.4381905
0.6390724
0.4061471
0.3972391
0.4969642
0.3810606
0.5383965
0.3874887
0.5923175
0.4346639
0.3010317
0.3831978
0.8950298
0.6278547
1.0638923
0.5004263
0.4354351
1.3686882
0.7509574
1.0562842
1.3885964
1.1992231
0.5083440
1.0808305
0.7644437
0.3276106
0.4001010
0.5741512
0.4971761
0.4808819
0.6538055
0.7557808
0.5153078
0.7182928
1.4249853
0.2939643
0.6400539
0.4113214
0.7184075
0.7433561
0.5096039
0.3897838
0.5417092
0.5241683
0.4249810
0.4151320
0.5138103
0.4480039
0.1695853
0.3616018
0.3392757
0.6916919
0.2965220
0.0506375
0.7767463
1.3871229
0.9136767
0.4902312
0.7806129
0.5794244
0.8124669
0.3380482
0.8444953
0.9681925
0.2769835
1.1752429
1.1322730
0.8659676
0.8561341
1.3164405
1.3494206
1.7999932
2.2187046
1.6232113
1.7413692
1.2381778
1.3410732
1.8455525
1.7566254
1.5492378
1.3086942
1.4749796
1.2870002
1.2767897
1.5693948
1.1686942
1.4293821
1.3894247
1.1593775
1.2436287
1.0430276
1.4855093
1.1147785
1.0753620
1.5611424
1.1468170
1.0877539
1.0041459
1.0144959
1.0354090
0.9009333
0.9950835
0.9154101
0.9278576
0.8403426
0.8348056
0.6741140
0.6840723
1.0789744
1.8396706
0.8222152
1.4649389
0.4109274
0.6485345
0.5237526
0.7105901
0.9335905
0.5807699
0.6491937
0.7321625
1.0291227
1.2104596
0.6128389
0.7733864
0.5165599
0.3520375
0.6108983
0.3651869
0.6120135
0.4253896
0.8965397
0.8821949
1.3584506
1.1308148
1.0164030
0.8236535
0.3704369
0.7130618
0.7393270
0.8482087
0.3960937
0.5092576
0.8140001
1.0547246
0.7303332
0.7517618
0.5076888
0.3378195
0.8576539
0.4995497
1.0078426
0.4600056
0.4382731
0.2204012
1.3536284
0.9684199
1.2792788
1.7462083
0.3930841
0.4162339
0.9837466
0.4399044
0.9242454
1.1522980
1.1914909
0.8580358
1.0629033
1.1078831
0.9071419
0.6034639
0.9358731
0.2364504
0.5800918
0.7763941
1.2819419
0.7015624
0.6044351
0.4878820
0.7692966
0.6706126
0.5548669
0.9692571
0.6042342
0.9251306
0.9594503
1.0474012
1.4517054
1.1942761
0.5329969
0.6682573
0.5061044
0.3805234
1.3309512
0.9059294
0.9492528
0.9470958
1.2941156
1.3475816
1.0208244
1.0592920
0.8953221
0.8326831
0.5948892
0.9640697
0.6885115
0.8377463
0.6667789
0.8282746
0.7984996
0.6931145
0.7133523
0.8942088
0.6263517
0.6867423
0.6166326
0.5881227
0.4765234
0.5624494
0.6348300
0.7534018
0.8466813
0.7021107
0.6423431
0.8192721
0.6056291
0.6518184
0.6015757
0.9372208
0.5573537
0.6734402
0.7862828
0.6370556
0.7095470
0.4659056
1.0467306
0.4480372
1.1687028
0.4867317
0.4662247
0.6751887
0.6658111
0.8001690
0.9291385
0.9224361
0.8911267
0.8655938
0.5802864
0.5240882
0.4356596
0.4316799
1.0417535
0.9774083
0.3955864
1.0500012
0.9250905
0.4119542
0.3985873
0.6823470
0.6120357
0.6872276
0.4032203
0.8827761
0.6174884
0.5780086
0.8548486
0.6466894
1.1910732
0.2546692
0.5734858
0.6443820
0.7774483
0.8206193
0.3007377
1.0687586
0.7726226
0.2038146
0.5088686
2.1586894
0.9012473
0.6894448
0.7709739
1.0827991
1.2395334
0.6845841
0.6217834
0.7619976
0.4238742
0.8136029
0.8652009
1.0216491
1.0528954
0.5823663
0.7962459
0.2987330
0.3890473
0.4034947
0.4953104
0.5317336
0.7610118
0.5761227
0.4812686
0.8189596
1.5915826
0.7126894
0.3343747
0.8847633
0.5370893
0.9460883
0.5695728
0.8569396
0.6064685
0.8226536
0.9713666
1.5201349
0.9391290
0.5907610
1.0750724
0.8826995
0.5679942
0.7631568
0.6660069
1.3166957
0.3368233
0.5107825
0.5733598
0.8677741
0.9538415
0.9516154
0.7636553
1.0260608
0.8692111
1.2195024
0.8910421
0.5039354
0.6607138
0.5779602
1.3097817
1.1289740
0.5144392
1.0522776
0.8808144
0.4624052
0.4934460
0.7659075
1.3093602
0.5549333
1.4622425
0.5144689
0.7931246
0.4212096
0.7087728
1.2374619
0.7049081
0.1883295
0.5800524
0.6432872
0.7526965
0.4025806
0.8227788
1.1784921
0.9364951
0.8395325
0.6695605
1.5885723
0.6100162
0.2731664
0.9356817
1.0222298
0.6863599
0.5100828
0.5610889
0.7217858
0.7190364
0.7512599
0.9426221
0.5339253
0.5795998
0.6103291
0.3507422
1.0844523
0.5986847
0.4819915
0.9597754
0.4166813
1.0663101
1.4426809
1.3965720
1.2002890
1.4347101
1.1032620
1.4849158
1.4271754
0.7316884
0.9447143
1.7551437
1.1335774
1.4042754
1.1185403
1.0345540
0.8018741
1.7638942
1.6208225
1.7072691
0.6436332
1.2266141
0.5462308
1.4096722
0.8540008
1.7471043
1.1275341
1.6168215
1.2975438
1.1020265
0.8841741
1.3479646
1.4268562
1.6133353
1.3731181
1.2531346
1.5480552
0.4443828
1.3402515
0.9734785
0.7251802
1.2192008
0.9091624
1.3911617
0.6953646
0.5219145
1.5686202
0.8896003
0.6486076
0.6670813
0.2380221
0.8184499
1.2349679
1.2413834
0.4986320
0.8191175
0.3686740
0.4209780
1.2410105
0.9890720
1.1154297
0.3423567
0.6457506
0.3792487
0.6616975
0.5743975
0.8656851
0.4857897
0.8180238
0.8784600
0.7782941
1.0115488
1.2161329
1.0518411
1.5101789
0.5735976
0.8221387
1.1290574
0.8168706
1.0948952
2.1620903
1.5529751
0.7595377
0.1341101
2.3216039
0.3176814
2.7868806
2.4330592
0.6455098
0.4539340
1.6781802
2.0176670
0.6252456
1.0164561
1.6362634
1.2142785
0.7703209
0.3265752
0.9237000
1.1947852
0.4759429
1.0120069
0.7490203
2.2635781
0.9740312
1.4881856
0.4484613
1.5487844
0.2920972
0.1396992
1.1509415
0.9119205
1.7244377
1.4230667
1.6547011
0.8175041
3.7763187
0.6522419
2.2409858
0.4237331
3.6127830
2.5673086
0.5656524
2.4768829
0.4736821
0.4874875
2.9472242
3.1845679
2.7689311
1.7226421
2.0377887
1.5475616
2.2972226
2.8513663
0.0956007
1.3016318
1.7554262
1.2325828
2.0084048
3.7232721
0.3127892
9.6994514
1.8225306
4.5296408
1.4609379
1.8959047
2.9264994
2.7957984
2.9946935
5.0913589
0.4481931
1.3127655
1.6440516
2.9786362
1.7161853
0.6663791
3.9745645
2.2905460
1.1618364
2.8786017
3.5700092
1.4065588
2.9438580
3.5140351
0.9572929
2.4821202
2.5815855
0.9080482
2.3537844
1.5425066
1.2709648
2.0879522
1.0797805
1.0921048
1.3898205
1.0625451
0.4047681
0.9925201
0.8442906
0.5004334
0.7644208
1.8407428
1.8551183
1.0596009
1.3448835
0.8468632
1.5357495
1.2718576
2.1693586
1.6644518
1.0901721
0.8328066
2.2067490
0.6351071
0.5876926
1.8338741
2.0998369
0.8741609
1.3721678
1.0604893
0.5135682
0.9177949
0.5609573
1.7876632
0.8665919
1.7323886
2.1534171
1.2002990
2.1313039
2.0839788
1.0978859
0.4878967
1.1320984
0.8833773
1.6657911
1.3908410
1.4575983
1.7109874
1.1226510
3.0702615
2.3294061
1.1899662
1.2608268
2.9325327
1.5768759
0.9696672
0.8490531
1.3821488
0.7341764
0.8372669
0.8041080
2.0637040
0.7059987
1.4264293
0.4646429
0.7063732
2.6151259
0.3380510
1.4948430
2.3512550
0.4709894
2.1723568
1.7211426
1.7136400
1.7278457
1.9483544
1.6371740
2.0856212
2.0887029
1.0525407
1.7030134
0.4601773
1.6464567
1.5689719
0.9067119
1.6699433
1.5551808
1.7070292
2.1333625
1.9459546
1.7945563
1.3713238
1.8438928
1.9386416
2.2382869
1.8300561
0.7205049
1.1390077
1.4006143
0.8131166
0.3724276
1.8996622
1.2146978
0.5188279
0.3635456
1.3053064
0.8032873
0.4419018
0.4667603
0.7487610
0.5307096
0.8269444
0.4893465
0.5515702
0.5201304
1.1136326
0.9970762
0.9439493
0.8084826
1.2955226
1.6763643
1.5667936
0.4466328
0.7842984
0.9572725
0.7094682
1.2877644
0.2149656
0.6827398
0.8840320
0.4237668
0.2320771
1.1813040
0.7404070
0.7119249
0.8745727
0.7096728
0.9270518
0.7634782
1.2777856
0.4929557
0.9730512
1.2605589
1.2781057
2.0523771
0.2204372
0.7618546
0.4734787
0.4498807
1.2520035
1.8305211
0.8215706
1.2944155
0.1403633
0.6854744
0.8727341
2.0548375
1.9855217
0.8741014
0.8719540
1.8569541
1.5588851
1.3765753
1.3264521
0.5950496
0.8141607
1.6488729
0.7668504
1.3765136
0.8945651
1.3130869
0.9795002
0.9099872
2.3993074
1.4890784
0.5959493
2.6417190
1.5218701
1.8359225
1.6357731
2.1380751
0.3842270
2.6940949
1.5582303
2.0428620
1.1314639
1.2550600
1.0626669
1.5606812
1.3214191
0.3433552
1.6482537
0.5329624
1.2872902
2.7409504
2.2442355
0.4750995
1.0563161
1.1222670
1.4211763
0.9502985
1.2236115
1.0772530
1.2424460
1.7351607
1.7216441
1.6131517
0.6675922
0.8721706
0.5857342
1.4603821
0.9133456
0.7131475
0.9036163
1.1678758
0.8165478
1.2899073
1.1145496
0.6638914
1.1800477
0.6060645
0.3493093
1.1845650
0.3675805
1.2643833
0.1509465
0.9295726
0.3931095
0.7480515
0.6255843
0.3511800
0.5201930
0.5527350
0.6019385
0.3931112
0.2694255
0.3221023
0.0402883
0.3152772
0.4950791
0.2222703
0.2750962
0.2097952
0.4676977
0.2331767
0.5144929
0.3509592
0.2982672
0.1883431
0.4385199
0.2016717
0.2973766
0.3406052
0.2723747
0.4658752
0.3595419
1.0665054
0.8524919
0.5181559
0.7846089
0.6944363
0.7485758
0.3736165
0.3264249
0.5694932
0.1670951
0.8513038
0.2791354
0.0605107
0.2634302
0.6662835
0.9804031
0.2007298
0.2280495
0.6307298
0.3097416
0.5314069
0.2338390
0.6387611
0.4589670
0.7476744
0.3591133
0.8478730
0.6432791
0.5344614
0.5393475
0.5844581
0.5491702
0.1800011
0.4685233
0.4512691
0.4153126
0.5662417
0.3859755
0.1944885
0.3596084
0.1675446
0.1699728
0.2518208
0.1432399
0.0776430
0.3396605
0.3326186
0.4399109
0.2202232
0.2083961
0.2035586
0.1142162
0.3062042
0.2338043
0.3674775
0.2652888
0.3179585
0.2432361
0.5063610
0.5749830
0.3178052
0.7423349
0.4034794
0.5289527
0.7254960
0.5737481
0.3519183
0.5842262
0.4098062
0.6817750
0.4470542
0.3430303
0.1098996
0.6027415
0.7197647
0.4812027
0.7860643
1.0077063
0.7782028
0.7649371
0.5222580
0.8766396
0.9865248
0.3211921
0.8625088
0.7728899
0.7012662
0.0681178
0.6035222
0.7172904
0.7282356
0.7634697
0.6821845
0.8233901
0.6582918
0.6412380
0.5095906
0.5320834
0.6316292
1.0139111
0.6686016
0.7069151
0.9065655
0.9386487
0.7532026
1.0742197
1.1370890
1.3693696
1.0369588
1.1420452
1.0569033
1.3863341
1.3947278
0.8444082
1.1626373
0.9576924
1.0207758
1.2883005
1.0157803
1.2936808
1.2825409
0.7519349
1.5263175
0.9622798
1.0594029
1.0201195
1.2272719
0.6643734
0.6456815
0.9068726
0.7633399
1.1089731
0.6960370
0.8304816
0.7953166
1.0247842
0.8945461
1.0677233
0.7662155
0.6441919
0.4049184
0.4360599
0.7205853
0.6605815
0.4806437
0.5281967
0.3810477
0.2179073
0.1823485
0.3221168
0.3432803
0.2609985
0.2980390
0.7669760
0.3163182
0.1704604
0.1541856
0.6551239
0.3200241
0.1649668
0.3761772
0.2200471
0.2746623
0.2788087
0.4745013
0.5650643
0.5311318
0.4426001
0.4199686
0.3766571
0.6068478
0.8811157
1.1804057
0.3112757
0.7222325
0.7580228
0.7643573
0.3892565
0.8140423
0.4653090
0.5444606
0.9937583
0.5675582
0.3523608
0.7216275
0.4866512
0.4869946
0.8417112
0.7026451
0.5318614
0.8330469
0.6593241
0.8470235
0.9390567
0.7430473
0.7107062
0.1829025
0.3607840
0.3416528
0.4738303
0.7338585
0.4506495
0.6266137
0.3681941
0.5056604
0.5699211
0.5336347
0.8938170
1.0155818
1.4432772
0.8518440
1.0437775
0.5767659
0.6594695
0.2863710
0.5083937
0.6612689
0.3208538
0.6817538
0.8474166
0.9049090
0.9490208
1.0030635
0.6989191
0.7713748
0.3163344
1.1576178
0.9210175
1.5295610
1.2409153
1.0955594
0.8685578
0.7091500
0.9869465
1.0918840
1.0789975
1.0778008
1.1385351
1.5123636
1.2697689
1.0217073
1.0455774
1.4529514
1.3438701
1.6667200
1.0995621
1.2639973
1.9104955
1.1078882
1.6366980
1.4131386
1.6898453
1.8568764
1.4034045
0.7664502
1.4588005
1.5357855
1.5121009
1.6220961
1.7152206
1.9174982
2.2357090
0.5289631
2.4082965
2.0997673
2.0242305
1.7127555
1.7203940
1.0323377
1.3018928
1.6291340
2.3915712
2.0075794
2.1177568
2.4560114
2.1247742
2.1340351
2.8753012
1.4621436
1.3236604
2.3976568
0.5612578
1.7248735
2.5642563
0.9701022
1.8136637
1.4458045
2.9158000
2.8617129
1.9686592
2.6744058
2.9191222
0.9452637
2.0597447
1.9733730
2.2097480
1.7651212
0.7334188
2.0671239
3.6949970
1.1098506
1.5234928
0.5734084
0.6663982
1.2981868
0.9377302
0.8441525
1.2628022
2.1362499
3.6163108
2.7768676
1.6750362
2.7029013
1.2695778
2.5457682
1.5787380
1.5434000
1.1635076
1.2079636
1.0848188
1.6175198
1.1454316
2.5126892
1.8821695
1.2876964
0.4350747
2.1883427
1.8233276
2.7595882
2.0972597
2.7990337
1.3868565
2.3266503
3.5403890
0.5804237
1.6370892
0.4803598
0.6267436
1.1216048
0.7834408
0.4595070
1.2344816
1.5633040
0.7471650
0.4123848
0.7092276
0.7681972
1.9783677
1.2441437
1.8646385
0.6254772
0.4237497
0.6476672
2.1992691
1.3743367
1.6495727
1.2888135
0.9368992
0.7459720
1.4065989
1.5802496
0.7418441
0.3588372
2.6141269
0.4725480
0.4609309
1.8012523
0.2977706
1.1954654
1.6926004
1.0248912
1.3881085
1.8105330
0.7978250
0.7553281
0.9241659
1.3515429
0.6757131
0.1102564
0.2909078
1.7327635
0.4668545
1.3177023
2.7970138
1.5601388
0.5649578
2.0827598
0.4988719
0.4300480
1.2986293
1.6280229
2.9376991
1.9140688
1.7278548
0.6319474
0.3835713
0.6789033
0.6116726
0.6334176
0.6989414
0.8306301
0.6032320
0.7428668
0.5296490
0.3339258
1.5025263
0.8808900
0.9849567
0.4175803
0.5160578
0.9992982
0.3327711
0.7874712
1.1493970
0.7739942
0.2483521
2.6919700
2.0870978
1.5395437
1.0037348
0.2164653
0.8193566
0.5325823
1.2734268
0.6056329
0.2024135
1.3812153
0.6960560
0.9968421
0.6921422
0.3729960
0.3066687
0.7053833
0.6048670
1.2711189
0.1750820
0.4484383
1.8087609
0.8797995
1.2263540
0.9103846
0.3262979
0.6624526
0.8017542
0.8316503
1.1199403
0.3069119
1.1205615
1.1287105
0.3751445
0.6604788
1.2740499
0.9740636
0.7954990
1.1940088
0.5206899
0.8985139
1.2555170
0.6390083
0.7358562
1.2685115
0.3849442
0.6335813
0.5661571
0.4880377
0.3622471
0.5920969
0.4409737
1.1432713
0.5924980
0.6302690
1.0065760
1.2106127
0.6346713
0.6377399
0.4668245
0.4253960
0.9234796
0.7428409
0.6574235
0.5913084
1.2514507
0.3088131
0.5084504
1.3548989
0.3610398
0.6320166
0.5196441
0.8966031
0.6364080
0.5405299
0.5265308
0.7937975
0.8121637
0.8041924
1.0746943
0.6708816
1.2179669
1.1425540
0.6388578
0.7432055
0.3613247
0.6104700
0.4541012
0.3258607
0.5649768
0.2513452
0.8199561
0.6077874
0.3754161
0.9665083
0.5410287
0.5545022
1.1701854
0.3807746
0.7443107
0.8434747
0.3251247
0.4939700
0.3127418
1.2724975
0.6952176
0.4346558
1.1200588
0.2119898
0.3109018
0.4254871
0.8924691
0.6140649
0.3197765
0.1644184
0.3375634
0.2025209
0.4012806
0.6728496
0.2065665
0.3432344
0.5742600
1.0195834
0.3377527
0.4216617
0.2862218
0.1823024
0.3738295
0.3897540
0.1881164
0.7943154
0.3331556
0.2349410
0.1712571
0.2051810
0.2265156
0.1946331
1.0700412
0.8649715
0.6485721
0.1194332
0.3354140
0.4483155
0.2316798
0.6111550
0.5130038
0.3890433
0.2845077
1.2761027
0.0981790
0.2610230
0.5222242
0.2935207
0.5180468
0.8998774
0.4445948
0.3573801
0.1690049
0.4631767
0.6547680
0.2336155
0.2593207
0.8940191
1.0037163
2.3294120
0.2474242
0.1253948
0.3218646
0.7886502
0.4141794
0.3314663
0.3419478
0.9139799
0.2783296
0.7138931
0.2086097
0.8338519
0.4614212
0.1803938
0.5966093
0.7744265
0.8241249
0.2670880
0.1473873
0.0959903
0.2076691
0.3956849
0.5299119
0.3976070
0.4410213
0.7128169
0.7964778
0.4784996
0.1431574
0.3659770
0.1333010
0.9032469
0.8757951
1.3829144
0.2264945
0.5576193
0.5938054
1.0163289
0.1954031
0.5588328
0.3870737
0.2980041
0.2770521
0.3827018
0.5163910
0.2000186
0.4631824
1.2075325
0.7737606
0.4047707
0.4312825
0.1333762
0.6249318
0.2575827
0.2416102
0.7292313
0.4137316
0.1704672
0.2358258
0.7804172
0.3630844
0.2180586
0.6662123
0.3193601
0.2713716
0.4675863
0.3199655
0.1941829
0.1164950
0.2274322
0.3842362
0.6166333
0.4930375
0.4250667
0.3135060
0.6075290
0.5285260
0.3636995
0.5228897
0.8451697
0.3664454
0.6592891
0.9424272
0.5262533
1.1567061
0.5212873
0.5088894
0.6410097
0.9553878
0.7255721
0.7521389
0.7365112
0.7089014
0.6920519
0.7006246
0.5820506
0.6368265
0.6559425
0.9728111
0.8683856
0.7354806
0.4708407
0.9823928
0.7533037
0.6057059
0.8613765
0.6473728
0.7487076
1.1541917
0.8913877
0.4864890
0.5778869
0.9705142
0.8629314
0.6740912
0.7477051
1.1015574
1.1629364
0.9756168
0.5738921
0.8845847
0.7077788
0.7483959
1.0619099
0.5490215
1.4965937
1.1785425
1.0031253
0.9117304
0.9647627
1.3095960
1.5123140
0.7765255
0.6698850
0.8519733
1.1720733
0.8149168
0.6557461
1.2682423
1.4216364
1.0142634
1.5371296
0.5412969
1.0511217
0.8235574
1.2190618
0.9864576
1.1702195
0.6200260
0.4094918
0.4273932
0.9672565
0.7927732
0.4428724
0.8439315
0.6063622
0.9089149
0.5478191
0.7433590
0.4052911
0.6767239
0.9335337
0.8642058
0.9638585
0.8731276
0.8606145
0.7905176
0.7627738
1.0987949
0.7033022
1.4571199
0.7743941
0.8079151
0.8670577
0.7808062
0.8720285
1.0181883
0.9676468
0.9961127
0.8787012
0.8880586
1.0183432
0.7263274
0.8107328
0.8918677
0.9438837
1.1806553
0.8663044
0.7344767
1.3412062
1.0187981
0.8471294
1.1381772
1.0095764
0.7562224
1.0599628
0.7696521
0.5451683
0.8407652
0.9804412
0.9829406
0.9522574
1.2211378
1.0250186
1.1062874
0.9766853
1.3303908
0.9164082
1.0201243
1.0235348
1.1061648
0.9758593
1.2803448
1.4597358
1.0069682
1.3666069
0.9386814
0.8660270
1.1876447
1.5844672
1.4083129
1.2785000
1.0432225
1.4911851
1.0915802
1.2271263
1.3061428
1.2006707
1.3136674
1.1207323
1.0566732
1.0029176
1.1053184
1.4399515
1.2599526
1.0813507
1.4381525
0.5225776
0.9545282
1.2920073
1.1281502
1.2875503
1.1735283
1.3629834
1.1600871
0.7496731
1.2091248
1.2794274
1.4202933
1.1985014
0.7801458
1.1587164
0.9463346
0.6512044
0.7021636
0.8163316
1.2360720
0.9488824
1.1301377
1.3966077
0.3223073
0.8175484
1.1955643
0.8857587
1.2583170
1.5264306
0.7273510
0.6465385
0.7080104
1.3920739
0.6017360
1.2765737
0.6926868
1.2281857
1.0363604
0.6902933
0.7816291
0.8950027
0.7231467
0.4969105
1.3830450
0.7727140
0.6389951
0.4733761
1.1376233
0.6197734
0.8806221
0.7202806
0.1870242
1.1259950
1.0030446
0.6878049
0.4202552
0.5629854
0.9906649
0.3252451
0.4419013
0.3556362
0.6280035
1.1112622
0.3823875
0.5041585
0.6745537
0.5010732
0.5366106
0.9716128
1.2510033
0.7132679
0.7087871
0.4071550
0.8436149
1.1608800
0.5961476
0.6097237
1.1454071
0.8514045
1.1374406
1.0469619
0.7019417
0.5878526
0.3633128
0.7908338
0.7103526
0.4734518
1.2718486
0.8925255
0.4438794
0.8214225
0.6401683
0.7734531
0.9126113
0.5547213
0.9501499
0.8790314
0.6713293
0.6878896
1.3953382
0.4430675
0.5870211
0.7932691
0.6584322
0.5604852
0.5614353
0.5493510
0.8245678
0.4158245
0.7727635
1.0678399
0.7671204
1.1296905
0.5991442
0.5403917
0.7775023
0.5751788
0.4969622
0.3451936
0.4290658
0.5273957
0.4956911
1.0767887
0.7195379
0.4611217
0.7537988
0.3186682
1.2602787
1.1659627
0.2628903
0.5382975
0.4761590
0.7500284
0.5329969
0.7784694
0.5286752
0.5405912
0.7420717
0.5702252
1.5082332
0.5685137
0.7666160
0.8063371
0.5597309
0.5338758
0.9719820
0.7200681
0.9879306
0.5380941
0.4994533
0.4872576
0.6337687
0.6416834
0.8511007
0.7149967
0.8408267
0.4811815
0.4843532
0.2070548
0.8336711
0.8347169
0.7539616
0.8021586
0.7411825
0.5306385
0.4475786
0.7143982
0.5573438
0.5720634
0.6992717
1.0834118
0.5635722
0.5717911
0.4539800
0.8068732
0.8340730
0.7918772
0.6197679
0.5209001
0.4495773
0.7635438
0.8587905
0.7636629
0.9269602
0.6112538
0.2238564
0.6265076
0.5947930
0.9780908
0.5839408
0.7147544
0.8819341
0.4420045
0.6312668
0.4506806
0.5190469
0.7720822
0.4765753
0.6851965
0.8172443
0.7448052
0.8432793
0.7530046
0.4119155
0.5506523
0.6702308
0.6286527
0.3660132
0.8478929
1.1326625
0.6890567
0.3589292
0.4006684
0.8923064
0.5621612
0.7211323
0.6004915
0.8255160
0.8522484
0.6985782
0.8833566
0.4383181
0.8760647
1.2594887
1.1574602
0.7319992
0.6834797
0.6798971
0.5317632
0.5143537
0.8336455
0.6340815
0.8237118
0.9373924
0.7994813
1.0515524
0.4725279
0.7194382
0.6565168
0.5505200
0.5994997
0.7704450
1.0640071
0.6284643
0.5172053
0.8986356
0.7848175
0.8135787
0.6093964
0.8173279
0.6486884
0.6718218
1.0510025
0.5244236
1.3898233
0.5523353
0.5479533
0.5458589
0.6686593
0.6018572
0.8125255
1.4975125
1.0347909
0.8172083
1.4063630
1.0164854
1.2483156
0.9290348
0.8314180
0.9639831
0.8811976
0.7286526
1.0534413
1.5738851
1.1792952
0.9322377
0.8738515
1.4994865
0.9264450
1.4788838
0.7568221
1.0751865
0.8331010
0.9994969
1.1220039
0.5245875
0.4890114
0.6583803
0.3178057
1.1679926
0.6246924
0.5105374
0.3068430
0.9184357
0.4317443
0.4861206
0.3580711
0.3967730
0.3891797
0.5456440
0.9930353
0.5138804
0.7020229
0.7166008
0.6227665
0.6057606
0.8158383
0.5030139
0.3088044
0.2740536
0.2816492
0.2815598
0.3118721
0.6953752
0.5367685
0.7356033
0.5327122
0.7999474
0.5732083
0.7555544
0.5281351
1.0286668
0.7038719
0.3572823
0.6586959
0.8257860
0.7999075
0.6553138
0.7768026
0.4754151
0.4922007
1.2297170
0.6276163
0.9116133
0.2610207
0.3381689
0.4097725
0.9222662
0.6698899
0.5410193
0.3780755
0.4354662
0.3951100
0.6495889
0.6853837
0.3947031
0.5948782
0.5873723
0.4102715
0.2954892
0.2845195
0.3619158
1.0732056
0.8548235
0.2324406
0.6375137
0.4043096
0.9711302
0.2813185
0.5512439
0.7335307
0.8315222
0.7703931
0.5754260
0.6282360
0.4627320
0.4263350
0.7837844
0.7589211
0.6458208
0.7014869
0.7392672
0.8344436
0.4488985
0.8034110
1.3693060
0.5802226
0.5167511
1.5428254
0.5669515
0.3467780
0.9549116
0.4619449
2.0738898
0.4159487
0.8389783
0.5040690
0.6989914
0.8964866
0.5988905
0.3020582
0.7434820
0.8714075
0.7728331
0.4985986
0.5397601
1.1992518
0.3270530
0.4676790
0.4205831
0.3723431
0.4059986
0.3201703
0.5979640
0.5310213
0.6175144
1.0561153
0.4983065
0.4190911
0.6869532
0.3225124
0.3373176
0.7864567
0.7396321
0.3767041
0.3740100
0.7712264
0.3823200
0.6360486
0.3426488
0.3016807
0.4217421
0.3849462
0.5658289
0.5723899
0.4352388
0.3203593
1.0092568
0.5034899
0.5972862
0.9830411
0.7709139
0.9667690
0.5977248
0.7505610
0.6271708
0.4980949
0.4586009
0.8802103
0.6893590
1.0572530
1.4478053
0.5332488
0.5836312
0.3186244
0.5057860
0.3363969
0.3990083
0.8045362
0.8369962
1.3846967
0.6372155
0.6056413
0.6185946
0.4916121
1.0137846
0.8854684
0.6411570
0.4969196
1.0689013
0.5294489
0.9218425
0.4177135
0.4935875
0.5801693
0.4627536
0.7578627
0.6572902
0.5977026
0.4392381
0.8427063
0.8322746
0.4282884
0.5494400
0.7820100
0.9660039
0.4189256
0.5866484
0.4374735
1.4822903
0.5151180
0.6810027
0.5696962
0.3401476
0.7415162
0.4670432
1.0899852
0.6617066
0.4731735
0.2768846
0.2606941
0.6088478
0.9303252
0.5718659
0.4815336
0.6019171
0.7311490
0.6058298
0.5496653
1.0046618
0.7067002
0.2978368
0.5570565
0.7254292
0.4021587
0.5970506
0.5241762
0.7567843
0.3835546
0.5782987
0.7546617
0.3968548
0.2735232
0.9336847
0.5516783
0.3323348
0.7241859
0.5079481
0.4572928
0.6653243
0.8449323
0.8003008
0.5042347
0.8728769
0.8138999
0.8692490
0.5306539
0.7348524
0.5699952
0.7267551
0.4124489
0.3994944
0.5175515
0.4930354
0.5604262
0.5499195
0.9297364
0.3938967
0.7121150
0.7301606
0.8924372
0.5268017
0.8250099
0.7647753
0.4779763
0.6883813
0.6129465
0.3811276
0.5795430
0.4749791
0.6348785
0.2695877
0.9870129
0.4619946
0.6693184
1.3522813
0.7375000
0.3166951
0.3845966
0.7991589
0.6265677
0.6520217
1.0257711
0.4157625
0.4644117
0.3298396
0.6985485
0.4404359
0.5685413
0.6423999
0.3636662
0.5499305
0.8592295
0.7905133
0.6591916
0.3538620
0.8479183
0.5563001
1.1091680
0.3606837
0.5396929
0.5709312
1.0428917
0.5296443
0.2947884
0.5799107
0.5788047
0.5211761
0.6218823
0.6355882
0.3003520
0.4879309
0.4483241
0.2982968
0.4213232
0.4721427
0.7193664
0.4353993
1.1185391
0.4091943
0.9410758
0.3169740
0.5579823
0.7637376
0.6599888
0.7179126
0.8760341
0.8191101
0.5495219
0.7455214
1.1491665
0.9683183
0.4429329
0.6266300
0.8216487
0.5706998
0.5125666
0.7272740
0.3782025
0.3061832
0.6498983
0.4374346
0.7169128
0.5056314
0.6297879
0.7329028
0.4201953
0.5760288
0.4131138
0.6189753
0.6545846
1.1116568
0.3272592
0.8683221
0.6739179
1.0364961
0.7300899
0.6730225
1.3440691
0.8885217
0.2992821
0.9879617
0.6384730
0.8451251
0.7720365
0.3863093
0.2487432
0.9837005
0.6541143
0.6761719
0.3478555
0.4125822
0.6463804
0.3890484
0.4907978
0.4914112
0.4716251
0.4610639
0.6507219
0.3295894
0.6002175
0.5241032
0.4969597
0.6115587
0.6087404
0.3664596
0.3855654
0.5715842
0.6124530
1.1271986
0.4861308
0.5284142
0.9437314
0.8180166
1.1787370
0.8148644
0.5590160
0.7507896
0.5921621
0.3431915
0.9065914
0.4887265
0.6600400
0.6541942
0.9846099
0.4689695
0.6334954
0.3190833
0.9356786
0.6382413
0.4959756
0.9149027
0.7592560
0.6909326
0.6670372
0.6622176
0.4840697
0.6769541
0.5705912
0.3880627
0.8297562
0.5015851
0.6710495
0.5937469
0.4311362
0.5845601
0.4798149
0.3770399
0.6013965
0.5538115
0.3845398
0.5518220
0.4318490
0.4111797
0.4783553
0.6560789
0.5718612
0.6001248
0.7364557
0.3988684
0.4485257
0.3147693
0.4892348
0.3971511
1.0438541
0.6360314
0.9752025
0.5474967
0.5515173
0.3639771
0.4642124
0.6638239
0.5610442
0.6051612
0.8165511
0.5838367
0.3994606
0.7330791
0.4209784
0.4095263
0.5132151
0.5563282
1.0236941
0.6288952
0.7927605
1.1747015
0.6165235
0.5625674
0.3175563
0.4310465
0.3857534
0.7208210
0.4494129
0.6833665
0.5926516
0.4450555
1.0010413
0.5569918
0.8512013
0.2681927
1.2315382
0.3914777
0.4687265
0.2841796
0.7574371
0.4156581
0.9259754
0.3383156
0.8939075
0.6342850
0.3730925
0.6379002
0.4600155
0.7019246
0.2714719
0.3442513
0.5134223
1.2715673
0.6557242
0.6763092
0.3062721
0.6292530
0.3849532
0.6310956
0.6996736
0.3776011
0.3045924
0.5867377
0.6179518
0.4640687
0.5195161
0.8146562
0.6901407
0.8646117
1.0839768
0.6818605
0.4624339
0.7665389
0.4948525
0.5321403
0.8941941
0.9769930
0.9168141
0.8531295
0.5756794
0.7573440
0.5210149
0.5112588
0.7111705
0.8693033
0.8771225
0.8604587
0.6182449
0.5199456
0.6669933
0.3517432
0.3601720
0.8221433
0.4301178
0.3247109
0.6952628
0.7944048
0.5488367
0.7446952
0.5995417
0.5592231
0.6423534
0.3541673
0.6897147
0.6519276
0.3610553
0.5096861
0.9814324
0.3359170
0.5305608
0.3188021
1.2294658
0.3995116
1.0059631
0.4925205
0.6380289
0.4705468
0.4057940
0.4252324
0.3567459
0.5292395
0.6194234
0.3420558
0.5781700
0.3843951
0.2983971
0.3564226
0.6622902
0.5031133
0.5248310
0.7782641
0.3691219
0.4497177
0.5320088
0.5358432
0.3534805
0.8784164
0.5879802
0.5550667
0.5194373
0.6491462
0.6951568
0.3582426
0.6078070
0.3540518
0.3983336
0.4982219
0.7526166
0.6131833
0.3728209
0.5445312
1.2546136
0.3823221
0.4111455
0.5168423
0.4626683
0.5559470
0.8683906
0.4862046
0.7778575
0.8269420
0.7912926
0.6868163
0.9562534
0.3623540
0.7355456
0.7239527
0.7577355
0.6898542
0.4931419
0.5369916
0.7120211
0.6005697
0.4477347
0.8961683
0.4112767
0.7328529
0.2747138
0.4529888
0.7013122
0.5265280
0.6944294
0.7225397
1.0356930
0.3463666
0.7503405
0.3712141
0.6130507
0.4183687
0.6360482
0.4677225
0.5667368
0.4251465
0.5130982
0.5443073
0.7990725
1.1987126
0.9963979
0.3559241
0.5898544
0.3572704
0.7130402
0.5893576
0.2961791
1.2577409
0.4251978
0.7225142
0.6826178
0.3017406
0.5000679
0.4983124
0.5183003
0.5022266
0.5781926
0.3377594
1.0662972
0.5928313
0.3716848
0.7262529
0.5203052
0.2949314
0.4369910
0.7200144
0.4557688
0.6814697
1.0278595
0.5917070
0.5279964
0.8439195
0.3214206
0.7036633
0.8812707
1.0975963
0.3970629
0.4036637
0.6538388
0.6069878
0.4206163
0.2916584
1.1692114
1.5528613
0.5570621
0.6826234
0.5617672
0.5329327
0.5147804
0.4171251
1.1628187
0.5689323
0.4131974
0.3849320
0.6272036
0.3242049
0.7861481
0.6541066
0.5020845
0.7830644
0.5462060
0.7334327
0.2645534
0.6942266
0.6178099
0.2540165
0.3806528
0.7970129
0.8009741
0.4622120
0.4763833
1.0023045
0.4873958
0.8560554
0.9758996
0.7578330
0.5345843
0.4645580
0.4340917
0.8396808
1.0426105
0.8739454
0.4392507
0.5088664
1.0699604
0.6064741
0.6729216
0.4036070
0.6689331
0.6076457
0.5177460
0.5719165
0.7804712
0.6224191
0.4821430
1.0233185
0.5504895
0.6791829
0.4167974
0.3790798
0.3827917
0.2903238
0.5218343
0.6487196
0.5578077
0.5026769
0.7380735
0.8974532
0.5727688
0.3845773
0.4830699
0.5131520
0.6670975
0.5230501
0.5247851
0.5687830
0.2682404
0.3733927
0.3071907
1.0787918
0.7190841
0.8758168
0.2732451
0.7453285
0.3512324
0.9013105
0.7010922
1.1781899
0.6975683
0.4948888
0.4537974
0.5235056
0.4270824
0.6539416
0.5138395
0.6957635
0.4725230
0.9415915
0.6225962
0.7382360
0.4045825
1.0716861
0.6149397
0.4493689
0.7340118
0.9325925
0.3469560
0.3959397
0.5571773
0.5114900
0.5761198
1.1099592
0.6880636
0.3953384
0.2872607
0.5606463
0.8247084
0.7163311
0.3086953
0.5636867
0.4030834
0.4652817
0.6646954
0.5525493
1.1378655
0.6145920
0.4417141
0.3252004
0.8994421
0.4124849
0.7783906
0.8146674
0.4783910
0.7460828
0.3283045
1.0518018
0.5560102
0.4488159
0.5114104
0.8250488
0.6337100
1.3895678
0.4689725
0.7756158
0.3328398
0.2843433
0.4147222
0.5225649
0.4156046
0.4716925
0.5897662
0.4393797
0.5031252
0.2808314
0.8721486
0.3580794
0.7302232
0.8468473
0.4223579
0.5013339
0.6275482
0.5815184
0.9283146
0.8026846
0.4631652
0.7327545
0.4739005
0.7504517
0.8121228
0.3678662
0.4358968
0.8247994
0.6853646
0.5380398
0.5603384
0.6456177
0.5374957
0.5965397
0.7652822
0.6873559
0.5770918
0.5684849
0.4588778
1.1541086
0.5796078
0.3993374
0.3020760
0.3287745
0.7788591
0.8274192
0.6693498
0.5363820
0.3473446
0.5161386
0.5540519
0.8662427
0.5585588
0.6123325
0.4542175
0.6357045
0.8408974
0.4515207
0.3803319
0.4165193
0.6562303
0.3975267
0.7010950
0.8010474
0.8141359
0.6123218
0.4272723
0.4652815
0.5295144
0.5836066
0.4314930
0.4676813
0.4079091
0.2819057
0.3643220
0.7785479
0.5263197
0.6300809
0.4476367
0.4256557
0.3910519
1.0232639
0.4729428
0.8660006
0.8318494
0.4659259
0.3507208
0.4992819
1.0727400
0.8063726
0.3603115
0.7629226
0.4993335
0.7307804
0.4108357
0.9721327
0.4542381
0.5172523
0.5111496
0.4104578
0.6360383
0.9517336
0.3941466
0.4390094
0.5676938
0.5926178
0.5744582
0.5211343
0.6999395
0.5360210
0.7475629
0.3746900
0.5188651
0.6855263
0.4209375
0.5989892
0.4563324
1.2209196
0.3405970
0.8028752
0.6978501
0.3127714
0.3208569
0.3792691
0.5476308
0.9115423
0.8703400
0.4130735
1.2663587
0.6793016
0.6957959
0.3794333
0.4304732
0.6559676
0.5596362
0.4875998
0.2494458
0.5429490
0.4080176
0.7975180
0.5485405
0.2880987
0.8593079
0.3230319
0.7257202
1.3313953
0.4528945
0.4424431
0.5626997
0.6958976
0.6480547
0.6930165
0.6818980
0.4497351
0.8503010
1.1715675
0.7473264
0.5828141
0.3560798
0.6671597
0.5385061
1.2951626
0.6421297
1.3800518
0.6074548
1.1075149
0.4281256
0.4610972
0.7538257
0.6977080
0.5908434
0.5069714
1.2370233
0.8765907
0.7182432
0.5881955
0.5631842
0.2665716
0.6157476
0.4337872
0.7882128
0.3042693
0.3800352
0.7018828
0.5990823
0.3810555
0.4252604
0.4937123
0.4448811
0.6059190
0.5909386
0.5049126
0.8635309
0.4569548
0.9763805
0.4563387
0.3560321
0.3069860
0.5631642
0.6118283
0.6698892
0.3174374
0.6532373
0.2738645
0.2727900
0.5188772
0.7544718
0.6455534
0.5791920
0.3213056
0.6235930
0.6243648
0.4273215
0.8519036
0.8539920
1.2938035
0.5146875
0.3386353
0.6356053
1.4780926
0.5141683
0.2767800
0.4156837
0.6244552
0.5856046
0.8773647
0.4689737
0.3695708
0.7131674
0.4709820
0.3960467
0.7329146
0.4681510
0.7011352
0.5717373
0.4356529
0.6601008
0.6513191
0.9283327
0.6759901
1.0969006
0.5410565
0.5755675
0.5675012
0.4719431
0.6908457
0.7218186
0.4863477
0.7583523
0.6017757
0.5746308
0.5502306
1.3500775
0.3954774
0.8736617
0.3397219
0.5977764
0.4231685
0.3427369
0.5669678
0.5079793
0.6171887
0.5464181
0.4366193
0.8096526
0.9020003
0.6236107
0.3379865
0.6341116
0.5410947
0.2875331
1.0804603
0.4876654
0.4801904
0.6415989
0.4916536
0.3283914
0.8462204
0.7222897
0.7318981
0.5338962
0.3801534
0.3756087
0.6040462
0.4204073
0.3813262
0.3429889
0.6395832
0.3664350
0.3751691
0.2997867
0.4209213
1.0344764
0.2348734
0.7812579
0.9688698
0.3884004
0.6288100
0.7554591
0.4302673
0.7847182
0.4370597
0.8048589
0.8872757
0.4780006
0.7226829
0.4906080
0.4591097
0.7230364
0.2693286
0.4118384
0.6183281
1.0369271
0.7559419
1.1543014
0.8531370
0.3049393
0.5512964
0.6192715
0.4780336
0.7758459
0.8871742
0.4273680
0.2769252
0.4083603
0.3773063
0.5696091
0.6404769
0.5009127
0.9975826
0.4665696
0.6295071
0.6294084
0.4398433
0.5197015
0.5246261
0.4202073
1.2100083
0.5134461
0.5172280
0.8012974
0.9578087
0.5107648
0.6314858
0.5786248
0.5961297
0.4069517
0.5879108
0.4687750
0.4410893
0.6420501
0.5541728
0.6394349
0.6512639
0.4576871
0.5535595
0.8128135
0.4582727
0.4300279
0.2873879
0.3534408
0.4433526
0.3270250
0.8821909
0.5616962
0.7303038
0.5654010
0.4568074
0.7622790
0.7531284
0.8732632
0.5617510
0.4212816
0.5233706
0.5614034
0.6740171
0.9056127
0.7219270
0.4356219
0.2750072
0.5624012
0.5698422
0.4584121
0.3533095
0.4422641
0.4742797
0.2851843
0.5368240
0.3718595
0.3860101
0.4169193
0.6878539
0.4103177
0.5026971
0.3903200
0.8445645
0.6617612
0.7615809
0.3522473
0.5641087
0.5211176
0.5122953
0.7514388
0.5535500
0.6231398
0.4560692
0.5107183
0.5527633
0.5099033
0.7752772
0.9571588
0.5450414
0.2509532
0.4026882
0.7288118
0.9012886
0.6175709
0.9960615
0.5290647
0.8417949
0.7760160
0.5161505
0.6935561
0.4833604
0.5915371
1.0582102
0.6373016
0.5815994
0.6816881
0.4665012
0.4126714
0.8501893
0.5352214
0.6521302
1.4831205
0.4143577
1.7439591
0.4003533
0.4682975
0.4218874
0.6313793
0.3674320
0.5358251
0.4265022
0.5253805
0.3689913
0.7377481
0.3082282
0.3234989
0.4520177
0.3438933
0.3652494
0.7180246
0.2687363
0.3385063
0.5434286
0.8659195
0.4406356
0.5144213
0.8600485
0.4709632
0.4594675
0.9617907
0.5619793
0.6335253
0.5071891
0.7017992
0.6718305
0.2912834
0.8582657
0.4252026
0.8776405
0.5219475
0.7769980
0.4513929
0.8428758
0.9826381
0.4470291
0.3883223
1.1127853
0.5869291
0.7380533
0.5658155
0.7849282
0.5716218
0.9583402
0.4283922
0.7041334
0.9378618
0.8892339
0.8529804
0.3647649
0.5149475
0.6733805
0.3902846
0.4686291
0.7871247
0.5198566
0.4752979
0.3211605
0.5125331
0.6733632
0.5357229
0.5940487
0.3785870
0.9270866
0.5942206
0.4465960
0.6643162
0.6806298
0.6205360
1.1140220
0.7383178
0.4703818
0.4136995
1.2385121
0.7051130
1.2293841
0.6568758
0.5807719
0.6320971
0.5780771
0.5376451
0.3499135
0.5442125
0.5857910
0.6186065
0.4071214
0.8153639
0.6962650
0.6903995
0.9382572
0.2741309
0.6531977
0.3938255
0.6804803
0.8047182
0.4594995
0.7344203
0.5738367
0.2499588
0.7519309
0.4795938
0.7144944
1.1262660
0.9453505
0.5991597
0.5539739
0.7195766
0.5949069
1.0006862
0.7047698
0.8310630
0.5396766
0.6489125
0.6527129
0.3391945
0.3973477
0.5082567
0.5000567
0.7461478
0.3331979
0.5478019
0.2832917
0.7920930
0.7020992
0.4621593
0.4620562
0.7250697
0.4298897
0.6944250
0.5065589
0.6266247
0.6202079
0.3603450
0.4815566
0.7776070
0.4717878
0.9261294
0.3094213
0.5084826
0.6079166
0.8687102
0.9095353
0.7742973
0.3495857
0.5543198
0.8686240
0.2554121
0.4908835
0.4676562
0.4961429
0.4133653
0.3008005
0.7952055
0.5943454
0.7409375
0.4084643
1.0025081
0.8092002
0.5095959
0.4563113
0.1971088
0.5932075
0.7055349
0.4239480
0.3024184
0.2111586
0.5314581
0.5873453
0.4879148
0.6966030
0.4182638
0.5302705
0.8103693
0.2237609
0.3756923
0.9905520
1.0529223
1.0953022
0.3872929
0.5622885
0.6640639
0.7723825
0.5895417
0.4234081
0.8240719
1.0807600
0.5378514
0.7908276
0.7832266
0.6819607
0.7161031
0.3078952
0.3397459
0.7288775
0.5156262
0.3591528
1.0192423
0.7575345
0.7966710
0.6117165
0.6577063
0.8867603
0.7819027
1.2065349
0.4578546
0.5175691
0.9648039
0.3119033
0.3287587
0.5884764
0.3691139
0.6810333
0.8674746
0.7792419
0.5639587
0.5890250
0.8346221
0.4231207
0.5163131
0.7147516
0.4972425
0.5873974
0.5392685
0.6558869
0.5555457
0.4722074
0.4996257
1.1002818
0.5131853
0.4329906
0.6533339
0.6512891
0.4258761
0.4625403
1.2119269
0.6009801
0.9702647
0.4304295
0.6932881
0.4708791
0.4230471
0.6033237
0.6264360
0.3082848
0.4344545
0.5844429
1.1972103
0.1820438
0.9983970
0.7074403
1.0911641
0.7705598
0.8218569
0.6473167
0.6569874
1.0086385
0.5253059
0.5938793
1.0847662
0.6164236
1.2843559
0.6360297
1.1108998
0.6943609
1.3856622
0.6993795
2.5153147
1.8162153
0.9594181
1.1842993
0.6379657
0.5752071
0.8066247
1.1766418
1.9771350
0.7251646
1.9888332
0.9309350
0.9959260
0.6499461
1.4570061
1.5714268
1.3567034
1.2743804
1.0890363
1.1002551
0.9101425
0.8975139
0.7674020
0.6413041
1.4221139
0.7989921
0.5555507
1.0761270
1.3745907
0.6821906
0.7384135
1.1334500
1.0703962
2.4757027
2.7218025
1.1177176
4.0846705
0.9197825
1.0253307
1.0125549
0.3352698
2.0896263
2.3226125
5.5320000
1.3813526
2.4559889
2.2544119
5.5179126
0.4736756
1.5762207
1.3293940
1.8981076
1.8358762
2.1513772
1.9955710
4.0207204
0.4046378
3.0075736
2.5971735
0.3072048
3.8192150
3.7248108
1.3253582
0.5505224
1.6317894
0.9420585
2.1694207
0.3501158
0.4117236
0.8656450
1.0563918
0.8651774
1.4337164
1.1943471
2.2100511
2.6387789
2.2609557
1.3869328
3.8665730
5.0754915
3.9271085
3.8107338
2.9397954
2.2258530
1.1592264
0.6160693
0.7007027
1.2825118
1.4408155
2.7307280
3.0049062
2.5805695
4.4501937
2.1511675
0.5620622
1.2807888
7.2400160
1.8936313
3.6908561
2.3354122
1.1994376
1.2646995
0.6104920
0.9810008
2.6929885
4.2207214
1.7905878
1.1353771
3.2624146
2.1284210
2.7800304
0.5012034
2.1780425
0.7393774
0.2594069
2.4742406
0.8570592
0.9962975
2.2013154
0.7934278
1.8172737
1.9502991
1.6837086
2.3124092
1.2608448
0.6772559
1.2093214
0.6226850
0.4406647
0.3356089
1.3336775
0.8415104
1.4182588
1.1318054
1.6227046
1.0516110
1.2599948
0.8878674
1.1937344
1.5447610
1.1357476
0.7067404
0.5401758
0.6953212
2.0833196
2.2312526
2.3132366
0.1680223
1.7268596
0.5515423
0.1821174
0.7440711
0.7335277
0.5033232
0.9946481
0.4250954
1.5549197
3.4649175
2.0451833
2.3841342
1.4465224
0.9081202
2.0211829
1.0687192
1.6138660
2.0251818
1.1650075
2.5577916
2.0998155
0.8929137
4.3916424
1.8589463
2.1010008
1.8931958
2.7077762
4.6189947
4.7262269
2.7352662
0.5275798
2.5249941
3.6108551
5.0523680
7.0107112
1.6387559
1.5976966
0.3046879
2.0224073
3.3665434
1.0245650
1.7433307
1.0670115
1.5928182
1.4592465
2.7724514
2.4204969
0.9708245
1.2663718
1.3643738
1.2288023
0.7787452
0.6652344
2.0876698
0.3357518
0.3760933
2.2096019
0.5330553
1.3553280
0.8321415
1.0217413
0.1429393
1.8954883
4.0052411
0.2463349
0.1772733
3.6372802
2.7395599
2.3214326
0.9317840
1.6027335
0.4090876
3.6769838
4.1016554
0.3477342
1.7970584
0.4717937
1.8854882
0.2780269
2.5170082
0.6839192
3.0731916
0.7674114
0.3320037
1.1097814
0.6357510
2.4389288
1.7669115
1.2904688
1.1695685
2.1194048
2.4825605
1.8656069
2.8645833
2.0065694
1.4816674
0.9408198
0.4600784
2.5346273
0.8132601
0.6654515
2.1431721
0.6360681
0.9180165
0.4613616
3.3009249
1.9741095
0.2009039
0.8537212
0.7337026
0.8157209
0.8708670
0.4776168
1.1194014
1.7723009
0.8342358
1.1180527
1.9568861
1.4398585
1.3340406
1.6113135
1.8849056
1.3825911
0.3536111
1.8570160
1.5951620
0.5494812
0.8935546
1.9209573
1.6128874
2.3233994
2.0473525
2.4885931
2.1752080
2.3047435
2.7732996
2.5006469
2.6829014
2.8744164
2.7242377
3.0199860
3.0567672
3.0365000
3.3284750
2.8711628
3.4636146
3.0608756
3.2853871
2.9995698
2.8551738
3.2635297
3.1528982
3.7365479
3.1037908
3.0617895
3.2078988
2.9653899
2.6753032
2.6998019
3.4525704
3.1262218
2.4720914
2.7544948
3.4742684
2.7529167
2.6588919
3.0802455
3.7664097
1.9106828
4.0347658
2.7345404
2.3692911
2.5629910
2.6193860
1.9482993
1.6119238
1.4122533
1.6191435
1.6296219
1.3989316
1.2792886
1.5735036
1.4207964
1.4740302
1.4806483
1.5543131
1.0600917
1.3356538
0.8822327
1.2903676
1.0142301
1.4469778
0.8208022
1.0677970
1.1406874
0.6675832
0.7477149
0.6420182
0.4458681
0.5698515
0.4046863
0.7575173
0.4718486
0.3737166
0.3617167
0.5418886
0.3346028
0.3691904
1.3561186
0.4250017
1.1182794
0.5704783
0.2519621
0.7444003
0.7191992
0.4394373
0.2719180
0.3824505
0.3434287
0.2661921
0.2243710
0.1539091
0.2844580
0.3850034
0.2995408
0.3669513
0.1516689
0.2968139
0.3253242
0.4404100
0.4280526
0.5128829
1.8146538
0.4988180
0.5723808
0.5940029
0.5975841
0.5603463
0.9691437
0.4698131
0.7521681
0.9137110
0.7057768
0.2805391
0.7279704
0.8754695
0.5136765
0.6387124
1.0459696
0.6815641
0.4866281
0.6702856
0.6164012
0.4856122
0.6163800
0.8589888
0.5493732
0.8082197
1.0840387
0.8345199
0.8389270
0.6682816
0.6040160
1.0373197
1.0841986
0.8067230
0.8518511
1.4805794
1.1686197
1.0059737
1.0064581
1.4800946
1.2360938
1.0324411
1.1169551
0.8721507
1.0736031
1.6784689
1.8998424
2.1109080
1.5155600
1.1671701
0.9679153
1.4931416
1.5741326
1.8091306
1.8705269
1.6344108
2.3002242
2.8813506
1.4546299
1.4906052
1.3149760
1.8366040
1.9451122
1.5090446
1.7607634
1.1878814
2.0123234
1.6704206
1.2613393
1.5235071
1.3258431
1.2433685
1.0927846
0.7706339
1.3585804
1.5707845
1.4983984
1.6130208
2.2423963
1.5359889
1.4839768
1.3272657
1.3676773
0.8260151
0.5111713
0.9023968
1.5106822
1.5998049
1.3562343
1.4856592
0.9939280
0.8177388
0.5891790
1.3798298
1.3091388
0.6098482
1.1615947
0.6501105
1.0169195
1.2817744
1.1711321
0.6206708
0.9411973
1.0343983
1.0034517
1.4032212
0.8466571
0.7119401
1.6147934
0.5926806
1.2849704
0.8573628
1.5724649
1.3293386
0.9265798
4.3855535
0.8941046
1.0820313
1.4696857
58.3503938
1.2274935
0.5373374
0.2450173
0.5273330
1.0120745
0.7387584
0.8027505
1.2640111
0.4714237
0.6650952
0.7742165
0.6676075
1.3487831
1.3682910
0.8836344
1.8031236
0.7326553
1.8197119
1.9235608
1.5204926
0.7569508
0.9468437
0.5443881
1.3064971
0.7156952
0.7026416
0.6498726
1.4859878
1.5577678
0.4951757
2.0608440
1.0561362
1.9812013
1.3734718
2.1571302
1.8020963
2.1127285
1.4510469
1.3043176
1.5269229
2.6408124
1.4667693
1.7055525
1.3174117
0.9935471
14.6087315
4.5181731
4.9605069
1.5184689
2.9298382
2.6940245
0.7789818
1.9543448
2.4330748
2.1261527
3.7293072
2.4492698
2.5909389
2.2248039
1.4758239
1.0594890
0.8047676
4.5102494
1.6333495
1.4619286
2.1916977
0.8737587
1.0019281
0.7687206
2.5446270
1.0024257
0.5584652
0.7493743
1.2647092
2.3422710
0.7968674
0.7685164
1.4973740
1.0475989
1.0935996
0.9800859
1.2642250
0.5067902
1.0581193
0.3153380
0.8479084
0.9008558
1.7231912
1.0645997
1.4641323
0.8111460
0.9574611
0.6648471
3.4669656
5.1766505
8.3594769
3.6021946
1.8135885
2.3727177
1.0822709
1.6754085
0.5663127
3.9442101
3.8695778
0.6356577
0.3926254
1.4323881
1.0930208
3.1955942
1.5809864
1.3751205
3.5558836
1.3291412
1.7050784
1.1818038
2.9998180
2.0053591
5.7827272
1.1515385
1.8100249
3.9824708
0.7824473
1.4080586
1.2333530
6.7278833
2.1746495
2.9492629
1.2102233
2.5397072
0.9518965
1.6293387
1.7629629
1.5710149
0.5257494
1.3541192
0.5875404
0.9776718
0.6711585
1.8426531
0.4462073
2.2006197
0.3265067
2.4403674
2.7035361
1.7750975
2.1925752
2.0737684
0.5808762
1.2469141
1.7013498
3.4901223
0.7217920
0.1195611
0.6395223
1.9010753
2.2971269
0.7860712
1.0139028
1.0142908
1.2772116
0.7833377
1.7477048
1.3904104
1.2549306
1.4985848
2.4459483
1.7177309
1.9719612
2.2958610
1.0732073
0.5731820
1.1321127
2.3559152
1.2791271
1.6015651
1.6442923
1.3414706
1.4705680
1.5415133
2.4464136
1.1426604
1.7839666
1.6356573
1.7318181
1.9184995
1.1614704
0.8111032
1.1514231
1.9414007
1.4109297
1.3727734
0.9138008
1.0346543
1.1449090
1.2950375
0.9275297
0.6729989
1.1619080
0.8304307
1.5632821
0.6462932
0.9445842
0.9506237
1.0218280
1.2059746
1.2392418
0.8388281
1.2289125
1.3347078
0.5626810
0.8200902
0.3473115
0.4533519
0.3911395
0.9340575
1.0852031
0.1706040
0.2968345
1.1344079
1.0333230
0.5670558
0.6728987
0.3812818
0.5160025
0.7614228
0.8921456
0.6042734
1.4005599
0.5990676
1.4043888
1.0969425
1.0739057
0.8012029
0.8365623
0.6151330
0.4023554
0.3614118
0.5418668
1.0302729
0.6610193
0.5864293
0.2642780
0.3161790
0.8008189
0.2544490
0.4216649
0.6714425
0.8349066
0.9876059
0.7924440
0.8188804
0.6209706
0.6748816
0.8276327
1.2833240
0.4733797
0.8750808
0.4846148
0.7242182
1.0256761
0.9650587
0.6074919
0.5644270
0.7609645
0.8215056
0.3123320
0.7139453
1.0870729
1.6359594
0.7226932
0.9594402
0.8864828
1.1188033
1.2046897
0.8231596
0.6408369
1.1749784
0.6814039
0.9768078
1.0343355
1.1886713
0.9827735
1.0817417
1.3464329
1.0100585
1.0117467
0.9379775
1.2579335
1.1177550
0.6778550
0.8459670
0.9311698
1.2819513
1.3278265
0.9851209
0.7991500
0.8399884
0.8458244
0.9877458
0.8580510
0.8963036
1.8208154
1.0091581
1.5177780
0.4491848
1.0805727
0.5357603
0.8984084
0.9138782
0.8652684
1.2068587
0.9226212
0.8997928
1.1793712
1.3360106
0.7282374
1.1827375
1.2306827
0.7290574
0.5460099
0.6970495
0.9170142
0.8020171
0.7326546
0.4519148
0.5178060
0.7236104
1.0757754
0.3281353
0.1999002
0.4872755
0.4691745
0.5101542
0.1985249
0.2814797
0.2745762
0.2576378
0.3395317
0.5068257
0.1511531
0.2574102
0.4496252
0.5849426
0.3462771
0.3241993
0.0794728
0.5078796
0.2078672
0.7946820
0.6504039
0.3324761
0.2439221
0.1896428
0.3318142
0.2535840
0.2418437
0.4875522
0.2802348
0.4623174
0.2368706
0.4550096
0.5991911
0.4191348
0.4459410
0.5541504
0.3564459
0.5576978
0.5959626
0.4019503
1.0580765
1.2404992
0.7434176
0.5275923
0.8098972
0.7902578
0.6887268
0.4126483
0.7063770
0.6616569
0.4491117
0.4758753
0.4283972
0.5038364
0.4872443
0.2761670
0.7487448
0.1993632
0.6617566
0.7927850
0.5682335
0.5696677
0.4828243
0.5357225
0.9769172
0.1216704
2.0903194
0.9538425
0.9649253
0.1836078
0.4914029
0.9002159
0.5974262
0.2698947
0.3382495
0.1793521
0.3858099
0.4571545
0.3631809
0.1407595
0.2549404
0.3483756
0.4060328
0.2087701
0.5526080
0.2529367
0.3974398
0.2298598
0.6142322
0.1137540
0.2243926
0.3172681
0.3375696
0.6636358
0.3552603
0.4506760
0.3803833
0.4717199
0.2305965
0.4059859
0.2021166
0.5184573
0.1630346
0.7846292
0.4719899
0.2086139
0.6016121
0.4206855
0.3238910
0.4806497
0.5564168
1.0788631
1.0831149
1.2655012
1.2090484
1.0320425
0.5872075
0.6188538
1.0901496
1.7504515
1.6577883
1.1813366
0.9855200
0.7183724
0.9703737
0.7391279
0.7971943
0.7707354
0.8735207
0.9484408
0.6058930
0.5827668
0.6768010
0.5578053
0.3686749
0.7270258
0.2753905
0.2966958
0.5189325
0.5592797
0.2465163
0.4833391
0.4357270
0.5638982
0.4341384
0.4501579
0.4685165
0.6423478
0.2253336
0.6738798
0.4568025
0.5343655
0.5066282
0.4950265
0.7858464
0.5515677
0.5164496
0.8605928
0.4436441
0.8483069
0.8319447
0.5150090
0.5309559
0.5410979
0.8742448
1.0810088
1.4841580
1.8747857
1.3067913
1.2822517
1.2464669
1.1836357
1.0779171
1.2369921
0.9318683
0.9431524
0.6886462
0.7458091
1.0519575
0.7681774
0.3863594
0.9387034
0.9385630
0.6815512
0.8020546
1.2883972
0.7901566
1.0371382
1.6620907
0.7229435
0.7849654
0.5589451
1.1586438
1.1767587
1.0978075
1.6428390
1.0664739
1.2353132
0.8908246
1.2871912
0.9201323
0.7937785
0.5371082
0.7848178
1.3324235
0.6453477
0.6496201
0.6979643
0.7495406
0.7117705
0.8372811
1.0488246
0.8786194
1.0182353
0.7607186
0.8272527
1.0972770
0.9173486
1.0641421
1.5768710
1.3671693
0.9318111
1.3351882
0.9961149
1.1947742
1.1090520
1.9345858
1.4093192
1.3351203
1.6805936
1.4638551
0.8392307
0.8975600
2.0481348
1.0564986
1.0513888
1.1721539
1.0124039
1.4226016
1.1242257
1.0297625
1.4097360
1.0450780
1.2194888
1.5508884
1.0790610
1.0401333
1.2575899
1.3593301
1.0342860
1.5035250
1.6037075
0.9177461
0.9754095
1.5599372
0.8403099
1.8237973
1.3535507
1.6600044
1.1529943
1.3578891
1.8803549
0.9686498
0.9972028
1.0835908
1.3997544
0.9002807
1.5212777
0.9171834
1.4337143
1.1880334
1.5422527
1.6762290
2.0315157
0.8857125
0.9716555
1.1774198
1.1740340
2.3613220
1.2453188
1.1478978
1.1789599
1.6114358
1.3641194
1.2762419
1.4292365
1.3178483
1.2087122
1.8391830
1.3858748
1.2890435
1.9284301
2.1541200
1.2136974
1.6378718
1.4153314
1.0477890
1.0395264
1.2928287
2.2512216
1.2450152
1.2684530
1.7391291
1.2081033
0.9529705
1.2777272
1.1652952
0.7154092
1.6358404
1.1022452
0.7477697
0.8390476
1.3177981
1.3683838
1.4897885
1.3771480
1.6275096
1.4669521
0.9491680
1.1541046
0.5946816
1.2634928
1.0595371
0.5971085
1.1035202
0.4937392
1.1336623
1.3433919
0.9822114
1.0764214
1.5275394
0.4871665
0.7022018
0.8674383
1.1533948
1.0810700
0.5557941
1.1681167
0.8735790
0.5178003
0.9730072
1.7386815
1.2666433
0.9762976
1.2645529
0.7561830
0.5470397
1.5738253
0.3460117
0.2239069
0.7408710
0.1018117
0.4942455
0.6902906
0.5704046
0.3638238
0.3162491
0.7976089
0.2816773
0.6637260
1.4804290
0.5008823
0.5920931
0.7161583
1.1780845
0.4810277
1.5394990
0.9845677
0.5934380
0.8950919
0.4893088
2.0206104
2.3667848
1.0143607
0.4272912
0.5217498
1.0458948
0.6221428
0.4944956
1.3990037
0.6801252
0.6985871
0.9214910
3.4119223
0.8520045
0.9631310
0.5367902
1.5705291
0.6713097
4.4417850
2.6257066
1.3136796
1.3249771
1.0548717
0.7572407
1.1373305
1.3451458
1.3008408
2.7405317
2.3648572
3.3821807
0.7232996
0.4787056
0.2977275
1.5959341
2.6622677
2.0868797
2.0116699
1.6226866
0.9384887
1.5650448
0.4201209
2.2182847
2.6401710
0.4020469
1.0461510
0.5760102
0.1828492
0.3735722
1.4489367
0.4042876
1.0921612
0.8862746
0.6863366
0.9541118
1.0712224
1.6892377
2.7792085
1.2901533
0.6278534
0.8201820
1.4525453
1.1605761
1.6996548
0.7494329
2.1360042
1.0192836
0.7883553
1.5604405
0.8959492
0.2184138
0.7833453
1.9304816
0.5739423
0.4153668
0.8385786
1.3864661
0.4551149
1.9961468
0.4980392
0.8295349
0.6501288
3.5419877
1.3413289
1.0677915
0.9108965
1.3313188
1.5465095
0.8664083
1.5211729
2.6256054
0.5171367
1.9651142
1.2867296
2.2076038
0.7092934
0.4714225
0.3535574
1.4936435
0.7066611
0.5841471
2.0641793
4.2635208
0.8442914
4.9849359
1.3773018
0.3796494
1.4287101
2.3489185
0.9266520
3.9861857
2.2573001
0.7796977
3.7041050
0.8818405
3.9765131
2.6876902
1.3709144
2.6959123
3.6248777
1.0995568
0.6562500
0.7941838
2.0379300
2.4355771
1.9472101
1.8214312
0.2104694
5.7888083
0.8191524
1.5224643
2.0822141
0.6413547
3.8851170
0.7111981
0.8015612
1.0539873
1.2140512
1.9187335
0.4572895
1.9129167
0.7675792
0.6588854
3.2718294
0.7181920
2.2215614
0.8577647
3.4243495
1.2525355
1.0985280
1.3925508
0.9336759
1.8900327
1.6234507
0.8187315
2.1029734
0.9012368
1.5782488
2.9361001
1.8581421
3.6293425
1.6120414
1.4930227
3.6871454
1.3143069
2.2423345
2.0206514
2.6091195
1.4406292
1.7027972
2.4100835
1.0333286
2.8166442
1.5781449
1.3446045
1.1237596
1.0555037
0.9894143
0.9932159
1.5478761
1.5911176
1.0672673
1.5069196
1.1390788
0.6834549
1.3619774
1.0558084
0.9393669
0.8993298
1.1123138
1.2304874
1.2855037
1.1370804
1.6815864
1.3284925
0.6654767
0.8686255
1.3944463
0.8442423
1.5517964
2.3269975
0.8813875
2.2463890
3.5277016
2.6450462
2.6921766
0.7171654
2.8161311
0.8532898
3.0971940
2.4853214
1.0390085
4.0913057
4.0681562
3.5178438
0.7571988
0.7770090
0.9991322
0.7458233
0.6873900
1.2871888
3.5603090
2.5502114
0.8163573
3.0856115
1.0561393
2.0405494
1.4602577
2.0232500
2.7087054
1.7806244
3.2278723
0.5198742
0.6151552
3.4975388
0.8780949
1.6340135
0.8901430
1.4944077
0.7266722
0.9629098
2.5006603
0.6942680
0.7332502
0.8768907
1.2190070
1.2179949
2.3228880
0.3110397
1.0019607
0.6311014
1.1768502
2.9455136
0.9503150
1.1049994
3.2673755
3.1351590
4.1423911
0.3946982
6.0230154
3.3906823
0.5037949
3.2803474
1.8521064
0.8946780
2.0532479
1.1537976
1.2270812
1.0001834
1.0025207
0.9545154
1.2568945
0.7382505
0.9342840
0.9252788
1.3231382
1.5579539
2.0539829
1.8066055
1.7523884
1.5986572
1.6899126
2.1703238
1.4843079
1.6106077
1.1731497
3.1113642
0.9121277
0.4930984
1.4954288
0.7624645
0.7292271
0.5957524
2.3680454
0.6850623
0.6357496
2.0316879
0.8603926
1.7806353
3.9289046
1.8110837
2.5999661
2.0727377
2.4560532
1.8260257
1.9709255
2.1424771
2.7753328
2.6880411
1.9949498
1.2986710
2.5833922
2.7464445
1.8366498
1.4345766
2.0493472
1.2723292
2.0279664
1.3014412
1.3904626
1.3995899
0.8298364
1.4046736
1.5821592
1.7873545
1.1738236
1.4832241
1.0809629
2.8797741
2.0935615
2.4205481
2.4977210
2.1165621
2.0599566
2.1433509
2.1543059
2.8077195
1.5602846
0.5947137
0.8076374
0.3812691
1.0909979
1.0178150
1.5786906
0.6879300
0.5284625
0.6388626
1.3712343
0.6767518
0.9718684
0.8066433
1.3593108
0.8832357
0.8298531
0.6558873
1.5973953
1.2406559
1.1587277
1.7038113
1.7869727
1.0920899
1.1461278
1.0117588
0.7935627
1.2234799
1.0686646
0.9621450
1.1357066
0.7743117
1.3491937
1.4016136
0.7383300
0.7665211
1.5261190
0.7751849
0.8992440
0.6999867
0.4866080
0.3533399
0.4884414
0.4067276
0.8972570
1.0806982
0.7737166
0.7340196
0.4697699
0.9550911
0.8923375
1.3029209
1.1877489
0.8014665
0.8992203
1.0288072
0.8917447
0.8500860
0.5155782
0.6003804
0.6037485
0.3778271
0.8333656
1.0029927
0.8875445
1.3699276
1.1152591
0.4569278
0.7064676
0.9094583
0.7386103
0.5636788
1.1729687
0.5972253
0.7242997
0.6648740
0.8972779
0.9504778
0.6510358
0.6742456
1.3236524
1.0216013
0.9302598
1.1517147
0.8549273
0.9872360
1.1414978
0.7032318
0.6841869
3.5094944
0.4811855
0.7596457
0.9706376
0.7033842
0.3938107
0.5251326
0.8002714
0.4689904
0.4205444
0.4358039
0.9072474
1.2997172
0.8039163
0.7780920
1.1625024
0.9229491
0.4611755
0.9153432
0.6482577
0.2670488
0.4723048
1.6109136
0.9710202
0.8992920
0.7110331
0.5975954
0.5135885
0.7055643
1.1177988
1.3784024
0.9569685
1.2300304
1.3436677
1.2844749
1.3993322
1.2242539
1.4130694
1.2197669
1.0792484
1.0492979
1.1647237
1.3479062
2.3253845
1.8910147
2.0721302
1.8431759
1.6950769
1.5574544
1.2258803
0.9900137
0.7789488
1.4824027
0.3944176
1.4019589
1.9550823
2.3518963
1.7970201
1.8026284
1.7101372
1.9329518
1.7046635
2.3863272
1.3593439
1.0917316
1.1458535
0.9245531
0.9787154
1.7640234
2.0116867
2.3028457
1.0681200
2.3176405
1.6158327
1.6366229
1.5514354
1.8560132
1.9156502
2.0776455
2.1819287
2.2502449
2.6488031
2.5170538
2.4253508
2.2275851
2.1835299
2.3852075
2.4025705
2.4789091
2.6111604
3.6487856
3.9932884
2.6904560
2.6801756
2.8165785
3.1117849
4.9815763
3.2097569
3.0670030
3.3456624
3.9692023
2.7996716
3.6715630
3.4453280
3.1807518
3.4134541
3.1902896
3.4066614
2.9598178
2.7610612
2.7176685
2.6002201
2.8338756
2.1658054
2.0795669
2.5953851
2.1556532
2.3953514
2.1299033
2.6598516
2.0587005
2.0238391
1.9724106
2.5034517
2.5473088
2.5620832
2.4105977
2.1518070
1.4970310
5.7280876
3.2680794
3.7945888
3.2720386
3.1920507
3.9043827
3.5027582
3.4143033
4.2875887
4.0720785
4.3913154
2.1007731
4.4123805
4.0181741
4.6694682
3.3589354
4.9786938
3.7559465
3.3157165
4.9083423
5.1607831
5.2144553
4.4015842
4.4742250
3.4431524
2.9842860
4.4761765
3.8385932
2.9163978
3.9844848
3.0788749
3.7705007
3.6419270
3.7010695
3.3542378
3.6148792
3.6795600
3.4198892
2.8764105
2.8064058
2.3813309
2.5783609
1.8661105
1.7380244
2.3095557
3.0447912
2.0871592
2.2196855
2.4105385
2.0847178
3.8162978
1.7261918
1.6701101
2.0317186
2.0873281
2.5397720
1.3714545
1.4189431
1.6431861
1.5570218
1.3862828
1.1681058
1.5143174
1.1944112
0.9946561
0.8037953
0.8797758
0.9251136
0.8689040
0.4806318
0.8280496
1.3783361
0.3717224
0.6351940
0.4058133
2.2939753
1.3576645
0.6356125
2.0328866
1.0071220
1.0645945
1.1103045
1.0109479
1.4268434
0.8619072
0.8427658
0.9016319
1.1355267
1.1698656
1.0411080
0.7641191
0.8975882
0.7407512
1.0488972
0.7018910
0.7972903
0.8788495
0.8332913
0.8365549
0.7693981
1.0879292
1.4218307
1.4118768
0.9363147
0.8315287
0.5281314
0.7294834
0.6432858
0.7892358
0.2412961
0.5106324
0.6378467
0.6162082
0.7569622
0.4931991
0.6153032
0.4493668
0.3958786
0.6149276
0.5958327
0.8263593
0.2370976
0.4034331
0.4768918
0.4533323
0.6769517
0.8800949
0.9063198
1.7726327
1.7321196
1.1788536
1.4273365
1.0733957
1.2951731
1.3007260
1.0109510
0.9172787
0.8869195
0.9553501
1.2434576
1.6020881
1.5744192
1.7332496
1.4458909
1.8963983
1.9731538
1.6195798
1.5155957
1.1974478
1.4186835
1.2634744
1.3736520
1.5777838
1.3808021
1.7412465
2.0493282
1.1195285
1.4524107
1.2018280
1.5494474
1.2273437
1.6042618
1.2239987
1.5256449
1.3698443
1.3434893
1.5402684
2.0752205
2.0000452
1.6176944
1.3495275
1.2803593
0.8148299
0.9554781
0.2843468
0.8338959
0.6634682
0.8181678
0.6155829
1.3304878
0.8166242
0.9267346
0.9902981
0.7026613
0.3737093
0.5401381
0.0447621
0.7869170
0.4305738
1.0087247
0.9584304
1.1844942
0.9959705
1.2567940
1.6023095
1.5791733
1.3570940
1.4006962
1.1560944
1.3053331
1.1357573
0.8670683
0.8368662
0.5907496
1.1152962
0.8086695
0.8024795
0.9843572
0.8230913
0.6851571
0.6087473
0.9855661
0.7848202
0.7484718
0.6595754
0.6505680
0.7191177
0.5266719
0.6010431
0.6911894
0.5852290
0.6064295
0.6672414
0.5427828
0.6208268
0.9089985
1.2555559
1.5385419
1.8865949
1.8452492
1.6520225
1.5923355
1.6598926
1.0004548
1.2646765
1.0866783
1.1005897
1.6055572
0.9159581
1.3336085
1.3305304
1.4811358
1.2002626
1.4013115
1.3084658
0.8693955
0.6467225
0.7088517
1.0371517
1.0951613
0.9186041
1.0920578
0.7181100
0.5812922
0.8764034
1.0625087
1.1267277
0.8814180
0.7536750
1.2434905
1.0932789
0.9518697
1.0538911
0.7430079
0.8443304
0.8597610
0.7976878
1.1145052
0.7347240
0.9833446
0.6860788
0.7693827
0.8385007
0.6971074
0.7582480
1.3550338
1.3869607
1.0280107
0.5700400
0.8050161
0.7295884
0.7246050
1.1139764
0.6927832
0.5721570
0.6642404
0.7540979
0.6580520
0.7366971
0.7264224
0.7507363
0.9643289
1.0672025
1.0338612
1.0451806
1.0431742
1.5115007
1.0968551
0.9472407
0.6353196
0.5822998
0.7294708
0.6521591
0.8093334
0.6698432
0.7293219
1.0771989
0.9123827
0.8331691
0.8174739
0.8808068
0.7604172
0.6825691
0.5689561
0.3322788
0.4496810
0.9775418
0.5670775
0.7966756
0.7957752
0.7737076
0.5767383
0.7461651
0.6560161
0.8964602
0.7809129
0.7661965
0.6867434
0.5953830
0.6685615
0.7158487
0.5159496
0.8380613
1.1258689
0.9819306
0.7946767
0.8188392
0.8549355
0.8337636
0.7698925
1.0815901
1.1456004
0.9416828
0.8436085
0.7233763
0.7344665
1.1007770
0.6310660
0.7928953
0.8832000
0.6868796
0.6564362
0.8460254
0.7592686
0.7719366
0.9990107
0.7171832
0.8491539
0.9267515
1.1116584
0.9573464
1.1356462
1.3697069
0.9941609
1.2421776
0.9802444
1.1459922
0.5222201
0.5941714
1.2135541
0.4286056
0.4918884
0.8565621
0.8073713
1.0768579
1.1619103
1.1479995
1.2930984
1.3182721
1.2502725
1.0022715
1.1048898
1.0760717
0.9513032
0.6805354
0.8986598
0.7206668
1.2268701
0.9291646
0.9301420
0.6716629
0.7125175
0.7691016
0.8738991
0.9731959
1.0500392
0.8126568
0.9766733
0.9126320
1.2991725
0.4894463
1.0695945
0.7809396
1.0275210
1.1502409
1.1761743
1.3284583
1.2685788
1.1810199
0.9409337
0.7016898
0.3316028
0.4586772
1.5623630
1.0696083
1.4722911
1.7277100
1.0468908
0.8570555
1.6160013
1.0687923
0.9253413
1.1964074
1.2663615
1.5709697
0.7841403
0.7129157
0.2779852
0.5934006
0.5122827
0.5748382
0.9219926
0.6889183
0.6086264
1.1594953
0.4733290
0.5415099
0.7717319
0.8992720
0.4970538
1.0469221
1.0228999
0.9697496
0.7774620
0.6120699
0.6741313
0.6890453
0.6299470
0.4228349
0.5688035
0.5702608
0.9887274
0.8254241
0.5348040
0.7955504
0.9625634
0.8631234
0.8451289
0.9585353
0.7080035
1.1851190
0.6197352
0.9570458
0.6607804
0.6253972
0.5828309
1.0071819
0.9347221
0.9030837
0.9501627
1.1391201
1.2067497
0.9604956
0.9628881
0.8049626
0.8381247
0.9617633
0.8922267
0.9929292
1.2817815
1.2042951
0.9402181
1.5821784
1.5061141
0.6926529
0.9601158
0.6547528
1.1151886
1.1044509
1.3959098
1.1255794
1.1642219
1.1872195
1.3729883
1.6893717
1.4397098
1.3306628
1.4339368
0.9164097
0.8939699
1.2725144
0.8887634
0.6938233
1.2644713
0.7211028
0.5676655
0.9316684
0.7832812
0.3236711
0.3752618
0.5022220
0.7784221
0.8734302
1.0760399
0.9900094
0.9089146
0.9523179
0.7986599
0.9815217
0.7747454
0.8026335
0.6342871
0.6101696
1.1133191
0.8254171
0.8751003
0.8404077
0.6619036
0.7479512
0.5796670
0.4258993
0.8832071
1.2385064
1.0514201
1.1776960
1.2498035
0.2768420
1.3373800
0.6913405
0.4990631
1.3172735
1.4360528
0.9897352
0.7791127
1.5122565
0.8631253
0.6982227
1.3719456
0.6371684
0.5772060
1.1694237
1.1954707
1.6659313
1.0525251
0.9020343
0.8860566
0.6470001
1.0372025
0.6203544
1.1658040
1.2791842
0.6500865
1.0640227
0.6787679
1.2558687
1.4828717
0.7999799
1.6423748
1.4744389
1.5059756
1.0950456
1.0279895
1.3949915
1.1932951
0.8643518
0.8888298
0.6727858
0.8490899
0.7322800
1.5012959
1.5059838
0.8633993
0.6186861
1.3459500
2.7527910
1.6244606
1.3144539
0.6724022
1.4358170
1.4200063
0.9152001
0.8015955
1.0280310
0.7060102
0.5934623
0.7792153
0.9688274
0.8728266
0.9719685
1.4998566
1.1756244
1.0971583
1.5068239
1.0291060
0.8971771
0.6403313
0.6947468
0.7545630
0.9622512
0.9210010
1.3761468
1.4146013
0.9395826
1.1624078
1.6356400
1.2867894
1.2458245
1.3500476
0.9171111
0.4349284
0.4263594
0.6999336
0.6795055
0.8534334
0.5509399
0.3449994
1.0593177
0.8978417
1.1155073
0.7998673
0.9349957
0.9877796
1.0705133
1.2345696
1.4179107
1.2854276
1.1259746
1.0670321
1.2270420
0.8107920
0.9313937
0.9894746
0.6523860
0.7806035
0.9854731
0.7393861
0.8046292
0.9448489
1.0612431
0.7700008
0.7719443
0.8422638
0.8059666
0.6616600
0.6036672
1.1980192
0.6219812
0.9529058
0.5146659
0.8131231
0.5980916
0.5131709
0.4993254
0.9850619
0.6872314
0.8606877
0.8902139
0.8678587
0.8535121
1.6808555
0.8935859
1.6037414
1.8769593
0.8605434
0.8029733
0.9079921
0.6361014
1.1180332
0.9351970
0.8614850
0.8524174
0.9701867
1.1142055
0.7274280
1.0121340
1.0050562
0.8157435
1.0513113
0.7978271
0.7220808
0.6378656
0.6129755
0.7003438
0.5721169
0.7422160
0.8738651
0.9776818
1.0659114
0.9750691
1.2805245
0.6724124
0.9502650
1.2944572
1.0282893
0.8346908
1.0942752
1.6146870
1.6160190
1.5084218
1.4116594
0.8424349
1.1680119
1.2950427
1.0608008
0.9471880
0.9679934
1.3000725
0.9560015
1.1051938
0.8531119
0.9921135
1.0645093
1.3744744
1.0935539
1.1936561
1.3745819
0.8082548
1.2465380
1.3199219
1.1609162
1.0529842
0.8266799
0.7458733
0.5758380
0.7779785
0.8386240
0.7026042
0.3304512
0.7864278
0.9157715
1.7800038
1.2598835
0.8249372
1.2072616
1.1995446
1.3233589
1.7457795
1.2769521
1.0040607
0.6780158
1.0093585
2.8336103
2.7043662
2.6361631
2.9567399
2.3991034
2.6026948
0.8550418
0.9799468
0.5416916
1.4921965
0.6875625
1.5509286
0.5692918
0.9641550
0.9518422
0.8287401
2.7215530
1.0485113
0.7390076
0.6372330
0.3292200
1.2073830
0.5350981
1.0511518
1.0025418
0.9621683
0.8280202
0.4512757
1.5546536
1.9153115
1.9878941
2.3301989
0.9920764
1.2039099
1.7854783
2.5477867
2.3264548
1.9812770
2.4811214
1.7506020
3.2827734
3.2495158
2.0877933
1.6783923
2.1770094
2.2008446
2.2874152
2.7690433
2.3296631
1.9898042
2.6278884
2.1618186
3.4858874
2.7630599
2.5909637
2.3177578
2.6777753
2.4673901
2.9585415
2.3383050
2.2055742
2.3609938
2.5480988
1.9212425
2.7252659
2.8922069
1.9927781
2.6061684
2.8710588
1.2325797
2.3576820
2.6560906
1.2369212
2.0027319
1.8685618
1.6624543
2.0036655
1.8997990
2.5421952
1.3677832
1.6468711
1.6115190
1.5702665
0.9988510
1.9704763
1.4506458
1.1242331
2.3879310
1.8438820
0.9671458
1.7225802
2.5827753
0.8245137
1.2600422
1.6284402
0.7300417
0.8273479
1.2765944
1.3297380
1.7665301
2.6940349
1.0880952
1.9116047
1.9638765
2.6816148
1.3497686
1.4697915
2.9278333
0.8821407
1.7392156
2.9637668
1.6810132
2.5686889
2.3641269
2.0701245
1.6351381
2.6463380
1.7831484
0.8489419
1.6117136
2.2145621
3.4307044
2.3887838
2.2016419
1.8465900
1.1381374
1.7489779
1.6518862
1.5113650
1.6431950
0.6714106
0.1710106
0.4455680
1.4691689
2.5499508
0.1388541
0.2360323
0.6725373
1.3643777
0.7298469
0.5254608
0.6574685
0.3888862
1.2888703
1.4959040
1.0627048
1.3903669
0.5638213
1.5846380
2.1396422
1.1697949
1.9464546
0.4316510
3.4498564
0.8914003
0.4660128
0.8314842
2.4754487
0.7060499
1.0886150
1.3281784
1.1023247
1.5588429
2.9124018
1.3079011
1.9611000
0.7856669
1.6697726
0.5952147
0.5958748
1.5769123
0.8328608
1.3753447
1.2269058
0.6376406
0.7832371
1.2817875
1.0434896
0.7521488
0.6111593
1.6033160
1.1548208
1.2232671
0.3221960
1.6794669
1.0545046
0.2648054
0.6929855
0.2196864
0.7022670
0.8146387
0.5675140
1.1094675
0.8872689
1.0755369
0.6469611
1.8478733
0.9549866
1.2790916
0.4881030
0.5734719
0.3983935
0.9127228
0.7529331
0.5637801
1.1799916
0.9209139
1.2333944
1.5129870
0.3532373
1.1725744
1.1664038
1.0229353
0.9405953
0.6067851
1.1938483
0.7039482
0.4876677
1.2566230
0.9646874
0.3014301
0.8082348
1.3215197
1.0061139
0.9508768
0.9850092
0.8784817
0.7511961
0.7538645
0.5132522
0.5611129
0.1484703
1.2713236
0.4784982
0.7283689
0.5217928
0.4520450
0.5095062
21.7827296
49.9866247
0.2817926
2.1338129
6.2570258
1.1791006
0.6363491
0.6393521
0.7931149
1.1495603
1.2044509
0.4653162
0.4522635
0.7133438
0.8207997
0.5188644
0.5962105
0.6052868
0.5931326
1.3039861
0.8882666
0.9394959
1.4553851
1.5952919
1.9147591
0.6322712
1.0458480
0.7490150
1.2335030
0.7771478
1.2820519
0.5174314
0.3619577
0.9321464
1.1455176
1.2534470
0.4293496
0.6650878
1.2867153
0.5839869
0.9870599
1.4131678
0.9638236
1.1167743
1.4627341
1.9377320
1.0844417
1.3787201
1.1014055
1.3815363
0.8746374
0.4207001
0.4737939
1.4764794
0.8351464
1.0397952
0.5564996
1.0184185
1.6108028
1.5137646
1.9228438
1.9370048
0.8438398
0.4588629
1.1891839
1.1572860
1.3419350
0.8908122
0.6182134
1.3110116
1.3288424
1.1381545
1.6244536
1.5761798
1.2303577
1.8333332
1.2613765
1.4728144
1.5955365
1.3625387
2.0343227
1.7875831
1.7004993
1.4451657
1.8525213
2.3721810
2.1034817
1.9734691
1.5182340
1.1067322
1.0781700
1.5211723
1.9393882
2.1482468
1.7599664
0.9075460
1.0421661
0.6782233
0.9811858
0.9869115
1.2571418
1.1510493
1.3914380
1.2060452
1.5268617
1.3201316
1.0735051
1.6390258
1.0977931
1.6853909
1.2007145
1.2782177
1.3772208
1.8298869
1.1210938
1.3585876
1.3839285
1.6811624
2.4493667
1.9336741
1.7842352
2.2552384
1.2357127
1.6055106
1.8848067
1.3586193
1.8113153
0.9513594
1.2535820
1.2867185
1.5243990
0.8577748
0.9844728
0.4371551
1.0415179
1.2199038
1.1797816
1.0121682
1.0221225
0.9344554
0.8195483
1.0965262
0.7514601
1.4002914
0.8854267
0.8877155
1.6389212
1.0734287
0.6835915
0.9253913
1.1095554
0.5551506
0.9095161
0.4846340
0.9108632
0.5479949
1.1098314
0.9234582
1.3018050
0.8888827
1.1039934
0.7897567
1.1441468
1.4580011
1.0230626
1.3492298
1.3585859
1.1371733
0.8375111
1.0806751
0.9577505
1.1230542
0.9651789
0.4605262
0.9791988
1.1503791
0.6899990
0.6340461
0.5146877
1.2646269
1.4963161
0.8664694
0.9213077
1.1484927
0.8732668
1.5851847
1.4871199
1.2348567
0.9693961
1.5214791
0.4846059
0.4917534
0.7149218
0.5333010
0.2839330
1.4769062
1.0268575
0.9160104
1.1700555
0.5150820
0.4420902
1.2040771
0.5399478
0.2266269
1.0713934
0.4553480
0.3817221
0.5026821
0.5287305
1.8961123
0.6361556
1.3376385
0.7410097
0.5259900
1.2222890
0.8255249
1.1784338
0.5453590
0.6027127
1.3481933
0.6026929
0.9539696
0.5375445
0.6410822
0.6300817
0.5355073
0.7178797
0.5774059
0.9985843
0.8103724
0.6417320
0.7157442
0.9442716
0.6560578
0.9423165
0.6849579
0.7864914
0.5732632
0.2686985
0.3341117
0.6695106
0.4179308
0.8616582
0.7463843
0.5510209
0.5093019
1.4272249
0.5190240
0.4870466
0.8092502
0.5889296
0.7672181
0.4629494
1.1513001
0.8317166
0.6460152
0.3694795
0.6663834
0.7222716
0.1233730
0.8919045
0.9822227
1.0645908
0.7870910
0.9184847
1.0156100
0.9517498
1.1926514
1.7673210
2.1221286
2.2926242
2.0186127
2.3753397
2.0696252
2.0852403
1.8766726
2.5524888
2.2418834
2.4082040
1.8501532
1.1694415
2.4309473
1.9874867
2.1155536
1.9660039
2.4166874
2.3811799
1.3865286
1.5907485
1.8490049
1.7288443
1.2814378
1.6717544
5.7604499
1.7752670
1.8747110
2.0759493
2.3538750
2.1864382
1.9820660
1.5981449
1.7107719
1.9119976
1.1473901
1.3584793
1.6841855
1.7715874
1.3724236
2.2272099
1.1318897
1.6812174
1.1615852
1.4534509
1.4520944
1.2878541
1.3033942
1.0611334
1.4999776
1.2107835
0.7926538
1.2425977
1.3768563
1.8958301
1.3006189
0.9352669
1.2203414
1.1387126
1.0358747
0.9734738
1.3260528
0.6491027
1.2059644
1.0695578
0.9901594
0.6193896
0.8535762
0.7457802
0.6962832
0.7656954
0.8704670
1.0059553
1.5000222
0.9769570
0.9988773
0.3722767
0.3596787
0.6824092
0.5597055
0.9993404
0.9281986
0.6744028
1.2828254
0.7002625
0.8556833
0.8280319
0.6160223
0.9129880
0.8400772
1.0436057
0.9876283
0.9385780
0.8187074
0.8213314
0.6119633
0.6370601
0.5974688
0.6240938
0.4496556
0.7000004
0.3257393
0.5617148
0.6215638
0.3448056
0.4731070
0.4574769
0.5983314
0.5326381
0.5952608
0.7094528
0.6651423
0.4334320
0.6488503
0.2953291
0.1838921
0.6608747
0.6922306
0.4130735
0.3128472
0.3011217
0.5316813
0.2691296
0.5010724
0.4782202
0.2852465
0.6752930
0.5768355
0.6867565
0.1829485
0.7394601
0.4013155
0.9036952
0.5239355
0.9352777
0.7364853
0.2069884
0.6953493
1.1308714
1.4437523
1.5690225
0.4547098
2.0294884
1.3035617
1.2431657
0.4169085
0.8990902
0.8778586
2.1097553
1.0430707
1.4941471
1.2747649
1.7304733
1.4253209
1.6554874
1.8534297
1.4580736
0.9177337
1.5504214
1.5779684
1.5310373
1.3026671
1.2813154
0.5384563
1.0900975
0.9443015
1.1492303
1.4605473
0.7686305
1.3937899
1.0565563
0.7720868
1.1317879
1.1834680
0.9209985
0.8564443
1.1971671
1.1450425
1.5832914
1.7924413
1.2030807
1.0136310
1.4404320
1.3538383
2.1098931
1.7386232
1.3775368
1.3331600
1.3571022
1.5330622
1.5292164
1.0322448
1.7697830
1.6315436
1.3180815
1.4337625
1.5514519
1.7708726
1.3146531
0.9104369
1.1773403
2.3830069
3.3659312
1.1311832
1.3539709
1.1628007
0.7221451
0.5316886
0.6738620
0.8936281
1.7317194
2.1837601
2.1488818
2.4792907
2.2089343
2.0281029
1.9640037
2.1959081
1.9122104
1.6583200
1.1887417
1.0905235
1.1056150
0.7700122
1.3117410
0.6529291
0.6662538
0.6644092
0.4517904
0.7432604
1.0401285
1.1117856
0.9074464
0.8599454
0.8212684
0.6403218
0.4458157
0.6015457
1.0846804
1.6224780
1.8172871
1.4181640
1.7766799
0.8095251
1.5470775
1.0597382
2.0970441
1.9556464
2.5448765
2.6837697
2.7390717
3.2662517
2.9319527
2.1436991
2.6669413
2.4526073
2.4817874
2.8164616
2.8774552
3.6499030
2.5484739
3.0537854
3.1519229
2.9170476
2.6146003
2.8419237
2.5965274
2.4304637
2.0486821
2.5707459
2.6994371
2.5489735
1.7542319
2.1184183
2.4125280
2.4047712
1.9908629
1.8020866
1.6075161
1.1794780
1.6249882
1.0147174
2.1166561
1.2501658
1.7095170
1.2110450
1.8210721
1.6346765
1.4256683
1.1811498
1.3107686
1.0137214
1.2152518
0.9658221
1.5165126
0.9835419
1.0274848
1.2390239
1.0342911
1.1337896
1.2084784
1.1447397
0.9086959
1.1102835
1.1101366
0.8565246
1.1698430
1.0091417
0.7378992
1.8838590
1.7234549
1.4348347
2.0788617
2.2831799
1.2856744
2.3070099
1.8707948
2.2204371
1.7166920
2.6218673
2.4954241
3.5005391
2.3093309
2.9722359
2.6025849
2.5853632
2.0968604
1.9443739
2.4012462
1.0393907
1.9033481
2.9918288
1.6210581
1.5275517
1.6686248
2.2533113
1.1017091
2.8383625
2.6746570
2.0481323
2.4447529
0.4469520
1.8178850
1.3407360
1.2883314
2.4817143
0.6253070
1.8036500
2.1384258
1.4074476
0.8715959
1.8902110
1.4825420
1.9095251
1.4828567
1.3130747
1.9453721
1.7800916
0.6795583
0.8195041
1.8290852
1.8861556
1.2914540
1.8864732
1.7639085
1.5093018
0.3752966
0.7453367
0.6025198
0.5539916
0.3542774
0.0628184
0.1206087
0.3304148
0.3769893
0.1746327
0.4705621
0.2843704
0.4675146
0.2351955
0.4125589
0.4656724
0.3611852
0.2128289
0.7440038
0.1528583
0.7590212
0.7203401
0.5513918
0.5840695
0.3708431
0.2786122
0.3856211
0.9682829
0.1938762
0.3037222
0.8221500
0.4222285
0.3087494
0.4109151
0.4786491
0.5684128
0.3742095
0.5888818
0.2898693
0.8444429
0.5874979
0.2311553
0.9202481
0.1913551
0.1957218
0.2435454
1.0963813
0.2111962
0.2595536
0.6232226
0.2091886
1.3414445
0.5362818
0.6286747
1.0101139
0.2264633
1.2109481
1.1837674
0.6527732
1.0733966
0.8830799
0.7786294
0.6547030
0.6366231
1.1293717
0.5504852
0.3573554
1.4692534
0.7366518
1.0896112
1.1889940
1.6052526
1.8667608
1.0385639
1.7180509
0.5181828
0.6026026
0.5743847
1.3225210
0.9792004
0.7503107
1.4675217
0.5930371
0.4852100
0.6786023
0.7794145
0.7069180
1.2416046
0.6090990
0.8054556
0.5580034
0.8046078
0.5891058
0.8794778
0.9628070
1.1103938
0.7921186
0.8967058
0.9551983
1.5119659
1.8311012
1.7136270
1.2565868
0.8137829
1.0970494
1.0466493
1.4468409
1.1898089
0.8752216
1.0088824
1.7901663
1.2094165
1.1435083
1.0540034
1.0585098
0.8070916
0.8413975
0.9415259
1.2908833
0.9205019
0.8445960
0.8949271
1.0770059
0.7990698
0.7665539
0.5541456
0.7920670
0.6684198
0.7500563
1.1408668
0.9224604
0.7243143
0.7069074
0.7342548
0.5152524
0.3755665
0.8287011
0.2086400
0.5274553
1.2450650
0.7741716
0.6301622
1.0597765
0.8300647
0.6169002
1.4188086
0.8740140
0.6127098
0.6066188
0.8414012
0.5131400
0.7214380
0.6588369
0.4473999
0.7836237
0.5745771
0.4831060
0.4218559
0.9671151
1.1274968
0.8141962
0.8227882
1.1668748
0.6434518
1.4116986
0.9454572
1.1854630
1.0358431
1.0448933
1.2915566
1.6180989
1.1873823
1.7314285
1.6608343
1.9223636
1.3703021
0.9867317
1.6185562
1.2108149
1.4601879
1.2265758
2.0269669
0.8430005
0.6336831
0.6920039
1.0889054
0.8430561
1.3517206
0.9746597
0.4926673
0.8178577
1.0514361
0.7765936
1.0368423
0.5997033
0.8779089
0.7806611
0.8992018
0.7318484
0.5972884
0.8053181
0.8536143
0.9326103
1.0675641
1.1909587
2.0600973
0.8860255
1.2585499
1.0254699
0.8520250
0.8741588
0.7654643
0.8692377
1.2600018
1.8073726
1.4167979
1.1764700
1.4649702
1.3186162
1.2831247
2.1474642
0.7320638
1.1262566
1.6578255
1.4576082
1.4129954
1.7209707
2.2751470
1.4578165
2.1341099
1.2623630
1.9900040
2.0345525
1.6858928
1.9770016
2.9065444
1.6365215
1.3712730
1.2119683
0.5454105
1.9564436
2.0976188
1.0251988
1.6627250
0.7275144
0.9322820
0.3850187
0.3715245
0.3340612
0.6005483
0.6295606
0.6837821
0.8835420
0.8550761
0.2879918
0.7240987
0.4108014
1.3664052
0.9610800
0.9368122
0.9611723
0.8284832
0.7214449
1.0858679
0.4984279
2.0548289
0.6892902
1.6644558
1.2177814
1.2468171
2.0594327
1.5347421
2.0282581
1.7668595
1.4451533
1.0006880
1.6064735
1.4819743
1.7503586
1.6230000
1.0407776
1.7975650
1.1067482
1.9010117
1.1088138
1.1158487
0.6641475
2.3409578
0.4098433
0.8173970
0.4069065
1.3493970
1.8754344
1.1015229
0.8994942
0.8754188
1.6167257
0.5352827
1.0412199
1.4282525
1.4477736
1.6853919
1.3454722
1.8150812
2.0556918
1.1852371
1.0338765
1.9013982
1.4113846
0.7212068
1.1946069
1.1300614
0.9636974
0.5506788
0.5948164
0.4738832
0.4885112
0.2909077
0.7371664
0.8339753
0.7587784
0.4435350
1.3040537
0.6615726
0.7311829
0.9097820
0.5700714
0.8191553
1.7772347
1.1302610
1.2093704
0.6426459
1.3775727
1.5959575
0.8188776
0.8169271
0.9267890
0.9662250
0.5998737
0.9062828
0.2863516
0.6968225
0.1816844
0.4051614
0.4500586
0.1726076
0.8363913
1.0677304
0.7333974
0.2293158
0.6983277
0.7998350
0.7122997
0.5141845
0.6980804
1.5565975
1.8024696
2.0104921
2.1629186
2.2584952
2.0486798
2.0480203
1.7613691
1.8690777
1.9594272
2.5296008
1.2423995
1.5601395
0.4631445
0.1105307
0.3005298
0.8126647
0.5721607
0.9112884
0.2148588
0.6966994
1.3465303
0.7425170
0.6675672
0.4038795
1.6886024
0.8078190
1.1423091
2.2443897
1.5086258
2.0971319
2.3010811
2.0804757
2.0303962
1.4235425
1.5501201
0.4958065
1.0878521
0.8958663
0.9839639
1.2224741
1.1276693
1.5882718
1.1394026
0.7980253
0.5524367
1.0680350
0.3254602
0.6234521
1.2536290
0.7771297
1.6712314
0.9294273
0.5903432
0.9800920
1.7337546
1.1524799
2.4341647
1.1337540
0.7934868
1.1339954
2.1138097
0.5779109
0.7342737
0.6109031
1.2082342
0.4410572
0.3468047
0.8347609
0.8551715
1.2000123
0.3929752
0.4821027
2.1706863
0.6352590
0.5296883
0.5980049
0.8825373
0.6537209
0.6367763
1.4501581
0.7117091
0.6765407
0.6469807
0.7756556
1.0394678
1.4142470
1.0010009
0.6470685
1.2060701
1.2795413
1.4854025
2.3220397
0.7308364
0.6133955
1.0502592
1.8202486
1.8063326
1.0598316
1.8541396
1.4979747
1.3263267
1.5660908
1.4229983
2.2918317
2.7186555
1.9241522
1.8321107
1.4559514
2.2990937
1.9761337
1.7322661
1.2332491
1.5286082
1.8146774
2.0516873
1.9099365
1.2241169
1.3231647
1.7504664
1.1822296
1.3613938
0.8825645
0.9900273
1.3649715
0.8929132
1.1390832
1.1329175
0.6660214
0.8537404
1.1108184
0.7158567
1.0488110
2.1279591
1.0133451
0.9047829
1.4373884
1.2219194
3.2733030
1.1914798
0.8287329
1.4202179
1.0212880
1.3375843
0.6577251
1.0220725
0.9946921
1.2039329
1.4643084
1.2918731
1.6401495
0.6220549
0.4438016
1.4839842
1.0848191
1.2071345
0.9155353
0.8676272
5.1375656
0.7875854
0.7749208
0.6518724
0.7104747
1.2954951
0.9072886
1.0733668
1.0241698
1.7373678
1.7566292
0.7752580
1.1017184
0.6849992
1.1519422
1.8929767
1.3512145
0.9332018
0.4045499
0.7707938
1.4724195
0.8455503
2.9067184
1.3604294
1.3109641
0.6572872
0.9743755
2.0936579
2.4331949
2.2820387
1.7321048
2.2048046
2.1006153
1.8392119
1.8039513
1.2756245
0.9220709
0.9739088
1.2353588
2.4926873
1.9170612
1.7940633
3.9993169
1.2617847
3.5241297
0.5910124
0.4063918
1.3793959
1.4782795
0.8293118
1.5773555
1.7199732
1.2115289
2.1473231
2.7579534
1.4926538
0.9488375
1.9869385
1.0721597
1.6198411
1.5515264
1.4311143
0.9383578
1.2560392
0.2206195
0.8718864
0.4895117
0.2445650
0.4098147
1.0025986
0.5545833
1.5125182
0.8896251
0.5650690
0.9041012
1.4966109
0.6523889
0.5802634
1.4146258
1.4414358
0.7677979
1.1998772
0.9451842
0.8481429
0.6724110
1.1120086
0.8113940
0.4593410
0.2577618
0.6500320
0.8079219
1.2690906
1.7034678
1.1974053
1.3439238
1.3081541
0.7600360
1.1834587
0.4284026
0.8854954
1.1716468
1.2631565
0.6185618
0.5823034
0.8221412
1.0953043
0.5849838
1.0324514
1.0792821
1.2348476
0.9815140
0.9263543
0.8173450
0.7883125
1.4167964
1.0609491
0.6563201
0.5174183
0.6808849
0.8160565
1.3138914
0.5044812
0.7580354
0.3140816
0.3589886
0.8095211
0.6309275
0.7014480
0.5148672
0.9631860
0.4931853
1.0468604
0.9587403
0.9151856
1.2296918
0.8119074
0.7455144
0.8991603
1.2723205
1.0107405
2.2823211
0.9251971
1.0247493
1.0590536
0.9950932
1.3116741
1.4405448
1.5514548
1.4242438
1.1781950
1.4316251
1.2309596
0.4234358
0.8037841
0.8948490
0.9912189
1.0658115
1.1060004
1.4715636
1.2800126
1.3080340
0.6969853
0.8591514
0.7808997
1.0031277
0.6704332
0.8978698
0.7591027
0.5755824
1.1979869
1.2024545
1.1348707
1.3837506
1.4612018
1.2768787
1.0543501
0.7894948
0.6902061
0.8758217
1.0097964
0.4557671
0.8551521
0.5624346
0.2228193
0.6007626
0.3799564
0.6681564
0.4563558
0.6474852
0.3824755
1.1142506
0.7420377
0.4998368
1.1055286
0.6800904
1.0915932
0.6596871
0.8451743
0.4094611
0.7875990
0.5126025
0.8281385
0.8442918
1.2333741
1.2826142
0.8558099
0.7773212
1.2674571
1.2466853
1.0108361
1.1620941
1.0092892
1.0080429
0.9879239
1.1661914
1.0126149
0.7359863
1.0953720
1.0615357
1.0878328
1.0069057
0.3868299
0.2740331
1.0073114
0.9929378
0.5095251
1.0325342
0.9759608
1.2904475
0.8016676
1.1566923
1.1868141
0.7514133
1.1708157
0.5857565
1.0131904
0.5429113
0.9917573
0.7715859
1.1342781
1.0229571
0.6838504
0.4124750
0.6875839
1.0945472
0.6608967
0.9095281
0.6247639
0.8528052
0.7267221
0.5361084
0.7651152
0.5811668
0.0794368
0.4974693
0.6918687
0.7087336
0.5475503
0.2461726
0.8818068
0.9727770
0.4531720
1.3832005
0.5337998
0.8913948
0.7435733
1.4959721
0.5582014
0.2794518
0.6942717
0.2478348
0.2956176
0.4410727
0.5427626
0.1320353
0.8342189
0.6316762
0.4247319
0.3189204
0.8937580
0.5067012
0.6096023
0.9321163
1.1312564
1.1058992
0.5939634
1.0232549
1.2200086
0.5658059
0.1886669
0.5184497
0.2922354
0.5854518
1.2045739
0.8019738
2.0851217
1.0872922
0.8989934
1.1454634
0.6886334
0.9928128
1.0118677
0.6388262
0.4507449
0.3669431
1.2129746
0.8236731
0.4151810
1.2909710
1.0460448
0.8364813
1.4121330
1.7282357
0.3831466
0.9257939
1.2279647
0.7712415
1.2090616
1.1900886
0.5207866
0.3021054
1.0693078
1.1569660
1.0349102
0.7051970
0.9086524
0.9662693
1.1360267
1.1674345
1.4607220
1.0762174
1.8114543
0.7637000
0.4618485
1.1962205
1.4006233
1.9105012
0.5277710
1.1671646
1.8789291
1.3022736
2.1080140
2.6099551
1.5894589
0.7856202
0.5570396
1.0837783
1.4115546
1.6583521
1.5856246
1.6770029
1.3272369
0.7570962
1.9116760
1.2380056
0.9004242
0.7907748
0.7499127
0.5432149
1.2522323
0.0713486
0.9879711
0.7956161
0.6794738
1.1125078
1.6619747
0.8146967
1.0902989
1.7405410
1.5546069
1.3516745
1.2152658
0.5065059
0.5323737
1.5177077
0.6879806
1.0103512
1.5154076
1.0844635
0.9930074
0.9450392
1.7029864
1.0322495
0.2950617
0.7932183
1.4425556
1.0603387
1.5751192
1.3311665
1.8679931
1.2697460
0.7965037
1.0678888
2.1268734
1.8036890
1.2772083
1.2867784
0.8703930
0.8879621
1.1362153
0.8392642
1.7942395
1.4398011
1.4595767
2.1633027
1.9244043
1.8306786
1.4027415
1.3941192
2.4214492
0.6328234
1.4195728
1.1150479
0.8465445
0.9413070
1.1401554
1.2650253
0.8478948
0.7845777
0.8414279
0.9450239
0.9070592
1.1423351
1.0318263
1.2353539
0.6278711
1.1120565
1.2409167
1.0760123
1.2509587
1.1169683
1.2414875
1.0277792
0.9685362
0.8701890
0.9775515
0.9675659
1.1596587
0.9687652
0.6582551
1.1740001
0.8666027
1.0711548
0.8321579
1.1485299
1.4079921
0.7360319
1.2975244
1.1978418
1.5576177
1.3702063
1.2007954
1.5540988
1.0384456
0.9933375
0.9116244
1.2207153
1.3369788
0.9627563
1.4912600
1.2094813
1.1123002
0.3585969
1.2887626
0.1662532
0.6177938
0.5173116
0.5926293
0.8840600
0.3532185
1.2108109
1.2511590
0.5957866
0.8313688
1.1667663
0.6835941
0.8037787
0.3948074
0.2903322
1.7799801
0.5784166
1.1152174
0.4452812
0.4758023
0.5572912
1.9772090
1.0931847
0.9318004
1.4772235
0.7306212
1.9713387
0.9340846
0.9894135
1.9152501
1.6397941
0.8165699
1.3878842
2.3068122
0.5064467
2.2923812
1.1513114
1.1473419
0.5761995
1.0215628
0.5776242
0.7582771
0.5573450
1.4462082
0.6956150
1.6546254
1.2718218
1.3857243
2.0504322
0.6194973
1.5481494
1.7740086
1.8256990
1.6399741
1.3265096
2.5247804
1.3538770
0.4984318
1.4467568
1.5848865
0.5497858
2.3106910
2.0263396
1.0020485
1.2972394
1.9174138
1.5372452
1.2460855
1.0674684
1.8568697
1.7321450
1.2862800
1.6716428
1.2179456
1.0096063
1.5529500
0.9764542
1.2228061
0.7317325
0.6497799
1.4112931
1.3054259
1.1984454
1.0577303
1.0442534
2.5960852
1.3745646
1.7814504
2.3944667
1.2324925
1.9823256
2.2157730
0.5951968
1.1757750
1.6277623
0.8050274
2.3720631
1.5744345
1.4402934
1.0770133
1.1001824
2.5750216
1.0755930
1.3253502
1.3639384
1.1019983
0.8346192
0.8757151
0.7428884
1.4993532
1.2748271
1.6671641
1.9889206
1.6261625
1.2109850
1.4787987
0.9575541
0.9644731
1.0951719
1.2595299
1.1125807
1.0243546
0.7399173
0.8022123
2.0708114
1.3852294
1.0522968
2.8955396
0.7385992
1.2743166
1.6702089
0.9008462
0.8082238
0.6082136
0.5541044
1.2782239
0.8110054
0.5820657
0.8746781
0.9295974
1.9751700
0.7785097
1.0252961
1.4016448
1.1285222
1.2637155
1.3123625
1.9235000
1.8839712
1.7689105
1.9531037
0.9090414
2.0070594
1.6534347
2.4855658
1.7407359
1.9416412
1.7258953
1.8287502
2.6630568
1.9322627
3.2460649
1.5167699
1.5143107
1.9491702
1.5290387
1.5990640
1.5771322
1.4172857
0.9286198
1.8425333
1.3012198
2.6176855
1.6351192
2.6380760
1.3379880
2.1598844
1.5701637
2.4451631
1.6071219
1.8338061
2.4603313
2.3104539
1.1045732
2.4421202
1.9344323
1.1335159
1.6541109
1.7295384
1.0343501
2.3090454
1.2104066
1.2835859
1.9794522
1.1499245
1.2251043
1.4114128
0.8769374
1.2337201
1.4082676
0.6378178
0.9062717
2.8303518
1.3830427
2.3026331
1.7760507
1.6637034
1.4183313
1.7036331
1.3644225
2.2314490
8.6798357
3.0434655
1.9582361
2.3072429
2.6002495
3.8981843
3.3945412
2.6155888
2.7355440
2.8873850
2.0037834
2.6081217
2.4181933
2.5657873
3.1974496
3.2854074
0.6386330
1.8023267
2.0677547
1.5931414
2.0765533
2.1773592
3.1410223
3.4401331
2.0932105
2.9531700
1.9106936
2.5251417
2.0591476
2.9523733
2.9124418
2.0117491
3.4389330
1.6378869
0.7030636
1.5764647
2.3864874
1.4725088
1.6563771
1.2688335
1.4913712
1.7684462
0.3389980
0.2934291
0.3626180
1.0904629
1.2011479
1.8115282
0.9724027
0.6958362
0.8382634
1.2564379
0.5872375
0.6191992
0.1624863
0.9221093
0.5997637
0.3955594
0.3691631
0.5543749
0.9993596
0.4835757
1.1565061
0.9466406
1.2715826
1.2392581
0.9528970
0.5582765
1.0776505
1.4375254
0.9156343
1.2519048
1.2640808
1.0217454
1.5617266
1.6013974
1.2681497
0.7611378
1.8417017
0.3294039
1.3995307
1.4624457
1.8944744
0.8796567
1.0980349
1.6757725
0.5944340
0.5071947
0.4421466
0.7681084
1.6812637
1.0547815
1.3420536
1.2038874
1.2184691
0.8560681
0.6832860
1.2384978
1.2415406
0.4643102
1.2321828
0.8924029
0.4330600
0.9381730
1.3308279
0.7014732
0.9786362
0.7224483
0.8585686
0.8971363
1.1314222
0.9311416
0.9149659
0.9969625
1.3255786
0.7723244
1.2132567
0.8754807
0.7595100
0.9093830
0.7877557
1.3488789
0.9907900
1.0159043
1.2458219
1.2894033
0.5209315
1.1075261
0.5378686
0.7266906
0.3269184
0.5738284
0.6778535
1.0653796
1.2611431
1.2984974
1.2673714
0.7993895
1.0881211
1.1045958
0.8082194
0.9416905
0.9441835
1.4376491
0.8573215
1.1862660
0.7238280
1.1540577
1.5172351
1.2256387
0.7990779
0.8384670
0.7408356
1.1539847
1.1783241
1.6389879
1.7811091
2.1721212
1.7909767
2.3441285
1.4570322
1.2502807
1.4752966
1.7079726
1.4816104
1.3452887
1.1644022
1.7498318
1.9709207
2.3963396
2.1396857
2.1890440
2.2998221
2.0509838
1.7907060
2.3778853
2.1921662
1.5459436
1.4465343
1.2445004
1.8358256
1.3705960
1.7617366
1.6388226
1.4641151
0.7539489
1.0916445
1.4137688
1.4132515
1.1509104
0.7781445
1.2564209
1.3694051
1.5407367
1.2396341
1.5965709
1.8004301
0.8824587
0.7757037
0.7730955
1.0013854
1.2892025
1.3196781
1.8135322
0.9234455
1.0226261
1.6735538
1.0671596
1.1742468
0.9248009
0.8178840
0.9862054
0.5288132
0.8603007
1.0903167
1.3679019
1.0766530
1.2266330
0.4630374
0.5523233
0.5819871
0.5818599
0.6908541
1.1673240
0.8295669
0.5539300
0.4875364
0.7799723
0.2444880
0.7181833
0.5839790
0.6735618
0.8014081
0.6707756
0.8727018
0.9361713
0.5762701
0.4849329
0.8850975
0.6306524
0.7053071
0.5053546
0.6922657
0.6288319
0.7090176
0.6203056
0.7797723
0.6240026
0.7070499
0.5225420
1.0142899
0.8140285
0.8626139
0.5154948
1.0779943
0.7263331
0.6303158
0.6463285
0.7287234
0.7766148
0.5218953
0.6337658
0.6780114
0.7767417
0.7430987
0.9369624
1.0991339
0.9952866
0.8446833
1.0648675
0.9430094
1.0914673
1.0873251
1.0233372
0.7350378
0.8307064
0.6163538
0.7393878
0.6584058
0.9709334
1.0111665
0.5884637
1.0141711
0.8274528
0.5869036
1.1678523
0.5515961
0.9854946
0.8338438
1.4970980
1.0014931
1.6756408
1.2438317
1.0850558
0.5069345
0.7133974
1.1505047
0.9811422
0.7657265
0.7825734
0.8998997
0.9044091
0.9405654
0.8218689
0.7351712
1.1866662
2.3853091
2.1279071
0.5421547
1.1400959
0.7117949
1.2042415
1.6778585
1.7090010
1.8193354
1.8503513
1.9298300
2.1581725
1.0539359
0.9743719
0.9241832
0.8843763
2.0341534
1.1378687
1.3110046
1.2860312
1.0157444
1.7361002
1.2281729
1.0626964
0.5506542
1.0699950
0.8697397
1.2478177
1.8458347
2.0406156
1.0709862
0.4902325
1.0771045
1.0154324
1.0971451
1.2632184
0.7042145
0.7314552
1.3750397
0.8619642
0.3471468
0.9291822
1.2844667
1.2618438
0.7583902
0.9437084
1.4078921
1.6559187
1.1994841
0.8032727
0.2083939
2.0438411
1.6118032
1.8229788
0.7422830
0.8238770
1.2098924
1.4995624
1.7189867
2.1733835
1.9600548
1.6654659
1.9808416
1.8154365
1.4490196
1.6280008
1.6329546
1.4677713
1.0558759
1.4341311
1.7703929
1.0659520
2.1376166
2.2811259
1.7789570
2.0753306
2.4747554
1.7214228
2.4649594
2.0211331
2.8877819
2.0673777
2.1935834
2.1138404
1.6564807
2.2219836
1.7520442
1.5461843
2.2212085
1.3291548
1.7032074
1.5130406
1.9407343
1.5531262
1.2889821
1.6276631
1.8425022
0.7574918
1.1673566
0.6448355
1.2063158
1.1889330
1.3916558
0.8056529
0.9625801
1.3309725
1.3960001
2.0766434
1.6482042
1.9229415
1.7604458
1.2604164
1.3666372
1.1709128
1.0234027
1.1154877
1.3800186
0.9105023
0.7128111
0.6145263
0.9957074
0.6400149
0.9131187
0.5310808
0.6941950
0.8107018
1.0369948
1.2360684
1.5012488
1.4904174
1.5150300
1.0697597
0.7954357
1.1508302
0.5888275
0.8801153
0.7455119
0.7976550
1.1402372
0.6386490
0.6033345
0.5533042
0.9365393
1.0447933
1.2922660
0.7380611
0.4515816
1.1626565
0.6220553
0.5405971
0.3741206
1.0355734
0.5691379
0.3440135
0.2694785
0.7408907
0.4841216
0.4277110
0.8208719
0.8006629
0.0638634
0.6233639
0.0816130
0.7376500
1.6850699
0.3766208
0.7051190
0.8971974
0.3430349
0.4499896
0.5950611
0.8321268
0.8401039
0.4189323
0.9278239
0.4494168
0.8374232
0.5271543
0.3176847
0.2163224
0.6936833
0.1662243
0.1955087
0.5414733
0.2673481
0.4039443
0.3181931
0.5826592
0.4320014
0.5267333
0.5693075
0.6422777
1.1037180
0.3105905
1.2302005
0.8193746
0.6564331
0.5454750
1.0250906
0.4708412
0.5320410
0.8921641
0.5633101
1.1807116
0.5069602
0.3599197
0.7891181
0.2986405
0.6025266
0.5519751
0.5409072
1.1503765
0.7044688
0.8653835
0.2429360
0.4441500
0.2931165
0.4314361
1.1576648
0.8646118
0.4444514
0.3226824
0.7259928
0.6664465
1.2981980
1.4783297
1.3002072
1.6985512
1.8795972
1.4058036
1.6910336
1.0668557
1.2255076
1.1131491
0.7569701
1.1698064
0.8376003
0.4719627
1.2469528
1.9040965
1.7731472
1.1224148
2.0793502
1.5502576
1.6418882
1.7086111
1.2569672
1.6912295
1.2451217
1.7236106
1.7912220
1.2878220
1.5842601
1.7236028
1.8886797
0.4308179
1.6286202
1.7915980
1.4813353
1.0503564
1.9925167
0.9064961
1.6068053
0.7027380
0.7683324
1.2857146
1.5742548
1.3320331
0.5027313
0.7691711
1.5884258
0.9224766
1.8946085
1.1097479
0.9454018
1.0379964
0.7621933
0.7802162
1.6346467
0.5617406
0.5007932
1.3788294
1.5196573
1.2856155
1.5377019
1.7503249
1.2806196
1.8848102
0.7808586
0.6126610
0.7004526
0.2827809
0.8135791
0.7563460
1.6798364
1.8366126
0.4143553
1.7734575
1.4296531
1.9203708
1.2413681
1.5435092
1.4836288
1.6761832
0.5304538
1.1408592
1.6616315
0.9006375
1.6068042
0.8634800
1.2965120
1.5343187
1.7645511
1.3364202
1.5698362
1.1789640
1.6642389
1.4387545
1.4655386
1.3519780
1.6270828
1.2918395
1.1106471
0.5508772
1.1223660
1.2680204
1.0690509
1.3111169
0.6895524
1.3868013
1.5507694
1.5636450
0.9018224
1.1521900
1.6257505
0.9472843
1.9272184
1.4166909
0.7454380
1.2131971
1.9650576
0.9250993
1.3434619
1.5784864
1.4749206
0.6337230
1.6072950
1.7063071
1.3709539
1.3453664
1.9809184
1.6689106
1.3806009
1.4395895
1.6069680
1.6139539
1.0787225
1.5499357
1.1666002
1.6695402
1.6069586
1.3799535
0.3925552
1.7968649
1.3340712
1.6739631
1.5545089
1.1702254
1.6093440
0.9066843
1.6570566
0.9582120
1.2385235
1.6215637
0.7318895
0.6295155
0.9006936
1.5213395
1.5886609
1.4230013
1.5088395
1.3907804
1.2601038
1.3121215
1.3803243
1.6962947
0.8013544
1.9116486
1.3595546
1.7044694
1.3324910
0.5263608
1.2858372
1.1489054
1.5690789
1.1688721
1.2686854
1.5118364
2.0330747
1.4506914
1.5333563
0.9025943
1.0551627
2.0466149
1.9864250
0.8603011
1.2151575
1.7950575
1.4018305
1.2452394
1.9525797
1.4224206
1.4054914
1.9070110
1.2183558
1.8048657
1.1587120
1.5878325
1.7143239
1.9005039
0.8116583
1.5217739
1.7143576
2.0248428
1.5679245
0.9438561
1.5778689
1.1203767
0.7251256
1.2071649
1.3539933
1.7721083
1.3824247
0.9125819
1.5040170
0.4912528
1.4998075
1.6985640
0.8311558
0.9552864
0.8886720
1.0936060
0.9369901
1.7616160
1.1315410
1.9889984
0.4086756
0.7525595
0.9752852
1.3344782
0.6366106
1.8721280
0.9898915
1.9952241
1.8241578
1.0528917
1.1196562
1.5326701
1.4641914
1.5614722
1.6805243
0.7519487
0.3759349
1.2792665
0.5850742
1.5582797
1.6866620
1.1073224
1.6038560
0.5826008
1.0354887
0.9577398
1.0360663
0.6100179
1.5216576
1.0061444
1.6029852
1.6311606
1.4959206
0.4532421
1.4087249
1.1004355
1.2503920
0.5601749
0.7024605
1.2365533
1.6524043
1.5484010
1.0692314
1.7496245
1.7528341
1.6269737
2.1563254
0.6051240
0.6713462
2.0926976
1.1076153
0.9973345
0.6632348
0.9105398
0.9893049
1.8677793
1.0383911
1.5869377
1.8836013
0.9750152
1.0354173
1.1160087
1.8885205
1.8821105
1.4249034
1.7706710
0.8262072
0.8279167
0.8063698
1.1419715
1.8219869
0.7384452
0.5485211
1.0335322
1.0391825
1.5715403
0.5195394
0.8102701
0.9023264
0.9963536
1.6773578
1.2589663
1.7931897
1.9594993
0.4904254
0.6312733
1.9252855
0.7683251
0.4440201
1.3626717
0.9724350
1.5255140
1.3141751
1.1210826
1.6351200
1.3819178
0.6604309
0.8214490
1.6850198
1.4464100
1.8046767
1.4492990
1.0188797
1.8167047
1.6129527
1.8687582
1.3917021
1.7435363
1.0046652
0.8330422
1.3799322
0.8370592
0.9955262
0.9726893
1.3855425
1.6967515
1.6236042
2.0431770
0.6765870
1.0677956
1.4049273
0.8295475
1.5509727
1.6504871
1.0339236
1.8077204
0.3850634
0.4778328
1.6872631
1.6701943
0.7683140
1.6089069
1.4053456
0.6652219
1.0812108
0.7344400
1.3304727
1.4437014
0.6382196
1.8991591
1.4557895
1.2666829
1.9275736
1.6750786
0.6752758
1.1546412
1.5083243
0.8640406
1.3308578
0.7873119
1.7290342
1.4553191
1.1285823
1.4866373
1.2781557
1.4830638
1.4573312
0.5707455
1.7460166
1.2052058
1.2562482
1.0673384
0.6330373
1.0454704
1.6744605
0.9230718
1.5452099
0.5540298
1.5096942
0.8175820
1.8700105
1.3169671
1.3599650
1.2571655
1.2250048
0.4576099
1.7671210
1.1059556
1.4736951
0.9182465
1.2849619
1.8848931
1.3544167
1.2786221
0.9715349
1.0514270
2.0600236
1.4220323
0.5407659
0.5377587
1.7363169
1.0679167
1.6404075
1.7228433
1.8407635
1.4617898
0.7863871
1.0282200
0.4189778
1.9502279
1.1578560
1.4782850
1.4217009
1.2764628
1.5780176
1.1532050
1.9085178
1.6159620
1.2399024
1.3950685
1.2913604
1.1737175
0.6670135
0.8114109
0.4389414
0.9879523
1.6524601
0.3155068
2.0794813
1.2438672
1.7466429
0.9094939
1.8430151
1.0083911
1.2979815
1.1919397
2.1478755
1.4078190
1.2378075
0.6732932
1.3200590
1.1219169
1.9818806
1.5204423
1.9090630
1.1911087
0.8653264
1.1144289
1.1180317
0.9112427
1.3626938
1.4562711
1.0741528
1.2184654
1.4799346
0.7813568
0.9667088
1.7697582
1.0245075
1.1692632
0.4846526
1.7588432
0.7713362
0.5929953
2.0395289
0.9822890
1.8021429
1.6833594
1.4083418
1.6068951
0.5345160
1.8292063
0.9202612
0.7549485
1.0391295
0.9652017
2.0357897
1.4927156
0.8803158
1.3782021
1.6351671
1.7413609
1.0586881
1.2781123
0.9714361
0.6615882
0.9656424
1.7271297
1.5432594
0.7207295
1.5376919
1.5953346
0.7054845
1.6523164
1.8029113
0.8908280
1.1176820
1.4177161
1.6148047
0.5890160
1.5857359
0.8052143
1.5843278
1.4006943
0.9466632
1.4456047
0.6418610
0.5585149
1.7181039
1.2587797
1.2146394
0.6360987
0.8665657
0.6791796
0.8331317
1.9556013
1.3781503
1.3557230
1.7757256
0.8652134
1.0830136
1.6004999
0.4960528
1.4345989
1.4346630
0.8274667
1.3938752
0.6636002
1.5531990
1.1862448
1.2420862
1.5839575
1.0424519
0.6408681
1.6428857
2.0461948
1.2781526
0.9861258
1.3943372
1.3654665
1.8901106
0.4123062
1.9495378
1.6075986
1.1490569
1.2655429
1.7530088
1.5798150
0.7566092
0.5883240
1.5161228
0.6148233
1.9576010
0.7585935
1.4072631
0.7986932
0.6573981
0.7470441
0.9392002
1.2378176
1.9793842
0.8453381
0.9833901
0.9258208
1.2390844
1.8651194
1.5040378
1.4379479
1.9777871
0.8633364
1.1837765
1.1238020
1.2335168
1.7800013
0.5553615
1.2351710
1.5185382
2.0102668
1.0695418
1.3742946
1.3533775
0.9697632
1.1596777
1.6161703
0.4956769
1.0531298
1.4159540
1.5239380
1.5033358
1.9899239
0.3526718
1.1353261
0.9155448
0.6585715
0.7006599
1.5900257
1.5526820
0.6457991
1.2627677
1.0845828
0.5712734
1.6852228
0.6675905
1.2410805
0.6040206
1.2714693
1.1335257
1.4736555
1.0204009
1.6892017
1.4412749
1.0923355
1.5035448
0.6540313
1.5673737
1.9810527
0.8607906
0.7845513
1.4904519
1.3475598
1.6860994
1.6940301
1.6362196
0.8726455
1.2074192
0.9597709
1.7207137
1.4549310
1.3166358
0.5955565
0.9032993
0.9223360
1.9443064
0.6830342
1.0644474
0.5952354
1.2345268
1.5467701
0.6967748
1.2614845
1.6821869
1.2611783
1.7415845
0.9347665
1.7121852
1.2195348
1.8911061
1.2140628
1.1687814
1.1611666
0.9757270
1.3672764
1.4013859
1.7520180
0.8556357
1.3120910
0.6049519
1.8669705
1.3651647
0.6041141
1.4850766
1.4497093
0.8066164
0.8128154
1.4987270
0.9403157
1.2267530
1.3512422
1.2513366
1.7397164
1.5074159
1.5382903
0.5319313
1.5748974
0.5673559
0.9716112
1.2452821
1.1620264
0.5550009
1.1608383
0.4435259
0.5874819
1.2917560
1.1512476
1.4284889
0.9517377
0.9327937
1.3011487
1.3116616
1.3181144
0.6837056
1.2921527
0.8447760
1.4925029
1.2834431
1.6988756
1.3363371
1.1854113
0.8608369
1.6590152
1.7559720
0.9485200
0.9987154
1.7494018
0.5411257
1.2356974
1.0959506
1.6263839
1.7422710
1.2149373
0.7820388
1.2427761
1.2855938
1.0166173
0.8784528
1.0252926
1.0422982
1.6480557
1.2806357
1.6389315
0.7825407
1.2724054
1.6119606
0.7398837
1.3652702
1.6549091
1.2472217
0.4865632
1.5266112
1.3501348
1.4860966
1.0173162
0.7000400
0.5334843
1.3016158
1.1015343
1.8324444
0.9927176
1.8238463
1.6586993
1.4501313
1.7192974
1.5614410
1.4770555
1.6359247
0.9224393
0.9735036
1.6383997
1.7795352
0.9485100
1.0707352
1.6357330
1.9175952
1.4261165
1.3548570
1.5061545
1.0460005
1.2900659
1.2166950
0.4499820
1.3904561
1.3367121
1.6373118
1.6743353
0.5210301
1.7526741
0.8169448
1.6620484
0.8393762
0.8821123
1.3597801
1.6399363
1.2865725
1.0992719
1.5010039
1.4014049
0.9364338
1.2321545
1.1628937
1.5306766
0.9217732
1.3722058
1.3532944
1.8919105
1.1253307
1.5998298
1.3963616
1.6571319
0.6040900
1.5882575
1.0995511
1.6221815
1.2687489
1.3616848
0.7042120
0.9329257
1.0727360
1.6481817
0.5984335
1.3342514
0.5830359
0.4781610
1.5365641
1.2925454
1.7838163
1.6282565
0.6492129
0.5059961
1.1602884
1.4159725
1.3294461
1.8270440
1.0521433
0.6952389
0.8829719
1.2184146
0.8524777
1.3146698
1.8230611
1.4242326
0.7789551
0.7195306
1.6247466
0.5624409
1.0285876
1.2142833
1.4481034
0.6027119
0.6211861
0.9698375
1.3676590
1.4662517
1.7843766
1.3207591
1.5547051
1.0829328
1.1868495
1.6053716
1.2599898
1.8278699
1.1383905
1.4869348
1.7105012
1.6388898
1.1171521
0.7737988
1.4852477
0.6659972
0.6993548
0.6325880
1.4220196
1.2626925
1.1627533
1.6803587
1.0788026
1.0977709
1.4027955
1.3939725
1.6791416
0.5910442
0.4615108
0.7417923
1.5548039
1.5095849
1.2364273
0.9317738
1.8484840
1.0597622
1.6097981
1.8303565
1.9133708
1.4770588
1.1940574
1.2318109
1.2232000
0.5474727
1.4497276
0.6095962
1.3400587
0.8469602
1.5881828
1.1614668
1.4191487
1.6466848
1.5540942
1.0997728
0.8139923
1.0468532
0.8247589
1.4868594
1.8043124
0.8064607
1.3343367
1.3390461
0.8367643
1.2200485
0.6086969
1.0638614
1.6332592
1.1782162
1.6670993
1.0170428
1.3189869
1.6392842
0.7198542
1.9104109
1.3440425
0.7772525
1.4443665
1.3362716
1.6772604
1.8185466
1.4582719
1.3410365
1.0811390
1.8090045
1.2640219
1.4425106
0.9885476
1.3517546
1.7307757
1.7019288
0.6525616
1.4002379
1.7725090
0.5915035
1.0426740
1.4392525
1.6510909
1.0284617
1.7237922
1.4580595
1.0808783
1.8225066
0.5465645
1.4396092
1.7465525
1.1634609
1.1938397
1.0991227
1.5350494
0.9769699
1.8629773
0.4199085
1.2617766
1.6739601
0.5428187
1.0127063
1.1494889
1.6436406
1.5116109
1.8450008
1.7216734
1.6433001
1.3226390
1.1527708
0.7053922
0.9125541
0.6601892
0.7250778
0.9548409
1.0129687
0.8681293
1.6465577
1.3677069
1.0455346
0.8113046
1.0990860
0.6524973
1.6686492
1.0703568
0.9421212
1.7752105
2.0499907
1.0462448
1.4373456
0.9807109
0.9118830
1.7421968
0.8410991
0.7882608
0.9548810
2.0014578
1.2563231
1.4701679
1.5012800
1.8839449
1.2766715
0.6006444
0.7801754
1.0151139
1.5696004
0.9159582
0.7799608
1.0026923
1.0298605
0.8342026
0.7235036
1.3330646
1.4611435
1.4041699
0.6982216
1.6457666
0.7482807
1.0580332
0.7765669
1.5396306
1.2444637
0.8170592
0.8320362
1.4232759
0.9957098
1.3850228
1.5894135
1.5144507
1.2243664
0.8299202
0.8673584
0.8799465
0.7348457
0.9783929
0.7883453
0.8826676
1.5077148
0.8543611
0.6622720
0.7227139
0.5116936
0.7074044
0.8190471
0.7297494
0.9140149
1.3691723
1.0334198
1.0342593
1.3696956
1.4823902
1.2571258
1.0119157
1.4005550
1.4371042
1.8019352
1.7456132
0.9601574
2.0882109
2.4086430
1.1884517
2.5260130
0.9680214
1.6973555
1.0946504
1.5937069
0.8849543
1.8400123
1.1234623
1.9119527
1.9179700
0.9740501
0.8565598
1.2438198
3.1108814
0.9846292
0.7954930
1.8497266
0.6271443
0.9791154
1.0552654
0.7027165
1.1866956
1.3980613
1.8914395
1.7050536
1.4034061
1.4026450
1.5626346
1.0043467
1.3521809
1.1470277
1.1864100
1.2192640
1.0930627
0.7213359
0.8839813
0.6386875
0.9776872
1.5719210
1.5342911
2.1542291
1.3132407
1.1985575
0.8070713
2.7963587
1.3983305
1.5989993
1.1304376
0.9023090
0.6423884
2.3718929
1.1873008
0.9108332
1.2629392
3.3421493
1.1912669
1.9228726
1.1072558
0.7424221
0.4997168
1.5846698
1.8980597
1.1621664
0.5228918
0.9212093
0.8567720
1.1621108
0.9788712
1.6315180
1.3113461
0.5881901
0.7559917
0.4767193
0.3227452
1.7727089
0.4740636
1.0506377
0.6568927
0.6161054
0.7043853
3.5976510
2.2910406
2.1602221
1.5024046
1.8301245
3.5455517
1.0045284
1.5855526
2.4819259
1.0079411
2.1861995
2.4363754
2.1899077
1.2278634
1.1373631
1.0274209
1.1957743
2.6790318
1.1101672
1.0369784
1.1412493
1.5122484
1.3592022
3.8788569
1.1192834
1.7955440
1.2839280
1.7121727
0.8754536
0.6966497
0.5971064
0.9101286
0.9629804
1.7806263
1.1978508
1.0313550
1.0384758
0.4950088
1.3160673
0.4785232
1.0496915
0.4360237
0.6792729
0.7073570
0.5191852
2.3928077
2.3180744
0.2768969
0.8902534
1.9859898
0.5417864
1.1427986
1.1260513
1.4239775
1.5245694
0.3506675
2.1003488
1.4038776
0.6118926
0.9963203
2.0028120
2.2768087
1.4449912
0.8023599
0.4572088
0.9786193
0.9284744
1.5755558
1.6545934
1.0903079
0.7748915
1.0507616
0.5867455
2.4000275
1.3246815
1.3682116
1.3536570
1.3500386
1.5081985
0.6191238
1.1931648
0.6741167
1.1610203
0.4772014
0.5351194
1.2574131
0.8313306
1.0038849
1.2641507
1.3086672
1.3448277
0.8327077
0.4502871
0.5651881
1.1125778
0.9163258
1.8452163
0.9923498
0.8114343
0.9505925
0.9288419
2.7493475
1.0757352
4.1771594
1.1800737
2.0503260
1.4171337
0.6707458
1.4955114
2.4192336
2.0617037
1.6908836
1.7233186
1.6591127
1.6729586
0.5770321
2.0109564
1.7583438
2.0652168
1.5931069
1.9699538
0.7366958
1.7646636
1.3364154
1.9445052
1.8533007
1.4525053
2.0123680
1.8759348
2.1716758
1.8869719
1.0386826
1.2772928
1.6036717
1.6994717
1.5153130
1.0092860
1.6968260
1.0456012
1.3264761
1.7714202
1.9512957
1.3718777
1.0968917
1.6182746
1.0742288
0.6500022
1.8820990
0.2775595
0.8729599
0.4957869
0.2071002
0.2262066
0.3181364
0.6014351
0.9332224
1.2228185
0.6377928
1.3648260
0.7197027
0.7051573
0.7965504
0.5872605
0.4878341
0.8703450
0.8176365
0.5899125
0.7169447
1.0359456
0.5823995
0.6465222
0.3718599
0.8110801
1.1463882
1.3581398
0.8099068
0.9138106
1.7270581
0.3451300
1.1969684
0.7783180
0.9442278
1.7235486
1.6150970
0.4575401
0.9179528
0.8293277
0.9046899
1.2083874
1.2510818
0.6217187
0.8506426
1.1096637
0.8110896
0.7627761
0.9721835
0.9819316
0.9977465
1.4552054
0.9747496
0.3531876
1.0905666
0.8855091
0.9761226
0.5232075
0.8666466
0.6570113
1.8334625
0.8528091
0.7845864
0.7131646
0.9493732
1.0008391
1.3891092
1.0534956
1.0175663
1.0496026
1.6814984
0.6151552
1.5187730
1.3455510
0.6810009
1.6384417
0.6945584
1.3760041
0.8542180
1.8821228
1.5898429
1.2365475
1.2636812
1.4475581
1.1928863
1.2979872
1.6640037
0.8956037
0.9830035
1.1588558
0.5628443
1.0726909
0.8122315
0.9581752
0.9118268
1.0205223
0.6505528
0.8490968
0.7775898
0.9147205
0.9874551
0.8690970
1.0107033
0.6712092
0.6818990
0.8323039
1.0410252
0.7436841
1.1841774
1.3745362
0.9431475
0.4913452
0.5690665
1.2108252
0.7304383
0.7831552
1.2447581
0.9191942
0.6938909
0.8376837
1.3626883
0.9904298
0.8198087
0.6369370
0.9834862
0.6194231
1.5811637
0.6724293
1.1026253
1.0348043
0.8408001
0.6754242
1.4057083
1.1846123
0.6701463
1.0541136
0.7571275
0.7123502
1.1306587
0.6053344
0.7193314
0.6661744
1.0384768
0.7257130
0.6343055
0.7100707
1.3308625
0.5386320
0.4642364
0.4559076
0.9900769
0.6371644
1.1150477
0.7901201
1.0236947
2.0352328
1.1437775
0.5577118
1.1191474
0.3926155
1.3269108
0.3983113
0.8282353
0.8576080
0.4043812
0.5254119
0.6469568
1.3248067
0.3342812
1.2550091
0.6116334
0.6262658
0.6073870
0.8690099
0.7450822
1.5885376
0.7597320
0.3190533
1.3061933
0.4158088
0.7761933
0.3914675
0.4279671
0.6043248
0.4221388
0.6141015
0.5618773
0.5489169
0.5740545
0.6656517
0.4474491
0.4892987
0.7667837
0.3680162
0.9125712
0.1609047
0.3141741
0.1786817
0.4197359
0.4731337
0.5409062
0.5763152
0.8366451
0.6410571
0.6238722
0.7620887
0.6282397
0.5865678
0.2729448
0.4500565
0.2261048
0.9837173
0.4219365
0.6858318
0.8487312
0.8574874
0.8221346
0.7452619
0.2631569
0.5710674
0.7494842
0.5890548
0.6411735
0.6625713
0.5786366
0.4775910
0.4540527
0.5022516
0.7874183
0.6458508
0.5068576
0.6778592
0.5861785
0.5544695
0.5114866
0.5324491
0.6217719
0.2021160
0.4676481
0.4460385
0.5273711
0.3909614
0.3897417
0.3879829
0.3561654
0.4770320
0.3053975
0.3626496
0.5636637
0.3916267
0.5185587
0.5211843
0.5323573
0.4449491
0.4770447
0.3441744
0.1760161
0.6199016
0.8638611
0.6046492
0.2818478
0.2218769
0.5246113
0.4465121
0.5129871
0.4947055
0.6722728
0.6719739
0.6289945
0.8395272
1.1646557
0.6636680
0.5895777
0.7919365
0.4903945
0.5784373
0.6459397
0.5678379
0.4864750
0.5822564
0.8278535
0.9059260
0.7062803
0.5321760
0.5587028
0.8220868
0.8757662
1.0071444
0.6654921
0.6715703
0.9626869
0.8682691
1.1618368
1.1091264
0.7094138
0.6334305
0.3877697
0.7176858
0.6578051
0.4722679
0.2922979
0.5525176
0.8414251
0.7502860
0.3602522
0.3327097
0.8503885
0.2815972
0.4994156
0.5762148
0.6372936
0.5918452
0.7845501
0.3927378
0.5063027
0.1838424
0.3474143
0.5557417
0.4101788
0.4818780
0.8078163
0.6458345
1.0610586
0.3807441
0.2581050
0.4507596
0.4242885
0.8940476
0.8514026
0.3031193
0.3590491
0.9867140
0.8660321
0.1251239
0.3970692
0.7531912
0.9714147
1.1343983
0.7082984
0.8794303
0.6114501
0.5238005
0.4866415
0.7808538
0.4530292
0.4154347
0.5004655
0.4908455
0.8267771
0.5676040
0.4592874
0.3285716
0.6058015
0.4587518
0.1806692
0.2490445
0.2564310
0.2019503
0.6409779
0.1940220
0.5488277
0.3688307
0.0708933
0.2406264
0.4384400
0.1250413
0.4578999
0.4362734
0.2441823
0.2733532
0.6593519
0.5545887
0.5915504
0.6004481
0.6342990
1.0094998
1.0325502
0.9419781
0.8698225
0.9376365
0.7190823
0.6149195
0.4231312
0.5480168
0.6031706
0.7956920
0.5797782
1.0531625
0.9814275
1.1297210
0.3443883
0.4981948
1.0637400
1.1011211
1.1197752
1.2063694
0.2679707
1.0688055
2.1425137
1.8927040
1.6607046
2.2673456
1.0702353
1.1965050
1.4054224
0.5978526
0.7310175
0.3808089
0.4624107
1.9429272
1.0191127
1.2636562
1.3586618
1.7783267
1.5945078
0.7981955
2.4991784
1.9985983
1.7333737
2.1868513
1.4053696
2.1769348
2.1143071
2.3375421
0.6144352
1.4112340
2.5842493
19.4126127
2.0157141
1.6018197
1.4652081
0.9680383
0.6298308
0.5309894
3.4323277
1.1305374
1.3146799
0.8560167
1.1232261
1.5467272
5.2577961
1.2915095
1.5980553
0.9273330
1.0901958
1.3887154
1.3759027
1.7295191
1.7146688
1.9688108
1.8768999
1.4722183
1.7313197
1.7573604
1.1244041
1.1619632
0.8038653
3.4509191
1.9092717
1.1563235
2.2599393
1.6068438
0.8715086
0.4017551
1.3107832
1.1706617
0.8704890
0.3763121
0.6044561
2.6116132
0.8687670
1.3113311
0.5145316
0.3478023
0.7602875
1.8065597
1.6177986
0.9753369
0.3003573
0.7094800
2.0052841
0.7771954
0.3215777
0.8539663
1.0597240
1.2634461
0.4793771
0.8155784
1.2258849
0.5937213
0.9814130
0.7528940
1.0204839
0.1490650
0.4514955
0.3494166
0.2672409
0.8512780
0.6936539
0.5466374
1.2676588
0.8754601
0.5357134
0.4383394
0.3211288
0.6176793
0.7418926
0.1218529
0.6292218
0.1918545
0.3755724
0.8791247
0.9019614
1.3467745
1.0570464
0.8343904
0.9937381
1.1788906
1.2646940
1.4316394
2.3581337
0.9557417
1.0054802
1.2811297
1.1937666
1.3884025
1.5226891
1.3516404
1.2568894
1.3022878
1.5210865
1.3991413
1.2595749
1.0996574
1.1827322
1.2835083
1.0870446
1.2446071
1.3420558
1.1810048
1.2707744
1.1550144
1.1866489
1.1932560
1.7786107
1.3877212
1.7139488
1.0086175
1.4531347
1.8580211
2.3751839
1.9488964
2.9431851
2.0301467
2.3963020
1.0410042
2.5186445
1.9845682
2.8432008
3.6971403
2.0332348
1.8939005
1.7881023
2.1877704
4.0782881
1.7581061
1.5948354
1.9228751
0.8362995
1.4275826
1.1551167
1.6206340
1.2671239
1.0141162
1.7092750
0.7923877
1.2246174
0.9757925
0.7460979
1.3161555
0.6770470
2.4855687
1.1493488
1.5809750
2.3276230
1.0359612
1.1829777
2.3452503
1.4398003
3.1796402
1.7677334
2.5519914
2.2400010
1.4652517
1.6294457
1.2339251
1.2894610
1.2864900
1.3560729
5.1371788
1.9286301
1.3138610
2.7902345
3.2958329
1.3641111
1.0679306
1.6446491
1.6252603
0.8437488
1.4237313
1.6220537
1.2973319
0.7944612
1.3611209
1.0035440
3.2791329
0.8686809
1.1227822
1.2196921
0.5770330
0.7232512
0.7663057
0.7788025
2.9130553
1.0292446
0.7802096
0.9554289
1.5894393
1.0268051
1.2819890
0.9919115
1.1522814
1.2847487
0.5089731
0.8190260
0.4262198
0.2751494
0.5949912
0.3353941
0.4738360
0.6673647
0.6490455
0.7182950
0.8440493
0.8051307
0.6457644
0.5815696
0.5130417
0.7502350
1.3344136
0.6367444
0.6038744
0.4524793
0.5940826
0.3397594
0.9982059
0.8226476
0.5357823
0.6904910
0.1681567
0.7833707
0.4602362
1.2234621
0.6184875
1.1195779
0.9763901
0.1603229
0.5921138
0.3942455
0.8296357
0.3858726
0.7632590
0.3231856
0.4446489
0.4673217
0.8395987
0.5492970
0.6581084
1.2065771
0.3674113
0.7980929
1.2335018
1.7551300
1.4443890
1.2903696
0.5496045
1.0096722
0.9638913
1.3906528
0.6522715
2.4316412
1.3219619
1.4363447
0.7030433
0.2103342
1.0401282
0.8758516
1.0394860
1.2018220
1.1388399
0.8822591
1.4651661
1.5653499
1.5856207
1.4543416
1.0372045
0.9467816
1.8917084
0.4077936
1.6398135
0.8826935
1.3465383
2.1029730
1.4123875
1.7235469
1.0787974
1.1729040
0.5449554
1.4015595
0.7931878
0.7629002
1.1527140
1.0864240
2.0234039
0.5456631
0.5945083
2.0360859
2.7252855
1.9396343
1.1206343
1.8977048
2.2430599
0.9410909
1.7784097
2.4003467
2.0327603
1.6966877
2.0798892
1.8771501
2.2727157
1.2522196
1.5317115
2.4034253
1.6862874
1.6352832
1.4342018
2.0380858
1.3411317
1.6404854
1.8402232
2.3915211
1.4135001
1.3056172
1.5519050
1.5176347
1.3004361
1.4311632
1.5524548
1.1178857
1.5446781
1.3260059
1.7589375
1.3520671
1.6693531
1.1680646
0.8148788
0.5371773
0.7818474
1.2020083
1.7698940
0.5585922
0.8737246
1.0125006
0.8717747
0.5634540
0.7526828
0.7776818
1.1427515
0.3132589
0.5284796
0.3011247
0.6619126
0.6768281
0.4668058
0.7187927
0.5112638
0.7599814
0.5744624
0.7925257
0.8425428
0.7105837
1.4306667
1.0713304
0.6384205
1.0651349
0.7867591
1.0953575
1.6041260
1.7490649
1.7837078
1.0123604
0.7788467
0.4267091
0.8880526
0.4913931
0.8007851
0.9017959
1.1162230
1.5670660
1.7019867
1.3674401
1.3311656
1.1276185
0.6571553
0.2861982
0.1792713
1.0580347
0.3611378
0.5280816
0.3631355
0.5822186
0.6307170
0.5627561
0.5718097
0.7674926
0.3480883
1.2585710
0.7380488
0.9047178
0.5692875
0.3071305
0.7246799
0.2985471
0.6636995
0.4009558
3.9129686
0.4322573
0.5341896
0.8977275
0.7397760
1.1989085
0.3123588
0.2945434
0.6421429
0.4289235
1.5346618
0.9099104
0.7596176
1.1168652
0.7088683
1.2738398
0.5440185
1.0891519
1.2409652
1.4744783
0.9329798
0.9014058
0.6982913
0.6399165
1.1853654
0.6789744
1.0129206
0.9479153
0.5424969
0.9894410
0.8820656
1.9941754
1.4854391
1.5877270
1.8189169
1.2584834
1.7600807
1.3174858
1.3936241
1.1925426
0.5914846
1.2037674
0.5388508
1.3907674
1.3826229
1.3500243
1.8089167
0.9647791
1.2828907
1.5849281
2.0296855
1.3954585
1.1294671
1.4841073
1.0871266
1.4142023
1.2603684
1.0298221
1.6609967
0.7198488
1.6367975
0.8941278
1.6037137
1.2723744
1.2342946
1.5321102
1.6352497
1.1680646
1.3865974
1.3734271
1.2261660
1.3781681
1.5339145
0.7285163
0.7977191
0.6940947
1.2590687
1.3558628
8.5115707
1.4198883
1.2506069
0.7806231
0.9862639
0.3490470
0.9444007
0.9684804
1.6790073
1.1021928
0.5699804
1.1201432
1.4778968
0.9675407
0.6673470
0.8483790
1.8059606
1.5916641
0.8177390
1.3766458
1.4308205
1.0368952
0.4035483
1.0174485
1.1651068
1.5537898
1.7709380
1.4869025
1.1803235
1.2337890
0.6050741
0.5968217
0.3883348
0.8250850
0.4968746
0.9487911
0.7183684
0.6461292
0.5791282
0.6674561
0.7751759
1.0362652
1.0413184
1.0696907
1.1470993
1.1589279
1.3948730
1.1360420
1.4928224
1.0378322
0.1777853
0.4523208
0.6587895
0.8721096
0.2498007
0.4448506
0.6117840
0.5091311
0.5927952
0.2374192
0.3407728
0.4267729
0.7894785
0.4313683
0.3307601
0.8071245
0.7239987
0.1815408
0.4624023
0.9033057
0.2863186
0.3802464
0.3352092
1.2770999
0.4033217
0.4099505
0.2906556
0.2243150
0.2869125
0.6020564
0.2392450
0.3648551
0.3788281
0.4979550
0.4183307
0.5433806
0.5590723
0.3605902
0.4570614
0.4064548
0.6310181
0.6520518
0.9908338
0.6368625
0.8399760
0.2981575
0.5189507
0.4723306
0.7134014
0.5799252
0.5907863
0.4744256
0.3554118
0.7247071
1.0047733
0.9444777
0.9093023
0.9240986
1.1364399
0.8137511
0.3393832
0.7018860
0.7986265
0.8883979
0.7643653
0.7806518
0.3394093
0.4798995
1.0599463
0.9859825
0.8198801
0.8360659
0.8990107
0.8878626
0.5948487
0.9521874
0.1443215
0.7192492
1.1545349
0.5942295
1.0600274
1.1968080
1.0379352
1.1908787
1.1510015
1.0002724
1.1707267
1.4460878
1.2155660
1.4137680
1.4235915
1.1524634
1.3519302
1.5295627
1.6040552
1.3699522
1.0770151
0.8976317
1.0045262
1.2585321
1.0639336
1.0154510
0.9958476
0.9950715
0.9657471
1.0503597
1.0816081
1.1510900
1.2385080
0.8972427
1.0422400
1.1136331
1.0671624
1.1815247
1.0870868
1.3370601
1.0984620
0.9776469
1.0181952
0.9812367
0.8419926
0.5075783
0.3224410
0.6244585
0.1550648
0.4501129
0.5768233
0.2215643
0.3436135
0.5573534
0.4394875
0.4033961
0.4785948
0.6959879
0.1835488
0.6376268
0.5952379
0.3308067
0.3797164
0.6364630
0.2952333
0.4569528
0.5103854
0.2993762
0.3127117
0.3102076
0.3241909
0.3386455
0.3903562
0.2727060
0.1688021
0.5385257
0.6107641
0.5892967
0.8566648
0.8381705
0.5131415
0.3090734
0.3709209
0.1610721
0.4024878
0.4518412
0.5143561
0.6065147
0.4693863
0.4587054
0.7237161
0.4441548
0.3793397
0.6432036
0.5962903
0.6998897
0.8075195
0.9444332
0.9241773
0.8580648
0.5309155
0.8138264
0.6880267
0.6241157
0.7238703
0.9903753
1.0109754
1.1603162
1.3192719
1.0254786
0.9267901
0.7219378
0.8811402
0.7427064
0.6221181
0.8239004
0.7295661
0.9638942
0.6193875
0.9998866
0.7913026
0.8615301
0.5765491
0.5463872
0.6859605
0.6621148
0.8285686
0.7597559
1.3421521
1.1080624
1.2826803
0.9700608
1.0412751
0.9489518
0.8611510
0.8599117
0.7980632
1.1186908
0.6849062
0.9387102
1.2926119
1.5184666
1.5631657
1.1432987
1.0009657
1.2213677
1.0065985
1.2077879
0.9729709
0.8124448
1.3062112
1.4270931
1.2854778
1.4053446
1.5810205
1.8155533
1.6223097
1.6739893
1.6209665
1.5909369
1.5188574
1.6066488
2.0679125
1.7475518
1.4252212
1.2046368
1.2019464
1.1591286
1.2975083
1.2505385
0.5092274
1.4422998
0.8954372
1.4539744
1.0343473
0.9289041
1.1153708
1.3671698
1.5968833
1.3515960
1.2736520
0.8065168
0.9235825
1.1475761
1.7269003
0.8437229
0.9921793
1.0450169
1.3890872
1.5531654
0.9431834
0.7839937
1.0594064
0.9896256
0.5999083
0.6655421
0.9071724
1.1497846
0.9433299
0.8143067
0.8839137
0.9953200
0.5534392
0.5265285
0.9174057
0.9720639
0.7531857
0.5239797
1.1013665
0.5222753
0.6309794
0.7455439
0.4681761
1.1971373
0.3973107
0.4187689
0.8489526
0.5103753
0.9550081
0.8701152
0.8639965
0.8754929
0.8506699
0.2018971
0.8185142
0.7548993
0.6652399
0.5730831
0.4618695
0.3950098
0.3494282
0.3925117
0.4756966
0.3202724
0.5700651
0.3493218
0.5660535
0.4161633
0.3606675
0.3006369
0.6465417
0.3893737
0.5005461
0.5944293
0.6348251
0.7834278
0.4643042
0.6076792
0.3825134
0.6054538
0.5777076
0.4253264
0.5393753
0.6586757
0.3891642
0.5803506
0.3170043
0.5167750
0.6287573
0.6698031
0.8913226
0.5932939
0.6092420
0.5329293
0.7168157
0.5830492
0.7484223
0.8323810
0.6346201
0.9770662
0.7700987
0.4810455
0.6501319
0.8203299
0.8227407
0.6632504
0.7736238
0.6590598
0.2310476
0.6155694
0.5565082
0.5788299
0.6935756
0.5993612
0.5582743
0.7980723
0.6372742
0.4431891
0.4539487
0.4207841
0.4811972
0.6938675
0.6712138
0.2883736
0.3504524
0.5249383
0.3093229
0.3777576
0.2878880
0.4667943
0.2432021
0.7463391
0.6142527
0.6994039
0.4931374
0.4278998
0.3738675
0.3212914
0.4208390
0.4821309
0.2208824
0.3871359
0.3134929
0.5886761
0.4302892
0.4563547
0.5390995
0.6929136
0.4681118
0.5059359
0.4428080
0.6172244
0.5607550
0.5612610
0.8468139
0.4019374
0.5658560
0.5387767
0.4044359
0.5088372
0.4081722
0.4209091
0.5617785
1.1132996
0.6164771
0.6222385
0.6034868
0.5606249
0.8945712
0.8036891
0.6150913
0.6260201
0.5298187
0.2965228
0.4458492
0.5955780
0.5686865
0.5363083
0.3390026
0.6252093
0.3638494
0.7440826
0.5435717
0.4476025
0.3513426
0.7442683
0.3270753
0.7039535
0.7176694
0.9333103
0.5822497
0.2903678
0.6018892
0.6461268
0.4808782
0.4775966
0.6122707
0.3521068
0.7409255
0.3990532
0.5331165
0.7418748
0.8019953
0.5476665
0.6585067
0.7347234
0.4325016
0.6455092
0.5510335
0.5629874
0.5610949
0.5841045
0.3779957
0.6222030
1.0316735
0.6753253
1.0100940
0.8352742
0.8928308
1.0221166
0.8205920
0.8584597
0.9287295
0.9534095
1.0145955
0.9799676
0.8779676
0.8989214
1.1112600
1.1678727
1.0686796
1.0088654
0.8506637
1.3116206
1.3622013
1.4063475
0.8786625
1.2014113
0.9436900
0.8579976
1.5132244
1.3662319
1.0667344
1.3490618
0.8192068
1.5873592
1.3186424
1.7959026
1.1466416
0.9787968
1.8711392
1.7089923
1.9839108
1.7596471
2.2322723
1.5218087
2.1947381
1.2326648
1.4544401
1.5891660
1.5115100
1.8405752
1.6602409
1.3718459
1.8421498
1.9430435
1.6892272
2.0059135
1.6588616
1.6669244
0.8424230
1.0001246
1.1776858
1.5411203
1.5829175
1.5399736
1.1594931
1.1915969
1.3520514
1.4961550
2.1722498
1.1201513
1.5125996
1.2418577
1.3778905
1.3439096
1.6202237
1.6964126
1.9315273
1.2400731
1.3461336
1.3545972
1.8204364
1.6339776
1.5825033
1.2352989
1.5152401
1.4332971
1.8627790
1.5727675
1.7502727
2.8745067
1.3027234
1.0813825
1.6242611
1.6848549
2.4072800
1.3559950
1.4889742
1.8959954
1.2433437
1.6432525
1.8700751
1.5345534
1.3955477
0.9359727
1.7142946
1.3111662
0.8292695
0.4722822
1.1859912
1.6895218
1.3853072
1.6330820
1.7635093
2.0024287
1.6418139
1.5419105
1.4498465
1.6233145
1.7047047
1.2077569
2.1071894
2.1994993
1.2542826
1.3975304
1.3345635
1.2430265
1.1235679
1.2136103
1.3531650
0.9753784
1.6533375
1.4595539
0.8502773
1.5763121
1.2859053
3.5720983
1.4490462
1.1374889
1.7190266
1.8873269
1.1972554
2.1079374
1.4012831
1.6790636
1.2366391
1.3476281
1.9959489
1.4922992
2.9548402
3.0358120
1.0605750
1.9902025
1.0067500
1.7545514
1.6348169
1.8006157
1.8775254
1.7000228
1.4938111
10.7821545
1.2510339
1.5113048
1.2370913
1.2181053
1.4264310
1.4974804
1.7972888
1.4944806
1.5430841
1.5449067
1.5868045
1.3851756
1.5866069
1.3195491
1.3690586
1.1062068
1.6363958
2.0739130
1.0454139
2.6525333
1.7084742
3.5230803
1.1925841
1.4586685
0.6722852
0.4659016
0.8295622
2.9530512
0.3618535
0.9049155
2.0736283
0.5799421
1.1394796
0.8523513
0.4199578
0.5046917
2.2998917
1.5365570
0.2500530
1.7777255
4.2627179
0.9364293
0.9576259
2.2385323
1.1273317
1.0290965
1.0478855
0.9620529
1.0308434
1.5041348
0.8415022
2.8550182
1.8924114
1.4456901
1.9140394
3.0025439
0.6108372
0.5986646
0.4132526
1.1626061
4.1273007
0.4650697
2.1860185
2.6687246
0.5751689
1.9837120
1.4914050
0.6820615
0.5740110
0.3882312
4.4263629
1.4539332
1.4601992
0.7956716
0.8550671
0.5905131
2.0752287
3.1919151
1.7742011
1.2867618
1.0902079
2.5625057
0.7679522
1.5254303
0.6660169
0.5955863
0.8781203
0.8367992
1.7019160
0.5793021
0.5236887
1.6154707
0.8321384
3.9200281
4.7313054
0.5239455
3.8215589
5.3525953
3.0478608
2.1229260
1.9616358
0.2983409
2.1579800
2.3512526
0.8860102
0.9102340
2.0899518
0.9081441
1.8316667
1.0691763
0.5631726
0.5460305
0.7101705
0.3705321
0.6483254
1.9649915
2.1527428
0.8556584
0.3831601
0.3339463
1.0968529
4.2108908
3.2074865
14.0170219
0.5646722
0.5599690
1.3084656
1.3717474
0.9110441
1.9294447
0.9094865
1.4460429
0.5482970
0.4704032
0.2421871
1.7664329
2.1829058
3.2546633
1.4607749
2.1555117
0.1666034
2.3522789
1.8627509
0.8194357
1.8844167
3.0179970
2.9158216
3.6418011
2.9496404
0.9265798
2.0123310
0.8315314
1.2216139
0.7926071
1.7431179
0.4329929
0.4813954
1.0945296
2.1095234
2.5988871
0.7088532
0.7569368
1.1701747
4.1409086
1.0618095
2.3607070
1.4583550
2.1582078
2.0387208
2.6922246
0.3671538
1.4093159
1.7836008
0.7402473
0.9774343
0.7569358
1.3408877
0.8534901
1.5541048
0.9239675
1.1007421
1.1407522
1.1060019
1.2567913
2.3964775
1.2943997
1.1407269
1.1140378
1.2286347
1.6334913
2.7610938
1.7926792
1.4063819
0.8439951
0.7192945
0.8125789
0.4842148
2.2869597
0.7882995
0.6315275
0.2606367
0.4788642
0.4810447
0.7173924
0.8500727
1.6965148
0.9703738
1.9786197
1.6917869
2.2088296
0.4283890
0.5702178
1.0609624
0.7555366
1.4401975
2.1861488
0.9080829
2.2046500
1.6532289
4.7637630
1.5098456
1.0533829
2.2395759
1.3168593
1.0771810
1.4862672
1.8010291
1.9833812
1.9131556
1.5247892
2.2047707
0.7654148
2.3583566
1.5523747
2.0638420
2.4242026
2.2197481
2.4598894
2.7791483
2.5224490
3.2176011
1.4129681
3.0445865
2.5728078
3.4643976
1.3614516
2.4246754
2.5404771
2.3643136
2.3225660
1.6253631
2.0081763
1.0240761
1.2659640
1.4554156
1.7792198
1.6972525
1.7192771
1.5772958
2.1949210
6.0661076
1.7482426
0.9585208
1.1767111
0.7843725
0.6132176
1.0559839
0.6957438
1.0167528
0.7217287
0.8251250
0.6801591
1.2281498
0.3441483
0.3561172
0.5934551
0.8684060
0.9667472
0.5540674
0.6604304
0.7012998
0.5870596
0.2139726
0.8703576
0.6143873
0.7451699
0.4734598
0.4835955
0.4660486
0.2704758
0.4708463
0.8146120
0.3034425
0.7290897
0.1102848
0.2373297
0.2962362
0.7849063
0.9510419
0.5810347
0.6536743
0.5153682
0.8794232
0.2377121
0.2858661
0.2799628
0.4315521
0.5800643
0.9222545
0.3282338
1.2761994
0.2412988
0.3002013
0.3786125
0.5632244
0.9084356
0.4657386
0.4696274
1.0969867
0.3191809
0.3931475
0.5976222
1.6999423
0.9465008
0.7663528
0.6401022
0.9536980
0.7122229
0.3356642
0.9729632
1.1755383
0.5750669
0.6244065
0.9428614
0.6503258
0.6912480
0.5628458
0.9398736
0.6991434
0.3241665
0.8214714
0.5820863
1.2361140
1.3864475
1.0581638
0.7391700
0.9626236
0.5864850
0.8395814
0.8177200
1.2113861
0.7935720
0.8353939
0.8488584
1.5843116
0.6748863
1.1513950
1.0353424
0.6329275
1.7221882
1.3223311
1.1464619
0.7161782
1.0874205
1.4951923
1.2002485
0.8790751
1.1398598
1.3070794
0.9194937
1.0389040
0.9114770
0.5145424
0.6019208
1.6298283
1.5034283
0.8347289
1.1093812
1.1704726
1.3219297
0.5162500
1.1652236
1.4985598
0.9142547
0.8778046
0.4766366
1.1358099
1.0448255
1.0152710
1.1132875
1.1608905
1.5670062
1.3476979
1.4280176
1.1905097
1.0496551
1.0913879
0.8087620
0.6842190
1.2507479
1.0370764
1.3391077
1.5487645
0.3753126
0.6370063
0.6150946
0.8422888
1.0291252
1.0846616
1.1030232
0.9467713
1.2972620
0.8560552
1.3429895
0.7103443
0.9665600
0.5851443
0.9436352
0.4567763
1.2391702
2.1209083
1.5678310
0.9202850
0.9630504
1.0568134
0.9693950
0.5379807
0.8945755
0.7896894
0.8945143
0.7069432
0.6615387
0.3407483
0.8500450
0.6238948
0.8742060
1.0152913
1.0322251
0.9182417
0.9459374
0.9312463
0.5280654
0.4371979
0.3044528
0.3996441
0.3805275
0.3438971
0.1911595
0.5658454
0.9219048
0.3989123
0.9457132
1.0144703
0.8891468
0.3200994
0.3688094
0.6974385
0.7728201
1.0679473
0.5415963
0.7037682
0.5261940
0.7085802
0.4775263
0.4659391
0.3852050
0.4679038
0.3731871
0.6135410
0.8351008
0.7116625
0.2464413
0.5316374
0.5985405
0.6465113
0.5119138
0.5208155
0.2786851
0.5224899
0.4462404
0.5589097
0.8296888
0.3837749
0.8070090
0.6159979
0.6693231
0.9024846
0.3788095
0.5308141
0.5185278
0.4624125
0.4532175
0.5972856
1.0274266
0.3587617
0.4979226
0.9668308
0.4563585
0.6078285
0.6252001
0.6504047
0.8008973
1.0837914
1.2684013
0.7346648
0.4981940
0.2775401
0.2786257
0.5690269
0.5563437
0.4522666
0.5810428
0.6517847
0.5992755
1.2429977
0.7909888
0.7379232
0.8533364
1.3546233
1.2025768
0.5561742
0.5542505
1.2247966
0.8556524
0.7030870
0.9623015
0.4859153
1.0701849
1.1806545
1.0456419
1.0190236
0.6157715
1.0551739
0.9542646
0.2864084
0.5474604
0.5290357
1.4485911
1.2946113
0.9651927
1.0430017
1.1979134
0.6458321
0.6981894
0.9465834
0.7774133
0.3533584
1.1270006
0.9748646
1.0973523
0.8769895
0.4852001
0.7781009
1.0044818
0.4092868
1.0069859
0.6814716
0.8236793
0.9479010
1.1164195
1.1301852
1.6349940
1.1937022
1.8792531
1.2139305
1.6148040
1.2490197
1.3392837
1.6543555
1.6538083
1.5158052
1.4874268
1.7070046
1.7809012
1.6795454
1.2439091
1.3543072
1.5936179
1.4208996
1.0461263
1.6899165
1.2073785
1.2216170
1.7758297
2.2718425
2.1711096
1.8138156
2.1007682
2.3056194
1.7208885
1.8204529
1.8006930
2.0242432
2.4508139
1.5253413
1.9852293
1.6483451
1.9570182
2.4485284
1.8783318
2.2262561
2.2260435
2.1503570
2.0908768
2.6483408
2.3651413
3.0084630
2.0944317
2.2444283
1.8301167
2.2817990
2.4985522
2.5858566
2.6278086
2.7513011
2.7153969
2.4388693
2.7220663
3.1328259
3.2324396
1.8839767
2.6593148
3.0792491
3.0702173
3.2564788
3.2361468
2.9620446
3.2622249
2.7614494
3.0137949
3.1858388
2.9524281
2.6100942
2.8937555
2.7737147
2.7425184
3.3528711
3.0853268
3.4487823
3.3396832
3.7692056
3.3954958
3.2879307
3.3930001
2.9878362
2.8347749
3.0674960
3.6793157
3.6476245
3.1121882
3.3605899
3.4287214
2.9046771
3.5066016
3.6454160
3.1306291
3.1144185
3.3239306
2.6649480
2.6373257
2.9380305
3.0915605
3.7004083
3.6487079
3.2157094
2.6217803
3.7227074
2.9361377
3.1609150
2.6250924
3.0140815
3.3189589
3.3618843
3.0741260
3.6694790
3.7849715
3.1000524
2.7136195
2.8084167
2.6106804
3.4426454
3.2276362
3.0551756
2.9069317
5.0946536
3.2591173
3.6608964
3.6240407
3.4252663
3.4061170
3.2100293
2.8567417
3.0542815
4.9811789
3.2597795
3.2064480
3.5857566
3.4009654
3.1550623
2.9651497
2.7006060
3.2169919
2.7079367
3.4161261
2.6927013
2.8578009
3.2711608
2.4376359
2.2718657
2.4974007
2.5888307
2.5879566
2.7132022
2.4745416
2.3969719
3.0384496
2.3290614
2.5016786
2.4061309
2.2582060
2.2966985
2.6434604
2.5389927
2.3313886
2.2606132
2.1598642
1.8326454
2.0034512
2.2177894
1.6713885
1.7947988
1.9655991
1.3373184
2.0885777
1.7451155
1.9477981
1.8025727
1.9561213
1.6981292
1.9115851
1.6748680
1.5995552
1.5801095
1.6358441
1.9066538
1.7701562
1.5245528
1.9138298
1.3293802
1.8700992
1.8523937
1.6115698
1.4832174
1.8902286
1.4932084
0.8064631
1.4503685
1.6947030
1.7343790
1.1197009
1.5665278
1.5849812
1.9006948
1.6690489
1.6040656
1.6296445
1.6557179
1.5584527
1.6179468
1.6288591
1.6329079
1.4377354
1.6298527
1.3866157
1.5249504
1.3603688
1.4007295
1.2926967
1.4635506
1.2820572
1.3796596
1.3858013
1.4336526
1.5396598
1.6091044
1.4838646
1.4976050
1.3954835
1.5143720
1.3164789
1.3591258
1.2935865
1.3684247
1.2701755
1.1731075
1.0761385
1.1499670
1.0323378
0.8954287
0.9413889
1.1219173
1.0940718
0.8747055
1.0283137
0.9614095
1.0537152
0.8644431
0.8048371
0.8672327
0.8175324
0.7754119
0.8933384
0.7859287
0.6443083
0.7415062
0.5860664
0.7664881
0.4853228
0.6454908
0.1891239
0.5176438
0.5147227
0.4414300
0.2709476
0.7124523
0.7822884
1.0455684
1.0007463
0.8898057
0.9955528
0.7424571
0.5631170
0.5418315
0.7221412
0.7116633
0.9025108
0.9596102
0.9806327
0.9014887
0.5932576
0.6659473
0.8372816
0.5843976
0.7818394
0.8156137
0.7359302
0.7214554
0.8152194
0.6481500
0.4547443
0.5042297
0.5109769
0.5762460
0.3983475
0.5789519
0.6808846
0.7169068
0.7137158
0.6735129
0.9943518
0.5627295
1.1233104
1.0706915
1.0634060
0.6532898
0.8283214
1.2895684
0.8957604
1.1649795
1.6059463
1.4265889
0.7584654
1.0833504
0.9121065
0.8989821
0.8311300
0.9448612
0.6686015
0.8057893
1.0605453
0.8036375
0.9813349
1.1928677
1.1208793
0.9077898
0.5918357
1.2510810
1.1953197
1.1571549
1.4908330
1.2897094
1.1777095
1.3145422
1.0680694
1.4225585
0.7873974
2.4110266
2.6016953
1.4915744
1.6050315
1.6576078
0.9772943
0.9473132
1.5468301
0.5120498
1.0111929
0.3000718
0.7109255
1.8350468
0.8056556
1.7282276
0.7096722
0.8215353
1.7456977
0.6308877
1.3760443
0.5652780
0.4993519
1.1102380
1.6123433
0.9161915
1.5807180
0.7324149
1.5152060
0.6123223
1.3459006
0.8656060
0.3500947
1.3889637
0.6147725
2.9276457
1.0933812
0.6029889
1.3389056
0.5819554
2.5102065
0.5874390
1.8553555
2.6461827
0.8947190
0.4104418
0.5180517
1.0251486
4.3537758
0.4166731
1.1830462
0.3548292
1.0551540
2.1166019
1.0554031
0.7283097
1.0103519
0.2850618
0.9284433
1.1343811
0.2478284
1.2645876
1.2657717
0.5310237
0.6232455
0.4138929
0.7528488
0.2395880
1.1733459
0.9822524
1.3598910
0.9662500
1.1636987
1.2415054
2.4324024
0.9078567
1.7247959
2.5618658
0.8757149
1.7649478
1.3850129
1.7796445
2.7146957
2.7882916
1.4482929
1.2810507
0.5417145
0.7203990
2.2466046
1.0442289
0.8856622
1.2344030
0.7132153
0.4997434
0.5259302
0.9286768
0.8375568
1.1050218
0.4113175
1.1379305
0.4032465
0.8124549
1.2773025
0.3469939
2.6387033
1.4782401
1.3315377
1.5225860
2.3174807
0.3299076
0.4271022
0.5211013
0.0973045
2.0124684
1.2680578
1.4181344
1.3849128
2.1213775
1.3142208
0.8159408
1.9432140
0.6698911
0.5897812
1.8400117
1.5568788
0.7361978
1.9773019
0.7223536
1.0945201
1.1190360
2.6181908
1.1138215
2.0724997
2.5838760
1.8238655
1.1452999
1.8205896
1.2098325
1.4726205
1.6116188
0.9610702
1.3538008
1.3193512
1.4443934
2.0084768
1.0344591
0.7496628
1.4683175
0.8636085
0.7248581
0.9858653
0.9273616
0.2779613
0.6573947
0.9625601
0.4703415
1.4306281
1.0069924
0.8169697
0.4664970
0.5507277
0.1049823
0.2044796
0.1771957
0.2608392
0.2738711
0.1759340
0.3573962
0.2317611
0.4583542
0.1729572
0.1452345
0.3635608
0.7109240
0.4412402
0.4154284
1.1035318
0.5802825
1.0379771
0.5762113
0.1712578
0.4456625
1.3225885
0.3079070
0.2819932
0.3551920
0.7414603
0.5574030
0.5846284
0.8108487
0.6486580
0.9482015
0.5185718
0.3920062
0.2326921
0.9588340
0.3576679
0.3962734
0.7741206
2.4408366
0.5738602
0.3830860
0.5442332
0.4874466
0.4798717
0.3729050
0.2596743
0.4391150
0.4434945
0.4659540
0.4356635
0.5619324
0.4503447
0.2865391
0.5775364
0.8747109
0.5682615
0.3041185
0.4016053
0.7034180
0.5279615
0.8238095
0.7364978
0.4137655
0.7876810
0.5451293
0.5286601
0.9844692
1.0471820
1.0763109
0.5524950
0.8996871
1.2497854
0.8549704
0.9644528
1.2286545
1.2462105
1.0304150
0.7882111
1.2493536
1.1320448
0.8592019
1.5627811
1.4821289
1.3192500
0.9992671
0.9993182
1.5541948
1.3630467
1.1928515
1.5135453
1.5114485
1.5779241
1.1756228
1.1609178
1.2429539
1.4582631
1.3353940
1.0915590
1.1908881
1.1820881
1.3946252
1.2896677
1.5261469
1.6106052
1.1932689
2.0673008
1.5622425
1.6655292
1.7229221
1.2853486
1.3190239
1.2257271
1.3807276
1.3061762
1.4122663
1.2961543
1.1571084
1.3845304
1.4962802
1.5767460
1.5498117
1.4179603
1.2699168
1.3615333
1.3163165
1.3675460
1.4074639
1.3593573
1.3013653
1.6795543
1.3348291
1.4463897
1.0171638
1.3298592
1.8062037
1.3058444
1.5361010
1.2538780
1.4766316
1.1636879
1.7092112
0.8896955
0.9319263
0.8700129
1.1044034
0.6559148
0.9420901
1.0005874
0.6705601
0.4890775
1.1293309
0.4747955
1.9001135
1.3334144
2.8702670
3.0492398
0.8190860
1.4668644
1.3804020
2.1172154
2.2580340
1.4612765
1.5020542
2.2966046
2.5668211
2.7231295
1.6393430
10.1510256
3.3070337
4.0337124
3.4554268
4.6885680
4.4533217
4.5333592
4.9268750
4.6438159
5.6516140
5.4918443
5.6684091
5.8792872
6.1151853
5.7647715
6.4854817
6.0178849
6.5865628
6.2298507
6.4249522
6.8949272
6.7058433
5.8679156
5.8232701
3.3149848
6.0215860
6.9298225
2.8282495
1.0891142
6.2030056
5.8946163
6.0913423
5.6222246
5.5956823
5.9122658
5.7268677
3.4080511
6.5156102
6.7668535
6.7437052
5.9989476
6.2506137
5.9119792
5.7415499
6.5717183
4.3225445
5.6891515
7.5604832
5.6952053
5.3611319
5.2024149
5.1457564
4.9964192
4.4906882
4.6667255
4.5748567
4.9369180
6.3932527
4.4988807
3.7011937
4.4554706
5.4168971
4.2820145
3.4698367
11.3154948
3.4859055
3.4748451
3.5026730
4.4251331
3.9549949
2.8044278
3.8790376
3.0601540
5.8742651
22.8056560
22.4894060
6.2875098
27.6972058
51.1038293
2.7006555
15.5967142
60.4352079
58.2248414
34.3374861
63.5662037
3.3783588
12.8177590
87.2464654
54.7441887
62.8524391
3.5326072
66.1404922
59.8848166
111.2142917
38.6420313
44.4344465
26.1237700
13.4155527
83.6700517
86.9094328
83.0417460
73.1496621
42.2148687
3.2947027
3.4494832
56.2798755
24.4641017
24.3106544
2.7257571
9.5686230
7.4014431
3.9707500
3.8138405
4.5960553
11.9332897
5.5362304
5.8307558
6.8893602
6.3958980
4.9761275
7.5052176
12.2396583
4.9707626
34.9441290
6.6543349
5.5915340
5.6614536
6.0948480
5.9068264
4.7754568
7.0874999
6.3102466
5.1372033
6.5043924
5.5868262
5.7373271
5.5268201
3.8798391
5.7169353
5.5710357
5.0265320
5.1099887
4.9773509
5.1515092
5.0504601
4.3053535
4.5281955
5.0031623
4.6884539
4.3130629
3.8809567
4.3763370
3.6879843
4.3597744
3.9284883
4.2771491
3.6630653
3.6788839
3.8219716
3.6146335
3.6744054
3.4859462
4.0196336
3.5125425
3.2022344
3.3831233
3.5566165
3.3698087
3.1902576
3.3456100
3.0228395
2.8186100
3.1894957
3.0054515
2.6906728
2.5869325
2.5091484
2.7479348
2.3915926
1.9767136
2.1509650
2.1685512
2.1484717
1.6014250
1.7273774
2.5916027
1.6775979
1.5047141
1.2050363
1.3703965
0.9559260
1.5276843
0.7417149
1.0575233
0.5186579
0.9800454
0.5251571
2.4824950
0.6938254
0.7944478
0.4242514
0.4685165
0.8859089
0.6953543
1.0349372
0.7929766
1.0003523
1.0767549
1.1295595
0.9261289
1.2089756
1.1038998
1.1240884
1.0354590
1.4426433
0.9532439
0.9288768
1.2357550
1.3240911
1.3756438
1.5330252
1.0565010
1.0707139
1.0170418
1.3933109
1.3674234
1.3813456
2.1370322
1.8152269
1.3678481
1.8186855
1.8360784
1.9820682
1.9732586
1.9808146
2.0627026
1.9335767
2.1864202
1.9016332
2.3137293
2.0472532
1.9291803
2.2388715
2.2831862
2.0273323
2.2170761
2.0879540
2.4010905
2.4673677
1.8353369
1.4251833
1.8589477
1.9052828
1.8972505
1.9735438
2.0614606
2.1851130
2.4833298
1.9429275
2.5206295
1.9968109
2.3256690
2.3806402
1.4770950
1.7813012
2.0236583
1.4801906
1.6626691
1.5390551
1.6439802
2.4435441
1.9569100
2.5366087
1.7709890
1.7098935
1.4565076
1.5051223
2.0265702
1.5096270
1.2584360
1.4818609
1.8777571
1.4188150
1.4212959
1.6331515
1.3995388
1.3386973
1.4771029
1.5161238
1.6910117
1.6820527
1.5361143
1.7768217
1.4644737
1.5174101
1.4364170
1.4650546
1.3988380
1.8966490
1.2605207
1.4757916
1.1810016
1.4149849
1.7777703
1.2105914
1.1611172
1.3524250
1.1337471
1.2952398
1.3964831
0.8901392
1.2819611
1.2644802
1.7334715
1.2545175
1.4520460
1.1575026
1.3308427
1.1845497
1.4101937
1.4369126
1.1129114
1.4209540
1.1374233
1.8221622
1.0369417
0.8972563
1.3066661
1.2201362
1.0122141
1.8051748
1.6226664
1.1092404
0.8952719
0.9461529
1.1702065
0.8532627
1.3928708
0.8692994
0.9137485
1.6924752
0.8277427
0.7240347
0.7934446
0.9153033
0.9731576
0.5606526
0.7739976
1.1145300
0.6130232
0.8918933
0.6895298
0.8670756
0.4795897
1.0050191
0.3072871
0.7818586
0.6487034
0.8239892
0.5440086
0.7640967
1.1891628
1.3047356
0.8396246
0.6258840
0.5856981
0.7187029
1.8343555
0.9384103
0.6252880
0.7446692
0.7811211
0.8535872
1.2349717
0.6606615
0.7274906
1.6049647
1.1822186
0.7088052
0.7922866
0.3392684
1.1834454
1.1459209
0.7302442
0.3958038
0.3942568
1.8198766
0.8004712
0.3947287
0.4327762
0.7697257
0.6591399
0.8187847
0.9025454
0.6364813
0.3420885
0.4390332
1.6692482
0.7053498
0.7734933
0.6986488
1.1980733
0.3549296
1.0241735
0.8353491
1.2760028
0.3372116
0.8076186
1.1862945
1.0064665
1.5928887
0.4151108
1.3893465
1.0020389
1.1104399
0.2834944
0.4810869
0.7328296
1.2758869
0.8652095
0.1608738
0.2292240
0.7069068
0.4559544
0.6773176
1.3700380
0.6376007
5.1476307
3.5627897
3.5828819
1.3289091
1.3830592
0.5689091
1.7831993
0.8811594
0.5126428
1.1095048
0.8860849
0.8836764
0.5564056
1.0069360
1.1576774
0.7148099
1.1168235
0.9771579
0.6423571
1.6650904
2.0819163
0.7819176
0.7365888
0.4080090
1.4915918
1.3110090
1.0802884
1.9546839
0.5375335
0.2984426
1.2285824
1.6699336
0.3599482
1.9019450
1.2344215
2.2381068
1.0372206
1.0813605
1.6030726
1.2192087
1.2510963
1.5239126
1.7787787
0.4983770
1.6112719
0.4069406
1.0019342
1.0304873
0.5961052
1.6376851
1.9850004
1.2246372
0.6470439
0.4926170
0.7789499
1.2182100
0.9292235
0.4051812
0.3082712
1.9322945
0.8312236
1.0207489
0.3978501
0.7171422
1.9440074
3.4133815
0.5134549
2.9995392
1.6719805
1.8445817
0.3769735
2.5881709
0.2763781
1.0734090
0.4514537
0.5627650
0.2773426
1.2067213
0.3006884
1.2591423
1.2031440
1.0109259
1.7852595
1.2793539
0.4197417
0.9503460
1.0131355
2.6814566
0.7208583
2.1487769
0.7638579
2.1159873
1.0088471
1.6948757
1.6759090
2.1932737
0.4231004
0.7182296
1.2251161
2.3445644
2.7368041
2.7111395
2.1490581
2.4606498
3.5764621
1.9166622
1.3948396
1.2620528
1.4351397
0.5912801
0.5489296
2.5694452
1.6046752
1.1793466
1.0515241
1.3640651
1.0212007
1.6537754
1.2764835
2.9629779
1.8529807
3.1644140
1.9855863
2.7833030
0.9019841
3.3049261
2.2995446
0.4211779
1.2553777
0.9753498
1.4208538
1.6116995
1.0145350
1.7025372
1.8041302
1.4643196
1.6496396
0.9033529
0.9831459
0.6084748
1.5265594
0.1550396
0.6008781
0.7343737
2.6046372
0.8502935
1.2311486
1.1783541
0.3006913
0.7373162
0.2851617
0.8122420
1.2869580
1.0329859
0.9278654
0.7751459
1.3626933
0.2561055
2.1399840
0.3811921
0.8990242
0.5411205
0.3603626
1.0321365
1.3272816
0.8376934
0.7515101
0.4366934
0.7804816
0.9345965
0.4580715
0.5611928
0.8087481
1.1478929
1.0335683
0.7239620
0.6462778
0.5681700
0.8114714
0.7173352
0.3140824
0.5853307
0.4813151
0.4885472
0.7689946
0.5225428
0.5801376
0.5030177
0.3680200
0.4287479
0.4170490
0.4629062
0.9431692
0.5908029
0.5873039
0.4858540
0.4163167
0.4595225
0.2107752
0.3369242
0.4766231
0.2766184
0.4851990
0.2791313
0.2128114
0.4909745
0.2073027
0.3212348
0.2710948
0.1220604
0.2533979
0.3680208
0.4222313
0.4797910
0.4509117
0.2962156
0.6442972
0.5743257
0.4326597
0.6789237
0.6006954
0.3695630
0.8661449
0.8945992
0.5119849
0.7967058
0.8011870
0.7407698
0.7569517
0.7376739
0.8214772
0.9782986
1.0787616
0.9663163
0.9041984
0.8992874
2.0289409
0.6512716
0.6648673
0.6930447
0.7746250
0.3807820
0.7924155
0.4805946
0.7373623
0.8516654
0.7658655
0.5048245
0.3490757
0.1067179
0.3155111
0.3938950
0.3928833
0.3980123
0.4978159
0.8572782
0.2826748
0.3635355
0.4336764
0.8375635
0.4549166
0.3090538
0.3004690
0.2628773
0.4017826
0.3006436
0.2605314
0.6849700
0.4164035
0.4959094
0.8025518
0.6572889
0.6811387
0.7401075
0.6564667
0.6738908
0.6072848
0.3492229
0.3538985
1.1141966
0.2303078
0.6371021
0.6147082
0.6330671
0.5405594
0.4892577
0.3829126
0.5500951
0.2639961
0.2584860
0.6019226
0.4703219
0.3380176
0.2978534
0.3391293
0.2063760
0.3808582
0.0846608
0.4203707
0.0857434
0.7033967
0.5765367
0.3562471
0.2658013
0.6016601
0.3515801
0.9289100
0.3747005
0.4418499
0.6753740
0.6397107
0.2294005
0.5558155
0.6770832
0.1449608
0.4136422
0.4728838
0.4032715
0.1984253
0.5142787
0.2975079
0.4471376
0.1709159
0.1967414
0.3822611
0.2153378
0.3139267
0.3406291
0.3745346
0.3987622
0.4793328
0.4510308
0.1543027
0.3988266
0.4037068
0.5575259
0.6120456
0.6819795
0.5153635
0.6805471
0.6203834
0.6598575
0.5270669
0.6338936
0.5160501
0.6250094
0.4704545
0.7415241
0.7184108
0.8193764
0.3967947
0.4589308
0.8666056
0.7685469
0.6118225
0.4046226
0.4831082
0.2734465
0.3363387
0.4161575
0.4477586
0.4174853
1.1089399
0.6674184
0.2780155
0.4273292
0.3941095
0.3954996
0.2203347
0.1941909
0.6652747
0.1646219
1.5727589
0.4975116
1.7753216
0.7401593
0.4464064
1.0691756
0.3246490
0.6531356
0.7209251
1.1790897
0.2232432
0.7715572
0.2101819
0.7073859
1.5726266
1.9528430
0.5992943
2.4808146
1.7401352
0.6613729
3.1003365
0.3119164
0.4851405
0.5676705
2.2911343
2.2824548
2.6774389
0.6466096
2.2622441
1.2084391
0.5119453
2.0414033
1.4718629
0.4634666
0.9453738
3.1550372
0.6895002
1.3372903
1.1877918
1.0668493
0.8435938
1.7695613
0.7943318
1.0334021
0.2528828
4.7078938
0.9882143
0.7271511
1.5732497
0.6453356
1.7110462
0.7173162
1.2855649
0.8264711
1.9218178
0.5607213
0.8182455
2.5068375
0.2638502
2.5545638
0.2714513
0.6449142
0.5899553
0.7529531
1.4838987
2.8515823
1.2517904
2.0372823
1.2799959
1.0132887
2.4237620
1.2258425
1.9164293
1.5139891
1.2613657
1.0847326
1.2860940
1.2417927
1.5858845
1.4791942
1.3726790
1.2363474
1.7526618
1.2866478
1.2498143
1.1393174
0.6814455
0.9390327
0.6559145
1.7300559
0.3429805
1.0579984
0.8241965
1.0191823
1.0428825
0.5900080
0.4909753
0.2663884
0.3517265
1.6927367
0.7475341
0.8484106
0.4666804
0.5945882
1.4407627
1.3631821
0.7758083
0.6880004
1.3323608
0.5740578
1.3418178
1.4448762
0.3993986
0.7530314
0.3833793
2.4840315
1.1327460
0.4133316
0.5686513
1.1577446
1.1131511
0.9892777
0.8395218
0.5213740
2.5333354
1.0634845
1.0027758
0.4163907
1.3610083
0.7714830
1.9535910
0.3283534
0.2266907
2.0584179
0.4804860
0.7457396
0.9186877
0.9261467
1.0107199
0.8140271
0.3420683
0.9672722
0.4296063
0.2563146
0.2053390
0.3239517
1.5445197
0.8750688
0.6608844
0.5433917
0.6033793
0.6875608
0.6810226
0.6146411
0.9136155
0.5770593
0.4753622
0.4029810
0.5869078
0.8030850
1.2344533
1.4491286
1.0364833
1.0225452
0.8859069
0.6459205
0.6868287
1.4310445
1.1000574
1.2094525
0.6207071
0.3848516
1.0560298
0.4609253
0.6218882
0.7750444
0.2874858
0.5519867
0.7298286
0.7967805
0.9094959
0.5489168
0.6504959
0.5065519
0.9241794
0.5151033
0.5112993
0.7474855
0.9386714
2.3591419
0.4683683
0.3988487
0.7840069
0.7365731
0.8152744
0.7508910
0.7983807
0.5225104
1.2357504
0.7402524
1.2506335
0.2315788
2.2174780
0.8544869
0.6622066
0.6138080
0.6264179
0.7854354
0.5935125
1.0853640
0.6470951
0.4907333
0.3489890
0.8295630
1.5209580
0.2175416
0.4830498
1.0624023
0.2400571
1.1971070
0.8601951
0.8276701
0.9918919
0.5549108
0.9322491
0.5433222
0.0997851
0.5063370
0.4878960
0.3685877
0.5239891
0.3144066
0.5508591
0.5833090
0.6453627
1.0435127
1.3927940
0.7055485
0.5833863
0.4882198
0.9024556
1.1101797
0.3813226
1.0906276
1.4883598
1.0903310
0.6794726
1.0720402
1.6816372
0.8869340
1.0407661
1.1682190
0.7925671
1.3425067
0.5135079
0.2976598
0.6679077
2.8535478
2.3179607
1.0994948
1.0043767
0.9803053
1.6323850
0.9288130
1.5528904
1.5135515
0.8818509
0.8456646
0.5727672
0.6500399
0.3132392
1.5080295
1.4692781
0.6228146
0.6511446
0.7080285
0.5364203
0.3888021
0.6799638
0.4564664
1.8165517
0.7458151
0.6453650
1.1108514
0.5496912
0.3123791
0.8920279
0.9660055
1.0747629
1.1633079
1.2067143
1.0138443
0.5027370
0.6603905
0.4991772
0.7512776
0.7744389
0.4739569
0.3987039
0.3561556
0.2337528
0.7493935
0.5211801
0.3949363
0.5432083
0.2902022
1.5981372
1.4811957
0.4670271
1.9209210
1.4837750
1.2752457
0.9193742
0.3594772
1.3739392
1.0471274
2.6411168
0.7821188
1.2724519
1.4122342
0.9552400
0.8831715
0.3580898
0.6953861
0.5025444
0.5470168
1.0196848
1.1107886
0.6176578
0.4997054
1.0736174
0.2238029
0.6397146
0.6426994
0.8933741
1.5017445
1.6628002
2.1625015
1.6332721
0.6187480
2.2202300
1.2684718
1.1508363
1.5776270
1.3700468
0.9645748
0.9236588
1.3246145
1.0391321
0.7175972
0.2907598
0.7012858
0.7687855
1.1924824
0.1623567
0.8179228
0.6427902
0.7525378
0.5867083
1.1805702
0.6129730
0.3251359
0.3176922
0.8052451
0.3500366
2.2949804
1.6594411
0.6367254
1.3412611
1.0142552
0.8198114
0.6668143
0.3413170
0.7861542
0.6686174
0.5832848
0.6986668
1.0007031
0.7189313
0.6861389
0.7635645
0.6988301
0.5194778
0.4193844
1.0926837
0.5002484
0.7146648
1.0851098
1.0847273
1.2026765
0.6567344
31.6282093
17.7069981
4.2138381
1.0082041
0.9992199
1.5347329
0.9064660
0.5205981
0.7140475
0.9589620
0.4594608
0.6197058
0.7660648
0.9625729
1.2531102
0.8675444
0.3693481
0.3239528
0.2140302
1.3405116
0.7213917
0.6908382
0.4710518
0.5484454
0.7420574
0.9324497
0.7045548
0.8482513
0.1716578
0.5412092
0.4619661
1.1919703
0.7720251
0.9985017
0.7547876
1.3228229
0.4567946
1.2795260
0.9291858
0.5753900
0.6717457
0.9656875
1.5926517
0.4222081
0.6477236
0.5567092
0.5853305
0.5067674
0.6041488
0.2556212
0.6601288
0.3017339
1.2488941
5.1822578
6.8948165
0.6987419
0.4920515
1.1036081
0.2945362
0.4778986
0.3859752
0.7195345
0.6133979
0.3363405
0.3049553
0.7685041
0.4572464
0.4454925
0.3030210
0.4318651
0.1324130
0.2198591
0.3895999
0.2690169
0.4998508
0.4010581
0.2862541
16.1501692
1.2458846
0.8058568
0.5610852
0.4202985
0.4532013
0.4160698
0.4125913
0.4535502
0.4638040
0.5636633
0.3405640
0.3235092
0.2347563
0.3618635
0.9673094
0.4457849
0.2190050
0.6186889
0.8415648
0.5574045
1.1916021
0.8553436
0.8876664
1.3054271
0.7392706
0.9040345
0.7042001
1.8391841
0.9089842
0.4174980
1.5185951
0.7150016
1.0380069
0.7147495
0.9398334
0.2971157
0.9018554
1.6160158
0.8329450
1.6351282
0.7766115
0.2437821
1.1486205
1.0512035
0.3705807
0.5316275
0.8494333
0.4466735
0.9008581
0.4740954
1.9982649
0.4600906
1.2600751
0.5916117
0.9527052
0.3325691
2.5308192
0.4999481
0.5531216
0.6759794
0.6717507
0.7971994
1.1251706
0.9668760
1.1545220
1.2991513
1.4304274
1.7841797
1.5608652
2.1180032
1.0638340
1.5600664
0.6125063
2.4059244
0.4444169
0.6738917
0.6076008
0.8013739
0.9470330
0.6040903
0.8087830
1.6106881
0.3641754
0.5106835
0.6592545
1.2540233
0.5084155
0.5828344
0.6358101
0.7826259
0.7536510
3.8195144
0.6361167
0.5158235
2.7468462
0.9429449
1.4616509
0.8607966
0.8058192
0.6250407
0.8041445
0.4282240
1.3254355
1.8605989
0.7048450
0.7284678
0.7449906
0.6765485
2.0450669
0.7049280
0.6910886
1.1205105
1.3302465
0.7893069
0.6571106
1.0527571
0.7473680
1.1528515
0.6630666
0.7061597
1.4605420
0.9534580
1.0446698
0.9260310
0.7492789
0.9224645
0.8388431
0.7118218
0.6625367
0.8122213
1.0718271
0.7212382
0.8025562
1.0198154
1.0205941
0.6820253
1.0438900
1.9602682
1.1140874
1.8346764
1.1512845
0.6906131
1.0033148
0.8579546
0.7048205
0.4929348
0.8447219
0.9591541
0.9710870
0.8447463
0.6592907
0.6898671
0.5224145
0.5648351
0.6069393
1.5715646
0.6891127
0.8942832
0.7079867
1.5531519
0.9471029
1.3970128
0.7247828
0.9786278
1.5980069
1.3871638
0.7135624
1.5727835
0.8011613
1.1356889
0.7609308
1.4487612
0.7340500
0.8372714
1.1082945
1.4078333
0.8676863
1.5228995
0.6877994
0.7178076
0.9677978
0.8241629
0.8053682
0.6872925
1.5622146
1.3388240
0.5391864
0.7836041
1.5180594
0.8172925
0.6371223
1.3892309
0.9323903
1.0677054
0.6741686
1.6257255
0.6737544
0.6977518
1.2912185
0.7381149
0.6356102
0.8794417
0.5633932
0.8435350
0.8307762
1.0302212
0.8893944
0.6654641
0.6977184
0.8334478
0.7981970
0.8385876
0.6388835
1.4365996
0.7353363
1.0283653
0.7925880
0.6538105
0.9329995
0.8909304
0.7678714
0.7637871
0.6045595
0.6371418
0.7940633
1.0105363
1.0631557
1.0005717
0.8126786
0.5274679
1.0093687
0.8149436
1.1671400
2.2868014
0.9503285
0.7482102
1.2429132
0.7060649
1.0772496
0.8036269
0.9782129
0.9345719
0.7969194
1.0591018
0.6773679
0.6924787
0.9749432
1.6838907
0.7728390
1.2854184
0.8382523
0.6131987
1.0531359
0.7751607
0.6379005
0.7984799
0.7415932
0.8216703
0.6698904
0.9112540
0.7475733
0.8480202
0.6835625
0.6584041
1.2587122
0.8849925
0.7085244
0.9225991
0.8515160
0.6545951
0.8894430
1.7357596
0.6472089
0.7036717
1.6933479
0.8008438
0.8534960
1.0271801
1.4472855
0.7333879
1.1450240
0.6947618
1.6724183
1.0944465
0.7033470
0.8354444
0.6189723
0.8675859
1.7664150
0.7643250
0.6264409
0.7535905
0.6247419
0.4792662
0.3619419
0.8084212
0.8132258
0.5034936
0.8046222
1.2248342
0.9708509
0.8787309
0.9987140
2.3177116
0.7809474
0.6501841
0.7235099
0.7596399
0.4965434
0.6664529
1.3224300
0.6430266
1.3274189
0.7911416
0.8015840
0.5303890
2.5201234
0.6265671
1.7364821
0.7129937
0.6434756
0.7795835
0.6356685
0.6735010
1.9554055
0.6202462
1.7467091
0.7477035
0.6973396
1.0292870
1.2005172
0.7990120
0.7275319
0.6181690
1.5615448
0.7195769
0.6634249
0.8190464
0.7440658
0.9491937
1.9188110
0.9549386
0.8923177
0.7607055
0.7166770
1.1442589
2.1436882
0.8410622
0.7330364
0.5574628
1.4743326
0.8001158
0.6000604
2.1686259
1.6618608
1.6538280
0.7010863
0.7908988
0.8859112
0.9058591
0.7742317
0.6875208
0.5835684
1.0591330
0.8682513
1.8362009
0.4720924
0.8867066
0.8177367
1.5106991
0.7563239
0.5413805
2.0553187
1.7403116
0.6907643
0.7042977
0.8916708
1.4544058
0.9463955
0.6908209
0.7922343
0.9221916
0.8156196
1.2173913
0.7805409
0.9604673
0.7919837
0.9114513
0.8704587
0.9321224
0.8229472
0.8822415
1.0105187
1.2837989
0.7622379
0.7453319
0.6748411
1.4998620
0.8685225
1.0118686
0.9183628
0.8312462
0.7164828
1.3451623
1.0393471
1.3882119
1.1371832
0.7032169
0.8524179
0.5266812
1.3015132
0.8540900
1.2332400
0.8142786
0.4265707
0.8589349
1.4742389
1.5636792
0.7437030
0.8071398
1.6340074
0.8855262
0.8945343
0.8615119
0.9971306
1.6496980
1.3256179
0.8696105
1.2698290
1.0745697
0.8060440
0.5146670
0.6347187
0.6168294
0.8206765
0.7779917
1.1329263
0.6738437
0.8563302
1.4027574
0.6117944
0.7173078
1.3006756
0.7116983
0.8604075
0.9202630
0.6581205
1.0409179
0.8236974
0.9332229
0.6022578
0.9372963
0.8677651
1.8282695
1.0594918
1.1050670
0.9920178
1.2999618
1.4994322
1.5077831
0.7020334
0.4937778
1.0471558
0.6696644
0.9389090
0.7566883
0.7405026
1.4337346
1.6629352
0.5492787
0.8255439
0.6045701
1.1729908
0.6609493
1.3081251
1.3346397
0.9567406
0.8261239
0.4982499
0.7148435
0.5693282
0.7020257
1.2079120
1.6376188
0.9191674
0.6305423
0.5100787
0.9150421
1.1410730
1.0792349
0.8117630
0.5594024
0.6676893
0.7320627
0.7247995
0.5374826
1.0404649
0.6159573
0.7578012
0.5460677
0.5732354
0.5688381
1.1000288
1.1651688
0.7769968
0.8036975
0.8851964
0.9552004
0.6761909
0.7514571
1.2891246
2.5284668
0.9511029
1.8587596
1.0952106
1.2996804
0.6762872
0.8256262
0.8973713
1.0757328
0.9343610
0.7683176
0.7678524
0.5257839
0.6508744
0.7973765
1.0408013
0.5985625
0.6712491
1.1141956
0.6977796
1.9809069
0.6324129
0.6746378
1.5513049
0.9012767
0.7932852
1.3878027
0.7169837
0.8213370
0.7146299
0.5515896
1.1459635
0.7421887
0.9695345
1.0718957
1.7061860
1.3242007
1.3543781
0.6839775
1.6137343
0.6460940
0.7360060
0.5676846
0.9945535
1.4300090
1.5736704
1.2823182
0.6553074
0.4187962
0.8598608
1.5288110
0.9948580
0.8758847
0.7384690
0.6389125
0.7407329
1.0120400
0.7239611
0.8087202
0.6971209
0.6504370
0.6389722
0.6487257
0.7308992
1.0803094
0.7228173
0.7267635
2.3518550
1.1909950
0.8960133
1.5822348
0.4268012
1.0700522
1.1802599
0.9014554
0.7122956
0.8063341
0.6918266
0.8549497
0.7956625
0.8062500
0.7589724
0.4627728
0.7484092
0.7495709
0.6917447
1.2045407
0.6959481
0.9528117
0.7422244
0.6972489
0.4906749
0.7727437
0.6312293
1.4645476
0.9267298
0.8013438
0.8671936
1.1486945
0.9538545
0.9357044
0.6483886
0.7700207
0.8502336
0.7271635
1.3055692
2.1631771
0.5510513
0.8668328
0.5951358
0.5451983
1.2893007
2.9103130
0.8666142
0.6558834
0.9800247
1.6254246
0.8920258
1.0826601
0.4266536
0.7393544
0.5844278
0.6641480
0.7509857
1.4403080
1.0747372
1.0280442
0.4820304
1.0115038
0.6537645
0.9886352
0.6311615
0.6203457
2.2676574
0.6472912
0.8406023
0.8237531
0.7284935
0.8512934
3.0835884
1.6784487
0.9757573
1.0269944
1.6289230
0.5929063
2.7071550
0.8215074
0.8558928
1.1937703
0.7211738
0.6431063
0.9288895
0.9394304
0.7413585
0.9510143
1.3590215
0.5775564
0.7923381
0.6938355
0.7414185
0.6632887
1.2663874
0.9302990
1.2773233
0.8336297
0.5866407
0.5660468
1.4671048
2.5258491
1.3410926
0.9083482
2.0558418
0.5725590
0.6075409
1.4638468
0.6910846
1.4778226
2.0831590
0.9630996
2.0720778
1.5844660
0.8819581
0.6939809
0.5803905
0.8503228
0.7529756
0.8822531
0.5868845
1.4749901
3.0454390
1.1931613
0.8380866
0.9428938
0.5517418
0.3795627
0.9475110
0.8651772
0.7288758
0.7569935
0.8723220
0.6845749
0.8371802
1.8458934
0.5241564
0.6511121
0.9702976
0.9264755
0.4019108
1.2720865
0.6516613
0.8686386
0.7883352
0.9511158
0.8413287
1.1268785
0.9111289
1.5976867
0.4864313
0.8448653
0.8424772
0.8229148
1.5278957
0.9146910
1.4039944
0.6676732
0.7016454
0.4142113
0.7319690
0.8262201
0.5620294
0.8848482
0.7075320
0.7819394
0.8517760
1.3048994
0.8762971
0.8857709
0.8369341
1.1538373
1.4636362
1.3891643
1.8945273
1.3926601
1.8257675
1.4603886
1.4683819
1.4065828
1.5087949
1.6722228
2.3842009
2.2574839
0.9764382
2.1233221
0.5782079
1.4319508
2.0742222
1.1177192
0.4419180
2.6550476
1.4969609
3.4264551
0.8744334
1.1268932
0.6794887
1.9775462
1.2993961
0.5713358
2.2097881
0.6586187
2.5630278
1.8375557
1.0164611
0.5854802
0.8901073
1.2963252
0.9300998
0.7665174
1.3711628
0.5629193
0.5462191
2.1614697
0.7921333
0.9220065
1.0558596
1.8818439
0.7518697
1.8149595
1.6809676
1.7156842
1.3057853
2.1205319
1.3424138
1.4536914
0.7469081
0.8983929
1.0969977
0.7698439
0.7603283
2.4125400
0.9953905
2.0142237
1.3354276
1.2095150
1.2396887
1.0564502
0.6054901
0.5921292
1.2727413
0.7889196
0.9672191
3.0915621
0.8064832
0.5675374
1.1492739
0.8611378
0.7372478
1.0186657
0.6927167
1.8452907
1.1837758
1.6763445
0.4580630
1.9589348
0.6287115
0.5210866
0.7668065
0.7897506
1.4614871
0.9288808
0.5750386
1.0005671
1.2369354
3.3852504
1.7083905
1.5359885
1.0686537
0.7904683
1.0295435
0.4948670
0.2335268
0.6711178
0.4183518
0.5224430
1.2365037
0.3561674
1.0147068
0.8315371
1.0917063
0.8456715
0.5891303
0.5218006
0.6065590
0.8351731
0.7460345
0.7570052
1.0495181
1.2419576
1.0508889
0.5854786
1.3308279
0.8090379
0.7444009
0.8283829
0.7787951
0.6262784
0.4705849
1.1120470
1.3779928
0.5424142
1.8002355
0.6828082
2.5770339
0.6788653
1.4151528
2.0215889
1.7310657
0.6089162
2.9748187
2.0257615
0.7844353
0.9410011
1.1554881
1.2654761
1.9775181
1.2109460
0.9301019
0.6317656
0.3230645
0.4148297
1.4996367
0.4742441
1.1644710
1.2123408
2.2012744
0.9835461
0.7705070
1.6584685
0.9083444
0.9329826
1.5852812
1.1740986
1.2981824
0.7260584
1.2508245
0.7053380
1.3354576
0.6506745
1.4693969
0.8623875
0.9318092
0.8226473
1.0882505
0.2403900
0.8727503
0.3191699
0.8264328
0.3642145
0.7486843
0.7206909
0.7571151
1.2340281
0.6753868
0.7372678
0.4922123
0.3618872
0.5410562
0.7197079
0.8905836
0.7412812
0.4396041
0.2696380
0.6167640
0.4057824
0.4020372
1.0117509
0.3990320
0.3603246
0.7882935
0.3473558
0.4012397
0.3570283
0.4332427
1.0363029
0.8089118
0.9790412
1.0714964
0.9193215
1.4030214
0.9883235
0.6871910
0.4329066
1.0684643
0.3006340
0.7228135
0.6883897
0.4226274
0.3774442
0.3859464
0.5256055
0.5593714
0.7008581
0.7771540
1.1291919
0.9945515
0.3721068
0.3577152
0.3029583
0.0681462
0.3429573
0.5562885
0.3175281
0.3579525
3.3805188
0.2128331
0.2427294
0.7316684
0.3056352
0.2266157
0.2557629
0.4907900
0.3365154
0.4924214
0.6662373
0.7683558
0.6015412
0.6379524
0.9294987
1.2176616
1.0761839
2.1910851
0.8524862
2.3303609
0.7464307
1.1111076
1.0677734
1.0310786
1.0866750
1.1059981
1.3553239
1.9002742
1.0881710
1.3903254
2.2362823
0.5201089
1.6479015
1.3943248
0.0715313
0.0419203
1.5069892
0.3995767
0.6207736
1.0876850
1.2011071
1.4835641
2.1484580
1.3389660
2.9823614
0.2211961
1.2579703
1.8406151
3.4132256
0.1700737
2.2206714
2.5668078
0.9763065
1.2737269
1.3950065
3.1334820
3.7821996
2.7203862
2.4396392
0.9500369
0.2135748
0.5597534
0.4667591
1.9379992
2.2197781
0.9650498
0.7536415
0.3610097
1.3688952
4.2100713
2.5998791
3.0516866
4.8573489
3.7955731
1.8636442
1.9368277
1.0646761
2.5950313
0.5631458
2.2081173
0.5336474
2.5963271
0.2025830
0.4642613
0.4840342
0.4318842
1.3395279
0.3805189
0.3281755
0.1098028
0.5476740
1.3535978
0.2125972
0.2573665
0.9061986
0.3767323
0.2422770
0.9934490
0.5017233
1.4673569
0.1492252
0.6172311
1.1115610
1.2215541
0.4935754
0.4681462
0.4300666
0.4615536
0.7823695
0.4525831
0.2173652
0.4138923
0.2723790
0.3322353
0.3548013
0.3093663
1.0924488
0.4509841
0.2574229
0.7500750
0.2872182
0.6504463
0.4167477
0.4611605
0.4632771
0.3156045
0.1829465
0.7627378
0.4207906
0.2253953
0.2455742
0.2946776
0.4599832
0.4119830
0.3093263
0.1992094
0.1061052
0.3568019
0.1733129
0.9087422
0.4359887
0.2120523
0.2226224
0.5586793
0.4931965
0.2757755
0.4938042
0.4346081
0.4124945
0.1385172
0.4609601
0.6947989
0.5972658
0.3470877
0.7998339
0.3090282
0.6692827
0.3668635
0.7632853
0.8184215
0.2551028
0.5712615
0.2922646
0.5035463
0.5468354
0.4669557
0.5467383
0.2056513
0.3398878
0.3587958
0.3469787
0.4888540
0.2302599
0.2540279
0.4296259
0.1688400
0.3266184
0.3778724
0.8590297
0.7184805
0.8005073
0.6152027
0.7938922
0.6698204
0.5049661
0.6952414
0.6216804
0.5228860
0.9876039
0.6654551
0.6858500
0.7735477
0.5130373
0.4122133
1.1050496
0.5472582
0.2336143
1.2849326
1.0019748
0.2362003
0.5733613
0.4881929
0.8913876
0.8454835
0.4246724
0.7538363
0.8579676
0.5108040
1.0634332
0.9808684
0.9700450
0.5766445
0.9532211
0.6841077
0.7870587
0.5288170
0.6951005
0.7347907
1.5432944
0.4622737
0.9446009
0.5617565
0.6696604
0.6055637
0.6808549
1.1391595
1.7757037
1.0663563
0.4920635
0.7862043
1.2852447
1.5467836
0.8385696
1.2268509
1.2531461
0.3303827
0.7392304
1.4234098
0.9553272
0.4156133
0.3653953
0.5002459
1.3073456
1.1171024
0.3569907
1.3279684
1.7259633
1.8590151
1.3316555
2.1658863
1.1791807
0.6186475
1.5933799
0.8607612
1.3693318
0.9343157
1.0362768
1.1720888
0.1542205
0.1711908
0.3620492
1.5406355
0.9797927
0.2922312
0.9018585
1.2926081
1.1517483
1.7740030
0.6457315
0.5793583
1.9272750
3.4668517
0.4028289
1.5074775
0.8407910
1.0614683
1.5984803
1.0718100
0.2538060
0.1581755
1.0856284
0.7091701
1.6760106
0.5909261
0.7474607
0.5319708
1.0089218
0.8667607
0.9061160
1.3984380
1.0115676
0.6993663
1.8364828
0.3385657
0.7616810
0.7372649
1.0575012
0.9959870
1.0479472
0.5479980
1.3139371
0.8405883
3.0032064
0.6249494
1.4255907
2.1543200
0.8803657
1.1588890
1.8707548
0.6631453
0.2549942
1.7963224
1.4326672
0.7614996
0.9908904
0.8486560
1.0245110
0.7699682
0.5812447
0.3772214
0.3372873
0.7783571
0.4080939
0.5134270
0.6824137
0.4419739
0.6962324
1.3517172
0.4171713
0.6423815
0.4274196
0.5571496
0.3164283
0.3854661
0.3651101
0.6941751
0.3201148
0.7558183
0.6788371
0.9732992
1.0155893
0.4912965
0.8137299
0.1631799
1.8589701
0.1789676
1.1551251
0.8636571
1.7149230
1.4788999
1.5787624
0.8172838
1.3529204
1.0004695
1.6877470
0.6652262
1.3882561
0.2966837
0.8874482
0.4481098
0.4635492
1.2605959
1.3888282
0.6019923
0.9102201
0.4240807
1.0823183
0.7593537
1.1519025
1.3937406
1.0851682
0.8046007
0.7330198
1.1095074
1.1371618
1.2671981
0.8562886
1.1091826
1.0903810
2.0397457
1.0753799
0.7118311
1.0640386
1.0821306
1.0694758
1.0405676
1.2832533
1.1396298
1.8655630
1.4925896
1.2755298
1.3238394
1.0916622
1.6388496
1.1760360
1.7689895
2.1914115
2.6194487
2.3748520
1.3290237
1.4892355
1.7523748
1.4742871
1.7498352
1.8408943
1.2781635
1.7922941
1.1628323
1.4872131
1.5617698
2.0588117
1.3393561
1.2529853
1.2905383
1.8767383
1.4237664
1.4243867
2.0147144
1.7849648
2.0941612
1.5825896
1.3790992
1.5918615
1.5364066
1.4501639
1.4739039
1.8418208
1.6668422
1.5248847
1.7854482
1.4266014
2.1119402
2.1915598
1.6362165
1.3839800
1.4487019
1.7174058
1.8255089
1.6909622
1.3809332
1.7454043
1.6833707
1.7893215
1.7474639
1.5377591
2.1492666
1.5463499
1.7560304
1.8790266
1.9527452
1.8912230
1.7649458
1.9446525
1.9874023
2.1999497
2.1924904
2.1016814
1.9118292
1.5793110
1.9816303
2.0844303
2.0216906
2.0942842
1.8604029
1.9969424
2.2349016
2.1986632
1.6968185
1.9707148
2.9396640
1.9896369
2.0703072
1.8461138
2.0484085
1.9647009
2.1441168
2.2464300
2.1422908
2.5812537
1.8715958
1.8007536
1.8442975
1.7643706
2.0979942
1.6533142
1.6436974
2.4621455
1.4899835
2.2279255
2.4406532
1.8465452
1.7562008
1.4143290
1.7971673
1.6128615
1.8015455
1.6555890
3.5216471
1.9842116
2.0846577
2.0916426
1.7689170
2.3610476
2.0934575
1.7332207
1.8307901
1.6643398
2.4117412
1.9000309
1.8138322
2.4449912
1.4262481
2.8786717
1.8394453
2.7757592
7.4325782
1.6281093
3.7313311
1.9303222
1.5750690
3.0841568
3.1013830
2.4936779
1.7685363
2.0876292
1.7226738
1.8293709
2.1648485
2.5889251
1.6267010
0.9786480
1.4499863
1.7282339
1.0401710
0.9210867
1.3349883
1.4966780
1.8967975
0.9091600
1.0586638
1.8030631
1.3308505
1.4859854
1.4773856
1.5006191
1.7202403
3.7700429
1.0964365
2.1382543
1.4171280
2.6794201
1.1362993
1.4834883
1.7875775
1.0071002
1.1800803
2.3890375
1.7347010
1.0996008
1.5633615
1.0448251
1.1854188
2.2745352
1.9187395
1.0692413
1.4999951
0.8189480
0.9568344
1.0266138
5.3029740
1.0328078
1.2191672
3.5254912
2.6337694
1.9156812
1.1915936
2.3488235
1.1072665
0.8845858
0.8762638
1.4196001
0.8899504
0.9618465
1.1492467
0.8770380
1.4818929
1.3194135
0.7038740
1.0665151
1.3727652
2.3268804
1.1520714
1.1367133
0.7088287
0.8506220
2.4990538
1.8487404
3.5110805
3.6719651
2.2026348
1.6389878
2.4107131
0.6894319
1.3030876
0.4640806
1.4693114
1.5881440
0.9800994
1.0486575
1.2258705
1.8386286
0.9530299
1.5587916
0.7262073
3.0410413
1.1316290
1.8696616
0.4577321
0.9839018
1.0562942
1.2210344
0.2953101
0.9430950
0.6917282
0.9346666
0.9479069
0.9587154
0.8038581
1.0146036
1.6383556
2.8772283
0.7470691
0.4360311
0.7294864
1.6094035
1.6142821
1.4436310
1.2841190
0.6567434
0.5584714
0.4708826
1.2077641
1.2481517
0.4398477
0.5367090
0.7837195
0.7089157
1.0396988
0.6021454
0.5963916
2.8851340
1.4334299
1.7396333
0.9520333
0.6911588
0.6269413
3.3249437
0.6404908
0.8999578
1.5951072
1.8074356
0.9547209
0.7695526
0.7871880
0.7634748
0.6739648
1.0804014
1.0260754
0.6406107
1.0946543
0.4806224
1.6006643
1.2711656
0.4901056
2.5728509
0.6023231
0.8067957
0.6788687
1.1540446
0.8153800
0.4386100
0.8163007
0.5637096
0.6910861
1.6774133
1.7068288
1.5596707
0.5774270
0.6812136
0.5857017
0.8790926
0.3636202
1.2706643
1.0595119
0.6678370
1.0160964
0.6190413
1.2910088
0.6650674
0.7713484
0.6688030
1.1640870
0.9854082
0.7308935
0.9918383
0.8924743
0.6057910
1.6669968
0.9938306
1.0655981
0.9934797
0.8158843
1.0154538
1.5775162
1.1810590
1.4892371
1.5508945
1.1262981
0.9648759
1.5647097
1.4642308
0.6931043
1.0396143
0.8044221
1.7039879
0.4914316
1.1323176
1.0817150
1.5001670
1.0447357
0.8866652
1.0132978
1.1071757
0.8328304
1.0927228
1.3521640
1.3116061
1.4419784
0.9961593
0.9482358
0.7752299
0.8104006
0.9149968
0.6334976
0.7035201
0.7644282
0.9359596
0.9524374
1.2771923
1.2254022
0.8846381
1.0070720
1.4762673
1.5988210
1.2047899
0.9781082
1.3086802
0.9368018
1.0988798
1.2456370
1.1103271
0.6694667
1.0032463
0.9575128
0.3115847
0.7608471
0.7037712
0.8961233
0.7848906
1.4809336
1.2780088
1.4458578
0.7232552
0.9299762
0.7846078
1.2864245
0.8672712
0.7829369
0.7693055
1.1589061
1.1567782
1.2751079
1.3242362
1.0238653
1.2399772
1.2085249
1.7577009
1.6931757
1.4608378
1.2305047
1.1865130
1.1860058
1.2525770
1.0101214
1.0052901
0.7808593
0.9741617
0.8531728
0.9332857
0.9839103
1.0507538
0.8993816
1.2039436
1.0825868
0.9830756
1.2411330
1.0941008
1.2840383
1.0056841
1.3137106
0.9809591
0.7685906
0.5398553
0.6837851
0.7335452
0.8297613
0.7176405
0.7492342
0.8752066
0.8246210
0.7382212
1.0998323
0.6682596
0.7144998
0.8767996
0.8739125
0.9886384
0.7909982
0.7995506
0.9093682
1.2975708
1.0824310
0.9295882
0.9990870
0.9962444
0.7013044
0.7291708
0.7947060
0.6659945
1.2294447
1.0675439
1.1472421
0.5537490
0.5444293
0.4806844
0.7030765
1.2727603
0.9683148
1.2882990
0.4797970
0.5658410
0.6516413
0.4285306
0.8960936
0.6677071
1.6215122
0.7301824
0.8652424
0.7647127
0.4880506
0.7303484
1.3057259
0.7614612
0.5564498
0.8022277
0.3451075
0.8070444
0.6536691
0.8307650
0.8465950
0.9701617
1.0162007
1.1661616
0.8446017
0.7646936
1.0037409
0.8647117
0.9658777
1.0048843
0.9215183
1.4958659
1.0146962
0.8233411
0.8852117
1.1735330
0.8242429
0.6841961
0.9392623
0.7627848
1.2258429
0.7844264
0.9533966
1.0982952
0.7458718
0.9219868
0.7450127
0.9925067
0.9900491
1.0284679
0.7732453
0.6168173
1.1217889
1.4419213
0.5228482
0.4955310
0.8901000
0.9506200
0.5613504
0.5747132
1.0763597
0.8107075
0.2957705
1.0742958
0.3428776
0.7514920
1.8330010
0.4099442
1.0867396
1.1630443
0.4497950
0.8897747
0.4220344
0.4436069
0.6298321
0.4026530
0.8324843
1.9775511
1.4720819
1.2525186
1.0684640
0.8536167
1.7203959
0.5928607
1.0561616
0.7382945
1.4166217
1.7264045
2.2709606
2.8999869
0.7628992
0.9674288
0.6785681
0.6804615
0.7265837
0.8947584
1.9289154
1.0399363
1.0638210
2.8888874
1.0515226
1.9873031
3.5901567
3.0499365
3.6332480
1.1627740
3.1803057
4.3278900
1.2105066
1.2194687
1.0006921
2.0884116
1.5627966
2.9801203
1.0089142
2.5686106
1.4884385
1.0440357
2.5103497
1.1820187
1.4503486
2.1405597
2.9657222
2.9014127
3.6408016
2.0346085
1.4295898
3.7157911
1.6707660
2.4387115
0.6308023
2.7562126
1.1487715
1.9698363
2.7719250
1.9586480
2.2391166
1.0416986
2.2637356
2.3048170
0.5384258
1.1923549
2.9983833
2.6023903
1.8058868
1.5488742
1.8054198
2.8552688
1.3954226
0.4946994
1.1044277
1.3345798
0.2393736
2.3066288
2.2548646
2.0883100
1.9731351
1.6107452
1.9750646
2.0195320
0.8772286
1.6351527
1.8476174
1.6864024
2.1975766
1.2760795
1.8833526
1.6657090
1.4002620
1.1382393
1.2667582
1.4331381
1.9035789
1.1262886
1.1844089
4.4576986
0.8682725
1.6745106
1.4337337
1.2266083
0.9909437
1.0726713
0.9503047
1.7073120
1.8373568
1.4761637
1.3105606
0.9539263
1.5443027
0.9660382
1.7992731
1.4440206
0.4526427
1.7315150
1.0760044
1.0979663
1.3504425
0.5869338
0.4435416
1.0022742
1.0534865
0.7156830
1.1310265
1.1818525
1.5398398
0.9203141
1.6510039
1.0645620
0.6805326
1.3099308
1.3514548
1.0172465
1.3036714
1.3575565
1.3288901
1.3994299
1.3833459
1.4796361
1.5819609
0.8999275
1.7060212
2.0478418
1.6553785
1.8432085
1.6964777
1.1452783
1.5814567
1.6289910
1.9248447
1.6193932
1.6490154
1.0599629
1.3293248
1.7348682
1.3446387
171.9956537
34.8055896
52.7659239
1.6013394
1.4526704
1.6682895
1.8346065
1.9262998
1.9178579
1.5763930
1.5870561
1.8597836
1.9069295
2.0736446
2.0983710
2.1285041
1.5558628
0.2155417
1.2801072
0.8326118
1.6760337
0.8080739
1.1752587
1.0960250
1.0408740
0.8527721
0.8341844
0.6148307
1.1017455
1.2486585
0.8420153
1.1790546
0.7955361
0.3724757
0.6135823
0.9293866
0.7666908
0.4225923
1.0532773
0.8869307
0.9009166
1.2812214
0.6960007
0.9467948
1.0623381
0.8555691
0.8399968
1.7508618
1.5030441
1.3110472
1.5635467
1.5884108
0.9167651
1.0871272
0.9088918
1.7589919
1.6252328
0.6315425
1.2513165
0.4904771
0.7692681
0.9334266
1.3907027
1.3916414
0.6144488
1.1809719
0.9250278
1.2312165
1.1425625
1.6899443
1.4557431
1.2276934
1.5168201
1.2841650
1.0586344
1.4607092
1.5042035
1.6751011
1.2076969
1.2713578
1.3263519
1.5191973
1.0423155
1.3609087
1.0847036
1.4188792
0.9870200
1.0745721
0.8732488
0.6202832
1.1139842
1.5391375
1.5476841
1.3122639
1.2071217
1.0679129
2.2093788
1.3981759
1.7676918
1.0380114
0.7810819
1.3338529
0.8526604
1.2607525
1.2372741
0.8339028
1.4695237
1.4248787
0.9459941
3.0099138
7.9786920
0.9415559
1.8070968
1.0074383
1.0961543
1.0276937
0.9270355
1.2418928
0.9692695
1.1405269
1.2900518
1.2175551
1.2881874
1.0761877
1.4583925
1.0956361
1.5791849
1.0558266
1.8035195
1.4031286
1.0570099
2.0215392
3.1480127
1.7079853
1.2649159
1.0618363
1.6744226
1.6183610
0.9603937
0.7478350
1.2327346
1.6682985
2.1725744
1.2848373
1.8483815
0.9796356
1.5135513
1.3015646
1.2284159
1.7839570
1.0590917
1.4413838
0.8905096
0.6089207
1.2758196
1.3376520
0.5599483
0.5621185
1.1836302
1.3382906
1.1229865
2.1685225
1.1493261
0.3723119
2.0605391
1.3878163
1.0935543
0.8841952
0.9131665
0.9449913
1.0649088
0.9501855
1.2846704
1.0617962
0.7632007
1.1119676
0.9395334
0.9557349
1.1825368
1.9105586
2.5105526
1.1652114
0.6053097
1.2185557
1.3188062
0.4963427
1.5523057
0.5933735
0.7037162
0.7047394
1.0946545
3.0711376
1.8147380
0.5249617
0.5532212
1.7381467
0.6152523
1.4188281
1.7353318
1.8373328
0.7035169
0.7656544
1.8325057
1.6308478
2.0284954
2.3531091
0.9064446
1.5901183
1.9215388
0.4856283
0.8867026
1.8028959
0.3513280
0.9415752
0.8321759
0.4455870
2.0465756
0.3783617
0.7549252
3.9480926
2.3217256
3.2386153
0.4248186
0.9599971
2.9512405
3.2849345
0.3323308
1.3895097
0.8288515
2.5394847
0.5259891
0.2237159
1.5905675
0.8604278
0.7108356
1.6378302
1.5644234
0.7613014
3.1788022
1.7042734
1.3695904
2.3164914
1.0519756
0.7656590
0.9108137
2.3767313
2.4541487
5.4334729
1.9060858
2.3709039
2.4158987
1.0797770
2.5573486
1.1889474
1.8845518
3.6995524
0.9748439
1.6467286
0.7517636
2.5553423
1.4859745
1.1171054
1.2599604
3.4588066
2.3674123
1.2385205
3.4118065
3.5765258
0.8386631
4.4360564
2.0999916
0.8996382
2.3179887
5.4510603
1.4264687
1.5137093
4.5226828
1.4047256
0.8296550
3.0883821
4.3951778
0.6256435
1.2651818
3.2926451
2.8025114
3.9950620
1.1852412
1.8355590
4.2053524
0.7608590
1.4653319
3.5413249
2.2969635
2.4105040
2.8590036
2.9578795
3.8823389
3.0433238
1.6404271
1.4450300
2.9722947
4.1578632
2.5517702
1.4367891
1.6744328
3.4424309
2.9988617
2.2321931
3.2030835
5.0342798
0.9731287
2.4783571
0.7905659
1.7074561
1.4762060
3.8262155
1.1876421
1.8577537
2.4687893
0.3611594
3.7862649
4.0917118
4.7669177
2.3079223
1.1812632
3.5374632
2.7254302
2.5473585
3.2186840
1.1833712
4.0397386
1.8612202
0.3024050
2.0132327
3.7764918
1.8690334
3.6614859
3.0520382
4.8436383
2.3851526
4.1324989
2.4057377
2.5355477
1.6478136
2.6596660
1.9820237
0.6983656
4.1167625
1.3045741
2.0401590
0.9661470
2.4803848
2.7834151
3.2467014
2.3206589
2.9169540
1.0872205
1.5628730
0.6358009
0.7537397
0.7457999
0.5869229
2.6068480
2.5874538
1.8417432
1.6146761
0.8813763
1.7869652
1.9006846
2.8828306
0.7168266
1.9839980
3.5800073
1.7750151
4.9043646
0.1422856
1.2926271
1.9460901
2.4315317
2.8577074
1.1770857
0.3794570
0.5132579
0.6712549
4.6400686
3.4965307
0.4447943
3.2914917
1.6835478
4.0050008
2.3119972
0.5214772
2.7210668
0.3392589
2.5795259
0.9772158
1.3397387
4.0902562
1.1054390
1.3170068
3.2623168
2.3708715
0.4896826
1.8477653
2.0711880
3.2752175
0.9517802
3.9811698
2.1288375
1.8685974
1.6361855
1.0801041
2.4135436
3.8889567
0.6939238
0.8210798
2.7975069
2.8663858
0.8872138
3.2192414
3.4490071
2.0795296
2.8390925
2.6844263
1.2941053
1.6293275
1.2995191
2.7584285
0.3881285
1.9624577
2.5442029
1.4751247
1.2481423
3.4124315
3.8660859
1.7022476
1.9723545
1.2432880
0.7262874
2.6709055
0.3380676
1.2240249
1.3526139
2.7246668
5.5247101
3.0066611
3.0080656
0.8183445
0.9463264
1.0227100
4.4939755
2.3977727
1.8002570
3.2935552
2.8517354
0.7162171
0.8224531
1.3751273
1.4303619
1.8757250
2.4118073
1.7775346
2.9033284
3.0450592
3.3710913
1.7516937
4.2775075
2.3559017
0.9306949
0.8270762
1.8276906
2.4382270
2.8181398
1.5691380
1.3402928
2.5650746
0.8560074
1.8538403
1.5030073
1.1492234
1.8112548
2.3785572
3.1315929
1.2140762
1.8555507
2.4938454
1.2966266
1.6810042
2.8088103
0.6707289
0.9999025
0.5105674
2.3842418
5.1350356
2.1325886
1.1092335
1.3206311
0.6412748
1.3097664
1.0930029
0.9275239
1.8479368
0.9046009
1.3489572
0.5382674
1.3956064
1.8481219
1.4100179
1.0459938
0.7718752
1.2240167
0.6871055
0.8005674
1.3621300
0.8208442
2.0093613
8.2397589
1.4317756
93.9868857
85.4909526
15.5666474
163.1487419
1.2202274
5.0262255
0.8415568
0.9311335
0.8976727
4.2145693
2.2421916
1.1409409
2.3506983
3.2993021
1.3048007
5.3202223
3.8315706
0.9910333
1.6758968
3.2480637
2.5226089
1.4842397
6.9535105
2.3304810
0.7413334
3.2176883
3.0361539
0.5139088
1.1882334
1.5552371
1.7623220
1.3102341
4.0103207
0.9606012
1.3184326
4.2750983
1.9817363
1.2061840
5.3525332
1.3749190
0.5189419
2.7662392
1.4031865
0.4290837
1.7046500
1.7741563
1.2203999
0.8358617
1.4484995
2.5741269
0.5617075
2.1193126
3.6980811
2.3218839
1.3988641
0.9313663
0.7342656
2.0723546
1.4718665
1.7336325
4.8068284
1.4542614
0.4570977
2.2910668
1.5157580
2.3411215
2.5112274
0.4746354
0.7877701
1.0563097
0.6949850
0.7273616
0.7798829
1.9826620
1.8056577
2.8053787
1.1196117
3.2440873
0.7068862
1.3511208
1.7643737
3.3375715
1.0413940
2.4836477
2.9722168
0.3224856
2.0737381
3.2092038
6.1103178
0.4329317
0.3505535
1.1239783
0.4129729
0.8941721
0.5368221
3.5256123
5.4391007
0.7111953
2.2688031
2.1973632
2.0265744
2.6775899
1.6135477
1.3560926
3.0003135
1.8014241
2.9005504
0.7469288
1.5246332
0.7842526
2.3212559
0.7454375
0.6030621
1.5003942
2.0227932
1.0831084
1.2334129
1.6638288
1.2462408
0.6262258
2.2575676
0.8310582
0.6968662
0.3195749
0.3343909
0.6784806
0.5437750
0.4883457
0.2588153
2.0659044
0.6500483
0.3256673
0.2151824
0.3365964
0.4556239
0.6828476
0.5089760
0.3270615
0.6857961
0.7077451
0.7032241
0.4055514
0.5654035
0.4304068
0.8064790
1.0251061
1.5546509
1.7056212
1.4605586
1.8334334
1.6007570
0.7596420
0.5859090
0.9899101
0.3888365
0.4535039
0.6949887
0.4180383
1.1560608
0.7700085
0.5083144
0.8817597
0.6266030
0.8687907
0.8509925
1.0871565
0.6538688
0.5348366
0.4225127
0.5233336
1.0969764
1.1883614
1.0537582
0.7461879
0.9502567
1.1098477
0.9409702
0.6502378
0.5820900
0.7988639
0.4930120
1.1523310
0.7493100
0.5293497
0.6498416
0.3844381
0.4643559
0.4617160
0.5961294
0.8204295
0.5515992
0.5857005
0.5210664
0.4915604
0.4989596
0.5557285
0.6019565
0.6732827
0.8909763
0.6372713
0.5227278
0.7850154
0.4265394
0.5777961
0.5680238
0.6037764
0.9497575
0.9194546
0.6572624
1.0379951
0.8261415
0.8177871
0.7259986
0.8212589
0.9523215
0.6098280
0.4492948
0.6558537
0.7650740
1.2352994
0.9186120
0.6623073
0.7003252
0.8824025
0.8034976
1.1045574
1.0969810
0.5864340
1.1169313
0.6808069
0.9375758
0.8787638
0.9670949
1.0360273
0.9272308
1.5490580
1.0775703
1.2000092
0.7717154
0.7106587
0.8741273
0.5181527
1.0117250
0.8941452
1.1522350
0.9389658
1.0750772
0.5467168
0.8471333
0.9661621
0.8946242
0.7658033
0.9480215
0.7350729
1.1246434
1.3762142
0.7903944
0.4553265
0.8116367
0.9934030
0.9096154
0.7371615
0.6378720
0.9857846
1.0288561
0.7590528
1.0036777
0.7090960
1.0230720
0.9632287
0.9633040
1.2724356
1.4255622
1.2650689
0.7836340
0.9439649
0.8788839
0.7706937
0.7912613
1.0015695
0.9673427
0.8876971
1.0207442
0.6997778
0.6757917
1.0743880
0.4699981
0.5637158
0.6512858
1.3966179
0.5273274
0.7304446
1.4323370
1.7952701
1.1157329
0.5500060
1.7376516
1.0364398
1.1986671
1.0423249
1.0061987
0.8438885
0.9837526
0.5962320
0.7243236
0.7064158
0.7241274
0.8974363
1.3869172
1.4494489
1.0199254
0.8111372
0.9596733
2.2046856
0.7875144
0.8435714
0.6321134
1.0274819
0.7963995
0.9800873
1.7091257
1.3189303
1.0870648
0.7943751
0.9949430
0.6999959
1.3212869
0.9723116
1.0538782
1.0302634
0.6294874
1.0257527
0.5514694
0.9790448
0.8983677
0.8636609
0.6810050
0.9805042
1.0530658
1.0145979
0.8878841
1.1991699
0.9217551
0.9084053
0.7938679
1.0248304
0.4808097
0.8978739
0.8447476
0.8319817
0.7845764
0.7908279
1.0247130
1.0392831
0.7497077
0.6442581
0.7778105
0.8695873
1.0535122
0.2647636
1.0159448
0.6198557
0.4474952
0.7868943
0.4778351
0.7771351
0.3637576
0.4150288
0.4849425
0.6246750
0.5802007
0.3914621
0.4504956
0.5130852
0.7847366
0.6151005
0.6262485
0.4350771
0.7179543
0.4508341
0.5398162
0.2754439
0.6658470
0.5142801
0.6206741
1.0184030
0.6246600
0.7203243
0.8211193
0.7631479
0.4546501
0.8585980
1.0201298
0.9280034
1.2930630
1.5249188
1.4465487
1.8201102
1.8727535
1.9416988
1.4875709
1.3341963
1.2716996
1.5470293
1.4609797
1.7012798
1.6068263
1.5420425
1.8111089
1.5436844
1.8830416
1.6640516
1.5338311
2.0484036
1.3871680
1.5970819
1.7694843
1.6755750
2.0358411
1.6742894
1.4911394
1.6782068
1.6397933
2.1727532
2.4612223
1.9421006
2.2566653
1.3860742
1.5703316
1.5108030
1.4141841
1.6494811
2.1317407
1.4215322
1.3916377
1.3358231
1.0961994
1.2850263
1.2011367
1.4700738
1.5267866
1.3092915
1.0132418
1.0276247
1.1955959
0.5885284
0.5139010
0.8390472
0.6798501
0.6702467
0.8681615
1.0781801
0.9476464
0.9902883
0.6903517
1.1518639
0.5374879
0.6250930
0.5203634
0.6099392
0.8453424
0.7471311
0.8815739
0.6411629
0.6635403
0.7481508
0.7169437
0.6316898
0.4962222
0.5429800
0.5035194
1.0141636
0.6431186
0.3186658
0.5625643
0.6080328
0.5914745
1.0159988
0.6520079
0.2633275
1.3597035
0.7537400
1.1683048
0.4100717
0.6565936
1.4319058
0.9167956
1.0125153
1.3049363
1.3010535
1.3772033
1.7116013
0.8982857
1.3626838
0.8782832
0.9221237
0.5488710
0.6399187
1.1175585
1.4385505
1.1124632
1.1269852
1.0437294
0.6705979
0.9745984
1.1156812
0.6423873
0.8947304
0.9329452
1.0550240
1.2878644
0.8291959
0.9519524
1.3068740
0.8300978
1.3478708
0.8733201
0.8457526
1.3068144
1.0395632
1.5359435
1.0152500
1.1208261
0.8808557
1.1274556
0.9718386
0.9030948
0.9149992
1.1609185
0.9549845
1.3370187
1.3156075
1.0202442
1.0633198
1.1298984
1.2712553
0.9964575
1.1402405
1.6587933
1.1486343
1.1781694
1.0863746
1.2853617
0.8562531
0.7810102
1.1143103
0.9831582
1.0217061
1.0109570
1.5687245
1.5231456
1.5879411
1.1677991
1.1817328
1.1658377
2.3886875
1.4556109
1.6019366
1.5158863
1.2968316
1.7102739
1.4951704
1.4473403
1.1724159
1.1015717
0.8814269
0.7151408
0.7401625
0.6519480
0.6264312
0.7525964
0.7763860
0.8630368
0.7477165
0.6852665
0.5963011
0.7149689
0.5697858
0.5364161
0.6605944
0.6553078
0.5961791
0.4557006
0.5767058
0.7283838
0.6170793
0.6742863
0.6952304
0.4471966
0.5900032
0.6345159
0.3413171
0.7302757
0.4824885
0.8513688
0.6807645
0.3694868
0.7381724
0.5437335
0.8069323
1.0552682
0.8498818
0.5564813
0.7546544
0.6716666
0.7407640
0.6779554
0.5979340
0.1735848
0.8439532
0.6476985
0.8425795
0.7271422
0.8525796
0.6189741
0.6154038
0.6769389
0.9273794
0.8784809
0.9098967
1.0613436
0.7070015
0.9813397
0.6651179
0.6110689
0.9417379
0.7214004
0.4207493
0.9523609
0.3633139
0.5686716
0.6710436
0.5190180
0.4800254
0.5793680
0.4013901
0.5302119
0.5232653
0.1966616
0.4401519
0.4305621
0.1889614
0.4481754
0.4572557
0.2780185
0.3170058
0.6574522
0.3877497
0.4070056
0.2359763
0.5859099
0.3227372
0.1955122
0.7308746
0.4009411
0.4836181
0.7174380
0.5631410
0.3755364
0.6752292
0.5625710
0.4359710
0.5440503
0.7407335
0.3836217
0.7736096
0.7682559
0.7503495
0.5012222
0.5864448
0.7977953
0.8110536
0.8109292
0.6657216
1.2667250
0.8998622
1.0795430
0.8267385
0.9295966
0.8777495
1.1506846
0.9470320
0.8324536
0.6798777
0.6989432
0.7902506
0.6931149
0.6191067
0.7958970
0.3492918
0.5688423
0.5163164
0.7982213
0.4224848
0.1716304
0.6462913
0.8160101
0.4676903
0.4651761
0.6359420
0.4176220
0.2650820
0.4171373
0.2707568
0.6074086
0.2374182
0.3949903
0.5345452
0.2858196
0.3334690
0.1814752
0.5417465
0.2450944
0.5497115
0.3874291
0.4956372
0.3328511
0.6111209
0.6145105
0.4890892
0.4327370
0.5082258
0.5474105
0.5558548
0.4983718
0.4974906
0.4404689
0.3951122
0.4459902
0.4347773
0.5205901
0.5469342
0.3432902
0.3642044
0.4794095
0.3550840
0.5048426
0.5170399
0.6335439
0.6463881
0.6414125
0.7743499
0.8678949
0.4956771
1.0410520
0.8211272
0.7353830
0.7326399
0.6454444
0.8577781
0.4930957
0.9119679
1.0218006
1.0543948
0.6466579
0.3780318
0.6021240
0.5032047
1.0928618
0.7321320
0.5643761
0.5397811
0.8143507
0.7256952
1.2185359
0.4089692
0.6915873
0.5861575
0.6633907
0.7602718
0.8879318
0.8061501
0.4365349
0.4293210
0.6583753
0.2763830
0.2567008
0.5157797
3.4569964
0.8324088
1.5957816
1.5080481
0.4339921
0.2619308
0.9193988
1.2972699
5.5866275
1.9474113
3.8608648
3.5024110
0.4406646
2.8343335
0.9531425
2.6476867
0.5495398
4.1031406
9.7852938
1.0002585
1.9366819
4.6630222
1.8270894
3.2877524
0.3637474
0.9824837
6.9702517
7.6245542
4.1251600
4.5190376
7.3516716
1.0656438
3.0155216
6.8703137
3.0476968
3.1451504
1.8878287
1.3032949
1.3496033
9.3839033
1.4279450
1.0054296
6.8932071
5.5802110
7.9582222
1.8673897
14.3838089
4.3101544
4.8138923
8.3563055
0.9062056
3.9374146
0.5306165
4.5679263
4.7953519
2.4031150
0.3510397
4.4027491
4.2870739
0.5341966
0.5950167
9.8622489
0.5059310
0.1582323
6.9032604
0.2902766
2.2200082
7.5415214
3.8664178
7.0059782
0.8334007
0.4489140
3.9852301
0.5124377
0.4536780
0.9543794
0.6185143
0.7006284
0.7762496
1.5229099
0.7413416
0.7913880
0.7949257
1.1457204
0.6242131
0.8039118
0.7395187
1.2886491
0.5970809
0.7423750
0.5981281
0.5997940
0.7162869
0.6753728
1.0573258
0.5600027
0.5385962
0.4391321
0.5819921
0.5882037
0.4223631
0.6657057
0.4570104
0.4214551
0.6575391
1.0071271
0.8629629
0.6549588
0.4135096
0.5681881
0.7448555
2.6187878
0.5214095
0.3862632
0.9314156
0.4178541
0.6285659
0.8250631
0.5425136
0.9629903
1.3176170
1.1594387
0.3705338
1.1115697
0.5670566
0.4275812
0.3104830
0.7969508
0.3939088
0.4357536
0.8896179
0.5220262
0.7798116
0.5625021
0.4426007
0.5470702
1.3865537
0.9320799
0.6332577
0.8498305
0.9650847
1.6303756
1.5371365
0.9818986
1.1930578
1.5119169
1.2906874
1.7561718
1.8683481
1.4456257
0.7628143
1.1118706
0.5326759
0.6387949
0.6502140
2.7036774
0.7931434
0.6547264
0.5944890
1.2443155
0.6968112
1.4390638
2.0819911
1.4078063
3.8637867
2.5895457
0.9402563
2.6072726
2.7563840
2.4308643
2.6865454
3.6384717
3.3869896
1.4415854
1.6519532
0.9909313
1.2619650
1.5831575
2.7357023
1.3958650
0.6364789
0.8230632
1.6718484
1.5999118
0.8477180
0.8292500
0.6333662
1.6373437
1.9292515
2.2428659
3.1623381
1.0575903
1.6170004
1.5279204
0.9071214
2.8788940
1.7994230
1.7354923
2.0743402
1.7419767
3.2359304
2.0659252
1.7389451
2.6098993
1.7750946
2.9375582
1.9352883
1.3565066
2.8005610
1.4391277
2.9164950
4.6769771
4.7786827
0.6944662
2.1521052
2.0627501
1.3996170
2.3144779
0.7296627
0.9626625
0.5905427
0.9035086
1.3319106
2.2443936
0.1488590
0.4131734
0.3631468
0.2669614
2.0260272
0.3759500
0.1035569
0.7482840
2.9417535
0.8728087
1.4906125
0.1877140
1.0880708
1.0725775
1.0739113
1.3918919
1.1621653
1.3586364
1.2871294
1.1623632
1.5230560
1.4100586
1.5912076
1.3566321
1.0665525
0.9451778
1.1198132
1.5552540
1.1592121
1.0730975
1.6737426
1.8999725
1.0198131
1.3522850
1.9365180
1.8007294
0.6428602
2.0603854
1.0523736
1.0225156
1.5106722
1.0350242
0.5330814
1.1366635
1.1736105
0.8452278
1.5239945
0.4500742
0.7578675
1.0914707
0.4098508
1.0039981
0.7426736
0.9143616
1.1721158
1.5256255
0.5323939
0.9147149
1.4199149
1.0904329
1.1014142
1.7567705
1.7429800
1.1951242
0.7659664
1.4827878
1.8977436
1.2585075
1.2926953
1.4802741
1.2006067
1.3235848
1.0553629
1.5088944
1.4737762
1.3384683
1.7333620
1.9353521
1.9604886
1.4435070
1.0159322
1.2880939
1.2539651
1.3742335
1.9032679
0.7225461
1.2526335
1.3984181
1.1475022
0.7745468
1.0276848
1.3557752
1.2900952
1.0761145
1.1934544
1.2890880
1.3965029
0.9420270
1.0160260
0.8537390
1.1428278
0.5206418
0.8828752
0.7673917
1.0648544
1.0039277
0.9494248
1.1425100
0.7894333
0.8453536
0.6673518
0.9920387
0.9262717
1.2817551
1.2720521
1.3308361
1.3668039
1.2079714
1.1108791
0.9862998
1.4079493
0.8233764
1.1969072
1.0986496
0.7860442
0.8246967
0.5346101
1.0437912
0.3931422
0.1942875
0.3287413
0.2173873
0.2702419
0.8854363
0.3960987
0.2863983
0.7986302
0.2828874
0.4421560
0.1100579
0.6427623
0.3034316
0.5267567
0.1709381
0.2645758
0.6318618
0.3993753
0.2424111
0.7073970
0.3223283
0.4434714
0.3370306
0.5272873
0.6809552
0.6844174
0.8068648
0.4231908
0.6917211
0.4651032
0.5577892
0.3958163
0.5140914
0.9443072
1.0162335
0.6873853
0.6596368
0.3602422
0.6000591
0.6749312
1.2211899
1.0005709
0.6185741
0.6799418
1.6596418
1.4566959
1.5322438
1.3797122
1.2638097
1.0771050
1.0489419
0.4704115
0.8379294
0.8272218
1.7818080
0.9900482
1.1426797
1.1535420
0.7724938
0.6277891
2.8604726
1.8878831
4.4441288
1.2533940
1.9105991
0.7135738
0.9216778
1.2931620
0.9219133
1.9186493
1.9354627
2.8796187
0.7946459
0.6463405
1.6074460
2.3241409
0.8119059
1.8892992
1.9761502
1.5315716
1.9621988
2.1161784
2.4681963
1.0454616
0.8758470
1.0990844
1.1530886
1.1394516
2.0675937
2.9220483
2.1974235
3.0092861
2.4828159
0.3343151
0.7470727
4.2697572
1.3408735
1.7019679
2.0007980
1.6400062
0.4815826
0.6213892
1.3198415
1.4783483
1.0340582
0.7220014
0.7615966
0.8565902
1.1663266
1.0178421
1.0057012
2.7557836
0.7487507
0.7083600
0.9570798
1.1395819
0.8740758
0.6991584
0.7078983
0.7041132
0.7407759
0.8918242
0.9410031
1.5303546
2.1738486
0.8388963
0.6916774
0.8545703
0.6779264
0.8527605
0.3387431
1.3261396
0.3384617
2.1190876
1.3345797
0.9213000
0.6149877
0.6102481
0.7102244
0.6420378
0.9645959
0.8569319
1.2500358
1.2859768
0.8948870
0.8861280
0.4734836
1.2754909
0.7593566
1.0617167
0.8664461
0.6919616
1.0095843
1.1652291
1.5820540
1.0400374
0.8486393
0.9915398
0.9940430
1.3021509
1.8965046
1.1957950
0.8496349
1.6727276
1.3826657
0.6568747
1.1731035
1.7001810
1.4706584
1.7298294
1.3727303
1.0458868
0.8944512
1.0009502
0.5995495
0.9518739
0.8579263
1.2439448
1.2216144
1.0479782
1.3762214
1.1457385
1.1614135
1.3818343
2.2080986
0.6670382
1.6654932
0.4450456
1.7176322
0.5882831
2.2705502
1.4007499
0.3449446
0.5583189
1.7988483
1.6737000
0.8448858
2.6535595
0.9765371
0.6413844
1.0466395
0.4321771
0.2613318
0.5346120
2.1969201
0.7722295
0.4781239
0.7816019
4.2005244
0.8581210
1.3145831
1.6633120
1.4584061
1.3784221
1.4701923
5.3846097
1.9422822
2.4220247
2.8878667
3.3133582
1.8845027
1.6574936
5.1217262
2.9292616
1.7980630
2.2888390
2.8729128
3.8672401
4.0466378
1.9475136
3.5978552
3.1632715
3.1944326
1.3324027
2.9488108
3.5085118
1.2887951
3.0639192
2.7587324
2.4824198
1.2490228
0.8679310
2.8487822
2.7899764
2.6097974
1.1404338
1.6965007
1.4428867
2.2082603
1.8025469
0.3489497
0.6306440
0.9331508
0.6339562
0.8755571
0.8533301
0.9986508
0.9002120
1.2114755
0.9083263
0.4610131
0.7117699
0.7813676
0.7581533
0.8450712
0.8086485
0.9272332
1.2183216
1.0184742
1.8203320
1.0001053
0.9941932
1.6540055
1.2435990
0.8123202
1.3127249
0.4682935
1.1177425
0.8833346
0.6204955
0.8229436
0.6499527
0.7977522
1.2938863
0.5327891
0.5937676
0.5365009
1.3725066
1.0790503
0.3047172
0.6069708
0.3529904
0.6206431
0.7666079
1.2858482
0.6006081
0.7874274
0.8668493
1.0478188
1.0793527
1.1529270
0.9658857
0.8094129
0.8357807
0.8041064
2.6930599
0.7138976
0.5723707
0.5141711
0.6785696
0.6816256
0.2779340
0.5962628
0.4884196
0.2704218
0.2658792
0.7775872
0.6365124
1.1732326
0.9649720
0.8406777
1.2539832
1.1108665
1.1197679
1.3985321
0.8688223
1.2668760
0.6490402
0.6716100
0.8828255
0.9300917
1.0666873
0.8203429
0.9457129
0.7131617
0.5732272
0.7625634
1.3544183
1.1589828
0.4740910
0.6380415
1.3234689
1.1519773
1.0365462
1.3283539
0.7890535
0.8056837
0.9596388
1.7434897
0.5564955
0.8787971
0.7026032
0.3731312
1.5125113
0.7084450
2.8483030
2.2356107
1.2851464
1.0845861
0.3986768
0.9330725
0.9442348
0.4718125
0.2456703
0.1603287
0.2712936
0.3527781
0.6244042
0.2110585
0.3876404
0.3639519
0.4373018
0.4643424
0.8705913
1.4568372
1.0217230
0.7498528
1.3481754
0.6475434
0.7710445
1.3145062
0.5471177
0.7642534
0.9532977
0.4468974
0.7901563
0.4124756
0.8171499
1.0993727
1.2302239
0.9266312
0.7185085
0.5553856
0.4947096
1.2683044
0.4796905
0.6271107
0.6572995
0.7400814
0.8138803
0.4230534
1.0407498
0.7738331
0.9769126
0.9280834
0.7909329
1.5663671
1.4521769
0.3548795
0.5498578
0.2138941
0.7067607
1.0001680
0.5031029
0.4346446
0.6152385
0.3587301
0.8537132
0.1262577
0.2490394
0.4281381
0.6574184
1.1348578
1.0932172
0.4662738
1.2681737
0.5728567
0.4602825
0.6658780
0.6527607
1.0040891
1.3244842
1.2537007
0.7443145
1.1466420
0.8279458
0.5907769
0.8610118
0.8592530
1.2998581
1.1545364
1.1584973
0.5301133
0.5468785
0.6530228
0.9457701
0.6738642
1.2557216
0.6211250
1.3509815
0.4664987
1.4127404
0.7543604
1.0361041
0.9651273
0.5211850
1.0752772
0.8501398
0.6793518
0.7672877
1.5953083
1.5517220
1.2494921
1.1504188
1.4404684
0.2461464
1.9102748
1.3465193
0.8310074
0.6410774
0.8265333
1.3469614
0.8876733
1.5868575
1.5347016
0.8959892
1.3760882
0.9104776
1.7753533
0.6546814
1.4409516
0.9472126
0.9046575
0.3887717
0.8069609
0.7876248
2.3720157
1.4865936
0.4048096
0.9277054
0.5033014
0.6636962
0.7368185
0.8455747
1.6440188
0.9002639
1.0685271
1.2867706
1.3368800
0.9725195
0.9735485
1.5291035
1.0125334
0.3555875
0.8421017
1.4111213
1.8081695
1.5782924
0.8117473
1.3988244
1.2437080
9.2322578
1.9095800
0.8667560
1.6868939
1.5662561
1.8325196
1.4437167
2.4062237
1.0091342
1.8162523
1.6404797
3.7297554
1.1584921
1.9294003
0.7152385
1.5516279
1.8564572
2.2165074
0.9878801
1.4663555
2.7068173
1.9117314
3.9665494
3.4409517
2.7504147
2.7790749
2.0774937
1.9779148
2.4084980
1.7533386
2.6585652
1.9213500
1.9500323
0.5174809
1.2942656
1.9044516
0.8460521
0.9125864
3.1213208
5.4404839
3.1404758
0.5761903
1.9107791
1.1882584
1.3526745
1.4432437
1.7245444
2.5643714
1.8795571
1.4372240
0.3771312
2.4911238
7.1067476
33.3753420
1.7335364
0.9577516
0.6257437
0.8272623
1.7020582
0.3387234
0.2974999
1.3835597
0.2997553
1.0971556
0.8450729
0.9823205
2.7116001
1.6377139
1.5033890
0.9155131
0.5875193
0.9867276
1.5436490
0.8101762
0.8569879
1.4055371
1.1931433
0.6573969
0.9214356
0.7480218
0.9729542
0.9451864
1.0306997
0.8736005
0.6355378
0.9827601
1.0325096
0.6403548
1.3824542
0.8484508
0.7915238
0.9788539
0.8452401
0.7564354
1.4731674
0.9097707
0.7681931
0.8845732
0.9913735
0.8792565
0.7227294
1.1155049
1.0757286
0.7053963
0.9892657
1.0404326
1.2462557
1.0661187
1.1023344
0.9386207
0.4830224
1.2811344
0.3681717
0.9658652
0.3107270
0.6094943
0.8206726
0.9451041
0.7101799
0.5255605
1.2598282
0.4512038
0.8870873
0.7303119
0.5794638
0.7026405
0.6159366
0.8429267
0.9412170
0.3913631
0.3311897
1.0056204
0.7349350
1.0757807
0.9389717
0.6678489
0.8168839
1.1745657
1.2000141
1.0179976
1.0726523
1.0398224
1.1960761
1.1535668
0.8027151
0.8290563
1.2290350
1.0206391
0.8931522
0.7182635
0.4872724
0.2051398
0.4095616
0.5889795
0.4384018
0.6954460
0.5741049
0.4307753
0.1509101
0.2766073
0.4533229
0.6579165
0.6214494
1.2187492
0.8861339
0.7414427
1.1706754
0.6504513
0.7355731
0.9110769
0.3887409
0.4922979
0.4460527
0.6248301
0.7031927
0.5754631
0.5227355
0.3552354
0.8625099
0.3485409
0.4900920
0.6254214
0.6647037
0.6443888
0.6727416
0.9849037
1.4124514
0.8921686
0.7862666
0.4446638
0.3258292
0.4430169
0.6213013
0.8708681
0.9121758
0.8841177
0.7318259
0.7829580
1.1127377
1.0178308
0.8815655
0.8536128
0.8237678
1.1488718
0.9759249
0.5989186
1.3986848
0.8846251
0.7638162
0.9081779
0.9160694
1.0670058
0.6769874
0.8954169
0.7462859
0.8153956
0.9367494
0.9800242
1.0845412
1.0355685
0.8620126
0.7518135
0.9230461
0.8754380
0.8093785
0.6375643
0.9819731
0.4304630
0.9319215
0.7799674
0.7062518
13.3733452
0.6961742
0.7203796
1.0889620
0.9887467
1.2558355
1.2629799
1.3135350
0.9686666
1.1321799
0.6764912
0.5574269
0.2500313
0.8178496
0.6666037
0.5434317
0.6070134
0.9960651
1.0162100
0.9787082
1.5097028
1.2138038
1.2398590
1.1695153
1.1446199
0.6717106
0.6688301
0.7677075
0.9532993
0.8205398
0.8412856
0.8082435
0.8146644
1.0774377
0.9035563
0.7909732
1.0122633
0.8192854
0.8356179
1.0061916
0.8218147
0.7674154
1.0429201
1.1994567
0.8022974
1.2874451
1.3464685
1.3280673
1.5068961
1.2231999
0.8149402
1.3447348
1.0193286
1.0694106
0.9772386
0.8365313
0.5072992
1.1051622
0.9125484
0.8191042
0.9035638
1.0126373
0.9885887
0.8675041
0.6664787
0.6534998
0.7447885
0.8072109
0.8653782
0.7987286
0.6240318
0.5636892
0.8068429
0.8367335
0.9163106
1.4393279
1.6093887
1.5992161
1.8638705
1.4529130
1.5989687
1.5388692
1.7549223
1.6638062
1.9774188
1.7931928
1.9046402
1.6772710
1.3534349
1.2715925
1.1220342
1.1913566
1.3829756
1.6224910
1.4124966
1.2232650
0.2231207
0.5234828
0.6020989
0.6967789
0.6766280
0.7090948
0.7166519
0.7647356
0.6588947
0.5317225
0.7214696
0.6363694
0.5733536
0.9254104
1.0956979
4.4453290
0.8805090
0.8916860
0.8545728
0.8788994
0.4539485
1.0084551
0.6792810
0.6422624
0.9949187
0.6525457
0.9526540
0.7340268
0.1619071
0.5175978
1.0919573
0.4138892
0.6931023
0.7018146
0.7031651
0.5637711
0.8430642
0.6761126
0.9141274
0.5510620
0.4468028
0.5391601
0.6524333
0.8695086
0.8695697
0.8966125
0.8952946
0.8221678
0.5733426
0.6456304
0.4695764
0.6990162
0.8609818
0.8945118
0.7821591
0.8827556
0.8172331
0.7995379
0.8988692
0.6160641
0.4985128
0.5818955
0.7786796
0.7367879
0.8334196
0.7972629
0.8669843
0.7678689
0.7850948
0.9567887
1.0143186
0.8423547
0.6947455
0.9025729
0.9132480
0.3590749
0.6233845
0.8726130
0.5725103
0.8974759
0.8263352
0.7702579
0.8955378
0.7775481
0.9269178
0.9848585
0.8634785
0.6761394
0.4013063
0.5465016
0.7551315
0.5847665
0.6690545
0.8630496
1.1070419
1.2349889
0.5182774
0.4987698
0.3221883
0.2793713
0.3486394
0.7415171
0.7007458
0.9825009
0.3727322
0.9977742
0.7528742
0.8616843
0.7950182
0.9096586
1.0132139
0.9661013
0.9637075
1.0205165
1.1310651
1.0028302
1.1122834
0.5327290
0.5262785
0.8086195
0.9699459
0.9150065
0.7352158
0.7411866
1.2226988
1.0208820
0.9013746
0.9010244
1.0669182
0.9629924
0.8937209
1.4428952
1.3145634
1.2304079
1.0852962
0.8722297
0.9735502
0.7570411
0.9965825
0.4571720
1.7251096
1.6378626
1.5507494
1.6148508
1.5407414
1.3477838
2.0149253
1.2609779
1.2746101
1.5751903
1.1483810
1.0123198
1.7391210
1.8348540
1.7173689
1.2887831
1.4479302
1.6828579
1.7194320
1.1181077
1.6790066
1.7100943
1.7592862
1.0661554
1.2809974
1.6869780
1.2496654
1.6791586
1.4903199
1.9394740
1.7129782
1.4186290
1.6517688
1.7548450
2.2166304
1.5497618
2.4321579
1.8259551
2.1643053
1.8741068
0.6922645
0.8379130
1.0914271
0.7243989
0.7488408
0.7624384
1.0533866
0.7816595
0.7653686
0.8263932
0.5209311
0.6781111
0.7130781
0.7686562
0.6401357
0.5174981
1.1108474
1.0440405
1.2533371
1.0734639
0.6206059
0.8779102
0.4508762
1.2158484
0.9418264
1.1150323
0.7832526
0.7254506
0.9029002
0.6295923
0.9292663
0.7497476
0.9301277
1.3286879
1.2620283
1.2955140
1.4379975
1.6164421
0.9552974
0.8025923
0.9411799
0.6921002
0.9174113
0.6565200
1.0234732
1.7508524
1.6429878
1.1335163
1.1667361
0.5720945
1.5352626
0.8386320
0.8401241
0.6296392
0.8064430
1.0426068
0.5346891
0.5142273
0.9691973
0.7012548
0.6749336
0.6569496
0.6076042
0.5500810
0.6130905
0.5943926
0.6301650
0.7569004
0.9411443
0.9437608
0.8729102
0.5218877
0.6192868
0.6971595
0.4613397
0.6536857
0.5299955
0.8879644
0.7152313
1.3826402
0.5743819
0.7808835
0.7274640
0.9028258
0.8798073
0.2895273
0.6812650
0.7706991
0.5027756
0.8014048
0.2842957
1.2020826
1.1691432
1.2046819
1.0442854
0.9433883
0.6878987
1.2490373
0.6203147
1.7305018
0.8224617
1.0333667
1.3060215
1.2896862
1.2160222
0.4861579
0.7021809
1.1128507
1.2513789
0.8838712
1.4415174
1.6760986
1.1740285
1.1406560
1.0566853
0.8979422
1.7529066
1.1565593
0.8146275
2.0268793
1.4666173
0.8131035
1.7948105
0.9423034
1.5415262
1.0004292
0.6376712
1.0068359
0.7645884
0.9247932
1.6757792
0.8279788
1.8056086
0.6265565
0.9860817
1.2400408
1.0188669
0.5615363
1.6360696
1.1970678
1.2233239
2.6401536
2.6220359
1.3132128
1.3585615
1.5815478
2.0089469
1.5317903
2.6674567
1.1752186
1.0776608
1.7447062
1.9004118
1.9185042
1.6155477
1.1172860
1.5979796
1.4813940
0.6995762
0.9489967
1.8507451
1.0827239
1.5950391
1.2328770
1.1797346
1.2265175
2.6938305
2.2115128
3.1691053
2.1193202
2.0532297
2.1670528
2.1957330
2.3231952
1.5688564
1.4566549
1.8853249
1.9643331
2.0898893
2.0230042
2.7193102
1.3451493
2.1944083
1.1279879
1.5810499
1.4363301
1.2438298
1.3004441
1.5084579
1.9214070
0.8924169
1.4596181
0.7754198
1.9561353
1.1038758
2.7669148
2.0111347
1.9192156
0.7709347
1.5490860
0.8165688
1.3513390
0.6918089
0.8939599
0.9547408
0.8076300
1.0838337
1.3181468
1.4996334
1.4816744
2.0296840
1.2433478
0.7655330
0.5805149
0.8034555
1.4118084
1.5975950
1.4026067
1.4868803
1.9231072
1.8760659
1.2479622
2.5344768
2.6138816
1.0972195
2.7039106
2.6400259
2.1161387
2.1082683
2.3209408
2.1298898
1.2573915
2.7098457
2.2534912
2.3223220
2.6372399
1.8800554
1.8380279
1.7617745
1.4625982
2.3324139
2.6055038
1.8936501
0.4497938
0.8335068
1.3096991
0.9687639
1.9836057
0.8199680
1.4969350
1.3246661
0.5567986
0.2635906
1.0802731
0.4426507
0.9569143
1.0263306
0.6817600
0.2942409
0.2281296
0.1508711
0.6405572
0.3932328
1.3716317
0.9293391
1.2419213
0.7962604
0.4197352
1.2886676
0.6160105
1.4950677
0.4626660
0.6265287
0.6449985
0.2794770
1.2163069
0.5400140
0.9800115
0.8193045
1.2028381
1.2162944
0.4273952
0.8896014
0.8011897
1.2521977
2.7265115
1.3135013
0.5939894
1.7503428
1.8884055
0.4422162
1.3403216
1.5636433
0.9083434
0.8005461
0.8217991
2.8894223
1.8387638
1.3725452
0.6208702
0.7091101
2.0553310
1.5402901
1.1978002
0.5164165
40.9194199
2.1130638
2.9052524
0.8797299
0.5186876
1.4884073
2.2275880
1.5685588
0.9638837
1.7267325
0.8458231
3.1264817
1.1200784
1.8576469
0.9890525
1.1169995
1.5019928
0.8836489
1.9063050
1.2821017
1.1308358
1.2954577
1.1580204
1.3567641
1.0397454
1.3527216
0.8449708
2.5663473
2.4300797
1.4047784
1.3625500
0.5714358
1.0210339
0.7323546
1.8760675
1.2042032
2.1024473
1.5258966
2.7242565
1.9271562
1.6635191
1.8388185
2.0059456
2.1095697
1.0759574
1.6091886
3.7474087
0.9930214
2.5615456
1.9451950
2.8654883
2.2013784
4.5128890
2.0768554
2.7157851
1.8469226
3.5926322
3.0592041
1.8967631
1.9578706
1.2491574
1.0842811
1.8974945
1.3223864
1.6626734
1.3129977
1.8790135
1.4092245
1.4927024
1.6184979
1.8262364
2.0253131
3.0734294
1.4045687
2.6900502
2.1576008
1.8924247
1.2055332
2.3606118
0.6949076
1.1646267
1.3490514
1.3021134
1.5156530
1.7464526
1.6532773
1.6718365
2.1364169
1.9524744
1.7328976
2.1637734
1.9365725
2.0865004
0.9553662
1.2973644
1.2884313
2.2416650
0.7559631
0.9281581
0.9687138
0.9935102
0.6681055
1.3150733
1.6788327
1.0973634
5.6735912
1.0957018
0.7089647
2.0130658
1.0102858
2.1240634
1.8068487
0.9618232
1.5557763
1.9109062
1.8414285
1.9333341
0.9165330
1.1124883
1.4976173
1.2515290
1.7937793
0.8555812
1.6047814
1.3534727
1.6101480
1.1193572
3.0316997
1.2914124
1.4170069
2.6246242
3.7775710
1.7143816
1.0498864
2.0978153
0.4530465
2.3217619
3.9365625
3.0971639
3.7590371
10.8453984
4.5813069
5.2437185
4.0553339
2.1113974
2.4262952
4.1207874
5.2340147
2.1609416
3.2465592
4.6291628
2.1370005
3.8951641
2.3360470
3.8623241
5.4237043
5.8425956
5.3690914
2.2831449
4.7970067
1.4048530
2.8719402
4.2329796
5.3233389
7.0341245
3.9133399
3.0402119
5.8518844
2.0910156
1.2634710
2.2200574
4.2957102
3.2464301
2.7099691
1.2414534
2.7291672
3.0472396
3.3562626
2.0899693
2.9583629
2.1732025
2.1340143
1.4296144
2.1672792
3.0230581
0.9360095
3.1668903
0.6549346
0.7809039
0.4257494
2.8545056
1.3192426
2.0312309
1.4000909
1.0035307
2.0754171
1.4418950
0.6256649
1.5361527
0.7122210
0.5811841
1.0438106
3.0659699
1.0716457
2.3747825
2.2367232
0.8046224
1.2302823
1.1699938
1.9498635
2.6708442
1.6862669
2.4079530
1.4026057
1.1583697
1.6839140
2.2763719
2.1337592
1.4225146
1.4252907
1.1871311
1.3696205
2.3078074
1.3181975
1.3043648
0.9694040
1.4795051
1.1721634
1.0535488
1.3190937
1.1951132
1.9931072
1.7555224
1.0513391
1.4239267
1.5718747
1.8667015
1.0644996
1.3588367
1.3979812
1.1823128
1.5339423
1.5341318
1.4041963
1.1580464
1.3239362
1.3444886
0.8794748
0.9171378
1.3671785
0.6572147
0.7172395
1.1655260
1.3604473
1.0451916
2.5606794
1.4596092
3.5747346
2.5170879
1.8720539
1.3384817
2.3004974
1.6586126
0.7954417
0.7347702
0.8874558
0.6034072
1.2819532
1.7972129
0.9551253
0.8861937
0.4291231
0.8716180
0.4548635
0.9874710
0.9849321
1.5437582
1.4444994
0.4521358
1.0027140
0.8299043
2.4584229
0.6151620
1.8011898
0.9399935
0.5525187
1.4626889
1.4506853
1.9944562
1.1350015
0.9807188
0.8890262
0.9470462
0.5680032
0.9924973
1.1813503
1.3095113
0.6130368
0.7645980
2.3286589
0.7670415
1.4918756
1.6652166
0.7796294
1.0383659
1.1743578
1.7733559
0.3741182
1.2715889
0.7923149
1.7192078
3.1633189
1.6099933
0.7543800
1.5383388
0.6073453
0.5819016
0.4688583
1.4782447
0.5678462
2.1449075
0.7161835
1.0140506
0.5288246
0.6625037
0.6647370
1.0556892
0.8075261
0.5519150
1.6743692
1.8158378
0.5876876
0.6552002
2.4979746
1.3069606
0.8891784
0.5969681
0.6410413
0.6256044
0.6537700
2.9204525
1.0526574
0.8381916
1.8896720
0.3208956
1.1988539
0.5506656
1.3030058
1.3758502
0.4238987
0.6430086
2.8616440
0.5910489
4.2028482
2.2014250
2.4335684
1.3051914
0.5512088
0.7196095
1.5774912
1.5673825
1.8460879
0.8027887
1.2729976
0.5201870
1.1150067
2.6262207
0.4599359
0.6897375
0.4177753
1.7988402
0.9387863
0.7943382
1.9862923
1.0209749
0.7171656
0.8398690
0.7739382
0.9696020
1.1623234
1.4403916
2.1402506
1.1199295
2.4376407
1.7589388
2.6465451
2.2016922
2.3922154
1.0731408
1.4373350
0.8878895
1.2086860
1.1786223
1.1913171
1.0222126
2.1483449
1.0611043
2.5203522
1.5177479
1.1708922
0.7428255
0.9623887
1.1448058
0.5394493
1.6057587
0.7170344
1.2774903
0.8116729
0.7357904
1.1757302
1.3851226
1.1470628
0.7834456
0.9719342
1.3780794
0.5888232
0.7713749
0.4436291
0.6032039
0.4801253
1.0200260
0.3093920
0.3382316
0.5511735
0.6315957
0.6553205
0.6393377
0.9833124
0.7086242
0.6128763
0.7669619
0.8451894
0.8042649
0.8420651
0.7947602
0.7079551
0.5388826
1.0816644
0.7194796
0.8264476
0.7255581
0.7722183
0.9393221
0.7916134
0.7190152
0.6422819
0.8687763
0.5763722
0.8286325
0.9559679
0.6353191
0.4025317
0.6837611
2.3454789
0.8929549
1.9661282
0.8457833
1.0347189
0.9135354
1.0779266
0.8647455
1.7843859
1.3241721
1.1851114
0.8260979
2.3390532
0.8708507
2.7742786
1.1153604
0.9475541
1.3100656
1.7647186
2.5081480
3.4690364
2.3591151
1.6138193
2.4957350
2.1266468
1.3838580
0.8612244
2.0011070
0.9434910
1.8806369
2.5433766
2.0678672
1.6188966
1.4103615
1.5405311
1.9946629
1.2157333
3.3188901
1.1257249
0.8575927
1.0037484
1.7142764
0.8314411
1.5322675
2.0572257
0.9718743
3.6781059
3.1794735
2.8229841
1.5903337
1.4275514
1.9451526
2.4713394
1.2869515
0.7087607
1.0935830
0.8588025
2.0720852
0.7648690
3.2369735
1.8345312
1.7232685
1.1115130
0.5706370
1.7495921
0.6693434
1.1612018
2.1298650
1.1788245
1.4410040
1.0117752
1.1485857
2.0098338
1.7178239
1.2029765
1.3971138
1.7700580
1.6863898
2.7512092
1.5270750
1.4746157
0.8071714
1.4044500
1.0476757
2.3860840
1.0205961
1.1606009
1.6413385
1.3271203
1.4071065
1.1978726
1.2816720
1.3660322
1.2642120
1.0570539
0.8719652
1.2242572
0.9550691
1.1270996
1.3286888
1.4350976
1.6869410
1.5236490
1.2585810
1.5469923
1.0522297
1.3357829
1.0926128
1.2560168
1.1677610
1.5543287
1.4925253
1.6228605
1.4221581
1.4457647
1.3692115
1.0566238
1.5300847
2.1446925
1.3633440
0.9677522
1.9777471
1.5806793
2.0836064
1.5065353
1.4709013
1.6891864
1.2746929
1.5119541
1.5296550
0.7987165
1.2135828
1.0373920
1.0244146
1.2666349
1.3088302
1.4040375
0.9337239
1.3460233
1.2458266
1.0914096
1.1351647
0.9308866
1.2951482
1.1329847
0.8531858
0.8691550
1.1935444
0.6586276
0.3927060
0.9763984
0.7318149
0.5535796
0.9219393
1.8504508
1.1575257
1.0152918
0.7390626
0.5827588
0.7060471
0.9345862
0.5519477
0.7788293
0.7331655
0.9631002
0.7206552
0.9148907
0.7210560
1.1404528
0.9160605
1.1056457
0.8460931
0.8718469
1.2766999
0.7979303
0.8910451
1.2957015
1.2163996
1.2363927
1.1418865
1.3689977
1.0710262
1.2902860
0.8288844
0.3328237
0.9021480
0.4848431
0.9814991
0.9344564
0.9883310
0.7765811
1.2291426
0.7306845
0.9272206
0.7818198
0.9184625
0.8441279
1.2812475
0.9180994
0.9063604
0.9964329
0.7195697
0.6828289
0.7780729
0.9670942
0.6641038
0.5168103
0.4468004
0.7532487
1.3529491
0.7312486
1.0728269
0.7449000
0.9965317
0.9201549
0.1573329
0.9108824
0.7642929
1.7154337
0.9728597
0.9431666
1.0752456
0.7895551
0.5136344
0.5663485
1.1195132
0.8397127
0.7151976
0.7733751
0.8655512
0.9253480
0.5343249
0.8371463
1.1009203
1.1814091
1.1049207
1.0921956
1.0509112
0.9027634
0.7619066
0.8004736
1.2448654
0.7580799
0.7091636
0.7128578
0.8214437
1.1593564
0.8143652
1.0814076
1.4790982
1.5886227
0.9780863
1.2372200
0.9219000
0.8450791
1.5731180
0.9642762
1.2606774
1.4084339
1.0939129
0.9533574
0.9845282
0.8990724
1.1076891
1.2552534
1.4529373
1.2403354
1.1678422
1.1398994
1.2014306
1.1366973
0.7131097
0.7642768
0.7772282
0.7886783
0.5902883
0.7831871
0.5411686
0.6958854
0.6408966
0.6131747
1.1088833
0.9230981
1.3023205
0.9680454
1.3169363
1.4387591
1.2867346
1.2318786
1.1183261
1.0909090
1.4026636
0.9339813
1.3646657
1.4114931
1.3992508
1.3935969
1.0887887
1.3262978
1.1774432
1.2907495
1.3193702
0.9518245
0.8345777
1.3390068
0.7055127
1.2290036
0.9110983
1.0699781
0.8438700
1.0580982
1.1772875
1.0192047
1.0106358
0.8897056
0.5829800
0.9996669
0.9269516
0.5987314
1.0334232
0.7504559
0.8414020
1.0766039
0.9542966
1.2645558
0.9169747
0.8313036
1.5218488
1.1589422
1.4379641
1.3598471
0.6878408
1.4314685
1.4009238
0.8185716
1.4653298
1.5081653
1.2319527
1.1538944
1.5577059
1.4570377
1.9887151
2.3396424
2.8269443
1.8229169
2.0504256
1.9510729
1.5265514
1.5513060
0.6469443
0.9804022
2.8952325
0.9359073
0.9351343
0.7615934
2.1593762
1.2918453
10.0723615
1.3997643
1.2983762
1.6307482
1.4274277
1.8198030
0.8366922
0.9364366
0.4826140
0.7072209
0.6780409
0.3221773
0.2650594
1.6208615
0.5043274
1.9704707
0.9080053
2.5628264
0.9662163
1.1856618
2.9705762
2.5460451
3.7770917
3.7383537
3.2746237
2.3721094
1.4391543
3.2517362
2.3062382
1.3087414
3.7501574
2.8532833
2.7619085
4.3472194
1.5037080
2.4398050
2.3401953
4.2406294
1.8999024
3.4854135
2.3513365
2.5989262
1.3023884
2.6944469
2.2576844
3.1504117
1.4707025
2.0367473
2.0696377
3.4849289
2.0763296
1.7012701
2.0556086
1.3724743
1.7408959
0.7833164
0.9555118
1.1674058
1.1984729
0.4679188
1.4586930
1.0113455
2.0119101
1.4335972
1.8376061
1.0843386
1.9956016
0.0579037
0.9868135
0.7631388
0.3257954
0.9265128
1.1444460
0.8960134
0.7126768
0.7520790
0.5193217
0.5247414
0.4757000
0.2810512
0.4492576
1.0137879
1.1020845
0.6458775
0.7603455
0.5403698
0.3315827
1.1220740
1.0675568
0.8086240
1.2947375
1.0227330
1.1646317
1.2839804
1.0965024
1.2955679
1.3007170
1.2940918
0.8833632
1.6561155
1.0082038
0.7724833
1.1411840
1.7369635
1.1272669
1.1331249
1.1726650
1.1118314
0.9827932
1.0923588
0.7292797
1.2316256
1.0621016
0.7734109
1.2831527
0.8948235
0.4794008
0.6684475
0.5478070
0.8874135
1.0888939
1.1566512
0.8537479
0.5955181
0.6604538
0.6443771
0.9821663
0.9373642
0.9003677
1.3356077
1.2636178
1.4816070
0.8478296
0.4562050
0.5679310
1.6098167
1.8778638
1.9835927
1.7798672
1.3081547
0.7010942
0.5427732
0.3126026
0.4738587
0.5835796
0.7228071
0.5799654
0.5973027
0.7140222
1.0871266
1.0131666
0.8992338
0.8058479
1.1234432
1.2226738
0.8203724
0.7323993
0.9236355
0.6689888
0.2957415
0.9885157
0.8911347
0.5943515
0.7568083
0.8547262
0.8087597
0.7610585
1.0293044
1.0737485
1.0692195
1.0104896
0.7927557
0.8294584
0.5240722
0.5846393
0.9965108
1.2511702
0.8861170
1.0764908
1.0133195
1.0630875
1.0928538
1.0708226
0.8848112
1.2069969
0.9857292
0.8880308
1.0176240
1.2338987
1.4338581
1.0423176
1.0165250
1.3276425
1.2156992
1.2059595
1.0928040
1.0886928
1.4479631
1.1976295
1.4936400
1.4335422
1.3457774
1.4850059
1.5578659
1.6316463
1.0525527
1.4038863
1.2694140
1.3540463
0.9069069
1.2861635
1.1255698
1.3271624
1.2563482
1.1055773
1.0242352
1.2141916
1.0784525
1.1579307
1.4799468
1.4834153
1.5708100
1.3561416
1.5379613
1.5387540
1.3735730
1.5597026
1.6468602
1.6083947
1.5253644
1.3379204
1.5271404
1.8510164
1.9257913
1.5980598
1.4606609
1.2734768
1.0013611
1.2882435
0.9314352
1.2527621
1.3930211
1.2184193
1.1317921
0.8504997
1.1068363
0.9971981
0.9195132
1.0783924
0.7398253
0.9387781
1.0890504
1.2624261
1.6500544
1.5914367
1.2155002
1.5353833
1.3829644
1.1985808
1.4350400
1.2283142
1.0790938
1.3720598
0.9729839
1.0646560
0.9299699
1.4026399
1.0001046
0.4946900
0.6256978
1.0970483
0.7247284
0.6640152
0.8502336
0.9756365
0.6500339
0.5333166
0.5873514
0.6946212
0.4363938
0.9906800
1.1043218
1.0806843
0.5337642
0.3273873
0.4655697
0.2830144
0.7345161
0.6995881
0.4199390
0.4825637
0.7587693
0.6372700
1.1207217
0.5999539
0.6364069
0.9986033
1.0225772
0.7734781
0.5366040
0.7777857
0.3165517
0.8614905
0.7956328
0.3401536
0.5547059
0.6053327
1.0629160
1.2616702
1.5927985
0.8935152
0.9411782
0.8959806
1.0803929
0.5604953
0.5857691
1.5452277
1.0492151
1.6923126
1.0078294
1.4670459
1.3292100
0.9005431
1.1462212
1.2521419
1.3034202
1.3586060
0.7889815
1.5030169
1.3712635
0.8183099
1.0255561
1.1049311
1.1380038
1.0358719
0.6540716
1.3261239
1.0018911
0.8645506
0.5463201
0.9071912
0.8629805
0.7635558
1.0231015
1.0477216
1.3432179
0.8950783
0.7315946
0.5318474
0.7223282
0.8652784
0.6177538
0.3823404
0.7279246
0.8646567
0.6702873
0.5746268
0.6477292
0.4894955
0.3926830
0.5392036
0.7530542
0.7440902
0.6673574
0.9399787
0.6864079
0.5031335
0.7251124
0.7883822
0.9203770
1.0507628
1.1677925
1.1922294
0.9517485
1.1606028
0.9513313
0.8023931
0.5182282
0.1625125
0.1986243
0.2197101
0.3889442
0.4264571
0.4093937
0.5398861
0.5697012
0.4807210
0.3485516
0.2814751
0.2996112
0.7004115
0.3680859
0.6766179
0.6879160
0.4349453
0.4487128
0.4540784
0.4063443
0.4126784
0.3578699
0.6337860
0.3456587
0.6353181
0.2837644
0.1663391
0.7931939
0.5771458
0.5273934
0.5314642
0.3674757
0.7634216
0.6496512
0.6492182
0.6770246
0.5491013
0.5138215
0.6249795
1.2243574
0.5675143
0.7016838
0.6393777
0.8241740
0.7673611
0.7143721
0.6397361
0.4592749
0.6145797
0.2177665
0.5745352
0.7276806
0.7019777
0.4449676
0.7423944
1.2675410
0.2960820
0.8785718
0.9915195
0.7647536
0.7304407
0.8880231
1.1447658
0.9029601
1.0875312
1.0387300
0.9909214
0.7630807
0.9025951
0.7145753
1.0547325
0.6250283
0.5139573
0.8216752
1.1370793
1.1813463
0.8425463
1.1410264
0.9072779
0.9098583
0.8742069
0.2846812
1.1965293
0.8252376
0.9124976
0.8224251
0.8133145
0.7567501
0.3823775
1.1006462
0.7965774
1.0571498
0.5707302
0.2556941
0.7313555
0.3862874
1.7759774
0.9280872
0.4374769
0.8300118
0.6099865
0.7997457
0.3854641
1.5078716
0.6679781
1.5857498
0.8847524
0.1475608
0.7643987
1.0127123
1.1517824
0.5805083
0.6861921
1.2111523
0.8220611
0.4967880
0.5506163
1.9102750
0.7693687
1.6274083
0.7137646
1.1757651
1.1351593
0.7666875
1.4123573
2.0616397
1.4558672
1.0113921
1.5291098
1.5366283
1.5116488
1.0535314
1.1115229
0.9337705
0.7477242
0.8639707
1.5079721
1.2437372
0.9811549
1.2932319
1.3570200
2.0994096
1.8683201
0.8615284
0.9803371
0.9027110
1.3458020
0.3759125
1.5026999
2.5136862
0.8227342
0.6757921
1.1994418
0.9844828
1.6609306
1.0753795
1.3370398
0.9712928
1.1307777
0.7441090
1.5633684
2.2227962
0.4864318
0.5901937
1.7771953
0.9158771
1.0806983
0.8751027
0.3039782
1.5767263
0.9604367
2.8972713
1.1931449
1.1640657
0.8141688
0.6544326
0.7916557
0.9725761
0.6667948
1.2052836
1.5490405
1.3684163
1.3903869
0.4755959
0.7550803
0.4499186
0.5752527
1.8181235
0.3409581
1.8930840
0.4427803
0.7027717
0.3858342
0.2828760
0.3026875
0.4477454
0.5334421
0.4034098
1.4113130
1.1873934
0.3490467
0.9111281
1.3648677
0.2838070
0.4048828
0.6922709
2.7309410
0.3101427
0.6753746
0.4764796
0.5838710
2.5646188
0.3934373
1.4045269
0.2657658
0.9409424
0.2048997
2.5365802
2.5439505
0.6149910
0.9340868
0.6436397
1.6816340
1.7987668
1.2539737
0.8765814
1.5595517
0.3573351
0.6893825
0.6042999
2.3366134
0.4584439
0.5960823
1.4569201
0.8370437
1.0548891
0.7676719
1.3701266
2.2226396
0.5851091
0.5821165
0.9287403
1.2332981
1.4526003
1.1868619
1.0918737
0.3972363
0.2881594
0.7972009
0.3396193
0.7360438
1.5542746
2.1000165
1.9294221
0.9325225
0.5838493
1.0722341
0.7992146
0.9373007
1.4412888
0.2020423
0.3513233
1.0870873
1.5718563
1.2937837
1.3792907
1.2147033
0.7781899
0.7265177
0.3363809
1.7744833
1.2758729
0.8786119
0.6692530
0.5131590
0.6310598
0.4127078
3.3212644
1.1875616
0.7559670
1.2618278
0.9734376
1.6508829
1.4474445
1.8113524
1.1158152
0.7062476
1.0111529
1.4695417
0.5454828
1.7530027
1.0178433
1.0389163
0.8296297
3.7318075
1.6307905
0.6460904
1.4581149
0.4628554
0.8690710
0.6616482
0.7493640
0.3625703
1.4434568
0.8381229
0.9575566
0.3951403
0.5931665
0.6907353
0.8083232
1.0891978
0.5510100
0.9546343
1.6619531
0.3064789
0.7156930
0.3788289
0.3159908
0.5303576
1.3725707
2.7272335
1.0989967
2.9117677
1.8807429
1.1872304
1.2421672
0.4644137
0.6098578
1.5469726
0.2496110
1.3129013
0.7570197
1.1674924
1.1079546
2.9433197
2.9475001
1.3052167
2.3443351
1.0259638
1.1997714
3.7697311
1.5812350
0.6637353
2.0892196
1.3924118
1.4081180
0.2886215
0.3347451
0.4581753
0.6516128
3.4734800
0.9200801
3.6029657
0.8841679
0.8235337
2.9211288
0.9690042
0.8169414
0.4603400
1.8217102
0.5693195
0.7901021
0.8735573
0.9065042
0.5333128
0.5021303
0.9585328
4.3337408
1.5427210
0.7461756
2.0260322
1.7374835
1.0457007
2.8821845
1.9310543
5.7256083
0.4453740
1.8353965
0.4565452
1.7870622
6.6761024
2.9208555
1.2574967
2.7243435
0.8996863
2.8636087
3.1154935
2.7698352
96.8124292
1.5415815
0.7361812
0.9944094
37.3520598
105.9123359
13.4769777
3.9152969
4.1731020
2.5100213
3.6345240
5.0420876
2.7466526
3.0464544
3.7578152
1.5944545
0.6207186
1.8062052
2.9727562
0.3766296
1.1692763
0.7451591
3.0214344
1.4123452
1.3579994
3.3033636
2.1414582
2.2169010
1.1763492
2.3809935
1.6213613
3.1151297
1.3293176
1.5403144
0.5226833
0.8299904
2.0356288
1.8536906
3.1773694
2.3865990
1.8262690
2.4625410
1.2770926
2.1611417
1.9943572
2.8635783
2.3127959
2.4275440
2.3687832
2.3191505
2.4422156
2.1348703
1.5927094
2.4715244
2.2305418
1.7760390
2.9697846
0.8624754
1.9157840
1.5731650
2.3459737
2.8980387
1.5481979
1.8862238
1.2956816
2.4561407
1.3743881
1.4310848
2.1760319
3.1006337
1.8508642
1.8338743
1.6299290
1.2454674
1.3788520
1.3891112
0.7792537
2.0382649
0.7153429
0.5615793
1.5768199
0.3977954
1.2434342
0.5299020
0.5521804
1.3664155
0.4162114
1.5961293
1.3254658
0.3042945
1.2242732
0.4700053
0.5368282
0.4603099
0.4197365
0.7381050
0.8297410
0.4508202
0.5155628
0.4790522
0.3672586
1.3345607
0.9254924
1.0626104
1.2778908
0.7013822
0.9834860
1.0343559
0.8177720
1.0525855
0.5655260
0.5027291
0.7514571
0.6399997
1.2446304
0.6878933
0.3912946
0.2037686
0.6315176
0.8685653
0.2933388
0.9587910
0.7488684
0.3653412
0.2207901
0.4794425
0.1471486
0.2153015
0.6365527
1.0182602
0.3514542
0.2006277
0.1780683
0.7256949
1.4169263
0.5491276
0.4740357
1.1782292
0.9112596
0.5341231
0.5144120
0.8669553
1.7634424
1.6558229
1.0926321
1.0786603
1.2508887
1.1706971
1.1343654
1.4193729
1.2167709
0.9984828
2.1695568
1.1765832
1.2962089
1.4807970
1.9586672
1.0723960
2.4832402
1.7604341
1.9516401
2.5845818
2.0439730
1.4050315
1.1134984
1.2295665
1.6101963
1.4418761
2.6691088
1.3834136
1.5936195
1.6575329
1.2586132
1.1604999
1.3555636
1.6224868
1.5104978
1.3353383
1.6179783
1.7367873
0.9088155
1.6680019
2.3743857
2.1465383
1.8832536
2.1033868
2.7902383
1.5516331
1.4083306
0.3538564
0.1730770
1.3742582
2.2766446
1.9843887
2.0559667
1.4267527
1.0229907
0.5360591
1.1202486
1.2091395
1.8459709
0.7325031
0.9460497
1.8547401
1.0078441
0.6804742
1.2087945
1.1604691
0.7841291
0.7387600
0.7397454
1.0914806
0.5022420
0.3868830
0.4108336
1.9258552
0.7042116
1.9896788
0.6235198
0.9842770
0.5130802
0.7112441
0.6498938
0.8547314
2.4468884
1.1560255
1.2825473
1.4321209
1.1868083
0.5237545
0.5986525
3.4460013
178.2139368
0.6868176
0.9216365
0.7136878
1.2389921
1.3695504
1.7762439
0.8645984
1.2073531
2.4267804
0.8809423
2.0186618
3.3541271
34.2699048
3.2155087
1.5993908
2.6120636
4.2898813
1.5432923
1.9999100
3.5059017
2.3682737
3.4792432
2.0165494
2.3037731
1.2045297
1.0251421
1.2581143
2.7246042
1.9588434
1.7789970
2.3865032
1.2776743
1.6154346
2.2413054
1.0187932
1.1765568
0.7777421
0.9063116
1.5087811
0.8510209
1.0294719
1.5651457
1.1258438
1.0305066
1.1883326
0.6478694
1.2593674
1.1291827
0.8953749
0.6083267
0.6135854
1.0391813
0.9319080
0.9246764
0.8104599
1.2004002
1.6516303
17.1880204
1.4881359
1.2860453
1.3189353
1.9032486
1.8103530
2.5157443
2.3644783
3.6721206
1.7601178
2.1473156
2.5603413
1.9157498
2.4042398
1.6488009
1.6860578
1.6239489
2.0981318
2.9260681
1.7823617
1.3432106
2.9198375
1.7506557
3.0103973
1.6737126
1.3990279
2.6492501
2.5525843
1.3803097
1.9920220
1.8658280
1.6448429
0.7998732
1.5271697
1.2516707
1.6167818
1.0274881
1.5397040
1.8181208
1.4227978
2.2467013
0.6702905
2.6094574
1.9212244
3.0421472
1.7390882
0.7718673
0.8614165
0.3448431
2.7577962
1.6237761
1.0146654
0.6714914
3.3519669
1.9471717
1.6732468
1.4365071
1.5716312
2.9351988
1.7113828
1.8541251
7.6383143
1.0884045
1.0955619
1.4814689
1.2297160
0.9164134
0.8554304
2.6454837
1.7041616
0.9375401
1.7461346
1.1351147
1.3048338
0.8078859
0.5332557
0.4380860
0.2847935
0.7247885
0.7941751
1.0894403
0.6050070
1.0403343
0.6500040
0.8554272
1.2300676
18.1649209
84.1684851
15.2255417
10.4740966
6.5651390
51.1687621
0.9698366
0.9482437
14.1199541
1.0017574
0.2599310
7.9423593
2.5717984
0.3833152
1.9758282
4.3582986
1.8578422
1.3179479
1.6470430
2.2160976
1.8085901
1.8257314
2.8479523
2.3236195
46.6349648
1.7524355
1.9884429
72.6961393
2.2575326
2.7264305
4.4406287
96.2982314
3.3308034
2.2884234
0.9709607
2.6829671
2.8206713
1.6718781
1.9364973
160.1780374
52.1536885
2.5000097
14.2910419
7.5870304
5.1203995
0.5903189
2.4302039
1.8596998
1.2403661
37.7498276
17.3156196
0.7575303
2.1602361
2.3068225
43.3635508
0.7187202
1.0372761
1.4450219
4.5021205
97.2996714
7.4584218
1.5683299
2.0521174
3.3519984
176.3732831
2.8470794
2.7788389
2.3020009
50.0736370
5.9929384
1.5608365
1.3483410
1.3572865
1.6392611
1.2849024
1.5224859
1.4020108
91.5073333
1.2807240
5.4104311
32.7670565
1.7893659
6.3256548
1.3090143
1.5695692
1.3143921
0.7986751
1.5012770
1.0356361
8.4128956
49.8883142
7.5772563
1.9661087
7.8964153
3.0677465
0.6548789
1.0827985
1.3008057
1.8097052
77.2370166
147.5248955
0.9647472
1.1442862
1.3983727
1.4744702
0.9168672
1.2556515
41.9485730
0.6564449
0.5766555
109.1421260
1.1090473
1.4880524
0.8934613
0.3691556
0.7116782
0.5352921
0.7394859
0.6905020
1.1353300
0.8476128
0.6505983
0.6043046
0.7240787
0.9735078
0.8019764
0.5812917
1.0280958
0.5788674
43.1405035
0.6967219
0.3291195
0.2579145
0.4539015
0.6233829
0.6401960
0.8739585
0.8449509
0.7396499
0.8895946
0.9620487
0.4829553
0.3637907
0.9303078
0.6218587
0.3407920
1.8834636
0.7567815
1.1568680
1.3695760
0.6704582
0.6063505
0.6039273
0.8391375
1.0178386
0.7059102
0.4850369
1.7414799
2.2773474
0.5134191
0.7845506
1.1939189
2.3435780
1.3164673
1.2391299
1.0848668
1.2047859
2.2394474
0.5281202
0.8049838
1.0973268
1.3293659
1.4270545
0.7875953
1.1682641
0.8003897
1.2517439
1.0221700
1.7102174
1.9046932
0.8109282
1.5427070
0.5948929
1.4609912
1.3799604
1.2114082
0.4452347
1.3727040
2.3133953
2.0768065
0.6913398
1.0016462
0.6066166
0.9855079
0.8742851
1.1170360
1.6425385
1.1626392
2.4411259
0.9390815
1.8483347
1.4219440
0.9411984
1.2676527
0.2506908
1.6203561
1.4361666
1.4693708
1.5952997
1.6917803
1.4966829
2.2550563
1.4705646
1.1255440
0.7280614
1.1606868
1.5889339
1.2374005
1.0032327
1.3043447
1.6987960
1.1104516
1.4150666
1.7208135
1.5549096
1.3657369
0.8378603
0.6712048
1.5366783
1.2797138
0.9955299
1.2448798
1.5249730
1.1021946
1.8250221
1.4249829
1.2094983
1.0798686
1.4150853
1.5342097
0.9146394
1.6812947
1.6295654
1.3215697
1.2070686
1.7201458
1.6409871
0.9111434
0.9669450
2.0275125
1.2324605
1.5143037
1.3960025
1.2665785
1.4497314
1.2107701
1.4895222
1.1272076
1.5872419
0.7872494
1.1544121
1.3247240
1.9838042
1.4482098
0.9968362
1.1254886
1.0979376
2.1771079
1.2014638
1.6299881
1.6867938
1.1934252
1.7159012
1.4042991
1.1310814
0.8944937
1.9969779
1.3562215
0.9807682
0.9183573
1.3274735
1.5718066
1.3401938
1.8879673
1.3226678
1.0922765
1.6857560
1.6536035
1.8705468
1.3690908
1.4296841
1.0574328
1.2231090
1.5526123
1.7412109
1.7042185
1.7211349
1.5479402
1.0241155
1.7020310
1.2896639
1.7627926
1.6911854
2.3251589
1.2267969
0.9775682
1.2260259
1.5659798
2.1675620
1.8233888
1.9354806
2.3470415
1.7334712
1.7120330
1.0357530
1.8373470
1.3934814
1.4621841
0.5023495
1.6678082
1.4192372
0.9586298
1.4064304
1.3203267
1.6694288
1.3617319
1.8250334
0.8656595
1.6712756
1.2786586
1.7079536
1.2632556
1.0269265
1.3645936
1.6518980
0.8456864
0.8574375
1.5781393
1.1842911
1.4279463
1.4463998
1.4695608
1.7823127
1.9454633
1.6873334
1.6164347
1.2507841
1.6461721
0.9726932
1.2712939
1.5337682
1.3265721
1.9342222
1.3414217
1.0122475
1.5729782
1.6853239
1.5717311
2.1728490
1.4714376
1.5223392
1.7218386
1.7626631
1.5936673
2.5706760
1.5730657
2.3463919
2.1000072
1.7007863
2.2491639
1.9790872
2.5144394
2.1107657
2.3079234
1.9480452
2.4884744
2.2827551
2.1885048
1.8464582
2.8967651
1.9353426
2.5403640
2.4676231
2.3330691
1.9411196
2.2849860
2.5431173
2.1645854
2.1677748
2.4194494
2.1463568
2.4530460
2.4614635
2.2435179
2.2831149
2.6809913
2.1445105
2.2876636
2.2212957
2.0899085
1.9846199
2.2578709
1.8368129
1.7982348
1.7166893
2.1084065
2.2175217
1.6156998
2.0628238
1.6660412
1.4027822
1.4571868
1.5739697
1.6140766
1.8179972
1.3728351
1.6349953
1.2862469
1.6311400
1.8120443
1.7374245
1.5996299
0.9721198
1.1711458
0.8367938
0.7931838
0.6418600
0.7666307
0.5507072
0.7785307
0.7027657
0.6765900
0.3860997
0.2248422
0.8468450
0.7472791
0.6258761
0.7344948
0.2584379
0.3334594
0.8574000
1.2384525
0.6085466
0.5077454
0.8221647
0.8486233
1.4192099
0.4164737
2.0234755
0.5107431
0.6426125
0.9545750
0.9307621
0.8151320
1.8557002
1.8019870
1.1007778
1.4059391
1.4999264
2.0876816
1.4871369
1.0850858
1.7163302
1.6316914
0.7764028
1.2699982
0.7910285
1.0429246
0.9993984
1.9018328
1.0042500
1.4916722
1.3623054
1.3888982
0.8178066
0.6321470
1.2606343
0.7586875
0.9413015
0.6729963
0.3983890
1.0296149
1.6069133
1.1860156
0.6571442
0.6773855
0.4058293
0.4982175
0.6212016
0.5936131
0.6339546
0.6655824
0.7386780
0.8419661
0.5945453
0.9479055
0.9798303
0.7739734
1.6079868
1.4145643
1.6831093
1.2360532
1.3582486
1.2130198
1.3306621
1.3921410
1.3070468
1.6073424
1.5801641
1.4336674
1.5145280
1.2851542
1.7172784
1.5355628
1.8052463
1.4642078
1.4524048
1.7114454
1.8220628
1.5038787
1.1542407
1.5072268
1.4438793
1.1103343
1.3842988
1.5478477
1.8456491
1.4812171
1.2425091
1.0034998
1.8953142
1.7480254
1.5056082
1.8348352
1.5143151
1.5320041
1.6329252
1.5656127
1.9302900
1.8059562
1.9907640
1.3261262
1.5999350
1.9256927
1.7090364
2.0309534
1.6841812
2.3437423
2.2150316
2.1159486
2.3255053
2.2914963
2.1441959
2.8244910
2.2234017
2.1398165
1.9127613
2.3714646
1.5232965
1.6310377
1.9405981
1.7996659
1.5379594
1.4455219
2.4328752
1.3148421
1.4518959
1.8812853
1.7230714
1.8304995
1.7160655
1.7528327
1.5444210
1.4010030
1.1900259
1.5686719
1.1289124
1.6160977
1.4917341
0.7777606
1.4285677
1.1799787
1.3916189
1.6157365
1.5931396
0.8509492
1.3175961
1.2193713
1.3107969
0.7715091
1.3098232
0.6687823
0.9560181
0.5648312
1.3025336
0.5012151
0.6313166
0.5744756
0.7132147
0.8727385
0.7866265
0.6333024
0.5459230
0.9755881
0.7566057
0.9690001
0.9620617
0.8058260
0.7949735
104.5232025
13.7927412
0.3688733
0.5214662
0.6748744
0.7531406
0.8848916
0.7559235
0.9902349
1.1060611
1.0102279
0.6509733
1.0404319
0.6099682
0.4454888
0.5869795
0.5976905
0.9596441
1.2311047
1.2712481
1.2372562
1.3108044
0.9829680
1.4591720
1.5774010
1.6197994
1.3287693
1.1841286
1.1627747
0.9952053
1.0740594
1.4686307
1.5318643
1.0986510
1.4093471
1.3665583
1.5532162
1.3274164
1.0745154
0.9264283
1.3199910
1.0640815
1.0909339
0.9533585
1.1421471
1.1409170
0.6650706
0.7407938
0.5903487
0.6765709
0.8490856
0.7316322
0.9426151
0.8753221
0.9211394
1.7816177
1.5206761
1.5068719
1.8350323
1.1315901
1.0226699
0.8875338
0.9226459
1.1981402
0.8833364
1.2500938
0.8558867
0.8894219
0.8090726
0.9379518
0.9277360
1.0480685
1.1440980
1.1799218
0.8185390
0.9397673
1.1639158
1.0415394
1.1940562
1.0999423
1.3277085
1.1013069
0.9023484
1.0367269
1.0500173
1.0018210
0.8887293
1.0421859
1.0216892
1.0603243
0.9177628
0.9793555
1.0029433
1.0877621
1.1651926
1.0491140
1.0943309
1.0981145
0.9333937
1.0313403
0.8561658
1.0729523
1.1674497
1.1170722
1.4937113
1.1851695
1.0546002
0.8902210
0.8721971
1.0173612
1.1156810
1.0746860
1.3061381
0.8720671
1.0783516
1.1181456
1.2923090
1.2088331
1.3465591
1.2038754
1.1533472
0.7539991
1.0600489
1.1976833
1.2683288
1.1864904
0.9301604
0.8822328
1.1643016
1.1042975
1.0903466
0.8475154
0.7217550
0.8770934
0.7067339
0.5861630
0.8316590
0.7859253
0.8167234
0.8230292
0.6621019
0.8475647
0.8291871
0.9010746
0.9112327
0.6995547
0.9697209
0.9565432
1.0668152
1.1392187
0.7544964
0.9796577
0.9030545
1.0752497
1.2400768
1.1886172
1.2234774
1.2923457
1.3480037
1.2208297
1.9528009
1.4026567
1.4830674
1.3236845
1.4374791
1.2749028
0.8967823
1.4523226
1.3412056
1.7522261
1.7580900
2.0941731
1.2893007
1.7147173
2.1071465
2.1566493
1.7491774
1.5811573
2.2084614
2.0091386
1.5798607
1.9438985
1.6743260
1.3921406
1.9684594
2.0928409
1.3352582
1.6251698
1.6327438
1.7434622
1.7442552
1.2531653
1.4241030
1.4864489
1.4270698
1.6719305
1.2294009
1.6910854
1.1588907
1.1201486
1.5280044
1.1988925
1.3708825
1.1947771
1.3955834
1.7127911
0.9470895
1.4306848
1.4178284
1.4844714
1.3620028
1.5992542
1.2193608
1.2247260
1.6084411
1.0971862
1.4485422
1.1047161
1.2076434
1.1035093
0.9361669
1.1986297
1.3004875
1.5690100
0.8557987
0.9571335
1.4237595
1.3160025
1.3501701
1.2920587
1.4017906
1.3967159
1.5316233
1.2410257
1.1723180
1.3140384
1.5078929
1.8028848
1.3353774
1.4109795
1.8576012
1.6844077
1.7161422
1.7597061
1.7630283
1.6745742
1.4948814
2.1217611
2.3843746
1.6569898
1.9178440
2.0605711
1.9604551
1.8644042
2.0359356
1.6476062
1.4761552
1.7782687
1.7984916
1.6110098
1.8166428
1.6468500
1.4194972
1.5003299
1.1008758
1.1681536
1.4180003
1.3946235
1.5927354
1.4649541
1.4465034
1.6619454
1.7959110
1.5283708
3.0861735
1.6818620
1.4994500
1.8146469
2.3441910
1.5221464
1.3275842
1.5266051
1.2986569
1.6366311
1.4463253
1.5057113
1.5531636
1.0888914
1.5147451
1.1203271
1.7640080
1.4169425
1.2708770
1.0998765
0.9604700
1.1365146
1.3261238
0.7554914
3.8349691
1.3453195
2.5099429
1.2611478
0.7808527
0.9158773
0.6772376
1.4130869
2.1975220
3.3465167
1.9525885
1.6555748
1.6153409
1.7002574
2.2088265
2.1562044
1.8342587
2.1918877
2.3083627
2.3033080
1.5464539
1.7942952
1.5025371
2.0423018
1.4677482
1.7223755
0.9633889
1.1908483
1.1814006
1.1688873
1.3318753
1.4515256
1.4840244
1.1527890
1.7113839
1.3133559
0.9378619
1.0141856
1.0058118
1.2087716
0.7600196
0.7008768
0.8422671
0.5630819
0.6689149
0.6959474
0.3775701
0.4246579
0.8151051
0.5333847
0.7065784
0.5115078
0.5863700
0.3868724
0.4954968
0.6043956
0.8659322
1.1952141
0.8836602
1.4378123
0.9257507
1.8923548
1.5240400
1.2493579
0.6167994
1.3981052
1.1838346
1.3280245
1.7054418
2.4550346
0.8625497
0.7198543
0.8317924
1.8373423
0.8932500
0.9456879
1.3396445
0.8260283
1.2947191
1.9806336
1.3588639
1.4254761
1.3340100
1.2801659
1.2082732
1.4730867
1.4128562
1.3951476
1.5565087
1.3524190
1.0778803
1.3203308
1.4242952
1.1902642
1.2080486
0.9246328
1.0879100
1.0249722
1.3530861
0.9065977
0.8290059
0.6535894
1.2519802
1.4671019
1.0891205
1.0339353
0.6321996
0.7742705
0.5788644
0.9050192
1.1647609
0.6592514
0.5365850
1.0347042
0.5826825
0.2884176
1.0080468
0.5609126
0.2012168
0.3922162
0.3485788
0.2478179
0.6340676
1.0291436
0.5810778
0.7208449
0.4949635
0.2045304
0.6925903
0.5361273
0.1887903
0.3797642
0.2057703
0.2328837
0.4576871
0.2464521
0.4007060
0.1896627
0.3760382
0.2824289
0.6356921
0.8418175
1.3487364
0.7389928
0.7898566
0.6034119
0.4572176
0.5081917
0.9570119
1.4006894
1.1054480
1.2058953
0.9850526
1.1590785
1.5140855
1.0096546
0.7177289
1.5293958
1.6673685
1.3305856
1.5485284
1.0197696
1.2952107
1.7420725
0.8704509
1.8378268
2.0569356
2.4003915
1.8033664
1.5608626
0.9547721
2.2415723
2.0995886
2.7550634
2.1986637
2.8274501
2.1287766
2.5150000
2.1239340
0.6781174
2.1677347
1.8670557
1.7322488
1.5883119
2.0847953
1.8490027
1.7304860
1.4170218
2.3491187
2.1117567
2.0683911
1.8561355
1.8975554
1.9554522
1.3387125
2.1528691
1.6998026
1.9249807
2.1214427
2.1703706
1.9667003
1.8707563
2.2374075
2.2937727
1.8906285
2.3448757
2.5809989
2.4769468
1.7778618
2.6817002
2.1347720
2.3234109
2.7769426
2.2609616
1.9830938
1.6707417
2.1963115
1.8069057
1.7219399
1.6380449
2.1747644
2.1412476
2.2181151
2.0242691
2.4474178
1.9434671
2.1606753
2.3838353
1.6903676
1.9573169
2.2735368
1.8109460
1.9135989
1.8910322
2.0105554
1.9507029
1.8351838
1.2417491
1.9432507
1.1608373
1.3479882
1.3904758
1.3887056
2.0891939
1.8016127
1.3313299
1.7483147
1.1256001
1.6708943
1.6903515
1.3588602
1.1139779
1.0994126
0.4576815
1.3039983
0.9037770
1.0743908
1.2177845
1.5503366
1.0404577
1.1030741
1.1642359
0.6230666
1.0164204
1.5764577
0.9382106
1.1818003
0.9982257
1.9724219
1.5977274
1.3670869
1.6178803
1.4113451
2.0740301
1.2158711
1.8986919
1.2221447
2.0052991
1.2248380
1.1768511
1.8391209
1.6124626
1.5048758
0.9466128
1.4507108
1.8797820
1.0543564
1.2953292
1.8226205
1.5862509
1.9938753
1.6937297
2.2156660
2.8448619
2.4925759
1.9478107
2.6729226
1.5961470
1.6707241
1.0487729
1.3172550
0.8287714
0.8227173
0.8186342
0.8586666
0.9637821
0.9818094
1.4410905
0.9039959
0.9584442
0.8249906
0.9359876
1.1297352
1.1330716
0.6754694
1.1803207
1.2114990
1.7736077
0.6850328
0.9364970
1.2136116
1.2666191
1.4964730
0.9901149
0.8303792
1.1993390
1.0206607
0.8685274
0.6522601
0.8958833
0.5844437
0.5389346
1.2234311
0.9350239
1.4626057
0.6562547
2.1070336
1.8618353
1.3354151
2.0765915
0.9286145
0.9810947
0.6487283
1.1748126
1.3989088
0.8204876
0.5318942
0.3286001
0.4319834
0.6550040
0.1270050
0.2806271
0.1459576
0.7466549
0.4299383
1.5364319
0.5483290
0.5045523
0.1859888
0.4127607
1.5619373
0.4618162
0.4120315
0.1865889
1.5585778
0.3961899
0.7369835
1.5745921
0.2504140
0.6166200
1.1579745
0.9693513
1.2794687
0.5893185
1.6623052
0.9400109
0.6233429
3.4303952
2.6511039
0.3471662
0.7864905
1.1910765
4.3179680
4.3774127
1.1278018
2.2057213
4.7144764
4.4031754
4.9850422
1.4138547
1.5348654
1.2952253
2.2446812
3.5588797
2.0188243
0.8958291
1.5565863
1.1785220
4.8859600
1.5835297
2.5333563
2.0475087
4.2395155
0.8228656
3.1455129
1.0889972
6.6110095
0.4497098
5.1810482
2.9851436
1.4769256
1.3397468
1.7778511
2.2906076
1.3451663
3.1263932
0.4708650
2.0877483
0.5860188
0.7129825
2.1601971
0.4339544
4.5145678
3.2371415
3.7204662
2.6068663
2.3169801
0.9563036
2.4117758
1.9445341
1.2236826
0.7620037
2.8206976
0.9279906
4.2389705
1.4516794
3.6699742
1.6829780
3.2525746
2.8442573
4.4986191
3.7450881
5.6837938
3.8938647
0.8479944
2.8850085
5.0492218
4.5054919
5.4974139
1.9206985
3.1701617
1.4668674
1.5758159
1.6268760
1.4423397
1.0360911
2.2055058
1.2105847
1.0578629
2.7452185
3.2012138
1.8796294
0.5408367
2.8065304
2.0837711
3.8187296
0.7162192
1.8947815
2.1577982
2.0422188
1.3511659
1.6756535
1.7570634
2.1147922
0.5578007
2.0331922
0.3948573
0.5405637
0.5468336
1.4097295
1.6543591
1.9923444
2.0281585
1.9868690
1.3243189
1.4326043
2.9241078
1.4682682
0.9431292
1.2164767
1.2012252
1.4083784
0.5111562
0.8199754
0.7811780
1.3850312
1.0616698
0.6687841
0.7182226
0.5245970
0.7602375
0.4466675
0.8912167
0.7214868
0.7999758
1.0013256
0.5046065
0.6333542
0.4287583
0.5361410
0.8325715
0.8682130
0.4026345
0.1944810
0.3256785
0.1040018
0.2097997
0.3835772
0.3565537
0.3446040
0.5090936
0.2974044
1.0115890
0.9258620
0.5793054
0.6341313
0.6441744
0.6462013
0.6772998
0.7373963
0.8261535
0.7461272
0.6332876
0.7356032
0.6053385
0.4687026
0.8520587
0.9841208
0.8703246
1.2506621
1.0602937
0.9329623
0.6227696
0.6063973
0.5404003
0.5038466
0.5900561
0.4856744
0.4367950
0.8013024
0.3726715
0.9375769
0.4766013
0.6553389
0.4746419
0.9760508
0.5568494
0.6387460
0.3572508
0.5680484
0.8973084
0.3373628
0.6188794
0.5052113
0.6606821
0.4997102
0.3078736
1.3070604
0.8708596
0.9968590
1.1507644
0.5583514
1.1648430
0.7580534
0.1407909
0.8423194
0.7078514
1.6923683
1.0297089
0.9178609
0.4099496
1.4244685
0.9387063
0.4442524
1.5630786
1.0640502
0.9759574
1.2523502
1.6281789
0.8254224
0.3913551
1.0910939
1.6018968
1.4320627
1.2974538
1.1886445
1.5267157
1.0046079
1.1048181
1.1316262
0.7188609
0.9366284
1.5046164
0.8891768
0.4124965
0.8191120
0.9414050
0.4327583
0.7658394
0.6042448
0.7869993
0.6344976
0.6114013
0.6770305
0.5885959
0.3972254
0.3333828
0.5206468
0.3395169
0.4396710
0.3767192
0.3101409
0.6099619
0.6112411
0.5211038
0.2762803
0.3007382
0.2080329
0.2322513
0.6259360
0.3535139
0.3587455
0.3099050
0.7228060
0.6155807
0.3084375
0.4929799
0.3861924
0.4733135
0.6929269
0.9412682
0.9630132
0.9531882
0.6391578
0.7338211
0.7263049
1.0146753
0.4545047
0.8158695
0.8192111
0.7211891
0.4531125
0.8139231
0.4278380
0.9042738
2.2122915
0.6793493
0.7248057
0.5262661
0.5095365
1.1010033
0.8089260
0.7209290
1.1975014
0.9067666
0.7848871
1.0213284
0.3792100
0.7898058
0.5792309
0.9053505
0.9590701
1.1383812
0.6298837
1.0762686
0.6919601
0.9402855
0.7703385
0.3183617
0.8423105
0.8513453
0.9454506
0.9009057
0.9628199
1.2253775
0.9689114
0.9594799
0.7828797
0.9185347
1.2792162
0.3486246
1.2244271
0.5686921
0.9502348
0.9206617
0.9985684
0.6215102
0.7307144
0.8228123
0.5143023
0.7920408
0.4174096
0.7626673
1.2494325
0.8517199
1.1788138
0.4345680
0.6615133
0.4551198
0.7534998
0.7107592
0.8451860
0.5922423
0.8526365
0.6356202
0.7030849
0.9223457
0.8534944
1.0535093
1.2273138
0.9025578
0.7295946
0.6820292
1.1722251
1.5323196
1.6276540
1.4109240
1.2444518
1.1801949
0.9967194
1.0561729
1.1643706
1.1909022
1.4108986
1.6256001
1.3747735
1.0865748
1.3918671
1.3397429
1.0991122
1.2585348
1.3325747
1.2275624
1.2587364
1.2841008
1.0542287
1.4011287
1.1726550
1.7453238
1.4816600
1.3949924
1.3085249
1.3719986
1.4194886
1.6247711
1.4717789
1.5627603
1.5799660
1.5530533
1.6530263
1.5165617
1.5904977
1.9242355
2.0683416
1.6341521
1.4834602
2.2822940
1.6740746
1.9364723
2.0602311
1.7010114
1.7755138
1.8986828
1.6546801
1.9056368
2.2646288
1.6731643
1.6925361
1.7179820
1.9233466
1.4581961
1.8367764
1.5386229
1.5055901
1.5028129
1.0959594
1.0520207
1.7690293
1.4191654
1.2371686
1.4377496
1.1580374
1.5378346
1.9373426
1.1315569
2.0147478
2.0676158
2.5417382
2.3115518
1.4939662
2.3248696
1.6185400
1.5799739
1.9730130
1.6445530
2.5142808
1.6613807
2.5460251
2.2766397
1.5987010
1.3336917
1.5594673
2.1110612
2.2453356
1.3919950
2.4822045
1.7712781
1.9673739
3.1043671
1.5801996
2.1612369
1.5185236
1.0843370
0.8381099
0.8343694
1.5062935
2.0492224
0.6467774
0.3949148
1.7241428
0.5929053
0.4713177
1.8247802
1.4174500
1.2549959
1.1328977
1.4222138
0.8435114
0.5357078
0.5385408
1.5260782
1.7950176
0.6446771
1.0762612
2.1194880
1.0584208
1.9451781
1.5019585
1.4503723
0.8798180
0.9434622
0.6610473
1.3817871
0.6075784
0.9788143
1.6183396
0.7378940
0.8479000
1.0567322
1.0641967
0.8558916
1.0111277
1.0275540
1.2252058
1.1441455
1.0617724
1.2563406
1.9081766
3.8231513
0.7784082
0.9461882
1.2862421
0.8070512
0.9490617
1.9536092
0.9274779
1.1478194
0.7935973
0.5178526
1.1340530
0.6385674
1.1582619
0.7380871
0.7775887
0.8329539
1.0754080
0.7775871
0.7824923
1.6915272
0.9277712
0.9831082
1.2890564
0.4268587
2.3658782
2.7048988
1.8292933
5.0668399
1.3958301
2.9350023
0.7492639
0.7487540
0.8418352
0.9903014
1.3968798
1.6983927
4.0872101
0.3786217
0.1641036
1.2656205
2.0301900
0.1433997
2.2956174
1.3448597
1.3070232
2.9026482
1.1761698
0.9206336
2.3857282
0.1027258
2.4185527
0.9076774
3.2525016
1.4566485
1.2761347
2.5904712
2.0824547
1.1074554
1.9185941
1.4684531
1.2897853
0.5200167
1.0796922
0.6577725
1.3276678
0.6225768
4.1266461
0.9957606
3.2637414
3.5754758
0.6830089
1.9937067
1.6349833
2.1536158
3.2053622
1.7587126
2.7197431
2.8884596
4.2935148
1.0598320
0.8649091
2.0171767
0.8055316
3.9694772
2.0103588
0.8354876
2.2856770
0.8090949
1.6063806
2.2340704
1.1065071
1.1843078
2.5409639
1.6479240
2.1702176
0.5824338
1.5876824
1.2806170
1.4504159
2.0674911
0.7097879
0.8035067
2.8087160
1.9944733
1.2072248
0.8318036
0.7741459
0.7725536
2.6358411
1.4344498
0.3204802
0.4382885
1.2834287
0.4222880
0.7992279
0.4306716
0.9121254
0.6525873
0.5510477
1.4423561
0.1610667
0.3940062
1.3799131
1.6657079
0.7835468
0.4342064
0.1830860
0.3214353
1.4782101
1.0205447
1.9116632
1.8911483
2.3951325
1.7031454
2.7444192
2.6885769
2.5097441
2.7866675
2.5527491
2.8356231
3.1316259
3.4723557
3.4824028
3.5243036
3.4290513
3.3564537
3.9327803
4.3077059
4.0556920
4.8860440
4.9729760
5.0414873
4.5996110
4.9664445
5.4145807
5.1971371
5.5757313
5.4722938
5.8599493
5.6953834
5.8566459
5.9631182
5.3208678
5.7173110
5.7114433
5.9894242
5.6563328
5.6494013
6.1619952
5.7985735
5.5918950
5.9434253
5.5880403
5.1490907
5.5448451
5.3884578
5.4417394
5.5356156
5.4420239
5.2551538
6.2397136
4.8736574
5.3042496
4.8147312
5.4750505
4.9887938
5.4563632
5.0153514
5.2422960
5.0499500
4.0665828
4.8463218
4.5723211
4.9974154
4.9671684
4.8245060
4.8185064
4.3518971
4.6398932
4.3813973
4.5295157
4.7392888
4.0217759
3.8337932
3.6646993
3.6078916
3.0330305
3.4572174
3.4200757
3.0871922
3.0715921
2.7917176
3.0937722
2.7418716
2.5511006
2.1848087
2.4080064
2.0969177
2.9015966
2.2179716
2.3798423
1.8766673
2.1450037
1.9671003
1.7996562
1.9618021
1.7196482
1.9190614
1.7279842
1.7127381
1.7790411
1.6518989
1.5824114
1.3578535
1.7131252
1.1291951
1.6252173
1.5216072
1.3076010
1.6732660
1.5447378
2.0359787
1.8680826
1.5428499
1.6851266
1.6234579
1.9406027
1.5731101
1.9086962
1.5759809
1.6988533
1.5232905
1.7414218
1.5748669
1.9200636
2.0190255
1.6899658
1.7188229
1.6644400
1.9784174
1.8644610
1.6175926
1.7573303
1.7601917
1.6123060
1.8932980
1.4624498
1.7129824
1.6449850
1.5429761
1.6695221
1.4920763
1.5599143
1.6444949
1.6093056
1.8571054
1.6182026
1.4648639
1.5652563
1.5106754
1.7428400
1.6358473
1.7791722
1.5313648
1.5624706
1.6051608
1.8596037
1.5290582
1.7649324
1.5780044
1.6757381
1.5195518
1.6309485
1.6183942
1.7990367
2.0160681
1.7145232
1.7332724
1.6605001
1.6743543
1.9393289
1.4405215
1.7058864
1.5895428
1.5215887
1.9270076
1.6155012
1.6909323
1.6131568
1.7225844
1.5007762
1.5978971
1.7341896
1.3798211
1.3337982
1.7326665
1.5908692
1.4595976
1.4684946
1.6851934
1.7232564
1.4907475
1.3704133
1.8219691
1.7409518
1.7027209
1.9080759
1.8006611
1.5036183
1.7384986
1.7305192
1.6502695
1.4126548
1.5506641
1.6163601
1.5995705
2.3144809
1.8158283
