1.8292232
1.6504883
1.7052719
1.5507754
2.4254929
1.3661918
1.7247063
1.2689649
1.5804532
1.6637868
2.0600851
1.1301518
1.3969571
1.4681238
1.7665540
1.8905821
1.3888417
1.4533749
1.6257009
1.3503265
1.5507068
2.2522644
1.3485533
2.3204279
1.6160607
2.4462527
2.0912423
1.6321579
2.2440405
1.6121767
1.4826162
2.0167714
1.7220703
2.0080050
1.2735311
1.7646781
1.9605642
1.6606921
1.5046643
1.6230578
2.0735502
1.4285993
1.6851902
1.5698210
1.4132686
1.7962343
1.4799576
2.0042904
1.9406100
1.6929260
1.8390155
1.9737031
1.5073231
1.7427344
1.4114190
2.0761082
1.2962703
1.7077465
2.2294612
1.9536569
1.7006281
1.7504013
1.5546579
2.1159727
1.9426583
2.0133682
2.1316171
2.5810766
1.8598700
2.1255599
2.7953123
2.4982751
2.2452504
1.8591897
1.8331838
1.5875060
2.2847380
1.3487641
2.7225610
1.8210352
2.1268961
1.8195995
2.5182513
2.1538426
1.8536856
2.1057433
2.2425433
1.6695281
1.9377544
2.0829640
1.9929971
1.8671292
1.5653372
2.3602393
1.5104787
2.4007900
1.9623387
1.6335470
1.8832114
1.5324073
1.6498205
1.7371449
1.4453831
1.4094003
1.7452082
1.9548146
1.8268852
1.6042283
2.0910668
1.9035493
1.6710289
1.7285512
1.5330923
1.6209386
1.6299210
1.6060814
2.1839953
1.4333785
2.0022342
1.8760009
2.2090416
2.0221286
1.3488968
1.7063995
1.7269762
1.7733054
1.3904938
1.4573432
2.2100976
2.0632442
1.8859090
1.5150997
1.3961133
1.5384830
1.5845756
1.8493501
1.4864819
1.7374277
1.8794930
1.3742747
2.1210377
1.6515894
2.2059393
1.7587255
1.8942238
1.7584073
1.5520450
1.8810369
1.7778658
1.6825730
1.6330403
1.6244195
1.9849718
1.8631463
1.8371168
1.8807000
1.9937182
1.6642932
1.8780517
1.5753249
1.8838685
2.0425477
1.6579991
1.9559912
1.9988119
2.2350273
1.7303785
2.1179302
2.1152273
1.8501194
1.9152503
1.7920384
1.8035267
1.7203427
1.7090702
1.8691107
1.4886441
2.2112807
1.8577998
1.8949628
1.4572774
1.8419436
1.5998646
2.3747473
2.2286492
2.0158878
1.3520328
2.3237562
1.8529427
1.2492419
1.9015287
1.9026134
1.6171291
1.5175985
1.8656722
1.9019012
2.3040213
1.9983655
1.6729875
1.7845577
1.8467154
1.7837983
1.6397032
2.2145884
1.8242488
2.0688232
1.5322423
1.6137104
2.0723224
1.3052085
1.9261192
1.8386316
1.8973725
1.7439051
1.9546788
1.6936740
1.6554975
1.7879168
1.9620897
1.8083975
1.9657662
1.8492811
1.9814438
1.8812795
1.5918467
1.9204812
1.5863881
2.1615553
2.0611361
2.1781016
1.3097600
1.7564030
1.7464507
1.7039417
1.9736287
2.0397668
1.7478150
1.8339384
1.5154648
1.5009051
1.3577285
1.5648613
1.8090451
1.7371020
1.7687631
1.9128477
1.7094443
1.9951454
1.9925947
2.0400594
2.1307978
2.2187460
1.6775539
1.7772190
1.4990847
2.5820184
1.5107820
1.9619146
1.3761660
1.4438159
1.4508354
1.9303380
2.1008305
1.9828679
1.6723314
1.9827743
1.9152443
2.0440510
1.7867661
1.4324646
1.7033253
1.8833044
1.5036554
1.7465867
1.7844745
2.0430741
1.4969117
1.5269274
1.9786603
1.8927513
1.7849773
1.9539256
1.7820730
1.6261505
1.6682195
1.9158395
1.8557394
1.7868480
1.3419489
1.7563734
1.9066452
2.2808606
1.4733642
1.8576286
1.8369175
1.3665562
1.5319345
1.9792693
1.8198179
1.7532698
2.1815964
1.2768692
1.8459901
1.3530597
1.6698344
1.8325411
1.5719200
2.0518022
1.6881919
1.8780596
1.7903299
1.7190030
1.7782185
1.4919835
2.0488648
1.5767092
1.6410930
1.6595332
1.8176164
1.8139371
1.4516631
1.4896486
1.5109627
1.7456450
1.4079213
1.9844537
1.6757122
1.5771573
1.6944903
1.2919025
1.4802688
1.5077718
1.7703491
1.6481065
1.6307745
1.8794857
2.1279058
1.9758888
1.8933901
1.6047776
2.0261689
1.5240878
1.9068348
1.7179094
1.7788915
1.6817406
1.6273358
1.4539728
1.9242651
1.4891719
1.3578105
1.4847042
1.8876479
1.7874957
1.6905748
1.7700107
1.6380727
1.6958027
2.2154910
1.6265308
1.4640440
1.9363125
1.9074234
1.8545339
1.4861835
1.9554023
1.5081590
1.6542586
1.8000577
1.8996038
1.5139452
2.0084493
1.7411296
1.7217143
2.1729204
1.6979798
2.0553793
1.3647091
2.2963482
1.3631807
1.8553161
1.3613868
1.8716143
1.4701450
1.4982284
1.6225844
1.6608630
1.7891406
1.7480330
2.0544567
1.5525351
1.4974056
2.0025700
1.6707486
1.4095272
1.6730116
2.0650849
2.1803334
1.6233947
1.3450093
1.7809570
1.4466656
1.7529650
1.8123777
1.9133252
1.8807522
1.8364972
1.7723323
1.6355809
1.5431777
1.6456612
1.4172981
1.6642780
1.8541309
1.7174092
1.8336124
1.9035726
1.3247180
1.7448073
1.7354646
1.6131343
1.5947669
2.3331781
1.7993773
1.7774349
2.0514436
1.6154686
1.6503284
1.9507455
1.7680763
1.4718343
1.3238555
1.7287120
1.7847858
1.7093102
1.9778326
1.6161511
1.6729924
1.7842703
1.8744907
1.5911053
2.0663311
1.9802291
1.7111405
1.7050334
1.4562301
1.5050561
1.9646221
1.8044560
1.5558462
1.7289460
1.5767232
2.1080285
1.3207846
1.9621063
1.5634953
1.4298504
1.7180854
1.5655441
1.6137247
1.7109508
1.7038645
1.5463563
1.4030395
1.6208685
1.6222949
1.5416086
1.9883490
1.5195469
2.3607370
1.4997459
1.4069447
1.6421901
1.8650709
1.4238948
1.8786973
1.3117706
1.3222292
3.0651206
1.4655937
1.9252491
1.3995092
1.6499182
1.5432677
1.4404004
2.0695941
1.3997249
1.4988323
1.5822525
2.0458063
2.0007952
1.8357350
1.4387672
2.4064829
1.9519181
1.9739692
1.6120750
1.9915169
1.7646564
2.3135811
1.6362327
1.7387386
1.3474101
1.4125942
1.4054533
2.0919625
2.2467451
1.5521387
2.1388581
1.8220426
1.5898101
1.5855476
1.6933074
1.8985445
1.9882489
1.9149050
1.4057152
1.6986815
2.2238808
1.7287357
2.1109313
1.7338978
1.5427243
1.5955027
1.8504351
2.0698995
1.6297835
1.8311600
1.7152427
2.1496646
2.0926601
1.6091376
1.9363031
1.8658004
2.1710487
1.5526684
2.1010402
2.0539643
1.7021242
1.4626715
2.3924516
2.1555465
1.9768997
1.7259736
2.2197026
1.6926263
2.4499195
1.8892742
1.6524370
1.5156861
1.5197105
2.1122375
1.5203682
1.8800812
2.6333808
1.8146083
2.7449355
2.4623276
1.8737892
2.1571266
2.4782641
1.7209778
1.8229408
1.9293084
1.8216370
1.7692942
1.6341896
2.0536616
1.5631147
1.6267281
1.5994839
1.3217431
1.5450129
1.6573787
1.5608209
1.8856760
2.0073833
1.9300575
1.7379320
2.0719661
1.3069259
1.7364375
1.8399291
1.6396462
1.4115057
1.5764941
2.1718938
1.8865009
1.4166428
2.0908013
1.9108231
2.1172690
1.9123064
1.9923070
1.7303436
2.0766714
1.5330985
2.3933297
1.5041909
2.0460351
1.8631380
1.8308915
2.2400914
1.3376452
1.6484401
1.6881437
1.9182045
1.4324943
1.8499347
1.6796248
2.4957069
1.4162285
1.5436595
1.8486383
2.0192252
2.0510464
1.7394102
1.4960946
1.2427626
1.5406230
1.6689303
1.7478492
2.2226398
1.8459632
1.9108321
1.8269673
1.9445446
2.1186300
1.3909528
2.5882363
2.0013998
2.3160244
1.7991572
1.7837404
1.7643981
1.6069802
1.8547995
2.0789978
1.9702752
2.4447408
1.9894817
2.0876718
1.8301204
2.4141566
2.4303965
2.7978876
2.3512229
1.7578566
2.4810512
2.6716965
2.0537237
1.5595643
1.7649518
2.0492151
1.7743932
1.9868734
1.8963079
1.4941234
2.0506327
1.7935265
1.7919939
2.0203314
2.0451119
1.7240063
2.0861693
1.6401821
1.9448728
2.0159832
2.0425805
1.9466542
2.1511568
2.2231488
1.9585307
2.2488085
2.0135209
2.0836631
2.2573967
2.0458970
2.1702136
1.9681081
1.8519585
2.0869538
2.2569451
2.3883818
2.4137889
2.4051980
2.2121376
2.3630562
2.1846373
2.1740002
2.1077281
2.2934740
2.3976498
2.3257218
2.2555698
2.2789832
2.3383832
2.3057476
2.4446845
2.2671450
1.9150971
2.0731822
2.1402474
2.6593058
1.9261101
2.0594778
1.9974644
2.1158083
1.9823637
1.9549203
2.0395281
2.8017694
2.2652820
1.8645329
1.6877705
1.8946182
1.9221438
1.7836838
1.7114438
1.6878712
1.7598579
1.6655131
1.6465038
1.3504850
1.5255656
1.7859941
1.9395816
1.4675472
1.4459796
1.9979325
1.4252487
1.2291684
1.4811491
1.5761817
1.7800140
1.8114034
1.5735789
1.6710377
1.8355600
1.4440911
1.5292781
1.7229037
1.4249330
2.0219372
1.5301402
1.3171880
1.4750831
1.4198613
1.4542803
1.4356394
1.2535665
1.5366549
1.3773247
1.4660964
2.6688798
1.7272846
1.3193530
2.0388393
1.3265076
1.3674271
1.4654534
1.2210470
1.0636608
1.3200705
1.4422279
1.5129792
1.2037356
1.2050608
1.2479910
1.3673485
1.4940129
1.5134909
1.6701366
1.6697623
1.5747525
1.4989524
1.2801759
1.9363997
1.3955897
1.4173199
1.2236461
1.1212340
1.2494363
1.2413638
1.6283951
1.3895770
1.2735022
1.2619761
1.1721840
1.2540699
1.1986258
1.4493894
1.3361766
1.5951034
1.6331338
1.2519462
0.9614192
1.7347424
1.0190103
1.1866932
1.2937970
1.1758156
0.9941354
1.2852200
1.2875755
1.1905472
1.2441757
1.3621725
1.0712218
1.1918860
1.3680014
0.9019096
1.3296583
1.2058701
1.0576310
1.5103963
1.8232997
1.0448324
1.4016559
1.6229418
1.2362492
1.1761152
1.0873193
1.3943320
1.1168733
1.1127863
1.0830182
1.0757259
1.0220138
1.2859353
1.0759324
1.1086288
1.0103758
1.4125575
1.2479380
1.0725511
0.8769075
1.0411288
0.9047152
1.1096997
1.0869905
1.0432643
1.3107553
1.1660860
1.1040655
1.0630999
1.1875177
1.0950258
1.1728073
1.0162263
1.0404148
1.0715685
1.3645179
0.9815800
1.1988212
1.1878202
1.1951663
1.1343504
0.9835331
1.0926260
1.0794032
1.2239512
1.0556274
0.9999374
0.9634415
0.9313961
1.0454109
1.3668469
1.0730974
1.1622847
1.1445935
1.0437763
1.1858164
1.0012687
1.0367967
1.0711269
1.2167571
1.0222735
1.1855808
1.1901428
1.1670901
1.0784380
1.4949228
0.9934432
1.0726618
1.0560223
1.0655465
1.2371244
1.0604588
1.2115510
1.2493727
1.1291641
1.2174719
1.0616307
1.0239327
1.0884774
1.2281884
1.2881467
1.2107527
1.2740299
1.4978177
1.2681649
1.1569349
1.0442610
1.0201133
1.1452755
1.3109527
1.2290116
1.8109041
1.2507671
1.8328093
1.0882718
2.0932581
1.8629671
1.1283555
2.5981885
1.3669321
1.3586060
1.3923929
1.2003042
2.7328603
1.4296840
1.5377010
1.8228655
1.4558152
1.8326845
1.4061692
1.6241703
1.7213746
1.9661484
1.5213109
1.2303350
1.3427644
1.4121702
1.4069889
1.5412958
1.3676289
1.1475703
1.3029720
1.6447726
1.1540215
0.9539800
1.8092426
1.2867054
1.3808662
1.2914773
1.5098872
1.5895520
1.4283918
1.4798043
1.2776692
1.3077511
1.4665557
1.2033406
1.3671239
1.3679602
1.2878940
1.5403591
1.4284008
1.3408449
1.1450098
1.1812544
1.1226194
1.5703615
1.2696073
1.6439873
1.3264921
1.3285805
1.2704897
1.3245546
1.0120203
1.3379759
1.2523854
1.4005490
1.3183639
1.2918364
1.2304580
1.3813476
1.7245216
1.9028476
1.5987111
1.1271634
1.3317120
1.1535911
1.2137998
1.2452082
1.2015846
1.4904574
1.0682630
1.2328474
1.4651831
1.3431620
1.5173882
1.5026673
1.2594739
1.4325745
1.3304098
1.4582896
1.2569450
1.4423189
1.3140670
1.3891032
1.4436710
1.8375964
1.4461155
1.3155179
1.5346770
1.5628434
1.4759460
1.6192232
1.7175125
1.5631518
1.6305186
1.7339530
2.0634554
1.8535257
2.0851328
1.8335856
1.7127551
2.0282896
2.0882851
2.0883347
2.0982651
2.0244481
1.6928284
2.0788387
2.0365876
2.0669697
2.0864875
2.2268954
2.1230987
2.4454946
2.3067577
2.2816424
2.0978122
2.1889395
2.3365494
2.1519318
1.9960434
1.9289780
2.0498755
2.1072794
1.8239453
1.8255780
1.7280718
1.8002369
2.2003787
1.7860498
1.9316893
1.8490396
1.7115724
1.6927029
1.8503138
1.5243403
1.8395843
1.4916362
1.8250013
1.4088522
1.7366303
1.5432528
1.6244551
1.3944159
1.6777528
1.4773610
1.6585717
1.7017594
1.3075770
1.6360775
1.6045240
1.4463456
1.5653117
1.5081429
1.5700832
1.5197813
1.6753392
1.5311156
2.0359043
1.6918136
1.1729454
0.9789874
1.0602484
1.2992480
1.1587374
1.0737289
1.2988351
0.9671933
1.3914451
1.1664754
1.0202317
0.8565368
0.9689523
1.2399355
1.3194933
0.9388791
1.1236544
0.8953742
0.9069845
0.6970695
1.1013908
0.7794002
0.8346811
1.1174150
1.0773404
1.0147001
0.8490041
0.5835350
0.9739380
0.8771285
0.7672950
0.7950430
1.2763334
0.6168980
1.5241064
0.7030982
0.7501463
0.9170321
1.1569101
1.0931267
0.7101148
1.0369287
0.5926233
1.0073033
0.6804160
0.7019690
0.9614587
0.8751476
1.3380237
0.8096666
0.8981539
0.7825287
0.3704860
0.7368386
0.9297087
1.1583026
0.8916486
1.2097138
0.8311693
1.1103642
0.6970269
0.8080169
0.8828341
1.2073087
0.9006718
1.3654257
1.0618712
1.3823806
1.1981094
0.8615232
1.2105586
1.2371614
1.3373362
1.9105802
1.9074466
1.6591409
1.8771051
1.9374805
1.4936068
1.9211410
1.6842092
1.4966079
2.2849049
2.1296798
1.9735270
2.0349568
1.7488814
2.2081121
1.9202372
2.0715007
2.7106052
2.0192682
2.3812978
1.6112850
2.3849392
2.3796909
1.9349724
1.9649742
2.6894560
2.1380835
1.7442353
1.6670857
1.8295892
2.6813651
1.6180405
1.9173213
2.2442993
2.7757405
1.2053407
2.4746417
2.0491361
2.5103188
2.0589937
2.8558952
1.8383159
2.8428161
2.6005301
1.5799669
1.5687871
1.3411918
1.0657120
1.6855570
1.5096758
1.5792075
2.0502690
2.1450427
2.5235144
1.4495764
2.3430596
1.6117854
2.2609943
1.5853222
2.0412513
1.6924809
1.7210327
2.4105522
2.1745426
1.6141040
2.6581215
2.3969506
2.8342333
2.6672261
2.5372694
1.9328305
1.7695115
1.6047473
1.1270403
1.8829350
2.3660510
2.7059286
2.0699708
2.3063868
2.6698672
2.8047593
2.2963603
2.1865705
1.5049296
2.5061107
1.7422020
2.2936721
3.3786344
4.4238736
3.4667080
4.5080668
2.6587778
3.5459624
3.7841268
3.0146253
2.7752353
2.3347423
2.4743860
3.2537253
2.2292444
1.1496300
0.6049816
2.1661870
3.0098518
3.0475844
1.6741320
2.9326266
2.5676808
1.7631605
1.1235381
3.0057584
2.7510894
1.9795534
3.3247874
1.9087682
4.0268158
2.0557771
2.1668155
2.9588794
2.0409810
1.4811574
1.6665803
1.9743596
1.1576808
2.3203683
1.8512676
1.2525862
1.7377550
1.5370515
2.2777654
1.9072746
1.5720163
1.9386339
1.9985623
1.8669522
1.8218305
1.3289555
1.5710152
1.6118684
1.7777447
2.0782521
2.0983905
1.6677879
1.1764633
1.3954063
1.5668547
1.7955602
1.3601782
2.2859881
2.1405778
2.0734731
1.2172716
1.5492703
1.6552303
1.9378695
2.0535225
1.9127530
1.8267963
2.2890418
1.6732528
2.2435146
2.3899413
2.0957443
2.0633294
2.0168933
2.2083706
2.8897949
2.7564696
1.9817906
2.1254249
2.1489288
2.1101733
2.2678993
2.4005007
2.1206885
2.2019314
1.6509700
1.9256274
1.5684015
2.3423310
2.2694954
2.4587850
2.0042494
1.8293672
2.0000975
2.3397663
1.6754205
1.4280872
1.8224495
2.1988093
1.8930309
1.5249020
1.8245451
1.9562293
2.3686159
1.7516461
1.5087526
1.8870091
2.3074138
2.2655236
2.5252783
2.2667460
2.2149454
2.1954997
1.8535068
2.1066405
1.5434374
2.1864279
1.7088780
2.1377948
1.9183048
2.3962714
2.6842195
2.1340422
1.3526042
1.4759256
1.6060057
1.2832505
1.6868023
2.0105785
1.6402377
1.6478224
1.9874224
1.9123636
1.9554366
2.0101006
2.0974765
2.1203540
1.4094796
1.5565934
1.1487367
1.5301944
1.1798382
1.9908151
1.3393054
2.0082636
1.6910866
2.1041578
2.1832894
1.6383918
1.8413372
2.1889652
1.7525751
2.0276600
1.6570392
1.3580960
1.6205038
1.7054672
1.8202218
1.4509077
1.5344383
1.7174696
1.3780637
2.6881301
2.4597556
2.5156899
2.3139167
1.8156446
1.8273011
1.7731367
1.9911215
1.6067141
1.8835269
1.8197888
1.4089767
1.8253532
3.0275256
1.9716814
1.9443860
1.6547693
1.7560465
2.8052968
2.4108473
1.9840754
1.5037915
1.6380747
1.5925991
1.4507897
1.3557414
0.9862336
1.3932123
1.1417449
1.9861576
1.7421494
1.9036827
1.5224209
2.0046851
1.3084285
2.2986385
1.8390324
1.9356836
2.3234222
1.7013628
2.0547031
1.4250466
2.0457833
2.3507762
2.1363382
2.2154383
2.1936242
2.1614766
2.1201629
1.7047469
2.4903643
1.7195045
1.8639628
2.7545082
2.1865873
1.9784411
1.8532548
1.9167634
1.8695099
1.6216392
2.5434046
2.0384033
1.9791821
1.8916938
1.4784475
1.8793616
2.0597637
1.7814683
3.0294084
2.1462971
2.2762734
1.9336166
1.6345631
2.6492724
2.1556284
1.3953891
1.4474765
1.6901507
1.8852510
1.5497528
2.0746046
2.4622215
2.5599201
1.3711195
1.7268127
2.0225338
2.1791233
2.3069851
1.9897453
1.6165105
1.4805474
1.5357359
1.7651888
2.7766121
2.4445613
1.5800081
1.6267473
1.4791589
3.1107087
1.2619286
2.1082116
1.7717406
1.7764023
2.3166188
2.3346332
2.0707859
2.3945394
2.8635524
3.6321082
1.8002944
1.7966967
2.8051191
3.3237857
2.4161536
1.1551810
1.4423163
2.5744473
2.6116691
1.6872475
2.2004092
2.2333089
1.9586637
1.6150618
2.1498043
1.6716305
1.3873820
2.2570152
2.4741939
1.5602486
2.9374444
2.3850295
1.4939362
2.0195533
1.4482860
1.6704029
1.6118744
2.7825424
1.7157805
2.1315947
1.7953637
1.9304883
1.5676019
1.7028606
1.7994771
2.2653915
2.5385104
1.8531832
1.7463429
1.9602901
1.7174512
2.1916246
1.5761571
2.2508127
2.6421247
2.0354592
2.2494664
1.6854624
2.2289290
2.8193766
2.5673915
2.7975726
2.9908543
2.3611107
1.8072051
2.9136633
2.5079626
2.8630486
4.1994657
2.1820608
1.1610654
3.3419888
3.8889294
1.3599047
2.6779757
2.3432593
2.7557106
2.3312137
2.5303015
1.2520913
1.2562467
1.4474445
1.5456762
1.3648366
1.5503061
1.3629441
1.7017687
1.7105855
2.1943256
1.9322754
1.2396129
2.0322457
0.9606464
1.1309101
1.2998361
0.7436098
1.0746117
0.8128718
1.1099661
1.2687371
1.8878736
0.9138771
2.5994742
1.8443844
1.8716541
0.9017553
1.1502633
1.6461891
2.6040581
2.0092111
1.3664292
1.7938273
1.2972458
1.7442784
1.7606291
1.2096652
1.3201285
1.5448126
3.1383735
1.9573833
2.3393445
1.9244602
1.9510454
1.1735391
2.0509791
0.8463365
0.9846244
1.3445790
0.9331009
0.6593754
0.9563404
0.7796846
1.1033786
0.9275375
0.6931303
0.7773686
0.9201010
1.5287806
0.8578654
0.6733630
0.8334988
0.5710708
1.3852598
2.8551333
2.1571638
0.9125131
0.7956612
1.8022959
0.8605769
0.9897378
0.7553929
1.6145462
1.4547893
0.7418797
2.1090173
1.8474451
1.3517252
1.9227678
1.0978620
1.3643613
1.6255916
2.2219251
3.5973905
1.1856841
1.9941904
1.6067088
1.5563094
1.0257328
0.7638399
0.6874784
0.9829306
2.4808393
1.2555007
0.6433654
0.7852403
1.4519150
2.8375233
0.8408557
1.4386520
1.7611423
1.1413246
1.2560713
0.8377743
0.5969515
1.0234047
1.0342843
0.7440362
1.0057812
1.1978750
1.6900024
1.4508578
0.8467838
0.5018922
0.3822357
0.3793274
0.9996544
0.6847256
1.8487987
1.6649401
0.8027914
0.8586793
1.0880075
0.5722031
0.8198472
0.9982519
1.3267960
0.9400509
0.7764130
0.7338152
0.8778819
0.7754699
1.2465682
0.7968869
1.1471678
1.0582724
1.0928161
0.8004327
1.5470044
1.0952622
1.3324524
0.9518270
0.6326307
1.2191549
1.1110472
0.7773597
1.3442466
1.1472216
0.8196701
1.3640850
0.9128801
1.1419070
1.5795169
0.9364962
1.4546024
0.9077154
1.4041537
1.1007871
0.8338505
0.9271040
1.0855858
1.3334078
0.6867790
2.0600411
1.3906056
1.5804082
1.3911261
1.0360028
0.9421335
1.5211640
1.7140106
1.6799821
1.6148681
1.3459933
1.9149823
1.2412040
1.4785658
1.6204224
1.5993215
2.2679580
1.6930965
1.2418622
2.2033303
1.7068324
1.5161464
1.5575041
1.6705853
1.9591399
1.4280022
1.9118623
1.7265875
1.7718216
1.5516678
1.4570539
1.1290676
1.8746782
1.5369601
1.6100247
1.7899070
1.9216616
1.5755054
1.7403499
2.1131692
1.9306333
1.8695315
1.8048009
1.1790168
1.6768146
1.7739848
2.0886893
1.7276195
2.0467371
1.4785058
1.5696883
1.8924286
1.8841685
2.0768281
1.9405768
1.9992417
1.3603036
1.9709328
1.9521078
1.5684201
1.7551163
1.6633718
1.8214796
2.3038965
1.8768755
1.7763643
2.1295261
2.2249815
2.0091064
1.9841400
1.9488187
1.9262383
1.9879897
1.8025150
1.8242430
1.9687611
1.8795955
2.2628374
1.8909762
1.7872512
1.9617485
1.8120276
1.9179199
2.4056634
2.3704128
1.8697506
2.0889834
1.9671571
2.6300929
2.0962130
2.0859040
2.1016105
1.8260628
1.6005862
1.5971078
2.0639790
2.0193627
1.8006804
1.7675536
2.0374210
1.7353724
1.9634985
1.8343282
1.5879046
2.0479754
2.1372475
2.1534499
2.1526684
1.8736626
2.1020703
1.9552957
1.6768207
2.1033859
2.0666817
2.2860623
2.0391198
2.0361538
1.8886784
2.0112400
2.1217860
2.0284998
2.1097580
2.0726375
1.8577122
2.2238294
2.3062623
1.5139291
1.5601400
2.1800487
2.3045361
2.3871716
1.9232792
2.0513599
2.0999879
2.0021117
1.7232215
1.8962597
1.9482337
1.8884397
1.9132087
1.6606604
1.9849663
1.7771642
1.8392102
1.4991895
1.5740030
1.5131088
1.9348435
1.9754352
1.5592275
1.6497813
1.8151553
1.3189221
1.5385030
2.1223858
2.2265887
1.3801811
1.8688687
2.0061082
1.5559917
1.7586804
1.6231394
1.8856774
2.0827810
1.5551306
1.5784374
2.1131207
1.7809838
2.2848108
1.8119082
1.4565874
1.7628754
1.7145796
1.4079536
1.9311421
2.2045499
1.8736439
1.8226479
2.0235570
1.9373673
2.3034439
1.5960159
1.5720662
1.7072460
1.8140308
1.7524901
1.3864535
1.7014907
1.4940295
1.8881187
1.6074062
1.9922617
2.0060666
1.8899014
2.0278757
1.6615522
1.7599340
2.1273792
2.0636833
1.8479915
2.0578275
2.2131798
1.8874690
1.9601230
1.6847417
2.0438246
2.2304614
2.0279045
1.5148609
1.8389711
1.5733346
1.8262930
1.5258604
1.7359385
1.9938742
1.6284116
1.6633426
2.0073002
1.8314201
1.8690618
2.0691139
1.7437546
1.7872753
1.7670816
1.7019955
1.1644775
2.0528069
1.7980328
1.4827114
1.5688093
1.4733084
1.8583860
1.9868569
1.6514554
1.8638760
1.6138375
2.0650623
2.1763941
1.9376162
1.3976800
1.0802304
1.2740485
1.9640250
1.4098810
1.7760381
1.6296768
1.6414391
1.6551234
1.5520741
1.6628738
1.6447185
2.0443481
2.0291743
1.7698731
1.5340203
2.0001328
1.9639886
1.5996172
1.5603966
1.3868518
2.0526298
2.1143579
2.0151538
2.2592537
1.6062892
1.6404463
1.6801808
2.1786395
1.7193767
1.2922007
1.8972704
1.8657048
1.4128063
1.8714173
2.4150415
1.7951965
1.5195388
1.2750443
2.1119042
1.4592869
2.4402064
1.6969595
1.1642578
0.8720156
1.5036068
0.9600763
1.6524276
2.0744359
1.5300343
1.9042010
1.8350312
1.3066731
1.7831801
1.5447737
0.9729750
1.4641824
1.4898813
1.5990806
1.2204230
1.2334691
1.2977161
1.3422420
1.3528679
1.4130198
1.4970354
0.8238388
1.3876973
1.3871281
1.3065220
1.3437684
1.5384524
1.1907955
1.2104022
1.3583606
1.3099669
0.7394349
1.5029783
1.7753928
1.1187018
1.2323766
1.8081223
1.0199312
1.3291936
1.2762998
1.6620149
1.3048650
1.7656828
0.8556205
1.5457880
1.3818508
1.4728970
1.3365239
1.1767153
1.4639007
1.5012704
1.3678210
1.4526091
1.7354762
1.4857853
1.1375142
1.4577810
1.8100434
1.9019799
1.6031435
2.0196655
1.6063540
1.8153031
1.5582507
1.6743744
1.4831285
1.6618316
1.5244303
2.3239643
1.8480894
1.3869246
0.7791494
1.1858130
1.2890851
1.0153254
1.5194155
1.2847729
1.4446817
0.5145231
1.2168843
1.5408935
1.9799807
1.2912928
0.9689146
1.4644552
1.5573195
1.7794634
1.7134352
0.9174985
1.2140417
1.4362206
1.3624419
1.7468706
1.4675826
0.7916465
0.9801009
1.0501233
1.2123755
1.1171757
1.2590827
0.9135812
1.4598633
1.5204049
1.3772240
1.1689627
0.8663922
0.8731872
1.7952814
1.1866655
1.4592917
1.6099337
1.4926428
1.5771035
1.4775061
1.5324823
1.5660954
1.6111420
1.7543489
1.2607380
1.7206869
1.2565618
1.1163282
1.4030929
0.8385971
0.7170010
0.8941903
1.3831819
1.6498411
1.5644870
1.4613745
1.8661273
1.3703850
2.0071654
0.9404627
1.0390644
0.7223315
0.5408759
0.9004986
1.4686911
0.3035962
1.6005262
0.8938722
0.9422780
0.8178409
1.1843968
1.4056672
1.1144494
1.1042909
1.2540598
1.2702794
1.0787434
1.5781836
1.2327227
1.6087555
1.0548416
1.2273925
1.4292738
1.1871182
1.4036565
2.0102042
1.5392162
0.9593483
0.6462069
1.0701584
1.0151266
0.9497192
1.4545028
0.7211189
1.1621888
1.6991118
1.0147015
1.6201906
0.8944672
0.6331122
1.5121191
1.6109308
1.6975170
1.2602559
1.0236461
1.6461507
1.1056402
1.1639082
1.4922382
1.6464819
1.8101332
1.3138670
1.1685169
1.3276137
1.4380873
1.4556731
1.7750423
1.2593897
1.5617912
1.3891659
1.2642992
1.5183888
1.2071179
1.1000931
1.3753885
1.6681445
1.7625580
1.6250615
1.5650989
1.8287955
1.2342387
1.8041737
1.3451568
1.0481945
1.4276736
1.6444220
1.2408298
1.8193683
0.5177497
1.2353710
1.2655074
1.0756227
1.2821940
1.2829011
1.1701681
1.3651056
1.4115472
0.9907228
1.0234522
1.0175044
1.4332305
0.8490242
1.2725396
1.3171788
1.3470341
1.4436897
0.8695207
1.2892195
1.1286461
1.5023182
1.1726014
1.2800409
0.8521323
1.3085525
1.3072285
0.8254783
1.3038398
1.4706199
1.1251175
0.5617244
0.8372813
1.0066364
1.2385967
1.0480092
1.3323584
1.4560231
1.0129829
1.4536382
1.2913607
0.9258059
1.1307322
1.2230935
1.1463979
1.1506412
1.6272347
1.3797864
1.7182845
1.7820132
1.0594668
2.1134137
1.8508991
1.6395567
1.4474506
1.2823426
1.7127978
1.2170848
1.5094636
2.1845047
1.6471995
1.4808157
2.0492729
1.2996367
0.8833179
1.1372903
1.2705419
0.9039729
1.4527297
2.1393217
1.0048624
1.3104560
1.6324699
0.8614631
1.2708189
1.3873668
2.0525118
0.8688258
0.8168044
0.8299270
1.3752268
1.0088691
1.5687242
0.5863333
0.8479485
0.9020850
1.2467015
0.5563529
0.9202300
0.9335208
1.2315475
0.9550280
1.1355721
1.3504521
0.4453964
0.9094386
0.9907808
1.2070305
1.3546653
0.9742210
1.3838562
0.5587054
1.3468120
0.5810851
1.5651956
1.4459445
1.1464523
0.6410333
1.2048677
1.1493515
1.5071399
1.2819400
1.2628203
1.3475844
2.2397357
1.6051277
1.4223422
1.6916083
2.1559669
1.5012725
1.3115147
1.3327519
1.7652258
1.1073171
0.6702166
0.7464369
1.6213613
1.7617727
1.4056084
1.2455621
1.2596881
1.5143017
1.7348067
1.5043987
1.3370198
1.3060776
1.8324881
1.6700138
1.4982768
1.8512503
1.3247333
1.0624628
1.3944955
1.6132345
1.4599721
1.6637481
1.3542784
1.4960318
1.8185531
2.0851548
1.5402745
1.3765153
2.1396978
1.2311249
1.1467707
1.1641989
0.7875291
1.5674191
1.6120728
1.7768716
0.9005090
1.6659766
1.7865115
1.2353114
2.0379162
1.6731661
1.8391487
1.7101562
1.4915551
1.9263970
2.3765534
2.0901207
1.7053067
2.2621742
1.5599865
1.8203180
2.1545344
1.4172866
2.1976791
1.2261702
1.9396932
1.6647851
1.7385937
1.4518565
1.8242696
1.9843988
1.7717449
1.7030864
1.6127980
2.1790333
1.6070080
1.6349264
1.5256824
1.7344616
1.1441504
1.6453653
0.9320067
1.6703188
1.5641308
1.0656727
1.5371190
1.7222175
1.6261542
1.3931106
1.1121593
1.2828422
1.1146076
1.4138908
1.0453806
1.7428192
0.9317827
1.5300764
1.6271649
1.2056177
1.5277249
1.2335127
1.2368996
1.0931764
1.1188795
1.5122136
1.0452928
1.6745446
1.8199453
1.3830225
1.1652072
1.7024576
1.8910482
1.3185042
1.0610688
1.8099714
1.5007385
0.9417471
1.5106872
1.5433087
1.2320419
1.5389762
1.8418700
1.9882682
1.7371694
1.5619575
1.5039357
1.8296651
1.5725697
1.3943942
1.3581581
1.3842735
1.7661557
1.6740730
1.6252636
1.3331622
1.9103355
1.6641527
1.1828605
0.9986352
1.2208620
1.6362651
1.4896622
1.5453759
1.7934184
1.3661601
1.6628111
1.2493247
1.0665293
1.5793793
1.4388568
1.2107909
1.4932343
1.7835241
1.8726675
1.2218622
1.1607374
1.3960297
1.6726989
1.4769485
1.8300949
1.7971893
1.8182374
1.9208290
1.8155188
1.6288030
1.6921216
1.4516993
1.5948380
1.5971074
1.2970836
1.9239038
2.4962845
1.6499494
2.0242542
1.8775983
1.4603642
1.9104016
1.7483307
1.4258871
1.8280704
1.3369479
1.2458350
1.2740660
1.5909270
1.2189243
1.0888902
1.2158121
1.6209341
1.3770001
1.1597680
1.5172611
1.3340062
1.5786486
1.6680793
1.6618333
0.8416478
1.5786094
1.4729187
1.3579513
1.9031282
1.0265466
0.7467054
1.3219182
1.2408108
0.9760624
1.2915440
1.0081234
1.0028815
1.3696813
1.1315999
1.5054550
1.4964596
1.9302459
2.0872324
1.3256518
1.2963090
1.4989664
0.9634758
1.7771098
1.4963842
1.8724542
1.7690231
1.8366400
1.7943925
1.4367758
1.5527662
2.0761078
1.9152896
2.1593737
1.8308029
0.9728185
1.9640082
1.8418490
1.3288226
0.7932101
2.3073507
1.7083927
1.5900626
2.0826217
2.0166549
1.8166211
1.6941207
1.8193273
2.3328032
1.8625038
1.8533584
1.7318526
0.9357019
1.1659496
1.4876902
1.2988741
1.2582766
1.5867810
1.1890445
1.2809148
1.3899228
1.2823913
1.3563774
1.6614564
1.5661742
1.3655607
1.4530490
1.1283169
1.2716606
1.4388176
1.8669819
1.3767868
1.8236539
1.0596883
1.7203961
2.1561559
1.0519658
1.6614631
1.6579911
1.7177841
1.5246844
1.6264139
1.5068685
1.5663516
1.3511360
1.9270250
1.0888051
1.1621211
2.1171645
1.4302158
1.4484313
1.2565031
1.1242038
1.0366500
1.6922731
1.7959885
1.5456029
1.9608635
1.7727570
1.5590480
1.4310599
1.4905368
1.7195169
1.4342199
1.7074648
1.7073993
1.3435356
1.7350426
1.5878974
1.8752311
1.5440468
1.5652860
1.8590630
1.6444597
1.9332973
1.6828538
1.7078100
1.5649142
1.7728981
2.1691741
2.0697473
2.0383220
1.7275950
1.7164095
1.9115995
1.5948140
1.7651054
1.3926095
2.1047111
1.7530435
1.7445222
1.2980648
1.7347804
1.8804430
2.2731790
1.9016976
1.7170610
1.3444454
1.5741690
1.1589621
1.5940913
1.7856735
1.6406993
1.5259381
1.5686352
1.7783998
1.8423533
1.8400905
1.9093117
1.4784735
1.7553296
1.6167713
1.5282749
1.6480962
1.7165663
1.7136803
1.7924386
1.8669533
1.3126474
1.9667951
1.5307638
1.8492721
1.7256575
1.6581545
1.6991727
1.6736067
1.6214610
1.4637383
1.9079437
1.6301416
1.7344291
1.8074448
1.8014240
1.8774770
1.8095277
1.8639429
2.0538286
1.7782025
2.0050067
1.9914694
1.9685759
2.1048294
1.8619977
1.7571595
1.8642428
1.6594775
1.8446552
1.4002918
2.0894181
1.7340821
1.3138012
1.7542256
1.6138267
1.6387314
1.7752340
1.9059735
1.2546149
1.6243893
1.8359786
2.0295182
1.6459575
1.8614215
1.9143287
2.1220718
1.9498107
1.8903321
1.8001956
1.9376662
1.6471335
1.8066269
2.1858689
1.4816295
1.3630616
1.8462207
1.5651261
1.5139130
1.7795894
1.5526645
1.6857294
1.8985585
1.6232462
1.6476865
1.6835860
1.8130216
1.9201201
1.5589281
1.8076306
1.6007759
1.8404479
1.8289638
2.1952062
1.8448381
1.8774632
1.7099394
1.6481574
1.8790899
1.5413878
1.8463213
1.7950775
1.7625062
1.9580029
1.9424737
1.7579187
1.7786341
1.8608879
1.6639659
1.5349861
1.3918683
2.0166448
1.5229406
2.0087475
1.9604596
1.4389299
1.5982154
1.7493912
1.7078168
1.8123067
1.5080529
1.6934769
1.8188647
1.6814866
1.7176393
1.7280317
2.0894405
1.6193248
1.6657676
1.4030442
1.4705016
1.2484151
1.5581875
1.3428493
1.5983407
1.5747690
1.2945864
1.4879994
1.4499360
1.8268239
1.6301286
1.5753352
1.8426774
1.6246556
1.7405653
1.4790495
1.4773011
1.9617168
1.6878690
1.8910218
1.7880937
1.8359597
1.3312914
1.5491957
1.5930432
1.6155843
1.4384480
1.6092282
1.7539128
1.8334276
1.1067154
1.5269148
1.6649891
1.7676960
1.6387991
1.6569949
1.2776074
1.4793879
1.7604945
1.1850622
1.2762316
1.3527704
1.4786552
2.0934584
2.0096372
1.5223228
1.7923830
1.4663033
1.9859748
1.8613067
2.3253265
1.9583801
1.7990527
1.8155947
2.4619470
1.5014331
2.2526829
1.6331503
1.3995481
2.1177419
1.4362160
1.6597788
1.6005709
1.8427210
1.6137259
1.7614765
2.0944989
1.5525294
1.7269887
1.2472757
1.5486702
1.6884383
1.7416503
1.6543291
1.6081117
1.2957500
1.5489929
1.2997479
1.4857286
1.2459682
1.2798866
1.5308947
0.9620969
1.1173755
1.5008731
1.6202666
1.4483228
1.4328515
1.6665971
1.2191397
1.4194239
1.2016686
1.2524311
1.0695301
1.0901119
1.0545955
1.1781179
1.1982641
1.0329283
1.1652912
0.9613791
1.0456069
1.2207330
1.2719247
1.1908268
1.3204530
1.4393935
1.6924738
1.6637832
1.7022752
1.5185526
1.4958762
1.4123526
1.6785307
1.6751679
1.0383347
1.3586681
1.5796655
1.3884115
1.6394015
1.1476052
1.1161805
1.4246496
1.5166249
1.4221733
1.4818968
1.3898291
1.2017611
1.1231338
1.2853956
1.3859821
1.2139750
1.2597457
1.6577432
1.1703671
1.2702151
0.8524435
0.9106233
1.1116743
1.1572161
1.0785321
0.7667933
0.7538267
1.0903395
0.8067094
1.4224042
1.2408990
1.1720805
1.2119958
1.4112717
1.1274432
1.0633047
1.0211077
0.9931921
0.9663389
0.5827813
1.2267377
1.0663607
0.8375528
0.8782973
1.1540569
1.4873056
1.1333887
1.6364397
1.2744893
1.2757281
0.9854191
0.9727155
1.5117311
1.0933498
1.4334808
1.3921187
1.0587610
1.4012048
1.0151851
1.0998649
0.7624704
0.9609998
1.1916296
1.2539628
0.7686139
1.1123270
0.8636772
1.0642133
1.0345597
0.8566968
1.0410013
1.3279821
1.3703665
1.2149259
1.2399661
1.1983846
1.4188347
1.2275486
1.1563649
1.1859252
1.2321899
0.9868152
1.0511394
1.2034169
0.9685201
1.2970991
1.2631373
1.6058501
0.9021730
1.3579819
0.7481370
0.8423653
1.2891768
0.9337479
0.9684198
1.2133711
1.4286220
1.3547740
1.6374401
1.2034538
1.5222475
1.2126110
0.8390287
1.0076828
1.3295416
1.1171301
0.9719170
1.2622052
1.3043170
1.0184009
0.8128106
0.9101716
0.9614753
1.3964363
1.3078452
1.0144699
0.7856568
1.1547302
1.0687419
1.6533272
1.4632867
1.1275829
1.1749104
1.2884768
0.9768757
1.3141208
0.9256600
1.1140699
1.1573999
0.9740295
1.2029171
1.1701668
1.0737328
0.9861317
0.7020017
1.3379458
1.4509164
1.5975793
0.9659793
0.9491523
0.9148852
1.2965935
1.6968926
1.3866683
0.7016904
1.4693634
1.3125740
1.2689045
1.5930295
1.4020098
1.1767360
1.3947249
1.2097312
1.0705042
0.9078881
1.4819361
1.5260446
0.7250982
1.5960164
2.5809509
1.9820961
1.8709652
1.8161882
1.4798197
0.8620519
1.4256839
1.5420777
0.9632582
1.0822770
1.2016414
1.4811550
1.2529108
1.0100722
1.2983698
1.7326194
1.0852252
1.4305586
1.2329951
0.7794351
0.9888585
1.3310152
0.7946336
1.6728057
1.1432384
1.0897358
1.2718549
1.1247249
1.2543552
0.8143433
1.1022095
1.5273115
1.0899062
0.7548483
0.8643283
1.1136094
1.3087768
1.3093005
0.7916640
1.4146968
1.0718421
1.4802251
1.6860061
1.3421798
0.9906108
1.3023110
1.1108865
1.1003226
0.9455482
1.1508818
1.4893617
1.3858258
0.9917335
1.0751593
1.0520686
1.0849866
0.9350690
1.0927271
1.5671405
1.0135141
0.9867956
0.9380513
1.0773278
0.8848699
1.0761921
0.9438865
0.7870117
1.3250410
0.9451010
1.4880516
1.0275536
1.5173948
1.3121404
0.9873135
1.2053407
0.8710806
0.9948069
0.9706475
1.0853932
0.7383331
1.2477695
1.2619392
1.1792710
1.2399157
1.2058105
1.2017714
0.9526377
1.2880453
1.3564474
1.5371269
1.1260286
1.6788401
1.0617110
0.8668155
0.9487987
1.0566311
0.8370198
1.0551449
0.8839408
1.0832775
1.2788845
1.2777939
1.0148281
1.2188765
1.1493266
0.9585112
0.9641244
1.5518946
1.3564846
1.2863597
1.5731958
1.0170785
1.6585558
1.2425846
1.2185232
1.1247689
1.3272232
1.5066439
1.2448209
0.8798625
1.2900630
1.2112239
1.4836266
1.4752431
1.4688333
1.3825862
1.5414483
1.6909828
1.5781785
1.3370787
1.1615829
1.3982542
1.1855598
1.4934492
1.5972419
1.9070734
1.1812088
1.6311420
1.5330738
1.1879427
1.2678744
0.9103818
1.1667209
1.3326564
1.4502863
1.5393785
1.2757861
1.5287538
1.1146012
1.4660580
1.3243847
1.1663615
1.1175277
1.4383467
1.5708367
1.3661046
1.4496495
1.3187031
0.9766979
1.5030778
1.4004176
1.5324652
1.2908619
1.4784017
1.4637325
1.0201034
1.2105996
1.7010753
1.2706823
1.4964018
1.1377497
0.9652076
1.1233574
1.4864985
0.8410326
1.4154007
1.2916462
1.6586238
1.5004792
1.4288761
1.6107301
1.1691434
1.3742864
1.5363075
1.2333538
1.3783784
1.4299334
0.7818714
1.0771101
1.6729488
1.8055288
1.4040881
1.7706064
1.3458911
1.7044789
1.6211757
2.0359475
1.9220204
2.1218704
1.6744883
1.0649686
1.4340693
1.5571707
1.0514098
1.4520388
1.5110443
0.8372272
1.2895903
0.6139491
0.9007294
0.8211238
0.5903893
0.8738359
0.9836474
2.1937984
2.3110307
2.5137593
1.9537777
1.6661035
1.4042721
1.2047128
1.2256007
1.4072948
1.0935293
1.1866850
1.3975013
0.9711836
0.9308640
1.2138699
1.6121481
1.2701189
0.8225204
0.7773444
1.1706417
1.0824592
1.2615979
1.0841916
1.2023803
0.8926336
0.9061457
0.6850684
0.9301023
1.3474605
0.7904289
0.8303838
0.9178745
0.6242886
0.9022105
1.0573547
0.6821398
1.1132446
1.1480887
1.0787886
1.2046000
0.9952756
0.9843156
1.0539337
1.1113825
1.0008383
0.7906319
1.3503002
1.3548273
1.6203631
1.0125305
0.4904957
0.6139090
1.1758551
1.0862865
0.6343046
0.2761941
0.3953375
0.8944903
1.1085217
0.5246387
1.0889120
0.6060378
0.4507825
0.5519578
0.6631306
1.0443576
0.7098182
0.8429204
0.8210088
1.2432858
0.7735297
1.3030157
0.8492671
0.8559219
1.2382136
0.3881837
0.4282911
0.8255841
0.8167432
1.0730515
0.3527065
0.3958153
0.3655080
0.8561664
0.5270538
0.6184525
0.6400747
0.8263122
0.6611702
0.7733606
0.9087776
0.9475408
0.9997792
0.2295626
0.1636047
0.5110589
1.1089075
1.0190233
1.0908589
0.2646744
0.9914608
0.9251573
1.0405751
0.7552670
0.8102920
0.1344187
0.4189264
0.6516826
0.3491966
0.9098993
0.4553517
0.2387995
0.3192287
0.6820763
1.0476613
0.8184527
0.9107058
0.5326106
0.3527606
0.8014518
0.7692483
0.6110289
1.7795058
1.2366672
0.4417256
0.9948949
0.6203867
1.2280751
0.4221811
0.5763554
0.5886590
0.4727954
0.8466385
0.6551597
0.3539044
0.8094124
0.8775846
1.2921329
1.4966098
0.9730895
0.4206713
0.6378583
0.8987434
0.6197933
0.8467788
0.6910736
1.0644033
0.3673692
0.6065850
0.9992787
0.4285687
1.3997327
0.7043001
0.5313328
0.5576445
0.5755781
0.4261992
0.6738313
1.1567118
0.9202384
1.4517006
1.7095970
0.8920248
0.9175667
1.1460764
1.1175160
0.9367891
0.8684435
1.3346180
1.6988298
0.9320359
0.8111856
1.2127439
1.1431096
1.0433467
0.9020064
0.6419874
0.9614905
0.8072128
0.8996213
1.1376784
0.8312276
1.0929046
1.1339240
0.8523498
1.4711273
1.5077111
2.4420514
1.8531964
2.0143150
2.2148589
2.0592618
2.2284112
2.3534482
2.2937454
2.2555633
1.8248049
2.0860389
2.0826658
2.2827091
2.2452582
2.0935621
2.0943838
2.1300532
2.0762954
1.9746385
1.8624866
2.2237856
2.3801101
2.4984141
2.1806930
2.3437009
2.2039581
2.2651097
1.9726372
2.1166322
2.1809495
1.9615646
2.0931958
2.3330379
2.3777422
2.2276529
2.1046723
1.9780310
2.0890894
1.7619553
2.0952356
2.2616369
2.3559440
1.8910814
2.0850657
2.5399954
2.2949951
2.1081379
2.0973903
1.9661731
2.2526939
2.0781998
2.0235075
1.9737282
1.9814675
1.7545207
1.8467841
1.4459883
2.1461767
2.0823923
1.9592783
1.4425544
1.6810688
1.7972974
1.7342482
1.8302196
1.6700523
1.4749959
1.4099389
1.4361738
1.4892172
1.5349973
1.3948462
1.1623005
1.1932272
1.2868302
1.2003884
1.4639408
1.4522044
1.4877058
1.3279821
1.3103904
1.1006840
1.1613657
1.3844730
1.3161380
1.6665480
1.3376229
1.5476132
1.5408295
1.7295110
1.4358660
1.4555733
1.2924511
1.5608656
1.5159462
1.5979293
1.5896663
1.4337401
1.3828485
1.2484375
1.2635357
1.3326913
0.9961320
2.0035241
1.5917843
1.7530301
1.4867016
1.4571782
2.0364113
1.6259681
1.3513906
1.5852411
1.6768121
1.8416140
2.0143143
1.3751625
1.5837852
1.7225036
1.5136923
1.5287402
1.5089200
1.4135480
1.3775250
1.2469685
1.1780352
1.7348858
1.4972857
1.5049068
1.6707488
1.3769382
1.3602327
1.4064135
1.3393401
1.3144443
1.3596105
1.7133063
1.3745927
1.4423999
1.3651883
1.5683177
1.1999999
1.1783630
1.6068399
1.6650300
1.3099383
1.4905856
1.2535990
1.1869604
1.2753580
1.4106559
1.5493245
1.2291035
1.3115112
1.1971753
1.0652190
1.5921475
1.6110614
1.6729125
1.4309469
1.4779659
1.3271838
1.3637087
1.1868453
1.3806133
1.4666322
1.5347396
1.1657392
1.6040425
1.4229584
1.4836424
1.3855152
1.5733208
1.4365822
1.4746405
1.1784851
1.5021864
1.2090390
1.3377493
1.2902475
1.4850863
1.3311364
1.6219831
1.3645110
1.5142613
1.1564738
1.1731101
1.1038509
1.3261939
1.1147847
1.0501984
1.2284133
1.1276523
1.3498432
1.3159011
1.3556596
1.3086922
1.2177234
1.4395562
1.5157612
1.3800435
1.3222616
1.3853108
1.3998051
1.2357497
1.3957299
1.3231477
1.3065705
1.1067183
1.3283652
1.4063027
1.4075408
1.3958474
1.3694961
1.2485349
1.3750624
1.3900465
1.4165460
1.3225718
1.2936412
1.3031072
1.4372975
1.5594213
1.5443857
1.3988632
1.3389001
1.3808813
1.5070823
1.2869089
1.4600724
1.3951364
1.2026807
1.3425131
1.4260235
1.2854738
1.2832598
1.2390306
1.1859945
1.1659006
1.3073667
1.1416967
1.4910832
1.2988597
1.1216614
1.3296290
1.3132302
1.3144581
1.3865365
1.5059628
1.4696699
1.2731404
1.3396416
1.1651706
1.1512589
1.5734214
1.5169211
1.2620528
1.3613320
1.2625456
1.6285371
1.5476614
1.3798381
1.6952352
1.5530357
1.2425154
1.5432933
1.2903519
1.3002722
1.2683507
1.2900370
1.2546875
1.4215404
1.3795355
1.2948454
1.6836367
1.5032355
1.1406861
1.2585249
1.3051748
1.1839300
1.2640022
1.3533382
1.5302051
1.2548908
1.2122416
1.4540027
1.2878046
1.5645701
1.3635641
1.1417044
1.2625109
1.5673262
0.9201495
1.2859219
1.1821705
1.1231451
1.4243830
1.1303940
1.3930344
1.4453301
1.0981073
1.1751996
1.5204410
1.4059748
1.4128630
1.2172507
1.0710102
1.2152473
1.0746347
1.2701060
1.2482599
1.2150856
1.2809340
1.0929752
1.1071706
1.1173217
1.3147362
1.1026601
1.0559745
1.3621584
1.1808166
1.1534353
1.0152400
1.1682526
1.3659457
1.1996231
1.4576506
1.5386641
1.1543065
1.0376699
1.2732863
1.5062909
1.1239027
1.3482559
1.4330590
1.3850127
1.3041265
1.2494239
1.3619214
1.3836573
1.4162022
1.1724194
1.5805421
1.5080462
1.1539347
1.3468519
1.4559628
1.4725096
1.3781198
1.4411263
1.2777913
1.3335573
1.3659294
1.5572445
1.3307291
1.5161191
1.4680740
1.5079224
1.2732988
1.5070208
1.7588245
1.3700683
1.3110718
1.1979795
1.2631756
1.3876684
1.5690336
1.4947914
1.3628543
1.0828811
1.5149420
1.3501105
1.5046802
1.3863106
1.5013047
1.1733666
1.3049952
1.2667951
1.3639098
1.3300724
1.1270261
1.2829679
1.3137242
1.3074182
1.4078526
1.1606644
1.3416395
1.4808900
1.3561815
1.5458938
1.4643451
1.1667546
1.5616417
1.2671309
1.3894048
1.2781603
1.2210298
1.1062120
1.2688522
1.4901344
1.3891870
1.4070048
1.3124037
1.4514504
1.3042496
1.4259925
1.3961218
1.3910037
1.2059536
1.1801274
1.4321106
1.3042949
1.1767799
1.3095973
1.2084516
1.0884880
1.1826074
1.1065417
1.3777356
1.3296029
1.0611164
1.3418538
1.0609024
1.2800962
1.2135873
1.3182041
1.2496813
1.5300062
1.3454008
1.3627837
1.2331464
1.5246334
1.4920401
1.5223996
1.2613182
1.2155434
1.3867348
1.3364669
1.4686010
1.4259150
1.3465908
1.3185133
1.2360561
1.4777124
1.3674574
1.4260315
1.3482351
1.3356735
1.3773234
1.4372860
1.3175467
1.4480950
1.2144246
1.2143119
1.5044295
1.3646474
1.4055741
1.3191283
1.3531579
1.4727933
1.3130087
1.3423782
1.4360239
1.4915344
1.4243707
1.3539400
1.5077215
1.3137197
1.3939157
1.4542074
1.6104592
1.4496318
1.4072829
1.5026041
1.3095391
1.3223930
1.2330716
1.4926708
1.2360723
1.3694058
1.2177038
1.2837518
1.4067489
1.3401483
1.3969707
1.3279161
1.2886513
1.3994247
1.3497662
1.2831253
1.3213113
1.3195891
1.3517858
1.3343487
1.3340928
1.6067204
1.4540752
1.4099404
1.2092511
1.4015955
1.4322762
1.3590035
1.1646144
1.4896533
1.5770574
1.3810123
1.1897990
1.4043287
1.4034811
1.4813372
1.3815504
1.3626963
1.3328858
1.4476371
1.5058039
1.3946915
1.4619199
1.3606790
1.3255320
1.3541615
1.3569543
1.4382997
1.4212146
1.5275585
1.3459321
1.1934869
1.4792231
1.4835448
1.6189942
1.3733318
1.4725042
1.2689415
1.3327453
1.4381060
1.3451502
1.3975089
1.3363268
1.4377017
1.4024950
1.4828526
1.4806587
1.3121922
1.4936488
1.4718996
1.4095513
1.3886845
1.4080570
1.1464257
1.3830938
1.3377873
1.5501064
1.3115855
1.3124459
1.2700829
1.2976510
1.4824837
1.4750084
1.4614063
1.3680448
1.5787400
1.5668038
1.4641492
1.3141137
1.3155585
1.5055639
1.4267710
1.5528653
1.4381464
1.4204667
1.4495060
1.4905571
1.6973191
1.5546718
1.4597438
1.4143151
1.3609132
1.4856649
1.4436672
1.5387306
1.4387180
1.7249807
1.4804726
1.4893411
1.3826532
1.4243065
1.2915743
1.4570150
1.3009908
1.4258528
1.3618116
1.3791047
1.4660692
1.4903689
1.5302156
1.3359508
1.3434153
1.2383458
1.4881427
1.4234870
1.2860499
1.5614267
1.2664541
1.3737039
1.4356631
1.7114250
1.2034590
1.4075971
1.2193488
1.3877274
1.4162351
1.3133907
1.4123917
1.4612896
1.4651926
1.3380442
1.3766670
1.3449970
1.2677119
1.4385308
1.4019891
1.3205496
1.1103144
1.1992819
1.3464784
1.4292067
1.4487983
1.4610074
1.4308973
1.2139157
1.3280149
1.3164998
1.3352955
1.2675400
1.4088942
1.2922872
1.4051240
1.2509943
1.3476730
1.3180178
1.3565833
1.4765427
1.2588082
1.5383900
1.4780419
1.3745281
1.2268698
1.3175349
1.3151803
1.4270124
1.5091470
1.3964684
1.4669346
1.3723063
1.3930946
1.4338540
1.3238072
1.3716439
1.3549593
1.5647547
1.5658444
1.1703657
1.3630407
1.1862384
1.2444074
1.2564913
1.4072059
1.3354775
1.3326087
1.3121252
1.4189446
1.1104514
1.2108576
1.3435811
1.3192936
1.2633724
1.2597590
1.3135515
1.3302317
1.3359283
1.3630372
1.3212148
1.3775792
1.1524167
1.2557349
1.3437197
1.5220890
1.2256351
1.3455863
1.1404748
1.2507474
1.2730625
1.0520695
1.3659990
1.3366513
1.3237403
1.4206520
1.2400742
1.1651073
1.2163222
1.2559151
1.4115001
1.3529265
1.3300408
1.4278365
1.3021231
1.3807006
1.1414069
1.3905067
1.3338594
1.2299583
1.1178412
1.3342583
1.2191541
1.3353001
1.4684328
1.1426121
1.3382903
1.3272212
1.1743060
1.0839502
1.3809474
1.2912440
1.2201525
1.3729522
1.3547212
1.2910306
1.4353903
1.3272204
1.2241202
1.1340888
1.1697116
1.1972282
1.5064591
1.2834521
1.2190533
1.2512084
1.2492419
1.6192832
1.4023276
1.2073162
1.2996022
1.5825495
1.3164728
1.2646553
1.1655803
1.4092010
1.4092356
1.3025128
1.3318917
1.3005192
1.3616004
1.2979440
1.3469616
1.2701192
1.3881366
1.4119585
1.3607695
1.1796599
1.3310794
1.0098435
1.2180248
1.3762889
1.0046845
1.0295067
1.3506533
1.2693704
1.0617134
1.2669258
1.2728116
1.2577423
1.2498487
1.0758941
1.2414540
1.3571794
1.4531483
1.3227227
1.3640273
1.1648123
1.3340109
1.2922239
1.2447655
1.1562577
1.3500488
1.4354042
1.2827334
1.1955942
1.0108920
1.1658831
1.3902729
1.4424790
1.3706596
1.4065314
1.5124360
1.2352990
1.2839270
1.3265820
1.2450582
1.2889914
1.0759738
1.1344949
1.3838795
1.3677686
1.4372311
1.1903824
1.3575544
1.2078787
1.2567605
1.2043071
1.4284295
1.2654408
1.3215450
1.3254679
1.4290840
1.3388724
1.1757770
1.3528886
1.3506208
1.2380901
1.0684341
1.4180511
1.3634625
1.2997814
1.2255678
1.1716822
1.3480253
1.2512586
1.4127531
1.3435425
1.0013899
1.0742890
1.2390577
1.4412402
1.1648284
1.2570348
1.4606788
1.1923827
1.1961092
1.2244568
1.2875048
1.2858727
1.2465885
1.2427666
1.2260271
1.2898772
1.2275981
1.3633472
1.4853908
1.1160403
1.3009544
1.3938542
1.2907911
1.2243924
1.3132233
1.2725962
1.2921600
1.2392204
1.3625700
1.2138838
1.3293000
1.2158847
1.0874141
1.3138444
1.3351462
1.4085006
1.2575448
1.2210310
1.1105443
1.0149171
1.1350621
1.1071109
1.2763432
1.2141392
1.5981433
1.2191736
1.1549088
1.1902346
1.2861546
1.3917355
1.3784240
1.2296764
1.0381780
1.2017249
1.3345546
1.4191435
1.2855328
1.1326410
1.1025890
1.1668564
1.1869445
1.1913922
1.1470194
1.0702382
1.4176751
1.1462405
1.2299255
1.2274213
1.2117785
1.2760090
1.5004241
1.1251249
1.2598338
1.3537421
1.3992035
1.1335685
1.2721835
1.2125797
1.1065942
1.1713798
1.3281121
1.3783856
1.3386707
1.3185512
1.4881057
1.1975350
1.2228614
1.0832442
1.3185921
1.2351965
1.2377925
1.1870174
1.3564749
1.3083445
1.2772909
1.4750083
1.4709387
1.3948719
1.3064062
1.1761397
1.1594944
1.2176230
1.2499174
1.3094634
1.3850229
1.1795972
1.0548452
1.2331301
1.3612212
1.2491922
1.2788836
1.1609404
1.2632388
1.1801734
1.3382246
1.1206121
1.2883666
1.2107369
1.2955349
1.2921224
1.2638843
1.2298652
1.1228965
1.0615281
1.2271731
1.1578511
1.1634492
1.2640761
1.4868111
1.3944946
1.3207266
1.2059798
1.3956860
1.3595107
1.1617112
1.1365026
1.1047339
1.2094495
1.3198103
1.2753333
1.4541208
1.4712334
1.3213970
1.2664464
1.0361233
1.1259615
1.2620931
1.2625345
1.4180219
1.1668749
1.2999959
1.2234581
1.2772787
1.1011778
1.2253543
1.2939471
1.2946490
1.2288886
1.3169771
1.3835666
1.2207994
1.1891747
1.1261509
1.0746506
1.2488527
1.2802643
1.2737647
1.1840208
1.2958220
1.0942768
1.2074695
1.2996970
1.2062576
1.3378256
1.1366020
1.2102259
1.1093507
1.3130000
1.1633339
1.0258541
1.1177375
1.1127325
1.3622368
1.4297191
1.3559045
1.2492746
1.1703230
1.0853805
1.2375485
1.2873930
1.1469010
1.0452205
1.2668252
1.4138509
1.5098883
1.4069856
1.2640866
1.3666170
1.1674647
1.1663325
1.2785556
1.4077204
1.5920674
1.3209364
1.3879069
1.3305146
1.2323545
1.2746274
1.3296847
1.4885104
1.4085892
1.3239495
1.1831857
1.3751236
1.2810557
1.3680949
1.4064328
1.2465853
1.2014162
1.0933166
1.3332623
1.1884375
1.2862786
1.1207742
1.2610884
1.2687588
1.2941850
1.3353960
1.0267996
1.2870273
1.1872787
0.9827432
1.1074373
1.1953382
1.3542327
0.9846011
1.0993114
1.2033731
1.0586250
1.2458878
1.4575140
1.2147186
1.1680373
1.3558101
1.2515480
1.1329836
1.0485069
0.9989035
1.1312037
1.1940768
1.2719441
1.2035051
1.2117954
1.2339022
0.9959684
1.1867846
1.3506116
1.2356764
1.2943934
1.0335288
1.3683292
1.4269359
1.2211480
1.0906606
1.1767430
1.2560327
1.3088708
1.3088288
1.0356901
1.1289871
1.2568469
1.2902114
1.0646340
0.9208406
1.1381659
1.1776270
1.4734325
1.3895669
1.4000071
1.2315943
1.6460529
1.3914000
1.2989694
1.2081188
1.5120067
1.1510972
1.2342182
1.2153442
1.1711848
1.4657592
1.2815912
1.3177320
1.2979394
1.4853192
1.2357590
1.5317487
1.2617642
1.5414242
1.2201744
1.4642291
1.3963709
1.2602128
1.1711941
1.2753824
1.5090306
1.3294225
1.3748838
1.1764959
1.1401140
1.4309666
1.1385068
1.2705469
1.4292041
1.3829175
1.1269328
1.1106116
1.4116522
1.3372673
1.3694581
1.4191632
1.6115904
1.4667628
1.5640422
1.3224108
1.0506011
1.0784442
1.2007291
1.3139710
1.2136592
1.2477824
1.2189872
0.9954913
1.1802352
1.2040178
1.3634347
1.1214514
1.0961291
1.0204858
1.1083911
1.2182884
1.1838135
1.1280757
1.1268016
1.4556800
1.1432370
1.2876524
1.2581628
1.3385229
1.1525714
1.0895786
1.0972042
1.1197649
1.3998063
1.1813927
1.3443960
1.1798604
1.1479883
0.9510571
1.3361908
1.3803679
0.9291709
1.2407025
1.4257905
1.3341232
1.3213707
1.5000115
1.2773322
1.1821521
1.1049034
0.9918451
1.3702223
1.3212108
1.3468659
1.4915832
1.2220293
1.5450774
1.2296725
1.4271369
1.1639888
1.0564998
1.2224111
1.4115261
1.1823269
1.3784999
0.9392811
1.2233980
0.9126144
1.2223587
1.2001934
1.1714357
1.1919283
1.3232963
1.2457979
1.1999797
1.2572449
1.1124914
1.1195100
1.0425758
1.1594223
1.0190300
1.1044920
0.7182992
0.9298465
0.8641699
0.9080884
1.1157515
1.0132165
0.9854787
0.9426456
1.0211001
1.2330330
1.1502646
1.1314421
1.2947833
1.1945675
0.9844103
1.3417926
0.9506046
1.1466529
0.7505154
1.0444303
1.1545509
1.0257988
1.0507448
0.7865453
1.1544637
0.7047457
0.6821836
0.6885183
0.7391580
0.9201325
0.7256502
0.8152509
0.9379612
0.8535992
0.8397619
0.6781678
0.3504980
0.5053151
1.0557496
0.7685182
0.4265302
0.5224231
0.6968802
0.7253434
0.7092442
0.4144139
0.7161868
0.7276227
0.7261847
0.9330847
0.7197234
0.6217167
0.5760813
0.5778377
0.6961493
0.7860000
0.8520196
0.6370140
0.8455989
1.4622116
1.1810478
1.1270351
1.1544328
0.8309250
1.3556782
1.1073642
1.2441017
1.2986002
0.9946711
1.0826247
1.0552092
1.2027810
1.3281089
1.0552313
1.2123726
1.2865090
1.2157995
1.6144801
1.4928936
1.4312939
1.4140484
1.5861692
1.3838090
1.6273519
1.4033835
1.5664608
1.4474713
1.4893636
1.2990280
1.5634604
1.2701084
1.3879398
1.7714112
1.3820911
1.2565191
1.6846713
1.5958983
1.5943184
1.7166078
1.5994427
1.7310568
1.6531871
1.6344673
1.8306607
1.6286944
1.7961564
1.7799090
1.6953426
1.9125538
1.8891669
1.8372310
1.9380500
1.7806095
1.7185778
1.5931144
1.8956268
1.9618490
2.0547972
1.6533339
1.8533544
1.8834142
1.8387044
1.8888062
1.7774969
1.8105236
2.0729131
1.9858623
1.8013425
1.7935467
1.7245756
2.0425687
1.9011131
2.0501584
1.8757210
2.0840942
1.8833330
1.9628996
2.0061205
2.0619413
1.9164790
1.9259443
1.8481296
1.9840999
1.8547332
1.8885827
1.9032287
1.7725489
1.9771891
1.9311473
1.9372122
1.7161407
2.0398841
1.9947655
1.7315867
1.9020698
1.7806616
1.9138891
1.9271879
1.8780256
1.9337148
1.7605043
1.8389859
1.7909989
2.0185847
1.8139352
1.9093272
1.9353381
1.9951118
1.6797266
1.8021440
1.8927031
1.6514039
1.7579463
1.8826545
1.7056199
1.6585191
2.0235579
1.9568764
1.7979759
1.9088303
1.8311766
1.6669574
1.6811349
1.8758121
1.6462085
1.6657589
2.0199935
1.6541131
2.0367301
1.6972960
2.1057669
1.7269155
1.9371999
1.9510063
1.8290944
1.9083688
1.7412648
1.7568989
1.6678524
1.5817722
1.6936863
1.6617331
1.7926333
1.5388976
1.7077892
1.6273501
1.7496555
1.5321337
1.5882642
1.6841304
1.7830664
1.5720948
1.5086394
1.6388320
1.6605253
1.6406469
1.3208804
1.3204898
1.5667420
1.4260321
1.2916362
1.4926996
1.5067892
1.4833050
1.6401347
1.5726221
1.1135288
1.3729801
1.3358290
1.5915348
1.2374188
1.2125775
1.3895096
1.3054946
0.9219380
1.2276926
1.2288291
1.3816698
1.3778436
1.2627308
0.9870261
1.2359396
0.9985473
1.2924888
1.1182157
1.1103081
1.2316485
1.1395516
1.2513940
1.3552819
1.2033467
1.1868410
1.1122378
1.1593420
1.1769657
1.4279177
0.9594431
1.2010095
0.9850932
1.5630754
1.4896041
1.3728777
1.3877127
1.4020814
1.3975782
1.5678234
1.4501475
1.6662700
1.7751333
1.4539907
1.3413749
1.5293287
1.6472486
1.8029850
1.4965436
1.5056869
1.4572922
1.6694252
1.8474525
1.4820352
1.5375057
1.3680079
1.4767719
1.5110788
1.8232715
1.7754464
1.7757960
1.7872605
1.7884675
1.8610912
1.4541452
1.6578788
1.7564748
1.6295800
1.6597305
1.7993627
1.7812148
1.4134575
1.4292218
1.4619085
1.6980183
1.6705616
1.5120967
1.4927972
1.8181501
1.4299082
1.6174630
1.4694788
1.9048723
1.4130643
1.7283638
1.6477009
1.8497268
1.7669808
1.3441416
2.1099404
1.8519907
1.4253469
2.0318307
1.8161968
1.8580614
2.0623039
1.5945012
1.9648053
2.0530246
1.5525411
1.9755564
2.0002263
1.8621495
1.8925399
2.1333839
1.8209177
1.9500708
1.9066611
2.2626510
1.8180400
2.1559202
2.0165824
1.9877630
1.9775289
2.1019622
2.0196810
2.1910062
1.9678401
1.8353392
1.7426862
2.0637162
1.9813609
1.8110440
1.7523064
2.7912940
1.6359334
1.8125716
1.6156049
2.3111805
2.1252990
2.0219588
1.6897593
2.0614070
1.5400424
1.8975844
1.9534257
1.4198452
1.4759461
1.8836918
1.8392334
1.5831078
1.9185564
1.5495049
1.9437175
1.7145129
1.7564140
2.2892000
1.6495884
1.9441877
1.5819900
1.8381119
1.6295755
2.4631893
1.8501424
1.2997906
1.9169257
1.7328005
1.9260008
1.4888286
1.5484343
1.4211128
1.4549595
1.3322436
1.6698594
1.8816317
1.7283725
0.9642244
1.8132532
1.5778897
1.3511651
1.5331960
1.2991353
1.6422116
1.4790352
1.3933959
1.6202984
1.5940841
1.5423513
1.4880549
1.6467839
1.6548537
1.5338964
1.5424417
2.4754452
1.7084368
2.4608620
2.2046374
1.7551250
2.2747174
2.1606324
1.8816066
1.9046161
2.5514904
2.4758451
2.9784999
2.4759185
2.9815340
3.9198769
2.2602810
1.9024746
2.0514318
3.0663310
2.0759262
2.2824084
1.6857463
1.7767406
1.8848136
2.0649851
1.6785143
1.7960416
2.0568507
1.9602686
1.9082900
2.1299938
2.4663930
2.1448820
1.8845240
2.2729844
2.1796459
1.8026532
2.2539496
2.2309125
1.9384750
2.6675615
1.8723050
2.4253229
1.8136944
1.8234922
1.6893724
2.2589233
1.8362124
2.3412657
2.4152008
1.9773565
2.2265516
2.7570101
1.9627470
1.7571076
2.2291561
1.8104892
2.0496243
3.0686324
1.8081706
2.3304741
1.9518700
2.0523120
2.2354086
2.2911352
2.3607415
2.3690909
2.0306084
1.5449102
2.8553442
1.8068345
2.0520045
3.1856137
1.8137373
3.2050051
1.8291258
1.8948623
1.8243193
1.6757956
2.2131310
1.7509671
2.4358538
1.6458680
1.8998158
2.1989781
1.8615204
2.0604812
1.4653518
1.8591723
2.3012170
2.3226430
2.9209560
1.9469727
2.7632885
1.6523005
1.8175637
2.3373338
4.9598300
1.8949700
2.4651329
1.9074125
1.9561311
2.6962068
2.1174855
2.0114388
1.7871784
2.3556433
1.8323410
1.9523834
1.9402120
2.4942040
1.6743506
1.8535652
2.0551896
1.9536665
1.8920261
1.9522317
2.4195252
1.9799606
2.7107971
2.3574837
3.5643540
2.9699831
3.2332522
2.1709075
3.0373359
2.5613743
1.9308967
3.2728094
2.4309653
3.2773921
2.8672873
2.2877012
2.8035731
2.9422550
3.8085925
1.8248619
2.5318985
3.0324502
4.0522367
3.4356157
3.5620310
3.0835262
3.8612737
3.0675167
1.9870039
4.0396290
2.5851519
2.8121643
2.5179080
2.3852678
2.4603244
3.0696048
3.4809621
2.7285798
2.1186727
2.6979638
2.3032447
2.2321018
2.8066340
2.0215512
2.3130521
2.3022210
2.2002074
2.0800207
2.5319768
2.1595714
2.0548039
2.0038353
2.1454433
2.2031093
2.0993692
2.6580249
2.4377011
2.2133203
2.0050529
2.4612684
2.2698115
2.3246310
2.4307141
2.1325297
2.0888103
2.3041063
2.5547361
2.1640091
2.4676448
2.3697434
2.2764545
2.2457212
3.0359673
3.0127624
2.2397870
2.0241383
2.6268564
2.9636303
2.5747129
3.1930671
2.7231892
2.4873641
2.7559864
2.3750674
2.5292559
2.6464280
3.1004871
3.1926951
2.8050111
2.5214941
2.2111169
2.8294181
2.7166958
2.4125556
2.8513300
3.2270211
3.1386927
2.3463962
2.6034636
2.6032560
2.4621034
2.7039362
2.2708102
2.4609160
2.4852967
2.5489759
2.1421398
3.0412066
3.0952721
3.2702972
2.6093439
2.2388390
2.8255978
3.2422774
2.4187128
2.7380032
2.5894476
2.9204688
2.5653339
3.0313190
2.9514896
3.1927701
3.3135727
3.1444375
3.3573260
3.1958266
2.3875444
2.7679185
2.4177452
2.7155930
2.9504960
2.7560116
3.0726122
2.9474977
3.0242388
2.6219531
3.5344690
3.4204467
2.7666629
2.8082551
3.2359282
2.6287232
2.6224164
2.5577065
3.0497272
2.8230260
2.6666641
2.9972614
3.0172851
2.6141768
3.4295925
3.2256196
2.7007218
3.3203912
2.7278857
3.6145731
2.9965506
3.1560105
3.2424727
3.4447827
3.3505918
3.4503467
4.3834103
2.8405792
3.4693178
3.7514234
2.6592361
2.9406828
2.8302896
3.2130826
3.3564388
3.0218989
2.8062673
2.9063415
2.7440343
2.5713693
2.6559346
2.6898049
2.6116816
2.3896784
2.4729459
2.6800002
2.6227287
2.3452647
3.2877314
2.7754855
3.0468302
2.5122663
2.6186939
2.7859504
2.0861397
2.2817664
2.8349743
3.1691017
2.6911964
2.4005050
2.1891180
2.2361328
2.4673916
2.4991154
2.8429420
2.7360464
2.6020058
2.6896382
2.6784807
2.7773635
2.4572340
2.3978652
2.6958045
2.7817783
2.3499818
2.4818670
2.5709264
2.6654751
2.0872834
2.3987946
2.5552015
2.5214675
2.4949000
2.7987593
2.7118667
2.4322903
2.4378144
2.3692817
2.9199389
2.7413092
2.5446089
2.5376784
2.7062974
2.6564089
2.1482173
3.0575333
2.9691805
2.4486687
2.4343452
2.1664679
2.2057886
2.6541736
1.9137383
2.2220726
2.7400981
2.5895733
2.1390803
2.7004245
2.5722858
2.2205732
2.3672862
2.3956170
2.1674127
2.1805283
2.6259289
2.4268379
2.0927869
2.2250853
2.5826428
2.8391474
2.3955022
2.3337933
2.0215619
2.4184758
2.1862483
2.3575869
2.0154934
2.6862313
2.5782020
2.5528489
2.5904435
2.3320015
2.4385686
2.6291638
2.6950589
3.1566760
2.4952527
2.8937288
2.6309672
2.7747951
2.5689388
2.8515032
2.3701223
2.7404867
2.5520096
2.6733869
2.2890270
2.5842828
2.3955588
3.1285464
3.1179156
2.3980043
2.4952839
2.4084672
2.7121232
3.3625981
2.8159840
3.0435854
2.7698474
2.8337436
2.7762945
2.7267176
2.8570256
2.7963551
2.7847206
2.7892177
2.9966643
3.2381567
2.8531811
2.9725947
3.1384035
3.0038720
2.7300417
2.5517163
2.7092782
3.6564851
3.1927574
3.4767917
2.9603602
3.0092197
3.1587265
2.8263651
2.8732625
2.6938934
2.7918228
3.2745926
2.8736703
2.6042638
3.0271030
3.5730124
3.9016378
3.0924622
2.9186166
2.7051856
2.6945135
3.0331090
3.4947874
2.9990167
3.3641814
2.8684579
2.8433980
2.7881871
2.9042453
3.0546308
2.8774684
3.3698792
3.2356606
3.0922362
2.7236897
2.3498399
2.6543806
3.2403403
3.0040373
3.2082977
3.0840361
3.1192317
3.2914787
3.1044813
3.2460736
2.8893393
3.1289723
2.8468488
3.0750752
3.3827445
3.1654117
3.1619029
3.1891144
3.3379219
2.6676281
2.9750118
2.9516294
3.1125063
3.4065039
3.2642825
2.9179506
3.1629647
3.6821914
3.3470171
3.3792614
3.8230348
2.9917719
3.0217051
2.9215413
3.1513448
3.1200821
2.9496177
3.0978082
3.5271723
3.2965328
3.1108091
3.6133677
3.4840688
3.0946801
3.3983080
3.5246773
3.3383957
3.5017478
3.3214372
3.5895813
3.3176253
3.2555306
3.0064201
3.2815354
3.4416618
3.1784179
3.6881551
3.5347696
3.2244636
3.7791163
3.5765784
3.6739493
3.2883618
3.4954947
3.3518454
3.1446102
3.3174318
3.7519149
3.5741887
3.6187702
3.1204211
3.3112328
3.2139331
3.4175463
3.4980469
3.5628076
3.4371011
3.7117105
2.8865245
3.3141300
3.4596246
3.2843285
3.1885508
3.4396576
3.5213233
3.5762445
3.7267558
3.4600674
3.4487745
3.0014323
3.1099212
3.2087411
3.0268154
3.1286586
3.6408268
3.5366485
3.6523485
3.6252498
3.3065334
3.2029150
3.4957569
3.2932962
3.2603567
3.3984940
3.2928850
3.3498177
3.5063671
3.6243306
3.7328238
3.8033959
4.0313876
3.4781025
3.9309007
3.6390326
3.6314011
3.5689296
3.5900133
3.1277350
3.4386481
2.9207776
3.2009261
3.4321280
3.5273429
3.3011405
3.5270283
3.2609179
3.6663202
3.3205064
3.4696379
3.3764792
3.3740613
3.7425975
3.7593281
3.6266876
3.3714461
3.9525889
3.9139843
3.6290298
3.4515666
3.7078215
3.5612068
3.5368020
3.6356584
3.5910593
3.5951276
3.5185679
3.6503191
3.2594156
3.6222375
3.4805833
3.4962966
3.6532106
3.3154138
3.5746010
3.1125747
3.4005509
3.6444958
3.5513752
2.8345018
3.6503731
3.7768690
3.3793915
3.2990582
3.2937616
2.9616845
3.1396676
3.5296552
2.8022684
3.4184029
3.1904494
3.2637321
3.3288073
3.6754579
2.9072831
3.0249858
3.1641540
3.2256822
3.2508668
3.4201982
3.2701992
3.5962855
3.0091456
3.2309349
3.2931198
3.6348160
3.0311243
3.3791197
3.0701686
3.3141613
3.2797644
3.3513576
3.1047069
3.2472928
3.3208849
3.2805624
3.3282089
3.3219394
3.4343108
3.3943050
3.4651414
3.7103341
3.3465212
3.3527781
3.3874098
3.9271352
3.5333843
3.1184555
3.1348690
3.3601220
3.0236150
3.3193001
3.4066658
3.1584032
3.6746752
3.4290257
3.4019996
2.9223605
3.1211879
3.1013190
2.9694785
3.2252341
3.5725119
3.7827823
3.8172955
3.4548081
3.2339808
3.2235104
3.0778156
3.2584167
3.7299859
3.4077734
3.0202422
3.6800899
3.5149429
3.1375079
3.5341057
3.4175352
3.5884456
3.5879414
3.4894351
3.1440053
3.3794154
3.1666466
3.4825027
3.8706007
4.0207652
3.2797920
3.3556707
3.5326893
3.1943377
3.3757350
3.2216973
3.2487084
3.5689082
3.1930753
3.7463252
3.3082934
3.5811403
3.1767583
3.3996031
3.1425373
3.3907794
3.7420097
3.3636001
3.4000830
3.4284256
3.6060642
3.4078573
3.5046651
3.2625153
3.4763021
3.3789437
3.1724361
2.9943400
3.1699328
3.4217794
3.3774768
3.2887973
3.3762043
3.1848301
3.5659143
3.5788411
3.5357851
3.0693017
3.4149707
3.3216419
3.5301753
3.3102353
3.6418462
3.6512033
3.9607797
3.2388664
3.0025027
3.2043165
2.9357913
3.2512549
3.3477556
3.6360852
3.2500484
3.0229138
3.0899578
3.4104176
3.2056698
3.2835018
3.5941196
2.7597810
3.1671735
3.4340348
3.5368215
3.0301191
3.7961429
3.3144861
3.6410734
3.2704749
3.5942419
3.6036761
3.2416333
3.6991343
3.7458226
3.4589649
3.2501534
3.1415891
3.1581749
3.2257864
3.3789615
3.3328546
3.5207743
3.4459742
3.3660792
3.7571332
3.2264462
2.8155228
3.4290279
3.2016836
3.2872082
2.7720243
3.0749612
3.7552647
3.7664279
3.8383017
3.6940762
3.6187451
3.7089914
3.8670146
2.9474023
3.3390239
3.2583702
3.5721621
3.7468031
3.7006479
3.7442859
3.5141019
3.4929402
3.4310698
3.4695530
3.4369276
3.5532334
3.7313804
3.7376193
3.6118658
3.5057530
3.1589351
3.7498344
3.0033563
3.3475974
3.0048272
3.6000772
3.4934281
3.0982124
3.2264695
3.8505887
3.1753431
3.3233968
3.3476329
2.9732220
2.9885862
3.1540995
3.1356933
3.2526751
3.3966006
3.1258560
3.4506902
3.5668988
2.9878899
3.3475473
3.5093091
3.1398717
3.2366311
2.7681541
3.2343797
3.4712604
2.6648041
2.7372236
3.3399285
3.0474570
3.5211248
3.3191157
3.0406222
2.5608420
2.9678450
3.2251708
3.7003445
3.4581837
3.1764863
2.1778968
2.5677273
3.0557474
2.7300359
2.6009057
3.6542987
2.4338247
3.5754575
2.2568185
2.8052135
3.5378457
2.8904694
2.5791943
2.7334778
3.1010224
2.5950208
3.2033777
2.9820563
3.0960156
2.8353687
3.2441988
3.8158884
3.0512212
2.8555844
3.5490618
3.8207614
2.8387020
3.2297349
2.5973527
3.2891594
3.6527392
3.0131065
3.3214277
3.6196142
3.1975567
3.5640008
3.3479316
2.7499311
3.0723038
3.0116261
2.6632310
2.4172226
3.0726522
3.2879185
3.2585277
2.9209774
2.9771814
3.0084326
3.1747088
3.0883153
2.4899967
3.2249421
2.8996744
3.0674538
3.2575298
3.0386136
3.1886591
3.3650789
2.4068463
2.9540844
2.8400183
2.4572472
2.6316947
2.6088356
2.7690289
3.4522395
2.7711669
3.1800503
3.1718426
3.4038605
3.2795977
3.1119485
2.1415475
2.7587593
4.0019915
2.5466365
3.0760301
2.8859659
3.1204171
2.8824452
2.5714173
3.3875685
3.0039820
3.0736322
3.0032691
3.1762179
3.4725352
2.7359672
2.6425538
3.6382946
3.3740341
3.4143362
3.8036952
2.8591610
2.7011924
3.3797694
2.6960727
3.3984073
3.4852414
3.2349926
3.0962508
3.9426870
3.9961094
3.7536242
3.6061181
3.7324990
2.4518065
3.5575993
3.3635546
2.9557659
3.3559846
4.0869211
3.6979728
3.5579649
4.0876918
3.7669530
4.2297256
3.6297629
3.3141573
3.7280767
2.8646272
3.5430263
4.3322991
3.1920278
3.1995619
4.1517932
4.2293018
4.8924774
3.9698989
4.1510285
4.1883095
3.9527280
4.4808429
4.2940785
4.0332761
5.1506149
3.2840112
4.2691104
3.0675037
3.8768409
4.7877411
3.6302970
3.8823002
3.1350692
3.7553902
4.3029103
4.1877264
4.8546097
3.9074337
4.4672101
3.7929763
4.2560551
3.6157228
4.1668848
4.4432419
3.3773767
3.6992492
3.6893933
3.4315484
4.2644800
4.4901231
5.0978175
4.3398175
5.9420952
4.1921202
3.1821610
4.3765386
3.0428933
2.7901383
3.4224117
4.1808492
3.8369504
4.0812799
4.1936238
3.6658938
3.8565870
3.3974985
3.4450484
3.7274558
3.1980340
4.2783421
3.9752688
3.8141711
3.7963140
4.2534970
4.8381991
4.0733183
4.2378018
3.6028118
4.3040463
4.0875422
4.3997662
3.8575969
3.9542811
4.4237017
4.3026414
3.9332022
4.3016037
4.4241522
4.9300913
4.1285544
4.8811183
4.5040281
4.6219044
5.0145738
4.2890806
4.7927816
5.6390498
4.2919574
4.1681732
4.1908442
4.7138886
4.9535149
6.0325269
6.2186999
4.5877184
5.0237092
4.6048456
4.5569237
3.9027180
4.4807490
5.3112409
3.7813014
4.1576541
4.2811910
4.9488086
4.8108067
4.1546332
4.5261175
4.2648131
4.7285744
4.6383916
4.5164447
4.2306682
5.3377328
4.8581961
3.8016445
5.1030674
4.3816257
4.2675940
4.5623741
5.2379896
4.6014055
4.2925186
4.6345476
4.5523222
4.7468979
4.2323345
4.7280759
4.1720104
4.3555437
4.3646379
4.3672160
4.1952945
4.0929188
4.5437010
4.5456347
4.7142511
4.6530088
4.4790390
4.6216420
4.6440368
4.5549367
4.2926518
4.5818959
4.5431640
5.0745020
4.1616868
4.4180224
4.4592945
4.6115872
4.8830716
4.0387606
3.7879211
4.3017846
3.8467526
4.5226157
4.3595934
4.3477649
4.6988526
4.2840694
4.3451574
4.4043562
4.3985414
4.7889591
4.3419900
4.3169512
4.2513992
4.5487857
4.6942343
4.5063998
4.5548952
3.8917575
4.5583491
5.0537621
4.8429731
5.1713418
4.7834651
4.5821363
5.2923938
4.8138183
4.6851647
4.7526288
4.5764928
5.0026732
4.9418841
4.8089822
5.0965558
5.5803359
4.7516234
4.7413281
5.2637476
4.7508618
5.2493794
5.2846706
4.8769467
4.9221231
5.0235052
5.3420687
5.4384925
5.1265685
5.3914585
4.5445382
4.5929659
4.7932601
4.8926643
4.7359469
5.4116990
4.8139948
5.0611018
4.7796895
4.8201680
4.3287680
4.5932256
4.7588137
4.6472951
4.6795169
4.7061940
4.7977106
4.6811891
4.5837695
4.7283468
4.8527192
4.4917518
4.4825236
4.9424551
4.9050461
4.1723366
4.7420070
4.8444927
4.2492122
4.8658996
4.6851466
5.3893206
5.0592209
4.7956239
4.8233288
5.3152035
4.8859058
4.5050031
4.1052200
4.7848009
4.9842835
4.4865054
4.8694514
4.6320244
4.7297876
4.9308016
4.7497378
4.4666055
4.6735636
4.6567972
4.4755695
4.5740126
4.6637213
4.4710441
4.6242615
4.7449990
4.7142369
4.8778750
4.5244116
5.0531617
5.0684281
4.8298699
5.2466758
4.8299492
4.9275452
4.5797216
4.9122681
4.4989868
4.7655912
4.8126882
4.9442657
5.0320269
5.1589542
4.9242730
4.6338652
4.7414610
4.8104026
4.7621670
4.5444943
4.8729885
5.2294439
5.3129603
4.6557859
4.7261667
5.1757074
4.9720768
5.1274782
5.2505808
5.0102695
4.9289417
4.8158577
5.6128302
4.4083233
4.7715763
4.7561934
5.0884532
5.1685696
5.1682587
5.0046230
4.9977498
5.0343725
4.9249124
4.9830158
5.5218836
5.0669908
4.8383635
4.9919567
4.7707862
5.4509427
5.3698225
5.1854802
5.0535647
4.8306589
5.1091690
5.0258990
5.1179890
4.8142962
5.3319227
5.1747344
5.1331441
4.8769371
5.2355106
5.3027398
5.2764148
5.1010031
5.5554175
5.2621085
5.2274229
4.9601058
5.0843644
4.9344863
5.1556823
5.3012823
5.5423594
5.6846793
5.4032810
5.6577977
5.1522631
5.2250598
5.1719498
2.5004633
2.3143280
2.1719041
2.4872373
2.6807077
2.5327986
2.4780912
2.4396802
2.4777955
2.6844830
2.2754323
2.4073893
3.0429247
2.3165604
2.7165410
2.4579729
2.7263063
2.5741580
2.6770477
2.4970571
2.0480162
2.3374438
2.0804497
2.0714908
1.9031786
2.4432569
2.0127632
2.1753750
2.2828162
2.3063948
1.8636339
1.8564066
1.8244630
2.4229432
2.1879129
2.0159219
2.2783163
1.8324997
2.0012321
2.3726749
2.2236088
2.1945830
1.4923497
2.1073523
2.4998064
2.2739474
1.8717868
2.0673901
2.2659540
2.1381983
2.7525173
2.2933817
2.5302191
2.7273672
2.7499356
2.2372883
2.3036162
2.0141341
2.2624508
2.2461770
2.3452918
2.2383448
2.1952301
2.1243542
2.1435344
2.1986597
2.2026221
2.2576280
2.3490722
2.7386462
2.3140561
2.7096747
2.4945262
2.4207187
2.7411438
3.0561967
2.9065279
2.1439927
2.3009093
2.1555649
2.1667426
2.6106788
2.6630484
2.7029889
2.7795526
2.7267700
2.7460878
2.4023095
2.4612391
2.5166800
2.4930518
2.8643459
2.4611742
2.8118057
2.4596749
2.5909598
2.2089150
2.0656747
2.7729000
2.5772430
3.0130138
3.2414395
2.7791181
2.6558366
3.1394276
2.0755009
2.1495937
2.2950450
2.5883499
2.4358840
2.4951056
3.0053573
2.9548762
3.1426005
2.8873209
2.7063782
1.9962483
2.0736843
3.2649955
2.4970804
3.2174647
3.3466160
3.6280128
3.0371214
2.8786014
3.4125036
2.5215981
2.6274584
2.8571244
2.7454249
2.4495971
2.8751613
2.3118143
2.5577106
3.2018138
2.9727920
3.2720350
2.7880680
2.5975455
3.0549023
2.2402693
3.3021717
3.1693471
3.1990655
3.1871376
3.1110901
2.9451258
3.1688697
2.8792153
2.6225823
3.3907851
2.1916038
3.3159154
3.0125144
3.3140183
2.0824923
2.3627404
3.1629197
3.3876019
3.0130079
2.8004705
2.3449963
2.7925581
3.0840478
3.2045167
2.8577008
2.7815605
3.4678074
3.0622707
2.6483483
2.8351129
2.3214067
3.6345060
3.1350132
2.3719285
3.0201352
2.8813904
2.9166528
2.8700204
3.0600700
2.7748977
3.3108999
3.3719252
2.9927160
3.0035597
2.6423385
3.3059599
3.0080914
2.7265989
3.1971976
3.2185053
2.9764790
2.9296185
3.2508501
2.7986003
3.3159492
3.6361272
3.1947947
2.5840433
3.0662672
3.5282466
3.1343565
3.0727531
3.1220381
3.0623593
3.1538631
3.4332535
3.3268950
3.2945158
3.3801908
3.6926346
3.6494548
3.8539206
3.6688955
3.7789838
3.8693454
3.8115369
4.0667290
3.9474976
3.6296024
3.7881032
3.9125790
3.7717382
3.6062439
3.6840201
3.7127612
3.3844308
3.4907045
3.2822281
3.2804605
3.5419097
3.6871477
3.0937846
3.5331884
3.5609670
3.6959421
3.9058039
3.6749562
3.4337350
3.6722461
3.5510535
3.2991550
3.4317829
3.5304767
3.2037325
3.4750638
3.4081499
3.6520850
3.0883903
3.1843336
3.3914601
3.4275303
3.2898938
3.2418810
3.1261641
3.9678270
3.4640202
3.4413847
3.6700151
3.6862745
3.3051254
3.3301794
3.1666835
3.1609456
3.5340009
3.1107101
3.2177567
2.9667012
3.4224356
3.6466211
3.3788708
3.0316152
3.2113904
3.1649560
3.3534890
3.3809342
2.7966763
2.8668266
2.6287968
2.8190637
3.0163495
3.2769900
2.8043238
3.2998174
3.1851026
3.0745474
3.3155409
3.6398872
3.7328176
3.1438604
3.3787307
3.1333585
3.3111084
3.1923506
3.2918198
3.1234918
3.2120932
2.8187772
3.3859417
3.5286672
3.2039582
3.2419763
3.4934460
3.1679767
2.9898204
3.4105232
3.5428288
3.4971280
3.6067214
3.4106397
3.7073006
3.4609275
3.3365961
3.4430752
3.2966577
3.5558845
3.3176511
3.3319451
3.3613897
3.2364127
3.1496697
3.1610200
3.2381065
3.4123863
3.7978698
3.4842739
3.1972219
3.6832881
3.4209488
3.8058655
3.4776270
3.2057805
3.3451425
3.7177126
3.6556816
3.8553569
3.8469662
4.0947860
3.6218813
4.0958452
3.9638814
4.1951443
4.1657049
4.1117555
4.6083354
4.0284104
4.7208272
3.9866743
4.7251495
3.8027035
4.1359188
4.8370827
4.4118903
4.4510558
4.4499490
4.0804598
3.8762818
4.2125823
4.1004111
3.6452796
4.4136366
5.1499333
4.7012137
4.2781190
4.7363911
4.6438947
4.7371455
4.9247273
5.1831701
5.4734091
3.9713872
4.9158436
4.9452500
5.0905987
5.1384158
5.1864028
5.8881847
5.5699820
5.3945788
5.2533442
6.4886707
6.1447304
5.8702398
7.0353430
5.1050672
5.4171776
7.0946388
7.1856451
7.9597630
7.4575613
8.4064675
7.8837336
6.6140334
7.9245330
5.9995492
5.5334917
7.2811922
10.3027429
8.2638722
7.6964682
7.2666527
8.1508170
8.9013551
6.0807812
10.8567248
8.7629491
12.3136324
11.8730891
11.7988654
7.6022285
5.6098894
10.8138411
7.5478665
6.8979287
6.0526277
12.7046568
14.6488389
15.0054911
8.3307244
13.0117209
5.0596552
13.9515016
15.6912954
14.2229911
4.1263133
5.0149573
3.8395068
4.7999879
6.0406072
6.2224437
4.3967166
5.1184450
5.2216998
5.1069322
3.7638766
5.1669757
4.6915875
4.0900633
9.2188415
4.8080979
3.8769638
3.8405801
4.3325686
4.4523115
5.7310141
12.7187507
4.5602847
12.2819158
4.0889607
4.8010081
3.8145982
4.1798394
3.5730403
5.1189465
5.1160961
3.4980822
3.7798738
4.2128478
5.0456334
6.0286622
3.4103400
3.4750440
3.0887900
2.5405449
2.6105569
5.4355733
2.5685657
3.3688736
3.8406027
3.5352390
3.0948826
4.5789146
2.9910958
2.8127548
3.5601192
3.2248674
2.8033256
2.9958302
5.7762729
3.9721597
3.0043622
2.6981204
2.9359112
3.1081754
1.3038536
2.0526713
2.1787299
2.1706428
2.8808399
1.6338994
2.1384715
2.3199079
2.0774383
2.0554296
2.3185431
2.6293530
2.3318507
1.8961603
1.7893073
2.0370526
2.8896312
2.8162388
2.9288493
2.3692106
2.0725057
7.3382018
4.9379012
2.8046559
2.5560345
3.0522841
3.0940896
3.7284371
3.4319180
6.1072526
3.1692218
8.9619363
3.2477159
2.9644257
5.8384398
5.0222321
12.3767739
11.1563167
12.1561015
9.3712199
7.6331341
4.7468979
3.5855546
3.3241863
4.7022841
12.5602673
5.3946227
3.4333454
12.3396448
4.4220427
11.4570682
11.2405174
3.4705203
4.0478986
3.6199296
4.7968778
5.5835984
4.7311098
12.3978381
11.2278366
11.0396587
12.9565865
3.2819888
7.2206548
2.8270651
6.9404592
3.2714479
1.8449650
10.9626552
3.9924465
3.3307272
2.4530013
1.8746043
2.2675287
1.7708352
2.0192850
1.9076436
3.1065360
2.1664291
2.0278308
2.1195320
2.4571084
2.2947845
2.1980162
2.7790390
2.6334485
1.7968836
2.9437163
2.0144809
4.0992840
2.7027012
1.7696018
2.5506798
3.0842055
2.3758941
2.6573712
2.7793035
2.2344014
2.6596425
5.6745904
9.0090781
4.3335289
2.9863295
4.3555236
4.6100101
2.1880783
9.3423551
10.5568694
3.1909565
2.7835834
1.8756784
2.8746029
2.8928873
3.0034278
2.8309254
5.7558912
3.5543409
1.9514981
2.2966812
2.7145887
2.0895581
2.1816974
2.6804744
2.8946561
2.0031444
2.0459844
2.5529321
2.1781872
1.9404308
2.0805420
2.6483188
2.0581403
2.7772049
2.6256006
1.7629253
2.5582691
3.0891344
2.5543033
3.7093922
3.1569298
2.4240213
2.9634671
2.2655489
3.3481436
2.2368162
2.8822504
2.2961901
2.9502774
3.8361108
2.7580808
1.9453428
3.4395272
3.7649577
2.2851934
3.7231283
3.1966478
2.4383924
3.6675782
4.0907098
2.8459142
2.1962993
2.7133057
2.5510892
2.0994221
1.7693088
2.4883339
1.3511800
2.6551281
2.5543099
2.3208176
2.9171803
2.8856321
2.9624123
3.3010237
2.5504937
2.6424931
2.9658521
2.6398097
2.5526163
2.6929969
2.6077765
2.7370433
3.0298984
2.7891383
2.7216853
2.6855950
2.7718734
3.0632491
3.1516322
3.3824794
2.0223633
3.2801195
2.1617537
2.5660569
2.9357110
2.4423596
2.6865758
2.6920796
2.7361734
2.4340294
3.0335952
3.4657559
2.0331391
2.0460549
2.5351345
2.0222586
2.5280852
2.6302194
2.5526514
1.9902844
1.5061658
3.1457969
2.1978143
1.4546881
2.0542718
2.0969378
2.3848276
1.8608797
2.6050808
2.5977288
2.7305226
1.8059882
2.1411827
2.4519540
1.8263755
2.4973511
1.8168036
2.1241012
2.3639180
3.8464649
2.3571296
1.9741852
2.2431769
2.1924485
3.3260370
2.4380471
2.2683076
3.3101661
2.5014529
3.2405012
2.5557095
3.1346099
2.1655042
3.2532837
2.4527750
1.1846158
3.2493262
2.6091686
3.0549072
2.7503005
2.3533526
2.6010846
2.1624147
3.0768108
1.6779546
2.6139274
1.9693272
2.2222248
2.6817922
1.7089606
3.1831739
3.0759259
2.5435998
2.1177093
1.7497078
2.0482550
2.1779771
1.9150334
1.7324365
1.9493935
1.8574296
1.3820220
3.8315779
1.8479084
2.4241038
3.0408263
2.8928415
3.0168200
3.0529712
3.3651007
3.4529822
2.5098931
2.7569289
3.1761020
3.3800422
2.3294397
2.9186119
2.4157387
3.2195908
2.8794312
2.9555507
2.3815326
2.9384720
2.9545094
3.7841903
3.1588381
3.4712902
3.1431242
2.9740514
3.0244632
2.7696996
2.8313529
2.7439080
1.8265906
3.6460792
2.8851002
2.5958575
2.4893963
2.1644420
3.0835564
2.8139134
3.8466958
2.7017867
3.0801408
2.8755398
2.7594489
2.9794395
1.9188122
2.4876903
3.3473392
3.4729815
3.1326604
3.1665393
2.9454585
2.6693782
3.0282623
2.7732639
2.9610997
2.9669721
2.0201152
2.5743304
3.1888158
2.9632636
2.0352095
2.2974892
2.2520472
2.9717953
2.9027206
2.0957562
2.8134055
2.4205939
2.9090451
2.6879706
2.4552090
3.1240492
3.4319922
2.2604683
2.3411450
2.8974579
2.6209800
2.7813215
2.4142931
1.9637338
3.0455296
2.9378694
2.7105625
2.9522598
2.4145358
2.7055273
2.8146801
2.6433087
3.1590427
2.6758424
2.9026723
3.3661523
2.7592164
3.4990297
3.6094370
3.6900445
2.8873811
3.1268571
2.1085044
2.8630607
2.2680510
3.0471654
2.3520494
2.4534304
2.4787596
3.1737655
3.3605096
3.4168317
3.5360340
2.8481067
2.8818774
3.1397135
3.5842701
2.3365628
2.4216527
2.6776617
2.6762780
2.8209228
3.0173257
2.6056277
2.2797119
3.0921520
3.7262071
3.1502867
3.3657707
2.0695968
2.4498119
2.2286449
2.8668596
1.8842455
2.8113494
2.4087133
2.7120555
2.8004728
2.5347653
2.4982468
2.4616980
2.2439223
2.2872548
2.7483422
2.6531951
2.4190026
2.3133611
2.5415324
2.7983142
2.8916660
2.5599427
3.1085911
2.8317011
2.8027848
2.6507193
3.4725214
2.6280674
3.3012246
2.7555314
2.9181529
2.6068871
2.8148572
3.3053984
3.3028214
2.7671121
3.1831336
3.0403935
2.9999756
2.6498581
2.5720913
2.8720040
3.3092787
2.5073506
2.7025484
3.3539000
2.9410214
3.0739553
3.1116810
2.9363190
3.0501210
3.1033479
3.2628647
2.8854525
2.9652829
2.9148789
2.2691937
2.8985039
2.3900890
2.2788458
3.1669468
2.8720583
3.0600950
3.2678150
2.7129874
2.3223824
2.9791920
2.8384260
2.5118470
2.7053541
3.0952719
3.1797591
3.1519364
2.7627693
2.3607820
2.2395279
2.5894397
2.9681438
2.5507165
2.5958282
3.2427201
3.0224466
3.4068816
3.1892710
3.1260960
3.0754509
3.1693469
2.8000078
2.5739752
3.0160124
2.9709181
3.3647234
2.9238335
3.3901150
3.1419318
3.1547705
2.7530568
3.2047305
3.2180359
3.6155419
3.2893211
3.2203236
3.4460277
3.4864827
3.2830727
3.3522087
3.5615579
3.5320142
3.7467308
3.7100953
4.0184293
4.0130112
3.7432692
3.7367388
3.1861424
3.3593625
3.6762331
3.7638097
3.7715054
3.1312348
3.2457991
3.1992491
3.2868977
2.7246920
3.2803041
3.2814500
2.3775399
2.6637605
2.5351731
2.6856392
2.5096061
2.8274652
2.5555168
3.2020366
2.7045718
2.5442524
3.0065291
2.6955854
2.8327771
2.2978092
1.6305717
1.9969263
2.1969498
2.2816864
2.5186500
3.2489484
2.1211562
2.6010049
2.7959807
2.7997984
2.6928309
2.4795576
2.5341003
2.5851859
2.4000499
2.8876748
2.0298797
2.4075635
1.8521375
2.0856036
1.7488355
2.3934652
2.1292882
2.5680755
2.5583548
1.9726751
1.9623276
1.6361241
1.6159910
1.9295689
1.3290081
1.6367909
1.1613052
1.5944660
1.4978071
2.3038659
1.6507243
1.6580700
1.6916865
2.3012547
1.4585778
1.6165737
1.8451587
1.8629683
1.7875979
1.7897173
1.0001028
1.4996963
1.6675066
0.9135092
0.8286600
0.6850624
0.7135024
1.0497631
1.0789004
1.4914003
1.5553282
1.6082531
1.3204745
1.1813591
1.5239603
1.4950279
1.1483790
1.0795911
1.6232186
2.1791653
1.9616076
1.7354204
1.4084967
1.4524812
2.1683025
1.7678939
2.5038205
2.2712643
2.3468667
1.6559419
0.9583092
0.9889448
1.1061883
0.7557668
1.0152786
1.4384914
0.8500390
0.8924290
0.5435740
1.1487303
0.9629598
0.7825880
0.6217057
0.7024150
0.6057092
0.5724135
0.9158268
0.3442895
0.9357039
1.0907765
0.8243730
1.4170895
1.0264601
0.9383296
0.6159574
0.7391621
0.8159863
0.7542012
0.2988512
0.8916793
0.9529834
0.4275986
0.4293180
0.3303748
0.2557807
0.7846067
0.4223850
0.4996166
0.6386310
1.2415596
1.2451492
0.8923967
0.6451393
0.7891579
0.6284136
1.1402213
0.6630030
0.9144348
0.5881442
0.5363813
0.8629582
0.5480120
1.0957520
1.0519256
1.0769283
1.1089598
1.2806600
1.1291946
1.0131532
0.8430095
0.8594857
0.8750781
0.9022170
0.6404875
1.3507794
0.7430045
1.0240366
1.4075537
0.9117912
0.8766316
0.9632564
1.2537807
1.2343510
1.3684614
1.0406298
1.4653979
1.3342298
1.2370146
1.2162392
1.4796567
1.3388660
1.3512984
1.1508815
1.3445780
1.2392587
1.5518691
1.5360941
1.4690108
1.2617254
1.4103373
1.5622660
1.7697599
1.1134527
1.5896150
1.3442046
1.3563396
1.4015447
0.9844817
1.5155471
1.2770382
1.4054958
1.1319967
1.2088297
1.2111068
1.3308525
1.0505601
1.1909942
1.1444958
1.2942678
1.1496140
1.5658983
1.2493485
1.5960171
1.4988756
1.3144042
2.0354497
1.1089935
1.0915935
1.7481754
2.0181145
0.8807518
1.1201421
2.1876492
2.0648551
2.2347708
2.3321074
1.7876754
2.3129414
1.3235346
1.7873462
1.4794987
1.7139112
1.3177145
1.8279935
1.2181724
1.4012604
1.3426895
1.3582822
1.6673303
1.8394390
1.7227950
1.9895832
1.9318267
2.2590247
2.1814466
2.2452460
2.1151482
1.8441037
1.7487342
1.8327422
1.9866825
1.7997256
1.5515381
1.6426943
1.8569247
1.4186085
1.9846984
1.9807955
1.7674734
1.4040511
1.5752006
1.8516934
2.1938303
1.8253459
1.8521455
1.9680405
1.9949472
1.4532206
1.4391716
1.9533113
2.4118917
2.2185451
2.1095844
1.9806725
1.7184442
2.7005410
1.9208731
1.9472911
1.9768164
2.0934617
2.8932226
2.1504006
2.1521155
2.0962409
1.6218314
1.9907423
1.9864769
1.8043924
2.4368125
2.4152218
2.2120260
1.6095062
1.9556061
2.7101715
2.3788224
2.1154082
2.2288598
1.9642388
2.4751182
2.2200973
2.3252765
2.5071937
2.0724816
1.8175060
2.0075581
1.9930476
2.1508173
2.2344204
2.1147667
1.9135365
1.7676780
1.5334190
1.7695383
1.8777392
2.0251373
1.8526197
1.3689575
1.9109022
1.7244697
1.8733194
2.1203419
2.0318806
2.2907127
2.3745866
2.2986338
2.2146779
2.3178788
2.4224886
2.9855462
2.2077539
2.9107169
2.5562172
2.4042801
2.6706593
2.5657853
2.3986915
2.6814098
2.3272701
2.6094712
2.1900225
2.8198905
1.9897700
2.4805763
2.3765799
2.1654594
2.7701392
2.1497381
2.2698571
2.6043027
2.3060710
2.5535784
2.3251222
1.9825083
2.0856648
2.3365925
2.2436516
2.4148370
2.4473137
2.5697312
2.3371203
2.5732543
2.2453849
2.5150958
2.9636370
2.7566112
1.8188232
2.3016978
2.3996613
2.3020033
2.0306759
2.0970478
1.9135840
2.0420788
1.9407661
2.4981114
1.8266445
2.5466613
2.3457065
2.3919785
2.5473545
2.3751827
2.9665499
2.6971521
2.6849906
2.3763532
2.7972460
1.8998026
2.1054443
1.7488504
2.5235305
2.6554741
2.0688523
2.5060471
2.0886909
2.5787382
2.3446458
1.9066475
1.9004892
2.3135747
2.1061309
1.9776406
1.9375301
2.5943283
2.3184515
2.3388912
2.1398138
2.4606643
2.5661841
2.4770812
2.0898377
2.2276406
2.3437959
2.2185628
1.9202455
2.1015905
2.3401005
2.5468194
2.4961724
2.4951451
2.5521813
1.9763094
1.9361095
2.4546064
2.0416166
2.3599146
2.6250716
2.5453818
3.0994277
2.6316845
2.8697735
2.4968033
2.6454840
2.5923747
2.5920471
2.3684627
2.2355414
2.5691822
2.7322157
2.5388843
2.2569062
2.7822844
2.6015069
2.6312079
2.5576460
2.5234374
2.3511941
2.4290967
2.3322913
2.3988792
2.3124391
2.5489448
2.2320477
2.4183609
2.2599455
2.4183621
2.6035668
2.3317601
2.2861691
2.4273417
2.4395590
2.3019155
2.8322710
2.5273939
2.9918031
2.3018233
2.4008195
2.2975543
2.7136006
2.8198575
2.6133695
2.4011857
2.4800438
2.4533349
2.4177227
2.4260368
2.4723252
2.5347024
2.4585940
2.7867907
2.6934747
2.5845999
2.6395597
2.4103127
2.1591464
2.5112402
2.6770234
2.1483491
2.2775552
2.3617631
2.4148214
2.4058065
2.5641760
2.4260529
2.3527519
2.6816064
2.1210800
2.0725459
2.2849393
2.3327516
2.1154373
1.9897520
2.1043380
2.7165326
2.8580109
3.2385287
2.9422570
3.3394297
2.8715432
2.9859615
3.2670325
3.0569041
2.7413993
2.7082902
2.6188526
2.6564202
2.8867987
2.5060101
2.3836510
2.5049450
2.7495336
2.9491048
2.5753030
2.5483063
2.4127666
2.6614808
2.2643380
2.2943757
2.6525305
2.5209423
2.7704862
2.3273043
2.3257021
2.3153020
2.3951620
2.1176261
2.0941618
2.7609817
2.4512112
2.3486947
2.6280063
2.1449817
2.4693954
2.3296508
2.5825547
2.3587533
2.2549485
2.5553950
2.1622740
2.4713591
2.3218615
2.4370139
2.2741116
2.6460919
2.2754236
2.2899112
2.5658163
2.6024939
2.4730647
2.5031320
2.5288472
2.3714031
2.6839276
2.7247396
2.2791029
2.3657118
2.4675881
2.6495980
2.6965586
2.6232169
2.6564585
2.2111480
2.2585848
3.0561625
2.4842800
2.5138289
2.2576157
2.6910321
2.4940949
2.5547406
2.8926446
2.7112502
2.0546888
2.5565869
2.4543081
2.8664668
2.3037295
2.5057706
2.4150130
2.4690984
2.6185934
2.3249881
2.3484189
2.3800762
2.0655699
2.2591905
2.1418860
2.3122006
2.0920015
2.0464619
2.3931734
2.3573618
2.4048797
2.0641790
2.2316201
2.0982121
2.3461166
2.6615094
2.3327153
1.8200970
2.1782502
2.7898777
2.4336657
2.4857353
2.3970467
2.1363875
2.2570455
2.3204235
2.3216433
2.2897408
2.3642260
1.6961394
2.5075545
2.4134043
2.9385148
2.7606451
2.3482714
2.3260721
3.1882852
2.6663601
2.9304110
2.2720765
2.6178905
2.9392063
2.2387071
2.6576881
2.4535798
2.6476318
3.1173669
2.7896694
3.0380706
2.8218483
2.4435366
3.1087980
2.7360689
3.2115107
2.9099791
2.1145129
2.7215373
2.1809741
2.4515586
2.3906158
2.4241920
2.2261408
2.6101923
2.7412493
2.8990987
2.5138339
2.6975029
2.0319460
2.6978074
2.8040987
3.3070306
3.5424739
2.9782040
2.8177340
3.3866333
3.4125557
2.5405495
3.1820760
3.3862071
4.3972243
3.3664040
4.3498848
3.2648594
1.9385482
2.6623521
2.9310148
3.1624900
3.4228570
3.0669940
3.6297388
3.5146016
2.5900176
2.5447434
2.3423905
2.3163572
2.0762821
1.8069748
2.2966561
3.1996152
2.9750147
3.3106720
2.5613009
2.2884218
1.9899150
2.9069059
2.0579984
2.2434170
3.4705245
1.6620117
2.5718856
2.4875704
2.7571122
2.8390773
3.9929743
2.0727428
3.1715401
2.8048165
3.6999994
2.5635911
3.1723647
3.4972699
3.1511452
3.2687061
2.8732134
2.6502229
2.8814824
3.1035955
4.0001061
2.4119206
3.2118995
2.7197015
3.9818941
3.4435973
3.3367393
3.1785979
2.8890267
3.0492612
2.6268128
2.7953308
2.6506875
2.5722825
2.6932038
2.5693155
2.8297071
2.7097707
3.2712180
2.7608205
2.5154872
2.6803735
2.2405287
2.6094858
2.5631500
2.2485902
2.9633466
2.4884896
2.3062798
1.9666287
2.5636588
2.5063018
2.8085058
2.7192380
2.2541640
2.2204716
2.9058562
2.5491322
2.2800999
2.6513823
2.4647187
2.4874643
2.6199194
2.8818240
3.1090081
3.0802890
3.0849053
2.6831252
2.8083135
2.5933330
3.0786240
2.6417598
3.2295907
2.7975830
2.6947240
3.0618858
2.3164031
2.6236288
3.0185360
3.1572225
2.9725853
2.9639625
3.1732162
2.9323419
2.9112451
2.9183748
3.3735757
3.0128376
2.7672872
3.0694761
2.5371987
2.4573366
3.2737310
2.5268671
2.5883325
2.3272801
2.6099809
2.6004975
2.6939130
2.2190782
2.6189737
2.7502153
2.9295380
3.2277315
2.8165102
3.1279444
3.1101085
2.8484097
2.9877020
3.4632526
3.3432555
2.5084582
3.1771144
3.2187674
3.1003485
3.2443438
3.0863495
2.6174231
3.1839063
3.2034784
3.0020342
2.9266950
3.0162559
2.9524139
2.3570580
2.8096533
2.4814743
2.6917009
2.7137396
2.5267711
2.0630300
2.8625229
3.1232648
3.1983861
2.9775041
2.8206314
2.6162684
3.0796401
2.6608320
2.8735284
2.9198928
2.7734288
3.1008445
2.7336612
3.2067373
3.4575881
2.6680236
3.2180588
2.4301445
3.0209959
2.4286048
2.4694482
3.1275939
3.0907314
2.5837707
2.9636348
2.9503330
2.9863267
2.9399051
3.1159101
2.7550392
2.7756988
2.6922358
3.1989365
3.1755001
3.0123007
3.2918796
2.9785207
2.8373649
2.7166303
3.2087383
3.2859263
2.8873229
3.1724534
3.3965473
3.1496624
3.0703674
3.4587417
3.2528221
3.0119227
3.5831827
3.6019446
3.2463254
3.4189631
3.7715176
3.4194793
3.4886779
3.8989839
3.5987011
3.8720317
3.7615229
4.0039407
3.5552795
3.7400145
3.7564021
3.7831666
3.6200285
3.5851247
3.3399857
3.7663056
3.5808186
3.4429508
3.7911018
3.3529234
3.3141808
3.5542016
3.3490907
3.2784016
3.4640037
3.4713341
3.6176687
3.5021078
3.1775947
3.5600481
3.3813038
3.0018501
3.1512451
3.4626660
3.4852304
3.4556214
3.6390560
2.8182392
3.2390303
2.8282991
3.2403254
3.2787241
3.2056545
2.4848748
3.3141092
2.7685896
3.0077721
3.6671798
3.1514942
2.9826920
3.5406842
2.9992343
3.5951217
2.9935734
3.0840888
3.0968483
3.2693412
2.9186419
2.7890112
3.2273214
3.5972694
2.9472674
2.9934135
3.2740423
3.1966049
3.6565001
3.2498582
2.9611237
3.1878867
2.8221612
3.3308324
3.1630640
3.2464431
2.8822335
3.3113109
3.3169464
3.5653206
2.7869129
2.7763649
3.3959903
3.3506424
3.3708021
3.2160061
3.3530252
3.1781627
3.0982965
2.8891539
3.3751582
3.3846633
3.3950161
3.4068987
3.1958683
3.2008600
2.9508907
4.0515319
3.6395154
3.7241975
3.3378994
3.2882090
3.1223573
3.3824119
3.2880736
3.2305169
4.2733643
3.5660114
3.2306082
3.5770744
3.3751451
2.7943815
3.5236445
3.5408353
3.1609428
3.2083850
3.2145507
3.1842180
3.3075553
3.2783698
2.7387911
3.4376412
3.0410625
3.0974877
3.0462365
3.1826631
3.3250731
3.1183768
3.4930803
3.3288351
3.0029166
3.5229741
3.3514179
3.4392157
3.2146853
3.4019473
3.1907732
3.1398473
3.0467384
3.0036102
3.2688050
2.9805881
2.8862101
3.0066604
3.2416897
3.0358410
2.8666175
3.0084478
2.8133847
3.4541063
3.2004962
3.0349949
2.5951470
3.1461263
3.1152215
3.4277651
3.3169189
3.8050936
3.3558589
3.3894670
3.2878876
3.3553263
2.8339069
3.2555139
3.1016467
3.1484849
3.2319622
2.7770101
2.9776501
2.9508054
3.1803002
2.7551082
3.2775387
3.2454826
3.1415049
3.0674890
2.8476100
3.0741156
3.1472602
2.9136435
3.1331616
3.2257904
3.3720839
3.4885489
3.2190202
2.7114451
2.9961663
2.9587752
2.8015784
2.9683574
2.8540566
2.7813806
2.8139927
2.8880517
3.0948388
3.0108459
3.2353799
2.9493040
2.7768739
3.0411686
3.1298127
3.0494978
2.9495025
3.1517093
3.3129575
3.1350614
3.0298835
3.3858274
3.4870632
3.3024799
3.3616468
3.1043440
2.9850817
3.3036769
2.8465557
3.0163054
3.4503865
2.9459078
3.1651720
3.0554505
2.9427317
2.8254359
2.8902506
2.9257632
3.1942570
3.0183485
2.9579047
2.7200738
2.5111248
2.7204421
2.4329761
2.8269294
2.7926749
2.6930851
2.4793295
2.1632065
2.5964694
2.2871653
2.2727559
2.7158531
2.7097533
2.8883588
2.8489756
2.7718876
2.2725191
2.9718983
2.2489495
2.3373373
2.4847886
2.1335703
2.7378464
2.3628223
2.2383832
2.4330807
2.5585622
2.3229829
2.3932628
2.5938547
2.2596061
2.6806539
2.2735180
2.3361500
2.0857551
2.2813411
2.5386884
2.4551675
2.6734176
2.7173201
2.2868455
2.3439586
2.1363111
2.2748436
2.6555209
2.4901657
2.5491310
2.2515703
2.9324558
2.6641126
2.0601228
2.4347192
2.4154667
2.3381419
1.9623515
2.0769034
2.2297634
2.3393071
2.0740320
2.4945701
2.4711308
2.3554206
2.3615986
2.1654312
2.5923294
2.5368910
2.2079582
2.1558173
2.3591702
2.4903333
2.4363674
2.5196573
2.3096548
2.6890513
2.3609848
2.1423094
2.1738134
2.2963670
2.3587947
2.4359499
2.6139346
2.3216601
2.4650478
2.5478946
2.5603438
2.2191719
2.3047958
2.1992837
1.8116700
2.3007838
2.6737349
2.5135468
2.2427543
1.9596898
1.9530218
2.0831249
2.1707679
2.1657830
2.0230477
1.7900246
1.8969432
1.8962470
1.9702745
2.0809735
1.7600947
1.7951172
1.8995877
2.2062360
2.1807642
2.1341301
2.3372681
2.3252449
2.2358875
2.1729989
2.2037555
2.3714713
2.3069639
2.2207639
1.9271783
1.9432150
1.8399829
2.0167640
2.0033059
1.8898234
1.9316879
1.9453466
1.7557685
1.7065246
2.1331056
1.8703416
2.2729202
2.1574729
2.2833626
2.2016270
2.0955606
1.8629822
1.8846661
2.0799585
1.8913349
1.9962440
1.9620553
2.1174070
1.6988813
2.0738791
2.3083981
1.9897475
1.7464380
1.7865163
1.8120339
1.7977086
2.0748792
2.0995895
2.0218262
2.3575645
2.1715220
1.9894875
2.0525165
1.9220641
1.9263279
1.8616515
1.9480243
1.9819751
1.9617131
2.1838897
2.0089359
2.0048134
2.1564478
1.6236779
1.8975242
1.6941092
1.7211174
2.0890006
2.1054913
2.0334164
2.1678251
1.7546492
2.0432649
2.3100558
2.3199794
1.9042983
2.3755998
2.3825537
2.3397611
2.2342299
2.2964235
2.2256735
1.9132691
1.7638064
1.7276848
1.7109752
1.9548658
2.4737712
2.2594344
2.2007513
2.2270055
2.4509340
2.3517388
1.9828869
2.3432129
1.9562147
1.9695310
2.2964191
2.1991502
2.2531312
2.1798678
2.3445387
1.9966717
2.2972427
1.8871912
2.5665990
2.5810967
1.8685028
2.4326623
2.2461978
2.2440106
2.3662967
1.9596405
2.0712918
2.2182949
2.1919188
2.0197616
2.1125520
2.3270330
1.9043423
1.9369569
2.1498970
1.9651837
2.1634487
2.2302909
1.9907995
1.6256826
2.1411553
2.0606861
1.8741985
2.1823431
2.0311137
1.9698930
1.6201988
1.8247190
1.8226439
2.0278239
2.0094773
1.6803463
1.6375763
2.1113135
1.6938619
1.4215415
1.8563228
1.8266579
1.8569955
1.9283204
1.7929152
1.9116870
2.1484064
2.0557976
2.4947111
1.9956385
1.9929982
1.5454633
1.8561854
1.5912487
1.4865181
1.4139342
1.5021498
1.4987633
1.5168725
1.8068652
1.4756778
1.4438696
1.6539698
1.1966905
1.2717764
1.5173439
1.1308091
1.1523227
1.3201223
1.5118432
1.7430441
1.8172717
1.2679632
1.5879139
1.6272132
1.5341051
1.5739635
1.6830152
1.5292057
1.6809136
1.3561053
1.4929052
1.6104918
1.6541784
1.8235561
1.5592659
1.5616174
1.7019169
1.4564966
1.5804808
1.6841758
1.2641938
1.7847164
1.6777435
1.7354016
1.8820736
1.7017673
1.5574577
1.8872423
2.0187340
1.4975221
1.9191504
2.0175583
1.7108834
2.4111711
1.5196790
1.7223262
1.8866979
1.9050393
1.7568500
1.8514854
2.2540877
2.3016795
2.4293077
1.8830900
1.5925250
1.9083260
1.9261245
2.3211690
2.1411452
1.9476112
1.4510220
1.9998529
1.9470403
2.3437943
1.7546212
2.2232103
1.9075891
2.0951077
1.8441366
1.6042668
2.4794966
2.0697898
1.8496533
1.7999985
1.9899315
1.7613435
2.7622545
1.9217178
2.2378192
1.9760430
2.5237082
2.7917330
2.1566876
2.1946251
2.4275344
2.2439269
2.6060526
1.9940185
1.9725553
2.1579841
2.0941081
1.8366235
1.8365016
2.2537283
2.1541558
1.7355100
1.8550331
1.7981652
1.9921119
1.8774338
2.0372276
2.1396815
1.8074760
2.0461219
1.8498637
1.7766109
1.5675432
1.6809972
1.9074428
1.8108023
1.8706679
2.0617373
2.0119460
2.1438778
1.8977184
2.0047408
2.2995871
2.2165694
2.0214932
2.2561952
2.2177652
1.9907854
2.6950112
2.4376567
1.8760410
1.7851738
1.8612470
2.3091650
2.1949810
2.0905978
1.7737889
2.1954874
1.8454049
2.2183991
2.1979959
2.4734721
1.9209785
2.0825144
2.3679900
2.1481234
1.8822113
2.0576964
2.0716517
2.3857018
1.9778268
2.3615085
2.2150039
2.0943770
2.2411508
2.2757262
2.4868545
2.5028528
2.0030319
2.2190589
2.3068050
1.9657986
3.0487142
2.3265182
2.2224741
2.3990477
2.1788731
1.9908878
2.4217894
1.9952637
2.1037110
1.7962059
2.9125423
2.4260749
1.9728310
2.4494743
2.9422561
2.7839238
3.2666628
2.8851330
3.3691177
2.8667321
2.6179494
3.0108550
2.5741652
2.7614448
2.4144117
3.0182856
2.0774776
1.8643871
1.8738581
1.8775614
2.0474739
2.0584819
2.0979782
1.8654269
2.2272163
2.3853746
2.4320352
2.0733399
2.2772292
2.3341102
1.8185048
2.0590274
2.1812023
2.2060168
1.9945886
1.9545696
2.2074853
2.1637538
2.1113850
2.4243078
2.3877483
2.5255718
2.2636983
2.2793935
2.0547222
1.8035401
2.5279627
2.0068070
3.1457553
2.1768272
2.3230311
2.4724678
2.2615834
2.9121884
2.3360139
2.7306723
2.1557754
2.0500977
1.9873017
1.7392696
2.0957094
2.3535136
2.2450586
1.7492262
2.7606872
2.2161238
2.2319108
2.0443681
1.5959525
1.8891784
1.8111225
1.9950857
1.7481659
1.7606097
1.8225731
1.6569936
1.7451517
1.7528897
1.7034100
1.5897057
1.9287321
2.0362755
1.9003121
1.8054140
1.6262764
2.1502221
1.8282711
2.0265037
1.7120907
1.6766645
2.0532321
1.9238475
1.6944739
1.9664960
1.8129006
1.9077798
1.8855304
1.6930336
2.1062539
2.2618235
2.2455184
2.2818885
1.7859904
2.0588433
1.6671887
2.1270881
2.2071931
1.9197655
2.7481632
2.4014990
1.8306255
1.9404324
1.6733698
2.0062452
2.0876269
2.1190160
2.1149896
1.9364271
2.1068111
2.1007231
1.7290710
1.8803938
1.8525408
1.7449843
1.6788402
1.5535970
1.8227747
1.7561714
2.1262135
1.6736876
2.0365785
1.9668309
1.9702608
1.7178479
1.4078955
2.3079310
1.8411401
1.5341893
2.1860551
1.7331451
1.6092030
1.7474768
1.7864726
2.0113650
1.7043087
1.8524820
1.8124008
1.8898095
1.7061607
2.8747594
2.2214080
2.1702449
1.6850714
2.1068673
1.9527763
2.0354346
2.0197069
1.9773744
1.5618221
2.0935008
2.2499536
1.9092138
1.7737014
1.9033155
1.7053968
1.7873479
1.4946776
1.8100835
1.6231476
1.9742820
1.7079836
1.6450731
1.9373641
1.8116004
1.7475593
1.7529598
1.6165394
1.4328348
1.7259706
1.5115487
1.6918809
1.9279255
1.7391559
1.5702116
1.9902883
1.6997419
1.5705881
1.3518831
1.2970744
1.3836938
2.0068543
1.8447163
1.1856788
1.5308140
1.3585600
2.2509855
1.2939059
1.8110061
1.4114044
1.2640141
1.6570444
1.5421456
1.4113091
1.2743076
1.5198431
1.4328797
1.7138326
1.2158680
1.8624959
1.1860774
1.8114108
2.1258021
1.7000856
1.8195195
1.3977739
1.1883755
1.9114181
1.7300169
2.0442081
1.7747596
1.7542522
1.4714172
2.0911489
1.9270521
2.3281491
1.6270727
3.1826074
1.8194170
1.9924179
2.2765882
2.0034274
1.3955141
1.5904264
1.8537743
1.5415678
1.3250805
1.3466467
1.8539458
1.4784690
1.9261463
1.9090186
1.7247279
1.7999299
1.8147271
1.9602200
1.5731833
2.1045634
1.2780970
1.5484536
1.8871024
1.4620105
1.1855525
1.7094770
1.4919653
1.2898888
1.5249882
1.8441253
1.2842044
1.2735415
1.4913346
2.0948474
1.2255630
1.9765188
1.6017293
2.8289756
1.2740356
1.5415120
1.7867033
2.2799132
1.5355627
1.3186949
1.3351498
1.5457154
1.8244566
2.0806295
1.3406406
2.3774275
1.3068452
1.9942278
2.2485575
1.5720437
2.9971179
1.4015988
1.5385836
1.7224684
1.3366835
1.4380031
2.3857768
1.3657919
1.4709090
1.3182050
1.3267526
1.4050374
1.5223104
1.3532944
1.5448497
1.3642966
1.4358073
1.5061959
1.7605511
1.9168312
1.9628777
1.5925989
1.3790330
1.1727648
1.8989665
1.1940598
1.5764328
1.7515704
1.4348694
0.7772497
1.3177426
0.7158898
0.9647997
1.5847569
1.4837802
1.4854536
1.8554930
2.0472917
1.4974356
1.3153605
1.2076775
1.1289042
1.2154200
1.4071402
1.3409361
1.9166736
1.1574366
1.2431272
1.2964385
1.0108735
1.4031191
1.3799146
1.4564466
1.6219769
1.7061180
1.5969008
1.5977145
1.5223278
1.3338148
0.9885275
1.1391205
1.5930271
1.0750772
1.2995499
1.2586147
1.1285322
1.0925042
1.7087171
1.2994369
1.5368586
1.0114836
1.5270023
1.0515194
1.6287138
1.1501281
1.2475179
1.0600279
1.3906723
1.4453928
1.5695722
1.4044677
1.9406692
1.8379885
1.9726361
1.3758595
1.5576279
1.0674817
1.3723249
1.2531954
1.4016470
1.4438130
1.0908810
1.0442953
1.2370293
1.8145256
1.4169596
1.1538618
1.0685098
1.2383637
0.8649053
1.3836558
0.9368808
1.1726951
1.0819850
1.3556153
1.0083399
1.7629901
1.1104746
1.4253653
0.9569863
1.2974347
1.5550387
1.1249646
1.2775816
1.7904410
1.1944094
1.5919091
1.3413986
2.3884514
1.3274604
1.0116158
1.1571851
1.3804166
1.2606998
1.4425806
1.2380333
1.7307669
1.1295194
1.3234018
1.3185737
1.4372066
1.3383969
1.1381535
1.1809396
1.2414032
1.1813227
1.3028467
1.3492668
0.9063658
1.0774692
1.2227539
1.1840153
0.8578035
1.2756833
0.9579000
1.4949760
1.2957282
1.4800913
0.8991108
1.2290342
1.2869409
1.7447649
0.8796714
1.2141170
1.8637556
1.3519789
1.6748783
1.5171310
1.8309990
1.2788775
1.5173982
1.1708504
1.3110606
1.3733195
1.4735259
1.0484376
2.0438693
1.2481080
1.2136975
0.9928732
1.1068085
1.0588628
0.8335739
1.0384395
1.1520615
1.0052707
1.4123929
1.2558878
0.9783434
1.1508495
1.1821210
1.0947371
1.1370607
0.7796894
1.2933081
1.2278890
1.1048769
1.0714559
0.9848650
1.2486469
1.0076673
1.0302423
1.3662601
1.4178080
1.7035995
1.7326543
1.2637838
1.5589115
1.3130688
1.2489697
1.0702614
1.3683365
1.0402956
1.2371547
1.4775429
1.2252841
1.3659198
1.2654256
1.4683156
1.8658990
1.1594883
1.0936676
1.5755555
1.3176222
1.2812516
1.2655844
0.9557956
0.7481030
1.3238635
0.9484012
0.9932682
1.2421371
1.5263573
1.2090377
1.3419977
1.4136069
1.7160671
1.5001136
1.5233318
1.8323766
1.1907258
1.0285818
1.9454914
1.2884945
1.1503672
1.7778774
2.0468355
2.0258877
1.7428758
1.4289129
2.4510130
1.2068263
1.4988981
1.7125799
1.5263303
2.0381181
1.4241963
1.6077317
1.5626606
1.5165548
1.7405854
1.6234409
1.2519022
1.2591002
1.3327209
1.5824041
1.7188701
1.6493146
1.4735098
1.7207985
1.5515697
1.6629200
1.6460733
1.8152852
1.5921415
1.4603920
1.8246046
1.5936653
1.8156117
1.7406983
1.5213254
1.6126440
1.5788053
1.5353628
1.2763115
1.6222031
1.5463721
1.5927350
1.6909668
1.5559956
1.4848558
1.5030200
1.6228728
1.8166849
1.8165903
1.9203283
1.5806390
1.6016253
1.3443509
1.6244357
1.6429650
1.4767600
1.7425575
1.5576297
1.8319826
2.0441808
2.1236496
1.4826879
1.4111766
1.7104021
1.5362612
1.5425570
1.6864338
1.6358246
1.5701587
1.9445131
1.9886173
1.7049024
1.6701555
2.3534960
1.9826393
2.0920862
1.9098660
1.4862343
1.8196246
1.8241086
1.7561235
1.8667997
1.9110755
1.8573066
1.7911881
1.8313743
1.5770966
1.7293113
1.7860389
1.5706289
1.6085390
1.7973446
1.6733298
1.9493632
1.6825589
1.6210580
1.9481317
1.7505483
1.6545015
1.9337888
1.8727284
1.5528360
1.4275547
1.7064070
1.9106890
1.6707642
1.8067014
1.7238167
1.9393421
1.6880151
1.6490988
1.7946255
1.6712594
1.6251206
1.9221041
2.0803270
1.5085242
1.6980266
1.7272148
1.8667584
1.7187036
1.7432700
1.8969936
1.6786494
1.8680751
1.6429127
2.0925356
2.0266128
2.1974948
2.4939794
2.3798959
2.0077796
2.2775629
2.0572384
1.9136466
2.1810008
1.9494057
1.5713113
1.9192528
2.2089226
2.0732900
1.6375644
2.0757032
1.8006472
2.0715481
2.1533550
2.1632609
2.5337811
2.2681191
2.1247760
2.2137065
2.1672057
2.2942591
2.4714423
2.1458157
2.1510143
2.2769943
2.1968572
2.2432736
2.0193078
2.6126417
2.3515935
2.2313028
2.3343692
2.1113140
2.2427887
2.2233183
2.4785235
2.8551566
2.1887693
2.6376695
2.3641795
2.3592769
2.4108845
2.7250910
2.6966042
2.1745179
2.5177816
2.0052646
2.2223022
2.2028977
2.4485068
2.1757195
2.6987892
2.2652469
2.4965630
2.9012527
2.6730910
3.1331324
3.0536633
2.9803957
2.1826309
3.0335424
2.6050576
2.4810905
2.3276979
2.4725798
1.9426058
2.4388122
2.7421160
2.7722890
2.6746711
2.6803889
2.5069784
2.3844184
2.1529134
3.6636987
2.7382738
3.2295370
2.4369789
3.5468984
3.5543968
2.9118486
2.2154707
3.5950857
2.9177548
3.7438291
3.0413547
3.2117787
3.3303775
2.4686377
2.4697982
2.3680016
3.6958885
2.6855706
2.6553666
2.9053805
3.1198070
3.0681056
3.6741431
3.3793873
3.3225519
2.3600945
3.0301844
2.4065461
2.5257205
2.4794534
3.8055780
2.1674230
2.8423193
3.2935801
2.8826266
2.6461171
2.7175068
2.8940064
2.9257611
2.9693677
3.5221994
2.9055916
2.8255850
2.8445803
3.0387808
3.4402968
3.6465109
3.2785793
3.1122568
2.3996211
2.8063934
2.9516684
3.1401723
3.0765417
2.9583785
3.6153093
3.3485746
3.2446161
2.9683347
3.3096274
3.0990503
3.1390693
2.9502449
3.2753306
3.0477916
2.9092576
3.3350672
3.3618542
3.1855573
2.9477350
3.4228005
3.3726131
3.2616265
3.5048248
3.9027850
3.7511578
4.6730458
3.8250960
3.3854431
3.5812699
3.5944963
3.8136741
3.6897145
2.8578753
3.8294711
4.8376943
4.0593410
3.6328642
3.1710207
3.1530993
3.3073330
4.4250056
3.9279682
3.1539076
3.1428267
3.1198836
3.7787750
3.0588700
4.1855761
3.2234542
3.5547200
2.9888010
3.1039364
3.2070362
2.9844782
2.8025620
3.1056266
2.6803891
3.0331488
3.0156365
2.9502851
2.9569491
3.4742856
3.0353776
2.9915718
3.3505117
3.1052003
3.6420758
3.3570276
3.0677494
3.1175520
3.9081217
3.4586771
3.7391756
3.1866987
2.7574175
3.1064837
3.0257784
3.1786827
3.2681261
2.9528528
3.0143005
3.4689800
2.8367002
3.8086593
3.2769900
3.0157018
3.3070855
3.1279151
4.2124338
3.2529674
3.3518644
3.1084018
4.3805250
3.3838576
3.1065854
3.0110350
3.6024178
3.5681210
2.8220037
2.9539093
3.2274840
3.3528097
3.5649491
3.1165831
3.2168269
3.4414012
2.7550202
3.3863731
3.0464137
3.2393225
3.1285506
3.3958790
3.2173672
3.6358672
3.1172133
3.4783334
3.8150332
2.9863271
3.0998758
3.1041435
3.5897825
3.6673581
4.1649733
3.4859500
3.3245028
3.4891500
3.2173167
3.4228331
3.1237510
3.4149811
4.6428519
3.8709066
3.0655080
3.6402323
3.7359508
3.5847040
3.2428779
3.6790928
3.4997729
3.3947647
3.4692571
4.1296716
3.3400722
3.2767059
3.6329971
3.3559107
3.5251255
4.0589255
3.3296317
3.3178200
3.4801216
3.3581870
3.3449587
3.4646630
3.3304397
3.3838655
3.8778558
3.2652804
3.3540890
3.4450877
3.7984728
4.0479628
3.5675916
3.4345938
3.4491166
3.4023123
3.5913618
3.6708499
3.9848294
3.4055079
4.2155499
3.6456114
3.7500218
3.5439530
3.4353516
3.9213979
3.6461914
3.5584562
3.4951263
3.4788759
3.6032477
3.2253607
3.6629507
3.1636978
3.2258634
3.5988067
3.2097789
3.6900546
3.8551282
3.3857780
3.8080933
3.3374030
3.8428095
3.7032184
3.7847370
3.8493809
3.4165367
3.2014159
3.2606029
3.2938439
2.9904151
3.3662795
3.6457389
3.6329530
3.6266784
3.4923746
3.5581129
3.8666367
3.6171300
4.3818354
3.5022845
3.5079277
3.8703240
4.0002037
3.2659642
3.9099703
3.6683721
4.0948516
3.5335937
3.3326795
3.6741614
3.8992909
3.6209248
3.2130912
3.7959963
3.4420071
3.8412738
3.6517720
3.5438848
3.4392598
3.4925472
3.9887114
3.4419475
3.4932286
3.5083290
4.0476411
3.5384867
3.5422084
3.5486038
3.1502291
3.4499243
3.8312658
3.9482811
3.4278410
3.1778194
3.1752590
3.6685487
3.5376049
3.7919161
3.5487115
3.7281059
3.2875159
3.7221794
3.5456920
3.6618010
3.5604818
4.9177205
3.3630552
3.4812901
3.1125567
3.6541468
3.5917936
4.1292747
3.4865028
3.8345619
3.8403201
3.2509229
3.7881128
4.5179226
3.3708152
3.8468530
4.0836570
3.8812086
3.5945689
3.7769281
4.5775946
3.8389489
3.6659593
3.6053866
4.3170743
3.7869325
3.8031369
3.2127280
3.6837566
3.9070133
3.4998063
3.8275764
3.6406297
3.6321381
3.9531057
3.6067558
3.7859282
3.7277704
3.7842989
4.0364958
3.6978474
3.9531772
3.7315397
3.9889148
4.1495269
4.0231373
4.0329108
4.3082907
4.2333091
4.3201049
4.3753178
3.7790883
4.0078669
3.6980167
4.2411940
4.0591550
4.4449501
4.2142379
4.4339504
4.2653925
3.9365381
4.4391186
4.4234996
4.4848778
4.3522459
4.2101682
4.6861860
4.2855795
4.4259434
5.0697232
4.7252269
4.2058221
8.7351442
4.1097825
4.0553143
4.3518147
3.6988008
3.8125155
3.7667818
3.6982896
4.3641101
3.6048359
3.8426749
3.7725968
4.2517600
3.8589683
3.6091808
3.5001336
4.1561526
4.0510683
3.7156239
3.8691127
3.7288147
3.8219820
3.7784380
3.7263946
3.8941473
5.1120012
3.9557916
3.9349799
3.8807730
3.7500453
4.0863767
3.8075963
4.0852033
3.9349545
4.0651516
3.8818816
3.6568680
3.7513353
3.7659443
3.8529629
4.0306302
3.8667931
3.7071677
3.9173995
3.9115565
4.2006842
4.4524365
4.2776671
4.3486323
3.8795858
4.0938777
4.2665362
4.5173447
4.2163761
4.2173838
3.8265935
3.9877522
4.0242472
3.9211478
4.0421956
3.9376733
3.9494478
3.9285760
3.7866932
4.2152905
3.7820575
3.9780760
3.8522751
3.4909251
3.6652041
4.0647534
3.8598339
3.6545905
3.8481468
3.8307856
3.9891618
3.8444662
3.7183221
4.0983346
3.9701656
3.9241217
3.8252546
3.8388258
3.4994731
3.7506454
3.7550147
3.8901232
4.0405941
3.9775765
4.0728043
4.1189935
3.8260259
3.8884827
3.5803993
3.5464841
3.6906484
3.9912161
3.6704569
4.5060006
4.1602258
3.5872947
3.5846056
3.9530432
3.9073081
3.6294660
4.3031826
4.3495751
3.9609839
3.6798875
3.6628816
3.3461446
3.6722679
3.6454385
3.5117449
3.7024298
3.5816360
3.8398531
3.5224175
3.6028117
3.2350906
3.4128429
3.5132217
3.4443194
3.8051421
3.6223809
3.6227368
3.5967773
3.6700175
3.7094779
3.5842004
3.5947479
3.6773134
3.5170155
3.7739844
3.4911307
3.5192021
3.3787588
3.4130935
3.5354880
3.5687669
3.8771645
3.6791423
3.8118550
3.7082211
3.8768384
3.5809715
3.4292046
3.4371390
3.5659183
4.0472122
3.8817669
3.9524223
3.5006707
3.6389454
3.5867203
3.5620578
3.8180871
3.9503394
3.7468567
3.8004052
3.9019962
3.3777147
3.5273614
3.5911056
3.2379971
3.6927062
3.4084969
3.6775374
3.6259332
3.4324397
3.4153130
3.5940541
3.4378738
3.7462707
3.3724971
3.4494731
3.4497142
3.6094389
3.4148936
3.7395594
3.3999338
3.6521316
3.5730868
3.5896531
3.6373479
3.6984180
3.6888212
3.9380676
4.1567747
3.7212783
3.8538031
4.2669103
4.0300555
4.0775814
4.0766130
4.1228739
3.9797949
3.9944738
3.9991637
3.4741364
3.7469933
4.2409141
4.2155851
4.0436558
4.3771366
4.2496882
3.8211333
4.0781843
3.8422689
3.8320095
3.8992022
3.7622894
4.1587854
3.7857600
3.7096074
3.7501212
4.0395858
3.6477268
3.7257892
3.4487056
3.7307619
3.5181581
3.6814290
3.7956210
3.8081003
3.4209824
3.7002828
3.6511626
3.6923649
3.6736315
3.5415143
3.6438490
3.7238875
3.8797535
3.8032009
3.7883077
3.8271014
3.6336108
3.8970699
3.7296385
3.4626456
3.5099013
3.7735588
3.8569453
3.7751182
3.6538864
3.8764617
3.8386067
3.7088543
4.0286451
3.8569526
3.7538356
3.9374558
3.5406384
3.8484050
3.7885664
3.6313398
3.5513975
3.7446169
3.7227972
3.6063447
3.8541450
3.9297382
3.7998496
3.8193929
3.7904307
4.0565341
4.2895049
4.0027738
3.9893727
3.8879690
3.6513890
3.6939302
3.7734764
3.6854262
3.6622450
4.1327148
3.8488109
4.0196122
3.6935428
3.6887910
3.6632828
3.6136909
3.8441035
3.5661308
3.7786043
3.7764090
3.8690410
3.8189148
3.7656111
3.9508507
3.7503340
3.4553543
3.7763615
3.5345462
3.5401555
3.5643903
3.8561385
3.7634669
3.4413251
3.4541556
3.6200478
3.6768918
3.4889055
3.6755926
3.4616898
3.6550433
3.6657649
3.5892948
3.3779598
3.5989791
3.4457484
3.5418007
3.3488962
3.6310572
3.5746049
3.6572936
3.6751521
3.6113243
3.6960386
3.5848138
3.5204028
3.6197934
3.5283874
3.5177921
3.3057348
3.4557634
3.5884113
3.5712354
3.4778583
3.3426894
3.5921386
3.3279888
3.6155352
3.6422498
3.6337943
3.4833228
3.5686219
3.4117330
3.4843012
3.5689798
3.4525503
3.6616173
3.5962152
3.5892210
3.6388808
3.6071759
4.0513079
3.7726018
3.4963305
3.6454170
3.5753125
3.8841932
3.6371740
3.5635072
3.6453691
3.6526670
3.8458955
3.8274903
3.7234894
3.7950413
3.7801133
3.7792473
4.0109722
4.0411503
4.0709896
3.8543039
3.4932878
3.7053979
3.7764383
3.8209657
3.6967196
3.6073163
3.7371455
3.6767544
3.9777663
3.8243201
3.7729558
3.7620612
3.9849974
3.9228985
4.0604899
3.8942006
3.9810147
3.6383731
3.8284693
3.6091946
3.8088980
3.7135177
3.7442253
3.6848496
4.0721258
3.9219588
3.7790696
3.7506117
3.8789119
3.6570357
3.7341400
3.9645597
4.0812924
4.0665762
3.8744530
3.8193263
3.9563324
3.9835444
3.8230833
3.8755297
4.0514589
3.8350459
3.7811471
3.7568173
3.8196098
3.7123614
3.8278944
3.7099088
3.7367202
3.7419723
3.8425384
3.9509966
4.0348503
4.1773152
3.8051036
3.7358937
3.8558725
3.7379702
3.8219101
3.7721512
3.7084826
3.8539708
3.7261152
3.7931184
3.9136174
4.0092961
3.8855068
4.1461678
3.7309791
3.8773158
3.8562903
3.4854476
4.0872645
3.9399387
3.9122830
4.1054575
3.9678899
4.1349539
3.9255348
4.0007590
3.8997809
3.8577662
4.4623683
3.8415881
3.8741661
3.9432823
3.9318677
3.8944262
3.7552132
4.0639065
3.9198755
4.1288739
3.8987766
4.1895755
4.1206464
3.9291763
4.1971499
3.8946779
3.8031037
4.5069055
3.8620514
3.8377298
4.4687212
4.2340345
3.6984411
3.8692391
4.2494875
3.9660117
4.2320242
4.0058770
3.8077457
4.0733120
4.0845610
4.1602129
3.7729735
4.0778993
3.9296454
3.8895128
3.8882434
3.9413655
3.9310274
3.9155016
3.9330456
3.8622900
3.9467944
4.1687004
4.0665757
3.8765155
3.8851928
4.0197529
4.0303409
3.9794831
3.9131701
3.9608359
4.0469373
4.2871727
4.0509400
4.0817891
3.8454387
3.9632558
4.0723125
3.8976424
3.8573172
3.9045729
3.8423823
4.1259463
3.9634926
4.4391531
3.9835024
4.0990956
4.0594816
4.0862093
3.9314496
4.1688558
3.9283309
4.0308783
3.7576654
4.0543164
3.9455600
4.0980332
3.9539048
4.6689003
4.2063960
4.1961384
4.4871938
4.0968755
4.5022558
4.2657672
3.9375953
3.7666920
3.9699928
4.0092329
4.1204070
3.9657795
3.9203059
3.7240910
4.1535461
3.8697983
4.2039319
4.1680466
3.9049864
3.9801556
3.8416442
3.9726058
3.7509173
3.7871802
4.0313139
3.9860060
3.9986270
3.9343851
4.0171645
4.0632631
4.2349495
4.0805684
4.0558541
3.9041650
4.1971275
4.2192085
4.0566217
4.0545112
4.2093375
3.8875305
3.9575848
3.8847422
3.8641114
3.9282791
3.8281024
3.8816554
3.9724973
4.0175881
4.1918524
4.2159107
4.1578796
4.2039147
4.1541420
3.9751308
3.9527280
3.7875460
3.8904622
3.9839010
3.9154814
4.3051813
4.0247629
3.8913176
3.9387147
3.9466297
3.9169206
4.3052049
4.0380819
3.9064852
4.0529578
4.4192950
4.1449204
4.3720954
4.3988094
3.9956834
3.9894259
3.8779104
4.0111425
4.1299816
3.8868314
3.9854818
3.8818750
4.6465058
4.2753180
4.0153285
4.0936731
3.7358149
3.9441228
3.7657807
3.6811565
3.7483242
3.6902623
3.6840587
3.8837185
3.5760283
3.7036640
3.6094829
3.5608284
3.7425144
3.8166775
3.7477881
3.4352904
3.7435249
3.5095709
3.7231844
3.6447084
3.3842547
3.5349032
3.6166400
3.5670637
3.5856826
3.4690699
3.4713663
3.5714916
3.5618167
3.5487228
3.5580276
3.5385581
3.7130850
3.6544030
3.9096401
3.6264053
3.6123270
3.3798887
3.4340691
3.7594418
3.8752804
3.9192553
3.5410469
3.4572995
3.5803070
3.7737786
3.8640538
3.4785925
3.6159779
3.7103390
3.8755714
3.7993745
3.7762173
4.1830468
4.1837241
3.6431450
3.6872187
3.9144654
3.5034775
3.6588514
3.7855444
3.6842906
3.8636230
3.7361584
4.0882901
3.8399573
3.7089686
3.8672955
3.8679096
3.9788415
3.4882291
3.5282716
3.3889305
3.8338790
3.8633997
3.5481395
3.7026931
3.8185585
3.7313112
3.7825779
3.8317231
3.6197871
3.5633934
3.7626113
3.7545456
3.9266703
3.9756954
3.8016661
3.8151192
3.5716488
3.7982757
3.7386588
3.8750210
3.9791591
4.0296730
3.8408114
3.6610578
3.8735502
3.8025758
3.8808900
3.7366516
3.5525607
3.5378618
3.6186874
3.8341189
3.8589329
3.9542859
3.7804574
3.6558559
3.9774864
3.8332515
3.9806518
3.8113872
3.7264620
3.7377421
3.6173144
3.7021235
4.0535867
4.1363912
3.9124483
4.1929202
3.9868027
3.7684969
3.9614724
4.3391839
4.3825073
4.0764917
4.2456989
4.3461452
4.5241424
4.6854261
4.8371754
4.5658957
4.4887951
4.8460853
4.9865465
4.9636343
4.7852873
5.1448469
5.0622853
5.7129219
5.6808353
5.6123131
6.2283175
5.3941813
5.5786722
5.6848207
5.7053728
5.6835069
6.1177365
5.5863984
6.1400954
5.9643954
6.1150897
5.9652025
5.7030177
6.0435912
5.7752811
7.7131071
6.1915937
7.1861541
6.5720908
5.8472642
6.2100332
5.9230188
5.7264873
6.0595230
6.1660166
5.4641384
5.3703601
5.6562702
6.9687501
5.7965925
5.4987754
5.2719646
5.5674471
5.3708523
5.9489774
5.6697515
5.1004087
5.2729683
5.4900630
5.4303785
5.4198504
6.1767746
5.6236523
4.7745621
5.8436639
6.6116581
5.5371273
5.9400842
5.9033393
6.3086608
5.4462769
6.4991177
5.8402229
5.0735078
5.3645312
5.8395926
6.6415304
8.3628038
6.3847376
6.2109130
7.2759679
7.2188339
6.6123225
6.4774224
6.7922084
8.0870816
8.7971678
7.5123326
9.3056329
8.4252042
8.5809101
8.3280236
6.6005028
6.6938211
7.9671441
5.9974629
6.3962952
5.4976961
7.3516150
5.9248658
6.0444302
5.9142548
5.9423447
4.9508694
5.3745944
4.7988928
5.0053662
4.4752286
4.6078698
4.0234666
4.8854919
4.3746585
4.8543497
4.7123321
4.5962955
4.6490195
4.7695923
4.3357999
4.5484741
4.2119070
4.5542787
4.1476926
4.5369824
4.3536524
4.4050902
4.1596536
4.2544476
4.1642893
3.9904121
4.2654176
4.3408382
4.4626116
4.3063373
4.2477889
4.3551089
3.8813308
4.2340049
4.1808142
4.0345648
3.8570475
3.6887771
4.0235797
3.8705951
4.0331060
3.9706049
3.9484249
3.8258789
4.0973408
4.4016559
4.1234334
4.0930948
3.9575801
3.9185380
4.4480124
4.2400181
3.9788246
4.2750756
4.5873930
4.2069393
3.6998769
3.9098500
4.3768784
4.1731567
3.8968249
4.2944905
4.5731885
4.5030705
4.6080466
4.7217760
4.1883326
4.2263469
4.4026600
4.2811206
4.7746589
4.2736222
4.3644210
4.4167979
4.4644493
4.4968481
4.3197771
4.2936327
3.9780011
3.9796757
4.1678200
4.4099695
4.5612801
4.2531193
4.0395456
4.0633602
4.0938911
4.2127973
3.9493172
4.6957204
4.6058030
4.1882141
4.1357007
4.6895097
4.7797062
4.9104429
4.2917323
4.0851500
4.4470308
4.3962961
4.8318483
4.6902529
4.5851304
4.4563116
4.5354900
4.1189828
4.3599287
4.4032084
4.2078320
4.3457512
4.3201407
4.5634121
4.5875461
4.1169503
4.1321658
4.4530292
4.3187845
4.5465497
4.2201582
4.4248178
4.6561094
4.5965660
4.6914591
4.5414349
4.5742189
4.2877572
4.3183515
4.3461433
4.3829930
4.1220144
4.1673110
4.4085424
4.3117582
4.8744035
4.3374312
4.5381918
4.5436402
4.3990203
4.3944224
4.5413255
4.6064818
4.4644722
3.9699253
4.2045480
4.4170171
4.1933690
4.8078223
4.4206524
4.7410143
4.1914032
3.8887364
5.1225441
4.1046574
4.3867555
3.9367976
4.2987185
4.5558479
4.4249067
4.1173324
4.1862283
4.3680435
4.6243450
4.1389951
4.3093348
4.5776938
4.6031865
4.4188144
4.3286673
4.4412445
4.3452263
4.1252532
4.5964089
4.6197726
4.0980643
4.0763622
4.5531784
4.7192525
4.1620294
4.5257227
4.3037401
4.3668398
4.6878508
4.3850441
4.1244059
4.5697511
4.3345302
4.2939473
3.9149413
4.3816497
4.2869996
4.3344726
3.6844797
4.1230739
4.5681951
4.2039106
4.7243526
4.7879470
4.6909247
4.3029230
4.6371558
4.4384619
4.6448338
4.7041568
4.8262467
4.8975906
4.4610979
4.9587590
4.9260385
5.2845501
4.4580021
4.8132627
4.9202454
4.7537503
4.4266651
4.6277561
4.5116676
4.6880167
5.0757960
4.8534794
4.9051720
4.7037023
5.0306362
4.9339513
4.7498578
4.5456013
4.6717453
4.6286353
4.2425426
4.6145571
4.6758760
4.7462747
4.6835513
5.0105697
4.9420604
4.6318040
4.5114443
4.7342452
4.6007385
4.7168401
4.9956804
4.6941110
4.7155768
4.9277360
4.6013812
4.4704330
4.4193511
5.1027602
4.8711146
4.7198147
4.6566082
4.3156866
5.1836059
5.0558450
4.7695959
4.2675091
5.3595908
4.9397336
5.3156384
5.0151374
4.5967097
4.6986282
4.8265445
4.5731023
5.0973616
5.4983794
4.9958008
5.0411667
5.2875918
4.6832106
5.0103576
5.3355329
4.8998821
4.3864517
4.7527312
4.9406055
4.8815845
4.7431338
4.8174929
4.7569139
4.3792668
4.2016488
4.4856731
4.3827721
4.8485640
4.8517426
4.7706198
5.5017654
5.1210396
4.7207887
4.7088670
4.6747548
5.0089904
5.5801659
5.3528102
4.8612044
4.6980496
4.4543931
5.0906802
4.7218813
5.0149530
4.6515789
4.8316632
4.7858005
4.5170126
5.2538894
5.5590734
5.6059958
4.6817544
4.6141020
4.8106657
4.2555431
5.2036698
4.7924365
4.9552064
4.9419526
4.7713339
5.0500156
4.8150015
4.9243109
4.9203076
4.9071281
4.5315754
5.1353773
4.6415290
4.7616508
4.8041144
5.0894472
5.3301056
4.9684703
5.1423112
5.2687588
5.1157195
5.0094679
5.0762226
5.1577677
5.0829579
4.9233802
4.8434632
4.7090323
5.0426426
5.0024257
4.7767616
5.0170052
4.9400569
4.8139670
5.0529016
4.8910594
4.7882758
4.5864319
4.5470866
4.7880393
4.7528557
5.3210843
4.7362723
5.0814290
4.7790593
4.8828429
5.1442734
5.4615511
5.0496053
4.9997844
4.8535913
4.3853057
4.5287718
4.5885245
4.6770826
4.4811979
4.7092750
4.8146732
5.4449077
5.0708341
4.8552973
4.9269124
5.0800781
4.8136638
5.1676136
5.6051171
4.8794238
4.9942487
5.3122292
4.9529369
5.2750734
5.0035336
4.9595541
5.4433505
4.9947717
4.6498111
5.0469499
5.0828696
5.1394513
5.2545068
5.3975341
5.4066534
5.3933048
4.9595212
5.2924020
5.1066957
5.0090386
4.9516374
4.7020728
5.5558033
5.0687024
5.1702646
5.5976692
5.1558942
5.0414984
5.3740875
5.1970430
4.8526980
5.3746616
5.6647912
5.1317067
5.3899623
4.9423318
5.0170301
5.3683554
4.9490873
4.6982248
4.8976184
5.0039226
4.5721254
4.8033941
5.4536006
5.2316552
5.1567277
5.1287406
5.1887445
4.8518267
5.0749626
4.7806369
4.5851185
4.9410479
4.9894571
5.1677803
4.5338624
5.0986683
4.6574071
4.7352104
4.8276866
5.0206024
4.8683933
4.8114009
4.5938596
5.3959390
4.6085609
4.6416110
4.7114873
4.6260990
4.8800965
5.2705401
4.8931003
4.7653111
4.7798618
4.5793017
4.8854904
4.5731473
4.9361863
4.4138836
4.3192725
4.3521691
4.8252163
4.5404044
4.3139167
4.3779783
4.5232900
4.4963938
4.5663247
4.6311125
4.3173008
4.4827403
5.0578740
4.7865858
4.6562630
4.3859272
4.1309019
4.0840330
4.5101495
4.5493981
4.4672195
4.0436687
4.1984875
4.3186734
4.5556577
4.2772299
4.1317773
3.8739389
4.2713040
4.6440529
4.3565378
4.3074594
4.0271296
4.3457495
4.5443480
4.0457359
4.5941493
4.1564891
4.2514547
4.2955688
4.3161394
4.0889427
4.1284480
4.6338483
4.3727356
4.6202661
4.5307466
4.4735854
4.2408898
4.2918773
4.3551480
4.3238186
4.2415545
4.2446851
4.2870563
4.2006605
4.1395487
4.1123729
4.0688452
4.6007165
4.0882139
4.4467168
4.5322626
3.9937696
4.1096808
4.3705216
4.3172972
4.5202827
4.4740118
4.2973379
4.3618385
4.5391188
4.1836679
4.4798488
4.2528573
4.2225328
4.3988758
4.6436464
4.4813459
4.4996314
4.1981200
4.3588457
4.0790127
4.2651504
4.4902442
4.2850978
4.2462277
4.5191669
4.1820518
4.3299882
3.9530311
4.2754535
4.3317925
4.2657417
4.4983514
4.4026489
4.5281668
4.3527384
4.7308461
4.1405083
4.0781212
4.1281515
4.3148839
4.3315273
4.1554244
4.5459909
4.3631099
4.4997403
4.3689561
4.2560990
4.4068122
3.9726044
4.3591414
4.4849476
4.5146541
4.3877786
4.0294589
4.2399454
4.3213915
4.4419660
4.4113369
4.3316336
4.2996081
4.2598961
4.4656802
4.4379582
4.2172675
4.2386247
4.2000934
4.1923461
4.5794582
4.8660397
4.4769982
4.3747446
4.4532474
4.4065600
4.4123963
4.1790179
4.3790969
4.1578458
3.9927556
4.2915805
4.2585017
3.9145871
4.2829157
4.4110654
4.3987988
4.3231623
4.3412846
4.3781492
4.5688784
4.6517113
4.1919289
4.4506502
4.4026595
4.5089437
4.3617793
4.5002279
4.4000556
4.3724099
4.5431006
4.5283703
4.5002935
4.6973403
4.6422911
4.4674015
4.3307480
4.3147595
4.8966173
4.6649570
4.7550709
4.6383883
4.3815385
4.4231766
4.6223742
4.1774990
4.5881550
4.2276154
4.5123857
4.4888998
4.5636611
4.6306526
4.8601872
4.6234394
4.8499159
4.6404245
4.7532609
4.7527075
4.8277715
4.8195731
4.8847971
4.7314805
5.1117503
4.5083539
5.0713559
4.9839531
5.0918756
4.6403776
4.8773561
4.7509487
4.6885522
4.9247544
4.8772301
5.0030666
4.4917224
4.6727850
5.0664443
5.0211847
5.0789243
5.2752244
4.8950379
4.7393257
5.0203433
4.9217683
4.9485151
5.2201050
4.8719745
5.0531930
5.0252459
4.6862220
5.3419996
4.9566082
4.8793564
4.9149906
4.9687052
4.5926948
5.1478514
4.6239063
4.9864818
5.1489579
5.0349503
5.2757757
5.1704071
5.0830448
5.1817744
4.8279105
5.2693775
4.8731033
4.9915837
5.1611754
5.0908083
4.9846572
4.8507117
4.7738989
4.8389470
4.6061646
4.8837697
4.9780874
5.1167827
5.0863161
4.9968511
4.7934597
4.6624446
4.8315308
4.9395396
5.0171933
4.7491337
4.7966144
5.2698896
4.7675201
4.6694246
4.5353573
5.2581259
5.0509157
4.9382856
4.7359036
5.0748914
4.7645633
5.1900259
4.8746965
5.1749117
4.7298610
5.1221979
4.6803251
4.8957020
5.0745556
5.1388363
4.8329444
5.4001008
5.1345250
5.1934205
4.7619258
5.0014766
4.7735144
5.6136213
4.9682762
4.5614717
5.2600117
5.2202214
4.9289311
5.2661865
5.1441740
4.9455520
4.9002684
5.5793625
5.1556641
5.6456411
4.7794084
4.6210518
4.4894322
4.4065393
5.0222570
5.1143009
4.7533034
4.5786417
4.4757478
4.5176044
4.2941829
4.0337326
4.5101404
5.0508963
4.5463625
5.4079856
5.3980212
5.4718152
4.5883876
4.8248598
5.1756921
4.3771288
4.4632158
5.2689777
4.6539478
5.0062012
4.7546810
4.7062600
4.5405034
4.3296583
4.3560542
4.7459848
4.7396924
5.0195858
4.5899344
4.2306791
4.3936118
4.0835866
4.3409519
4.3369369
4.2456102
4.7336178
4.4443857
4.3316833
4.1777763
3.9722722
3.9585268
4.0037707
4.7739806
4.4732579
4.3043427
4.8772872
3.9569776
4.0472975
4.3163174
4.4147427
4.5330583
4.1553928
4.3240851
4.2831602
4.1236879
4.2409795
4.3121084
3.7999074
4.4474969
3.7127130
4.0657980
4.4558411
4.1956820
4.0271787
3.9640788
4.3722795
4.3591179
4.3904680
4.1277194
4.4354109
4.2839715
5.0296670
4.2224258
4.6001126
4.6060606
4.4566650
4.6524240
4.4850596
4.1360574
4.2367280
4.5523317
4.9182319
4.2836907
3.6791599
4.2102222
4.5957571
4.8634402
5.0227891
4.3478375
4.5985012
4.8985363
5.1963121
4.4024709
4.6192007
4.2407694
3.9595832
4.5428472
4.6278219
4.5211908
4.9701761
4.0590206
4.5853306
4.1661621
4.4901721
4.5323125
4.4901751
4.5994116
4.1421749
4.5007016
3.9537346
4.1726038
4.0918497
4.2043751
4.3429692
3.9846872
3.8082745
4.0791992
3.8529298
4.2669693
3.9634135
3.7549006
3.7299106
3.9692189
4.8065926
3.7446718
4.0615929
4.4405231
4.6921991
4.9028580
5.0210557
4.5461245
5.1731836
5.4892343
4.9656909
5.0634514
5.2346990
4.6203331
4.6071584
4.8270383
5.2046034
4.9955582
4.4777602
4.3805242
4.9093481
4.5467927
4.6490668
4.2751312
4.6016648
4.0644035
4.4960283
5.1157848
4.0975836
4.5090111
4.2237384
4.5776986
4.3853391
3.8420044
4.4228026
4.3181953
4.1999724
4.1166963
3.9248213
4.0877707
4.1101633
3.9223547
3.8264328
4.1584083
3.8377430
4.0345818
4.5172525
4.1172575
4.0764137
4.1494618
3.5022521
3.9644259
3.8712262
3.9573163
4.2937319
4.3927209
4.6817071
4.6287627
4.6331395
4.3697473
3.9860263
3.5396209
4.0018902
3.9551066
4.4456498
4.3188859
4.4194073
4.7333810
4.4127629
4.2527119
4.6798676
4.5086284
4.2981355
4.3872131
4.5474747
4.4211594
4.6681770
4.5170530
4.8034820
4.3791048
4.1297079
3.5892581
4.7112769
4.7722197
4.4929676
4.0762192
4.0619125
4.6687458
4.2454240
4.7397865
4.3480082
4.8927896
5.0076409
4.1220607
4.4497297
4.1811822
4.5105379
4.8026653
4.1002221
4.3892922
4.4602343
4.0053610
4.3241335
4.6617142
4.7345533
4.3808361
4.1326181
4.1258576
4.6402552
4.8805217
4.7348188
4.3306176
4.2389715
4.6019833
4.5080474
5.0187176
4.5291048
4.2659538
4.4237494
4.5441427
4.8440172
5.1570074
4.6721547
4.2127907
5.4012693
4.8426270
4.9495747
5.0742785
4.4603860
4.6867486
5.5581134
4.4185629
4.5749817
4.5040297
3.7774558
5.2470006
3.8114499
5.7091567
4.6277380
4.8810069
4.7486824
4.8195577
4.6671230
4.4271846
4.6851039
4.8324044
4.4533666
4.6974387
5.0241276
4.7323720
4.5472253
4.2442250
4.3841666
4.6216034
3.9452700
4.0728779
3.7855838
4.4398224
4.9318413
4.5585203
4.4612551
4.0364079
4.2611230
4.7496500
4.3307875
4.4494373
4.7498930
4.3533956
4.3282120
4.3585273
4.6085249
4.5659168
4.4960060
4.8257486
4.7921045
4.5006626
4.0022599
4.4428942
3.5176849
4.2255142
3.8459428
4.4404860
4.0263050
3.8536000
3.9847744
4.0709065
4.1481064
4.2144809
4.1497192
4.2873514
3.9418480
3.6964091
4.2961845
4.2978422
3.6742950
3.8623482
4.3408483
3.9250450
4.2814014
4.2015657
3.4942695
3.8229591
3.3684649
3.9831985
4.0040081
4.0589122
3.6321968
3.5358236
3.9547519
4.0080168
3.9385430
3.4724653
4.2759767
3.9412017
3.5523815
4.0756940
3.9478219
3.8240637
4.3241241
3.8009945
4.0957994
3.6024941
3.6099865
3.8410127
3.9090282
4.4730255
4.2233577
3.8675578
4.0253383
4.1103263
3.8539749
4.2877166
4.3439274
4.1902179
3.2877442
4.1444070
3.9732595
3.7901893
3.8808010
3.3752200
3.5436407
3.7535542
3.7972447
3.5661575
3.8412153
3.7078198
3.6609072
3.7021908
4.1721776
4.2475487
3.7759841
3.7078853
3.5955804
3.9486705
3.6035658
3.9942627
4.0621290
3.6415949
4.2512259
4.1610721
4.4917475
3.7534424
3.4504763
3.2093503
4.2332114
4.3404614
4.8037608
4.3768789
4.6625453
4.3994129
4.1717716
3.9864845
3.6362567
4.4059496
4.0314542
4.6013069
4.1954763
4.3516626
3.3995738
3.6968143
4.4937566
4.1034832
3.8076380
3.9603754
3.8649856
4.0362796
3.2612385
3.3940184
3.5877336
4.0708696
4.3747260
4.2741595
4.0480625
3.8157311
3.7852953
3.8290168
4.1106322
3.6146507
3.5167724
3.8358886
3.6317608
3.9220480
3.7736893
3.8024318
3.9212021
3.7281290
4.3916166
3.8511402
3.8031885
4.2265659
3.6962405
3.7950607
3.2280401
3.3588972
3.7935130
3.4906764
3.9592849
3.4877623
3.4580332
4.1606669
3.9058809
3.9549886
3.4670830
4.6074630
3.4324035
3.9452758
3.7123675
4.0614356
4.1007640
3.8336452
4.1667627
3.7593489
3.8337194
3.9683676
3.6950809
3.4530780
3.5161741
3.6655023
3.2305016
3.7248396
3.5688024
3.8137815
3.2125629
3.5333584
3.6872759
3.4880117
4.1295188
3.4139159
3.6722261
3.7761277
3.4624692
3.3283793
3.2081064
3.3421599
4.0542646
3.1876473
4.1178773
3.6900075
3.9302501
3.4977057
3.6921184
3.5423524
3.6727589
3.3181513
4.3790435
3.2819967
4.1439140
3.8879653
3.7717620
4.5044458
4.2497699
4.7422831
4.4726253
4.0109874
3.3068283
4.4158435
3.6927072
3.4387289
3.3305400
3.4512389
3.4390462
3.8034534
3.0891356
3.6769147
3.3063079
3.2219694
3.3950876
3.3828128
3.0952860
3.7394899
3.4290702
2.9538913
3.3252228
3.0880470
3.3854320
3.6647027
3.5628748
3.2309379
3.8880487
3.4471456
3.4666315
4.0933803
3.5974573
3.9242782
3.2992067
3.2961740
3.7375546
3.7733027
3.3783308
3.3929078
3.2492300
3.5780387
3.5409659
3.4717568
3.4245648
3.4025828
3.5568797
3.5904822
3.7124956
3.0483637
3.8520892
3.6972422
3.7229857
3.5851174
3.8605865
3.8184287
3.7705579
3.8565777
3.7029107
4.0369089
3.4157728
4.0271366
3.7820799
3.6662019
3.5039258
3.5187062
2.8380595
3.8951975
3.1587415
3.1376429
3.2561055
3.2313137
3.4961844
3.3823793
3.3126902
3.3370184
3.0208055
3.1789317
2.8398982
3.0530524
3.3829816
3.1225029
2.9203955
3.4145224
3.3963261
3.6814933
3.4429747
3.2400455
3.1599824
3.3352775
3.7827848
3.9160849
3.8344515
3.7062795
3.3463654
3.5040423
3.8418727
3.6863404
3.9196517
4.1889626
3.6496790
3.6321736
3.5727971
3.7448596
3.3127006
3.5305516
3.4675302
3.3455224
3.4354100
3.4145229
3.4025851
3.4776189
3.4182754
3.3176100
3.1189326
3.4448971
3.2336497
3.1220941
2.7517536
3.1666217
3.0067393
3.2972714
2.8599098
3.0237881
3.2107453
3.1268272
3.1726543
3.7445120
3.4262939
3.4722371
4.3494016
5.0117196
4.6872482
4.1922927
3.7962780
3.6739193
3.5461119
3.7721621
3.9460201
3.7781209
3.3969950
3.8217109
4.0734654
3.7125895
3.5726546
3.8731883
3.8198486
3.2513038
3.6116405
4.0116272
3.5166521
3.4526793
3.9743780
3.3649263
3.6059757
3.4702230
3.8110297
3.7102004
3.4308545
3.8712998
3.3508237
3.4017491
3.6479233
3.6152768
3.4543621
3.9061196
3.2587949
3.4364909
3.6667525
3.8699702
3.6449580
3.4848444
3.5977264
3.8725671
3.5451602
3.6671311
3.7888989
3.3866953
3.5142727
3.4749103
3.5902387
3.7771163
3.8041633
3.4368676
3.5511969
3.6744897
3.4986071
3.8962941
3.2848615
3.6677702
3.8439037
3.5454982
3.8386813
3.6692405
3.8849056
3.4934184
3.9211923
4.1819806
4.1007158
4.0722904
3.6609538
4.1355864
4.0999049
4.1555880
3.8297301
3.7295092
3.5675876
4.2829793
3.6788283
4.0926564
3.9401330
4.3392987
3.7466938
4.1530945
4.1361700
4.2177306
4.1901802
3.4727617
3.8994567
3.7339161
3.9167057
3.9776422
4.1054150
3.9762600
3.7600145
4.1755133
3.7828530
3.4737028
3.8029620
3.7858675
3.9488174
3.2720692
4.1141627
3.7811185
4.0723626
3.9558711
3.9824932
4.3204125
4.8726262
3.3149357
4.4372606
3.7867398
4.0738480
4.2529173
4.5427364
3.7305537
4.2648840
4.5412016
4.5979951
4.3943390
4.4293972
4.0454747
4.3253910
4.0428119
3.8955890
4.1681861
4.4136671
3.8815826
4.4717883
4.3131448
4.0524157
3.9465663
4.4972246
4.1382541
4.4219511
4.4089172
4.0472575
3.8987961
3.9267608
3.6893602
4.0741248
3.7605185
4.2424456
3.7418159
3.7923751
4.0422948
3.5953296
3.8166057
4.0723563
3.7996771
3.5275401
3.7720330
4.4501640
4.0724358
4.0280877
3.9635741
3.9283023
3.8512988
4.2318157
4.2075643
3.9450678
3.6673608
3.8982633
3.5584691
3.8488044
3.7548559
3.6948902
3.5088938
3.5943964
3.4762965
3.5208187
3.6919475
3.5266320
3.4907724
3.7585611
3.4257482
3.4457673
3.7844997
3.7341237
3.7868392
3.7210428
3.6129724
3.6974041
3.5468384
3.8056675
3.6617527
3.7044689
3.8400790
3.4820527
3.3535589
3.3906437
3.6808972
3.6218776
3.6787031
3.7309447
3.6386086
3.6999753
3.7935272
3.5891695
3.9687316
3.8358450
3.8697720
3.7045885
3.8908048
3.7215280
3.5376304
3.7223190
3.5056373
3.6916941
3.6694024
3.6073413
3.5726657
3.6304127
3.6322437
3.8087622
3.8033088
3.8534211
3.8418936
4.0247782
3.7240614
3.8560198
3.8376569
3.8701542
3.6222393
3.7446020
3.8332887
3.6445069
3.5984331
3.1988463
3.7019422
3.5665084
3.4742115
3.5682168
3.5414043
3.5350734
3.7280300
3.2110212
3.5687216
3.4928464
3.6882576
3.6158319
3.6812341
3.4296325
3.6772132
3.5340589
3.4058092
3.4395511
3.2001262
3.3134102
3.3969760
3.4516913
3.1546847
3.6259389
3.3788220
3.3947536
3.3109364
3.4632564
3.4548885
3.6779780
3.2704969
3.1784787
3.4472099
3.2250323
3.1260769
3.1683728
3.0659426
3.3095564
3.0300284
3.1637598
3.2755375
2.9690007
3.2969260
3.3176156
3.2561613
3.2510728
3.4956397
3.2346220
3.1392631
3.3547644
3.3757765
3.0427765
2.9230554
3.2064859
3.2117704
3.1270508
3.1886698
2.9564233
3.1993427
2.9676083
3.2023566
3.1605953
3.0811973
3.2161989
3.1915042
3.1991128
3.0945666
3.0767537
3.2080029
3.2880370
2.8752446
3.0135721
3.0991769
2.9709324
3.4929288
2.9388899
3.0243268
3.2567411
3.0953861
3.1217085
3.1370029
2.9550985
3.1007726
3.1445176
3.4592372
3.1901374
2.9722593
3.2942792
3.0104191
3.1388216
3.1109038
2.8110915
3.0682316
2.8284420
2.6769801
3.1945757
2.7682598
3.0744388
2.7496210
3.2646444
3.1003580
2.7317470
3.0021083
2.9834639
2.8383577
2.9787452
2.8307833
2.9586997
2.8698234
3.0479865
2.8793949
2.7537457
2.8312576
2.7534895
2.9276068
2.7613838
2.5321585
2.7510286
3.0358190
2.4791313
2.9897546
3.0797295
3.1172836
2.9281238
3.1571009
3.2286825
3.1561885
2.9920375
2.8408878
3.2986546
3.8917447
3.3732895
3.0766405
2.8813107
3.1859594
2.9116939
3.1973742
2.8774130
2.6502303
3.2405510
2.9047975
2.5802310
2.4447959
2.5034537
2.9327610
2.3702246
3.0609570
2.9655480
2.8349567
3.0225400
2.9014392
2.5530886
2.8489095
2.5486216
2.9600157
2.7496509
2.7565618
2.4391621
2.7195552
2.8436357
2.4759476
2.7124800
2.4757695
2.5056779
2.4142219
2.5505212
2.9669647
2.2867065
2.3572316
3.0396505
2.5650058
2.6340973
2.5463765
2.7757068
2.7413697
2.7371151
2.8675650
3.0115693
2.4558120
2.5541184
2.2868238
2.7191784
2.9097111
3.1289222
2.9017340
3.0465793
2.6454925
2.3441096
2.9274983
2.6007524
2.8957016
2.4220584
2.3809447
2.4652868
2.9677909
2.6357322
2.8108415
3.0024028
2.4462622
2.9624830
2.8235352
2.8075860
2.5790258
3.0524740
3.1747773
2.7669095
2.8064573
3.4706593
2.9553599
3.3952778
3.0219778
2.5619965
2.7103857
2.6564523
2.8278723
2.6960282
2.7415282
2.2548383
2.4872431
2.5805461
2.5697319
2.5705517
2.6961259
2.5211612
2.8372526
2.8998182
2.4070240
2.5965418
2.8118992
2.8810484
2.5015263
3.0455501
2.9496017
2.8424979
2.6078585
3.0165403
2.7800355
2.7011204
2.9637600
3.0577451
2.7516122
2.9217092
3.0914779
2.6978016
3.0622249
2.6292507
2.8312257
2.9332614
2.7712962
2.9837031
2.7474782
3.2553820
3.2298440
3.4479737
3.7010195
3.4492820
3.2234135
3.3804429
3.2130842
3.4265544
3.5253010
3.0908836
3.3935846
3.5502460
3.4004953
3.2153937
3.5049981
3.4928917
3.6236731
3.3596577
3.0760286
3.4823027
3.0456968
2.7752436
2.7916618
2.8268544
2.9019162
2.7238021
2.6813038
2.7695510
2.7364729
2.6136839
3.1106534
2.9237217
3.0591313
2.7355344
2.9098080
2.8789544
2.6628340
2.5750926
3.0013419
2.8021524
2.6005028
2.7542556
2.8933792
2.7616928
2.9720370
2.8178546
2.8023451
2.7421582
2.7565965
2.8274533
2.7581245
2.9530688
3.0191685
2.6623240
2.8598156
2.7800853
2.8254916
3.0771257
2.7461924
2.8035511
3.0809432
2.7843546
3.0411844
3.0286697
2.7319925
2.7581182
2.7228048
2.7689236
2.8017693
2.6458579
2.9288737
2.8044218
2.8066067
3.2000298
2.8721608
3.0539873
2.9092797
3.0749111
3.0313816
2.9749056
3.0321654
3.1295756
3.0366446
2.9658048
3.0999040
3.0070993
3.0204572
3.3059979
3.2060866
2.9198144
3.2450257
3.1032091
3.2264255
2.9988285
3.4329942
3.0774148
3.1242971
3.1906381
3.1697953
3.1624212
3.2434215
3.6349097
3.4272150
3.1683764
3.3454274
3.3551812
3.3439287
3.4756243
3.0844146
3.3775532
3.1752193
3.2753658
3.1374998
3.3586798
3.4431230
3.1534034
3.4667888
3.3880558
3.3005320
3.3406849
3.4580868
3.4653280
3.4228141
3.3405202
3.4912177
3.4836718
3.5426053
3.2294105
3.5651701
3.8134632
3.6999499
3.5030796
3.5145748
3.3675764
3.3563214
3.4434415
3.5025004
3.7064356
3.0953052
3.3399313
3.1079062
3.3878382
3.3797770
3.4061656
3.2586476
3.4807882
3.4643535
3.4806192
3.5028550
3.2396330
3.4327297
3.4781002
3.3999660
3.1475531
3.2524245
3.1776812
3.2165106
3.2360205
3.1658649
3.2362593
3.2573602
3.4472246
3.4896356
3.4359238
3.1192238
3.3461446
3.4570236
3.2833068
3.1808656
3.5866005
3.1585660
3.2610012
3.4592693
3.3541925
3.1818753
3.1977568
3.5407055
3.6003551
3.4301276
3.3185075
3.5164754
3.5791662
3.3548151
3.3840659
3.2021825
3.4263132
3.3957571
3.5058006
3.1949710
3.3454846
3.4510713
3.3558168
3.3237008
3.4126033
3.2918507
3.3520817
3.1522127
3.1316412
3.3962208
3.2849739
3.4205880
3.2638301
3.3698420
2.8629696
3.1710686
2.9015321
2.9223668
3.2301593
3.4055081
3.2658670
3.5207114
3.1405268
3.0131186
3.2029055
3.2537882
3.3999921
3.2622557
3.1170230
3.5217819
3.0077357
3.1826257
3.3499316
2.8649438
2.8652162
2.7607662
2.7530897
2.6981244
2.8557109
3.1647138
3.0693325
2.8899336
2.7352211
2.7581740
2.8413865
3.0044616
2.9881822
2.7465598
2.8916068
2.9403867
2.7755040
2.7889024
2.8488999
2.9805321
2.7296341
2.6528294
2.6388309
2.5768447
2.6848783
2.7000601
2.6838468
2.8091115
2.8033014
2.6400191
2.7045798
2.8999118
2.8063157
2.8460162
3.0186155
2.9736746
2.7214579
2.7120892
2.8752158
2.7607328
2.7372808
2.4911656
2.6243645
2.7077935
2.5418373
2.4731771
2.4122309
2.6069049
2.5265511
2.5963297
2.7166921
2.6087325
2.6452277
2.7279063
2.7390205
2.3259034
2.7364591
2.4070793
2.6077044
2.6898441
2.6976861
2.6208999
2.7226235
3.0891264
2.8360730
2.9267068
2.8136413
2.5978678
3.0132240
2.9239335
2.9588429
3.1035116
2.9521477
3.0210588
3.0130434
3.0506280
3.3020664
2.9063527
3.3582768
3.1418237
3.2116195
3.2142629
2.8413068
3.0714515
3.2922687
3.4952136
3.7018446
3.4352223
3.3304258
3.3285944
3.6804291
3.2869213
3.4738249
3.9271571
3.5850280
3.7771661
3.2205654
3.5700285
3.5157307
3.8672899
3.6157633
3.8201529
3.4118008
3.7677380
3.4313790
3.1794201
3.2210107
3.4544824
3.6434930
3.7289785
3.3709124
3.7327914
3.1408903
3.7122123
3.5646739
3.4434016
3.1526263
2.9251630
4.3383819
3.7720118
4.7008999
3.2823775
3.6063493
3.5460237
2.8580876
2.9669245
3.5186820
3.3082898
3.6771153
3.7443036
4.5943384
5.0548797
4.4636447
4.2265256
4.7853730
4.2392751
4.5992236
4.7265952
3.7760016
3.6421342
3.5416688
3.5665229
4.3486229
3.7380769
3.6647747
3.4262526
3.7342985
3.6578524
3.4986354
3.5050153
3.2762889
3.8173488
3.5580571
3.5502770
3.0255210
2.7391484
3.5498806
3.5359539
3.4450714
2.8951749
3.2145427
3.2279970
2.7123643
2.4520451
2.8658199
3.2861797
3.0745709
2.9762750
3.4634979
3.2976051
3.0565464
3.1594845
3.3680459
3.9481035
3.4464858
3.3076927
3.3917414
3.4074294
3.3701346
3.8039547
3.3912270
3.1475734
3.3277375
3.6471611
4.5217325
4.2498876
3.7682381
3.7937042
4.0898553
3.9447039
3.7399018
3.8974277
3.5604342
4.2601329
3.8323312
3.8703999
4.1819220
3.5310709
4.1832063
3.8346508
4.0123030
3.7619528
3.6115555
3.6075688
3.9584887
3.6346832
3.4362702
4.0718608
3.7384858
3.6327471
3.2540702
3.5485668
3.8064554
3.9323370
3.6701926
3.7200200
4.0240814
3.7186107
3.6876961
3.9117173
4.2840870
4.0104576
3.5858305
4.0943408
3.9889430
3.8769160
3.9004590
3.8192180
3.9187345
3.8855506
4.1897899
3.9809946
3.9656078
3.9224101
4.3818730
4.1390833
3.9889885
4.1414818
3.7389982
4.0154833
3.9988506
4.3420032
4.4106276
4.0743454
3.8311512
4.0632373
3.9911033
4.0400421
3.9728982
4.2338930
4.0197164
3.8855022
3.8918161
4.3430973
4.1653606
4.4963572
3.9409696
3.9389289
3.7013654
4.2527402
4.1179972
3.7167875
4.1041359
4.1054368
4.1099312
4.1150457
4.2786663
4.2537129
4.1594453
4.1494005
4.3369263
3.9931807
4.4306531
4.0189716
3.9340814
4.4461343
3.8290902
4.1382807
4.0720950
4.0026280
4.0460864
4.5429526
4.5083814
4.2402541
4.1007332
4.3793577
4.4482576
4.2433733
4.1862607
4.1631969
4.1480946
4.1312844
3.9351292
3.8785640
4.1870983
3.9589429
3.9709622
3.9500963
3.9403356
4.1221277
4.5490852
3.5688933
3.7805397
3.7941307
3.6795376
3.8456088
4.0343068
4.3544420
4.0543483
4.1457999
3.9970234
4.2083240
4.4190355
4.1207986
4.0531121
4.0872109
4.2869014
4.1987804
4.5865521
4.2271842
4.3915754
4.1239819
4.2896970
4.3740985
4.1728990
4.2480000
4.0047580
4.1609243
4.1369149
4.1519990
3.9724681
3.9691340
4.5600799
4.1423132
4.3458113
4.3655491
4.5305610
4.1954249
4.1768709
4.4350344
4.4734833
4.3141446
4.5410599
4.2647528
4.9099986
4.3457322
4.7465423
4.3711162
4.4271693
4.9020376
4.3764741
4.3409774
4.2549137
4.4227019
3.8485681
4.4316300
4.4628978
4.2007577
4.2091262
4.6477996
4.4362894
4.3952657
4.3841222
4.3867018
4.3464640
4.2914216
4.7609783
4.1442783
4.5639847
4.3357171
4.6068491
4.6351898
4.6076930
4.6225879
4.6190863
4.2315368
4.2040500
4.6582238
4.3644612
4.5016033
4.2494682
4.3249584
4.5088877
4.3735037
4.3612938
4.4909337
4.7884677
4.4946504
4.5760251
4.5534727
4.1584641
4.2816746
3.9671457
4.1263941
4.6396413
4.2577580
4.7246805
3.8086084
4.1251190
4.1652965
3.8782825
3.9416664
4.1661040
4.2182712
4.1212325
4.1677200
4.2102143
4.3034938
4.5698099
4.4282838
4.4740536
4.2479718
4.5138856
4.6812819
4.0734892
4.4927280
4.0919489
4.2933328
4.7697854
4.3714407
4.2846640
4.0205641
4.3198505
4.4294575
4.4776219
4.2995372
4.0311986
4.3138628
4.5038150
4.1119804
3.8715331
4.7233218
4.4366169
4.5745939
4.2531261
4.5419756
4.1532573
4.5717268
4.5518390
4.1766767
4.2153203
4.3635114
4.3452321
4.3466118
4.4145653
4.3987754
4.7137631
4.4009359
4.6369995
4.3113592
4.2874003
4.5115254
4.3532406
4.3366677
4.4539259
4.5220440
4.3417205
4.4691903
4.4384520
4.6214377
4.4354214
4.2709268
4.3125541
4.5130103
4.2817433
4.3877593
4.4615354
4.3875361
4.2898908
4.3413980
4.2558847
4.2619971
4.3469153
4.4715568
4.3166502
4.0626436
4.3617735
4.0482610
4.3663203
4.3630227
4.2017373
4.1849968
4.1506544
4.0267064
3.9800994
4.2098187
4.0226347
4.0101081
4.0990113
3.8210359
3.8459607
4.2548431
4.0130136
3.9823410
3.9575378
3.8269918
3.8810800
3.9231733
3.9397230
3.8080133
3.6812261
4.0589452
3.8460980
3.7414423
3.7522467
3.7197912
3.7330041
3.9605493
3.6815474
3.6883913
3.7942255
3.6744692
3.7814234
3.6395067
3.7274115
3.6964496
3.7729528
3.6693754
3.6980777
3.5821054
3.7639393
3.5456029
3.6721710
4.1565977
3.5619180
3.6368413
3.6658577
3.7764382
3.8183123
3.8284596
3.8992787
3.8733244
3.8440417
3.7092953
3.6516451
3.4800159
3.4060753
3.6880939
3.3398671
3.7358156
3.3564629
3.4274558
3.2976913
3.4439415
3.6349858
3.4238225
3.6731878
3.5268394
3.7248774
3.5693523
3.5572128
3.6119197
3.4354219
3.3942801
3.4007257
3.5511856
3.5062345
3.5815575
3.3810372
3.5575442
3.5425356
3.4293392
3.5372453
3.3745043
3.1145394
3.1741998
3.1036560
3.2413255
3.2987988
3.4656975
3.1393256
3.2179011
3.2834383
3.6054214
3.3783298
3.3484546
3.6746583
3.2032821
3.5833636
3.3954277
3.7289215
3.4835601
3.6736578
3.4811316
3.7052373
3.3316146
3.3690814
3.4480923
3.2894330
3.6922115
3.7832485
3.4149126
3.6504314
3.4593541
3.6240997
3.3638663
3.5215101
3.5091970
3.4651062
3.4797187
3.5044715
3.7552437
3.4690973
3.6209497
3.6164651
3.3742747
3.2819873
3.1699280
3.1656264
3.1338190
3.3615743
3.0745285
3.2358660
3.1407694
3.0292965
3.0388387
3.4481947
3.3053146
3.1414723
3.6538941
3.3227599
3.5126635
3.3006129
3.4177163
3.5854894
3.6283706
2.9119011
3.5784522
3.0658710
3.2843502
3.2720899
2.9725155
3.2106183
3.3016403
3.1561205
3.1445383
3.4576678
3.4117927
3.5609551
3.5734551
3.1017436
3.2831894
3.2364799
3.0546217
3.2566027
3.3348330
3.3623382
3.2966059
3.2418096
3.2960261
3.2211290
3.2201252
3.3571684
2.9737843
3.2997186
3.0254971
3.3049289
3.2683418
3.0141596
2.9303173
3.5853822
3.2003933
3.2239169
3.3845603
3.1012388
3.4853295
3.4991375
3.5119233
3.3566891
3.3441225
3.3781146
3.6268423
2.9481712
3.6621317
3.4805124
3.3856475
3.1545207
2.8575007
3.5908572
3.0330339
3.3036753
2.5251718
3.0754342
3.3767332
3.4050789
3.6896407
3.2458000
3.2015134
3.0425849
3.5575157
3.6864184
2.9226166
3.5565820
3.4840432
3.5780049
2.8898023
3.3318605
3.0373087
3.1872761
3.1915640
3.4406582
3.1205294
2.8399047
3.1000363
3.0544099
3.1268218
4.1196585
3.1660759
3.7893627
2.6744839
2.9875187
3.5887819
3.0414133
3.0308621
2.9733164
2.9463416
2.9477264
2.5679133
2.7744524
2.7381508
3.0576581
3.5099289
2.8653709
2.8986041
2.8672980
3.0186207
3.3007763
2.8024216
3.2823980
3.2110618
3.1357777
3.1444487
3.6299417
3.4076831
2.8536760
3.0137733
2.8754871
2.7226621
2.7508278
2.7202416
3.3531347
2.9461728
3.1369598
3.4506383
2.5018653
2.6431606
2.9308831
3.5532998
3.1381515
3.4026823
3.3834465
3.5696581
3.0731079
3.7472125
3.6894427
3.2797001
3.5280674
3.2109425
3.1859553
3.4949169
3.9324951
3.8502935
3.2486551
3.1565048
3.6647671
3.6653696
3.0454778
2.9768941
3.0899927
3.2881815
3.8461722
3.4119936
3.6722573
3.4695795
3.7455058
3.2193206
4.0045127
4.2925149
3.4225074
2.7908729
3.2629209
2.5662549
3.8583729
2.8198754
3.4141116
3.1800752
3.2722692
3.0056630
2.8916735
2.8910619
2.6987684
3.0426184
2.7475090
3.4169249
3.6052009
2.5786493
2.9324470
2.5939437
2.6170471
2.5902427
2.8252042
3.3029044
2.7222858
2.9104299
2.7210942
2.7147466
3.6835591
3.4819079
2.4826497
3.2411776
2.5880014
2.8186212
2.7415208
3.0424769
3.2960580
2.7231790
3.7156113
3.0007498
3.0781831
2.4509682
2.5856159
3.1019086
2.3818204
2.7104455
2.5756326
2.6191791
2.9583960
2.4366519
2.5944553
2.6425796
2.5710848
2.3735241
2.3152153
2.5360565
4.2053749
4.1841312
4.0471801
3.3983929
5.7906855
5.3063997
4.3394286
4.5718915
2.7278737
2.4477020
2.9514784
3.8654600
3.1463859
3.4181767
3.2000823
2.5089672
3.5014740
3.1783667
3.2183991
2.7606922
2.5707837
2.7364627
2.2135541
2.1600758
2.8407584
2.3447432
2.4989968
2.5336789
2.4214474
1.9929975
2.1986194
2.5368270
2.1501001
2.2302305
2.0005229
2.4726669
2.3532443
2.9235811
2.2689096
2.9087524
2.7879314
2.6333545
2.4326309
3.1430502
2.2995591
2.2641857
2.5265135
2.3876922
2.7121973
2.8311459
2.4370441
2.8043496
2.1101390
2.8109929
2.2054876
1.6842304
2.2422079
2.0301011
2.9326993
2.9773365
3.0290874
3.2737702
1.8803258
2.2933489
2.6314405
3.4238383
2.9334136
2.6164292
2.7410739
2.6157052
3.0569926
3.4841882
2.5878631
2.4046939
2.8671991
2.3898652
2.5086876
2.0311034
2.6353818
3.1693507
2.3872846
1.9424923
3.2215238
2.5790643
4.1683862
3.5049370
3.1914797
3.3048027
3.7858258
2.5259386
2.7548979
2.0499447
2.3688798
2.1876444
2.8384927
2.0622503
3.0812878
2.5338426
1.8368348
3.2042836
3.0544605
3.4601365
4.0539716
1.7813452
2.9274066
2.9216318
3.8557204
4.5289101
2.2521090
2.0964175
2.3656754
1.9419084
2.0259985
2.9039760
2.3281718
2.8013718
1.8377673
2.2371070
2.2761119
1.8680207
2.5216051
2.9546277
2.6547957
1.8051339
2.2442362
1.6734223
2.0476222
1.3341992
1.5479058
1.8056776
3.2167604
1.6966712
2.4556777
2.0680299
2.9256086
1.5196875
1.8790344
1.9563378
2.4055665
1.9558839
1.7850725
2.4926402
1.4540212
2.0020551
2.1196615
1.8824991
1.9305777
2.0826829
1.8470363
1.3019847
1.5178196
2.0107904
1.5150238
1.6133967
1.4264455
1.6474264
1.7135901
1.7290394
1.4731612
1.7847331
1.7296742
1.5495352
1.2399432
1.4547917
1.6378903
1.5730172
1.8381859
1.5049937
1.8478158
1.7868092
1.6218764
2.2626493
1.9563263
2.0649612
2.3286035
1.9644402
1.8258752
1.4332381
2.3098786
1.8220842
1.6811084
1.4968139
1.5371014
1.6774735
1.7377924
1.6693760
1.4381739
1.8994388
2.2019514
2.7511330
2.0917291
2.3457191
1.7792755
1.7272445
2.1635527
2.6208451
2.2744679
1.7263241
1.6804568
1.9857637
2.2109561
2.1920383
2.2381010
2.1350908
2.4967133
2.3726974
1.6077987
2.1275931
2.2828634
2.1662805
2.0700355
1.7994596
1.7990274
2.3289500
2.2050757
2.0695573
1.8012777
1.8228759
1.8793236
2.2328495
2.0509910
2.0181220
2.0429244
1.6351268
2.3141493
1.7732046
1.7365385
1.7628647
2.1668414
1.8986549
1.9491476
2.4008285
2.4344831
1.9978304
2.4330707
2.1840863
2.7061465
2.7537503
2.1322793
2.4221994
2.1881197
2.3145510
2.1561929
1.9943261
1.7080530
2.5210091
2.9453977
2.2415303
2.1231412
2.0123862
2.3232731
2.3532931
2.4552223
2.5956520
2.2855471
2.0681236
2.1715645
2.4987723
2.2218374
2.1814135
2.5611905
2.2785804
2.0820048
1.9809570
2.5186825
2.4854172
1.7236873
2.0278529
2.4678229
2.2123744
2.1308748
1.8177791
2.1452009
1.8345079
2.1582207
1.9013602
2.0829729
1.8441937
2.3823405
2.2719861
1.7983860
1.9891425
2.2725481
2.0512456
2.4746162
2.2292086
2.3090348
2.5127538
2.5775690
2.4050967
2.3180883
1.9410777
2.3178566
2.2073041
2.2033761
2.0866396
2.1687711
2.1450619
2.2260618
2.1603236
2.2987907
2.3725256
2.0858319
2.0237866
1.9877612
2.2173004
2.4364399
1.7907715
1.8175213
1.8760644
2.2317301
2.1652312
2.0491215
1.7938771
2.3713107
2.3898213
2.3244917
2.0737986
1.9647914
2.2429058
1.6839412
2.1747603
1.7910992
1.7046020
1.6801703
2.2084506
1.9174170
2.1352865
1.9738059
1.7569057
1.7313444
1.8224511
1.7927738
2.0058823
2.3162327
2.4351426
1.8829921
2.0524899
1.9595600
1.8885429
2.5054186
1.7289297
2.2700821
2.6640788
2.0273109
2.2701503
1.9196668
1.9415473
2.2573030
2.0858278
2.0570442
2.0876580
2.2859592
2.2265649
2.3096062
1.9736811
2.2105566
2.1940336
2.3543402
2.2093455
2.0007777
2.1717474
1.8054380
2.3511986
1.7031426
1.8292610
2.1504944
2.1997715
2.2214470
2.9315590
2.4657977
2.3464377
2.3111318
1.9955150
2.4963525
2.5313412
2.3253221
2.7867923
2.0496581
2.6245231
2.6527234
2.4578663
2.3598398
2.6599007
2.3940247
2.1627660
2.5525719
2.4721427
2.2884316
2.1976174
2.6700389
2.5297198
2.1985626
2.3756917
2.1432176
2.1342264
2.4028460
2.1625947
2.0549515
2.3849116
2.4723734
2.7354689
2.3999402
2.1833475
2.3423836
1.9663859
2.3598873
2.3784156
2.3911236
2.4171558
2.3977517
2.8282162
2.3384785
2.6662496
2.3669557
2.6685557
2.4770669
2.2707854
2.5177953
2.2407794
2.1469668
2.4144850
1.9951815
2.1981556
2.7117800
2.3213872
2.4963098
2.7338681
2.5254083
2.2724696
2.7179630
2.9856741
2.5260855
2.2443677
2.3513474
1.9676569
2.4199770
1.8731876
1.9287922
2.2479228
2.2277959
2.0209115
2.3235212
2.5449833
2.0994169
1.8415347
2.0708055
2.2903891
2.4658839
2.3465207
3.0331699
2.7834786
2.3512074
2.4150685
2.6634989
2.5219047
2.9340905
3.7805696
3.0210109
3.2987381
2.7964223
2.8063120
3.5898475
3.7782805
3.4035886
2.5531899
3.2502307
2.3594296
2.9278231
3.5556000
3.3652204
2.7332514
2.2490594
2.7491558
2.8981033
2.5023628
2.6527983
2.6170136
2.6941407
2.6277699
2.6352517
2.6396096
3.2421745
2.8196362
2.4789650
2.8063246
2.3963065
2.9667670
2.6602758
2.5773845
2.5120062
2.5026345
2.7564346
2.7844971
2.6791302
2.7943757
2.7684852
2.8869306
2.4814009
2.8543680
3.0559738
2.8710381
2.8660334
2.7471003
3.1590082
2.4521862
2.1996897
2.4294378
3.1296615
3.1355343
2.2120960
2.9130334
2.3562323
3.6558204
3.0455698
3.0484749
3.3519350
3.0335019
2.6763554
3.3498837
3.1357609
3.4107806
3.4136631
2.7452593
3.8085653
2.8892141
3.5797681
3.7151998
3.1307847
2.8324139
3.1048728
2.7173598
3.1518594
3.0611452
3.2106680
2.4377698
2.7970518
2.6273719
2.8229024
2.5850659
2.9720656
2.6262033
2.7385634
2.8457512
3.7427516
2.7894612
2.9987519
3.6077941
2.8332214
3.0733360
3.0380891
2.8791491
2.9672098
2.7919357
3.3493449
2.8907721
2.7784644
3.0386688
2.9780931
3.0154972
3.0453664
2.8995771
2.9137271
2.5315706
3.3559769
2.8808357
3.1035345
2.8874639
3.2080478
2.7056683
2.8798280
3.2505419
3.2548643
2.9836707
2.8567626
2.9353779
2.9418472
3.2867588
3.1867358
3.0770277
3.2188060
3.4692283
3.5868996
2.9350739
3.2514769
3.2696148
3.2432514
2.9830289
3.1924876
3.0143020
3.3389345
2.9850947
2.7822131
3.2352189
3.4472693
2.8921852
3.4437638
3.6882516
3.4735074
3.3810947
3.1835473
3.2989836
3.4057605
3.3452654
3.1808337
3.3910490
3.3946149
3.4150842
3.7423818
3.0302602
3.1033082
3.6245036
3.4467372
3.3830418
3.5582616
3.5443975
3.5711439
3.2435252
3.5075261
3.5189326
3.6640924
3.3106690
3.9149536
3.6450668
3.6620123
3.5620879
3.4470354
3.8652951
3.8200193
3.8669509
3.7344582
4.2946520
4.0833433
3.9283358
3.8556933
4.2481601
4.5832822
4.3378568
4.1779344
3.7151927
4.4666818
4.0540711
4.2808524
4.2999436
4.3720588
3.6733653
3.3983607
3.4864942
4.7656863
3.9792676
4.2977780
3.1806260
3.7302554
4.1100483
4.1346960
4.0479078
3.9452383
3.8693430
3.6253932
3.5548561
4.4348700
4.1794390
4.0772692
3.4793851
4.1734773
3.7498143
3.3843054
3.8121198
3.7858529
3.5045952
3.1084294
3.7473556
3.9886003
3.3319510
3.2671622
3.5913204
3.4575504
3.6307974
3.5392582
3.3053611
4.2766710
4.1488124
3.7760863
3.9101746
4.0342392
3.6472898
3.9821263
3.9697439
3.7204747
3.7732915
3.9231598
3.8265171
3.9319405
3.8190471
4.1563485
4.1251482
4.0327390
4.1120137
4.3124961
3.7772535
3.9089423
4.4813516
4.0844529
4.0707735
4.2652802
3.9152559
3.8649077
3.8425509
3.7159691
4.1976656
4.2334300
3.8476110
4.1351027
3.9114785
4.0678822
4.2395689
4.0021854
3.9745006
3.9026058
3.9879589
3.5407491
3.9867206
3.9567493
3.8944259
3.9064376
3.9753894
3.6528129
3.7107922
3.9332666
4.1251224
4.0029051
3.8516437
3.7236924
3.6882779
3.6715661
3.7903490
3.8876778
3.6987252
4.1256443
3.8229155
3.9067697
3.9976939
3.9173709
4.0332412
4.0545712
3.9110373
3.7279247
3.9860627
3.8657245
3.7290690
3.8785763
3.8244686
3.8477825
3.7301506
3.9923439
3.9296152
3.9656287
3.9203136
4.0759885
3.9666201
4.1095506
4.0399505
3.8866434
4.0307719
4.0471261
3.8288560
4.1005218
4.1962882
4.1256029
4.1055649
4.1230354
4.2060021
4.1074129
4.2429218
4.2327623
4.1426552
4.2042920
4.0451491
3.9289221
4.3350177
4.1607852
4.5069198
4.3960074
4.1244383
4.3048898
4.1004079
4.9005706
4.5013448
4.3348264
4.3364576
4.2361175
4.0811474
4.2994874
4.3923585
4.3907065
4.3635936
4.1528737
4.2572358
4.0763005
4.3126869
4.1865071
4.1899793
4.0654618
4.1013595
4.3802405
4.2308315
4.5717272
4.4533111
4.7204323
4.3991625
4.7035812
4.2653695
4.3250425
4.1289368
4.2128815
4.6620888
4.6244609
4.3575801
4.2219535
4.2755173
4.6215660
4.2229566
4.1331939
4.0238628
4.2629772
4.1346447
4.2803321
4.0677749
4.2534506
4.4178513
4.2586919
4.1343662
4.2732228
4.0820971
4.3977475
4.5540501
4.2106403
4.0800675
4.1637318
4.3452581
4.0866050
4.2622226
4.4654503
4.1631335
3.9143056
4.1050848
4.3116658
3.9500576
4.0409679
4.2369653
4.0617345
4.4983953
4.6596775
4.2217366
3.9275571
4.4798385
4.5468398
4.3776150
4.5868987
4.6133146
4.3434684
4.2498400
4.2685363
4.2328290
4.3840291
4.6091002
4.4287411
4.3240422
4.6206477
4.4058641
4.2852545
4.3551035
4.4877994
4.5063396
4.4750944
4.0906656
4.3534900
4.4865304
4.1514739
4.2908253
4.4163224
4.4384788
4.4717396
4.2097457
4.5612293
4.2338787
4.3750361
4.2128910
4.4687409
4.2773320
4.1067419
4.1656019
4.0515723
4.2797950
4.4272459
4.4197296
4.4103810
4.2473892
4.8877729
4.6016977
4.4918326
4.5987321
4.6410582
4.3716310
4.5004926
4.7282008
4.5706342
4.5333551
4.7031631
4.8014324
4.8637991
4.6006396
4.4157574
4.3329196
4.5038608
4.2898716
4.5454468
4.4127336
4.7809700
4.5255751
4.4862888
4.5023612
4.7853014
4.3290820
4.6265719
4.3111212
4.7519875
4.7435869
4.1258851
4.6526556
4.7989489
4.5402787
4.4290485
4.6754206
4.1400728
4.2518456
4.4098148
4.4000393
4.2909947
4.2707204
4.0655285
4.5861115
4.6679264
4.1080070
4.8682656
4.9110872
4.2532490
4.6522373
4.5436249
4.4860995
4.8208879
4.5570745
4.6530655
4.7416948
4.5294080
4.6164981
4.3608358
4.2878736
4.4246648
4.7493574
4.8724831
4.3491034
4.6549759
4.3345224
4.5720336
4.8733566
4.2781692
4.7081392
4.5805473
4.4042360
4.5399183
4.1117959
4.1099962
4.2673736
4.5680477
4.3368198
4.4404966
4.7290368
4.2676992
4.5408567
4.4177493
4.2313642
4.5494129
4.2423197
4.3956669
4.5405188
4.4181866
4.3815106
4.2508615
4.4973397
4.5142703
4.0434508
4.4459115
4.2875305
4.3316039
4.6554673
4.3288643
4.2984277
4.6371387
4.5724914
4.4722139
4.2807177
4.2370394
4.6941629
4.5695710
4.2557569
4.6218228
4.3089296
3.9715700
3.9925373
4.1980068
3.9160031
4.3202024
4.0153086
4.3053583
4.1999292
3.9830662
3.9538869
4.4225663
4.6265786
4.2537492
3.9997447
4.2956991
4.3075436
4.1551291
4.2982139
4.4567900
4.3011462
4.5265700
4.5205776
4.1874920
4.4670009
4.6565514
5.0445359
4.2622666
4.5554352
5.2668049
4.4700042
4.6411478
4.7464900
4.7277426
4.4605161
4.5352561
4.9742462
4.3683324
4.4712547
4.6888992
4.4376721
4.2209592
4.7967726
4.4625353
4.2058269
4.5277863
4.3210629
4.6206171
4.3390486
4.4367785
4.7680909
4.6941508
4.1895600
4.5633369
4.4650595
4.3206683
4.3135655
4.7753187
4.3351359
4.9351306
4.5815874
4.5002369
4.1559721
4.9179053
4.9819582
4.7322800
4.8850400
4.1630056
5.0234328
4.7516841
4.4139869
4.7207699
4.3203679
4.6963040
4.5468291
4.8025330
4.6256465
4.6213944
5.0420014
4.7770406
5.0505135
4.7330503
4.6016037
5.1132843
5.0993311
4.5098448
4.6798008
4.6187326
4.8776046
4.4780321
4.4361905
4.4577872
4.7716177
4.5718961
4.5785182
4.8610949
4.7481292
4.3621413
4.2119486
5.8147164
4.9466835
6.0753855
5.1166721
5.0455917
4.7899695
4.8839770
4.7984235
4.9191427
5.2353125
5.0849465
5.0268943
5.0679269
5.1819688
5.4153520
5.3927948
5.5971020
4.9156043
4.9596582
5.2956292
5.3329259
5.3002780
5.0835231
5.3273462
4.8913275
5.3270687
5.0503891
5.1641744
5.2205645
4.8933436
5.4834319
4.9481831
4.6813811
5.3157152
5.3181590
5.2965136
5.7202737
5.4446556
5.1753595
4.8429130
5.0400158
4.9340664
4.7261090
4.8392583
4.8958715
5.2846251
5.3354108
4.9122233
5.0162892
5.7948126
5.2406385
5.2905686
5.3310751
5.1705101
5.6810664
5.1335774
5.3271339
5.4282679
5.3966394
5.5113714
4.9173905
5.6303720
5.3860135
5.6234282
5.1683884
5.4538101
5.1834065
5.2927042
5.4969666
5.4181126
5.4652400
5.5845538
5.0932083
5.3922040
5.2249367
4.7580757
5.0462726
5.4158898
4.8066913
4.7562774
4.8058179
5.0856850
4.8962469
5.0788845
4.7882410
4.8689733
5.2416395
4.9589998
5.2362433
5.2295511
4.6985919
4.7200650
5.2283930
4.7584393
4.9290812
5.0375433
4.8573287
4.9508580
5.1726665
5.1975764
5.0448927
4.6120285
5.0495054
4.9708073
5.3028289
4.8846744
4.9543796
4.9114738
4.7106672
4.6147927
4.9547524
5.1113521
4.6042755
5.0171826
4.6857671
4.7426420
5.0468673
5.3615005
4.9585959
4.5285161
5.4663840
4.4160367
5.3024598
4.4079468
4.6844508
4.9418718
5.6163507
4.5186786
4.8401533
5.4794420
5.0689581
4.4066937
4.9356666
4.9452109
4.8327342
4.6204931
4.9110157
4.4984931
4.8114263
4.5480304
4.2673137
4.4219399
4.1639310
4.2023175
4.2714537
4.0137244
4.0495636
4.3450369
4.7012778
4.2241450
4.5284160
4.5825503
4.5678323
4.5929488
4.5830177
4.2486120
4.6643585
4.2978415
4.2337448
3.8272385
4.5710242
3.8415650
4.6147987
3.9839468
4.2714659
4.0463691
4.0998313
4.3653253
3.8246405
3.6585044
4.8169936
4.0903608
4.3755648
4.1293627
4.3929346
4.1576311
4.3065653
4.1605738
4.0048765
4.6437159
4.5428434
4.5295292
5.1539051
4.1135022
4.3985268
4.3599543
4.3079630
3.9611857
4.1971099
4.3863842
4.2232616
4.3462676
4.0949284
4.1644366
4.2605399
4.4639532
4.5054476
4.3953370
4.1468147
4.3118880
4.7984355
4.8105327
4.3053717
3.8065554
4.0771312
3.9466312
4.3127505
4.5623941
4.2191862
4.4896775
4.5862403
4.1960672
4.1859017
4.3946111
4.5832366
4.4825449
4.3585197
4.3928101
4.5739880
4.6146408
4.2775555
4.1034128
4.4489525
4.3565719
3.7463643
3.8973808
4.1495562
4.5606109
4.2076263
4.3761152
4.2694366
4.1151694
4.4353571
4.1332981
3.7915389
3.8614668
3.8066113
3.9620156
4.2632317
4.4731345
3.9736766
3.9420921
3.9652417
4.6955758
4.2138407
4.4342071
4.2638740
3.8677108
4.2777428
4.0569203
4.4579378
5.1637810
4.4743172
4.9656592
4.8078456
4.7114478
4.7459043
4.3071160
4.8736084
4.6628362
4.7045130
4.6735005
4.9925874
4.7198473
5.1140298
5.3623907
5.2673825
5.0820724
5.1197120
5.1276606
5.4909542
5.1705389
5.6255480
5.1644510
5.1240836
5.2377050
5.1098534
5.1665164
4.7588407
4.8897483
4.7820320
5.0239350
4.8256743
5.1647109
4.9482737
4.7709355
4.8419184
4.7128649
4.7379881
4.5066923
4.4728430
4.4901554
4.2898153
4.2607787
4.4032844
4.2109533
4.1684978
3.9887405
4.4191916
4.0257569
3.8584827
4.2376424
4.0563183
3.9637985
4.1209660
4.1446571
4.2044388
4.0544599
4.0246326
4.1210430
3.8254880
3.8974138
3.8733061
4.3618775
3.9490939
4.0822367
4.1088152
3.8991080
4.0449981
3.9263603
3.9798340
3.8164593
4.0164777
3.9452761
3.9195801
4.0392109
4.0000829
4.0352549
3.7654510
4.2376567
4.0576511
3.9878734
4.0461133
4.1179226
4.1189914
3.9782872
3.9462305
4.2742782
4.2043073
4.1889412
3.9037391
3.7807363
4.0573553
3.8646830
4.0885452
3.7776734
3.9165750
3.7326717
3.7470235
3.9571087
3.8764000
3.8836372
3.9137359
3.8074408
3.9769021
3.8753080
3.9070702
3.8360429
3.8794691
3.7864806
3.9055133
4.0447537
4.1105563
4.0119420
3.9440343
4.0757149
4.1050023
3.9812035
4.2468951
4.0465208
3.9775178
3.9898139
4.0073165
4.2584463
3.9897259
3.9546339
4.3164579
4.1158435
3.9444751
4.0494475
4.2417203
3.8841761
4.1671523
4.4938162
4.1545642
4.2489284
4.3615446
4.0107755
4.3228474
4.2221343
4.1707599
4.2310153
4.3784361
4.2690444
4.2252368
4.2463472
4.2827856
4.4692402
4.2773216
4.4349104
4.4661671
4.5801596
4.4584780
4.3744706
4.4919502
4.4867974
4.4223084
4.4418284
4.3288151
4.3219012
4.2940008
4.3368414
4.0649325
4.3180172
4.4585616
3.9681490
3.9745346
3.9342493
4.1352064
4.0058943
3.9349078
3.6924790
4.0815859
3.8225340
3.8006830
3.6791594
3.7443735
3.5045441
3.8284275
3.8188003
3.8413129
3.8330634
3.3368133
3.8023872
3.9169146
3.6934670
3.8186589
3.8013638
3.6427574
4.0345750
3.3846288
3.5590608
3.7175627
4.0492306
3.8231413
3.4506968
3.7140083
3.4512766
3.4997151
3.4942503
3.9738184
3.5968883
3.8487072
3.6275778
3.5965079
3.6292104
3.7398221
3.9250835
4.0707701
3.9495948
3.5115105
4.0399703
3.7767720
3.8878877
4.0373236
3.7704158
3.7265272
4.0012571
4.1341999
3.8775771
3.9285701
4.1069442
3.8017006
4.0752779
4.1131016
4.0065329
4.0514406
3.9961099
3.8845274
4.1109078
4.1283333
3.6719737
4.0257424
3.9171167
4.3007974
4.1442912
3.8008798
3.9086882
3.9861475
3.9613616
4.1010847
3.9587604
4.0788820
4.0815772
3.8037037
4.0238293
4.1273102
4.1796731
3.9351630
4.2608986
4.2262828
4.3437181
4.2253673
4.1266451
4.1312986
3.7810572
4.2400214
3.8841341
3.9030479
4.1915284
3.9082416
4.0598565
4.0537875
3.7869846
3.9509826
4.1828910
4.0774962
3.9020841
4.0078370
3.8945441
3.9726910
4.0449987
3.7804719
3.9970736
4.0588651
4.2040187
4.0637428
3.8295517
4.1302642
4.2111127
3.6937405
4.3615224
4.1422812
3.9848603
3.9206898
4.1517861
4.4280541
4.2591150
4.3310498
4.2971090
3.9866762
3.8850529
3.6970415
3.7830922
4.1186050
4.1839420
4.0073538
4.0940147
3.8531964
3.9085911
3.9238860
3.7843915
3.9114187
4.1544034
3.8193921
3.6242700
3.7418234
3.7519745
3.9968893
3.9420451
3.9004547
3.7041884
3.9818124
3.6674428
3.5518462
3.9094604
3.6403741
3.7596180
3.7396462
3.7260131
3.4066211
3.7691919
3.8126066
3.7677058
3.5898896
3.7176532
3.6137254
3.8232632
3.6959121
3.8363706
3.8982646
3.7218759
3.6505706
3.7883638
3.6203987
3.9581022
3.6518389
3.6713872
3.8159177
3.6409598
3.9227362
3.9764898
3.8039077
3.6573571
4.0167130
3.5284060
3.8818823
3.9578549
3.5939707
3.8333558
3.6214292
3.8140385
3.9146008
3.9006698
3.7824798
3.7354312
3.7600732
3.9068899
3.6622382
3.8353083
3.8443303
4.0165525
3.5401611
3.8510526
3.9676315
3.6691700
3.7641938
3.9448386
3.6051786
3.7013370
3.9292902
3.7727445
3.5228908
3.8171492
3.8155765
3.5759322
3.6685088
3.9360534
3.5353616
3.7957590
3.7611652
3.6293445
3.7436586
3.6910250
3.9284830
3.5780608
3.9513367
3.6185835
3.6709573
3.7926886
3.6134458
3.7506849
3.6503453
3.8319389
3.6526313
3.8607516
3.4907993
3.3873923
3.5332287
3.6172620
3.7863717
3.9246725
3.7337514
3.8467951
3.7961733
3.6997293
4.0122050
3.8512764
3.8189150
3.5372462
3.7151642
3.7807181
3.5785376
3.8541200
3.5833557
3.4644895
3.5773707
3.4900434
3.4997507
3.7211587
3.6963052
3.7560804
3.5755652
3.6013272
3.7181765
3.7654091
3.4347042
3.7218065
3.5648550
3.7695512
3.5741930
3.5359975
3.5552569
3.7476235
3.8119561
3.7401929
3.9897496
3.7406005
3.6826713
3.7601369
3.6440939
3.5315848
3.4758152
3.7861287
3.4089349
3.7382871
3.7375986
3.9443821
3.7560614
3.7627929
3.9631998
3.7400342
3.7810580
3.4681246
3.6890625
3.7659864
3.5504521
3.9306237
3.6200080
3.9687434
3.9832706
3.8735273
3.7311124
3.5563498
3.7701975
3.7570482
3.8781935
3.5405779
3.6894294
3.9601223
3.9158940
3.8719567
3.8439088
3.9072684
3.7558648
3.8205277
3.8940904
4.1252103
3.5629816
3.7854789
3.7395700
3.8042277
3.6132028
3.5812565
3.8060792
3.6888741
3.6805384
3.6212112
3.6730123
4.0150201
3.7504071
3.7130225
3.8251929
3.6873435
3.6067967
3.5708699
3.9771569
3.8294789
3.5797757
3.6881845
3.8220152
3.6318342
3.5652456
3.5947380
3.8190716
3.7897893
3.8268620
3.8348062
3.7978078
3.7293431
3.4204766
3.6095758
3.8251989
4.0693381
3.8153281
3.8456140
3.9143106
3.8372105
3.2434466
3.3637840
3.8278518
3.4238013
3.8864877
3.8307720
3.5155502
3.4838400
3.5945669
3.4875984
3.4449277
3.5151684
3.6272646
3.5112420
3.8044791
3.8375296
3.4921254
4.0428569
3.6314951
3.5298053
3.5055136
3.6870294
3.6809906
3.6435075
3.7805357
3.5346553
3.7070565
3.6856631
3.5702983
3.8768562
3.8016403
3.5483902
3.7024094
3.6211276
3.9349371
3.8517950
3.4539726
3.9650894
3.7797940
3.5624503
3.6776703
3.7173871
3.7876914
3.7892050
3.6508047
4.1372106
4.0771130
3.5135939
3.6510909
3.6974018
3.8597562
3.5571229
3.8068056
3.6501679
3.8974782
3.7474073
3.8060846
3.7181039
3.8968540
3.6566716
3.8432970
3.7355558
3.9249915
3.6251816
3.9530726
3.7356614
3.9812808
3.7687622
3.5329780
3.4598114
3.8092331
3.8671542
3.5643988
3.8073973
3.6255734
3.7555406
3.7223958
3.5135887
3.5116494
3.7720959
3.7795289
4.0018622
3.9402816
3.4614647
3.6526800
3.5012663
3.6743979
3.7650883
4.0247611
3.9708344
3.7430547
3.7993533
4.0286505
3.7993298
3.8834322
3.7654020
3.7174185
3.7754869
3.7491654
3.7129408
4.0346179
3.9290779
3.6816547
3.6275988
3.7895297
3.7425853
3.8117076
4.0559691
3.9670278
3.8448865
3.8956101
3.8261163
3.7107484
3.9250287
3.7015510
3.7958086
3.8274482
3.5556521
3.8403498
3.8625196
3.4987096
3.6687174
3.6575196
3.7577764
3.6852106
3.8275327
3.5635727
3.7534578
3.7357756
3.7540865
3.6943946
3.8190520
3.8508255
3.3527400
3.6438325
3.7352352
3.6853817
3.7753842
3.5813276
4.0027006
3.8342908
3.6725380
3.5225815
3.8349901
3.8956779
3.7730229
3.8494206
3.6132814
3.9174559
3.9323730
4.1802247
3.9611729
3.8865391
3.8855771
3.9315242
3.6965946
3.9929069
3.7447376
3.5326926
4.2142421
3.7664873
3.6319925
3.6838389
3.7645584
3.3924248
3.7812838
3.6848971
3.7997018
4.0493407
3.5532040
4.0022311
3.8268968
3.6873684
3.7861154
3.7411956
3.5817482
3.7063287
3.6345146
3.8534319
3.6577002
3.8319175
3.6302516
3.7635309
3.5215576
3.7204460
3.5832778
3.8831258
3.7086175
3.8390036
3.7963414
3.7314923
4.0623561
3.7748226
3.6971734
3.6894562
3.6997035
4.1214036
4.0411089
3.6166858
3.7946438
3.7473114
3.8143145
3.9358490
3.7178798
3.8026873
3.7150289
3.6405032
3.8958024
3.8050075
3.8922973
4.0835129
3.8011113
3.9000729
3.8467643
3.3715928
3.5378225
4.1763123
3.4490071
3.6655271
3.9215827
3.5245345
3.8823055
3.9114697
3.6364070
3.9100689
3.7008937
3.7355484
3.7293893
3.8488740
4.0998929
3.6330134
3.7469981
3.6658189
3.6160746
3.6490791
3.7657919
3.7590568
3.7591834
3.8182490
3.8483847
3.8041485
4.0243325
3.8976595
3.8663810
3.6154533
3.8511689
3.8721320
3.7450084
3.9892698
3.6466033
3.9314869
3.8641289
3.9315971
3.8696086
3.8751706
3.7364165
3.8598671
3.8355819
3.7989631
4.0071850
3.5677605
3.8389050
4.1619890
4.0747239
4.1874173
3.8474481
3.9673801
3.6757184
3.9636616
3.7249463
3.6876180
3.9024060
4.1463607
4.0592813
3.5161675
3.7945930
3.6191910
3.7468105
3.8082506
4.1590505
3.7767704
3.7875169
3.5535284
3.9564956
3.5232060
3.6642659
3.8527669
3.8868252
3.6699850
4.0319538
3.6854770
4.0082896
3.8330331
3.7233217
3.7133614
3.7431783
3.7845651
4.0771194
3.8630704
3.8270672
3.6683982
3.6128186
3.9515874
3.7732087
3.7017030
3.7277245
3.9982508
3.8209763
3.9491449
3.8448451
3.9362059
3.6923481
3.9456678
3.7001975
3.9521432
4.0755226
4.0480539
3.7753886
3.7868048
3.9396775
3.8037518
3.8967734
4.0149193
3.7532504
4.0587932
3.8026305
4.1228163
3.8643546
3.8138957
3.5928192
3.9849777
3.9757649
3.7543833
3.8023024
3.8493280
3.9950325
4.0516074
3.6903849
4.0797152
3.4334185
3.6068291
3.8772946
4.0215200
3.8446952
3.6977338
3.8952210
4.0562090
3.9745133
3.8165489
3.9809846
3.8593886
4.1617380
3.9637919
3.8314511
3.7319843
3.9321873
3.9664758
3.5724290
3.9336975
3.8258332
3.8644040
3.7064641
3.8469570
3.7710852
4.0102990
3.7617572
3.7726160
3.5876714
3.9790196
4.0870012
4.2309956
3.8967312
3.9543430
3.7069178
4.0071601
3.9012240
3.6554744
4.1013181
3.7559527
4.2635947
3.5698885
4.2671430
3.7535534
3.7705179
4.0976419
3.8826858
3.7919030
4.1340805
3.8673595
3.8827653
3.8650652
3.9331094
3.9298735
3.8540315
4.0406354
3.8983861
3.8071543
3.6765950
4.0042703
4.1182655
3.9331879
3.7483074
3.8546360
3.9681718
3.5628513
3.8513608
3.7961946
3.7969063
4.0654447
4.0043556
3.6842396
3.9734274
3.7521501
3.9304720
3.7019368
3.8788378
3.7664915
3.8705240
3.9358928
4.0496322
4.0016483
3.7491882
3.8947427
3.6049200
3.8897024
3.4883272
3.5157275
3.8940971
3.8666204
3.8760912
3.7095475
3.9752740
3.8414861
3.9055804
3.9161608
3.6676107
3.7647282
3.6999303
3.9721489
3.9793292
3.9016070
3.6484780
3.9910920
3.8366639
3.7898634
3.8563003
3.7144767
3.7084697
3.9885670
3.9837567
4.2504014
3.9586012
3.8557464
3.8735005
3.9016828
3.8312551
3.6940970
3.9635585
3.8746784
3.8621905
3.8490191
3.9918673
3.8966106
4.0431122
3.9002925
3.8861849
3.7451896
3.6514801
3.9422269
3.6251466
3.8434416
3.7804100
3.6763488
3.7632745
3.6902856
4.1158935
3.9324394
4.1751402
4.0070565
3.7589350
3.6978111
3.8237305
3.9262774
4.0213757
4.0412692
3.9619313
3.6812805
3.7142995
4.1417996
4.0059877
3.9268436
3.5959086
3.5422674
3.9463705
3.8852990
3.6199115
3.8743241
3.7285976
3.6141014
3.6625751
3.8288646
3.7882401
4.0038098
3.9578176
3.8711467
3.8066227
3.9731976
3.9526602
3.8131174
4.0299663
3.8594201
3.9986712
4.0313734
3.6054123
3.9264761
3.7609992
3.8351140
3.8934835
3.8639239
3.9824803
3.9808040
3.8955060
3.5624140
3.9892070
3.7402839
3.8200924
3.7795990
3.8527670
3.7414680
3.9785201
4.1892230
4.0028872
3.6982703
3.9130689
3.8306944
3.8854830
4.0050286
3.8089601
3.9423481
3.9523577
3.8684511
4.1070349
4.2156185
4.0056093
3.6613493
3.6186278
3.9735631
4.0332697
4.2197768
3.5167397
4.1952214
4.1709807
3.9713170
3.8649698
3.7221741
3.8709954
3.8468501
3.9831896
3.8039009
3.8144943
3.7972808
3.7327772
4.0297850
3.9998338
3.9044654
3.9265812
3.6744469
3.7811768
3.8485488
4.1089805
3.8369744
3.7552546
3.9016349
3.9685195
4.2585164
4.0733573
3.9101201
3.9278232
4.0123482
4.1798539
3.7879621
4.0578074
3.8583625
4.0521934
3.7680940
4.1034364
3.8040124
3.8239105
3.9183939
3.7575637
3.7736579
3.7972379
3.9069647
3.8792933
3.8089735
3.8869990
4.0287686
4.0707630
4.0026855
3.8378740
3.9024557
3.9931252
3.7436956
4.0678291
3.6861025
4.0243052
4.1077138
3.9088081
3.8878193
3.7343726
4.1843193
3.9039797
3.7437897
3.8345415
4.0523861
3.8657886
4.1171451
3.8940864
3.7781107
3.5778158
3.7939027
3.9399431
3.9000129
3.7486312
3.7611720
4.0187761
3.7114523
3.7867980
4.1112148
4.0202370
3.8831005
3.8463511
3.6282945
3.8344125
3.8088559
3.9797803
3.9555247
4.0717501
4.3034828
4.0954471
3.7096773
4.0809120
3.7052273
3.8432450
3.9193277
4.1048747
3.6025630
3.9006955
3.7290127
3.9505209
3.8970532
3.7860243
3.9136169
3.7088035
3.6944473
3.8904592
4.0308551
3.9509540
3.6877284
3.8632910
3.8769627
4.0431479
3.9768135
4.0334433
3.7826146
3.9521282
3.9940656
3.7627711
3.8603446
4.0207416
4.0729997
3.9618483
3.7544322
3.5883566
3.7594002
3.6965198
3.9212763
4.0704626
3.7697460
3.8391014
3.8512821
3.9139056
3.9544554
3.8044320
3.8134540
3.9167284
3.8082161
3.7830893
4.0238709
3.8299781
3.7604441
4.0282578
3.8572119
3.7804730
3.9747382
3.9476348
3.7628755
3.8077239
3.8987846
4.1026800
3.8002361
3.7712490
3.9673030
3.8985009
3.9197448
3.8673148
3.8280729
3.6556262
4.0538143
4.0019854
3.8591044
3.6673147
4.1297223
3.7089929
3.8228574
3.7517283
3.7639457
3.8427230
3.7872191
3.9065000
3.9567722
3.6802216
4.2141468
3.9730965
4.0902707
3.8644376
4.0329043
4.0174972
3.8888262
4.2151868
4.1865246
3.7680497
3.9862284
4.1004762
3.8543342
4.0269917
3.5439940
3.9556299
3.8859380
3.8755413
3.9611269
4.1790900
3.8788913
4.0275494
3.8817449
3.9463550
3.9176679
3.7556645
3.8014780
3.8685263
4.0039172
3.6686069
4.0206999
3.7117046
3.8661352
3.8940656
4.0065208
4.3443145
4.0369560
3.9044571
3.9688273
3.7561265
3.8376023
3.9380756
3.8863786
4.0415199
4.1497020
3.8662170
4.0654940
3.8925326
3.7347407
3.5196106
4.1134558
3.9507277
3.9592400
3.9865669
4.2002953
4.0497211
3.8520396
4.1415572
3.6618550
4.0896008
3.7758203
4.0276113
3.7046656
4.1466079
4.0169012
3.8722630
4.2129987
4.0091301
3.7083088
4.0751621
3.9986543
3.7166324
3.8790539
4.0068442
3.7938091
3.8113360
4.0211534
3.9961520
3.8348837
4.0821943
3.8368698
3.7223470
3.8131107
3.8942130
3.8995581
3.9169866
3.7442111
4.0215836
4.1400909
3.7187655
3.6833032
3.6532715
4.0324869
3.7971716
3.8442027
3.6891637
3.7315804
3.8904172
3.7631285
3.6807664
3.7962430
4.0065550
4.0127175
4.1467930
3.8263743
3.9026984
3.9630600
3.8695443
3.4953593
3.9941953
3.7565231
3.9973195
3.5069245
3.8874222
3.8805494
3.6372202
3.8186855
3.9599484
3.9363979
3.8234229
3.9899217
3.7257194
4.0203341
3.5361301
3.6014088
3.5989638
3.6128794
3.7488524
3.9758379
4.1037082
3.6832557
3.9307820
4.0073299
4.0559931
3.6921652
4.1764113
3.7861663
3.5217171
3.8963173
3.9763869
3.9929661
3.4189672
3.6144830
3.8111834
3.6236618
3.8763684
4.1480995
3.9522187
3.5674739
3.8427404
3.7982005
4.0841854
3.9010884
4.0697987
3.9465633
3.7466366
3.5366487
3.8450910
3.9241365
3.8316005
4.0056568
4.1193827
3.9844682
3.7792383
3.7427609
3.8670680
3.7012077
3.6613194
3.9542577
3.6301083
4.0496318
3.9845083
3.8733425
3.7943270
4.0644424
3.8559112
3.7006157
3.7979213
3.7272572
3.9176967
3.7982598
3.7031601
3.6403597
3.7939847
3.8208393
3.9522733
4.0439993
4.0863503
3.8745978
3.7158893
4.2885279
4.0797440
3.9135616
4.0137274
3.7885243
3.9642704
3.7502072
3.8221547
3.8835610
3.8435161
3.8867374
3.6103687
3.8128107
4.1509636
3.9812784
3.9087611
3.5107054
3.9397667
3.7528842
4.0650499
3.7598089
3.9088132
3.9796567
3.7603046
3.4247514
4.1729206
3.8023258
3.8381255
4.0721759
4.0880794
3.9965407
4.0064482
3.8692283
4.0175276
3.8528195
3.6833782
3.7297873
3.6294363
3.7476652
3.8222354
3.8023918
3.8587448
3.8540154
3.8659617
3.8598382
3.8630239
3.7610707
4.1409285
3.6209657
3.8950054
3.5989429
3.9434117
4.1895752
3.6234607
3.6873348
3.9554960
3.4950451
4.0529733
3.9134541
3.7366696
4.0318771
3.9566494
3.8857990
4.1103706
3.7775221
3.8000255
3.8620324
3.6778226
3.6520914
3.9159808
3.6183216
3.3807749
3.6886632
3.5464695
3.5943397
3.8451086
3.6873317
3.5179450
3.6691534
3.8552416
3.7203535
3.7015278
3.5941324
3.6244588
3.4467298
3.7019268
3.5708527
3.6465573
3.5730483
3.6053657
3.7860336
3.7918664
3.6947729
3.7830687
3.9876879
3.6214830
3.6303808
3.8957801
3.5697693
3.7929873
3.7879905
3.6393400
3.6899933
3.8934857
3.8989618
3.8130888
4.0041125
3.9373350
3.6990311
3.9678420
4.1628425
3.9113878
3.9338283
3.5281407
3.4277131
3.6618144
3.6798024
3.9553195
3.7187473
3.5687412
3.8569501
3.6921010
3.7436434
3.7169171
3.5816594
3.6087064
3.8220623
3.4214498
3.4788952
3.5539472
3.7938233
3.9494435
3.7994550
3.6745718
3.6129736
3.6439665
3.5968963
3.7642847
3.7340637
3.7607467
3.6170490
3.8922489
3.8521036
4.2129235
4.0024119
3.6385556
4.2342188
4.0717307
3.7526199
3.6059474
3.9008875
3.7546149
3.7773342
3.9669440
4.0037864
4.0610438
3.8849764
3.9608670
3.6936209
3.6162483
3.5951523
3.7247702
3.7247498
3.5358813
3.8257917
3.5244864
3.7447654
3.9453032
3.8072960
3.7200896
3.8489435
3.8861841
3.6382876
3.4514810
3.7974955
3.8674065
3.8614986
3.4367858
3.5046253
3.9394713
3.6264212
3.7644447
4.1009692
3.7180554
3.9296751
3.8106620
3.5799865
3.6669953
3.8112853
3.7827934
3.6872227
3.7763374
3.5086666
3.6629200
3.7602814
3.6433121
3.4752126
3.5521695
3.6015034
3.6379018
3.7221445
3.6169591
3.8637614
3.9089836
3.5146314
3.7812269
3.4672453
3.6250417
3.5432608
3.8267763
3.8703418
4.0285620
3.7548930
3.6501351
3.8533482
3.6012484
3.7898707
3.5229179
3.7882512
3.6486790
3.8230197
3.6509280
4.0505823
3.6042247
3.7267580
3.6188654
3.6715686
3.7201038
3.6066848
3.6932461
3.8251105
4.0401495
3.9325827
3.9226636
3.8011124
4.1232773
4.1068473
3.9232402
3.7325706
3.5563224
4.0361575
3.6892944
3.8267714
3.6030231
3.9985550
3.9506939
3.5965269
3.9076234
3.9338015
4.1202171
3.8231325
4.0209506
3.7614294
3.9667140
4.0866339
3.7960914
3.7535168
3.8614232
3.9546849
3.8490258
3.8770827
3.6462106
3.8870670
3.7923820
3.8336024
3.6895910
3.7837027
3.7576536
3.7282217
3.6113980
3.8052825
3.6426147
3.7967146
3.4974725
3.6924163
3.7364869
3.7939703
3.5174633
3.8867767
3.5944382
3.8653587
3.9214541
3.7079531
3.8577086
3.6119025
3.8904822
3.7382534
3.4969328
3.9209756
3.8638398
3.7482027
3.6981281
3.3885630
3.6635767
3.6184617
4.0068431
3.8600476
3.5695472
3.7854965
3.9645524
3.8707751
3.9452629
3.8641033
3.8331407
3.7398236
3.8024387
3.6012570
3.5407295
3.5047979
3.2416514
3.3468307
3.6955966
3.2654536
3.4284170
3.9664612
3.2748063
3.6369257
3.5254931
3.6483010
3.5552933
3.7981953
3.7865205
3.4268810
3.1239231
3.3716805
3.3875167
3.4412227
3.6913422
3.1173960
3.4240997
3.2549903
3.5226203
3.4355777
3.4254807
3.0166123
2.7618899
3.0804566
3.0678152
3.1140905
3.1613693
3.0049995
2.7162839
3.1032217
3.0037864
2.7300644
3.1300321
2.9873077
3.2080967
3.2358658
2.9590893
3.2432866
3.0122749
2.8893838
3.3913557
3.0980743
3.1639204
3.2660858
3.3655518
2.9476753
2.6935750
2.7312652
3.3027655
3.0848885
3.2407293
3.2986106
3.7307826
3.3667506
3.2593598
3.7228108
3.5327529
2.5427838
3.0576768
2.4445262
3.0877962
3.2482397
3.5573786
2.9230642
3.0640051
3.4997734
3.4767771
3.0133518
3.3175842
2.7904237
3.4571885
3.5524210
3.4708644
3.4688537
3.4731124
3.7963165
3.6095284
3.7084873
3.7844988
4.0117250
3.5719278
3.7679502
3.5023974
3.8453321
3.7854585
3.8800782
3.5979068
3.5044264
3.6886755
3.6143056
3.9375242
3.5600698
3.6868325
3.5519369
3.8695750
3.7254894
3.9359155
4.2764652
3.9990517
3.6909426
4.0849334
3.7368803
3.7715785
3.9832107
4.0376409
4.5037895
4.0260142
3.9943265
3.8085118
3.7996791
4.0008873
4.0175515
4.0651853
3.9782997
4.0698397
4.6944976
4.3577951
4.2762946
4.4254904
4.2166326
4.4135488
4.4175379
3.7190489
3.8536601
4.2985333
4.2154000
3.7906348
3.9219428
4.3520554
4.4210429
3.9195956
4.0037037
4.1880633
3.9341865
3.9170992
4.1987738
4.1874846
4.2349659
4.2966410
4.3241421
4.0472960
4.0831534
4.1652129
4.1639918
3.9001065
4.3785560
4.0400910
4.1727183
4.3304215
4.0605564
4.2519000
4.2283938
5.0156883
4.7356855
4.1822336
4.1688259
4.3875248
4.4608158
4.3663702
4.0674644
3.9576053
4.2497463
4.2185717
4.4605302
4.6142844
4.8047020
4.2693296
4.0671389
4.6932646
4.6092106
4.4299859
4.4307339
4.7690065
4.4050012
4.2783503
4.3996879
4.4888243
4.1502117
4.5719393
4.1626015
4.1333084
4.2977457
4.4096615
4.2106678
4.3296259
4.4661823
4.4465087
4.7210761
4.4021918
4.0108019
3.8013748
4.2073652
3.8981870
4.6338000
4.1417234
3.5996187
4.2413808
3.9481421
4.5817057
4.6127320
4.9257907
4.0747140
4.5554445
4.4740504
4.4935952
4.4261584
4.2434476
4.1587356
4.5901417
3.8754061
4.0243433
4.3491385
3.7234583
4.3765995
3.9528734
4.7079113
4.9154294
3.9989437
4.6714724
4.0099873
3.9695923
4.0484433
4.4093797
4.5258388
4.0672592
3.8311965
4.0497274
4.4798470
4.4287707
4.2044733
4.2944063
3.6857752
3.9480783
4.2439261
3.9212659
4.3321417
4.8191818
3.8493508
4.9827740
4.9805863
4.7077387
4.8972004
4.8145991
4.6361196
4.6573831
4.2226834
4.4042430
4.4908765
4.4247270
4.7881750
4.5636758
4.3058183
4.2885828
4.5049734
4.6296041
4.6233847
5.5210601
5.2166551
4.7283024
4.5197112
4.5114617
4.2449509
4.1641963
3.7401547
4.0445432
3.7986856
3.7588961
4.3048938
5.3064926
5.0692255
5.9337821
5.1472718
4.9484131
4.7062554
4.4903463
5.1861611
4.6189677
4.4329156
4.3154599
4.3451981
4.7861345
4.6269808
5.1629114
4.8305832
4.6074833
4.4864821
4.7430041
4.4235297
4.6648774
5.1337028
4.8794929
4.8641462
5.0823700
4.9467611
4.5204832
5.0048595
4.6800329
4.2637370
4.1057420
4.6375229
4.7970302
4.6224619
4.5684827
4.6150432
4.9221893
4.5995194
4.7851867
4.7223424
4.6181946
4.1489742
4.9266962
4.3761574
4.5129722
4.8489486
4.7811568
4.9013604
4.5841918
4.6553992
5.1052119
4.5325280
5.1576723
5.1994679
4.8626821
4.8607665
4.6865799
4.6847768
4.5150028
4.5449301
4.4887925
4.2455900
4.5202181
4.4665001
4.9798058
4.7483032
4.7692902
4.5189462
4.4435369
5.0563680
4.4885235
4.7044649
4.8831165
4.9976983
4.5659297
4.6029466
4.4774826
4.5335353
4.9562128
4.5934405
4.9709498
4.4426584
4.4556479
4.6618420
4.7590895
5.1151175
4.7133317
4.1114376
4.9375879
4.4244321
4.7317292
4.5567247
4.4314047
4.4688067
4.0847721
5.0934201
4.6828620
4.4993901
4.5609483
4.5724508
4.7254554
4.4874054
4.5537800
4.7471873
4.4611754
4.2796346
4.0638925
4.5933169
4.2061297
4.0788955
4.0511720
4.5804337
4.3556848
4.1732807
4.4072082
4.1054696
4.3186341
4.4086446
4.1554265
4.2758578
4.1480337
4.3259659
4.2439107
4.1827753
4.0806437
4.1524159
4.3250256
4.3125619
4.7152932
4.4760900
4.2660680
4.3678317
4.4346513
4.4178548
4.5906535
4.3621954
4.5879719
4.4009665
4.3587864
4.4542075
4.5108856
4.4721227
4.2919285
4.6728935
4.5424148
4.0715575
4.5495149
4.5514167
4.2397247
4.2120129
4.4831342
4.3644417
4.6490359
4.2909501
4.2382853
4.3535624
4.1857843
4.3940690
4.3098704
4.5172407
4.3556586
4.5501955
4.5177201
4.6118206
4.3509145
4.3121489
4.1644721
4.2835691
4.4306389
4.4869276
4.3834978
4.5116083
4.5121214
4.1954102
4.2988978
4.3347656
4.2790371
4.2880878
4.2566866
4.5592957
4.5539079
4.6164404
4.4083340
4.6896715
4.4863834
4.2856776
4.3999903
4.4229294
4.6850175
4.2150987
4.7251694
4.4900524
4.6773617
4.7622497
4.3993065
4.3609887
4.7840334
4.4780697
4.4808374
4.6395712
4.7012081
4.6266946
4.5711515
4.5811670
4.7140192
4.7408095
4.8470300
4.5056479
4.9284958
4.6232914
4.6044854
4.6081031
4.4838441
4.5627098
4.5777691
4.3611439
4.7349041
4.5861073
4.5494605
4.5691006
4.4881056
4.6912364
4.6621633
4.7667895
4.7946790
4.5479209
4.8922411
4.4729729
4.5599637
4.6317375
4.6232234
4.3621595
4.5596132
4.3312446
4.6341427
4.7813913
4.8052661
4.6551483
4.7419948
5.0426474
4.5974031
4.7709745
4.6568958
4.6452008
4.7589487
4.6725524
4.4685375
4.5086553
4.5010107
4.4159737
4.2822552
4.4420815
4.4510201
4.9082079
4.6867931
4.7070912
4.5686860
4.6101887
4.4707844
4.5579117
4.5997694
4.6022836
4.4805086
4.6558223
4.4821273
4.5277069
4.3581202
4.4704589
4.4611307
4.5571767
4.5550620
4.8658946
4.7427646
4.5462483
4.7655918
4.7168300
4.7482172
4.7565202
4.5565711
4.5592465
4.4624577
4.6138096
4.3306575
4.6961695
4.6987348
4.5947797
4.6547372
4.6197986
4.7767700
4.5803440
4.4445567
4.7083029
4.7953828
4.6206330
4.6025774
4.8223476
4.7165370
4.7238234
4.4817451
4.6095044
4.4439660
4.5541403
4.6879046
4.7301493
4.6365475
4.5146186
4.4203631
4.6371652
4.4649991
4.4075810
4.5361625
4.4637533
4.5854229
4.6642484
4.3169507
4.2332806
4.7091978
4.5863072
4.5622484
4.5156047
4.7910230
4.4867589
4.6782561
4.7288710
4.6389313
4.7923065
4.6177770
4.8351266
4.7638885
4.5609860
4.6158816
4.6735484
4.5666805
4.7143308
4.8136167
4.8155567
5.1749306
4.4071118
4.7418853
4.6227389
4.4280805
4.7270811
4.8177383
4.5568552
4.7095939
4.7047407
4.6556926
4.4116470
4.6285331
4.8458598
4.6358095
4.5418484
4.3864140
4.5252593
4.7777223
4.6884178
4.8005877
4.7093028
4.6688965
4.6915248
4.9130795
4.8003590
4.7596649
4.7292106
4.8114967
4.6468185
4.9620259
4.9595287
4.9469195
4.7046511
4.4882959
4.6396351
4.7840968
4.7705841
4.7222927
4.6913989
4.6467201
4.9480813
4.6270477
4.9291447
4.7662473
4.6727007
5.0685850
4.7940856
4.9549124
4.7597622
4.5964076
4.7448880
4.6251375
4.7746518
4.8986723
4.7699488
4.8472745
4.9511213
4.4741992
4.5936718
4.7375602
4.8418787
4.6600278
5.0655460
4.6972782
4.7185688
4.7892672
4.6411412
4.7550813
4.8935702
4.7870523
4.5941358
4.7924894
4.6003719
4.7651061
4.5472447
4.7930994
4.7301791
4.9900773
4.7158695
4.5415580
4.6329924
4.5350053
4.8041806
4.7424070
4.5790621
4.5645449
4.7030057
4.8878129
4.8649557
4.5695567
4.7102521
4.4813424
4.8901040
4.7219229
4.8447369
4.6728202
4.7291148
4.9050194
4.5387562
4.6172510
4.7859642
4.9595904
4.6630797
4.7018958
4.7620484
4.9703108
4.8094006
4.7570827
4.9424971
4.7332385
5.0282437
4.6124787
4.9043483
4.7460394
5.0450271
4.8374030
4.9443768
4.5703965
4.7924885
5.0292505
4.8912735
5.0070328
4.8332927
4.8824440
4.7792949
4.9318843
4.9421367
4.9760231
5.1517062
5.1208627
4.9875100
4.8397163
4.9230678
4.8507265
5.1668761
4.9852008
5.2746129
4.5601692
5.0009475
4.9743272
5.1630475
5.3750208
5.0992751
4.8864042
5.0463403
5.1346313
5.0307110
5.1686135
5.0108971
5.0279317
5.1859212
5.1841719
4.8328268
5.2409542
4.9388806
5.1181918
5.0990330
5.1892585
5.3039013
5.4096558
5.0427913
5.0152895
4.8458559
5.0191956
4.3233238
4.1226519
4.4427286
4.4178988
4.1067016
4.3221353
4.2673392
4.1802639
4.4275686
4.5685739
4.3382313
4.6326480
4.1911108
4.6939411
4.5403178
4.1982293
4.3652901
4.4254710
4.3568832
4.7632630
4.3462511
4.4017929
4.2642946
4.3388989
4.3015509
4.2040994
4.2896145
4.2276079
4.4088618
4.5440487
4.2945122
4.2972647
4.5572413
4.3143680
4.1368909
4.0167464
4.3338945
4.4118432
4.4734770
4.5107594
4.2948377
4.2991982
4.1207566
4.3033046
4.0751946
4.1543491
3.9122130
4.3236181
4.2219590
4.2239619
4.2017251
4.2210068
4.2586899
4.2049791
4.1874939
4.2177883
4.1825006
4.1537272
4.3342319
4.2422434
4.2525328
4.2510523
4.4372214
4.4441584
4.0911483
4.3220050
4.4308734
4.3333204
4.2268546
4.2000592
4.1372397
4.1847277
4.2750835
4.2789267
4.4207238
4.3225743
4.2150156
4.5130548
4.3203130
4.2887475
4.3532895
4.3239022
4.3522451
4.0747295
4.1372231
4.2058692
4.1372837
4.2086364
4.2647098
4.5117767
4.3955608
4.3989765
4.2990589
4.4470245
4.4418800
4.1682050
4.2907991
4.2060938
4.4161700
4.3461459
4.3727671
4.1235813
4.4350133
4.1557988
4.0601256
4.1613652
4.2705848
4.4642803
4.2060998
4.4322400
4.2425113
4.2009469
4.3636342
4.3737552
4.1881950
4.1624958
4.1614323
4.2413755
4.3780995
4.2485909
3.9826201
4.0113546
4.1413678
4.2640541
3.9546559
3.9740131
4.0946627
4.2414731
4.2193805
4.0813548
4.2623784
4.0629867
4.2987242
4.1377641
4.1140054
4.1225489
4.2377721
4.2147274
3.9662982
4.1433292
4.1884677
4.0005688
4.3313151
4.0450365
4.0486552
4.1314855
4.1577652
4.1040143
4.2137499
4.2528951
4.0700380
4.0539262
3.9480452
4.2269396
4.2043578
4.0091568
4.0480195
3.9568122
4.1798453
4.0945312
4.3874122
4.0769886
4.2079679
4.1627116
4.3515215
4.0309847
4.3583000
4.3363829
4.1361020
4.1340719
4.0441429
4.1130586
4.1692721
4.1578629
4.1616151
4.2364502
4.2716269
4.2250763
4.2987974
4.3838400
4.3751712
4.1877812
4.2474215
3.9445554
4.2985701
4.2167251
4.0409264
4.2072829
4.2213533
4.1027979
4.1307359
4.1219537
3.9358693
4.1003316
4.0573448
4.1132476
4.0736487
4.1551390
4.1550101
4.0378298
3.9298202
3.9401548
3.8172765
3.8786370
3.9667201
3.9939564
3.8074491
3.9874305
3.9588278
3.8626297
3.9645637
3.8949528
3.8338698
4.0406983
4.0262036
3.9707772
3.8195137
3.8727843
3.7676897
4.1111606
3.5767452
3.4764159
3.7467723
3.7240418
3.7824979
3.7107083
3.8544813
3.6421614
3.5238570
3.7208538
3.7478135
3.7249427
3.6326312
3.6637951
3.7834641
3.7230328
4.0849782
3.8410070
3.9206801
3.6704701
3.8487700
4.2656115
3.9328440
3.9725733
4.0304902
4.1647463
3.9958154
3.8379498
4.2735550
4.7454639
4.2467522
4.1765186
4.2551497
4.1525136
4.0718595
4.2834324
4.1704827
4.0741915
4.1394435
4.2232421
4.1861952
4.1688949
4.0785334
4.0795625
4.2929932
4.1585304
4.3795135
4.1333535
4.2829379
4.1349148
4.1370448
4.0508827
4.1559640
4.2467112
4.2943934
4.3636478
4.3431928
4.2381436
4.3730602
4.0913418
4.0306029
4.0908464
4.0609895
4.0859434
4.3217987
4.1751975
3.9513136
4.1653360
4.2436579
4.1470447
4.0915869
4.1508487
4.1311678
4.2562630
4.2087496
4.1054864
4.1449220
4.1593430
3.9952973
3.9699286
3.9256052
4.0328610
3.9708673
4.0830564
4.0434592
4.1004752
4.0069456
3.8953801
3.8920512
4.0858319
3.9022788
3.8989874
3.7658033
3.9591570
3.8311268
3.6644634
3.8554805
4.1486240
4.1335355
3.7598433
3.7717791
3.8648636
3.6083177
3.7963458
4.0592424
3.7160032
3.7763521
3.6763176
3.7439822
3.6499686
3.7339467
3.6754369
3.6912965
3.6188411
3.7766533
3.6548372
3.6808083
3.7644743
3.6999564
3.7838630
3.6654388
3.5742993
3.6188515
3.3840151
3.5084058
3.4776972
3.6450323
3.4269426
3.4869992
3.5041357
3.6272949
3.6924042
3.7729140
3.5181226
3.4526468
3.6243401
3.5696200
3.7835898
3.5353397
3.5820676
3.5235582
3.3686819
3.4482803
3.3382457
3.2569172
3.4718064
3.3726968
3.6117388
3.2691146
3.2718082
3.2849165
3.4593347
3.4264770
3.3380725
3.4601481
3.3354184
3.4213280
3.1705883
3.4659916
3.3969977
3.3487542
3.0569459
3.1594196
3.2663336
3.4582302
3.3666722
3.3075249
3.2965731
3.4255790
3.1940528
3.3667933
3.2501396
3.1977001
3.2075456
3.4438613
3.3249574
3.3069938
3.2765659
3.1427338
3.1834964
3.2730096
3.2935956
3.3993552
3.2634948
3.2300961
3.3664519
3.3698008
3.2446434
2.9648785
3.2206753
3.0449074
3.0588627
3.2519210
3.0351151
3.2575741
3.1498366
3.0538812
3.2410314
3.3856238
3.2088365
2.9481226
3.0514316
3.0071208
3.0923160
2.9359598
2.9256495
2.8855231
3.0692568
2.8310753
2.9057786
2.9029237
2.8959770
2.7731260
2.8779658
3.0179289
2.8906805
3.0625017
2.8948515
3.1050660
3.0150180
2.9335812
3.4396392
3.2234932
3.3089297
3.2123300
3.3274173
3.4306423
3.3399001
3.4511125
3.4670674
3.4845624
3.4292171
3.5251003
3.4345118
3.4875393
3.3802417
3.3890990
3.5872969
3.5670686
3.3535635
3.0971570
3.2176042
3.1247767
3.3198809
3.2592119
3.2949711
3.2804539
3.2041330
3.1084707
3.4391945
3.1504846
3.2695605
3.0678266
3.2859610
3.1863514
3.2216302
3.0363699
3.3364626
3.3497558
3.2182658
3.2571696
3.0983183
3.2037428
2.9960118
3.1839886
3.2481777
3.1895334
2.9770704
3.0965374
2.9480429
3.1633399
3.0310586
2.9768512
3.2438609
3.0262279
3.2368514
3.1723197
2.8700520
2.9625914
3.2055228
2.9997048
2.9977646
3.1345715
3.2375180
3.1642528
2.7726908
2.9092024
3.0220864
2.9422463
3.0945441
2.8573208
3.1330053
2.9660222
2.8033567
2.8125588
3.0504455
2.9475392
2.9297360
2.8101148
2.7662702
2.7193564
3.1324972
3.1758593
3.0014349
2.8503107
2.9557771
2.7503489
2.8029076
2.9338426
2.9660699
2.9320595
2.6541938
3.0169719
2.9219085
3.0124031
3.1894700
3.0035934
2.9959970
3.0529580
2.9551563
2.7836944
2.8657628
2.6680984
2.8726917
2.8664349
2.7261681
2.8512094
2.5909180
3.0135500
2.5247062
2.5749783
2.7300973
3.0242642
2.9240347
2.7653894
2.8152241
2.9169496
2.7210313
2.8705452
2.8213799
2.7134726
2.9796899
3.1348723
3.1223486
3.2977238
2.8987145
2.9745706
2.9940955
3.0303485
3.2725193
2.9063456
3.0663201
3.2931456
3.1256094
2.8877975
3.0230452
3.1009204
2.9766696
3.2981581
2.9314308
3.1352289
3.0350934
3.0096382
3.2139638
3.2259293
3.2617969
2.9906686
3.1957833
3.4331549
3.2345694
3.1979185
2.9611399
3.2803896
3.2386307
3.4128935
3.0275903
3.1585164
3.1600200
3.3399179
3.1217261
3.0081434
3.2856489
3.6280475
3.4152140
3.3294875
3.4279831
3.5643718
3.5442880
3.4007917
3.4834015
3.6930000
3.6866060
3.3598159
3.6349843
3.3763771
3.3793118
3.5790981
3.6577306
3.9226505
4.0827272
3.9308933
4.0134405
3.7763274
4.2865448
3.8630427
3.9649491
4.0753717
4.0762807
3.9063429
3.7911689
4.0024109
4.0825308
4.4525995
4.1876597
4.3943914
4.2048652
3.9878004
4.2792538
4.6188083
4.0485857
4.2681560
4.2901011
3.8907390
4.0900710
4.2378535
4.5427331
4.4337864
4.6085721
4.5473509
4.4280907
4.2615292
4.2494878
4.2387198
4.3190150
4.5990809
4.4692805
4.2659492
4.7035619
4.6189678
4.5387182
4.8208659
4.5546628
4.9320409
4.7119594
4.7318682
4.9027750
4.7323003
4.6215035
4.7351363
4.8228316
4.5743547
4.9071562
4.5041308
4.7678150
4.5165674
4.5001683
4.4855507
4.4734348
4.3877998
4.0582848
4.2418715
4.2823139
4.4897352
4.3819014
4.3729862
4.7097951
4.3724231
4.4687389
4.3130135
4.3413893
4.2820450
3.8043051
4.0464061
4.2481358
4.0576443
4.1396691
4.1376420
4.0931837
3.9541993
4.0172594
4.1821664
3.7284635
3.8589122
4.2888102
3.6846295
3.7510416
4.2404358
3.8111527
3.8694720
3.9787050
4.1927566
3.7139478
3.7950385
3.5449626
3.6197792
3.8732102
4.1846069
3.8050435
4.2750181
3.3598374
3.8553397
3.6902108
4.0731578
3.8723418
3.8696388
3.8632726
3.9795072
3.9871537
3.8334637
4.1976660
3.9389714
3.7249018
4.0543234
3.5960224
3.5042673
4.0469531
4.0117490
3.5941639
4.1076322
3.7920956
3.7461674
3.9148586
4.0740310
4.1994124
3.6067532
3.9871269
3.8771974
3.6686077
4.2037753
3.3073793
3.6765295
3.9284420
3.4569923
3.5506958
3.8468395
3.3705816
3.5178781
3.4881819
3.3564255
3.6940715
3.6609581
3.2459620
3.4042882
3.1563935
3.4445677
3.5947083
3.8584714
3.2901660
3.5060229
3.6158979
3.8945513
3.3663610
3.5754850
3.7087964
3.6492798
3.6131977
3.8672780
3.7537964
3.9024812
4.0025894
4.2019644
3.8312050
3.9423905
3.6526614
3.8392299
3.4208003
3.6394128
3.5868890
3.4749375
3.5621314
3.4940533
3.5424157
3.7018600
3.6624542
3.4579129
3.5041084
3.8287854
3.5643723
3.2388622
3.2618382
3.7292994
3.7210095
3.6025302
3.4060527
3.4389456
3.3636033
3.3641609
3.5291876
3.3989382
3.7666033
3.2262408
3.2601497
3.5968661
3.4968146
3.0100605
3.1888378
3.0774435
3.0207553
2.8811484
3.1173781
2.9156429
3.6767785
3.3514894
3.1984428
2.8329234
3.2289628
3.1459230
3.0013885
2.8509034
2.9921090
2.8155927
3.1166213
3.2891951
2.5984559
2.6003776
3.2023221
3.1816935
3.2848444
3.1182573
3.3154795
3.3424711
2.9207662
2.8192395
2.8977967
3.2967326
3.4522645
3.1901382
3.0844883
3.2387315
3.4148216
2.9582084
3.3195454
2.5206819
2.5657428
2.7999258
2.7431902
2.6661034
2.6514436
2.2522682
2.8926068
3.0564091
2.6941718
2.5881117
3.0518727
2.7432280
2.5416279
2.9412172
3.2502876
2.6258589
2.2319845
2.5588979
2.5214602
2.6979288
2.6709201
2.4911462
2.7105027
2.8457270
2.2867514
2.8310172
2.4269325
2.8383527
2.5573199
2.7225612
2.6459294
3.2027683
2.6120357
2.8535893
2.5329159
2.7556967
3.2699799
3.1752261
2.9638457
2.9763097
2.7618609
2.8739128
2.6588901
2.6556096
2.5812771
2.6949537
2.6998189
3.0374271
3.2549715
2.8406729
3.0360834
3.0918595
3.3263025
2.9963966
2.7453029
3.0168249
3.0492172
2.6052989
2.5033736
2.8131472
2.8812374
3.0610654
2.9940659
3.0584254
2.4010570
3.0440507
2.7948909
2.9653026
2.7312229
2.7782670
2.7405429
2.6148880
2.9606116
3.1221666
3.0039493
2.5516200
2.7651358
3.0594247
2.8632115
3.0286896
2.9065051
3.2185990
2.8227329
3.3415687
3.4553664
3.6267425
3.4996921
3.9858202
4.2599754
3.8911151
3.4415123
2.8051234
3.1945386
3.1787766
3.0048097
2.8494806
3.1203100
2.6168578
3.1283911
3.1067128
2.8936489
3.1562481
3.2647696
3.0871318
3.0027209
2.6578488
2.9968239
3.3870896
3.3065183
3.8332963
3.8649654
4.0625487
3.7856015
3.5048239
3.6431323
3.3495677
3.2463291
3.7143347
3.6880431
3.8806546
4.2838883
4.0224488
4.4222384
3.9553491
3.5233150
2.7710766
3.7278939
3.3933908
3.3373585
3.9348586
3.1091989
2.9428264
3.5225794
4.0731711
3.4045949
3.6184262
3.4530534
3.1671159
3.5932402
3.0474869
3.3633517
3.4818889
3.1073074
3.3586446
3.0443430
3.6572323
3.4775760
2.9951385
3.5476300
3.1692577
3.6349477
3.5722365
3.3634835
3.5791170
3.5989008
3.2432052
3.8180992
3.8342015
3.4860573
3.7321401
3.7378705
4.3369822
3.1606845
3.2422260
3.0015872
3.6642915
3.3840729
3.1447614
3.4761311
3.7161146
3.1972587
2.9581307
3.2553132
3.4931262
3.2814783
3.8403567
4.0572774
3.3981365
3.5752521
3.3541505
3.7449362
3.3931022
3.4618138
3.1247794
3.5734291
3.3349232
3.7646469
3.3861382
3.7338031
3.4065145
3.5765840
3.2940105
4.3542365
3.8643633
3.0113646
3.3070565
3.0536823
3.8696856
4.5212826
3.2021836
4.1809794
3.9238378
3.6663401
3.9108361
4.1030257
3.3921488
3.3070675
3.8169045
3.3055304
4.1208407
3.8651065
4.1077437
3.6417387
3.6968716
3.8015506
3.3749922
3.8431524
3.9217166
3.3322373
3.8002716
3.3402301
3.8285430
4.1144006
3.6187401
3.8568441
3.5540014
4.4411946
3.4362676
3.7574257
3.4497960
4.0647256
3.8551900
3.4705885
3.6683881
3.3773897
3.4854625
3.3383839
3.5084261
3.3871247
3.7697183
4.2207823
3.3439597
4.0975184
4.2737035
3.2587946
3.7360998
4.0047241
4.1900706
3.3868263
2.9825358
4.5171391
3.7045260
4.1673890
3.5904214
3.6267812
3.7931582
3.8696644
4.1271403
4.5260104
4.4676361
4.6971049
4.1334860
4.2992495
4.1175893
4.1620765
4.2580891
4.3996431
4.3491331
3.8401647
4.0180886
3.7129627
4.1196175
3.9800133
4.3899033
3.9715388
4.2716226
3.9443125
4.3357373
3.7581505
3.7772395
4.5283826
4.3157620
3.6513071
4.1765426
3.8801690
4.0386686
3.3100917
3.6573304
3.9062848
3.9017592
4.5540710
4.2787380
3.7717021
4.4223909
4.3216677
4.6214454
4.6752093
4.3593031
4.5336521
4.1509334
4.0512049
4.1273310
4.2779071
4.1952540
3.7998853
4.2319821
4.2052100
3.9033302
4.5667400
4.5617216
4.1684370
3.9409148
3.5874129
3.9160236
3.9383367
4.0711455
3.8100614
3.7654691
4.0745502
3.8154904
3.7289400
3.6582545
4.0543737
4.0315942
4.0139514
3.8648526
3.4717684
3.7879352
4.2912722
4.0909768
3.6759433
3.8932179
3.8424609
4.0648549
4.0971088
3.6181918
3.9898063
3.7516325
4.0353568
4.2272576
4.1754276
4.2446787
3.6381425
3.8464777
3.7238334
3.9621799
3.8876668
4.2355606
3.6377319
4.3427581
4.4664333
5.2602076
4.5841812
3.8715802
4.0695476
4.5283153
4.1871658
4.4957951
4.4526198
4.5281841
4.2368913
4.3236099
3.9346502
4.4042198
5.0442350
4.0957044
3.6036099
4.3295413
4.0279777
4.1102316
3.9868104
4.2689878
3.8570068
4.3509701
4.0572244
5.1875692
4.0451390
4.0998053
3.9839514
3.9924692
3.9440088
4.2880618
4.2484265
3.8641793
5.0105613
3.9022698
5.3890553
3.9227139
4.0096955
3.8210236
3.8627842
4.7692982
4.1805199
4.4071241
4.2854359
4.2001478
4.3113394
4.5553325
4.1059264
4.0928025
4.1992413
3.7497078
3.7751651
4.4354134
4.0231630
4.4304596
4.0492433
4.1044905
3.8183782
4.2075042
4.0289021
4.2808334
4.1950960
3.9447643
4.1431936
4.3996733
4.6654938
4.5686053
4.1837654
4.5312519
5.3091865
4.0357881
4.0863404
4.4403012
4.1638396
3.6316651
4.3470103
4.6532812
4.3328627
4.0879268
4.3800569
4.4295233
4.1441413
4.0165944
4.2583746
4.7167385
5.1353352
4.9236720
4.9159410
3.9048482
3.7626809
4.3098244
4.6188518
4.7215186
4.4721587
4.3534055
4.7924902
4.0618181
4.9800126
4.5969487
4.6544754
4.6556826
4.9349957
4.5426051
4.5454024
4.8398015
3.8850093
4.7577166
4.9492348
4.6117642
3.7215034
5.3861721
4.7935513
3.9202195
4.2237830
4.5402979
4.3634141
4.0925321
6.2879902
5.8213833
4.5855673
5.3721609
4.8535462
4.5453385
4.3792528
4.5164566
4.4699567
4.6720938
5.0126139
4.7992758
4.8995987
4.5064827
4.4674612
5.4414520
5.6016103
4.4177993
5.0499894
4.5163146
4.3128057
4.6580134
5.4842233
4.8300289
4.4246870
4.9751205
4.6322924
5.2979864
5.3488472
5.0327636
5.8613717
5.0065216
5.4404679
6.0902101
5.0621378
4.8580822
5.1935760
5.2162944
5.7693166
4.6651640
5.9826309
5.2446342
5.9970518
4.8707410
5.6076214
4.8592817
5.9706699
6.4809025
6.3542909
5.2840462
7.3021398
5.5148821
6.2960815
5.4567483
6.7109678
8.5531663
12.8012547
5.1863694
11.4583679
12.8346459
7.3659145
10.6531842
8.2045803
6.5009943
6.6657551
17.3337968
4.5643417
5.0453608
8.9095668
7.8215316
8.8023251
5.8845156
4.7579198
4.6485613
4.5637823
5.2309965
4.6672910
4.9842724
4.3395805
4.2275403
6.6524673
7.4906562
5.5425019
5.1044262
5.2061220
4.9678113
5.3166720
4.7066232
4.9816255
4.9306854
5.2908372
5.2828257
4.7159408
4.9505301
4.2897642
4.3329981
15.2622869
3.7485407
4.9118171
5.1614490
5.6145145
17.9816344
4.8145368
4.8775499
5.7508229
5.7621774
5.7573098
5.6227152
5.0872013
5.6368197
4.8053199
4.9220108
4.6441940
7.2706397
6.5177681
12.4061625
8.8627810
4.9205352
4.5968971
3.9204117
6.0874568
6.1865592
4.5609947
4.9152663
6.4585890
5.4813916
5.4002389
4.9789685
4.9015729
4.5769155
10.4193249
4.8204688
4.8347886
4.5891229
5.2084922
5.1248407
4.9215257
4.6490273
4.8455506
4.9095232
4.5014337
5.1932851
5.0322589
5.0449298
4.7982430
4.6598819
4.8398160
4.9617694
5.0430207
4.8746351
4.9362610
4.6736082
4.8800695
4.9989409
4.7849975
6.2435404
4.8994637
4.8825345
5.7090359
4.8209305
4.8352729
4.9434260
4.5193242
5.2327321
4.7008396
5.1011788
5.0187164
5.2568580
4.8935534
5.5392614
5.2652209
4.9872752
5.8914624
4.8094478
5.2089615
5.2978176
5.2898534
6.0054237
5.1883395
6.2549694
5.1799256
5.8793937
4.6052373
4.9714477
4.9230926
5.5247921
5.2265465
5.0019983
4.7433069
5.1518824
5.2729851
5.3071231
5.4435780
5.7564729
4.8473094
5.0850381
4.8108697
6.3493360
4.8756339
5.4183372
4.8691872
5.0137738
5.2407233
5.0753546
4.8738912
5.4193253
5.7247781
5.3425444
7.7213909
5.3627584
5.1342664
7.2528805
6.7765893
6.0275311
5.4284069
5.7220414
6.4091373
5.0796356
9.0378877
5.3204602
7.0658570
5.4694933
6.4769185
6.6139743
6.1303513
5.2894088
5.9805915
10.6915755
9.2677295
4.9181624
5.7817762
15.2901481
7.0708851
4.9228617
5.1830080
6.8308745
5.0727239
5.3737670
5.1365343
5.3941233
7.5569869
5.1251317
7.8342289
8.1461940
5.8171443
5.9699114
6.3532201
7.8434654
10.8669756
8.1777063
7.4531309
5.3438698
5.5157614
5.6095203
7.7819508
6.6858057
6.2660292
5.1639337
5.8158218
5.7250690
5.1668535
6.6120981
7.1827616
6.4337446
5.2929998
7.4588717
5.5948804
5.1735889
7.0651072
6.5248495
6.7421351
5.0282878
5.0261101
5.1699717
6.2129682
4.9367495
5.4764272
5.9777281
5.0462052
5.1417353
5.4842011
5.6301210
5.2139215
6.1713224
5.3660041
5.4977017
6.4049295
5.2678325
5.3356859
5.4900045
5.3557609
5.2501045
6.0188506
5.2187065
5.4885238
5.4724332
6.1064578
5.9074926
7.1850505
5.5407413
5.6529722
5.3019807
5.5565591
7.6590788
5.1371948
5.3336167
5.8051753
6.0637550
5.5880450
9.6807557
5.2181325
5.5350751
5.6415612
6.9421002
5.8478714
6.3232172
5.2602022
5.4890250
8.5476259
7.6149365
6.1087151
5.4123339
5.8882913
7.0371094
6.1830942
5.8606425
5.8037060
4.9829852
5.2593543
5.6717988
5.4519009
5.6235327
5.7271211
5.2242772
5.8916848
5.4865472
5.2409251
4.8049351
5.4062655
5.4103281
5.2036687
5.9333101
5.4028086
5.6220492
5.4364834
5.2809217
5.1835423
5.3092312
6.0277291
5.6556191
5.7061874
5.6545197
5.8100665
5.6765796
5.5877010
5.4959414
6.0336263
6.1506292
5.4716154
5.2819621
5.5456596
5.8547770
6.1298083
6.5596461
5.6923975
5.4252652
5.6392878
5.3858779
5.5294545
5.3776563
5.4427709
5.8870899
5.6295148
6.0882043
6.0249150
5.5095901
5.7262607
6.2968164
5.5023896
5.6984681
5.5001599
6.2573044
5.8332595
5.6078224
5.7622599
5.5585643
5.3801845
5.7989153
5.9039507
6.1980287
5.6165480
5.7264694
5.8013361
5.4897772
5.4410027
5.9077816
5.6648166
5.5964161
5.6658144
6.1896251
5.6639253
5.4592699
7.2297225
5.7530738
5.8196993
5.7936220
5.7094093
5.7760989
6.2537241
5.6217379
5.5424569
5.9201909
5.7798119
5.8423440
5.5212708
5.8488996
5.5468937
5.8042014
6.0658046
5.7397954
6.1085389
6.0891131
5.7038266
5.6201154
5.7469925
5.7598150
6.1011692
6.0707874
5.5974287
5.9913073
5.9304512
6.8225215
5.8643255
5.5142547
6.0613618
5.8578869
5.6618683
5.8201182
5.8776631
5.7079391
6.0295754
6.1189112
5.8972142
5.7063978
6.3034978
5.9271333
6.1646909
5.8848418
5.7799667
6.4800189
5.9269981
6.0056385
5.6743732
5.9463892
6.1743377
6.1007177
6.0375753
5.7819016
6.1178790
5.8219703
6.4436725
5.9627288
6.1053383
5.8884767
5.8934345
5.7437864
5.9431192
5.9832797
6.0950268
6.0758964
5.9782181
5.7806082
6.1929193
5.8910825
5.7415905
5.8702229
6.4603007
5.7992397
5.6705751
5.8639721
5.9887587
6.0168405
6.4649485
5.9147351
5.9797662
6.1039500
6.1206642
6.1640358
5.8591515
5.9844909
6.1894825
6.3340184
5.8494465
6.1295913
6.0520703
6.4698340
5.8840117
5.9812346
5.7546675
5.9844851
6.0864226
6.1644171
6.2049743
6.7702610
6.2009375
6.4205971
5.8895161
6.0824194
6.2241140
6.1880784
6.0777992
5.9258477
6.1406323
6.0868767
6.2802984
6.4017201
6.1723131
6.0336824
6.0095502
6.2157791
6.8797552
6.2902350
5.9223575
6.2604131
5.8495008
6.2514433
6.0772755
6.1243264
6.2526164
6.3465926
6.1504583
6.5598697
6.7582854
6.2109895
6.0962174
6.1096544
6.3504597
6.2591100
6.2336758
6.0121792
6.0936004
6.5011789
6.1551584
6.0646755
6.1947396
6.3345711
6.1509962
6.0327017
6.5069042
6.4479270
6.5189552
6.3160185
6.3456061
6.2846769
6.3196149
6.3378247
6.1608377
6.2900186
6.2662669
6.2084017
6.1212125
6.2085936
6.4345231
6.3312453
6.2977326
6.4052817
6.3338304
6.4966167
6.6446552
6.5736899
6.3133232
6.4593834
6.5486797
6.1633741
6.2457671
6.2710648
6.2380761
6.5169722
6.3335385
6.5584290
6.3879146
6.3309751
6.5786844
6.1743464
6.4962049
6.3344113
6.5375169
6.5338924
6.3831578
6.4167111
6.5217514
6.3837576
6.2721967
6.5241448
6.3479339
6.4283638
6.4079968
6.7053546
6.6194981
6.3819619
6.1164781
6.3159193
6.1931005
5.9736270
5.9040864
5.9997035
5.9723735
5.8780053
6.0057743
6.2847948
6.2228141
6.3961558
6.1158161
6.0854635
6.2642516
6.1658388
6.2184664
6.0772035
6.2249697
6.2171299
6.0003845
6.4244840
6.1483018
6.2175092
6.0224810
6.2132816
6.1124039
5.9721079
6.0067334
6.0439737
6.0550301
6.5931164
6.5764873
6.1688639
6.0339276
6.2579985
5.7618616
6.0863889
6.4495180
5.8222181
5.9765542
6.1313492
6.0736223
5.7404360
6.1164554
5.7223145
5.9852617
6.0442288
5.6279955
5.8489001
5.9310256
5.9929550
5.8629645
5.8118318
5.8996452
6.0723128
6.4917113
5.9854672
5.8969392
6.0392612
6.4219210
6.0260658
5.8794059
5.9185211
5.9019135
5.7456465
5.5967981
6.0200762
6.2752270
5.9125149
6.3914539
6.0916105
5.7522610
6.0455160
6.1245611
6.4061049
6.1077176
6.0606765
6.2523176
6.1932764
6.0224647
6.1487325
6.0594197
6.1692744
6.0488877
6.2291488
6.4059815
6.1369523
6.3169114
6.1314355
6.0676776
6.3358148
6.0374275
6.3240403
6.3063280
6.6533405
6.4107501
6.0424300
6.1446200
6.2246224
6.3369976
5.9863212
5.7653142
5.7311777
5.7302287
5.5022172
5.9112367
6.0894353
5.8599011
5.5419726
5.8320706
5.8394768
5.9976854
5.6415046
5.9953218
6.2552989
6.1547489
5.8899928
6.1438393
6.2019388
5.7705419
5.5813554
5.7232851
5.7337824
5.7838320
5.9428440
5.9727377
6.0888830
6.0337760
5.7820189
5.8658267
5.8033368
6.1813208
5.6789449
6.1580509
6.1232252
5.5438914
5.4533143
5.6085872
5.5677891
5.7191063
5.8578032
5.6718267
5.8994593
5.5324536
5.6344030
5.3849485
5.8617727
5.5403224
5.6073295
5.5834993
5.6474600
5.2188940
5.6948756
5.7990801
5.8374245
5.8238500
5.7421219
5.8599589
5.7160889
5.4917105
5.8356167
5.5071455
5.5887468
5.6652137
5.7245454
5.7995273
5.5225235
5.7310394
5.5013299
5.8944895
5.7200636
5.7956288
6.1683222
6.0520258
6.1242500
5.9954355
5.7300211
5.7036396
5.8184152
5.8424209
5.7250120
5.5222822
5.7507968
5.9961756
5.8783595
5.9649469
5.6559279
6.1169637
5.8739401
5.6580603
5.7101991
6.1236113
5.7274693
6.1377722
5.7554881
5.8737695
5.8158482
6.0463745
5.9648812
5.9789107
5.9099599
6.0177410
6.2329773
6.1446516
5.9054287
6.0003602
5.9503225
6.0747013
5.8877958
6.0040061
5.7894528
5.6570727
6.1038718
5.9314374
5.7841903
6.2945335
6.0572720
6.0064059
5.9658651
6.0078869
5.8555604
5.9376966
6.0455121
6.1002932
5.9504355
5.7864973
6.0911177
5.9834540
6.1939228
6.1593225
6.1843086
6.2095903
6.2387773
5.8666614
6.2282073
6.4073412
6.0633485
6.2322281
6.3125280
6.6052755
6.4789256
6.2511003
6.5885473
6.6307626
6.1845445
6.1861380
6.1756593
6.4855185
6.5428521
6.2149714
6.4309784
5.9800399
6.3681843
6.4826570
6.2375093
6.1467726
6.8051441
6.3970005
6.4185153
6.7997002
6.3840946
6.6793250
6.3603048
6.6002706
6.4470136
6.2626254
6.5282449
6.3466727
6.3668090
6.3578168
6.1936047
6.2563088
6.2808344
6.3519178
6.3268341
6.1451963
6.1955662
6.4712140
6.1235810
6.2760291
6.3355569
6.2080109
6.2604534
6.4703485
6.3927339
6.2738723
6.7325546
6.5420635
6.4202939
6.4082968
6.2991057
6.3029922
6.3538141
6.6412924
6.0898801
6.7550170
6.5017729
6.2838830
6.2262772
6.5962008
6.2076101
6.4949949
6.4171299
6.2745565
6.2582363
6.1818027
6.0740990
6.3933344
6.0885489
6.2141997
6.2972017
6.2577972
6.2148655
6.1958186
6.0247830
5.8593777
5.9325333
6.0605516
5.9260873
5.9951436
5.8755276
5.9988281
6.1510816
5.9337462
5.8708994
5.6078688
5.6737316
5.8473050
6.1499893
6.2299022
5.9528815
5.8944845
5.8907432
5.6802251
5.8411123
5.7691152
5.9246111
5.9343028
5.9366792
5.6031424
5.8088966
5.7043994
5.8753483
6.0358086
6.0596561
5.9674075
6.0934802
5.9582903
6.0043572
5.9105789
5.8795713
5.6696240
5.7564721
6.1220648
5.7748971
5.9325772
5.9233445
5.6552547
6.0058380
5.9715905
5.8825005
5.6531803
6.2432578
6.1165880
5.9559830
6.0268993
5.8144405
6.1118188
5.9927399
5.7253881
5.6615668
5.6408330
5.9961512
6.0318284
5.6858581
5.5800077
5.6921539
5.4735727
5.6607544
5.4945874
5.3434030
6.0546927
5.7105096
5.6902257
5.6970235
5.8812902
5.5016375
5.8384271
5.7107775
5.6330715
5.6047523
5.7805737
5.8339486
5.5652390
5.8844593
5.5530726
6.0075513
6.0249347
5.5865182
5.9244577
5.7683094
5.7993854
5.8081958
5.9335328
5.8165018
5.9475240
5.8053848
5.3153893
5.5048533
5.9263325
5.6976101
5.7918298
5.7851262
5.8923049
6.0255645
5.7103160
5.6335725
5.6755573
5.4884930
5.6456171
5.8872435
5.6694664
6.0064146
5.7259646
5.6553112
5.6397111
5.7968649
5.8586052
5.6981725
5.9551451
5.8244867
5.7764010
5.7416802
5.7661139
5.8643974
5.7691772
5.8096710
5.8491380
5.7122490
5.5655247
5.8923107
5.7847308
5.7592087
5.3575822
5.7486516
5.3963561
5.6026553
5.1924735
5.9415314
6.4539821
5.7561035
5.8127223
5.6788135
5.5773934
5.5126473
5.9008241
5.5434541
5.4790981
5.6238437
5.6859293
5.8217771
5.5035480
5.5514892
6.0512448
5.8044394
5.7330819
6.1093213
5.7855693
6.3304170
5.6306639
6.0969407
5.9967661
6.1270784
6.0333255
6.1358472
5.9495389
6.1794184
5.9173938
6.0916665
6.1687699
5.6538080
6.5080545
6.0334137
5.9197826
5.9565154
5.9751231
6.5372210
6.3376467
6.4143376
6.3204542
6.0776844
6.0198752
5.9717489
5.9999017
6.0334843
6.1510019
5.8631479
6.1310404
6.0713312
6.0640894
5.8685930
6.2633340
5.6531430
5.9024639
6.2183716
6.1560187
5.9042856
6.0049482
6.2898150
5.9641549
6.2625347
6.0226611
5.7751185
6.2573989
6.1632832
6.2771946
6.1078163
6.0074873
6.0426225
5.7921498
6.0303517
6.3815047
5.7376139
5.9268467
6.1087691
5.9482968
5.7280059
5.8546535
5.8562490
5.8435156
5.8756908
5.8151859
6.1587801
6.0012048
6.0576165
5.7926391
5.9128477
5.4139133
6.0564846
6.2387108
5.9462301
5.7108540
5.7643340
6.1269598
5.7761636
6.1347923
5.7685469
5.5544748
5.7530884
5.9226392
5.6365674
5.5693282
5.9111857
5.7233503
6.0088853
5.6555764
6.0599401
5.8568584
5.6782087
5.7582597
5.8402838
5.5982761
6.0922206
5.9828791
5.8778919
5.9063292
5.7858735
5.7712729
5.5701605
5.7551762
5.7183608
5.6900943
5.9047887
5.7915559
5.6436506
5.8326445
5.6104732
5.7679980
5.9481341
5.9730910
5.7048020
5.3812131
5.8299317
5.7039065
5.9099575
5.9048019
5.9925853
6.2977209
5.9692122
5.8654544
5.9182117
5.9721512
5.9593753
5.6913466
5.9710127
6.5392024
6.1429578
5.8422934
5.7851282
6.2843648
6.1540717
5.6557895
5.7863962
5.3534709
6.2563527
6.4415255
6.2339493
6.1000050
5.9832201
5.8699443
6.2698837
5.8512940
5.9910661
6.2555687
6.2461130
6.1598206
6.9641560
6.2470289
7.1165180
6.6477248
6.0844064
5.6743547
6.4588782
5.8233027
5.6663910
6.5722094
5.9232714
5.8083762
5.4766127
6.6377044
6.2661000
5.8745486
5.8839681
5.6815391
5.7643292
5.7271437
5.8653918
6.0742560
5.9231930
5.9435135
5.8333486
5.5738280
5.7694969
5.8354901
5.7902692
5.8181296
5.4658120
5.3154139
5.3281513
5.7540842
5.6565588
5.5352736
5.8269826
5.4031699
5.4404319
6.4410053
5.8311213
5.5710955
5.6313656
5.4810250
5.6385827
5.7999704
5.6051614
5.1657716
5.6921764
5.7379559
5.6683918
5.2860322
5.4925413
5.3202410
5.2205308
5.5177667
5.5679215
5.2808265
5.8305009
5.4834132
6.0444339
5.7240326
5.5674112
5.6973180
5.7031905
5.7823504
6.3595455
5.7658063
5.7764042
5.8431238
5.5545183
6.0323345
5.9953318
6.1164204
5.8988845
6.0803244
6.1233966
5.9050034
5.8732999
5.7827543
5.9095069
5.7225288
5.9234888
5.6114599
5.6741329
5.6276182
5.7840257
5.9948312
5.8132707
5.9192946
5.9624733
6.1598143
5.8347173
5.9031666
6.2185879
5.6612147
5.8167216
5.7864315
5.5809424
5.7261574
5.7597665
5.6515073
5.8868696
5.3603414
5.8069863
5.6319106
5.7370373
5.5891516
5.6179260
5.6471734
5.6279612
5.7020034
5.3753240
5.4253523
5.5586294
5.6664120
5.6064864
5.7426646
5.4755707
5.5093340
5.5617573
5.4365627
5.4013781
5.5522800
5.5617778
5.4305199
5.3996595
5.4437582
5.2283145
5.7502033
5.4655332
5.3752957
5.3784479
5.4711932
5.6453865
5.6866238
5.5633544
5.6909679
5.6371364
5.6048729
5.6150289
5.5953987
5.6100520
5.7504878
5.5193004
5.7224976
5.7496476
5.5865015
5.6024954
5.7628254
5.5835589
5.2324398
5.3315490
5.4697431
5.7132818
5.8341203
5.6523245
5.6493487
5.3988911
5.4383069
5.6324580
5.2732675
5.6263671
5.5810199
5.7204444
5.6215306
5.4269590
5.0442413
5.4244267
5.4559824
5.2404407
5.2268938
5.2863971
5.2074619
5.5745981
5.3612966
5.3413797
5.2988143
5.6545783
5.7228541
5.5694498
5.5508478
5.2545093
5.2734585
5.2865919
5.4480580
5.3399893
5.2574192
5.2971717
5.4492909
5.2946933
5.1703389
5.0814402
5.2881662
5.6818051
5.2934627
5.4830286
5.1292259
5.5932864
5.3940045
5.7215919
5.3483418
5.6026689
5.7075138
5.8505520
5.3972469
5.2376915
5.4294707
5.7306289
5.4030679
5.3305500
5.1604857
5.3337548
5.0881610
5.4410459
5.3253953
5.6659029
5.3168047
5.3845327
5.2694802
5.3366840
5.4812094
5.1779943
4.9699197
5.0915914
5.2631752
5.0057892
5.1791704
5.1178151
5.6941549
5.0173773
5.5150282
4.7794930
5.8531413
5.4227310
5.0732946
5.1924825
5.3374779
5.2605183
5.1067029
4.9756701
5.5953224
5.1676792
5.6858350
5.4985397
5.0409247
5.2106122
5.3049164
5.7260835
5.6497854
5.3973987
5.5746037
5.5063844
5.3394120
5.5050824
5.2527551
5.4052312
5.2330220
5.2296637
5.1105670
5.0655300
5.1501724
5.2837673
5.3431931
5.2770932
5.5119667
5.2770280
5.2616801
5.3167101
5.3608422
5.6315558
5.5759901
5.5371361
5.4870516
5.2408366
5.4004863
5.3289703
5.5110508
5.5417460
5.3763642
5.3802971
5.2807177
5.2505533
5.4705228
5.5294682
5.5164476
5.3910232
5.2252420
5.0861072
5.4485560
5.2815709
5.4081942
5.1665312
5.2546765
5.7580895
5.3273407
5.0329949
5.2031068
5.2830833
5.3769002
5.4118602
5.3770293
5.3527930
5.3876750
5.7631501
5.2474391
5.5328441
5.5484009
5.3240456
5.1713788
4.8433309
5.3086947
5.1213064
5.3368995
5.4928193
5.3538824
5.3291418
5.1904521
5.1054667
5.1129345
5.5441429
5.3513662
5.2472144
4.7294618
5.5045713
6.0278842
5.3176333
5.3902185
5.3564273
5.5612368
5.7137153
5.6064998
5.8701648
5.7720122
5.6621380
5.9673030
5.7284288
5.6864260
5.6267004
5.6912389
5.7908632
6.0508489
5.4691711
6.0819278
5.7982263
5.6505658
5.6669299
5.8839254
6.0305912
6.2333347
6.3253977
6.5209401
6.3476883
6.6672823
6.6256872
6.5816578
6.5485882
5.8787494
5.8078756
6.3752532
6.7023175
5.3254452
5.6638661
5.3594638
5.6967154
4.9832419
5.8672854
5.7709757
5.4407045
4.7379649
5.1662872
4.8553237
4.7669845
5.1867304
5.2113147
4.5672680
4.8790358
4.9244622
4.8937279
4.6626157
4.6545636
4.9487208
4.5868496
5.1697992
5.3423884
5.1340990
5.4951626
5.3100106
5.5252038
5.3984754
4.8754819
5.2924827
5.3200295
5.5868217
6.1632800
5.5205450
5.2824210
5.4026128
5.3594189
5.2945893
5.2888172
5.3845359
5.5957551
5.3731147
4.9859060
4.7532961
5.1220221
5.3025539
5.2601313
4.9892111
5.2698742
5.4030970
5.2951176
5.3635268
5.5630927
5.4686828
5.2140407
5.6233582
5.4418899
5.0481628
5.3276730
4.9739109
5.1256511
5.2349263
4.9749160
5.5197982
5.5032953
5.3250489
4.8649502
5.4861763
5.2455167
5.2629887
5.5892006
5.4407282
5.6101735
5.0442322
5.5668500
5.3684171
5.7549182
5.2419633
5.4551152
5.3391499
4.8165635
5.1102657
5.4478883
5.4076943
5.7688822
6.0046532
5.5242610
5.5193625
6.0044887
6.0424554
6.1323718
5.1356768
4.8529374
5.1862575
4.9052229
4.9684080
5.1973936
4.9647924
5.0110570
5.0512310
5.1259856
5.0469352
5.1529425
5.1038418
4.9538908
4.6220769
4.8755098
4.7264070
4.6958992
4.1421793
4.7963168
4.5849462
4.7186733
4.8396577
4.4546994
4.4674595
4.6726775
4.5000357
4.9403145
4.4464049
4.2613233
4.4250794
4.5695766
4.6973770
4.2414244
4.8192672
4.3153593
4.4193089
4.2133882
4.4156430
4.4628982
4.3889973
4.3418092
4.2296308
4.4223616
4.2646328
4.2838438
4.3495163
4.1148778
4.4784921
4.0980409
4.3509484
4.4642106
4.4151755
4.4605931
4.4137822
4.1355489
4.4632514
4.1083053
4.1680359
3.9162671
4.0302949
4.2122072
4.2569104
4.0317676
3.7376167
4.1772641
4.3374273
3.8875646
3.8767752
3.9545941
4.0416426
3.9736117
4.0460610
4.1445226
4.1836432
3.8320631
3.9515876
3.8929041
4.0253554
3.8265053
3.9460539
3.9030768
3.8932281
3.9156950
4.0769342
4.0841259
3.9468721
3.7801158
3.9466821
3.7574820
3.8846574
3.9288966
3.7839896
3.9887051
4.0324474
3.8662199
4.2516056
3.9006185
3.7153588
3.8559353
3.9452961
3.7586890
3.9302547
3.8438482
3.7293922
3.8832903
3.6660736
3.9104869
3.7908914
3.9183209
3.5736713
3.8677842
3.9617759
3.9677360
3.9575617
3.8163169
3.8181674
3.9870961
3.9179295
3.8294548
4.1091907
3.9125207
3.7612502
3.8664643
4.1198435
4.1789475
3.6754176
4.0583721
3.8522529
3.9916612
3.9391163
3.9327874
3.7958090
3.8536556
4.0469353
4.2690353
3.9989478
3.9410655
3.7969964
3.9553596
3.8007122
3.9069391
3.7969615
3.9164029
3.8076897
4.0203605
3.9914309
3.9832757
3.9142490
4.0465126
4.0529262
4.3413601
4.0809498
3.9471809
4.1141039
4.1889229
3.9110053
4.0594107
4.1827051
4.0174117
4.3330853
3.6611538
4.0724533
3.8503900
3.7435625
4.0084584
3.7237976
4.0535336
3.6323363
3.7789254
3.9511604
3.7780447
4.0777760
4.1285571
3.9501420
3.9984862
4.0398538
4.0330033
3.9951980
3.7668154
3.8057168
3.9814353
3.7723202
3.9740898
3.8165231
3.9404001
3.9263398
3.7873694
3.8288543
3.9465760
3.9522457
3.8859641
3.6801050
3.8769977
4.0234098
3.7295822
3.8493403
3.9646252
4.0597663
3.7860354
4.0514187
3.9469665
3.9251041
3.9141373
4.0041363
3.9889127
4.0108084
4.0483443
4.0117523
4.2618046
4.0303506
4.0116267
3.9214946
4.2034963
3.8843686
4.0721671
4.0162568
4.0167339
4.1018031
4.2076393
4.1919258
4.1432330
4.2380476
4.2776696
4.5539633
4.2264963
4.4333261
4.0692044
4.3329069
4.2684739
4.1778140
4.3124461
4.3091012
4.2748699
4.4840336
4.4346894
4.0494386
4.1768151
4.4389401
4.1962751
4.0611170
4.2067523
4.2762466
4.1858867
4.2752193
4.1073398
4.2352240
4.3161022
4.1337695
4.0205645
4.0051404
4.1593000
4.1140479
4.2363679
4.2612954
4.3425530
4.1818256
4.3062074
4.0426783
4.2633632
4.2296104
4.3356751
4.3640126
4.4384213
4.4085997
4.2502332
4.2977030
4.5427257
4.3128602
4.3877631
4.4210428
4.2280315
4.2009278
4.2387015
4.0823393
4.4286674
4.3347765
4.4867849
4.3695321
4.5754982
4.4495174
4.2871099
4.2672038
4.4078395
4.5671156
4.5298606
4.5373420
4.3439551
4.4812821
4.0822999
4.1298235
4.1309031
4.2266694
4.4649622
4.2886460
4.1156734
4.1891014
3.9371892
4.2995795
4.4436679
4.6643448
4.4449131
4.3476229
4.4181183
4.3222149
4.2214163
4.3102044
4.4054919
4.5208322
4.3311185
4.3643080
4.5012230
4.6752114
4.2710029
4.2295697
4.3519602
4.3052172
4.5137295
4.4625393
4.6117161
4.7950871
4.4731456
4.5936054
4.5374218
4.9781070
4.5501965
4.8414134
4.4712888
4.4230373
4.7358448
4.2826994
4.7925438
4.5650960
4.7954031
4.5216538
4.4401553
4.4142619
4.4994205
4.3141238
4.6412846
4.6203116
4.4912307
4.4259527
4.5634314
4.2387178
4.3225060
4.7407963
4.5248042
4.5019185
4.5335010
4.3672138
4.4732352
4.4710777
4.9278161
4.6314064
4.6542249
4.7357174
4.5378557
4.6528045
4.8193965
4.3939122
4.4217990
4.3859677
4.7206250
4.6534364
4.6172252
4.4938266
4.6519448
4.6542665
4.7170619
4.4681449
4.6605205
4.8387128
4.7851792
4.3976015
4.3562873
4.6135406
4.6734629
4.9439781
4.7263565
4.4887669
4.5299981
4.5737662
4.4382606
4.5665799
4.3929770
4.4878095
4.4144299
4.6407486
4.3711057
4.6569131
4.6784535
4.3906224
4.4859982
4.5655301
4.3772206
4.6658702
4.6224757
4.6138772
4.1167474
4.4476778
4.4201239
4.6167469
4.6984230
4.8299974
4.7621551
4.5814192
4.7238404
4.5860659
4.5042056
4.5736187
4.6818192
4.5457178
4.6695824
4.5614377
4.6073332
4.7098340
4.3725904
4.6396877
4.3723808
4.3627676
4.5683254
4.5710910
4.4415763
4.7267452
4.5352812
4.8059124
4.7273134
4.7350033
4.6087979
4.3997406
4.6168899
4.6322568
4.7337421
4.6752168
4.6333159
4.4023680
4.4585974
4.1924131
4.5548654
4.5981650
4.5017196
4.7883747
4.6156312
4.1611567
4.4665018
4.2073996
4.5610251
4.1084807
4.4971565
4.4750829
4.2243478
4.3934629
4.3087500
4.4284599
4.7792017
4.5288526
4.5962757
4.5976439
4.9220083
4.5708211
4.7053903
4.7522717
4.5543354
4.5029159
4.0671047
4.5416533
4.5670376
4.1286265
4.3934532
4.3614736
4.6279341
4.7004873
4.8021131
4.5840461
5.4190861
5.3444194
4.5022618
4.8155311
4.6070836
4.9134591
4.4782830
4.8244669
4.5988807
4.4387766
4.7076458
4.8635000
4.7859568
4.7762189
4.8524558
4.9938296
4.8604187
4.6274340
4.3238191
4.6645058
4.4224998
4.5687525
4.7304986
4.8669305
4.5375356
4.6694444
4.7965593
4.6029585
4.3526166
4.5921396
4.4377071
4.5007569
4.9144660
4.8166465
5.0548543
4.8442318
4.5664310
4.6604273
4.5308868
5.0399688
4.4835527
4.5610805
4.4246541
4.5918120
4.5146851
4.5235887
4.5610546
4.3951939
4.9181771
4.7530663
4.6730346
4.6001176
4.7293111
4.4498771
4.5776908
4.5053742
5.0909319
4.7768518
4.7457986
5.0344811
5.1084191
4.5988877
4.9016921
4.7247615
4.3776558
4.8125973
4.7393578
5.3908403
4.9512245
5.1943974
5.1631899
4.7117834
4.5983164
4.4916066
4.4219736
4.9357082
5.4146062
4.8201082
4.5372776
4.8329306
4.3587432
4.8837139
4.7921856
4.7398449
4.9998704
4.6321398
5.0732821
5.0992365
4.9820144
4.7019413
4.5757542
4.7615467
4.8546884
4.8626843
5.7190225
4.7381030
5.1277887
4.8733593
4.9865094
4.8110719
5.0129601
5.3506342
5.0744945
5.5296035
4.8785800
5.7761984
4.9264707
4.8074024
4.7891685
5.7093521
4.6639762
4.6513602
4.7736132
5.1427689
4.6594100
4.3988463
5.0257670
4.8349209
4.6759637
4.8167122
4.4961040
5.5037665
5.0059697
4.9278445
4.4525539
5.2296109
4.9321302
4.5448852
5.8494936
4.5337322
4.5161331
5.6201289
5.0093235
4.9054050
4.8315411
4.8928960
4.6855071
5.1189164
4.7503227
5.3543096
4.7737575
5.2228954
5.0776651
5.3144589
5.1458138
4.8541356
4.3514617
4.8652899
5.1765322
5.4056630
5.1080994
4.7276020
5.2680884
5.1245317
4.9857426
4.6822184
4.5804666
5.3449270
5.1903902
4.6804603
4.8110595
4.9786650
4.7219750
5.4299808
4.7959889
5.6896786
5.1421670
5.4421951
5.4535741
5.0377683
4.9634848
5.3406332
5.2310262
4.8703851
4.9415154
4.6679872
4.6331768
4.9861088
5.0009284
4.9915913
5.0432655
4.5854241
4.5363744
4.7159203
5.3283967
4.7886513
5.0190573
5.4568746
5.0922758
5.1047962
5.0250884
4.6955802
4.5136649
5.0301698
5.1191749
5.2758969
5.0439939
4.6326590
4.7721844
5.0053180
4.8143048
4.7469901
4.9017082
4.6943170
4.9356093
4.9712381
4.8657705
5.0005741
4.8735654
4.6309421
5.0114361
4.8635745
5.0009547
4.8686003
4.9811720
5.0663083
5.0189626
4.7686572
4.8916293
5.0269585
4.9129634
4.8984648
4.9519851
5.1354234
4.9871631
5.0152476
4.7625012
4.9209324
4.9277889
4.9935770
4.7952238
4.8999849
4.6484518
4.9494272
4.8917353
4.9793425
4.8696415
5.0045074
5.0754481
4.8941946
5.0017596
4.7710652
4.9286142
4.7524920
4.9242916
4.8880004
4.8934864
5.1464725
5.1307154
4.9007858
4.7397963
5.0610744
4.8843146
4.9456104
4.9285106
5.1156409
5.0746583
5.2500430
4.7155612
4.9448334
4.9458639
4.8992404
4.8850647
4.9439695
4.8263086
4.6807410
4.9049947
4.7111467
4.7953805
4.9253697
4.9917834
5.0627048
4.8005964
4.7900832
4.8391307
4.9930910
4.7693597
4.9683243
4.7517927
4.8279357
5.0345636
4.9019946
4.8917642
5.0885278
4.9137149
4.9863831
5.1698031
5.3096945
5.2926100
5.1628788
5.0947878
5.2398021
4.9891515
5.0092916
5.1502387
5.1659703
5.1969684
5.0324430
5.0307402
5.2137072
5.1138507
5.0495596
5.1117724
5.1577508
4.8785107
5.1894540
5.0873765
5.1856626
5.2657185
5.1452846
5.1149619
4.9103000
5.1361316
5.1487105
5.1985492
4.9669845
5.0099322
5.2669473
5.1030323
5.1002945
4.9596492
5.0812972
5.3109804
5.0969606
5.1559966
5.3816381
5.0095586
5.1218898
4.9938115
5.0381756
5.0118125
5.0123382
4.8259719
4.8392790
5.0133423
5.2716396
4.8989455
5.3361321
5.1896901
4.8979576
4.8038666
4.7915725
5.1135105
4.9282064
4.9706126
4.9701235
5.2244386
4.9718019
5.0875429
5.0763538
5.1262762
4.9527930
5.2045509
4.9646620
4.9486543
5.0756486
4.9808374
4.8337655
4.7990199
4.8872146
5.2096128
4.9705318
5.1376256
5.1552268
4.9747736
5.1233270
5.2686593
4.8946735
5.0407579
5.0915957
5.1345127
5.0917562
5.2154792
5.1069883
5.3921313
5.0435717
4.9005451
4.9978651
5.0941600
4.8647496
4.5483203
4.7125095
4.6360442
4.6885874
5.0862424
4.8566753
4.9819121
4.9184828
4.7930516
4.6949607
4.7451543
4.9799640
4.9323025
4.7582074
4.8571704
4.6007636
4.7336169
4.7959017
4.5880088
4.7641241
4.5826791
4.6130847
4.8441230
4.6833818
4.7774496
4.7076334
4.1547216
4.0334896
4.2993374
4.3641415
4.2534345
4.0399497
4.1636016
4.1612721
4.2304321
3.8829995
4.0007470
3.9198015
3.8912295
3.8505733
3.9483820
4.0095465
3.7544415
3.7724126
3.5810378
3.8341046
3.7643421
3.8711248
3.7685791
3.8471777
4.0118612
3.8491909
3.6962581
3.7291607
3.8360543
3.8220580
3.8303608
3.7165939
3.6360792
3.6662573
3.6519630
3.8729229
3.7397767
3.9103939
3.9172189
3.8463644
3.8086347
3.7647399
3.7701408
4.0079055
3.6508648
3.7410145
3.8660209
3.8361448
3.8335450
3.7103267
3.7720542
3.7767960
4.2210258
3.8286024
3.7448980
3.6924010
3.5664834
3.5641757
3.6408529
3.6030592
3.6294337
4.0310198
3.7248554
4.1167424
3.8911347
3.8027590
3.9964744
4.0170941
3.7873639
3.9172470
3.9760226
4.1699042
3.5476337
3.5303029
3.9141842
3.8201036
3.5531281
3.9882687
4.1561005
3.8848106
3.6967987
3.5166970
3.4454147
3.8859958
3.6922200
3.9956646
3.8933749
3.9481587
3.9870624
3.9626816
3.7889613
3.7667380
4.0787466
4.1100278
3.9628346
4.0072001
3.6676531
3.9428963
3.9127898
4.0473578
4.2382638
3.8689476
3.7974548
3.9014494
4.4805549
3.9279549
4.1579570
4.1082010
3.7857182
3.9214610
4.0238109
4.0453248
3.8546821
3.9569054
3.7809707
3.9183801
3.9310138
3.9652532
3.9327146
3.9510752
3.9946254
3.8707076
3.6908439
4.1528478
4.0338399
4.2812929
4.0758579
4.2265070
4.4571164
3.9441560
3.9582522
3.8141079
4.2533679
3.8593356
4.1767045
3.9412711
3.8779011
3.5857094
3.8339295
4.0576898
4.1560592
3.9756344
4.4934350
4.1122508
4.1775459
4.1114351
3.6558334
3.6883708
3.6947368
3.5148345
3.7081606
3.6752112
3.9196330
3.6888155
3.7847044
3.9444822
3.4677731
3.6052254
3.8011792
3.8079118
4.1208505
4.0371806
3.8738704
4.2557196
4.0097357
4.2496424
3.8006787
3.7496805
4.0069412
3.9954619
3.8551303
3.9651681
4.2960531
3.8803813
4.2092994
4.0536205
4.1036616
3.9554670
3.6644770
3.7566973
4.0628154
4.0193361
4.0713344
4.2490735
3.7795991
4.1693093
3.9617015
3.9575735
3.9531763
4.2303708
3.9819977
3.5645142
3.6931859
4.1869704
4.2489131
4.0442457
3.9511534
3.8683997
3.8617168
3.8956213
3.7122107
3.8569945
3.8118412
3.7971219
3.6012401
4.0404574
3.9622991
3.9262479
3.9779558
3.7511666
3.6644230
3.9977599
3.8154345
3.8296030
3.5682348
3.5379004
3.5489299
3.4350364
3.7841823
4.0257318
3.3778792
3.5558051
3.7902450
3.5103083
3.9045863
3.8285274
3.5673895
3.5103996
3.4889204
3.6685392
3.5269955
3.7297189
3.1631686
4.2228042
4.3076828
3.9011598
3.8804498
3.6888573
3.5605975
3.7600079
3.7923485
4.3951760
4.1083778
3.8486459
3.8662631
3.9594821
4.0511440
3.9832979
3.9966974
3.8670953
4.2499124
4.1407950
3.9928469
3.5172362
3.8673613
4.1695229
3.9587375
3.9997796
4.5133576
4.2270052
4.4689597
4.0042069
3.4757890
3.6186534
3.6848805
4.8401038
4.6270476
3.8280286
4.2255985
4.4286064
4.2380586
3.5822881
4.4965701
4.5244255
4.4130031
4.9303765
4.9805398
4.1928606
4.5187468
4.1536135
4.5627628
4.0144183
4.8088598
3.7714236
3.8455283
3.6631473
4.1834922
4.3682617
4.2585977
5.1285361
4.6923307
4.1614073
5.1676143
4.6499858
5.0908134
4.5456286
4.4654431
4.7513756
4.4588956
4.3570948
4.0716649
4.1521243
4.2145562
3.8945718
4.0741807
3.9563329
4.0928008
4.3144646
3.5081120
4.1936552
3.6324775
5.2486658
3.1896141
3.7531720
3.3412094
3.4721683
3.9454780
4.1596321
3.8890213
3.3244456
3.7654913
3.6919037
3.7579689
3.7714115
3.6832435
4.0488621
4.0410312
3.5442138
3.4969939
3.7191002
3.9015464
3.5576029
3.8262305
3.3990236
3.4175252
3.8612873
3.8954116
3.4786985
3.9145663
3.9082082
4.0833269
3.7018379
3.9114199
4.5510450
3.9907705
4.3900023
4.2551441
4.1703642
3.7039762
3.3498382
3.8424477
4.3998792
3.6950483
3.2096099
3.3119552
3.1252687
3.1878477
3.1379026
4.1700905
3.3147497
4.3700164
3.9919000
4.4190356
3.7577254
3.3464259
4.1695345
4.0921150
3.9305557
3.6977395
4.3894797
4.1839387
4.4046407
3.8831016
3.8580943
3.9449949
4.4181741
3.8836268
4.0819736
4.1634696
4.0492675
4.0060152
4.1188259
3.7983774
4.1961217
4.2437566
3.9011978
3.6160528
4.1328269
3.9712285
4.2392121
3.5625850
3.7895128
3.7215271
3.4612354
3.8617072
3.7334224
3.7038161
3.6896706
3.9825460
3.5164485
3.5367526
3.5721713
3.5520471
3.4384706
3.7406423
3.4082602
3.5889695
3.1272909
2.9513000
3.3497863
3.2533956
3.5391239
3.1600078
3.5246602
3.4192503
3.2679943
3.4272680
3.2916192
3.4346691
3.0812245
3.1337018
3.3064136
3.3817824
3.4238806
2.7493472
3.2163150
2.9346910
2.9864073
3.1838947
3.6894804
2.9078613
3.0285340
3.5819688
3.6832942
2.9910950
3.5847413
3.3943666
3.4539159
3.3044907
3.4013420
3.4136914
3.5991382
3.1190973
3.6334702
3.4831789
3.1035700
3.5479839
3.3180358
3.3494941
3.4569731
3.1754404
3.3695367
3.4200332
3.4706652
2.8554580
3.5606005
3.3364151
3.1548404
4.0592917
3.4939141
3.5927493
3.2147356
3.2492519
3.6428331
3.4351218
3.5738776
2.9147329
3.5105475
3.4979268
3.3191491
3.6207205
3.4622779
3.4688042
3.1512692
3.4482000
3.2139929
3.3891991
3.4495426
4.3450206
2.7098064
3.9352205
3.2433868
3.8537906
3.4820934
3.9978539
3.3728774
3.7184807
2.9786815
3.5689814
2.8532827
3.8017350
3.1056480
4.1817193
4.5971399
3.5889895
3.8354783
4.9943172
3.9149765
4.0478646
3.5171743
2.9281885
3.1116523
3.0203568
3.8472603
3.9793394
3.2286899
3.1337869
3.4563082
2.9921918
3.4607109
3.0213815
3.2949916
3.1525056
3.2686088
2.9004224
3.1858699
3.5413508
2.8991486
3.9830377
3.8210938
3.7002213
2.8805986
3.2309364
2.9739821
2.7414168
3.8881641
3.6869400
3.4614356
2.9565558
3.0136912
2.9371644
3.2643471
2.7461978
3.4382782
3.3767569
3.5144063
3.2195573
3.4677413
2.7872427
3.0964802
3.8055024
2.5245057
2.6466740
2.6692585
3.0838133
2.8745284
2.7688551
2.6763468
3.9184789
3.4465538
2.8137739
3.2438463
3.0686446
3.6106806
3.6262321
2.9847141
3.1171017
3.2702697
3.1706832
3.2131264
3.8587638
4.2374937
3.3378697
2.8028166
2.5845230
2.7506457
2.7506520
2.8021362
3.1109560
3.5243069
2.7348888
3.8997126
4.0028427
3.0022731
3.0089070
3.2063210
3.7330895
3.6132360
3.2476425
3.2696042
3.0004387
3.2318019
3.7397880
3.7456560
2.9935734
2.7558529
3.9371930
3.8941116
3.8956957
4.6471653
3.1126774
3.1038895
3.4323712
4.0802631
3.7748199
2.8457665
2.7346360
3.1958525
2.9502582
3.2286381
3.2756733
3.9796035
3.2763747
4.2977346
3.3509567
3.8007563
4.0750573
3.6585413
4.2342996
4.2505948
4.3936620
3.8727547
3.1879874
2.9417522
3.5347321
4.3329151
4.3018468
3.8785866
3.8478918
3.8447593
4.9542028
5.3298255
4.2461185
4.7795515
4.6735116
3.7037508
4.0745227
3.4185446
5.4423915
3.8552408
5.2295892
3.7886059
4.3746692
3.2688900
4.6329322
3.2970411
4.8994189
3.6077018
4.7780654
4.6941537
3.5491201
3.8901381
4.5340087
4.6461678
5.3771878
3.6959355
3.1451685
3.9858712
4.2122098
3.0805677
2.9807121
3.1366726
3.1288345
3.0879597
3.3042074
2.8983219
2.8651599
3.3299746
2.9825919
2.7436121
2.7790956
2.8087838
2.7693456
2.8067381
3.2120481
2.6845766
3.2612957
2.5862757
2.6886940
2.6874937
2.7735440
2.8392563
3.0520508
2.9132270
3.1647515
2.9935961
2.6850338
2.6063107
3.1460753
3.1483832
3.1441055
2.6896910
2.6302991
3.0779590
2.7541537
3.0404346
3.7320823
3.1407425
3.5862428
3.6474324
3.2215807
2.4399408
3.3751264
3.1031266
3.4929807
2.8830461
3.8647373
2.7055841
2.9187063
3.2790550
4.0437051
4.1176058
3.2720432
3.1811796
3.4817034
2.9675178
3.6672349
3.8531240
3.1061683
4.3562180
3.9474393
3.8083259
3.1210482
3.2879535
3.4723442
3.9195062
3.0005960
2.9358221
2.8228313
3.0979771
2.6168511
3.3058966
3.0868333
2.4537359
3.3256209
3.2193539
3.0236751
3.3038415
3.0079252
3.7372443
2.8489666
2.8372249
3.1582456
3.0621442
2.9242605
3.1199242
3.0120953
3.6647707
3.4751265
4.4699279
3.1979286
3.1457192
4.1853724
4.5649137
4.3652245
3.7802794
4.4724813
4.1883252
2.9190134
4.2112589
3.6435572
4.3373732
3.2924211
3.3419250
3.0829303
2.9297557
3.4128728
4.3620512
3.5961474
4.1467527
3.1928942
4.0630190
3.6942998
3.2417213
2.4175922
3.8703944
2.9441477
3.1796861
3.6726892
3.0107441
3.1572445
3.4107805
3.3651961
2.9087863
2.8799746
3.5898511
2.8553989
2.9856835
3.8219260
2.6545391
4.2203232
3.0554198
3.7399215
3.8149918
3.7970282
3.1378385
3.1418379
4.6022886
3.6149433
3.4697314
3.4106123
3.3171693
3.7543631
3.2569642
2.9185971
2.7842468
3.6560737
3.5662398
2.7502594
2.9376065
3.0005603
2.9386798
2.9044381
2.9219306
3.0444399
4.2295200
3.6304791
3.1104767
2.7075848
2.9462205
3.7506916
4.0180794
2.8556535
3.6849863
3.2676807
3.1315468
3.4044269
2.6279038
3.7909273
3.8712490
3.9371088
3.8373618
3.1705487
2.9676998
2.9336303
3.1878047
3.4640840
3.5498835
3.4530977
3.6919304
3.6778319
3.5728378
3.3077801
3.4237753
3.6927035
3.3198389
3.3636130
3.6116202
3.3795674
2.9960585
3.1008916
3.6471848
3.1706595
4.2371388
2.6267577
3.4036515
3.5101757
3.4411335
3.4111133
3.1990812
2.8340420
3.8851784
3.1605559
3.0396422
3.5986401
3.4726192
3.7000946
3.2013540
3.2122606
3.6642286
4.0478695
3.7501402
3.8730031
3.5856475
4.5563500
3.7034763
4.1631134
3.7034138
4.2370935
3.6690541
3.7242548
3.9391043
2.9775539
3.6341551
3.6343062
3.4389738
3.2530479
3.6320175
2.8858272
3.9378683
3.0998368
3.4629686
3.7083135
3.8945219
3.4893440
3.6452158
3.4754256
3.4611889
3.6612834
2.6496178
2.9608712
3.1295741
2.4002775
3.3889323
3.2874845
3.4058919
3.9171327
3.1551968
3.4192596
3.2556119
3.1924550
2.5277807
3.7238232
3.0563182
3.2380323
2.9770910
3.2365189
2.9127333
3.6148141
3.1853207
4.0151056
3.1115497
3.0620839
2.4738786
2.9294160
3.4990943
2.7730756
3.4100801
2.6376504
2.9021404
3.5882688
3.4826548
2.9080472
3.0282644
2.9941682
2.9509442
2.9121052
2.7731308
3.7823687
2.8452313
3.3656344
3.2702751
2.9536810
3.0129497
3.9321130
3.0328773
2.9493156
3.7866192
4.1139366
4.0599661
3.4781301
2.7863235
4.1694803
3.8952757
3.3741028
3.9575514
3.5883209
2.8953356
3.1493290
3.7365203
3.5461224
3.8420595
3.8168087
4.2080009
4.0078888
3.2412107
3.4420474
2.9063796
3.5699672
3.2699339
3.8340682
3.0649280
2.6151479
3.0203477
2.7905417
3.5916292
2.7543835
2.7530880
3.5811452
2.7862219
3.1766587
2.9749645
3.4794081
3.3848042
3.7919222
3.7829816
3.8961201
3.0017676
3.0321322
3.1942847
3.1355120
3.8322648
2.9160520
2.3403281
3.4825672
2.8016532
2.7216919
2.6855352
2.4270631
3.1508343
2.7466442
2.5262731
3.5477814
3.3974677
3.0941915
2.7612852
2.9888741
2.5249968
2.5039522
2.6865091
2.8714179
2.4137972
2.6271158
2.9516216
2.6525914
2.7334881
2.5883521
2.8354218
2.8747061
2.5562743
2.5187625
2.9154542
2.6962188
2.6372591
3.0522494
2.5899969
3.0294873
2.6429431
3.0347401
2.8353797
3.1723400
2.9642648
2.5523620
2.5970151
2.6720181
2.7388459
2.7081484
2.7722760
3.0340697
2.9393360
2.4353802
2.7736030
3.0959607
3.0610891
3.1554951
2.9836538
2.9515319
3.3155703
4.0140768
3.8283706
4.2772412
4.2247336
4.0871522
4.3761243
4.5825463
4.2644035
4.4430977
4.2191435
4.3235517
4.2823880
3.8639162
3.8491834
3.8729147
3.5881682
3.9590611
3.7670047
4.2051122
3.9656376
4.1313039
4.0011552
3.5079292
3.8887437
4.0458050
5.5372636
3.7804799
3.9782360
4.7868238
3.8415866
3.9056459
3.8924716
3.8664653
4.0171438
3.8487028
4.2244269
4.4433686
4.3566183
4.1203585
4.4523082
3.9846101
4.7237285
4.7478795
4.9936102
4.7921446
4.6479167
4.2891362
4.9364688
5.1135265
5.3153973
4.9631355
4.8836012
5.2271389
5.5543367
5.6550442
5.3212142
5.7932569
6.0081091
5.7033952
5.8863097
5.6742721
6.3916179
6.4530650
6.2443894
6.2989558
5.9158649
6.1689585
6.1591836
5.4586060
5.5190759
6.0061330
5.4918346
6.0158541
5.3908929
5.3930960
5.9969241
5.7012233
6.0804290
4.9043415
6.3448739
5.9438821
4.9816994
5.9712066
5.4765233
6.0994233
5.6974824
5.8319425
6.0418511
6.0931442
5.6377623
5.6866256
5.8858660
5.1013442
5.5023871
5.2484113
5.2969318
6.0556891
5.6914816
5.3786691
5.2822890
5.2121984
4.9969314
5.9105062
5.5161431
5.8381921
5.6008914
5.0828967
5.8545297
5.4995364
4.5137020
5.3277701
5.4192551
5.8878781
6.1086932
4.4931332
5.0049791
5.2590755
4.9308938
4.6889919
4.6049837
5.5185277
5.0802641
4.7608728
5.5424413
5.1050012
5.6107222
5.2879273
5.2587665
4.6831869
5.2437498
5.1750490
5.5067721
5.8647225
5.7713789
4.9087028
4.9588729
4.8707930
4.9104831
5.5154464
6.1300280
6.4670221
5.3627386
5.5877801
5.4435434
5.8713782
6.2891355
6.0317685
6.2861312
6.2231369
5.2767242
6.5222038
6.8026355
5.7742879
6.0356260
6.5467956
6.1396288
5.4812582
6.8269322
6.6680342
5.5451242
6.8144083
7.1778324
6.4536625
6.3498218
7.6905017
8.0950522
7.6633618
7.0080456
8.5365846
8.4956060
9.1583385
8.1535721
8.2177501
7.7382076
7.6807142
8.3021672
8.7498086
7.9901970
7.4689831
8.0861520
8.2071006
8.1920767
7.9318853
8.1964066
8.4647186
8.0125039
8.1872329
8.0641900
7.8490578
7.8733103
7.6976818
7.9733112
8.2481881
8.1523450
7.4895401
7.1891967
7.6604962
7.5864378
7.0914906
7.2536794
7.3443290
7.4797045
7.3498856
6.9124812
6.5128679
6.6443679
6.3330071
6.5463534
6.4330003
6.3061497
5.7873492
6.2860889
6.0149936
5.8280211
5.6813010
5.8651814
5.8554972
5.8317801
5.7969064
5.8444428
5.4616289
5.8975941
5.8003879
5.2873530
5.7284912
6.0955135
5.3095310
5.9207128
5.3494936
5.3814310
5.4025227
5.5589423
5.3331751
5.5334571
5.5822066
5.5848693
5.4870355
5.3343717
5.6699832
5.2678161
4.9655447
5.0461371
4.8996968
5.0658641
4.9940703
5.1270806
5.1074285
5.5660564
5.3491451
5.0121677
5.4010099
5.0225284
5.4181363
5.5979981
5.0375578
4.9565017
5.2747163
5.1125862
5.1798488
5.4732851
4.7949984
5.4929689
5.5318421
5.4597709
5.1236027
4.8868087
5.2127533
5.1150343
4.9973331
5.0059837
5.3806902
4.7936529
4.9183406
5.0195314
4.8655905
5.3224296
4.6864586
4.5891237
4.8000497
4.7925683
4.4666968
4.8192211
4.5429916
4.6338376
4.7651013
4.5580224
4.1383521
4.5650568
4.2201067
4.3196680
4.2675883
4.5364187
4.3038172
4.6908898
4.0958441
4.5704128
4.1203227
4.0922186
4.2112280
4.1078917
4.5434810
3.8063236
4.2397713
4.0410738
4.4210575
4.1364822
4.3517936
4.0983231
3.9390101
3.7131237
3.7805717
3.9372894
4.0356254
3.7061268
4.2127151
3.8054285
4.1967382
3.8449043
4.1948732
4.3306187
4.4083380
4.0360726
4.2333926
4.1567269
4.0679892
3.9393329
4.0314481
3.9846152
3.9377702
4.1383853
4.3678878
4.1502641
4.2454696
4.3071595
4.1407996
4.2738446
4.0863552
3.8975940
4.0302678
3.9710115
4.0090080
3.9253199
3.9406681
4.2028826
4.0053623
4.0411097
4.2519254
4.1526426
4.1169652
3.8405581
4.0193229
3.9633603
4.1054353
3.7082643
3.6699983
3.9230940
4.0173599
3.9735235
4.0658485
3.9476133
4.2139982
3.9197496
3.9714546
4.1827329
3.7932170
3.8176871
4.1996470
3.9062712
4.4100208
4.0860554
3.9734058
4.1373287
4.0982178
3.9171298
4.0571164
3.8691346
3.9292056
4.0635128
3.8543294
4.3133643
3.7944514
3.8960856
4.0689195
3.9723270
4.0666026
3.7788564
4.1914924
4.1590298
4.2093355
3.9378170
3.9067537
3.9611437
4.0965217
4.2116008
3.9758529
3.9838127
4.1076025
3.9834788
3.7895785
3.9900895
4.1466915
4.0248989
3.9809193
4.1265187
3.9138499
4.2845614
3.8162886
3.8353504
3.7073708
4.1094241
3.8545162
4.3429187
4.0147420
4.0890646
3.9910914
3.7702540
3.6776787
4.0591026
3.8156848
3.6598590
3.5839335
3.9031745
3.7150865
3.9032737
3.8890327
3.7378986
3.5652505
3.7434545
3.8026690
4.0102393
3.7644035
4.1716850
3.8497995
3.8472729
3.9153772
3.9663896
4.3005680
4.1451968
4.3258664
4.3665994
3.9927020
4.1697604
4.1623671
4.3778750
4.0984567
4.4724368
3.9509322
3.9817175
4.0653339
3.8566816
3.4196457
3.8339794
4.2426943
3.8920280
3.8759894
4.1432376
4.0656414
3.7121149
3.8925551
4.0262085
4.2333903
3.8232710
3.8941472
3.9252801
3.9935381
4.0424997
3.9978576
3.9148626
4.2798272
3.7861334
3.9950368
4.2956304
3.9644783
4.0730045
4.1567286
4.1259319
4.2230889
4.2811876
4.0814674
4.0311929
4.2947373
4.1891438
4.2445533
4.6752390
4.6687152
4.9267878
4.9242140
5.1622992
5.3271757
5.1583232
5.3892624
5.5429536
5.1344834
5.2298330
5.2416806
5.0618626
5.4094639
5.5780250
5.4596783
5.8908558
5.2249947
5.6947397
5.4736683
5.2604849
5.3506335
5.6344413
5.3508292
5.3088701
5.7190781
5.2885473
5.7394279
5.1639649
5.3504021
5.4925692
5.0636575
4.4956202
4.7248198
5.3176130
5.3531745
5.7232480
5.4414508
4.5192209
5.1987383
4.8985395
4.8068992
5.1759537
4.5811229
4.9242978
3.8539186
4.1018784
4.6125162
4.4999089
4.1756951
4.4056181
4.1915619
3.8136066
4.0027369
3.9003479
3.7243829
4.1916802
3.9299444
3.9633374
4.4989693
3.9531420
4.3849301
4.1291503
3.8059236
4.3939721
4.2502027
4.3233396
4.5061780
4.1343061
3.7188932
3.5412802
3.8946880
3.7803052
3.9407200
3.4820372
3.8068111
3.1969563
3.7508742
3.8035371
3.8675672
3.3241106
3.5465120
3.6679282
3.5580506
4.0172535
3.7622123
3.7080946
3.5032546
3.6098112
3.8132706
3.7160380
3.4135220
3.4859074
3.8874267
2.9497560
3.1279033
2.9716890
3.2335627
3.6635383
3.8741359
2.8936725
3.2616422
3.2567703
3.6097320
2.9955078
3.5593941
3.3844385
3.3986621
3.4842661
3.7300798
3.3984300
3.4094387
3.5239671
3.5234645
3.3858970
3.2703118
3.4068700
3.3207571
3.3949625
3.7247578
3.4022198
3.4052355
3.4092819
3.6913277
3.5895641
2.9838194
3.4021962
3.4090185
3.5018241
3.3542753
3.5179066
3.5828450
3.2546472
3.2908360
2.9899514
3.5099263
2.9480716
3.2582808
3.4082918
3.3690653
3.4395921
3.6295757
3.2637812
3.2383309
3.9468028
3.0745093
2.9353558
3.0675839
3.4106761
2.9352952
3.2812774
3.4932022
3.6729401
3.5331204
3.4315289
3.1041213
3.3966874
3.5653473
2.9554089
3.2058410
3.4880475
3.4725990
3.1837213
3.3215273
3.2744038
3.4253324
3.1255167
3.2736809
3.0996963
2.9622579
3.7619375
3.4064385
3.5071102
3.0646136
3.1455135
3.4097974
3.2362545
3.5121684
3.2479349
3.2291791
3.2482258
3.6945658
2.8774284
3.2624002
3.3383800
3.3049119
3.3517598
3.0863794
3.3602405
3.0589848
3.2387889
2.8140556
3.0495256
3.4413507
2.9234795
3.3330885
3.4335693
4.1542801
3.6313260
3.5843690
3.1204833
3.6689986
3.4552522
3.5658092
3.1136387
3.1380267
3.3171173
3.7007312
3.2706044
3.4247671
3.2558098
3.1489249
3.8236004
3.2590596
3.5388039
3.9497918
3.3641207
3.2716846
3.5071156
3.3040139
3.3638717
3.1879373
3.0578348
3.6872638
3.1793533
3.5969552
3.4752146
3.5302447
3.1570404
3.6844858
3.1178847
3.4967145
3.3388683
3.1657067
3.4332568
2.8671989
2.8511072
3.2632988
2.8795282
3.2336401
3.0797144
3.4138325
3.2230513
3.5939974
3.3150511
3.4294241
3.0906340
3.9120332
3.7305676
3.3101335
3.2196178
3.3878765
3.4601533
3.3035801
3.3131600
3.4412609
3.4446845
3.5011629
3.3183687
3.4160120
3.2502977
3.4489984
3.4332256
3.4565108
3.2546315
3.3548770
3.2285814
4.0187665
3.7955856
3.7650018
3.3082841
3.7441878
3.6424908
3.5223474
3.7379902
3.2322820
3.6815204
3.4930496
4.0400374
3.8557177
3.5605807
3.3412583
3.5545373
3.4690441
3.0985679
3.5597883
3.4708685
3.5210490
3.1950947
3.2274901
3.3438512
3.3695599
3.7407818
3.4584185
3.4325004
3.1770975
3.4770458
3.4318990
3.4709566
3.5143491
3.3949588
3.6361335
3.7433361
3.4204953
3.1885073
3.6747140
3.8456092
3.3731950
3.1484197
3.3449877
3.1708328
3.6232388
3.7255181
3.3933454
3.6573414
3.6256061
3.5688095
3.2347485
3.1827120
3.7503134
3.4615403
3.1846554
3.7110643
3.4603218
3.1427675
3.4554507
3.4049918
3.4957434
3.5495599
3.4490395
3.4499035
3.5295896
3.1047614
3.0538806
3.5267612
3.2651612
3.4289919
3.3669115
3.2705219
3.8161998
3.0840960
3.1553060
3.2796586
3.2573242
3.4653972
3.7535858
3.3690308
3.4354065
3.7743264
3.5877510
3.1877210
3.5624572
3.1436864
3.7041978
3.6164821
3.4261607
3.2951218
3.7390143
3.4194358
3.4858882
3.6184085
3.2939000
3.2675286
3.4957790
3.6153452
3.0522357
3.6739922
3.1013097
3.3942801
3.4826648
3.6609355
2.9664046
3.4597071
3.0564993
3.3242047
3.4740936
3.9616529
3.3800002
3.4920450
3.8117379
3.0428677
3.3334577
3.3898914
3.1601400
3.1780569
3.2771470
3.6536476
4.0049985
3.0200760
3.7191357
3.6532357
3.4258135
3.7101026
4.1023896
3.5320302
3.7268748
3.3996155
3.4822520
3.3096446
3.6586744
3.9423420
3.3216409
3.2555587
3.6367749
3.5093756
3.2011598
3.5528814
3.2962735
3.8271101
3.7797136
3.5194812
3.2461718
3.5191091
3.4624260
3.3804925
3.5258628
3.4044479
3.3133725
3.1567614
3.2851413
3.0042534
3.6126641
3.5647309
3.4280541
3.4855247
3.8051297
3.0909434
3.5156613
3.5976402
3.5320892
3.1105839
3.6573662
3.1543799
3.2594743
3.5587436
3.4899487
3.3706763
3.2297888
2.9132176
3.4263059
3.4440050
3.3850158
3.2632548
3.2152645
3.6657319
3.2020439
3.5802713
3.6214994
3.7157235
3.5996275
3.2269460
3.6119695
3.5035350
3.2740957
3.1523848
3.4149367
3.1489098
2.9585313
3.2224781
3.6299756
3.4057195
3.6274754
3.4601154
4.1117486
3.0048412
3.3661917
3.3066223
3.6566738
3.3866131
3.0544475
3.5495219
3.6044701
3.3967558
3.4112920
3.8271808
3.5212138
3.4219048
3.5972867
3.8944397
3.8163431
3.2601156
3.3182783
3.8137750
3.7776289
3.6584853
3.5391502
3.3939795
3.7755132
3.6987755
3.7903493
3.9562195
3.6414042
3.8695972
3.7282173
3.9194296
3.5267094
3.4954526
3.6812015
3.4995609
3.5476188
3.5792246
3.6825777
3.7006291
3.3815972
3.7062101
3.3623571
3.9535925
3.6560476
3.8929177
3.5187293
3.2322594
3.6751172
3.7385174
3.6156938
3.4847459
3.4880560
3.8499806
3.5214325
3.8889248
3.4762006
3.5737968
3.3649290
3.9377880
3.6569529
3.5645911
3.8184758
3.5194709
3.8322086
3.5191916
3.6586599
3.3604653
3.2644886
3.4468072
3.6528486
3.2587809
3.4908035
3.5392232
4.1982927
3.6109998
3.9576626
3.7675067
3.3846602
3.4793021
3.5308052
3.7217052
3.5685610
3.6234521
3.6416786
3.8274851
3.7628841
3.7778727
3.7541366
4.0802676
4.1620626
3.8217110
3.5492212
3.6639003
4.1393703
3.7824521
3.5737067
3.6117395
3.5487340
3.3846199
4.0889112
3.7893618
3.6713808
3.3659613
3.8351863
3.7438662
4.3398343
4.1091500
3.8505639
3.7186609
3.2773919
3.7789669
4.1386588
3.9704041
3.9545213
3.8606936
3.4879870
4.2277694
4.1282360
4.1138141
3.9341752
3.9617430
3.6405208
4.1644473
4.2418671
4.1280261
3.7507322
4.0749630
3.3713057
4.1359012
3.9672545
4.2145843
4.0283418
3.8798737
3.7323347
3.4563147
3.8815676
3.8145029
3.9383642
3.5046743
3.7125325
3.7712086
3.7731694
3.7156965
3.9650565
4.1741322
4.0279144
3.9045461
3.7725821
3.5226877
3.3954860
3.7868004
3.6565603
3.3624708
3.5726390
3.8861409
3.5701086
3.4484554
3.6995684
3.4486671
3.6284036
3.6671664
3.9403728
3.6352092
3.4558702
3.3283455
3.9367241
3.3311296
3.7085763
3.5811850
3.7732517
3.6810518
3.6384878
3.5163887
3.9516340
3.6697240
3.2705341
3.2625419
3.3246162
4.1240440
3.4060848
3.8816821
4.0664667
3.7498319
3.6178286
3.8822708
4.2452584
3.8832562
3.9488000
3.3138510
4.0833905
3.5449814
3.7134008
3.6687604
3.4207941
3.4448566
3.6443716
3.7002624
3.1784510
3.3101703
2.9580706
3.4682314
3.4185617
3.7035240
3.6985457
3.7714064
3.4149477
3.6784766
3.6343084
3.6352433
3.7417490
3.7442818
3.5470851
3.3179848
3.8463162
3.5155501
3.7976979
3.8358986
4.0818942
3.9916883
3.6563704
3.5469385
3.1346939
3.7484112
3.7018450
3.7859572
3.5023500
3.8282979
3.7768667
3.5212190
3.3995941
3.2695531
3.6251541
3.7286770
3.8705008
3.7882866
3.3045921
3.7324123
3.8329770
3.4248330
3.7589744
3.5107468
3.9974920
3.4480551
3.6407907
3.4940792
4.0568564
3.7001602
3.4050007
3.4999545
3.4401506
3.5596343
3.7216988
3.6462674
3.4421876
4.1762294
3.7726907
3.6729864
3.4303592
3.6388056
3.7480694
3.4783586
3.6541939
3.7392873
3.3089584
3.6384139
3.6878426
3.6359331
3.6057632
3.6176875
3.7464254
3.5711751
3.6689620
3.7914409
3.4023803
3.7531079
3.5315598
3.4510481
3.4124814
3.4447506
3.9447023
3.4526190
3.5370583
3.8307589
3.4498780
3.2575292
3.8557893
3.6855749
3.6864680
3.6424351
3.5025890
3.4912212
3.3277072
3.7212719
3.3880341
3.5055353
3.0507053
3.4902501
3.5992990
3.7024788
3.4430249
3.4017118
3.6286553
3.3266620
3.2217059
3.6284395
3.7481349
3.2763773
3.5485151
3.5244321
3.6369871
3.3334536
3.6546815
3.7748094
3.5429804
3.5573990
3.5367031
3.7334645
3.5533586
3.7586604
3.5527118
3.8360543
3.6546084
3.6551953
3.6209989
3.1601010
3.9172119
3.7974310
3.6281868
3.7358016
3.5305625
3.7070661
3.3781133
3.9290625
3.8914378
3.4951691
3.5439576
3.7449844
3.5847697
3.9303028
4.1472970
3.8580690
3.4768976
3.7673866
3.7649207
3.6975242
3.8774278
3.7097074
3.7614702
3.7766588
3.2682676
3.6966864
3.3579209
3.4449833
3.4708604
3.4964768
3.6243797
3.4834888
3.6539465
3.6024390
3.4257531
3.4496285
3.6203273
3.5129812
3.3259664
3.5152263
3.5294552
3.1588018
3.4062477
3.5951847
2.9921147
3.9444781
3.6008145
3.9469948
3.5736626
3.6677421
3.3931095
3.5089482
3.3464665
3.5750135
3.5013650
3.7257691
4.1756671
4.5090117
3.7593278
3.4683750
4.0387375
3.4240096
3.4622936
3.6551044
3.4956977
3.8458508
4.0589932
4.0754283
3.4798411
3.8501920
4.0603358
3.8732081
3.5261726
4.2465071
4.4825089
4.0461184
4.3041870
3.4959799
3.7593818
3.8932053
3.9153507
4.3576625
3.3332989
3.4755974
3.2946674
4.3001215
3.5668112
3.5012801
3.6800777
3.7343541
3.8916425
3.5068987
3.5917198
3.4429886
3.6114122
3.7189328
3.8509726
4.1083457
3.4556902
3.7986014
3.8481792
3.3176010
3.8238842
3.7937639
3.4149238
3.2855005
3.3791028
3.1688599
3.2623826
3.3081727
3.6212063
3.6687096
3.5948041
3.5603570
3.3159440
3.8718513
3.4726555
4.0457867
3.4355498
3.3369961
3.7665108
3.0951900
3.6106623
3.3211589
3.7393000
3.3077239
3.5649164
3.5531439
3.7762846
3.6488350
3.5270242
3.0911213
3.4805425
3.0628392
3.5582324
3.3326319
3.2439013
2.9426808
3.4724957
3.2381671
3.5879738
3.5051247
3.6915069
3.3446080
3.6681938
3.1002782
4.0480317
3.6292520
3.3796852
3.2251727
3.2837413
3.4813433
3.3187139
3.3543342
3.3529036
3.3291604
3.2812939
3.2683723
3.5028826
3.4768298
3.3973520
3.2549585
3.3199909
3.5375528
3.2705476
3.4084597
3.3065037
3.4792597
3.2590625
3.5107055
3.2085588
3.4369965
3.3594599
3.6012667
3.7147225
3.4288036
3.6039549
3.2386861
3.3218547
3.4696301
3.3764397
3.1384652
3.1142934
3.5066390
3.8981733
3.5770323
3.5457776
3.2695679
3.7049228
3.3366001
2.9612742
3.4605602
3.7893170
3.3264874
3.2382340
3.4970957
3.5689592
3.4546611
3.0147104
3.4435856
3.5536534
3.4595753
3.5287953
3.4645719
3.4563360
3.8140954
3.4881556
3.1582544
3.5643010
3.3578470
3.2152185
3.4371241
3.6021839
3.3742257
3.3323392
3.9540789
3.4624365
3.3711889
3.3941361
3.4325544
3.4805021
3.6539559
3.6792973
3.5885524
3.2008588
3.5125567
3.5608687
3.1259711
3.0868971
3.1795250
3.4918309
3.5537482
3.4942008
2.9451437
3.2790645
3.3500686
3.1405618
3.9083111
3.2637893
3.3095328
3.6410086
3.6899644
3.3305452
3.3053293
3.3654300
3.0322485
2.8173415
2.8467556
2.6677047
2.9093013
2.8941968
2.9747987
2.8114445
2.7454066
3.0528085
2.9343526
2.7527453
2.9118456
2.7707425
2.8164346
2.6782743
2.6443825
2.9370939
2.6546294
2.6216339
2.7445712
2.7786529
2.5387627
2.6394518
2.6545094
2.5765130
2.4914029
2.3413932
2.3279977
2.7625853
2.4865018
2.2532125
2.2373211
2.1949964
2.2679375
2.2862411
2.2477200
2.4704938
2.1182279
2.2474723
2.0329169
2.0509127
2.0213168
2.0946739
2.0330398
1.8840857
1.9806443
2.0498917
2.0192683
2.1371662
2.1773332
1.9749419
2.2135126
2.1637926
1.9369757
2.0711824
2.2638761
1.9850345
2.2354549
2.0309316
2.2436228
2.5862366
2.4246681
2.3971337
2.4540353
2.5444921
2.5619663
2.4253423
2.6001019
2.5131778
2.5841053
3.1137765
2.9413760
2.9571111
3.3131838
3.1262204
2.8558832
3.1568502
3.3665227
3.1535240
3.1113392
2.8902223
3.2190082
3.2922256
3.6569910
3.5253436
3.1801981
3.2108991
3.0754757
3.1151928
3.3522911
3.3571850
3.4257272
3.8210828
3.4908301
3.5861647
3.5416774
3.4084061
3.3746679
3.8068771
3.4957368
3.2634816
3.6816461
3.6866495
3.5286468
3.8382087
3.2928074
3.3477582
3.6243092
3.3951814
3.5742353
3.6361628
3.3693266
3.5514725
3.3631477
3.3198088
3.5342618
3.4440768
3.7473070
3.0968566
3.7303290
4.1858557
3.4349736
4.1687197
4.3723850
4.1392259
4.3642580
3.9405146
4.1408622
4.0863566
3.6011333
3.7872711
4.3248915
4.3768014
4.4543803
4.1731700
4.2950982
4.4047964
3.7026670
4.3287756
4.2347429
4.2698245
4.6369505
4.7383777
4.5798242
4.0950505
3.9947950
4.2776779
4.2674541
4.2742625
4.2208222
4.0191623
4.2219129
4.2774316
4.1871693
4.1167043
3.4469472
3.7231164
3.7125131
3.9684067
3.8346562
3.9666918
3.7965761
3.7189649
3.8364658
3.5911311
4.0744172
3.6821980
3.5721276
4.0235360
3.5876609
3.8669246
4.0989235
3.9904533
3.9324264
3.5001354
4.2060998
3.8352811
3.4406640
3.3424816
3.4670835
3.4319543
3.3699073
3.7673539
3.5769516
3.7442448
3.5874529
3.6232098
3.4499996
4.0478646
3.0905139
3.7183752
3.4559927
3.6267677
3.4178062
3.4549764
3.3741579
3.2144776
3.4913135
3.6908474
3.5597244
3.0734538
4.0615452
3.9626244
3.3478514
3.2730114
3.1697031
3.9983866
3.2645815
3.4197159
3.1366235
3.2969246
3.0324407
3.4206341
3.0844449
3.6710624
3.8917610
3.8120705
3.3009518
3.7307284
3.4121425
3.2605862
3.3118763
3.3968812
3.2855764
3.3821576
3.0240841
3.3926334
3.1794210
3.4136315
4.1670065
3.2241343
3.1651089
2.9876014
3.0472903
3.6979551
3.6432503
3.4775407
3.1600363
3.5656025
3.2865802
2.8860742
2.7178721
3.1025506
3.2030200
3.1694513
3.4346852
3.6453107
3.7438173
3.2241135
3.3821163
3.1904539
3.3513713
3.1257111
3.0019786
3.2568288
3.0042030
3.3188367
3.3910804
3.3427878
3.2991461
3.2683173
3.1429454
3.1258360
3.0303510
2.9511472
2.9405394
2.9822489
3.0793087
3.3651496
3.6227353
3.0671064
3.3414127
3.5192059
3.5965411
3.3646075
3.5190536
3.4741832
3.2483932
3.5067537
3.1381999
3.5842998
3.5885750
3.4450570
3.6524412
3.4641809
3.3236702
3.3523028
3.5894304
4.0014689
3.5432808
3.5552314
3.9414394
3.4438685
3.4500029
3.5593267
3.5090604
3.4314452
3.4553241
2.8120755
3.3990165
3.3554773
3.4311127
3.7185602
3.6159530
3.2381797
3.7677034
3.3936736
3.6724213
3.7272297
3.7874225
3.6953813
3.7311260
3.6177811
3.9220468
3.7763833
3.5124324
3.4370719
3.4475953
3.8060204
3.5940451
3.5702652
4.0187533
3.6940368
3.2998902
3.9404124
4.0518579
4.2473496
3.8506922
3.7496010
3.6922575
3.8062523
3.6060623
3.8532171
3.8160429
4.1867725
4.0918592
3.7681587
3.9137491
3.9520575
3.7997291
3.5304639
3.6254706
4.0683386
3.8387325
3.7374608
3.5580029
3.3821180
3.5315956
3.4947004
3.6585004
3.8026370
3.6692903
3.8121867
3.8710968
3.6115984
3.8070894
3.6301559
3.3071730
3.1624154
3.7394028
3.6020463
3.2127519
3.7082026
3.3479065
3.8825324
4.1081032
3.2451176
3.3547627
3.5140915
3.5767602
3.6508037
3.5901823
3.6577540
3.6714048
3.6476387
3.4316069
3.4641870
3.2170281
3.3111402
3.4232571
3.2483903
2.7352710
3.3949598
3.3834028
2.9378347
3.5232602
3.6912264
3.3079384
3.7145452
3.6881164
3.3688631
3.5185909
3.4351682
3.7254107
3.9014309
4.1091251
3.5982468
2.9951650
3.6051814
3.5061231
3.8230346
4.4174922
3.9360232
3.9958164
3.8736268
4.1262998
3.2914745
3.7833045
3.7280770
3.1891714
3.3420627
3.3715341
3.2904757
3.5260766
3.8326851
3.4414654
3.5865986
3.8638544
3.6617946
3.6913375
3.2321597
2.9694489
3.3003411
3.4077024
3.4384274
2.8159582
3.3783268
3.5279307
3.2153102
3.1325231
3.4491409
3.3881916
3.3995473
3.3067272
3.4194945
3.2974375
3.3051681
3.5109738
2.9931066
3.8403080
3.5270216
3.2932837
3.8998649
3.5740620
3.3107274
3.3622845
3.3865251
3.8287583
3.4999429
3.9164789
3.8607463
3.3433995
3.9168152
4.1316045
3.6264997
3.8065514
4.0109801
3.6236575
3.6886833
3.3662471
3.5986854
3.5711019
3.7017559
3.8856164
3.4376104
3.4096032
3.3382164
4.0837876
3.7213524
3.7279319
3.8418452
3.2371391
3.4418325
3.6818275
3.4134669
3.3725518
3.5494062
3.5721516
3.5304678
3.7321384
3.5771703
3.8118820
3.1820738
3.4808648
3.5840185
3.4675249
3.6961858
3.5042677
3.0992309
3.3972264
3.6661943
3.4190852
3.8362550
3.6785038
3.5804970
3.5885137
3.5889801
3.8995957
3.4198888
3.2038403
3.7055033
3.5263127
3.9890916
3.5230774
3.5220901
3.8667856
3.4558115
3.5171268
3.7476964
3.4093700
3.8184391
3.5895299
3.3084444
3.5584841
3.7350478
3.2983627
3.1863210
3.7942512
3.4202287
3.9368105
3.6306742
3.9934409
3.6951558
3.4340551
3.7475575
3.3429379
3.1822475
3.7479907
3.7337954
4.4105539
3.9412277
3.5956952
3.9215999
3.9755885
3.8839815
3.3186463
3.2735364
3.7886003
3.5783698
3.5220851
3.7756843
4.0562256
3.4277640
3.5386716
3.4246364
3.8002534
3.8309155
3.8067034
4.1426807
3.5476706
3.4593433
4.4151891
3.4644195
3.8259295
3.6136763
4.4699190
3.4241267
4.2625440
3.4740083
3.4511106
3.6157598
3.5911903
3.3351291
3.5496725
3.4405038
3.4622047
3.5168450
2.9959361
3.6922998
3.6146275
3.8871869
3.9934833
3.1540925
3.2816501
3.4346676
3.6315579
3.7221439
3.7143990
3.4785812
3.4305017
2.8283697
3.5540040
3.8158247
3.7932565
3.4813853
3.9195472
3.8518560
4.1604046
3.5692293
2.9598086
3.4987972
3.6073407
3.1044109
3.3189733
3.2670689
3.5286127
3.7108141
3.0177634
2.9517917
3.2648646
3.4616321
3.2561374
3.1667781
2.8984776
3.3115093
3.6771661
3.5106394
3.3998465
3.5836315
3.6979774
3.4166061
3.4008307
3.2451046
3.3738712
3.3591888
3.2781067
3.7806302
3.5420444
3.2255098
3.0586339
3.1980096
3.4711485
3.2855646
3.3379739
2.7463801
3.2024898
3.1941888
3.5585921
3.5068709
3.2573236
3.3589923
3.4694410
3.1367986
3.8347629
3.3566944
3.0463082
3.3545579
3.5155768
3.6413127
3.2185431
3.5764668
3.4084000
3.3872922
3.2300092
3.6307532
2.9761121
3.8418157
3.0625459
2.8202280
2.6851883
3.4299122
3.7750186
3.2675732
3.4412794
3.6308485
3.6102373
3.7815368
3.5200644
3.5230319
3.5657599
3.2972175
3.3614645
3.2129320
3.6484943
3.3897570
3.7650959
3.5187431
2.5985354
3.0697261
3.0866685
3.6375962
2.9796520
3.1920092
3.5156442
3.2541023
3.0567230
3.1320909
3.4084811
3.3014365
3.4017976
3.4406327
3.1260828
3.4755993
3.3905524
3.0627720
3.3729119
3.6345826
3.2425604
3.3243504
3.1065356
3.4980675
3.6935959
3.4225443
3.1471097
3.0916403
3.7529814
3.5945011
3.6438318
3.1848699
3.3664541
3.1573348
3.6085063
3.3119026
3.6410063
3.3635864
3.6819972
3.4425679
3.7825682
3.2690464
3.4327137
3.1824966
3.8591450
3.2685807
3.0995272
3.1878932
3.4065915
3.3599359
3.4933736
3.5197354
3.8198047
3.4736389
3.8625819
3.6112758
3.8943741
3.5221975
3.6929508
3.4197350
3.3185748
3.3360737
2.7067704
3.2438684
3.0082713
3.8822793
4.0034407
3.0561568
3.0458989
2.7140177
2.6529788
3.6717951
3.3011748
2.6707327
3.8013302
2.7320059
3.1432246
3.4475393
3.0837517
3.4475405
3.8492148
3.6159020
3.4745371
3.0300417
3.8013170
3.1037124
3.2989809
3.1251491
3.4970256
3.3953779
3.2641957
3.7433195
3.4074989
3.2372058
3.6726398
3.6788015
3.4455064
3.4108190
3.2830332
2.9559887
2.7284258
3.0320362
2.9627931
3.2728362
3.4398941
4.0197498
3.0508046
3.0982318
3.7835847
3.3608590
3.6727508
3.0701867
3.4551060
2.7842951
2.9652095
3.0253854
3.1337422
3.5528342
3.6546354
3.3414477
3.3897519
3.8740380
2.9661940
3.9134171
3.3647479
3.8253359
3.2126373
3.4431520
4.0140721
3.3112587
2.8815987
3.8470302
2.9927037
3.4531653
3.4945852
3.6729736
3.2684809
3.5526285
3.7652365
3.5749522
3.2774882
3.0905874
3.4450861
3.6556394
3.7255265
3.3301089
3.3356543
3.2043405
3.4661117
3.3331586
3.6463577
3.2938217
3.5463699
3.6453459
3.2292625
4.4556638
3.1007717
3.1872529
3.3073460
3.4053173
3.2238764
3.4086078
3.8269706
3.7186277
3.6807240
3.2067585
3.7095731
3.4990035
3.2461805
3.3279289
3.8037174
3.4568030
3.0687370
2.8683351
3.4203874
3.3202133
3.3701870
3.4926286
3.4641976
3.2569231
3.2532805
2.9172459
3.4745881
3.1585161
3.8209040
3.1067948
3.0798545
2.9705796
3.7420536
3.2976855
2.8577395
3.2980779
3.3387660
3.3375315
3.4099110
3.3848544
3.3881377
3.3345033
3.5839655
3.5063111
3.5717609
3.4876433
3.5931710
3.2851276
3.1984560
4.1468204
4.3050085
3.3680083
2.9368661
3.9792286
3.3436511
4.2916792
3.2273496
3.3322466
3.2059474
3.1762904
2.9081082
3.2546924
3.0168170
3.1978536
3.6141502
3.7732766
3.5152537
3.3246205
3.3658139
3.3622193
3.0979499
3.7478661
3.6104471
3.7103429
3.5913237
3.1336941
3.4195271
3.9165114
3.1208059
3.5151062
3.3240748
3.3293942
3.3251230
3.3622677
3.4204187
3.2715437
3.5710859
2.8047940
2.7675156
3.3137524
2.8474901
4.0551584
3.8000765
4.1904708
3.4277152
3.3799502
3.3587721
2.9338257
3.2693188
3.0919850
3.1199370
2.9540899
3.4264305
3.1878710
3.0244712
3.0243274
3.6157723
3.5096747
3.8960004
3.2270687
3.3691855
3.4847779
3.0394645
3.5604302
3.1849162
3.6791767
3.5495890
3.4035457
4.0057269
3.2223611
3.7670790
3.6914934
3.4541592
3.2483948
3.0678511
3.4390267
3.3649988
3.6318290
3.2726265
3.1770824
3.4974158
3.1624318
2.8555349
3.0252024
3.7494801
3.3046532
3.2742076
3.5842597
3.4969782
3.2210600
3.9007177
3.5274092
3.6313397
3.5177909
3.5683474
3.1958355
3.1522437
3.1140464
3.8425616
3.8052141
3.8401868
3.5468702
3.2696259
3.4109322
3.3492678
3.3083556
3.8067642
3.1385880
3.3109203
3.6372293
3.7694281
3.4668662
2.9498353
4.4588541
4.0821311
3.1238852
3.4759869
3.6753500
3.1981096
3.0244895
3.0853299
3.2274753
3.1021558
3.4395844
3.2421836
3.4892158
3.0237848
3.6013267
3.2747710
3.0289826
2.9049038
2.8415142
3.7753026
3.1906065
3.1741848
2.9381681
3.0222778
3.2229156
3.4119558
3.3987786
3.4419408
3.3419126
3.2357574
3.0844155
3.0896762
3.2907493
3.4612751
3.7446723
3.2383286
3.4323307
4.0424013
3.1579971
3.0764391
3.5505224
3.3974579
3.2794620
3.2845510
3.9946637
3.6107729
3.3351740
3.4587672
3.2382377
3.1111145
3.2265017
3.4828669
3.6037283
3.2079640
3.4761569
3.7134391
3.7132108
3.2256616
3.0571558
3.0520052
3.3338928
3.0671706
3.2771437
3.7221333
3.2718874
3.2116669
3.2578246
3.5373213
3.2767952
4.0230377
3.4181919
3.3210848
3.7630707
3.3955118
3.3106707
3.5336965
3.2147312
4.3691194
3.2748129
3.1701636
3.2613572
4.0480539
3.0301542
3.7620374
3.3203846
3.9416497
3.5798346
3.5232122
3.4717151
3.5291621
3.4970929
2.9867480
3.4736047
3.7311027
3.8980292
3.6162766
3.3679641
3.5002862
4.0263613
3.2873419
3.2065705
3.3259128
3.4963953
3.8481953
3.6256454
3.5892368
3.4880138
3.0014992
3.7274934
3.7180629
4.3731206
3.9892765
3.5010926
3.3839044
3.4145337
3.9341180
3.0193415
3.0335721
3.0972808
3.1340707
3.2853080
3.3233195
3.6158497
3.1631878
3.0290799
3.6653752
3.1769044
3.1106117
3.3910349
3.2405515
3.7410347
3.1479214
3.4012014
3.2569879
3.3944474
3.9910196
3.6395393
3.4218136
3.6886914
3.8595762
3.5080665
3.2946808
3.6962358
3.1719332
3.3916301
3.4376848
3.2058807
3.4274682
3.2813297
3.3000411
3.7277289
3.1354159
3.4218254
3.1271181
3.3208026
3.5431634
3.6385370
3.7676922
2.9917075
3.2469105
3.1694333
3.3176959
4.4490298
3.3259201
3.1959050
3.1026891
3.0109710
3.4941385
3.2530361
3.6855330
3.3187988
3.3427959
3.6891043
3.9084675
3.1326874
2.9992934
3.6188971
3.4968036
3.5258146
3.1969871
3.9682656
3.7504294
3.2382543
3.5618901
3.1659055
3.3754386
3.0292241
3.3810047
3.5659149
3.2787820
3.3483139
3.6354594
3.1149608
3.5254501
3.6091712
3.1929937
3.5509850
3.4223675
3.1910585
3.7034248
3.2157250
2.9477420
3.5098149
3.2476562
3.5134275
3.3523355
3.6795857
3.4407739
3.5320005
3.0319113
3.1079873
3.3435619
3.6153253
3.6459531
3.5076302
3.2741196
3.5275046
3.1618087
4.0017071
3.0833855
3.5936827
3.6938997
3.2758259
2.8446011
3.4432234
3.4693781
3.4548742
3.9556304
3.3123908
3.4993167
3.0421499
3.8277286
3.5798748
3.4398506
3.5851108
3.4829335
3.7684081
3.7957789
3.5904791
3.8200497
3.3572735
3.4730202
3.4813299
3.2027375
3.7626837
3.2867722
4.0562082
3.5392815
3.2731420
3.5667249
4.0263873
3.1195625
3.3352367
3.2190171
3.3952316
3.2453891
3.2306431
2.9054845
3.2537059
3.3198173
3.4734125
3.2164164
3.3849531
3.3649670
3.6201140
3.6208045
3.1750604
3.0362119
3.8233277
3.7480994
3.6623293
3.4288564
3.4989204
3.1290683
3.6605936
3.3832626
3.6271135
3.4984607
3.3244059
4.0598220
3.3492044
3.6134910
3.9142091
3.2343172
4.1263428
3.7568486
2.9971394
3.3420860
3.3991554
3.5814109
3.2180259
3.7066642
3.6215532
3.3122771
3.7340201
3.3006083
3.2912290
3.2273100
3.6328156
3.2690626
3.7445306
3.2458143
3.4273994
3.1906907
3.4752713
3.5614118
3.9331833
3.4234172
3.5475556
3.3581027
2.9348390
3.1444859
3.6313442
3.7340256
3.8131505
3.7286477
3.4873686
3.8000176
4.0005595
3.2217970
3.2655452
4.0113523
3.6205133
3.2161137
3.9244457
3.5800606
3.7940099
3.5004020
3.5472132
3.4625818
3.6119318
3.5884259
3.2913729
4.1841260
3.1028342
3.4179056
3.6897785
3.6347958
3.7533920
3.7364085
3.6163720
3.2430960
3.3688491
3.8472447
3.4003705
3.5673347
3.5629418
3.5192246
4.2702921
3.8104934
3.4716305
3.2359124
3.3865492
3.7422270
3.3372341
3.4592906
3.2627348
3.7123513
3.1884684
3.4568948
3.7133976
4.0938389
4.0383216
3.7568221
3.7296913
3.3506593
3.4884869
3.8866797
3.5675341
3.8382595
3.5776026
3.6848531
3.2696904
3.4864582
3.4703649
3.7646541
3.2052558
4.1630932
3.3249979
3.3437702
3.6258935
3.5106845
3.2690583
3.6416844
3.4745819
3.2513370
3.6236052
2.8686151
3.9263177
4.1641769
2.8658614
3.3912660
3.8401628
3.5010176
3.0831928
3.2917189
3.4482215
3.5158689
3.5250239
3.8220353
3.3011641
3.2471495
3.3235898
3.4838534
3.6614686
3.0628946
3.3152671
3.5822149
3.6208685
3.4064560
3.5040111
4.2228709
4.1363497
3.6996659
3.8001265
3.7444041
3.7440924
3.8575813
3.4635763
3.1453619
3.3360115
3.5343995
3.3794573
3.4911693
3.6915222
3.7283683
3.5287286
3.6705838
3.4805732
3.1085430
3.5363521
3.5740418
3.4440105
3.0432207
3.3546345
3.6535903
3.3519964
3.1859044
3.1255370
3.1171862
4.0065413
3.5404988
3.5776546
3.8337535
2.9681473
3.3695470
3.3839672
3.7017511
3.5150397
3.8110849
3.6619387
3.5256204
3.8343042
4.0464361
3.8283236
3.7571552
3.3513387
3.2499036
3.9541627
2.8859627
3.1101518
3.2266666
3.9261764
3.5584179
3.3608460
3.3102846
3.5839737
3.5612569
3.1718562
3.4955704
4.0762861
3.2202817
3.5370349
4.0814056
3.6486338
4.0335239
3.4268892
3.3720403
2.9216426
4.0810519
3.8211640
3.2472805
3.4360653
3.4876734
3.5724110
3.8904457
3.5824259
3.6210296
3.4648541
3.8840143
3.3475449
2.9193421
4.0982900
3.4672555
3.6958412
3.8925705
3.6753060
3.6704059
4.0692452
3.6567039
3.4793596
3.1147124
3.4560301
3.5193704
3.3666429
3.1880690
3.2994651
3.5292099
3.4428726
3.1954264
3.4409660
3.4497777
3.0837178
3.3558672
3.5140015
3.7418416
3.7712410
2.9207726
3.1838571
4.0292319
3.9334980
3.2204131
3.6726775
3.6989352
3.7275470
3.5991251
3.4651740
3.8230200
3.2410284
3.2200871
4.0881524
3.2983616
3.8476250
3.6641263
3.6236397
3.5540271
3.6259542
4.1133616
3.4546385
4.0666099
3.2737109
3.2287478
3.1935302
3.5392433
3.5532645
3.7093363
3.2135627
3.4426314
4.2203143
3.6045094
3.1915386
3.8096639
3.4754701
3.5815271
3.6043484
3.7147535
3.5526892
2.9937493
3.7279899
3.6261179
4.0083389
3.6509959
3.3295690
3.2150596
3.4929533
3.6192057
3.5449692
3.0896086
3.6037127
4.2698583
3.1193355
3.3502318
3.2082041
3.5500274
3.6869372
3.4431794
3.4083552
3.1388544
2.9996954
3.1940280
3.9536704
4.0542779
3.6686445
3.8315602
3.3410456
3.9853349
3.7907937
3.5501976
3.3179166
3.2154617
3.5312556
3.6804857
3.7206114
3.8875950
4.1619727
3.5352661
3.0410427
3.6526495
3.3076381
3.7771967
3.8062761
3.5321544
3.6549409
3.5487225
4.0943379
3.7212291
3.2894826
3.6052490
3.7111286
3.3440143
4.0382917
3.6854590
3.5346985
3.1651252
2.9638912
3.7247486
3.1075700
3.7985185
3.7192020
3.2039251
3.7659059
3.6178128
3.4500092
3.1150819
3.5572705
3.3730386
3.1429572
3.2064713
3.1417881
3.2441189
3.6652782
3.1762858
3.7096443
3.5051147
3.1653111
3.6567472
3.3255066
3.5189029
3.8886238
3.2343080
3.3448570
3.4950533
3.3144525
3.0813481
3.2621236
3.1788162
2.9581394
3.4104188
3.3647031
3.3235054
3.0284588
3.6441305
3.2679618
3.5547976
3.3557067
2.8637947
3.1703661
3.1502469
3.2354471
3.1763721
3.4652806
3.2318791
3.4765621
3.2746781
3.6354687
3.1327166
3.5475103
3.2872763
3.2095196
3.1228125
3.0037380
3.0288504
3.2262053
3.0403206
3.4337719
3.3128607
3.5584376
3.4444919
3.8271316
3.4222571
3.7231264
3.7942977
3.4649250
3.2228486
3.6083615
3.7445868
3.5780478
3.4339459
3.6889748
3.3193909
3.6275261
4.2001269
4.2037672
3.9554525
3.9164207
3.0862428
3.2704386
3.6343176
3.2660544
3.4674847
3.5550820
3.3310271
3.2532065
3.1811250
3.3266165
3.2759443
3.8872950
3.3176484
3.3756042
2.9477602
3.1603462
3.5363542
3.3270009
3.3274857
3.1259988
3.2340093
3.1480751
3.1243641
2.8724419
3.5242269
3.3765361
3.5142302
3.3560053
3.0982036
3.0196142
3.1094081
3.5869842
3.5053687
3.1799902
3.3155193
3.6255622
3.3839728
3.3447152
3.5411383
3.2746458
3.4703064
3.2846952
3.4786293
3.6575039
3.7879532
3.3373600
3.3780408
3.5152893
3.3100770
3.4628501
3.3848233
3.5334813
3.0974137
3.2719983
3.4560433
3.5312412
3.3108023
3.3320818
3.3752977
3.3757758
3.3027075
3.2191456
3.2622751
3.4149863
3.1719745
3.3312095
3.1827429
3.5097218
3.5876994
3.5182131
3.5331172
3.5609591
3.6506617
3.9682904
3.5978029
3.8834399
4.0029096
3.9413346
4.2533684
3.9545809
4.1562854
4.2925051
4.3415075
4.4525260
4.4851356
4.1434755
4.6576549
4.3733492
4.3680334
4.2636772
4.5734411
4.5458562
4.6267683
4.8251313
4.3759668
4.6390933
4.6442645
4.7234503
5.1596182
4.9364585
5.1532585
4.8113380
4.7120460
5.1084980
4.8230316
5.2593705
5.1226336
5.2450838
5.3379731
5.4956252
5.3089412
5.3968343
5.3813719
5.4717474
5.2080075
5.4279747
5.2506232
5.3017569
5.1383078
5.0201878
4.8901977
4.9893248
4.7774078
4.9238216
4.7664432
5.0929342
5.1370860
4.7928219
4.7220641
4.9720615
5.0211971
4.8584487
5.3197220
4.8588886
5.1848110
5.7662088
5.0913648
5.3134154
4.9248763
4.8722022
5.3077909
5.1937061
5.0383791
4.8995314
5.0680064
4.9538647
4.6954724
5.2825570
4.7376085
4.8959082
4.4726767
5.0891149
4.8861722
4.6820485
4.5263839
4.8675344
4.6071142
4.5029484
4.7888744
4.5658773
4.4094628
4.7179362
4.3670909
4.7917832
4.4920156
4.4035560
4.6645801
4.5433984
4.6872779
4.6328811
4.6861771
4.2874409
4.4347615
4.6408603
4.2976314
4.2910140
4.4487021
4.5150905
4.5628027
4.3924584
4.1321043
4.2411162
4.3082214
4.5547295
4.7404248
4.5978594
4.4574283
4.4776375
4.2615862
4.7254340
4.4748123
4.4729853
4.4431102
4.3808924
4.3739722
4.3281891
4.4498448
4.3207380
4.3850619
4.3857500
4.3254185
4.3445137
4.3775436
4.2828462
4.0550582
4.3179962
4.2715927
4.0787164
4.1889414
4.3285454
4.3975780
4.0812443
4.5289605
4.1777813
4.2215412
4.3851637
4.1791816
4.1748137
4.4245721
4.4463311
4.6127205
4.4326070
4.5759018
4.5546205
4.4341688
4.6161488
4.4770088
4.6991074
4.5745217
4.5503874
4.4221236
4.4646136
4.8596366
4.5614173
4.8679236
4.7751441
5.0084052
4.8391250
4.6977821
4.7388047
4.7462837
4.8273886
4.6844410
4.8286539
4.8185600
4.7717904
4.7943199
4.5905239
4.5283781
4.6782571
5.0443887
4.8067294
4.9856418
4.7856678
4.9092763
5.6250325
5.2175828
5.1916940
5.1480220
4.9644433
4.9798905
4.7602117
5.5481828
5.4127931
5.1602267
5.6155706
5.7585293
5.8552850
5.5502656
5.2125601
5.2338212
5.8333330
5.5327435
6.0395322
5.8578787
5.7744026
6.0913742
5.8923432
6.7574221
6.0405852
5.9180287
6.8614595
6.0247067
5.3284768
6.2138389
5.4382563
5.4233488
5.5204414
5.4226133
5.6136262
6.6939988
6.4739850
5.5947266
5.8350703
5.8195865
5.2490657
5.9808313
5.9359711
5.9778547
5.6723979
6.0186576
5.5028892
5.4000152
5.5193782
6.1198380
5.9699918
5.6466681
5.5697860
6.1840412
5.6682848
5.5997807
5.6072383
5.6512591
5.9010617
5.6883288
5.6481598
5.5721076
5.3623415
5.0860185
5.3047649
5.0669622
5.1687904
5.1194206
5.9681615
6.0279845
5.3998941
5.9013683
6.0017390
5.8976117
5.7243209
6.1488995
5.8776112
5.9327865
5.8631371
6.2535941
6.8250893
6.3530661
7.2140236
6.5634420
6.2088074
6.2038576
6.1817840
5.8571255
5.4827988
5.2225966
6.4594330
6.5650111
5.5457847
5.5800869
6.0418264
6.0105167
6.3254400
6.0841561
6.5387358
6.0965795
5.2270681
6.2378075
6.2633864
6.9492346
6.0042267
6.3712285
7.0763368
6.3333163
6.8112444
6.8287016
6.6769485
6.3038960
5.8796673
6.5187275
6.1280123
6.4593211
6.0777257
6.2907804
6.9675213
6.4646847
6.1037012
6.1466659
6.8252225
6.3148191
6.1137677
6.3696824
6.3787840
5.9699664
5.1869512
5.7904638
5.8141988
5.8129989
5.1896183
5.6075997
5.7418665
5.6586469
5.4674839
5.5601466
5.4196344
5.6601108
5.5230296
5.3686629
5.1830507
5.2537512
4.8091347
4.8413526
4.7336505
4.7998192
5.0062045
4.5594204
5.0196945
4.7230018
4.5699760
4.8862666
4.6069455
4.6598359
4.5994882
4.4730814
4.6067092
4.5414141
4.7077394
4.5495137
4.6210139
4.2861133
4.4082048
4.3198218
4.2204780
4.0948163
4.0302755
3.9875313
3.9601439
3.7974092
4.1505400
3.9746832
3.7038787
4.2602592
4.0069174
4.0815113
3.7861980
3.7929572
4.0051999
3.9508928
3.5514068
3.5800312
3.6174359
3.4299113
3.2769377
3.2477520
3.4676618
3.4060063
3.3163761
3.6407730
3.2954199
3.3791924
3.3189624
3.5580788
3.1023397
3.5465216
3.2631867
3.2231439
3.2992999
3.5602350
3.3909108
3.5727040
3.4311069
3.2031743
3.5758103
3.6497634
3.4670135
4.0668774
3.4253719
3.5437739
3.4365678
3.7400514
3.2845405
3.7093921
3.5958757
3.6540124
3.8246067
3.1023005
3.4443714
3.4470792
3.4549434
2.8304678
2.8101862
2.8208878
2.8563411
2.7961963
2.8447140
2.7797401
3.3557177
2.9759989
3.0998351
3.1373462
2.8681459
3.4643345
3.1930987
2.9585345
2.8879804
3.1257934
3.3200619
3.1886875
2.9864839
3.3050112
3.5145207
3.1249433
3.2981134
3.3961264
3.0034299
2.9637641
2.9934850
2.9929403
3.1375883
3.0332746
2.9902139
3.1269271
3.2093337
3.0183097
3.2209439
3.1293676
3.2347900
3.1385597
3.3276040
3.6186841
3.3016129
3.2600792
3.0234830
3.3766547
3.0370643
3.0799471
2.8765642
3.1189866
3.0642942
3.0061083
3.0854564
3.0212558
2.9940579
3.0735983
3.0600050
3.2762257
2.7710674
3.0560348
3.0452884
3.1111335
2.9647863
2.9580724
2.9072386
2.7799274
3.0804433
3.0781430
2.8434447
3.2308735
3.5275334
2.9783237
3.0640065
3.0897521
3.3824127
3.0946643
3.0440742
3.2203930
3.3010517
3.3337043
3.4299919
3.2592254
3.3088087
3.3271939
3.1414056
2.9553870
2.9853787
2.6453065
2.9176708
3.4809722
3.3146123
3.0259192
3.4869911
3.3615464
3.1966395
3.5159157
2.9465048
2.9662482
3.1591863
3.5153447
2.9576736
2.8607703
3.1430619
3.4393284
3.1319243
3.1557347
3.2928355
2.9048167
3.1250195
2.7234886
3.2362489
2.8191660
3.3024290
2.9319015
2.9795238
3.0679285
3.0531556
2.9808974
3.3631494
2.8351468
3.0949591
3.0342602
3.0907258
3.3481106
2.8297123
2.8942228
2.5903503
3.1088515
3.2552865
3.0058013
2.5999751
3.1921599
3.1482112
3.1979614
3.2726914
3.3661654
3.2444328
3.0884339
2.9319204
3.1277085
3.2915272
3.1487504
3.0764095
3.2721388
3.3978128
3.1651027
3.2113013
3.2335571
3.2868643
3.3735135
3.3709018
3.0511115
3.1357892
3.2683756
3.1125733
2.8663340
2.9239225
3.1005853
3.1756760
3.1843804
3.0345224
2.9671843
3.0298040
3.0742324
3.1055771
2.9760123
3.5124601
3.0210802
3.1114792
2.9559079
3.2184361
2.9195540
2.7781247
3.0116979
2.9388191
3.0030595
3.0477848
3.1858833
2.9962307
3.0252687
2.9962060
3.1041673
2.7978646
2.8480711
2.9570515
2.7229557
2.8998561
2.7830305
2.8368705
2.7989188
3.1046127
2.9985714
2.9073187
2.9985845
2.8304845
2.8861469
2.7727161
2.8492924
3.0214396
2.8549238
2.9573793
2.7817441
3.0455054
2.8144953
2.8865042
2.7616857
2.6628356
2.7435451
2.7015376
2.9377948
2.6413468
2.6117806
2.6883707
2.8331075
2.8840078
2.9670736
2.7914547
2.5212856
2.6221953
2.4895322
2.6054491
2.7392940
2.6837144
2.7644768
2.9177218
2.8423679
2.7107098
2.6825400
2.7089503
2.9252568
2.7615262
2.4374753
2.5643171
2.8397271
3.1523105
2.6329255
2.7046434
2.8541433
2.7373670
2.9947208
2.7908170
2.7239915
2.7228430
2.9877410
2.7582647
3.1019275
3.1844502
3.6138246
3.1281433
2.9253939
3.2284270
2.8856215
2.8692009
2.9190593
3.1327516
3.0223728
2.8908096
3.3077759
3.1414862
3.2862994
3.0070933
3.0021154
2.9984765
2.8630445
3.0247043
3.0469746
3.1241177
3.0805416
3.1459845
3.1741579
3.3653470
3.1730012
3.3386105
3.1466690
3.4180836
3.2563650
3.2948458
3.2522691
3.4557953
3.0386934
3.3656856
3.3968029
3.1652440
3.0402147
3.0247285
3.0447087
3.0342843
3.3927663
3.0012432
3.3412098
3.3143960
3.4031105
3.1126604
3.1953572
3.2251803
3.2650095
3.4854819
3.3090326
3.2315676
3.1536277
3.1818686
3.1105701
3.2308566
3.1768875
3.2635320
3.1806849
3.3790934
2.9834497
3.3850902
3.2372519
3.1644510
3.0311320
2.7506624
3.3531458
3.0244655
3.2753286
3.3352187
3.4180797
3.1719335
3.3133041
3.0971853
3.2816037
3.2270231
3.2385839
3.5168829
3.2046622
3.4080668
3.6501425
3.3425832
3.1338520
3.3123454
3.2073224
3.5695061
3.4064010
3.3016140
3.2759894
3.3308326
3.4107575
3.2764445
3.2954716
3.2146708
3.2664014
3.7784634
3.3632349
3.5109958
3.3494737
3.4046219
3.2980839
3.4538953
3.3388580
3.7246134
3.3436220
3.0733448
3.3684259
3.2684352
3.0855035
3.0367640
3.2667681
2.6422098
3.2305416
3.0269057
3.1363766
2.9883057
3.3514828
3.7537740
3.5703553
3.6331983
3.1795624
3.3329139
3.3842647
3.5496899
3.0105295
3.4853441
3.7462357
3.4573551
3.9226710
3.6133514
3.3441483
3.6225612
3.4085718
3.4172751
3.3893481
3.0542193
3.3721784
3.8081565
3.4162616
3.3728267
3.1179272
3.3457802
3.3305295
3.5048581
3.5929680
3.4234545
3.3926886
3.4255476
3.7749559
3.2137247
3.1819161
3.8397396
3.5794205
3.5443782
3.7224646
3.3842980
3.4753050
4.5376679
3.8185550
4.6439748
4.0634368
4.1172623
3.4021358
3.6013445
4.1053993
3.7826663
3.6332147
3.7478293
3.5814249
3.3824350
3.8197506
3.3940928
4.2714388
2.9690881
3.5487288
4.3261914
4.1969806
3.6039759
3.7814352
4.7408804
4.4240086
3.4782187
3.9902940
3.5939943
3.7689616
4.4826512
4.8108796
4.0326263
3.9017472
3.8483932
4.8736872
3.3324912
3.9398423
3.8791575
3.9958345
3.8610463
3.8838069
3.4355041
3.2644018
4.5801013
3.9882171
3.5084176
4.0466366
2.9704917
3.1961385
2.9189272
3.0852721
2.9570257
3.2129033
3.0621294
2.9543422
3.1620862
3.5094074
4.1922342
3.3298504
2.9930475
2.9623063
3.1430614
3.1219749
2.5215126
3.3229261
3.0447978
4.0525755
3.4789003
3.5270874
3.9506902
3.4948800
4.2433339
3.4123824
3.0419268
3.1956262
3.3960333
3.2178419
3.2067675
3.4303176
3.2690210
3.7437637
2.8423931
3.2697200
4.0303027
3.5907364
3.3926849
3.7695914
2.8954235
3.7841784
4.0701566
4.6117448
4.0637006
4.6318825
3.1524156
6.1070347
3.2732599
4.0883159
4.2176413
3.8392145
3.5471141
3.0094170
4.6289190
4.4334348
3.1649278
3.4666026
3.1905288
3.1024047
3.7223671
4.0343950
4.0277463
4.0364652
3.7882874
3.1963127
5.8352237
3.7588067
3.3783945
3.6160282
5.6927181
3.1736234
4.1033257
2.9771729
2.9441160
2.9356756
3.5335624
3.1921658
4.3717780
3.0632550
3.3644849
3.1961757
3.9418239
3.3013865
3.1712495
2.7661993
3.1431084
2.9934524
3.3365345
3.1810646
3.0882613
3.1427238
3.4911160
3.3696512
3.4855691
4.0857741
3.4742511
3.6193177
3.0842315
3.5815019
3.3218775
3.4645410
2.9269557
3.1059885
3.8908219
3.3210717
3.5768318
3.3827783
4.5226932
4.3897789
4.0930122
3.3226508
3.5888786
3.2245823
3.0205953
4.3646207
4.0028134
3.7177529
3.7442383
3.2429486
3.5216535
3.7469362
4.7233691
4.4124389
4.2058042
3.6951408
3.6422867
3.6711339
3.8114632
3.9894519
4.1634517
3.9795073
3.3854377
3.3069740
3.4926495
3.1277207
4.1233549
4.0647076
3.3708327
3.2985108
3.5150190
3.6465166
3.0436916
3.6711114
3.3586973
3.4594442
3.5255253
3.5331524
3.5646131
4.2113094
3.9386275
3.3927880
3.6673851
3.9241298
4.2044204
3.7948178
3.8822843
3.4422485
4.3546888
3.7042453
3.6164587
3.6381399
3.6387842
3.7235687
4.1277214
3.5414108
3.6435160
3.7632534
4.0522619
3.6315473
3.7448158
4.1246001
3.8770540
3.4025474
4.7310815
4.4561120
4.3157914
3.9829512
4.2944316
3.9383805
3.4187459
3.2729189
4.0569118
4.2671862
4.0395265
4.4200910
3.8555268
4.1353751
3.7946989
3.3205563
3.6070702
3.3202077
3.4521111
3.5056925
3.1310881
3.2604919
2.9551314
3.4830986
3.3414200
3.3783028
3.2625281
3.2030766
3.2943243
2.4555906
3.2346588
4.1245818
3.2242219
3.5415354
3.3422942
3.5553367
3.6169973
4.1507810
3.5687013
3.4185587
3.4083496
3.5981485
3.0842787
3.5113256
3.5337496
3.7562279
3.7233110
3.3575921
3.2748609
3.6596179
3.5791816
3.2604035
3.2838515
3.4702765
3.2862536
3.3962195
3.3964490
2.9408326
3.5088555
3.6992794
3.4021145
3.3789217
3.6041594
3.5156826
3.3811130
3.2568802
3.3433609
3.3458485
3.4463066
3.4423424
3.3961359
3.1889341
3.6017762
3.4705003
3.1225041
3.3401245
3.0962606
3.1172812
3.5631688
3.3228112
3.5326200
3.9850978
3.3100559
3.6868265
3.9720045
3.5994799
3.3113915
3.6948529
3.5959894
3.5281945
3.5951965
3.5892844
3.2368785
3.1136855
2.9807875
3.6216877
2.8847165
3.0558615
3.3251606
3.2764429
3.3734757
3.6290627
3.5664786
3.6234805
3.3861117
3.6386072
3.3891958
3.5956016
3.5244639
3.2813257
3.5285024
3.5829159
3.2584463
3.6389942
3.8641465
3.6911404
3.6501883
3.2681526
3.4710290
3.2941194
3.8132792
3.0667561
3.5518575
3.0963328
3.6161545
3.6171379
3.2447980
3.1868739
3.4585159
3.5877058
3.3960620
3.2238438
3.3871694
3.5532537
3.3301401
3.4354711
3.3544518
3.2314855
3.5116111
3.7256671
3.4531674
3.4928385
3.1064749
3.3113175
3.4820667
3.6804917
3.4491266
3.3793928
3.4049563
3.5583309
3.4793501
3.4583857
3.7314744
3.4717407
2.9595491
2.9381787
3.4761516
3.4602950
3.3956075
3.1212941
3.4477350
3.3447001
3.5053724
3.6508459
3.6959850
3.3657656
3.6378223
3.6014997
3.0406267
3.4673932
3.5939525
3.2363080
3.5216521
3.6860320
3.3117497
3.5078718
3.3610041
2.8548602
3.1263131
3.0137901
3.4102541
3.5727412
3.6653328
3.4508151
3.4030777
3.5982409
3.4116704
3.6566101
3.8917396
3.4422715
3.5124870
3.6061010
3.6448695
3.5183344
3.6669284
3.2729778
3.5199405
3.2294578
4.0168361
3.3711581
3.2526543
3.5367842
3.5549890
3.6089074
3.8455697
3.5667019
3.6713560
3.3680283
3.4197811
3.2902301
3.1337237
3.4737222
3.5207286
3.7876623
3.5274414
3.6283904
3.5818127
3.3945610
3.7440895
4.0545740
4.2790769
3.6951643
3.8610334
3.8065954
4.2922071
3.8347950
3.6648383
4.0431176
3.8188746
4.2448206
3.6167178
3.8470334
3.6181866
3.4448959
3.7637131
3.7922313
3.5023205
3.7136324
3.3469397
3.7886616
3.6243830
3.7016955
3.7593254
4.0983188
3.7743492
3.3246623
3.5208113
3.7258142
3.6246560
4.0380499
3.8680526
3.6188777
3.8979139
3.3933160
3.5978801
3.5029850
3.6417979
3.5957781
3.5158499
3.4839447
3.4238531
3.5049099
3.4772566
3.3910215
3.3610316
3.3146206
3.3360157
3.6016281
3.5102686
3.4638508
3.5730695
3.8262117
3.6038031
3.4286815
3.7431832
3.2926999
3.4346395
3.6318327
3.7278808
3.7206684
3.6182708
3.3586275
3.3308111
3.4775410
3.3200017
3.2907301
3.5678292
3.3695958
3.5799404
3.4836615
3.4565078
3.6360706
3.4559361
3.3104040
3.5170788
3.6795024
3.3441795
3.3640550
3.4791222
3.3043621
3.4021987
3.5558175
3.6081182
3.6126122
3.6693998
3.5995044
3.5190702
3.3770124
3.4352586
3.4244128
3.6843579
3.4505093
3.2854612
3.5501759
3.5903550
3.5635985
3.6365348
3.4518939
3.5258716
3.4966995
3.4825082
3.5426610
3.5941896
3.5236392
3.6569301
3.6830052
3.5343252
3.7863591
3.5790565
3.6028450
3.4133965
3.5501926
3.6992030
3.5248238
3.9836422
3.6027923
3.7242258
3.6010826
3.7267677
3.7742368
3.7437106
3.7179657
3.6319160
3.5838430
3.7079716
3.5447069
3.6044616
3.6491093
3.6977436
3.7720735
3.3577714
3.4814909
3.5005560
3.2800145
3.4560557
3.5021884
3.6689067
3.5713545
3.3681739
3.5744661
3.7746743
3.5488212
3.7238801
3.6196115
3.5007487
3.5718443
3.5679748
3.5814083
3.5957109
3.8194320
3.6977307
3.8568529
3.6330542
3.5992972
3.7745122
3.7158754
3.7090854
3.7355840
3.6782598
3.4096701
3.6015596
3.7345552
3.6466102
3.5199267
3.6193596
3.8367479
3.5790083
3.7422198
3.5420538
3.8894271
3.8548517
3.5881471
3.8642945
3.4370176
3.7998853
3.6735973
3.7213017
3.6437826
3.7532518
3.7244315
3.6692281
3.8769113
3.5762537
3.7129892
3.6841693
3.7526566
3.6349728
3.6698658
3.5858919
3.7054752
3.5910142
3.5830031
3.5904509
3.6140905
4.0036048
3.4999513
3.5206433
3.7792801
3.7303116
3.7309525
3.7494226
3.7247709
3.4606227
3.5900539
3.6225364
3.5176918
3.4994255
3.5073935
3.8275155
3.5836133
3.7659974
3.6359386
3.7319407
3.5624104
3.6964431
3.9375778
3.8789349
3.5625883
3.7520192
3.6953434
3.9035271
3.8010010
3.8615781
3.6560988
3.8078915
3.6114943
3.6807861
3.7664233
3.5022966
3.7373102
3.5847919
3.6900065
3.6982487
3.8112164
3.5319564
3.5488011
3.7299953
3.7975084
3.4259545
3.3095739
3.5757287
3.4173166
3.5761481
3.4352760
3.5176289
3.8260561
3.5664641
3.4469679
3.6425408
3.6695890
3.5850760
3.2282003
3.5253608
3.8757727
3.4767039
3.4823685
3.4596957
3.1509956
3.4175824
3.2360187
3.3445073
3.4134926
3.3000101
3.5326687
3.3359072
3.3101980
3.6158997
3.5047412
3.4306145
3.1663122
3.3630256
3.4685906
3.5485147
3.4770168
3.2855830
3.2689319
3.5862023
3.5868694
3.2964693
3.1028979
3.2269342
3.5636470
3.2152140
3.2975236
3.3854053
3.3650942
3.5666590
3.3395230
3.2311580
3.3578895
2.9902700
3.2163796
3.2133111
3.5179789
3.3629582
3.1096576
3.1685785
3.0856564
3.3424378
3.2510289
3.3480538
3.3200021
3.7431604
3.3073378
3.5909784
3.4091256
3.6316166
3.2062273
3.2793145
3.2523120
3.5082803
3.3373104
3.4741006
3.3758218
3.6640945
3.5684972
3.3437584
3.3575747
3.2021404
3.5662135
3.4676392
3.6596105
3.2415301
3.5570063
3.3348660
3.6593450
3.3956866
3.2626100
3.7211893
3.2746613
3.3586088
3.1051266
3.2781144
3.2887888
3.3797759
3.4045631
3.1947871
3.6093202
3.2144835
3.4654289
4.0062473
3.1236644
3.1740548
3.4097159
3.3083787
3.1862965
3.5064893
3.1244399
3.4055010
3.4672977
3.4614272
2.9312040
3.1351231
3.2928079
3.2235999
3.4942112
3.2242700
2.9562674
3.3269713
3.0166359
3.2520367
3.3338983
3.1468361
3.3583227
3.4331073
3.4267670
3.3476367
3.3380307
3.1564110
3.5127227
3.2946147
3.2422264
3.2204265
3.2405459
3.4253904
3.5634357
3.2791117
3.2548493
3.6935071
3.4541409
3.3636875
3.3485937
3.2449211
3.4303898
3.1497632
3.2126909
3.0357413
3.2742297
3.2204117
3.4416449
3.4478105
3.5954177
3.4989263
3.2903032
3.5820481
3.5545682
3.5316892
3.2548711
3.5345089
3.6174823
3.4525686
3.3381413
3.3982758
3.1901502
3.5369277
3.2457512
3.3602434
3.2915581
3.3090610
3.5992245
3.4546654
3.4727790
3.2296148
3.3424202
3.5509914
3.3951948
3.3431019
3.2423535
3.4862117
3.3692688
3.3209932
3.1186362
3.5347678
3.5933842
3.4114266
3.3949915
3.5071951
3.5936384
3.5545267
3.2610993
3.4327640
3.3890594
3.6263503
3.3931372
3.4496003
3.2872042
3.3366226
3.3186580
3.4132993
3.4269477
3.3281023
3.6276224
3.6498366
3.4874888
3.3272220
3.4818861
3.4213427
3.3247821
3.7130968
3.4269334
3.7192911
3.2716884
3.4113609
3.2778794
3.5598710
3.3570127
3.5977596
3.5416672
3.5327980
3.5226906
3.6277920
3.5008384
3.6701980
3.2614888
3.4376199
3.5751490
3.3456516
3.4677092
3.4933849
3.4090277
3.6499055
3.6828375
3.7018286
3.4452360
3.6237734
3.6002007
3.5871496
3.3618898
3.6359809
3.4430679
3.4406812
3.5438686
3.6651690
3.5224713
3.4440421
3.2608811
3.6126759
3.3661014
3.4201324
3.5761542
3.5385705
3.7572330
3.4199056
3.3506282
3.5245268
3.3988155
3.3095203
3.3127064
3.5585501
3.4890676
3.6449629
3.4539255
3.4176184
3.1967355
3.3069271
3.3053553
3.4241673
3.3275019
3.3898081
3.6202267
3.3821954
3.4226722
3.4676589
3.5903105
3.4538411
3.4211012
3.4504221
3.5321368
3.4898962
3.4270876
3.6290797
3.4456019
3.7338973
3.4714958
3.5987659
3.6182270
3.4953397
3.5509619
3.6674450
3.6287143
3.5391536
3.3497636
3.7132130
3.6414297
3.5483798
3.5538941
3.5437755
3.2945418
3.1240939
3.4121451
3.6328933
3.2492580
3.3285397
3.3159438
3.3670300
3.3431770
3.5476792
3.3786663
3.4146887
3.4357139
3.6384108
3.5084102
3.4440829
3.6689487
3.5377430
3.5931480
3.5436826
3.4285819
3.5140596
3.7420806
3.4464098
3.4265928
3.2713794
3.5701409
3.4568201
3.4722939
3.4747204
3.4863176
3.3039983
3.7580406
3.5888438
3.4966881
3.7497482
3.3519669
3.6243561
3.3436447
3.2791880
3.3544117
3.3902187
3.5676373
3.5899763
3.4398843
3.5302496
3.5822089
3.6974512
3.8696403
3.4987076
3.6982822
3.6761985
3.9058135
3.6676586
3.3789111
3.7652544
3.7621514
3.4676747
3.6534718
3.6830653
3.2469051
3.2499069
3.4712624
3.7967700
3.4992862
3.5022201
3.8868198
3.3013649
3.5029291
3.6794096
3.4992773
3.9296630
3.4343505
3.9888470
3.9466697
3.8262929
3.8518982
3.7434688
3.6370340
3.2344310
3.7071089
3.4484712
3.5581893
3.4812984
3.6422124
3.3430531
3.4693856
3.4213297
3.4440639
3.8032943
3.3307892
3.4967302
3.4016706
3.6182217
3.5091540
3.4220781
3.7591412
3.5368507
3.0746540
3.4470454
3.5848897
3.2049701
3.2883442
3.3417586
2.9969932
3.2104059
3.1919372
3.4314492
3.2445760
2.8864753
3.5538375
3.1278925
3.2271659
3.1689285
3.4721395
3.2499397
3.0350659
3.1390323
2.8243797
3.0867244
3.1465198
2.9449702
3.2762313
2.9758666
3.2876089
3.3411274
3.2911831
3.0319826
3.0493495
2.5807985
2.6201500
3.0498407
3.0369255
3.1051041
3.2406157
2.9653364
2.9447954
3.4157725
3.5707302
3.4181833
3.3768462
3.0535401
3.2671091
3.4467271
3.5575309
3.8462755
3.5262514
3.2271886
2.7037066
2.9714505
3.5340896
4.0006459
4.8438003
3.6697320
2.5857480
2.7337473
3.5501216
2.6971418
2.9604020
3.9112912
3.4257962
2.8246883
3.6942560
3.3234747
2.7794857
3.3566837
3.2642150
3.1531867
3.1739165
3.5325959
3.3111844
3.2950669
3.6563028
3.7021806
3.3174877
3.1741410
3.3313215
2.7116716
3.0773307
2.6288489
3.8938231
3.1456206
3.2127850
3.8061512
3.1498907
2.9801802
2.8874113
3.0040387
3.0352710
3.4610241
3.1801124
2.7657715
3.1072493
2.9013851
3.5484672
3.3137309
3.1042007
2.9278532
2.9241420
2.9838764
3.0393890
3.3338515
3.0506431
3.1337952
2.9662929
2.8634348
3.1924655
3.1139043
3.2115892
3.2647524
3.4772427
3.3615690
3.7686514
3.9065265
2.9594699
3.2086660
3.2298212
3.3328012
3.0080336
2.9270334
2.9742331
3.1181704
3.2031418
2.9682896
2.8041448
3.0422951
3.3918703
3.4749684
2.8686471
2.9738474
3.2478805
2.9846906
3.2140075
2.9450963
2.7288869
2.8741207
4.4257178
3.2107832
3.1563441
3.2060768
2.7394106
3.7729223
2.6691570
3.4849774
3.8625070
3.7410454
3.9698947
3.3911614
3.3580804
3.0101647
3.2963882
4.7448779
3.4033135
3.3494690
3.2724185
2.8852480
3.4427089
3.0706962
3.5026057
2.9293267
2.9011073
2.6662838
3.3229033
3.3738001
3.3262114
2.9066006
3.3383240
2.7367132
3.2384459
3.0010042
3.0498225
3.3758191
3.0339196
3.0451006
3.1150673
4.5105711
3.1770772
5.6835720
3.0152440
3.3812572
4.1069205
3.7913583
3.7408249
3.2241926
3.2529223
3.1286282
3.4026632
3.5332704
4.9919850
4.5217129
3.7739164
6.4173293
5.4130380
3.8548833
3.0937257
3.3615191
3.4261861
3.2715844
3.0478203
3.1082744
3.2299434
3.0157078
3.9554159
3.4895857
3.6773133
3.2041149
2.8763740
4.4539882
3.4430013
3.5658188
3.5268036
3.3260685
3.4538559
3.3597756
3.2907393
3.8436455
3.3842019
3.4923090
3.3802275
3.5143517
3.4839692
3.2911623
3.3109076
3.2230475
3.4770216
3.6348902
3.2123230
3.6045790
3.8262009
3.7909023
4.8661803
3.8754299
3.5349725
3.6792693
3.5107649
3.5271889
3.2426612
3.2664717
3.5654411
3.4068551
3.5880935
3.5049619
3.8164217
3.6238402
3.7975629
3.3128639
4.4735629
4.1135278
3.4582713
3.5445166
3.3835175
4.8906279
3.4654577
3.6725023
3.4541333
3.7444187
4.1030080
3.8057545
3.6206085
4.1118833
5.0043588
3.7107602
4.0702558
4.7899953
4.6549191
3.9399776
3.6149601
3.7209802
3.3768027
3.5359479
3.4408018
3.6447117
3.5061157
4.0364378
3.5189793
3.5417517
3.5500056
3.5905793
3.7450322
4.5324998
3.6311049
3.8792305
4.6181339
3.4640624
3.6843632
3.5765415
3.3166207
3.6422961
3.4149410
3.8118476
3.7984631
4.2640323
4.0187458
3.3550246
3.8510770
3.8184356
3.4625887
3.5528278
3.6163180
3.4962794
3.2964368
3.8385889
3.7629145
3.1551968
5.2616243
4.2176298
4.0333576
3.9707434
3.2367044
3.1721541
3.3375196
4.6925893
4.1089572
3.6621278
4.0840114
3.4663767
3.7897456
5.6500145
5.5084274
8.8261718
8.3780623
6.7420938
4.6492814
4.5656803
4.3965962
3.6953539
4.6580616
3.7277356
3.5825362
3.3702475
3.7231751
4.0558383
3.6770226
3.8850606
3.8797790
4.5401824
3.5747159
3.6765430
4.8755009
3.4095532
3.7441420
3.8697845
3.3060444
3.9824286
3.4177027
4.4840256
3.9802581
4.9596198
3.8646069
3.5483651
4.4087734
4.0871512
4.0441328
3.4842053
4.4893999
3.8481847
4.3115970
3.4176763
3.9832417
3.7694925
3.9585987
3.9857376
3.5923324
3.4567513
3.4914225
3.5147343
3.9004759
3.4543758
3.4800352
3.4163398
3.4741788
3.7942562
3.4194627
3.5287120
3.4592348
3.4681209
3.7003803
3.7418686
4.0121876
4.6979688
3.8174917
3.4999470
3.8013378
3.8708415
3.7222186
4.1324067
4.0116048
3.6165973
3.7370425
3.7653895
3.6309375
3.5429162
3.3916816
3.6403515
3.6982408
4.0898858
3.9318716
3.9675024
4.0237411
3.9315641
3.9963312
4.3325292
3.5323129
3.8618341
4.0777727
3.9682577
3.8004365
4.0879624
3.9893836
3.7290350
4.2342755
4.0920049
3.8364923
3.7219185
3.8286971
4.0536606
3.7401407
3.7692325
3.5667136
3.7541389
3.7680151
3.8634713
3.9944876
3.5380317
3.9394555
3.9809903
3.6166468
3.9810143
4.2088035
4.1266898
3.9304422
3.6877740
3.7779559
3.9133303
3.8671663
3.7401989
3.6160815
3.9239656
3.9521342
3.7952975
3.9753947
3.8652235
3.6224223
4.0568729
3.7359257
3.9592212
3.9442546
3.6979777
3.8260448
3.6610858
3.9164194
3.7994758
3.8864507
3.8763404
3.8137866
4.0133180
4.0028218
3.7466555
3.7331271
3.9622175
3.8058284
3.8971313
3.9618842
3.9080152
4.0630362
3.8728465
3.9475168
3.8187224
4.3251825
3.9545951
4.0366550
3.9004005
4.0085265
4.2816501
3.9759017
3.9978120
3.8580767
3.9434432
4.1362528
4.2485586
4.0752526
3.7952260
4.1666123
3.9686067
4.1725973
3.8837553
4.0004165
4.0455410
4.1103592
4.0847143
4.0188742
3.9327703
4.0411968
4.0737962
3.9063972
3.9544254
3.8801248
4.0476077
3.9094105
4.0124314
4.0597999
3.9302737
4.1277883
3.9012646
4.1113510
4.1319784
4.1334960
3.8772898
4.0385225
3.9999398
4.1400596
4.2449152
3.8978332
4.0744220
4.0311700
3.9791879
4.2338973
3.8715068
4.0347557
4.0947453
4.2068037
4.3087447
4.0478876
4.3943503
4.4363036
4.2107781
4.3000614
4.1155322
4.0902695
4.1210434
4.0576479
3.9752417
4.2120915
4.1361324
4.1340357
4.4287970
4.3619803
4.0799213
4.1388377
4.2048757
4.1076576
4.2705266
4.3294244
4.1970954
4.1601335
4.1209517
4.4701467
4.1144246
4.5163294
4.2237999
4.3602519
4.4089114
4.5577055
4.4602776
4.1921694
4.4227294
4.6017277
4.2861004
4.3981493
4.0816250
4.2164196
4.4148124
4.2642250
4.5551207
4.2559655
4.5367885
4.0084789
4.0735183
4.1710624
4.2788583
4.3632951
4.0970944
4.1935471
4.2085787
4.3685604
4.4386871
4.4179695
4.0070355
4.1902970
4.1367234
4.0608298
3.8701976
4.3723226
4.2401632
3.9766232
4.3673963
4.0720089
4.2720075
4.4034541
4.3046832
4.1873047
4.1911307
4.3406297
4.4373826
4.4455103
4.1588724
4.7987784
4.1255659
4.3348128
4.4010739
4.0642915
4.1053695
4.2337045
4.7386845
4.0161787
4.0110753
4.4177878
4.2353401
4.4879043
4.1657349
4.2684635
4.3766959
4.2035345
4.1249937
4.0678439
4.1354206
4.2398247
4.2260296
4.3096553
4.2437807
4.2592629
4.1236386
4.2807917
4.2067884
4.1919046
4.1525331
4.4114674
4.1645909
4.1896865
4.2357594
3.9863338
4.0064750
4.0827354
4.1591992
4.2720798
4.0957857
4.3900401
4.5391701
4.1473266
4.2804727
4.2515426
4.4313073
4.2942252
4.4831901
4.2656936
4.5179513
4.4330766
4.3638991
4.2995689
4.5003277
4.4409484
4.6243739
4.4930980
4.6423533
4.3700737
4.6260596
4.4661595
4.6209664
4.5827606
4.6215377
4.6287569
4.4976527
4.4925928
4.7613098
4.6864780
4.3748723
4.4970600
4.7213690
4.6149519
4.6137033
4.6182163
4.5937734
4.4747162
4.6082914
4.4897956
4.6032926
4.5242689
4.6982455
4.6173255
4.4229852
4.5723580
4.6511191
4.7134975
4.6730008
4.8233026
4.4947135
4.5732638
4.5212649
4.6185626
4.6073405
4.7619320
4.5060536
4.7364002
4.5247543
4.3775224
4.5319684
4.6372131
4.4173535
4.4978809
4.5616864
4.4539251
4.4626742
4.4985373
4.4480668
4.3163679
4.3752624
4.4319490
4.4564540
4.5054196
4.4432823
4.4482471
4.7202926
4.5766964
4.5128903
4.5614786
4.6210889
4.9132218
4.8253086
4.7393157
4.5263510
4.6269859
4.6226946
4.6006806
4.7418288
4.7973467
4.4202794
4.6020394
4.4732093
4.5405376
4.3674264
4.4930648
4.6218764
4.5728291
4.5733330
4.5850499
4.2455715
4.6788873
4.6296167
4.8902078
4.4552915
5.0725915
4.4328315
5.1090254
4.7236454
4.6980944
4.9353108
4.5879563
4.4335489
4.6495782
4.8285113
4.5840395
4.6749945
4.5722560
4.3496522
4.5442058
4.2695481
4.4936094
4.2260997
4.1487293
4.8003665
4.6095279
4.4762587
4.3862184
4.2542131
4.4473367
4.2636646
4.5893254
4.4866390
4.2533397
4.7001492
4.3087109
4.1651324
4.5385318
4.1597746
4.2401178
4.3191424
4.0008723
4.2712159
4.3360780
4.5594258
4.2879402
4.3089216
4.3419974
4.8574284
4.2388595
4.3716030
4.5972136
4.3282016
4.2008849
4.4345011
4.1475614
4.2561760
4.3848273
4.0706609
4.5061777
3.9764862
4.0540620
4.0121646
4.1999073
4.0596390
4.4418610
4.5489737
4.4260903
4.3133455
4.3141324
4.2928390
4.5080628
4.6192688
4.1617480
4.4740702
4.5004455
4.4952602
4.5138194
4.4223987
4.4161632
4.5686254
4.2389856
4.1150961
4.2639556
4.5335911
4.6809926
4.2305969
4.7280232
4.4376202
4.8570866
4.5218134
3.9634766
4.3828519
4.5272551
4.1705189
4.6132356
4.4371281
4.7588981
4.4459061
4.2518629
4.5750504
4.5416435
4.7048839
4.7833908
4.9170797
4.8657569
4.9461829
4.5617433
4.1156940
4.9843191
4.6127319
4.6824713
4.5086306
4.7626046
4.7827165
4.8340265
4.2295328
4.5001623
4.3115293
4.2938782
4.6174145
4.5722235
4.6544654
4.4532518
4.4787509
4.5422558
4.2906771
4.4505228
4.4751486
4.0091067
4.6692447
4.8191269
4.3225318
4.0927454
4.3161698
4.2033074
4.4097782
4.3433970
4.5100310
4.4013577
4.1180146
4.3263189
4.0515398
4.0315746
4.0686769
3.9747366
3.9276391
3.8632948
4.6098783
4.4508481
4.4726867
3.9865388
4.4271264
4.2297539
4.3791145
4.6232013
4.3046342
4.3139972
4.2401855
4.0573319
4.0553067
4.1641163
4.2693467
4.1861141
3.9608100
4.1647759
4.1320792
4.0055589
4.3096857
4.1989601
4.2969633
4.1828280
4.0015021
4.5161299
4.2649562
4.3712898
4.2038759
4.1911775
4.1449968
4.1567015
4.5263153
4.2652866
4.3258588
4.3501618
4.1808331
4.2871297
4.0253636
4.3804921
4.5211028
4.1573734
4.1743820
4.6892514
3.8730226
4.2218896
4.6230637
4.4660831
4.6584168
4.0282490
4.0277629
4.4806960
4.1443554
4.1438773
4.1441644
4.4128713
4.1268781
4.2135662
4.2043445
4.2849776
4.3519962
4.3302131
4.5644505
4.2425652
4.3640373
4.6064167
4.2430214
4.5566501
4.6465294
4.1212620
4.0600593
4.0346201
4.3297342
4.3284187
3.8994899
3.9424241
4.0658254
3.9942427
4.1047949
4.1045671
4.2565777
4.1888375
4.3280480
3.9414204
3.8827868
4.1407134
4.0754348
3.5428616
4.4031699
4.3775100
4.2610116
4.5856273
4.4259572
4.3064356
3.9074052
4.0591165
4.1593446
3.8999684
3.9396301
4.0630056
4.0984761
4.1808885
3.8385494
3.7913360
3.8836023
4.4017676
4.4578942
3.9079882
4.1701183
4.2527059
4.1691493
4.1892078
3.9926271
4.0498319
3.9563654
4.2069308
3.6363359
4.4586982
4.1634520
4.9350533
4.2957663
3.9230144
4.2132012
3.8960467
4.1287644
3.9246233
3.8626022
4.2687043
4.2456642
4.2880365
4.1870008
4.6113722
4.4873719
4.1429706
4.5223540
4.2203803
3.8521028
3.9758648
4.3139581
3.6664620
3.8869754
4.1351660
4.2768251
4.4755273
4.1959776
4.2461708
3.9691970
3.9007426
4.0974053
3.7594488
4.5390423
3.5865798
3.9338437
3.9971358
3.9505250
3.7355962
4.3057789
4.4635671
3.7484150
3.4060037
3.6462446
3.6737810
3.8839173
3.7597980
4.0720241
3.7465433
3.6527456
3.6426539
4.1223091
3.7453546
4.0934968
3.7211916
3.8002503
3.8425937
3.9364594
3.8892858
3.5972342
3.7603053
3.8131825
3.8016149
3.8939023
4.0357733
3.9299816
4.1185284
3.8239311
3.8499449
4.0236500
3.7873784
3.7546567
3.8536157
4.1936628
3.6562340
3.6917905
3.9853425
3.4990064
3.7012111
4.1135130
3.8138111
4.4100672
4.0683848
4.1556389
4.4456054
4.2662793
4.0066679
4.3425929
4.0390266
4.1934180
3.8112564
3.7299084
4.2762394
3.8165204
4.2460303
3.9799784
4.2166472
4.1504002
3.9683566
3.8527674
4.0920748
4.1173657
4.2169027
3.9081349
3.8169088
4.1907619
3.9846961
4.0463379
3.3453431
3.7052047
3.6716821
3.8146245
3.4328070
3.5523601
3.5153828
3.7231057
3.9775288
3.7879633
3.6484440
3.6233041
3.5237650
3.4954959
3.5475760
3.6964256
3.9126881
3.8809906
4.4197242
3.8096147
3.9116723
3.7504716
3.5855194
3.9118379
3.6202219
3.9429066
3.8822339
3.8554541
4.0156680
3.8329828
3.9816335
3.4013854
3.4733390
3.2489283
3.7595594
3.4740768
3.7659408
3.5165462
3.8753317
3.5360989
3.5856281
3.4502520
3.6321990
3.6132834
3.8985076
3.5762553
3.5141919
3.3340722
3.4419222
3.3014342
3.4836799
3.6976180
3.5391430
3.8675826
3.6567165
3.6547027
3.6597594
3.4861837
3.6080287
3.4976481
3.6472106
3.5086059
3.5826578
3.5641584
3.5541104
3.8696730
3.5038635
3.4003505
3.8327267
3.7692069
3.5493429
3.3178079
3.5146402
3.3839400
3.6065694
3.4149142
3.5858090
3.5268088
3.6280323
3.4778426
3.5305872
3.7131262
3.3829896
3.1074382
3.3565851
3.7545139
3.2418818
3.5279235
3.3537726
3.6809147
3.5186325
3.5599384
3.6620153
3.2572521
3.4648903
3.4358182
3.4002387
3.6007309
3.3177040
3.3833969
3.5368507
3.4420205
3.5710040
3.4015035
3.5454411
3.5529852
3.3926000
3.6461742
3.5761147
3.5274857
3.2501049
3.3179479
3.2800119
3.2983307
3.3888813
3.5944151
3.5195629
3.8970917
3.5224499
3.6360789
3.8995386
3.5509078
3.3970485
3.5550319
3.3909484
3.3103932
4.0526929
3.5335673
3.3572062
3.4130312
3.5263588
3.2957459
3.4994666
3.5518872
3.5203085
3.5616798
3.3478124
3.4175553
3.7454086
3.5616880
3.3121973
3.4801781
3.3722147
3.3901136
3.4225252
3.2724250
3.3084183
3.3988635
3.4901686
3.5243011
3.5054496
3.4036910
3.4421640
3.5364297
4.1373095
3.7061649
3.3011646
3.5529152
3.9443954
3.3756125
3.5653791
3.5747651
3.9468508
3.5400088
3.6203616
3.8564470
3.2899555
3.5427263
3.3510684
3.8392493
3.2977986
3.3431386
3.5239090
3.4824753
3.6652857
3.4814245
3.8256957
3.6550525
3.6105874
3.5013586
3.2722030
3.4695453
3.3325164
3.4192450
3.4140612
3.6961518
3.5605141
3.7004337
3.2476655
3.1503707
3.5580164
3.5882987
3.5559852
3.2293809
3.8305250
3.7823901
3.3640193
3.5775756
4.0179741
3.9883366
3.6232044
3.2811069
3.4952233
3.3219380
3.6154001
3.7728061
3.7920553
3.4223324
3.3729546
3.9063020
3.6427654
3.3893820
3.6062780
3.5214765
3.3870633
3.3556529
3.5838620
3.4964912
3.6845683
3.9225839
3.4938774
4.0159022
3.6464986
3.6791656
3.6781382
3.5463315
3.7677620
3.4456005
4.1371240
3.9806474
3.4154609
3.5839796
3.7366159
3.6010811
3.6431840
3.6071880
3.6946047
4.0697573
3.7223936
3.6698825
3.7400246
3.6658973
3.5664274
3.7652408
3.9115349
3.9682731
3.6165595
3.8160509
3.8839441
3.7618598
3.5946752
3.9844716
3.8840527
3.9407340
3.6389305
3.5472377
3.6660211
3.6665870
3.8856677
3.4850191
3.7709375
3.7729916
3.6630709
3.7597575
3.8739755
3.7357440
3.5835702
3.8092056
3.9927630
3.9354660
3.8613663
3.8885808
3.7580654
4.0958604
3.7159029
3.6938479
4.1466526
4.1228848
3.9044706
3.8250482
3.9510451
3.8358108
3.6789814
3.4745688
3.6526233
3.3662142
4.2744366
3.6690161
3.7022242
3.6322054
3.7951787
3.5912344
3.7116885
3.5940755
3.8114306
3.5230006
3.8951691
3.7178637
3.4516935
3.7572871
3.7734080
4.0490060
3.9420573
3.8019211
3.8873395
3.7275689
3.6716363
3.7691472
3.6697315
3.6931785
3.8544859
3.9578139
3.9270483
3.6777514
3.9622515
3.6332991
3.7732861
3.6600494
3.4212682
3.8126568
4.0772681
4.2961720
4.1695877
4.0078836
3.6983710
4.1627518
4.2280743
4.2165079
3.6212736
3.9759783
3.8150423
3.9139806
3.8455712
4.3720386
3.6138088
4.0153001
3.6602039
3.9796729
3.9865429
4.0191458
4.1853265
3.8021188
4.2362522
3.7951056
4.1244546
4.0048572
4.1479901
4.1890943
4.0654782
3.7321023
3.8797187
4.1290054
4.0602277
4.1527916
4.1207066
4.2134969
4.1276520
3.7986102
4.3432065
4.3245330
3.6558652
3.9111179
4.1546161
4.2990315
3.8702534
3.8384016
4.3507602
4.4534126
4.7082066
3.8883140
4.2731211
4.6911230
4.2041501
4.0525619
4.3314566
3.7341007
4.0541487
3.9165676
4.1665107
4.1001685
3.6654904
3.9415233
3.8630847
3.9242330
3.7809669
3.8405033
4.3496948
4.0392101
4.1234644
3.5663434
3.8732342
3.8717656
4.0944811
3.7033508
3.9518264
4.1426745
4.0619028
4.1167645
3.9393985
3.7757129
3.6507044
4.0957802
3.3953966
3.4441882
3.6831372
3.7262215
3.6106092
4.1446551
3.6252471
3.6943096
3.8039140
3.6761232
3.6003671
3.3140758
3.8690817
3.9496606
3.5216378
3.5101503
3.4083693
3.3571674
3.7033422
3.5540736
3.9855685
3.3982501
3.8089511
3.6498760
3.7357490
3.9372685
3.5392993
3.4910520
3.4200504
3.1402192
3.4596638
3.2798583
3.1357016
4.1695629
3.1536253
3.4302816
4.0517033
3.6905948
3.1763838
3.6600631
3.4038066
3.2712425
3.4667712
3.5459082
3.1351082
3.3597673
3.6035002
3.8730401
3.6736148
3.9775599
4.1765903
4.1659111
3.6410173
4.0435420
3.5915123
3.4820792
3.7875114
3.1902083
4.0277845
3.7137861
4.0172481
4.0592285
3.8480360
3.5544129
3.4024127
3.3411637
3.4337470
3.8890230
3.2292600
3.0406830
3.1370991
3.6464283
3.0022535
3.0481214
3.4350893
3.2203622
3.4953163
3.4453022
2.9472789
2.9284213
3.2459549
3.1586380
3.0635398
3.7642090
2.9721508
3.7776126
3.1650741
3.5571412
3.3204656
3.8110660
3.6078279
3.4983363
3.4843053
3.5211142
3.5817899
3.7391325
3.5439651
3.3903638
3.9653858
3.2632129
3.5150912
3.6400450
3.2070734
3.6227092
4.0599538
3.2918157
3.6891107
3.2093499
3.7894269
4.2438187
3.9363031
3.6816285
3.4404764
3.9288132
3.2524563
3.7538427
3.6054382
3.4431825
3.1698325
3.8503455
4.1229403
3.9936692
3.8637295
3.5141939
3.2652193
3.5137513
3.3004340
3.4224878
3.4869191
2.9698224
3.1195163
3.1085832
2.9996303
2.9981464
2.8838071
2.7845452
3.1093552
3.1359026
2.9100554
3.0395793
2.8991363
2.8430050
3.0971553
3.1898784
3.1893149
3.0983872
3.0981116
2.6989938
2.7924325
2.9743837
3.2444188
3.0518850
2.7956653
3.3123585
3.2171723
3.1212264
3.1132440
3.2229868
3.1747708
3.9005087
3.4561439
3.3991858
3.3518028
3.3632165
3.0038427
3.7644803
3.2399021
3.0393440
3.6295256
3.3326464
3.6926922
3.6019732
3.5742356
3.2897830
3.0473927
2.9262635
3.1458901
2.8177364
3.4174954
3.4521848
3.1590170
3.5307664
3.1478743
3.5418683
3.0006642
3.1495877
3.5328942
3.7578799
3.0604180
2.9711667
3.0619182
3.3502497
3.3434507
3.4869608
3.1760922
2.9123836
3.2002632
2.9837838
3.1608195
2.8249818
3.2997126
2.7455307
3.0080554
2.8074880
3.1898885
3.3886709
2.8401524
3.1750345
3.1383730
2.9335528
3.2742545
2.9041919
2.8430342
3.1999053
3.2977959
3.3912818
3.4267329
3.1245862
3.2716131
3.0498143
3.1288159
3.2046954
3.4636700
3.1447035
3.1564836
3.2198550
3.5952906
3.6160180
3.5356290
3.1415572
3.3454511
3.2558656
3.6105800
3.1905957
3.0922260
3.0237178
3.0209885
3.2133979
3.1325774
2.8687731
3.0401895
3.2587947
2.9498027
3.2190949
3.1129580
2.8725118
2.8724713
3.1014211
2.9163410
2.9960324
3.0525019
2.9410120
2.6509856
3.0230200
2.8625488
3.0757360
2.9945078
2.4871056
2.9091557
2.8191631
2.8709735
2.7189658
3.0553503
2.7899347
2.9872247
2.5340645
2.7027700
2.7795596
2.9459346
2.6739755
2.6537224
3.0897380
2.7674558
2.9158434
2.7014013
2.8944024
3.1080384
2.8049025
2.4278004
2.7074568
2.6174970
2.5764977
2.5441120
2.6614506
2.7334291
3.1518727
2.7940593
2.5157347
2.7286604
2.6765889
2.7016803
2.6857299
2.4696412
2.8791202
2.6557759
2.4972907
2.7003558
2.5623568
2.7518820
2.5928652
2.7125593
2.5545014
2.7130016
2.5930125
2.8576136
2.8597632
2.5909811
3.1838357
2.8745607
3.0425901
3.1222182
2.7001087
3.0723440
3.1008500
3.4930612
2.9692503
2.9580719
2.9745751
2.8829473
2.8867427
2.6744301
3.1159912
2.8367613
2.7237693
2.6492758
2.9080900
2.9997205
3.0780702
2.9124842
3.0126395
2.7059580
2.6006686
2.6685043
2.9162767
2.4155614
2.5048861
2.3958209
2.4862790
2.8705256
3.0517687
2.6553122
2.7107214
2.3077319
2.3452825
2.5445543
3.0386081
2.6127749
3.0713999
2.8847552
3.2637127
2.8567405
2.7559153
2.7651859
2.8771963
3.0773784
3.0499208
3.4054344
2.9200274
3.3389877
3.7343541
3.2287044
3.5741029
3.5676866
3.3928629
2.8705706
2.4197582
2.7159045
2.6939835
2.9538607
2.8201702
3.8187794
3.0758428
2.6058566
3.3729314
3.1871995
3.5325599
3.6560851
3.2728334
3.5622227
2.9015019
2.4700908
2.3965543
2.6709834
3.2976502
2.8796927
2.7365495
2.8903972
2.8390854
2.9561193
2.7034157
2.9015816
2.6528873
2.5780452
2.8431882
2.9108526
2.3875088
3.5540977
2.9765688
2.9710368
2.8029880
2.6833237
2.8183677
2.7267063
2.5586242
3.0501783
2.5547325
2.8974017
3.1488018
2.3847493
2.8717352
2.4530742
2.9598950
2.7041262
2.8077104
2.4802515
2.9154639
2.5248456
2.3517533
2.6162251
2.2777799
2.7401280
2.3378594
2.2287926
2.4580312
2.5202661
2.4061686
2.2923212
2.4172852
2.4114336
2.3556939
2.4495268
2.3471880
2.4218975
2.5211164
2.9136862
2.7264529
2.1429036
2.4209454
2.4602456
2.4028884
2.4456294
2.2713133
2.4156664
2.2846045
2.4156555
2.3840266
2.1422901
3.0188729
2.4678576
2.4536908
2.2250070
2.2034935
2.4092509
2.6430429
2.8831578
2.1557514
2.5464176
2.3646042
2.5296292
2.2700091
2.5616983
2.5793554
2.9851068
2.6719239
2.6233144
3.1793568
2.7381309
2.7513693
3.0285098
2.7610819
2.8239685
3.0391794
3.1605154
3.0138188
2.8438913
2.6385136
3.3530766
2.8520100
2.6222057
2.9068245
2.6807327
2.7410813
2.3906283
2.7626560
2.8901285
3.0981979
2.4766142
2.6393424
2.8046394
3.0040623
2.6560512
2.9514892
2.9911697
2.8409199
3.0607422
2.5498658
2.9902753
2.9975339
3.2026878
2.8873694
2.6760331
2.6566982
2.8063092
2.8515731
2.8703223
2.6318944
2.8023976
2.8284408
2.7231537
3.2190947
2.5526872
3.0279049
2.6110064
2.8741857
2.8398309
2.7528682
3.1601146
2.9311385
2.9178729
2.7015749
2.5185547
2.7974891
2.4330995
3.5070391
2.9022527
2.5786832
2.5614541
2.8145996
3.1105787
2.8707133
2.5598311
2.9157648
3.2242865
2.6630420
2.8121978
2.7631574
2.9993147
3.5783451
3.0093294
2.8812714
2.7280249
2.7976646
2.8499636
3.3769825
3.6568142
2.6273923
3.9897248
3.1207456
2.7498495
3.1331145
3.1415078
2.4872401
3.3527764
2.4674656
2.3325053
3.2062315
2.9066529
2.5086676
2.6645007
2.6427555
2.7425475
2.4946852
3.4565028
2.5500251
2.5471406
2.1045319
3.1057102
2.8806143
2.1565105
2.3085293
4.1749256
2.7154411
3.1542710
3.3670465
3.0949388
2.6236156
3.5491567
4.2554896
3.3327703
3.3758013
3.8040755
4.7614614
5.1738871
4.3923353
2.9188392
3.0787460
2.9413285
2.3477879
2.7130798
2.8097532
2.8302150
3.1169680
2.5380681
2.6707148
4.1466457
3.0111880
2.7123219
3.2207355
2.5689631
2.6122896
2.1660821
2.5124566
2.5774341
2.7161001
2.4692916
2.5350662
2.7642227
3.0518565
2.6501743
2.7885129
2.6697284
2.7502903
3.0877025
2.9206485
2.6006876
2.7728729
2.7713158
2.9287453
3.0642451
2.4081005
2.9483577
3.1507820
2.8693762
2.6743872
2.7556620
3.1254606
2.8761332
2.8533588
2.8245692
3.0836888
3.0159440
2.6546732
2.6375257
2.7803009
2.5563079
2.2868647
2.9240324
2.9770440
2.6847241
2.8213173
2.8081997
2.7454660
2.7300992
2.6105087
2.2827670
2.7965438
3.0261479
2.8331336
2.9844759
3.2614096
2.7495612
3.0912279
2.9688176
2.8572162
3.0354631
3.1069011
3.2957814
3.0389673
2.9040314
3.2203148
3.3029345
2.7913365
2.7366549
2.9657005
3.1105377
2.9129943
2.8842610
3.0346578
3.2197289
3.2671098
3.3256027
2.7519696
3.1122727
3.2324421
3.1063077
2.8150109
3.2311302
3.0112974
3.3959693
3.0426853
2.9325131
3.2112404
3.3555815
3.1503448
2.9568524
3.2309350
2.6659393
3.0395816
3.2261282
3.1538237
2.7313163
2.9659412
2.9223008
3.1298574
3.0867831
3.1530413
2.6786045
2.6513662
3.1872035
3.3607762
2.9036594
3.0209049
2.7368229
3.1386458
2.7013188
3.0521890
2.7477147
2.6599916
2.7638150
2.8545233
2.7502700
3.0139988
3.0193260
2.9626577
2.5582432
2.7956100
2.7510102
2.9113763
2.9174453
2.8044705
2.7301154
2.6923025
2.5903880
2.5269937
2.5936385
2.6435858
2.7009247
2.5131073
2.3933138
2.6225575
2.3992484
2.5768884
2.5916829
2.5137203
2.4839814
2.4716888
2.5424616
2.3980778
2.6274202
2.4042634
2.6021682
2.8076824
2.8948769
2.7222457
2.5825979
2.4516374
2.6276477
2.6951882
2.5987413
2.4530217
2.2171365
2.4013914
2.5134708
2.4435908
2.3844651
2.3240084
2.5165156
2.2984459
2.2290563
2.2784303
2.3577610
2.6658092
1.9674158
2.4127195
2.6551811
2.3275701
2.5817846
2.7832401
2.1667088
2.2095043
2.3017803
2.3357777
2.4814686
2.5810910
2.3651992
2.5746173
2.6478804
2.4522251
2.4678454
2.5474906
2.3602716
2.0499963
2.2624603
2.2738899
2.4771777
2.2791978
2.3119040
2.2406340
2.3651582
2.3202045
2.0862587
2.0023260
2.2708996
2.1875909
2.3424994
1.7658942
2.0456911
2.0444613
1.8841663
1.9700217
1.9102777
1.9410481
2.2970671
1.8457093
1.9319265
1.8363800
1.8728617
2.4708306
2.2112265
1.9848959
2.3491555
2.2506451
2.4881769
2.2834904
2.1299289
2.4065909
2.2187152
2.4252141
2.1659578
1.9890991
2.1608418
2.2392189
2.2831542
2.2688273
1.9869393
2.2445384
2.1892308
1.9383482
2.1282085
1.8130949
1.7098240
2.1799307
2.0651626
1.8370108
2.3713820
2.2739156
1.7813667
2.2278742
2.3957722
1.8313475
1.9073809
2.2187512
1.7769978
2.0418320
2.3685839
2.0580358
2.1785796
2.2862514
2.1985383
2.5960455
2.2370374
1.8997937
2.0372417
1.9457024
2.4417161
2.1791610
1.9334320
2.2129676
2.0046352
2.1184562
2.4335509
1.8090466
2.1194229
2.0632286
1.9184477
2.2430086
2.0242420
2.1416846
2.0500978
1.9559291
2.1316395
2.1916155
2.4858670
2.0330376
2.2897915
2.2448453
2.0721274
2.0830385
2.2459133
2.0211581
2.4202491
2.3871895
2.2425900
2.3010622
2.3670945
2.3963615
2.1709641
2.4873865
2.7327919
2.5205284
2.0944452
2.5550893
2.7435246
2.7638373
2.5598530
2.5697454
2.4620338
2.3847308
2.5614750
2.5282391
2.5438267
2.4512407
2.4332468
2.4450617
2.4883679
2.2603811
2.0877730
2.3567756
2.3991831
2.4219364
2.3761023
2.2855185
2.2156089
2.2965627
2.2616329
2.1405595
1.9955909
2.1006383
2.2151049
2.2266201
2.0507122
1.9706312
2.1776996
2.0100567
2.0448339
1.8820153
1.7009803
1.6869913
1.7062230
1.5453694
1.6065946
1.3017544
1.3905850
1.3148651
1.4533272
1.4831085
1.5473808
1.5958055
1.5478149
1.4693945
1.4779248
1.2897143
1.4461145
1.3980523
1.3768769
1.6271344
1.3480630
1.5041082
1.4588680
1.3645232
1.4679827
1.4716541
1.3737430
1.4213428
1.4052535
1.3592398
1.1822640
1.2474293
1.2904892
1.2681318
1.4809325
1.5447584
1.4889106
1.3744878
1.2322755
1.2664438
1.3076710
1.1300059
1.4288832
1.4936067
1.4269994
1.2028196
1.3495555
1.4363659
1.4444055
2.0331651
2.0753240
1.9562366
2.1312735
2.1347754
2.4109283
1.9029682
2.1022328
2.1208802
2.0615964
1.9908914
1.8964343
1.9513150
1.8289607
1.9697125
1.8604294
1.9963343
1.8983547
1.9506539
1.9922963
2.0744399
2.0815200
2.0470293
1.8951738
1.8316095
1.9075556
1.7387098
1.9370160
1.8214484
1.9226505
1.9490856
1.9210673
1.8887263
1.9552164
1.8291791
1.9659188
1.8003229
1.7654026
1.9812094
2.0946380
2.0850861
1.7085031
1.7729926
1.7586508
1.9446459
2.0506341
1.6178384
1.9064757
1.8383188
1.9138405
1.8047409
1.9598283
2.1027291
1.9392759
1.9701467
2.0719078
1.8779812
2.1917305
1.5877015
2.1313258
1.9127238
1.7797056
2.1356759
2.1738065
2.1189001
1.9890843
1.7585616
2.1751152
2.0566202
2.3461285
1.9016779
1.9791982
2.0205818
1.7669072
1.9192625
1.9118260
1.9255389
1.7069396
2.0172919
1.8186135
2.0050801
1.9610922
2.0099684
1.8160435
1.9218492
1.9153794
1.8230884
2.0550075
2.0770532
1.9570202
2.1300135
2.0503303
1.9900161
1.9545529
1.9764055
1.8862756
1.7029423
1.8687757
1.9296283
1.9351126
1.9931683
2.0000387
1.9068181
1.7766553
1.7397601
1.8178797
1.7922508
1.8028824
1.8348940
1.7122545
1.9332785
2.0784728
1.8670665
1.6606724
2.0832011
1.8733468
2.0344473
1.8300798
1.9429893
2.0162479
1.7749373
1.8309752
2.1159137
2.0288800
1.8361365
2.0905187
2.1405028
1.9968459
2.1530851
1.9678094
1.9414706
1.9450796
1.9997362
1.9836269
1.8651818
1.7510364
1.9171248
1.8906830
1.6921721
1.8780987
1.9088069
1.7733443
1.7776311
1.8975727
1.8281105
1.8945955
1.9803874
1.7380047
2.0247158
1.6729143
1.8901777
1.7189166
1.9379187
1.9076047
1.7909511
2.0115866
1.9534036
1.6760518
1.8991139
1.6879531
1.9633723
1.9550681
1.9738913
1.9778435
1.8278409
2.0688140
1.8784723
1.9634318
1.5568883
1.8442315
1.7734697
1.8426353
1.5525514
2.0119221
1.8014476
1.6869469
1.8048180
1.6903457
1.8689012
1.9869123
2.0118279
2.1025648
1.9984682
1.7485843
2.1656350
1.8430986
2.1325523
1.7612933
1.9933477
2.0749826
2.0691718
2.1074440
1.8151514
1.8543345
1.8901350
2.0395831
1.7172347
1.9582998
1.8489329
1.9278831
2.0528988
1.7107650
1.8387371
1.7434244
2.0029859
1.9279072
1.9256907
1.9374711
1.9755788
1.8979094
1.7954323
1.8270098
2.0359124
2.0176804
1.7977229
1.3546030
1.7988608
1.8050677
2.1060444
2.0276522
2.1732211
2.3660585
2.1163008
2.1812383
2.2440394
2.2298286
2.1743222
2.0210412
2.5481068
2.1767689
2.1758322
2.3010056
1.8733142
2.2024732
2.0617175
2.2543938
2.2900130
2.3594778
2.1086991
2.2025407
2.0937457
2.2026713
2.2360971
2.1002896
2.2387523
2.2169389
2.3461889
2.2529706
2.2555110
2.2244456
2.3636369
2.4075589
2.2392259
2.4016406
2.1445527
2.1818972
2.1512765
2.5504066
1.9985813
2.2091423
2.4652786
2.2602629
2.0297322
2.8071239
2.1754056
2.2204743
2.2898584
2.5368401
2.1754685
2.1644415
2.0621234
2.3586308
2.3300210
2.4372911
2.1477064
2.2223235
2.1283300
2.1352335
1.9519612
2.3420715
2.2614745
2.3994568
2.2495736
2.3838703
2.1618133
2.4941382
2.0193179
2.1907372
2.1416519
2.1514354
2.2213500
2.2282089
1.9216787
1.9850374
2.1288304
2.3109322
2.0146171
2.1743789
2.1678957
2.1452484
2.3024769
2.4357499
2.3669588
2.4872496
2.1710267
2.2935467
2.4025056
1.9908242
2.3630709
2.4152997
2.2032366
2.2784123
2.3801865
2.0847050
2.2383817
2.4260194
2.0333792
2.2686540
2.1573624
2.2773792
2.3867367
1.9960916
2.0483024
2.2982467
2.1494514
2.2147516
2.0973150
2.2675438
2.5267883
2.2276474
2.3806757
2.3329792
2.2682979
2.2012418
2.1565719
2.3141874
2.7274388
2.2384408
2.6057313
2.2241260
2.6290547
2.1936669
2.1231660
2.5321819
2.4929300
2.1880836
2.4108064
2.2412910
2.2588439
2.6242968
2.3319905
2.5698089
2.4443756
2.3290852
2.3813541
2.7122704
2.3320251
2.4737220
2.3246836
2.5656025
2.3003120
2.3465718
2.1020804
2.4959462
2.3288581
2.3548856
2.2052125
2.4923720
2.4026085
1.9870865
2.3150287
2.2228635
2.2280481
2.3026152
2.4522974
2.7534050
2.4476332
2.2372660
2.3725119
2.3039660
2.4476656
2.3175274
2.3062925
2.1677824
2.3711825
2.3532438
2.3396269
2.1699568
2.2944205
2.3885926
2.3542271
2.4681451
2.2650261
2.3086302
2.2628723
2.4027935
2.5467144
2.4041139
2.3791212
2.4201187
2.1793063
1.9546185
2.2809103
2.3075019
2.4053131
2.1877491
2.4706740
2.1926914
2.3205514
2.0941366
2.5144547
2.5803850
2.6235022
2.3089900
2.1517437
2.3247051
2.3354918
2.2195871
2.2866799
2.2752573
2.2165402
2.0712262
2.1159977
2.1534420
2.4211445
2.2083204
2.4137613
2.1483683
2.4375931
2.3140597
2.2611277
2.4751734
2.1818018
2.1079614
2.1255413
2.4715148
2.1111650
2.4191995
2.0965874
2.2493708
2.3460150
2.3660494
2.0883582
2.3618014
2.0633752
2.1172260
2.4363068
2.5438197
2.2096251
2.2460518
2.3477605
2.2725379
2.0980407
2.5582343
2.3287403
2.2752914
2.2740035
2.4098619
2.1641511
2.1642296
2.1553419
2.2929252
2.0832876
2.4161104
2.4711244
2.5560493
2.3103722
2.2645463
2.2876990
2.5615146
2.2626983
2.5373395
2.1569095
2.1525945
2.1283185
2.2801259
2.5006690
2.4680868
2.5221250
2.5313309
2.1733867
2.4306531
2.1492165
2.1897204
2.1985598
2.3399113
2.2757831
2.5299742
2.0726456
2.2174499
2.1353139
2.3547019
2.3387757
2.3461321
2.1536338
2.3141505
2.2741908
2.1656112
2.5008240
2.3720811
2.3346742
2.1964766
2.3480636
2.0942284
2.2019052
2.1404604
2.4310937
2.3158365
2.4128785
2.0731035
2.3838866
2.1516689
2.2383254
2.2351707
2.2478887
2.3819463
2.4386778
2.5101088
2.1107433
2.4057601
2.3159224
2.1095575
2.2804625
2.1967346
2.3580994
2.1837032
2.2251311
2.2766565
1.9701157
2.5056782
2.1973147
2.4357482
2.1031894
2.4749346
2.3925796
2.3358991
2.4433076
2.2907717
2.2768077
2.3790928
2.2939147
2.1713169
2.3068724
2.5941704
2.3014557
2.1147757
2.3025719
2.3226111
2.1956727
2.1639148
2.1195411
2.2693916
2.4281628
2.3339010
2.4272959
2.1329389
2.1398028
2.3585923
2.1984174
2.2549815
2.1936488
2.3629481
2.4311418
2.1788846
2.1573510
2.0672265
2.1371032
2.1426636
2.4199970
2.0928331
2.3233607
2.2746451
2.3709140
2.4831005
2.3389019
2.2311606
2.4191587
2.2430727
2.1842166
2.2919147
2.2357578
2.2702573
2.0694271
2.0869180
2.2438534
2.5343819
2.1567369
2.2416107
2.4066026
2.3609341
2.0516682
2.3772782
2.3792639
2.1589267
2.6047695
2.4518152
2.3288828
2.3900815
2.2728326
2.2614233
2.4921215
2.2883402
2.0430057
2.0224518
2.2887619
2.2877739
2.3908123
2.2327036
2.3286279
2.3412498
2.3860160
2.2856658
2.0484305
2.2532272
2.1753191
2.1808691
2.2429650
2.1055508
2.5586430
2.3605701
2.0231341
2.2323617
2.0722898
2.2444666
2.1722314
2.2275302
2.0754089
2.3435663
2.2693312
2.1853234
2.3372375
2.2110729
2.0590426
2.3116048
2.5595347
2.1804813
2.2414932
2.3058664
2.2119098
2.3235457
2.2372925
2.2511793
2.2933545
2.1760649
2.2906262
2.2566662
2.2207141
2.3836422
2.0896624
2.2233740
2.0164545
2.2484990
2.3972908
2.1742186
2.4414770
2.4081149
2.1510603
2.2034760
1.9925407
2.1689110
1.9681475
2.1567688
2.2040125
2.3528742
2.1944263
2.1812104
2.1595710
2.8614648
2.0867849
2.1944886
2.3459132
2.4318030
2.5078428
2.1262617
2.0947333
2.2363511
2.0225581
2.3248460
2.1529552
1.8094224
2.1914586
2.1629936
2.4373135
2.5255932
2.2210828
2.0411408
2.0494617
2.1648495
2.1329565
2.1635202
2.4273446
2.3343858
2.2317691
2.1063038
2.2887591
2.1296896
2.6832239
2.2482058
2.3574157
2.0848115
2.0677759
2.4485161
2.0465557
2.2386770
2.2556609
2.2599807
2.2086088
2.2456576
2.3742103
2.2370126
2.2756179
2.3463565
2.4665645
2.1037133
2.2067434
2.6180617
2.4206449
2.0620164
2.0663007
2.1577762
2.3595540
2.6627901
2.5770979
2.3614291
2.3901503
2.3168321
2.3938414
2.2428549
2.2613236
2.3246757
2.5528732
2.3245858
2.7496022
1.9740716
2.7726327
2.4439279
2.1952453
2.2949400
2.4108644
2.2513826
2.1995466
2.7921159
2.5057113
2.4959944
2.1825222
2.0893364
2.0892079
2.2507842
2.9905387
2.5614455
2.3128655
2.5663956
2.5065662
2.4929473
2.5739418
2.1549479
2.5429453
2.1625558
2.5112063
2.2592268
2.4050435
2.3502012
2.5834059
2.3141764
2.5330084
2.1776456
2.4250572
2.4204711
2.4083765
2.1617420
2.3390323
2.3619429
2.4245019
2.1958568
2.6738107
2.6261768
2.4499113
2.6194549
2.3194421
2.2870789
2.0817953
2.4060123
2.4196792
2.1735675
2.5973692
2.2837977
2.2048745
2.1240727
2.1513908
2.2187126
2.2155459
2.3148980
2.2265583
1.8586614
2.2866045
2.2960939
2.1496891
1.8843711
2.0616090
2.1296393
2.0011986
2.4775948
2.0090081
2.4074008
2.5577322
2.1950644
2.3944279
2.1631925
1.9742281
1.9021896
1.8313179
2.1754543
2.0496755
2.3131955
2.6737213
2.5061911
1.9199628
1.9381600
1.5933351
2.0365420
2.4720985
2.2895983
1.9158716
2.0178082
1.7332338
1.6256959
2.0177952
1.8212455
1.6980283
1.8732880
1.9073077
1.6835212
1.7822455
1.7183062
2.1239050
2.0016333
1.5291482
1.6939484
1.8732226
1.8451817
1.7493531
1.5207700
1.2783554
1.5159017
1.7667432
1.7464543
1.8265167
1.6162354
1.6492380
1.7464335
1.8328901
1.8403844
1.8167484
1.6783483
1.9195981
1.9839271
1.7725115
1.9571429
2.0285930
1.7102713
1.6978189
1.7344506
1.6922270
1.7024717
1.5690177
1.7884367
2.1095465
1.5956838
1.4842304
1.5818935
1.4741886
1.6395675
1.7024591
1.6513742
1.9519110
1.7945630
1.7248873
1.7461393
1.7467144
1.8077204
1.6399181
1.7615040
2.1525802
1.8004172
1.9548269
1.9690090
2.0361507
1.9932826
2.0810205
2.0052540
1.8743420
1.8969845
1.6890005
1.6068094
1.6525414
1.6403665
1.6547602
1.8386187
1.6797573
1.9101784
1.5914031
1.8455367
1.7459116
1.7094931
1.4462243
1.7287780
1.8244617
1.7264143
1.6331833
1.5589220
1.5304684
1.5959984
1.9921358
1.6723196
1.8476520
1.7528394
1.7057894
1.8007314
1.8774178
2.0691153
2.2385746
2.0048330
1.6596165
1.8172815
2.3837645
1.9282774
1.9336918
1.6551382
1.6826771
1.7983188
1.6015009
2.0650602
1.7585648
1.9948026
1.9304218
2.2639897
2.0383936
2.0646966
1.7859652
2.4433221
2.0823966
2.1820702
1.8385057
2.3297681
1.9101271
1.7602179
1.7704835
1.6014054
1.8846406
1.7537403
1.8894736
2.6358372
1.6735548
2.3650655
1.5558096
1.9212266
2.0080667
1.9079930
1.9244727
1.9129029
1.6259826
1.8226368
1.8345924
1.8784401
2.2953377
1.9048044
1.8129333
1.8462111
1.6472341
1.8965454
1.8907748
1.7494419
1.9383368
1.6780764
1.7081403
1.7944784
1.7850552
1.7661279
1.9066892
1.6652081
1.6153307
1.7775361
1.8232702
1.5511763
1.7755016
2.0117775
1.8552757
2.0979771
1.7014722
1.9518766
1.7555109
2.6447199
1.7804105
1.9491409
1.9597218
1.9007063
2.0574033
1.7882593
1.9423463
1.8823203
2.0549830
1.9869476
1.7345938
1.7052212
2.0789053
1.8396348
1.9281906
1.7740248
2.0577841
1.8280612
2.0300863
1.9815013
1.7149253
2.0610581
1.8960860
1.8688316
1.7365646
1.9837048
1.9195026
1.7032880
1.8682611
1.5695472
1.8470950
1.9736961
2.0805567
1.7449021
1.8452956
1.7364991
1.8246266
1.8492472
1.7491842
1.9401621
1.7439589
1.9769536
1.8959720
1.9744854
1.5878224
1.7665763
2.0168833
1.6074649
1.7531825
1.5611148
1.3542529
1.6310257
1.5115108
2.0265361
1.7088121
2.1365946
2.2431905
1.6947226
1.7155314
2.0555365
2.0368242
1.8376540
1.9714002
1.7596932
2.0400837
1.6628266
1.9555680
2.0109905
1.8751392
1.7014899
1.8801378
1.8345759
2.1675928
1.9360249
1.7653651
1.7770727
1.9746574
1.8644995
1.8589586
2.1729167
2.0820916
2.1485758
2.0901795
1.8840245
1.9146220
1.7744607
1.9224913
1.8239469
1.8409565
1.9133358
1.9478640
2.2310229
1.9798474
2.0733009
1.9290787
2.1938575
1.7977533
2.0959494
2.0555211
1.7914301
2.0484220
2.4152845
1.8823801
1.9028999
1.9897233
1.7216700
2.0541426
1.8598579
1.7995314
1.6585260
1.9749725
1.6736963
1.9209653
1.8340466
1.8266242
1.8731094
1.8167349
2.0414491
2.1837264
1.8769045
1.8844501
1.8696113
1.9729202
2.2095180
2.2220644
2.0044323
2.0404360
2.2258537
2.2243649
2.2268651
2.2594598
1.8909943
2.0569818
1.9625672
2.1075565
2.2849815
1.9823027
1.8278788
1.9421108
2.0151661
2.0300491
1.8313865
2.1702840
2.1741125
2.3135092
2.4379225
2.4744381
2.3023252
2.0157751
2.4167104
2.0045580
2.0048998
2.1867774
2.2127478
2.0306345
1.9491913
2.3117346
2.0021105
1.9855718
1.8926336
1.7086856
1.7896705
1.7159075
1.8359408
1.7568606
1.7716277
2.2996439
1.8644795
1.7497973
1.7520292
1.6894875
1.6427309
1.5501448
1.7105002
1.6213955
1.9298595
1.6135819
1.8557681
1.9485867
2.0703702
1.9776640
2.1741395
1.9400220
1.8026740
1.7746218
1.7891346
2.0069295
1.6868032
1.7797111
1.8202471
1.9367494
1.9606054
1.8274269
1.6665452
1.8600935
1.7944533
2.0282224
1.8729757
2.0221295
1.6117896
1.7567957
1.8049270
1.7594964
1.7591319
1.7538728
1.6165402
1.6002798
1.6442369
1.4121641
1.9153473
1.9346607
1.9425028
1.8082127
1.6670472
1.8193560
1.7768541
1.7893663
1.8893755
1.8042650
1.6007237
1.9475338
1.8773614
1.7816737
1.7007735
1.8052893
2.1438346
1.8052054
1.7506241
1.7708001
1.7151746
1.7782212
1.7576518
1.7860044
1.9436841
1.8819235
1.8275840
1.6908144
1.6329684
1.8166932
1.6094976
1.8187567
1.6042351
1.7061991
2.0614924
1.7543202
1.7886852
1.7146347
2.2591225
1.4916010
1.5655199
1.6083722
1.7732111
1.4717678
1.9520461
1.6977803
1.6558525
1.6292221
1.7005949
1.9242612
2.0647952
1.5827030
1.9709853
1.7107081
2.0108090
2.1905293
1.7225924
1.3611643
1.6196429
1.6002573
1.6815234
1.5732467
1.2117565
1.3497773
1.9129086
1.9236484
1.4748665
1.6897005
2.2706398
1.6782347
1.4956848
1.3134317
2.1919857
2.1223078
1.5399029
1.8095160
2.4788162
2.1241527
1.8490583
1.4107521
1.9889022
1.7231543
2.0461569
2.5880434
1.2916552
1.9645381
1.4031087
1.7241848
1.5182445
2.1804432
1.9177047
1.7880600
1.9000858
1.8970193
1.8967997
1.7657508
2.5985826
1.5765046
1.7938508
1.7554940
1.5978925
1.8067310
2.2539246
1.9894845
2.1931143
1.5261831
1.5466798
2.9231500
1.4992813
2.0915260
1.7952515
1.5705696
1.4142830
1.6396061
1.3107623
1.5031728
1.2779025
1.2421083
1.2002654
1.5193248
1.5638483
1.2686277
1.2737769
1.3079218
1.3559940
1.3757514
1.4247354
1.4745095
1.7384118
1.3001832
1.5986130
1.5416955
1.2155965
1.7205899
1.9262139
1.8508688
2.6523129
1.5240575
1.2322741
2.5099489
1.1835575
1.7762029
1.1749916
1.6559578
1.3979122
2.2007432
1.2589291
2.7755642
2.3037590
1.6747531
1.2933433
1.6260686
1.4915730
1.7894005
1.6430688
1.1224079
1.5543337
1.5012929
2.1286672
1.9643449
1.2993846
1.7302459
2.0217458
1.4608173
2.8409957
2.0892921
1.8091252
1.9813241
1.3824975
1.4492783
1.5402177
1.7867563
1.8905822
1.5570366
1.3959483
1.8665990
1.8853441
1.7123390
1.5647247
2.3246326
1.3533198
1.5915179
2.3952067
1.6618304
1.9484272
1.9695535
1.4988932
1.8703711
1.9560818
1.7642489
1.5110196
2.3864712
1.8952912
1.7130540
2.1537934
1.7490640
2.8847716
3.8260973
2.9822335
3.2404005
2.2685736
3.3303223
1.8774505
2.4063154
2.4997675
3.6005062
3.0343612
4.7664541
1.5220612
1.7916980
1.6669444
1.6698720
3.1812947
2.6882430
2.4668985
2.4918588
1.5390808
2.2248731
2.1900483
1.8297492
2.9677322
4.0895456
3.1555186
2.7815422
1.7171812
1.9247016
1.9652198
2.2944235
3.4343081
1.7293807
3.5677580
1.8457621
2.1226175
1.6495063
1.7953297
3.9082972
2.1515051
2.0065767
1.9681617
2.7426450
2.8717103
2.0192570
2.0091695
1.6124345
2.2444943
1.9531483
2.0817812
2.9737456
2.2777033
1.7588087
1.9564648
3.7320218
2.1835694
1.6947913
3.0925134
2.8875124
1.4756390
1.9522196
2.1649713
2.0895996
1.9418305
2.3639580
4.1037994
1.9508014
2.0305889
2.3752540
3.3325470
2.2536948
1.7119035
1.8757341
1.7654232
2.0433832
2.7395638
1.7457678
2.3955172
1.6835717
2.2978229
1.8828046
1.6460617
1.8008582
1.6608288
1.6514921
1.8672795
2.5554815
1.7074697
1.9974283
1.6121734
2.0277133
1.7331430
1.5657323
2.6428759
2.8323523
2.7717697
2.4789266
2.4925493
3.3066286
1.7277856
1.4607902
1.3969039
2.6655336
1.8173659
2.4714931
3.0336714
2.3984569
1.6103062
1.7096420
2.6101397
1.9099377
2.4307955
2.7270250
4.1262643
3.1397491
3.0723131
4.9488692
5.0546907
2.5353023
2.2938069
4.5024887
2.9060793
4.3689796
3.1455138
3.5946552
3.2292505
3.6014369
4.8399416
6.5186215
3.4461564
4.4274260
7.3853439
4.1948796
3.4993788
1.5747183
1.7845286
2.1117620
1.6353527
1.9398377
1.8418428
1.8382963
2.1007037
2.0975830
2.1712978
1.9419944
2.9763107
1.7544014
1.8397182
2.0204655
1.7054714
2.0720031
2.1087468
2.1169606
1.9208589
2.1616744
1.7371753
2.2579761
1.8110114
1.9665313
2.3176653
2.2373144
2.1018543
1.6933576
1.9704664
2.2726259
2.1012826
2.1175295
2.2947010
2.1807848
1.8108038
2.1146269
2.0580347
1.8669723
2.1356279
2.3040390
2.4989535
1.8939768
2.5116764
2.0647594
2.1640273
2.2881615
2.4207239
1.7619717
2.6865993
3.2749679
1.9768467
1.3593582
2.3359384
1.7765355
2.2327769
2.0255818
2.7270188
1.9697857
2.6052118
1.8956851
2.6041801
2.2521617
1.9531559
2.3562770
2.1719036
2.3614975
1.7300412
2.4707153
1.4473483
2.4369168
2.1802915
2.0422611
1.6565970
1.6369356
2.1373288
2.5753725
2.1069132
2.4362505
2.1039518
2.5111810
2.0813371
1.7603241
1.9826841
2.4638504
2.1069392
2.1907514
1.8695580
2.3407144
2.0533518
2.1379258
2.2472027
2.0626172
2.0352657
1.8116564
2.2344174
1.6142894
1.9947669
1.8818196
1.8567992
1.6731465
2.4549193
1.9007166
1.7143455
1.7310426
2.0805468
2.0785644
2.3204596
1.8716569
2.5745749
1.8457237
2.0681775
1.5953234
1.7550307
1.6674260
1.6456194
1.6085175
1.7447486
1.5136495
1.9344582
2.6404187
1.8196224
1.9317789
1.9877219
1.8217454
2.1584110
1.7968146
1.8526582
1.7500693
1.8882645
1.7246413
1.6999812
1.8784081
2.0812510
1.8261142
1.6760443
1.8189647
1.2860039
1.4768180
1.6309476
1.6727853
2.1738196
1.8193316
1.7746616
1.4708817
1.4142511
1.6752518
1.4278929
1.5559207
2.0555064
2.5397430
1.5244634
1.5339485
2.0975703
2.6568997
1.7236024
1.4630425
2.0151092
1.7104768
1.8985699
1.6224650
1.6792465
1.7654149
1.5580087
1.5734836
1.5327672
1.4574230
1.4527369
1.5773159
1.6848503
1.5514366
1.4844899
2.0381651
1.7442460
1.3877546
2.0008821
1.8537240
1.2544642
1.8132615
1.6246456
1.9718992
1.8090841
1.6737100
2.8624895
1.6632710
2.0420098
1.8238822
2.9016266
1.6737733
1.7996441
2.0105689
2.5967573
1.2311808
1.5345230
3.9461655
1.8549358
1.5954238
1.2412220
2.4513987
1.6554705
1.4477458
2.3786253
3.0384330
2.2424921
3.1957777
2.0121914
1.8050642
2.0074921
2.3128206
2.1079505
1.4790048
1.4667261
1.4499950
1.4086252
2.2334062
2.6976279
1.5375537
1.6776912
1.3906373
1.6352390
2.2140516
2.0640670
1.5503891
1.4099003
1.6825973
2.0679027
1.5793263
2.0257777
3.6483804
2.9675531
2.1005989
2.4443806
2.0273480
3.5876305
1.6717545
2.3814074
1.7026954
1.2600149
1.6998146
1.7824652
2.0127754
2.0190446
1.8867862
1.5998774
1.4891265
2.0606859
1.7230912
1.5948030
2.2043840
1.5683131
1.4579119
1.3473471
2.1346226
1.8168318
1.4099462
2.0717046
2.1144759
2.1570349
2.2613725
3.6730635
1.7077277
2.2735824
1.7802712
2.9371944
2.2710732
1.6462797
1.6052995
1.7813856
3.0395619
1.6945355
1.4981593
1.6863611
2.8896183
1.7135147
1.5118579
1.5154851
1.8050912
2.0620407
2.0607629
1.7068603
1.8593810
1.8062096
1.6929518
1.5718658
1.8228763
1.9352788
2.0830373
2.0797346
2.0181179
1.8879447
1.7318650
1.8935365
1.9537706
1.9658481
1.9362632
1.7720606
1.9827811
1.7087339
1.8191343
1.7937344
2.0786712
1.5112324
1.8746888
1.8616239
1.6139318
1.8128730
2.2491835
2.1208575
1.9103512
1.7130671
1.7122482
1.7047956
1.9425623
1.8978243
2.2492477
1.6345602
1.6943564
1.7416858
1.8255712
1.9356755
1.9075546
1.6711449
1.7479813
2.2471339
1.8390902
1.5541535
1.6510059
1.7186212
1.6918785
1.8482506
1.7179852
1.8170131
1.5208277
1.5329905
1.9885883
1.7981842
1.8822842
1.8990002
1.5594840
1.7103077
1.7529018
2.0448745
1.7549124
1.8205805
1.9201329
1.6991226
1.7111708
1.7679063
1.8436378
1.7363091
1.7967904
1.8599973
1.7663320
1.9891603
1.8995924
2.0400423
2.0578594
1.9448933
1.7905115
1.8998942
1.8307140
1.7843896
1.8509383
1.7755051
1.7246326
1.9404349
1.8996288
1.7542491
2.0007872
1.6852260
1.6149002
1.6881784
1.8563004
1.7333083
1.9911576
1.6428434
1.8506443
1.9256340
2.1388605
1.9519727
1.7733001
1.9563258
2.2051266
1.7393800
1.7213733
1.9050395
1.8592180
1.9905366
1.8498516
1.6933890
1.5154641
1.6932260
1.5376538
1.6883007
1.7742395
1.7992511
1.7044913
1.8304659
1.9721011
1.9302575
1.7038790
2.0226307
1.9176188
1.6446848
1.8472550
1.7461463
1.5801590
1.6721860
1.6258826
1.8494815
1.7568289
1.8490159
1.5607816
1.4924608
1.5204188
1.8201200
1.5868510
1.6811790
1.8750208
1.7609309
1.5685602
1.6750916
1.6722989
1.7434870
1.7446367
2.1151311
1.8918440
1.6577454
1.8411910
1.7846455
1.9431957
1.7493486
1.6718085
1.6874212
1.8000981
1.5887418
1.7781804
1.8987401
1.9413645
1.6712730
1.8014511
1.9891211
1.8973361
1.9570286
2.0890384
2.0539546
1.9906780
1.9137587
1.6301117
1.9843499
1.7722123
1.8808146
1.8780538
1.8801348
1.7878702
1.7760958
1.7563199
1.6191833
1.6722280
1.8620979
1.9350688
1.9755548
1.8279040
1.9083664
1.9208248
2.0502382
2.0853274
1.9583320
1.9255824
2.0866742
2.0831458
2.1322378
2.0195669
1.9947819
2.0149189
2.1045725
1.9073150
2.1751887
2.0566243
2.0962866
1.9160461
2.2062783
2.1063115
1.9505949
1.9679137
2.0681351
2.1263431
2.2413780
2.1135955
2.0264201
2.2153120
2.0145231
1.9828911
2.1847429
2.0044560
2.1000245
2.0562690
1.9954313
1.9431422
2.2360633
2.1746746
1.9565364
2.1727644
2.1167215
1.8967338
2.1807555
2.0644271
2.1309591
2.3118327
2.2126126
2.1677321
1.8792279
1.9853905
2.0485175
1.9100612
2.2692259
1.9898035
2.3829727
2.1965127
2.3175236
1.9934036
2.0725770
2.1145718
2.0499244
2.1721868
2.2271644
2.1130447
1.9803192
1.9006843
2.1607375
1.8489449
1.9372795
1.8750232
1.9875230
1.8332478
2.0016480
2.2140095
1.9308875
2.1546290
1.8375329
1.8836238
1.9220405
2.1133774
2.0525141
2.1696406
2.1626592
2.2325653
1.8367484
1.9472491
2.0467839
1.9129847
2.0207040
1.9143720
1.9353014
2.0611251
1.8287515
2.1745276
2.1618336
1.9977694
2.1724097
2.0998306
2.0197901
1.8576002
1.7125459
1.8213357
2.0123228
1.8532025
1.8413923
2.0832035
1.8810709
1.9221838
1.9414440
1.9776709
1.9893659
1.9996658
1.7563026
1.9388647
2.0330692
2.0796610
1.9429815
1.9279593
2.0417764
2.1034509
1.9658316
1.8416336
1.8581295
1.9319286
1.9591515
1.9055892
2.0301013
1.9017338
1.9225158
1.9304859
1.9879966
1.9396172
2.1897996
1.9519152
2.0649168
1.9665158
1.9144514
1.9250568
1.9531910
1.9817997
1.9553410
2.0570866
1.9316838
2.1290419
1.9974395
2.0220132
2.1717374
1.9511636
2.0108050
1.9483660
2.2944434
2.1069832
2.1215598
1.9275374
1.9390840
2.0501951
1.8905527
1.8741097
2.0060860
1.8409686
2.0167090
1.9360472
2.0654894
1.9510210
2.1969435
1.9574967
1.9555902
2.0626724
1.9555360
1.8227944
1.8647633
2.1328135
1.9989868
1.9762449
2.0533639
1.8522845
2.0157017
1.7901753
1.9313442
2.1765595
1.9229366
1.9258427
1.9706673
2.1199913
1.7903121
1.7224142
2.0694897
1.8322984
1.7217427
1.8813424
1.8560015
1.8630587
1.9395912
1.9546348
1.8518370
1.8125549
1.8458870
1.7940247
1.8472202
1.8382528
1.9296509
1.9290291
1.9295737
1.8842933
2.0692289
2.0279055
1.9086507
1.8438455
1.9829876
1.8256158
1.9575911
1.7933318
1.8750210
1.8462206
1.8005289
1.8637358
1.6827902
2.0037878
1.8838363
1.7597664
1.8747905
1.8534298
1.8677706
1.7711964
1.7981349
1.8739606
1.7273212
1.7357278
1.8984108
1.6526096
1.7343186
1.8373733
1.8664346
1.9056205
1.8074707
1.7571942
1.9313940
1.8506615
1.9702663
1.9014885
1.8364281
1.8164364
1.7163907
1.6358918
1.7567153
1.7834902
1.8801944
1.7560782
1.7785210
1.7252895
1.7556830
1.8094078
2.0116871
1.6926027
1.8522592
1.8116456
1.7495699
1.9263061
1.8369872
1.8182435
1.8863303
1.8164806
1.8230959
1.8400633
1.6876798
1.8279157
1.5913507
1.7373395
1.8202711
1.8605143
1.7948254
1.8237971
1.9370948
1.9514917
1.7928364
1.7357644
1.8336386
1.8535589
1.8004823
1.8505097
1.6779604
1.8865662
1.5114362
1.8989434
1.7630110
1.8042813
1.7701686
1.7456763
1.7060082
1.9889973
1.8719907
1.6507038
1.6587746
1.7676634
1.8080960
1.8904461
1.7938758
1.6512689
1.6743170
1.7558990
1.6926956
1.7768472
1.9191455
1.8204922
1.8485909
1.7335449
1.8545142
1.8486062
1.9870765
1.5477366
1.5825502
1.9166670
1.7409188
1.7952820
1.8419223
1.7471732
1.6753466
1.6742816
1.5457455
1.8767539
1.7316600
1.7989556
1.5564275
1.7545248
1.8196642
1.7298291
1.5647280
1.7409617
1.8141146
1.7346891
1.6111591
1.7714740
1.7585873
1.5774435
1.7426471
1.7472528
1.7285600
1.6726784
1.7286444
1.7402409
1.6774504
1.7990930
1.7973940
1.8564447
1.6783591
1.7900446
1.6401825
2.6550963
2.4568712
2.5141631
2.5760550
2.3977439
2.5008260
2.5012771
2.3244207
2.4413972
2.3904711
2.3379153
2.4305698
2.3553675
2.6033021
2.4690436
2.6772093
2.3262872
2.5153348
2.5161203
2.5005259
2.6220449
2.6695637
2.5990882
2.4852886
2.7836481
2.6720647
2.5558412
2.5161521
2.6724557
2.5639335
2.5767818
2.7061011
2.6672373
2.5325591
2.7603725
2.6290639
2.4558936
2.6266529
2.5472149
2.6101265
2.6521513
2.5694356
2.6775166
2.5436644
2.6442603
2.8064939
2.6912579
2.6265523
2.6332356
2.7445991
2.6561391
2.6308757
2.7107514
2.6329193
2.6594959
2.7560871
2.6201439
2.7309792
2.6440359
2.8449088
2.6898282
2.6434887
2.5827278
2.6963449
2.6229087
2.7231444
2.8176450
2.6966321
2.5144684
2.4741318
2.6528954
2.5838291
2.5345359
2.6456921
2.6446364
2.7265502
2.5371148
2.7510801
2.6442238
2.7028194
2.7058914
2.6277141
2.5876146
2.6072143
2.6487134
2.5776808
2.7576361
2.7233497
2.8973530
2.6834934
2.6095958
2.6822337
2.5903035
2.6980057
2.6265791
2.6720889
2.6803187
2.6930043
2.6825026
2.6425906
2.5165050
2.5089374
2.4981166
2.3979045
2.4487446
2.5936169
2.5087918
2.3575786
2.2965913
2.4836986
2.2842263
2.2965704
2.3738337
2.4186028
2.3398285
2.3835300
2.5672198
2.3126827
2.3693413
2.4423249
2.3967319
2.2380012
2.3126517
2.0818508
2.2504729
2.0630386
2.0255241
2.1645709
2.1530360
2.3168251
2.2134969
2.0967648
2.2797408
2.2715458
2.2743498
2.3768572
2.2029279
2.2666056
2.2390390
2.5197661
2.4466302
2.9644151
2.7363994
2.2032474
2.6062820
2.6045464
2.5975996
2.2843148
2.5214266
2.1626226
2.1903751
2.8237850
2.6288012
2.4381465
2.6664377
2.6264162
2.5635746
2.4320614
2.7387434
2.4541403
2.5323544
2.6284868
2.6056584
2.5905392
2.9228691
2.4678181
2.6388289
2.7762065
2.5949264
2.7024787
2.2299232
2.6291066
2.6182541
2.4900612
2.5186344
2.7968715
2.6445132
2.5866677
2.4121790
2.5661581
2.7034269
2.7300659
2.4959009
2.5375520
2.5229231
3.1276144
2.9869980
2.4181709
2.2679722
2.7306588
2.5671976
2.6003443
2.7302539
2.8953032
2.7517276
2.8721993
2.9969607
2.7306060
2.6400344
2.4289762
2.9220244
2.6159768
2.7346167
2.6173537
2.4956751
2.6455413
2.9543488
2.5152338
2.9320780
2.5953650
2.7027874
2.8860728
3.1186238
3.0367993
2.6041026
2.9822357
2.9736407
3.0160425
2.7062359
2.7370826
3.1098165
2.7181264
3.3414021
2.8707398
3.0065382
2.9603597
3.8436003
3.7175664
4.0884780
3.7340871
3.0109265
2.9634785
3.5329190
3.1972500
3.0499637
2.9965837
2.9272162
3.1550098
3.1726166
3.0579678
2.9742308
3.1077414
3.1161532
2.9754795
3.2391652
3.0249611
4.0045496
4.1135420
3.1744292
3.7900774
3.4881828
3.7930227
3.2494954
3.5925150
3.3641034
3.0396387
3.6171851
3.1398089
3.1185984
3.2488811
3.6116680
3.2920060
3.3792921
3.6011038
3.1623099
3.2721426
3.4152449
3.5470761
3.1633094
3.3643313
3.5385297
3.7451684
3.1259038
3.1968310
3.6044636
3.5182752
3.1871711
3.3055085
3.0054342
3.0208842
3.2201835
3.4835246
3.1371243
3.1524319
3.1884181
3.6633466
3.0742610
2.9338922
3.0690187
3.2938280
3.2352857
3.0209096
3.0690796
3.1655506
3.0442750
3.5231570
3.1795018
3.3767935
3.3073493
3.6375101
3.2542763
3.5291484
3.5111931
3.4287318
3.3851998
3.3162115
3.2993062
3.1261274
3.6942398
3.2065116
3.2366378
3.1212315
3.6205738
3.7101924
3.1858753
3.0525601
3.3640280
3.2313956
3.2800652
3.3772660
3.1592232
2.8779038
3.4757363
3.3621077
3.1462018
3.2020990
2.9957551
3.0634582
3.6471254
3.2337649
3.2212707
2.9729637
2.9299926
3.2143313
2.7019060
3.2510928
3.0302707
2.8675666
3.0811540
2.8858313
3.1578909
3.0547029
3.1711418
3.0672139
3.2881018
2.8859960
2.9177105
2.6581665
3.6664591
2.8841852
4.3773705
3.7550645
3.6646941
3.4690336
3.7413717
3.3992759
3.3356854
3.3880541
3.5151040
3.6040631
3.0173313
3.3407858
3.5990482
3.9162162
3.4462174
3.2072026
3.4946451
3.2009997
3.3117395
3.2941500
3.4060559
3.0806269
3.1812304
3.8997482
3.4374408
3.4444718
3.2586583
3.3730395
3.4265619
3.2812260
3.3228249
3.4941740
3.3005395
3.2344959
3.4086684
3.2426897
3.3375913
3.2258967
3.4561868
3.6724252
3.2636985
3.3096934
3.4206439
3.2208365
3.4918381
3.3198320
3.2212067
3.2738131
3.4812078
3.3191920
3.6669328
3.3174576
3.3145601
3.5295590
3.7882107
3.4819068
3.2601812
3.3972311
3.3076432
3.4053149
3.4164803
3.4442243
3.6255552
3.2792541
3.3699199
3.4448165
3.3958017
3.4190776
3.5716916
3.7503087
3.5214160
3.5162308
3.3379165
3.5080718
3.4539497
3.7210561
3.5060200
3.2873800
3.2728572
3.5325079
3.3587496
3.4443126
3.2126751
3.6181291
3.3908152
3.2939843
3.4207535
3.6477906
3.6074626
3.3409721
3.5163084
3.3526715
3.6266419
3.6373652
3.8231358
3.5906205
3.4970880
3.7237794
3.5462726
3.7080507
3.8403641
3.5506112
3.5867933
3.5221982
3.7464238
3.6481544
3.7549771
3.4089398
3.5307657
3.3572821
3.5865231
3.3761259
3.4941709
3.5899745
3.5054063
3.6185123
3.7253066
3.3926711
3.4643942
3.3307184
3.6190243
3.4405069
3.2425237
3.4463062
3.4574696
3.4881530
3.3868526
3.4813926
3.6524174
3.6392067
3.4853821
3.6251438
3.1873193
3.1447481
3.4749885
3.1915582
3.5826851
3.4151671
2.8990587
3.3429258
3.5273333
3.4305163
3.1969317
3.2953015
2.8796843
3.1562631
2.9391397
3.0920483
3.3640156
3.0696162
2.9054841
3.0545586
3.1150611
3.1050384
3.0256733
3.0723983
3.2455053
3.3142889
3.3222744
3.2654855
3.0261993
3.4287225
2.9259470
3.2569280
2.9845910
3.1482217
3.1730316
3.0725946
3.1663702
3.0341175
2.9591879
2.7123510
3.0380931
2.8747721
2.9696644
2.9434904
3.0990104
3.0362255
3.1150551
3.0380307
3.0215648
3.1522120
2.9776060
2.9732566
3.3048540
2.9911434
3.1026147
3.2089581
3.2042715
3.1494155
3.2251729
3.0862265
3.1913629
3.1023325
3.1735664
2.9818367
3.1446438
3.2568756
3.4111504
3.2384473
3.2392180
3.3063320
3.2703038
3.1353230
3.3048081
3.3118719
3.2892035
3.3047522
3.2125135
3.2912686
3.2735194
3.1672064
3.1220231
3.2590784
3.3711364
3.2091184
3.1355890
3.2515931
3.1054918
3.5068074
3.4177078
3.4221792
3.0146377
3.3468457
3.3048395
3.3235250
3.2955805
3.6255976
3.3003427
3.2794335
3.6752581
3.5500728
3.1795854
3.1587492
3.3650649
3.3652690
3.2696014
3.4033156
3.4381046
3.5314249
3.2253412
3.4636458
3.4511316
3.3219941
3.3370419
3.3027767
3.3835137
3.4146869
3.4071069
3.5460405
3.5289281
3.6022871
3.5063691
3.7272588
3.4626486
3.3423468
3.2370172
3.3755188
3.5088889
3.2092163
3.1622055
3.3660131
3.3627117
3.4048451
3.2138506
3.4210359
3.4731450
3.5708661
3.5782967
3.3196278
3.8162917
3.5298962
3.3053129
3.5157227
3.1424007
3.0893585
3.6627304
3.0207535
3.4297150
2.9258030
3.3921348
3.4436415
3.4501972
3.0854075
3.2743760
3.3677631
2.9951913
3.1367035
3.1325669
3.1631026
3.3394192
3.5521227
3.3366278
3.1670017
2.9308581
3.3091057
3.1285365
3.3439114
3.3911678
3.2447438
3.1460950
3.1206084
3.3715957
3.4000522
3.0643991
3.2534526
3.5312097
3.0655808
3.0065654
3.2222324
3.2156777
3.1102609
3.0673516
3.2938885
3.1547928
2.9615496
2.9583021
3.0047160
3.0447591
2.9050805
2.8417305
3.0366652
3.1875226
3.0234892
2.8442783
3.0030920
2.8302544
2.8899474
3.1452585
3.2776006
3.1111411
3.0342843
3.1843686
3.0005285
3.0087529
2.7323786
2.9609406
2.6940135
2.7409155
2.7569065
3.2312150
3.0638042
3.1199266
3.0595572
3.0619739
3.1334276
2.9203811
3.0797168
3.1067030
2.9343400
3.1210366
2.7453520
2.8032375
3.0509803
3.0672835
3.2970575
2.9676809
2.7997533
2.9112062
2.6920472
3.0792235
2.6846300
2.9015667
2.9969561
2.5734310
2.7390966
2.9109429
3.0845219
2.6952063
2.8977415
2.8384389
2.8039150
2.6088265
2.8162130
2.7044486
2.8509719
2.6824590
2.9280181
2.7816450
2.9544190
2.8226480
2.6428370
3.1598135
2.9129495
2.9254176
3.4105906
3.1659228
2.9548251
3.0424343
2.7402736
2.9893226
2.7805671
3.0661100
3.0202440
2.9610284
3.1434531
2.8284715
3.1574990
2.7994549
2.7288457
2.9614312
2.3658730
2.8413003
3.1443342
3.1134457
2.6391674
2.9227954
2.9873669
3.2337348
2.9423998
2.9046074
2.9552693
2.8449564
2.7727101
2.8272069
2.4639786
2.7143785
2.8712580
2.9890672
2.7735043
3.0300481
2.4799778
2.7437866
2.5515788
2.9895401
2.9387866
2.7391157
2.8253099
2.6359234
2.8587568
2.8432290
2.8465881
2.6592983
2.8146203
3.1281907
3.0938835
2.6261994
3.2400676
2.6771175
2.6535057
2.7748344
2.6802251
3.2697974
2.9242098
2.5783378
2.9126428
2.7586826
2.4710721
2.8875280
2.9611355
2.7756362
3.1733005
2.8400067
2.7571181
2.8745125
2.7273638
2.8223899
3.1606818
2.6392306
2.8826391
3.0625661
2.4976241
2.6070548
2.6958150
2.9334503
3.1766380
2.9902541
2.7769124
2.8840720
2.5668741
3.3267689
2.9010085
3.0324123
2.7215945
2.5909127
2.8280747
2.7748688
2.9070799
2.7246214
3.0363031
2.8611499
3.5047099
3.3438579
2.9796534
3.0555052
2.5433860
3.1004082
3.0033499
2.9909310
3.0105368
3.1660179
2.9818080
2.9158862
2.9408460
2.6641238
2.9740180
2.5251323
2.9647515
2.8971865
2.8157234
3.3821258
3.5806911
3.0243982
2.9789857
3.4357099
2.2716263
3.0445773
3.1926596
3.1174490
3.1043651
2.9435046
3.0711310
3.1697107
3.5967962
3.3985459
3.1907532
3.3868624
3.6363608
3.1107134
2.9877561
3.3013567
2.6652473
3.1145811
2.9817786
3.7793432
2.9603182
3.2391620
3.4896161
3.5429480
3.4209919
3.5819298
2.8969716
3.0840096
3.0235589
3.1412696
3.5708050
2.8418959
3.2444236
2.8721944
3.4816607
3.9210612
3.4951184
3.7094084
3.1774940
3.3049350
3.2505922
3.1120418
3.3098027
2.7897060
3.0541132
3.4253966
3.1218305
3.0837347
2.8992750
3.2339574
2.8282059
3.0447411
2.6726248
3.3372394
2.8685474
3.3118168
3.1866724
2.5885808
3.2190683
2.8394491
3.3352445
3.1525099
2.8415940
3.1670223
2.7145835
3.1705717
2.8255102
2.9613410
2.9558011
3.2273981
3.1350262
2.8000327
3.2333955
3.3556805
3.9796564
2.8992653
2.9701061
3.1232392
3.4441639
4.3095614
3.6694198
3.8771664
4.1186079
3.7062551
3.5883287
3.3205573
3.1473758
2.9628300
3.3922137
3.2619635
3.5665823
3.3225091
3.3144669
3.3629838
2.7333568
2.9636078
3.0014114
2.7246126
3.3966381
2.8102627
3.0595852
3.1768499
3.3291404
3.1152539
4.3319608
3.7780462
4.3243888
3.4940087
3.9885814
4.2789771
3.7491948
3.5722569
3.4636233
3.3026730
3.8049890
3.4946532
3.4844835
3.2640055
3.6113248
3.2962175
3.4238904
4.0826972
3.4091794
3.1436808
3.6745314
3.1121105
2.9190596
3.0373727
2.8811628
2.9016680
3.0119842
3.0509496
3.0876423
3.2748896
3.2136498
3.0640958
3.3263998
3.3613413
3.2924918
2.9475916
3.1728952
3.2502054
3.0557666
3.1544058
3.5168519
3.3671220
3.0887831
2.6014926
2.6659668
2.8176669
3.3387863
2.8507738
3.6689653
3.2385888
3.4756112
3.3154330
3.0670631
3.2910427
2.6769370
2.8957167
3.5966091
3.8939928
2.5190357
3.5229468
3.4657438
2.9684025
4.3305275
5.9712495
3.0223486
3.9195575
3.4664486
4.1634715
2.9868571
3.8966684
2.9636322
3.3689412
3.2640374
3.7623454
3.9164006
3.0763077
3.3854549
3.2426194
3.8807965
3.4660980
3.9203867
2.9403750
3.0573864
3.6348621
3.0939887
3.1930892
3.7433568
3.1984915
3.0414174
2.9113801
3.8390626
3.3394585
3.1199828
3.0920774
3.2227913
2.8577560
3.4698023
3.0718120
2.9669545
3.3718501
3.2230078
3.8674056
3.8598609
3.3091311
3.7619028
3.6485922
3.6794288
3.4770408
4.0145010
3.7026851
3.5519611
3.6309190
4.1016410
4.4439270
3.4017887
4.4137949
3.7217198
3.9871890
3.5896304
3.6818733
3.5062959
4.2241673
3.3004220
3.4587812
3.5739251
3.2967403
3.2514103
3.3905621
3.1349295
3.3996543
3.2436605
3.0012202
2.9979798
3.4532410
3.9624664
3.7388716
3.2092670
3.6661607
3.2900111
3.2551895
3.4189020
3.0127534
3.0503175
3.4943157
3.4367521
3.8555148
3.3921356
3.5217567
3.3217588
3.0261423
3.2451479
2.8610457
2.8328031
2.8468076
3.0208882
3.0091381
2.8023109
2.7415334
2.6397017
2.9960955
2.5718789
2.8548832
3.1696492
3.2667379
2.9739955
3.0978464
3.0867863
2.8708209
2.5992946
3.0686799
2.6720761
2.9481939
2.7983131
3.3716360
3.8975112
2.9809441
2.9545487
3.3013033
2.9016421
2.3631454
4.2825829
2.8752533
3.7005984
3.1086870
3.3853924
4.0167902
4.2113067
2.9662324
2.8403193
4.7316128
3.5207150
3.5603620
2.9711630
2.9899879
2.7169826
3.6624289
2.9993895
2.7669156
3.7561203
3.1743670
3.4742019
2.8862339
2.9540642
3.0486139
3.1863925
3.5726336
3.3940752
3.7512819
3.4246007
2.9031766
3.9985136
2.9742124
3.2592005
3.7501236
2.4544012
2.7456211
2.8742665
3.2516028
3.1221179
3.2807616
3.0407789
2.9851509
2.9496967
3.7078236
2.8079202
3.5118212
3.2085031
2.9287629
3.1501599
3.2798287
3.2398147
3.3794886
2.8988445
2.8515274
3.1108991
3.2473260
3.2461709
3.3077593
2.9623018
2.9232546
2.7969300
2.9519298
3.3877822
3.1514306
3.5119789
3.0603005
3.1158419
2.9493974
2.6526258
2.8236052
2.8556551
2.7907062
2.5809370
2.9130424
2.9783070
3.2912134
3.2383507
3.1989397
3.0946377
3.2076567
3.0024755
3.0390361
2.8842892
3.0006651
2.7733043
2.8721305
2.9950873
3.1438626
3.0970797
3.3039584
2.9817487
2.9712172
2.9047348
3.3246968
3.0824158
3.2984948
3.4448878
3.3291871
3.1728225
2.6768361
3.2347956
2.9279921
2.9113973
3.1075238
3.0117167
3.2230668
3.0739082
2.9365933
3.0894222
3.0462286
3.1538260
3.0437641
3.2210493
3.0790286
3.6018742
2.8773627
3.3896255
3.1419523
3.3651508
3.1678124
3.3488241
3.3232737
3.3145775
3.4253516
2.9679036
3.4056112
3.1539672
3.2392108
2.8301275
3.2315188
3.1510665
3.1086247
2.9743870
2.9335822
2.9134362
3.0552395
2.6090278
2.4930337
2.7625617
2.9470656
2.6725342
2.8079928
2.7984316
2.7017933
2.8482278
2.6992152
2.6971637
2.9415281
3.0279004
2.5925996
2.6217578
2.6949906
2.6899242
3.0764156
2.7717412
2.7428972
2.2291916
2.3936189
2.7619399
2.6438349
2.2835579
2.6517373
3.0133616
2.9047489
2.8505810
2.8488888
2.9345284
2.7409898
2.9990923
2.9736534
2.8909436
3.0066520
2.7318142
2.8668290
3.0645995
2.6779368
2.7664833
2.9931533
3.0203720
3.0225028
3.0473432
3.0290050
3.1502053
3.1990116
2.8710897
3.1260120
2.6892837
3.0135775
2.7357874
3.0720006
2.8104524
2.9841316
2.9954954
2.9827634
2.7832968
2.9736151
2.9162935
2.8624947
2.6112813
2.8453695
2.7904907
2.9312586
3.1016703
3.2295182
2.8904125
3.1429760
2.7557129
3.0238254
3.0487239
2.8676631
3.1145207
2.8574514
2.8418518
2.7252398
2.5372312
2.5862715
2.8611989
2.7690694
2.7124722
2.7129764
2.7230009
2.9976843
3.0855159
2.4736386
3.2051219
2.6673546
2.9746110
2.6697558
2.9409390
2.3543536
2.9828581
2.7510103
2.7599059
2.9257331
2.9864039
3.0219312
2.9544145
2.6469658
2.5514071
3.1904433
2.6555691
2.8118847
2.6339178
3.0790604
2.9587194
3.1450072
2.8218313
3.0034581
2.9713797
2.9314093
2.7259003
2.9110539
3.2074718
3.0690453
2.8334441
3.1424673
3.2907655
2.8397962
2.8947398
2.5242101
2.6643252
3.3297020
3.1363356
2.9321573
2.6558218
2.9569065
3.0341440
3.0449002
2.8239324
2.8273453
2.9368291
2.6191873
2.9108253
2.5414769
2.9707587
2.9863906
2.9545196
2.6994818
3.2023857
2.8577036
2.7272307
2.6599192
2.8568933
2.7727850
2.8793395
2.5963085
2.6750804
2.7358282
2.6883108
2.9085220
2.3892357
2.7360753
2.5520302
2.7851354
2.6351625
2.6579529
2.7020795
2.6823532
2.7896949
2.7842450
2.7311677
2.8211835
2.5922406
2.4570246
2.9409795
2.9293353
2.5972764
2.5551041
2.5019134
2.5032456
2.5247382
2.7055398
2.7254625
2.8485844
2.7542386
2.7662450
2.4012831
2.5250449
3.0940889
2.7945120
3.0724018
2.5909040
2.6231441
2.4239771
2.6895421
2.2320969
2.7187841
3.2530462
2.8575304
2.9950578
3.0347474
2.5294147
3.0957445
3.0230173
2.6787834
2.9551955
2.3169157
2.6557604
2.5391193
3.1193888
2.6245634
2.6261337
2.5199029
2.5912776
2.3881549
2.6299188
2.3820954
2.7218340
3.1018702
2.3841875
2.4641223
2.7508261
2.5034952
3.1080003
3.0526920
2.7667039
3.0645420
2.6260983
2.7722859
2.6352126
2.1118891
2.9879642
2.6757400
2.6556374
2.6940391
2.9479786
3.0280708
3.3475953
2.5178004
3.0050342
2.9129868
3.5572036
2.7481426
2.3815161
2.8472261
2.6306525
2.3610249
2.3310268
2.3364990
2.5561984
2.7290387
2.7026353
2.6651584
2.9015243
3.3443984
2.7296304
3.0779229
2.9399406
2.9450372
3.0207367
2.4376468
2.3281660
2.9543088
2.6721777
2.7414495
2.6566396
2.6132594
2.4720596
3.1600674
2.8190872
2.2790333
2.3338131
2.7240897
2.4944903
2.4837452
2.5912616
2.8751440
3.1126788
3.0116039
2.3951649
2.5261770
2.8653186
2.5794835
2.7005732
2.6326767
2.8493961
2.6484109
2.6694599
2.6587979
2.7536479
2.7720203
2.3376196
2.6202530
2.3044892
2.5826841
3.1716714
2.4206888
2.3576466
2.4433796
2.7676562
2.3975248
2.4314974
2.6219936
2.6353072
3.0374131
2.6913998
2.1797447
2.7704640
2.2597025
2.7029096
2.4524164
2.7023942
2.4564734
2.4664042
2.1954518
2.3242012
2.7859201
2.5279780
2.8689701
2.7752551
2.7239407
3.1250120
2.7119452
2.6514797
2.4795649
2.3993226
2.4791188
2.8710856
2.6192184
2.5183715
2.5932279
2.8170706
3.3073962
2.8529060
2.6532773
3.0832716
2.8811639
3.0944715
3.0317785
3.0742061
2.8407709
2.6440720
2.5532904
3.2686277
2.8614910
2.9162619
2.7886021
2.6961808
3.1019270
3.1159721
2.8777696
2.7123828
2.8043375
2.5868976
2.6260845
2.9908620
2.6587564
2.6595307
3.1827520
2.9127403
2.8725961
2.9069093
2.8559125
2.5603807
2.8049471
2.7449792
2.9802343
2.4978893
2.9156726
2.7181600
2.8976238
2.7490827
2.4962348
2.7266483
2.7021215
2.7326008
2.3487475
2.3734438
2.5980929
2.8513137
2.5089884
2.5533711
2.2944659
2.2958552
2.5274947
2.5878764
2.1557519
2.4363968
2.6634626
2.5562577
2.6327840
2.5137160
2.5373586
2.4026269
2.5214104
2.9300219
2.7852218
2.5942114
2.6110218
2.4334190
2.3085012
2.6019564
2.5505717
2.3554422
2.8120346
2.8224048
2.5110322
2.4486496
2.7565291
2.6097497
2.9105484
2.4042818
3.1360196
2.5958874
2.5421619
2.4058639
2.6860674
2.7015511
2.7641565
2.5469847
2.6615948
2.5318945
2.7144696
2.4974174
3.0885554
2.7366597
3.0227084
3.0339436
3.0705281
2.9017452
2.8503864
3.0586406
2.8328908
3.4808566
2.9295508
2.8560106
2.8354631
2.6465753
2.8674768
2.6420635
3.5164339
3.2878287
2.7763396
3.2884930
3.1933749
3.2629606
3.3654717
2.7367894
2.3967941
3.1395246
2.7319842
2.9025044
3.0672206
2.8570380
2.9931667
3.2522984
3.0002806
3.1708053
3.0615626
2.8195816
3.3482358
3.1099097
2.5533932
3.2580702
2.8438890
2.8604563
3.0067975
2.8397099
2.7321242
2.4125743
2.8233361
2.6925043
2.6401842
2.5351113
2.8306963
2.7724509
2.9824840
2.9192419
2.8788471
2.3662211
2.6294103
2.5732793
2.8742208
2.7630727
2.8473630
2.8192949
2.7521362
2.8378593
2.9141313
3.0332590
3.2119215
3.1481508
2.5331370
3.0037381
3.2061291
2.5622427
2.6910949
2.4088978
2.4589971
2.7096186
2.5724646
2.5562302
2.6007267
2.5518916
2.4012972
2.4687681
2.6897046
2.7177761
2.7764172
2.5487312
2.4799101
2.7920276
2.8397863
2.5752530
3.1631457
2.8069246
3.0503603
2.9628213
2.9658183
2.7960330
3.1720965
2.9564670
3.3764445
2.8500243
3.2849504
3.4710797
2.9681372
3.0695272
3.0854480
3.2508459
3.4219635
3.4574295
3.6173636
3.2626920
3.3147891
3.5760188
3.2995232
3.4377056
3.7466245
3.4861186
3.7127258
3.6218576
3.9704993
3.8660684
3.9274579
3.5349071
3.9315994
3.9951204
4.0314639
3.9677329
3.8717020
3.7780446
3.9741972
4.2876852
4.0747845
4.1276098
3.9456876
3.7779532
4.1934310
3.8564297
4.1296926
4.0596254
4.3865982
3.9475580
4.4046172
4.3843250
4.3532275
4.3424189
4.4841764
4.5249739
4.3196093
4.8549714
4.6512177
4.8324570
4.7348344
4.9870946
4.6517678
4.9154118
4.7588802
5.1506189
4.8441407
4.9847133
4.9944551
5.0150937
4.9747522
5.1816475
4.9728852
5.2262506
5.1740486
5.1203063
5.1333587
4.9498899
5.2108522
4.9278669
5.1452897
5.1577403
5.0698057
5.1328362
4.9697758
5.0892407
4.9358142
4.9105692
5.1028234
5.0797739
4.7459903
5.1082341
4.7775001
4.9343160
4.7452815
4.8384489
5.1239969
4.8435887
4.9779164
4.8470621
4.9807548
4.7044355
4.4708198
4.6334130
4.7504872
4.5667634
4.5279837
4.6058340
4.6527882
4.6460686
4.3134263
4.4743551
4.4435714
4.4694765
4.6200988
4.3049640
4.4163015
4.4175847
4.3726340
4.2831005
4.4619210
4.2724103
4.3984157
4.5112404
4.1035102
4.2691046
4.1554688
3.8444921
3.8915483
3.8982145
3.8735369
4.1930474
3.9515960
3.9181937
4.3021367
3.8097567
4.0391754
4.1276392
3.7086127
4.1104403
3.6747359
3.6113898
3.8755107
3.3167451
3.8839872
4.0542419
3.3957305
3.7115320
3.8947146
3.9089284
3.4353081
3.6974312
3.3869816
3.3345784
3.6728371
4.1426630
3.9542150
3.7075509
3.5804743
3.8724466
3.3904908
3.9522021
3.7031897
3.3774063
3.5797693
3.4940208
3.7880460
3.5765418
3.4421382
3.3541451
3.4225831
3.6380559
3.2542011
3.2793159
3.3994579
3.4356896
3.1207898
3.6581137
3.6238047
3.1549629
3.5108640
3.3430038
3.6826472
2.9233620
3.2931326
3.2170492
3.3052494
3.0967668
2.8585070
3.6291126
3.1206371
2.7016773
3.3659328
3.2102315
3.1291216
2.8101865
2.9430618
2.9486521
3.0886684
2.8324487
2.7402668
3.1077279
2.8659670
2.8310472
2.9301811
2.7040020
3.2987894
3.0228808
2.9121897
2.6675793
2.8759125
3.3133331
3.0491900
3.1904704
2.8620958
3.5675088
3.3372891
3.0950723
2.9406148
2.7868025
2.6127736
2.3281444
2.6714139
2.7256572
2.7515393
2.7532234
2.8165645
2.7520469
2.7320901
2.6329141
2.6381529
2.5754084
2.1044068
2.4258658
2.3828645
2.4815552
2.5619001
2.8128480
2.5241268
2.5419759
2.4085558
2.5024100
2.1725132
2.6802882
2.5687176
2.8651869
2.3733557
2.5791617
2.8001127
2.5941048
2.4649710
2.5678865
2.8830560
2.6656127
2.9029648
2.6920427
2.5124425
2.5502641
3.0614077
2.6798946
2.6113279
2.2796102
2.7500485
2.5358836
3.3093309
2.8239297
2.8110859
3.1522785
2.4835342
2.3475473
2.9846756
2.6556242
2.3539730
2.8347565
2.6468410
2.7587541
2.7361461
2.3367163
2.6365832
2.5448057
2.8168113
2.6324646
2.4135429
2.7688178
2.4973333
2.4878247
2.4250506
2.5348163
2.1796300
2.3031847
2.4668568
2.0902436
2.5298917
2.2595098
2.5754860
2.5518881
2.3321551
2.4891195
2.3126621
2.3909808
2.4128069
2.8275836
2.3973233
2.3427988
2.5373921
2.2557784
2.3744302
3.0186767
2.2405127
2.3135630
2.6566983
2.6391857
2.3375938
2.4290082
2.3236647
3.0255047
2.3500910
2.9041210
2.2110605
2.6348179
2.4112503
2.7670416
2.5377326
2.3484339
2.2356541
2.5290384
2.6190665
2.6908907
2.6805880
2.3152750
2.4738555
2.7155748
2.4636381
2.2271147
2.2807378
2.6318426
2.3240840
2.4649597
2.3983151
2.4000133
2.4882122
2.4198786
2.7175271
2.2858626
2.4522336
2.1652476
2.5401538
2.4173889
2.4975707
2.4655014
2.5433814
2.5103370
2.7188190
2.3424264
2.4497990
2.3412071
2.3877162
2.0423690
2.7365348
2.2174150
3.0191434
2.5205182
2.2242053
2.3022878
2.2180251
2.4452822
2.5695340
2.5321059
2.4961185
2.4787755
2.1285841
2.2904562
2.8391962
2.4049689
2.4910349
2.2239270
2.4141362
2.4761432
2.3978949
2.1639649
2.7437113
2.5912725
2.3161154
2.2872793
2.4364163
2.6653914
2.5405791
2.3916914
2.4503103
2.6012219
2.9764376
2.2828140
2.6924695
2.4140469
2.5810902
2.7025640
2.4619196
2.4771462
2.4873472
2.9578041
2.6597369
2.7337601
2.4899977
2.5691039
2.4409211
2.3779371
3.0371752
2.6886107
2.5317694
2.6014903
2.2090902
2.5587272
3.1760688
2.7570546
2.3668605
2.4757459
2.5818763
2.3476106
2.7040463
2.3689352
2.1949227
2.4532546
2.7984879
2.3504269
2.2352630
2.4258912
2.4343597
2.2206519
2.6223463
2.3893177
2.4359751
2.5270319
2.7452181
2.2213302
2.6101279
2.0330238
2.5202865
2.3926778
2.6334257
2.2849111
2.5338675
2.3038474
2.6341532
2.5233159
2.4143305
2.5199497
2.0874918
2.5974886
2.4801346
2.5169061
2.5178863
2.5231103
2.8458943
2.6996855
2.4785789
2.5119341
2.5438835
2.5278813
2.3084002
3.1500497
2.4953456
3.4368802
2.8663690
2.9593571
2.7418059
2.5447666
2.4438108
2.4812010
2.7517486
2.7568772
2.6854793
2.6905409
2.5189825
3.0096092
2.9780987
3.0060117
2.7588980
2.9091201
2.6551987
3.0046231
2.5485114
3.1790812
2.8163058
2.2458654
2.8383722
2.5198247
2.4657107
2.8494590
2.8959471
2.6223000
2.6209872
2.7355161
2.4925673
2.8950899
2.8062522
2.5449818
2.5353006
2.5749980
2.4831879
2.7063384
2.8017926
2.5467862
2.7063582
2.8913984
3.3627663
2.8112918
2.6074404
3.1031767
2.9640706
3.3055465
2.6199225
3.0858568
3.0096551
3.0413310
2.8544884
2.7870679
2.5397760
2.8996479
2.6690040
2.4004575
3.0852427
2.8072721
2.9102307
2.6057777
3.0943487
3.0721532
2.7364972
3.0090040
2.6368444
2.8456171
3.1352063
3.0834799
3.1679319
3.0115547
2.5607567
2.9393855
3.1913371
2.7124481
3.0199041
3.1058922
2.7950254
3.3398719
2.8914857
3.6023643
3.2731244
3.2092732
3.5016404
3.1970070
3.4378650
3.0528442
2.7314676
2.9770817
3.2007732
3.0370570
3.2358486
3.0923372
3.4429218
3.4004477
2.9822514
3.8922155
2.7046506
2.6337984
2.5713593
2.9106229
3.4991697
3.0631432
3.4208162
2.9639021
3.3203147
2.4315208
3.4184996
3.0349165
3.0152226
3.0662648
2.9146290
2.7611104
2.5697305
2.7753148
2.9087043
2.7736267
2.8280358
2.9501416
3.0317873
2.7174558
2.7086831
3.1562605
2.9807258
3.0029157
3.1266294
2.2257270
2.2158559
3.1820436
2.6902463
2.3247079
2.6002461
2.7197488
3.0320186
2.4393262
2.9327807
2.9948926
2.5850349
2.6583966
2.8270500
2.4967476
2.4436230
2.2844894
3.0992547
2.8957234
2.6522816
2.4096762
2.5651521
2.8838797
2.6084117
2.9953930
2.7421435
3.1655646
3.0748985
2.7601601
2.9030262
2.5083072
2.6093896
2.5923347
2.6970361
2.6877209
2.2367430
2.8968352
3.0752937
2.7794026
2.8323839
2.6739893
2.6581058
2.2453955
2.2902949
2.1311158
2.8914358
2.1965240
2.2877754
2.7988920
2.3546825
2.3132824
2.5207019
2.8461175
2.6097057
2.3066808
2.1623451
2.7446642
2.5293582
2.1854978
2.4457299
2.3192042
2.0701148
2.1617951
2.6536184
2.2379918
2.4974681
2.2679700
2.2273725
2.5177171
2.3319618
2.4036136
2.2049312
2.5618664
2.6536063
2.2858164
2.6562493
2.3513803
2.0935140
2.1995844
2.3299744
2.6220263
2.0728459
2.2701894
2.2436873
2.1815674
2.2093875
1.7766591
2.4283345
2.2657580
2.1142539
2.3289481
2.3730593
2.1833749
2.2033224
2.3324818
2.1444904
2.3899880
1.8237100
2.0759952
2.2873171
2.1327569
2.3594078
1.9163549
2.0002606
1.9571384
2.6401247
2.3587658
1.6902937
1.9648184
1.8005064
2.4450641
1.9878733
2.4784773
2.9963273
3.1006923
3.2826198
3.3128448
2.7936985
2.9619826
2.9528014
3.0490362
2.7880088
2.7806330
3.2625668
3.2482408
3.0730821
3.5547502
3.4699694
3.3643691
3.2887506
3.1533103
3.1615322
3.5219369
3.3642857
3.1837704
3.2393471
2.9500324
3.4630169
3.2561767
3.2841832
3.3081553
3.2056867
3.0939428
2.9745772
3.0197340
3.1839060
2.9698061
3.3904532
3.0677431
3.0838447
3.0182669
3.0545146
2.9192255
2.7978264
3.0590573
2.9935434
3.0715827
3.0912589
3.0802130
3.1011772
3.0505841
2.9444989
3.1811604
2.9840001
3.2044065
3.0403644
3.2613418
3.1334155
3.1205430
3.3091676
3.1769172
3.4432074
3.1852361
2.9681761
3.5825479
3.3867047
3.3916899
3.1562845
3.5352858
3.2484119
3.3966898
3.3545574
3.4912712
3.6768274
3.2172451
3.6038323
3.3223883
3.4344640
3.2568649
3.6884468
3.5254144
3.8536568
3.3543228
3.7235062
3.7309412
3.4448802
3.5071270
3.1793013
3.6085030
3.7192638
4.0390888
3.5086134
3.7223434
3.8546994
3.5728625
3.3600944
3.4641217
3.5523156
3.5068341
3.2871810
3.0853809
3.5328574
3.3244077
3.3015828
3.4219181
3.3444874
3.1727297
3.5680050
4.0894434
3.8886592
3.1450412
3.2992089
3.5019853
3.8265411
3.7384687
3.4490870
3.5450025
3.2716297
3.3635618
3.4174798
3.5169168
3.3414534
3.6336847
3.1557047
3.4131760
3.2968676
3.6842505
3.4895940
3.8211140
3.8953825
3.9216564
3.5194306
3.3554951
3.4404880
3.6417245
3.2542058
3.2486217
3.4527522
3.5993281
4.1653530
3.5009630
3.3810594
3.3082947
3.5400397
3.7392754
4.2099954
3.5286007
4.1045421
3.7812014
3.7648814
3.6110563
3.4959599
4.1171953
5.0638057
4.8591108
3.5070357
4.0715868
4.2231288
3.3585526
4.4540258
4.8639630
3.1595778
3.6432727
3.8589952
3.4076444
3.0680263
4.7680955
3.4956375
4.3552619
3.5759858
3.6540620
3.8171084
3.3040267
3.9379416
4.2699107
4.8783626
3.7186042
3.5245907
3.4863735
3.2884627
3.3290546
3.8272662
3.6587737
3.4063733
4.8655014
4.8412134
4.3531380
3.8942786
4.6769438
3.7600396
3.5549830
4.2520278
4.5829354
3.6455709
3.8802338
6.2338086
4.7849978
4.5453367
4.9318516
3.8150747
3.5425792
3.7195702
6.0390092
3.9571352
4.0135236
3.9201080
3.8380066
3.4785842
3.6737235
4.0341417
3.9074597
3.7525551
3.9253969
4.4712037
4.9153307
3.7402177
5.7826370
6.9840556
5.5668899
4.3429668
5.7975557
3.7869012
3.7212252
5.0107537
4.7383512
4.3708719
4.7042044
3.8384117
3.3402820
3.7115711
3.8766212
3.4257956
4.0960821
4.1002223
4.3660810
4.3231304
4.1718203
4.9980917
4.8332809
4.6917197
4.1523353
4.1744921
4.4095707
3.7883975
4.0519225
4.1633704
4.1385691
4.1353827
3.8519280
3.7720332
3.9300912
4.2839094
4.4028675
4.1198768
3.9863531
4.2117016
3.9456787
5.0151866
4.3722824
4.2049225
4.7832638
4.4181298
4.4428380
4.1651478
3.8815161
3.6861966
4.1819063
4.2930166
4.1140106
4.2847932
4.4458933
4.0286707
4.4978482
4.3315472
3.6403552
4.4260762
4.8627408
3.9486446
4.4521165
5.5790313
4.8357667
4.6394114
4.2579309
4.2719826
4.3947997
4.3201776
4.6819332
5.0221283
4.8756730
5.2933066
4.4945397
4.5652067
4.7918247
4.6886471
4.5935974
4.8354698
4.5596286
4.6446586
4.7887379
5.1308240
5.2276481
5.6696115
5.0171111
4.9755153
5.3504430
5.7645131
5.1003817
5.3659660
5.3858596
5.0362353
5.5261118
5.3223309
5.4104363
5.4481927
5.0814084
4.8913653
4.9044157
4.8261365
5.3212618
4.9881153
5.5411304
5.0451370
5.1310105
5.4205757
5.3792812
4.9590752
5.1741076
5.0890780
4.9799208
4.8376689
5.3208791
5.0334538
4.5973910
4.5585908
4.6729137
4.8796414
5.2337872
4.8520893
4.5701819
4.5403687
6.2522005
5.1825671
4.3730775
4.6297272
4.6963647
5.1736863
4.4627752
4.4905134
5.4847643
5.1004149
4.3039272
4.8489746
4.4185313
4.7953825
4.5223853
4.5479257
4.4926474
4.2264432
4.6799914
4.4095772
3.8067491
4.1288143
4.2346005
3.9590081
3.9503226
3.9247046
4.1295580
4.0155656
4.0946705
3.9316513
3.9179780
3.8908191
4.0043361
4.0359177
3.7617255
3.9709399
3.8304283
3.9207006
3.9355276
3.6120804
3.6817927
3.6722149
3.6176512
3.5826087
3.6111900
3.6062914
3.7097435
3.5167635
3.5390327
3.4246746
3.5730238
3.5273024
3.7934505
3.6166923
3.5640804
3.4916601
3.4379639
3.3879744
3.7151373
3.7375814
3.5897961
3.1664825
3.4021325
3.3544873
3.2935418
3.1693755
3.3441764
3.5235552
3.3535884
3.3114135
3.3222145
4.0888721
3.5955682
3.2935553
3.4585529
3.1277969
3.2410339
3.4363907
3.5049269
3.2922586
3.1910461
3.0743729
3.1557014
3.2114067
3.6058793
3.3397587
3.7500946
3.2499070
3.2995098
3.3540509
3.3654446
3.8027829
3.4666059
3.1972942
3.9107614
3.4836347
3.6104072
3.3584742
3.9111706
3.9151051
3.2144810
4.1188855
3.4595650
3.0992333
3.1049818
3.5912363
3.1430067
3.4217016
3.4270753
3.3201630
3.5603762
3.7641293
3.3959700
3.7786115
3.7019195
3.6905246
4.2974951
3.4855424
3.3110912
3.6093677
3.2614170
3.1766003
3.4448480
3.5923484
3.0344594
3.3100865
3.2208525
3.3015317
3.1045035
3.0290560
3.1750419
3.4689861
3.3521698
3.3250078
3.1767191
3.0095179
3.3289133
3.0173085
3.1665359
2.9638839
3.0080430
2.7279801
2.8112972
2.9419835
2.6556317
3.0422161
2.7732870
2.9504287
2.9889575
2.7066024
2.5026491
3.0525204
2.3478116
2.6337316
2.9059394
3.0367859
2.6695855
2.6073697
2.7669446
2.6250750
2.7067115
2.5767995
2.8097530
2.9308713
2.8019764
2.6942044
2.5311112
2.9291700
2.9795321
2.5844730
3.2817850
2.7476432
2.6133536
2.7460473
3.0011229
3.1471542
3.0090995
3.0064368
3.2092232
2.5033270
2.4313495
2.6711837
3.1550906
2.2105592
2.7112077
3.2654365
2.3605088
2.6308808
2.4998959
2.8945173
2.6573477
2.9032608
2.9415855
2.5849229
2.6974832
3.4352771
2.7119432
2.6929595
2.6882355
2.1348420
2.9517860
2.8438999
2.8684440
2.8777595
2.7848155
3.1498021
3.0522767
3.1459892
2.9153872
2.8567577
2.6258426
2.5928156
2.6886354
2.6845237
2.5251584
2.6059117
2.7716997
2.7258180
2.7371629
2.6956195
2.8328331
2.6296558
2.6616535
2.7645989
2.7107416
2.8812026
2.9646027
2.5812004
2.5666025
2.7471335
2.6562166
2.5613746
2.5924739
2.5196831
2.5346191
2.5592178
2.4500519
2.5557312
2.6818263
2.7380523
2.6880050
2.8179180
2.6365712
3.0885939
2.9573589
2.9223961
2.4811740
2.7999075
2.4547122
2.4014996
2.8889046
2.6950413
2.5177567
2.8056322
3.0250462
2.7323592
2.6287658
2.3428014
2.6411886
2.5855912
2.5568529
2.9519801
3.0043983
2.5361317
2.4042575
2.5784295
2.5067900
2.6280195
2.5629191
3.5405777
2.8559794
2.8419943
2.7901794
2.3295195
2.5747767
2.5560311
2.5316885
2.4139812
2.3942117
2.3919979
3.0067292
2.6940708
3.2538717
2.3742316
2.7002130
2.4299313
2.7115623
2.3494487
2.8274538
2.2392658
2.9070913
2.4923938
2.6802361
2.8355528
2.7727739
2.5051738
2.4625270
2.7930528
2.3222802
2.6239905
2.6619263
2.3965935
2.5185187
2.6022857
2.3179314
2.5548452
2.2889831
2.4779924
2.6376192
2.5182626
3.0118442
2.3186328
2.3992413
2.9808992
2.8385185
2.3827819
2.1932512
2.4512679
3.0082949
2.9100960
2.3235628
2.6814752
2.7074196
2.6542710
2.8223935
2.4135104
3.1187586
2.5925627
2.7632249
2.9407419
3.2092100
2.8095067
3.2001318
2.8771714
3.0645988
2.4509849
2.9424316
2.5924776
2.6928064
2.8955422
2.9428042
2.9393945
2.6073449
3.0183441
3.0686396
3.1496563
2.9427649
2.3815842
3.5101102
3.2927920
2.8585244
3.0184699
2.8588468
2.8659995
2.6910989
2.8014013
2.7059877
3.1546486
2.5519746
2.5619210
3.0231016
2.5366912
2.7072752
3.3312711
2.9446466
2.7394608
3.2814323
2.6340369
2.9663934
3.5184090
2.9219750
3.4714052
2.7977141
3.2733271
2.8438585
3.1381139
3.1302587
2.9486149
2.4653384
3.3912309
3.1219401
2.7960138
2.8592484
2.8604232
3.3234945
3.2385783
3.0686219
2.6799492
2.7894677
3.1107075
3.3694298
3.7719416
2.6642142
2.4354410
2.4100307
2.4396917
3.0199277
2.6161620
3.1458905
2.9125737
2.3757867
3.3208052
2.9187754
2.9384094
2.6142665
2.6618808
2.1970093
2.0699037
2.8611655
2.3401149
2.5046777
2.1739850
2.4374545
2.9593893
2.2607286
2.6702851
2.1737898
2.9825747
2.7578627
2.5081454
2.4859556
2.4685161
2.5815594
2.8251748
2.5200338
2.9312783
2.6835248
2.4530269
2.5955420
2.8341050
2.8120526
2.9193688
2.9122672
3.0116391
2.5410780
2.9794216
3.0532574
2.9929713
2.4561622
2.4984056
2.5022860
2.3517089
2.3776050
2.7674665
3.0845502
2.3597582
2.4200010
2.4316172
2.6318553
2.1712829
2.4519807
2.7560251
2.7673732
3.1754092
2.1692082
2.3511677
1.9315321
2.1514294
2.1026155
3.0031738
2.7080827
2.9321765
2.0920094
2.8203899
2.5932046
2.4557955
2.4762133
2.8646321
2.3952665
2.2309872
2.6600051
2.8207633
1.9691422
1.9186968
2.1817102
1.8586607
2.1818903
1.8623480
2.1545086
2.3879033
2.2527646
2.3682465
1.7954842
2.5021910
1.8406841
2.6477814
2.1131128
2.3009003
1.9429302
2.1072909
2.1175381
2.4591394
2.0019282
1.8638917
1.9999785
1.6969614
2.2979885
2.3807917
1.8434085
2.7487526
1.8062687
2.4661556
2.5074941
2.6762324
2.2185460
1.7227787
3.1705729
2.1495302
2.5210919
2.5471038
2.1923847
2.2635229
2.0051797
2.5409215
2.5578417
2.3445954
2.1046110
2.0941496
2.5517100
2.3891433
2.0912092
1.8947610
2.3492682
2.6135205
1.9513460
2.4256493
1.7281018
2.2261742
2.0894335
2.4215252
2.4514395
2.1181098
2.4222500
2.3417029
2.1298505
1.8366818
2.5433862
2.4686350
2.3819455
2.0000151
2.0246776
2.3500285
2.3238867
2.2706573
1.7621325
2.5480259
2.8237149
3.4540575
2.4373679
1.6980993
1.9628717
2.5571617
2.1939878
2.3622518
2.2420978
2.5455027
2.6707770
1.9224610
2.3602023
2.3000811
1.7028917
2.5812652
2.2206923
1.5943268
2.0228335
2.4020916
1.9661749
1.9134930
2.3179727
2.1635897
2.0616442
1.7267741
2.1506669
2.5181539
2.1226217
1.7507985
2.6303493
1.6140699
1.7490605
1.6744964
1.9504397
2.0492872
2.5055480
2.0208049
2.1237101
1.9957762
2.8337437
2.3226433
1.6685369
1.7118737
2.0094049
3.0332747
1.8482771
1.9912209
2.1155453
1.8480727
2.5222366
1.5247534
2.0301197
1.8290236
2.0547040
2.1591760
2.2745587
1.7586657
2.4160413
2.1970320
2.3257235
1.9220429
2.2277336
2.1490671
2.0264086
1.9141405
1.7798159
1.9937113
1.9047252
2.0194638
1.7412171
1.9396157
1.8757611
1.8450029
2.5231844
2.0678031
1.9274385
1.9268461
1.9518029
1.8830016
1.9416152
2.8027192
1.7862020
1.6066653
2.6555099
1.7378723
2.8580931
2.4670935
2.0522351
2.2369630
1.7304172
2.5318885
2.6544060
1.8428253
1.7924681
1.8113051
2.0336540
2.5137610
1.7531615
2.4320265
1.8840316
2.7857236
2.1026607
2.0963885
1.9725653
1.9016109
1.6655466
2.1858595
1.8774950
1.4892072
1.6434613
1.6859869
1.8605275
1.5399624
1.6664276
1.6936196
2.0074952
1.5846850
1.7656019
1.3851604
1.9393036
1.7222180
2.0338524
1.5844618
1.8908528
2.0096076
1.3895514
1.8920767
1.6313509
1.6093161
1.7033547
1.5813815
1.6788435
1.7638898
1.8576842
1.5983194
2.2121857
1.6609773
2.3786622
2.4639250
2.0681582
2.2743411
2.3441186
1.8249870
1.7373778
2.4007860
1.4077102
2.1001655
2.4483694
2.2933892
1.9916013
1.6881295
1.9957413
2.1860006
2.0067000
2.0543647
2.4682578
1.8759482
1.5927530
1.8662312
1.9357777
1.6296602
1.8222847
1.7982565
1.6599157
2.0819298
1.6964983
2.1652665
1.9267542
2.0419139
1.9160911
1.5091630
1.8456145
1.8638998
1.9864724
2.2991813
1.8115832
2.1607544
1.8737820
2.0210227
1.8215374
1.7748939
1.8268173
2.3309002
2.4431803
1.5911811
1.7616861
1.7230578
1.6729629
2.1121908
2.0635525
1.6989768
1.6239667
2.0533756
1.9708686
1.9235629
1.7738482
1.9777663
2.1480045
1.6686924
1.9183323
1.8850436
2.1463372
1.6684192
1.7852158
1.8533706
2.0083655
1.7838454
1.8885270
2.0333527
1.8871932
1.7538291
2.1491363
2.3633700
1.8873242
2.0313316
2.2325670
2.2033592
2.0499235
1.9548214
2.1627868
1.9050521
1.7604699
2.2954336
2.0052378
2.6260421
2.8554472
1.9298366
1.9651915
2.1040799
1.9948785
1.9821815
2.4927911
2.3156780
1.9610041
1.8488549
1.9136647
2.4105991
2.6392684
2.4644636
3.3313085
2.2412716
2.0621686
2.6676835
2.3865109
2.9140432
2.0892449
2.4894379
2.9094836
2.5484801
2.3440603
2.6360864
2.2834199
3.2479085
3.0356158
2.3894923
2.5199038
1.8047988
2.1932472
2.4773785
2.0798983
2.4635600
3.1558514
1.8331616
2.4781139
1.8421688
2.3436312
2.0350425
2.0160566
2.3196178
2.5690975
2.7639978
2.0715671
2.1200000
1.4262069
3.2817674
2.4028083
2.8635446
2.0442542
2.5892199
2.8109778
2.8081862
1.6735815
2.7858356
2.2148183
2.5201754
2.6594311
3.3006702
2.1016948
2.5070063
2.0979740
2.1231336
3.4560888
1.3670397
1.8024401
1.4261951
2.0645268
2.0954702
1.8437298
1.4785138
2.0582551
1.5438086
1.4674715
1.5750366
1.9017443
1.2065194
2.1831966
1.8770652
1.6363047
1.3693756
1.1081259
1.8004558
1.2322188
0.9321058
1.7794596
1.6139047
1.9327716
1.4833404
1.5797907
1.4650227
0.9713688
0.8134835
2.0047957
1.4606628
1.4629687
1.5593357
1.7014615
1.9300156
1.8314177
2.0703649
1.8281793
2.0505016
1.8551352
1.5000908
1.8738423
1.2665966
1.2706337
1.7458822
1.5151500
1.2716215
0.7700912
1.2481617
1.2382622
1.0867460
1.3796968
1.1159026
1.3985596
1.5201328
0.9346942
1.1337889
1.2980114
0.8508658
0.6632771
1.0299951
0.7506021
0.9749306
1.2065351
1.2243221
1.0052804
0.9636312
1.1283615
0.5623206
0.8517443
0.9126418
0.5510429
1.3037925
1.1061701
1.3874104
0.5991595
0.6439281
1.6600407
1.7552511
0.9608872
1.1692278
1.2965730
0.9589341
0.6969773
1.5674088
1.9104334
1.3997191
1.3126084
1.4467882
0.7654543
1.0131745
1.4783468
1.8716184
1.6913879
1.5702337
2.0251996
1.3095294
1.7315872
1.6958093
2.0995035
1.8006006
1.9001693
1.8877859
2.0438999
1.1849525
2.5088476
2.0564909
2.7279287
2.5949006
1.0060843
3.1583100
3.0096870
1.4096296
2.2867384
2.5554856
2.2057970
2.6069795
2.7905964
2.8075366
2.3650117
2.1644356
2.3400766
2.2721358
1.9275077
2.8345941
2.2526214
2.1056813
2.2387471
2.3406319
1.9710023
3.3464222
2.8960787
2.3136481
1.8765417
2.4314946
1.7861820
2.2552207
1.8226727
2.3262382
2.0755432
2.1077696
2.3265101
2.3038231
2.1099331
2.1944808
2.2207549
2.4270304
2.2669485
2.0400116
2.2153432
2.2239662
2.1532291
2.2678335
2.3467225
2.4011166
2.3638594
2.1550114
2.4787825
2.4078087
2.2157758
2.3346119
2.4483577
2.6954788
2.4406298
2.3527783
2.4234512
2.4713989
2.1424763
2.8217422
2.5618877
2.3809258
2.6723381
2.3924541
2.6432296
2.5012592
2.6237116
2.6420185
2.0591384
2.6987190
2.4722538
2.7471920
3.0270391
2.8759929
2.7363171
2.4620711
2.4304741
2.4411448
2.6073259
2.3931578
2.2802064
2.6135555
2.4189849
2.3041877
2.4765071
2.3808529
2.4401984
2.1835204
2.3286169
2.2328532
2.7205689
2.2129729
2.2582680
2.1763904
2.6035756
2.0095067
2.4395955
2.3228021
2.7471507
2.3252409
2.2294841
2.4416961
2.2759525
2.3747082
2.3288513
2.1438540
2.3397565
2.1395759
2.3700887
2.2944181
2.4110846
2.3212474
2.6573095
2.9333844
2.4060517
1.7601832
2.0760219
1.9650643
2.2393302
1.9052589
2.1015517
2.4885840
1.9868094
2.0385506
2.1907247
1.9674933
2.0970065
2.2485866
2.0961931
2.1336828
2.3327787
2.0156298
1.9984971
2.1454873
2.1870198
2.0047152
2.3002202
2.1378743
2.1500444
1.8675512
2.0718752
2.5242672
2.1497443
2.4230281
2.0031245
2.2171056
2.0362569
2.1845963
2.3990764
2.7365595
2.0868125
2.4679740
1.9431458
2.1016670
2.8443952
2.4841797
2.3173915
2.6696797
2.9194943
2.0184419
3.0804174
2.6081239
2.8849856
2.4388204
2.6816198
2.7080036
2.9920722
2.2947159
2.5325428
2.5475665
2.6431018
2.4934677
2.9600588
2.4662128
2.6265861
2.7598903
2.6319357
3.1706324
3.1608265
2.8861681
2.7050222
2.7677305
2.7739780
3.0734582
2.9705205
2.9494940
2.9381205
3.3739594
3.4737423
2.9378326
3.2852811
3.2440756
3.4776401
3.2500842
3.3228205
3.0787844
3.2715330
3.0674601
3.0657314
3.1906514
3.1629044
3.2073080
3.1138424
3.2954970
3.1388200
3.2144859
2.9910231
3.0747853
2.9960435
3.2904458
2.9430607
3.7555988
3.3954662
3.0626573
2.7288066
3.1882737
3.2470868
3.0219656
3.2399050
2.6965146
2.5829239
2.8839676
3.0629392
2.8175432
2.4920771
2.8030338
3.1830791
2.5235806
2.8880975
3.0413471
3.4564232
2.9052428
2.8686415
3.1046097
3.1012103
3.0769850
3.2557718
2.8575297
3.0819807
3.3667479
3.3327826
3.3608820
2.9884890
2.9218014
3.1908870
2.9062874
2.9697558
2.9166948
3.2453477
3.0355670
3.0731228
2.6892226
3.4091753
3.3469275
3.2752456
3.1718715
3.3956621
3.2972252
3.3402935
3.1364035
3.1898045
2.9484926
3.1624837
3.0544165
2.9703979
3.1073697
3.1615035
2.3369457
3.0580839
3.1764971
3.0942780
2.8858923
2.7060459
2.6110010
2.9819078
2.6728571
3.0667865
2.8474495
2.9705868
2.9088031
2.8596775
2.6904856
2.8968432
3.1319090
3.0674122
3.2111093
2.6866104
3.0264310
2.5055998
2.5977073
3.1912314
2.8325618
2.9602530
2.9294558
2.7953688
3.0281570
2.8331338
2.8614667
3.0637034
2.8494357
2.9082313
3.0097530
2.9770896
2.6077737
3.0537532
3.0563681
2.7338259
2.8319864
3.0284919
3.1544564
3.0833186
3.3357664
3.1383647
2.8450837
2.9558565
2.9029460
3.1191913
3.1703395
3.1454651
3.0347903
2.9367956
3.3380606
3.4685358
3.6649544
3.1276731
3.1518041
2.8753205
3.2734705
2.7792791
3.2426696
2.9241631
2.9337824
3.0556358
3.1970129
3.1638714
3.2903041
3.3388413
2.4625026
3.1564265
3.1971059
3.2816704
2.8798538
3.3636103
2.9339928
2.9918514
2.8036267
3.2201934
3.4751218
3.2572273
3.1092117
3.0506124
3.1744719
2.8212073
2.8526029
2.9494727
3.2622703
3.2069137
3.1315977
3.3071833
2.9799906
2.8830473
3.0008323
3.1059450
2.7320578
3.2615601
3.3238944
3.2005114
2.6053500
3.0553692
2.9764080
2.9517286
3.0030375
3.1710396
3.1511792
3.1265943
3.6687807
2.9138569
3.2304693
3.1855077
3.2868583
2.9488154
3.3888701
3.1782874
3.1673358
3.1211978
3.1325302
2.8597855
3.0302763
3.1126217
3.1169139
3.0454909
3.0538080
3.0439211
3.0212459
3.0212332
2.9862163
3.6895560
3.3823386
3.0326543
3.0956670
3.0777625
3.2403669
3.0801677
3.0943693
2.9534071
3.2202298
3.4165119
3.2828124
3.5297363
3.2111718
3.0768574
3.1692673
2.8943927
3.1756552
3.0435752
2.9386145
3.1103501
3.1371205
3.1005779
2.8997179
3.1846653
2.9974356
2.9672725
2.8124288
3.0010192
3.0043122
2.9718388
2.8308501
3.0768720
2.9305134
3.2722854
3.0755040
3.0189967
3.2560520
3.0442607
3.3288632
3.2025998
3.0497173
3.2425636
3.2223132
3.4251413
3.3261705
3.1494766
3.1280759
3.1279974
2.9484282
3.6733383
3.1630737
2.9909178
3.2167361
3.3295182
3.1390167
3.2860247
3.0894782
3.2567872
3.0462879
3.1933512
3.1517090
3.2260272
3.1177579
3.2060842
3.3127039
3.1033820
3.1371930
3.1656877
3.1576080
3.3261076
3.3746161
3.2528751
3.3250744
3.4474233
3.2727685
3.5740750
3.1597289
3.2865673
3.0885474
3.0873007
3.3489906
3.4801190
3.1633229
3.3454040
3.8494396
3.5527983
3.7669260
3.5653551
4.4394262
3.4406746
3.7872754
3.4191089
3.4556536
3.4997916
3.9645656
3.4591838
3.2902064
3.3277349
3.5969572
3.4384245
3.4742728
3.6815656
3.6145483
3.7026633
3.3737182
3.3857697
3.5994958
3.3996272
3.2479513
3.4729980
3.5302265
3.6811956
3.7079295
3.4485729
3.4832408
3.5275774
3.3461190
3.4235152
3.3567021
3.3565495
3.2256506
3.0400988
3.3784911
3.5648514
3.3992958
3.1743912
3.3265092
3.9078248
3.4304581
3.2522269
3.3144353
3.6947894
3.2006566
3.0582725
3.1761384
3.1950768
3.2922265
3.0428748
2.8881468
3.0044708
2.8553682
2.8121301
3.2434328
2.8081012
2.9253787
2.8983536
2.7521198
2.9788960
2.9246489
2.8586304
2.8911143
2.8264306
2.7358584
2.8680236
2.9876183
2.7084024
2.8573834
2.8444967
2.7437161
2.8374032
2.6647936
3.0806226
2.9511115
2.8764884
2.7478276
2.8524942
2.7026509
2.7147332
3.1222776
2.8431743
2.7072278
2.9882411
2.8770236
2.7706082
3.1814507
2.9365433
2.8093494
2.7486163
2.8458376
2.7295121
2.8405146
3.0969244
2.8700862
3.3362115
2.8336548
3.0419052
2.8514307
3.1800955
2.9215416
2.8621879
2.8860395
2.7641666
3.0695129
2.9621706
3.2110669
3.1714008
3.2305650
2.9210969
2.7667980
3.0002887
3.0752554
3.0950119
2.9796734
2.9701262
3.1664381
3.2489168
3.2612011
2.9495640
3.1168317
3.5449301
3.0557020
3.1479095
3.1877795
3.0931759
3.2125809
3.1076461
2.8558235
3.0023677
2.8932187
2.7956212
2.8701465
3.0562009
2.7531651
2.9087652
3.0763759
2.9901950
2.9919277
3.0805759
3.0276632
3.0692597
2.9438832
2.9008399
3.0218894
3.1148764
2.7272919
2.7762182
2.7752116
2.6817232
2.6779146
2.8431325
2.5693457
2.8127048
2.8870226
2.6834827
3.2638148
2.7371347
3.3688969
2.8809886
3.1141501
2.7150581
2.7748362
2.9914850
3.5010406
3.2157741
3.0882438
2.5725173
2.7218433
2.6926103
2.9608491
2.7483676
3.1449072
2.9510794
2.8783808
3.0069713
2.9618539
3.1241752
2.8830998
2.8662742
2.9103384
3.2411683
2.8376293
2.8281593
3.0259164
2.9650766
3.0186775
2.7956487
3.1888336
2.7202080
2.7895563
3.0361562
2.6557189
2.7184715
2.7719439
2.8866322
3.1696201
3.0532683
3.1392788
2.8652546
2.8349774
2.7299167
2.9066280
2.9657045
2.9550534
2.9004913
2.9606342
2.9626846
2.6091047
2.7547407
2.8071628
3.5636627
3.7206364
2.6496885
2.7006203
3.2032935
2.4341388
3.1521350
2.9511946
2.7295013
3.0867265
2.5969555
2.9856464
2.7700100
2.9382498
2.5382912
2.5484377
2.8611987
2.8795220
2.6400351
2.4771076
3.0300275
2.6577042
2.4585476
2.1793702
2.7971681
2.7332721
2.5217419
3.5297886
2.5368676
3.2467080
2.4350370
2.8433653
2.6102071
2.9024609
2.7454452
2.9786768
3.1895861
2.3146171
2.3346093
2.5077313
2.3797821
3.3343845
2.4991888
4.9547754
3.5174177
2.8147160
2.8110028
2.9711317
2.6155794
2.6656066
3.3165992
2.5920815
2.8949044
2.7552731
2.6350447
3.1640020
2.6317283
2.9441174
2.6895790
3.0562817
3.4444389
2.6366022
3.3284311
2.5888822
2.7244342
2.9771518
2.9954653
2.9006035
2.6187615
3.1548741
3.4278706
3.2239333
2.8388524
2.6088773
2.7135479
2.5177841
2.6474620
2.8155359
2.5514074
2.7945145
2.7213781
2.8800085
2.4486274
2.6151962
2.9903924
2.7323294
2.6941423
2.6518845
3.2831776
2.6371765
2.7507712
2.5631676
2.8417435
2.9152894
3.2106338
2.8111610
2.9784994
5.7134679
2.6503503
3.6773521
2.7543019
2.8320654
2.8112926
2.8906783
2.6525160
2.6346490
3.0524934
2.9857917
2.8214825
2.9704232
3.1379048
2.7031612
2.8088847
3.1956830
2.9851151
2.8916832
2.8921459
2.8974634
2.7684682
2.7459315
2.5814581
2.4853857
2.7977599
2.8866035
3.0244557
2.9893142
2.5752585
2.7770328
3.4161768
2.6202404
2.9954098
3.9006064
2.8177680
2.7210166
2.6007413
3.1455757
2.9900795
3.1145821
3.1116150
2.7065393
2.5198109
2.8012576
2.8788727
3.6666694
2.9605185
3.0268383
3.3787230
3.2340033
3.2562534
2.8971756
3.4226655
3.2136600
3.1951113
3.2328641
3.2013227
2.6114108
2.8124189
2.9046997
3.1349464
2.6315402
3.0875288
2.7239896
2.6974315
3.0664682
3.3646674
4.6777651
3.0355191
2.4968028
3.2924409
3.4087395
2.5621946
3.0007441
2.6836790
2.7828741
2.6291033
2.8627246
3.2005013
3.0006195
2.6491103
3.0219190
3.1365811
2.8624417
3.3457623
3.1618957
2.9547907
3.0120775
3.2710502
3.1716173
2.7701132
3.0730185
2.6018631
3.7917196
3.3230642
4.3459538
3.1913872
3.3151582
2.7064649
2.6512931
2.6979819
2.8453620
2.7335721
2.7729555
2.8983183
2.5890150
2.7931476
3.2922568
3.0683402
3.2079104
3.4399468
3.0520084
3.1694791
3.2629558
3.5360068
2.9879460
3.4450187
3.0517558
3.5933922
3.0244842
3.2084894
3.2855528
3.0032179
3.7401043
3.0077001
2.7528762
3.7131795
3.1422474
2.9803033
3.0147739
2.7251809
2.9442797
3.1107797
2.5741795
3.2387215
3.0554674
2.7236531
3.0053725
2.8919719
2.7121238
3.0025755
2.4764405
2.7308789
2.4927844
2.5600155
2.5806094
2.6242270
2.6922974
3.6856266
3.7467406
2.8651760
2.9780442
2.8134719
2.7757094
2.5508288
3.9660250
2.3467352
3.8718666
2.5752379
2.6565661
2.9482399
2.7689810
3.4515140
2.5726992
3.1829983
3.0004847
3.2371109
2.4825194
3.0427845
2.6501268
2.5698254
2.7460278
2.5891745
2.4783958
3.1031281
2.9979506
2.6910500
2.7340452
2.5840508
3.0125377
2.4997657
3.0054316
3.0424923
2.6403661
2.7514211
2.6507988
2.5776365
2.9846774
2.8542392
2.9104098
2.9041563
2.7016162
2.9152680
2.6866527
3.4172615
3.0113485
3.6385311
2.7433237
2.8120411
3.2611017
2.8096671
2.9935306
2.8531677
2.7339218
3.0773252
2.8249448
2.7931817
2.7899683
2.5515960
2.6251873
2.8070120
3.7254417
3.9417330
3.1953122
9.1859151
4.4826229
4.8431679
3.7139163
1.9630313
2.4645978
2.5370374
3.7782627
2.8774508
4.1331158
3.0463111
2.2309500
1.9286954
1.8122635
3.4487247
2.5712334
3.5786221
3.6118034
2.4987994
2.5648329
5.9915778
2.3976796
2.3487555
3.8028781
7.6453610
2.2628050
3.4733988
4.8118129
3.6909997
2.2020717
2.3039390
1.7607147
3.1386698
3.0001230
4.2959169
5.9239496
5.9088578
5.5523301
2.9400311
3.2430930
2.5063125
3.4038700
2.0415112
4.7551730
4.5596986
2.5634091
3.1165972
8.0263322
4.4557272
3.1353838
5.7897779
4.9674897
10.5737705
4.0393330
3.0865222
1.7638095
2.7873102
2.8064768
2.5824589
4.1331143
3.2365919
4.3738311
5.0551714
3.8522307
4.0615699
5.2665905
2.0818132
5.8672326
6.5216385
6.2059762
3.2988448
2.6266164
2.3623409
2.6174941
1.9192460
2.7239204
1.6099262
4.5165121
3.2184002
3.2610591
3.0134758
2.6463959
2.3553798
3.7431024
5.4522399
3.8564715
5.4937596
3.1260390
4.1715740
2.4807926
2.7456281
2.9235737
2.7336256
2.7922080
5.7915581
3.4819301
2.9619036
3.0180579
3.6852706
3.4840306
4.6283598
3.2222293
4.0510869
3.8626344
3.6171335
3.0525022
2.6683763
2.2667488
2.3982924
2.8422148
2.4777590
3.9224084
3.1305215
3.9490909
4.4906125
4.7704949
2.8389621
3.1031361
3.4633689
3.2090997
4.5837411
4.6152111
4.2384453
3.8168110
3.7753201
3.1214839
3.2650375
3.5573783
2.9286422
3.8077830
3.1665695
3.1923109
4.3418526
4.3004429
4.7375869
3.7186728
2.3975344
2.9153627
3.2661407
2.7396486
2.3765572
2.8354252
2.6719688
3.9137456
2.4915828
3.6213506
3.0104847
3.5241716
3.2797697
3.3157437
4.0444730
2.8543331
2.9944805
5.3350104
4.8911719
4.1771741
4.8423152
5.0396398
4.5922479
4.3643816
3.1271566
3.5669132
2.6528485
3.4422547
3.0332475
4.2680446
4.9700327
2.3238905
2.6514366
2.7316585
5.2154691
2.2653366
2.1712244
2.2779067
2.3906476
2.5497209
2.8976940
2.6223596
2.2146275
1.9258225
2.5643667
3.8687712
3.4416858
2.9602645
2.6299937
3.5688960
3.4175540
4.9257284
5.2780348
3.3945630
7.2519749
4.5885820
5.3278616
5.8204159
8.2891812
4.0248881
3.0113372
4.4996018
3.6398946
2.6802729
3.9286080
4.3650152
4.1511963
4.7469251
4.3936977
3.3291757
5.3972760
4.7793345
4.9877996
4.8841263
3.2364330
3.1472586
3.1994110
2.6764631
3.2604721
4.1545424
3.8655693
3.7285230
2.7300341
3.9961308
4.4042991
3.9165914
3.7138848
2.7606035
3.5849503
2.6798276
3.0883551
4.7450303
2.9557831
3.8400111
3.9245276
2.7197179
3.7015538
2.3548498
4.3732609
4.4280183
5.0449694
4.4432918
5.1093748
4.7397823
4.5547763
4.2627628
4.6667150
4.3089388
5.7340414
4.3170650
4.3034359
4.7605959
4.1651476
3.4154585
4.6620101
3.2817816
2.9420826
2.2759714
3.0035768
3.1545113
3.5339923
3.3186090
2.6862524
2.5053392
2.5243676
4.3532540
3.2320430
2.4185311
3.2510076
2.6999976
3.3553153
2.8911304
3.2550366
3.2096933
3.1771927
3.6553354
2.3588629
3.7931483
3.3706290
3.1100092
3.5197785
2.9139759
3.2278428
3.0489179
2.8986905
2.5424575
2.6061709
3.3471961
3.7588225
2.8562132
2.4473843
2.5739731
3.3270642
3.0082906
3.2819293
2.3201799
3.6133346
3.5345795
2.9956069
3.2139087
3.3899528
2.7932728
2.9897385
3.0895263
3.4601261
3.0994988
3.3478236
2.7931810
2.9998409
3.4951678
3.0109168
3.4394979
3.4578629
3.5218100
3.3028537
3.2810620
3.1792427
3.3173004
3.4168640
3.1115152
2.7968006
2.8409176
2.7019002
3.4923823
2.7993915
2.9535885
3.0384117
3.0683198
2.7282825
2.8878240
3.7639422
3.2212472
3.1160799
3.3930133
3.5505528
3.4529216
3.7096179
2.5955300
3.3994952
3.0570016
3.4645609
2.8370146
2.8626349
2.5609556
2.6731144
2.7560856
3.0755992
2.7171992
2.5638321
3.1360719
3.4781916
2.6447802
2.6682683
3.0570257
2.7775830
2.7483706
2.4123180
2.8490292
3.1730183
2.9160467
3.1156481
3.0463212
3.1797927
3.8304581
3.8202523
3.3335753
3.5331810
3.2239135
3.7754659
3.2351120
3.3826169
3.0804659
3.0711872
3.3885172
3.3783299
3.2910278
4.1757941
3.8284849
4.0610831
3.9935243
4.1773004
4.0704195
3.6409442
3.6549534
3.7816434
3.9183619
3.8973632
3.8373217
3.8314409
3.4784098
3.7957539
3.6314024
4.5661336
3.8673601
3.8106075
4.1934799
3.8261382
3.6473037
3.6683309
3.6515007
3.6568558
4.3138126
3.8119012
3.9682294
3.9020481
3.6849941
3.2628368
3.5526469
3.5692929
3.9361592
1.8130233
1.5729326
1.7881697
1.8093143
1.5090497
1.9916074
2.0721121
1.4626321
1.1963432
1.9496643
1.7609198
1.5244005
1.8157387
1.7272738
1.4878267
1.2609635
1.2804876
1.3359129
1.1331942
1.1215274
1.1364977
1.2469348
1.5982802
1.0193459
1.1358977
1.0578326
1.1560883
1.0705762
1.1920444
1.4465819
1.1017038
1.1766662
1.1000753
1.0764757
0.9450175
0.9428772
1.0245144
1.3267484
0.8372125
1.4380028
0.9709569
1.5262725
1.1999339
1.3968161
1.5902583
1.2508243
1.4128715
1.2193402
1.5738659
1.1606742
1.3404218
1.3860016
1.5485300
1.0091616
1.3868479
1.2030056
1.3431152
1.1079131
1.2092198
1.3129814
1.3352826
1.7470766
2.0851230
1.8590057
1.4558722
1.4120684
1.7286265
1.5328257
1.5162902
1.2423022
1.7107841
1.5216634
1.8158703
1.6109619
1.4647693
1.9488758
1.7724674
1.7033350
1.4982810
1.4302244
1.3484160
1.3794403
1.5461384
1.8058852
1.1374050
1.4035360
1.1127170
1.3810806
1.5152685
1.9031548
1.5156593
1.4335898
1.7439941
1.5489587
1.5876098
1.5028379
1.0617326
1.2912306
1.0651139
1.2799831
1.6237809
1.4074370
1.3991230
1.6376788
1.5903886
1.3890508
1.2821860
1.2619817
1.2986615
1.3118831
1.1122922
1.2151367
1.3293497
1.2860248
1.4355830
1.4086563
1.1456594
1.0870435
1.1752449
1.2914265
1.4118876
1.4216621
1.3497203
1.4125980
1.1791791
1.2468365
1.1733368
1.4079744
1.1710545
1.5898025
1.3411958
1.3601138
1.9741395
1.5423398
1.5949504
1.3286615
1.3920701
1.7733440
2.0842250
1.5717305
1.2689498
1.1836659
1.2459149
1.1310170
1.2510906
1.4907313
1.8790664
1.3981850
1.3500473
1.5451294
1.0854206
0.9925868
1.2818784
1.3442595
1.3160868
1.3450250
1.2250153
1.8752744
1.5614222
1.6976578
1.7072150
2.2680842
1.8119665
1.9089170
2.0455555
1.7187465
1.3283493
2.3862240
1.3957358
2.1221609
1.7947156
1.6040454
1.7795466
1.9872395
1.8533283
1.6314330
1.6527382
1.2939269
1.4459985
2.0070901
1.9161904
1.6660382
1.6613369
1.8298314
1.5656365
1.7223581
1.8535891
2.3619035
1.7386121
1.7687447
1.3650352
1.6749518
1.5226714
1.4480817
1.6511133
1.8430446
2.0446787
2.0792135
1.7609275
2.2721313
1.9612728
2.1536932
1.6734337
1.9343082
1.6665381
1.9687060
1.9863789
1.7091178
1.6794665
2.0238829
1.6351184
1.7007041
1.8701013
2.0954479
2.1424588
1.7634240
2.1296128
2.2303450
2.1493054
1.9985628
1.4169722
2.4295291
2.7644434
2.6187313
2.2249611
2.7641424
2.6880969
2.0028305
2.7477112
2.9046602
2.6476981
2.6602111
1.9798923
1.7812959
1.9281311
2.0521586
1.8351079
2.3514416
1.8410554
2.1438639
2.0851765
2.1302012
2.2439379
1.8504906
1.8098814
1.8832651
2.4371913
3.0041516
2.6417549
2.5403774
2.8287661
2.5355133
3.0463672
2.7243691
2.3063861
2.7176494
2.8994698
2.1381070
3.2225402
2.7307257
2.1794948
2.3164382
2.5854728
2.9103509
2.6123623
2.5012939
2.3989256
2.3116593
2.4242303
3.2545045
2.4651168
2.4995846
2.3650697
2.3015053
1.7841233
2.8561199
2.2714966
3.6364869
3.0648234
3.2417306
3.8381150
2.7679122
2.4186340
3.5261865
2.4948326
2.4764665
2.6897452
2.6943350
3.2756462
2.7494213
2.2417585
3.2644810
1.9224444
2.7026585
2.6032285
2.9283736
2.7389834
2.4659191
2.3650644
2.8752158
2.6626413
2.5695628
2.2649420
2.8238786
3.3842045
3.5624524
2.8306332
3.1749137
2.4199985
2.8534307
2.5546519
3.3202089
3.0722594
2.6740921
2.6424543
2.6885209
2.1048016
2.2404721
2.0531465
2.7707952
2.1275357
2.3920962
2.4943334
2.1133312
2.7413793
1.8070312
2.4236470
2.1467123
2.2246188
2.2142658
2.7456674
2.3021215
2.5856364
3.0203736
2.5473036
2.6805780
2.7002209
3.2373542
2.5029074
2.7790315
2.7501760
2.2569375
2.2136535
1.9868422
3.0490940
2.7602417
2.3510784
3.0206137
1.8750794
2.5177540
2.1779763
2.1495066
2.3366240
2.5075708
2.3399866
2.5141892
2.2609477
2.3231970
2.4591861
2.6032321
2.3601974
2.8675843
2.3911802
2.7743476
2.3642636
2.9910263
2.7429615
2.4996431
2.7694126
2.4776050
2.3861306
2.5829460
2.7813238
3.0110989
2.6120855
2.2517048
1.9339359
2.4315369
2.5066536
2.5932501
2.4213690
2.9583289
2.5664289
2.3732750
2.0012394
2.1404770
2.4349510
2.6853000
2.4439888
2.3099706
2.7055590
2.4360668
2.6889031
2.3975399
2.3811570
2.3247407
2.7497569
2.5387908
2.4783865
2.5764102
2.7806639
2.4299262
2.5864025
2.5998288
2.5486930
2.3967495
2.7673680
2.5041070
2.5701327
2.1616536
2.3929989
2.1991329
2.1770359
2.1839283
2.7557785
2.6411944
2.2278279
2.4139515
2.6678466
2.0919856
2.3602538
2.4715146
2.4490692
2.5453513
2.5257417
1.9468897
2.2546907
2.1079617
2.2663513
2.2158774
1.9659873
2.0694099
2.0685249
1.9473756
2.1173398
2.3953158
2.3139679
2.0892810
2.0747449
2.0517124
2.5114110
2.3864084
1.9307036
2.0742734
2.2214946
2.5576916
2.2317205
2.0393885
2.1581222
2.1279206
2.1618594
2.0073742
2.2898390
2.5050714
2.7327413
2.1543177
2.0036083
1.8177798
2.2244845
2.0248418
2.2700058
2.4758169
2.3541524
2.4876826
2.2647634
2.8116347
2.4669144
2.5354276
2.5917531
2.7579141
2.2255949
2.5325411
2.5475206
2.5697638
2.6807356
2.5064716
2.4687411
2.6229180
3.0979729
2.4200177
2.1097872
2.9933698
1.9989701
2.5529564
2.5474208
2.6904307
2.4399356
2.3373063
2.1449817
2.1394826
2.1901289
2.7762612
2.6485048
2.6597614
2.6728588
2.2938466
2.8382642
2.7300824
2.6932885
2.7814673
2.8487445
2.8575286
2.6950005
2.7882723
2.5158072
2.6076533
2.9801326
2.6553850
2.8673864
2.6790221
2.3036189
2.7566911
2.4411059
2.6350778
2.3596858
2.2572142
2.1809290
2.5100408
2.5824894
2.2571610
2.2340155
2.3575946
2.5066135
2.5621822
2.3529972
2.5389540
2.4756184
2.5793044
2.5320626
2.9666101
2.9953077
2.2680623
2.7150417
2.5295279
2.7943302
2.4412970
2.2893681
2.3649380
2.3557120
2.8553633
2.4275228
2.5648717
2.2525728
2.5320760
2.1064053
2.2685690
2.2138195
2.0615408
2.2530125
2.4103101
2.0209848
2.2565078
2.2264421
2.5657631
2.6431985
2.4245656
2.3128899
2.6576258
2.5923795
2.6876169
2.1101130
2.4336150
2.1023549
2.5030490
2.5037084
2.4990426
2.3316813
1.9370386
2.3415691
2.1618296
2.0257491
2.1348683
2.2635363
2.3001475
2.4186619
2.2824077
1.9286515
1.8305768
2.5088473
1.7505608
1.8695205
2.2316625
2.5718043
2.2842466
2.8463434
2.7108292
2.3274205
2.2906448
2.3574358
2.5495183
2.6836182
2.7109704
2.5967341
2.0158324
2.5354100
2.8173062
2.7504240
2.7829098
2.6915167
2.2500111
2.5143065
2.5612847
2.6731355
2.2544204
2.4182096
2.3501333
2.7799006
2.5781061
2.5053743
2.6742475
2.5722792
2.7598114
2.2623350
2.8923942
2.8312609
2.9888354
2.4902177
2.9667932
3.0271123
3.0407206
2.9143130
2.9166017
2.8071248
2.8282439
2.9225660
2.7627732
2.8230062
2.6988882
2.5924722
2.7092693
2.9738051
2.5461651
2.7612909
3.1374197
2.6243068
2.3823433
2.8046041
2.9023998
2.5511090
3.0811258
2.7363276
2.4402582
2.4547741
2.4495360
2.6025587
2.4789715
2.5523345
2.5691048
2.3769228
2.4510996
2.5362855
2.4628402
2.3923285
2.4131092
2.6687646
2.5373336
2.4369622
2.3633905
2.5018248
2.5028725
2.5386397
2.7312107
2.2142172
2.2554385
2.3007626
2.5048227
2.5150974
2.3441508
2.5821853
2.2681124
2.5514474
2.3325088
2.2533989
2.0637430
2.4714976
2.5125306
2.5532090
2.3092823
2.1515680
2.2603968
2.6208494
2.5001321
2.3106460
2.3745224
2.4965931
2.3545461
2.3515474
2.5077635
2.4185691
2.2246434
2.3915665
2.6422086
2.5450982
2.3192790
2.1180130
2.4324427
2.5673184
2.3260922
2.2317150
2.5444093
2.2638163
2.5702570
2.4884245
2.2441168
2.1996893
2.1144873
2.1419279
2.4177715
2.3418498
2.4793128
2.4282964
2.3561052
1.9608384
2.3060409
2.1728513
2.0701535
2.2938199
2.3085135
1.9799602
2.1065317
2.8132687
2.4838549
2.3796308
2.3669859
2.3376451
1.7602023
2.1396793
1.9843617
2.0291241
1.7695448
2.4322774
2.0626204
2.1979032
1.9106995
1.8652788
1.7698268
2.0942943
2.0040554
1.9360041
1.8082695
1.7384284
1.7955898
1.8339145
2.1295434
1.8896961
1.9444685
1.8698982
2.2973711
1.8063704
1.9123771
2.0225773
1.5615927
2.1095818
1.6022001
1.6812464
1.4430891
1.9711027
1.7270459
1.8012472
1.8698728
1.8410168
1.8933317
1.7357513
1.8037437
1.5901990
1.7826762
1.6770067
1.5467338
1.8181767
1.8233849
1.7027540
1.8452738
1.5180360
1.6089471
1.5974519
1.5946646
1.6571561
2.0627699
1.9958108
1.8538072
1.5464325
1.5130095
1.1939091
1.3272282
1.3210553
1.0728824
1.3907061
1.2219029
1.0906729
0.9217972
1.2509999
1.1400123
1.0530398
1.0151836
0.6422030
1.2914773
1.0816271
1.0998147
0.9153009
0.5145676
0.9326815
0.5756409
0.8375858
0.7746416
1.2513470
1.0651486
1.2900313
0.6093052
0.7911832
0.9703516
0.8589758
0.7360639
1.3449483
0.9287696
0.5946208
0.8216757
1.6269995
1.1260421
1.1850938
0.8247139
1.0449290
1.4514327
2.2555872
1.0201196
1.2081911
1.4777307
1.6464596
1.3813590
1.3040530
1.0241412
2.1558699
1.1685784
1.2480084
0.6228878
2.0811385
2.3906754
1.7091094
1.5598610
1.3583984
1.8491779
1.7488853
2.6179451
1.3827640
1.6468346
1.7144201
0.6331173
1.9545092
1.7171680
2.6160729
1.2517521
1.3485267
1.3566226
2.0177441
1.1714539
1.7313880
3.0971400
2.0639531
1.7126126
1.4315732
2.4819527
2.0330415
1.6172279
1.5763756
0.5229287
1.1918495
0.9598290
1.3991000
1.1919341
3.8786980
0.7980208
1.9756154
1.6846443
0.8145341
1.2330687
1.1655108
1.5197123
2.4622035
3.2492085
2.0154428
2.1155611
3.7526286
1.0238696
2.5542430
2.8746619
3.5262351
2.2023665
1.6350071
0.7636613
1.6109984
1.3388003
3.2248759
1.9046322
1.0533986
2.3138081
1.4509901
2.1151654
4.5010911
1.1896241
4.1998368
2.2443894
1.0703758
1.0294449
3.2052071
0.7358203
7.7703938
4.2142336
4.4609328
2.7562038
0.9855651
3.9041376
2.6498543
0.8015275
1.7969249
2.3333807
0.8910733
1.6610875
1.0989065
2.2231723
0.8558454
1.0843783
3.1926833
1.7407527
1.8993018
1.3913403
1.1895096
1.8137201
4.1415609
1.5031554
2.1992102
0.9830792
1.0023152
2.2540820
2.6993564
1.2891540
2.4720847
1.8948930
4.2091322
4.0626022
2.6998421
2.3877320
0.9809729
2.3020916
2.5822846
1.0114353
3.3169053
1.5014219
1.7937733
2.6555023
3.7413433
1.9402441
2.4112108
3.3155185
1.3262595
1.8555706
2.6398965
1.3617077
2.5539649
0.7336806
1.9849803
0.9622274
1.0271679
2.6298709
2.0511172
0.6314117
1.0691782
1.0135050
2.5583179
1.6210963
0.8041327
1.6423597
1.5559617
0.9960674
1.1511304
3.2868792
1.1607757
1.6021029
1.7729608
0.6365531
1.2029307
1.9455574
1.6636789
1.7999741
1.0751558
0.9826450
1.7972523
1.5648183
2.0850441
1.2520898
1.6043832
1.6095068
2.1239897
1.3485862
1.1251650
1.2094028
1.0297678
1.2059447
1.6991126
1.7572291
1.3603365
0.7129348
0.7068478
1.1799506
2.4535587
1.7409395
1.3204394
1.2175141
1.9650623
1.7976072
1.5528210
1.1171549
2.2376644
1.7367138
1.6574007
1.8820657
2.4960868
1.3611317
1.7679005
1.9728531
1.6068621
1.5202065
1.1991991
2.1074678
2.6132079
1.5937642
1.4269984
1.3544173
1.0627579
1.2303950
1.2631782
1.1702030
1.4933043
1.9827859
2.0041108
1.8398571
1.5977464
2.2290119
2.3014427
2.6341821
2.5022160
2.2155537
2.5211877
2.8166501
2.0091531
2.3266573
2.3453136
2.4103898
4.2763570
2.0924100
3.2145407
2.3606077
2.1159852
2.5242816
2.6792010
2.4447075
1.9700418
1.9627671
2.2213484
1.3952134
1.6447772
1.2543961
1.5218576
1.9016862
1.6715436
1.3693249
1.7538495
0.9846788
1.4668207
0.9090636
1.1786947
1.4341303
1.7670582
2.0024440
1.5383353
1.1067909
1.1872477
1.2244601
1.4618989
1.6658256
1.8587399
1.6491975
1.7270915
1.5803907
1.4372475
2.0266765
1.2366133
1.8584253
1.4568539
1.1698977
1.6517142
1.9191039
1.5546709
2.0795688
1.9274677
1.7371122
2.1062550
2.1590245
1.7249218
1.7759509
1.6632567
1.9205271
2.0513954
2.1161187
1.4833612
1.3087378
1.6096608
1.7332136
1.1718084
2.1366699
0.7081250
0.6863851
1.4227571
1.8306158
1.7201066
1.1582052
1.0237566
1.4155788
0.9206835
1.3480824
1.1396538
1.5222014
1.8862000
1.4862805
1.1699824
0.8671929
1.8948196
1.7461259
1.3295695
1.0572753
0.9533807
1.7461468
1.8727190
1.7030103
1.7296566
1.5967318
1.6452380
1.2399366
1.3132337
1.2242935
1.3830335
1.3296448
1.8380123
1.1353600
2.0374761
1.2941829
1.7908627
1.7206522
1.8070519
1.6454612
2.6609584
1.4167703
2.0131400
1.9099969
2.2473036
2.0024732
1.8089300
1.1562490
1.3318888
1.7310150
1.4518878
1.4333422
1.4060371
1.5677416
2.4034989
2.9267265
2.2559551
2.8033712
2.8084351
2.8395617
3.5384397
2.5911309
3.1145976
2.4236117
2.0118863
1.9418214
2.3752159
2.7799703
2.1575162
2.4291426
2.4636741
2.2681904
3.0902572
3.1730056
2.5508468
2.1138531
2.2122550
2.2851771
2.4814874
2.5824780
2.5532948
2.4996969
2.6278701
2.8876725
2.4756925
2.4619961
2.6611250
2.7028546
2.4222034
2.3087769
2.8674653
2.6298462
2.8518952
2.6424326
2.3111650
2.2445210
2.0963306
2.3030974
2.1823299
2.3282898
2.3838655
2.0658019
2.4565476
2.3295952
2.1014766
1.9864213
1.8465143
2.1774132
1.9413939
2.2568197
2.3483524
2.0546447
2.0487298
2.1069894
1.9096347
2.1996609
2.0838268
2.2337713
1.8150237
1.9227802
2.6582768
2.2296903
2.1930327
1.6779272
2.3022506
2.3470263
2.6530955
1.9380418
1.7428125
2.2713536
1.6450893
1.7563515
1.9915275
1.7075194
1.5728525
2.1197754
2.2334700
1.9074282
1.8018669
1.4812508
1.8834246
2.0827385
1.8337082
2.1215104
1.9354445
1.9453858
1.9320103
1.9694419
1.6396240
1.8931244
1.8829673
1.7155501
2.2780747
1.8620679
2.0109405
1.5840468
1.4578438
1.6631987
1.6528278
1.2906591
1.6669347
1.4611811
1.3595935
2.0111764
1.5161130
2.0594236
1.5706538
1.6101342
1.5877467
1.7865478
2.4961101
1.5770633
1.5380779
1.6210791
1.8022308
1.3755565
1.2529512
1.4709444
1.2260377
2.0344455
1.3178807
1.1980538
1.3541768
1.4281910
1.5231148
1.7365600
1.3210426
1.4548689
1.2811256
1.5757183
1.2459311
1.5248838
1.8331518
1.2782350
0.9626356
1.0671748
1.8560290
1.4750895
1.7234424
0.8632224
1.1484554
2.4080093
0.8837661
1.3896093
1.2679681
1.6330391
1.0633040
1.4772196
1.1884811
1.0404936
1.4176214
1.0344098
1.3338864
2.6217958
2.0433149
1.1971630
1.4246112
1.4869063
1.5859053
1.6078150
1.4500033
1.1497836
1.2482038
1.1353292
1.1184382
1.5648695
1.0670687
1.0996669
1.5774144
1.5957262
1.2689111
1.4774619
1.1940458
1.0455887
1.7843116
1.0911482
1.0876714
1.3215622
1.9155479
2.1965392
1.1820853
1.8544547
1.1909738
1.8022151
1.1540103
1.7964804
1.4762257
1.0059417
1.1031766
1.1630128
1.9706447
1.2302607
1.0460190
3.1822260
1.7041992
1.1049180
1.0984085
0.9988070
0.9711813
1.1203297
1.4272260
1.7768429
1.2562300
0.9491240
1.1866242
1.5154114
1.1776223
1.0007038
1.8966090
1.7269085
0.9382398
1.8558032
1.1424889
1.4263871
2.4379638
2.4926605
1.0760161
0.9080704
1.6647427
1.8439464
1.2805570
1.3836279
1.4362675
0.8534863
1.1140541
1.2013581
1.1874707
1.2397702
0.9285289
0.9450704
1.2105969
1.0119648
1.5951724
0.9601610
1.7444254
2.0245072
1.6867944
1.1253044
1.1807764
1.2467040
0.7954281
1.0621108
1.7030399
1.1801652
1.6672848
1.8266437
1.7600290
1.6024848
1.8956747
1.1621908
2.4793942
0.9391431
1.1361618
3.3069084
3.4151940
1.5859207
1.4507790
1.6654787
2.5595023
3.0648752
3.9560500
4.1455622
3.5425254
0.8282485
2.1757601
1.4809918
2.0498206
1.1410607
0.7100399
1.6920540
2.1005699
2.0881372
1.0477979
0.9667446
1.3871120
0.8418185
0.4436307
0.4563848
1.2472771
0.6599923
1.0665333
1.2477229
0.8136774
1.0175224
1.3043441
1.1770358
1.0740442
0.7355468
1.2128604
0.6212131
1.2008952
0.7723270
1.8376655
0.8243890
2.1185643
0.8698474
1.1420823
1.3891776
0.8283820
1.1462249
0.9724768
1.1693342
1.1431670
0.4114639
0.2452313
0.4948070
1.0228453
1.3899239
0.3944915
0.6978560
1.1307127
0.5812834
0.7604695
0.4422744
0.4781165
0.3695678
0.2478483
0.6039854
0.4149794
0.5608446
0.1495448
0.3162632
0.1767695
0.3780581
0.4601182
0.3202342
0.4366439
1.0750331
0.8868130
0.9542115
0.8178519
1.0804527
0.3711662
0.9333160
0.7933491
0.6734840
0.8192832
0.7277207
1.1805352
0.9002041
0.9405294
1.2360889
0.7968099
1.0062223
0.5204466
0.7004134
0.6144079
0.9668325
0.4885437
0.8187642
0.9316823
0.7352667
0.5943148
0.5256371
0.4174384
0.5719397
0.3530014
0.3262579
0.3889724
0.7073329
0.5743302
0.7090232
0.7924111
0.7310218
0.4200598
0.6871454
0.6942771
0.6527010
1.0719352
0.7364280
0.8519876
0.5340744
0.5745706
0.6165070
0.3781782
0.9539768
0.6394961
0.3853632
0.3976149
0.6407073
0.8422387
0.5879438
0.2791704
0.4150336
0.4828709
0.3170683
0.1995685
0.5389562
0.4209970
0.2831416
0.7215640
0.3181088
0.4075765
0.6121896
0.2281633
0.7469264
0.3565347
0.4415460
0.3732758
0.8594017
0.5515103
0.3103722
0.5025883
0.3295909
0.4447049
0.3184974
0.2616092
0.5799766
0.3857930
0.4230792
0.4166929
0.4686589
0.2665392
0.5807831
0.4920320
0.3579593
0.5558839
0.5091205
0.1763185
0.3537933
0.2987529
0.2962350
0.5944426
0.4359578
0.3398968
0.3743004
0.5133299
0.4467339
0.4581792
0.4456343
0.4697356
0.3654093
0.3182015
0.3119721
0.3582404
0.3283441
0.4003220
0.3673899
0.1926413
0.4668452
0.4704531
0.6067387
0.7377660
0.3353971
0.3310128
0.3937960
0.3899842
0.3242776
0.2321425
0.2657335
0.3542183
0.2129781
0.3426036
0.2604694
0.4897537
0.1744043
0.2710170
0.4135352
0.5772475
0.2696163
0.3625704
0.4209297
0.2781081
0.6052988
0.2830750
0.3946212
0.5351620
0.2393780
0.5636004
0.2995341
0.3168415
0.2781589
0.3135832
0.5988599
0.5479085
0.3270036
0.4894512
0.3963907
0.4760345
0.3169251
0.6513260
0.2753446
0.4443716
0.8412224
0.7823738
0.7094867
0.8191029
0.6769224
0.6715219
1.0317508
0.9710450
0.8144875
1.0728581
0.7891600
0.7375801
0.7182568
1.0880419
1.0579197
0.4514447
1.0664381
0.6666774
0.5156335
0.5321876
0.2859534
1.0017378
0.9660155
0.7722423
0.9926183
0.9489197
0.6131469
0.8023824
1.2526830
0.2093023
0.5996989
0.5249916
0.4497996
0.5912958
0.7260259
0.2593820
0.2466448
0.3742471
0.3231077
0.4823881
0.4725573
0.4513647
0.2556413
0.1948465
0.3541885
0.4513836
0.2962956
0.2050383
0.2844449
0.4996158
0.1927875
0.2278973
0.2754733
0.8106814
0.2376114
0.5684153
0.2634981
0.6293830
0.2776022
0.3995736
0.5106298
0.2195881
0.5094383
0.5780734
0.5555762
0.9427163
0.7783277
0.3099674
0.3799361
0.2809807
0.7356690
0.7295856
0.4333535
0.4715606
0.8418397
0.5159148
1.1510354
0.8216126
0.5807438
0.8752884
0.9510730
0.9385354
1.0723415
0.5235945
0.7493888
1.1584878
0.9527129
0.5421710
0.8390575
0.6544554
0.6064601
0.7985560
0.4971072
0.7344204
1.0136785
0.9616840
0.5751429
0.5352564
1.0328138
0.5730641
0.6448238
1.1642839
0.9098936
0.7506325
0.5791838
0.8265967
0.5363489
0.7831337
1.0698422
1.1041755
1.2754217
0.9662755
0.9873648
0.8394408
0.6739791
0.6091135
1.3039381
0.6985169
0.8649907
0.9538238
1.0273933
0.5433995
0.8625449
1.2286909
0.8534203
1.0728731
0.8929392
1.1644578
0.6088191
1.0112793
1.1446984
0.9041947
0.9459014
1.2197159
1.3287324
0.8181186
1.1632450
1.0587108
0.6756009
1.2279783
1.1850524
1.1869558
0.7398518
0.8581804
1.2736070
1.0850312
1.2217210
1.3259517
0.9919518
1.5089970
1.5518178
2.0341183
1.5568787
1.5750558
1.5692850
1.3566762
1.5196736
1.7687508
1.6879058
2.0264455
2.0328930
1.3692193
1.2495876
1.3405605
1.4609179
1.7858235
1.7779305
1.6996022
1.4502084
1.6234462
1.7348556
1.7192236
2.2978240
1.7351359
1.9311227
1.5134999
1.8021109
1.5700930
1.7043931
1.6868488
1.2138781
1.5611689
1.1636257
1.2361016
1.8183285
1.3263106
1.1026057
1.7095980
0.9741281
1.2857410
0.9744821
1.3279265
1.0328887
1.7946526
0.9577805
1.4028001
1.6369262
1.0796054
1.0830254
1.2902692
0.8969776
0.7462041
0.9255751
2.1305161
1.1483964
1.5011161
1.6130326
1.8097070
1.2325752
1.2093832
1.2649685
1.8409263
0.8399860
1.4078806
1.4202680
0.8255328
1.2169366
0.9027140
1.4306456
1.1263988
1.2368150
1.5113864
1.4394954
1.1510899
0.9903551
1.4609599
1.7429994
1.4850773
1.0416446
0.7139804
1.2368381
1.2247644
0.8302371
1.9022875
1.0882534
1.3551788
1.0600638
1.3005612
0.7430887
0.9075289
1.0232036
0.7803945
0.7129122
1.5548757
0.9737560
1.1574980
1.1803317
0.9922827
1.0801285
0.6476664
1.5344718
1.0530098
0.8973521
1.1875777
0.8714596
1.0313247
1.3538159
1.2716825
0.9725197
1.3409971
0.9381253
1.3026403
1.1471457
0.9894892
0.8900378
1.0707905
1.4212416
1.2208574
1.0185946
0.9438976
1.0944201
1.1953636
1.0142461
1.2495461
1.2437378
1.3028682
0.8718175
1.0314664
1.3715868
0.7713807
1.0586171
1.1237923
1.1572752
0.9321943
1.3679179
0.9659252
1.0776626
0.9470392
1.0349578
0.7730401
1.0387340
0.8675373
1.2067466
1.0632041
0.8319628
0.9600128
0.9716226
1.0833084
1.0913331
0.9197004
1.3076046
0.7711326
0.9703614
0.9718615
0.9844160
1.1853267
1.0753547
0.7512705
0.7435565
1.0218129
1.1487791
0.9727541
1.0794000
1.0823520
0.9542882
1.0022944
1.2059982
1.0399881
1.1759830
1.0195017
1.1572308
1.3512974
0.9805057
1.0632242
0.8801811
1.1054489
0.9562357
1.2304409
0.7106361
1.3267532
1.2083690
1.0569716
1.2055880
1.1696553
1.0991445
0.9596134
1.0235131
1.0824040
1.3780114
1.2574501
0.9235703
1.1585902
1.1359547
1.4431285
1.2015783
1.1665743
0.8939800
1.0477382
1.0111948
1.1624930
0.9469477
1.3240257
1.1774063
0.8490895
1.1072479
1.2938154
0.9758253
0.9195215
1.1306877
1.0190077
0.8465295
1.1858169
1.0789415
1.0361703
1.3010372
1.3158543
1.1474170
1.1202608
1.0965740
1.1387828
1.2448684
1.1790381
1.1596520
1.2718607
1.3603888
1.0332707
0.9933475
1.2520125
0.7357704
1.1357482
1.0873450
1.4210953
1.2096562
1.1982631
1.0066844
0.8985443
1.1745749
0.9785383
0.8334730
0.9480501
1.0729188
1.0843136
0.8996379
1.1745535
1.1194160
0.9492682
1.0153691
0.9415066
0.9266807
1.0084549
0.9453493
0.8709701
0.9573689
1.0302566
1.1689588
1.1267340
0.9021428
0.7235102
0.8271606
0.8005127
0.8644474
0.9944336
0.9599663
0.9427772
0.9785159
1.2579153
1.1207945
1.3357789
0.9802657
1.0611458
1.1771082
1.3276923
1.1871613
1.7984463
1.2802208
1.7559373
1.3202137
1.6457213
1.1870206
1.9537860
1.4742620
1.5854736
1.8069356
1.3362031
1.4115294
1.4439102
1.6180756
1.3123776
1.2530705
1.5990465
1.6902945
1.5378813
1.5635930
1.7261365
1.3800733
1.4552069
1.4218018
1.4638001
1.5701108
1.6265631
1.4449238
1.4190747
1.4686658
1.4303787
1.8599908
1.5057077
1.6696125
1.7137498
1.5779978
1.6321134
1.5517300
1.6154732
1.3642725
1.2871023
1.4566299
1.3777448
1.7212339
1.5004011
1.6274812
1.6656763
1.3957698
1.4761312
1.6364168
1.6486077
1.8073592
1.5936786
1.5970016
1.1913819
1.4508377
1.4712127
1.5392557
1.5182434
1.3985241
1.5014470
1.6936877
1.3485367
1.5596818
1.4780556
1.2580041
1.3733103
1.5454053
1.6178031
1.1921725
1.2350156
1.4381938
1.5154779
1.7319657
1.5005564
1.5598954
1.5025820
1.4830647
1.5598289
1.6345581
1.4646572
1.3994981
1.5778362
1.4816260
1.4524819
1.5339389
1.3680033
1.6082475
1.5817147
1.4645469
1.4765851
1.5695154
1.4585709
1.4482372
1.4081718
1.4666537
1.3783010
1.1957213
1.4453966
1.3553689
1.4851570
1.4918691
1.6038570
1.4834062
1.2754183
1.4608421
1.4798903
1.3597623
1.5549243
1.2268829
1.4605569
1.3121022
1.2991999
1.1867885
1.2687414
1.5399807
1.2727942
1.4301109
1.4775506
1.3454491
1.3535785
1.3910841
1.2867181
1.1932865
1.4203710
1.3541580
1.3612828
1.2494399
1.4194901
1.2929123
1.3942296
1.1973202
0.9591326
1.2278730
1.4374253
1.0765620
1.0597528
1.0969915
1.3041109
1.1788887
1.3531972
1.0310358
1.2313970
0.9960515
1.2274251
1.1079896
1.0411644
1.4151420
1.2226035
1.3192582
1.2247271
1.1847681
1.2173562
1.2878903
1.3280094
1.3324221
1.2837337
1.2443386
1.1708930
1.2571793
1.2859170
1.2886801
1.3120099
1.2761542
1.1966512
1.4293715
1.2256672
1.2687660
1.2729095
1.1566416
1.2292338
1.3402660
1.2104301
1.3255418
1.3676334
1.3876752
1.3261958
1.2731664
1.1562565
1.1581821
1.2630734
1.1704811
1.2558368
1.3593643
1.2715508
1.5070173
1.4629423
1.4540084
1.4018060
1.4527666
1.2803221
1.2628435
1.2513091
1.3814309
1.1729738
1.2002482
1.3313260
1.5619740
1.2007677
1.2848383
1.3697593
1.1632675
1.2549681
1.5248057
1.2505395
1.3554756
1.3116686
1.3869698
1.3161369
1.5273516
1.5323939
1.4361794
1.4916964
1.3515106
1.3213443
1.5122245
1.5521421
1.5203388
1.3352738
1.4703565
1.5114226
1.5862449
1.5227534
1.3979172
1.6563566
1.5810734
1.3850102
1.5028318
1.4291778
1.6195990
1.4321985
1.4210524
1.4916961
1.5713230
1.5985467
1.5385753
1.8143671
1.6084342
1.7659792
1.6946582
1.8017651
1.6430483
1.8473688
1.8420083
1.9188661
1.7993871
2.0273257
2.0031968
2.0732712
2.3012364
2.2350944
2.3694221
2.3701556
2.2655050
2.3321285
2.1709517
2.6881956
2.5117240
2.5102090
2.6321300
2.7416516
2.5939810
2.5555337
2.7395984
2.5855474
2.5872905
2.6278979
2.6842193
2.5852971
2.6663637
2.7070510
2.5171504
2.6588382
2.4549559
2.7515606
2.3639201
2.5177166
2.3297492
2.3096375
2.4538641
2.3216298
2.3638985
2.2147837
2.4824578
2.3274081
2.3617942
2.6101266
2.3146609
2.2699611
2.0566197
2.1624329
2.2186838
2.0930887
2.0278562
2.0993112
2.1511386
2.0893333
1.9793218
2.0331330
2.0507129
1.9899310
1.9638895
1.9285182
1.9615995
1.8875573
1.8769300
1.9281463
1.7116409
1.8158959
1.8191460
2.0758931
1.8897365
1.8733426
1.9636033
1.7439030
2.1172567
1.7852501
1.7581880
1.9363784
2.0440846
2.0120539
1.7769382
1.8225273
1.9148574
1.7654684
1.8554361
1.6803807
1.7978894
1.6697432
1.7128757
1.6533935
1.6041079
1.7520146
1.7024365
1.6076576
1.7389357
1.6446073
1.6627865
1.7693625
1.5693552
1.6282455
1.6038840
1.5961934
1.6338348
1.6787022
1.7164042
1.8409532
1.6974215
1.7719184
1.6416864
1.6813601
1.5540826
1.5818912
1.5376762
1.6101189
1.8748124
1.5982953
1.6625140
1.4870245
1.5120361
1.7135362
1.6711365
1.4940437
1.6857568
1.6839821
1.5017828
1.6194117
1.6037383
1.5742774
1.6651103
1.6436044
1.3199281
1.5693843
1.7240383
1.5846016
1.4577081
1.4356843
1.6629031
1.6790827
1.7003170
1.3138024
1.3853343
1.4678146
1.4970094
1.4658204
1.3318179
1.3085010
1.4671197
1.4316686
1.4160682
1.5121584
1.7180010
1.5283518
1.6201459
1.5485862
1.4246967
1.4953139
1.6183609
1.6239822
1.5720273
1.3982960
1.6416478
1.6216899
1.6424106
1.6072564
1.5661286
1.3875234
1.6346454
1.4596445
1.7424857
1.7573715
1.6333456
1.6260700
1.4041979
1.6943657
1.6421025
1.4275262
1.5194728
1.6313521
1.5574368
1.5976293
1.4394130
1.5961282
1.5962525
1.6878911
1.5993118
1.5918896
1.5508147
1.6068843
1.7150551
1.5972725
1.4723920
1.6710638
1.5794336
1.6351400
1.6984968
1.5001494
1.5062037
1.6338007
1.5495640
1.6027084
1.7040820
1.5755508
1.4732350
1.4436625
1.4849461
1.6639353
1.6609567
1.7565418
1.4383166
1.2515457
1.3850680
1.3602401
1.6556462
1.5644049
1.6082032
1.4773789
1.2175984
1.6609324
1.4404579
1.3193721
1.6937908
1.5310451
1.4970073
1.4104899
1.6576118
1.6893115
1.3883746
1.4328519
1.5250232
1.8856879
1.3108894
2.3952828
1.9612302
1.7729636
2.0390000
2.4112252
1.5553874
1.8716029
1.6373091
1.5121302
1.5584825
1.5614067
1.7966224
1.4616352
1.5779288
1.5059266
1.4143867
1.6860116
1.4282550
1.5351764
1.6646652
1.4127366
1.7519975
1.5032327
1.6019704
1.5481881
1.6642726
1.6424215
1.5353658
1.6789144
1.9322390
1.5981214
1.8575536
1.8448580
1.7489672
1.5945755
1.6562653
1.6637732
1.8986490
1.9379872
1.8141052
1.5398578
1.8125412
1.6722567
1.7357944
1.9779809
2.0010514
1.8156789
2.1283595
2.0315426
1.8647651
1.7456300
2.1060783
1.9412951
2.0806756
1.8052953
1.6410704
1.7662141
1.7787286
1.7093062
1.6806262
1.8900038
1.6459982
1.7585297
1.7137323
1.5660390
1.7486387
1.7013707
1.6148068
1.8109597
1.7536116
1.6596872
1.8169705
1.6152011
1.6243976
1.7102895
1.8214839
2.0007670
1.7665965
1.7717274
1.6910730
1.7237726
1.7122784
1.8461870
1.8350820
1.6851917
1.6620322
1.7542275
1.9217079
1.8475389
1.9771893
1.9159034
2.0776178
1.7775243
1.7378720
1.7669628
1.8286339
2.0052892
2.1849644
1.7820625
2.0069546
1.7633520
1.8304025
1.7430145
2.1009560
1.8734059
2.0195815
1.7368412
1.9268854
1.9301197
1.7283770
1.9035169
1.7859582
2.0926689
1.6259294
1.8539755
1.9188751
1.7930390
1.9407625
1.9265099
1.9377924
1.8662393
1.9966470
1.9275736
2.2513371
2.0271741
1.9340445
1.9993320
1.9323019
1.9628060
2.0778403
2.0160926
2.0685518
2.0112256
2.3012945
2.0918216
2.0286141
2.0514849
1.9600485
2.0522332
2.0798029
2.1332504
2.0044438
2.0230558
2.1939690
2.0239538
2.3705094
2.0315525
2.1619351
1.9780125
2.0857136
2.0335389
1.9511991
2.1106375
2.1265793
1.9335554
1.9414218
2.0454084
2.1084999
1.8875765
2.0480538
1.9401792
1.9542808
1.9884724
1.8129826
1.7902404
2.0272975
1.9806900
1.9819477
2.0322144
1.9952882
2.1776469
2.2237857
2.1102798
1.9972639
2.1008616
2.1391589
1.9348328
1.7544698
2.0793819
2.1518024
1.7304768
2.1323637
1.7768598
1.8553793
1.8864418
1.8951903
1.9981838
1.9165998
1.8811208
1.9110540
2.0771848
1.9053324
2.0208230
2.0241234
2.0419671
2.0376437
2.0705050
2.0813168
1.5673727
1.5391250
1.5898346
1.6885158
1.6020994
1.5945691
1.9642966
1.8639129
2.0089895
1.4099301
2.1866250
1.8030946
1.6341432
2.1636066
2.3331279
2.1717018
1.9483833
2.0942796
1.8773626
1.8864986
1.8781571
1.5914810
1.8336396
1.4811720
1.5093404
1.6039017
2.0554631
1.7482083
1.5200296
1.4773317
1.6675389
1.4492085
1.5997294
1.6256907
1.7035395
1.9997981
2.2553372
1.5537657
1.6989677
1.8890973
1.7332097
1.8009268
1.7291512
1.6477172
2.0762833
1.9691086
1.7854536
2.2608280
2.2594905
2.0508656
1.8192943
1.7264332
1.6093716
2.0259990
1.6760949
1.5942937
1.6523291
1.7814672
1.6496630
1.7335796
1.7863698
1.6648867
1.7841046
1.6429824
1.5688349
1.8315016
1.6839376
1.8001113
1.6248911
1.7701069
1.7340797
1.7450879
1.6740971
1.8728920
1.7872081
1.7436139
1.5808024
2.0912051
1.8029341
1.7992516
1.7781528
1.8465101
1.9174273
2.0259283
1.7630728
1.7812206
2.0364030
1.8223260
1.6125928
1.6858326
1.9292844
1.8190506
1.9297653
1.9019079
1.9711766
2.1469982
1.7885105
1.7735929
2.0273552
1.7473913
1.7118293
1.7286370
2.0746087
1.8595332
1.8022104
2.1159676
1.8672954
2.0177146
1.9870069
2.1367840
2.2160321
1.9034547
2.2092934
1.9985173
2.1967302
2.3475916
1.9987265
2.4195181
1.9693593
2.0649198
2.1329892
2.2828152
1.9883291
1.8572812
2.2931262
2.0872709
2.1968693
2.3453059
2.2260960
2.2291727
2.2068901
2.2238604
1.9409344
2.0137804
2.2907013
2.0318573
2.1787599
1.9570224
2.1258721
1.9551964
2.1025124
2.0859979
2.2705082
2.1457461
2.3968268
2.3289598
2.4034321
2.4518552
2.3031101
2.3651726
2.2312530
2.3230189
2.3785339
2.4219173
2.4106778
2.2983217
2.5237583
2.5596654
2.6020794
2.8622270
1.7942953
2.2697179
1.8635016
1.8675478
1.9774597
1.8032988
2.0370944
1.9962492
2.0262780
2.1456897
1.8873183
1.7611445
1.9467650
2.0605760
2.2057162
1.9242420
1.9046615
3.6651446
2.2821782
3.9062650
3.8280189
3.3121979
3.5525655
3.6420259
3.0032842
3.0578007
3.6945591
3.5363157
2.9450245
3.0451066
3.1014447
3.1893713
2.9399821
3.0297300
3.1253444
2.9075846
3.0042405
3.0701612
3.1900580
3.1540788
2.4504835
2.5083950
2.8376699
2.6723131
2.5820245
2.6878256
2.6899815
2.7127401
2.7642656
2.6092078
2.8271530
2.7166796
2.4041087
2.6079088
2.5676313
2.6505928
2.5261277
2.6589184
2.6944069
2.5207553
2.4776442
2.5252084
2.4592230
2.7147002
2.4991836
2.3952541
2.4792031
2.5816584
2.4025359
2.4953524
2.5569734
2.3964657
2.6039219
2.1952208
2.4669595
2.2369828
2.4816108
2.5571757
2.4558848
2.2944409
2.3381952
2.3824133
2.3932269
2.3206814
2.2783616
2.3705853
2.2830642
2.2550294
2.3926629
2.5792475
2.3629529
2.6173164
2.3577823
2.3239570
2.5386403
2.4560472
2.4606815
2.3367227
2.1464128
2.1944158
2.1283004
2.2922999
2.0981679
1.9991270
1.9955450
2.0429067
2.1239510
2.1634999
1.9102082
1.9798074
2.1256507
2.0021605
2.1025615
2.0652090
2.0898668
2.1458407
2.0557817
2.1499395
2.3859030
2.3118440
2.1129844
2.0604435
1.9932179
2.1592361
2.1847760
2.0129492
1.9886164
2.0949410
2.1044662
2.3627900
2.0295752
2.0463004
1.8431293
1.7180475
1.9672066
1.9077540
2.0550865
1.8953875
1.7645943
2.1717476
2.1827299
2.0194637
1.8928467
1.8248945
2.1282256
2.0657488
1.9966820
1.9326535
1.8021971
1.7974158
1.8357970
1.8263493
2.0018361
1.8454888
2.0321254
2.0912871
1.9614436
1.8598976
1.8032088
2.0965164
1.9403230
2.0487682
2.1112329
2.1809859
2.0328946
1.7277883
1.6522693
2.0159222
1.7285681
1.9470157
1.9118325
1.9140743
2.0638534
2.0530139
1.6387627
1.8994191
1.9803684
1.8485853
2.1060991
1.9303483
1.7829301
2.0087576
1.7648530
1.8621441
1.8680538
1.7658999
1.8347445
1.9132234
1.7900366
1.8678821
1.7254729
2.1682479
1.9145947
2.0577121
1.9990600
2.1541929
1.7831764
1.9959153
1.7477460
2.1968442
2.1140218
2.0585152
2.0844102
2.0777101
1.8469564
2.0586715
1.9030570
1.7380265
2.2425589
2.0500975
1.8044765
2.2328822
1.6253458
1.6310437
1.8079730
1.8858565
1.8593805
1.9062735
1.9118712
1.8887377
1.8195984
1.7511271
1.9507600
1.6152515
1.9411203
1.8175202
1.7606041
1.5490461
2.0482057
1.9646289
1.8404580
1.8158038
1.7408720
2.1556410
1.6861478
1.9494147
2.3631403
1.8771532
2.0610956
1.8391467
1.9124758
1.9151528
1.4395764
1.9728353
1.9762955
1.7150593
1.9643371
1.9316111
2.0749905
2.2406708
1.9252743
1.8365509
1.7038126
2.1610594
1.9616016
1.6097042
2.0392378
1.9996643
1.9637555
2.0478929
1.9462254
1.7300408
1.9981687
1.9644780
1.8185354
1.8574024
2.0207553
1.6520571
2.0586452
2.1872165
2.1185827
1.7986776
1.8102020
1.8645893
1.7918094
2.0342286
2.0171276
2.0896172
2.0063776
1.6722857
1.7844151
1.9212719
1.9921493
2.0357416
2.1725112
1.9150601
2.0848941
1.8568601
1.8156621
1.9034161
1.9073102
1.6223281
1.9666392
1.6365953
1.8446706
1.9458405
1.7909746
1.9543554
1.9091137
1.8864492
2.0297713
2.2257897
2.0013311
2.1082005
1.9336814
1.8358987
2.1107765
1.8500185
2.1759227
2.0211630
1.9509325
2.0615223
1.8151255
2.0513621
2.0579579
2.0256495
1.9319292
1.9921113
1.7192073
1.9226260
1.7549000
2.1490978
2.0866577
2.0463647
1.9961503
2.0720179
1.8554761
1.8335455
2.0920149
2.3038590
1.9788971
2.1335109
1.8505779
1.7861638
1.7863503
1.7694647
1.9077022
2.0363513
1.8654381
1.8437832
1.9555630
2.1831355
2.1430688
1.8837158
1.8084248
1.7948873
2.1974502
2.0913363
1.8277497
1.8876659
2.2995761
1.6843285
2.0697139
1.8191264
1.9027558
1.9989130
2.5282056
2.0705755
1.5705256
2.1911048
1.8548414
1.8381494
1.9939363
1.8035683
2.0366114
1.8913512
2.1699094
2.0363074
2.0905749
2.1193571
2.2153593
2.0553978
1.8690144
1.7363201
1.9774156
2.0233874
2.0371366
1.9441032
1.7654355
2.2528634
1.7829822
2.1046745
1.9132938
2.1040894
1.6714653
1.9907889
2.0956306
1.9076850
2.0944410
1.9517618
2.0001083
1.7215866
1.9524088
2.0836018
1.8996069
2.0783013
1.8670929
2.0834894
1.7696695
1.7384813
1.8152833
1.8729249
1.7953358
2.0741505
1.8617148
2.0800977
2.0983899
2.0942500
2.0567561
1.8545104
1.7962186
1.9630482
1.8993198
1.8162764
2.0262692
1.9961295
1.7239727
1.8537229
1.7524537
1.7306695
1.7671363
1.9716999
1.9413863
1.7341856
1.9372467
1.8306785
1.7802173
1.8003113
2.0960132
1.6660772
1.7242680
1.8098174
1.6904469
1.8963001
1.7594739
1.9163571
1.9278903
2.0335280
1.9748984
2.0226191
1.9110331
1.9224191
1.9363279
2.0810488
1.7066873
2.0935717
2.0067299
1.9496507
1.7846072
2.0515003
2.0859794
2.0134457
2.2500888
1.8189784
2.0053676
1.8748781
2.1161282
1.8083179
1.6810498
1.9481921
2.2532367
2.3925199
2.3811617
2.1345651
2.0503035
2.3014400
2.2310487
2.4489502
2.1517324
2.4665830
2.4359532
2.0099352
2.1732730
1.9668114
2.3338739
2.0143397
2.2690610
2.2523863
2.3676301
2.3557899
2.2461682
2.1137057
2.3510829
2.0993707
2.3595511
2.5206581
2.2928949
2.0595409
2.2508247
2.2608484
2.4629920
2.5077895
2.2266735
2.5697873
2.2483206
2.4398687
2.2077807
2.1085559
2.5819527
2.4882857
2.2117716
2.2017862
2.2802710
2.3741215
2.2958043
2.3297672
2.4869263
2.3030767
2.2782605
2.2805621
2.6404860
2.2586202
2.5036845
2.5213063
2.3395964
2.4186110
2.2303444
2.4090113
2.3527660
2.3852434
2.4123723
2.3478175
2.2881096
2.1161021
2.2976253
2.2829322
2.2803269
2.0692165
2.0567896
2.4390059
2.2944867
2.1721535
2.3644684
2.1682963
2.0960678
2.2811312
2.3110295
2.1931919
2.3029378
2.1142208
2.3018104
2.2082322
2.2892599
2.2855042
2.4017243
2.4299054
2.4034965
2.3815619
2.3583808
2.3268045
2.1732732
2.2789855
2.4248635
2.3870623
2.4569105
2.2969790
2.2438671
2.2948606
1.9416792
2.3542923
2.3364680
2.3730699
2.1696967
2.3669270
2.2903672
2.0823604
2.0057216
2.2642254
2.2599206
2.4274715
2.1239638
2.4140043
2.3188888
2.1470964
2.3855598
2.0663465
2.4197790
2.3284044
2.2680827
2.2333744
2.2481782
2.3828266
2.1073404
2.2275840
2.4393737
2.3834539
2.0176485
1.8240563
2.0817836
2.2035582
2.3912392
2.3496596
2.2524227
2.2382892
2.4123589
2.2868766
2.0890946
2.1603636
2.2577813
2.3229142
2.3280443
2.0489455
2.3155874
2.2818901
2.2900991
2.0738913
2.2441690
2.2345569
2.0969703
2.0346028
2.0165112
2.2005612
2.2869051
2.2320537
2.4060475
2.1296260
2.2931124
2.1608480
2.3628771
2.3967656
2.1295584
2.1700354
2.0759037
2.2765164
2.1720278
2.1347942
2.2095221
1.9254398
2.2250026
2.2298846
2.1725403
2.3946134
2.2536784
2.3954583
2.1409518
2.1673766
2.3709628
2.2024235
1.9996100
2.1251256
1.9972856
2.1471995
2.1787201
2.1082061
2.2642969
2.1474680
2.2695487
2.1054022
2.1583058
2.2762134
2.4078491
2.2488462
2.4772253
2.1758721
2.4132646
2.0506280
2.0326352
1.9669776
2.0850477
2.2712889
2.1291460
2.2067569
2.1403549
2.2269120
2.1123981
2.1486830
2.2868352
2.1030755
2.3708393
2.3559142
2.2836558
2.1477106
2.2291385
2.0026599
2.1180651
2.1254321
2.3694098
2.1417897
2.3905224
2.1107425
2.1216644
2.1986524
1.9852652
2.1037210
2.3513074
2.2158819
2.2188096
2.0775563
2.2720740
2.0122705
2.1386234
2.3172487
2.2121826
2.2457701
2.3667878
2.0128692
2.0913570
2.2807637
2.2429117
2.0364235
2.1625398
2.0002389
2.0693695
1.9883359
2.0539485
2.2143027
2.4113661
1.9703585
2.0025101
2.1379078
1.8994880
2.1973602
2.2417057
2.1191917
1.9214773
1.8546328
2.0788951
1.9520351
2.2689001
2.2578827
1.9132427
2.0213163
2.0487162
2.2592038
1.9773555
2.1218535
2.0000169
2.2604370
1.9386327
2.1417593
2.1913978
2.3402571
2.2500292
2.2389979
2.3307434
1.9404582
2.0892223
2.1779271
2.0505585
1.8832277
2.1484877
1.7699653
2.2183724
1.8388570
2.0600403
1.9378024
2.2009590
1.9292109
1.8659014
1.9777961
2.0832980
1.9691719
1.9123320
1.8724240
2.2226606
1.9730842
1.9010836
2.0877359
2.2424126
1.8679831
1.8853096
2.2048425
2.0328096
1.9834582
2.0989465
1.9907818
2.0529470
2.2801693
1.8937193
1.9874944
1.7749662
1.9477750
1.7893254
2.0923212
1.9136198
2.2611802
2.0756690
2.0846526
2.1684039
2.2319643
1.8388616
2.0602146
2.0934908
1.9346337
1.7820531
2.1572936
2.0601090
1.9470119
1.9896363
1.9533325
1.9824030
2.0670652
1.8601431
1.9717216
1.9722444
1.9520495
2.0418343
1.9537096
2.2411435
1.8893333
2.0812772
2.0249974
2.1677466
2.1643770
1.8941880
1.9734873
1.8908455
1.9968767
2.1333258
1.8656491
2.0269062
1.6329543
1.9082013
2.1257522
1.9165119
2.1687400
2.0186623
1.8791701
2.3367090
2.0368025
1.7739735
2.0731466
1.8617405
1.7352778
1.9741605
1.8569855
1.6518910
1.9752252
1.7996941
1.8277826
1.8510123
2.1333230
2.1279515
1.9727818
2.2440031
2.0060521
1.9508204
1.7944176
2.0476011
1.9250183
1.8995223
2.0730541
1.7124489
2.0257804
1.6131830
1.8450232
1.8275333
2.0961178
1.8774840
1.8074886
1.7197848
1.9255420
1.7848700
1.8015475
1.7080049
1.6991175
1.7146476
2.0156898
1.7863115
1.9501186
1.7121131
2.0078751
1.9850058
1.8290636
1.7617404
1.9652876
1.6716934
1.8034062
1.8996264
1.7858883
1.8259277
1.7705443
1.7083541
1.8558722
2.0506430
2.0891846
1.5753550
1.7473216
1.7255302
1.7514044
1.6179450
1.6159342
1.9074813
1.6295606
1.8354321
1.9509905
1.9057415
1.7877991
1.8182487
1.6883733
1.9201393
1.7513184
1.6192681
1.9359106
1.6996721
1.8785797
1.8871201
1.8926181
1.9899922
1.8575433
1.8831216
1.6528710
2.0028997
1.5705383
1.7125716
1.8228339
1.8980155
1.6143585
1.7811445
1.6934754
1.6834274
1.5822869
1.5778187
1.8222852
1.7823474
1.8604496
1.5339630
1.9335878
1.9399588
1.8153163
1.6381106
1.9080992
1.6098005
1.4863633
1.7795917
1.6941530
1.8745774
1.6942427
1.9053437
1.8208629
2.0679357
1.9738189
1.7846979
1.6302259
1.8228373
1.9081508
1.7821631
1.7367738
1.6404414
1.7392551
1.8591927
1.8376712
1.5500865
1.4246355
1.5086631
1.8079247
1.8192905
1.4673320
1.9051470
1.9718340
1.5666320
1.7615864
1.9775413
1.8939710
1.7713898
1.6322328
1.6245959
1.8446785
1.6843101
1.4197181
1.3954505
1.6433517
1.7556887
1.4706190
1.4286161
1.3321989
1.4866789
1.5271546
1.4775792
1.4307213
1.5608579
1.6479680
1.3972783
1.6321396
1.4362851
1.3838206
1.4310706
1.3226105
1.6011447
1.1377173
1.1225173
0.9438170
0.8176025
0.6913345
0.8828377
1.0235836
1.0439606
1.2337957
0.7083233
0.9475325
0.7789682
0.9768168
0.9956326
1.1074181
0.8544140
0.9838506
0.9844693
0.7859604
0.8353053
0.6151759
0.7182311
0.5851511
0.6567868
0.8578502
1.0128850
0.6417327
0.8035763
0.5672500
0.9181142
0.6600472
0.6029665
0.4653095
0.6334433
0.8341652
0.7304943
0.6850811
0.5946968
0.7719336
0.5175146
0.5848978
0.3919134
0.6489198
0.3093896
0.6359797
0.4178520
0.4631767
0.3970962
0.4013318
0.4602823
0.3720790
0.3322598
0.1884375
0.5522164
0.4403516
0.3296679
0.3426987
0.3307949
0.3914968
0.4420758
0.5543112
0.5889000
0.5625359
0.6541105
0.6662691
0.5861107
0.5542982
0.5248151
0.2015301
0.3819593
0.6868094
0.5274307
0.5835711
0.8033874
0.7443417
0.7844207
0.9275707
0.6590833
0.7946307
0.7778288
0.8087508
0.6706234
0.9417930
0.6171905
0.8895638
0.9614990
0.9626403
0.8867333
0.9671603
1.0345736
0.6959157
1.0917632
0.8732127
1.0496467
0.9846619
1.1290757
1.0509913
1.0141201
1.0578906
1.2290458
1.0987738
1.3189030
1.0595884
1.3036565
1.0738969
1.1285773
1.1388897
0.9060529
1.1113493
1.0742239
1.2237108
1.3345181
1.3507941
1.1885048
1.3411071
1.0251412
1.0834677
1.1346117
1.3715894
0.9062157
1.1739498
1.1189737
0.9826344
1.0574135
1.1455707
1.2640390
1.1719845
0.9623562
0.9989253
0.8248393
0.9645870
1.1101164
0.8610574
1.3153267
1.3106052
1.2547151
1.1771810
1.0768783
1.1467262
1.2317094
1.0521204
0.8044440
0.8278569
1.1251960
0.9583414
1.5786147
1.4597501
0.9855745
1.0707869
0.7860436
0.6470100
1.0792707
1.2258937
1.0342573
1.0439506
1.0354412
1.0216580
0.9072989
1.6620677
0.8771139
0.9646876
1.1134922
1.2928301
1.2055202
1.2996155
1.2319043
1.7115986
1.3272765
1.2086091
1.2131747
1.1783028
1.5786930
1.2064273
1.3369287
1.5246562
1.2554085
1.2887849
1.2707247
1.2292226
1.3051714
1.1391730
1.3378921
1.3845739
1.3457728
1.5546162
1.3140892
1.3127836
1.5328937
1.4541656
1.3810230
1.3154228
1.5884381
1.5109978
1.5479029
1.5218095
1.4232937
1.4053749
1.5926351
1.6575655
1.9825487
1.7779019
1.4628809
1.5642481
1.6439734
1.5528265
1.6110380
1.4573938
1.4043951
1.6242828
1.5868259
1.6940004
1.7799102
1.5084719
1.3871690
1.6631200
1.9429750
1.5293567
1.5302581
1.3143529
2.0096501
1.4969688
1.4688577
1.6682345
1.3170183
1.4332767
1.5553517
1.5843859
1.7517918
1.7388723
1.6473715
1.6069968
1.6240122
1.5280731
1.6379775
1.4734910
1.6324424
1.7796124
1.8700135
1.8061466
1.8301342
1.8909646
1.6120952
1.7443585
1.5629605
1.7004075
1.7432179
1.8060265
1.5084940
1.6402359
1.6192313
1.6901845
1.6890104
1.6337173
1.8981536
1.5795903
1.5641141
1.9410896
1.5074579
1.8366744
1.8407727
1.6317745
1.5263784
1.7234084
1.6243663
2.0418884
1.5880249
1.8812041
1.4900937
1.5382184
4.0819164
1.5545755
2.5406258
2.1238593
2.0384776
1.7167908
1.7519146
1.8332929
1.7549496
1.5600508
1.6783554
1.6584898
1.2899702
1.6154249
1.4701185
1.4163785
1.3226755
1.5449838
1.6390305
1.4367961
1.4169231
1.4543451
1.3626283
1.3572292
1.3491690
1.3325181
1.3368650
1.4765757
1.4060142
1.5278642
1.6418419
1.4536013
1.4908481
1.2750050
1.4775757
1.6078515
1.4569440
1.3977660
1.3943989
1.3050077
1.2835563
1.4074351
2.1677784
1.0337196
1.0596854
1.4368622
1.2987523
1.1417064
1.3622227
1.2413253
1.2997666
1.0549953
1.3138639
1.1070922
1.1028021
1.0459469
1.7746050
1.4055932
1.1988394
1.3994276
1.1997431
1.2046015
1.0755993
1.1962705
1.2741590
1.2893907
1.0126745
1.4576420
1.3273158
1.2742266
1.5330966
1.2102498
1.3044683
1.2364701
1.2238178
1.4092615
1.4455578
1.2198360
1.3349262
1.2242523
1.4790306
1.0509885
1.2142738
1.4517375
1.1881927
1.0350718
1.2242051
1.2148785
1.1577124
0.9762354
1.1063348
1.0587318
1.0613431
0.9513952
0.9901282
0.8714532
1.2310670
0.9602181
1.0515395
1.4523373
1.0698127
0.9000775
1.1484972
1.2414950
1.1089330
0.7894469
1.0592956
1.1059832
1.1730107
0.7704467
0.9299904
1.2389622
1.0103510
0.8786180
1.0482679
1.1325862
1.0988435
0.8838847
1.0608705
0.8534226
1.1329783
1.1825927
1.2445482
1.0262729
1.1132543
1.1169330
0.9301443
1.1062286
1.0753507
1.2215979
1.0225700
0.9807526
1.1402875
1.3039293
1.2943363
1.1637456
0.9477467
0.9570272
1.0989694
0.8515147
1.0029585
1.0734099
1.0605525
1.1209628
1.1396998
1.0375866
1.0799628
0.9953450
1.1792177
1.1908699
0.9877923
1.0124518
0.8784225
0.9517414
1.0932310
1.0913329
1.0991264
1.2902362
1.0776521
1.1912541
1.0181487
1.2075567
0.9819340
1.0211482
1.1250883
0.9385163
0.8681264
1.2468174
0.9702758
1.0595117
1.1702544
1.0092898
0.9480335
1.0076767
1.2153434
1.0357700
0.9203857
0.9780290
1.1108573
1.0199225
0.8871329
0.9200850
0.9149637
1.0925135
1.0828833
0.8789758
0.9849788
0.9469600
0.9467885
0.7546030
0.9608481
1.0065555
1.0884826
0.9173821
0.9973072
0.8827292
0.8853888
0.9701632
0.8406908
0.9806702
0.9672678
1.1024014
0.8900498
0.9652158
0.8864189
1.0285234
0.9753766
0.9885950
0.9286297
0.9302529
0.9184516
0.8790181
1.0710202
0.9525800
1.1629964
0.9134958
1.1337519
0.9616239
0.9821116
1.0637117
1.1095425
1.2159712
0.9077935
1.1748834
1.3206373
1.1882568
1.0919947
1.2826882
1.0297115
0.8913249
1.2495681
0.9516415
1.2656306
0.9884016
1.1908351
1.0594068
1.0095062
1.0741179
1.0025587
1.0063796
0.9548363
0.8045152
0.9708966
0.9809154
0.9947975
0.8733711
0.9912442
1.0448408
0.8887088
1.2962074
1.0992691
0.8130635
1.0315854
1.0596411
1.0283403
0.9028760
0.8175778
0.8352455
1.2177331
0.9760917
1.2181896
1.0176063
1.3628560
1.2934502
1.1509508
1.0136318
1.1280239
1.3789663
1.4687658
1.1349166
0.9918181
1.1021510
1.2291903
1.0288202
1.1427452
0.9953810
0.9621023
1.0796746
1.4246370
1.2847967
1.1157282
1.0957102
1.0109403
1.2818446
1.2083081
1.1161813
1.1708420
1.2996217
1.1577375
1.2343922
1.1796832
1.1733995
1.2017774
1.0591671
1.1046614
0.9423625
1.1116515
1.1835497
1.0829879
1.3155783
1.3172189
1.1705436
1.4910654
1.4853526
1.1699614
1.3301664
1.1469612
0.9857077
1.2935665
1.3107124
1.3404106
1.0905103
1.4496842
1.2480255
1.0714277
1.2056079
1.4722987
1.2338763
1.1486563
1.2271830
1.3684098
1.2776575
1.2181263
1.3090255
1.2493467
1.1975031
0.9881982
0.9872429
1.0887701
1.2677261
1.2110558
1.1795090
1.3521966
1.2106409
1.0923989
1.1475239
1.1901362
1.1376514
0.9094089
1.0408510
1.1712025
1.2238330
1.3640922
0.9764332
1.3211255
1.3720649
1.2624174
1.0848133
0.9630749
1.2429415
1.1621858
1.3011885
1.0750081
1.0352596
0.9097276
0.8744670
1.0511438
1.2082264
1.0925070
0.9739455
1.0511950
1.0210112
0.8878241
1.2166441
0.7466423
0.8628817
1.2428598
0.8602444
0.8390747
0.9829967
1.1010992
0.9556561
0.9638898
1.0551895
0.8638796
0.9134087
0.9954089
1.1601740
1.0812852
0.8915276
0.8891397
1.1072557
1.0616571
0.8081211
0.9636180
0.7412688
0.8829677
1.0668928
1.0383065
0.9221436
1.0438292
1.0238085
0.9106440
1.0172485
0.9348013
1.2246906
1.0986095
0.8702077
0.7714340
0.9497700
0.8952884
0.7277951
0.8054344
0.9783831
1.2228425
0.9726913
0.9135975
0.9927647
0.9303138
0.9001899
0.9408392
0.9375112
0.9427022
1.0412077
0.8585713
0.9857554
0.8842773
0.8060946
0.9647686
0.9972244
0.7944112
0.9125595
1.0239027
1.0001148
1.0070933
0.9244849
0.9442486
1.0433185
1.0930072
0.9623679
0.9416606
0.6655252
0.7767301
0.7710107
1.0036612
0.8100979
0.9554467
0.9416337
1.0061035
1.0121423
0.6939638
0.9235573
0.8217965
0.8064500
0.7690361
0.9805992
0.7377972
1.0250425
1.0489935
0.8264230
0.7781201
1.0567126
0.9707435
0.7658876
1.2098748
0.9641346
1.0568405
0.8858016
1.1066094
0.8379201
1.0423406
1.1458786
0.9871629
1.0735355
0.9602237
0.8891484
0.9523260
0.8172730
0.9809725
0.7796518
0.8994916
0.8589301
0.9797862
0.8597586
1.0939825
0.9838867
0.8511556
0.9681095
0.8889893
1.0051092
1.0096549
0.8086572
0.8715393
0.9466716
1.0525844
1.0754516
0.8099421
0.9974284
1.0770597
0.8823659
0.8945250
0.9077183
1.0605897
0.9037052
1.0543759
0.9655921
0.9266998
1.0496373
0.8255059
1.0769628
0.9815284
0.8162882
0.9118834
0.8686665
0.8864807
0.7663421
0.8902887
0.7965520
1.0079349
0.6370827
0.8805810
0.8268342
0.9176698
0.9458743
0.9094592
0.7241379
0.7973605
0.9175188
0.7591317
0.7748578
0.9871347
0.7901253
1.0606002
0.9174751
0.9219123
1.2322145
0.6229670
0.7600699
0.9337220
0.9096251
0.9151684
1.0142634
0.7701231
1.0880205
1.0765548
1.0249331
1.0705076
0.8976425
1.0796153
0.8615224
1.1795187
0.9932511
1.0129788
0.8251725
1.1486078
1.0174296
1.1873415
0.9530462
0.7824535
1.0573977
0.8875592
0.9840695
0.7349723
0.9464985
0.8939531
0.8954114
0.7549259
0.9304387
1.2158863
1.1405065
0.9030780
0.8582556
0.7602083
1.0017427
0.8747485
0.8240933
0.9029663
0.9941575
0.6474815
0.9129169
0.8388374
0.6941476
0.9197437
0.8451509
0.8517631
0.9313307
0.9898241
0.9722043
0.9124642
0.8693972
0.7035644
1.0246591
0.9739329
0.9360394
1.2619401
0.8876808
0.7191862
0.8603671
0.9506424
0.8539749
0.7733109
0.7397586
0.8534700
0.8041058
0.8796596
1.1378773
0.8166734
0.8988105
1.0417184
0.8673003
0.9308016
0.9463896
0.9845744
0.7761599
0.9784262
0.8960723
0.9128803
1.1446992
1.0842395
0.8325965
1.1511100
0.9538899
1.1577143
1.1807521
1.0179487
1.0146973
0.9189546
0.8647589
1.0120289
1.2170930
1.0297606
1.0207628
1.2291061
0.9675700
0.9044292
0.6895911
1.0315907
0.8353700
0.7147512
0.8272473
0.9546208
0.7981447
0.8464332
0.9952989
0.9963745
0.9667451
1.0626101
1.1036503
1.1139167
1.0705027
0.9484504
1.2405814
1.0095125
0.9377003
1.0652550
0.9144082
1.1668006
1.1733036
1.0903771
0.7645529
0.9065328
0.9620228
1.1201790
0.8998857
1.0901450
1.1225107
0.8118907
0.9066862
1.0079649
0.9248150
1.0724239
0.8825847
1.0611546
1.0945041
0.9365320
0.9296360
0.7943256
1.0116126
0.7870761
1.0033182
1.0005121
0.9387841
1.3280408
1.0575103
1.2281500
1.2528695
1.3044549
1.3447410
1.4399786
1.1207997
0.8720400
1.7103987
1.7092020
1.2967210
1.1824784
1.1062271
1.2667455
1.0408210
1.2429269
0.9696986
1.3604512
1.0735288
1.1873701
0.9105084
1.1342833
0.9808883
0.9160031
1.1893606
0.8978472
0.6542140
0.8292405
0.9482246
0.7834971
0.7809358
0.9306219
0.6200746
0.8325961
1.3392051
1.5295086
1.3575388
0.8045205
1.0362313
1.3160277
1.2869266
1.2008497
0.8225840
1.0067800
0.8037492
0.9254607
1.2525115
1.0326479
1.1626480
1.2315687
0.8065157
0.9764269
0.8382118
0.7328789
0.7908784
0.9838026
0.8702246
0.9260291
1.1432284
0.8039561
0.8889954
0.8172142
0.7560773
0.8666035
1.0107279
0.7715696
0.9887643
0.6307313
0.6480245
1.0832081
1.0681414
0.8950559
0.9809206
0.8737133
1.1093221
1.1783003
0.9457264
0.8962101
1.0105732
0.7125743
1.1545957
0.9009977
0.8446882
0.9728172
0.6075429
0.9634847
1.0843631
1.1295992
1.2606052
0.8933697
1.2386901
1.0046538
0.8905093
0.8665276
1.1541129
0.7648027
0.8700038
0.8899175
1.2140666
1.5913311
1.1044482
1.0592093
0.8045839
1.3268148
0.9578010
0.9333097
0.5658601
0.9502255
0.7078315
1.0381597
1.1613597
0.7321086
0.4180183
1.0536836
0.7514730
0.7570852
0.8757076
0.8755865
0.7122018
0.9780305
0.5848496
1.1058765
1.0850660
0.9802849
1.0697190
1.0901223
1.0273531
0.9948826
1.0306773
1.2714549
1.2781023
0.8512690
0.9150694
1.2243415
1.1345778
1.3110553
1.1209215
1.1682258
1.1615349
1.2560825
1.0464051
1.1792288
1.1396941
1.0087249
1.2216770
1.3055455
1.3221859
1.1389289
1.1436275
1.2625367
1.1211458
1.2617581
0.9013019
1.1405812
1.0163113
1.0450568
0.8971263
0.8149296
0.9372426
1.0360338
1.2328638
1.2177423
1.1098876
1.1559443
0.9061319
0.9972652
1.0416471
0.9202100
0.9551879
1.0055864
1.2090609
1.1910532
1.0885825
1.0238337
1.0813052
1.0670873
0.9745797
0.9356400
1.0460505
1.2338100
1.0536662
1.0587152
1.0934337
1.0586194
0.7229951
0.9547027
0.8398525
1.0315227
1.0866497
1.1002310
0.9157267
1.0457583
0.8375888
1.2018352
0.8655260
1.2646670
0.9670716
1.1284692
0.9320643
1.2250612
1.1513981
1.0595513
1.2041281
1.1556648
1.1931742
1.4488235
1.2461050
1.1226431
0.9046259
1.1906615
1.1308934
1.1137666
1.3174685
1.0452510
1.1945701
1.2975129
1.1836866
1.2511431
1.3120463
1.2226494
1.0486887
1.1398665
1.0935743
1.3400340
1.2703649
1.0666593
0.9739587
1.1258194
1.1535538
1.2611235
1.0265879
1.1003867
1.0441140
1.1685771
1.2545360
0.9957749
1.2030218
1.2473459
0.9938086
1.4972811
1.4747296
1.8127383
1.6789719
1.7516543
1.5152215
1.8820152
1.4483434
1.4356928
1.7619072
1.8381682
1.9275115
1.8315929
1.7746763
1.7786128
1.7740262
1.6674572
1.6854302
1.5786987
1.6960958
1.7425661
1.5566826
1.8249803
1.5977455
1.4283222
1.6218518
1.5141243
1.6845239
1.6948897
1.5252900
1.4482365
1.4907026
1.4182874
1.5594985
1.6719736
1.3828652
1.7778047
1.6175338
1.4658139
1.5208894
1.5977452
1.4565871
1.4321045
1.6051058
1.3229041
1.4171763
1.4119375
1.5767403
1.4008338
1.4756686
1.5106831
1.4455762
1.4643000
1.3940798
1.4343427
1.4353773
1.4954574
1.5490447
1.5465779
1.5482670
1.3151989
1.2714854
1.2452815
1.2321493
1.6255750
1.3793287
1.2457372
1.4331196
1.5950110
1.3386758
1.3600235
1.4757872
1.4936506
1.3676972
1.4363879
1.5292492
1.6174316
1.5180962
1.2080556
1.5449641
1.2987654
1.4389883
1.2730537
1.3635494
1.2191561
1.4229674
1.2716541
1.3122280
1.3125307
1.2828184
1.2340224
1.0699984
1.2606910
1.1892186
1.3355920
1.2959071
1.0417774
1.5631712
1.5541393
1.3071844
1.2565436
1.3238675
1.1316325
1.2324392
1.0395575
1.0696157
1.1021315
1.2556349
1.3355288
1.2213856
1.2187613
1.2170960
1.1271397
1.3371786
1.2561509
1.0405382
1.0431971
1.2512640
1.1707076
1.2437151
1.1607667
1.4051226
1.3584611
1.2085682
1.3437676
1.2668899
1.2770512
1.3024852
1.1532513
1.0820127
1.0110324
1.0967557
1.2041275
0.8907921
1.3353198
1.0358009
1.0641706
1.1200928
1.0123074
0.9971889
1.0019332
1.2273684
1.0913603
1.0264904
1.0190159
0.9895819
1.1190404
1.1062601
1.1728945
1.0555795
1.3320818
1.2868414
1.2083489
1.1701811
0.8938458
1.1513265
1.0024112
1.1035981
1.0361755
1.1021585
0.9970385
1.0897571
1.0001445
1.1461415
1.1069191
1.1945172
1.1326554
1.0811474
1.1775401
1.2844376
0.9941956
1.3136497
1.0400480
1.3250524
1.1799576
1.0011313
0.8504757
0.9782679
1.1194314
0.9783026
1.0045988
0.8522709
1.0237251
0.8455166
0.6376618
1.0190188
0.8387803
1.0162520
1.0958308
1.0336136
0.8949873
1.1947435
1.0357778
0.9763482
0.9180060
1.0731893
1.0461889
1.1327076
0.8531886
1.0230219
0.9436274
0.9775209
0.8204359
0.8463064
0.8727300
1.0131389
0.7586932
0.9148584
1.0067729
1.0012282
0.7384543
0.9946351
0.7957765
0.9525255
0.8041701
0.9385967
0.9929638
0.8502718
0.8508751
0.7796150
0.8724375
0.6999768
0.6073813
0.7947575
0.7314866
0.8152867
0.9602179
0.7518254
0.8558654
0.8900905
0.7575879
0.9858492
0.7468507
0.8234299
0.7608177
0.9493681
0.7002234
0.9427601
0.7433470
0.6381660
0.8567579
0.8694085
0.8349507
0.7983106
0.9581807
0.8817879
0.9208527
0.8859099
0.8449280
0.8716520
0.7967791
0.8809489
0.7801195
0.9258884
0.9406610
0.9084955
0.8937092
0.9922300
0.8129068
0.8712352
0.9923608
1.0071013
0.7138154
0.7624072
0.7383933
0.6635023
0.7855896
0.7684688
0.7405173
0.6528530
0.7813778
0.7672675
0.7003695
0.7339510
0.9317695
0.8624898
0.7497353
0.6214431
0.7093749
0.9158127
0.7987156
0.6458116
0.6787856
0.7489440
0.6153333
0.7941564
0.7903578
0.7011991
0.7954041
0.6637263
0.6895396
0.6348119
0.7106907
0.5426199
0.7397976
0.5665028
0.6716280
0.6702309
0.6869993
0.6276240
0.7206099
0.5559683
0.6445436
0.7495731
0.7131793
0.7261051
0.6942918
0.7129954
0.6859117
0.8566683
0.6245919
0.8114177
0.6374038
0.6696960
0.7322903
0.5994899
0.7656833
0.7076575
0.7717084
0.6686660
0.7011040
0.6426722
0.7068282
0.8547413
0.6194766
0.7188159
0.6496423
0.6233657
0.7260652
0.7459494
0.5085278
0.8513475
0.8011997
0.6896653
0.6860181
0.6576010
0.7884415
0.6718689
0.5883757
0.6016145
0.6916818
0.7573372
0.6195503
0.5956643
0.6535617
0.4396659
0.5312246
0.5859805
0.7410248
0.7726658
0.8644232
0.7665279
0.6164873
0.6453000
0.3810220
0.5976554
0.7399475
0.6143945
0.5445142
0.5982532
0.4688889
0.7025021
0.9974271
1.0035794
0.9891125
0.8364412
1.0205087
0.8841927
1.0803709
0.8336321
0.8910807
1.0347543
0.9996895
1.0733233
0.9559043
1.0038256
1.0395872
1.2080452
1.0680612
0.9479603
0.9981290
1.1326049
1.0917321
0.8010482
0.9533349
0.9177988
1.0758102
0.9584311
1.0020957
1.0130042
0.9982870
0.8879283
1.0210217
0.9736120
0.9880236
1.1322887
0.9262959
0.9111970
1.0536861
1.0322818
1.1039446
0.8586843
0.9692278
1.1145843
1.0847958
1.1728298
0.7471112
0.9694319
1.0061621
1.0117169
1.0881639
0.8893357
1.0475777
0.9444736
1.1263712
0.9540359
0.9396409
0.9163738
1.0168691
0.9167126
1.1301403
0.8522108
0.9145682
0.9827065
0.8852619
1.0112868
0.9923994
1.1626841
0.9534301
0.7208396
0.8578349
1.0646635
0.8165412
0.9647783
0.9711209
0.7967023
0.9324867
0.8110261
1.0313421
0.9253942
0.9546168
1.0320802
1.1173580
1.0250089
0.8726855
1.0931350
1.0552021
1.0668689
1.2462015
1.1760056
1.1480674
1.2301491
1.2113844
1.0467780
1.2645717
1.2630731
1.0814579
1.1847360
1.2512603
0.9049676
1.1467708
1.2146765
1.1667984
1.2226618
1.1138644
1.3424900
1.3793045
1.0868674
1.1989298
1.1911954
1.2219777
1.1225896
1.1784143
1.3216308
1.2078939
1.2409284
1.3348225
1.3859734
1.4010110
1.1250331
1.5085504
1.1723466
1.2783124
1.2270544
1.3479800
1.3601166
1.3546478
1.3729429
1.3644009
1.5285523
1.6006569
1.3318750
1.3558868
1.4884640
1.2622898
1.5588910
1.6195907
1.4777486
1.2277844
1.3765593
1.4037211
1.5693020
1.5533649
1.1977288
1.1772748
1.2527264
1.1212298
1.2996402
1.1493881
1.1925158
1.2985228
1.2281059
1.0072824
1.1537475
0.9620392
0.9183662
1.2057581
1.3155006
1.2832521
1.1673977
1.3441185
1.3673094
1.1769596
1.1745781
1.1805118
1.2007039
1.0660385
1.2896058
1.2439985
1.1834338
1.3475393
1.1401161
1.3231957
1.0984206
1.2545545
1.2891068
1.1967086
1.3663245
1.0503828
1.1366724
1.1555748
1.0297976
1.2908719
1.0323921
2.5752058
1.2164529
0.8576104
0.9190938
1.0944760
1.0120053
1.2326918
0.8820370
1.0094719
1.1647199
0.7895114
1.0498218
1.2233133
1.0677375
1.0976021
1.0182814
1.0835607
1.0838237
1.0540414
1.1302333
0.6885333
0.9067262
0.7724037
0.9063497
0.7530307
1.0772918
0.8748507
1.1438221
0.8795002
0.8313167
0.9954602
0.7518287
0.9054952
0.8778652
1.1633086
0.9254059
0.9801172
0.8478677
0.8881208
1.0333073
0.7763004
0.9917392
0.7184927
0.7545157
0.8332487
0.8876472
0.8472081
0.9794661
0.8394808
0.8199138
0.6667689
0.5538295
0.8683927
0.6511019
0.7284379
0.8591478
0.7378944
0.7738519
0.8170858
0.9852432
0.7386932
0.9770908
0.7982710
0.8026560
0.8543542
0.8239165
0.9709399
0.8484991
0.7735748
0.8080651
0.8748914
0.7043916
1.1249731
0.9703457
0.9129875
0.7275532
0.9264481
0.6683028
1.0063618
0.8970029
0.7407103
0.5559822
0.6007239
0.7339013
0.6855401
0.6873225
0.6791174
0.8400257
0.6935766
0.7603255
0.7240155
0.4694827
0.5978167
0.7273641
0.5847239
0.8432352
0.7965082
0.8101785
0.6863481
0.5784649
0.7395020
0.9738182
0.4105500
0.6282481
0.6330244
0.7015753
0.8124759
0.5800203
1.1492770
0.5323304
1.2000493
1.0905042
0.6913849
0.7086816
0.9527052
0.9046282
1.0461907
0.6788463
0.7373336
0.7154442
0.6323992
0.9095197
0.9964955
0.4952111
0.6110091
0.4979599
0.6453569
0.8216432
0.5472230
0.7857647
0.8911054
0.6693000
0.7478812
0.6434478
0.4336838
0.5508534
0.5977333
0.7629070
0.7293423
0.6210713
0.5326480
0.5142550
0.4661466
0.7682389
0.5616179
0.8315023
0.6951756
0.5506674
0.4925234
0.6490911
0.2632134
0.5298942
0.5684829
0.8203098
0.5185891
0.5322576
1.0604415
0.5616566
0.7725731
0.6138108
0.7522924
0.6000912
0.7813724
0.9575371
0.6213737
1.2362173
0.7547848
2.8133848
1.2524640
0.8221704
0.7283414
0.7140232
0.5332171
0.6091822
1.1359093
1.2121283
0.7746397
2.4969897
2.2182280
2.7354569
1.7800223
1.4477315
1.9751656
1.4477764
2.4087331
2.3513050
1.3392266
0.8899611
0.5115649
0.7502536
1.1854029
1.6856954
1.4296398
1.1253668
0.8337638
0.9919850
0.7258156
0.5354834
0.3011180
1.0768999
0.8241783
0.4669743
1.0256043
1.2467747
1.1243241
0.7613888
1.3472894
0.9020097
0.4034027
0.6323794
0.4714695
0.8899968
0.5489638
0.8912008
0.6882725
0.4538913
0.5219045
1.1837389
0.7108159
1.1205914
1.7203199
2.0895308
0.8144858
0.6766461
0.7150893
0.6490335
0.6133285
0.6218019
0.8616032
0.4529070
1.2012644
0.5309219
0.9538888
0.6498288
0.5497653
0.7431886
0.6423094
0.8156047
0.7408865
0.9560216
0.7804422
0.7962435
0.8678520
0.6395349
0.8640182
0.7307095
0.7695407
0.5811404
1.0236593
0.7739083
1.0381438
0.6177001
1.0023546
0.9467140
0.9186473
0.7851755
1.2476702
0.8568449
0.7458388
1.0469860
0.7630325
0.5347132
0.7007936
1.0127715
0.7744372
0.9022435
0.9448300
0.5848996
0.7473865
1.0344005
0.6968108
0.5586825
0.6886008
0.6409662
1.4278422
0.4763444
0.4353472
0.4608693
0.7741094
