1.3746779
1.0419713
1.0527599
1.1226696
0.9665057
1.0774925
1.2007459
1.2222764
1.3039658
1.3563929
1.5049721
1.1315200
1.5067604
1.2015929
1.1280904
1.0137587
0.9456487
1.2533041
1.2379152
1.2366324
1.3850543
1.3571051
1.2413378
1.1780915
1.6358686
0.7505016
1.3192638
0.9337319
0.8716450
1.2313261
1.2311574
1.3010010
1.3376665
0.7921755
1.3421306
0.8970174
1.1522783
0.8251455
1.0588368
1.1067831
0.8626995
1.2726440
0.9574865
1.9031279
1.3047200
0.9624937
1.6247093
0.7482710
1.4016294
1.7483915
1.5960624
0.9972871
1.6197534
1.2698466
1.2724596
1.0283561
1.9250354
1.5545821
1.5603591
1.0574617
1.3866741
1.2174382
1.3341370
0.8265684
1.5150354
1.0305030
1.3170944
0.9997326
1.1597216
1.7199029
1.6664358
1.4709125
1.4216198
1.7282938
1.3911564
1.4386893
1.7378915
1.0754757
1.4025640
1.6164335
0.9423631
0.7987786
0.9757043
0.8742945
1.0410798
1.6667222
0.8084071
1.2682793
1.0913672
1.2827709
1.2639292
1.1701769
1.2612462
1.0888975
0.9849482
1.1590127
1.1863898
1.0372664
1.3910990
1.3448936
0.9789576
1.5022191
0.8858887
0.7979006
1.1846856
1.4326278
1.4499955
0.8210982
1.0145927
1.1364756
1.3330665
0.9597240
1.2355459
1.4968730
1.3247773
0.6034291
0.6834328
0.9590106
0.7939621
1.1229765
1.5398830
1.4503186
1.0582514
1.4287143
1.0527701
1.2621872
1.2989677
0.7785623
1.3553442
1.2116666
1.0172798
1.2071711
1.0043666
1.2439167
0.9969484
1.0820911
1.3226484
1.1887360
1.0894282
1.2928874
0.9265061
0.8559428
1.3972002
0.6302028
1.1675147
0.7930164
1.1095689
1.0417165
1.5852707
0.6823040
1.2074918
0.9701498
0.6695805
1.1949713
1.4229326
1.1242852
1.2307140
0.9356099
1.0569809
1.3881888
1.3246388
0.8821031
1.0196823
1.4574993
1.5683470
1.0727070
1.2712896
0.8509020
0.9823779
0.5057030
1.3179043
1.4970453
0.9035313
1.5509357
0.7105082
1.2904141
0.9439755
1.0699896
0.9610062
0.9687167
1.0858716
1.0362400
0.8282262
1.1160084
1.2163010
0.6563323
1.4977456
1.0033339
0.7698508
1.1717125
1.0767770
1.2646450
1.7159491
0.6959976
1.0106320
0.9819966
1.2756275
1.5490738
0.8232971
0.9055081
1.0279973
1.1294629
1.1688553
1.0849792
1.2693955
1.2670050
1.3507801
0.9814897
1.1112151
1.2062184
1.0888483
0.6230112
0.9688513
1.0849982
1.0903356
0.9246010
1.3963440
1.2367767
1.0361839
1.2631242
1.4212494
1.1474375
1.3008601
1.1399210
1.0306770
1.3567982
0.8486467
1.0576731
0.9312802
1.0938130
0.6966109
1.4292776
1.2207074
0.6715401
0.8856191
1.7006691
0.9528291
1.0968040
0.9390456
0.7417365
1.0884812
1.3851388
1.4491966
1.1746849
1.2092615
0.8001728
0.9881613
1.0349681
1.4438542
1.1763050
1.1513890
1.4612825
1.3688987
1.3607325
1.0926214
0.9007125
0.8774221
1.0678712
1.3065606
1.2558432
1.0439474
1.0080401
1.2170968
1.2257769
1.0972429
1.1956375
0.8845913
1.2811634
1.2172674
0.8447782
1.2698481
1.4497748
0.8592118
0.7251349
1.2601595
1.5070560
1.3823441
1.4094961
1.5788071
1.2080098
0.7942684
1.5210161
1.0767796
0.9321076
1.6361256
1.4289891
1.1441978
0.7752764
0.9127356
1.3150556
0.8030296
1.3781471
1.0728361
1.0544084
0.7125428
0.9898149
1.5576940
0.9457055
1.2225250
1.1998022
1.0384741
0.7547349
1.5148194
0.9130171
0.6444814
0.9660870
1.5342452
0.9665791
1.5683128
1.4909259
1.0098512
1.0540458
0.6100076
1.2366758
0.6972718
0.9318494
1.0013142
1.5552201
0.9436075
1.1348103
1.0236682
1.2174069
0.9404577
0.7189573
1.1953186
1.0904661
1.0636086
0.9362128
1.0724974
1.2022688
1.1160688
1.0115499
1.3493697
1.2700897
1.0042052
1.1360763
1.0805505
1.0511457
0.6981925
1.2628056
1.2981993
1.5863911
1.1048098
0.7300454
0.8775931
1.1495208
1.0878935
0.7662269
0.9747808
1.2009317
0.6154875
0.8865356
1.3926839
0.9092044
0.8808668
1.0752990
0.7320397
0.6678714
0.9085127
0.9624315
1.2639505
1.4986664
0.9884652
1.6773392
0.7872040
1.2150989
1.0533420
1.2190000
0.8232679
1.4965677
1.3329029
1.1116117
0.8937241
1.2075352
1.3945832
1.1648262
1.2239916
0.8817297
1.1329289
1.2001967
1.0374547
1.3669465
1.3325359
1.1966893
1.4154801
1.0873550
1.0643716
1.2647640
1.1829133
1.3574183
1.3970459
1.0310336
1.5973216
1.1588692
0.7420631
1.2019176
0.7170515
1.2972014
0.7821780
1.1157824
1.2875777
1.0104978
1.2069486
1.1168108
1.6175013
1.0812248
1.1471727
1.1784298
1.7555305
0.7864654
1.2807112
0.9027988
1.3446175
0.9138114
1.1734906
1.2517174
1.3500474
0.9731488
1.1684156
1.2263035
1.3892018
1.2383102
1.5422856
1.3790130
1.3157442
1.2574996
0.8582398
0.9458253
1.6348106
1.1143940
1.0337265
1.1013877
1.1201813
0.8185044
1.1779427
0.5949102
1.3512482
0.9457790
1.0434212
1.0099096
1.0226100
1.2691439
1.0385857
1.0729875
1.2135006
1.1443229
1.1480499
1.1210092
1.4884273
1.3177841
0.7546655
1.1190879
1.1837389
1.3578662
1.2100870
0.8606820
1.3671124
1.3761043
0.8179944
0.9942848
1.2194890
1.4325213
1.2575277
1.2274546
1.1654918
0.8563217
1.2479788
1.4770800
1.1695488
1.3559358
1.3646072
0.9460698
0.9008865
0.8068599
1.9151488
0.9056411
1.6880308
1.1959055
0.8748836
1.1433769
1.8492822
1.3368565
1.1598560
1.5663054
1.4977071
1.6340647
1.1890348
1.5888300
1.0864708
1.2705473
1.1574530
1.3085039
2.0389542
1.3743758
1.3450131
1.3805051
1.7322098
1.5040199
1.3515857
1.5529753
1.1892914
1.9204667
1.4497645
1.0693751
1.9512623
1.2646573
1.9044630
0.6232009
1.2971464
1.6721102
1.0865138
1.3012044
0.7440722
1.1894116
1.2481311
1.1020664
1.1677350
1.0966469
0.9262035
1.1370453
0.8120908
1.4250185
1.0787004
1.2217904
1.2806241
1.1441276
0.9547054
0.7207089
1.1779533
0.8474611
1.2364966
0.8505967
0.7208096
0.9416905
1.4571551
0.9916316
0.9773094
1.4103635
1.1419219
1.0546982
1.0201762
0.9073414
1.2954975
1.2072899
0.9479971
1.1607763
0.5315434
0.8887380
0.9968508
1.3236480
1.4566794
0.8658494
0.5205303
0.9280816
1.0782567
0.7417466
1.2524612
1.3366011
1.2595491
1.1038183
0.9453936
0.7699090
0.8219649
0.8452658
0.4827081
1.2458100
1.1118802
1.9651708
1.7039887
1.5260231
1.8033794
1.6915559
1.3449591
1.0860704
1.3208740
1.1903771
0.9227119
1.1608968
1.2522521
1.2972387
1.1173742
1.5352026
1.5859315
1.3941781
1.2000192
1.1165411
1.2328343
1.6345955
0.5227318
1.6990119
1.1599451
1.3078880
0.8196781
0.4683846
1.1572174
1.1721130
1.0525925
0.8594114
0.9428816
0.6628514
1.2686406
0.8017475
1.2232284
0.8968432
1.4580482
1.6745879
2.0195027
1.1259532
0.7444466
1.1999013
0.8700220
0.8901402
0.7368005
1.1824009
0.4906182
0.6882882
0.7270228
1.4636520
1.6355590
1.7067184
1.1723047
1.3810570
1.0618943
1.1282618
1.5892772
1.3152760
1.4833545
0.8233923
1.2019976
1.0900114
0.7721929
1.1906782
1.2054791
1.1981135
1.3194989
0.6230187
1.4108351
0.7828112
1.5546300
1.2580350
1.1934125
0.8377203
1.2867455
1.8080270
0.9869160
1.1336746
1.2493658
1.2424583
1.1560996
0.6086098
0.3226566
0.6858224
0.8295798
1.1186456
0.7404521
1.2809908
1.1380776
0.9043155
1.2167386
1.1944453
1.7329308
1.3378942
1.1496163
1.0292668
1.0057198
0.6241507
0.6873582
1.0432368
0.3664345
1.0427357
0.6480436
0.6318896
0.4637508
0.5176839
0.7907001
0.7736412
0.6328726
0.7380874
0.6167822
0.7703000
0.7998957
0.8996014
0.7896992
0.9979225
0.9212796
0.6852903
0.8717276
0.9065907
0.3562078
0.8153288
0.7434314
0.5251987
1.1281368
0.4657065
0.6963642
1.1552822
1.4248681
0.9949332
0.8873791
1.2389435
1.1896644
1.0829239
0.8008302
0.6871110
1.4707318
1.2526024
0.7746564
0.4859597
0.1457307
1.1501746
1.0791407
0.4930648
1.5564588
0.9171675
0.3628868
0.6517822
1.2194236
0.6128171
0.6215488
0.9632132
0.8602313
1.4560262
1.3088639
1.2231876
1.4720823
0.8211238
0.8644564
0.5246097
0.6586166
1.0502262
0.9015621
0.8021432
0.6839398
0.9425808
0.7601820
1.1245365
0.7231959
1.1479668
0.6502918
1.0257833
0.9936210
0.7614134
0.8471647
0.7388074
0.7102914
0.7205587
0.6006150
0.6371451
0.6674812
0.8088780
0.4167797
0.6659663
0.3720577
0.8933987
0.4986368
0.5719322
0.4907148
0.2900286
0.8446458
0.2375537
0.6255032
0.9284220
0.6661615
0.9497760
0.8828670
0.8129289
0.9124228
0.4292512
0.7156953
0.9725603
0.9507309
1.5404222
0.4834603
0.8412219
0.4696262
0.4061204
0.9419675
1.3725114
1.2919447
0.9942533
1.0977800
0.5900312
0.7473600
0.8826665
0.2715886
0.6094281
1.2477553
0.5606625
0.8695249
0.4909700
0.4636189
0.9387933
0.9295694
0.2446995
0.3333377
1.0411419
0.3089731
0.5381320
0.7336958
0.8983294
0.7320667
0.6037623
0.3118016
0.2209008
0.6423248
0.4853289
0.8670731
0.7673939
0.4700709
0.6114448
0.5620823
0.8074778
0.6378090
0.7936563
0.4004634
0.9509445
0.6991956
0.9230996
0.7370143
0.8814434
0.8047487
0.2776507
1.0379220
0.6827490
1.0079520
0.7704239
0.2270719
1.0709391
1.1659115
0.7964617
1.0733388
0.9407120
0.5608641
1.0035296
0.5113676
0.5319015
0.5803743
0.5305897
0.6589135
0.8584962
0.7775538
1.2696672
0.9150522
0.6992939
1.0540129
1.8355777
0.9736410
1.0809361
0.6691334
0.5177347
0.7668561
0.9224034
1.2313659
0.7526610
0.9641955
0.7980694
0.8593760
1.1413474
1.0812777
1.0470154
1.3222995
0.9209455
0.9973905
0.8624940
1.3125692
1.2328322
1.6506195
1.1023759
1.2910726
1.5089151
1.1575459
1.0142190
1.2753965
0.9692225
0.8544382
1.1353827
0.9557759
0.8740137
1.1607783
0.9257664
1.1528823
0.7339634
0.4872297
0.6496961
0.5445952
0.8257965
0.5418350
1.3445683
1.0629692
0.7650040
0.8950653
0.7968513
0.9237604
1.2217740
0.5162464
0.5585795
0.6793363
0.6346554
1.1877394
0.8289474
1.1742400
0.9864238
1.1369706
0.8299697
0.9392223
1.1873037
1.7107874
1.2733009
0.9666703
0.8001484
1.0666501
1.1413689
0.6877995
0.8054016
1.1954095
0.6832431
0.7732502
0.4927064
0.8449803
0.7087917
1.2195815
0.7651167
1.2442020
1.0804119
1.1863184
0.8923506
0.6275032
1.0142817
1.2653203
1.0889629
0.5070306
1.2493022
0.3714042
1.3659772
1.4278430
0.8333029
0.4820699
1.0888891
0.7470792
0.6233717
0.7027902
1.3335392
0.7842022
0.9726018
1.3567905
0.7253609
0.9944426
1.0354930
0.8863788
0.8253641
1.0925296
1.3517299
1.2184904
1.3976360
1.0552858
1.5024243
0.6856021
0.7628770
0.5533502
1.1114319
0.5720345
0.6310929
1.1078478
1.2222643
1.7493865
1.1897379
1.2890837
0.8870988
1.3373633
1.0263634
1.3179353
0.8775929
1.0699169
0.3238734
1.1620992
0.8965641
0.9802448
0.9311658
1.1401289
0.7754406
0.4147001
0.5795287
0.5072543
0.7070164
0.6895009
0.3714349
0.6989778
0.4239900
0.4434300
0.7542263
0.5393482
0.2577017
0.6365249
0.3071997
0.6980961
0.5863611
0.5042729
0.5939614
1.1411602
0.4191368
0.6263263
0.7978803
0.8228022
0.9273086
0.5910026
0.6178670
0.5997301
0.8149075
1.0657030
0.3819088
1.4614584
0.5587786
0.8108090
0.8876822
1.0210447
1.2271686
0.5213976
0.6541228
1.1138586
1.1068096
1.1101669
0.7398210
1.0716225
0.8684822
0.7328614
0.7213787
0.8005231
0.6834463
0.6350936
0.6696384
0.6886836
0.6881826
0.6715436
0.8876698
1.0077232
0.9232826
0.9521025
0.6651673
0.7308285
0.6479000
0.7428851
0.5537778
1.0416889
1.0414895
0.7956964
0.9955116
0.8143443
0.7780900
0.9199840
0.7464388
0.7543509
0.5878044
0.8074753
0.5411700
0.3186269
0.7939392
0.5570204
0.8001771
0.5545456
0.7842073
0.8154980
0.8704644
0.8066741
0.6086490
0.5315832
0.5913432
1.4240126
0.5734393
0.5092387
1.3769227
1.1901968
1.1788326
1.5389066
1.1401378
1.3436891
1.4663865
1.5161792
1.1039417
1.3810604
1.6045420
0.8246633
0.8630118
0.7835031
0.7399681
0.7709541
1.3428663
1.2229166
1.3272045
0.7106364
0.8668193
1.0058544
0.7970613
0.6102947
1.3885253
0.8883541
0.4017183
1.0042990
0.4734059
0.4325789
0.1133812
1.0166192
0.9401978
0.1331513
0.3906455
0.6084405
0.7201418
0.3633136
0.6697945
0.9087288
0.8617165
0.5903218
0.9455868
0.1945833
0.4169680
0.4519696
0.5940196
0.5475513
0.5945812
0.5642638
0.4930248
0.6401511
0.5765850
0.4738731
0.5805675
0.1808301
0.4928754
0.6804923
0.7853177
0.2518875
0.6446574
0.3523138
0.8830938
0.0472666
0.7554811
0.3837879
0.5840050
0.9226017
0.4635962
0.9178774
0.6417885
0.4700488
0.9638174
0.7600520
0.6419893
0.6236991
0.5150710
0.3285868
0.4984879
0.4060271
0.6274847
0.4603818
0.5337801
0.3462289
0.4855537
0.5050015
0.9830225
0.5842594
0.7871160
0.6400783
0.4954487
0.8961987
0.5093327
0.3005168
0.6074030
0.3957636
0.4323972
0.6956067
0.6150348
0.9249218
0.4287895
0.3233694
0.5891145
0.2313640
0.6660084
0.3887177
1.3063088
0.9107676
0.5828771
0.7101441
0.3034632
1.3728607
0.2776555
0.4861544
0.4111842
0.8080222
0.5939719
0.5713937
0.9611697
0.2233047
1.1694520
0.5825570
0.6681162
0.2780670
0.6735142
1.2580270
0.4507425
0.6236929
0.4614406
0.4833743
1.1523535
0.7129115
1.5215033
0.4422112
1.0820921
0.9201369
1.3143754
0.5798478
0.6599343
0.8084747
0.9840989
0.8273136
2.6046818
1.0119886
1.2379780
1.3538919
0.8813941
0.6940060
0.6440422
0.3351191
0.2174817
0.7949738
0.5661837
0.4576193
0.5011906
1.6612320
0.6109960
0.3274993
0.6058782
1.1254539
0.6978686
0.5708051
1.2007971
1.3376901
1.0510015
1.1108982
1.2320512
2.1188034
1.2470550
1.3550061
1.5498626
1.3963152
1.4792209
1.4093643
1.7557616
1.2870161
0.9186952
1.3088277
1.1627749
1.5366704
1.1279187
2.0239780
0.7293333
2.5700776
0.9646402
1.0667667
1.2258231
0.9019586
1.2374279
1.0080250
0.8602354
0.7817475
0.9766337
0.9998238
1.8854499
1.3754748
1.9037770
2.6616737
1.5193620
0.7847525
1.0478237
0.7921966
0.9387243
1.9009793
1.4070576
1.2633754
0.8380570
1.8099061
2.0977933
1.3229405
1.6158650
1.9161763
1.3173250
0.9896961
1.3912582
0.9013624
0.9130747
0.8177684
0.9769928
0.9609005
0.9994215
1.1355069
1.6445695
0.8946557
0.8525922
1.1683822
1.4854924
1.2307731
1.1644678
1.1270105
1.2795096
1.1934964
1.1104792
1.2960988
1.7512873
0.8866102
1.4668225
2.0543422
2.7859188
2.2270318
1.6493058
1.0209033
1.4397600
1.6341977
2.4250756
1.8094512
1.9521466
1.4961045
1.1854480
0.5298182
0.7081639
1.4195813
1.1015346
1.8018668
1.9275542
1.8733496
1.3732018
2.0141197
1.8021054
1.2577972
2.0259403
1.4660187
1.4384274
2.0857243
1.0774174
1.8323382
1.4345393
1.6587454
1.8381883
1.4132995
1.4487606
1.7232915
1.0090925
0.4720856
0.1393112
1.2482217
1.2811901
0.6452360
1.7681966
0.7854600
1.3931727
1.5547406
1.5504877
1.9625537
1.2542666
0.8954476
2.3021367
1.3704351
1.4705880
1.7324975
1.5287819
0.9973210
1.0402161
0.9892063
1.4191147
1.4664545
0.2806262
1.2100081
0.8272459
0.2424165
0.8568760
0.5417432
0.4692675
1.9635342
1.0191981
0.6663165
0.8457076
0.7080326
0.3645821
0.6073752
0.7592227
1.1535786
0.1963674
0.9596362
0.4022217
0.9108689
0.7516323
1.0783193
0.8607591
0.6015350
1.9705984
0.7259653
0.9521258
0.6786989
0.6810956
0.6877052
0.9645019
0.9373864
1.4296652
1.1099649
2.2291559
2.4462395
1.0965998
0.9048679
0.9064480
1.4998730
0.9461550
0.6604737
1.8276994
1.4691424
0.6440756
1.4262107
1.2149591
0.0995691
0.6728171
0.5604647
0.7339713
0.7470005
3.2554937
1.1647112
1.3859859
1.5355790
0.8196989
1.7593906
0.6275701
1.5509632
0.4828955
2.9803649
2.0187789
1.6246486
1.9756520
0.6040333
1.2390099
0.7944673
1.1930672
0.3025100
0.4554296
0.9827995
0.4170032
0.8830990
0.4546679
1.4818992
0.9413530
1.1150294
1.1389445
0.6061254
1.2882112
0.5920832
1.4187677
0.8610858
0.9976640
0.5578674
0.7565915
0.4294392
1.0552621
1.3596754
1.4245555
0.9836612
0.8826372
1.5141656
0.8491056
1.6312988
1.1874635
1.5932046
1.0045806
0.8166398
1.3762987
2.0525755
1.5258138
2.3460682
0.6917649
0.5366385
1.6282949
1.0633504
0.8922492
0.5134369
0.8470330
1.9827850
1.3068168
0.9622200
1.4742441
0.2404829
0.5615073
0.9345320
0.5940221
0.4839988
0.6357352
0.6591038
1.8550865
1.8167281
0.8509044
0.7909399
1.4073342
0.8386687
0.4004425
0.2220965
0.3828301
1.6640323
0.7433800
0.9673954
1.5196542
0.4604558
0.6148021
1.2637423
1.0597003
0.5172928
1.2339120
0.9953301
2.0004767
1.3788727
0.2501780
0.9100028
1.6922882
2.1282822
1.4997884
0.2576193
0.4339573
0.7132053
0.8919471
0.4190432
0.9237814
1.6999335
0.6842040
0.4712087
0.9744849
0.8345711
0.4029237
0.8396001
0.3871664
0.6699039
0.6616934
0.5853739
0.5056076
0.7766193
0.3921149
1.1650806
1.4615352
0.0415136
1.6034937
1.7501419
0.7421178
1.1855519
0.5570475
0.4468329
1.5553567
1.0771178
1.2949399
1.8060603
0.5972077
1.5638270
1.8598148
1.7902271
1.4474064
2.1848888
2.4906759
1.5319033
0.6992281
1.1372635
0.9359610
1.2386857
0.4237638
1.3835991
1.3409828
1.3738216
2.5958092
2.3180186
1.7643239
1.0916925
0.6921772
0.8390439
0.9649426
1.6695455
1.5162986
1.9207995
3.3938376
2.2787077
0.8803850
1.4549484
1.7297825
1.9536201
0.6691451
0.7005627
1.2589898
0.9669010
0.8395189
2.9951326
1.1490539
1.6879811
2.1952377
1.1955814
1.1910028
0.4773402
0.5526702
1.4058498
1.4623828
1.9066916
1.0348536
0.8835889
0.6034063
1.0917080
1.5254930
0.6356152
0.7415606
0.9127045
1.2316970
0.8017284
0.5532837
1.5976186
0.5045864
0.8063681
1.0427617
0.8724365
0.3505173
0.9637568
0.6258881
0.7888190
0.5393893
0.6960664
0.5889384
1.2288290
1.3804683
0.8529437
0.4798887
0.4984984
0.5761389
0.6322257
0.5816902
1.2848114
0.7507813
1.0615033
1.4737996
1.8742115
1.3255336
0.9822710
1.0261682
0.6458195
0.6072694
1.0822714
1.8392524
1.1077165
1.1995573
1.6994866
1.5799293
1.0033693
1.5290428
1.1501553
1.8156984
1.3302486
1.0537791
1.2577829
1.1631519
0.9690220
0.7887451
1.1610109
1.5032035
1.0644324
0.8640807
1.1343695
1.5585336
1.3465583
1.4105660
1.0285421
0.6581045
1.5006513
0.9943013
1.1341995
0.8635865
0.2586762
0.6836764
0.4476648
0.5500869
1.3417081
0.9179881
0.2542789
0.4004898
0.6220498
0.3906613
1.0767530
0.4721342
0.8539086
0.6000934
1.3335527
0.7923721
1.4341239
0.6869836
0.8007155
1.4923094
0.6677212
1.1408256
1.1638297
1.7118458
1.6456016
1.8489094
1.5169949
0.9963184
0.6956986
0.1701963
0.9345924
1.3246546
0.5047573
0.4219580
1.0453077
1.3870659
1.9126700
0.5551320
1.3129221
0.6089078
0.9514032
0.5923140
0.6631894
0.4868155
0.8745541
0.9682322
0.6924136
0.8053810
1.0294955
0.9409891
1.2253643
0.7691420
0.7867892
0.7668926
0.6795383
0.8001695
1.0280391
1.3105032
1.0563923
1.3931326
1.0313716
0.8170154
0.9006414
1.1975655
0.2229245
0.7540764
0.9944843
1.1196093
0.8533418
1.2747491
1.7418101
1.0128713
1.1537734
0.3082714
0.8091580
1.1158069
0.6304967
1.5484267
0.7618187
1.4234147
1.3840346
0.9385553
1.0215300
1.3438073
1.1669934
1.3117744
1.3405054
0.4854526
1.4822363
0.6554043
0.8279392
0.5769982
0.4137432
0.8370015
0.5478087
1.0640322
1.2477622
0.5683369
0.6022731
1.1008330
1.8024786
1.2598412
1.0043145
0.8049906
0.4453519
1.0570940
1.2301651
0.8969319
0.4616197
0.5401120
1.4153154
0.7666496
0.6956791
1.3214354
0.6676012
0.5290519
0.7263534
0.5286716
0.5739158
1.3132338
0.9294806
0.9324546
0.3775848
0.5906309
0.8945651
0.9170611
0.2397165
0.2667083
0.7116117
0.6169981
0.7741438
1.1554495
0.9614953
0.9475957
0.8617854
0.7603855
1.2478392
0.6085588
0.6449918
1.0752978
1.0884617
0.9726155
1.0313900
0.3594091
0.5140260
0.7697748
0.7360444
0.4968617
0.8905700
0.3738068
0.5411028
0.5333262
0.6282141
0.5869583
0.5486782
1.2088373
1.0304911
0.6422863
0.2758681
0.9575718
0.4167584
0.7297055
0.6381943
0.9720214
1.1435802
1.0096325
0.5388235
1.1006350
0.3283321
0.2561302
0.6673236
0.7582131
0.5991578
0.3253690
0.3336306
0.6616783
2.4574455
1.4309627
0.9355484
0.4390038
0.7292916
0.9808091
1.3957783
0.2901443
0.9697206
0.7711875
1.1534907
1.7588144
1.2490966
0.4950647
0.8179550
0.4738753
0.9285690
0.4800685
0.5938547
1.8178066
0.4219372
1.2316617
0.4724326
0.5017515
0.7260135
1.2614609
0.4735409
0.9852711
0.2435858
0.5643135
0.6895636
0.9348167
1.0851312
1.1894613
1.4476885
0.7823833
0.8369277
1.7080214
0.3862987
0.7516744
0.3947092
1.0284159
0.7691897
0.9123029
0.7182285
0.5553718
0.5433230
0.7438885
0.4094468
0.7411787
0.7503529
1.3341549
0.6463124
1.1203686
0.5084377
0.3852907
0.3152867
1.2483114
0.8890249
1.2256879
0.7251859
1.2674883
0.9388626
0.7119393
0.8212266
0.6982656
0.8429188
1.3045102
1.3388867
0.6322045
0.8106530
0.3853868
0.7994019
0.3168038
0.7968894
0.6856263
1.0657335
0.6353174
0.8572983
0.7634632
0.3677160
0.4231808
1.0695585
0.6584832
0.6743251
0.5013188
0.1572114
0.3777315
1.0328195
0.6081247
0.5020895
0.5338649
0.7574579
0.6894436
0.3806177
0.4255256
0.3472619
0.5240498
0.8193015
0.3004394
0.4130515
1.1458167
0.3122800
1.4002742
0.9637904
0.7136816
0.3625154
0.9422439
0.9316358
0.8320961
1.1490049
0.7051490
0.6881718
0.1658189
0.7454449
1.0320376
0.5359690
0.8176400
0.5445779
0.8069889
1.0806715
1.1256040
0.4907295
0.7367505
0.5660144
0.5771949
1.1663480
0.3466399
1.0538749
1.0301987
0.6165929
1.2902307
0.5728857
0.9505147
1.3466015
0.8690868
0.7431864
0.6473944
0.5917266
0.7313744
0.8292290
0.6301669
0.2673052
0.6857775
0.5450141
0.8579406
1.1513189
1.1910611
0.5398822
0.6601227
0.6666538
0.9926802
0.7747886
0.8584059
0.6658474
0.7392233
0.7938701
1.2620378
0.5294957
0.6171838
0.6557531
0.3987555
0.8261983
0.7950720
1.3978881
1.1361047
1.1343348
0.5781875
1.0201682
1.2833047
1.3254364
0.6080672
0.5072278
1.7110668
0.9458457
0.5946020
0.7536996
0.9854365
0.4099651
0.6510860
1.0225125
1.5340741
0.8192745
0.9591383
1.2660802
0.7522191
0.5319589
1.7194158
0.6511642
0.8864720
0.6012985
0.3056843
0.1692799
0.2769473
0.1870126
0.3404541
0.2057731
0.7427791
0.1965594
0.2467223
0.4631247
0.4952156
0.9611787
0.6688477
0.2575010
0.1227935
0.4818576
0.1451905
0.5052419
0.7410902
0.4479090
0.3748748
0.2285317
0.5455786
0.8253078
0.4874615
0.5891360
0.7960428
0.6123817
0.6640803
0.2110274
0.3230625
0.3771150
0.8030053
0.2935547
0.8769608
1.0844711
0.4630214
0.9597051
0.5026103
1.0651118
0.7593011
1.0785304
0.3993649
0.2152528
0.5857373
0.4550464
0.4573895
0.6290610
0.8054878
0.2687196
0.5660881
0.8430028
1.1319066
0.8010252
0.5710784
0.2430021
0.8791059
0.5120632
0.6297560
1.0460504
0.7979125
0.8236427
0.7699698
0.4329548
0.3192753
0.4330132
0.9305001
1.1146434
0.7927998
0.6869394
0.3383738
0.3183754
0.5717540
0.4930768
0.5776143
1.1518123
0.5452269
1.2286550
1.1648453
0.4547560
0.1995382
0.9877941
0.2262320
0.6760055
0.3222959
0.7043299
0.9619138
0.5971929
0.8922353
0.5357374
0.4062127
0.7971907
0.4238252
0.4080434
0.4021075
0.3362004
0.5838384
0.3713093
0.3239944
0.2302719
0.3872694
0.5615137
0.4118263
0.3248024
1.0116210
0.3473378
0.5645877
0.5576115
0.3976074
0.6070139
0.5932598
0.9854060
0.4554640
0.4805419
0.5139552
1.2245042
0.3351762
0.3566851
0.3614013
1.0816025
0.4984989
0.5937190
0.3834234
0.4027517
0.4852674
0.6611942
0.9870298
0.8713949
0.4983485
0.3836083
0.5201379
0.7234578
0.2472388
0.9535523
1.6292012
0.5745048
0.2202760
0.9893996
0.3688821
0.8362825
0.4452841
0.4091751
0.5428798
0.7182085
0.7400792
0.9564079
0.2757666
0.1996610
0.4471483
0.6395559
0.9771417
0.3292596
0.9637739
0.6167126
0.5552312
0.4783710
0.6743661
0.6459878
0.7705721
0.5952573
0.6468788
0.7442132
0.4001315
0.4794053
0.6481819
0.6512863
0.4164921
0.4214661
0.4125338
0.8017368
0.3168035
0.7482098
0.8288461
0.6057536
0.4941639
0.5255485
1.0470046
0.6352586
0.5258969
1.1694220
0.5397248
1.1302542
0.5265731
0.9885739
0.4654778
0.5907856
0.2556772
0.5129697
0.6381065
0.5755525
0.5350028
0.5408352
0.9827789
0.6546644
0.5250509
0.7528996
1.3123475
1.3308084
0.6597173
1.0842484
0.6682372
0.6474212
0.3554378
0.8030332
0.7230542
0.7713441
0.8171440
1.0768978
1.0917303
0.9327907
1.0307648
0.8140378
0.9569998
1.3066054
1.1565301
1.0237835
0.6593915
1.2685278
0.6105695
0.6039869
0.7253810
0.2241667
0.7028115
0.4869324
1.0452440
0.7238025
0.3957279
0.3598160
0.8242013
0.9100318
0.5585973
0.4006312
0.8606521
0.6556714
0.6815493
0.6578824
0.6261092
1.0168148
0.4566213
0.7219629
0.2505341
0.7723397
0.3592588
0.4525556
0.9088996
0.5184835
0.1227358
0.6538463
0.3043289
0.6606880
0.7379409
0.7485563
0.3639526
0.3233889
0.4006695
0.5082707
0.6836642
0.1229407
0.3188931
0.3388665
1.0619581
0.5359610
0.5593597
0.1517902
0.2521952
1.1740438
0.5962031
0.5502850
0.2975685
1.0812871
0.5966337
1.0143311
0.3937247
0.9370202
0.9322499
1.0139319
1.4717054
0.6825466
0.7274545
0.7295186
1.0995835
0.4791269
0.5762490
0.3031895
0.5422503
1.4732538
0.9193246
0.4995631
0.5383654
0.3947710
0.5980267
0.4175972
0.6780786
0.6142888
0.4977418
0.4001159
0.3309909
1.1374453
0.3621182
0.2257017
1.0274804
0.2449548
0.9560282
0.3921280
0.7965522
0.3829760
0.9488830
0.5471162
0.5655455
0.5503039
0.5969246
0.3468050
0.4224675
0.3155985
0.2907667
0.6445957
0.9250649
1.4680333
0.1320361
0.3201169
0.3727358
0.4370458
0.1485818
0.8364105
0.3308962
1.1250371
0.8852706
0.3416712
0.9291100
1.0075998
0.9221281
0.6479956
0.7306817
0.5551689
0.6816620
0.8894929
0.4521195
0.6730930
0.3345225
0.4276178
0.3526373
0.7933884
0.7152014
0.9057253
0.8683479
1.3076066
0.8475927
1.3635071
0.9402976
0.9889599
1.1764300
1.2621716
1.6415121
0.9612318
1.3005644
1.4327402
1.1728077
1.1242410
1.3367043
1.3068682
1.2031944
0.8474957
1.0994844
1.5572201
0.9427327
1.6122659
1.4254599
0.8871715
0.9742882
1.6229462
1.4198445
1.0259713
1.5179195
1.3830942
1.3308101
1.3642305
2.0359358
1.6663813
1.3338999
1.4200446
2.0299498
1.6370278
1.4908190
1.2780502
1.5431345
1.3605376
2.1616199
1.6708468
1.5815507
1.7956841
1.7474362
1.7157788
1.4715191
1.7857075
1.5602195
1.5868366
2.2005775
1.4324198
1.2050006
1.6474966
1.4198470
1.6142401
1.5202729
1.0005049
1.3219166
1.0526241
1.0861914
1.0118485
1.4360912
1.3971907
0.9825804
1.2376963
1.2915969
1.7047267
1.1011939
1.4150300
1.7257430
1.4425638
1.5057122
1.4473960
1.4870933
1.0351468
1.2909009
1.4676786
1.3736513
1.8913277
1.0523169
1.4014511
1.0343808
1.4740952
1.5066774
1.5449996
1.1372653
1.3076089
1.4580156
1.3237627
1.3506730
1.1136722
1.7779165
1.1425585
1.5041058
1.6818128
1.5571254
1.5966699
2.1165533
2.3457160
2.2042265
2.2279009
2.2664128
2.0228669
1.5247649
1.5116918
1.5212484
1.9750096
1.8358186
1.6125953
2.1768887
1.7174371
1.9943783
2.2892360
2.4222696
2.2873853
1.8188858
1.8256364
2.1195099
1.9804963
1.9794792
1.7878631
1.4457547
2.2286422
1.8386064
1.6976096
2.4372084
1.6902823
1.8884035
2.5378424
2.4082037
1.9855023
2.4107490
1.9487012
2.1027287
1.4256889
2.0401137
1.9649503
1.5424173
2.4475763
2.4219583
2.1766372
1.7226191
2.3470534
1.5560734
2.2542378
2.2173594
2.0923973
2.1336382
2.7193971
1.8773118
1.9690837
2.3857439
2.4153777
1.6098466
1.5343765
2.5576425
1.0464580
1.0379196
1.2531565
1.9938462
1.8542637
1.2764688
2.0107215
1.4689308
1.8145237
1.2297181
1.2089190
1.5311573
1.7298868
1.4659214
1.4184110
1.6121974
1.4416125
1.8020388
1.8020212
1.6947209
1.4858622
1.3561985
1.6181977
1.5418961
1.1836623
1.3639361
1.1871357
1.4072937
1.7271060
1.5232232
1.5532320
1.6476950
2.0963897
1.9874403
0.9559535
1.5113641
2.1735675
1.6555725
1.3474761
1.6032585
1.6917235
1.0971009
1.6072236
1.7258512
1.9415935
1.8098179
2.1389412
1.8082019
2.1142443
1.4967100
1.9130906
1.9394115
2.4166790
2.5352598
1.5948130
1.5364138
1.7180730
1.3625771
2.2607673
1.8487798
1.6814872
1.5748646
1.4111770
1.5229562
1.5503545
1.2152722
1.5868164
1.7404347
1.4059705
1.6284549
1.8550721
1.5539931
1.3599886
1.4691319
1.4777268
1.2349766
1.5876736
1.5733104
1.5196489
1.7156186
1.5452170
1.4993494
1.2410903
1.3998324
1.6324228
1.9962247
1.7240204
1.0938261
1.1712029
1.3228756
1.0434862
1.0070152
1.7492497
1.3045766
1.0748999
1.3630130
1.7225583
1.6027948
1.1244646
1.4989784
1.5514668
1.3716542
1.3069451
1.1577826
1.1609597
1.0041029
1.1026452
0.6137312
0.9420045
0.9530756
1.4634865
1.3803937
1.6603607
1.0449877
0.9901602
1.2732109
1.0622305
0.9008962
1.0313825
0.8154420
1.1248084
1.0346207
0.5822171
0.9609862
1.2532120
0.9537152
1.1715104
0.7353427
0.9492744
1.0404407
0.7322494
0.9504789
0.8901995
0.6559425
0.8372490
0.6596130
0.9128647
1.4668637
1.3385559
1.3724524
1.2352550
1.0460014
0.8046240
0.9042624
0.7225594
1.1292707
1.1825428
1.0619533
1.1116164
1.0024640
1.3868087
0.8896554
1.1798391
0.9451430
1.6448302
0.4697215
0.2934464
0.5277809
0.3937094
0.2692227
0.3975451
1.0011348
0.5796045
0.5525407
0.4959348
1.0028414
0.2433780
0.2952227
0.4376331
0.3731350
0.4440759
1.0726035
0.6344977
0.1343360
0.5847004
0.3361841
0.6048131
0.4603270
0.3445047
1.2769118
0.3912840
0.4529036
0.1736913
0.5984079
0.7036329
0.2064824
0.6688649
0.7726216
0.1939053
0.7246448
0.6760896
0.1490050
0.1375734
0.2386442
0.6342876
0.4284019
0.6384889
0.3100981
0.1979665
0.7466028
0.6135902
0.8914428
0.9270548
0.7193705
0.5202925
0.3523961
0.5726092
0.5500579
0.8114005
0.4662069
0.4947661
0.6002764
0.7579878
0.8737262
0.6224001
0.6985217
0.4680769
0.2135164
0.2930412
0.7797721
0.3490570
0.3978987
0.8605382
0.9265050
0.2859628
0.5638025
0.2237523
0.2826243
0.4324941
0.4394083
0.5719250
0.5699626
0.4291868
0.2822152
0.1678350
0.4116438
0.3659808
0.3199622
0.5340009
0.3555083
0.4439275
0.5071365
0.6589890
0.3593570
0.5885849
0.3674434
0.4224095
0.1306284
0.5792831
0.2283710
0.4411844
0.2849156
0.4925951
0.3152575
0.6313541
0.3817637
0.9383939
0.5712396
0.5823519
0.5084784
1.1208233
0.7583017
1.3699163
0.9418359
1.1442084
1.1430692
0.8862876
0.9889976
0.9110555
0.7303047
0.6933667
0.3905262
0.7923507
0.5878342
0.8500692
0.8870262
0.7915649
0.6199061
0.6267564
0.7247745
0.4564518
0.4786180
0.5123137
0.3468096
0.6030344
1.3352806
0.8283462
1.0762705
1.0398034
0.7559811
0.3949074
1.4621891
0.9669143
1.1017039
1.1107961
1.0219912
1.2335823
1.0539915
1.0338463
1.2608476
1.0958194
0.9308111
0.9395766
0.9696391
0.6918663
1.1745722
0.9978064
0.9006147
0.7413704
1.4879325
1.1566395
0.9189827
1.2399138
1.3969269
0.8202868
1.8551972
0.9404060
1.0899842
0.7633090
0.9420095
0.9789009
0.9582144
0.8328100
0.9039569
1.2850867
0.3920571
0.4702754
1.0233509
0.8474426
0.6558082
0.6277608
1.3692848
0.8802887
0.9865949
0.6252920
0.7997476
0.3347543
1.1104629
1.0569283
0.5052622
0.6412019
0.9397093
1.0499514
0.3819911
0.5509355
0.6630565
0.6924254
0.8410542
0.8858238
0.4964713
0.2582633
0.3478290
0.9340376
1.3178448
0.7841930
1.4819325
0.9899286
0.6734807
1.4849655
0.7771266
0.9266867
0.8908426
1.0375015
0.4394718
0.8108421
1.0331929
0.4938388
1.1987915
0.6827313
0.9954694
1.3452264
0.7931234
0.3231161
0.5124494
1.2695408
1.0061033
0.7335138
0.8162040
0.6135944
1.0166619
0.9883095
0.9863029
0.5197844
0.5863813
0.3892965
0.7444526
0.4569377
0.5257986
0.6072203
0.4351083
0.7668955
0.8297619
1.0844077
0.8397438
0.6756950
0.8498379
0.9197261
0.7630947
0.7918395
1.1257971
0.4708422
0.5762788
0.6201110
0.5230292
0.6782644
0.8258255
0.7155984
0.7333554
0.9266891
0.7529622
1.5857895
0.6962176
1.1212899
0.6591203
0.7275539
0.2747180
0.4312997
0.8758671
0.4342067
0.3451453
0.8487857
0.7975108
0.5681367
0.2736814
0.7015786
0.6445888
0.1715677
0.2440619
0.6930144
0.5482930
0.4800566
0.3953941
0.2830301
0.4965834
0.0777325
0.2598905
0.9442545
0.2347116
0.7737341
0.6379851
0.2163315
0.1669296
0.6393897
0.4359841
0.3697076
0.4416228
0.3727162
0.2071966
0.3263400
0.7162163
0.4699550
0.4436401
1.0227695
0.6828817
0.5255808
0.4599195
0.5037549
0.1074206
0.5060125
0.3742602
0.1691787
0.6477452
0.3669413
0.5803245
0.3602321
0.8165377
0.7775338
0.4153088
0.3877364
0.2434674
0.5248731
0.6310086
0.7362126
0.6227022
0.2190308
0.5641881
0.3032890
0.4426414
0.4298326
0.7192827
0.2731118
0.3903563
0.7077726
0.6581084
0.2216439
0.4027376
0.2593161
0.5830786
0.8802425
0.8030267
0.4611836
0.4850528
0.2480009
0.4462160
0.2682059
0.4027343
0.3734411
0.8389626
0.4135905
0.3209507
0.3366903
0.4856289
0.5543542
0.3584207
0.2245211
0.1397386
0.5090743
0.3929567
0.4146435
0.2902238
0.7334470
0.1969110
0.2612665
0.5486410
0.7614527
0.2944918
0.3500790
0.6326184
0.4914150
0.3163172
0.4841666
0.5200655
0.6456536
0.1459153
0.3922317
0.3345805
0.3637433
0.5901784
0.2835243
0.5140276
0.1196032
0.2501547
0.3320372
0.2490241
0.5556683
0.7176783
0.7367694
0.8663600
0.6802474
0.4617123
0.4089538
0.7857853
1.0900195
0.8105079
0.7694664
0.7169721
0.5833712
0.5476118
1.0999544
0.3822321
0.6118670
0.5199287
0.7856052
0.7524874
0.6189837
0.6097745
0.5406914
0.6285650
0.4561188
0.6453937
0.6975800
0.9094275
0.2612797
1.0124466
0.3993367
0.2042191
0.7939631
0.7992352
0.7360173
0.7007262
0.3161810
0.6644053
0.8721722
0.3050490
0.3897178
0.7239712
0.7284526
0.7724916
1.0103985
0.8834703
0.4566756
0.4978422
0.3760163
0.4802171
0.8232368
0.1958079
0.3201634
0.6921245
0.4484282
0.6235562
0.3526856
0.2539787
0.3647471
0.5793743
0.3113728
0.3822556
0.5370537
0.7108952
1.1028499
0.9929795
1.7512937
1.5244873
1.6452191
1.5470348
1.5562517
1.4703069
0.9119870
1.0988670
0.7551839
0.6928763
0.8482889
0.3108533
0.3925988
0.9150564
1.2546718
0.4882054
1.1867585
0.7253281
0.6304361
0.4182015
0.7410907
1.2036982
1.2856020
0.9561106
0.7177919
1.0990363
0.7880956
0.5063992
0.6024335
0.6325322
0.7109216
0.4074421
0.3588860
0.6168534
0.5509749
0.4012514
0.6173556
0.7287929
0.8359092
0.5969073
1.0244281
0.6647001
0.5674098
0.6553244
0.7112758
0.8986839
1.1031599
0.6385310
0.8393529
0.6004437
0.8549665
0.9675688
0.7162691
0.4105234
0.6501494
0.6565273
0.4747154
0.5880698
0.3129793
0.3843191
0.3009376
0.8980971
0.6642295
0.7815028
0.4043492
0.5096726
0.5233527
0.4217665
0.6691089
0.6031072
0.6806204
0.3383113
0.2477748
0.4208057
0.4201186
0.3040511
0.2626652
0.4001200
0.1977197
0.6801337
0.3792322
0.3936721
0.7100280
0.5522470
0.4205552
0.4040993
0.4428978
0.6109547
0.9709466
0.5747971
0.2844849
0.4513273
0.4099899
0.5930868
0.4395320
0.2183986
0.6103356
0.6908810
0.6944640
0.9267664
0.8826838
0.6202690
0.6748675
0.2925527
0.7153477
0.7164549
0.8942875
0.6407786
0.9190138
1.0514064
0.8307439
0.9075879
0.7227294
0.6157899
0.2001308
0.8245808
0.6612960
0.5502195
0.5558547
0.6497109
1.6443598
1.2362675
1.0056357
1.2323076
1.4454192
1.4786266
1.3430322
1.6167599
1.4994659
1.5486799
1.2881379
1.4729896
1.2375277
1.0999532
1.2927807
0.9733780
1.1607580
1.4946815
1.1923576
1.1358331
1.4273875
1.1787249
1.3835839
1.6022003
1.4594790
1.4554720
1.7935524
1.6535852
1.2210392
1.2199063
1.0707402
1.3750526
1.2997604
1.1196640
0.9357041
1.4547893
1.2820367
1.0915417
1.0209827
0.9766477
1.0378691
2.0371060
1.9573314
2.4141633
1.8972143
1.5384385
1.3683940
1.7830528
1.1801497
1.5522302
1.8283973
1.1168378
1.2963406
2.2196654
1.2357204
1.2290470
1.9193508
2.0401958
1.3826774
1.5581520
2.1779061
1.2159727
1.6070421
1.9758313
1.3288185
1.6116917
1.4753005
1.5950159
1.6988263
1.6132270
1.8431506
0.7559662
1.1720750
1.0514689
1.5523329
1.4017612
1.7977216
0.6377924
0.9808569
1.5389553
1.2251850
0.4164677
0.8599378
0.6229719
0.3555076
0.5558757
0.5389152
0.4905843
0.3038292
0.4373158
0.7653489
0.2776952
0.5407904
0.5025182
0.5845511
0.3150704
0.4764823
0.5378472
0.4943288
0.7460255
0.4313867
0.5981845
0.6458227
0.6871701
0.9303018
0.6641189
0.4553044
0.5887828
0.3950959
0.9590925
0.4343303
0.8767862
0.3676147
0.3000395
0.4049059
0.3704004
0.7982266
1.1130090
0.1489605
0.9819575
0.9446920
0.7978630
0.6333556
0.2121523
0.4997548
0.6671333
0.6467193
0.6396295
0.4637436
0.7750303
0.6752831
0.7255763
1.3168787
0.6717131
0.6872877
0.7329511
0.3433699
0.4582885
0.7333396
0.6861714
0.3885173
1.3343362
1.0172591
1.3167451
1.5183541
0.8488551
1.2626836
1.1606263
1.3450979
0.8739320
0.9477939
0.9832870
1.0946710
0.7834013
0.3567923
0.3351904
0.7653832
0.6263448
0.5630700
0.9389266
0.9060557
0.2988907
0.5055745
0.3512842
0.3849458
0.3813717
0.7479876
0.4542914
0.4778720
0.4080074
0.2307103
0.5993582
0.7040883
0.4148792
0.2198501
0.6982783
0.5504968
0.3518984
0.2685606
0.5141710
0.7332380
0.4402894
0.4386020
0.2956253
0.6376172
0.9449291
0.3648604
0.3776427
0.2617360
0.5985451
0.4596294
0.6608989
0.3461060
1.0823478
0.8904588
1.0279725
0.8958463
1.0128049
0.5374512
0.6176761
0.7015840
0.7788762
0.8691890
0.5790020
0.8741318
0.4363851
0.6650683
0.3648617
0.4443669
0.7403469
0.8717741
0.6638603
0.5389588
0.9355981
0.7531384
0.5543710
1.1341074
0.6345726
0.4693199
0.4300736
0.9240968
0.6765445
1.1112771
0.2288155
0.6125301
0.9199289
0.3018148
0.4140335
0.5472182
0.3165722
0.7511282
0.8099736
0.5605480
1.0143652
0.7362473
1.0811146
0.7104123
0.9591683
0.5954977
0.8706191
0.9938651
0.5033659
0.4847995
0.3212689
1.4184119
0.8255087
0.4634159
0.7394318
0.9134898
0.5032666
0.3517808
1.1739236
0.5391204
0.8331087
0.9370189
1.0622871
0.7173012
0.6265351
1.0520477
1.2461824
0.8732607
1.1965731
0.4736321
0.6146665
0.6311858
0.5984744
0.5040509
0.3563737
0.5195642
0.7440121
0.5416202
0.4564874
0.2085224
0.0951374
0.8847081
0.2232273
0.1796595
0.6849800
0.7955221
0.4417757
0.4515997
0.2691188
0.4400162
0.4279279
0.1372085
0.2632922
0.9366276
0.8139557
0.6284017
0.7113708
0.7604481
0.3705039
0.3797441
0.7477818
0.7736778
0.3880066
0.5918992
0.3325764
0.4450793
0.5751488
0.5353734
1.1094563
1.0171392
0.7925223
0.5125041
0.4297986
0.8233563
0.6711646
0.7870452
1.4897775
0.2372283
0.4785565
0.9794175
0.6612899
0.8144123
0.5331769
0.3027983
0.4223370
0.6666705
0.6046289
0.5206133
0.6446984
1.5862626
1.1964292
1.8116594
1.7076339
1.4149855
1.4101425
1.7654465
1.8009972
1.5163392
1.6927635
1.7106675
1.5450659
1.5873180
1.9121424
1.2610098
1.7473591
1.4216533
1.2973038
1.4895638
1.4548030
0.9342448
1.0778514
1.3710458
1.3681147
1.0513242
1.6277793
1.3793329
1.5181599
1.0334505
1.5936435
1.1569391
1.5186757
1.5071384
1.4418229
1.5123747
1.6292980
1.4089166
1.9104516
1.3145119
0.8279507
0.7245353
1.4379244
1.1131261
0.9015722
0.8345187
0.7120654
0.7278510
0.9672183
0.9277755
1.1270334
0.8346502
0.6239021
0.9278197
0.3727901
1.1359767
0.8536761
0.8445711
0.3356096
0.8489136
0.9371635
0.4534149
0.6621463
0.8979846
1.2132845
0.8186505
0.7898496
0.7639537
1.1729702
1.0870683
0.9104302
0.7485919
1.2867041
0.7627973
1.0109668
1.3159111
0.6674973
1.0341795
1.0459859
0.7705558
0.9744341
0.9595669
1.0814306
0.9124324
0.9356382
0.4589996
1.1037263
0.8055709
0.9158220
0.8952140
0.5827402
1.1222877
0.8051145
1.2341121
0.7859831
0.9108949
0.8544643
0.8264199
0.6274816
0.4141317
0.9620326
0.8535279
1.0533119
0.8667074
1.1867369
0.7582733
0.5452138
0.9934772
0.8275220
0.7810159
0.8087960
0.7587950
0.4721616
0.9050667
0.7854397
0.7663356
1.2303934
1.3459005
0.6233785
0.9202808
0.7561975
0.4228720
0.6398479
1.0838058
0.9609836
0.7232813
0.8423103
0.8368022
0.7641470
1.1237612
0.6254573
0.7304206
0.6889168
1.2394288
0.8126826
0.6061356
0.9196312
0.5978952
0.7519932
1.1233587
0.7009279
0.7483526
0.8689287
0.9348959
1.0174578
0.8881964
0.8364111
0.7853513
1.1646235
0.6700335
0.7674403
1.0802858
0.6593325
1.0396851
0.8399827
0.9786552
0.8594442
0.6372032
0.8704355
0.6774155
0.6887208
0.7785581
1.1634378
0.7805371
0.5555299
0.5106078
0.7760715
0.8265252
0.9324297
0.8997788
0.5298924
0.5964873
0.4060785
0.8006150
1.1980325
0.6955166
1.0102459
0.7419779
0.8869694
1.0061100
1.0402860
0.9485169
0.8007629
1.1721995
0.9953399
0.8248839
0.6473847
0.8082986
0.9106443
0.9211910
1.1207972
0.7406242
1.2110419
0.7688738
0.6445395
0.6201774
0.8810950
1.0817260
0.9358779
0.6406121
0.7327618
0.3959086
0.4128475
0.8258525
0.6081053
0.7021239
0.3667268
0.9043789
0.9398178
1.0760607
0.9053375
0.6287925
0.6292863
0.6428607
0.6428820
0.6105874
0.9777871
0.8456532
0.6701043
0.9255496
1.2311442
0.7327829
1.2179885
0.9933199
1.1301589
1.0122054
0.9516399
1.0141672
0.8154851
0.9603945
0.5417601
0.9037624
0.6651954
0.8854501
1.0994068
1.1655375
0.9964542
0.9700822
0.8565400
0.6907799
0.7628721
0.7943370
0.8367328
1.1823273
0.7331028
1.0143439
1.2167480
0.7888283
0.9746443
1.0328419
0.6328860
0.9492075
0.7367255
0.8742051
0.7061027
0.5619195
0.5110700
0.6083196
0.8719883
0.9248401
1.0283796
0.7611741
0.7384558
0.6490534
0.9522735
1.1733674
0.7839058
0.7655485
0.6850572
0.6833865
0.9372106
0.7749133
0.7264571
0.9258325
0.9532043
0.4682425
1.0808296
0.9396603
0.8504123
1.1251859
0.9288381
0.9400595
1.1872032
0.6640280
0.6788757
0.9326439
0.7798296
0.6669524
1.1106557
0.7973838
0.7821360
0.4724697
0.8840044
0.8222107
0.9506484
1.0904419
0.9159177
0.5187308
0.7384317
0.6875701
0.5387153
0.8579832
0.9845363
0.6109303
1.0396872
1.4587308
0.7474296
0.7607686
1.1694836
0.8512225
0.9797309
1.1421020
1.1178085
0.8057161
1.1239472
1.0512725
0.8593148
0.8587009
0.7575221
0.9865545
0.9144010
0.3760470
1.1202230
1.2696082
1.1187325
0.7512349
0.8206369
0.9506403
1.1433058
0.7437933
0.9691210
0.4936463
1.0477069
1.0041394
0.8842385
0.7318520
0.8888796
1.1892163
0.7545812
1.0546744
0.7036340
0.8675992
0.8048174
0.5322581
1.1491164
0.9871255
0.7573712
0.7744748
1.2906693
0.9440690
0.9753742
0.9943737
1.3915029
0.9780343
1.1437585
0.6406942
0.8670595
1.3034741
0.8763530
0.7810016
0.8744645
0.9075699
0.6848170
0.8492127
1.0694842
0.8057021
0.9273699
1.2490359
0.6377293
1.0933144
1.0169436
0.7650206
1.1054327
1.1255164
0.8805205
0.8557043
0.9977060
1.1115262
0.8680720
1.1439604
0.7328237
0.8828183
1.0631399
0.9479656
0.5969728
0.8023897
0.8179940
1.1721933
0.7335451
0.9035154
0.8802414
0.4554499
0.7361158
1.2821596
1.1532888
0.8643467
0.9736962
0.6746857
0.9219719
0.6063152
1.3712875
1.1182206
0.9168890
0.7951374
0.9164639
0.6787871
1.1198417
0.9505025
0.9571026
0.7940104
0.9992447
0.6254877
0.8584375
0.9801580
1.1080216
1.0301426
1.1561210
0.8202458
0.9731433
0.6680718
0.8804644
0.4839784
0.5417555
1.0020555
1.3741695
0.6741215
0.9150502
0.3857023
1.0264674
0.5581421
0.8470086
0.8189470
1.3231531
0.9354309
0.8758529
0.3955861
0.8761062
0.8525076
0.9330293
0.7862861
1.0600579
0.6799813
0.8334009
0.9330417
1.1500930
0.6978962
0.9938541
1.1228652
1.2215920
1.2626635
0.7161835
0.8431399
0.9608553
1.1778602
0.8839826
0.8912379
0.8857237
0.8516966
0.8738907
1.0228394
0.8047166
0.6190549
0.6728099
0.8793062
1.1339934
0.8620891
0.6678449
0.6767905
0.9819177
0.9044202
1.1166852
0.9588985
0.9053878
0.6725542
0.7396025
1.5461997
0.6502448
0.5857343
0.7834805
1.1027442
1.2869023
0.5732773
0.4492352
0.6625066
1.0448940
1.1808963
0.5818469
1.1735370
0.5217666
1.3416332
1.2045080
0.7255205
0.6681759
0.8012008
0.9966060
1.0901942
0.8277678
0.7554450
0.9464850
1.1754094
0.8736990
0.8216656
1.1754263
0.9364755
0.9502809
0.4175031
0.9711987
0.8326227
1.1070058
0.8578452
0.4464409
1.1048645
0.4061609
0.9487996
1.1825971
0.5573406
0.9918470
0.8076373
0.7058729
0.9011777
0.8722540
0.7461928
1.0897816
1.2643466
0.5917763
0.7359020
0.5936033
0.8133768
0.5969256
0.7722452
0.8653754
0.4578646
1.1521875
0.7248247
0.6666460
0.7629346
1.1006983
0.2282707
0.5131899
0.9741359
0.8555223
1.0821152
1.0526709
0.7740448
1.2526397
1.3157594
0.3059479
0.7369222
0.8090269
1.2591609
0.7501789
1.1343407
0.9234957
1.2075890
0.9368652
0.6490452
1.0573973
0.4640000
0.8044366
1.2412350
0.7949695
1.0112489
0.7777851
1.3394569
0.9377935
0.7778180
0.9601335
0.7595939
0.5579060
0.9692366
0.9788791
1.1553608
1.1259612
0.9064825
0.7109370
0.6688362
1.1251533
0.7922147
0.9275379
1.0061252
0.7498126
0.8233719
0.5754811
0.8353559
1.0376388
1.0703895
0.8535904
0.7465951
0.8085363
0.7966658
0.8382606
0.9388177
0.8869929
1.0345710
0.7693034
0.6454814
0.6086602
0.7362077
1.1564793
0.9269434
0.9380073
0.9368204
1.0530447
0.5056845
0.6966575
0.6206739
0.6634114
0.9240177
0.8023117
0.9655367
0.6669504
0.9502125
0.7824889
0.7923238
1.1004543
0.9062625
0.9175930
1.0682384
0.9513855
0.4457619
0.5086866
0.8407013
1.0522148
0.8203188
0.9692793
1.0841468
0.7278959
0.9033554
0.7589824
1.2094387
0.7109331
0.7545360
0.8303165
0.7739396
1.0500425
1.1429689
0.8459676
1.0770569
1.0239266
1.2151892
0.9682908
1.2226950
1.3261343
0.9415416
0.9801060
0.5717469
1.1286802
0.8950907
0.9121832
0.8636445
0.8145568
0.8318331
0.3788420
1.1030982
0.8730495
1.0237266
0.9047604
1.1356744
1.0517628
0.9813808
0.7702535
0.6987919
0.5116051
0.7421721
1.0011635
0.9626066
1.0234254
0.6171923
1.0791925
0.9638251
1.0669617
0.9662334
1.0088498
0.9125952
1.0227037
0.6677189
0.7775437
0.9290692
0.8486762
1.1151681
0.8884299
0.8071479
0.9545922
0.5626518
0.7374701
0.7567642
1.2542418
0.7395034
1.1582893
0.6020513
0.7654146
1.1070193
0.6230162
0.3531695
0.3686804
0.3226966
0.8324492
0.8579464
1.2510190
0.8774849
1.5926140
0.4996881
0.4104805
0.8754298
0.9393961
0.3970390
0.5484723
0.8412483
0.6489335
1.3953317
0.9284070
0.7518052
1.2621987
0.8424968
0.6455144
0.9524293
0.8157333
0.8538262
0.6888882
1.1418951
1.0203137
0.5520625
1.0318317
1.4357348
0.8245484
0.7193167
1.2136802
0.8954348
0.9533019
0.7412882
0.6582987
0.9629179
0.7616055
1.0040913
0.9433745
1.1916105
1.0639923
1.1538346
0.9141137
0.9403264
1.0370362
0.7425563
0.7752124
0.6992459
0.9854697
0.8860438
0.5715600
0.7767349
1.0087747
0.9365986
0.6279737
1.1311014
0.9818082
0.7500914
0.7986942
0.5751669
0.9685848
0.9290274
0.7889745
0.4907168
1.0583477
1.0823127
0.7556667
1.1190826
0.8038778
1.1070413
0.8126652
0.8148309
1.1110867
0.7030343
1.3670180
1.1235071
0.7464272
0.9709894
0.7481311
0.9388461
0.8340201
1.0645209
0.8114561
0.9319048
0.8677752
0.7845797
0.8626813
1.0456616
0.8239160
0.8992670
0.9075113
0.9430513
0.9468154
0.6612263
1.1237610
0.7523592
0.9906020
0.8461805
1.3542791
1.0251622
0.6580885
1.3532508
0.9426228
0.6320666
0.9963165
0.7971475
0.4842994
0.9207373
0.9166690
0.8607069
0.7240716
0.8581277
1.1392198
0.8899226
0.9386885
0.5695409
1.0250525
0.9629220
0.6080918
1.0930353
0.7261107
0.8555376
0.9723696
0.9955240
0.8412926
0.7695238
0.8260973
0.9024290
0.8459797
1.2649883
0.7892409
0.8164883
0.7553510
1.3697151
0.9191438
0.9144984
1.0504588
0.7152733
0.5235101
0.7146036
0.7464577
1.0218147
0.8446103
0.7450919
1.1604202
0.8108946
0.9182237
0.7743721
0.7206853
1.0556168
0.9272908
1.1640833
0.7014116
0.9754852
0.8627153
0.9983765
0.9575032
1.3045507
0.5886074
0.9903510
0.8897162
1.5409519
0.9989813
0.8295881
0.6485841
0.8700262
0.7670534
1.0450437
0.9379422
1.2549738
1.2122839
1.2480155
0.9137823
0.5378012
0.7417827
0.8634340
1.0916418
0.4889375
0.6216545
1.1108395
0.8336630
0.8621740
0.6481578
1.0642625
0.8794881
1.1322944
1.2220008
0.6677204
0.8490340
0.7849198
0.6330220
1.1829370
0.8585172
1.0956870
0.8258823
0.8408042
0.9852562
1.1984177
0.9552680
0.9412632
1.4628312
0.7486274
1.0984458
0.8670843
0.6574341
0.9470514
0.8459256
1.1640565
0.9965397
0.8871132
0.6639229
0.4895873
1.3280906
1.1170264
0.8425912
0.7355019
1.0674940
0.9416341
0.8353198
0.7670361
0.8139470
0.4927979
0.6996274
0.7503409
0.6755558
1.0550135
1.0824699
0.6971889
0.7912241
0.9468131
0.3031644
0.9167093
0.9276454
0.8071789
1.0602705
1.1192860
1.0413325
0.7347491
0.6051003
0.4984883
0.7023783
0.6739126
1.0447380
1.0651680
0.7981806
0.6724459
0.6616263
0.7790456
1.0295193
0.5377498
1.1220475
0.9722721
0.5703591
1.1140763
0.4852199
0.6150696
0.9946920
0.6370926
0.7459303
0.7513910
0.7893114
0.6828189
0.7442029
0.4811359
0.7349004
1.0353810
0.7368383
0.7731839
0.7957042
0.6889508
1.0084873
0.9846065
0.8248524
0.6286344
0.7958945
0.9895590
0.9900809
0.7461014
1.0831338
0.5579781
0.6105557
0.9653375
0.5588957
0.3717309
1.1177650
0.9211456
0.8004147
0.6574233
1.0053000
0.9152862
1.1471273
0.8915870
0.8838441
1.1157971
0.4596832
0.8532125
0.8059889
0.8691396
0.5146239
0.7870720
0.9174718
0.9168501
0.9482213
0.9306894
1.0388477
0.8571409
1.0520701
0.9253275
1.2197450
1.0080737
0.5647012
1.1630135
0.7050655
0.8152302
0.9926211
0.9671026
0.7781940
0.8731213
1.0345555
0.9267312
0.8175303
1.2840474
1.0695465
1.0336915
0.5503842
0.6811086
0.9801235
1.0787393
0.9538369
1.1622642
1.2913043
1.0818943
0.6546502
0.4921097
1.0344382
0.9410590
0.9120145
0.6687728
1.1678347
1.0247409
0.6065688
1.2853669
0.8937650
1.1200870
1.0564049
0.8561665
0.9199032
1.0924707
0.9018755
0.7982643
0.3511439
0.8181444
0.7892135
0.8765711
1.2032622
0.9512790
0.9212311
0.8092305
0.7735654
1.2566645
0.4034860
1.0379586
0.9244866
0.9959262
0.7441103
0.7445279
0.5466219
1.1161207
0.8725931
0.5607688
0.5006872
0.4647681
0.8578167
0.7471790
1.0474552
0.8231791
0.8027062
1.2650233
0.7588880
0.6449646
1.0098799
0.8676422
0.7794584
1.3071033
1.2420826
0.7839584
1.1015321
0.4225802
0.8282659
0.8790549
0.9498484
0.9752474
0.8915274
1.1884689
0.8880924
0.6950828
1.1092194
0.7861186
0.8430729
1.1334148
0.7550771
1.0346354
1.2734632
0.9353957
1.3441207
0.7128573
0.3453942
0.2163304
0.7996152
0.7423476
0.5797778
0.4484634
0.3391801
0.6311679
0.3827710
0.1984231
0.2028364
0.6019064
0.4531726
0.4242714
0.8529161
0.4458179
0.7269392
0.7746622
0.4521749
0.7609314
1.0548419
0.5128629
0.7138969
0.3606031
1.1696779
0.7197917
0.7787683
0.8014904
0.4778880
0.7841646
0.5341468
0.7460456
0.5180695
0.4952237
0.2777587
0.2880935
0.7542818
0.7381331
0.5148279
0.7002249
0.2245423
0.1763813
0.3358880
0.3035675
0.3996822
0.6150168
0.5417241
0.2590473
0.2072946
0.5489413
0.1935791
0.8612722
0.1641614
0.4243557
0.8836747
0.7944952
1.1759177
0.5318184
0.9499168
0.9583518
0.6687095
0.6277660
1.1517894
0.4358185
0.5944524
0.8406906
0.7784691
0.8617361
0.7877718
0.6013299
0.6202845
1.1619557
0.6018511
0.5591907
0.5756724
0.4700864
0.5816140
0.4749917
0.5929774
0.5105929
0.3292050
1.0576684
0.3285967
0.8054471
0.5041518
0.4727764
0.4399617
0.2279133
0.6358594
0.9227054
1.1625366
0.5279650
0.4566943
0.7912427
0.7787907
1.2451757
0.9805709
0.9379802
1.0215924
1.6230878
1.1178362
1.5757680
1.0805682
0.9472230
1.4962415
1.6488920
0.7570103
0.6653503
0.9983714
0.7340234
0.5044983
0.7136953
0.6938420
1.3675827
1.0335801
1.2947293
0.9500906
0.5699723
0.8084694
0.5662480
1.0028341
0.2366979
0.8714512
0.3325218
0.7769369
0.2332886
0.5213515
0.3269194
0.8837809
0.4048467
0.9106190
0.5617271
0.3185277
0.4511932
0.4172627
0.3591208
0.4169701
0.5331591
0.7721990
0.4277368
0.4710957
0.3291808
0.8375680
0.5438504
0.3207844
0.4889337
0.5239572
0.5462477
0.2334653
0.4159798
0.2989143
0.3162456
0.2986775
0.1194359
0.1860457
0.4547426
0.7757411
0.6698961
0.3599005
0.5279343
0.2370748
0.3412230
0.4896591
0.3965523
0.8844295
0.5416201
0.5608875
0.6688284
0.6831816
0.7942048
0.7014815
0.5451137
0.2407443
0.8433623
0.5587824
0.5307729
0.2933638
0.1680713
0.8163608
0.3878214
0.1071668
0.8625918
0.7486339
0.6610141
0.5142305
0.2641929
0.8460469
0.7003621
0.5771529
0.4515428
0.7751038
0.1127434
0.3219090
0.3144790
0.4801691
0.5073079
0.8877321
0.7221590
0.6800312
0.4529316
0.1845856
0.9217574
0.7558258
0.2991645
0.3526685
0.9781708
0.7502912
0.4437146
0.5003286
0.2658735
0.5614601
0.2933717
0.6879981
1.2351015
0.4647335
0.2101439
0.3558705
0.3738909
1.5062601
0.5780427
0.8247856
0.8902600
0.5055340
0.9293848
0.2686994
0.4511692
1.0348223
0.5384211
0.7617984
0.9604528
0.1783247
1.1320635
1.3133020
0.3265836
0.3752938
0.3373171
0.8929837
1.5563156
0.9062510
0.8090480
0.3366667
0.4761609
0.8964791
0.5322679
1.0634642
0.4266662
0.8247147
1.5812580
1.4500813
0.4077056
1.1392391
1.5869369
0.8453881
1.2509241
0.6365472
0.8332535
0.6507724
0.7738176
1.2532521
0.4444370
0.3914525
0.5143380
0.6365839
0.6732056
0.5782622
0.2723831
0.5398239
0.9596513
0.9389291
0.4879727
1.8854808
0.8160095
0.9718694
0.6412795
1.7830024
1.1833772
1.9703281
1.7823472
0.9795497
2.1364139
1.3405390
1.3638639
1.8382525
1.8822480
1.4673557
0.7748925
1.3556635
0.6835577
0.7167066
0.9340126
0.6385707
1.2548940
0.8808986
0.8197344
0.9442685
0.7375574
0.7762479
0.8560379
0.8208114
0.8564262
0.6746010
0.4669484
1.2338139
0.5565121
0.5996403
0.4908765
0.9139055
0.7185044
0.4126272
0.4123635
0.5507683
0.4962340
0.8818259
0.6341248
0.3416624
0.7275802
0.5460836
0.4474901
1.7429009
1.2432431
1.4490275
0.8660916
0.5923373
0.7687970
0.5374066
0.3833808
0.8678068
0.8226637
0.7748665
0.7028782
0.7168365
0.5121821
0.6537762
0.3747790
0.7531650
0.3427119
0.8408846
1.0257474
0.8435507
0.6561443
1.0395443
1.1188194
1.6774248
0.9395894
1.0639153
0.8149880
0.3643378
0.1696079
0.6322835
0.3506602
0.4445065
0.9263749
0.6881440
0.9132400
0.8550226
0.9060332
1.4404098
1.5605824
0.5972574
1.1470861
0.4872181
0.7921033
0.7910890
1.0495482
0.6173595
0.9392463
0.4396643
0.3000412
0.5319483
0.5250517
1.0605585
1.0470045
0.3338420
0.9041247
1.2184092
0.8241742
0.6711029
1.2418681
0.7758756
0.2729328
0.8003218
0.8149675
0.7069180
1.5135470
0.5299165
2.3062195
0.6606632
1.4956388
0.9453392
0.4897419
0.4214303
0.4286405
0.6273514
0.6739922
1.0712590
0.8650349
1.3904955
0.7032962
0.3274219
0.6913033
0.5505836
0.4335634
0.4648753
1.0042059
0.2331867
0.6465101
0.7789322
0.3842325
1.1260493
1.7401837
1.4900252
0.7272375
0.5151619
0.3870065
0.9739854
2.2403388
0.5422684
0.8801446
1.4182250
0.5481043
0.8377450
1.9938141
1.4529958
1.6283307
0.6427917
1.5460259
0.7617810
0.6236032
0.3937520
1.3966778
1.7537405
1.5023945
1.0978312
0.8913756
1.5864531
0.4527547
0.1790589
0.4892173
1.7387716
1.3412003
0.2904454
1.0042044
0.3829569
0.8399775
0.2805906
0.6073653
1.2206639
0.4927464
0.4360528
0.7503421
0.9470984
0.4443837
0.7496406
0.9090169
1.0575886
1.3534708
0.8273729
0.9902975
1.3188641
1.2325458
1.5767988
0.9907877
1.6987653
1.0709789
1.3430768
0.4074489
1.2119809
1.1161839
0.6900581
1.0717800
1.2952993
0.1360916
0.4028489
0.1923774
0.7277698
1.1435062
1.5076749
1.5280102
2.2654748
1.2461229
1.2414008
0.4642445
0.8528607
0.8066321
1.6135506
0.2266072
0.4854671
1.4661670
0.6226897
0.3806416
0.9102544
0.3622869
0.6352433
0.6168584
0.8457735
0.8705082
0.6283083
1.1078137
1.2783942
0.8691716
0.7833537
1.1167258
0.9647510
0.3716108
0.7892094
0.6934659
0.9606870
0.5102586
0.5005257
0.5717015
0.4413842
1.2489130
0.3598313
0.4146665
0.2805500
0.5008340
0.3866564
1.2229558
0.6081744
1.3485948
0.9453883
0.9969878
1.0202257
1.7697558
1.2467444
0.2251178
0.7344039
1.1518581
0.8897972
1.4041803
1.6930425
1.5781052
2.2631690
1.3033837
0.6854190
1.0555963
0.3779221
1.2173508
1.6374133
0.6877758
0.2335948
0.7144790
0.6569587
2.1844794
0.7538814
0.4584310
1.6293960
0.9262186
1.0470923
1.2862646
1.1963630
2.0054443
0.5612765
0.4645880
0.1397357
1.4169835
1.7903904
1.8403129
0.8820927
1.8554175
1.0893547
0.6412225
1.0457852
1.0579433
0.9860145
1.1641357
1.5578216
1.6222165
0.7121496
0.7629480
1.3295208
1.1364489
0.8580529
0.6963333
1.1989434
1.1009354
0.5254571
1.3704724
0.7548815
1.7119761
0.4496494
0.3497771
1.4902178
0.7556286
1.8018209
0.9590022
2.9108804
1.2931160
0.6462726
1.5182888
0.8741686
1.1542765
0.7782570
0.7470705
0.6120481
0.6296827
0.2788851
0.6739905
1.3833165
0.2597217
1.2704246
0.5127123
0.6404367
1.2158732
0.8107488
0.4484311
0.7560530
2.2250695
0.9396615
0.8395122
1.2570153
0.8504714
2.0721033
0.3299473
0.3400470
0.2061540
0.9475168
0.4665762
1.0997276
1.0647516
0.9524709
1.0856018
0.3827325
1.0707198
1.5180507
0.9024782
0.8898822
0.8393449
0.9887609
0.6611711
0.7198531
1.2169803
0.9917458
0.4421873
1.5208422
0.8437035
2.2532194
0.2398872
0.6136134
0.6103151
1.7946057
0.2571670
1.5446577
1.7023300
0.8603716
0.7956121
0.7187769
0.7644939
0.6497008
1.2081123
0.4748998
0.9331211
0.3476171
0.4933493
0.6244122
0.8524124
0.4436725
0.6497980
1.4021531
1.0100280
0.6899136
0.4280663
0.8196437
0.7584117
1.7350095
0.7409576
1.0872671
1.5800461
0.8969582
0.6625720
1.0448232
0.7609829
1.5583260
0.9236864
0.9940203
1.3008215
1.2875361
1.3828381
0.8544864
0.8561236
1.1917622
0.7393487
1.5930521
1.0746270
0.9008214
0.8041786
1.0095111
1.0658438
1.1842850
0.6053871
0.9357414
0.9298851
1.1203877
1.0362285
0.8861307
0.5662346
0.5835437
0.9431077
1.5940724
0.7293942
1.4140698
1.0103048
0.9758358
0.7990895
1.3307196
0.4603663
1.3238887
1.4005378
1.0607016
1.0260399
1.2222508
0.8669763
0.7352226
0.6875057
1.2295880
1.1021868
1.3053768
1.2916415
1.1026886
0.7531113
1.1200882
0.7848024
1.9145871
1.8338989
1.9386269
2.1229113
2.1321097
1.7913838
1.6492499
1.6631128
1.4762247
2.1536224
1.8661245
2.2153419
2.6517619
1.8520798
1.5438380
1.2573679
1.2034897
0.3941484
0.9880385
0.8188648
1.1126955
1.3746507
0.3924114
0.1777353
1.1430619
0.1347888
0.5519449
0.7062873
1.2327567
0.3084903
0.7267674
0.2733878
0.7908943
1.0705581
1.4138543
0.3180458
1.0247686
0.8976735
1.0584416
1.5623251
0.5497739
1.0621138
0.6380411
1.4013061
0.3841943
0.7226316
1.2090011
1.1534751
1.2246863
0.6505547
1.1052168
1.4701331
1.8553925
0.7726480
1.0382557
0.7156757
2.0270911
1.8017547
1.0863502
1.0593014
0.9196909
1.7873131
1.0859547
0.2838291
1.0944585
0.2475089
0.8442400
0.9256663
0.5756532
1.0288883
0.5261999
0.9554861
0.8775358
0.3874630
1.5706302
1.1058346
1.0022608
0.8574765
0.5102555
1.2215420
0.6751686
1.5385610
0.4566467
0.9747057
0.3864280
0.7950876
0.4022827
1.1068112
1.1263174
0.4615341
0.5670024
0.5441802
1.3604178
1.0128137
1.2278366
0.9526512
0.9342047
0.7586728
0.3263483
0.3590967
1.0563859
0.6698758
0.5358875
0.8897825
0.7050913
0.2141331
0.5164422
0.9347068
2.1623118
1.5583827
1.3628980
1.1499967
0.1555523
0.9493605
0.1498449
1.3461557
0.3901453
0.7595926
0.8275930
1.0851651
0.7494511
0.6601043
0.8221201
0.8780815
0.5501315
1.5345406
0.8163401
0.7711146
0.6784047
0.5099891
0.8692635
0.5272413
1.1650902
0.8598706
0.2485660
0.9175422
0.5657255
0.9254197
1.2927962
0.9288804
0.5720416
0.6477314
0.1884974
1.3171810
1.3984155
1.3873686
0.3832624
0.3176934
0.5399997
1.2882138
0.5267027
0.5266599
0.9795535
1.2207004
1.1743968
1.9128927
0.6849890
0.8707345
1.1346915
1.3019038
1.3075639
0.8773428
1.3304340
0.3581282
0.9170557
0.6663303
0.4005627
0.7544469
1.8891125
1.1047029
0.6962805
0.5473107
0.6614489
0.5468903
1.2350248
0.7801880
0.2793382
0.7802066
1.3112352
0.2271709
0.7815881
1.1284957
0.5915258
0.4515842
0.9143237
0.7900379
1.1837677
0.3614459
0.7114954
0.9920478
0.2865530
0.6128915
0.6352814
1.0206371
0.7803765
0.8484698
1.2696124
0.8804852
1.2013680
1.1395410
0.7302223
1.6852927
1.1264834
1.2991891
0.8387044
1.3509135
1.4922445
1.5392184
1.8327201
0.7754515
1.2296281
1.1364340
0.7727673
1.3711721
0.4548553
1.0579141
0.7271289
1.1147923
1.2133907
1.7680224
1.2247712
0.5226385
0.5434061
1.5490336
0.9552420
0.6245159
0.7567214
0.5063041
0.9160794
0.8580441
0.2976726
1.4087138
1.4974216
0.9160295
1.4462948
0.5871597
0.5186079
0.4307726
1.2306993
0.2584615
0.4961502
0.7270734
1.0237884
1.2880266
0.7449924
0.2367355
0.8666627
0.9354354
0.2898244
0.1540099
0.8327734
0.8548578
1.1342715
0.5649269
1.1938757
1.4390464
1.1337426
1.1400275
1.0791237
1.2865481
0.6905402
1.2480727
1.6821453
1.3404409
1.5754945
1.1736037
1.2677651
1.5360473
0.5255528
0.4888554
1.0607086
0.3126065
0.7694708
0.7728639
0.9805872
0.3852886
1.1812293
1.1231882
0.7536345
0.1179557
0.3929559
0.3256407
0.4029917
0.2774711
0.3449997
0.5664017
0.3156248
0.2767239
0.4795214
0.1595940
0.5201093
0.1872475
0.2150442
0.4949774
0.6473780
0.4859520
1.2437794
1.1575989
0.8344918
1.0137371
1.1718526
1.0434268
0.5394475
0.6393159
0.2795974
0.5473076
0.3510908
0.6447262
0.3478772
0.4909492
0.3708356
0.4522618
0.7555803
0.8098627
0.9751743
0.8425724
0.3905022
0.7389545
0.7146530
0.4481054
0.5388931
0.4829853
0.5501147
0.5653374
0.4413999
0.9260104
0.6310037
1.3045864
0.3788332
1.6433259
0.6355278
0.1601400
0.5633636
0.2110817
0.7307669
0.7026792
0.7684511
0.5702573
0.2554837
0.2818771
1.1025375
0.4037282
0.2842039
0.6493361
0.6769059
0.7120482
0.9028879
0.4405464
0.6372845
1.2224601
0.8087746
0.5686802
1.1333641
1.4923977
0.5734327
0.7006870
0.4416190
0.4895185
1.1855134
0.7834266
1.1772877
0.6924506
0.9732453
0.8028927
0.3689726
0.3897673
0.5168662
0.2982220
0.7547974
0.6461857
0.6494805
0.8662431
0.2882847
0.5267279
0.9251177
0.8617046
0.9732469
0.8032920
0.9100885
0.5682003
0.8748084
0.9300570
1.0893176
0.8146671
0.7238525
0.6089613
0.3817355
1.0799948
0.4997540
0.7780705
1.0293522
0.5827069
0.1767872
0.8338193
0.5160348
0.5990531
0.5535368
0.4465624
0.2683370
0.5067249
0.2138612
0.3891227
0.5712482
0.5160250
0.7011330
0.7303361
0.9946746
1.0654064
0.5672796
0.9980119
0.5801731
0.3573189
0.2758578
0.8864648
0.6185573
0.6426293
0.4286454
0.4667952
0.3956299
0.9662964
0.9444220
0.5949716
0.6337003
0.3702427
0.9403283
0.5842391
0.9398441
0.6068325
0.6608391
0.4109993
0.9942142
0.6639094
1.4098662
0.9305049
0.5745025
1.0626289
0.5451161
0.4248555
0.8955586
0.9421045
0.5012410
0.6866831
1.2728721
0.8033277
0.9543428
0.6466785
0.7744088
0.6226422
1.2044494
0.8438624
0.6897875
1.0981856
0.7468695
0.8808234
0.5385476
0.7487828
0.7989635
0.8906245
0.5837258
0.7151167
0.8485823
1.1209287
0.8295132
0.5448861
1.0997768
0.5974139
0.6472359
0.9310539
0.6579897
0.7287459
0.8946856
0.6079121
1.1641961
0.9129273
0.5591445
0.8256023
0.8735650
0.9369285
0.7916160
0.5279291
0.7210525
0.8686107
0.6549761
0.7011456
0.6833409
1.1558783
0.9457699
0.9764106
0.7994278
0.8307848
1.1242516
1.3452916
1.1104936
0.9470059
0.3264227
1.0328366
1.0435817
0.9220251
0.6453783
0.6004966
0.7033135
0.7733362
1.3421590
0.5239581
0.8763522
0.6939377
0.7342280
1.1477967
0.7949978
0.9531193
0.5553538
0.8087414
0.5928706
0.6452938
0.4544927
0.5291509
0.5962494
0.7475444
0.4699295
0.9686816
1.0455874
0.7871035
0.9261539
1.0852450
0.6182709
0.2055580
0.7335038
1.1436935
0.7358702
0.9920430
0.8615101
0.4954366
1.0215442
0.2830067
0.8078458
1.1941104
0.9676341
0.3528426
0.7254858
1.5659174
0.7743553
0.5926384
0.7211853
1.0291832
0.9717335
0.8478216
0.5800542
0.5887866
1.1468013
0.6794072
1.0305199
0.8955781
1.0177673
1.3013222
0.9151140
1.4487801
0.7092665
1.4008704
0.4872558
1.6961353
1.3216761
0.7616255
1.1065290
1.2348597
0.7071535
0.8492213
0.9984166
0.5419546
0.6420063
0.8158347
0.7390066
0.8788577
0.7731247
1.0650506
1.9911335
1.2992775
0.9360710
0.5230429
1.0145026
0.7971807
0.7360156
0.4010528
0.8731485
0.3892112
0.6313559
0.6538577
0.7606301
1.3915775
0.8412609
0.3194342
0.9267700
1.2055863
0.6019225
0.8067537
2.0515614
1.0868633
0.3334921
0.4574922
0.9086726
1.2637216
0.3458940
1.7498301
0.7905985
0.9049473
1.6729023
1.7642101
1.1854770
2.2459811
0.7658483
0.7874691
1.3115677
1.9429172
0.3567585
0.7233445
1.0505194
1.3208273
0.9789995
1.3136710
0.7446502
1.4200846
0.9643328
0.6530460
1.0890845
0.8749359
0.4970156
1.2891186
1.2041641
0.9662815
1.0796621
0.4766050
1.1012539
0.4787639
0.6771048
1.6769781
0.9688421
0.5087118
0.4684355
0.5870401
1.4630791
0.6219762
0.4582748
0.7991480
1.2706448
0.8601472
0.8135383
1.6316417
0.4830634
1.0783070
0.4375961
0.7750560
1.0693240
0.6134429
0.5416104
1.1623144
0.6197878
0.6760503
0.5977476
0.2796393
0.4732044
1.2910078
0.6751519
0.9443484
0.3796285
0.9377895
1.2176710
1.6944541
0.2257997
0.7121794
0.1861652
0.7018791
1.2210856
0.8024480
0.8210005
0.2545932
1.1198107
1.2246523
0.6294147
0.6873115
0.4880758
1.1145330
0.4582708
0.6303403
0.7162328
0.6154043
0.3322724
0.5038296
1.5966662
1.1169819
0.9141524
0.8799221
0.4021316
0.5350030
0.3149156
0.3251028
0.5206303
0.6583969
1.0637572
0.4474792
1.0740968
0.6976060
0.7608635
0.7741212
0.4607778
0.7763340
0.8921136
1.2277405
1.5760906
0.9987727
1.5506771
0.8720234
0.7501952
1.1287292
0.8446795
0.8347165
1.1358424
1.0678586
1.5067940
1.4336067
1.4411703
1.5384666
2.1515067
1.6358073
1.8785931
0.9790808
1.1108961
1.2637668
1.8143727
0.9959851
1.3226250
1.3229262
1.3120164
0.9253682
1.3599414
1.0798750
0.6278832
0.6608610
0.9382874
0.7146837
0.5293001
1.2125987
0.7689418
0.5438547
0.3069316
1.3997728
1.3216071
0.1957037
1.1612531
1.1892638
1.3048955
0.6562786
0.9075983
1.2119346
0.5389795
0.3094844
1.6968863
0.4518932
0.6895358
0.9508896
1.2689005
0.5101983
0.4332871
0.7175581
0.5601763
0.6603705
0.4682827
0.8731946
0.2278232
0.8140965
1.3074023
0.9852395
0.3356004
0.7141908
0.3008487
0.4698346
0.6984444
0.6677442
0.6078903
0.9338239
1.5795820
0.5581258
1.2511698
0.5392206
1.0095941
0.5577661
0.5689037
0.7178078
0.5092943
0.6052873
0.6538107
0.5736670
1.4191217
1.0680016
1.5206962
1.3701197
0.4411971
1.7309629
0.9495652
0.5971443
0.6913115
0.8621030
1.2884466
0.8366886
0.5227279
1.1694473
0.4277128
0.5711250
0.6361484
0.9077339
1.1639717
1.5007872
1.5916913
1.4341239
0.7677587
1.2888369
1.8793222
0.9667287
1.0392476
1.2412827
0.6576959
1.3952828
1.0845164
2.3163102
0.6361522
0.8426424
0.8269142
0.4215103
1.0457376
1.3806049
0.5840071
1.2155978
0.9593602
3.4008817
0.3593982
1.9516186
0.9273953
2.4857472
0.9472678
2.1180143
1.0998509
0.5946089
1.3633934
1.4720239
0.6950659
0.9276969
0.4642184
1.1299546
0.6228989
1.3987801
1.1898157
1.6543323
0.8856546
1.1860601
1.7102150
0.3468234
0.7808421
1.0475800
1.1195325
0.6808241
0.6323675
0.7791293
0.7666541
1.1194817
1.7111336
0.8915214
1.1627110
0.5226543
1.1575318
0.6826111
1.5568049
0.5998160
0.4175894
0.1341417
0.6060882
0.6814832
0.6220835
0.7337428
1.1720667
1.2401962
0.7825459
0.5158028
1.6765069
0.9695913
1.7041123
1.2754782
1.3772190
0.9862702
1.0459890
0.9955532
1.4787840
1.4829356
1.0060239
1.4394370
1.0054098
0.6642365
0.5830590
0.8969697
0.6300462
0.9794913
1.9157770
1.2616928
0.3091678
0.8227535
0.6452282
0.1808999
0.9607471
1.0775090
0.7294475
0.2838947
0.4178557
0.8789002
0.7472605
0.5094361
0.6638145
1.0083262
0.4993656
0.4548345
0.7943985
0.3754966
0.8680124
0.9383142
0.3714051
0.7629974
0.4362435
0.4161082
0.3460388
0.5552774
0.7143962
0.8042516
0.9211946
0.5284133
0.9386709
0.7141361
0.5237646
0.1313819
0.9293412
0.5101319
0.2689416
0.3007627
0.4522139
0.7405102
0.6319159
0.5994086
1.1096343
1.3297053
0.2671445
0.6493715
0.2586240
0.3952781
0.8533536
0.1405788
0.7239493
0.1575602
0.9623356
0.4445485
0.8739604
0.1775341
0.4119689
0.3779183
0.5047537
0.6402469
0.4028116
0.2092221
0.9894666
0.7067271
0.6414767
0.2552037
0.7171020
1.0107370
0.3657880
0.3518353
1.0979561
0.6393914
0.3702074
0.3420083
0.5227803
0.2696131
0.1864923
0.7345303
0.6011407
0.6120402
0.4263697
0.6638240
0.6662866
0.6864208
0.6818304
0.3995004
0.6946852
0.7913862
0.4635911
0.4489435
0.3942496
0.4137944
0.6146287
0.7076654
0.4877436
0.4009688
0.4262050
0.4797097
0.2058183
0.1773197
1.0156335
0.7934775
0.2153382
0.6218745
0.6121998
0.5183999
0.5426541
1.0889697
0.3152738
0.6410091
0.5424361
0.7339615
0.3015941
0.3047671
0.6399495
0.6778559
0.5092521
0.1422088
0.3294515
0.6571114
0.5844021
0.5510415
1.0503084
0.2330318
0.2305215
0.3414120
0.3982190
0.5223433
0.4254646
0.4392868
0.1300666
0.2949843
0.5767909
0.5362611
0.4044376
0.5219212
0.6709896
0.9917098
0.4908198
0.7036983
1.1415296
1.0239101
0.6721729
0.4662537
0.6696905
0.2839580
0.4577193
0.4569800
0.3340589
0.6312849
0.8673463
0.5026777
0.7579488
0.5755009
0.7620400
0.2785759
0.5217361
0.8979911
0.1961956
0.5885352
0.8890820
0.5022385
0.2174065
0.3604169
0.5457051
0.5933049
0.2173791
0.5395385
0.3084309
0.5411430
0.4066260
0.3164367
0.4147402
0.2850927
0.5470635
0.3988283
0.5388233
0.3860220
0.2148546
0.8259030
0.0693047
0.5538558
0.1711459
0.4710075
0.6097252
0.5792627
0.3719355
0.4320025
0.3078137
0.6707751
0.4132827
0.7701781
0.3694262
0.3432896
0.6214827
0.0570204
0.4445288
0.3374427
0.7346990
0.8332255
0.5341468
0.3821537
0.4492066
0.1332484
0.4129302
0.5820031
0.5793997
0.6334985
0.5307635
0.5954567
0.5974580
0.6458990
0.2380400
0.5778086
0.2161004
0.4671213
0.3348183
0.3093507
0.6174309
0.3070615
0.5213139
0.4291055
0.4710200
0.1862105
0.5669944
0.3846288
0.3051480
0.2401651
0.6446272
0.4149467
0.5249081
0.4749271
0.6394853
0.5422719
0.2302768
0.3926889
0.4909691
0.2788939
0.4329475
0.4920948
0.5271636
0.5722420
0.5004006
0.3306819
0.5979947
0.4325002
0.4658354
0.5294123
0.5024930
0.6824268
0.3963937
0.3541646
0.7761386
0.4528120
0.4481551
0.3356582
0.3251437
0.4837106
0.4518754
0.7907153
0.4629338
0.3835533
0.5173543
0.2162260
0.7324157
0.4964770
0.1716928
0.4150902
0.7392112
0.3802295
0.4073128
0.3760674
0.5526136
0.4841938
0.5961672
0.4110709
0.2825990
0.7848523
0.7704469
0.5004120
0.3821356
0.6386541
0.3651875
0.5187542
0.2212098
0.4115826
0.2688829
0.7282737
0.1517228
0.4616221
0.9566301
0.3339469
0.7553213
0.6894672
0.4070311
0.8186253
0.5741335
0.6713864
0.5431994
0.5974802
0.6097631
0.4111451
0.7757209
0.5019273
0.1618113
0.6051826
0.6965948
0.8512254
0.6619208
0.7079207
0.6601894
0.7740832
0.6345824
0.8690615
0.9419444
0.7884766
0.7800920
0.7158979
0.8774840
0.5863150
1.3727779
0.6690525
0.5146426
0.5163477
0.5326511
0.9314205
0.7219950
0.8553579
0.6228746
0.7824381
0.4379205
0.8871425
0.6954895
0.8055419
0.7069463
0.6301381
0.9768092
0.8523041
0.5153326
0.8095229
0.6043378
0.6279804
0.7893805
0.3115322
0.7932246
0.4094404
0.4704584
0.3221498
0.3575028
0.5144491
0.3423264
0.4024015
0.6436807
0.5645073
0.8324018
0.4456828
0.2889148
0.7343042
0.6648200
0.9757740
0.3178267
0.4627451
0.4093513
0.2958211
0.2556427
0.4927549
0.5834060
0.4684439
0.3568524
0.1740587
0.4975719
0.3433475
0.1733480
0.2789047
0.5168481
0.5371560
0.9489733
0.2734949
0.3885514
0.3195707
0.2368267
0.2403614
0.4973611
0.3624860
0.4694598
0.3447353
0.1320401
0.4377151
0.5555612
0.4516196
0.3488749
0.3443158
0.2796770
0.4469638
0.3212333
0.2386045
0.3255142
0.4624579
0.2913122
0.4746117
0.3987604
0.4374893
0.3474484
0.1315984
0.4278474
0.1982767
0.2099446
0.3580623
0.3815489
0.1760823
0.6642877
0.4631873
0.2517274
0.3528321
0.1837929
0.1930611
0.5326925
0.2817480
0.1832269
0.5120810
0.3062029
0.3088361
0.3612833
0.2285319
0.2512007
0.2908716
0.4467980
0.2615220
0.4351477
0.3734775
0.4227486
0.3622829
0.4037131
0.3728997
0.4311583
0.4164786
0.5367174
0.5336756
0.3513169
0.3036019
0.4825240
0.1638348
0.4696852
0.3702811
0.5896281
0.4853893
0.6709208
0.5500949
0.4973195
0.1987740
0.8317357
0.5380042
0.4418463
0.1984208
0.5722406
0.3444115
0.4715512
0.4552534
0.3153217
0.3748929
0.4879999
0.7849038
0.6729593
0.3144171
0.4121366
0.3880533
0.2297657
0.6045035
0.4040617
0.6699618
0.5996920
0.7685894
0.6492439
0.3728144
0.5789276
0.5284574
0.8540319
0.6905813
0.6426657
0.2550205
0.8603517
0.7033566
0.8662795
0.8303864
0.9498547
0.6345642
0.3809543
0.4578228
0.9437221
0.7391317
0.7856724
0.4887400
0.5501837
0.4452509
0.3312049
0.4856324
0.2980144
0.2345842
1.0319486
0.6435278
0.3519202
0.7630397
0.6652791
0.1165969
0.5183675
0.4378992
0.4869448
1.0428763
0.6440348
0.5485551
0.1981852
1.2669392
0.6543262
0.3976867
0.7621902
0.7645184
0.1835956
0.9003835
0.9004034
0.5190694
0.3062541
0.5006633
0.8137328
1.1354558
0.4140669
1.0361489
0.7580924
0.6065600
0.8301431
0.4197705
0.3789610
0.8949714
0.2496171
0.8527899
1.2143197
0.9428623
0.3335712
0.6873340
0.7470789
0.6035164
0.5251831
0.7140646
0.5015023
0.6658114
0.2630772
0.4941916
1.2407018
0.0626934
0.3885538
0.8024129
0.5721318
0.6290287
0.8618053
0.3458731
0.7078312
0.7645199
0.6979933
0.6012660
0.4438864
1.1360726
0.3946770
0.5096211
0.7871522
1.3253035
0.9846514
1.0400952
0.9829422
0.7403889
0.7431191
1.3607181
0.3459555
1.2575556
0.6349813
1.3487691
0.7369248
0.5564378
0.8679229
0.4922945
0.7145789
0.7697062
1.3109266
0.5213910
0.7117775
0.4723459
1.3203910
0.8969979
0.9374480
0.3388933
0.5239048
0.5514272
0.5329236
0.2553036
0.6463388
0.0607741
0.6183521
0.3850067
0.6761083
0.2356410
0.2671016
1.2096839
0.4881647
0.3140277
0.5537569
0.9822663
0.9001268
0.3222181
1.0771596
1.0677747
0.8543714
0.3855497
0.4939623
0.3227872
1.0940158
0.8838101
0.3840413
0.4739306
0.5665822
0.5648585
0.3138847
0.6557830
1.3286464
0.5841605
0.6942098
1.2375924
0.3756830
0.7911610
0.4416656
0.5068959
0.4433777
1.3338282
0.4515058
0.4929000
0.5620767
0.7326537
0.9567725
0.8476912
0.4020682
0.8445752
0.3921952
0.5423368
0.7118438
0.9468518
1.2600813
0.6585508
0.4627097
0.2966227
0.7016241
0.5775431
0.5796623
0.4815936
1.1219509
0.5266426
1.0476185
1.3818517
1.3215214
0.3985613
0.5571405
0.6162052
0.6969393
1.5042060
1.7328256
1.4443001
0.7091463
0.7857592
0.8010082
2.0933973
0.4623082
0.8444434
2.0514214
0.9749076
1.5183526
1.3628175
1.0500375
2.0938727
0.7463757
2.0933113
0.8572429
1.8886560
1.8197895
1.8812192
2.0645892
1.6361834
1.3793592
0.8083588
0.3380812
0.3223578
0.3124867
0.9769719
0.1346573
0.4690541
1.3598884
0.5015392
1.5538524
0.5613159
0.4966745
0.7500413
0.8450539
0.8392641
0.5988880
0.5424127
0.5765268
0.6468550
0.8256382
0.6637313
0.7982141
0.7466835
0.9730680
0.2654706
1.4519896
0.6393406
0.7340862
0.5336065
0.6155759
0.5569817
0.4930167
0.8429368
0.5740436
0.5251527
0.7148466
0.5351907
0.5242541
0.2282848
1.2297142
0.7999505
0.8258640
0.8281079
0.7323560
0.5342259
0.3970135
1.1745195
0.5807493
1.0245051
1.3231762
0.9728526
1.0127218
0.8205605
0.3503934
0.4171057
0.3385064
0.2273662
0.3206675
0.3528935
0.5622609
0.4022325
1.2657772
0.2074929
0.6511299
0.4322928
0.2525651
0.5222065
0.7121913
0.2384553
1.3525189
0.5251224
1.8006730
0.5862988
0.7263487
0.6851670
1.2394433
0.4623969
0.8828906
0.6814467
0.4755784
0.4653631
0.8420941
0.8010453
0.5975051
1.2782125
0.8717253
0.5896071
0.3328682
0.5339081
1.1788897
0.3625373
0.1938731
0.4430866
0.6906893
0.9614591
0.5068281
0.5568015
0.8719385
0.6986856
1.0347451
0.7790956
1.4715307
0.7403436
0.5416538
0.4583875
0.2437004
0.7027045
0.7031880
1.1433213
0.5807787
0.1113470
0.6003738
0.8526226
0.5014685
0.6841135
0.3661536
0.7585958
0.7435776
0.8306578
0.3973786
1.3199362
0.6265720
0.6780071
0.8060032
0.5882997
0.2360824
0.8118541
0.2566570
0.5648752
0.6782239
0.5687410
0.4917713
0.8973755
1.1335991
0.7475851
0.9323038
1.0127529
0.9034764
0.8208885
0.8268945
0.3231936
0.7037835
0.2362080
0.8584027
1.1703355
0.4883116
0.6384053
0.6766085
0.8537174
1.2316693
0.6994901
1.4084511
0.5122914
0.5419786
1.3115044
0.7010934
0.3733943
0.5595395
0.8116717
0.6596481
0.7816196
0.8009698
0.7450257
0.7224022
0.9552165
0.6694870
0.7806381
1.0774963
0.9100099
0.6386734
0.9125835
1.2293862
1.8225224
0.2229851
0.4079389
0.7779824
0.3286142
0.9617203
0.9855336
0.9401807
1.2474503
0.4892613
0.6032251
0.7493949
0.5253669
1.9268190
0.4593798
0.9231339
0.7328171
1.1667132
0.5384543
0.7236874
1.0288726
0.8293934
0.8490553
0.8612443
0.3454859
0.2782555
0.5604021
0.5455567
0.8597051
0.3265898
0.3345983
0.8351367
0.6655843
0.4927289
0.5658817
0.9573311
0.4429472
1.1704328
0.5054447
0.4301490
0.6503496
0.5727659
1.1403953
0.9787811
0.4826986
0.9792529
0.5210593
0.9774404
0.9101977
0.5217468
0.3255653
0.6243595
0.3168364
0.8027209
0.5753451
0.4093405
0.6521466
0.2386022
0.3107634
0.5562596
0.4735626
0.8664898
0.4120338
0.6652751
1.8368182
0.5219349
0.4650238
1.0530849
0.5608307
0.4930323
0.7199549
0.4622797
1.0145401
0.3899781
0.6727654
0.6121387
1.8634543
0.7076024
1.0482396
1.2177397
0.5936286
1.0781890
0.8165319
1.5267848
0.2731234
0.7918544
0.8446278
0.5197898
0.4974875
0.5316550
0.2593957
0.5648724
0.2402211
0.6625361
0.9295882
0.5246129
0.6108355
0.6517562
0.6850328
0.2621782
0.4438280
0.8580534
0.6169172
0.4867660
0.8933296
0.8926065
0.5834364
0.7957503
0.8222959
0.7723014
1.4002158
0.4698196
0.7987090
1.1005590
0.7464109
0.5554007
0.3935560
0.6982559
0.6511988
0.3069426
0.4528176
0.2474969
0.4196522
0.6646646
0.8910015
0.4350852
0.1028658
0.3462251
0.6803510
0.4701912
0.8468883
0.8356415
0.4486092
0.3894549
0.4177292
0.4454106
0.8742520
0.1945303
0.3169282
1.0222148
0.7693660
0.9311950
0.3719278
0.8695287
0.8822687
0.3106807
0.5900767
0.7049787
0.6521654
0.4038392
0.7147066
0.8763440
0.3548771
0.5291401
0.8017043
0.7303137
0.4544615
0.2151934
0.7308848
0.5298833
0.5974693
0.3727427
0.7673968
0.5620481
0.4001220
0.6887001
0.6920208
0.4219674
0.5265143
0.6361974
0.8476420
0.6307418
1.0367461
0.4534322
0.1560681
0.7457921
0.7190554
0.2547483
1.0936085
0.9231505
0.7761936
0.9697944
0.6414923
0.1841111
0.3830724
0.5606089
0.8808352
0.3279835
0.3137708
0.5655211
0.5534924
0.5075326
0.2954516
0.6940205
0.6180729
0.7187545
0.6456125
0.3820328
0.7323186
0.4449255
0.5020633
0.7587107
0.6184959
0.4754329
0.3012204
1.1245734
0.3943410
0.4525203
0.5422484
0.5551263
0.2561199
0.4853219
0.3629330
0.6626097
0.6219385
0.4145921
0.6411304
0.9082240
0.9995780
0.6322600
0.6042828
0.7027327
1.2005180
0.9696301
0.5227527
0.4577571
0.8413833
0.3424037
0.6438002
1.0668152
0.5036999
0.5489543
0.5302630
0.3877908
0.6478238
0.6147925
0.4346909
1.0849441
0.3575490
0.5126945
1.3759971
1.0623439
0.1673223
0.5571082
0.1567064
0.1911434
0.6163100
0.0929499
0.7907278
0.0968179
0.3553547
0.7903959
1.0545530
1.0939898
0.6574717
0.3899710
0.3295767
0.1612889
0.7189924
1.0864349
0.6044707
0.6445102
0.9210974
0.5452874
0.3126900
0.3008016
0.2647225
0.5798306
0.0687791
1.2419919
0.9431671
0.9154154
0.3610770
0.2670565
0.4136085
0.5728496
0.5499295
0.9349557
0.7740859
0.6215201
0.6597730
0.7065826
0.4137415
0.6207595
0.4942990
0.4994976
0.9121909
0.7081578
0.5163052
0.8077915
0.5069846
0.2430872
0.2827175
0.3635214
0.4284719
0.9615192
0.3155463
0.4069912
0.1461759
0.5058323
0.3872940
0.5669624
0.5370467
0.1675720
0.6000952
1.1165616
0.7837620
0.2314628
0.5715962
0.5571696
0.2561054
0.1537842
0.5021944
0.2917912
0.2366984
0.5938201
0.5476264
0.2591205
0.6633301
0.8248561
0.5167614
0.2379854
0.5267902
0.4660817
0.4214833
0.2789799
0.5217928
0.6012374
0.4960544
1.0779739
0.6673769
0.5656069
0.5916849
0.6150079
0.6139432
0.4889549
1.0381721
0.6696689
1.2505678
0.6123493
0.4236737
0.6295433
0.5846420
0.3615945
0.2710784
0.8570700
1.1219805
0.4091494
1.2094487
1.1875825
0.8146119
0.4630759
0.5235879
1.2292301
0.9774941
1.0761505
0.5341761
1.8070451
0.3253929
0.5977303
1.0938342
0.9568663
1.1032276
1.6298557
0.7217824
0.7626197
0.5949432
0.3115796
0.8307562
0.3580728
0.4247611
0.5161612
0.3689401
0.5628177
1.6491518
0.7261267
0.7047574
0.6458886
1.6771876
2.0303886
1.2532382
0.5995048
0.7504612
0.8775657
1.2241611
0.8770891
0.6216579
0.8686959
0.6199074
1.7880015
0.7182833
0.8503951
0.4380537
0.7068137
0.6319184
0.7041062
1.0831723
1.3656863
0.7865628
1.8122343
0.7824349
2.0329266
0.8323545
1.1771159
0.7331725
0.3820505
0.8828923
0.4444720
0.7989422
0.5772146
0.8942361
0.6410123
0.7267026
0.4482959
0.6849237
1.0221305
0.6471057
0.6375688
0.8891062
0.9345921
0.2419167
0.3995965
0.7328358
0.9773688
0.6560568
0.5418819
0.6783810
0.9572753
0.5941804
1.3068566
0.4698231
1.3182500
0.6357342
1.6103115
0.8018941
0.6226201
0.8572172
1.1588122
0.1160759
1.0435264
0.8808673
0.5188555
0.8541670
0.7743205
1.0804738
0.4906525
1.1393316
1.4082828
0.8234357
1.2090474
0.6447887
1.1327340
0.4034783
0.8958695
0.6354405
1.4574168
0.9177349
0.1640322
0.9502438
1.2952685
0.6872619
0.9701283
0.8601758
0.5889667
0.5912533
0.3601252
0.7438718
0.5976772
1.1218497
0.6495413
1.7469614
1.8645651
0.7480310
0.6355750
0.4689989
0.6078078
1.1274336
1.2728193
1.2104123
1.3701066
1.2787730
0.9169139
1.0328511
0.8050888
1.2961167
1.7108833
2.3576660
0.3314645
0.8448530
0.7890565
1.6282587
1.0000801
1.2859153
1.3616557
1.8171216
1.3222780
1.4245466
1.0589101
1.4738378
1.4112615
1.5902745
1.1087854
1.1037317
1.6773921
1.2026770
0.9163233
1.3004104
1.0157191
1.2180384
0.3752980
1.4958978
1.0907825
0.2980466
0.6114990
0.5168102
0.7140362
0.5649135
0.6221869
0.6043423
0.6741995
0.4956568
0.4691660
0.3131348
1.0828565
0.6747829
1.1781957
1.5346061
0.6655097
1.8301247
0.7144164
0.9143275
1.3959541
1.4854037
2.2357037
1.6499588
1.0206654
1.2049498
2.0058495
1.1821888
1.4762426
0.6951295
1.9413008
1.4528245
0.9825993
1.3131597
1.3267889
1.6180809
0.6686846
0.8205141
0.8752464
0.4958672
0.8876423
0.7883740
1.0732919
0.7638918
1.5330009
1.1702866
0.7182387
0.8952431
0.6822765
0.7133566
0.6554454
1.4417387
0.5064954
0.9200679
0.6197582
0.8812704
0.7234924
1.3985343
1.0739965
1.2359801
0.7630500
1.0637318
0.6701701
0.5003513
1.0532350
1.1948356
0.3706510
1.1361108
1.3194006
0.6732394
0.6520558
1.1989873
1.1356910
0.7923015
0.6965698
1.2120491
1.0798997
1.1583430
0.7299082
0.8229664
0.5483743
0.9111783
0.7578921
0.7235137
0.6508269
1.0839507
0.5322692
0.5502459
0.8321121
1.4073018
1.3426776
0.5061309
0.7963620
1.2284132
1.3535798
0.8613161
1.1336332
0.7182441
0.8086662
1.2780402
0.8639582
1.0097656
0.7274727
0.6489092
0.9058093
0.8891084
0.7564982
0.9566181
1.1753175
0.5281201
0.5830873
0.4773730
0.2188106
0.8089913
1.3986459
0.5616583
0.5345637
0.8689821
1.4667720
0.4724615
1.1519465
0.4982805
0.3834058
0.7348865
0.5107559
0.6843332
0.6996357
0.7983673
0.5001589
0.7346641
0.2472657
0.7333740
0.4365451
0.3857230
0.9451507
0.3566125
0.3231421
0.1306612
0.5420775
0.5381202
0.6663422
0.7727078
1.3428226
0.9051443
0.9595911
0.3090620
0.4329532
0.5007814
0.5327060
0.4639710
0.9486101
0.2422183
0.9926705
0.7227740
0.7317518
1.6868444
0.9760503
1.4051848
1.0124852
0.7918123
2.1428728
0.8823148
0.9947832
1.4307010
0.5589371
1.2980062
1.0278697
0.6971627
0.9911334
0.7177678
0.7482348
1.2471034
0.5874882
1.2592745
0.8288713
1.6295568
1.1921441
0.8116296
0.8163882
0.7216623
0.7880408
0.8001901
1.2739359
0.9423900
0.8900713
1.3281162
0.9616443
0.5872031
0.9972452
0.6774932
0.3446653
0.5637131
0.3795469
0.5316184
0.4315579
0.3784805
0.7054556
0.2119594
1.1686134
0.9613623
1.2022755
0.2991913
0.4106057
0.8674832
0.8421064
0.7845736
2.0288392
1.3013818
0.8905367
0.9519237
0.9743476
1.5116466
0.6909341
1.1933901
0.9223131
0.8037115
2.9132524
1.7161328
1.7384317
0.4054122
1.0608236
0.5818908
0.5186025
0.7388362
0.2852477
0.4003746
0.2354643
0.3362634
0.5873244
0.3598561
1.1135028
0.7212026
0.5639694
0.7264371
0.4198677
0.6944778
0.8176277
0.4952944
0.6314956
0.9839931
0.4455731
1.0392299
0.6474992
0.4157339
0.4502314
0.6155101
0.5916590
0.5915060
0.3865121
0.4730044
0.9528696
0.8445359
0.9987264
0.8583166
0.6265866
0.4707761
0.6613351
0.2266604
0.1756514
0.9118571
0.9343818
1.3104096
0.8143171
0.3621501
0.7171792
0.7488436
0.8296577
0.8219000
0.4131567
0.3923776
0.9673912
0.4510421
0.3098114
0.5155020
0.4247281
0.8337556
0.8911842
0.9290549
1.2967129
1.0631712
0.8099445
0.8610464
0.6746516
0.8005798
0.7294321
1.2850647
0.8819622
0.3368878
0.6293607
0.6847748
0.2150405
0.5725981
0.3795584
0.5619953
0.3492254
0.6880490
0.4503161
0.4397117
0.2961839
0.5754681
0.6730894
0.3608141
0.6242565
0.5522884
0.2110243
0.6586238
0.5905272
0.4824836
0.5400989
0.3547823
0.3829423
0.6699906
0.4958273
0.7722080
0.6092924
0.5933513
0.8441418
0.7870888
0.8038651
0.6719530
0.6417575
1.2921228
0.7396991
0.8569177
1.0314286
0.8802383
0.8278516
0.9227386
0.9020176
0.8023271
1.0103020
0.5964238
0.6103579
0.7762209
0.8712603
0.9273420
1.3263581
0.4870748
1.1426707
0.4395168
1.0179221
0.3213466
0.7808948
1.0447252
0.8668913
0.7210838
1.4676049
1.0867751
0.6851693
1.1592875
0.5548208
1.0103654
0.8481356
1.3227959
0.7945387
1.1832350
1.3022963
1.0128966
0.5207560
0.8462383
1.3069596
1.0767398
1.0076021
1.0225754
0.5726124
0.6849066
0.5284745
0.8272359
0.3983456
0.6899562
0.4766561
0.4761067
0.9893289
0.3632702
0.3141747
0.3283373
0.6719305
0.4472987
0.7331645
0.1234049
1.0029868
0.6884284
0.7094314
1.0650067
1.2491070
0.4637195
0.5105476
1.0619010
1.0086951
0.2066241
0.8068350
1.4969929
0.3989823
0.6145949
0.3381861
1.0932098
0.8185226
0.7933500
0.9528569
0.3511899
0.7233079
0.2535942
0.8785420
0.9131442
0.4413326
0.1869531
0.9214516
0.4103903
0.4200481
0.9390271
0.6680688
0.8469960
0.4159566
0.6113553
0.7053321
0.1848301
0.9070954
0.5089829
0.5096225
0.3500626
0.7577212
0.4338878
0.8736764
1.2953834
0.5357483
0.6405403
0.7329170
0.6746941
1.6726647
1.2223330
0.7580492
1.0733947
1.0068628
0.9363579
0.5257691
0.7232075
1.0155383
0.9322527
0.6063659
1.5778106
0.7055138
0.7452143
0.6037346
0.4296165
0.1335077
0.8102951
1.1116871
0.3937762
1.0779641
0.7609999
0.7044401
0.6685773
0.9585671
1.5834005
1.4763816
0.4017409
0.3733022
0.8512987
1.7328996
1.1155191
1.8945170
1.2209380
0.7206064
0.4947082
0.6577232
1.0173904
1.4737850
0.2206973
0.5738951
0.7700692
1.1132003
0.6604797
1.2449089
1.4816024
0.9767277
0.4026799
0.9572420
2.1897928
0.7706696
0.6004418
1.2574920
0.8507433
1.1318949
0.8651655
1.1906059
1.1165448
0.7411213
1.2388458
0.8738462
0.3971083
0.5100310
1.0212853
0.3182644
1.1321856
0.3680889
0.9611751
0.7156309
1.0071948
0.7191902
0.6276309
1.2472690
1.1363476
1.6110980
1.1369882
1.5887458
1.4789577
0.8893351
1.2363581
1.4516132
1.8155284
1.1088059
0.7072405
0.8629109
2.6929285
1.2098631
1.8892364
0.7591664
1.0019215
0.8463410
1.2138871
0.8886228
1.4812303
1.3584098
1.3030329
1.0885206
1.6812886
0.6363213
1.2447586
1.3620328
1.3287699
1.2543707
0.6623031
0.5299674
0.9965517
1.3041331
1.0289852
0.4900973
0.4887076
0.4370569
0.8840498
0.5976818
1.2660880
1.2154696
0.4804489
0.5828590
0.9070254
0.4583865
0.2873229
1.2584406
0.6284661
0.7660103
0.2718863
0.7201164
0.5874624
0.5736651
0.6185549
0.4421526
0.9395037
0.4304116
0.8978761
0.8428798
1.0761293
0.8834612
0.2923742
0.4873678
1.1612708
0.7056489
0.3806627
0.1821837
0.4930287
0.8572703
0.5955439
0.6135300
0.3061502
0.6298637
1.2807344
0.4878889
0.4136621
0.5154328
0.2580737
0.3447982
0.4205878
0.6496953
0.7856384
0.9632487
0.9030946
0.7998850
0.5197040
0.3216724
0.6767170
0.6857555
0.6750205
0.4462369
0.5002663
0.5104190
0.3857642
0.2700400
0.4790617
1.0037311
0.7476300
1.0213015
0.4224278
0.9324754
0.2777908
0.4862524
0.9630007
0.4784284
0.8938224
0.4314705
0.6130288
0.7568295
0.8166367
0.7039197
0.5578153
0.4430031
1.4268255
1.1809562
0.8358368
1.1964296
0.9121218
0.6772931
0.5812545
0.4555230
1.0650905
0.3851832
0.7855930
0.5022055
0.9047537
0.5015563
0.5250129
0.4120705
0.6834564
0.7474882
0.6982020
0.9656974
0.6157102
1.1082823
0.5181735
1.2720371
1.0711369
0.9595285
1.4898609
1.7566900
1.2980332
0.6967836
1.2399985
0.5726672
0.1413328
0.5211374
0.5823755
0.6112564
0.5059323
1.0154565
0.3250074
0.7992351
0.8272342
0.3910752
0.4682216
0.3556762
1.0423470
0.6748108
0.6948880
0.6372431
0.6555601
0.2586959
0.3105274
0.3319295
0.7010556
0.6438844
0.5754088
0.9292462
0.8193564
0.6487937
1.0491258
1.1414193
1.0960601
0.7963559
0.3981611
0.8525249
0.7708545
0.7539123
0.8652559
0.4341854
0.7963626
0.5863578
1.0911428
0.7920483
0.5069672
0.2894239
0.4637046
0.7341070
0.5817702
0.6340767
0.7030926
0.6603933
0.2413611
0.9597028
0.5604191
0.8636318
0.9294687
0.7857091
1.0709597
2.2234020
1.2678591
0.8905018
1.2665665
1.3003977
1.4661259
1.1021329
0.6096137
0.8135960
1.8380281
1.0643340
1.2612086
1.2838865
1.5232230
1.7983379
1.2009165
0.6461705
1.6895534
1.4016667
0.9125304
0.6988486
0.7879155
1.6365967
1.2093955
1.7771898
1.5515019
0.9990026
0.9151057
1.3357225
1.2944714
0.9417305
1.1914995
0.6072818
0.3859613
0.4841727
0.7204964
0.8765348
0.8386696
1.0972826
0.3645167
0.4811092
0.8048740
0.5460277
0.3923844
0.2956722
0.4453793
0.8418437
0.7219606
0.7426725
1.2264367
0.6224883
0.7928670
1.0272592
1.3001837
1.1655782
1.7626397
1.4895299
1.7353949
1.6261815
1.6071459
1.7417017
2.4437131
2.0657818
2.1425890
1.8152253
2.1193371
0.9664145
2.5489852
1.0987051
2.0562568
0.8853474
1.7801900
1.2745751
1.2445167
2.1090543
1.0228907
1.3643290
1.7175116
1.8533814
1.1648210
1.9645379
2.5337063
1.5253293
1.8058693
1.8231912
1.1981319
2.7180223
1.3101985
1.6768260
1.0411442
1.0906767
1.8492242
1.0333097
1.7462848
1.5325980
1.7868281
0.7010782
1.0863189
1.6101657
1.4720768
1.1561022
0.8538694
0.8043758
0.6599780
1.9843769
0.8753264
1.2305473
0.4178907
1.0812062
0.8595453
1.0885090
2.0964312
1.3380978
1.2843714
1.4489038
1.3940790
1.4603842
1.0901378
1.2004193
0.6994505
1.6906368
0.8459037
1.9159669
2.4991871
1.0456485
1.1855524
1.5502724
1.0195178
1.3429180
0.7940178
0.6018281
0.4635715
0.4760944
0.8534729
1.0663112
0.8414817
0.8191948
1.0317633
1.3515528
0.9499337
0.8686401
0.7268030
1.2897115
0.5643957
1.0139243
1.3729913
0.3604720
0.5560654
1.0382853
0.6386595
1.1662357
0.9870293
0.7844589
0.5300187
0.6673728
0.3025459
0.4310155
1.0447378
1.2167575
1.0367532
0.3821651
0.2760506
1.0341915
0.4030183
0.6955415
0.6184411
0.7254464
0.4966892
0.9368199
0.6901517
0.7903884
0.8579939
1.4122539
0.4823262
0.8147697
0.9558168
1.0860260
0.9492806
0.7853992
0.3390786
0.4475095
0.5107844
0.7733058
0.3116642
1.5908993
1.4687223
1.0874535
0.8100905
0.9633912
0.5707050
0.4239539
1.1155547
0.3579347
0.4919347
0.8510811
0.2203054
0.7285473
0.2794541
0.3340014
0.3128876
1.0470043
0.6854709
0.8216297
0.3791750
0.8412594
0.7281047
0.7803154
1.2532618
0.5478584
0.4990451
0.2872757
0.3069649
0.8325062
1.1409166
1.4087796
0.6221793
0.5359631
0.7062141
1.2235990
1.0820410
1.5613179
1.1733026
0.6947827
0.5375283
0.7869009
0.6676650
1.1941406
1.3946024
1.6499846
1.1708555
1.0413763
1.8170878
0.5714173
1.5209557
1.1688146
1.2911097
0.7882626
0.8845923
0.9907241
1.4488571
1.8714277
1.0154924
1.1910771
1.2911526
0.8429664
0.9126724
1.5487157
0.7304352
1.1963598
0.4239875
1.3086742
0.7907133
0.6088603
0.6446198
0.5427516
0.3777561
0.3257034
0.5923844
0.7403119
1.1997803
1.0598837
1.1145157
0.9536161
1.1941571
1.0769472
0.7734263
0.4649587
0.5257393
0.5371684
0.8038269
0.8506511
0.9986429
2.0080852
1.6577926
2.1124338
2.8502838
2.4516900
0.9623904
0.9431236
1.3955940
1.0888943
1.1269842
1.6076382
1.8398563
2.2478867
2.7474456
1.8731276
1.4221196
1.0630077
0.5359185
0.4303351
0.2887547
0.8389886
0.5114944
0.6331244
1.5169683
0.6084676
0.6601165
0.4941981
1.0192776
0.7096483
0.8630938
0.8822142
0.7888867
0.9503332
0.5043283
0.4312303
0.8486583
0.6801206
0.9249457
1.1005707
0.8392393
0.9058099
0.5383921
0.3237634
1.0274412
0.3907741
0.3176309
0.6053739
0.7133354
0.8187174
0.4427769
0.9698853
0.7245388
0.3264247
0.7021093
0.6528523
0.1860804
0.4945021
0.7003121
0.2630601
0.3847046
0.5335719
1.9023605
0.9501414
0.9092751
1.1338486
1.7927071
1.3627702
0.2523987
0.7630593
0.7503008
0.5112897
0.3648323
0.6739039
0.6702509
0.8551992
0.8788382
0.4553636
0.9182354
1.0398603
0.4896681
1.4889424
1.0935321
1.1554407
0.7867141
1.3718140
1.1430405
0.3086517
0.9456210
1.1545917
0.9597671
1.5187316
0.5161436
0.4557388
0.8910046
0.5092677
1.2906425
0.8885743
0.6462329
0.8816748
0.6997130
0.5227957
0.3351477
0.0576248
0.7709674
0.6338782
1.7612712
0.7742441
0.9113463
0.6859428
0.8231329
1.2962820
0.6455680
0.8679601
1.6676579
1.8812451
1.0195777
1.0312622
1.1980962
0.8608437
0.7770958
0.5457302
0.8968487
1.3684638
0.5156214
1.4485817
0.9345115
1.1160545
0.4207493
0.8118371
1.8423724
1.0912027
0.6425511
1.5258319
0.4152472
1.4983818
1.0487662
0.6782034
0.7109267
1.0130987
1.0511201
0.8256874
0.6347135
0.9451303
0.5841243
0.8585966
0.8959947
1.0378458
0.6780883
0.3305527
1.2172668
1.1378169
0.2132937
1.0196296
0.9028787
0.9470793
1.2163476
0.8210012
0.5065695
0.5065608
0.4856132
0.5726411
0.2902122
0.5083929
0.9748879
0.6918066
0.5318500
1.1389018
1.0782178
1.0074190
0.7494143
0.9048537
0.3926639
1.0160569
0.5051666
1.3528838
0.9613522
0.8693206
1.3587982
1.5645582
1.4716584
1.6553114
1.0324281
1.5684225
2.0638383
1.3140648
1.6763813
1.5723526
1.1404007
1.2686504
2.0855234
1.1858258
0.8938341
0.7212850
0.4118380
0.8221454
1.0360711
0.3729442
1.1292430
1.2228855
0.9396358
1.2282345
0.8904712
1.1885498
1.2531738
0.9994946
1.1366249
0.5505611
1.2120682
1.4787772
1.6919582
0.9587085
1.7933536
1.3273805
0.9271170
2.1300675
1.4655893
1.3993464
1.5325309
1.1134983
1.4246634
1.2476839
1.7218926
1.8700311
1.3917069
1.3077973
0.9952851
1.0026407
0.9593789
0.5680187
0.7481974
1.7751652
1.1310352
1.5436861
0.8891504
1.2131119
0.5963467
0.5429237
0.5590496
0.8674326
1.3006017
1.0736027
1.0929594
1.2812337
0.7001935
0.5623869
0.9209254
0.7696659
0.7176514
0.4627276
0.8864111
0.4615372
0.9130459
0.9498193
0.7726889
0.5085999
0.9830668
0.6972976
0.6098838
0.9865284
1.2627957
0.7852363
1.2129991
1.0281815
0.6930530
0.7336052
0.5552754
1.0954589
0.6728543
1.6294639
0.7555990
0.9362586
0.4300600
0.7299232
0.9091189
0.4717076
0.4286329
0.5652808
0.6652449
0.6325916
0.8934150
1.0314737
0.8732265
0.8773897
1.2902321
1.5645809
1.4341720
1.3154921
1.3391240
1.7804765
1.8055761
1.2526677
1.6207457
1.6446754
1.9319145
1.0970597
1.1468005
1.2873310
2.3393272
1.1211163
1.3240276
1.8523826
1.4086887
1.3817183
1.6912142
1.6704418
1.7241743
1.8051723
1.1718238
1.4646114
1.2793629
0.8589801
1.0618771
1.1626727
1.1798388
1.0984165
1.5426580
1.6898698
1.1166833
1.3416790
1.1718493
1.7175905
1.1385952
1.4729591
1.1271230
1.9446587
1.9129297
1.2774070
1.6884520
1.2131563
1.5522160
1.6624936
1.0974417
1.0032634
1.3532903
0.7145672
2.1104706
1.1845915
0.9694312
0.6451678
0.4562746
0.4979923
0.4754835
0.5008246
1.4517237
1.0032497
0.7246809
0.6983567
1.3190113
1.7056609
1.6734750
1.7621182
1.5344424
1.2072555
1.4217671
2.4141527
1.9389864
2.4336791
1.7195687
2.1288005
2.0942051
2.3565171
0.8703760
1.8443361
2.0175850
0.7480458
1.3911990
2.0264031
1.7882698
1.0073445
0.4226271
1.2075621
1.4228589
0.8268182
1.8929199
1.0021873
3.8574786
1.1808530
2.0418794
1.4882732
1.4457768
0.8485497
0.9924861
2.2091080
1.1713189
0.5362225
1.1120145
1.2883661
1.2820494
0.7475154
0.9825417
1.6950949
0.7729324
1.5502384
1.0992070
1.2640350
0.5325949
0.8284848
0.9258196
1.3198205
1.4305048
0.9876322
0.9595807
0.8893921
0.9372010
1.1942428
0.6218749
1.3165772
1.3199604
0.9133239
1.0453041
1.5459063
1.1826655
0.9333387
0.5587353
1.1134586
1.5177317
1.0202113
1.4316813
1.9174848
1.2374975
2.0016586
1.6385103
1.5357773
1.2687653
1.7978980
1.5875416
1.5252333
1.1792393
1.3493004
1.4353199
1.6524229
1.6141375
1.8469858
1.4356463
1.8302856
1.2978051
0.8722208
1.8240656
0.5961407
1.3540876
1.1962188
1.3529314
1.3993959
1.6738469
1.9801957
1.3014354
1.4967523
1.4572130
1.7178580
2.0391060
1.7359513
1.5484127
1.2014882
1.0880496
2.6127378
1.2284143
1.6327895
1.2810977
1.2373512
3.0329618
2.0666178
2.6239082
2.2148868
1.3232896
1.6756585
0.7798445
1.4722072
1.6567203
1.6112807
1.2499651
0.7769507
0.9317994
0.8931889
0.6972377
0.5195664
0.6193737
0.7917090
1.1619553
0.4263101
0.3429047
0.2844256
0.3316869
1.6964303
0.3892021
0.8514783
0.5140122
1.2452679
1.0854011
1.1171300
0.8281621
0.9095609
0.7323802
1.0892997
0.6139106
0.7480088
0.9392991
0.7970758
0.6562255
1.3340103
0.5415141
0.4413026
1.1254360
0.7877213
0.5841048
0.7210960
0.7504624
0.8763254
0.8144310
0.7907473
1.5738045
1.0567317
1.8775422
2.1223661
1.5912707
1.4046554
2.1313130
1.4184526
0.6527055
1.3239449
0.8507619
0.8683086
1.1406218
1.2448946
1.6822350
1.6488118
1.6765907
0.9048590
0.7229960
0.9105406
1.1878088
0.7751080
0.6794320
0.8314149
1.1138612
1.1851269
0.9040561
0.7401924
1.8640035
0.8745982
0.8726562
1.8041018
1.0511465
1.3387562
0.5797011
1.1542843
1.4913422
1.4557210
1.4920619
1.9416764
1.1912758
0.6448743
1.4787250
0.5755321
0.4399273
0.3736385
0.7921647
1.0636122
1.3194319
0.7182775
0.9232711
1.4232805
1.2545617
1.0731183
1.3572401
0.3064992
0.5540377
1.0611538
1.4004969
1.0860635
0.9381561
0.7683730
1.5622635
2.0718276
2.2095713
2.0355304
1.5329675
1.7888752
1.7687663
2.2241978
1.1472423
2.3726591
1.7008209
1.6905960
2.5498210
2.5812472
3.7505027
2.5756219
2.9910708
2.8828520
1.8753586
1.6353532
1.8215198
1.0017974
2.1636265
2.1748584
1.5985567
1.5986391
1.6199986
1.7197001
1.9445117
1.3130299
1.8166514
0.9350956
0.4176933
0.6133379
0.6778550
1.8401795
1.5292841
0.4857379
0.6726009
1.1344557
1.8052143
1.2304225
0.9993502
1.2574217
0.6976207
0.9035624
0.8868237
1.0542529
2.0902916
0.7475582
1.4624759
1.0555476
0.8986425
1.5902862
1.7146212
1.3319623
0.9509831
1.7200908
0.9009089
0.6829195
1.1515636
1.2607227
1.6231853
0.5828666
0.6800986
1.8972320
2.1758360
0.6229122
0.5149448
0.5889244
1.0182639
0.4957684
0.9230371
0.4453600
0.8269284
0.5433114
0.2646220
0.8169007
0.3712843
0.5816387
0.5590441
0.9833217
1.0112945
0.6660166
2.3054250
1.5655967
0.7242227
1.5110750
1.0792418
1.1839435
0.3215151
0.6780693
1.3227198
0.5798365
0.7776172
0.8619130
1.2743642
1.1863019
1.6421547
0.8646116
1.6448675
0.4268418
0.6012375
1.0909897
1.2782471
1.4439434
0.8616703
0.5914708
0.4136815
1.0501412
0.8077892
0.9394374
0.7086610
0.8727964
1.4469394
0.8739912
1.3429407
0.5826378
0.7269643
0.6885708
1.2614609
1.0421223
0.9370053
1.9377027
1.5573617
1.3302698
1.7767546
0.5751011
0.5850059
1.4515721
1.0035652
0.6720673
0.8636520
0.6929192
0.6660668
0.4635198
0.9478239
1.2512330
0.7351224
1.2603337
0.9044907
0.7877679
0.9494278
1.0638750
1.5287172
0.9765869
0.6829265
0.9070822
1.3956586
2.0114724
1.2791374
1.8192197
1.4043342
1.3050751
1.0051410
0.9515341
1.0385194
0.8126883
0.7352459
0.8290961
0.8078205
0.9411635
0.9102246
1.0660115
1.1513576
1.1149076
1.1241368
0.8345726
1.1044560
0.8198121
0.3823641
0.6815869
1.1832929
0.1974105
0.4718596
0.9496133
1.1507201
0.6723248
1.1711760
1.3797229
1.1555266
0.9990871
1.4362509
1.3709365
1.7985549
1.4198027
1.5223963
1.4373899
1.3021172
1.9563334
1.5678595
1.6199390
1.2676508
2.2268316
2.1700431
2.0764566
2.2099500
1.9891584
2.1777442
2.1488731
1.4766688
1.1752814
2.9602376
0.9516489
1.6400939
1.8511962
1.4860734
2.1447657
2.1825632
2.3231415
2.5343725
1.6391281
1.6499158
1.4136205
1.3200118
1.8573741
1.4921075
0.6119821
1.3727341
1.6160079
1.3908548
1.7974273
1.2517301
2.4912646
1.2202671
1.4407080
1.3640619
1.1893636
1.0256992
0.7920472
1.2969221
0.4981752
0.4846516
1.0593083
1.3485396
0.8465926
0.8241627
1.1094023
1.0182433
1.5571339
0.9969034
0.6012432
1.5275267
1.4534602
1.8222496
1.8826855
1.3835173
2.3635241
2.2623098
0.9366332
0.6071575
0.3134477
0.6836132
0.6464270
1.8372880
0.5855891
2.0755906
1.2535652
0.6643609
1.2246461
2.0055196
1.2405886
1.0781887
1.2131108
0.7054994
0.8990027
0.8981237
1.0088342
1.1286137
1.6654115
1.9138272
0.8785244
1.2092848
1.7124923
2.0065150
1.1812817
0.2163759
0.8457330
1.4801001
0.8772113
0.4274544
0.7859096
1.0892318
1.3979905
1.0353641
1.2992967
0.7362200
0.4714789
0.9048893
0.6995981
0.8868945
1.1102007
0.6306397
1.4796393
0.4051756
0.1662016
0.9834509
1.5000415
0.7130035
1.2338948
1.1444017
0.9201574
0.6521671
0.7903350
0.5967830
0.8535987
0.7582595
1.3454138
1.0831129
1.2582068
0.7192512
1.0230099
0.8057153
0.7736111
1.1171515
1.3516501
0.9113828
1.2283699
0.9356421
0.7980068
0.9409973
0.6450142
1.0221128
2.6160489
0.6708134
0.6709777
1.0274875
0.8318766
2.2155813
3.1587692
1.9675313
2.5614502
2.8710502
1.9606410
2.3441282
1.4329308
1.6638686
1.7594066
0.2319500
2.0133609
2.4329906
2.2150131
2.3032342
2.3807979
2.7294753
1.8313057
2.4605527
2.8225971
2.1511848
1.9801608
3.1804281
3.7834915
2.2162616
1.1730629
2.0782702
2.9863999
1.8898123
1.7963993
3.0075493
2.4028362
3.8111996
3.2611434
2.9522647
3.0312407
3.1542657
2.6425847
2.6908490
3.5182624
2.4999090
3.0735321
3.3139213
2.6917266
3.4974701
3.4944109
2.7635560
1.8775169
2.3857476
3.0846748
3.0075729
3.6371853
2.7691470
2.5688758
3.0679796
2.7138492
3.7781553
3.4403011
3.1952827
3.9927384
3.3098550
2.8882244
3.3038685
2.9951924
3.1191317
2.2003230
2.9580311
2.5309123
2.5266934
3.6878901
2.2707437
2.5696696
2.3178278
2.8057147
3.7998075
3.0210802
2.9766834
3.4766556
2.9382900
1.7235514
2.4035612
2.9789459
3.3177744
3.5140859
2.7529430
3.4115874
3.1287102
3.2308577
3.0239638
3.3441961
3.7548168
3.1168324
2.9350297
3.7665231
3.9924444
3.6741658
3.4547516
2.7392374
2.8788789
3.1489248
2.8593472
3.2795682
2.6899161
3.6023374
2.7040412
3.9414525
3.0335347
3.2422883
3.3526171
3.1131902
2.0726286
2.9437760
2.6650632
2.0330022
1.7665129
3.1774222
2.2667514
2.7537062
2.7661261
2.0730817
2.2395464
1.8781134
1.4328352
2.0209241
1.4662411
2.2280963
2.8965821
2.0318023
1.7292396
1.8790928
1.1179660
2.1748630
2.2167557
1.5998426
0.9716604
1.8925020
1.1842181
1.4671775
1.9586462
1.7634337
1.4326567
2.0041034
1.2674170
1.6664752
1.4140199
1.8712029
1.5761765
2.1754986
1.6536304
2.2884408
1.8767742
1.8964852
1.1772636
1.2266198
1.9260349
1.5559692
1.5858785
0.9879468
1.4824498
1.7899700
1.1052263
0.7399257
1.2575282
1.6753965
1.3073440
1.2752799
0.8565331
1.6409939
1.3537201
1.2596739
1.1724066
0.6236265
0.6539081
0.9808319
0.7039800
0.2320560
1.5726591
0.4928325
1.8088414
0.7372031
2.5680391
1.8244841
1.5905244
1.2269377
2.2185689
1.9608487
2.3006078
1.8001186
1.4217795
0.9382511
2.2791642
1.1298332
1.9828463
1.6327685
1.9184265
2.0566336
1.5993642
1.9343062
3.2260495
0.8766410
1.6334073
3.3089059
2.5820504
3.2101107
1.2568060
2.6510890
2.7838726
2.6869447
2.4965042
3.1164946
2.9180193
2.8213946
0.6395597
2.9319807
2.2953890
1.7654062
0.8302589
1.3526820
2.0068941
1.3014665
2.1708860
2.1019352
1.0013280
1.5406517
1.2564325
0.9344702
2.2949588
1.4872960
0.7631148
1.8613560
1.3491856
2.4257354
1.2421872
1.1970743
1.8597369
1.0368984
1.1837525
2.6970497
1.5995043
0.5283339
1.0931752
1.8532427
1.0845302
2.2846252
0.7451235
1.2960038
0.5407755
0.3652950
1.5758080
0.8765132
2.5426017
1.1897134
1.2090253
1.9340572
0.6004260
1.9468243
1.8779602
0.9373838
0.2386423
2.6037574
3.3939245
1.4105852
0.1693176
1.5221428
2.9245256
1.2637209
1.3830044
0.9430082
0.8700555
3.7336073
0.8605959
0.8844809
1.7634786
1.4238147
3.1568732
0.8754598
1.0440535
1.0243128
2.2923215
1.1094942
0.3931870
2.0870458
1.4221270
0.8914917
0.8433446
0.6280960
1.5468856
2.8500735
0.4382177
4.4602428
0.6790434
2.8470828
3.2752619
3.7867501
2.9568736
2.3968307
0.1753240
2.2744991
0.9820678
1.3548177
2.0051549
3.9827063
2.3543338
1.6666433
4.3030017
2.7444217
2.2151100
1.8473280
2.6534627
3.5488452
2.2315774
2.2744507
5.5107713
2.7397504
2.4509345
8.1997560
3.2770279
3.7283960
3.8233934
1.1125798
1.6499574
0.6461303
1.2461981
1.1459151
1.0392684
3.0922247
1.4612417
0.9626007
1.5532064
4.8092405
4.4008210
0.9253850
4.7931854
5.4071002
0.4178573
1.9015777
7.0780111
2.4156389
4.7185777
4.5152963
3.1740783
0.7262820
3.5545950
0.6772217
1.5168952
2.4828096
1.8491763
4.2970208
2.2478980
0.4121241
3.6887001
4.6705843
6.3480674
5.9916787
3.9845950
6.4397768
7.0054790
0.7941259
3.3713554
2.1877723
1.2086141
3.9438847
3.3519023
2.3195667
3.4344687
3.0144977
2.5900956
2.2202271
2.3027490
0.4090283
2.8160806
0.7214730
0.4578594
0.9045508
0.8154506
1.0346475
1.4283531
2.3169853
1.8416547
0.6531730
3.1398631
1.6591415
1.7357017
0.7077024
3.1344731
3.5054433
1.3056972
1.9406501
0.7642115
2.3197712
3.1792511
3.0625770
1.7680013
2.2981347
0.9474252
2.8969055
4.1621889
2.7189178
4.2342537
4.7520553
3.0580479
2.8923761
2.1997908
1.5257704
2.1217051
2.9422946
2.9094914
4.0627547
1.2510152
2.3969105
2.3971011
1.2313286
2.5821901
1.7194207
2.9007999
2.0184562
2.0047379
1.7169311
1.2666448
1.0403265
2.1234482
2.0751373
1.9849789
1.0808237
2.5819958
2.0858538
2.8361487
1.5769694
3.3205696
2.2035770
1.5624333
2.5807920
3.5436649
3.5778537
1.4953332
2.5698547
2.2908949
2.6693580
3.3709525
3.3731975
1.5695926
2.0317198
4.2676113
2.4638703
1.4642611
1.3356463
1.8352435
1.4656945
2.0470564
1.5083360
1.4701085
0.4792600
1.0499287
0.6812893
1.7194725
1.9046636
0.8362466
1.1860756
2.2006975
1.1561585
1.1230185
1.2916041
0.5160210
1.9176367
1.1575861
1.5213715
1.6513852
0.7533925
1.6814135
1.2243339
1.5953215
1.2089941
0.2879260
1.5688991
0.5271041
1.9214860
1.3593415
1.9455792
2.2716419
0.5703080
1.3545984
7.5114140
0.6948811
1.1471658
2.6982501
1.2225963
2.4027552
1.7736165
2.4832246
1.7529274
1.0363342
1.6451979
1.2384469
1.3495927
0.6135436
1.8189609
1.8984760
1.5240541
3.4029719
0.5962335
2.9409785
1.8587198
3.1244279
2.8101629
2.7538414
7.6309495
3.0756564
5.1501012
1.3618173
1.3701457
5.6135776
2.7064585
3.5459664
1.7294820
2.1296541
4.0615990
1.9234365
4.6268266
2.8150742
0.9905315
2.9862926
0.5490513
1.7738773
1.2108186
1.0911790
1.8397325
1.9733642
1.5614792
3.0401255
0.9055233
0.5370722
2.1992163
1.4966219
1.5887194
0.7341445
1.2434527
1.2258596
1.7213890
2.5183110
1.7154380
1.4997017
2.8959730
3.3605388
4.4338320
2.7245903
0.9007632
1.6844444
0.6320131
0.5708571
0.7619639
2.8148170
0.4439758
2.6129122
1.0845355
0.4623042
0.5642574
0.8512274
3.4427525
0.7463997
1.8229047
2.7254557
1.3028661
2.7871724
1.4671463
1.4312639
1.0972677
2.9128841
0.5945190
1.5989565
2.8089760
1.1480639
4.3778089
5.3308732
5.5639867
0.7218300
3.1999502
4.5328868
6.1723878
2.1427971
1.7065657
2.9042916
2.0587421
0.9722963
1.1451037
1.0972754
3.2887243
5.5516784
4.0652216
3.5862830
1.9183483
0.4568222
1.6729201
3.6528161
1.9226081
1.1753189
3.5614734
1.1202769
2.0089710
2.6356073
0.7526382
0.8970119
1.8974959
1.9131396
0.9842103
3.3944793
4.5518153
1.0493512
0.9856941
2.4392077
4.0397297
1.3594446
0.7457426
2.2255761
1.4498872
0.5029740
0.2439387
0.7240118
1.6449840
0.4823685
1.3130559
2.3679584
1.4833839
1.7029255
0.9223760
0.6414534
1.7113600
1.0294174
1.7350358
0.6461227
0.3633491
1.2360053
1.7281216
0.8017011
1.5019699
1.1456426
1.3191451
0.5758823
0.7745530
1.8449976
1.0479722
0.8538982
0.6564529
1.0728631
0.5678756
2.4515736
0.5927539
1.7403477
2.2324781
1.1102600
1.3814469
0.7865213
1.3841424
2.3207446
0.2406262
1.2835296
0.4078435
0.3371759
0.8548739
0.4042836
0.9792142
1.1230766
1.2813677
0.6721362
1.2012893
1.9567061
0.4683777
1.3847429
1.8783863
1.5386021
1.1528388
0.5613654
1.4019038
0.9215453
0.8501780
1.9192321
1.2001069
0.7973753
1.0365977
1.5602555
0.9789580
1.2630572
2.2252312
1.7048692
2.6150095
2.0266085
2.6117962
2.7278852
2.4268976
3.2035129
2.1812241
1.7308308
1.4019956
2.0608147
0.7918673
2.1840905
1.9549704
2.0385209
0.9975169
1.8273247
1.7600199
1.9824281
1.7986016
1.9989230
0.6918377
1.0522497
0.8077016
1.3863808
1.6517549
0.8664840
1.1577662
1.0198722
1.3289165
0.7090154
1.7902142
1.5036397
0.9298231
0.7896782
1.3591481
0.9183602
1.2274464
1.1967105
0.8527754
1.0231289
1.3626819
1.0273020
0.8326570
1.2463113
0.9478663
1.6662133
0.3112493
0.8465755
1.3813574
0.5989420
0.8429164
0.9293226
0.7995586
0.7614695
0.7439867
0.4828005
0.8602758
0.2913271
0.9408066
0.4146802
0.6438340
0.8156883
0.7336273
1.1558567
0.7877583
1.7491611
1.3743930
1.3195444
1.5651620
1.2064291
0.8598987
1.2184780
0.6715794
0.9511290
1.0902136
1.4284829
1.5093222
0.9110524
0.5788836
0.9811306
0.8393704
1.4261427
0.9612140
0.8282218
0.6533060
0.2052461
0.1886531
0.4027477
0.7988318
1.0029130
0.8668615
1.0334446
0.6326245
0.6894863
1.0476239
1.5890953
0.2818824
0.8588612
0.4079504
0.8148905
0.5979556
0.1622131
0.5599858
0.2190692
1.2629806
0.6556880
0.3980439
1.5911158
0.4569225
0.5701251
0.6017082
0.7604995
0.4957205
0.9702449
0.5895371
0.3865657
0.2986072
0.6281135
0.3709430
0.5514763
0.6348432
0.8506315
1.2803976
0.2435633
0.6494665
1.0408234
0.9315465
0.7761362
0.5822680
0.6239425
0.4512952
0.7775701
0.2504544
0.8775767
0.6031330
0.2624297
0.7883512
0.9389824
2.2199266
1.9139277
1.9292117
2.0902253
2.8003826
2.4360043
2.7350456
1.9320430
2.0590514
1.4937349
1.7076065
1.2807134
1.0282325
1.0383807
0.8073307
0.9202806
0.9076743
1.6145038
1.0966076
0.8161294
1.4034519
0.8440217
0.8277217
0.8492877
0.6153112
0.7423639
0.7862506
0.2212906
0.8279744
0.8180867
0.6201340
0.8560056
0.5375470
0.5851418
0.3625432
0.6870986
1.2056134
0.6765692
1.1837038
0.5430997
0.3366179
0.1499709
0.5290204
1.1018603
0.3244767
1.0729365
0.8289964
0.6378278
0.5037222
1.4562795
0.9850133
0.8933959
0.5204668
0.9244750
0.7056918
1.2720270
1.1479762
0.5888792
0.4765105
0.8089553
0.5591778
1.0047693
0.9858439
0.4829086
0.5312848
0.4916722
0.4544065
0.9251167
0.6547341
0.4464754
0.6990347
0.7931216
0.7733122
0.7473412
0.9359618
0.6254003
0.9313838
1.0819748
1.0806367
0.7268472
0.7497645
1.2912462
0.5781326
0.7032742
0.4166078
1.0897325
0.6390422
0.8423936
0.6035735
0.6654492
0.5541277
0.2665381
0.4278416
0.5698075
1.2613418
0.4612781
0.7530748
1.2328635
1.2563556
1.1372662
1.4249427
0.8142377
1.2790343
1.5971326
1.7354882
1.1757980
0.6668061
1.0881852
1.3506217
1.6207830
1.2827051
1.7355938
1.6220444
1.3413634
1.5289489
1.1785485
2.4339846
1.0345223
1.9549023
2.2317423
1.8020838
1.8596390
2.1252142
1.8137363
1.1825696
1.0957607
1.1055665
1.7710495
2.3191354
1.7306011
1.6484784
1.5535513
1.7831585
1.6685986
1.4008455
1.9138098
1.9372463
1.3763904
1.9456419
1.3816908
1.5750094
1.4553239
1.1182824
1.0409917
1.7879437
1.0509420
1.2680859
1.1888928
1.7135835
1.4690224
1.8612158
2.2150621
1.6709253
1.4393527
1.6000592
1.3002924
2.3594136
1.9979452
2.2516191
2.2226573
1.8251370
1.5272650
1.2762009
0.9068749
1.0324618
1.2591013
1.4142067
1.6216508
1.4422468
2.0971643
1.6090280
0.9723621
1.2493917
0.7651546
1.1484450
0.8971572
0.5809826
1.2005395
1.2957109
0.6032559
1.1610559
1.0242457
0.7879369
0.6050692
0.8002807
0.6543266
1.4692182
1.4941297
1.1660970
1.4522639
1.1026444
1.3446387
0.4815196
0.6867855
0.7013055
0.5581778
1.3576204
2.1105372
1.2419751
1.0825130
1.1405616
1.1363908
0.9447038
0.9328327
1.2147521
0.9153930
1.0186747
1.7345775
0.9304619
1.0888415
0.8528790
1.8609913
1.1036569
0.9361373
1.0776367
1.3458745
0.6515224
1.3666753
1.2645991
1.0238835
1.2801728
1.1114389
0.8155190
1.0914531
1.1367004
0.9585224
0.9285690
0.4061363
0.4737422
1.0650334
0.7024950
0.6520919
0.9926470
0.7888464
0.9681357
1.3554503
1.0117813
1.3483316
1.8184625
1.3426053
1.8796605
1.6446652
1.8116551
1.5327861
1.9180719
1.4954258
1.3761688
2.1275130
1.3003727
1.5283156
1.5789110
1.1844110
1.3117606
2.2301748
1.8479868
2.0349229
2.2661922
1.6974058
1.6814022
2.7039803
1.5277447
1.4028305
1.2428851
1.4296170
1.0031658
0.5574599
0.6564517
1.4766511
1.1115996
1.2105580
0.5993580
0.3377762
0.8894026
0.3086866
0.4574909
0.7504412
0.6487253
0.4215018
0.9807386
0.1442903
0.8926049
0.1601711
0.8548763
0.6982614
0.5184806
0.6767758
0.9998648
0.9461070
0.7306278
0.7943205
1.0641076
0.8225994
0.7001525
0.6353134
0.7969543
0.7092484
0.8864761
0.4243632
0.6767098
0.7611617
0.4917773
0.8512240
0.8083934
0.8085672
0.7152437
0.7251367
1.6830187
1.3980445
0.8685101
0.8819604
1.7254847
0.7262252
0.9555099
0.7284048
1.8695292
0.5946132
1.3037278
1.4142686
1.5867535
1.2981896
2.0996729
1.8922606
1.8622434
1.0961971
0.3844391
0.9496739
0.3008021
1.3143492
0.4380874
0.4036548
1.0616656
0.4266398
0.3965520
0.8776242
0.9320968
0.5860609
0.6079804
1.3297169
0.4989032
0.2700972
0.4644295
0.6423335
0.3112332
0.3323036
1.0707389
0.8716050
0.9726270
0.9431571
1.0597592
0.5961394
0.8910679
0.9369398
1.0784475
0.6410121
0.3062354
0.2089830
0.3148891
0.7395867
0.3826169
0.5835629
0.7240401
0.5552457
0.7242893
0.0445253
0.5397961
0.7143405
0.8487991
1.3242808
0.3064603
0.7079994
0.2583914
0.4401173
0.7539497
0.5541595
0.5383376
0.5449690
0.9544881
0.7650240
1.0191268
0.8621057
0.6269544
1.1655638
0.1776707
0.3544915
0.8430160
0.9674357
0.4955997
0.9412191
0.9750714
1.1840561
0.7913394
0.4286293
0.5434686
0.2821826
0.3075263
1.1476175
1.2974835
0.6527811
0.5468296
0.7829842
0.9805574
0.5619225
1.0736185
0.7787373
0.9134340
0.5009957
1.0313869
1.2987446
0.7116021
0.7975511
0.7610172
0.7396049
0.6278088
0.3839336
0.3691409
0.7509501
0.8495961
0.7354125
0.8991116
0.8693915
0.6033110
0.6435804
1.0454850
0.6577287
0.8428760
1.1973732
0.4957549
0.9830661
0.6667370
0.7467229
1.1154553
0.6897600
1.0026717
0.6636322
0.6922986
0.7849944
0.7846770
0.7763130
1.0468371
0.9895648
1.1544493
1.0246839
0.7494320
0.7553184
0.9377196
0.9467722
0.9820507
0.8368239
0.7830210
1.0032697
0.8683546
1.1434838
0.7188625
0.4899267
0.9657805
0.4037551
0.4685824
0.9704176
0.7407340
0.5049814
0.9244808
0.9102530
0.5154122
0.7740930
1.0727675
0.6954791
0.4045849
0.5809828
0.8329472
0.9413021
0.9298483
0.2469767
0.9579326
0.2673231
0.7959726
0.2904989
0.6963561
0.5672582
0.6579427
0.9579508
1.1587402
1.1072748
0.7779911
0.7212248
0.9561352
0.8029075
0.7622142
1.1213849
1.3567671
1.0917135
1.3597483
0.9658436
1.2435268
1.3860512
1.4408160
1.0284390
0.9517136
1.5194162
1.4647897
0.7935562
0.3334671
0.5674659
1.5433665
1.6829200
0.4273214
1.3739812
0.6502535
0.4910906
0.5619211
1.2946238
1.2060861
1.6038136
1.8738132
1.9931043
1.1169085
1.3019211
2.8428891
1.3275192
1.2352446
1.1076276
1.0083547
0.9994640
0.8605378
1.1602055
1.3845992
1.3773646
1.3389408
2.9592320
1.7753808
0.4699873
0.8702820
4.0806201
0.8471555
0.8479206
0.6381718
0.3870808
0.5715055
0.7867709
1.0567174
0.8752367
2.6714448
1.9866193
1.0701635
1.2968212
3.1613592
2.5607337
0.2506343
3.5540112
1.6918975
0.8892259
1.3918328
1.5499717
1.1468581
0.7539624
0.4139830
1.4991860
1.1394289
2.0344595
0.9106337
2.4000508
1.6128757
1.5734756
1.0580210
1.0979728
1.3029776
0.7106135
1.0325586
0.7794819
0.9348402
0.8046233
1.1498563
2.8464866
2.7257321
2.5979593
1.2353162
1.7000998
0.8102765
0.8885629
1.0815018
1.4126670
0.3520397
1.7022489
2.0123600
0.6508802
1.6928048
1.1860192
1.1335348
1.3224664
1.0718103
0.7647787
1.2276859
0.7434943
1.1906132
0.6633770
0.8375342
0.5406435
0.9362950
0.7988110
0.4603000
1.1190050
0.3077652
0.6289056
0.7825968
0.4293052
0.7031466
0.5717888
0.7980613
0.9007685
0.8603618
0.8216310
0.9446668
0.4003418
0.5160771
0.3085747
0.5759055
0.8736482
0.4628425
0.7386285
0.7245247
1.2669445
1.6021168
0.9557201
0.5458537
1.3772743
1.1808425
1.4594219
0.6018026
0.3022416
0.7384352
1.1391799
0.7048893
1.2103538
1.1091399
0.6100605
1.2459373
0.9768528
1.0645781
1.8651336
1.2415498
0.9144076
0.7822645
0.8446453
1.3359358
1.2131690
1.2433185
1.5346490
1.6415492
0.9782288
1.4031996
1.2942477
1.4621576
0.9924578
0.9668526
1.1187525
0.8898931
1.5549625
0.9923531
1.3859204
0.9122369
1.0938782
0.8346677
0.8362687
0.7147346
0.6277903
1.3439480
1.3466791
0.9067409
1.0204112
0.8143669
0.7812437
1.2236927
0.9744990
1.3666859
1.4646479
1.3914002
1.3678422
0.9964353
0.9676234
1.0857239
0.7965655
1.1996018
0.8519906
0.8064779
1.0986189
1.0193311
1.1640101
1.1067215
1.0761760
0.9956067
1.0163155
0.8139454
0.8347623
1.1062900
1.7408299
1.2425005
1.0330966
1.0641293
1.0841745
1.3125762
1.3051908
1.0662381
0.9387531
1.0880693
0.8312424
0.8834452
0.7824255
0.8799116
0.9049705
0.8975848
0.7394074
0.9006745
0.6124256
0.9731179
0.7145017
0.8215588
0.6802165
0.9706408
1.0076004
0.8697114
0.6754558
0.8411088
0.8117962
0.6291787
1.2511614
0.9013189
1.0367734
0.7057202
0.9097437
0.4817282
0.2586750
0.2010164
0.4360564
0.5295175
0.3262426
0.6290656
0.9483562
1.4641527
0.6260731
1.7500602
0.9024460
0.4810828
0.8282478
0.6891079
0.6920875
0.7272507
0.4631519
0.8125343
0.3998560
0.7477893
0.8576983
0.5146525
0.6848448
0.5962863
0.1944219
0.3879448
0.7622878
0.6229105
1.1028546
0.5460037
0.1762934
0.5378494
0.9377072
0.6582129
0.9380364
0.3160186
0.7232339
0.8951408
0.1832059
0.2827415
0.7108023
0.4190627
0.4595343
0.6318898
0.4709855
0.7232585
0.6390747
0.7994013
0.7674981
1.1308979
1.0665428
0.7890747
0.5345943
0.5485857
1.0496456
1.4685433
0.6991852
0.4692259
1.2568531
0.7495754
0.8379443
1.5040233
1.0702844
1.1871334
0.6120152
0.6714627
0.8671621
0.9318237
1.9556384
0.6552685
1.2148966
0.7267046
1.2373825
0.8606203
0.7285282
1.3641481
0.8436269
0.6177167
1.0050432
0.6464401
0.9643580
1.2025370
0.1817374
1.3212680
1.0527055
1.0773011
0.8665236
0.8724277
1.0738208
0.6653276
0.9980292
1.2333004
0.7500670
1.0340902
1.3306659
0.1559296
0.3324391
1.1994593
0.5469498
0.8430085
0.7776979
0.9415287
1.2295948
0.8156741
1.4094719
1.4190402
1.1445632
0.7080999
0.3695676
0.7516587
0.8737590
0.8710145
1.2347527
0.7363728
0.8982738
1.2332421
0.6718391
0.7062240
0.7553933
1.1968275
0.5975311
0.5963949
1.0750170
0.7296425
1.4853595
1.3688951
0.9772382
1.0887682
0.7997235
1.2080954
0.5953870
0.4153769
0.1462608
1.0655367
0.4942067
0.6934638
0.6040380
1.7779039
1.8753873
1.2444172
1.1393254
0.5639878
1.6976503
1.8488616
0.1074445
1.6884663
1.4393421
0.8588986
0.2076125
1.6260098
1.2786537
1.5461959
0.7223650
1.0728566
0.6592711
1.5453240
0.5277998
0.4760705
0.8913610
1.1272005
0.5323383
0.9151289
0.5700543
0.4169935
0.5401871
0.6031530
0.5896385
1.1895223
0.3636256
0.9429566
0.8947909
0.8305107
0.7359835
0.5285727
0.5215818
0.6595377
0.1004372
0.5651045
1.0326720
0.3320107
1.4810879
1.3905005
0.9617818
1.2908374
0.7513612
0.8399739
1.7140893
1.1050410
0.6989220
1.3784699
1.6783100
1.6570140
0.8430012
0.5865409
0.8013956
0.7110791
0.2335598
1.7764090
1.0024456
1.2654825
0.7329629
1.1546374
0.8809129
1.2170240
0.6922439
0.9592799
0.8461606
1.0956675
0.7166512
0.8798838
0.9309426
0.6927922
0.7545881
0.6374065
0.5233758
0.7472653
0.6230102
0.8849023
0.6001735
1.0194148
1.2903253
0.5229697
0.5617845
1.0589223
0.8149453
0.7581327
0.6676145
1.0296416
0.9704645
1.1937970
0.8332028
0.8473322
0.6484253
0.5429206
0.6354549
0.2638356
0.8803283
0.7618210
0.5892278
0.6153080
0.3885994
0.7690090
0.4840004
0.4001010
0.2672453
0.1082936
0.8773224
0.6230460
0.3613558
1.1490883
0.8606706
1.1051750
0.6858681
0.9671474
0.6257109
0.7368323
1.0599709
0.7946111
0.5363178
0.6247442
0.4474705
0.3634795
0.6129029
0.6885325
0.4957681
0.4651106
0.5354931
0.2886089
0.7293728
1.6512293
0.6154793
1.4076287
0.7127425
0.7239344
1.0176222
0.9709733
0.9054100
0.3323181
0.5334767
0.9056696
1.1255010
0.2957678
0.1239916
0.6418316
0.3054704
0.3691233
0.5248381
0.7816705
0.5637673
0.2456515
1.0412222
0.9406497
0.2918315
0.2072923
0.7544524
0.7332509
0.5277496
1.0365574
0.9628678
0.4833686
1.1471129
0.4872548
0.6932838
0.9077232
1.2057444
1.1849843
0.9423030
1.3397001
0.8490606
0.7768284
1.0538778
1.2138813
0.6577007
1.1941511
1.3992986
1.4653548
1.6756638
1.7163954
1.3462238
2.0585146
1.7379520
1.1532478
1.1465061
0.9579644
1.4183989
0.6935498
0.9860382
0.6925806
1.6559306
0.5987784
1.1861376
0.9648319
1.6296712
0.8799116
0.7183316
0.5686965
1.1471695
0.8998574
0.8816302
0.9940184
0.5360857
1.0965414
0.9937342
0.9217974
0.5136461
0.9682650
1.1483647
1.0091169
0.3119424
0.7197855
0.9035025
1.0703089
0.6257695
0.4714485
0.3562333
0.6350653
0.9803179
0.3677721
0.9277260
0.3392723
1.0160712
0.4075971
1.1178004
0.8249547
0.4808510
0.8207995
0.8515835
0.6107846
0.1898035
0.2796043
0.3015431
0.8436212
0.5218481
0.8633383
0.5574416
0.7082591
1.2913090
1.0421989
0.5225627
0.6274509
0.3595145
0.6237606
0.4423928
0.9325755
0.4999621
0.7260345
0.4388266
0.8908602
1.1586546
0.4652814
0.5787735
0.5797754
0.4260835
0.7012540
1.2982185
0.7633839
0.7220281
0.5911771
0.5514753
0.9590080
0.7172457
1.0066236
0.6791412
0.6510781
0.6304714
0.5585548
0.4522519
0.4149884
0.9221455
0.5171434
0.4557510
1.1430587
0.6945119
0.4698802
1.0800002
1.6300254
1.1524770
0.7942551
0.4413785
1.3447823
0.9342590
0.7528676
1.1171223
0.8580249
0.9148392
0.6887210
0.8469633
0.4318906
1.0872707
0.7551178
0.9418612
1.0579680
1.0157119
0.6551649
0.9222686
0.5379583
0.7416438
0.6478877
0.4157666
0.8579611
0.7234145
0.7140684
0.5881233
0.7615262
0.4349453
0.9393930
0.3762733
0.2427928
0.7493841
0.3261047
0.8121547
0.5737463
0.7151937
1.0246503
0.6927746
1.2519055
0.1379421
0.4532126
0.4459831
0.8499654
0.9138556
0.4726784
0.9906194
0.5886996
0.8560268
0.5175019
0.4358181
0.8962456
0.8060082
0.7991467
0.9349449
0.6526024
0.5483126
0.9008574
0.9567722
0.6449761
1.1072464
0.8184350
0.8196047
0.4122682
0.6216467
1.3222634
0.8442384
1.1639838
1.0793758
0.6969482
0.8177997
0.7879063
0.5217791
0.3133618
0.8452819
0.2076076
0.4083566
0.9705331
0.3329550
1.1626409
1.3048409
0.1730894
0.5011576
0.7511270
1.2549424
0.8500049
0.8207645
0.8588661
0.8964514
1.3642281
0.8753240
1.3786232
1.4925190
1.6204000
1.4875744
1.9504738
1.4294977
1.2927355
1.4766376
1.1133870
1.0883558
1.3822312
0.8495068
0.8151835
1.1116440
0.5468584
0.9614317
0.5314285
0.3100306
0.6985294
0.4432458
0.9879188
0.7890405
0.1758862
0.1300155
0.6956326
0.5838966
0.6824092
0.8215649
0.4489380
0.3275458
0.5573334
0.2870852
0.9521590
0.3500394
0.4976128
0.2283646
0.7796910
0.4885540
0.2510025
0.7221697
1.0930463
0.4847724
0.6802225
0.5308743
0.9010527
0.8554276
0.6693234
0.7950330
0.9958015
0.7156390
0.8817359
0.5615982
0.4696456
0.7551470
1.5633485
0.4385536
0.5285932
0.4267228
0.7233293
0.3282570
0.2258484
0.9457552
0.6334408
0.9813178
1.0673652
1.2527849
0.8650349
1.7420665
1.8179417
1.1898619
0.9919891
0.7228022
1.1624690
0.5664175
0.1230589
1.5131535
1.2088590
1.3450416
1.5284257
0.7998847
1.3075588
1.6685259
1.7736550
1.3078595
2.2126976
1.0302068
1.6501164
1.0538920
0.6925016
1.7374233
1.0451997
0.3484371
1.8619344
1.5457083
0.8841293
2.2483777
1.1459324
1.4399895
1.1727378
1.3841414
0.9809803
1.2723719
1.3507971
1.7697524
2.9305139
2.2454281
2.9335643
2.3575220
1.9882414
1.8859906
1.9045280
1.5113965
0.7759774
0.9749499
0.9504409
0.8864383
0.6680577
1.4967788
1.7278516
1.4348542
1.0415342
1.6150419
2.4766115
0.4485659
0.5648848
0.5289908
1.7647875
0.8812179
0.6238539
1.0283269
1.2599624
1.1087753
1.0595315
1.8552848
0.7354328
0.9123424
1.2377382
1.8393110
1.3724353
0.7824541
1.7838332
0.6511428
0.2790929
0.7926625
1.3967205
1.7449437
2.3942959
1.2530903
1.2417845
1.8852013
0.4110353
0.8346760
1.1961493
2.2520357
0.9220313
1.4928527
0.9844536
2.3189040
0.4164710
1.6864326
1.4409955
1.2270723
1.0230301
1.0410053
0.8614271
0.9454406
0.4784924
0.8477892
1.3149287
1.1617774
1.5807261
0.4485701
1.2006736
0.5013734
0.3165379
1.2323395
0.3783435
0.6636836
1.0426121
0.3998890
0.5248843
0.5847152
0.8296810
0.6291981
0.5749437
0.4162089
1.6982915
2.1227555
0.5796439
0.9877073
0.3591571
0.0725478
0.7594243
0.6953649
0.8148814
0.8165595
0.9119054
1.8673351
0.6912502
1.7559972
0.3983434
2.5810177
1.4471367
1.5501873
0.8630887
1.6443868
2.2833107
1.0580045
1.7954374
1.6845564
1.1806842
1.7266306
0.9401799
0.6477703
1.7892136
1.6622090
1.1147021
0.8246947
1.4124979
0.9093397
1.1999916
0.5734961
1.0408962
0.5153722
0.5914750
0.3971644
1.2405670
1.0713165
0.9511975
0.6501451
1.3960178
0.7245918
1.7687956
0.9088768
0.7507073
1.1349696
1.6984275
1.5751885
0.9685344
1.3405129
2.0362340
0.3481545
0.6432730
0.9869646
0.7493309
1.1154140
0.4385520
0.7814494
0.6698738
0.5876929
1.0861983
0.7085259
0.4069994
0.6156539
0.7997856
0.7056156
0.7491241
1.2134769
1.9136442
1.4208651
1.0134170
0.5949287
1.5380867
0.9172912
0.5506339
1.4957049
0.9156166
1.0149573
0.4066028
0.7719677
0.6630088
0.5990359
0.7126439
0.7129374
1.1887108
0.6002323
0.8450099
0.6243953
0.4837682
1.4441553
1.0037671
0.6841531
0.5481589
0.2119010
1.1088798
0.9406842
0.7114409
0.7060259
0.7446948
0.3930416
0.6181108
1.1080989
0.7117749
0.5489348
1.0313220
0.5516282
0.7590193
0.7098320
0.6376464
1.0728263
0.5047944
1.1852287
0.5249125
0.4433173
0.5946007
0.6475574
1.1723181
0.6734838
0.5137477
0.6900864
0.6805759
1.7791866
1.2427219
0.6362599
0.1564084
0.8176969
1.1080296
1.3750928
0.9929107
0.6453433
0.3952841
0.7457533
0.3364496
1.0032813
1.2168699
0.7463214
0.8010948
1.0254425
1.8252154
1.9774465
1.5538719
1.7471883
1.2915903
1.2760803
2.0821973
1.6495911
1.5172711
0.8843708
1.5143429
1.8094624
1.9824683
0.8449888
0.8048227
2.0783866
1.4986080
1.9027226
1.4366612
2.2929210
1.6365714
1.6795856
1.7339903
2.2570407
1.3244414
1.8198401
2.6936865
2.0805207
2.5582843
3.5077704
2.5351696
1.8012981
1.8561024
2.5152847
3.4308753
2.8568107
2.2379678
2.1952007
2.4806158
2.7272685
2.8605594
2.8142358
2.1369705
2.6758789
3.1476486
2.8393410
2.6100385
2.4779239
2.0418368
2.2891725
2.5290938
2.0967776
2.2982551
1.6626819
2.4673153
2.3721835
2.0425661
2.5527725
1.3719733
3.0941971
1.7937356
2.1546746
2.7709183
1.9153840
2.3494135
1.8715153
1.6606648
1.6176310
1.6409094
2.2965768
1.9894495
2.1461267
2.3949324
1.8462461
2.1606810
1.6407886
0.6693540
2.0208845
1.6867068
1.8725405
1.1482385
1.7386748
1.5203258
1.1585500
1.4534994
1.4648448
1.2562649
1.0130203
0.9718334
0.5585797
0.7705112
0.4553878
1.5761478
1.5250056
0.3858399
0.6877206
1.0398893
1.4049262
1.2941306
0.3730130
0.6119560
0.6016886
1.2751847
1.2780213
1.1685050
0.7903827
0.8327340
1.3050930
0.4977114
0.7795265
1.0452025
1.1194323
0.9890737
0.9438067
1.4404815
0.5964521
0.5886416
1.5929180
0.7038380
0.3420494
0.7212305
0.7481240
0.6854188
0.5383196
0.7462638
0.5960261
0.4525672
0.9285295
0.7087652
0.3886755
0.5685750
0.5728102
0.8818271
1.1201439
1.1655166
0.5972325
1.3832247
0.9259350
0.6704878
1.2972526
1.0052726
0.6185496
0.6205725
1.0676207
0.4465109
1.5408736
0.7822399
0.5423014
1.4078691
0.4522164
1.0028610
1.7516470
1.0964924
1.3359096
0.9911351
0.3519922
1.7161600
1.1018726
0.4999553
0.7719933
1.6967027
1.1433288
0.9354919
1.7241536
0.6651381
0.8964054
0.7655075
1.1545031
1.1802570
1.0930776
0.5705942
0.9954720
0.8466135
0.8502345
1.1714719
0.9406886
1.5744859
0.9019412
0.5772686
0.8807151
1.1446561
1.2737016
0.6217271
0.4827897
0.9567000
0.5771741
0.7708302
0.6799418
0.7817557
0.5406904
0.1791507
0.6698783
0.2713399
1.3902246
1.2992991
0.8788011
0.3157385
0.5549322
1.6099701
0.3717568
1.5961706
0.5672767
0.9395006
1.0602328
1.1684430
0.9661451
0.9798566
1.0094723
0.9960260
0.7211913
0.6720862
0.3691870
0.8129837
0.5111164
0.6046116
0.8018836
0.9312644
1.3620000
1.0672532
0.5488904
0.8532112
0.5158442
0.4887320
1.1267082
0.8613199
0.7834531
0.5388626
0.3068956
0.4866779
0.5691673
0.5099294
0.6904762
0.8802947
0.9428106
1.3128769
0.3084539
0.9253367
0.6888536
0.4515962
1.2181825
0.6905010
0.5918549
0.7563889
0.5920190
1.6165370
0.7272416
0.4024025
0.5118456
1.3701635
0.5472196
0.6346817
1.1160977
0.8384076
0.8622340
0.6079143
0.4706955
0.8183402
0.4723596
0.8904775
1.3484169
0.8082853
0.5073283
1.3016400
1.5076248
1.7386728
0.9133969
0.2972331
0.8476111
1.0015826
2.3527121
0.8155962
1.6479282
0.6760808
1.0167495
1.0610594
0.9163166
1.4285893
0.6074311
0.8516636
1.4481703
2.0082891
1.6930999
1.0884410
0.9390319
1.0616349
0.4819940
1.0704714
1.1139298
0.3337680
0.8556916
1.2262599
0.7183083
0.5677578
1.4584065
1.2349324
2.3834368
0.3898114
0.9253907
0.7295474
0.3863472
0.6943756
0.3741431
0.3673621
0.9320611
0.2101726
0.3557816
0.9675079
0.5842499
1.2463259
0.6685340
0.8302407
0.8651992
1.3177005
0.4323158
0.7129758
0.5671694
0.9153556
0.9753021
0.2998177
0.6622437
0.2608666
0.4747947
0.7928502
0.5280098
0.7350638
0.8164145
1.3117992
1.5511193
0.8437243
0.9255499
1.1681880
1.4177219
0.5691575
1.4127676
0.9381450
0.4484907
0.5074394
1.1582808
0.2376289
0.8757739
0.6130661
1.1620006
0.1515267
1.2925800
0.4196402
0.7567776
0.9953525
1.1098500
0.9257413
1.3622408
1.0739280
0.7343145
1.0083551
0.6432970
0.5686540
1.0912802
0.4634891
0.3172858
1.2088667
0.6682916
1.2265860
0.4271463
0.5783316
0.5909435
1.0493631
0.5439372
0.7528063
1.1482961
0.9540007
0.4826374
0.6198097
0.7008364
0.9569280
0.6270351
0.5100220
0.8241548
1.0525042
0.6593207
0.8982802
0.3109623
0.4648975
0.1376511
0.2790057
1.1739192
0.4734022
0.2565883
0.9620093
0.7250517
0.8788664
0.4646978
0.8673513
0.9426762
0.4941451
0.4668710
0.8065460
0.8021619
1.1010425
0.8460849
0.5574523
0.8488243
0.7523638
0.6295553
0.5672340
1.1177538
0.2826317
0.1768621
0.4770426
0.6173669
0.5186250
0.3239251
0.9347181
1.0528870
0.6537361
0.2281159
0.9889515
1.0425717
0.4361920
0.8567293
0.3803748
0.7144652
0.7118210
1.0059033
1.5578065
0.8611993
0.4909690
0.7614499
0.4407421
0.5683093
0.5189711
0.5198241
0.7417352
0.5076064
0.6290787
0.6477361
0.3813545
1.1722849
0.6119341
0.5723840
0.9366791
0.2832728
0.6467124
0.4896209
0.8421201
0.7423710
0.4476724
0.4311140
1.0292559
0.6712858
0.0979919
0.6852566
1.1167126
0.4057317
0.6851138
0.3783219
0.9247687
0.1914696
0.8352642
0.3552293
0.5999896
1.1958980
0.5000543
1.5490837
0.2167850
1.7282931
0.8903940
0.4968754
0.7314902
0.6638103
0.6795774
1.1126145
0.2049987
1.2659323
1.5287811
1.6592888
1.9920233
1.1758593
1.1928242
1.2211888
1.7370428
0.9190314
0.6313619
0.8509101
0.5572695
1.1175324
0.9726860
0.8405432
0.7456528
1.1306859
0.6094755
0.4985063
0.7552485
1.2196533
1.0427675
0.6577002
0.9566112
0.8511736
0.6660710
1.7258589
0.6117387
0.9420636
0.9128766
1.2619223
1.4366123
1.2216100
1.0559116
0.2953857
0.4868458
3.6355996
1.2289741
0.9971366
1.2566012
0.7753858
0.7564317
1.3656742
0.7861973
1.6863206
1.6013301
1.4513311
1.7063832
2.2107274
1.3406765
1.5722573
0.9027087
1.3606401
1.3466146
0.7615385
1.0169134
0.8618034
1.1968276
0.7316288
1.1333059
1.5799715
0.8571685
1.0393917
1.3801208
0.6041436
1.0427362
2.0828198
0.6036819
1.4271395
1.0591419
1.2515418
0.8807519
0.7940219
1.0831253
1.0484731
1.6006164
0.9549255
0.6545399
0.7472215
0.9984044
0.6110322
0.4816659
1.4690969
1.6600748
0.2829621
0.7811128
1.0227904
0.4451355
0.3624906
0.9887725
0.7830906
0.8294613
0.7463997
0.6948413
0.7420039
0.3425406
0.7917757
1.0013748
1.0292800
0.7418203
0.7883963
0.5302184
0.5429793
1.0431388
0.9097454
0.6354165
0.8390043
0.7079088
0.9429337
0.7167325
1.0602688
0.6037860
0.8907497
1.1642764
1.3605053
1.0193817
0.7177607
0.8347914
0.9385473
0.3697743
0.4871422
0.8176253
0.7404920
1.0405333
0.7372645
0.8455996
1.6977739
1.1608900
1.1340981
1.0040701
0.6947601
1.4133547
0.7946133
0.6801819
0.6473988
0.2674695
0.5626161
1.1990513
1.0256139
1.3675285
1.0378195
0.8000597
1.1193884
0.3830494
0.4422743
0.8477434
0.6644214
0.5454028
0.8828353
1.5430039
0.7561850
0.6464594
0.3452992
0.8858484
1.0284665
0.4257552
0.9813109
0.8558182
1.2424903
0.5650680
1.1766552
1.2751086
0.9270073
1.3293834
0.7701975
0.5345326
0.5569419
1.4277410
0.7554917
0.4159688
1.1397574
0.8017434
1.1863687
0.5456853
1.4013183
1.4118667
0.6205092
1.3780337
0.6681951
1.0627892
1.3425402
0.8892359
1.0829626
1.8683094
1.3227491
1.0959309
0.7239759
0.7970246
1.0720496
0.8588102
0.2186400
0.9896291
0.8326604
0.5486812
0.9256269
0.8218413
0.5018688
0.7569042
1.0333635
0.7862783
1.1834059
0.5202497
0.5946701
1.1506062
0.8414211
0.8755054
0.7490315
0.3661948
0.4034840
0.7229763
1.1260828
0.4239386
0.7521498
0.2980271
0.6438145
0.3612139
1.0943084
0.6021541
0.2162843
0.1768387
0.5084866
0.4291539
0.2814672
0.7009719
0.6573293
1.0985353
0.5421376
0.7808038
0.7057609
0.4010635
0.7519036
0.6523672
0.5262931
0.3017810
0.7263907
0.9198293
0.4604186
0.6464227
0.7733692
1.4580302
0.5882944
1.3473208
0.8826245
0.6107149
0.6880878
0.6180665
0.4489566
1.0354325
0.5526241
1.3355365
0.2367942
1.6657344
0.9740361
1.3409558
0.3069593
0.3092310
0.5112183
0.8525341
0.4100297
0.8450145
0.8433162
1.1096883
1.0709675
1.8751930
0.7880959
0.6694483
0.9675438
1.2567310
1.5160286
1.0932687
1.5261728
0.6715535
0.8218440
1.5051440
0.7245955
0.6411052
1.9540932
0.6424706
0.8231020
0.9480705
1.1243854
0.7806942
0.8080495
0.6687872
0.7270780
0.5426453
0.9067371
1.0420529
0.4457180
0.5275145
0.8236281
0.6571219
0.3586535
0.2710185
0.3926399
0.5748693
0.4609984
0.5688514
0.6279771
1.0039411
0.7788480
0.5182091
0.9668382
0.6472623
0.6913108
0.7050438
0.3594353
0.5085603
0.7900874
0.6529607
0.5221150
0.2192516
0.5883666
1.2249232
0.7189324
1.0207014
0.7526533
0.2603553
0.4866177
0.8738454
0.8949117
0.3890283
0.4334884
0.5822532
0.7976241
0.5589996
0.4667267
0.3166195
0.5662496
0.5769194
0.8903171
0.8415621
0.6044815
0.8933310
0.7178350
0.2589566
0.2815376
0.8517000
0.5595306
0.5780099
0.6397503
0.9420379
0.7289972
0.5145133
1.0599068
0.8211525
0.1401700
0.3348928
0.9670689
0.7951090
0.7626162
1.0155641
0.9725864
0.8421171
0.5403278
1.0372038
1.1550597
1.0561700
0.9687200
1.0611255
0.8319687
1.2715792
0.6753143
0.2890741
0.7049618
0.7566280
1.1334851
0.6238684
0.4687374
0.2452986
0.3310344
0.3634319
0.4825302
0.6923643
0.6413744
0.5340915
0.6049479
0.3875852
0.2561079
0.8762807
1.0651478
0.4180951
0.3304668
0.6521755
0.9498342
0.9596241
0.4533920
0.6181694
0.2933985
0.2570015
0.4117153
0.8320925
1.1440127
0.6587290
1.3251752
0.3639277
0.5544625
0.2030215
0.7182414
0.4214946
0.6814442
0.4574512
0.4625222
0.5819267
0.4734426
1.1598209
0.4770975
0.3361214
0.7909479
0.6683794
0.5037078
1.0036960
0.2540243
1.2817876
0.7501998
0.4390815
0.9115521
0.6247740
1.5801109
0.6599860
1.4535660
1.4965137
0.7137107
0.9659703
1.0778497
0.5876459
0.6264018
1.3310634
0.9317849
0.3391195
0.6875912
0.5788568
1.0156347
0.9202348
1.4250726
1.0813976
1.3902661
1.2323266
1.6870154
1.6903719
1.5483576
1.7031402
0.9877358
0.5044546
1.3404496
0.8286362
0.7993951
0.4978788
0.7091682
1.4160819
0.5934198
1.1965561
0.4996462
0.4592532
1.0267253
0.8255135
0.6838062
1.0454516
0.8103334
0.4970994
0.8256560
0.7911706
0.5080276
1.1415410
0.4666580
0.5520270
0.7830014
0.4317927
0.7047017
1.0527505
0.1185673
0.6118706
0.2167111
0.6097815
0.5269135
0.6215863
0.4031119
0.3378175
0.5638624
0.8776831
0.6601365
0.2368085
0.4344822
0.3159264
0.8333626
0.3309331
0.3611583
0.4681173
0.5056597
0.6947524
0.6780702
1.0805770
0.9209201
0.3253764
0.7428168
0.6937851
1.1043717
0.9477628
0.4269824
0.8746865
0.2846073
0.4566019
0.2339066
0.4572582
0.9836108
0.3708273
0.3481575
0.4861873
0.5772093
0.5564662
0.6805614
0.3712287
0.4796085
0.8559907
0.2428591
0.2018312
0.4339541
0.1543527
0.4776027
0.3510953
0.5299183
0.6615960
0.4226863
0.2982593
0.3145996
0.7274664
0.5023491
0.3347558
0.4425984
0.9056242
0.7592609
0.6086616
0.8239090
0.4422826
0.5695636
1.0098525
0.6888532
0.9483328
1.0016414
0.9646669
1.2186375
1.2312527
0.8070177
0.7800717
1.0176647
0.9364374
0.7029600
0.5796262
0.5399284
0.7251949
0.3768302
0.9327436
0.8297389
0.4039453
0.8693852
0.6626446
0.3055184
0.8752437
0.8319257
0.5422462
0.6279192
0.7466157
0.2888188
0.8827965
0.4071290
0.5509763
1.2024408
0.7378141
0.7757242
0.5629181
0.8951692
0.4805967
0.6037603
0.6454473
0.9825480
0.5255868
0.7472124
0.2740591
0.7069297
0.8399853
1.0594873
1.0180192
0.3845677
1.0973891
0.7179417
0.6951314
0.7056500
0.7665282
0.9201980
0.7760180
0.9603948
0.2356330
0.6581159
0.3032154
0.9689986
0.7597728
0.7642803
0.7896030
0.5333448
0.4908943
0.9595164
0.8422497
1.0645536
0.1959586
0.5044832
0.5137752
0.4479964
1.0738905
0.4609951
0.5151023
0.6111574
0.5361200
1.0727030
1.0965735
0.9755232
0.9058050
0.4999595
0.8600728
0.8921902
0.9325340
1.0646286
0.9854527
0.9159171
1.1229596
0.5110383
0.8161388
1.0591888
0.9893857
0.7149120
0.7072005
1.1300460
0.6636425
0.8960497
0.8923899
0.4798025
1.2621493
0.4579525
0.5586931
0.4129163
0.6917035
0.4605357
0.6748718
0.2076973
0.5281623
0.8996460
0.6376880
0.6084435
1.1659205
0.9994843
0.5284034
0.5818860
0.4955344
0.9127207
1.0108578
0.6197472
0.7782613
0.3776079
0.9342080
0.8028583
1.1738864
0.9591258
0.9357961
1.2158000
0.5888898
0.8125315
0.8831672
0.4752425
0.7686490
1.1672515
0.4159366
0.4695444
0.6546565
0.7133299
0.5048348
0.6494748
0.4172805
0.8187745
0.2915393
0.5959349
0.2793936
0.8898915
0.5659240
0.8469765
0.8582650
0.3649694
0.5796692
0.4721614
0.0470286
0.7604416
0.2333061
0.4681171
0.5841257
0.7401051
0.3765087
0.5107095
0.9044026
0.3652348
0.9434816
0.8542769
0.5566036
0.7987573
0.5452008
0.3571848
0.2789854
0.4036146
0.4092013
0.5480084
0.3788071
0.7342363
0.7560283
0.4261293
0.1887322
0.2945147
0.1496533
0.5249004
0.5398384
0.6159919
0.2325877
0.3702926
0.8510590
0.2639462
0.3538071
0.3137970
0.4337944
0.2962963
0.4230159
0.4345704
0.8136494
0.4293042
0.3173265
0.3692197
0.2305958
0.4882043
0.8701120
0.8944718
0.5188420
0.5514166
0.3912367
0.1911282
0.0971259
0.6513587
0.8656858
0.7966077
0.5903198
0.3270420
0.7874297
0.5363032
0.3610658
0.1715857
0.2587378
0.2355067
0.6416479
0.8862281
0.7218917
0.1594074
0.2964260
0.7352287
0.4634120
0.4783591
0.2505032
0.6442028
0.6329680
0.8442135
0.2979018
0.5143035
0.2582487
0.3296383
0.2350925
0.7116576
0.1686204
0.5755587
0.0916295
0.6106593
0.4803104
0.5975277
0.7436201
0.5467119
0.3231651
0.2115243
0.5619593
0.6685455
0.5497879
0.6711404
0.4936662
0.6873238
1.1313000
0.5541025
0.7406454
0.3852684
0.2053611
0.8523768
1.2146801
0.6970056
0.7191470
1.2750006
1.3786289
1.5423845
1.2192934
1.0584068
0.5017358
0.8077261
0.7093206
0.5568917
1.1066500
0.5746940
1.0090472
0.6426703
0.6174307
1.4438986
0.4212392
1.1317694
1.0146629
1.5842685
1.8621277
2.1683601
1.5474085
1.8409444
1.0090225
1.9209875
1.0356821
0.9445882
1.3953826
1.4823722
1.8021408
0.6237067
1.6171318
1.9563224
0.5952438
2.6820812
0.7481791
2.2225556
1.8655480
2.1299042
2.9062650
2.3939369
1.7169215
1.6916621
1.0035343
1.5058329
1.5653512
1.3678221
1.1907677
0.8163995
1.4166909
1.2816706
0.9584205
1.0180702
0.9240942
1.3310354
1.4433373
0.7422320
1.4555474
1.0945230
1.5813927
1.7296254
1.4702713
1.6963478
1.4758448
1.8249478
2.2948489
1.8248743
2.0346169
2.1360279
1.8895688
1.7467788
2.0921940
1.7640672
1.4129943
1.1430932
1.1976202
1.3304237
1.4765967
1.0001761
1.4527663
1.9023606
1.2597215
1.2170170
1.2472926
1.4892591
1.1539208
2.0443618
1.6367708
1.2954347
1.7117503
1.9227123
1.2830982
1.0492024
0.7885452
1.6645919
1.3883775
1.3522027
1.6831743
2.9496649
0.6336315
1.1387550
2.1592103
0.9134390
1.7960548
0.5520897
1.4306000
0.8176853
1.7629525
2.0003935
1.0331638
1.7431304
2.6073151
1.4771478
1.9786761
2.8334214
2.0621960
2.2058228
2.1751739
3.5834156
3.7078184
1.9762072
1.6183847
2.9681543
3.9748156
2.6628093
1.7905484
2.2013153
2.0168832
2.2589673
1.7022339
3.2169173
2.2672565
2.8736275
1.7719117
1.8100729
2.9394351
2.6227756
2.7480447
3.0059415
1.8900456
1.8189684
2.7475443
3.2978415
2.6139367
3.4862918
2.3511077
4.3531991
1.8375127
2.0488113
2.4497314
0.4852439
1.8172324
2.3128918
3.2006059
2.8693829
2.8803963
3.2689134
1.8865626
3.8416849
4.3283731
1.5980808
0.6128590
2.1353541
1.7050829
1.4365585
2.3750822
0.9770436
2.5044982
1.0970216
1.6855529
1.8121814
2.9416086
1.7356504
2.0547118
1.5420686
1.8347701
4.2164261
3.6480124
1.7665896
0.3324032
2.4799362
1.2339624
1.9203740
1.3300581
1.8632381
1.4841071
2.0538790
2.0414389
2.4801169
2.1963923
1.6954594
1.8581263
3.6114661
2.4013547
1.3821647
1.9555343
1.8087847
1.4135584
2.7805033
3.2431351
3.3311819
1.1323173
1.6213209
2.5690662
1.8403989
2.8878543
2.1973619
3.0738155
1.5691687
1.5398345
3.5803597
1.5250741
1.4026724
2.9238234
2.4572032
1.4560257
0.9006862
1.5076498
2.0691649
1.6421382
1.4314813
2.0618682
4.3500473
2.5368068
3.1687912
2.9084035
2.7620614
2.6722618
2.1003149
2.4547764
1.4003914
2.7254445
5.3164331
1.9253558
4.1020401
1.2378969
2.4066444
1.5527089
0.9481471
1.0399500
1.5595542
2.2940535
3.8412021
2.0532522
1.0476803
1.5022021
1.0561563
1.5319327
1.7126037
1.3249320
1.7628403
1.7572155
1.7703250
2.6016872
1.1219302
1.5028218
0.7263911
1.7042231
2.3858365
0.7397051
1.7273608
2.8173612
1.4378329
1.3032215
1.3984272
2.1384215
2.5375640
1.2037279
0.4260334
1.9917803
0.6307242
1.8953047
1.6242917
1.3486071
1.4710260
2.3081718
1.4994455
3.3176472
2.3249433
2.2004375
1.7297535
1.1971864
1.7830669
1.1029089
0.2747204
1.1363578
1.9677500
0.9676257
2.1675322
2.1568118
2.0214377
0.7417826
2.1638031
2.1881735
0.8096494
1.6601426
0.6629111
1.8470892
1.5264938
1.3020421
1.2582020
1.3326171
0.7083408
2.2847496
2.0631344
1.2045413
1.2188188
2.3310308
0.4909161
0.4524150
1.1075790
1.8969258
1.3512915
1.8564669
2.0524116
0.6400049
1.7642238
2.1184775
1.9142915
2.0461983
1.9784235
0.8339117
1.2109924
1.4233551
2.1071064
1.4880904
1.8143038
1.1487102
1.2498327
1.8404643
1.0677519
2.0280252
2.1070095
2.1342253
1.4094743
1.5565390
1.9360866
1.2475925
1.6222331
2.9199701
1.9409582
1.8896457
2.1285379
1.7948300
3.6622435
3.2789345
3.2360415
2.6290506
1.8432581
2.9731341
2.6090533
2.6599014
2.1799717
3.3367461
2.5824328
4.4628798
2.8031637
2.9293920
4.8820539
5.0742349
3.9655628
3.4826401
2.5781945
2.1078769
3.7377109
3.5468488
3.7269584
3.0308206
2.4793176
1.9290808
3.8160887
1.5651658
2.3835379
1.7196037
1.2987780
2.9710702
3.5646015
1.6278269
1.9481005
1.0182123
1.1688656
2.2184042
1.5869439
1.5014516
0.8090239
1.1260652
1.2372948
1.1799434
2.2871261
0.5773486
0.7373756
0.4216878
0.8721507
1.0930060
0.6881312
1.4036162
1.1892836
1.3851430
0.8492749
1.8542383
0.9488869
0.4644063
1.1569115
0.6932354
1.0095693
1.8664049
1.7155293
1.6301260
1.5735800
1.3467102
1.1241240
0.9205558
1.9413680
1.4392166
1.1682379
0.9598093
0.8131556
1.3993583
0.9388333
1.5655486
1.1475215
0.9848847
0.5288084
1.3905859
1.2476780
1.2028838
0.7807796
0.9178334
0.7937495
1.6829839
2.4460616
1.5973626
1.0746975
2.1917642
2.0305127
1.7320859
2.6117899
1.0855528
0.6841422
1.1010147
0.4478556
0.6018975
1.2665954
1.0226650
1.2302485
1.9835958
1.0948247
2.0158509
1.0846120
1.6378573
1.2794410
1.2833192
1.2267407
1.1685090
1.9921296
1.0792713
3.0349196
0.6737920
1.8427701
1.9294714
3.9475406
2.7588373
2.3980007
2.2532639
0.4205834
2.3258568
2.3082468
1.0519467
1.9015814
2.5888685
0.5743627
2.1072253
1.9906247
0.6465401
1.7213475
1.2813215
2.8559806
1.9716598
2.4573373
2.1150418
2.3527799
1.0517096
0.7399770
0.8732181
1.1255814
1.4874653
1.8392071
1.7969357
0.6302484
1.2446241
2.8363879
1.5169260
2.1438393
1.7923728
1.8996343
1.9982431
1.3097388
1.3121534
1.9267428
0.8886516
1.2466333
2.4275143
0.9435000
2.2603747
0.8165743
1.9767603
1.2578496
1.5953886
1.3650990
1.4602962
0.8553103
1.8770268
1.1125537
1.2813558
1.5666276
1.4901677
0.9957873
1.1930200
0.3169929
3.2476335
1.5057369
1.1828090
2.2594398
2.6881643
1.8719867
4.3742429
2.4740842
1.4916862
1.8797901
1.9751812
0.9506022
1.4734412
0.7480163
1.1752877
3.7958828
2.9390470
0.9225115
1.6116873
0.9582557
3.9000660
2.2719510
0.7434957
1.0289484
2.0394676
1.6872583
2.1260645
0.8222204
1.0852010
1.4692375
3.6795534
0.9976928
1.8164488
2.9487913
2.4965854
0.2043987
3.6323026
1.7680958
2.3433420
1.5989101
2.6595977
2.2954432
1.4486028
1.0899428
2.2901371
1.9710634
0.6957410
1.9095384
2.0286412
2.4857556
3.4075580
4.7992373
3.3060390
2.8925288
1.6320047
1.5828226
1.2667782
2.7101379
9.3208749
3.2958337
2.6830040
4.2645478
1.9821367
3.5220010
2.5503790
2.5108701
2.8856616
3.1428148
2.7052579
1.4016894
5.5626009
3.2514419
1.4315541
1.0227926
3.2371019
1.4951353
1.0368574
2.6430998
1.7364859
1.9588659
2.2571469
2.6309985
3.3207895
2.5547103
2.4802219
1.2755159
1.5412575
1.0002538
0.8292562
0.9716421
1.1867458
2.0176232
1.7047637
1.0286319
3.0116211
2.1374358
1.2464882
5.8127919
3.2028152
1.9181408
3.3014677
0.9758781
1.3435752
1.5967780
1.8642457
1.8282195
1.0306762
0.5340904
3.1193413
1.9494682
0.2031162
0.5150430
0.6391292
3.8461709
0.6451868
1.3650560
1.6042711
2.9115771
2.0472115
1.3611038
1.8047895
2.2521999
3.1485022
3.7485902
2.5767906
2.7129299
1.2743631
1.4008534
7.0059540
3.6676783
2.4466442
5.4101540
1.9392558
0.8531928
2.6307805
2.1719834
3.0069957
1.4210278
3.0897231
1.5644828
1.7124294
0.4491195
3.0411446
0.3268346
1.7148877
0.4126431
1.8361574
0.3666319
0.6681731
0.8217423
1.3062268
1.0885271
2.2045876
0.6595519
0.8904966
1.9104938
0.9795326
1.0020832
0.4277194
3.9284678
1.1354323
3.5658493
2.6518243
2.5584738
2.2105937
2.1036402
0.8835715
0.5848612
1.9567144
1.0032818
2.4605698
1.1834034
1.2629780
1.5586191
1.0559193
1.0446995
1.0668974
1.0584826
0.9367570
1.3967859
1.3725447
0.5391835
1.2041920
1.2507718
2.1759008
3.0931563
1.5458230
0.9055371
0.5514883
0.8199153
1.0018886
2.0096767
1.6845577
1.5964482
0.7165066
0.7517851
0.9261497
1.4892527
1.3349210
0.6921949
1.1755896
0.5479553
1.9558925
1.4892632
0.7346028
1.6485226
0.7469110
0.4584963
0.6100627
0.8417196
0.2291748
2.8437463
0.7557057
0.9555451
1.2289483
1.2397545
1.3575786
1.0383094
1.2098940
2.8661087
1.8256040
0.8943260
1.5245065
1.7184136
1.0001498
0.4018842
0.6600661
0.6867645
1.1399567
0.9883583
1.7830031
0.9121665
2.5089382
1.5260285
2.4405572
1.8952192
2.7038388
2.1082200
1.2072730
1.4404980
1.9603508
0.3642493
1.5472352
1.9885634
1.3032038
0.8833890
1.8030879
0.2036835
1.1773597
1.2656767
1.3834173
1.0393186
0.7884598
0.6512069
0.5542304
3.3559774
3.1458930
0.8348766
1.1843839
2.3037613
1.4987728
0.2402788
0.7016995
0.7696137
1.9659652
2.3195465
0.9066679
3.7283587
2.0523772
2.3435851
1.7252442
1.6179223
0.6099694
1.4138682
2.8021973
0.9010484
1.0214066
1.8529489
0.5155605
1.2092142
0.9987699
0.8115138
0.6521288
0.7019857
0.7689147
1.1816620
1.0902379
1.5318489
3.0480148
1.2251874
0.5267817
0.5686979
2.2002432
1.6755229
0.7668987
2.1994110
0.9050786
1.0854732
1.1906800
1.4036410
1.1271059
0.8137893
0.8884278
1.0335872
1.9766301
0.9433860
1.1597003
1.8327181
0.4505051
2.2667453
1.5728658
2.0347617
0.9222116
0.8836824
0.7581028
1.4135336
0.9345172
4.0966560
3.8661340
2.2168958
0.8513281
0.6037554
1.8507026
1.0004261
1.6095159
1.8148219
2.4202285
2.7657994
1.1949680
1.4319552
1.9760027
1.6704776
2.5761203
2.3330753
1.7146128
1.5553109
3.0746297
2.2361969
4.0133311
0.7311965
2.2792651
1.6235370
2.9017404
1.3231959
2.2479214
0.8819670
1.9914023
2.5281869
1.8903134
2.3178601
2.2189047
2.2631702
1.3676511
1.5351540
1.2341195
1.3990689
1.2618273
2.4210369
1.1225645
2.4417737
1.6978516
1.0925854
1.7157652
1.5879004
2.3658139
2.3988732
1.7784016
1.0732206
1.2552936
2.2354780
0.1852513
2.5481894
1.9817198
2.5481540
2.1180712
4.1222206
3.0829568
1.2534414
1.8883460
1.7615583
1.8050660
2.6113430
3.2962080
2.2122570
1.6899391
1.2833031
2.4871624
0.9631250
2.9158949
2.3616722
1.6749844
1.5442614
1.8185557
3.7265370
2.5681886
1.7884723
1.8423460
2.6719787
1.3887630
0.7106656
1.8963925
0.8536638
1.5036420
2.5662635
1.4346202
1.4844770
1.0037541
1.5032551
1.2361880
0.3597097
1.4051334
0.3280839
0.7720289
1.2120007
0.9298620
0.4768118
0.9921976
1.2532126
0.9225689
0.8151802
1.0220595
1.0597344
0.7352590
1.2784024
1.0650378
1.2098655
1.1997876
1.2836319
1.0502068
0.7345683
0.8139951
0.2075485
0.4459833
0.7287392
0.6145091
1.5517181
0.7762537
0.7805761
1.2919301
0.8826110
1.3576750
2.0805089
0.5402736
1.0496490
0.8532897
0.8842970
0.9588721
0.8048885
0.8959191
0.7712834
0.4832558
1.1167549
0.4623752
1.5579307
1.2137781
0.6841047
0.6214024
0.7650449
1.2256332
0.4810915
1.2452806
0.7120876
1.5781156
0.7403105
0.9255858
1.1831153
0.9731613
0.9677063
1.3351045
0.8693599
0.8842107
1.1027718
0.6175641
0.8305114
0.7459208
0.9072514
1.3219656
0.5361312
0.9697017
1.3790205
1.4041275
1.1686745
0.4087478
1.0859288
1.0633532
0.7361824
1.7164250
1.5831535
1.0609736
0.6934013
0.8759700
1.2423643
1.3087792
1.4262343
1.0288763
1.7159363
0.6154433
1.2630997
1.3642692
0.8175927
0.7734246
0.9841502
1.0195382
1.2275658
0.8602952
0.4300217
1.0083368
0.6291153
0.8849667
0.2200888
1.3217502
0.9814256
1.3817392
0.8886800
1.4242461
0.6854940
1.4776465
1.3975215
1.2943165
1.5036128
0.6203136
1.6710634
0.9955153
1.4566756
0.9299145
1.3475806
1.5601586
1.5489205
1.4714918
1.9176036
1.6904771
1.2994087
1.0360972
1.1952501
2.1562535
2.3947073
1.7241159
1.6288209
0.8068457
1.9632525
1.7497835
1.4564769
1.7067694
2.0450387
2.3087874
1.3842899
2.4378558
1.4437773
1.9406950
0.9123573
2.0689644
1.8136547
2.7845392
2.9811087
3.0297102
3.0067933
2.6645781
3.2400560
3.5583973
2.6244298
3.3255885
3.1239785
2.7864880
2.7864903
3.8189848
3.8594909
3.2444462
3.7058672
3.0036105
2.9967900
3.1615592
2.8469900
2.3121402
1.7545462
2.0405390
1.6753869
1.7741131
2.3988238
1.5969783
1.5915249
1.3424929
2.2441665
2.0701570
1.3811618
1.5838970
0.8318425
1.3421595
0.5216343
1.6696438
1.7916485
1.9519336
1.2816109
1.7784196
1.6519401
1.8078327
1.0885903
1.2065038
0.7799755
0.9551789
0.6417263
1.7170765
1.4509881
1.5768670
1.2836760
0.9140819
1.2379899
2.1638939
1.2707160
1.6391554
0.8504336
1.1414612
1.7403765
1.7034437
0.9076486
0.2148140
0.2134906
1.8386206
1.5665523
0.7788263
1.1370914
1.4683877
0.7413949
0.8557999
0.8767640
0.3417562
1.6807066
1.0509881
0.8883699
0.9454084
0.9471505
1.0396821
0.9453002
0.9084497
0.8396845
0.4118417
1.2139510
0.7302452
0.8783444
1.6832020
1.0290701
1.9988123
1.7443444
0.9240715
0.8183457
1.0675540
1.1026202
1.6920930
1.0466458
0.6871665
1.0354193
0.9664963
0.6030172
0.9292723
1.2244569
0.9156093
2.0076714
0.6691769
1.2538439
0.7269615
1.4501890
0.5885962
0.2711620
1.3005004
0.9873368
1.1647753
1.2269920
1.1438799
1.8169129
1.0311513
0.8634594
1.8690123
1.2071496
0.9049244
1.0780441
0.7839096
0.6730013
1.5817339
0.5805468
2.8900669
1.7026871
0.9719673
0.9874223
0.7962727
0.4634550
1.0962379
2.5830583
0.7454072
0.4765417
1.3822589
0.6980687
1.3312048
1.4953052
0.6051795
0.5757280
1.1162362
1.0560090
1.7152457
0.4026901
2.1212174
0.4664305
1.3689554
1.2591148
0.8632182
0.4826710
0.7148863
1.0559354
0.5275274
0.3205255
0.3001082
1.2129818
1.2240719
0.9200729
0.9239359
1.2417495
0.8294044
0.1098083
1.6229777
0.7938564
1.1477397
1.8158266
1.2550237
0.5717181
1.6269292
1.3890077
1.7436206
1.7510877
1.5922038
1.8906521
1.6420375
1.1395643
2.0958705
1.1835982
1.4314746
1.3131246
0.7650589
1.5418448
1.4400006
1.2698297
1.2188764
1.1965981
0.2427010
2.0537113
1.2637741
1.3122919
1.5006496
2.2614423
1.9061800
1.5367052
1.5007365
1.2263698
1.1070903
1.1738230
2.3946348
1.7651209
1.7730590
1.9839435
0.5091407
1.2632180
0.3087241
0.4457436
0.5831457
0.1292515
0.6977793
0.5108377
1.1987912
1.5368972
0.8640536
1.3654923
1.0205211
1.2006831
1.2765845
0.6817075
0.5079153
1.0789994
1.2446246
1.3411034
1.2934787
0.9894799
0.7575727
1.8059861
0.7558241
0.9959731
1.3991495
2.6560806
1.1309576
0.8996468
1.7731144
1.2527598
1.1113532
0.9672619
3.2596456
2.5709535
1.1446312
2.0461788
0.3238355
1.0396205
1.1715727
0.9545291
2.0108360
0.3506804
1.7171087
0.7480615
1.0335056
0.6661160
0.4163595
0.6658890
0.4962729
0.7833551
0.3498353
0.6951781
2.8201480
0.9697351
2.7207363
2.3461157
0.9056320
0.8490656
2.6735175
1.2170732
0.7584459
1.0521250
0.2454215
0.4199154
2.7677068
1.1856508
1.9879302
1.1705097
1.5448974
1.2988878
2.5285120
1.3309852
1.0200374
1.3733533
0.9861997
1.0212052
0.7329617
1.3661068
2.2012388
0.6701120
0.4607042
0.1476486
1.7303790
1.0319140
0.5992829
1.3263767
0.5770616
1.3427267
1.0909536
1.3083668
1.2695087
1.1639767
1.4192959
0.7729404
0.7982400
1.3989682
0.5284986
0.4607765
0.4343001
0.9457571
0.1031966
0.5718454
0.5166878
0.9844628
0.8298440
0.4073126
0.7189294
0.8789051
1.0475090
0.8630022
0.6183758
1.2427049
0.4032179
0.6562653
1.3082757
0.7964408
0.6575280
0.9525971
0.7939626
0.2448503
0.8462710
0.6227343
0.3911987
0.8680120
1.1062538
0.8291690
0.3600897
0.5917663
0.5509667
2.1088853
0.2740009
0.4116700
0.5028691
0.9702020
0.3729950
0.7726304
0.6930982
0.5708356
0.5363492
0.7758023
0.3996268
0.3425675
0.5689856
0.6648759
0.6471346
0.5744892
0.4598032
1.3629299
1.6195308
0.6137844
1.5177737
1.6672960
1.2731345
0.6753161
0.3250242
1.0460632
0.8742303
0.3879304
0.5944332
0.7622194
0.6490599
0.6906492
0.5410416
0.4489482
0.6926789
0.8506697
1.0767906
1.4164428
1.2988132
1.6253743
0.9504668
1.0750327
0.9214061
0.6802483
1.0940427
1.7352207
1.3730277
1.0418674
0.9994315
0.9104499
1.1264312
1.3489913
0.9640431
0.9858514
0.9639807
0.5955031
0.9598784
0.8806707
0.5435091
0.4770127
0.5237346
1.2265167
0.9496261
0.8757350
1.2582843
0.8272449
1.8193411
0.4160357
1.0285443
1.1309158
1.2827267
1.5799288
1.5178585
1.0643725
2.0787195
1.2469407
0.9397443
0.9040995
0.8448380
1.2458733
1.4681868
1.2121901
0.8089556
0.9312078
0.8668503
0.7508140
1.8839360
1.2349625
1.9307366
1.4789904
2.0197922
1.0733359
1.4142360
3.1530413
1.6934041
1.9478734
1.1584158
1.1330586
1.1902598
1.9202012
1.4616764
1.4382192
1.0573000
1.5405250
1.1325835
1.0601415
1.9084731
1.5837069
1.3840080
1.3719618
1.8279820
1.4119085
1.3532514
0.7197013
0.9161109
0.5063115
1.2346383
0.5214011
1.3211455
0.9581970
0.5752780
1.0482797
1.2997668
1.1934785
1.1542612
1.2207353
1.2081969
0.7255696
1.1159917
0.9028358
0.5394720
1.6767506
0.9645074
0.7739672
0.7823816
0.8655147
0.5823758
1.0220866
0.9810891
1.0123514
0.6863352
0.4461404
0.2643953
0.6009949
0.6228389
0.3246407
0.7445255
1.0884248
0.9784135
0.5963191
1.1464426
0.3017317
0.6141532
0.9732853
0.6650596
0.9602924
1.3026553
0.6318734
1.6426568
1.0876876
1.0443130
0.2038739
0.9655856
0.6014155
1.1027164
0.3703302
0.9646422
0.6966242
0.8509683
0.8348191
1.3264090
0.7464608
0.3218068
1.0219990
1.0623981
0.7891086
1.0866574
0.5884969
1.1933496
1.2538630
0.5092333
0.6400290
0.9884982
0.5016178
0.9019759
1.4706592
0.4388497
0.6900094
0.9232422
0.4565520
0.7100222
0.2926059
1.0878469
0.6507257
1.1462028
0.8900208
1.4457447
0.3201476
0.9701645
0.1218347
0.0889365
0.5758210
0.3340811
0.3951208
0.5110973
0.4106771
0.7331794
0.7526185
0.2713300
0.5036336
0.6853626
0.3526974
0.3431555
0.8296685
0.5428109
0.5650682
0.6621942
1.2272806
0.5850340
1.3327346
0.7554142
0.8850325
0.5072155
0.5406776
0.3806090
1.3566152
0.7411642
0.4389970
0.4885397
1.0937175
0.6146254
0.5185731
0.2937943
0.8343527
0.7492076
1.0515289
1.0280785
0.8004877
0.7139585
0.4634025
1.0148175
1.1918827
0.3014775
0.6513667
0.4038387
0.3744246
0.6729646
0.8167568
0.4294387
0.4185568
0.6328774
0.3258796
1.6639971
0.3315531
0.7170346
1.3723840
0.5417637
0.4425757
1.3804469
0.9239934
1.4279818
1.3260473
1.3942371
1.5478863
0.6564142
1.1444444
0.9201624
0.7472585
0.8128700
0.9580454
0.5382502
1.1610349
1.8025414
0.5660288
1.0280594
0.2896963
0.2320836
0.7394475
0.9278210
0.8689537
1.8179762
0.7500473
0.7203884
1.1415585
1.2616576
0.6709569
0.8202820
0.4791607
0.4640333
0.3193157
0.3949979
0.8293280
0.5486295
0.4986266
0.4956469
0.2900263
0.3728155
0.2946447
0.4490506
0.4582025
0.7635689
0.6162303
0.9824894
0.7713901
0.2903011
0.6504969
0.8796079
1.0083329
0.3979050
0.6777508
0.9681066
0.9578322
0.7116048
1.3779010
0.3477735
0.4779794
0.6119529
0.3773454
0.7633761
0.5231014
0.9457330
1.1440487
0.9234440
0.7340541
0.5186910
0.9583581
0.5750757
0.7722188
1.2284079
0.6638581
0.6486108
1.0116013
0.5472047
0.5113833
0.9503773
1.3360519
1.6263029
1.2578560
0.9235332
1.7094433
0.6373870
1.0340257
1.2066396
0.6557073
0.5476129
1.1574315
0.9269451
1.1706022
1.2219972
1.0427943
1.2509546
0.8867440
0.6866982
1.2860560
0.6990220
1.3945617
0.5692290
0.8428977
0.9433520
1.0668914
1.0714043
0.3961362
0.5970912
0.4472980
0.6695806
0.4143307
0.8666947
0.2767267
0.8553305
0.2979874
0.4311183
0.6531649
0.6760793
0.3293409
0.7589054
0.3933264
0.5940972
0.2898917
0.5380455
0.5694307
0.8309133
0.5583955
0.1219315
0.3795299
0.2811562
0.7501657
0.4791313
0.6015392
0.6832397
0.6275768
1.1858047
0.7124808
1.0918256
0.6744866
1.7793804
0.6597805
0.6009231
0.7362755
0.4569555
0.4886277
0.2971498
0.6325936
0.8445270
0.1623326
0.5098284
0.8386752
0.9225816
0.6615193
0.3997297
1.0585298
0.7586080
0.5586568
0.6512807
0.5203162
1.0217107
0.3328505
0.7488575
0.3807603
0.6713531
0.5080799
1.0005966
0.9938632
0.6619742
0.7874993
0.4144673
0.3635737
1.2042526
0.8666099
0.5909223
0.5590304
1.3022964
0.9981098
0.5912077
0.5408971
0.5533741
0.5405282
0.5812955
0.8670828
0.8909690
0.6267185
1.0620881
1.0846969
0.7036232
0.6400896
0.7819423
0.4896424
0.5661358
0.3416067
0.4820751
0.7891357
0.8606503
0.4346430
1.0402027
0.6240793
0.7087242
0.7311033
0.2307274
0.8261364
0.6928663
0.3933184
0.9956479
1.4050561
1.5128957
0.4188131
0.5949452
0.1711523
0.4189000
0.4398225
0.4366915
0.6401172
1.2762149
1.1746371
0.8451326
0.8816673
0.6664734
0.8235527
2.4449638
0.4638663
1.5658974
2.0647206
0.6138212
0.2115019
1.3035500
1.3222821
1.8483345
1.0669905
0.3840560
0.8369271
0.7829874
0.8834183
1.2669215
1.4793283
0.5969886
0.5232417
0.9948451
1.1412560
1.0213684
0.3687801
0.4895709
0.9273981
1.4454317
0.1272414
0.5537407
0.3249139
0.9682565
0.4927866
0.3781072
0.7524218
1.4393995
0.2395130
0.4657491
1.3320498
0.5900059
0.7559765
0.7148875
1.0597025
0.8258010
1.1309502
0.8167773
0.7131590
1.3483531
0.8584853
0.7677105
0.4159119
0.4225952
0.8336017
0.3119270
1.0072001
0.3005854
0.4903715
0.4219750
1.4484374
0.5337280
0.2940474
1.0524060
0.7305280
0.4028861
0.9737185
0.4133782
0.8536875
0.1947160
0.9451102
0.4977324
0.5429616
0.6599221
0.8695391
0.3632251
0.8712004
1.2071481
0.9763871
1.3839236
0.8253156
0.4134122
0.9660210
0.2690943
0.7824600
0.6363697
0.5368141
0.4105082
0.9977409
0.8331775
0.5820613
0.4194114
0.7449368
0.3655719
1.0865121
0.5600040
0.5806950
1.0615053
0.4001527
1.2807405
0.8198932
1.2825760
0.5637067
1.0902709
0.8283517
0.6661473
0.4541542
0.5508966
0.4723116
0.4489506
0.9524906
0.5298121
0.5183110
0.5589725
0.7690062
0.4441600
0.2486999
0.4258583
1.0070756
0.7693306
0.8047440
0.1950024
0.9746150
0.3954262
0.8639928
0.5465902
0.5786211
0.7026091
0.7005334
1.0306447
0.6382002
1.0410363
0.6853801
0.5567938
0.8798088
0.3752598
0.6252336
0.2694416
0.7604272
1.6314326
0.5737152
0.4334901
1.5229014
0.1208695
0.6959220
0.7060978
0.7737739
1.6257539
1.1497357
0.7195244
0.8491739
0.2772828
1.3918098
0.9315689
0.5495123
0.9240171
1.2209707
0.6110186
0.5048225
0.8843836
0.9270871
0.4781062
0.6457372
0.4634400
0.8312603
0.5075614
0.6767670
0.9876303
0.2097156
0.5741768
0.8023580
0.1260738
0.8994524
0.4926908
0.1745957
0.4335696
0.2830877
0.3940520
0.8341897
0.7802065
1.3551536
1.0063440
0.8756129
0.6459778
0.5531592
1.3606401
0.9895343
0.7743935
0.9682180
0.8529184
0.3579154
0.5294854
0.5159994
0.8348266
0.8985000
0.7432025
0.7111051
0.9333785
1.3504810
1.9917405
0.5843306
0.8694005
0.5055630
1.1287969
0.6923473
1.2802005
0.8170008
1.7879183
1.2218794
2.0623900
1.5559298
1.5563167
1.5676249
1.7803898
1.4326291
1.7470007
1.6090136
1.7901168
1.3823893
0.9145096
1.9878951
2.0474339
1.5549452
1.5340281
1.6894087
1.9756467
1.6761430
1.6274041
1.5608160
1.2132204
1.3928888
1.4601776
1.8749333
1.5017017
1.2409839
1.2978811
0.8949254
1.0947318
1.1837923
0.8853355
0.6614574
0.4861645
0.2282877
0.6836807
0.5357185
0.4807398
0.5106768
0.1882952
0.7995322
0.2710391
0.2591186
0.3519918
0.6163015
0.3813303
0.5941884
0.4152832
0.2240838
0.6102080
0.3240686
0.0869744
0.8527456
0.6811873
0.8108013
0.4761598
0.6146125
0.7661416
1.0066025
1.0044774
0.3862426
0.7778634
0.6943842
0.5601952
0.2292827
0.5013459
0.2916484
0.3515683
0.3850535
0.5285938
0.8095629
0.6330480
0.8096632
1.0366062
0.9020195
0.9259288
0.2655752
0.5385305
0.4653148
0.6475644
0.6940798
0.5340933
0.5821481
0.3175015
0.9952151
0.6934836
0.6286842
0.9997140
0.6725529
0.7415478
0.5792507
0.7165843
0.5740158
0.3391533
0.6781368
0.6061615
0.1874821
0.2827214
0.5315474
0.6624252
0.7452119
0.5223731
0.2163743
0.3976583
0.5620193
0.0881527
0.1921778
0.4133535
0.4596648
0.5737861
0.5160533
0.6858561
0.7948680
0.3876162
0.1630494
0.1329924
0.3382220
0.3733113
0.5833929
0.2729392
0.2853129
0.5329038
0.7677821
0.3353234
0.7431409
0.3252575
0.6726372
0.6772965
0.3620798
0.8022459
0.6193750
0.6540740
0.9700552
0.6677665
0.7194046
0.6355700
1.0797623
0.3646201
0.5637476
0.7630798
0.6427224
0.4955189
0.6210883
0.5240006
0.8876176
0.2757338
0.8591135
0.5287245
0.6737519
0.7781618
0.6914124
0.6569925
0.6089935
0.4455606
0.5422663
0.1641303
0.3235663
0.5446047
0.7483683
0.5631480
0.8051266
0.7253597
0.6069020
0.5409327
0.7091511
0.6886771
0.6440429
0.4287798
0.6488004
0.3576890
0.4147475
0.7132694
0.4225052
0.3814252
0.6469230
0.5922778
0.7352002
0.5672869
0.2449888
0.6972886
0.4098997
0.5411339
0.1730777
0.9823023
0.5593530
0.2461526
0.8782089
0.4857066
0.5781566
0.8421843
0.6445129
0.1633059
0.5863865
0.6692850
0.6802286
0.5970504
0.6320937
0.4036058
0.3465956
0.9091512
0.1304912
0.4111276
0.5340020
0.7279294
0.5650757
0.8423215
0.6320141
0.6480733
0.6818891
0.6969969
0.9180336
0.6782716
0.6748390
0.4711393
0.7499179
0.6968420
0.3588276
0.5826406
0.7127873
0.3207696
1.0509838
0.5066908
0.3916543
0.5189328
0.2225781
0.2737643
0.3059770
0.4118413
0.7107781
0.5239865
0.5530454
0.3998741
0.1874871
0.7850446
0.6545886
0.0610162
0.6688654
0.5225302
0.4178109
0.8171210
0.3660826
0.6513843
0.6483377
0.6735936
0.6656338
0.6215945
0.5330730
0.7260594
0.6097311
0.6742630
0.2870631
0.7930318
0.5592681
0.6322928
0.5788536
0.5165050
0.4530328
0.5035670
0.6114627
0.7490786
0.3306004
0.6807107
0.5576809
0.5377210
0.5443025
0.3387580
1.0207952
0.8122849
0.5043856
0.6882405
0.1903198
0.3754470
0.6958975
0.7368505
0.2864849
0.4431606
0.4747650
0.4013788
0.9090230
0.4244081
0.6206621
0.6657015
0.2438727
0.0522907
0.5790428
1.2597952
0.7203575
0.3613638
0.2349307
0.5263621
0.2523271
0.7972766
0.5053012
0.5779667
0.8042065
0.4162367
0.9550195
0.2912455
0.5901535
0.5500940
0.2999764
0.3721065
0.1350004
0.5965153
0.2949606
0.4310836
0.7010963
0.6189258
0.3421712
0.2793971
0.6422570
0.3698905
0.2350434
0.5104865
0.6323637
0.0954018
0.1947432
0.6712865
0.7573650
0.3930622
0.5651533
0.2071398
0.4005329
0.3320758
0.3303649
0.4464874
0.3667651
0.6291130
0.6068470
0.7069050
0.4607860
0.3577177
0.7879475
0.4128750
0.1749520
0.6328320
0.8323874
0.5708838
0.3439185
0.2190447
0.2056140
0.5115450
0.4697396
0.3021874
0.5682649
0.5009166
0.3095286
0.3235381
0.2175905
0.5050135
0.1813056
0.7633820
0.2206973
0.5132703
0.4753892
0.1843975
0.3226611
0.3066468
0.5334281
0.4997015
0.4456806
0.6472111
0.2069556
0.5626205
0.8200877
0.4274014
0.3553133
0.3388710
0.2311576
0.4563792
0.6692617
0.3024337
0.5281390
0.4754221
0.6981646
0.5390400
0.2675453
0.6811983
0.9046191
0.3995132
0.9065455
0.5662140
0.3723067
0.3654133
0.7824141
0.2639323
0.3385066
0.2197411
0.3163306
0.3462579
0.4842219
0.1677815
0.2603223
0.7103877
0.3452370
0.6691254
0.4450436
0.3427798
0.5571005
0.5906996
0.4876469
0.8596499
0.3687839
0.7129670
0.7674519
0.4756048
0.7680487
0.2910793
0.4549427
0.6045731
0.7121091
0.7029349
0.3046000
0.6858508
0.5230876
0.2879029
0.2422859
1.0394815
0.2973117
0.4367376
0.2880783
0.5786949
0.5854099
0.4116328
0.2209998
0.4003297
0.4636669
0.5991653
0.1987049
0.5612425
0.4966482
0.3223085
0.3557976
0.1483920
0.4417276
0.7982493
0.3942980
0.4269276
0.6324839
0.7955286
0.5375666
0.6969378
0.4768422
0.5204688
0.1566610
0.5579572
0.3696597
0.3964146
0.6042576
0.4168449
0.1722924
0.3755571
0.3685958
0.5874238
0.5469141
0.6070399
0.5211901
0.5235802
0.4327697
0.4599647
0.5194031
0.4900298
0.8548933
0.4174145
0.4068408
0.6776579
0.2650974
0.3889737
0.5323116
0.7262886
0.4383506
0.6362172
0.3799436
0.5086166
0.6125695
0.3508811
0.0700810
0.5668294
0.2790015
0.3552049
0.6220986
0.8112280
0.3739158
0.7359004
0.5725579
0.8563822
0.5875307
0.3431907
0.4358483
0.3340301
0.1430066
0.8677629
0.6517539
0.5863962
0.7968347
0.2697659
0.3425255
1.0167318
0.4684543
0.4999624
0.6543138
0.5341998
0.8880778
0.7971158
0.7638834
0.6841523
0.4399914
0.4383948
0.4400339
0.4093648
0.7607316
0.2815137
0.4340543
0.9444552
0.5910097
0.4261071
0.4559389
0.7822606
0.6200884
0.6980837
0.3501277
0.6642725
0.5903524
0.2547326
0.5536815
0.4639225
0.6925280
0.3142870
0.4717549
0.8492518
0.4174784
0.1925945
0.6129942
0.2444066
0.7067014
0.5306160
0.6914198
0.3709229
0.3658398
0.1402330
0.2171676
0.2133288
0.3812301
0.3901054
0.7910113
0.9574017
0.5247581
0.3867475
0.8646887
0.6743601
0.3791859
0.5236113
0.7579372
0.7075641
0.5000480
0.5591006
0.9105993
0.5256023
0.4231385
0.2632372
0.5644110
0.8522807
0.3802900
1.0462206
0.2016072
0.4803050
0.8789773
0.3570991
0.7820197
0.6478281
0.5963786
0.2711165
0.2579501
0.8067523
0.7313843
0.4521507
0.7054048
0.7528072
0.4386972
0.3404851
0.4665469
0.2329931
1.0037371
0.7573982
0.6351482
0.5008359
0.4143359
0.6683871
0.3357573
0.3473597
0.2840949
0.4394957
0.3635976
0.4294105
0.7224758
0.1779182
0.3038060
0.7287590
0.5992607
0.6702479
0.2231557
0.1217999
0.4807174
0.6050073
0.6096157
0.7275099
0.5328092
0.8106691
0.8565259
0.3532120
0.6857474
0.6163223
0.1756292
0.5558687
0.5707882
0.8341241
0.4763848
0.2284728
0.4791470
0.3695812
0.4860676
0.2357785
0.5269412
0.1704568
0.3683416
0.6610981
0.5681575
0.3506035
1.0276615
0.4107074
0.6274628
0.6169760
0.7948310
0.9651308
0.5588848
0.3236273
0.6583455
0.4784321
0.3322934
0.6218289
0.9024730
0.5372874
0.6742135
0.8074152
0.7358768
0.4406722
0.6104022
0.4383773
0.6301224
0.3538161
0.6502450
0.7020708
0.3997435
0.3933600
0.6147710
0.2208639
0.3893426
0.4853968
0.5336070
0.3780085
0.4153927
0.3831397
0.4844296
0.7317293
0.5558543
0.7652033
0.4727140
0.1818857
0.4635083
0.6810091
0.9387705
0.3820395
0.4177685
0.7968230
0.3728102
0.4565337
0.6224618
0.2522892
0.2074503
0.8294980
0.5485989
0.3700101
0.5927013
0.3283641
0.3651034
0.1767246
0.7123742
0.5807549
0.7702785
0.4844844
0.2927056
0.5246054
0.4526462
0.4749300
0.5500163
0.6199198
0.6862121
0.4152923
0.4060926
0.3458551
0.4859831
0.5598244
0.5878727
0.5484696
0.3400810
0.2146875
0.4841744
0.3776794
0.4388236
0.4640665
0.5324806
0.4222875
0.2714198
0.2217620
0.3027932
0.4351966
0.8151019
0.3470390
0.6338499
0.3029924
0.2648248
0.5269926
0.8135358
0.3903805
0.3702044
0.2001072
0.4111890
0.2551607
0.8545428
0.4683748
0.7425395
0.5203593
0.4950614
0.1543423
0.4702625
0.5378981
0.3393322
0.3855370
0.4180496
0.9306829
0.5602361
0.4425031
0.5709402
0.3595574
0.6034091
0.4150571
0.3300621
0.2282880
0.7026561
0.4922721
0.6755289
0.6646665
0.9680388
0.3625808
0.6143938
0.5551970
0.3530513
0.5031499
0.4419796
0.1801823
0.4448467
0.9618334
0.5823509
0.7575841
0.6365368
0.6420978
0.4514029
0.3995762
0.9342817
0.4972114
0.9172274
0.1943858
0.5837719
0.8117596
1.0126813
0.5012992
0.3297582
0.3877278
0.7425532
0.3854533
0.3103062
0.4574095
0.9105393
0.8768221
0.2684575
0.5972871
0.2677290
0.5596568
0.5866448
0.6929884
0.9425406
0.5422683
0.2690865
0.6292364
0.5293365
0.6965422
0.6893406
0.3118047
0.5710609
0.7087869
0.7000412
0.4561248
0.5823351
0.5893617
0.2560301
0.8236425
0.8216879
0.4654435
0.1973201
0.5351394
0.6465378
0.6258553
0.6130178
0.5860378
0.1514132
0.2250011
0.8298985
0.6714449
0.6513934
0.6645563
0.6022580
0.8440170
0.5878087
1.0314325
0.3819285
0.6068013
0.2859035
0.6834026
0.8443080
0.3353036
0.4179182
0.7531083
0.3618743
0.5137382
0.7166309
0.7086948
0.2540646
0.3240256
0.6418902
0.8507143
0.3653912
0.5236842
0.5938272
0.7831379
0.7211111
0.6635811
0.6993361
0.6805511
0.7603449
0.5579166
0.4818647
0.5099578
0.4469023
0.4940907
0.5562290
0.5288698
0.5941601
0.6245576
0.6704610
0.7132411
0.2901151
0.6922095
0.5170110
0.6762036
0.6472131
0.6575308
0.7720632
0.6444675
0.2787883
0.5737108
0.6006135
0.2945029
0.8072617
0.5025616
0.6855954
0.6249403
0.5616798
0.5401446
0.2078755
0.5918983
0.3571559
0.4687418
0.5209595
0.4148532
0.3851080
0.7147470
0.9912199
0.6612647
0.7221918
0.1308873
0.6024851
0.4446128
0.5447677
0.6400233
0.5574394
0.3308854
0.8272553
0.3528682
0.0393112
0.7644192
0.6270814
0.7888235
0.8708982
0.3915923
0.8339970
0.4872398
0.7293726
1.0660471
0.2003518
0.8817451
0.5556012
0.3684711
0.2577016
0.4034790
0.3868409
0.4234044
0.2926469
0.5067486
0.3511120
0.4697585
0.4157063
0.6074880
0.7653452
0.6258970
0.5174225
0.4918114
0.2767364
0.2479258
0.1622182
0.6598311
0.8147300
0.3307443
0.2740899
0.6131084
0.7591543
0.3896640
0.2441834
0.4265861
0.5588601
0.6338741
0.4532559
0.6818061
0.4655516
0.2548645
0.7186528
0.4761767
0.7091585
0.2368029
0.5591117
0.6427340
0.5937179
0.2537862
0.6400575
0.5465404
0.5135163
0.5292104
0.4888844
0.4460231
1.1247213
0.7975889
0.4204527
0.2268802
0.6567783
0.6259564
0.5227843
0.3026690
0.3381503
0.4655185
0.4724319
0.5657802
0.1586725
0.5702035
0.2496904
0.4605812
0.7599920
0.7557485
0.4371146
0.7943672
0.8757771
0.5692900
0.4774351
0.4252278
0.3267245
0.1437624
0.3387857
0.6909890
0.4821240
0.3036832
0.7228041
0.2976787
0.7058826
0.3713694
0.1827457
0.4742797
0.4065247
0.3573820
0.2776335
0.5181626
0.4171828
0.6481113
0.3131048
0.7015330
0.8057121
0.6126213
0.3753482
0.4362236
0.5785506
0.8176774
0.8237377
0.3687373
0.5185128
0.5674724
0.4119605
0.5241954
0.2813838
0.6713690
0.6712599
0.5132157
0.8121911
0.2831997
0.5679751
0.5665104
0.3622823
0.6186671
0.4052873
0.6627543
0.3519464
0.2713725
0.6215990
0.5241003
0.3187348
0.5292089
0.3765677
0.3378353
0.4823985
0.2657064
0.7092693
0.6764631
0.4870433
0.4613159
0.2559024
0.4716421
0.4902487
0.3834255
0.5097343
0.3964490
0.2563617
0.4528985
0.5398791
0.4814801
0.7218164
0.4668847
0.5117423
0.8616010
0.5153296
0.6951797
0.5672911
0.4309753
0.6997508
0.3678356
0.3669161
0.5016317
0.5793888
0.6377565
0.3791415
0.6944005
0.7729734
0.4413158
0.5942146
0.1630935
0.2681592
0.3958230
0.4532984
0.2134057
0.5445629
0.4758007
0.7329580
0.7778743
0.4832386
0.6258052
0.4610534
0.4474410
0.4068476
0.7592624
0.4592767
0.4718025
0.3469569
0.2901773
0.5187979
0.3953351
0.7770258
0.7907491
0.4229111
0.5350193
0.5999072
0.5949560
0.5831919
0.5591947
0.5309571
0.3253930
0.5223070
0.4385098
0.3861316
0.8389583
0.7181717
0.4785860
0.3844024
0.2446761
0.3985378
0.4674733
0.3325750
0.5459938
0.4051567
0.2401110
0.6183034
0.5981344
0.7922020
0.4817309
0.6188505
0.2292110
0.8421866
0.6824046
0.7479410
0.3505055
0.8800772
0.5027887
0.7169974
0.5111480
0.9338301
0.6700723
0.4294626
0.4433847
0.4418001
0.3421114
0.9199934
0.2984232
0.5919176
0.8049452
0.6275002
0.2453550
0.6514740
0.7365708
0.7222717
0.5149474
0.5013065
0.6922805
0.3723054
0.4738765
0.2777089
0.4626158
0.1946734
0.6383753
0.7368738
0.9139474
0.4092967
0.4805884
0.5828412
0.5899872
0.3949358
0.4894657
0.5928953
0.6154973
0.0809228
0.6882853
0.6829099
0.1281781
0.9869182
0.6763509
0.7518644
0.5427673
0.7103651
0.7632372
0.7158396
0.6688646
0.6511986
0.3877669
0.7740088
0.4016250
0.5144437
0.3507896
0.3736369
0.3500566
0.3531808
0.6320831
0.7950944
0.3962175
0.5333610
0.3298486
0.7026522
0.5010896
0.4784509
0.6174384
0.7770015
0.5940180
0.4208845
0.2460612
0.6111685
0.6516874
0.7671375
0.4257611
0.3639239
0.5220934
0.7877106
0.7680426
0.8360158
0.4819772
0.9715701
1.0096231
0.5445024
0.5453294
0.4338415
0.2892132
0.8495803
0.6558104
0.7292525
0.6098298
0.4257226
0.5728255
0.4928653
0.7630914
1.0609077
1.0629841
0.5995046
0.4600456
0.2119656
0.6404581
0.3763736
0.1713214
0.8607354
0.5526937
0.5884665
0.5390905
0.8170205
0.7480652
0.8738584
0.1636985
0.8144081
0.5286038
0.9842489
0.3567525
0.7081143
0.5259037
0.4882073
0.3380811
0.5562422
0.1967836
0.5114070
0.2479337
0.7032976
0.5749841
0.5620644
0.1993399
0.6449337
0.2287462
0.7236275
0.4579812
0.4907424
0.3690816
0.4736135
0.4713059
0.2946791
0.3824505
0.6998902
0.7136429
0.8527143
0.2748391
0.4004184
0.2581646
0.6337572
0.5085745
0.8841169
0.3214489
0.6201283
0.3227039
0.5559599
0.4146468
0.8560523
0.4549571
0.4248408
0.5175784
0.9492622
0.7032871
0.3470711
0.1790673
0.5442394
0.5075384
0.4336699
0.2848910
0.1503539
0.3212116
0.8720678
0.4629437
0.4021716
0.3098417
0.5247024
0.4154527
0.3981912
0.4430300
0.7677708
0.8782210
0.5975159
0.7191819
0.4834516
0.8457487
0.5147388
0.7579822
1.0996118
0.7041979
0.8161914
0.5167979
0.6404787
0.5753777
0.8200295
0.6369341
0.2501898
0.3434755
0.5914682
0.3226387
0.4212226
0.4428720
0.3764015
0.9275296
0.6394620
0.9864435
0.4647391
0.4400293
0.5273776
0.2204444
0.3191188
0.3384344
0.1900910
0.3999888
0.3729405
0.6220291
0.3802289
0.1741823
0.4816210
0.2597261
0.4889291
0.3887411
0.2391801
0.3825084
0.7225522
0.4470574
0.4477101
0.5792813
0.9336148
0.1727139
0.4230770
0.6562057
0.5485746
0.8417037
0.4763462
0.1918062
0.7898556
0.5599783
0.4372291
0.4893809
0.7133149
0.5043047
0.5065139
0.4461788
0.1052886
0.6322611
0.2234323
0.5561833
1.0140405
0.5712989
0.8245132
0.8158451
0.3976069
0.3240500
0.7635745
0.5001389
0.3751018
0.2634981
0.1526079
0.6831674
0.4862631
0.4447158
0.6089031
0.4435593
0.3409602
0.5368031
0.4790396
0.6415917
0.5991373
0.5228282
0.4698075
0.1672054
0.5488248
0.6352233
0.3860823
0.2997418
0.7195117
0.4724313
0.6001923
0.5392699
0.8285666
0.2513248
0.3331240
0.2121893
0.5388163
0.3807552
0.6851628
0.6334715
0.3901433
0.5499729
0.5939446
0.4022039
0.6500982
0.5663824
0.9231633
0.5060751
0.6740555
0.4020434
0.4429389
0.7946781
0.6735429
0.5011324
0.8762131
0.5052994
0.5377137
0.4477007
0.5188674
0.4859287
0.5373900
1.0836911
0.6283109
0.6962809
0.7551611
0.7277462
0.5455283
0.9169962
0.4761346
0.8820625
0.5989320
0.1745791
0.2529479
0.8597380
0.6644605
0.5627228
0.5595487
0.5427369
0.7637891
0.1604600
0.4017525
0.3712321
0.7267278
0.3822667
0.5223166
0.4124665
0.3758317
0.2969123
0.2142215
0.3272175
0.3751040
0.6225623
0.6048666
0.6402418
0.4682833
0.4606362
0.5994560
0.4243765
0.3203631
0.2643641
0.5373661
0.5130534
0.4857042
0.5285890
0.4955098
0.7297640
0.6245264
0.5757993
0.6713534
0.3687434
0.6820356
0.5071845
0.2599850
0.6431599
0.4305269
0.6710665
0.4384210
0.8599078
0.6875777
0.7121475
0.4113902
0.6363749
0.4425027
0.4839209
0.5360027
0.8116158
0.4457568
0.3335547
0.8169490
0.4111701
0.6526419
0.8127418
0.3409197
0.6647086
0.5088547
0.5461317
0.3753813
0.6456978
0.4612823
0.2881922
0.8989758
0.5425069
0.5529074
0.6746470
0.4023896
0.6042850
0.4091074
0.5978286
0.4359797
0.4930825
0.6015875
0.6797148
0.4074994
0.5830462
0.5409741
0.1894135
0.6304508
0.8581032
0.5342944
0.5742335
0.3419817
0.7075377
0.4285421
0.2966316
0.5255018
0.5407974
0.2661474
0.3905861
0.2745995
0.6954414
0.3675676
0.6966522
0.9018653
0.4007405
0.3895887
0.6555881
0.5221136
0.7472982
0.6269710
0.3344959
0.4481991
0.6854362
0.5372694
0.5052313
0.6097457
0.2884244
0.5193905
0.6323133
0.4783817
0.5523112
0.5506895
0.3546880
0.7481383
0.5875023
0.5091811
0.4240531
0.6590414
0.4196636
0.2775627
0.5718695
0.7170655
0.6939057
0.4910662
0.3438297
0.3367992
0.6689429
0.5245592
0.2282207
0.5926144
0.2475246
0.5713274
0.1977933
0.4684554
0.4208994
0.3364058
0.3101940
0.5343039
0.5355894
0.3467264
0.6541597
0.5003865
0.6669281
0.3130735
0.1625098
0.3270493
0.6861615
0.4956761
0.5183162
0.5328135
0.6132504
0.7293022
0.7350451
0.8732831
0.6771944
0.6935256
0.6664965
0.7681193
0.4110931
0.6576281
0.9838937
0.3244248
0.4959303
0.7563976
0.5016255
0.7071091
0.5879801
0.7942347
0.4941590
0.6167032
0.2168774
0.4423686
0.1511339
0.4046409
0.6033157
0.8657408
0.5675249
0.2763369
0.5740221
0.1184640
0.2866379
0.6918228
0.2704774
0.6525950
0.3792923
0.0905906
0.6154047
0.2930423
0.6828131
0.7415963
0.6489915
1.0211704
0.6903566
1.0793340
1.0934611
0.7885937
1.1863001
1.1688663
1.2011901
0.9484281
1.0802863
1.2669753
0.7080414
1.4407886
0.9762028
1.3712951
1.3355288
1.1450110
0.9731760
1.3219556
1.0548526
1.0621768
1.0551859
0.9305511
1.0139071
1.4022273
1.2603448
0.9703907
1.3764492
1.2858426
1.5127825
1.2861910
1.4256837
1.2162502
1.2252135
1.2386742
1.0914816
1.3295192
1.1656707
0.8500892
1.0018329
0.6654212
0.5862553
0.5226401
0.6484682
1.1658713
1.1472413
0.6723263
1.4108418
0.9720860
1.0957989
1.0473687
1.5640944
1.3841016
1.5105667
1.5060939
1.1724465
1.4873932
1.1619560
0.9230980
1.0718463
0.9818661
1.1917629
0.9996262
1.0785285
1.1538038
0.9319332
1.0599694
1.0441291
1.1082471
0.5265135
0.6352695
0.7583115
0.6479961
0.4742499
0.2529359
0.8317002
0.7038615
0.5376500
1.0311231
1.2156106
0.8741754
0.8918539
1.0393652
1.0006542
0.7322227
0.9456925
1.3660609
1.1406276
0.7393555
1.0846378
0.7774236
1.1923548
0.6228092
0.7127622
1.2031827
0.7537131
1.4837509
1.5557973
1.4223057
0.6355909
1.4654205
0.6533053
1.6319856
1.1013767
0.8459819
0.9120048
0.4613576
1.1432328
1.5254509
0.9310858
1.4469222
0.8482494
1.5591049
0.7849210
0.6076485
0.1622672
1.0353754
0.6986779
0.6138970
1.0206090
0.2008586
0.6733256
0.6411463
0.8810800
1.1692239
1.3822673
0.5842477
1.1853741
0.6180228
0.8427052
1.5228611
0.8688125
1.1373536
0.7002722
1.1327717
0.4695871
0.5754244
0.9791603
0.7789058
1.1909522
1.0573645
0.6419014
1.1170612
0.8322130
0.6666347
0.8481995
1.0237026
0.8610143
0.9680814
0.8545372
0.5898319
0.8281552
0.9118075
0.6925812
0.6892896
0.7081943
0.5927395
0.5303788
1.2819287
1.1638710
0.7630139
1.1077961
0.6787343
0.7927406
1.1135550
0.9066411
0.6975703
0.9130167
0.9600620
0.6402039
0.3480708
0.3423992
0.4139928
0.6176374
1.2792293
0.3167738
1.0897959
0.7794259
1.0154600
0.4653099
0.7717745
0.8289295
0.8591145
1.2917708
0.8552966
0.7810166
0.3825721
0.9859270
0.7261941
0.3827763
0.8974692
0.6194813
0.4840911
0.2312334
0.4611296
0.8294073
0.8848750
0.1898702
0.4258709
0.2447016
0.5208786
0.4756847
0.3441029
0.6223223
0.3727876
0.4878831
0.4893067
0.3858710
0.8284952
0.9158239
0.6732192
0.4066603
0.7381797
0.2673816
0.6803663
0.2238328
0.5805093
0.8679444
0.5271521
0.9100433
0.7267710
0.7582103
0.3150063
0.5628843
0.7460029
0.8183626
0.5154685
0.3331054
0.5891043
0.9290797
0.8692365
0.8996518
0.7452995
1.2665530
0.8071804
0.9816190
0.7581713
0.9906522
0.6921623
1.1158972
0.9063177
0.7660751
0.3648502
0.7432942
0.4189282
0.6948761
0.8366920
0.8274909
0.6343049
1.4022634
0.4058453
0.7863689
1.1783088
0.6622809
0.8735164
0.8508132
0.5888308
0.8056940
0.9247964
0.6909690
1.0065772
0.5720388
1.2337599
0.6466816
1.0756896
0.7964304
1.0971281
0.6276010
0.8935918
1.5032137
0.4601508
0.7745310
0.5828870
0.5998311
0.7898320
0.4652971
0.9741894
0.7293690
0.7374279
0.9816343
0.6432915
0.8291325
0.5386973
0.4990896
0.3622539
0.3066339
0.5589164
0.9360012
0.2853734
0.3334537
0.2016568
0.3020899
0.5910941
0.5482322
1.4271363
1.4664215
0.4770514
0.1833863
0.9849383
0.8411342
0.7692123
0.9148956
0.8677005
0.9148150
0.7778317
0.2521576
0.5342999
1.0837087
0.7064228
0.7621613
0.6646704
0.7807632
0.9648747
1.1453587
1.1667923
1.1594658
0.6911712
0.3668173
0.8575173
0.8241355
0.4134431
0.3084236
0.4017145
0.5341949
0.1073297
0.6856538
0.4694933
0.1849810
0.6101713
0.4064132
0.9853135
0.4352817
0.6652872
1.1423305
0.6051556
0.3701161
1.3049389
1.2412379
1.0287314
0.6032819
0.2884407
0.4607038
0.5033859
0.9190346
0.7796339
0.5883626
0.3648434
0.6111239
1.0256710
0.5988969
0.7283262
0.7817745
1.0615994
1.6403316
1.7047571
0.5498424
1.0961688
1.1685081
2.2275027
2.2622390
1.8196597
1.1092294
2.1102267
1.2380337
1.5037513
0.8441965
1.4724867
0.8773820
1.8561363
1.0272214
1.2976382
1.5085899
0.7809128
0.4667924
1.0846394
0.8405181
0.2965619
0.9325099
1.0967702
0.5621669
0.9408063
0.5246056
1.2807076
0.8675382
0.4311508
0.8435443
0.6605454
1.1230295
0.3788456
0.6816514
1.4717230
0.5040560
1.4096382
1.1634599
0.6390983
0.8100781
1.0119653
0.6618465
0.9422550
0.5058358
0.2714403
1.5033250
0.8630394
0.5775841
0.7205566
0.5065691
0.3267539
0.5731892
1.4686571
0.8008379
0.7160024
0.7205256
0.4095221
1.0219675
0.2241761
0.6819265
0.7723903
0.9106881
0.6240118
0.5798414
1.2105819
1.2479614
0.5991248
1.2956190
1.1134685
1.2275472
0.8155900
1.3059221
0.6509374
1.6849333
1.3833838
0.7258207
1.2890866
0.9959835
0.2511576
1.3867397
1.1887009
1.1519941
1.1730443
1.1165915
1.7448697
1.3171219
0.6733254
0.8381422
0.4019667
0.8136938
0.5483700
0.5506923
0.2284160
0.6536445
1.0277774
0.4713885
1.3600397
1.7457398
1.3703092
1.4433724
1.1318026
1.5269540
1.2035006
0.9252607
1.2241826
0.9178794
0.3994956
1.0613185
1.0888971
1.0508052
1.3575422
1.7862397
1.7150078
1.2464165
1.5674897
1.3221073
1.2900229
0.9751008
0.9894013
0.6711512
0.5759116
0.7136448
0.9622412
1.6136467
0.7551302
1.3355867
1.9340644
1.7789632
1.2814704
0.9151347
1.1415390
1.0588269
1.3582826
1.4187506
1.0211837
1.1930777
0.7422674
1.6265664
0.8492721
1.1458518
0.8955254
1.3372974
0.9224496
1.1684621
1.1070779
0.6425216
0.6545719
0.9439084
1.0604796
0.6195749
1.2224000
1.2246362
0.5026433
0.1700800
0.9259844
1.8653726
0.8897771
1.2072612
1.0065196
0.4338396
0.5358848
0.8225905
1.0836238
0.7151262
1.0894088
0.7598771
1.3745321
0.9072767
1.1379869
1.0947776
0.4846913
0.6422548
0.8783149
0.6428548
0.5559485
1.1268877
1.3470179
0.9737822
1.4265982
1.4274092
1.2524465
1.7251785
1.3531014
1.6352168
1.6698983
1.7332186
1.4035618
1.4249182
1.8437850
0.9502330
0.8888047
1.1157341
1.4450029
1.5472395
1.5092444
1.2577397
1.5916386
1.3194926
0.9920712
1.1322006
1.0094374
1.0035168
0.9699951
0.6373523
0.1564282
0.6206652
0.7889720
0.9472828
0.8962863
0.8005312
0.9146528
1.0835534
1.2097780
1.1939450
0.7751846
0.9742720
0.8772260
0.5125409
0.5031510
0.6310498
0.6341654
0.6886230
0.3700947
0.6785711
0.9105455
0.8830469
0.5494190
0.7348244
0.3574659
0.9755308
0.7685945
0.6650791
1.0018099
0.8460520
0.6362676
1.1528128
1.5499647
0.8393659
0.6686308
0.7910201
0.4887894
1.3158476
1.2154510
1.5404764
1.0342857
1.1088268
0.7987117
0.6022800
1.0768596
0.9608755
0.6266529
1.0116120
0.8736966
0.7805371
0.5802401
0.5598341
1.2399414
0.8665078
1.1290864
0.9897799
0.6811600
0.6178548
0.7468429
0.5153181
0.6479743
1.5832855
1.3397706
0.6571284
0.8660602
1.2956442
1.0394604
1.2049503
1.0499254
0.6033948
1.0127251
1.3423428
1.2625270
1.1090318
1.4750950
1.2411711
1.1232340
0.6439843
1.2076311
1.2461501
0.9034581
0.9380905
0.9582008
1.2955304
1.1674412
0.1015363
1.0956416
0.7516260
1.0306811
0.4591126
0.9383405
1.0349328
0.4062545
2.2247303
1.7756149
0.4390425
1.3621920
1.6173568
0.6931358
1.6441387
1.6030928
1.1915097
1.1250021
1.2684228
1.5166032
0.7308320
0.8261944
1.0396434
1.3349378
0.7583757
0.6952299
1.2846642
1.5962440
0.6301709
0.8473430
1.4409569
1.6913918
2.2001616
1.8557619
0.7085426
1.1540944
1.3722461
0.6494563
0.4164488
2.0143108
1.4006968
0.7426759
1.0082135
0.5667831
0.6339316
0.4383104
0.8607306
0.5120344
1.1112496
0.4584917
0.7876191
1.2282814
1.3407719
0.3028059
0.7354671
0.9020349
1.6612278
0.6584786
0.7459675
0.8901251
1.4710833
0.3869597
1.0856895
0.6114903
0.2908519
0.5032959
1.1308744
0.7592384
0.9120528
0.8953611
0.8550017
0.7339601
1.2294775
0.6025900
0.7389434
1.3741726
1.0091858
0.6324506
0.4499345
1.2554450
0.7546403
1.5704675
1.1827223
0.7458982
0.9626294
0.9974591
0.9055028
1.4245332
0.9847996
0.5972939
1.4398230
1.2163278
1.2223184
1.3354757
0.9294242
2.0377449
1.5606850
1.2312828
1.4554305
1.4132103
2.0804212
1.5806474
1.4704581
1.6556231
1.3746353
1.7234412
1.2931921
0.8326893
1.1081227
1.5827501
0.5089782
1.2108348
1.3347654
1.2729190
1.4762725
1.2110300
1.6571384
1.5064482
1.6761720
2.0063397
1.5527681
1.2382843
1.6766358
1.2898834
2.0288297
1.4845557
1.3971847
1.9611279
1.6505093
1.6970046
1.0578857
1.2985599
1.9379957
1.6251496
1.3196008
0.8505459
1.5297378
1.9374621
2.0243575
1.2169583
1.6554390
1.4374975
1.6680171
1.7807059
2.0752481
0.9602679
1.3624545
0.5444725
2.4810937
1.5537659
1.3557061
1.7239400
2.2177940
1.4470088
1.1636666
1.2798699
2.0015214
1.1498571
1.2763254
1.2112648
1.4117646
1.2162168
1.0413730
1.6168678
1.7551029
0.7272470
1.6712764
1.2152948
1.6729810
1.3065075
1.1390278
1.9394494
1.7104741
0.7549614
1.2960823
1.3936415
1.3970427
1.9173396
0.8884759
1.3198253
1.4620176
1.8122180
2.7918442
1.3257853
1.9424774
1.6320023
1.3229346
1.0888602
0.8624475
1.5088568
1.0320837
1.0015151
1.7745272
1.8225481
1.4189343
1.3784086
1.1968119
1.2728215
1.8824640
1.6207732
1.4809810
2.0247088
1.5667117
0.7364527
1.9394181
1.3290614
1.7374893
1.8722386
1.4227992
1.3088030
1.5963493
1.8506773
1.3946833
2.1417488
1.3396689
1.8928342
1.3651276
1.8343122
1.5648831
1.2439927
1.0787432
1.9358782
1.2033695
0.9349272
1.5033794
1.2551159
2.3466088
1.6778856
1.5555985
1.3061007
1.5636122
2.6942558
1.5900972
1.3907198
2.0116151
2.4193489
1.3911517
0.8390533
2.2865023
2.0266977
1.7833220
1.2712995
2.2530325
1.5496973
1.4925247
1.6712701
1.8095436
2.6719892
1.4224137
1.9209236
2.0377130
2.4201127
1.5194506
1.6239336
1.6083503
1.3264858
1.1337002
1.6169140
1.6716314
2.3161373
1.8855500
1.8237119
2.3873172
1.3449259
1.9359352
1.1966088
1.5700122
2.2518159
1.8878649
1.7950040
1.7593511
1.9469524
1.6554540
0.8609217
0.9915609
1.1245075
0.9224795
1.3131458
1.4071513
1.5507040
2.0682578
1.3522312
1.8255124
1.9802467
1.8669687
0.8809037
1.7627120
1.8436225
1.0092062
1.2464362
1.4557700
1.9522658
1.3915582
1.2362757
1.6782335
1.4664274
1.6362427
1.6703198
2.0404941
1.3780254
1.8034934
1.9312759
1.5258414
1.6880406
1.4230032
1.8037794
1.3833058
1.4464815
1.7303765
1.5060015
1.0780231
1.4314698
0.7113835
1.0838581
1.0993824
1.2712901
0.7891928
1.5459174
1.0712828
0.5370021
1.2375439
0.9229874
0.8635707
1.7438692
1.8792014
1.1370888
1.0241760
0.3648974
0.9998948
0.9406583
0.4106174
0.9043233
0.8704328
0.7690873
1.2803295
0.6428861
1.2908163
1.3854114
1.6005153
1.1987900
1.0643361
1.1757351
1.2018811
1.8149740
1.7741813
1.3172183
1.2827160
0.8681967
1.0471976
0.8114548
1.1124594
1.0613417
1.0099061
1.0041069
0.9419057
1.1634826
0.8227947
1.5885332
2.1578577
1.5278697
1.2668917
1.3608964
1.6695721
1.4809624
1.7271060
2.1434201
1.5689280
1.7069440
2.3296544
1.5247388
2.0706837
2.0179619
1.4671635
1.4082883
1.2840641
1.0906497
0.8366979
2.0154949
1.6721737
1.3994407
2.2761602
2.2136666
2.4196922
2.7113576
1.5286412
1.2425704
1.4160859
1.4810952
1.3445308
0.9020997
1.1944568
0.7886402
0.7519856
1.5719834
1.5145092
1.6448719
1.8438997
1.5899904
1.4717855
1.4678818
1.7923985
1.0144651
1.6824755
1.5640959
1.2939401
1.9698725
1.6842020
2.1495612
1.9925085
1.6517682
2.5691166
2.2883084
1.8273228
2.4300346
1.1059615
1.5294092
1.8214496
1.8489723
1.9779371
1.6782456
1.3593044
1.2552860
0.7832375
1.1970749
2.0525066
1.8657607
2.6603662
1.8980752
1.2676200
1.2118634
0.6773519
0.3476487
1.1610801
0.7566370
1.1510259
1.2828870
0.7785761
1.3538804
1.3924788
0.8985759
1.0315516
1.3773033
1.0669497
0.3124204
1.1367220
1.1169783
1.7138660
0.7557371
0.8073519
1.8882230
1.4561216
0.8185807
1.1821797
0.5212506
1.4813889
0.9061586
1.0880684
1.1640188
0.7268864
0.7702174
0.4898037
0.9087283
0.8387509
1.0229988
0.5091204
1.0716378
0.3522567
1.0304617
0.6358813
0.9674688
0.7410105
0.9610478
0.4417436
0.8765852
1.2470442
0.8165278
0.9335512
1.2532350
1.2773549
1.0210398
1.5814771
1.2658037
1.5051966
1.4245019
1.1909906
0.9812956
1.0951961
1.3497489
0.7615917
0.4382335
0.4388454
0.5065120
1.0538359
0.7992611
0.6424942
0.9244221
0.8077415
0.6352332
0.8153963
0.4103178
0.8390464
0.6416992
0.6639174
0.8423006
0.6344868
0.6321738
0.6250250
1.0932801
0.4844860
1.1168498
1.0068011
0.8168186
0.8062546
0.6109056
1.0270532
0.8464101
0.8511261
0.6695357
0.6106510
0.7793988
0.9494267
0.6161932
0.5312631
0.8212937
0.8327953
0.7468119
0.5743223
0.4855346
0.7663691
0.8316664
0.1747589
0.7389521
0.6955234
0.5012817
0.4634411
0.6556107
0.6394322
0.4163066
0.7035503
0.8339323
0.4139148
0.4438843
1.0491025
0.9778087
0.5540880
0.4426836
0.4526955
0.7561746
0.5592850
0.9568426
0.5288793
0.8617971
0.1943303
0.3476996
0.3959449
0.8577540
0.1938140
0.1983596
0.5190765
0.5652747
0.6315176
0.6408908
1.1023634
0.5293588
0.4918239
0.4007544
0.9955466
1.1657525
0.6387966
0.5141864
0.7474804
0.3667853
0.2896536
0.6298621
0.5821369
0.4334297
0.7576179
0.3166410
0.4624137
0.5495577
0.5005358
0.5134655
0.5065903
0.4987996
0.8182865
0.7172914
0.4182123
0.4969158
0.5594794
0.7392233
0.4843191
0.3863525
0.4278229
0.2275236
0.3370443
0.4580236
0.3876724
0.4276734
0.3047976
0.3389533
0.5384716
0.6618916
0.2701595
0.4016472
0.3522811
0.4123267
0.2831835
0.4356182
0.2373128
0.5941246
0.3454032
0.2629131
0.4667946
0.7885485
0.1341016
0.5879207
0.3241026
0.3718989
0.1648512
0.5670162
0.5944799
0.5586166
0.6099350
0.4078272
0.4342398
0.4791111
0.2319468
0.5691198
0.5999971
0.6932499
0.3890568
0.5543127
0.7177399
0.7217227
0.3830257
0.1495204
0.1022715
0.3631675
0.4101513
0.6915618
0.6751213
0.4838090
1.2115039
0.7207791
0.6805867
1.1131771
1.0776013
0.3779327
0.9586381
0.8873969
0.3504956
0.8692025
0.9093097
0.7788977
0.7572726
0.3463748
0.2992655
0.4888792
0.3056997
0.6426451
0.7077793
0.4335775
0.5277587
0.4723426
0.6480696
0.5363483
0.5718377
0.8970814
0.6893266
1.0087853
0.4581420
0.5718561
0.1858389
0.7363386
0.3714460
0.4037699
0.4871472
1.3173238
0.4988335
1.0769110
0.8387135
0.8156801
0.6753486
0.6135842
0.7376320
0.5197026
0.8152169
1.2650858
0.6022399
1.0222269
0.9558141
1.1495881
0.7239708
0.6987664
0.8911042
0.8250412
0.4141978
0.4829583
0.4049717
0.8749489
0.6274857
0.4320791
1.0043719
0.9214438
0.8973996
0.8476357
0.9926848
0.4155024
0.2500284
0.4749126
0.3740338
0.6241876
0.3064761
0.7581181
0.9887885
0.3168609
1.0988267
0.7577431
1.2143843
0.9188776
0.3657951
1.0186257
0.1909219
0.9214640
0.1719159
0.7762738
0.2949424
0.5773813
0.2071722
1.2543389
0.5743254
0.8927030
0.6859001
0.5140619
0.9484738
0.8428407
1.0051175
1.3301196
1.1632036
1.1234184
0.8444544
0.7820787
1.5164036
0.7806050
0.8923793
1.4608440
0.7620535
0.8425558
0.7538745
0.4908005
0.9706763
0.5903461
1.1753775
0.9697873
0.9097200
0.8015223
0.6895689
0.5407124
0.3191807
0.6713160
0.3370838
0.3591511
0.4634086
0.2699158
0.7131543
0.5171354
0.5099154
0.5855673
0.4003780
0.2467762
0.1000675
0.4449961
0.7045847
0.2572134
0.3859531
0.1867033
0.5877291
0.3369559
0.3470071
0.7092947
0.3672035
0.3420678
0.3487138
0.2877497
0.9494200
0.3992847
0.5504707
0.4844813
0.3840758
0.6356093
0.7397070
0.7559244
0.6588540
1.1086702
0.9399903
1.1744292
1.3958983
0.6780422
1.2768363
0.8117620
1.2102022
0.8943454
0.4894012
1.2516266
1.2176071
1.8003581
1.1997772
1.2327787
1.7357382
1.2729217
1.0927890
0.8431940
1.1066030
1.3202909
0.7238473
0.4135668
0.8627880
0.5354840
1.0240131
0.9003223
1.1325179
1.2135271
0.8927749
0.7422427
0.7943426
0.4276199
0.9222834
0.6119486
0.4568374
0.8863473
0.3347262
0.6306315
0.5950558
0.9217252
0.2364123
0.3384894
0.3856744
0.8846087
0.5607386
1.0523367
0.6368372
0.5099221
0.7127247
0.6241980
0.6898815
0.8309851
1.1415630
0.5186800
1.1740645
0.7244590
1.0218150
1.4345124
1.1668591
1.2828020
1.1215154
0.4414952
1.1781671
0.7901957
0.9825136
1.4593472
0.9902524
1.6339954
0.9464414
0.4027917
1.0797555
0.9911200
1.2829489
0.4010253
0.6396489
1.0308940
0.9970025
1.2498334
1.4300209
1.1813169
0.7398595
1.2029480
1.9003813
1.0346433
1.7457379
1.6918800
1.2540908
1.5427871
1.6408172
2.0720827
2.5880876
2.7227931
2.0431867
3.0058051
2.1268672
1.9330163
1.8244666
1.5097896
1.4092725
1.3806832
1.5491280
1.7771009
1.3037574
1.9114702
1.6891589
1.2452028
1.4452927
0.6372817
0.7592144
1.1513520
1.5235461
1.4347449
0.9576838
1.2122940
1.2060967
0.3799033
0.4255939
0.5747298
0.5797493
1.1151594
0.5654171
1.4833614
1.2178460
1.5239842
1.8845929
0.8543292
0.8186282
1.1064456
0.7125456
1.3056463
0.2912199
0.5091237
0.6800574
0.5305557
0.7983819
0.6235187
0.8212757
0.9443911
0.8490496
0.7320307
1.0858086
1.3280068
1.3547930
1.0266731
1.3287013
1.1154141
0.4423479
1.0658369
0.7193210
1.0409388
0.4430779
0.5578654
1.4046653
0.7609592
0.7325643
0.7129898
0.2824069
0.8013357
0.6479413
0.2847709
0.5994711
0.4500434
2.2120607
0.9868723
0.7268761
0.5547718
1.3209932
1.0285772
1.6075293
1.3224440
1.1482862
1.3123278
1.6165112
1.6637894
1.5016410
1.5959721
1.5611405
1.3826137
1.3495887
3.6207246
1.8864914
1.8862560
2.4667683
1.8986380
1.9033658
0.8669967
0.6760345
1.9906841
0.9050312
1.2172919
0.8941942
0.8473706
1.3430796
1.1383794
0.9504085
1.7954969
1.1199602
0.8326159
0.3676270
0.8701156
1.9497179
0.8003950
1.0413969
0.9221990
1.0854296
0.5413024
0.4705713
1.7134607
0.9415808
1.1745568
2.1031543
2.2926029
0.7316825
2.0964873
1.6878908
2.1819491
0.9894590
0.8721933
0.8852469
1.0988203
0.4850973
1.1769797
0.9010640
1.3921008
1.7640531
1.1749308
1.2533858
0.5357032
1.8071057
1.7888773
1.2056487
1.5809694
1.1542665
1.5792060
0.8047104
0.7634569
0.1727949
1.2256190
2.4904346
0.9449313
0.5401908
1.8323585
1.3799309
1.9750749
1.0128451
1.5736698
0.4583488
0.6992624
1.3025022
1.1786738
0.7094441
1.4253624
2.0470205
2.2513211
1.7060208
1.9614335
0.8953950
0.7034071
1.2454404
0.8005455
0.4408706
0.2958616
0.5963546
0.1851991
1.4397571
0.6636975
0.3944700
0.6412459
0.4746058
1.1798919
0.8254984
1.3111229
0.8741661
0.6310188
1.0514422
1.8907997
0.8426497
1.1466272
1.0879126
1.3030096
0.9464666
1.2567428
0.7683063
3.3427076
2.1168300
0.7609974
2.2006198
1.9752003
1.2647284
1.3301708
1.7706666
1.4106570
0.7900610
0.8228424
1.4531016
1.3323252
0.9283381
0.6528469
0.9964831
0.7178518
1.1710490
0.5798686
2.2710330
0.6324696
1.8705283
2.2864983
1.8794491
1.1520625
0.6469353
0.8317392
0.9511000
0.3862930
1.9096481
0.9309396
1.0349911
1.4162688
3.1435875
2.6920988
0.9042089
1.1809966
0.9028546
0.9965538
1.1860292
0.4549488
1.5029512
1.8137168
0.3234583
0.8182617
1.4530736
1.1620422
0.8474361
2.3711656
1.1090354
0.7749831
1.9530351
2.0833176
1.4257748
1.7093933
0.8018283
0.9444317
2.5527759
2.2358199
1.6613256
1.1961688
1.6058029
1.7227609
2.8449043
2.5402514
3.7310863
2.7987073
3.2665758
1.3641326
0.8639753
1.4575910
2.2011743
1.1849543
1.1527386
0.5831554
5.0213905
0.7773208
4.3049781
0.6906163
1.8273541
1.3825791
1.0897850
2.3397242
3.2803709
1.6429221
1.9130493
3.6254952
1.1019233
1.9844875
2.9539398
1.0944001
0.6924209
1.4424512
1.3605957
2.1908310
1.3927312
2.8294540
2.3215660
2.7618969
0.5056421
2.4381004
2.2633407
1.5667552
1.2649630
0.9089686
1.8279989
0.7509288
4.9271685
3.1740904
0.5295025
2.4906426
1.1598257
0.8533835
2.1485567
0.4108536
0.8317241
1.0536099
1.9032031
1.0350298
2.1239503
2.8441041
2.9113594
1.0899054
1.6782504
2.5086231
2.2486733
1.3277094
5.5426771
2.7101218
2.3082746
3.6192333
2.0354251
3.9941219
2.9900323
5.1408913
4.4279690
2.0010974
1.8318704
5.3929817
3.8296952
8.7054322
6.7311519
4.4677161
6.3021168
5.7943794
4.7725479
6.6553226
2.1619518
5.3996883
5.4025610
8.4005072
4.8923257
5.0438684
5.7172262
3.1587371
5.7249634
4.3794033
3.6060330
3.8651629
0.8373939
3.9672498
2.4567112
2.1319207
4.0822610
2.6457602
5.0097038
0.5684455
1.0976839
2.3383223
4.0147321
2.7473736
2.0091078
3.4659008
0.7213969
4.4936397
3.9526492
1.4672777
3.7170623
2.5375552
5.3774040
2.0637368
4.2753585
2.4426675
3.7466013
5.5565483
2.5919466
1.1546055
2.3756406
1.3286176
3.3682450
2.1370033
3.7050180
1.3054944
2.2614768
1.6786264
2.4844122
0.7410660
3.3512837
2.7043752
6.3137891
1.1291234
0.3930847
0.7432174
1.2835229
1.5259160
2.3456844
1.6785553
2.4229227
1.7456990
1.2686783
1.1829642
1.1301293
3.5743467
1.7971002
0.7288300
1.7467271
2.7111647
1.4640903
0.2948442
1.6663020
0.7090488
0.7304399
1.0031128
2.6945731
1.2723898
2.0602555
0.1510655
0.9545181
1.9547533
0.5409295
3.4700244
1.1177376
2.5878005
2.2187202
0.7154235
2.1523965
2.1053727
1.4517870
0.6566897
1.9454052
0.2848173
0.2028511
2.1493932
3.7332246
5.5188147
1.0512237
2.0463660
1.5428245
1.7786557
1.0381152
2.0252093
0.9898653
2.2833820
2.2188644
0.8919439
1.0480247
2.9246444
2.9423119
1.8826875
1.6928933
2.0755754
1.2483570
0.8993440
1.8258865
1.5624862
2.3029736
1.3812318
1.5695005
1.9537915
2.3789724
0.4699268
3.1809417
1.2441439
1.1426251
1.1106064
0.8715066
1.5436953
2.2427308
1.1634290
0.4044295
0.8889472
3.4121761
3.1380076
0.9400374
3.8123910
1.3348132
3.0328242
1.8238800
0.4525745
5.2791980
0.6884100
1.7594956
1.7134308
2.0063954
1.5099574
3.9250623
0.6712399
2.1105767
1.6907154
1.2260271
0.8559860
1.5388967
1.0687406
1.5220469
2.0121508
1.1008150
1.9461222
1.0814482
2.5743395
1.5455178
1.4319716
1.3172624
6.0509489
2.7814089
3.7176328
2.1795457
1.2552827
2.6753424
0.7753705
0.9876864
1.6463602
0.6185027
1.3792853
0.5488764
1.1423853
1.5334366
1.0916408
3.2537081
0.6152948
1.7585658
2.6758698
2.1833390
0.6733880
2.1427537
2.6297475
1.6595879
1.4218850
0.9936103
1.4374305
0.7696730
2.2415834
1.4232799
3.5057410
3.8192088
1.4970967
0.7397826
3.2302868
3.2259441
3.3220234
3.9121544
0.6961973
2.9561742
1.4450848
1.0017550
4.7479165
0.7245776
1.7182118
1.5560515
2.5325832
1.3597846
1.8467119
3.9725972
1.3982592
3.6253007
3.6803542
1.8635966
1.1837097
2.3853387
1.4384321
1.8237809
5.0061652
2.8810173
1.2401045
4.9502136
1.6442111
1.8512780
2.4236580
1.0187111
4.0390386
2.3964133
0.8715577
0.9437391
1.4576835
4.0597431
1.9225413
1.1809542
1.1155453
0.4389029
1.4100047
2.1444233
1.9092913
0.2194941
0.9771231
2.3871427
0.7943180
0.9377323
2.1582406
1.9553175
1.6507757
2.4134163
1.8449485
3.9265646
1.7360796
3.5284248
2.5743102
4.7624171
2.9128060
2.7751804
0.6002311
1.8224063
1.2149391
4.3507132
2.1667530
3.1193950
4.8092117
1.9057597
1.5771337
5.0737834
1.1360491
7.8719005
4.5099949
4.0638513
3.6924587
1.3062004
1.2023486
1.7644713
3.4035211
1.9950224
4.1390892
1.9645013
2.5531831
3.0136324
2.4836226
4.3002447
0.8015622
2.2629414
1.6391682
0.9662434
1.8880484
2.3010893
0.7931132
1.5265686
2.2196269
0.7662937
1.7995178
1.7639615
1.2817554
1.0999490
0.6447257
1.3326064
1.6524656
4.8164142
5.4742042
1.0735966
2.5417400
0.9247829
6.0782061
1.2393429
0.9720601
4.6767065
1.3705266
0.8901963
1.5407021
1.5433928
2.8742562
1.6372243
2.6870246
6.8596745
1.5637524
1.4526379
3.7570224
2.8554306
3.0367295
1.3577128
4.8064428
3.6734668
1.3721201
0.6977890
2.6961827
1.5094260
1.1884875
2.5207574
2.2266607
1.6225665
1.4752044
2.1153481
6.2195088
0.8279379
3.7162180
2.3103660
1.6044050
0.5700704
0.8577076
1.4228081
1.3115266
1.7687497
1.1703281
2.4192141
6.7231545
3.6851491
1.2024762
0.9985938
1.5184382
2.1082583
1.5929532
1.1513257
1.5216849
3.3943650
0.5989093
0.7240463
0.6986905
0.6559188
3.3743091
0.7503437
2.8616219
1.3581136
0.6530719
1.2539220
5.7174534
1.2614855
0.8295480
1.4989872
1.3268716
4.2732916
1.0638185
0.9671499
2.8184263
1.4921588
0.6846383
1.9447223
7.4698977
0.7057773
3.2365347
1.7770942
2.1479023
1.2850877
1.2442721
3.5209886
2.7272342
3.0653773
1.3018328
0.6015922
2.5143758
2.2755339
1.8703366
0.7220155
0.8275741
1.5515924
1.6941738
1.1776742
1.3209928
3.8958489
4.3150543
1.6163374
1.7395574
1.4483744
2.4765325
2.1715361
7.5482159
1.2190185
4.5866702
7.3461805
11.0089897
1.0228502
1.0586267
6.6965823
4.6540732
2.3738021
5.6891262
1.0164074
4.8970546
4.1039381
2.0310596
1.8838980
0.9813453
2.7400805
4.1808056
5.4288732
6.2191270
0.6549770
4.9738315
1.5930656
3.9829901
1.9905556
2.4555263
4.5400892
1.7145769
2.3587145
1.6249093
1.7090000
1.4758115
2.0552534
3.2365822
2.4098297
1.5800700
0.6989246
4.5629688
1.2442026
2.7380892
1.4066693
3.3248969
5.6522607
3.2586887
0.6218786
1.5157671
3.9479446
0.9984975
2.7847839
2.9458566
2.2788441
2.2480115
2.2551343
1.5253224
1.7460116
2.4826183
2.8415494
10.0096479
2.1460601
2.1429308
1.6452333
1.1542486
1.9042576
0.6235813
10.6138463
1.5407433
1.0431820
1.6687572
3.3467945
1.8555058
1.6931076
2.1144123
2.7086002
1.2387581
1.2925903
0.8782552
7.9341632
4.6239806
1.0950650
2.2587732
3.9716419
1.6435973
2.3068480
1.9635976
0.6013654
2.1843734
2.3081725
1.3721817
1.4968868
1.8330668
1.7221748
5.5217217
1.9311674
9.5449950
5.2479372
2.8776149
1.2297993
3.9891534
2.5552654
1.0449587
2.4196237
2.2364080
3.7790228
4.0034527
2.5095955
3.8967319
2.2441044
2.5368530
1.0184385
2.2463630
2.3186223
1.7490560
1.0311442
0.3202838
4.2317598
2.5452770
1.0195227
3.6094827
9.9624942
1.1529643
1.3313261
2.1921983
0.8723266
1.8312875
1.2836249
2.5514058
2.7007605
0.7701012
2.8414839
3.2565274
2.3967757
2.0883729
2.4783860
3.2964132
0.2932727
0.9574715
2.0407754
1.2922060
2.0660881
2.1046485
2.7189979
5.8675298
3.6894469
3.9130914
2.1969506
1.9323774
12.8808420
1.2182184
2.5980876
3.9303564
1.2571348
0.7741027
1.9098611
0.7742669
3.0934130
1.6259475
6.1458731
0.9323277
2.8392841
2.3630391
2.3342097
0.9061918
2.7940411
1.4799231
1.3751042
3.6196729
3.1980872
0.8692125
0.5172152
2.7544533
1.0125722
15.8444697
13.0002394
4.8853751
4.4024270
2.4361158
9.9489828
2.8539159
5.1311663
2.1688285
5.4744428
5.3052099
1.0229508
8.3768603
3.8735551
1.2022441
1.7985498
2.3895801
6.5826035
2.5078658
1.8752436
3.2241186
0.4031825
0.8677340
3.2908490
5.1599706
2.5315785
1.8035494
1.6079129
3.7722371
2.2590039
1.0245261
1.9896671
2.4444949
2.5897408
1.1078919
5.1001848
5.5155087
2.5281668
1.7166525
0.8467291
3.6048291
6.0750234
2.1084775
4.2151833
1.1088009
1.9692759
6.7876945
1.5898771
3.2537965
4.0156202
5.9877504
4.1331307
3.2365242
3.5145218
2.4013404
4.5076378
3.0475549
2.6519762
1.9957806
1.3121722
3.0711064
3.3374097
1.3208658
1.5076047
4.7261652
2.3081637
1.7336353
3.4026903
1.2511775
4.3855100
3.5822820
1.4509481
1.3780981
1.5080782
1.4320125
1.5757986
1.4477637
2.9449263
2.1694946
0.5726131
1.9826922
0.8166733
2.2915831
3.0786101
1.7415828
1.0937163
2.9358266
2.4000994
0.9723404
5.1162669
3.0070011
1.4218799
2.7577678
1.7124424
3.4897430
1.2455578
2.5720760
1.0612387
1.7660351
1.3051092
0.1978070
1.0659459
4.3895651
1.5427634
1.6586923
1.9598066
1.4376894
0.5620301
2.3560235
2.0875727
2.7229698
2.3705594
4.3639201
2.4215577
2.2329869
0.3156252
2.4262264
0.8525979
2.2880275
1.1988346
1.7237298
1.4528994
1.3208689
1.1358475
1.2629180
0.5556504
1.4588215
0.4011947
1.6364197
1.7728296
2.5134811
1.5540615
3.0964222
3.8070594
1.9613571
2.1689430
1.2486249
1.4815928
3.4347670
2.7392803
4.3772766
0.7248426
5.0609324
3.9953218
2.0700263
3.4552596
0.8817415
3.4015486
4.3770860
5.7086920
1.7397478
1.7911331
0.9305810
1.9148129
2.7486021
1.5629370
0.6013775
1.1683267
1.1269807
3.4267249
2.4643981
2.2940104
1.9687060
0.9211649
1.4971865
0.3571700
1.5359730
0.9636417
0.2513636
0.3083941
0.7392299
0.5613606
1.3125245
1.5728244
2.3282713
1.0624454
0.4726610
1.7000527
0.9400767
1.5379431
1.5733171
0.7292304
1.9973953
1.9313616
1.7471154
2.4481152
1.8009884
1.3490040
1.4624456
0.9153549
1.6390124
3.0228046
1.6317512
1.6738481
1.6369853
2.1573235
2.2805748
1.7076994
0.6856713
1.2313873
0.3131629
1.3649054
2.0267204
1.1541431
1.4599013
1.1354690
1.2026765
0.6239583
0.5983154
0.4744077
0.6918775
0.7600463
0.8412309
2.2786219
0.6329992
1.2076796
0.8460167
1.2765041
1.4085186
3.6505279
1.9454931
1.4411849
0.5159029
1.1667683
1.7136069
2.1942916
3.0679701
0.9945222
3.5535796
0.7803071
2.0753396
1.1600436
0.5832379
1.3460319
1.1671289
0.8963018
1.1023719
1.7000789
1.3468223
1.6485684
0.5207825
0.6414208
0.8370978
0.7050984
0.7275207
0.5085939
0.7679929
0.5387292
1.1901016
0.8444833
0.8413390
0.8970712
1.2706424
1.0153259
1.8151365
0.9519037
1.3957908
1.3064939
1.9955268
2.0507783
0.9850895
1.5259049
1.5750480
0.9860803
2.1209111
1.9430199
2.5140259
1.9287222
1.6211472
1.0833264
1.2969300
0.6509202
1.4194915
0.9075357
0.5648227
1.0506139
0.9084149
0.5739770
0.8013761
1.0530571
1.4793014
0.4467458
0.7090584
0.6534190
0.7840007
0.4663060
0.9290041
1.1853415
0.6396990
0.7167825
0.2494952
1.3421236
1.1684492
0.2327716
0.9406677
0.2302270
0.4804497
1.6286671
1.1860898
0.7973096
0.8483272
3.0534984
0.7983152
0.6785569
0.2631750
0.8899932
0.5736825
1.6275221
0.9295760
1.7296109
1.2564663
1.4981830
1.5461574
1.2181230
0.8068506
0.7410105
1.6477448
0.7751841
1.7390346
2.0895699
2.9105761
1.2210674
1.0543823
0.9193035
3.5468935
1.0123922
1.6507069
0.5767298
1.0714118
1.4747494
1.4427365
0.4406232
0.9997256
1.1134851
1.9830854
0.9346886
0.9285478
0.8017659
0.3631151
1.0685801
0.7093563
1.0235470
0.9071053
0.5471656
1.5254084
0.4215786
0.6799890
0.6640793
1.5169314
1.5215159
1.0115994
0.2773973
1.0690962
1.6319315
1.8238380
1.1638126
1.3507270
1.7297454
0.8700186
0.9766003
0.5332949
1.0013772
1.2736703
1.0467651
0.7027461
0.6153275
1.2203353
1.2452881
1.4538730
0.5992554
1.5003155
1.0654798
0.5268111
1.3529998
0.9696779
0.7527820
0.3132898
2.3230167
0.9665130
0.9554592
0.8297137
1.0378462
1.1756242
0.5345955
0.8920029
0.8214662
1.5432431
0.4109394
0.9281918
1.2871745
0.9022464
1.1486098
1.1078547
0.4684016
0.1800785
0.6326256
0.1424030
0.9608452
1.0378828
1.0216146
0.8377547
0.4725692
1.0691063
1.7253643
2.2574548
0.5736192
2.5208996
1.6100169
0.8142758
1.7977231
1.4463165
0.8633282
0.0989524
0.6134298
0.9830485
0.7824208
0.9646282
0.7781203
0.9799665
2.3459225
1.0618530
1.8595419
3.6673385
1.1804641
0.3778308
0.1305435
2.0435837
0.5966117
1.9968403
1.4467471
1.6575279
1.1027602
0.5281258
0.2667338
0.9734509
0.8899333
0.1627233
0.5685341
0.5801752
0.8705165
1.8552639
1.3928055
1.3631589
1.7497535
1.5293133
2.1756900
0.8628090
3.3307645
2.6517370
1.4678896
0.3373176
1.4321770
0.9561606
1.4714227
2.0618698
0.2753648
0.7752854
0.4183183
1.0750025
0.7575217
1.1851375
0.6342007
0.6998292
1.1381622
1.1352093
0.8505078
0.6194445
1.0346203
0.8905523
0.6842589
0.6388653
1.3440658
1.8262836
1.3432726
0.9961145
2.1932062
1.3934308
1.5849602
1.2731568
0.8412956
0.9426429
0.8854764
0.4457607
0.8348379
0.4860252
0.4617078
0.4566713
0.1797343
0.6666732
0.9206722
0.8078437
0.6282870
0.6764156
1.1405428
0.8372487
1.2018441
1.2680972
1.0165892
1.5291400
0.8504107
1.3715812
1.7393606
1.0799132
1.5875591
1.0522721
0.9481268
1.2532012
0.4002627
0.6065429
0.8259882
0.2433094
0.6919501
0.6337518
0.9646604
0.5451595
0.8894604
0.8697339
0.9066061
0.8524301
0.6937295
0.5567070
0.7664976
0.6913833
1.0834387
1.3246557
1.0824129
0.8127057
0.9396389
1.0090782
1.6641162
1.6305576
0.8836976
1.3343769
1.6930321
1.8444722
1.5695561
1.1951231
1.3887689
1.0918427
1.4613966
1.8305085
1.3042185
1.2105095
1.6850928
1.2817363
1.2575885
1.7023403
2.2153623
2.2361688
2.0799173
2.3851124
2.7542902
2.8430688
1.6302174
1.9348990
1.7503694
1.3977612
1.9555187
1.8404997
2.2652083
2.0001506
1.8066139
1.9495495
1.5925472
1.3192022
1.7934067
2.2112015
1.2599035
1.8771709
1.8125936
2.9505201
1.6017395
2.0649384
1.2853257
2.4782389
0.9838658
0.9544519
1.6827839
1.4473546
2.2378535
1.6317711
1.7489811
1.1524332
1.4959351
1.4626976
1.7040794
2.0184822
1.8652177
2.5207436
1.7355656
1.7956626
0.9326926
1.6556753
2.1111152
1.4675699
2.6976110
2.5845194
1.7864419
2.1683766
1.6604499
3.0034746
1.5924689
1.6472919
2.4169563
2.3196774
2.0171480
1.8696751
2.3553245
3.9304173
1.2543167
0.6337769
2.2065795
1.1928388
1.3568462
1.2387220
2.6739949
1.7574067
2.4498528
2.1279156
1.7645619
2.2022754
3.2250943
1.5375576
1.9599614
0.8375698
2.1301519
3.5284204
2.1801121
0.9191979
2.0387086
1.0108219
1.6020183
1.8401333
2.2871827
2.6627545
1.6554248
2.9418694
3.6080361
3.0300513
2.1196172
2.2204725
0.8957344
2.0137662
2.7505745
1.6297557
1.6929229
2.2818643
1.6806737
1.2928835
1.5507814
1.5873944
1.9482780
2.9335577
3.9536481
3.0204490
1.8773477
1.5067372
1.7624053
1.6652738
1.4789332
1.0326872
2.1484997
1.3839632
1.2278253
1.2594322
1.8744021
1.7554541
1.6222255
0.8314752
1.2902045
0.8086593
1.5822680
1.2199910
1.8550643
1.4681470
1.7998398
2.4135585
1.5224699
1.5858136
2.1346535
1.4459555
1.5306804
1.2302998
1.8618291
1.9620520
1.0701514
1.6031210
1.9064457
1.3673557
1.9050692
1.9708776
1.0319163
0.9878843
0.5321711
1.4547778
1.5727548
0.8498669
0.5926589
1.2854013
0.8204558
0.8883980
0.9127221
1.6758113
1.2439135
0.7477917
0.9070933
1.4532905
0.5202482
1.3542845
1.1209119
1.2928140
1.0285397
1.7802639
2.4348739
1.6269136
1.4142829
1.1267938
1.6906782
1.8463116
1.2026173
1.4465052
1.5650524
1.6589046
1.6866493
1.1976598
0.9408177
0.6291539
1.7017947
1.0164220
1.5101593
1.0885434
1.1709115
0.7509424
1.7990703
1.7246786
3.1470559
1.6846865
2.1102226
2.1415031
2.5863690
2.0288208
2.2006508
2.1890027
2.0261528
4.1776672
1.7014835
2.4567858
1.6261879
4.2217199
2.5487342
3.1387373
1.8418105
1.8573803
1.2246920
1.2550793
1.6613952
1.8509267
2.0013537
2.3212199
0.9143680
1.2980606
1.7769599
1.5623609
1.6108339
2.0300665
1.9276107
3.0413962
2.2613797
2.6952261
2.6518074
2.7238321
1.8692788
2.0434784
1.8246049
0.9872970
1.3122066
1.9003117
2.0832067
1.4078868
1.7687280
2.9454679
1.7801421
1.9822018
1.6511527
1.8608820
2.1811476
1.2201980
1.4909767
2.0833013
1.8815500
2.0534985
1.7418564
1.4439076
1.4636305
2.3214792
1.2194305
1.3528698
1.2201282
1.5655309
2.2227131
2.3584210
1.5398033
0.8662273
0.6877943
1.0130338
1.1277421
0.5580564
1.4203372
1.1156175
1.3428980
0.5897886
0.9903342
0.6409519
0.5259350
0.5639866
0.1646451
1.4040726
0.5657008
0.9910018
1.2765152
1.1134239
0.5050786
0.5732303
0.7133052
0.8875123
0.5797957
1.2549445
0.8699666
1.0191869
0.6630249
1.0602829
0.8199019
0.8866842
0.3358557
0.6763633
0.6950674
0.8591682
1.2764687
0.6157300
0.7903155
1.1504862
1.0376112
0.9469420
2.2568027
1.4905100
0.9332003
1.0477528
1.4162332
0.5314219
0.5973559
0.4426250
0.6402227
1.4567113
1.6997755
1.0836023
1.7214089
2.7610763
0.7223244
1.1899168
2.6950637
2.5056933
0.3723453
1.3630658
0.7223683
1.2113861
1.6608732
1.5296330
1.5919086
2.8092610
3.3616993
3.1928002
3.1734842
2.4788723
1.9989476
2.1625690
3.4879721
2.0892974
1.1974213
1.5627629
0.4167184
1.9715283
12.9591369
1.6372064
0.5688167
1.8498627
1.1263514
0.9987934
1.9194566
1.7028026
1.6325529
1.1887753
1.9033939
1.4429213
2.1852535
1.5584860
1.4731459
4.2460518
4.3638006
1.0951099
3.9820503
3.0269390
3.6035683
1.1713553
4.3584786
2.8749405
1.7056537
4.8371798
6.3498021
4.2277966
2.6515783
2.7253374
6.2982706
1.6149696
1.8774907
0.5339841
3.7510843
2.3754889
2.0372595
1.1558637
2.4748909
0.6664837
1.1003142
2.5697169
3.0732132
3.0096711
3.6513348
4.7483083
2.7851051
2.9903671
3.5673477
2.9168882
2.0375546
3.3709278
3.8993611
0.2632472
1.7683329
0.8997956
3.7267938
2.7839366
3.4979246
3.2092622
1.6740903
2.2697580
1.7781432
0.5716327
1.9456623
1.2193553
2.7573643
1.4269888
4.0630773
1.4214641
1.3368547
1.1851193
2.7629851
2.6410693
1.4204070
1.5572091
1.2733438
2.4437620
3.0680211
1.7028189
1.5184263
2.8045095
2.1909523
3.2497973
3.0941160
2.6130077
2.2835365
3.2674694
2.4580935
2.1060931
2.0140777
2.0920336
1.1684236
1.2277284
1.4013676
1.7865690
1.5349310
1.4413879
1.4391432
1.1930349
1.6198769
0.4859156
1.2151925
1.6953849
1.8377710
0.4967351
1.0434868
0.5968632
0.7113573
0.8181836
1.4002101
0.7850191
0.8998257
0.6757103
1.0848364
1.5640271
1.4422893
1.4597304
0.6605235
0.9531582
0.8718109
0.4606804
1.2959467
0.3094127
0.7196904
0.8338645
0.2383287
0.7783172
0.3169995
0.1876831
0.4799542
1.1908660
0.9168619
0.5492052
0.5355059
0.6896748
1.2382117
0.7790451
0.9471402
1.5090990
1.5321383
1.3496821
1.4925554
1.0300428
1.0668308
1.3074762
1.1224643
1.5963458
1.1143969
0.9711585
1.4892986
1.2584534
1.2169677
1.3072894
1.8254998
2.1663831
1.6737118
1.8021747
1.5301175
1.6584764
1.4698304
1.2601746
1.5721589
1.9669859
1.2511955
1.2357087
1.8652676
1.3907384
1.4624566
1.8628545
2.1267580
1.2947561
1.3269093
1.5992394
1.6219174
1.7046985
2.0381405
1.4184684
0.8525157
1.1964857
1.2445078
0.4692257
1.1020550
1.5161852
1.7042288
1.1269158
1.2023375
1.0602981
1.1983893
0.5980068
0.9656859
0.6468846
0.6209817
0.8727995
1.5081823
0.3620803
0.6691880
0.5691871
0.5508403
0.4034640
0.9625849
0.4858979
0.1095800
0.1894224
0.4522534
0.4451789
0.8291498
0.5048373
0.4097813
0.9763701
0.6598704
1.5643944
0.6348693
0.4490434
0.5614457
0.2700485
0.7135753
0.2977760
1.7802331
0.6300591
0.5874182
0.5616008
0.8521614
1.0829081
1.0227668
1.1550016
0.3193120
0.8517704
0.5943280
1.3176866
0.5702998
0.5453527
1.1412036
1.1576351
1.1606139
1.1719184
1.0677125
1.2726139
1.6916247
1.2934517
1.3071582
0.5854242
3.0355253
1.6764482
1.4448259
1.9354373
0.9218935
1.6160918
1.3725994
2.7101681
1.1761941
1.5189496
1.8154901
1.1638702
1.5248957
0.5452808
2.1277217
1.5424066
1.5248899
1.3067038
1.6195841
1.9001689
0.7269341
1.3401919
1.6124812
0.6706587
0.9008118
1.7999798
1.0241939
0.6734840
1.1639339
0.9545318
0.8836919
0.4326775
1.1116780
1.3750627
0.6014775
0.6058913
0.7756459
0.2763035
0.4775053
0.9338919
1.5135094
1.9258848
0.1973981
1.1242106
1.1186102
0.9333723
0.4226987
1.3692188
1.1556754
0.5407140
0.5228369
2.0403454
0.8839425
0.7853077
1.5064615
1.5517423
1.7197191
2.0573892
1.0024083
2.3343083
1.2787023
1.8143525
1.2994482
1.2533133
1.3072192
1.7431370
1.3739069
0.3576176
1.0487146
1.8250310
1.6695978
1.7389883
1.5789952
1.2679630
1.0885628
2.6160898
0.9301481
2.5723641
0.6520089
2.1195654
0.5016943
1.0880136
1.0576003
0.5590007
2.9821611
1.5413900
0.9186275
0.8341097
0.8600909
2.0323110
1.6959693
3.0486202
1.8901063
2.3482195
2.9828998
3.5983607
2.5875267
2.4127167
1.6197296
1.6544375
1.3268993
1.7620530
0.6025218
3.5774633
3.5217700
1.7530995
1.4790673
1.9486762
0.7631450
0.7332134
0.6232495
1.1319928
0.4689745
0.9863305
1.4877959
1.0518590
1.3635057
2.1919214
1.5219595
1.3281156
1.9841637
0.5479318
0.4492687
0.9008579
1.2810297
0.7852763
1.5898489
0.5134797
1.1629499
1.1141157
1.1381370
1.1825547
0.3393966
1.0861988
0.3744687
0.2779452
0.8486697
0.6159146
0.5716118
0.6166548
0.8149240
0.8094569
0.3390101
0.3778262
1.0476038
0.5013545
0.5600200
0.6430269
0.8886640
0.6746641
0.1490912
0.2083743
0.4238874
0.2873849
0.4154017
1.1610155
0.6316402
0.6624392
0.7569625
0.5870856
0.9650156
0.8281343
1.1333185
1.2732863
1.0923447
1.0695890
1.2981304
1.4653345
0.7651321
2.3115787
0.8706795
0.7954639
0.6176825
0.6765156
1.5130014
1.2629500
0.7460545
1.2974438
0.8310665
0.7588172
1.5309229
1.2261668
1.4928692
1.1782722
1.1381764
1.2500501
0.9092866
0.5593228
0.5335856
0.6869292
0.6010172
1.0613275
0.7795158
0.6504808
1.1888923
1.6412247
1.2653458
0.9917447
1.4226868
0.9177678
0.9450976
0.8898560
0.1770137
0.8871723
0.3770623
1.3792823
1.0239714
1.0736143
0.1251155
0.5874020
0.5024589
0.9223642
0.1965867
0.4619786
0.8846421
0.4999922
0.2249934
1.8039665
1.1431906
0.5012977
0.2083900
0.7483238
0.6105909
0.3383841
0.8122476
0.2969832
0.5761999
2.0843459
0.7716140
1.0034164
1.2471198
0.6793769
1.0391918
0.7118646
0.9533161
1.7667075
0.6904507
0.9010937
0.5027335
0.8588989
0.5048020
0.4804394
0.9369611
0.5885962
0.4774020
0.9232255
0.7415769
0.7546344
0.4511210
0.9102341
0.7933435
0.6684803
0.6830910
0.1494517
0.6728875
1.3403219
0.5949028
0.6074277
0.5079728
0.7167058
0.3794669
0.4417553
1.4293109
0.2945428
0.6104835
0.0976135
0.8002847
0.6425509
0.4936991
0.4376381
1.0308275
0.3318447
0.8256374
1.1495036
0.6108609
1.2256938
1.1130069
1.3675132
0.6353946
0.5827601
1.3665905
0.8321564
0.9682987
1.3028196
1.1430089
1.0668964
1.2146818
1.0254778
1.1628341
1.4213233
1.0932903
1.0219610
0.8331256
0.7993334
0.9346124
1.3873719
1.5393893
1.8013967
1.2233325
0.6053565
1.1649863
1.4812012
1.0321851
1.4236102
1.2547044
1.2613444
1.5662230
1.5258554
1.3825077
1.3681663
1.3565402
0.9755163
1.1032015
0.9766067
0.8212960
0.9567607
0.6392490
1.2145199
0.5153332
0.9904920
0.9050992
0.7203604
0.3395461
0.2669417
1.0437370
0.9928663
0.6758694
0.1070011
0.6469945
0.8840030
0.6851338
0.9729463
0.8565298
0.8139714
0.9452287
0.6550819
0.4774186
1.1829087
0.7875337
0.7889693
0.6644401
0.6653631
0.8639322
1.1483905
0.8909784
0.4122029
2.2291768
0.7481430
1.0281554
1.0318180
1.3525819
0.5491309
0.4870170
0.4916712
0.6073964
1.3405901
0.6293185
0.9604930
0.8614322
1.0431981
1.1296682
1.2145752
0.8805032
0.8231306
1.2115564
0.7208682
1.4497850
0.3970608
0.3910007
0.6855119
0.2147643
0.5531449
0.4562900
0.3179606
0.3910333
0.9558478
0.5526146
0.3160436
0.2172830
0.3366984
0.6480570
0.3615339
0.1613602
0.4342778
0.9547054
1.1652315
0.9409127
0.8839977
0.9288399
0.3400265
0.8093571
0.7813933
0.6994574
0.4893971
0.8423242
0.8126040
1.5614530
1.3794714
1.8574481
1.8489182
2.0993377
1.8107592
2.2557070
2.3258615
1.3712421
2.1018781
1.9613042
2.0244105
1.6804607
1.0411866
1.0160476
1.6419188
1.2791481
1.2256005
2.3678947
1.2305187
1.0348115
1.1566463
0.9024044
1.4640321
1.4565668
1.1257935
1.2339504
0.9589945
1.0040492
0.7971517
1.4936335
1.4445072
1.7073429
1.6066078
2.5888130
2.9914744
2.6342145
2.1716908
2.1624624
1.7495045
1.2567358
1.3642834
1.1259943
0.8179013
0.6254018
0.8334184
1.0435347
1.4413673
1.2038855
1.2362027
1.4486222
0.5809776
1.1644537
0.8845892
1.1369968
0.4040432
1.2896141
0.4947386
0.9903169
0.8782311
0.7409113
0.7274389
1.3621843
1.2860746
0.8224724
0.5803490
0.7326677
0.8442716
1.0621068
1.1532318
1.2857895
0.5986244
1.0621179
1.8224596
0.4654126
0.9055011
0.7871427
0.8948924
0.8741082
0.7927563
0.8376827
1.1091054
0.8422596
1.0505167
0.9400576
0.3549453
0.4070957
0.5898148
0.4317785
0.3580671
0.5955529
0.3826621
1.1736675
0.6318261
0.9914398
0.6805023
0.5137484
0.7676609
0.5864210
0.5104674
0.3802796
1.0938393
0.7336832
0.7126437
0.6865373
0.7447517
0.8380450
0.1965468
0.2771165
0.1817460
0.3611188
0.7032912
0.2910428
0.3026952
0.1719452
0.1859922
0.2840403
0.5031149
0.4426413
0.6303743
0.4824285
0.2942131
0.5959243
0.6494458
0.4772056
0.6283990
0.8369878
0.6573538
0.5159084
0.4220239
0.3918722
0.1871968
0.7788034
0.2588122
0.5243646
0.9942541
0.6878162
0.4312475
0.6174557
0.2979124
0.4830296
0.2426108
0.2179987
0.9213500
0.1356629
0.5864126
0.6321142
0.4251906
0.8949357
0.0541400
0.2761257
0.4656637
0.8100169
0.2853951
0.8033796
0.3534220
0.4612586
0.3417245
0.5361766
0.3115181
0.4449208
0.5764861
0.3744301
0.9349165
0.5473903
0.8123103
0.8720752
0.5916242
0.2496739
0.7626525
0.5030532
0.4811095
0.4367816
0.2592582
0.6402017
0.3063305
0.3608557
0.2964669
0.5215400
0.2991878
0.2229527
0.3855887
0.2045395
0.2157015
0.5179807
0.2738378
0.6701006
0.4775888
0.5908465
0.5209873
0.2880229
0.8944874
0.5987764
0.1456109
0.6057755
0.4026453
0.4375384
0.7619146
1.0104701
0.8758358
0.3796707
0.4655152
0.7079253
0.4460508
0.7288065
0.4033049
0.5115163
0.4530091
0.7046304
0.1179676
0.6708309
0.9022381
0.8894049
0.6234184
1.2312986
0.5392668
0.5596334
0.4995611
0.0965998
0.5342419
0.7042252
0.9971944
0.9278051
0.6200388
0.3844172
0.2760430
0.7770219
0.5090046
0.7883747
0.4894846
0.1841493
0.1821401
0.7921509
0.5001378
0.3662893
0.1934624
0.6124936
0.6082015
0.6427033
0.4716909
0.7983539
1.1745559
0.6034108
0.5515027
0.6408141
1.1171655
0.7884861
0.5721822
0.5165590
0.4204508
0.8170918
1.0517368
1.0717934
1.3235619
0.9649130
1.1198323
0.9826160
0.9182770
0.7336738
1.0972590
0.4304490
0.5484468
1.0206453
0.7452183
1.0044817
0.5884532
0.8853407
0.2166800
0.5238295
0.8843109
0.6064403
0.4983417
1.2338203
0.3896096
0.5343520
1.1797309
0.2960746
0.2215368
0.2979756
0.6351417
0.4407567
0.7525818
0.3700846
0.5092901
1.2919082
1.1671300
0.3659203
0.4556634
0.4585002
0.2531431
0.4408801
1.2070869
0.5685850
1.2421086
1.0225284
0.6674612
0.6221667
0.9222981
0.5355742
0.4829178
0.2625339
0.3337671
0.6627024
0.6055518
0.4004641
0.2606642
0.7875474
0.4255747
0.2503328
0.6886239
0.4922897
1.2220996
0.8204797
0.9635558
0.5991488
0.6043068
0.6933865
1.1075635
0.7870298
0.4260157
1.0540069
0.8060042
1.0466974
0.8379246
0.6310975
0.5008400
0.6718711
1.0957223
1.2001842
1.2577151
1.7076756
0.6766885
0.7035411
0.9334433
1.7263895
1.2762141
1.4253535
1.4734081
0.7917651
1.5277109
1.6601665
2.1590522
1.0289406
1.0117954
1.1005980
2.0491084
1.8004039
2.1223805
2.0120559
1.5722935
1.5450197
2.2695684
0.9951165
1.5371792
1.2141324
0.5313104
2.0043091
1.6493908
1.6169133
1.9192306
1.1483765
1.6962621
1.5188998
1.4855931
1.4970334
1.2147021
2.2677738
1.5215257
1.0006335
0.9697744
1.5711828
1.8320809
1.3582071
1.7801608
0.8214073
0.9138597
1.0249929
0.7117722
0.3877502
1.0745648
0.9783885
1.0715710
0.7099181
0.4894729
0.6379787
0.7218542
0.5866929
0.7550426
1.0944643
1.3091629
0.6315018
2.1357101
0.6785682
0.9097902
1.7458143
2.4615026
0.6697817
2.0446641
1.6428980
1.5644001
1.5308915
1.7881657
1.3644256
0.6783252
0.8644363
1.3847079
0.7935586
0.9706881
2.2063967
1.5355843
1.1996831
0.8818201
0.9435266
0.5246030
1.5791036
0.9193991
1.0284913
1.2909052
1.6183589
1.5997613
0.7518502
0.6653311
1.6798184
0.9251928
1.5729007
1.2478984
1.3514530
0.5690445
0.9166107
1.7397220
1.4048803
1.1553404
0.3580365
1.1156446
0.4149974
1.3225937
1.0755151
1.4939422
1.0530313
0.6726086
1.9376928
0.8512773
0.1595996
0.8757555
1.1441989
0.9102710
1.4836902
1.3110091
1.0757485
1.1644453
2.1542989
1.8678893
2.3127638
0.3716215
1.0407190
0.3220125
1.8008863
1.9529810
0.9010957
1.6154951
1.5319958
0.9728717
1.3177127
1.5247223
0.2973694
0.7766748
1.4543916
1.9934235
0.3774896
1.2854299
0.6642783
0.7097486
0.9754040
0.6289142
1.0351893
0.4656729
1.5101739
1.0108400
0.4516761
0.9387215
0.8180124
1.3703158
2.7549510
1.5455420
0.7115319
1.0318786
1.4429192
0.9422871
0.9681004
1.1572449
0.3380754
1.0362714
0.9514554
0.9917970
0.4187334
0.4961149
1.0130766
0.6841510
0.5708914
0.5500060
0.9466745
0.3209846
2.1144277
0.6945327
1.2701751
0.9137221
1.2146309
1.0887271
0.6709334
0.3622338
0.5110083
0.4739538
1.1373742
0.2500833
1.3018661
1.1388263
1.1680206
1.0708980
0.6851694
0.6909098
0.4872980
1.5766293
0.4981182
0.9303171
0.6439585
1.4581889
0.9049545
0.6181286
0.9596305
0.4735777
1.1263326
0.8152114
1.2144410
1.4912880
0.9940970
1.6212380
1.6519221
0.6830377
1.0795815
1.0466142
0.6392967
0.5884779
0.7162877
0.8911577
0.9394712
1.2823769
1.0622692
0.3562211
0.2956564
0.7743452
0.9350060
0.9812128
0.8121686
0.7995085
0.7974813
0.9930193
0.7758330
0.8045349
0.5856890
1.2675669
0.7081339
1.1309384
0.5713799
0.5007822
1.0777175
0.5227307
0.8717556
0.8244565
0.3561871
1.5564289
0.5625824
0.2691233
0.7620910
0.5576820
0.4317845
0.4645802
0.5097912
0.4399017
1.2077723
0.1871323
0.4187255
1.2757169
0.3650622
1.7130762
0.3016864
0.8187990
1.5913023
0.6043127
0.5990944
0.7307253
0.6547732
0.5420418
0.7633897
0.2648820
0.5686549
0.5245660
0.4925089
0.4285506
0.6524729
0.5419122
0.2271921
1.5550534
1.0974294
0.3499851
0.5015739
0.6193835
1.1190098
0.3226290
0.7741310
1.1515878
0.7802769
1.1644327
0.5662337
0.2892361
0.9344839
0.5113877
0.4197252
0.2999994
0.1604208
0.2619974
1.1853343
1.3108543
0.9746208
1.8040217
1.8212670
2.0692409
1.8942401
1.6398428
1.8600050
2.1211153
1.9572586
2.0512138
2.1396334
1.6149765
2.7058097
1.8869279
2.4498476
2.7508907
1.8138866
1.9934273
1.6381956
1.2695860
0.8795632
0.6216912
0.8165620
0.9122959
0.8316273
0.4916362
0.6755656
0.3500892
1.8011353
0.5111296
0.6762342
1.0717923
0.7156364
0.6498731
0.9982527
0.3612462
0.6908362
1.3148439
0.7442383
1.6208264
1.0186030
1.7118017
1.5904755
1.8385901
1.5210967
1.4017843
1.4682525
0.9835563
0.9963888
0.9411592
0.4786928
0.2719329
1.1862585
0.9450827
1.2737230
1.2473949
1.6209794
0.6330730
1.6154771
0.7249565
0.8539169
0.6180795
1.0270119
0.6599385
0.4344452
0.6452453
0.5882224
1.0280952
0.8043796
0.4498805
0.7285269
0.3531361
0.7211085
0.7612361
0.4214765
1.2011403
1.7666301
1.5034085
1.1268873
1.1426030
1.3587365
0.9481118
0.6824745
0.1518278
0.4260398
0.5156473
0.3356604
0.8106628
0.4950080
0.8332305
0.3253668
0.9034896
0.9576004
1.0709503
0.4376662
0.8941688
0.3179125
0.9132480
0.7823671
0.6458438
0.9164314
0.8510209
0.7867521
0.3442402
0.9521424
0.9617163
0.5857836
0.1754559
0.5837491
0.7889546
0.5568252
0.8971350
0.7483503
0.3373291
0.1852520
1.3335749
1.0755456
0.5558701
0.9249615
0.9893913
0.4680563
0.6835751
0.9632617
0.4749643
1.3962453
0.7646533
0.5919585
0.3700098
0.6470273
0.9665397
0.6018451
0.7088903
0.8087918
0.4414425
0.6363213
0.5700242
1.3787594
0.2954721
0.2398468
0.4915174
0.4504531
0.3779804
0.8793935
0.4010962
0.5954677
0.6638457
0.4199426
0.4591869
0.3763110
0.6436549
1.2318082
1.0483811
0.9069941
1.0529148
1.0857714
0.4372823
0.7554136
0.4447545
0.2949503
0.8798638
0.5807455
0.5858106
0.7245854
0.6302055
1.0463687
0.8018768
0.8476651
0.1917951
0.2304010
1.2240767
1.4125769
1.0493216
0.6268095
0.8505265
1.1788025
1.0273469
1.6689126
1.3006731
1.6700119
0.5211610
0.7914413
1.2691662
0.5013991
0.5507334
0.6171748
0.6824961
1.4705880
1.2739527
0.4797834
1.2844978
0.5803053
0.9106050
1.9138595
1.1470052
1.1862339
1.1334318
0.5208260
1.6060884
0.6408312
1.7826028
0.8279074
0.8526485
1.5407255
0.8808261
2.0606138
1.8536671
0.6824205
1.8072515
1.2389323
1.6422394
1.6984798
1.1692914
2.2579151
2.1595744
1.4404221
1.4992779
1.5317738
1.9324479
1.1207957
0.9721441
1.6195603
1.9390755
1.3101438
1.3547350
1.8566463
0.5741200
1.0660651
1.4666574
1.8648542
1.5084325
1.9823517
1.5276876
0.5869310
1.4616587
2.9826218
1.3174719
2.7588740
3.0148162
2.9739314
1.6136904
1.5270165
2.5719926
2.3819000
2.9957240
2.3051092
2.5088499
1.2228079
2.3524457
2.9665194
1.1694684
1.9382383
1.3428793
1.5611922
2.2325732
1.6498111
1.9348096
2.1590642
1.3812438
1.2870930
1.1894651
1.9414109
0.9647028
1.6214118
2.7227426
1.9833814
1.2114699
0.7948771
1.5263922
1.1234556
1.0317048
1.4876355
0.2489432
0.4377704
0.2311121
0.7290745
0.5360145
0.2348469
2.4134819
0.6871661
0.4275053
0.2595845
0.1309152
1.0628230
0.6799080
1.2210543
1.2789689
2.2142548
1.6785974
2.6914950
1.3975810
0.9704840
1.2008960
1.3572960
1.3620605
0.8017807
0.9323426
0.6105110
0.2780544
0.7989983
0.3497414
0.7882793
1.0772564
0.9356592
0.7057974
1.6670817
1.2791588
1.1295216
1.1511330
1.2692229
1.3742811
1.6166211
2.6515964
1.0825508
0.9109214
0.8103056
2.0653354
0.3750494
0.7408025
0.2218465
0.4863252
0.4926804
0.5360465
0.3117940
0.7475345
0.6822099
0.7757397
1.4354125
1.7788328
1.4094145
1.5994367
1.0373377
0.9179385
0.7015545
0.9695825
0.9448191
1.1963657
0.6549474
0.9814242
0.5222093
0.4203493
0.7741922
0.5908967
0.7373116
0.3048445
0.7249838
0.2789070
0.5719749
1.0453346
0.7621163
0.9997367
0.4726053
0.7961813
0.6593560
0.6697612
1.8401697
2.0627979
0.6352402
0.9538461
1.1420923
1.1334903
1.4803876
1.2424492
0.9389592
1.6032348
0.8804810
1.4246337
1.1228151
2.4927723
1.0493339
1.9703167
0.8653047
1.0729310
0.9662343
1.0375233
1.2888995
2.1655179
2.1440915
1.2803991
0.8175509
2.1609520
1.7037125
1.5429659
2.6304678
1.8140975
2.2537642
1.0680739
1.0946349
1.2363420
0.8122079
1.7142559
1.2989945
1.7279123
1.5110485
0.4617593
1.2740026
0.9982172
1.0682672
1.0709068
1.8651051
1.4500827
0.2443757
0.3320732
0.9149533
0.4311512
1.0506389
0.3985026
0.4665136
0.5473434
0.9175310
1.2191003
1.3459897
1.0712471
0.9138678
1.6429135
0.5647323
0.6339003
1.3391360
0.8914287
1.3111108
0.7131943
1.0250534
0.7829232
1.6850652
0.3001371
0.9052347
1.0507374
0.5604356
0.6536958
0.8763176
1.6389289
1.0781090
2.4895894
0.7061441
0.9965640
0.8912384
1.3225871
2.0311786
0.8449018
0.4492590
0.2301647
1.2563389
0.8763573
2.3680036
0.5467641
1.1323893
1.1429425
1.5053349
1.7492738
1.7983038
1.8665255
2.2310607
1.4835588
0.9651086
1.1382041
1.3562334
1.0884897
1.5794417
1.2598741
1.7853401
0.9592264
1.3614217
0.5680465
1.0234648
1.7332941
1.4705211
1.3383983
2.3034345
1.6736623
1.9329158
1.5922764
0.3382462
1.1776445
1.6858225
1.1417472
0.9646445
1.7220731
1.7391215
2.4893672
1.4435086
2.9564240
1.8966215
2.8058184
1.7189859
1.3246754
2.3633757
0.5239176
0.8476558
0.2887736
1.2283744
0.1519908
1.1732365
1.5278199
0.4986940
0.6952940
2.6892139
0.7761813
0.2743085
1.2104586
1.3871546
1.7670923
1.5525012
1.3227196
0.7478499
1.5244855
1.2389085
2.0199265
1.1097506
1.7408735
1.1961821
0.4619860
0.6778852
1.6435219
0.9490147
1.4092147
0.9042665
0.8277712
1.8918985
1.6890182
1.3237193
3.4405521
0.8105280
2.0484491
0.9829409
2.1872764
0.9655431
1.2380681
1.4340961
3.6232104
1.0511417
0.6799932
0.9033332
2.2158706
0.9404242
1.5430715
1.9454812
0.4142156
1.5961608
1.9702760
2.0099400
2.4512360
1.0167700
2.1489906
1.9267026
0.7178600
0.8771704
1.0295201
1.2227490
1.0862754
1.2649946
0.7884087
1.9437078
0.2978890
1.9336807
0.7461318
0.5606300
1.8056917
0.9770402
0.9040406
0.5815180
1.0827485
1.5730284
1.2896937
0.3496872
0.6174846
1.5469745
1.2658257
1.4321794
0.5008067
1.3483907
1.8418048
2.6337590
2.2489975
0.8674391
2.7592397
2.7787322
1.1413301
1.3834454
1.2613385
1.7651569
1.4182093
0.7693355
1.6931243
1.4656901
1.3855967
1.9351568
1.7553001
2.1248032
1.0643490
1.5477293
1.2118560
1.4263714
1.1272015
0.9765119
1.1862194
0.6104120
1.4092250
2.2775529
1.7481016
0.6429206
1.5782721
0.5230967
0.8874583
1.7456183
0.6665379
0.8087667
1.5521334
0.9865400
0.8933926
1.2163206
1.2880376
1.6331753
1.0459793
1.0950633
1.5310148
0.9191937
0.4817973
0.6915064
0.5126230
1.1000343
0.1719231
0.5186943
0.6520031
0.6003436
0.7551405
1.4863554
0.8444765
0.9870625
0.5088683
0.3441741
1.7328324
1.1155053
0.6130095
1.4275428
1.3082009
0.5957979
1.0468672
0.9987149
1.2590899
1.0344221
1.1677613
0.9738557
1.6643577
2.7000087
2.1759775
1.6123047
1.6101634
3.1143249
2.4219060
1.9101921
1.5045605
1.5494369
1.6452672
2.1773894
1.6890960
1.4478789
2.2655610
1.2761438
1.5960118
1.5251333
1.5575639
1.4949551
1.3582482
2.0538011
1.4607135
1.5310460
1.8523198
1.6375071
2.3626369
2.0693962
1.8516260
2.8396251
2.4371255
2.9310090
2.3732138
2.4502575
3.4440057
2.2221837
2.1303281
2.3119620
2.1405523
2.0199609
2.3199222
1.7173061
1.6592307
1.3036082
1.7549345
0.8949154
0.9767605
1.0250372
0.5261074
0.9806941
0.5159988
1.6190532
1.5883168
1.4227666
1.3847129
2.6076943
2.0417106
2.7124355
1.7395767
0.9467357
1.6070706
1.6360661
1.3006441
1.6298468
1.8892238
1.2296195
1.9314261
1.2565337
1.6715355
1.5616816
1.4999571
1.8030713
2.5962805
2.0140695
1.1214731
1.2098913
2.0000864
1.9182247
1.3172744
0.4008687
1.7081184
0.6087265
1.0247512
1.2408589
1.1533349
1.0323853
1.1303666
1.2113948
1.2236818
0.4605013
0.4813821
1.2590824
1.1506552
1.1443665
0.4793607
1.4368544
0.7599683
1.2370427
1.3219714
0.5666160
2.7339314
1.1822457
2.3774897
0.4018896
0.7945271
1.1406635
1.1051817
1.3638642
1.6967439
1.6680636
1.8081075
1.4773143
0.7930480
0.8825934
1.8212572
2.0802557
0.5960475
1.7940772
1.1052936
1.4703314
0.8171514
1.0399589
1.4716033
1.4319291
2.2568864
0.6550598
1.4789882
0.7046580
1.7084562
1.7291744
1.8514609
1.7105591
1.9051409
2.6883599
2.0150802
2.2984796
2.2685624
2.1828071
1.1196357
1.6433947
1.6363037
2.4208229
1.8392163
2.1608184
1.6052703
1.4968719
1.3183959
1.3983521
1.3427238
2.6530677
1.4675708
2.0324493
2.3622485
1.5272781
2.0900378
1.5024175
1.3215444
2.0344695
1.5344968
1.1997131
1.8003310
1.5875872
1.4409743
1.5475423
0.9889929
0.9058950
1.8274426
2.3202021
2.3180278
1.6761961
2.2861529
1.7690878
1.6991191
1.4365812
1.8487035
1.7040236
1.2617049
1.4358591
1.9998624
1.1791076
1.2805020
0.7112624
0.9054701
2.4594423
2.1060914
1.6824222
1.0890169
1.4515620
1.7612900
2.0348116
1.8868220
0.7234509
0.8207633
0.6283365
1.5632454
1.6892107
2.4887860
2.0962405
2.0234124
1.4430891
1.5023841
1.6333948
1.7182958
2.1509590
0.6333503
2.5812947
0.5396976
2.9574384
1.9661300
1.2964421
1.3209544
0.6352450
1.4914734
2.3058808
0.4092566
0.8544799
1.7989445
1.0916894
0.8327199
1.4870148
0.8775950
0.9313816
0.5743227
0.9778197
1.5611254
2.0982669
0.7608865
1.7930281
1.0765599
0.6181546
1.1850566
1.4335564
1.1602917
1.7192550
0.9602729
0.4801412
0.8888740
0.8562541
0.5107378
1.3663156
0.9429517
1.5505591
0.3740649
1.5459608
0.9919496
1.8366006
0.7878237
0.7873431
1.1280474
1.3810275
1.4485207
0.7076089
0.5085382
0.7916815
0.9796502
0.7267256
1.1125532
0.5522100
0.2505462
1.1571382
1.0702370
1.1557338
0.8797104
1.1499095
1.5330125
0.8597871
0.9609750
1.2710151
2.5543615
1.0415973
0.9602142
2.0996711
1.1890242
0.9653169
1.6484830
1.4239621
1.3823380
1.4755483
1.1280592
0.8862373
0.5092774
1.7389034
1.6080600
0.6473006
1.4853717
0.8027643
1.4998575
2.1991580
0.9879321
0.8115595
0.9489842
0.9439431
1.7832430
1.0522300
0.9880231
1.4091836
1.3049953
0.9739663
1.0318969
1.6709185
0.8980548
1.2879958
1.4970945
1.0770759
1.0342871
0.3712899
0.9872132
2.2784935
0.8574597
1.1937525
1.4610620
0.3979672
1.7982260
1.6494265
1.3306426
2.2141346
0.5464027
0.9801337
1.1649492
0.2643299
1.2633590
1.4428393
1.5043856
1.2332376
1.5378478
0.7954822
1.9954064
0.5890454
1.0507376
1.1859769
0.9645165
1.6242630
0.6501484
1.0970683
0.7874756
1.0597633
1.5355542
1.2815867
1.7225161
0.7492203
1.1234677
2.4338195
1.5458353
1.6262749
1.2389068
1.8794625
1.2220563
0.9059833
0.8707301
1.7421637
1.2004023
0.7981621
1.0901573
1.0307752
2.6458078
0.9995022
1.4239010
0.6678254
1.6327326
1.3873603
2.1258243
1.4101695
1.3272755
1.5240741
0.8388090
1.6272114
1.5340196
0.9051786
1.1535818
2.2739280
1.2271885
0.2622738
1.5297480
1.4553836
1.2756876
1.1055591
1.8582500
1.0107601
1.6442951
1.3023584
1.7373941
1.0897112
0.6680205
1.4403383
1.6121461
1.0066371
0.6040620
1.4695654
0.6900931
1.7647567
1.4814601
0.8324587
0.8820668
1.5338889
0.9186940
1.4633794
0.6769778
0.3847421
0.8804901
1.0052891
0.4771336
0.7559333
0.8322872
0.8257493
0.8554085
0.7311910
1.3925418
1.2275879
0.9257477
0.7381711
1.8760169
1.8289052
0.9571486
1.2023393
1.0573475
2.0054409
0.9599323
2.8758178
0.8170416
0.9110763
1.3655227
1.4110298
1.2854774
1.3424353
1.2486217
0.7008702
1.7300480
1.1218028
2.9993484
2.6792892
1.4361550
1.1814896
1.5884108
1.4509950
1.6560725
2.6913896
1.3558026
1.5911124
2.1595471
2.2156337
1.5104636
2.1789520
1.9595254
1.8678499
1.7520382
1.2224020
3.7561690
2.0144395
2.7865644
1.8898489
1.7555741
1.6483250
1.6896855
1.3206125
1.0544130
0.9610229
1.4680448
1.0248609
1.4986159
1.1637172
1.4092527
1.8549882
2.1415344
1.0952839
2.1457912
1.8704846
1.6206785
1.9824772
1.2677290
1.3403799
1.3155147
1.3609684
2.1522393
1.6186050
1.2566454
1.3098865
1.1174995
1.2896835
1.0102225
0.7984017
0.6832054
1.3651993
1.7483478
0.9863377
1.7611260
1.0668175
1.5920071
0.9938211
1.6920231
1.2497035
1.7621534
0.5382151
1.2340121
1.3666654
1.7818155
0.6325529
1.5053200
0.2620945
0.6088180
1.1076127
1.2749659
0.5070082
0.2248950
1.2925802
0.8153481
0.3529714
0.2367770
1.0506537
0.5961442
0.8304872
1.4925529
0.8531395
0.5112327
0.2902664
0.5487201
0.2783118
0.9752877
0.6155665
0.7187889
1.0188876
0.3465872
0.8228125
1.3274882
0.4098812
0.7808380
0.7188712
0.5816773
0.5475403
0.4949767
0.7487672
0.6330823
0.4326367
0.5633573
1.3483163
0.5535382
0.9965077
0.6346955
1.0270255
1.1771169
0.4701081
1.1898459
1.7797699
0.7689029
0.5298924
1.2074592
0.4482814
0.8570566
0.8818017
0.6790102
0.7149620
0.5259343
0.3260501
0.4382586
0.5438541
0.6903542
0.9671247
0.8075039
0.6290792
0.6736480
1.1546543
0.9917279
0.5621657
0.3446283
0.4916276
1.5828577
0.6789256
0.7597771
0.8004492
0.2030029
0.8165262
1.4098337
0.4066270
0.7410062
0.8735606
0.6329507
1.2059673
0.4447948
1.3844947
0.7658922
0.6967980
0.8267598
1.7814704
1.4814632
0.6555578
0.3700864
1.0078899
0.8633201
0.5499918
1.0905943
1.1744463
1.4419627
1.3624042
0.1936638
0.8626042
0.9772927
0.9070665
1.6478794
0.8005750
0.9610066
1.2874475
2.1420217
0.3841205
0.8807903
1.2880525
1.2400311
1.5083173
0.4736508
1.3254615
0.3725304
0.9116550
0.5774984
1.1858089
1.5957049
1.0409671
1.8709959
0.6233856
0.9125133
1.4340385
0.2581486
0.2831058
0.9754626
0.8708114
1.2159304
0.8816898
0.8062048
0.6693943
1.3065076
1.6801564
2.0407250
2.9335375
2.6329269
3.1744089
2.0914829
2.3854332
1.5020282
1.3938578
1.6308512
1.2340246
1.3958486
0.5156161
0.9279116
1.2236546
1.5796932
1.1517925
1.6588381
1.4084767
1.1884471
1.6847184
1.0752204
2.4016977
2.0609019
2.0070364
2.2129938
1.5480664
2.2295808
1.6339370
1.2019668
0.7705015
1.0223347
1.3093360
1.8313198
1.9097211
1.4612822
1.6514152
1.3767865
1.4621920
1.3128869
1.4670662
0.9500341
0.9038007
0.7461318
0.7628975
1.2327322
1.0385637
1.4396443
1.7210337
1.4367854
1.2897894
0.8148929
1.2985370
1.4209828
0.8045030
1.4359315
1.4391605
1.4146310
1.3292721
1.4412322
1.6151768
2.7348774
1.2940218
1.0189085
2.5965453
1.6467866
0.8160803
1.8504171
1.0194093
1.2592891
1.0895126
0.3731403
0.6968528
1.1626226
0.5179380
0.9472613
0.2587758
0.7270219
1.1638648
1.1860136
0.5446852
1.2240768
0.8626073
0.6470350
0.3859911
0.7716641
1.8398541
1.3796028
0.9448147
0.9474912
1.2169860
1.8972906
0.8711161
0.8317644
0.5478654
0.9122034
0.3316420
0.3320643
0.8890440
0.4443111
0.5553125
0.7358917
0.7123934
0.4192314
0.4773896
1.0397947
0.7666073
0.5371742
0.6366521
0.6448016
0.6649913
0.5083060
0.7134106
0.8412549
1.0922200
2.5872685
0.1895447
0.9411362
0.4134010
0.7365915
0.9188416
0.9779728
1.2646034
0.9087291
1.5730522
1.3069158
1.2860333
0.6504596
0.7031959
0.9578019
2.4427813
0.4955155
1.1589381
1.7043901
1.6211844
1.1927956
1.0363724
1.4234368
1.1901911
0.9124582
1.5694046
0.2293515
2.2670085
2.0410084
1.1594906
1.0362748
1.1960296
0.9701408
2.5425923
0.8099698
1.5361053
2.7291747
1.5278474
0.6285876
1.4039119
0.7390674
0.5629396
0.9738112
2.5437981
2.2555209
0.9114217
1.5832854
2.9843127
1.6383293
1.3065504
2.8934222
0.9654207
1.9625895
2.0520796
1.0351959
1.7754080
1.7935423
0.8732151
0.7484855
1.7981280
1.6526688
1.6279809
1.0924757
2.3458558
1.2869833
2.9820229
1.2490066
1.5331211
1.2183025
0.3086524
0.4376224
1.0329259
0.6244980
0.8461583
0.6545453
1.5538490
1.3226551
2.0177955
1.2465064
2.0976671
1.5683729
1.2337760
1.0784876
1.0547597
1.4291272
2.2036587
2.3716146
1.9474592
2.2271647
2.0518890
2.5002832
2.2440762
1.7549596
2.1368133
2.6570654
2.3281897
1.8477258
2.0740402
1.9763833
2.4224033
1.4149489
1.1300186
1.7511636
1.6828004
1.9736305
2.0877867
0.9459433
1.8902183
1.8842698
1.4893917
1.7682673
1.6150661
1.1674253
1.5483887
1.5841972
2.1749745
2.5232887
1.5701194
1.2635946
2.8960051
2.7210636
1.3728411
1.6617015
0.9362719
1.9563256
1.6821822
1.8033008
1.2911738
2.0410629
0.9929950
1.7700207
0.7607858
1.4285356
1.5947607
1.4713239
0.9318661
0.0923052
1.1793314
0.7979932
0.7060316
0.6315844
0.4261424
0.5772115
0.6388559
0.6740716
0.9718338
0.9282584
1.1369446
0.7770427
0.5465045
0.8537530
0.6927094
0.2931202
1.2734644
1.2505264
0.6985281
0.5402699
0.7301798
0.6019948
1.2034454
1.6218402
2.2389162
2.6215642
2.1214585
1.9637501
2.2996695
2.4388161
2.5776403
1.6125395
1.0342784
1.2636917
0.6274889
1.2563258
0.9420476
0.2135217
0.7584691
1.5686458
1.2899466
1.8399909
0.8944942
3.0697292
1.1584999
1.6973222
1.3992848
1.2333841
1.9405598
0.9325529
1.2254266
1.1282784
1.1565506
0.9435237
2.1724505
1.8294332
1.6865877
1.5481242
1.0445254
1.0371777
0.9406877
0.2180925
2.2228957
0.9788471
1.0761970
1.5176450
0.9109678
1.4267196
1.2079446
2.2614833
0.7583803
1.6999032
1.1752334
1.0273822
1.2630150
1.4539817
0.8989553
1.1101667
1.2757840
1.1383095
1.9705505
1.0169104
2.0073233
1.0127725
1.2781888
1.2805527
1.4862194
0.7058418
2.0203380
1.4425312
0.7896825
1.1200800
0.8175446
1.4940784
1.3542565
1.7700925
2.1268028
1.5671794
1.0442511
0.8488730
0.4466433
0.4912819
0.1432535
0.7547890
0.6634454
0.3954849
0.7277250
0.5914926
0.5753430
0.5999297
0.9019694
1.5863946
0.5618182
0.3788885
0.4395654
0.6539013
0.5535550
0.8640987
0.3375634
0.8355064
0.7388550
0.5132896
0.7642443
0.1432967
0.3821611
0.2472731
0.2709173
0.2687988
0.7565422
0.6301678
0.6534610
0.7026826
0.5248641
0.6135922
0.7403953
0.5784920
0.2898146
0.6046286
0.9936728
0.6137364
0.7326581
0.3578097
0.6134461
0.3709417
0.4719590
1.1026409
0.5467116
0.5701936
0.1777279
0.3473071
1.6534514
0.3667350
0.7619914
0.8290905
0.2228122
0.3186163
0.5401436
0.2967106
0.4886981
0.7276822
0.4821652
0.8553204
0.3375623
0.5405292
0.4062257
0.5309567
0.8032491
0.5457651
0.6775513
0.4726162
0.5519675
0.5812706
1.0932985
0.5004693
0.5311039
1.1517191
0.2964281
0.8737789
0.2209274
0.6521418
0.3124042
0.2035748
0.7920011
0.3707867
0.7503392
0.6135871
0.6694080
0.6468929
0.7070567
0.7063536
0.4618670
0.5276085
0.4070321
0.2156178
0.4946084
0.5629429
0.2152954
0.4442639
1.0723647
0.5228266
0.4948529
0.6989454
0.4761048
1.0929570
0.2157201
0.5784191
0.5465948
0.3219640
0.5636386
0.7993307
0.5181684
0.4480560
0.7630731
0.4356287
0.6631115
0.2063090
1.1725636
1.1098553
0.8504627
0.7610389
0.7390344
0.5296978
0.3707134
0.5391669
0.2771073
0.5384958
0.4212462
0.4251601
0.3563701
0.4454987
0.3859490
0.4680235
0.5860643
0.7230645
0.7255732
0.1410983
0.7704584
0.4255787
0.3583344
0.2722246
0.5557108
0.4898199
0.6843947
0.3536134
0.6694868
0.2836691
0.2822474
0.6449391
0.7210725
0.1593609
0.5321758
0.5290498
0.3670545
0.5354264
0.3899547
0.5817441
0.3521371
0.3917873
0.8099605
0.3440377
0.3663749
0.9693542
0.0844760
0.4246310
0.6929760
0.2244544
0.4677612
0.4490114
0.6464777
0.4278803
0.5686995
0.4966553
0.2593765
0.6041499
0.3191109
0.6480912
0.1415273
0.1717589
0.5638580
0.4285250
0.5732295
0.2214531
0.4627046
0.4318106
0.2000000
0.4134312
0.5265980
0.2149282
0.4692082
0.6282514
0.6374982
0.3171655
0.3314418
0.4496271
0.6643447
0.5883742
0.5523390
0.5861355
1.0306467
0.4629982
0.7942039
0.5213998
0.3671351
0.8147753
0.3108955
0.6659157
1.0431855
0.7982712
0.7541046
0.2313281
0.2713771
0.3619024
0.3148204
0.8046633
0.1857384
0.4685614
0.3447064
0.3123983
0.2538798
0.4472313
0.4396673
0.4921965
0.0221420
0.9057523
0.5509236
0.4242267
0.2576983
0.4742353
1.2128903
0.3822582
0.3586678
0.6252416
0.6655783
0.1898417
0.4911124
0.4474769
0.4324612
0.8601118
0.2907828
0.2483644
0.6333164
0.4700030
0.4030962
0.8393885
0.4007777
0.5954612
0.4135018
0.6134067
0.6471504
0.3812687
0.3643947
0.6975255
0.4588482
0.7085233
0.9875179
0.4056838
0.2407534
0.3828419
0.2511843
0.6365605
0.4876662
0.7665472
0.3907840
0.6598830
0.7125445
0.6924588
0.5189666
0.4508699
0.3010670
0.4430193
0.7814149
0.3831337
0.4324140
0.2526885
0.6971104
0.5633013
0.8595177
0.0868306
0.5759293
0.5212973
1.1105605
0.3134296
0.4074321
0.4795245
0.5518707
0.6439392
0.2727933
0.8278745
0.7518629
0.4972827
0.4030368
0.5680411
0.4545656
0.4756017
0.3601388
0.6459177
0.7390890
0.3837841
0.4665944
0.9554680
0.3707078
0.8562073
0.1971905
0.2790563
0.5416588
0.3583096
0.4480308
0.8693421
0.4332852
0.7690701
0.5288281
0.4414964
0.4436296
0.3813735
0.0800884
0.5160708
0.5942948
0.3696480
0.4246266
0.9026811
1.2248005
0.2710998
0.7363319
0.8161967
0.7852132
0.7010291
0.5205840
0.7759085
0.3054834
0.3618775
0.3178992
0.4699671
0.7096328
0.5738535
0.3298281
0.7917909
0.7734694
0.5959502
0.2805850
0.9164840
0.3974266
0.2725363
0.6719442
0.4620822
0.5180970
0.7453111
0.1851300
0.4574656
0.4215472
0.3883349
0.4148375
0.5653044
0.3119863
0.5848776
0.2783274
0.8595084
0.5875950
0.3169682
0.3764393
0.8819974
0.2775766
0.4903763
0.4307480
0.8958520
0.4875768
0.2884134
0.4511968
0.0365199
0.7329932
0.8590166
0.4560087
0.3348805
0.2754392
0.3335845
0.7155964
0.3973316
0.2546511
0.7076509
0.4820517
0.3536663
0.6924302
0.5267107
0.6253966
0.5887509
0.5634873
0.8649652
0.7000582
0.6273021
0.4810895
0.5590000
0.8935040
0.5661809
0.3719193
0.5758092
0.4728325
0.4831090
0.6398385
0.6191730
0.7098110
0.5280055
0.4637891
0.3724206
0.2353242
0.2817189
0.3617681
0.1479309
0.3806845
0.5059845
0.3077739
0.6916871
0.2430317
0.3660914
0.5993605
0.6735590
0.4804435
0.6268417
0.5274779
0.2650808
0.6289271
0.4023639
0.9573136
0.0341321
0.5181946
0.4945141
0.5256873
1.0548232
0.0515319
0.2992081
0.5152698
0.4156430
0.5982219
0.4397160
0.2747091
0.4479684
0.3845960
0.2421642
0.7614980
0.7442484
0.2349472
0.4328231
0.2770968
0.7553521
0.3367421
0.5333697
0.2828727
0.3189303
0.2740853
0.3833958
0.5625284
0.3166095
0.6851534
0.2435585
0.3130463
0.3672861
0.4792806
0.7525147
0.5416886
0.3080876
0.6941459
0.6506009
0.3021121
0.6118938
0.4246599
0.2249546
0.4358482
0.5907122
0.3412142
0.1591813
0.5195366
0.5040720
0.2299312
0.4869705
0.3316359
0.2137143
0.8112384
0.2646410
0.3615037
0.5707746
0.6468787
0.5554817
0.4866844
0.5687211
0.2226390
0.2666744
0.1413439
0.2182738
0.2773577
0.5182923
0.9305494
0.3246663
0.8602356
0.3540007
0.6304894
0.3341129
0.3405312
0.4282841
0.3546806
0.7001997
0.3656732
0.5246856
0.3290769
0.4062024
0.3340671
0.5867880
0.6837635
0.1944511
0.3454586
0.5344136
0.1820564
0.6658170
0.6722456
0.6616236
0.5018222
0.4386739
0.1417123
0.2741353
0.4619170
0.4950173
0.4654505
0.4465831
0.3421604
0.5832793
0.7310003
0.9343016
0.4863132
0.2423910
1.0366805
0.7278081
0.6826604
0.5069144
0.2418797
0.9397516
0.7708671
0.2480648
0.2371300
0.4416607
0.2042982
0.3358582
0.7801373
0.4429050
0.5114757
0.5040517
0.5661573
0.6998410
0.2143781
0.4796347
0.9199086
0.2474873
0.6870915
0.7074065
0.3417914
0.5639967
0.7141552
0.5201952
0.3593665
0.4595718
0.4861720
0.4480905
0.4669748
0.5752259
0.1942665
0.2704410
0.3861071
0.4647136
0.1664545
0.0341318
0.1206301
0.1931914
0.5625073
0.5777767
0.9614298
0.3030286
0.4118488
0.0271240
0.3119294
0.3312646
0.2942484
0.5686435
0.2301523
1.0377935
0.2372959
0.7730085
0.3003602
0.7470840
0.3312565
0.6098081
0.7839405
0.4840546
0.3930232
0.3603955
0.5242527
0.3588056
0.6481306
0.3930856
0.2747562
0.4666149
0.5950320
0.3101242
0.7668820
0.4569780
0.2924519
0.2401187
0.5835355
0.1960478
0.6510165
0.2272723
0.9436129
0.4109114
0.2462533
0.7318979
0.1979925
0.3255535
0.5130112
0.3949064
0.5937019
0.0680188
0.5114554
0.3504854
0.4350269
0.2521479
0.4862618
1.0924711
0.1685510
0.5602489
0.3464369
0.5237823
0.5325369
0.1919744
0.5293501
0.5492291
0.4252328
0.3097256
0.4487357
0.6120682
0.5888337
0.2680696
0.6264753
0.3089248
0.7231502
0.3627103
0.3816082
0.2144256
0.5651981
0.4576483
0.7951766
0.6730906
0.4154667
0.3041136
0.6382763
0.4639794
0.6650731
0.4239535
0.2587351
0.5296855
0.2767857
0.4393394
0.8640178
0.3776555
0.3061842
0.3847324
0.7393482
0.5597556
0.8438726
0.3613365
0.6116626
0.3011575
0.3636261
0.6758356
0.4489290
0.5340721
0.5843563
0.6067257
0.4483131
0.5044006
1.0920104
0.3871642
0.8322933
0.9512203
0.5474270
0.4003653
0.6209485
0.3296243
0.4901776
0.5506726
0.7242717
0.8101952
0.2766418
0.4936009
0.5396973
0.5050511
0.3710384
0.6902292
0.2598620
0.5775333
0.4245688
0.2583396
0.5797477
0.4824147
0.5768985
0.1695720
0.3150691
0.0720517
0.7568188
0.2642091
0.5254658
0.4058497
0.6253108
0.5433691
0.5210654
0.4024211
0.2618204
0.5990274
0.5056609
0.2910880
1.2538317
0.3280031
0.4335303
0.5458319
0.7254175
0.6611687
0.5043092
0.3873919
1.1409249
0.5596761
0.4432700
0.5529579
0.2370213
0.2840980
0.7870376
0.6520391
0.5618845
0.3179283
0.3275670
0.1663286
0.5940648
0.3588398
0.8923816
1.0556574
0.3454403
0.5155662
0.2758727
0.6163538
0.2565042
0.4485309
0.2880026
0.4618738
0.5805699
0.4445676
0.3020293
0.2820603
0.5499419
0.3533264
0.8900416
0.4029898
0.3393579
0.3914786
0.5264069
0.5208771
0.4774305
0.3607227
0.2094847
0.8091143
0.5531730
0.7164768
0.9184663
0.6988265
0.5199598
0.6695911
0.4855655
0.7197338
0.6548398
0.4828709
0.7964306
0.4000974
0.4066288
0.4144220
0.7242247
0.5051963
0.4151306
0.4267539
0.5684219
0.3328206
0.2264977
0.2372427
0.4393917
0.2411776
0.2936727
0.3363406
1.1439826
0.2213906
0.4648051
0.5022319
0.6103043
0.4704290
0.4681152
0.6114417
0.3456426
0.3717134
0.4707902
0.1439402
0.2395787
0.5508015
0.3585047
0.7937518
0.7656608
0.9763593
0.3063638
0.3679838
0.3630646
0.2919589
0.6583160
0.3854111
0.5056583
0.3579008
0.3505414
0.2338060
0.7938180
0.1160266
0.4901291
0.3788932
0.2884737
0.6537958
0.2056804
0.5539638
0.8113260
0.5704738
0.2853457
0.2658974
0.3482524
0.4135139
0.5008151
0.5409858
0.3682183
0.5239911
0.5774866
0.2990017
0.6822048
0.4650383
0.3359462
0.2959706
0.3162174
0.4309151
0.3344553
0.6020045
0.2328207
1.1292437
0.5223854
0.4378001
0.1843593
0.9976271
0.3985038
0.0908417
0.3830596
0.2845248
0.3514336
0.5813332
0.0878971
0.5091886
0.6514015
0.2744617
0.4419786
0.5847049
0.3993658
0.9195051
0.2702753
0.3200025
0.2463279
0.2493914
0.4316831
0.3138856
0.6944545
0.6571635
0.3372058
0.4372152
0.4732106
0.3579708
0.1992104
0.5063756
0.3800121
0.3491350
0.9005397
0.2950604
0.4047645
0.9184214
0.5167568
0.6446718
0.5816056
0.5638357
0.2787861
0.2024634
0.6690827
0.4748847
0.3802587
0.3745423
0.6410093
0.5266347
0.3188986
0.3110177
0.3090715
0.4012491
0.3847987
0.4146454
0.7250277
0.5137736
0.1354999
0.5372969
0.6412498
0.4731528
0.5101115
0.5353184
0.5605006
0.4016220
0.2337775
0.3815782
0.6810731
0.6708662
0.4215030
0.3888302
0.3368478
0.4581463
0.5448999
0.2459577
0.6478072
0.4520311
0.1704142
0.5547143
0.5041078
0.3026934
0.3006166
0.2200268
0.5150663
0.5519144
0.4830096
0.6357902
0.4045670
0.2652429
0.6325392
0.4808876
0.2479499
0.4487889
0.7036252
0.7003992
0.4735419
0.2435012
0.4155146
0.2390989
0.5470848
0.5663073
0.5221787
0.2448918
0.2725766
0.4679312
0.3385292
0.3427600
0.3043109
0.5746012
0.3949692
0.5435282
0.1691272
0.5680630
0.3831967
0.3980799
0.4164170
0.4609288
0.6134607
0.7064080
0.0920413
0.6748857
0.5491728
0.5044876
0.6048119
0.2213919
0.5156936
0.5670244
0.5909248
0.2659857
0.5051534
0.2581866
0.5120522
0.7447720
0.4103024
0.3927218
0.2447699
0.5671224
0.4706025
0.4936439
0.4801524
0.2676314
0.6797118
0.5893287
0.4405437
0.6725042
0.3271163
0.4114588
0.4020735
0.3910244
0.3890011
0.4778220
0.3954732
0.4331682
0.8325686
0.6645895
0.2623137
0.2964524
0.2800341
0.4024646
0.4543928
0.5018638
0.6939324
0.5166265
0.4639751
0.2656506
0.4184999
0.1946970
0.6243713
0.3280359
0.3921019
1.3166829
0.7439821
0.1312834
0.8328661
0.5972679
0.4227808
0.4052271
0.5357722
0.4464783
0.5217210
0.6263454
0.7392670
0.5549782
0.7131221
0.7925132
0.8223708
0.9978314
0.9511014
0.9293415
1.2673970
1.2274710
1.0923363
0.7925851
0.8691323
1.2225413
1.3607933
1.2481829
1.1057692
0.8868468
1.0498376
1.3756978
1.3128551
1.0871111
1.1545732
0.9323766
1.3782602
1.5250327
1.1738978
1.4609858
1.5860616
1.3256151
1.6884895
1.4351259
1.6849364
1.4839088
1.4284004
1.3812156
1.3189267
1.1920687
1.4691084
1.2576584
1.0811736
1.1719486
1.0846873
1.2906007
1.2947411
1.2627282
1.1347151
1.2355072
1.3637627
1.2047647
1.5542455
1.0591478
0.7786949
1.0974420
1.0987293
1.1964830
0.9663664
1.3935093
0.8985949
1.2526796
1.2498547
1.2968096
1.2746252
0.9365664
1.4156790
0.9770972
1.1999703
1.1752653
1.1630913
1.3378024
1.0902928
1.4862726
1.4001009
0.9956697
1.3741737
1.3461514
0.7748701
0.7567169
1.1116042
0.7552220
0.7792342
0.5886045
0.6902772
0.8400192
0.3065664
0.5269806
0.5331464
1.1978541
0.9489102
0.8730921
0.4905265
0.3085977
0.4222511
0.5935541
0.6920035
0.9670665
1.0455815
0.7277317
1.6845765
0.8354168
1.3276287
1.2243332
1.2559209
1.1008111
1.1763685
1.1154957
1.0852347
0.6838383
0.9370397
0.9541816
0.5894297
0.2592005
0.8713984
1.4157300
1.1155230
1.2378620
1.2501641
1.1513196
1.1569115
0.9111281
1.4515751
1.5698204
0.9981168
0.9055455
1.0097124
1.2979859
1.2160735
1.0423874
0.8188745
1.5132401
1.3884340
1.9368940
1.9708229
1.2834313
1.3237434
1.2652574
2.0918829
1.1062724
1.5241797
1.0325946
1.1178393
0.7000966
0.7578487
1.0862461
0.7871113
1.3009902
1.4944817
1.1884403
1.5669558
0.8612125
0.8279033
1.2688348
1.4003417
1.3725497
1.4981760
1.8120552
1.9746691
1.8315259
2.3136993
2.2065971
1.6602811
1.9553243
1.6614374
1.5574046
1.6157963
1.3800980
1.0771249
1.1805772
1.3698684
1.2082999
1.3554702
1.1678165
1.5093620
1.2896085
2.0215760
1.4259274
1.4996096
1.6794686
1.1968324
1.5301085
1.3786215
1.4692686
1.4627815
0.5820364
0.7212595
1.2331943
0.4981900
0.2711570
0.9295446
0.6446280
0.9942985
0.6351498
0.1576450
1.0951371
0.9169487
0.8581782
0.3376881
0.7058011
0.4925545
0.6001987
0.4572136
0.6103826
0.1791117
0.4538033
0.6573257
0.9524893
0.8169033
0.3889801
0.8753128
0.2706667
0.5315956
1.1816506
0.4897293
0.6715167
0.9065809
0.3162357
0.7912734
1.4914382
0.5826695
0.2482540
0.6222724
0.4394319
0.6975359
0.9018360
1.0080176
1.1836987
1.0072991
0.5954605
0.9081506
1.0927891
0.5996526
1.1868156
1.2815230
0.7686978
0.7595488
0.7166763
0.8942170
1.5831793
1.2363406
0.8352202
0.6312164
0.5918581
1.0381268
0.8968820
0.7286574
1.1148019
0.8650379
1.2452987
1.5694836
1.4687312
1.4831863
1.0688244
1.3074849
1.6630993
0.6293319
1.5909173
1.1980822
0.6245770
0.6380554
1.2461189
0.7790934
1.6150053
1.2803139
0.6285818
1.0575719
0.7204332
0.8672402
1.0970785
1.6218008
0.4054642
1.4293828
0.8251731
0.8505622
0.7296605
0.4910843
0.6853252
0.7416378
0.8046191
0.6974456
0.6134335
0.5841486
1.0360137
0.3683072
0.5889485
0.9312935
1.0293177
0.8027062
1.0669048
0.6738473
1.3476959
1.5745022
0.8967956
0.7598132
0.6260108
0.9056956
0.2795449
0.4197924
1.1169664
0.8564636
0.5748038
0.6325311
1.0504962
1.1872689
0.7066145
1.4130545
1.0129101
1.2788820
0.5689296
0.7129126
0.6029988
0.6973972
0.3035449
0.1928250
1.2639452
1.1933577
0.9788248
0.9005688
0.5321418
0.6701934
0.8130756
1.2090635
0.8398446
0.6504278
1.2452859
2.0225307
1.6028219
1.3805485
1.3883028
1.8986450
1.3836070
2.0096374
1.3066327
1.1833820
0.8949777
1.8406121
2.1295064
1.1899374
2.2505855
2.2372652
1.4940063
1.0624680
1.3733014
0.6984576
2.1942179
1.1857851
2.2347120
1.9318679
1.7865722
1.3681230
2.7357546
1.4907395
3.1358324
2.6133479
2.4300791
3.2120777
1.9926503
1.9389321
3.5975318
1.4081106
1.7774127
1.6756393
2.1821599
2.5555375
2.6417049
5.2369989
1.3405997
1.6476567
0.8984563
3.5511801
2.1978136
2.4568034
2.6161672
3.1904900
2.7668471
2.0324930
2.3636422
3.9317020
1.5712913
2.3831791
2.8807686
2.5537643
3.1345529
2.1830925
1.8783938
2.1629436
2.9694929
2.4253109
2.9168883
2.7899258
1.6893648
2.3045123
1.4038430
0.2554443
2.5141109
1.6564521
2.1794464
1.2158343
0.6228173
2.1106605
2.3514288
2.0868336
0.9391057
1.4673519
2.3442340
1.1182531
1.9234609
0.9269313
0.6745854
1.2822308
3.9742902
2.6429678
1.3956871
1.8342129
1.5168985
1.9615358
1.6786287
2.2896824
0.8329389
1.3498739
1.9845537
2.2743882
1.2193295
1.6116526
2.5951039
3.0550781
1.1119799
1.3837966
0.8188710
1.0399103
1.4090238
0.6826683
0.6596139
0.4247545
1.9222268
1.4923739
1.0461930
2.1353202
0.8702761
1.2277826
2.2985584
1.4875301
1.1178218
2.3819084
0.4205470
2.2703512
1.1945055
2.4699313
1.4734310
1.1762846
0.9712187
1.3963390
1.7771188
1.2339426
0.2118397
1.1481810
1.9619388
0.8859583
3.4445946
1.8228871
1.1132732
2.4703604
2.2883515
0.5779532
3.8590941
0.3591458
0.5839677
1.1504570
1.3038673
1.4259570
2.4126207
2.0381431
0.3632963
0.8470944
0.4258394
1.8471700
2.8276078
1.2539227
1.7775224
3.2472646
3.6669412
0.8431886
2.1813238
1.0752885
2.9596397
1.2137289
0.8422782
1.0135862
2.9022309
0.7658058
0.8224519
4.4681020
1.5028301
2.1486728
1.3952063
2.4229082
1.8535321
2.1533728
0.2622300
2.7133267
5.1722564
2.0780118
1.9174659
2.0110212
3.1486859
0.8452084
1.6312782
1.9429617
1.3757260
2.0565616
1.4283123
2.1360005
2.7578657
0.7926700
2.3826769
2.1686552
0.9863748
0.5673761
2.6911963
2.6310457
1.6167950
1.4637334
1.2059833
1.0491519
1.3713493
0.4846221
0.4606751
1.3330636
2.3072293
2.4283401
2.4688913
2.8872100
1.4983891
1.1825555
1.5261629
2.7386249
1.7682977
0.8520412
1.4702520
0.9153918
2.1750425
2.9993254
1.6722777
1.1620294
2.1492318
0.9956984
0.7689777
1.6505174
1.5433864
0.6220517
1.8407833
2.0575248
1.0855920
0.7252519
1.5517784
0.9548621
0.6892471
1.3914955
1.4370354
2.0581506
1.7404890
0.8292495
3.3932966
0.4644342
1.0703051
2.1734996
0.8202251
1.6809024
1.7019809
1.3108721
1.5003450
2.0199984
1.8249869
2.5577636
2.8717597
1.0519617
2.1216590
1.7482894
1.4749748
0.6132249
1.5228076
1.6964694
1.3843116
1.4693242
2.0923372
1.1193150
2.6411784
1.4180369
3.2584813
0.3596863
2.1732624
0.5582421
1.2340553
2.5524741
1.7769350
2.5596257
1.6701743
1.3519245
1.7065115
0.5201882
2.0750601
0.5441820
1.3650915
0.4211902
2.4659364
2.9121806
2.3075254
0.6779195
2.4093567
2.1659920
1.1601441
2.4199285
1.1809497
2.5761920
0.9864594
1.4146627
1.4660491
0.5622049
0.5585975
2.1595453
2.6094395
1.0717349
1.0805065
0.9743492
2.0639437
1.1241469
1.4912584
0.9221235
1.5970462
1.0373230
1.3212088
1.7023026
1.2740095
1.2422791
1.5948469
1.0463850
1.5484698
1.9582962
1.9525283
1.0430020
3.1106675
0.6629983
2.2255924
2.2945978
1.8539957
3.6710505
2.5714196
1.6022206
1.7757088
2.5562546
3.0875438
1.0492549
2.5979079
1.6660776
2.5652694
2.8017876
1.1823240
1.8330788
1.2557371
3.6136396
2.7962961
1.0798044
0.9164043
3.0514385
1.0656947
1.9018994
1.3015584
3.9358385
0.5852221
1.4945748
1.5898696
0.7777197
1.6086042
1.4703527
2.4776238
1.9437680
1.0971625
2.3962035
1.3499452
1.5131617
0.6046995
1.9839286
3.1841610
1.3194664
1.5677727
1.7970566
1.8454912
2.6632327
1.1482258
0.3512244
2.0959693
1.5136665
2.2637222
0.2535557
1.4141245
1.9860051
2.4967845
1.9659080
0.8074657
1.8962774
3.3590163
1.1589161
1.2583262
1.1619881
2.0889090
0.4332817
0.9535184
0.2083820
2.7711766
1.7193643
3.3941613
0.5074908
1.0448159
0.9171207
1.7934827
2.3481474
2.1338260
0.8373173
1.8103848
3.9490241
2.5290409
1.2211263
0.7677602
2.1062766
1.2651651
1.6684658
0.7348344
3.1261534
3.2313688
1.4698619
0.5478524
1.7081092
2.2586371
2.2266043
2.5542225
2.8431772
1.9285049
2.1565748
1.8793397
1.5085670
1.9177878
1.8129875
2.1270937
3.6290578
0.7762504
3.0655029
2.5638106
2.4727527
2.3669439
4.3894679
1.7080395
3.2680349
2.5850834
2.4352215
1.0418407
1.4507295
2.7128458
2.1798951
2.9141164
2.9524813
3.7476313
2.7156405
2.7814998
1.0695436
1.5246791
1.1029473
2.1842042
2.3982072
2.5509992
1.1036871
0.9750418
1.4862244
1.8564576
1.4097267
2.8270644
1.3919433
3.4581373
2.0351937
1.3976572
4.8539182
3.3646946
2.8326331
0.7745464
2.6123361
0.4048293
1.4997765
2.6156097
2.9248728
2.6331293
3.2908653
2.9788418
2.5124603
4.6022531
0.1682436
2.4134642
2.0104861
1.4726593
1.9815747
2.0515642
1.5938606
1.7788601
2.5471458
1.8262461
1.6141620
2.9770370
2.8239863
1.2854927
1.2192772
1.6169322
1.9507980
1.1221340
2.4920873
1.3241904
1.5044148
0.6422446
1.5450555
0.6044331
3.3278822
1.5599297
1.0487273
1.2473201
1.5904273
2.4406325
2.0354679
0.6477585
1.0830783
0.4729398
2.2845394
2.8848886
4.3503699
3.5757109
1.2251998
1.9056724
2.6427304
1.4578432
2.4434618
1.6244201
2.6877849
2.2760925
1.5229447
1.1160628
1.1246209
1.1483331
0.7951881
2.0786576
2.0501993
1.3756024
1.3613928
1.9785067
1.5736979
2.0596365
1.1043493
1.1189973
2.3682518
2.5497010
2.7497261
1.8107450
2.6129516
3.2976933
2.2316396
3.2321138
3.7691878
2.8201741
1.9882811
2.9721791
2.5111449
4.2134808
1.8694771
2.7984524
4.5577396
3.0198625
1.7026959
1.3926372
3.1481585
3.1668196
2.8535621
1.8581433
3.4996442
1.8336995
2.6911599
1.8162615
4.2364656
1.9225036
3.1372397
1.5243625
1.3573231
2.3324308
2.5959224
2.1610706
1.3897841
0.8681097
5.1115321
2.4738638
0.9646513
3.1635301
4.5241905
1.3835833
3.3653531
0.9769943
1.3200731
2.0288021
2.0254015
1.8091486
3.5229553
1.2310014
1.9949061
2.0808972
2.9509367
3.6940380
1.5521423
2.5830156
1.4682826
1.7689687
1.8535758
3.3785824
2.7893374
2.4046436
2.8055761
1.5025694
3.5740408
3.2059722
2.0242096
2.1135570
1.5101287
2.2325023
3.0120786
2.3400503
2.2998033
2.8403033
1.2583801
2.8482001
3.4067814
4.5816338
2.0764476
2.5416291
3.1274711
1.1290036
2.2845445
1.0917490
2.7166420
1.0266189
1.7127668
1.8211904
0.3664005
1.5985337
1.0069765
2.2110360
0.8500035
3.4566175
2.1877179
2.5338029
3.0470835
1.5556757
1.1740872
1.7009799
2.0838509
1.6043535
0.7137597
2.1728336
1.4001074
2.3585331
1.3021969
1.4114023
2.1347519
0.7960101
2.3162825
1.2823062
1.6227211
2.2690695
1.8758623
1.2765997
2.5711888
1.9098019
2.3381671
1.6792437
2.1715789
3.3477865
1.6799785
1.2522613
2.6104724
1.4532758
1.2292658
3.9414442
3.3807349
2.7961478
2.6974185
3.8553103
1.4152437
3.1920168
1.7686999
2.0028240
0.9438222
2.2992505
1.7788931
2.9728316
2.2765674
1.8797110
1.7897764
0.9693407
1.4690288
2.3863197
2.2487825
3.8494413
1.7764294
3.1321781
2.1331839
3.1483502
2.4969838
1.0866199
2.3983940
1.4324959
1.1791317
2.1690501
1.3107994
4.2267744
4.0673906
2.0751162
2.0127991
0.9443101
2.6273539
1.5449778
1.9744019
2.2326346
2.1215486
2.1492842
1.5405755
1.7466955
1.2828775
4.3520597
2.1178990
2.5368320
2.3442100
2.5882494
3.3942779
1.5232590
2.6702710
1.9445085
3.1923898
2.6326361
1.9069028
2.0208422
2.6046551
2.5854426
0.2613052
1.1457257
2.8312433
2.2549299
2.3531586
1.5501719
1.4068155
2.5859370
0.9895310
2.7588775
1.2817202
1.0779627
1.7637555
1.3365917
1.2604595
2.2282097
2.2937895
1.5120395
1.2677051
2.1310784
2.8562507
1.4321812
2.1189187
3.4665710
0.9245249
2.0053408
1.2697983
2.7020114
2.5717830
1.4668189
2.1075745
1.9000954
0.7307385
2.9249564
1.6479147
2.2930153
1.0610899
2.5256695
1.0850322
2.3529082
5.0148888
3.4513903
1.8516944
0.6287353
1.6286700
1.4693251
0.1870954
1.3512721
2.1619003
4.3787250
2.9484154
0.8823178
1.4536451
0.8085410
1.8149051
2.7239779
1.0721749
2.6987655
1.6831310
0.9453346
2.9966067
2.9952076
2.3244400
1.9119570
1.0169735
0.6287675
2.4868685
1.5896735
1.4946141
0.7835832
2.0634727
2.8274252
1.8446642
1.9422994
3.0255730
1.7067730
1.4738821
0.7893590
2.6473157
2.9867314
1.6341202
2.3288756
3.7705747
1.8757155
0.6939444
2.5837865
3.1638564
2.6135604
1.9110521
4.6553263
3.4711313
2.4595596
1.6711531
1.1697479
1.3871120
2.4883589
2.3039852
0.9362250
2.7567192
2.7430616
3.6798062
1.4439399
1.9988874
2.7110058
2.6549118
2.6736138
2.0870899
1.4921393
1.8035654
2.5305778
0.9621840
3.4700715
2.5301453
1.6685358
2.1474113
2.0082489
1.4121679
2.0621425
2.1498406
3.3942796
2.5622752
3.0804257
2.1421129
1.1871544
2.0836943
3.8522268
2.0744373
2.2497871
1.8899694
2.5084454
0.8800924
3.5856475
2.0182772
2.0403185
2.0482972
1.6840105
1.1759940
0.9673542
2.7964729
2.1446657
1.3249680
1.3794171
2.7046871
1.9278016
2.0382578
1.5809112
3.8961289
1.1970432
1.4202695
1.5367074
1.5603928
2.1797423
2.5122850
2.2610678
0.8853266
1.6027990
2.1035496
2.0891460
1.7427576
2.3689733
1.9386336
2.7017717
1.3549983
1.0395705
2.7608904
2.7567760
0.9879828
1.1646867
2.1738482
2.5992744
0.8814777
2.5020247
0.9700501
2.3045044
1.7884372
3.5024174
0.9264446
1.4264315
1.5515733
2.3251015
2.9639851
0.5134301
2.9850991
2.4428443
2.1846563
1.5510861
2.1401345
1.1575117
2.2167537
0.9186261
1.5990486
1.4203846
1.4998957
3.0634106
1.7884947
1.3262090
1.7568484
2.0337785
1.6240900
3.4749257
1.3628768
0.2396563
0.1692473
2.5793910
2.1114641
0.8023474
1.5914897
3.2831845
1.4397126
0.7844973
1.7956720
0.7919976
1.6642535
3.8372219
2.8125172
3.3024183
1.9714696
1.1585191
2.3913911
1.2141673
4.2413417
1.9505221
1.5978619
1.9898763
2.4145873
1.2418331
2.2533501
1.9795469
2.3917164
4.2811055
3.2547875
1.4091320
0.9950696
1.1272149
2.9882053
1.6067820
1.0104198
1.5029926
1.7197146
5.2268158
1.5354016
1.7417971
2.0569463
2.4271581
1.9002016
1.4584514
3.3959163
1.9718878
3.2693479
2.2192456
2.7150429
3.3505424
2.1979245
2.3734094
2.3376915
0.9609381
1.3197023
0.3661606
2.1034653
1.3535194
2.6052411
2.3097910
2.1540803
2.2446596
2.4112764
2.6080737
1.9931338
2.2908295
2.4316186
1.2969359
1.9622049
1.6713404
1.4217400
1.6032002
2.3800586
1.2777977
1.2879087
1.3569797
2.7078497
1.8342723
2.0594773
1.7575956
1.3032106
2.4509119
3.1256547
2.2648232
1.7870747
3.5703845
2.4890770
1.4742721
2.0094187
1.3040850
0.5957834
2.1056077
1.5524681
2.9396433
3.2634550
2.7768021
1.8255070
2.6248319
2.6176429
2.2471843
0.4538053
1.8112223
2.0707306
1.3700597
2.3468474
1.2818471
0.7267707
2.3991849
2.5984685
2.8370161
2.4762556
3.0754018
2.5761859
3.6448303
0.5517706
1.4952099
1.2207911
4.8479450
2.5232663
2.0273121
1.5633935
2.7318328
2.8258006
1.0931008
1.2989873
1.2650626
4.5532774
1.4030147
2.6202846
2.0053360
2.9218042
3.2008147
2.6960254
2.2096278
2.3975322
2.5853922
1.2767563
2.2493586
1.7003891
2.0750134
1.1642351
1.1020054
5.1024323
3.5088269
2.9378630
1.6272872
1.1353227
1.0607866
1.5202048
2.7372073
1.3067628
0.9435511
2.6419761
1.1259954
1.9912544
2.5809320
1.6787306
3.1450892
1.2507726
2.0881726
2.1322106
0.5028365
1.3868549
2.1227262
2.1690794
2.4421595
1.3567564
3.2087088
2.3799494
1.8735178
1.2292125
2.0453379
3.2379707
1.4117235
3.7497395
1.3847284
4.3072981
2.0571987
2.4612236
1.3475391
1.5940387
2.8096665
2.5993480
1.2327468
2.6011663
0.8814334
1.8362797
1.6422314
1.5327848
0.8178379
3.2605126
2.5736393
2.5799037
2.3343841
2.3584556
3.1834286
2.2391715
2.6340550
1.8223483
0.6821833
0.9717987
2.1529011
4.5034131
1.1725315
3.1545004
1.1287522
1.2871925
2.6480702
3.0406387
3.0037545
1.4717180
1.5076288
2.1348228
2.1629942
2.2080478
2.4585431
2.3254587
1.8068036
1.6395595
1.0267897
1.8750318
2.4477991
2.0405664
3.6257408
2.9664403
3.3100935
1.2384061
2.7099752
0.6668937
2.9160480
4.3819191
3.8817880
2.5643749
2.6848733
2.0097156
2.2260205
3.5708113
2.0313504
2.5835056
1.9894889
2.3396998
2.0794052
1.6905409
1.8183148
1.8631791
1.9870165
3.1201416
3.0241632
1.6714802
2.0182219
3.0943841
2.0027807
1.6217843
0.6289528
2.3384377
4.0410251
2.1320598
1.3859829
1.1181564
0.7896229
2.5115412
3.0826663
2.1874255
1.1262460
2.5133678
1.5420943
1.2708934
1.2927393
1.6185142
1.9635316
4.6357589
3.2368182
1.6328246
1.7037569
1.6247722
3.1260818
1.5505945
3.5853509
1.9423138
3.7028704
1.4548568
3.4143952
1.5355929
1.9225761
2.6675296
1.5269949
0.4580196
2.4192079
1.5919017
2.5205429
2.2081171
2.3515471
1.9330111
2.5113167
3.4129993
0.6730827
4.0561274
0.9253152
2.0510143
0.8791406
2.4983446
1.7596274
2.6268836
2.1290808
0.9413711
1.9762893
4.2253658
2.9218695
0.9283390
2.9087023
1.9430326
2.3241931
2.4451167
1.5544367
3.5560742
4.6420344
1.9109729
1.3176479
2.7054616
3.0271213
2.3511914
1.9024285
2.2886245
3.2357464
2.8858791
1.4204778
3.0941279
1.8019280
3.2304960
2.0877049
1.9925570
2.5676789
2.0504055
1.3823198
1.2853869
2.1625632
2.6016250
1.6993341
0.3214359
2.4214867
2.4900834
1.8219999
2.9091861
0.7699138
2.1454315
3.3730586
2.6535632
2.0167620
1.4915771
2.4406977
1.1563795
2.3435556
2.0253541
2.4756606
2.2948068
0.6603022
3.0145945
2.3460902
0.4644886
3.5515941
2.5948457
1.8470781
2.4275524
3.9020558
2.0721231
2.1631847
1.5825444
3.3574965
4.2322229
2.7289616
1.8097370
0.7287267
1.4956526
2.5939033
1.4864031
4.3079322
2.4950120
0.7913682
1.1239406
1.0052850
2.5997299
1.8598485
1.7093600
0.5396695
0.7897849
2.1291450
1.6693479
0.4311569
1.2880588
1.9317789
3.0648049
2.5975261
1.0036981
0.2905561
1.4438778
1.1584702
2.2792437
1.0210481
0.9626391
1.4385697
0.5826766
1.4320343
0.6057089
2.2778505
0.6486904
1.1059741
1.8798464
0.1941539
0.5122092
0.7806647
0.6461029
1.4367196
1.0981030
0.4757005
1.2877994
0.5616356
0.2115434
1.1284508
0.3836849
0.8217173
0.9534406
2.5654897
0.6811537
1.2874274
0.7479219
0.7040627
0.3117416
0.8970231
0.8004252
0.7175476
0.9902384
1.6738842
0.6155974
0.2831335
0.7368806
1.1681024
0.5345143
1.1096885
0.7224163
1.4075526
0.8837775
0.5227714
1.5735051
0.6707925
2.2225762
1.3466372
0.9634999
1.0176310
0.9098592
0.6197854
0.9472855
0.5078719
0.3755489
0.1263282
0.5028935
0.7123405
1.5751128
0.9107207
0.6021220
0.2672290
1.2464355
1.4643844
0.5511924
0.7054043
0.8909752
1.0201711
0.7088936
0.7345428
1.9166820
0.6366740
0.8838702
1.4829527
0.6394354
1.0806606
1.4836466
0.4029061
0.5946045
1.0035103
1.7510929
0.4183402
1.7850966
0.5671851
1.0903822
1.1306832
1.0473369
1.7777006
1.6682942
0.3654621
0.9977041
1.3002380
0.9307385
0.4580829
0.7577773
0.4086429
0.8236977
0.7079892
0.9063666
0.7809113
0.9695446
0.9276738
0.9611511
1.3125791
1.1224798
0.9374464
1.0049843
0.9842681
0.8900642
0.6956113
0.4398470
0.7467064
0.8912493
0.5346928
0.8530819
0.6340475
1.2899837
0.7900015
0.8075347
0.7513927
0.9750243
1.2011864
0.9914548
1.3275107
0.5888069
0.9756057
0.9823756
0.6915945
1.4811265
1.3666950
0.9494772
0.9783568
0.7524036
0.9192250
1.2045247
1.4268956
1.0784758
1.1817257
0.7209030
1.6521613
0.6507469
0.7375502
0.6339405
0.6491182
0.9059406
0.6810584
0.7662137
1.0297493
0.5351370
1.8887205
0.7895850
0.5252716
0.6540183
0.4447580
0.6749204
1.2881917
0.8550799
0.6697153
0.6708030
0.7076573
1.0122858
0.5959318
0.8784329
0.7703860
0.7061915
0.7585729
0.5951853
0.7440562
0.7758364
0.6022293
0.2887756
0.5268174
0.5914904
0.5415393
0.7834727
1.2704802
0.2273642
0.8601179
0.6440773
1.5795003
0.5149645
0.3681336
0.3390964
0.6949298
0.0638229
0.8414430
0.7882813
0.3274596
0.4075329
0.3329892
0.8540821
0.8866020
1.4853066
0.4601863
0.5133116
1.4838334
0.7995489
0.8387661
0.7186008
2.4900435
1.1345323
1.1026588
2.1520336
2.2173881
2.0395920
0.5847176
0.7794723
0.4302962
0.5470206
0.6351369
1.1914860
0.6413881
1.0486869
0.6666151
0.6681852
0.9284054
0.1173238
1.1243850
0.3684804
0.7716027
0.7142615
1.4238160
1.6853337
1.1817205
1.3520088
1.1453606
1.2200152
0.6144870
1.6857471
1.2115368
1.6523226
1.7345515
1.6797083
1.6196317
1.2769479
2.2039436
1.1868194
0.6484440
0.6823846
0.8129670
0.5277680
1.0423579
0.9479734
0.4457381
0.4751864
0.7770929
0.9100096
0.6123266
0.8999919
0.1892524
0.7060878
1.0331594
1.1351216
0.8552467
0.5526474
1.1451677
0.6499198
0.9315111
0.4436693
0.5279091
1.3690330
1.2369630
0.1245697
0.7379510
1.0689489
0.7150840
0.3925891
0.6078707
1.4848332
0.6677200
0.5416087
1.2138401
0.6099606
0.9855277
0.1561810
0.5243734
0.4586407
0.5549042
0.6671820
1.7005833
1.1261373
1.5477721
0.7786781
0.8147195
0.8340319
1.2033717
0.6916794
1.8160952
0.9442665
0.7300926
1.0468183
0.9225506
0.6288564
1.1656911
1.3016809
1.0326619
0.4616396
0.9751627
0.6778802
0.9922393
0.5076177
1.3461547
1.2265098
1.1504591
1.2522924
1.2157749
0.6543086
1.3000810
0.4036821
0.6918180
0.7022565
0.7203074
0.8835811
0.9534880
0.6440644
0.5530239
0.4090085
0.9841889
0.2265549
0.2140622
0.6611393
1.0947198
1.0663070
0.3710874
0.5205536
0.4783836
0.4174360
0.6687861
0.5345898
1.1306064
1.0224137
0.8964995
0.8023380
1.3366679
0.6450169
1.1367280
1.3973346
1.0750727
0.5088214
0.9650771
1.3909780
0.6114722
0.3334906
0.4249825
0.6771935
1.5431740
0.6003381
1.0233654
0.9141114
0.7351672
0.7987985
0.4504292
1.0278040
0.7636577
0.5685543
1.0853153
1.2549976
0.3190966
0.1665524
0.1899994
1.2646838
1.0545537
0.4666481
0.6422872
0.7492928
0.1223509
0.3257014
0.5559246
0.5408358
1.2457687
1.2380339
0.3702253
0.3179458
1.0721398
0.7663125
0.3201418
1.2817542
0.8226730
1.0267361
0.4740265
0.3036788
1.1793028
1.5842750
0.6880185
0.1645885
0.5592264
0.4798247
0.4418132
1.0313190
0.8223193
0.8468158
0.4761664
0.8778896
0.5969337
1.3204311
0.7841169
1.2604070
0.7399530
1.1143446
0.5040017
1.6107852
0.5257584
1.1858588
1.3016865
1.1100562
1.8234461
0.7309504
0.8727365
0.7331592
0.1753274
0.7981228
1.1099756
0.6048955
1.0702302
0.7556025
0.7962045
0.8912092
1.0989579
0.8674806
0.8265183
0.4910101
0.8085781
1.1780180
1.1499477
0.9535690
0.6237408
1.1309921
0.8961310
1.1713738
1.5913206
0.7032806
0.9351035
1.4521957
1.2099151
0.7932749
0.8173839
0.5371361
0.4263818
0.7918280
1.9027995
0.8646005
0.9963696
1.0283462
0.4938300
0.5262196
0.3038529
0.6191111
1.9374249
1.0052222
1.2736048
1.0520222
1.7671504
0.8372561
0.7382130
1.1680433
1.4404263
0.3515410
0.8472734
0.7554307
0.9157440
2.1709819
0.9273802
1.2778413
1.0799600
0.2986236
0.3422408
1.3461500
1.3136685
1.5492147
1.4806282
0.8447196
0.6821150
0.5794529
0.8158552
2.0882108
0.9989451
0.6405014
1.7764528
0.8899328
0.3431162
1.2776142
0.6026599
1.1671529
1.1183110
1.3274075
1.0658790
1.0986007
0.9455571
0.4191298
0.4913949
1.2279967
0.9964833
0.7144915
0.9798683
0.5186135
0.9693069
0.8160294
0.7397481
0.8094538
1.3725960
1.0470485
0.9154004
0.5033476
0.5039031
1.2803532
1.2326555
0.7882300
0.5661059
1.3000221
1.2438980
1.3367228
0.4369628
1.5817537
1.4185589
1.4702429
2.0631910
1.0644495
0.7270317
0.7905387
1.1258599
0.6349655
0.8247817
0.4738243
1.2592640
0.6003824
0.4038035
0.9052552
0.6257245
0.6981850
1.2213440
0.6200355
0.9214841
0.9393526
0.5002264
0.8876406
0.6553113
0.3458925
1.0598027
0.5225165
0.8037191
0.9154108
0.5990143
0.7468889
0.4279830
1.3930146
1.3319395
0.7596020
0.1652044
0.5763089
0.9720623
0.6698063
0.3508272
0.7976532
0.6263151
1.1013594
0.4253272
0.3444152
0.6782537
0.6739680
0.4408752
0.4135895
0.6438082
0.9778833
1.0830377
1.0707051
0.0387517
0.5938498
0.5170723
0.8513223
0.4268794
0.4755807
0.3616475
0.4043869
0.3685181
0.7936170
0.4470043
0.2791777
0.2022717
0.8593242
1.1709171
0.3015761
0.5713991
0.3144952
1.1071258
0.9687862
1.1206329
0.5365072
0.7828452
0.7114567
0.6410529
0.7172738
0.1587069
0.8102838
0.8363342
0.5690598
0.5087579
0.5496449
0.8964708
0.9565200
0.8326718
0.3768825
0.5486998
0.9642727
0.3621442
0.8042143
1.7653836
1.6668595
0.6468806
1.3323072
0.2002265
0.9568498
1.2452203
1.6732335
2.1191573
1.6678780
1.7298403
1.0975336
0.6895576
0.4425036
0.5927795
0.3070385
0.6785036
0.5778019
1.3005452
0.6439630
0.6834136
0.9344015
0.8463421
1.0486864
1.0463851
0.7523007
0.8133768
0.8076242
0.6011082
1.0001977
1.1196626
0.5453542
1.3733103
0.7416912
0.8423437
0.7435425
1.2495564
0.7062317
0.9068630
1.3577674
1.1744653
1.1977863
0.9406132
0.2058824
0.3314600
0.5445857
0.8767497
0.1644835
1.1175523
0.6576948
0.6660676
0.3396274
0.6353400
0.6050369
0.4234161
0.7223125
1.2867809
0.9690974
0.8168315
0.8197030
0.6496713
0.5616367
0.8871166
1.1425852
0.5531923
0.7244402
0.5994104
0.3020128
0.6849625
0.4652381
0.4765158
0.6126053
0.5807657
0.4864799
0.7203908
0.4947933
0.5542597
0.4560941
0.3307084
0.4130608
0.8946918
0.9220468
0.8789298
0.9166407
0.6125334
0.4934459
0.6698142
1.2908681
1.2966116
0.5255330
1.5916081
0.7156112
0.8101956
0.3560789
1.0323929
0.2170852
0.3585771
0.6915781
0.7830272
0.8072484
0.6884952
0.9791111
0.6571044
0.2347271
0.5165711
0.6111563
0.8796911
0.8114966
0.5940693
0.5459244
1.1943554
0.5467027
0.7457585
0.7389240
1.1599556
0.1941483
0.7312727
0.5615733
0.9078852
1.3753738
1.0141826
0.8988020
0.8691912
0.4396732
0.8954440
0.8546175
0.4174331
0.5476420
0.7224812
0.4728603
0.7758479
0.8504351
1.3314005
1.2064380
1.0848328
1.2249689
1.5893768
1.7387633
1.2418704
1.1505891
0.4079987
0.2114824
1.0738332
1.0645800
0.5787653
0.4858028
0.3354436
0.9145198
0.7713070
0.8118951
0.4926525
0.4291751
1.3281630
1.1611819
1.2290077
1.0280041
1.3298613
0.5027536
0.9885723
0.2767777
0.8265213
0.1466057
0.9297865
0.9462900
0.9624839
0.4063219
1.1824114
1.1750568
0.4746096
0.3070320
1.1912727
0.2459506
0.7609828
1.4657060
1.0222393
0.2533425
0.6157909
0.2427619
1.7480159
0.4912666
1.0142450
0.2937075
2.4780035
0.9024839
0.4786016
0.8631863
0.3422383
0.6783484
2.2282600
0.8630855
0.4360677
0.7678612
1.1523782
0.7625444
2.2666033
0.8377989
1.4200706
1.6156587
0.9258620
0.8951443
0.7991482
1.1618588
0.5844608
1.4688668
2.4964166
0.8857028
1.1553859
0.9467543
0.6449595
0.4501857
1.9986115
0.5404090
0.6955821
0.7199922
1.1272534
0.9982048
1.6323011
1.1262587
0.8461707
1.0604433
0.8046524
2.0648742
0.5981908
0.4677839
1.4456910
1.8370735
0.4469131
1.7697513
0.6844452
1.1229201
1.1876525
1.3117517
1.4912887
1.3275582
1.5618916
0.9151745
1.5126559
1.6123197
0.8187923
1.2579425
0.9999587
0.6972474
0.4824214
0.9314622
1.2332097
1.4773773
1.1892944
0.7739724
1.6251233
0.5058696
0.5690439
1.6623722
1.0263720
0.7510409
1.6656673
3.5767189
0.6542069
1.2538486
1.2783253
1.7967739
2.7562992
1.5167049
1.6851962
1.6471953
1.7738981
0.4100928
1.8821645
2.9506990
3.8333181
0.5858351
1.4722865
0.6660864
1.2749815
2.2489092
1.6915313
3.8548637
2.3855815
2.1603255
1.9253817
2.9416361
0.7180752
1.8830836
3.8506770
1.8881754
1.4683434
4.0809903
0.3961608
2.0174345
1.6873503
2.6735912
1.0064009
3.2601855
2.5113015
2.1968054
1.1236221
0.9814612
1.3550362
1.4503321
0.8333810
1.8541041
3.0025307
1.2848169
1.4200754
1.5902219
1.1813718
1.8512143
1.8960633
1.3817838
2.0975505
0.6394192
0.7382708
1.1538492
0.7205216
1.6245508
3.6627091
2.8666351
1.3920568
3.4897865
1.9245968
1.2376148
1.9050763
1.0702366
3.1953305
2.2816158
1.6927919
1.5679386
0.5416655
2.3528010
2.6578962
1.3288841
1.4246854
1.6611489
0.7620984
0.2728620
1.2704252
1.5672066
1.2865974
1.5181249
2.2767779
3.9656378
1.7179250
1.1424322
0.8888731
2.1915815
1.5112207
1.1438007
1.4982975
1.2164055
1.5341171
1.1720265
3.6234365
4.4086941
0.6942140
1.9434320
2.2455014
1.8376857
1.8082768
1.9563770
1.7178176
2.2903449
1.2936159
1.7754552
3.6285680
2.5299013
1.4749883
6.1368452
3.2808252
3.0803501
2.8335073
1.4115586
3.8931859
1.6220988
3.1248864
2.3941849
1.8285900
2.2940909
0.8666015
3.5890228
0.8932179
0.5877833
2.6455176
1.8448332
1.6982955
3.5254098
1.1606424
0.2668624
1.6108007
2.5467110
1.1735191
1.2433426
1.0972085
3.7948586
1.7399344
1.7248494
1.8203787
2.6636935
1.8679784
1.7675896
0.5818630
2.1194441
1.6891555
0.9475315
0.4955083
1.1077675
1.7668485
1.0972487
2.2491226
3.2689344
1.3610052
1.2916398
1.8684839
1.2763350
1.6611600
1.6161726
1.2944173
1.9618318
0.3686089
0.8770629
0.8985329
2.3161327
1.1842119
0.6691384
0.9182281
1.3306049
0.8413434
1.7351878
3.7613735
2.9698910
1.7014694
1.1413522
0.5692486
1.5534807
0.3496641
2.7277173
1.3244887
1.5753808
1.0463665
0.9004655
0.8335530
1.2320968
1.8431033
1.3495755
2.1481758
1.0345294
2.2849420
1.2300810
0.6453678
1.1029646
0.3461842
1.3205379
0.7906279
3.7968813
2.1178430
1.7965177
1.1706343
1.6528732
1.6598181
1.0105145
1.3458863
0.7455963
0.8813230
1.2655649
2.0089564
0.2802923
2.5400568
0.9832290
1.3873897
1.1361371
0.5102174
0.9818755
1.4557870
0.9369539
0.8663544
1.5342063
0.8088930
2.0586575
1.0795242
1.1727781
0.6811265
0.9862436
0.8632054
0.6443897
0.7800293
0.6814498
0.4284264
0.4681071
1.1161425
1.0126286
2.9338105
1.0746991
1.5427520
0.5244643
0.3356664
0.6732336
1.2807251
0.9058106
1.3837615
2.4610922
0.4776212
0.5974850
0.6460344
0.1949597
1.5910044
0.2617686
2.3643574
0.5936086
2.2671066
0.7009546
0.8500682
1.1413991
1.0320898
1.5129467
0.5711634
0.6167356
0.9374025
1.7341410
0.8250510
0.6741751
1.4398127
0.8475582
1.3630120
0.6281481
0.4727119
0.7152482
1.4066591
0.4117114
0.4704988
0.3303138
0.7509831
0.9437484
0.9233906
0.6982921
1.5457153
0.8237029
0.4702466
1.6602556
1.6199932
0.3607127
0.9839665
0.6648211
1.4986825
1.8246419
2.0372355
2.0790307
1.5790728
1.9912601
1.8283274
1.7557074
1.4945724
1.7700302
1.8115598
0.7717888
2.2095316
0.3974958
1.3286133
1.9624644
1.7247574
1.2428919
2.2027892
1.5360674
1.1106458
1.6924822
1.2492950
1.3596192
1.2037165
1.0783561
2.4581863
0.8519272
0.9820951
0.5122413
2.5301349
2.7636196
1.3595290
1.5563726
1.5844706
1.2307244
1.3191802
1.7189947
2.8658309
0.7802369
2.6737553
0.9974783
1.3003420
0.4819592
0.5091761
0.6605324
2.3977345
1.2808806
1.8260540
1.1196282
2.0867393
1.3540701
0.5927245
1.4448254
1.3247873
2.0513162
1.7403872
1.9687994
0.7804456
0.9714199
1.3717338
1.2234875
1.5961297
1.6912938
1.1012195
1.1641824
1.3984625
0.8594198
2.5371816
1.4340893
1.5042361
1.6611164
1.7904113
0.5468928
1.2056402
1.8155964
0.8553232
0.8269506
0.9243306
1.3294590
0.9297095
0.8261359
1.5148894
0.8685487
1.5909393
0.8807572
1.0708677
1.5912156
1.1356458
1.8863130
0.5680937
1.0793569
1.2607430
0.8544094
0.8843526
1.0216001
1.4682202
2.0632873
1.3640181
1.8819061
1.0067006
1.2510751
0.6850148
1.4359071
1.4740503
1.2241663
1.1899330
1.3568048
1.2940286
1.6630212
2.1058400
1.2393246
1.2515546
1.9393147
1.4271233
0.8480878
1.4405402
1.3854485
1.1957456
1.0537165
1.6091553
1.8686859
1.7831405
1.3135689
1.3226120
1.2783398
0.8418109
0.7848624
1.2255039
1.0287187
1.4120101
0.3247781
1.7401701
1.0495888
1.0659700
1.8777061
1.7075906
1.1111522
1.6393594
1.0368557
2.5622191
1.0027126
0.8997441
1.2708849
1.5074430
1.2593920
1.5246456
1.8557425
1.5807630
1.0933623
1.3395162
1.1146520
1.5349633
1.2285690
2.8577439
1.3725246
0.4743076
1.9071415
0.8248323
1.0267522
2.0120896
1.3685665
1.3556169
1.0789617
0.4838225
1.4083638
1.2545006
2.4511177
0.9536824
1.9055171
1.4177659
1.6496309
1.0374061
1.9532914
1.1235880
1.3332218
1.5172417
1.0303219
0.7580677
0.3772841
1.1773690
0.4862908
1.3521716
1.1705766
2.1329449
1.4138790
0.7131636
1.1654318
0.8975400
0.6391325
1.0797120
1.4484590
0.5994573
0.4451121
1.1902063
1.2259143
0.4293407
0.5881929
0.9069022
0.8420485
0.7234087
0.7004275
0.3997532
0.7280256
0.4790858
0.6315528
0.4370347
1.0434915
0.2413961
0.9572968
0.8019865
1.6914001
0.6210350
0.8522980
0.0922021
0.7689762
0.9091872
0.4408546
0.6955360
1.5677386
0.5334601
1.1070624
0.9684061
0.9908589
0.6962655
0.3774161
0.9120314
0.4651179
0.5360402
1.0062068
1.0096450
0.6067240
0.3741650
0.6893030
0.6630488
0.8622496
0.2212043
0.6509453
0.5578729
0.8567149
0.7520690
0.9067989
0.7110856
1.1032995
0.7276463
0.4235187
0.7692441
0.3914378
0.4154431
0.6741730
0.8372136
0.6493049
0.2687112
0.4021444
0.2278950
0.5902980
0.6386165
0.9418069
0.4869391
0.4981219
0.4811809
0.1709085
0.4919455
0.4064529
0.3032300
1.1707554
0.8841330
0.3017815
0.9373806
0.8311927
0.3897060
0.3590266
0.5061198
0.7022643
0.3257405
0.6136860
0.7334585
1.4117432
0.2669499
0.9534269
0.1762629
0.4086073
0.8173784
0.3799795
0.7718729
0.7498790
1.1685742
0.2186475
0.9767290
0.8258534
0.7948644
0.6833743
0.8047847
0.2473514
1.0422828
0.4202364
0.8770315
0.6683791
0.5353677
1.2627450
1.1792022
1.1655907
0.2943988
0.9442551
1.0657066
0.8297633
1.1224688
0.9982717
1.1624484
0.9158699
0.4129648
0.8447204
1.3480941
0.5085813
1.2217903
0.4024777
0.3300002
1.0082733
1.4930953
1.2614961
0.4116591
1.1916978
1.1242517
1.0356818
1.2857861
1.2226591
1.5439795
1.2629739
1.6566333
1.0718579
1.0247405
0.8928327
0.6504104
1.2683403
1.1169541
1.0908118
0.9611072
1.2814358
1.3061810
1.7499343
1.0978682
0.3446388
1.0443105
1.5405868
1.3095227
1.5182696
1.1130906
0.6734094
0.8950719
0.4724859
1.3596992
1.3479824
0.6973951
0.9647965
0.7387575
0.6530281
1.0874390
0.9512315
0.9231543
0.9699528
0.8911013
1.1213811
0.8435387
0.8784856
0.7152879
1.0226798
1.6140960
1.3845018
1.2335350
0.9948417
1.3407520
1.0389445
0.9272913
0.7525757
1.0066561
0.9735653
1.2938212
1.1100290
1.2736000
0.9361964
0.9346594
1.0822346
0.8618514
1.2392428
1.1940408
1.0743407
1.0657994
1.0480214
1.0250392
0.7377069
0.6556860
0.8608577
0.7921337
1.0354300
1.1109768
0.8240641
0.6745465
0.8983656
1.2177281
1.1714327
0.9623711
0.5962589
1.0560700
1.0073681
1.2686103
0.7232661
1.2913941
0.6052035
0.9844995
0.6187992
0.8607147
1.3540543
0.9742106
0.3713932
0.6074438
1.5226383
0.9232542
0.9923463
0.5465101
0.6089508
0.5627603
1.2786126
0.8894734
0.8712196
0.1606968
0.3220828
0.9064789
0.4123876
0.6016921
0.8141959
0.7300250
1.1071051
0.6831082
1.0414625
0.6837983
0.5505853
0.4152877
0.7836382
0.8471872
1.5812513
0.8720673
0.5454915
1.5818470
0.5464056
2.1747648
1.6333424
1.1080566
1.6388780
1.0261290
0.7415474
1.1313246
1.0464287
1.1193216
1.5245047
1.3633580
1.4516613
1.3425438
1.5470697
1.0350345
1.6113005
1.6532174
1.5558692
1.1390573
0.7841975
1.4712403
1.0723833
0.4663060
0.8425851
0.8818135
0.4813958
1.2112786
1.0293666
0.5779488
0.8229436
0.6057020
1.5962668
1.1197583
1.0125892
0.7255576
0.8794562
0.7827361
0.9719523
0.4721010
1.2244602
0.7654734
0.4267573
1.0732371
0.7370302
1.3445779
0.7943172
0.6341223
1.2879025
1.0120142
1.2853891
0.8676426
1.7306701
1.0100480
0.6190500
0.5165771
0.7435400
0.5875731
0.8208260
0.4402432
0.0944903
1.2346821
0.5594668
0.4237907
1.0362794
0.7837591
0.3334550
0.7160768
0.5930055
0.6150477
0.8082965
0.7047329
0.3703596
0.7848785
1.4152024
0.5790386
0.5630793
0.4524304
1.1277953
0.1237794
0.5835854
0.1146440
0.8029427
0.7309236
1.2453276
0.5247693
1.4003089
0.7803268
1.2569569
0.7831327
0.1247170
0.9279784
0.9748618
0.8632744
0.6948987
0.9487267
1.3383691
0.7786170
0.8881327
0.2744239
0.5712255
0.4892505
0.9896785
0.8820303
0.9823699
0.9783535
0.3792862
1.4884428
0.6522631
1.4954701
1.5818250
0.9719120
1.2091140
1.2508239
1.5056805
1.5915349
1.4072987
1.2820026
1.0288574
1.0659515
1.8159595
1.2800637
0.6126565
1.1105848
1.4323970
1.0788010
0.9219291
1.1750277
1.0745141
1.6076815
1.2945591
1.1669203
0.5937397
1.4145648
1.1787731
1.6589942
1.5806354
1.2808789
1.4372811
1.2911753
1.1490545
0.8864962
1.3304377
1.1823564
1.2734331
0.6733463
0.9908406
1.3368726
1.5536646
1.7330418
0.7295374
1.4796389
1.5589499
0.9451779
1.0659901
0.2558530
1.0515423
0.7867978
0.5446269
0.6355223
0.9245699
1.3464310
0.7185125
1.3447531
0.4567900
0.8754155
1.2196685
0.7923937
0.8169223
1.2927322
0.9092180
1.4911847
0.5597593
1.1995036
1.2518286
1.1396747
0.9012060
0.7326450
1.5225714
0.9825894
0.4751231
0.7740757
1.0163443
1.4007723
0.8847656
1.6395461
1.0262961
1.6506505
1.4990202
1.1546998
1.5874496
1.6767772
1.4230981
1.5077960
1.3504408
1.6737517
1.5545058
1.7114879
1.6138581
1.3394352
1.6349740
1.5387832
0.8545954
1.0367904
1.8892354
1.5989771
1.6691064
1.5553564
1.7647121
1.3502285
1.7363559
2.0803166
1.2736818
1.8900003
1.6651772
1.7078358
1.6406349
1.8486308
1.8008236
2.0191399
1.8783765
1.6770069
1.5511093
1.4440323
1.7374349
1.2151237
1.5813862
1.2673577
1.3777440
1.3647977
1.5585152
1.5642357
1.3584913
1.7174070
1.4216229
1.9677291
1.0884778
1.9320102
1.6344356
1.7577622
1.7136518
1.4701838
1.5766993
1.7542169
1.4078131
1.3084167
1.6144406
2.0581848
1.5855931
1.8631106
1.7810890
1.2033858
1.6811922
1.4496685
1.2277411
1.5749332
1.5037323
1.4896079
1.4035374
1.8603533
1.7253888
1.3691795
1.3750409
1.2830018
2.0110451
1.4305184
1.3037663
1.4405501
1.7910840
1.7018540
1.4472024
1.3017643
1.8651818
1.5138349
1.5576474
1.3412349
2.1402506
1.7319656
1.4797621
1.1268491
1.3579005
1.7431738
1.2747169
1.2432790
1.5158690
1.5992899
1.5829692
1.5730297
1.7741756
1.6964745
1.3475130
1.5574856
1.2916703
1.5582965
1.3649878
1.3643255
2.0230284
1.6024281
1.4060851
1.7254443
1.2315718
1.4393849
1.4821795
1.4860543
1.6172192
1.3442031
1.5506947
1.5025982
1.2795006
1.3552857
1.2857808
1.5181109
1.8167477
1.6444730
2.0194727
1.7571752
1.2053697
1.4389553
1.4589317
1.6662652
1.1993973
1.6307934
1.4113925
1.2370827
1.6368199
1.6423245
1.4676959
1.3143907
1.3885340
1.4550407
1.5731924
1.4452398
1.4760958
1.3157341
1.4196617
1.5735802
1.0208295
1.3407785
1.2089824
1.3327446
1.4942854
1.5497619
1.1361456
0.9730415
1.4311296
1.3188777
0.9295724
1.0885705
1.1034478
1.1515470
1.0234089
1.1665783
1.1300207
0.8553564
1.4334146
1.2555168
1.5335945
0.9480253
1.1844307
1.1987181
1.2153043
0.6758030
0.8566037
0.8284963
1.8234314
0.6854916
0.4738883
0.5976953
0.9159796
0.6962339
0.8651697
1.1802263
1.0022924
0.7844107
0.4419634
0.7721274
0.4776075
0.7681578
0.7798054
0.6408485
0.5002612
1.0346239
0.6328360
0.6657565
0.9718378
0.1988866
0.2836260
0.6425700
0.7439708
0.9599513
2.7854793
1.1001446
1.3113958
0.5660191
1.4848397
0.7986979
0.9429591
0.5025271
0.7670545
0.7861921
0.5768423
0.6510427
0.7281526
1.4213247
1.0914624
0.9466633
0.4807182
1.6129361
1.7700896
1.2884451
0.9511922
1.7249770
1.2488375
1.2460586
0.3725146
0.9118672
0.4117061
1.0185116
0.5006301
1.3853064
1.7909136
1.1450065
1.0471346
0.9817313
1.7044976
0.4929698
1.1579291
1.3138615
1.5963007
1.5317197
1.4997699
1.5858704
1.9755105
0.9811025
0.4926948
0.9815258
2.1666416
0.5950372
1.3584545
1.0327819
1.0550095
1.4809337
1.6901114
2.5526060
1.9867173
2.5976058
3.4426381
2.6755912
2.2494662
3.3314452
3.5061126
3.0966801
4.3138388
1.5622466
2.7330885
1.8465367
1.1537546
2.3567662
2.9812585
3.4917919
3.1706350
4.9101371
5.9590315
1.7205502
3.7334223
3.0802349
2.8908581
1.9133360
3.2615863
1.1692105
1.8478752
1.4597423
1.3990855
3.2689214
4.0439316
4.5015393
2.5792495
3.7894332
1.3899682
1.7030178
1.1710183
0.3623020
1.3258194
2.3989281
1.2554296
3.8186097
1.2034659
0.9528947
1.7920377
1.8827524
1.0371017
3.2921254
0.5513924
1.8873715
3.5962629
0.4035739
3.8155214
1.3889404
2.9618650
1.8581197
4.4576069
0.8680215
1.4656733
1.4930506
1.3958055
1.6305069
0.6696383
0.8132049
0.8217663
0.7890488
0.8006667
0.9538636
1.8865205
1.0573547
1.0036486
1.0372155
0.3849291
1.2854827
0.6420487
2.5618728
2.1287546
1.0589923
0.8135311
1.5655807
1.9816077
1.4583716
1.1653555
1.3673112
1.8987089
2.2702966
2.0635039
2.8267843
1.7299136
1.1764321
1.5648089
0.2652318
1.3298221
0.8303135
2.7348780
2.0576922
0.9050582
1.5765835
1.5421394
2.3216115
4.4862268
2.7549542
1.5166281
1.3070454
1.5159230
1.3647130
0.7431821
0.1932397
1.1251059
1.5975508
0.6302287
1.0032999
1.6138152
0.8068597
0.4226897
0.8770602
1.0130571
1.1118601
0.5307301
1.5073088
1.3882029
0.4556455
1.5473635
0.8888054
1.5009832
0.9627553
1.5582041
2.4028319
1.2430445
1.1722680
1.0465084
1.5598395
1.4860947
1.5245074
0.8970462
2.0745163
0.6882626
1.8497327
1.1836055
1.2075468
0.1369377
1.1809484
2.5983549
1.8057040
1.7726935
0.7514450
1.1176105
3.5278542
0.9892500
1.6348169
1.5191752
2.0872831
2.5218829
3.0062073
2.0373369
1.4022921
0.9829304
1.7869770
1.5145677
4.7855107
2.3696304
1.8798349
0.4715828
6.8148145
0.6515877
1.2836233
0.6021653
1.3294639
1.1158798
2.1610332
0.5808340
0.4507200
1.0039275
3.1673818
3.1634156
1.6181008
1.7163018
1.5745404
1.5463224
0.6069748
1.5984101
2.0073564
1.2235466
1.6071079
0.8827673
2.4234268
0.9733795
0.3250421
1.9688450
0.5995218
0.7981477
0.5936551
0.9857091
0.4552744
2.6004183
0.6700967
1.5870588
1.0956839
0.7999447
1.0764807
1.5588489
1.3675577
0.7819310
2.6214815
1.5837722
2.6173440
5.4861228
1.9607004
1.6242628
0.3880303
1.0012418
0.5942096
1.5760105
1.6326761
2.5713790
1.6945254
5.7707660
0.7601074
1.2744417
1.8527325
0.6980326
0.4447479
1.0974173
1.2021350
1.1033311
1.6160674
0.9016259
0.5948695
0.7675717
1.3220080
1.2958591
0.5555463
2.6139028
0.8269750
0.7793244
0.9549665
0.8460781
1.0839925
1.6562942
0.3294963
0.6334805
0.6275497
0.5203084
0.5932043
0.1690590
1.1899228
1.0315643
1.7681854
0.5554979
0.9742120
0.5592207
1.8140693
1.8134966
1.9953768
2.1495203
1.1611149
1.7292095
1.4394594
0.9498555
2.1863036
1.2339423
0.5752034
1.0661144
1.8713238
0.6580144
0.9539287
1.2576805
1.4120120
1.5258415
0.9613464
2.3156478
3.1317003
2.7339892
0.9105463
2.4235792
1.6895222
2.3258554
1.8098720
2.2030981
1.6999834
1.4024376
0.5290961
1.3293503
0.9887734
2.9873455
2.3852958
2.0039401
0.6134177
0.6884299
0.3035998
0.6978905
0.4298999
1.0007214
1.1463236
0.5618356
1.0891991
1.1484149
2.2858744
1.1074808
0.7707524
1.0167337
1.2166870
1.5337966
2.5246350
1.2780921
2.8744044
1.9225507
1.0815949
1.3192584
0.8160492
0.8492256
0.6389318
0.6870277
1.0269435
1.1398271
0.7715448
1.5420453
0.9351947
0.8488559
0.3396648
1.3680433
0.8711242
1.5116698
0.7432634
0.7243597
0.4781692
0.3324090
0.9754009
0.5619292
1.0152256
0.7432818
0.9902815
1.3631737
0.2855638
1.3457751
0.9604956
0.4845938
0.6880843
0.2862847
0.8829245
1.3500462
1.9687899
1.9023587
1.0899112
0.9136526
0.2393063
2.2427995
0.8216061
0.8978592
0.7494774
1.1417289
1.0893059
1.6782312
1.0438685
1.0778515
1.2204231
0.6930756
1.9328024
1.4075304
1.4883315
1.5484483
1.2527126
2.3094841
0.4698020
0.7948656
1.5438661
0.4931903
0.8121558
0.5084612
1.1197538
0.1013870
0.4545910
0.7209366
1.2359297
1.3810050
0.9194880
1.6131354
1.0858066
0.7463120
0.8717243
1.3731612
1.9743753
1.2711147
1.3498704
1.7199793
1.8087407
2.9809571
0.6568257
1.0120830
0.5384961
1.1390534
0.6572978
1.0677479
0.8916647
0.6535504
1.1090200
1.0095229
0.6762793
1.1539886
0.9848661
0.5251707
0.3247073
0.2388839
0.8717590
0.7449202
0.2216829
0.8022180
0.9934248
0.9983071
0.8873103
0.6335540
0.3568735
0.6700898
1.6012941
0.5827157
0.5245627
0.7814220
0.5959470
0.7702246
0.1101443
0.9186559
0.4276888
0.5287376
0.1594051
0.8372584
0.6876120
0.4805700
0.7550718
0.9091391
0.6209085
0.1578358
0.5177095
0.5089979
0.7541506
1.0144945
0.7993018
1.1584597
0.9767059
0.2984121
0.9561688
0.8178661
0.3718434
1.0988694
1.1692553
1.1830036
0.6031258
0.6650278
0.3389744
0.6487576
0.9050575
0.2793375
0.9200180
1.3433976
1.0318498
1.2057674
0.9916120
1.3522408
0.8157106
0.9037674
0.8620431
0.5222881
0.6023769
1.6057896
0.8799013
0.1982433
0.8683491
0.6539723
0.6579445
0.4386675
0.5467192
0.5577551
0.5893203
0.9259563
0.5047385
0.8372204
0.3034691
0.8025664
0.6291574
0.7205968
0.4031540
0.5900514
0.4352684
0.4442421
0.9203425
0.5864691
0.9031750
0.5779567
0.9433903
0.7147539
1.5763962
0.5142167
0.6595596
0.4987944
0.5941632
1.1926410
0.5258340
0.1266765
1.0518742
0.7249120
0.5658558
0.6197193
1.2336454
0.9429383
0.7533804
0.6660686
1.4485278
1.2756009
0.2452190
0.7524218
0.7282584
1.8335762
1.0422356
0.9444004
0.9452139
0.6261995
0.9959786
0.7988388
0.7547488
0.6463280
0.7856672
0.7384154
0.8992803
0.7710179
0.9866436
1.7236017
0.8155465
0.7274022
1.6612945
0.7713704
0.8416365
0.2744349
1.0833750
0.2101919
0.4136750
0.7071476
0.4430512
0.9495369
0.6874037
0.3417825
0.4895318
0.9772168
0.4620891
0.8432204
0.7660567
0.3245107
1.1251476
0.5827086
0.8106180
0.7401960
1.1331874
0.2585831
0.5471733
1.1824355
1.2047726
0.5583804
0.8922931
0.7477526
0.6600774
0.6817850
0.6468487
0.9051421
0.3787704
0.5530062
0.6630011
0.9669908
0.5664723
0.7152440
1.6424890
0.9678859
0.3904018
0.2460705
0.4492572
0.9080142
0.5529411
1.0393587
0.6235290
1.1512324
0.3056138
0.6979634
0.6976989
1.0140652
1.1888886
0.5461071
0.8925916
0.7895285
0.7893722
0.8563793
1.7383176
0.9804936
0.7662551
0.8041069
0.9355857
0.2669615
1.0336354
0.8334541
0.6169838
0.7348805
0.6834127
0.4583363
0.6687856
1.8626214
2.0564627
1.4596800
1.1449384
0.9646074
1.7119621
1.0450035
0.9028550
1.0326834
0.4945777
1.4571540
0.9131765
0.9865779
1.0730437
0.8196011
2.1369200
1.1142663
1.1180790
0.8608399
0.9548721
0.6937851
0.7693745
2.0310328
0.9234989
1.0375876
1.1810839
1.7137427
1.4407881
1.0729667
1.2353196
1.4737771
1.1927814
1.5515880
0.9274479
1.2681650
0.5178058
0.8060288
1.3798374
0.9370414
0.8543924
1.0290379
0.8745292
0.8796654
1.1982842
0.7425609
0.6390298
0.6935411
0.9273893
1.0133531
0.7093745
0.9617918
0.7263885
0.9691489
0.7910495
0.3617401
0.2611253
0.4127874
0.1991337
0.2647368
0.3340797
0.3565947
0.4836739
0.3529840
0.5374684
0.7887872
0.9086645
0.5343081
1.1056493
1.4724548
1.5538185
1.6083079
1.2507554
0.9433535
0.9300430
1.3439521
1.3723471
0.9492479
1.5116685
1.0940058
0.6566058
1.0877680
0.5848788
1.0805732
0.8493738
1.5373874
1.0997574
1.5956717
0.3629310
0.3843079
0.8165308
0.9756731
1.1760793
0.9730225
0.7785161
0.9260860
0.6035688
0.1952223
0.6696345
0.5296020
0.4342572
0.6520910
0.7618810
0.4368547
0.3211615
0.7042897
0.6407180
0.8625964
1.0365374
0.3896502
1.3754496
0.6909301
1.0453733
1.2006908
0.8101324
0.3742814
0.4676190
0.5416102
1.1444920
0.7375207
0.6614318
0.9204724
0.4893933
0.8000609
0.2352313
1.2524459
0.5873267
0.9321145
0.4671739
1.0257788
0.4360205
0.1625759
0.8795620
0.8717549
0.9801755
1.0494957
0.7526555
1.6344421
0.7939616
0.8001489
0.6929781
0.4763635
0.2030718
0.5464507
0.5433205
0.7340322
0.7567091
0.7071057
1.0133301
1.6345045
1.3748253
0.5628237
1.3283709
0.5839617
1.0066027
0.3134737
1.7747368
1.4967324
1.7625407
0.5967021
1.1628619
0.9863923
1.3554142
1.6981560
0.4232176
1.5554181
2.1093523
1.3969075
1.0668872
0.8721753
1.8462389
0.7695430
1.1538801
0.6797102
1.8484779
0.4183263
0.2861014
0.9381112
1.2142345
0.9093270
1.6603876
0.5443103
1.3866252
1.9749870
1.5839783
1.0854394
1.5765157
0.5791181
0.7767246
0.2922395
0.4411875
1.8166244
1.3264454
1.6800437
1.8922194
2.7609740
1.6230447
1.9913700
2.5728288
1.6988135
1.1170404
1.1413600
0.8588644
1.0543004
0.8900086
1.6509770
1.9909653
1.9195793
0.7971120
0.9826849
0.6206103
2.2571836
0.7659576
0.3624946
2.3609885
0.4468056
0.4454296
1.2019673
1.3887127
1.9412438
0.9209360
1.5790735
2.5537643
0.9027328
3.1861749
1.7428342
0.9284487
0.9470491
1.3094238
1.2681100
1.5595700
1.3364780
1.4668204
1.6587996
0.6288745
0.2216006
1.1948917
0.8705757
1.2104849
1.4741735
0.6766662
2.2294577
2.3249461
1.9208757
2.8257910
1.6666581
1.1287012
0.8895306
1.9824087
1.8704824
2.3085472
1.7969593
1.2447017
2.1260435
1.6704115
2.1986175
2.0379014
1.5465629
2.0667216
1.7581473
2.0754360
1.0942466
1.3392447
0.8065106
1.1902160
2.2079129
2.0858928
2.4265145
2.5034523
2.1917993
0.6534926
2.1708593
1.7891556
1.0369452
0.6518031
0.8513925
1.0736818
0.9285298
0.6583285
1.5230074
1.4256955
1.1504964
0.4256229
0.5776858
0.9401226
0.8925759
0.6071841
0.6641991
0.3067290
0.7207808
0.5098131
0.6952723
1.1742743
0.3350909
1.5611399
1.0353688
0.9570067
1.4529009
1.3111221
1.1894607
1.1329135
0.9080803
1.0693964
1.2079361
0.5081752
0.6953683
1.0765607
1.8691275
1.3103749
0.7938897
1.2110464
0.7882966
0.7724607
0.8917667
0.7379951
0.3845363
1.7951752
1.4457791
1.7002498
2.0382033
3.5864650
3.6776310
2.2700328
0.4570926
1.3240634
1.4066920
1.8456739
0.6852109
2.1037736
0.7383778
1.0793787
0.6462451
1.9556175
1.6154903
0.9227595
0.9511352
1.0713129
0.8320690
1.0472677
0.8874432
1.1763157
2.1142350
0.6745544
1.2980213
1.4345477
1.0143240
0.9101891
0.9440873
1.2931475
1.5793756
0.8352396
1.9438250
0.5245246
0.7283514
0.6796980
1.1398641
0.8516204
1.3292538
1.2318991
0.5523950
1.2124943
1.5809784
0.4880634
1.6870646
1.0046915
1.4772182
1.4138006
2.0424833
2.1814298
1.7350986
3.1134894
1.5932808
1.3182972
2.5602291
1.5164285
1.4316688
2.1438751
1.4441234
2.8177955
2.5795063
2.7419580
2.0185475
2.3793909
1.7217585
2.4665601
2.7403829
3.7641706
1.6426690
2.4619263
1.8977721
1.7409159
2.3210833
2.0908236
1.4839040
2.1701741
2.4508914
2.1702787
2.9821877
1.9364275
2.7802201
2.6716106
2.6567140
2.0938728
2.4941639
2.1188447
2.7888693
3.4982016
2.6757974
2.3238003
1.7837880
0.8821803
3.0262569
2.0470377
0.9169111
1.9690952
1.1184650
1.0391195
2.5787291
2.9825596
2.9084775
1.9134620
2.1336069
1.6263278
2.2215415
1.6681112
2.4484221
2.1865905
3.0171998
2.7186508
1.5565037
2.0182347
1.9544671
2.2529482
1.9789235
2.7221694
3.2696108
2.3023219
2.1675420
1.3664753
2.8033234
1.3636001
3.1549083
2.8111534
2.0650186
1.3314534
1.2759802
0.8136731
0.6543574
1.5303015
2.1501943
2.1112117
2.4867096
1.5860220
1.9129311
1.7057771
0.7053332
0.9648671
1.4449789
1.1141653
1.2601128
1.8707643
2.0452466
0.3888466
0.5947660
0.9993890
1.0106231
0.6849856
1.4904368
1.7084456
1.5780235
0.4513938
0.8294150
1.0431756
0.4436100
1.2085147
0.8868734
0.9749591
0.9170588
0.9989269
0.4268587
3.1355951
1.3696511
1.0382859
0.7074012
1.6405449
0.9443485
1.0193071
0.9237411
0.7823437
0.8766825
0.5668455
0.5791238
0.7168825
1.0024015
0.6325045
0.3788552
1.0173952
1.1467579
0.7839924
0.7711635
0.9851982
0.4154054
1.0461970
0.7794900
1.0385532
0.5450589
1.3182853
0.6794535
0.7500556
0.8452034
0.3086522
1.0273346
1.0509354
0.8693344
1.4324665
0.3198154
0.7896517
1.0471550
0.7881325
0.7727253
0.7415043
1.7993793
0.7638808
0.7519376
0.9782648
0.7814518
0.6175283
0.5108509
0.3020758
0.9574778
0.6787198
0.4903288
0.3889115
0.9270404
0.4261672
0.6208259
1.0065198
0.7812863
0.8537261
0.9062927
2.0869450
0.8481862
0.5105832
0.9371659
1.4970977
1.8682448
0.9644740
1.0459189
1.1579191
0.3729043
0.7033415
0.7190204
0.5207516
1.8066758
1.5807505
0.6695728
1.2868495
1.7181220
1.2291518
1.1707103
1.0606934
0.8917705
0.6672612
1.1461652
1.6775920
0.6638909
0.8336922
1.5277776
1.2466760
0.8450066
0.9996853
0.9973312
1.9503574
1.4501515
0.5842457
1.1211866
0.9724931
0.6514977
1.0599408
0.3803454
1.2605623
0.3811461
0.7750787
1.5995350
0.8648197
0.2830768
0.5868413
0.3855401
0.3698622
0.4476211
0.9348045
1.4654935
1.0824635
0.3230239
1.0337419
0.5897515
0.9320599
0.8547140
0.6778266
0.4300745
1.4941397
0.9529505
2.7448223
1.1573036
0.4643963
1.6549523
1.2157003
0.7411610
0.9339247
1.5017130
0.7631538
1.5747321
1.6299226
1.5241505
2.2012395
1.4255212
0.8799348
1.7892905
1.5883354
1.7497811
1.6255050
1.1856587
1.9514405
0.9879054
1.9627703
0.7780511
1.0693303
1.1905928
2.1366021
2.1343126
2.2517132
0.8100003
1.4748781
2.5473673
2.5556712
1.7426257
0.9050967
1.9941284
1.5064325
1.6274452
1.9352389
1.1054530
1.6571234
1.7676960
1.9615532
2.5262433
1.5587334
0.7918822
1.7363161
0.6817647
2.5058222
2.3975484
1.6070527
1.3295998
1.7006308
1.0424990
1.0819324
1.3848689
0.8000075
1.3035355
0.7176845
0.9466836
0.6134320
1.2371487
2.6179430
1.3899814
0.9486633
1.2527364
0.5363219
0.3543303
0.7616324
0.7735006
1.3539904
0.9080109
0.6686077
0.4061106
0.7767378
0.3540054
0.2309680
1.1555288
1.2875335
1.0234203
1.1060955
0.2231483
1.8957249
0.9114967
0.3002024
0.6561450
0.4633164
1.6516180
0.7823698
1.2891882
1.0010171
0.4433723
1.0133449
0.7592731
0.7825636
0.7910291
1.4143348
1.7683645
0.8059379
0.8564875
1.6654767
1.7005261
1.0129607
0.1992154
0.4792699
0.9012105
0.3212623
0.6758817
0.4066582
0.7237569
0.4977149
0.4692165
0.3815676
0.2612100
0.3116132
0.5823500
0.2709974
0.7762781
0.0998138
0.5039930
0.5541606
0.4330235
0.6237776
0.6218438
0.4408100
0.4423588
0.2509150
0.2034322
0.4761423
0.0426026
0.1629079
0.6361023
0.8069296
0.4906343
1.2601381
0.8996757
1.1330680
0.3557454
0.9350861
0.8733409
1.0550705
1.5176613
1.2492796
0.8938822
0.9343564
1.0220029
1.2751417
0.5819963
1.0354549
1.1623696
1.3128996
0.9345180
1.1223403
1.4263017
1.1748124
0.8917098
0.6416600
0.3481753
0.8182476
0.2491508
0.4247821
0.2637122
0.2070833
0.2835018
1.0816113
0.9195093
0.1782234
0.6415572
0.2970057
0.7225134
0.9872244
0.8587910
0.2903850
0.2888715
0.8886965
0.6637658
0.1650341
0.6196886
1.2290770
0.3162028
1.2507432
0.6804819
0.8388079
1.2445863
1.0346779
2.0280958
0.6019475
0.7198211
0.9694825
0.9925360
1.0536993
0.9903289
0.4862962
0.6014531
0.6979266
2.0218617
0.7234587
1.3190273
2.1860795
0.9588149
0.7360152
1.6014494
1.6781518
0.6567525
1.7752143
0.6255763
0.7780693
1.5834005
1.2643665
0.8875234
1.6054501
1.3768831
1.2102977
0.8263426
1.3137375
1.0461631
1.2776287
1.3129790
0.1186170
0.5186828
0.5098157
0.7447746
0.7555317
0.8949597
1.0966290
0.7977758
1.1135931
0.9403241
1.1941190
0.5373395
0.9134671
0.9756168
1.2371053
1.6357485
0.7917245
0.6331050
1.2118679
0.8673231
0.3681491
0.6617188
1.1316899
0.9408907
1.7758756
1.3264397
1.1341229
1.9853528
1.4157485
0.9881368
1.3455232
1.1290011
1.4318302
1.4019820
1.0157057
0.9530419
0.7465895
1.2602432
0.4221691
1.2926019
1.7146697
2.0043623
1.3825977
1.5018657
1.2468623
2.1381087
0.9634303
1.4822409
1.4711147
1.9706217
1.8437554
0.7173156
1.0279937
1.7228648
1.1726648
1.2468768
0.6199714
1.0129828
1.0696791
1.4576904
1.5852936
2.2381492
0.8625808
1.0236890
1.4485994
1.5486811
0.9827467
1.1516403
2.7003813
1.0916602
1.1466755
1.5429492
1.1145334
1.8582898
1.3407113
1.2697285
0.7362194
0.6419055
0.8172858
0.3348498
0.7805615
1.4664389
1.8398711
0.7601182
0.9983677
1.0711935
0.4753487
0.4097346
0.3682317
0.9712954
1.6618168
0.8234848
1.3054852
0.4137383
1.6148132
0.8463927
0.8396384
1.6364644
1.7066899
1.1519608
1.5979756
1.3252966
0.7789076
0.8029054
0.3105539
0.7104088
0.5713311
0.4489559
1.7061129
0.8751830
2.0049103
0.4847918
1.3803569
1.8075672
1.3003129
1.0202465
0.6380229
1.0859336
1.1584288
0.8077379
1.0968580
1.1188877
1.4532054
0.7014761
2.3219267
0.7071592
1.0606854
0.7546678
0.5213061
0.8180598
1.0727785
1.4492336
1.1293637
0.4831872
1.9235433
0.9266478
1.6906265
0.7242558
1.2980216
0.6485615
1.2563391
1.0479856
1.2348753
1.0779323
1.3747385
1.1123686
1.0551185
0.4862708
0.5287083
0.6085070
0.4922371
0.7906188
1.2156785
0.9672325
1.1902812
0.8098196
0.8617859
0.6041416
1.6063624
0.5791750
0.6396903
0.7457939
0.9666527
0.8348019
1.4909861
0.6796832
0.6354895
1.0978010
0.4949836
0.6730268
0.7887964
0.9464969
0.8935614
1.0678799
1.2976594
1.1008121
0.6660743
1.3600700
0.6140369
1.6661816
1.3221409
0.6239781
1.2454307
0.8161398
0.7377817
0.7414543
0.6571518
0.7072653
0.8725652
1.0934459
1.3618548
0.5633618
1.4227250
0.7376865
0.9607985
0.6173179
0.7661042
0.7606485
1.0932733
1.9615018
1.9075935
0.9409146
1.4376354
0.9172507
0.9826490
0.5997625
0.5203446
1.9438719
0.9412493
0.8051924
0.2795988
0.6914525
0.8905009
0.3189932
1.5735432
1.7087387
0.3653886
1.2540875
0.9716844
0.4807209
0.9976455
0.9745831
1.3179172
0.5316418
0.9956140
0.9548504
1.0180911
0.9518780
0.9221775
0.6861677
0.5060684
0.3540998
0.3989461
0.6378245
0.9946221
0.4865584
0.7645491
0.8157432
0.7978264
0.3448143
0.4749746
0.6504978
0.7353684
1.1841702
0.8539842
0.9187960
1.0884193
0.7089552
0.3316623
1.3249496
0.6917837
0.2587560
1.1600768
0.4261119
0.9386902
0.5842278
0.5795200
1.0083034
0.7694913
0.8105271
0.9894510
1.0326088
1.3222030
0.6727726
0.6319700
0.4126116
1.3288925
0.4082736
1.1875410
1.3949015
0.1743688
1.4886787
2.0360756
1.4775465
0.7797441
1.1859014
1.1395611
1.2004673
0.4409955
0.7025881
0.7270424
0.6319243
0.5394676
0.7015240
0.1788475
1.7036322
0.3786859
0.5162405
0.6287444
1.0648768
0.9660159
1.8877288
1.3474395
1.4012575
0.7195873
0.8613870
0.6954554
1.3202319
1.8826326
0.2530162
0.9260501
0.7273225
1.1942148
0.5956204
1.4217276
0.5992221
0.7604191
1.1801247
0.9133987
1.3665352
1.2468165
0.6531639
0.6650174
0.8971550
1.3414350
0.5156108
1.2918314
0.9409403
1.0847097
0.4823121
1.5705896
1.1997551
0.9527303
1.2389309
0.6601292
1.1099202
0.7611812
0.4904315
2.1801698
2.3738180
1.1567318
0.9245174
0.5892888
0.8420393
1.1242074
1.7462228
0.8181144
0.5849293
1.5267376
1.1541575
0.7408568
1.3785218
1.9772862
0.7405070
1.5169681
1.1683970
0.5718558
1.1234035
2.5401991
0.7131575
0.5970448
1.3636779
1.0055816
1.1752384
0.7607092
1.6349116
2.8558554
0.5120334
0.5811531
0.3673494
1.2038048
0.9433067
1.0890154
1.8988356
0.5405462
1.9017468
1.1992715
1.0822645
1.0235049
1.0720646
0.7618704
1.0796182
0.5652032
0.6568744
0.9788908
0.5955552
1.2165560
0.8128737
1.2470980
1.3289097
1.2703021
1.4721428
1.0312557
1.1603547
1.3533538
0.8823004
1.0245999
1.7131508
1.2074296
0.8263500
2.6150585
1.2098783
0.7595375
0.9114660
1.1712315
1.3611086
1.1876451
1.6465446
2.6326232
1.1042174
1.6512814
2.3242720
1.5361463
2.6074267
1.6318855
1.7380841
1.1311990
0.5035724
1.5038498
1.7648227
1.5647659
0.8740787
1.0607970
4.2118518
3.1906831
0.7448810
2.0697143
1.7930734
3.2718921
2.2008570
1.9800438
0.5563879
2.0521354
1.2747008
5.5483820
1.9869744
0.8075068
0.5146017
2.1819083
1.4554730
0.6543176
1.2050367
4.4804934
4.2499010
6.5450974
2.0789186
2.1945749
2.6456238
2.1973888
0.6583193
1.1734886
0.5878463
0.7725567
1.6286252
3.2773761
1.5656416
0.5638211
0.9351461
0.5328520
1.1097276
1.0060964
1.4839718
1.6376965
0.7879847
0.9268682
1.8932139
0.7407497
2.0271586
0.8480219
0.8366383
1.3363976
1.2723746
1.2859525
0.7633048
1.1036481
0.9808911
0.6757905
1.6126468
0.4346450
1.1245329
0.4082706
0.6916713
0.5746752
0.5271334
1.0656740
0.9897485
1.8077594
1.3101063
0.8529205
0.7573469
0.8010315
0.9021769
1.2641027
2.3340912
1.3090044
0.1822390
0.1193858
0.9591791
1.0446780
2.1200157
1.1309952
2.0326791
1.2411368
2.9102504
1.8592094
1.6779478
1.5291576
1.8312363
2.2710212
2.8764686
2.6795824
2.4084281
0.5802041
3.9141505
4.1120627
1.4681242
4.8341396
3.3546133
1.7523717
2.0283213
3.0241817
3.1530586
3.1214765
1.2180752
1.9828641
1.0886181
0.4779836
1.3063431
0.2499062
0.7731748
0.9616262
1.6087162
1.0460830
2.1569592
1.5762735
0.5233327
1.3319516
0.7021099
0.3773455
0.7689714
1.2051302
0.5462820
1.3592235
1.1059749
1.4901624
0.7478550
0.7304976
1.1191368
0.3490711
0.9919663
0.7773835
0.7087109
0.7731722
0.9388224
0.4129112
0.6688878
0.7348019
0.7366765
1.2736847
0.4695408
1.0071046
1.3384976
2.3026876
1.0519103
1.4339546
1.4465202
0.5050481
1.5567283
1.2009785
2.2840285
1.7236001
0.4590805
0.6482306
1.5986137
0.2648074
1.1295215
0.9456864
1.6757260
0.8419027
1.8683874
0.6975253
0.4716370
0.4653147
0.9811751
2.2188655
0.5593299
1.4576636
0.2290940
1.0039754
2.2665948
0.4670411
1.3900130
1.3232510
1.7351026
1.5775581
1.0455506
1.0250420
1.3016302
1.0260114
1.0611545
1.1863369
1.9738279
1.1289351
0.5725935
0.4759921
1.0780355
1.0920569
0.6501380
0.2195770
1.9388821
2.4785394
2.5385176
0.4498337
2.4210564
1.5057132
0.8640351
2.2410634
1.1282793
4.3566389
6.2966326
0.7943783
2.2929936
4.0095803
1.4168629
3.4067109
5.8824515
2.2581860
0.4964298
5.4547119
4.0323756
2.4632821
3.1571664
2.5613828
1.5805454
2.1786275
3.1571716
3.1245102
3.0710522
2.0763838
2.4581524
0.8160648
3.8637834
3.7298646
1.2923050
1.5654556
1.0535264
1.8630807
1.3959345
2.4998884
1.3480652
0.8187778
0.8228072
0.6652284
1.3833369
2.9921700
1.8915594
3.4940047
2.9514856
1.9155341
1.4298395
3.5447265
2.2072204
2.1883405
3.6536317
2.1054021
2.2558117
2.7775606
3.3891281
1.8701772
2.5390031
3.0034012
1.5996847
4.2124393
1.1898306
2.4888855
3.2209153
1.5784774
2.5696929
1.5754167
2.0844538
1.1620505
1.5348979
1.7525420
0.8114559
1.2895904
1.7929177
2.1610478
2.6922076
2.0752968
1.3183338
1.5911710
0.8720817
2.5888017
2.8940558
2.4758959
1.8683270
0.2320299
0.8418431
1.0953693
0.7093273
1.6590770
0.7332196
1.0729944
0.9538393
1.4238523
2.0680749
1.1768471
1.0320761
0.8401934
1.3663162
1.1472631
0.5667647
1.5614180
0.6750100
0.5244217
0.8076449
1.2200302
1.0969119
0.6692004
1.3162538
1.6817374
1.5865022
1.3325101
1.6981031
0.7450465
0.4777478
0.1888365
1.3415200
0.8464877
1.5451444
1.3949162
1.0923342
0.5219557
0.6606668
1.4071473
1.3318764
1.1837520
0.9034544
1.3108386
1.4190652
0.6693351
0.5217885
1.8697926
0.6072994
1.1305710
0.8333846
1.3043150
0.0888577
1.2180976
0.9541231
1.1034218
0.7725798
1.7996546
0.4088217
0.9494718
0.8210899
1.1356916
1.2039296
1.3676257
0.5763518
0.7514398
0.6089479
2.0807273
1.4767260
1.6102773
1.2788821
1.9619678
0.6128907
0.7524784
1.5883276
1.3131245
1.1485002
0.9644490
0.6607869
0.5248800
1.7377698
0.8988090
1.3909556
1.1624306
1.0763074
0.6591513
1.7991545
1.4601280
1.0381035
1.0254474
2.7485199
0.1871712
1.2422660
1.6470835
0.9969543
1.8903694
1.3045828
0.9234906
1.1873540
1.1906941
0.8408039
0.8379138
1.7472944
1.8060323
1.4742069
2.2620605
2.1386575
1.3355230
0.7045585
0.5978181
1.5585251
2.1821965
1.8512762
1.2598539
1.3857703
0.5650241
1.2856449
0.5482674
1.1925982
0.4105382
0.9496918
0.6642163
0.6413714
1.4285247
0.8008630
0.6883881
0.9531728
0.9769560
0.5347373
1.0902490
2.1090983
1.4619666
1.4814888
0.6254710
1.9726508
1.1282684
1.7226045
0.7544965
0.9806364
0.9307993
1.6693208
1.4734443
0.6847522
0.8067743
0.7295615
0.6626828
0.7015682
1.3813020
0.9831600
0.7210703
0.5756798
0.8527793
0.6937060
0.6006430
0.3384941
0.5594148
0.5874386
0.9846128
2.0404638
1.3952879
0.9620992
1.4585699
1.0582325
0.7408954
0.1596766
1.3186883
0.5185490
1.2584297
0.4717816
1.1180307
2.3388464
2.4318549
3.1393386
2.4281831
2.3702101
2.8161844
3.1948487
1.9459386
2.2114440
3.6104375
4.3001209
0.4942855
1.7003733
0.7463232
3.9184276
1.6756612
2.0370251
1.0268423
0.6744607
0.7949782
0.7306897
1.1241177
1.3669408
1.6607600
0.8012927
1.0065161
2.2900437
0.4911558
2.1928842
1.7136256
1.2333260
1.0501202
1.6675823
1.0792533
1.4458943
3.2652337
1.8062914
1.3431617
0.6147118
1.8922935
0.2723602
0.7718834
1.9867487
0.3854902
0.8202763
0.8569044
0.6910215
0.6232066
0.4854019
0.8336319
0.6219917
1.3906190
1.1767755
2.0404303
0.7875305
1.1031745
0.6747673
0.4537281
0.9318461
0.9077588
0.6543304
1.4467365
1.3209890
0.6235491
1.8423400
2.1693853
1.4489545
1.3091958
0.6320509
1.3772942
0.9233722
1.1582646
0.6525486
0.7872554
0.6659145
1.2211656
1.0817908
0.8490924
0.3545432
0.7397078
0.3397486
0.5747002
1.3053358
0.4328172
0.9581083
1.5504822
0.5302176
0.5992026
0.5172714
1.1753122
0.9398020
0.9485528
1.2240348
0.6723788
0.6775332
0.7463827
0.8658826
1.1304118
1.0129058
0.9284498
0.8305718
0.1852524
0.6811518
1.0504962
0.5606223
0.7774308
1.0071487
1.2820373
1.0546120
0.5957186
0.6222986
0.6003117
0.9154776
0.6863712
0.5302234
1.0481072
1.0248451
0.6504344
0.7693846
0.8486587
0.8747421
1.0886251
1.0722603
0.8932012
0.4215178
0.5708473
0.4935580
0.7957501
0.6065106
0.2645810
0.8375246
0.8156806
0.3159167
0.4862564
0.3609642
0.8971042
0.6166585
0.7705336
0.8664511
0.6759385
0.6717871
0.9657140
0.7688219
0.8227692
0.9239074
1.0225694
1.0220605
0.5916564
0.9508358
1.0182060
0.9381209
1.3050504
1.3644430
1.1010116
0.8273951
1.4283678
1.4483950
1.0181782
1.0248305
0.8825550
0.9118595
1.4939732
1.0794853
0.9419934
0.9575476
1.4507728
1.2363779
1.4777153
0.9588113
1.2672297
1.3854134
1.5454346
1.5095903
1.4832829
1.3066743
0.8724419
1.3635020
1.2202079
1.1300679
1.2819852
1.0308064
1.0754179
1.1560137
1.0076469
0.8923991
1.1709290
0.8166348
0.8246100
1.2091045
1.4032761
0.6997348
1.2049576
1.5240893
0.6738154
0.5966696
1.2064267
1.3924680
1.3987119
1.0221883
0.9392906
1.5915391
1.1193802
1.0575294
1.2799055
0.4444915
0.7713042
0.5776691
1.4207570
0.8470867
1.3104416
1.0444299
0.6413396
2.0886534
1.0203547
0.7246911
0.9378416
1.4383278
0.6650918
0.9485043
0.7059278
0.5926533
1.2945263
0.4503982
0.7685670
1.1406293
0.4827546
0.9724470
1.0520797
1.1662340
1.0565278
0.8971657
0.5636121
1.1332900
0.7850533
1.2266881
0.9697505
1.0099612
1.5456916
1.1760655
1.2731937
0.6226657
0.8092643
0.2390437
0.6250724
1.3629789
1.3456055
1.1772279
1.1142074
0.7496968
1.2729887
0.6899455
0.7396552
1.3461252
0.9574143
0.8378266
1.5309399
1.2318510
1.2928040
1.3868664
1.1960603
0.4049198
1.1859276
1.1811410
0.9621949
1.2614197
1.0580919
0.9594058
1.1392967
1.3895748
1.4350884
1.2945107
1.0977983
0.7676869
1.0057581
1.4020025
1.6052160
0.8676737
1.3632479
0.8920406
1.1076288
0.9668291
1.6063826
0.9626656
1.1027451
1.0256604
1.6469621
0.9143299
0.9484600
1.4739385
0.8054366
0.7734770
1.5777021
0.8070676
1.5013170
0.8223708
0.9690078
1.1409755
0.8957397
1.0917658
1.1838961
0.7986210
0.7350014
1.4302094
1.2228823
0.7930358
1.0886345
1.2046972
1.3474957
1.3219327
1.2371303
0.8650106
0.8511828
1.6950595
0.8270817
0.5697595
1.3161667
0.6145928
1.4805951
1.3370809
0.7345116
1.0750467
0.6762192
1.4169281
1.0013262
1.0508494
0.5095927
0.9159583
1.5713630
0.8887604
1.1104188
1.0456911
0.7135664
1.2827158
1.1291364
0.9308326
0.5614310
0.7705825
1.0543297
1.1310296
0.8763310
0.7977699
0.9955592
1.3109942
0.8425261
1.2472797
0.8987965
1.5789432
0.8033073
0.9028648
1.1812505
0.8527512
1.3466292
1.2232163
0.9574606
0.8164787
1.0602540
1.1536633
1.3229291
0.4296906
1.5503543
1.1656657
1.2435179
0.7425290
0.5636009
1.6646152
1.0449214
1.2995743
0.6491484
0.9142390
0.7968396
1.1104614
0.9783194
0.8944541
0.7450672
1.0998231
0.8287842
1.5272240
1.1760787
1.0853101
1.4608862
1.0339782
0.2214849
0.6914879
1.1669530
1.1025736
0.9606293
1.1588571
1.5301190
1.2684965
1.0691051
1.1418544
1.3799959
1.0799389
1.1909534
0.4931250
1.1680528
1.0660508
0.9441544
1.3566495
1.1154329
1.2812826
1.5449681
0.8100232
1.0493701
1.4884130
1.3111864
0.6103280
1.1195744
0.9194449
1.0946556
1.1893707
0.5838151
1.5715447
1.2084550
1.1234566
0.9465496
0.9739579
1.5049959
0.5858178
1.0714638
1.0397499
0.8610437
1.1681686
1.0466448
0.6973738
1.5378424
1.1671972
0.8347547
0.6172081
1.1432745
1.5098304
0.6835758
1.1960786
0.8433174
0.9039631
1.0534013
1.2192850
1.6144831
1.0285576
1.3429978
1.0849123
0.4054027
1.2021988
1.2720157
1.3673334
1.5177038
1.4976294
1.4023411
0.8495348
0.7434232
1.4283154
0.6323007
0.8362248
1.2921767
1.0066576
1.1414506
1.2016013
1.0180138
1.1625356
1.1565621
0.8991324
1.0159604
1.2386396
1.5716649
1.2588867
1.6416795
0.7123843
1.6283620
1.8687248
1.4587385
1.4946471
0.8278581
1.5831173
1.8610405
1.2609445
1.2581311
0.9491113
1.1190299
1.4664028
1.5006802
1.1995904
1.0530708
0.6799795
0.7998526
0.9023244
1.6217118
1.2646011
0.8310765
0.7174035
1.5287943
0.8477082
0.6466129
1.8922294
1.3078550
1.4244909
1.0120447
0.9126458
1.3257014
1.2285286
1.3485359
0.5481450
0.9780613
1.3297030
1.2593442
0.5334221
0.9964785
1.0731650
1.1301821
0.9425549
0.6080685
0.7045532
1.0546078
0.8900273
1.5838650
0.7913450
1.3682957
1.1663164
0.8503707
0.6886215
1.2701534
1.4721716
1.0343583
0.7703965
0.9543649
0.7859133
0.9726884
0.7668631
1.3665803
0.8643417
0.6712538
1.1129402
1.4037305
0.6668894
0.7394055
1.4627325
0.9361013
1.1230420
0.9058786
1.0500626
1.0449042
0.9634254
1.3842048
1.3034833
1.2543959
1.0597158
0.8540791
1.3696977
0.9336802
1.0405584
0.8933636
1.5642036
1.1708461
1.5075283
0.7616460
0.8921842
1.2278743
0.7552720
1.3585617
0.3809564
1.0074630
1.0055881
0.6432568
0.7544072
1.1896013
0.8814760
0.5952924
0.8063715
0.8417928
0.6304449
0.8101432
1.1938320
1.3334677
1.1433728
0.6288785
0.6739791
0.5882160
0.7802345
0.9567231
0.5857689
1.2109107
0.4983286
0.9863893
0.7615695
0.8737324
1.1954081
1.5778824
0.8448499
0.4713217
1.8880933
1.4629528
0.7838587
1.2153890
0.7564874
1.1004905
1.1407678
0.8600984
0.6545631
0.9552620
1.1473835
0.8518092
1.1664576
1.2413663
1.3743845
1.5703182
1.1869350
1.1381436
0.9376401
1.0353744
0.6561755
0.6913356
0.6215911
1.4397266
1.3466553
0.9115867
1.4364494
1.0534572
1.4510180
0.7301998
0.9106051
1.3835298
1.1428443
0.9091923
1.1297014
0.6986816
1.0091174
0.7415458
0.8046378
0.9933236
1.1812914
0.5557048
1.0874915
0.9331123
1.4172942
0.8848219
1.2197647
1.4612907
1.6592020
1.1316577
1.3215329
1.2507868
1.2593610
1.2418240
1.6045686
0.8917458
1.0401340
0.7136081
0.9254553
1.0287606
1.2417567
0.9174719
0.9733864
1.0592204
1.8934240
0.3836415
1.1323436
0.8462580
1.2946303
0.9615553
1.0299745
1.0334814
0.9795445
0.9332942
1.1025647
1.0587797
1.0730994
1.1408434
1.3251070
1.1623182
1.0548868
0.9407824
1.1845837
1.6214744
0.7824486
1.1299039
0.9893035
0.6755706
0.8601157
0.9925652
1.0448800
1.0899420
1.2059818
0.8291907
1.6304737
1.1178998
1.2808975
1.0565776
1.0155650
1.1523835
0.7827615
0.8535971
0.3989404
0.8061517
1.6032774
1.1623012
1.3846827
1.2543655
1.3735661
1.8663922
0.9890021
1.1746654
1.4004310
1.2404200
1.3519836
0.4606306
1.0929839
1.0823026
1.3378132
0.8730672
1.3540916
0.9037441
1.4118297
1.5721513
1.2417839
0.7173821
0.8059196
0.6540761
0.7645161
0.7774118
1.5328086
1.4812364
1.3313905
1.6156180
1.2575162
1.0911908
0.8945697
0.6379422
1.3191403
1.6899111
1.0393225
1.2941792
1.7433587
1.2120098
1.6439780
0.9332459
1.2882643
1.3363255
1.5511050
0.9952655
0.8318167
1.8796931
1.1045170
0.9906048
0.7430105
0.9105804
1.4141730
0.9683498
1.6053734
1.0608664
1.7009135
0.9462776
0.8067677
0.7791221
0.8529435
1.0424383
1.3398015
1.1199186
0.8696950
1.1543281
1.2282763
1.2694962
0.9193525
1.6321920
1.0779176
1.0825347
1.6217173
1.7520876
1.7677545
1.4529475
1.3474190
1.2742030
1.4980265
0.9754573
1.0704811
1.1055444
0.7581405
1.1361140
1.3450985
1.4762755
1.6476071
2.1247756
0.8095906
1.6464209
1.1865976
1.2273364
1.2489600
0.8089274
1.2479450
1.1510471
1.0846967
1.1310471
1.3221709
1.6405389
1.1345669
1.3596253
1.2854817
1.6509333
1.4754127
1.2731098
0.9378762
1.0077330
1.2264393
0.9318220
1.3947427
1.0557609
1.5675758
1.1531939
1.0387317
1.4216594
1.2141931
1.4747439
1.3530337
1.1051338
0.8627981
1.3417257
1.1412202
0.9785540
0.9220565
1.4700994
1.8898886
1.8975751
1.1851900
1.7885424
1.4953485
1.5153720
0.8442655
1.2393314
1.4063625
1.0228588
1.5411365
1.0691455
1.5864705
1.2606815
1.6333602
1.1412969
1.7057992
1.2797207
1.6069984
1.5921054
1.0414256
1.0716254
1.7109838
1.0609607
1.3851286
1.5974484
1.1959389
1.1007764
1.0514073
1.5780950
1.1436924
0.9893763
1.2840980
1.3444238
1.0446153
1.5194564
0.9702671
0.7029318
0.9855011
1.3396460
1.1977381
0.3650214
1.2391094
1.0354413
1.1467293
1.2079048
0.8528545
1.2313053
1.3601768
0.8364690
1.0834298
0.8908745
1.6769277
1.5677317
1.8112733
1.2763500
2.0088099
1.3061572
1.2773046
2.1596703
1.9371527
2.1055137
1.2569690
1.2882318
1.3062431
1.1414668
1.4237656
1.4428021
1.6191501
1.5874982
1.4130174
1.3195493
1.1063723
1.2304249
2.0122234
1.2843155
1.7285686
2.1722766
1.3525220
1.1459146
1.0797474
1.3973217
1.3245230
0.6801873
1.1906158
1.2781140
1.3446784
0.9805696
0.7312333
1.0872339
1.1182173
1.2816687
0.4699101
1.3615631
0.7715490
0.7802942
1.1888947
0.8531438
1.0051506
0.5265150
0.9491648
1.3395427
1.4421144
0.2188316
1.2878154
1.5125504
1.4060933
0.9314157
1.2149233
1.2375101
0.8664154
1.5254196
0.3977850
0.9117518
1.0930955
0.6977191
1.0258292
0.7758782
1.1495433
1.4233377
0.8563869
1.0853396
1.5653848
1.3662652
0.6944548
0.5812758
1.0986193
0.7652249
1.0687796
0.7913858
0.8222074
1.3672065
1.3305655
1.8616681
0.7467844
1.1289020
0.8113454
0.8450384
0.6737495
0.7477656
0.9222931
0.5084184
0.4559029
1.0712517
0.7484304
1.3771628
0.7633456
1.3188681
1.6518932
1.0835594
1.1243680
0.7251464
1.2195276
1.2432883
2.1689999
1.4225574
1.0142963
1.4128401
1.4590843
1.0462166
0.5398107
0.4902083
1.0372830
0.4891942
1.0605104
1.0734576
0.4680288
1.4091732
1.0024741
0.6391867
1.1622550
1.3372759
1.6312878
1.2021002
0.6761192
1.3134464
1.1718830
0.9908869
1.8783568
0.8112303
1.2568928
1.3229086
1.2104006
1.2027093
1.2236712
1.2975476
1.1128997
2.7549058
2.1556806
0.9081848
1.2154353
1.0549363
1.3619558
1.3188749
1.7226882
2.0320054
2.4144466
1.5163230
2.6712201
1.4238140
1.4643917
0.9714481
2.2565266
1.2883186
1.6474959
1.0686321
1.9843675
1.9073013
1.4361726
3.1622337
1.7538369
1.1015865
1.5341467
2.5585571
1.2404759
1.3535578
0.8840769
1.6799626
1.8059214
1.2649548
1.7208546
1.0294349
1.7397777
1.9286814
0.7712000
3.2026447
2.7900635
1.1592441
1.9390751
1.6039411
1.4852848
2.7138634
2.6024286
1.7067558
1.3320934
1.4103404
1.5337238
2.6181602
1.9071747
1.5138817
2.4506513
1.6756366
1.6574665
1.9934294
1.2605117
1.9941162
2.4475335
2.0476783
1.9533611
1.6668543
2.4447245
1.0490123
1.1195676
0.6456113
1.5386234
1.1441190
0.7930802
1.1373152
1.7775546
1.8726795
0.9142556
1.4742728
0.7545981
2.3241619
0.9880643
0.8613270
1.0296272
1.1570008
0.7084685
0.3402007
0.9286858
1.5550403
1.2722270
1.0521235
1.2075166
2.0264141
1.1187198
1.7275945
0.8008115
0.8365156
0.8528452
0.7552403
1.2956601
1.2876152
1.4685510
1.7283639
1.0098913
1.8218155
1.4763495
1.1745087
1.3119385
0.9020643
1.1644033
0.6534020
0.6035124
1.2912445
1.2623548
1.3875171
1.1815965
1.2141099
0.3434962
1.0887779
0.9812740
0.9187657
0.7142574
0.2559725
1.4000656
0.4276781
0.9878223
0.7581498
0.2425581
1.2831108
1.3477102
1.8233649
0.7723704
2.3683158
1.4795102
1.0614310
2.2927627
1.7306118
0.7735782
0.9315492
0.6884517
0.9144615
1.1146334
1.2056164
0.8618139
2.2084385
1.2847715
1.0859740
1.8066895
1.2023916
0.8910570
0.4779890
1.5931698
0.7444610
0.0317169
0.1379178
1.1139805
0.5974337
0.7061541
0.7163511
0.7175720
0.0757845
1.8633902
1.2811936
1.4490557
2.2629476
1.3082109
1.3609443
1.4614816
1.0250611
1.9962096
1.6677294
1.6756548
0.7049860
1.5682192
1.5874548
1.2332998
1.1027545
0.3804423
1.0473625
1.1556473
1.7768455
0.8797550
1.5402949
2.4849362
1.7338358
1.1911417
0.6105868
1.6631145
1.5362793
1.0916848
2.0202119
1.5862690
1.3474627
1.5079757
1.2828018
1.6829458
0.9979096
1.4432983
0.6452315
0.4917416
0.4564882
0.5719982
0.7711281
0.7212537
1.0523079
0.4155559
1.1853245
1.0716305
0.4817722
1.5415401
1.3763839
0.7235464
1.0875102
0.1035104
0.2823517
0.6235492
0.4923133
0.6215773
1.6529356
1.2768478
0.7760760
0.3942709
2.0190652
1.4828887
0.9560114
1.7649337
1.0756737
0.6991943
1.1257910
0.7159674
1.0782429
0.5149966
0.5810962
0.0695309
1.3127046
0.9373084
0.8658098
0.9814804
0.4506170
1.1658300
0.5757100
0.6484476
1.4063264
0.7843830
0.7290106
0.4906839
0.9633687
1.0709580
0.5930425
0.4562282
1.1426528
1.3013175
0.3595841
0.6837156
1.3100703
1.0589798
0.5107712
1.5281830
1.3822321
1.1718537
0.6143702
1.4693586
0.8332738
1.5900309
2.2027563
0.4682419
1.1934822
1.4256968
0.4482269
0.9808285
1.2519153
0.3573646
0.2711529
1.2468797
1.3416144
0.8618930
0.4233567
0.9420106
0.2758187
1.0208807
0.9004456
0.7253881
1.0795290
0.7251032
0.9783882
0.8409714
0.7486025
0.6519938
0.7671908
0.7230631
0.4023387
0.4946042
0.6028710
0.7782241
0.7282724
1.0393049
0.4641183
0.5372056
0.9940590
0.2449663
0.5633456
1.3650529
1.3602202
1.3278926
1.1642936
1.3255857
1.5611198
1.1195141
0.7479231
0.6634242
0.8166482
0.3991271
0.9916654
0.7117042
0.9209740
1.1310271
0.6247326
1.1380003
1.2692191
1.0675624
0.5536894
0.6128579
0.4432518
0.4088717
0.5354024
1.2456407
0.3395804
0.8599927
0.6498861
0.1018363
0.2242036
0.5459935
0.3910029
0.3996076
0.3988214
0.5872767
1.4342255
0.8012804
1.2588334
0.3256643
0.7672641
1.3816671
1.3472004
1.4109258
1.1607545
1.4770557
0.8920354
0.7535543
0.4069237
1.6521120
0.8964494
0.6902267
0.9222614
1.7414528
1.3328566
1.2836805
1.2104576
1.3128519
1.0880588
1.5030192
2.3782360
0.5903185
2.0261404
1.8655644
0.2218520
1.4758856
0.6413531
1.6521798
0.2769017
1.2996342
2.0244913
0.7357119
0.4162557
0.8456797
0.5901370
1.4610146
0.9280086
0.8781377
0.3968652
1.6470557
1.0254838
0.9621389
1.3586346
0.9503581
0.5128737
1.0121294
1.4269398
0.9267821
1.3138751
1.0411973
3.5672945
1.8125585
1.8009985
0.9681399
1.4984503
2.5866498
1.0687634
2.5909153
0.8036642
1.1128391
1.0317462
2.3039607
1.1992101
1.2299581
1.5471296
2.9879749
1.0126664
2.0809040
0.3902618
0.2550883
1.0656608
1.5086739
1.4755290
1.5484618
0.4735832
1.0076048
2.1532897
0.7646369
1.7795901
3.3699545
2.8115796
3.5796566
0.6586284
1.6726946
5.1410709
1.8945585
0.4715828
1.1634543
1.8041466
1.4967313
1.2284143
1.8770220
0.8222257
1.6254892
0.7896164
1.5601341
1.2556538
2.5051028
2.6469269
1.7578566
3.4447490
2.6190512
2.7066161
1.1667931
0.7069038
1.2433082
0.9070450
2.1420923
2.1924984
0.8785896
2.6751080
1.9686899
1.9439301
0.6254325
0.8137435
1.1054745
0.9452233
1.2240722
3.5316197
0.4269812
3.9361291
0.5263283
0.9943188
1.9677717
2.4540618
3.2882168
4.0974559
1.4750583
2.5432376
5.0164914
1.9770413
1.7906750
3.1964755
2.4437803
1.8375679
2.0356043
5.3935859
2.2494551
1.1395036
2.2116881
0.7555613
1.4453040
1.9451351
5.2798684
4.3208153
3.1214696
2.6233389
4.4097931
2.8761840
1.4774296
1.3291789
3.7407687
2.6572986
2.3587580
1.1612231
3.3980837
2.2700942
0.8374115
1.2468977
4.9928235
0.6452893
1.0091196
0.6797160
0.9939834
1.0441050
2.8006506
3.1499091
2.0742256
4.3988467
1.4165389
1.5530384
1.5445691
0.8269064
0.9809525
0.9247345
1.1472660
2.2467918
0.3462935
1.8779052
1.6795725
1.5652096
2.5741577
0.9561031
1.9889708
0.8422781
0.3202980
0.7585931
1.2057447
0.4178856
0.6815007
0.9119987
1.3941740
1.1710762
0.9579399
0.8474277
0.9250890
0.6232794
0.7651647
0.6095023
1.2014823
0.8772519
2.5307327
0.4574609
0.7431608
1.3354486
2.1193034
1.9180398
1.9994391
1.8770362
1.8158736
2.0185312
1.4188526
0.9481741
0.9249171
1.8037881
1.5848246
1.0109358
1.2647077
1.2188657
0.9555140
1.4611732
1.2777936
0.6005654
1.3320446
1.3062672
0.9965301
0.5426724
0.6033489
2.8936643
0.7134355
1.2565950
1.3629879
2.7049015
0.6891636
0.9882835
0.8755251
1.0454237
1.0509030
2.4144423
3.2934061
0.7960037
8.8759001
5.3852399
2.8207917
2.1027070
2.8295144
2.2203177
2.6836849
2.9196288
2.2719965
4.1277666
3.1394828
0.6970031
2.9898606
3.9611945
2.3217757
0.7965530
1.6622389
3.9930249
1.6415971
2.9022350
2.2352630
2.6780247
3.2232093
1.2069139
3.6288127
4.1459553
3.0611814
3.2463531
3.8817863
1.7895918
2.3284161
1.6974517
2.3639300
2.9765300
1.0951954
3.6387591
3.9189782
2.1298923
2.1731406
2.4507958
3.8667359
1.3199526
3.8136327
3.9097547
1.8952661
5.6518409
4.8054105
0.7280457
1.1047745
0.8409317
2.7503554
0.3991494
0.6250646
3.5664916
3.3343507
0.7775229
0.6910841
4.9484355
2.2093384
0.3027278
5.2049752
1.3938149
5.3394796
1.8607796
1.1707121
0.8011364
2.2955477
1.0076830
2.7834646
0.5339639
1.9208687
2.9701401
0.5076999
1.9307858
2.2841128
0.9778514
2.2811907
1.1756434
1.6017014
0.4985253
0.4163679
0.2157537
0.5880931
1.7680064
2.6483238
2.0322494
1.9536832
1.4968953
1.6119366
1.5097758
2.7797377
2.1518753
3.8161137
2.2674639
2.1518084
3.6806850
2.2108718
0.4349470
1.6056904
1.3845113
1.9820243
2.7301877
4.6295359
1.2444873
2.9861813
1.2194808
2.5250684
6.1674214
1.0831868
1.0875852
1.8010092
3.6959460
1.7415978
1.9034756
1.2104720
3.0800559
1.7396499
1.9051373
3.7526027
1.7952391
3.1283316
1.2638191
1.2530287
2.6745122
1.8457251
4.8448726
5.0642459
1.4724174
1.1976235
2.2409632
0.7699698
2.3563289
1.6065412
1.1371663
0.7860246
1.3630734
1.8848647
1.0970887
1.4976428
2.1224237
0.8337219
1.4534098
1.6895980
1.8115591
2.5687353
1.7344642
1.4853766
1.1342468
2.6040719
1.5419963
0.7819127
0.4371707
0.6151914
1.9512702
1.1237159
1.1239721
1.4717755
1.2213693
0.5017638
0.4391062
2.6684861
1.5366628
1.0522003
1.0891905
0.9390029
1.4062360
0.8802193
2.2183640
0.5902349
1.4889878
0.5120756
0.8373585
1.4166087
0.9950977
1.0035273
1.6791274
1.1830260
1.5112326
1.2079059
0.5991338
1.1715856
2.0765093
1.0486888
1.9524331
1.0239161
1.1372381
0.9656588
0.9817511
0.8261920
1.1785245
1.9290905
2.0899390
1.1570709
2.0733243
1.6429330
1.9838753
2.8033333
1.1749854
2.0545431
1.5850331
1.7195040
1.5867328
1.1092382
1.2790765
1.2069098
0.7378563
2.3404745
1.9777786
0.7274912
0.4678289
1.1144488
1.8153286
1.2061407
1.3175174
0.9156036
1.3743358
1.4735324
2.7100145
2.2714378
1.8721643
0.8776075
1.2494923
0.7583689
0.9929528
0.7572536
0.9984947
1.3331322
0.4929376
1.9376154
1.2737364
1.5385175
2.3069592
1.2413959
1.1014763
1.5439777
2.0725785
0.8206864
0.6638298
1.0026342
0.8301427
1.3154800
0.5676117
2.3560513
0.9623541
0.5578479
1.6026704
1.2563476
0.9975706
0.8787389
1.6140799
0.9170938
2.0353081
0.9982852
0.6553654
0.9516695
0.5979409
1.0788840
0.7056025
0.9559634
1.8607735
1.5579467
0.7225724
2.4659365
0.8601308
1.2125736
1.1949579
1.4584710
0.8105681
0.7669944
0.6329806
0.5369372
0.5224670
1.9475519
0.4149155
2.3109619
0.8548310
0.4992068
1.3694552
1.0695183
0.9362089
0.9991668
1.2366217
1.1334350
1.5912367
0.7710277
2.1245204
0.3715365
0.9530972
1.5930593
0.4011810
3.4365936
1.0669394
0.7181284
1.6059380
0.8042997
1.1583479
1.4294536
1.5191681
0.7668851
0.5906430
3.1901611
1.1281986
1.1178485
1.3629830
1.1783966
1.9891219
0.5502760
1.7117014
0.5877327
1.9107385
2.0280408
1.1386263
2.3180947
3.0510993
1.5171639
1.9598596
2.3153187
1.9920994
0.8522981
1.3641872
1.3725351
1.1872338
2.6716031
0.8880903
0.9170598
1.7583427
1.0739537
0.6887943
2.3281601
3.5372808
1.8814872
1.0881085
3.0082635
1.2872452
1.5859084
0.9561742
2.4524041
2.2933807
2.3391629
1.0480818
1.9955350
1.9572054
0.5417945
0.5380549
2.6586723
2.3106914
1.9939630
1.9339230
2.9324956
0.8941298
2.2334251
0.9289015
0.7962151
2.0896207
0.4250624
1.6927090
1.0696689
1.6550693
1.5192803
2.8926201
0.7316746
0.9714712
2.3529650
1.4516528
2.4809715
1.6532925
4.0058341
1.8407577
0.9585417
2.7721068
1.3359270
1.7885314
2.3397885
7.3681047
3.3414126
2.4074048
1.9496372
1.9695956
2.6295640
0.8105522
1.1020585
1.1341772
1.2214755
1.0485788
1.4529192
1.2461574
1.5520774
3.0971201
1.0276840
1.1183509
1.1082874
0.6494904
2.3531417
3.6124426
1.8441364
2.4196848
4.5494350
3.8556349
0.6269793
1.0801264
1.1099769
2.0529586
1.4691468
1.9034562
2.4644101
2.9777658
0.5323753
2.9116073
2.4209871
1.9439698
3.3127579
2.8625606
3.7834151
0.8960359
2.9542408
0.3948588
0.2721272
1.2148341
1.2788685
2.4355996
0.9453675
1.9560647
1.8546679
2.7019324
0.9334141
0.9896453
0.7336285
1.3558810
3.1840741
0.6440335
0.3095604
3.5437961
1.6769769
2.0184926
2.0330043
1.0868517
2.4497090
1.9931333
0.8840494
1.3870749
1.8798647
1.0403493
1.0132942
0.3885254
1.6761665
0.6360370
1.4290395
1.5629189
2.1389094
1.3014270
1.2271988
0.8862118
1.5659054
1.0130133
1.6074258
1.6560797
1.1931659
0.9612562
0.6192874
0.8554353
1.0325346
1.2782371
0.7394481
1.5288183
1.4283858
0.8175756
2.0033088
0.8680054
0.4740547
0.8961869
0.9681654
1.5401539
1.2480604
0.6756636
1.9132698
0.4529026
0.5468126
1.7431087
1.1400074
1.4367403
1.4504666
0.5770694
1.0100290
1.6099325
1.5931256
1.7806068
0.6098354
0.6748067
1.7505405
2.6115930
0.6305242
0.8242767
0.4619005
0.6651538
1.7764037
2.4092743
2.0167784
1.0280112
0.7343887
0.9159379
1.3919110
0.7522631
1.1348053
1.0704473
0.8668051
0.8909026
2.4350818
1.7280788
0.7316162
1.7259286
1.4197983
1.0552955
0.4419961
2.1105904
0.5734150
0.7238449
0.8443063
0.8084185
2.4497737
1.3494865
1.1479085
1.1022594
1.1684032
0.2502027
0.5468264
0.4115982
1.7728993
1.0129406
2.2845887
0.6645488
1.7113555
2.0179470
1.5286187
1.9245053
0.4096941
0.6210127
1.8210292
0.1294191
1.4581300
0.6093106
1.4188016
2.2888578
0.4363778
2.8146714
2.1573427
0.9165500
1.7275798
0.9201328
1.8778549
0.5072879
0.8495253
1.1865720
2.0976988
2.0401818
1.6506944
1.8474940
2.7980624
0.9366200
1.9146874
2.5858329
2.0788541
1.2726405
2.7524802
2.4235500
1.9990636
1.2459811
1.9867953
1.7776668
0.9025849
1.3712481
1.0748549
1.7262444
1.0536913
1.7139395
1.3289399
0.5604557
1.4402891
1.2897589
1.0661037
1.5618762
1.4053725
1.0239822
1.2620273
1.2177063
1.0976876
0.6733648
0.6562433
0.7406889
1.0003479
1.1498769
1.1663851
1.5234798
1.2199944
1.0502256
0.6292986
1.5166310
0.6322554
1.9182232
1.1377325
0.8498690
0.7188806
0.4870777
0.9277785
1.1940608
0.9723344
0.6375278
1.6605265
0.8234962
1.3205459
1.0612335
1.0812292
1.2362438
0.4555282
1.1138455
1.7216514
0.8557281
1.0761928
0.9430811
1.6997155
1.3060797
1.4322525
1.2797661
0.8727730
0.9468154
0.7860367
1.2482561
0.8679967
1.3635533
0.9962409
1.4456096
0.6609507
0.9347853
0.8833417
0.7524826
0.8970534
0.8398303
0.8727322
0.8743897
0.6948396
0.6828071
0.7539447
0.7250862
1.1554701
1.1516845
0.8270233
1.0027040
1.0144811
0.8857534
0.7944681
0.8732338
1.1146441
1.2907061
0.9154721
1.1359661
0.6450465
0.9831385
1.1921550
0.5436981
0.7528473
0.8765390
0.7911711
0.7320066
0.8317175
0.8268480
1.0249260
0.7302234
1.3575743
1.2338615
0.9181545
0.8148326
0.8831255
1.1056142
1.2803769
1.0053896
1.0176870
1.3469893
0.7588401
1.0031016
1.1860827
0.8088085
0.8253130
1.0840055
1.1187003
0.6053872
1.0950390
0.9708374
0.8035395
0.7550097
0.7906391
0.9818670
1.5424521
0.9874858
1.1566883
1.0630934
0.9412035
1.0212980
1.0514041
1.0054399
0.7903918
0.9464468
1.0393425
0.8792356
0.8305966
0.8616689
1.0441492
1.6859324
0.6883382
0.6938847
1.1809394
0.8672843
1.2207612
0.9801597
0.9724233
0.9729592
1.0904803
1.0391041
0.7474775
0.4818185
1.0017004
0.7677899
1.2396263
0.9751645
0.9439545
0.8299669
0.8613879
1.0192929
0.6380635
0.6239631
0.6428127
0.6923688
0.5833513
0.5956328
0.4526757
0.6521676
0.5844007
0.3524429
0.6618585
0.5184685
0.4248730
0.6369559
0.7346844
0.7219119
0.6362779
0.4326348
0.9099744
0.4798382
0.5112732
0.5796381
0.7442591
0.6765900
0.5315144
0.6490594
0.5295462
0.4444824
0.9875161
0.7471575
1.0710307
0.6171787
0.5772706
0.9787111
0.5067352
0.7861016
0.6769240
0.8317189
0.3886008
0.7450328
0.5824100
0.7058051
0.6062418
0.6648453
0.5033922
0.6262382
0.8877394
0.6094121
0.9625387
1.2571410
0.4900345
0.5498112
0.5833400
0.7237496
0.9372013
0.6369931
0.4490130
0.6683889
0.6058564
0.6613359
0.7589784
0.7780239
0.4913340
0.9670952
1.0300098
0.5559869
0.3587538
0.5570863
0.8237899
0.6456153
0.7455443
0.7169036
0.7046770
0.5754199
0.3198601
1.1071551
0.6117059
0.6862295
0.9266374
0.5058636
0.5700894
0.9373033
0.6879563
0.5133673
0.8131277
0.5712149
0.6717105
0.5445719
0.5302425
0.1950864
0.4693991
0.4051381
1.1247237
0.9711775
0.3735313
0.6700688
0.6465639
0.5142818
0.7978919
0.7495751
0.6121944
0.7541483
0.6776574
0.7759341
0.6072462
0.7994447
0.8033592
0.4910633
0.5266736
0.5677680
0.9136344
1.0129353
0.8833180
0.5868796
0.6994657
0.1763022
0.6826429
0.6818441
0.5139288
0.4785963
0.5827308
1.0537569
0.6005493
0.6912377
0.8208845
0.5905271
0.8766634
0.5441792
0.7130091
0.8295127
0.6894752
0.8213709
0.8735618
0.6785273
0.4519166
0.6220554
0.6493662
0.8002708
0.5882649
0.5703054
0.8041666
0.6164763
0.8604473
0.6769474
0.8363101
0.9491156
0.6289092
0.6671939
0.8731044
0.7442929
0.5509431
0.2641412
0.7545936
0.7446267
0.6300546
0.8634647
0.4186467
0.6842633
0.6560047
0.3094476
0.8453785
0.5703085
0.5713201
1.0028182
0.5077757
1.0365230
0.7234515
0.8773517
0.4194815
1.0075586
0.1626117
0.7248363
0.8089601
0.5510401
0.7040059
0.5978172
0.3062351
0.6366012
0.7125522
0.6594237
0.6961365
0.7186809
0.3776116
0.6895220
0.5893751
0.7426031
0.9256454
0.7265532
0.2349992
0.6892994
0.7977706
0.8830768
0.4740510
0.6869027
0.5066273
0.6971804
0.6780168
1.1212300
0.5906850
0.7520324
0.7416491
0.7913810
0.6690656
0.5862716
0.5095607
0.6424781
0.7891108
0.5956108
0.6708878
0.4009542
0.6827256
0.9281498
0.4738053
0.7301609
0.3609683
0.6871300
0.8347972
0.9040202
0.6278631
0.5632879
0.8147629
0.6417853
0.7923291
0.8298375
0.7021365
0.8918193
0.3785932
0.6829685
0.5015611
0.8583023
0.7077186
0.8086167
0.7038263
0.5637552
0.6687655
0.6596613
0.7640915
1.0032417
1.0394592
0.5910648
0.4851027
0.7957440
0.3367012
0.6270747
0.5326637
0.6127358
0.5482749
0.7552167
1.0409451
0.5579447
0.5627440
0.6199272
0.7084859
0.6537693
0.6762734
0.7419487
1.0457314
0.4327811
0.6620789
0.4437074
0.5081737
0.5384886
0.8195325
0.4052055
0.6512172
0.6645017
0.4458018
1.0117991
0.7716895
0.6730641
0.3501058
0.5076290
0.6510116
0.6581811
0.8618675
0.6884689
0.9600202
0.7734332
0.7279447
0.6068094
0.6868836
0.9356036
0.9925074
1.3340134
0.9834836
0.2962713
0.8236380
0.7896860
0.5921587
0.7510289
0.5195271
0.6940558
1.0233571
0.8231089
0.4858319
0.4835106
0.5277962
0.7147573
0.5559335
0.7329941
1.2441762
0.7764446
0.8036024
0.2452930
0.7846896
0.8366255
1.2587413
0.5930451
0.5009432
0.4838978
0.8224854
0.8476246
0.7461421
0.9112593
0.7998919
0.8639221
1.0927105
0.6496893
1.0663287
0.5220253
0.9111194
1.0494427
0.9060242
1.1118740
0.9209621
0.5402960
0.9551050
1.1336555
0.8385510
1.2334411
0.7526639
0.8769103
0.7247436
1.2451746
0.6216015
0.8121021
1.3320664
1.0631776
0.8500120
0.7560594
0.5624813
0.4689894
0.2175466
0.6253143
0.3090783
0.8874478
1.1484842
1.4427331
0.9522065
0.5839923
1.4501347
1.1731869
1.0170917
0.6598588
1.3743809
0.7650634
1.1126429
1.0525487
0.6313897
1.4151770
0.9048111
1.9684778
0.9395355
1.9726424
1.5190865
1.8223850
1.1302177
1.5674396
1.2507265
1.4971745
0.7841171
0.7903584
1.9879139
1.0794379
1.2662686
0.6166538
0.6538954
0.8040303
0.5412894
1.3768898
1.3896488
0.6021969
0.4482131
0.5249272
0.6053387
0.4086570
0.5302303
0.9550529
0.9211362
0.7957637
1.4356298
0.3938307
0.8862687
2.1172466
1.4206749
1.0406565
1.4151078
0.9440957
0.4687232
1.3545099
1.2364759
1.5676663
0.8477408
0.4114952
1.5410895
1.1580419
1.1475116
0.6795650
1.1449679
1.3968954
1.6320490
1.0351450
0.9137126
1.0464239
1.3888233
0.6386883
1.2351644
1.1547840
1.6585101
0.2712384
1.0090521
1.0697310
0.9713085
1.7685824
1.5065286
1.1571442
0.8154797
1.2280959
1.2780039
1.4042387
0.5662840
1.4131104
0.9201730
1.3382652
1.9091231
1.8544071
1.0235485
1.2439892
1.9996441
3.0402432
0.4264537
1.9220781
0.7747856
0.8098165
0.7202783
1.1731770
1.5662051
2.2621470
1.6892818
0.9658997
1.3049813
2.0912015
1.2544680
0.4802871
0.9485574
1.5970698
1.5815750
0.7932873
1.4455083
1.6551568
2.3604390
2.7770608
2.3919156
2.5713223
0.9811229
0.5898271
1.8302581
0.6512165
0.8125145
2.7047016
0.4469812
0.8049980
1.6132052
1.5706443
1.8583435
2.5095830
1.9874706
1.9289200
1.8219458
0.3073076
1.7075701
0.7181764
1.6823277
0.5166693
0.2137952
0.9264497
1.6925863
1.4718097
1.6401585
0.8296496
2.3695225
1.1837120
1.4249689
0.3824284
0.7762997
0.4558379
1.7512504
0.9617188
0.2843850
0.7630231
2.1219153
0.4410968
0.9395025
0.8746135
1.9051661
1.8981958
0.3181705
0.9863355
1.2445632
3.5532955
2.6421739
0.9310520
0.8492988
1.3301114
0.4091253
0.9877034
1.5088200
2.4089269
2.0106361
3.4103085
2.4088264
1.7744898
2.7077451
1.5643622
3.0231665
1.9523207
1.2146418
1.2574475
0.4344231
1.4546981
0.8590798
1.4810102
1.0217035
1.8385942
1.6785155
1.3654417
1.0598392
1.6639176
1.0382354
1.0900203
1.5813486
0.6756154
0.2829615
0.7506330
0.7092413
1.0236656
0.7049918
0.8221841
1.3053626
1.1852928
1.3934880
1.0614738
1.5946833
0.8856179
2.7690466
1.2070414
1.2990253
2.0202865
1.2664707
0.9947788
0.4977680
1.0556489
2.3347739
1.1642927
2.0910358
1.3607741
0.3548813
1.2440329
1.6245629
1.4473264
0.2909471
1.5916874
1.3085961
1.0940566
0.9976189
0.7165144
1.0679146
0.8290488
0.7308086
0.5575240
0.5962384
1.8835255
0.8767666
0.8647412
0.6552590
0.3173851
0.6794537
0.6638825
0.2704370
0.4041521
0.4548965
0.5102584
1.1226046
0.6081549
0.2779662
1.3391101
0.5139988
0.8446029
0.4277925
0.4585176
0.6417998
0.3031623
0.2903919
0.2385063
1.0400831
0.9843191
0.7551093
0.7663973
1.2390846
1.1024766
0.5876724
1.1223965
0.4935161
1.2455943
1.1310629
0.8473439
1.6040313
0.8790501
0.5669787
0.5552046
1.6130127
0.2828990
0.5069091
0.6856232
0.6775354
1.0197533
0.4838839
1.0970104
0.9934250
0.5600488
1.5803530
1.0693504
1.1027972
0.5493992
1.2239702
1.4679662
1.5331811
0.9927550
1.6053951
1.5729112
1.2453260
0.8648899
1.2843466
1.1678075
0.8084231
0.6229426
0.8652921
1.1650025
0.6083344
1.4569546
1.0767818
0.5426987
0.4464540
0.7628863
0.6477615
0.6727616
0.3852877
0.6876136
0.2590181
0.8071561
0.7408202
0.7849844
1.1028257
1.3231530
1.2167154
0.3527741
1.0898082
0.3279256
1.2939073
0.6866899
0.6560358
0.2028872
1.0617460
0.8764520
0.8813487
0.6415143
1.3760775
1.4017661
1.4750260
0.9059226
1.3800812
2.1061012
1.3879147
1.3886204
1.1115899
1.1412223
0.8142532
1.0076106
0.9379471
0.7131372
0.7628079
0.8861007
0.8731705
0.7411721
0.6984237
0.7105621
0.5078678
1.0094128
0.8171825
0.8637314
0.6217952
0.3218274
0.5167331
0.2067246
0.4963126
0.4153207
0.6198588
0.2715673
0.5041390
0.9098608
0.6643393
0.8153027
0.8478409
0.4994632
0.7253755
1.1932312
0.9002174
0.7720107
1.3002117
0.7221742
0.7935936
0.8493656
1.5607534
0.5398851
0.9517678
0.9920959
0.9907179
1.1343676
1.1173083
1.4212904
1.7931918
2.0426101
1.5011617
0.8018001
1.5076531
1.1721568
1.1880972
0.9307582
0.5500364
0.8512398
0.5977075
0.8910635
0.5228574
1.1225778
1.2182369
0.6066835
0.7525893
0.6104677
0.5085245
0.6312065
1.1118807
0.9209387
0.6394493
0.5558319
1.1673760
1.1895557
0.8202734
0.8965041
0.8126658
1.4089761
1.0107311
0.5534844
0.6299482
0.6376396
0.6017677
0.6505053
0.7481454
0.6862470
0.4807204
0.9739116
0.4659181
0.7183740
0.2733830
1.0659334
0.6168320
0.2611405
0.6134007
0.3009446
0.8131870
0.8469380
1.1286852
1.4796794
0.9850708
0.5767827
0.5505275
0.8907957
0.6691354
0.8120384
1.1553946
0.8446152
1.1272900
0.6433187
0.6068491
1.2643070
0.4706721
0.7596601
0.7494954
0.7700045
1.0025514
0.9413344
0.8512737
1.2128220
0.9914915
1.2222028
0.5927544
1.3256900
0.7742405
1.0069795
0.9349083
0.7400893
1.0024089
1.0587442
0.6707127
0.4440398
0.8145992
0.5785759
0.8684279
0.4230180
0.6426412
0.9368941
0.9135308
1.1184892
0.7707887
1.0433350
0.8763364
0.7383503
0.3889368
0.9039254
0.2561080
1.0387649
0.6190613
0.8159824
1.1621719
0.6849416
0.8992364
0.9280723
1.2172488
0.9585633
0.7798442
0.9199211
1.0131415
1.4236282
0.9894717
0.6833250
0.4575153
1.1198636
0.8949042
1.3118203
1.2207802
1.1609432
1.3385474
1.3987191
1.0609304
0.9321510
0.8722693
1.2381038
1.1013952
0.8446937
0.9084814
0.9260958
0.7506512
0.8173375
1.0080947
1.1721445
1.1887172
0.8335056
0.8284224
1.7117165
0.4853946
0.5964478
0.5616821
0.6586422
0.4107045
0.6986034
0.4434845
0.4455775
1.1084412
0.5188928
1.3736148
1.3594650
0.6923699
0.5460607
0.8644850
0.7475360
0.8329923
0.8438413
0.7465082
1.5623476
0.7397252
1.0770515
0.5099589
0.4822745
0.5037599
1.3067135
0.1677724
1.0235940
0.2812115
0.8830494
0.7563693
0.1855665
1.1690404
1.0339321
0.3709142
1.1931761
1.2869984
0.7303869
0.8008416
1.2472642
0.9795977
1.1536381
1.4341327
1.0896359
1.0817075
0.9441109
1.1307266
0.6167435
1.4699432
0.7963136
1.7619871
0.6717102
0.9068821
1.3639179
1.1168789
1.2208025
0.9030101
0.6662016
0.9083176
0.8508408
0.4962245
2.0055747
0.9894495
1.4781096
1.0037239
0.8002200
1.3637137
0.5884314
1.8578056
0.7809347
0.6489866
0.9655945
0.4907879
0.3911119
0.3442367
0.8031083
0.6501734
0.6849676
0.1491820
0.4357370
0.6189003
0.6357436
0.5874842
0.3809329
0.4869333
0.8802140
0.4282263
0.8095835
0.7729835
0.3802373
0.2549260
1.0591195
0.8926073
1.0564901
0.6512829
0.5300076
0.4711081
0.5271657
1.2077250
0.3344737
1.0246634
0.9138029
0.7634829
1.0770514
0.7776464
0.4516710
0.7792957
0.4775486
0.2347877
0.3718413
1.0130867
0.5559354
1.5799985
1.0962997
1.0554985
2.2791824
1.9382860
1.4839203
1.4335190
2.5315316
0.7151559
1.7489700
0.7424475
1.0721083
0.7469843
0.5370766
0.8829433
1.3611923
0.9565537
0.9605981
0.6995721
0.4928943
0.7857507
0.6424652
1.4852383
1.0684341
1.2638944
0.4953005
0.4943684
1.0875214
0.3108775
1.2345959
1.8879484
1.1091520
1.0135956
1.0314599
2.6108845
0.7934193
0.8513849
0.4045119
0.5665257
1.2072510
1.1893005
1.1585836
1.5511185
1.4262796
1.1276652
0.8404074
0.9967714
0.4842924
1.2588758
0.7789189
1.0830819
0.5032146
1.6985210
0.6181821
1.9387740
1.3724553
0.3579137
0.2798240
0.5648430
0.6647668
0.7001284
2.3622041
1.7156291
2.5407615
1.4065541
1.8134551
1.5930869
1.0739377
1.1454670
1.1807723
0.6195644
0.7033787
2.4837888
2.7248643
1.2205897
0.9518767
1.5533193
0.5090076
1.8530304
1.1139819
0.6158019
0.7771343
0.7559622
0.1764548
1.2042948
0.6996210
1.1370531
1.3035031
0.8948224
0.6935217
2.4266098
1.1068114
1.3661614
1.4958153
1.8444279
1.4135349
2.9950132
1.4911035
1.9118472
1.3887388
1.3190874
2.8807424
1.9885423
1.6489209
1.4690555
2.2169080
2.1044625
2.2847514
1.4851467
1.3017444
2.5540135
2.8964827
2.5011166
2.0328135
0.8282541
2.4319471
1.2075297
1.8579190
1.8724104
1.4287128
2.3400975
2.4283752
1.4819015
1.7701495
1.9412036
1.2094013
0.7773653
2.0438828
0.7551510
1.4132974
2.1571555
2.9939210
2.7132587
0.6587431
0.7658375
1.8116017
1.2518125
1.9870359
1.6118759
0.9645564
0.9942007
3.1967224
0.9103145
0.7634507
1.9729121
2.2447887
0.8667471
1.2357603
1.1773955
1.6088682
1.0116426
1.2633519
0.4588597
0.8585474
1.7097714
0.8170782
0.6281469
3.4631401
3.5688947
0.5087313
0.7296055
0.8604469
0.9282674
2.2834536
1.3812811
2.6071484
2.7651528
2.3305386
1.9444296
2.7072220
3.0023135
1.2240165
1.3385640
2.6671309
4.2656946
0.9188259
2.1478289
2.0240922
0.8250040
1.2683328
0.6808908
1.3791267
0.9574715
0.2714719
1.0703600
0.2482839
2.1525228
1.6792124
2.9198822
2.2138878
0.9014004
0.9347452
1.5022000
3.2552110
0.9142238
2.8351900
2.6441488
1.1222748
2.8281237
3.1981945
2.9040472
2.9777597
2.0546045
4.5351224
1.3235566
2.9936768
1.1898733
1.6625449
2.4296270
0.8384640
1.0745218
1.0042890
1.8838157
1.7037148
2.9795790
1.8181055
2.4595223
2.2000427
1.1279686
2.3161685
0.9358456
2.3331015
4.4892606
2.5564336
2.0461749
2.2471235
1.4033185
3.2412870
1.7775541
1.9142936
2.1559700
2.7453235
2.2742531
2.4823645
1.5045462
1.7510714
1.4589208
0.7658348
1.5556387
1.4580706
1.9190267
1.9012232
1.0732977
1.2200107
1.9690417
2.7844842
0.2530762
1.5847019
0.6554503
1.7023422
1.6168374
1.6902144
1.5962833
2.2107398
2.4464827
1.2477808
0.6704445
0.6413618
1.8822976
2.7103703
1.4590537
5.8239735
2.1446120
2.0542781
0.8354310
1.0855739
3.0782125
2.1289701
4.0932442
1.2922387
0.7154026
2.8581189
1.6743170
2.8018886
1.9383138
0.7426358
3.0799974
3.0671985
2.6929578
2.9503292
1.0426071
1.3729558
1.0625307
1.3941007
1.8454742
1.1382576
1.9855456
1.6592784
1.9975243
1.4688924
2.2693920
1.1357003
1.8393895
1.7335681
0.4468223
0.4413928
2.8977550
4.5316705
2.5011707
1.8681623
1.2780583
1.6060772
1.5966798
0.2500913
0.7002522
2.2344324
2.7693742
4.0631251
1.2118678
2.0162102
2.6070666
2.4121519
2.1351515
0.9491569
2.6595037
2.4339430
1.6142486
1.1924152
1.7824005
3.7515452
1.4566966
2.3503183
0.3225469
0.9784132
0.2254287
1.3204860
0.8056386
0.6240655
1.0090740
0.7176456
1.4292655
1.7365152
1.0516370
1.3116846
2.2139618
1.1887615
1.6797306
1.9632456
1.4413115
2.2469522
0.8527276
2.1605102
2.2761978
2.1567609
3.4508046
1.4745697
1.8896392
2.1676163
1.4236328
1.0845682
1.3149488
0.7133035
1.9167601
1.5408676
1.4374722
2.0093257
1.2058200
0.1723369
1.3978674
0.3287758
1.4189412
2.0491060
0.7231512
3.5814357
0.6828510
0.5103237
1.9434529
1.8014856
1.2415269
2.0599863
3.2178001
2.2272154
2.0911250
0.3060649
0.8874274
1.0298574
3.1618984
3.5221719
2.0462198
3.4914348
3.2583903
2.8734805
1.7944253
3.3586299
2.1688806
4.1939277
1.7515250
1.9734988
4.1031283
1.2587804
2.4932604
1.4049211
1.4558855
3.1720772
1.9751204
2.6983472
2.7285748
1.3955684
4.9774441
2.5532404
0.9421596
1.7250221
2.2159170
2.1683169
0.9399842
2.8881451
1.5451706
0.7652196
1.3386389
2.2890175
0.5411408
0.6750116
3.0313378
1.1679474
1.2637483
2.0973206
1.7462393
2.4797971
2.9566755
1.1010304
1.2882235
3.6911644
1.7352484
2.2934837
1.5041491
0.7243262
0.8936012
0.4349511
1.0920273
2.0534859
1.9154138
2.0014983
1.4243314
1.7948357
1.1603598
1.0360605
1.8948083
1.1313593
0.4918044
1.9243283
1.5177478
0.5079369
1.1328881
1.4286211
2.3595402
1.5887726
2.4963618
3.5145395
1.3340146
1.6814368
3.4239107
2.6167715
1.0230261
1.8857906
0.6996509
1.3888624
3.2678870
0.6428350
1.5338113
2.1285857
0.5112635
1.2000951
3.3044236
1.6638023
1.3597999
0.8609230
1.3126377
1.6748447
0.7292832
1.8820665
1.9169411
1.5364830
3.1344785
0.9633342
3.2588003
0.9837325
2.2821480
2.1335380
2.0084238
1.8148374
1.4768247
0.3547530
1.9670003
1.5629453
1.5650026
1.3837367
2.0395184
1.5506278
1.5511795
0.8921054
2.3895769
1.3413072
1.3174538
1.7886395
1.2705941
1.5626967
1.5066173
0.9135721
0.8830126
0.9223592
1.0858061
1.0527009
1.2269522
2.4438694
1.0542837
1.4671477
1.9848455
1.5267684
0.5734660
1.1999457
0.7980226
0.4290665
3.2338140
1.0698578
1.3452691
1.3015033
0.4256924
1.2179377
1.0666998
1.8485512
0.3791585
1.4305821
2.1930102
1.7510241
0.9842182
1.4925288
2.1645942
0.8024038
0.9583916
2.4383611
0.7553403
1.3079235
2.5850236
0.9254975
0.7584622
1.3436037
0.9474976
1.5456417
2.5821376
2.1427469
2.4512047
1.9562024
1.9251067
2.6595914
0.9079844
2.1209203
2.7666339
2.2514950
2.0740014
2.0087451
0.2637299
1.4349057
1.9119580
2.7973218
2.7971984
1.4552629
0.4102134
2.1606567
1.7103819
1.9694000
1.2112541
2.2567694
2.5620060
1.5368726
3.1955956
1.9553248
2.9892086
1.0994038
0.7400342
1.8898785
1.4089392
1.9835055
2.7937542
2.1742573
2.4995625
1.5910250
0.9957055
2.0358536
1.0387502
2.8725082
0.7057422
0.7522727
0.8783430
1.8345760
0.8991708
1.9763301
1.4211666
1.0064790
1.5988355
1.2655553
0.8820637
1.8339909
4.0778060
2.9421751
1.3148213
1.0427776
1.1409487
1.3976391
0.6435914
1.5912650
1.2555887
0.6447104
1.5227208
1.0691703
0.6740950
1.6032164
1.5351422
0.7832991
1.2931449
2.2140257
0.9992002
1.6090661
0.6486790
2.1991625
0.9575342
0.7586629
1.0814739
3.1380791
1.1706074
1.2293942
0.6603788
0.9147438
1.5178429
1.8731027
1.1327304
1.8967189
1.5866500
1.6623367
0.5593643
1.7386976
0.5585107
0.7652724
1.4209801
0.7935270
1.4890075
0.4757977
1.2475769
0.4682619
2.2475247
1.5243937
0.9184006
1.3966189
0.9560799
0.8335697
1.7493968
1.0991430
2.5740412
1.0841576
0.4461068
1.4186852
0.8367511
1.3337660
2.3382326
1.3077663
0.8126815
2.1067139
0.6297751
0.6526594
2.6578742
1.2304859
2.4212584
1.4119806
1.5232439
2.0238506
2.4969287
2.7532546
3.0134610
1.6598410
0.4335256
2.9267173
2.6686759
1.7602152
2.2344290
4.0023036
3.8436986
2.1586912
1.9717026
2.6634509
1.2864352
1.5923382
1.9616690
1.2456641
2.5932033
1.3593439
2.3150351
1.3798636
1.9096670
2.0622139
4.3186612
2.3986582
2.0610981
3.4034291
1.1241706
2.8846371
1.7245416
1.5010831
1.6273885
1.1896875
1.5441639
2.9442307
1.0310279
1.8588300
3.3699685
1.0987823
2.1256365
2.2314899
1.2455797
2.1668327
1.9601381
2.0231368
2.7506026
1.0894063
1.1509897
1.3694746
2.1153016
1.2406107
2.9091529
1.9199254
2.0558135
2.6127784
0.9539487
0.5038503
2.0069133
0.5052081
1.3422247
1.6453616
0.8298577
1.7649928
2.0365310
0.8647303
0.8479190
0.8605850
1.8200429
2.4785592
0.6559148
0.4839081
1.6391937
1.2289314
1.7131933
0.9616338
1.5106649
1.4149786
2.5255226
0.8414980
1.6376192
1.8383429
2.4852094
1.9845092
1.0563074
1.0772675
0.5882109
0.8018067
0.7394232
0.3795158
0.6463026
1.3355729
1.0376994
2.5846285
1.6037306
0.7281683
1.4309860
1.2242031
1.4593358
2.3682849
1.4583174
1.5441774
0.7417122
0.9388397
0.5296506
0.6905287
2.3854648
1.1077132
1.6141767
1.6051186
2.2698342
1.7234441
0.2600965
1.1662380
1.7068588
0.7555358
1.3639439
1.0377623
1.0116704
1.7767494
0.7983030
0.9829496
1.6747454
1.3845358
1.1706615
0.4372968
1.1539819
1.1750162
1.0268888
0.7852136
1.5901267
1.2918826
0.4967856
1.0764709
1.3456539
1.4955273
1.2577295
1.3108643
1.7241276
0.2016551
1.7512009
0.7675559
2.1378466
1.2008524
1.5262482
1.2717658
1.4329128
1.2632978
2.2547172
0.4452255
0.4413274
0.9377309
0.3670825
0.9370212
0.2675808
1.5189123
0.7520658
0.7253494
1.3412542
0.4073721
0.7446025
0.9277030
1.6012138
1.5680027
1.3524594
1.6837393
0.9144035
1.5971485
0.7587877
1.1820700
2.7820363
0.6078014
0.9208251
1.0625707
1.9581443
0.3568151
1.8400477
0.4936481
1.5694261
1.5273250
1.0144679
0.6286598
0.3521726
0.6439517
0.3595243
0.2594224
1.3860121
0.9160675
1.1010852
1.7154240
1.3241405
0.6442128
0.3242278
0.8928064
0.5413673
0.1580811
0.3850290
0.9239897
1.3154638
0.8563198
1.1616828
1.1051386
1.7062424
0.5232206
0.9505456
0.9668139
1.9445877
1.3017830
1.1420413
0.5547802
0.8441139
2.1665115
1.3629488
0.7292473
0.4880017
0.6363027
0.4929158
0.5564951
0.8873624
1.3058075
1.0147883
1.7155522
0.4173902
0.8334003
0.6875587
0.8440255
0.7398042
0.2563444
0.9922551
1.7139171
1.3862983
2.2356415
1.4561004
1.5094025
0.5739643
2.8038461
2.3561416
1.3140211
1.4484584
1.1759980
0.4469201
1.2000245
0.4242011
0.5108340
0.7771563
0.9839631
0.5525276
0.7958149
0.5489420
0.7787480
0.4945642
0.4573466
0.5141457
0.9611159
1.1585679
0.7815885
0.2937693
0.2910565
1.3638565
0.6888163
0.7586328
1.4523244
0.7528142
0.6407779
0.3026468
0.6025514
0.7836113
1.6198346
1.9422962
0.8023851
1.0755702
1.4836446
1.1758447
0.6901933
0.6394919
1.0907799
1.3148309
1.0732132
0.4282770
1.5061154
1.4034479
1.1208562
2.6214578
1.9716834
2.8481209
2.1410465
1.6872396
1.5927566
0.4419408
2.0671610
1.0761937
2.6309832
1.4959037
0.8494400
1.3568369
2.6294741
2.0945922
0.5584719
1.4676209
0.6919312
1.3116593
1.0765702
0.8513124
1.0582304
0.8727974
0.3456862
0.4810606
0.6742695
0.9841754
0.8918205
0.3916388
1.1798677
0.8812805
0.6510332
0.7401928
0.9031111
0.7920145
0.5186683
0.6700224
1.3399583
1.0811381
1.8253555
1.1074612
1.3021206
0.9653081
1.1643963
1.9608913
1.6276284
1.7615274
1.2820317
2.4449924
2.1841602
1.5316211
1.0130551
1.2910459
1.0051898
1.3602263
0.7663030
0.4355239
0.5253208
0.9440855
0.7501938
1.1182114
0.5213499
0.4460033
0.8739862
0.4312491
0.6039834
0.6045259
0.3946318
0.7850742
1.0407749
0.6908505
0.3990698
0.3672660
0.7631028
0.4749101
0.4595497
0.7484578
0.2575985
0.2056292
0.3658722
0.6332094
0.6009551
0.6256409
0.7207036
0.4832680
0.3033252
0.2616249
0.6147383
0.3930735
0.1540636
0.3313035
0.3477655
0.3345516
0.1791152
0.6638905
1.3946153
0.7694797
0.5613149
0.4262421
0.6797060
0.5965465
0.9551206
0.4724062
0.5863645
0.6864840
0.5476517
0.4620510
0.2484766
0.4227348
0.6134525
0.8260166
0.6126823
0.7763512
0.6335408
0.6011040
0.4458051
0.5146896
0.6696939
1.2099361
1.1151390
0.9278766
0.5413699
0.5304090
0.5887394
1.0576069
1.0979468
0.6190364
1.3136450
1.7582011
1.5072873
1.3630763
1.3383535
0.9165983
1.4206098
1.1539178
0.7524755
1.0062447
0.6378055
0.7636893
0.3890502
0.5056184
0.6543573
0.8625139
0.8538355
0.6296721
0.1529968
0.5626405
0.2275641
0.4231850
0.4058863
0.1354684
0.3402868
0.2542704
0.3420934
0.3766594
0.3152080
0.6096302
0.4959777
0.6778097
0.7515519
0.6563479
0.8833958
0.8301993
0.5416071
1.1792609
0.8842435
0.4982973
0.7065183
0.6268517
0.7207057
0.7668807
0.7477080
0.6624402
0.5052836
0.8177914
0.5708995
0.5415456
0.6147853
0.4222114
0.6260942
0.7999240
0.4577895
0.1962966
0.5027953
0.7075166
1.0868310
0.1819395
0.5101410
0.7504004
0.4552174
0.3379913
0.7715328
0.9600160
1.0948108
0.5386105
0.5229741
0.2665725
0.5276115
0.3940222
0.9134401
0.8857162
0.9678370
0.6627101
1.0032189
1.2080958
1.3421887
1.5006573
1.4262965
1.2183526
1.0987469
1.5493352
1.2871603
0.5312871
1.0460985
1.3883834
1.2894637
0.9249759
1.5538733
1.5508708
1.4100986
1.0935394
0.9810786
0.9919732
1.5561339
1.0384774
1.2064738
1.5413400
1.4800440
1.2983664
1.8369724
0.7820908
1.1506529
1.2568659
1.2061150
1.1521612
0.8210226
1.2820995
1.0713272
0.9200366
1.0623479
1.5319366
0.9418169
0.9880669
0.7046224
0.4942089
1.4402822
1.2302034
0.9562721
0.9832186
1.1266209
1.1289932
1.1377453
1.0051703
0.9107729
1.0957894
1.0473402
1.6043045
0.8902123
1.0517873
0.9680834
0.8587447
1.0576228
0.7640356
0.3516831
0.4972592
0.8349664
0.7378849
0.9415640
1.2502661
0.6968831
1.2175034
1.2156800
0.9643684
0.3970877
0.9556315
0.4631101
1.0753443
1.0809013
1.4911425
0.4961816
0.8449909
0.9307539
0.9274772
0.5634531
0.4591597
1.1528375
1.0263865
0.7713829
0.6096633
0.3504971
0.5667312
0.5290321
0.9459309
0.5081159
0.3846484
1.3130858
0.5584749
0.6385102
0.8759512
1.1277667
0.9348611
1.1205221
1.2192002
0.8369233
0.9901391
0.8728668
0.9010393
0.7958789
1.4091716
0.9313951
1.3543540
0.8279335
0.9760992
1.1226283
0.8979001
1.5072049
1.6006491
1.0526365
0.8417750
1.2914894
0.7003251
1.5954176
1.0373704
0.9810145
0.8182503
1.0172242
1.0855007
0.3031922
1.1294737
0.4934114
1.3125615
0.7125661
1.3217500
0.7876792
0.9943472
1.4264312
0.4843299
0.5947099
1.1907982
1.0443743
1.0228952
0.3943168
1.3513298
0.9191261
1.0358026
1.2351744
1.0424784
0.8889429
0.9577060
1.2019718
1.2661395
1.7424393
1.4098581
1.6669557
1.1844495
1.5287223
1.0828045
1.6699204
1.9782841
2.1071954
0.9511929
1.5191043
1.0805576
1.7418242
1.2449284
1.4927600
0.7824353
0.9681843
0.4810555
0.7866954
1.7400729
0.5287435
0.5591927
1.5108379
0.6724382
1.2370029
1.0459940
1.0846692
0.7628263
0.5478468
1.4875742
1.4906946
1.1755148
0.9543452
1.0137173
1.8353139
0.6279643
1.4453564
1.1865192
1.4233491
0.8693318
0.7933997
1.6890727
0.4203130
0.9101156
1.2851055
0.9241546
0.8963642
1.2527344
1.2268879
1.0170671
1.0830329
1.0734956
1.0619150
0.5454283
0.8304805
0.8645540
1.2272336
0.6072294
1.4680193
1.4223880
0.6557232
0.3165981
0.8329100
1.0038419
1.3313063
0.8437489
0.9140281
1.2322276
1.2086880
1.2338278
1.6570560
1.3501966
0.9204755
0.6042176
0.5707442
1.0176346
1.2684032
1.1757326
1.0721705
1.4508975
1.1142657
0.7880647
0.8402050
0.6012832
0.6162332
1.2876769
0.8161889
0.4882602
0.8916857
0.4138584
0.5287549
0.9014423
0.4472085
0.7907099
1.5243329
0.9839203
0.9726825
1.1668628
0.9502609
1.1447870
1.5384692
0.7805612
0.9023909
1.2381096
0.7265545
1.0368926
1.0687734
0.6104398
1.4566225
1.0402823
1.0659722
0.9716528
1.4681370
1.1669060
0.6500328
1.1237220
1.5614687
1.3268796
1.0429845
1.3288593
1.4471945
0.6532147
0.9585857
0.8778814
1.3265207
0.7091066
0.9666005
1.3900513
0.5766768
0.8933333
0.9952803
1.0420227
0.7636932
0.6548047
1.2938833
0.7629403
1.3520223
1.0808962
1.6594949
0.9210731
1.1268637
0.7485156
1.1916669
1.1368407
0.9239721
1.2799988
1.4101822
0.8973238
1.2454966
0.8534098
1.4751427
1.2469774
1.4601584
0.5236321
1.6721732
1.1503150
1.7773581
0.6757444
0.6452607
1.2628062
0.9144906
0.8407205
1.1863241
1.2194582
0.4756340
1.1554827
1.4362943
0.5682905
0.9343369
1.1086235
0.8995830
1.1588861
1.3571003
1.3802337
1.3903724
1.1469947
1.1802149
1.4459233
2.1231047
1.3244826
1.2205962
1.4949978
1.1936695
0.8881885
1.0311662
1.6470809
1.3701781
0.7630171
1.3858998
1.2675085
1.5221428
0.7817820
1.0916776
0.9754152
0.9010011
0.9490243
0.9024751
1.2322786
0.9994511
0.8330387
1.1907338
0.9503632
0.5408657
1.2853009
1.3977094
1.1802148
0.9820381
0.7672655
1.1751127
1.7911914
0.8953358
1.5962603
1.8240622
1.2737704
1.4466589
0.6135349
1.2649453
1.1262233
0.7543623
0.2990988
0.7919595
1.2091743
1.0776391
0.6328624
0.3632856
1.0577948
0.8754446
0.7010422
0.3465430
1.0457764
1.0527562
0.8121098
1.8301114
0.8384007
0.8438850
1.0956851
0.9089750
0.9087051
1.4339175
1.0836372
1.1778782
0.8506174
0.6537024
0.9209286
1.2224550
1.0428867
0.9238046
0.0615613
0.5625259
1.3726366
0.5996126
0.4551642
1.2705005
0.9057168
1.2153186
0.7949443
0.9297801
1.7634748
0.7255603
0.4220007
0.7714170
1.0716573
0.7239383
1.4428372
0.6010853
1.3399657
0.9446787
1.6374520
0.9189480
0.6858794
1.3807299
0.9923990
0.7888757
0.6877242
1.6386592
1.1771988
0.6563804
0.9288668
0.9498376
0.5379477
0.8706384
1.8114402
1.1843584
1.2288729
0.8619618
0.9116333
0.8836903
0.9832370
1.0223709
0.9757925
1.0676871
0.9627042
1.0309276
0.9515204
0.9788887
0.8861574
1.4596884
1.0767696
1.4805229
1.8030800
0.9069423
1.3935701
1.4518970
1.9417603
1.4369922
1.6194173
1.7648137
1.4869677
1.2277006
1.1117277
1.4295090
1.0858244
1.0687107
0.9238984
0.6043400
1.3095845
0.9767563
1.2741967
1.9140819
1.1270167
1.7577466
0.8390972
1.1098381
1.0778914
1.0704371
0.8958244
0.7286736
0.7392107
0.7183867
0.6133176
0.9078033
0.8895707
0.7152042
0.4107625
0.7257885
1.1415770
0.5739181
0.8631528
0.6063620
0.4474087
0.4532280
0.3911829
0.5239042
0.7326116
0.3870127
0.4532702
0.5847628
0.2881283
0.5894751
0.4768457
0.7414995
0.9345459
1.2809543
0.8758610
1.0238820
0.6878660
0.5389048
0.4959698
1.1525345
0.4863807
0.3295390
0.5098775
0.6558860
0.6182771
0.8094516
1.0599357
1.4175134
1.3159413
1.1912000
1.3377878
0.7767169
0.5589856
0.3907780
0.3551771
0.4499060
1.0641542
0.9317472
0.7910141
0.7388455
0.7553892
0.3532277
0.2902529
0.2476862
0.7040247
0.2874424
1.0171996
0.8261350
1.5904498
1.3073118
1.3326336
1.4600548
0.9054739
0.9520961
0.8492755
0.7071748
0.4509511
0.7579174
0.3820901
0.6733768
0.5978221
1.0932034
0.8204387
1.4875379
1.5934488
1.0326872
1.3871886
1.2035992
1.9816732
1.6144961
1.2437411
1.2620873
1.7345437
1.6070870
1.5685742
2.0434223
1.1554832
1.5236675
1.3981896
1.2903892
0.8827564
1.4204007
1.0780368
0.7157736
1.0502287
1.4842059
2.1353152
1.2259246
1.0797010
1.1249889
1.2901401
0.5637510
0.7911693
0.9053121
1.1002028
1.0445019
0.5116584
0.3436548
0.5453064
0.5419678
0.6025800
0.4844191
0.8365001
0.9488104
0.4460567
0.6536412
0.5373528
1.2133376
0.9111448
0.8521407
0.4329703
0.8607580
1.0093551
1.5036760
1.4010799
1.0109251
1.2070035
1.1905048
0.6060418
0.6202525
0.8141582
1.3059358
0.8719587
1.1713780
0.8821882
1.0361415
1.1955671
0.9648738
1.1726855
0.9496136
0.6413497
0.9939819
1.4480726
0.7322504
0.6628157
0.5648583
0.5405001
1.1862647
1.1589134
0.3960908
0.8847685
0.3728178
0.9437904
0.5941144
0.8841585
0.6015761
0.8287235
0.6571848
1.1792107
0.4455782
0.3673648
0.6623402
0.3351726
0.6913339
0.6566321
0.8400997
1.2917397
1.1827188
1.6517028
0.1802888
0.6696455
0.5019886
0.6065863
0.5814232
1.2332423
0.3047833
0.9128806
0.1342502
0.5735491
0.4779846
0.7853814
0.6897304
1.0126987
1.1759654
0.9217788
0.7009740
1.0153575
0.5468234
0.7919217
1.1585571
0.5449943
0.6245291
0.4857009
0.6801887
1.1679090
1.2372626
1.3621635
0.5827726
1.1059356
1.1963791
1.0320098
0.7653411
0.7336410
1.3976348
1.1977132
1.7649346
1.1228298
1.1370908
0.5958782
0.8488509
1.6395516
0.6202613
0.9592153
0.5382872
0.7995130
1.5050258
1.1277494
0.9429106
1.6252486
2.1690551
1.1900940
0.8234042
0.8364544
2.4324544
1.2914156
1.2009392
0.3823452
1.2863932
1.1122455
0.8884466
0.3448472
1.3786905
1.0195261
1.3686757
0.7571976
2.4765278
2.3023008
1.2437506
1.3970389
0.4800179
1.8077123
1.0874342
2.3317163
1.2453971
0.6891876
0.5550867
1.9074857
0.4225274
1.1415348
0.6935259
0.6011148
2.8057827
0.9940848
0.9703305
1.1000914
0.7281434
1.1056168
0.5387730
0.7238972
0.6089947
0.8199439
1.0848309
1.6126700
1.7349341
0.3715874
1.1572177
1.4404700
1.7326814
1.0589839
1.6601010
1.9608122
1.3377902
2.2671888
1.8892174
1.3148521
2.4108107
0.6324536
1.4029896
0.7450852
2.2857745
1.3615815
2.3645767
1.4218324
1.3786889
1.1071548
0.8423479
0.9529239
1.1005677
1.0020459
2.1634648
0.6017642
1.8915762
0.1367684
1.1022075
0.6103954
1.6628770
0.7613189
1.3998706
4.8880259
1.4476186
0.8805075
1.1556330
2.5153661
1.4052796
2.5749158
1.4618541
1.6025776
0.9048308
1.4244041
0.6020097
0.2923185
0.9027648
0.8538324
2.6678093
0.5136152
1.2744108
1.1414280
1.8453743
1.1189653
1.8759675
0.4484860
0.6742174
0.4592753
1.2056638
1.0712742
0.5544358
1.0717580
1.5743505
0.6175062
1.7139280
1.2062369
0.7945770
0.6273614
1.5446770
1.2812377
1.3606093
0.9431697
1.3758620
2.5136990
2.1593772
0.6379826
1.2854055
1.5325646
1.3321695
0.7219097
1.0815741
0.9115865
1.2135254
1.3973922
1.6884073
1.0398111
1.1099575
0.4519776
0.5425136
1.2272029
1.3007968
1.3012086
1.3318805
0.9355855
0.6981821
0.4417227
0.7641907
0.5079938
1.8239507
1.8005470
1.4388569
1.0107817
0.4792963
1.1593433
1.1463763
1.2955689
1.1412716
0.9298169
0.6463138
1.1259731
0.3078564
0.8412375
0.7114652
0.9364904
0.4638036
0.9001942
0.7326209
0.4179817
0.6952292
0.4636240
1.1931297
0.1373515
0.3261704
0.7657766
1.6591588
0.8316977
1.8266558
0.5936791
2.4274694
1.3149609
1.5128173
2.2385063
1.8748014
0.9885671
1.1775673
1.1713346
1.2614870
0.8021282
1.6586602
0.8670513
1.4967668
1.1792290
1.5117631
1.4504051
0.5193791
0.6809620
0.2434942
0.9885856
1.1853494
0.5914623
0.8916081
1.3790793
1.3531883
2.4905542
0.4606002
1.1241239
2.2055114
1.5286232
0.5667559
0.7091969
0.9484196
1.4395175
1.1861403
1.7616682
2.4405386
1.9317995
3.1822283
1.2110105
2.2151910
0.7585796
1.9968401
1.9009997
2.8586476
2.6249756
1.6378511
0.7676099
1.7832438
0.7333523
0.8694527
1.2999661
1.7484548
1.0870767
0.4268855
1.2179950
1.2516516
0.4726274
1.0056734
0.2421376
2.2739257
0.4229870
2.5721593
0.4602491
0.1766211
1.8100570
1.2084382
1.1135269
0.4653680
0.7339439
1.0423994
0.3099765
1.7427193
2.1041385
0.7781590
2.1704945
0.7918692
1.1573142
1.1450839
1.3584348
1.7762425
0.9572059
2.0645369
0.8905340
1.4227670
2.0846187
1.3960702
1.7016134
0.8713037
0.2886331
0.5454997
1.4498233
1.3179068
0.3029062
0.2256728
1.6772703
0.6379857
0.5721568
0.2256224
1.3111148
1.8494379
1.2294891
0.9500004
0.7317899
1.3885454
0.9028152
1.1033929
0.5166316
1.6688799
0.5375912
0.7121337
0.1835616
0.4266741
0.1309323
1.2256504
1.4265302
0.3206603
0.2704802
0.5255169
0.8265752
0.6027252
1.7819269
0.8077435
1.8488850
0.6483018
1.6256264
1.7608564
1.3499421
3.2653772
1.4484408
0.8029328
0.7603917
2.2232000
1.1100200
0.5707776
1.7051161
0.6802379
0.7208843
1.0481797
1.1694778
1.5202526
2.1053489
1.8074388
2.2736763
1.1217871
1.8586578
1.6826202
0.9130131
1.4111583
0.9064043
1.2544605
1.7852672
0.9418569
2.2330705
1.2965816
0.5168928
1.3211495
0.4590624
0.3963099
3.1353198
1.0280481
1.2339898
0.7156546
1.5835678
2.3284009
2.5632411
1.6934546
0.1890993
0.3014944
1.0000354
0.5599756
1.5019697
1.0956111
1.4578502
1.2443733
1.5972893
0.8406127
0.6982501
1.0968026
1.1463151
1.3997988
2.7272154
0.9908262
0.9763308
0.3459792
1.8010174
0.4085572
0.3636928
0.4483111
1.7256671
0.8279382
1.2515340
0.2200765
1.4982531
2.1015033
1.7556525
1.3613772
1.2378703
0.7459928
1.2527123
0.4994434
0.3578491
2.3901471
1.4467284
2.0082492
1.2827504
0.5198462
1.8558615
0.5800233
0.9515585
0.8235579
1.8441715
0.1081943
1.3071006
0.6178061
0.4804527
1.0797263
0.4467601
1.4404516
0.9423051
0.9977350
0.2751274
0.3685745
1.5009067
2.0626097
1.1552827
1.7043196
3.5132159
2.1070940
0.2007681
2.7713969
0.3174454
0.1625031
2.6900053
3.5247322
1.5416595
2.5736249
1.6791290
1.3555907
0.9681134
0.7477288
1.7169600
1.9791607
1.1313928
0.7327990
0.8510039
0.8917057
1.3059992
1.9458265
0.5212514
0.5431411
1.2915762
0.7298222
2.0568657
2.0689122
1.1699235
1.5060096
1.6228489
1.3142116
1.1360444
1.1681908
1.3020327
1.4293548
1.4818322
1.4544592
1.6113777
1.8492018
1.4177666
0.6195187
2.6665415
2.4143952
1.5144556
0.9762008
1.3300235
1.4370036
2.1958830
0.7679301
1.6779684
1.8708482
2.6612137
2.2239163
0.7952966
0.9635411
2.2643788
2.1151914
0.2475745
1.2970876
0.7030951
1.6636133
1.1201426
1.9906826
0.6672454
1.9462219
3.3247563
2.8724593
2.0824048
1.0181391
1.5435274
2.1676102
0.9365090
0.5798285
0.8789266
0.2151189
2.2882511
1.0585768
1.4461646
1.1205969
1.3121895
1.0860581
1.2541656
1.2818782
2.1459677
1.3604154
0.9302241
0.5227809
1.5079798
1.4510656
1.0084578
2.2163619
1.2169832
1.2596304
0.9887282
0.8027253
0.9704288
1.3689789
1.5046703
1.1319856
0.4580686
1.1065843
0.8342463
1.4009169
0.2548209
0.7571722
1.3564297
1.6963173
1.1458899
1.0258556
1.5112898
2.7681260
0.9670623
1.1757292
1.1344618
0.4978187
1.4691891
2.3896047
1.1992626
0.3520020
0.9586447
0.7660769
1.0426180
1.9456956
1.4913494
3.6813230
1.2493275
2.3855943
0.5489008
0.3805660
0.5091017
1.0498162
0.9861537
1.0229503
0.9546097
0.3870082
0.9093197
0.8862625
1.4007435
1.6243422
1.4713210
0.6990846
0.3783131
1.2198408
0.5690328
0.9586774
0.1925568
1.7381763
0.8912642
1.7054866
1.3548260
1.8095673
0.5347962
1.1603046
0.8613784
1.9642379
2.2663751
1.1668010
2.4121948
1.7034387
1.4975956
0.8594228
1.5681894
1.3750423
0.7825268
0.4884954
0.7868728
0.8871723
2.4288733
1.0462120
2.0495023
0.8903996
1.1228153
2.5331054
1.2801460
0.7108335
0.4422430
0.2427250
0.3706576
2.3108293
0.8662965
1.4017785
1.8106102
0.4327915
0.6148963
0.6661831
1.1009172
0.9373838
0.6196473
0.7676758
0.0793963
0.9776754
0.8437714
1.3756416
0.8996863
1.6593979
1.4112561
0.6831999
1.1412820
1.8742430
1.7026928
1.0971538
2.1916095
0.5488895
0.9430424
1.3079027
3.1192140
1.3052522
0.5445968
1.3190857
0.8117716
0.2796475
0.9109457
2.2802794
1.1366136
1.1284291
2.3009672
3.5167297
2.0406461
1.7170716
0.3204119
0.2838361
0.4981859
1.6109590
0.8959626
1.6823542
0.8704765
1.0372615
0.4831569
1.0584640
0.3385894
2.1801250
1.4948013
2.5019526
4.0522416
3.2196726
1.7841806
1.9152107
1.5286400
0.6976156
1.4451026
1.3530587
0.7169216
0.6954872
0.4555722
1.1344945
0.7068978
1.6159696
0.3402207
0.9829964
0.9364218
1.3771046
1.1895470
0.3526362
0.6732355
0.9484335
0.8202618
0.3036091
0.7829144
1.1845001
0.8587825
0.7261344
1.1807747
1.6625887
0.7170460
1.4274824
0.9074482
0.6069941
0.1376579
0.8567000
1.3009022
0.5348134
0.8509008
0.6143221
0.5648490
0.9793705
1.3221969
1.3732156
0.3248044
0.6124431
0.3443122
1.1266910
0.4366520
0.2989104
1.1517918
2.1686641
1.8696738
0.6242083
0.3312976
0.7966522
0.3037267
0.9380253
1.3096634
0.4929755
1.3482521
0.3428857
2.1249138
0.9742284
0.5096053
0.3689308
0.5821410
0.8397674
2.3312463
0.8319954
0.7076712
0.7480165
1.2147971
0.8559561
0.4391622
0.6271934
0.3302010
0.3714666
0.2695460
0.4818340
1.1010229
1.8876996
2.3692361
0.5987178
1.0573153
1.1195322
1.4713592
0.9260555
1.8153412
0.7724077
1.3537437
1.4210423
0.9893666
0.7371810
1.5428732
0.4434644
0.8977205
1.0441408
2.2323704
0.3222817
1.0598845
0.9811038
0.7726680
0.1238609
0.4690455
2.1739476
1.1855413
0.9699063
0.9927856
0.4465209
0.6424084
1.3559849
0.3053075
1.1028020
0.5483907
1.7878467
0.8704425
1.0358557
1.5956071
0.5866678
0.7527943
0.7708854
0.4502271
1.4716277
1.3593679
1.0162845
0.7960264
0.8102614
0.4619773
1.5488541
1.0884716
1.4297301
0.4691729
1.3422140
0.5654945
1.9925192
0.8439716
1.1707741
0.9336797
0.7341320
1.2514068
0.8074775
1.2782848
0.2658980
0.3252205
0.5666181
0.6685492
2.0043703
0.3704143
0.7181530
0.8533520
0.9357540
0.2409384
0.6386371
0.7471330
0.9255517
0.6867253
1.2771046
0.8590889
0.7907586
0.5206531
1.1459218
1.6458612
1.2400251
0.3508442
0.6897022
1.6057475
0.2776469
0.4287904
0.8116346
1.5166133
1.0147896
1.2955843
2.9958457
0.5717482
1.2825236
1.2142171
0.4582524
0.1741947
0.5011711
0.8345237
0.3580097
1.1180704
1.1649379
0.7017973
0.4489296
1.1832120
1.4797909
0.7090741
1.7908241
1.9897418
1.7799851
0.3748889
0.4401000
0.8067970
0.6333039
1.0038433
1.1377099
0.8126185
0.3963714
0.5096828
1.0297997
0.5850043
0.4008734
2.1029242
1.4464654
1.6981834
1.5939721
0.4983085
0.6098600
0.7169219
0.2843603
0.4530558
0.3307556
0.8397659
0.1610322
1.6718402
1.8912635
0.5937450
1.0727148
1.2461036
0.2491193
1.2555232
1.4313435
0.8810080
0.7316144
0.8262510
0.4533620
0.7505981
0.5990353
0.5161410
1.0113668
0.4912400
1.3577594
0.5263379
0.2282762
1.6614323
0.2622283
0.6109861
1.2536289
0.6302401
1.8585121
0.9229125
1.5210547
0.6301799
1.3079150
1.2880645
0.7257133
1.3256407
0.4676080
1.2774207
0.6658265
0.2500018
1.2939340
0.5089620
0.6501281
0.1598744
1.3166975
1.1431271
1.2369750
0.3525216
1.3597848
1.0158315
0.6989700
0.9475416
0.6910898
0.9624045
1.8979837
0.9319312
0.9623495
0.8575390
0.6587795
0.1613428
1.7243730
0.3375064
0.6369810
0.8263864
1.6940902
1.0979531
0.4076774
1.7033601
1.2125031
0.4044035
0.1961194
0.7832196
1.0854511
0.7562531
1.0447423
0.8595208
0.7523714
1.0907969
0.1397500
0.6096014
0.2681861
0.7439079
1.0388547
0.5994556
0.2625035
1.4216185
0.4733030
1.1667694
1.2508130
1.8567150
0.4333978
1.2929674
2.2097479
0.4275306
0.7870615
1.2964799
0.5212621
1.8419020
1.8725377
0.3202571
0.8691319
1.9448975
0.7492210
1.1087606
1.3892729
1.3298105
1.5265983
0.4588956
2.1226615
0.5960181
0.3909236
1.4524379
0.8844160
0.4751909
0.7086034
0.7062594
1.3977049
0.7360922
0.7582640
1.2044809
0.5281763
1.4138632
1.7726620
1.6459218
0.9858990
0.7582369
1.0791466
0.6004946
1.5539441
0.6485090
1.0353339
0.8272492
2.6955980
0.5756874
0.8096158
0.9357780
0.6126958
0.8382764
1.3473741
0.5930475
0.6301677
1.6627864
1.0635406
0.3583275
0.4726664
0.1198586
1.6840069
0.4591880
1.3009132
0.7451881
0.5374982
1.0903610
0.5681583
1.1876021
0.6786062
0.5724903
1.3498036
0.9516046
0.3320842
0.7372657
0.0552264
0.4255562
1.7145375
0.7307181
0.8601275
0.5326235
1.3076540
2.1285077
1.7261157
1.0642836
1.2621212
1.3605869
1.8330780
1.6872453
1.3952825
1.0185037
1.8542803
1.0700680
2.2992860
0.7793330
1.7893184
1.2194946
1.6462884
1.0367573
2.3474773
1.0468033
6.1297399
5.0389421
2.1613439
1.2356606
1.6114681
0.7218894
1.0405629
1.1989908
0.5826513
1.9219055
1.0873886
1.4070931
1.4094271
1.1206981
1.2618171
0.9124366
1.0047265
1.9361786
0.8551125
1.0426548
0.9037940
0.8922315
0.8244580
0.9821567
0.5187389
1.1275207
1.0100416
0.6475507
0.7240697
0.6344321
0.9639607
1.4825342
1.2392287
1.1097185
0.8347649
0.7842196
0.6557660
1.4152572
0.7878357
1.5599426
0.4618636
0.2495367
0.6080819
0.6011001
0.8199097
0.6340004
0.4279058
0.8106177
1.3123734
1.2690969
2.0277643
1.2284524
1.2849488
1.2793223
0.9685697
0.7426193
0.7453754
0.9393450
2.3348208
1.2900718
1.0028233
1.1836055
1.4995831
0.8297077
0.7770265
0.5676880
0.6878205
0.5721554
0.6163546
1.0079731
0.6500040
0.9672836
0.5453724
0.6226557
0.6926706
0.6607358
0.2665180
0.6018514
0.8665920
0.4393337
1.2251093
0.4387846
0.2747071
0.8080066
0.4552694
0.8860362
0.8211708
0.4683564
1.6264513
0.7457710
1.2938050
0.7527096
0.8650831
1.6262305
0.6914575
0.6628558
1.6846549
0.6964119
1.0972320
0.4642979
1.1887199
0.8236666
1.4145961
1.0515357
1.3236341
1.0044110
0.7879582
0.9018364
1.1286341
0.8716118
0.9738987
0.6140181
0.4908790
0.7260638
0.4739560
1.0624220
1.1993195
1.6983313
1.8656305
1.4909066
1.4348449
0.8008059
0.4347266
1.5575322
0.5114271
1.2899467
1.0212678
1.1479256
0.5317445
0.5256215
1.0177522
1.3905002
0.9357614
1.2937277
0.9555605
1.3465443
1.3537486
1.0389536
1.4015018
0.8931606
0.8706979
0.4875359
0.6573801
0.9546683
0.5375549
0.5833098
0.9306755
1.6013159
1.0261562
0.9671038
0.9407201
1.4103762
0.8319522
0.3868174
0.8111047
1.2793603
2.1701856
1.5489211
1.1047555
0.9115941
0.9713882
0.7274192
1.1885929
1.2290834
1.1767449
1.4208991
1.2472864
0.3046424
0.7179782
0.6812732
0.8402002
1.5834855
0.8860524
1.0221640
1.0618750
0.9374402
0.9803587
1.0312538
0.6345582
0.5412638
0.5403268
0.7973176
0.6100866
1.7431320
0.5359175
0.2786696
0.9320822
0.7761331
0.7528034
0.6568596
0.5833697
1.6772706
0.5822045
0.7709013
0.8499831
1.0622010
1.4142872
0.5332180
1.2793478
1.1613753
1.3573163
0.8499165
1.4763780
1.2912626
0.7458970
0.7190270
1.2101494
1.7284519
0.9601817
1.3523353
1.4163179
0.8287309
1.0130120
1.1130279
0.5644669
0.6066838
0.9897339
0.7733833
0.8569933
0.9136260
0.9035391
0.9075250
0.4678634
0.8514122
1.0053939
1.0014909
0.9798940
1.4093533
0.9128689
0.7004279
0.9287480
0.3222696
0.1682521
0.3970225
0.5229556
1.8242722
0.8759031
0.3968584
1.0769393
0.6531739
0.6297819
1.1430743
1.3721623
0.3645804
0.6002713
0.9142106
0.8322023
0.8854625
0.8174662
0.1999131
1.1652724
1.0171282
0.7068939
1.3750557
0.8269031
0.9683404
0.4175822
0.5792139
0.3192231
0.3824877
0.5344018
0.7076196
1.0167372
0.8608197
0.6560330
0.6868847
0.6483621
1.4104193
0.4052177
1.0032910
0.8928098
0.7106863
1.0706340
0.1955493
0.5329177
0.2805326
0.7790699
0.1427983
0.8994189
0.5395650
0.3789743
0.6030421
1.2764062
0.6320314
1.3227151
1.7054769
0.5564049
0.7700638
0.7260888
1.4876805
0.6298944
1.5436753
0.3086220
1.1890667
0.9936653
0.8191523
0.6236256
0.7793110
1.8300868
0.8906719
0.8661840
1.2392792
0.5810680
0.8872451
0.8905192
0.6546907
0.6207105
1.1828800
1.3012448
0.9034977
0.8729863
0.4900207
0.8731053
0.5118641
0.5645860
1.0831481
0.5945892
0.9974865
1.1901746
1.1262549
0.9045844
1.4263594
1.8509279
0.7802431
0.7533311
0.9725537
0.4429841
1.5288530
1.6374761
0.9091193
1.4255587
1.0926439
0.9000205
2.4708402
1.5067873
1.0722891
1.5558928
0.2448768
0.8491986
0.9413027
1.6380003
2.4436871
1.2807192
0.6889225
0.6801495
1.5461117
0.8712713
1.8223847
1.8521816
1.1344712
0.7315858
0.9916027
1.3277117
0.9719904
1.3526490
0.9238088
1.2371390
1.0484601
0.6982481
0.8349082
0.6311263
1.4340441
0.9034814
1.1974139
1.6233236
1.0195397
0.8878270
1.3701091
1.2183502
0.9339431
0.8461552
1.7818455
0.7103502
0.8029156
0.7471600
0.9806403
0.4318639
0.7709926
1.0373844
0.8807828
0.6950101
0.3742540
0.7697514
0.4603464
2.1402341
0.4348486
0.7528859
0.5228160
0.8236569
1.5346528
0.5639380
2.4023104
0.9184498
1.0890174
0.6273645
1.6089233
1.2286202
0.4890969
1.0065189
1.2178016
0.9198027
0.7786062
1.3896691
1.3477650
0.8871971
0.4767489
1.2782342
0.5171215
2.3531439
1.1843722
0.9491980
1.1287341
1.5380974
1.2143561
0.7935607
1.3637941
1.5203081
0.8953955
1.6350997
1.2845462
0.6293912
1.5995661
1.6055712
1.8063481
1.3441944
1.5346603
3.4857320
1.9332503
1.1544129
0.7087746
0.9873962
1.0246138
1.8750892
0.6366340
1.5095993
1.2905486
0.4811146
2.8101664
1.2563389
0.5260823
1.1359126
2.1028009
1.0767203
0.7377800
0.9681936
1.6529432
1.9973485
0.7213586
2.2398709
0.9417807
1.2154290
0.6966926
0.3145340
1.4069017
1.5376338
1.5150858
0.6133796
0.6596084
1.0613670
0.6301889
1.8431767
0.8801476
0.6667065
1.1069985
0.5815804
1.5385903
1.6936355
0.9149341
0.9378171
0.9136562
0.6653149
0.8435295
0.5781700
1.3538381
1.0439726
1.1082311
0.5103346
1.4303460
0.7960347
1.0993495
2.1628795
1.4853625
1.4656382
1.6801643
1.4176095
1.5980677
1.3960595
2.4060221
1.1233446
1.0208238
0.9900813
1.2323066
1.3183946
1.7483050
1.2606666
1.4356749
0.7353975
1.2432772
0.9226073
0.9591283
0.8475399
2.2953668
1.0889081
0.5747653
0.9298235
1.8377825
0.9523103
2.2619956
1.9304579
2.8074513
2.7473552
1.4381688
0.8383355
0.7273419
1.0140425
0.7620035
1.0855030
1.3429490
1.5782052
1.1342982
0.5885076
1.3927080
2.2577671
1.2234535
1.1985032
1.1902017
0.9958865
1.9973558
1.6429015
0.8090826
1.1315189
1.5442041
1.4156884
1.4359916
0.8632050
1.4194141
2.1789193
1.2248762
1.5286767
2.0923740
2.0950399
1.8436183
1.3399383
1.2793983
1.7574623
1.4312921
0.8552260
1.9621868
1.7923156
1.1522628
0.9414171
1.3722307
0.4904759
1.6299332
1.1882996
0.6490941
1.3746989
1.7289258
2.0949270
1.5020684
1.8876687
0.8734463
1.9143885
1.4730644
1.2768424
0.7603140
1.4167655
0.5368474
0.9874700
1.1899760
1.1969192
1.8139611
1.2569653
1.4615032
1.2219883
0.9066157
1.1979112
1.7377405
1.9269480
1.4175688
1.8493545
1.7308080
1.3458356
1.4400475
0.6587150
1.1875258
1.9214477
2.1557337
1.2947194
1.5096593
1.1242161
1.6389512
1.4023117
1.1518328
1.7753868
1.8196152
1.7215058
1.3151690
1.6331510
0.9501552
0.9125720
0.9252375
0.6381004
1.0166910
0.9156762
0.6918670
0.7005264
1.0516703
1.6624807
1.4096667
1.8522741
2.2942071
1.7246894
1.6687147
2.2101824
1.5539907
1.8774462
2.3013826
1.6266545
1.4177505
1.1455157
1.9101395
1.6754340
2.1035884
1.6546973
2.0314760
2.2681853
0.9695555
1.0296286
1.3653698
2.1184133
1.0497807
1.5189523
1.4509356
1.4215836
1.2565569
0.7530595
1.1527031
1.0971196
0.9684657
1.7796924
0.7566555
0.9250837
1.8124514
1.0177671
0.7064223
0.6333560
0.8418094
1.9726921
1.7520992
1.3418284
0.5822866
0.6420082
0.3848958
0.4292243
0.6868466
0.9509151
0.6506237
0.5479024
1.0308951
0.7001877
2.1327878
1.3894750
1.5380152
1.7930823
0.4005452
1.0683084
1.3459958
2.0092219
1.1387575
2.1492871
0.7940151
0.8039926
0.7572722
0.4736696
1.1007071
0.3102473
1.7067178
1.1934145
0.9119441
1.3629924
0.8955356
0.8634444
1.7419178
2.1904198
0.9853510
1.2952361
2.2012883
1.0477290
2.2454404
0.1987546
1.8553691
1.0614378
0.6985467
1.6966957
2.9422291
1.8143013
5.5347342
2.6821529
3.9147286
1.8093060
1.5172346
0.7462646
1.6366385
1.2790508
1.5582310
2.1112636
2.2212434
1.0244443
2.1237526
1.4511510
1.8538073
1.3929260
1.2195246
1.5550784
2.1471411
3.1903828
3.8505638
2.2347321
2.6831412
2.5592878
0.9394054
3.3082002
3.8491732
1.5351701
1.8429814
1.9525727
2.9939026
1.3052733
2.2487452
1.4147973
2.6281017
1.8283761
0.7524920
3.0630870
1.5064243
1.3915783
1.2303717
3.3367340
2.4354102
4.7262829
2.0968493
2.6362094
2.0156807
1.4954335
0.6274270
1.1695696
1.1560061
0.9134874
0.9083749
1.8804971
2.1655713
1.0012573
1.4113318
1.7387507
1.7955243
2.1897699
1.3109492
1.9532141
1.9394751
1.5048858
1.0488131
1.4530002
0.9812013
2.0058994
1.3633416
1.1487890
1.4239959
0.8799235
0.8801906
0.6547513
1.2469230
2.3214481
2.3626980
1.2494261
2.9405456
2.5245474
1.7401637
1.0764575
0.8118127
2.8790343
1.5397173
2.4474843
1.8534116
2.6582748
1.0654030
2.3499096
2.1337642
0.8480516
0.9282909
0.4754776
0.6059255
1.1806648
2.8631736
1.5371896
0.4041924
0.3576195
0.8233863
2.6292668
1.1510925
0.5028406
1.1060245
0.6066603
0.4005076
1.7088631
0.8634749
0.4951095
1.3135469
1.8840443
1.5820915
2.2950583
1.7103858
0.9039182
0.3479941
0.6742864
1.1916632
1.2032744
0.3802153
0.2869647
0.2943421
1.5809682
0.8266566
0.3700213
1.1939901
1.2988952
0.7003104
0.4903958
0.5897056
0.6626770
0.6918765
0.7783789
0.7811794
0.4710944
1.4995291
0.5197217
0.8436181
0.8634993
0.8154567
1.0717555
0.4791103
1.4011763
0.2014670
2.1544655
1.1238346
2.4309039
1.0278317
1.2164398
0.4668234
0.6183018
2.4367721
1.3607994
3.0765736
1.4256965
1.4724614
1.2278720
1.4771783
3.3329789
0.8449917
1.8263338
1.9252566
1.8031890
2.8386367
0.8268456
3.3161692
1.0491530
1.2518579
3.4983400
1.5238129
0.3893935
0.7784380
1.7556553
2.5771946
2.4701763
0.8163759
2.3172448
0.4576497
2.8340287
0.4250114
1.6749929
1.4494459
2.2998059
0.9079440
0.7335526
3.9429409
0.8905280
0.5300204
2.0697144
2.4355705
2.1065722
3.0801688
0.9996899
0.9541369
1.6083222
1.3128914
1.5994842
0.2204162
0.7721104
1.8573736
0.6333197
2.8679748
1.2792143
0.8425039
1.1143323
1.7223040
0.6363700
1.1816010
2.3847962
1.7300340
2.0248604
2.1438420
2.2684708
2.3544892
2.3616411
2.6376012
2.4440274
2.9254713
1.5986926
1.2797821
1.0296874
0.9484065
0.6669576
1.6852307
1.5676712
1.4720987
1.1726653
0.6954956
2.2736863
1.2427762
1.3573660
2.9340426
1.8344177
0.5806361
1.1343341
0.7115059
2.6051214
1.7125012
0.4346325
2.3692436
3.3343698
0.4541686
1.5575577
0.6547654
2.0587745
0.8101897
1.7880877
0.5247364
0.6410001
1.9693203
1.1044316
2.1509502
0.6581375
1.1833510
1.0695858
2.1144252
1.4247725
1.9212925
1.2114924
0.8446356
1.4190548
1.2356950
1.8251987
1.5322259
1.7866509
0.9397860
0.5359875
2.2809947
1.1174819
3.2560002
0.8091506
1.3671176
1.8447332
0.6417038
0.9637243
0.3493001
4.0275517
1.3635769
1.8211859
1.3452087
0.9761948
2.1811869
0.9968698
1.8340292
2.4619957
1.0236894
0.7799085
1.4002774
1.7054265
3.3909247
0.6464966
2.8978881
1.1114404
2.0422730
0.7199459
1.9518556
1.1160633
1.3922160
0.8323820
1.8123239
1.7315317
0.5153856
0.4258526
1.6957317
1.6331048
1.4595931
0.3646925
0.9921900
1.0652281
1.6702477
2.2086830
3.4323705
2.1680882
2.1527901
2.4199916
0.9045055
0.8866026
0.9342945
2.7683156
0.8265913
1.0120505
1.9115790
0.8852857
0.5073931
2.5909388
0.9995046
1.0713219
1.1689316
1.2159535
0.5143565
1.1984577
3.2470271
0.3015986
1.6891310
0.7860315
2.1390804
2.1156858
0.8914718
1.7073107
1.6650835
0.8980872
1.4516522
1.1954846
2.7674002
1.4543667
2.7704806
1.3474412
1.9948981
0.8373531
1.9110535
1.6835981
1.6107294
1.2786847
3.3679198
0.9065728
0.3776813
0.3659626
1.2426518
0.5903853
1.1366927
1.0898054
1.5681399
1.2173678
1.0150777
1.9515377
1.4492125
1.0981144
0.4992370
1.1253000
1.9851251
1.8130032
2.8080926
1.2934426
2.9257998
0.9554676
0.9187507
2.8235406
1.1553669
0.1796519
0.4844053
2.9316604
4.7414182
1.6736072
3.2907096
5.6998585
0.4938317
0.7041433
1.0054955
0.7602273
0.6944517
1.3584436
3.4660708
0.8855177
1.5730251
2.0747691
1.5761045
1.6623334
1.7432635
0.4681650
1.2018347
1.5271033
2.1381331
1.1889094
1.6602115
1.3019216
0.8779406
1.3472140
1.4948539
1.7820624
0.4322730
1.0660421
0.7004445
1.8035977
1.1930721
0.0695419
0.3711585
1.4374162
0.8046895
0.5133501
0.6440589
0.5689877
0.2506172
1.4677850
1.3639808
0.4738808
1.5700359
0.9165737
0.7596140
2.5773259
0.8427202
0.6791634
1.5582667
0.8891331
0.9050820
0.6921558
2.9346362
2.4042434
1.2036355
1.0318845
1.2904274
1.4742754
2.2079386
1.7975808
1.1941216
2.2261237
0.8081245
2.1402661
1.2973638
2.2979518
0.5597664
2.3393108
1.2163332
0.8913256
1.9783409
1.7493130
3.6036159
1.6953148
1.5524673
5.9983521
3.0380920
1.5140859
5.0147390
6.0741685
10.9394961
2.4827799
2.0990267
2.2422307
1.1422851
5.7112283
2.4928895
3.7455845
3.3601423
2.6395402
2.9259576
3.7742165
2.0947027
2.4969886
1.4320957
5.6499530
1.4479835
5.5826887
3.8738757
1.3963510
3.4735002
5.2950298
2.6620329
2.8076560
1.3979186
0.9692836
1.1263980
3.4307862
3.2065187
3.6296621
3.8618389
3.0796610
3.5082603
3.8616409
4.0027409
3.9034342
2.6359073
1.5017343
1.7851843
2.3039248
3.0691007
3.6411353
2.6744675
1.8152646
4.4461536
0.8366060
4.2907985
3.6340562
3.7579747
4.7548639
3.8092719
5.1903415
13.5083438
8.3384703
5.4190839
1.0883645
7.2572390
6.0479327
1.0733455
5.5811167
7.0668038
6.6082264
5.7371603
1.9027698
2.9667279
16.3807304
4.1260189
4.8815436
14.7081438
2.0200891
2.4149334
7.2200591
41.2077933
34.8458442
5.5441199
10.1429632
4.2891768
0.8628297
0.8704627
4.5514314
7.1283160
20.1408966
1.7599632
1.8399592
1.1086219
2.3971547
3.3455159
1.2406465
2.0903674
3.9006984
1.7766059
3.2382896
9.7397441
10.8576406
2.6940851
4.7691457
3.2566602
0.5893244
4.0721085
5.8188851
2.9200898
3.3909805
0.5502902
5.3828442
5.1768949
5.0602941
0.4876639
0.2522459
2.2439772
2.4226359
0.8469094
0.4320074
2.0763597
1.4924563
1.4295164
1.5901475
2.0930861
1.3761174
4.6855428
3.7685295
3.5066131
3.9318941
2.9874617
2.6128699
2.6277839
2.7318851
2.4375421
2.1184240
1.8431067
2.9271278
1.9516736
2.1686294
2.4414579
3.4954725
2.7057011
0.9859663
2.2793237
3.3361992
0.8867735
0.7914356
1.0313812
2.0812000
0.5854922
1.2008535
1.1480019
0.7438916
2.5637777
2.6956577
2.6023416
3.6344564
4.6557364
1.5616678
2.6710479
2.1484948
2.4711511
3.3876558
2.7126799
2.3806330
1.1548477
4.3465715
1.2055779
1.1994476
1.0309985
2.3514666
1.5277967
2.9877913
3.3202488
3.6934802
1.6781075
1.8151920
1.6078648
3.0162675
0.7605004
7.6083829
1.6654892
1.5820708
1.5722007
2.8659247
0.8118431
1.5946367
1.4643505
2.8715809
0.4642893
1.1417129
1.2029428
1.6652314
0.7361986
1.9199690
4.3562655
0.8219414
1.7943098
1.5340435
1.6053527
1.5831269
2.5454789
1.5499302
0.7314234
0.8555382
2.1975013
0.5538057
0.9568327
1.3375185
0.6180881
1.5126076
0.6064073
1.6454754
1.3629081
0.9924657
0.9329051
0.9264912
1.3367686
2.2893237
1.1629999
1.8431498
0.5804038
0.7390983
0.8528152
3.0741881
0.1694237
2.2070016
0.3646219
2.7321323
1.1788285
2.2785214
1.0345195
1.0868155
0.7961980
1.0786822
1.0785836
0.5678628
2.9460405
0.4572421
1.6399148
4.4374815
1.3120542
2.1412780
1.0997871
0.6301923
0.7702556
1.5355188
0.8798723
0.9736906
0.6331907
1.6658778
0.8024242
0.4570360
1.5184130
0.9777629
0.7597854
0.5036308
1.9182647
0.7632390
0.8066500
0.3435548
2.0403170
1.3723263
1.2186192
1.3589601
1.2663599
1.3725874
0.6485686
1.2918162
0.5514026
0.1616098
0.9831613
0.4762578
0.7295354
1.1695332
1.6834378
0.3364815
0.7554501
0.8117711
0.6748029
0.6968206
0.9047780
0.6328806
1.0989175
0.7601696
0.4219765
0.9583489
1.0152439
2.2618399
0.7655727
0.9482183
1.3616536
1.2698489
0.8236569
1.3619835
0.5172890
1.7620592
0.8315699
0.9458975
0.3753946
0.8321837
2.1219398
0.8971092
0.6048311
1.0499587
1.0846017
0.8028963
0.8189833
0.4904061
1.3014707
0.5693995
0.6197389
0.8046045
1.3965745
0.7983950
1.7839269
0.6631238
0.4723904
0.7692929
1.3597497
0.7676015
0.9018018
1.1068784
1.0094414
2.0762795
0.9658774
2.1811072
1.3334040
1.8838130
0.9312192
1.9448696
1.3425525
0.9529883
0.9961479
1.2418610
1.3331100
1.1953755
0.8451399
1.1284342
0.8586434
1.2558184
0.6632287
1.1937583
1.6745210
1.8564214
0.6530404
0.6659271
0.8135723
0.4049330
0.7103077
0.4022916
0.5900863
0.5097275
0.6498934
0.9106841
0.6537793
1.4143095
0.2110957
0.9646597
0.2101118
0.1546015
1.7966600
1.7069302
1.0191402
2.3898616
1.3221049
0.7000465
1.1674879
1.7941253
0.4261090
0.6571206
0.4407324
0.8295654
1.5836319
0.4460323
0.2637159
0.9262702
1.5189787
0.8278500
0.7742124
1.1690940
1.1439173
0.4676378
1.0410256
1.3355203
0.6150620
1.1538634
1.6790150
1.6268590
2.2253735
1.3312752
1.1157296
1.2280831
2.4495146
2.4258810
1.5143899
1.0733479
1.1747500
1.5788542
2.0641559
1.1556395
1.2566286
1.1426544
1.2844639
0.6941037
1.4326174
0.8776271
1.4636479
1.6928347
2.1379418
2.0256278
1.2329686
1.1085528
1.5531358
1.3390393
1.2423883
0.7564575
2.3113375
1.6959808
1.9659127
2.4361181
3.9652675
2.3152207
1.0220942
2.4137980
1.8773557
1.4505943
0.7197304
0.9586623
2.2553539
2.0019700
2.5965299
0.7983071
1.3841464
1.4903472
1.0368848
1.0528135
1.4324420
0.5568415
1.1692620
1.6625218
1.0182214
0.8893525
0.9404075
0.8989294
1.3259355
1.7734673
1.1845134
0.7535966
0.5161282
1.5182642
0.5461494
2.5105150
1.5081719
3.4737950
0.5821093
0.9295616
1.8208028
1.1718633
0.9416548
0.9857447
1.4480307
0.9563306
0.2550612
1.0743494
1.7447881
0.8977004
1.0125098
0.7568386
1.8870502
3.0102504
0.9062428
0.2672843
0.1293822
0.2855878
2.5182067
0.2320818
1.9037981
1.5864137
1.1868164
0.4297711
0.5033658
1.0047365
1.1383839
0.4707230
0.3272367
0.4958462
0.9857337
0.5902952
0.5400385
0.6751331
0.5607891
1.4207084
2.0547604
0.8550982
1.0566721
0.2876092
0.3871720
4.2921398
2.9759386
0.9440039
0.4224295
0.2198314
0.8658193
0.5064480
0.7245217
0.6693885
1.3628059
1.1511522
1.2172566
2.2954857
0.8510118
1.2864522
2.9719226
1.9043701
0.7331950
1.4557715
0.6859007
0.5560195
0.7770598
1.7524803
1.6435542
1.1461141
1.0929435
0.8490032
1.3585197
2.7733409
1.7439414
1.3588079
2.4557098
0.9155183
4.0954627
1.4440410
1.9683733
3.5936540
0.4516837
0.6530371
0.4909761
1.0453219
2.6858274
0.8498377
1.5419351
1.3158323
2.1626576
0.9786218
1.7803031
1.0865658
0.6756405
1.0140302
0.7074003
1.6458871
1.4655357
1.4685316
1.3960641
1.5737344
0.4700971
2.3926293
1.6236343
1.4909547
1.0256904
1.5055031
0.6042450
0.8677841
0.5567570
1.5707745
0.2967126
1.4547566
1.0407186
1.0739207
1.1788469
0.5998740
0.8282552
0.5302474
0.4385828
0.5245126
0.6545078
0.9824943
0.8031805
1.0502087
0.6319814
1.0374935
1.2355326
0.5362325
0.4384264
1.0658321
0.7985113
0.5441823
1.0849634
0.3363352
1.6626518
0.3143658
1.4707848
0.7786130
0.7965502
0.3772049
0.6390211
0.7474052
0.2572082
1.3110020
1.1832858
0.5338359
0.7922224
0.5383802
0.8086630
0.6962224
0.5701564
0.7208375
1.2398445
0.8627914
0.9858524
0.8341745
0.7026795
0.8153820
1.0387519
0.8833100
1.0657541
0.7932455
0.9743516
1.0409596
1.0884154
0.7353566
1.7420123
1.1138392
1.6772438
1.4012373
0.6333705
0.5603302
1.6097485
1.0000659
1.7834692
3.0096579
1.5061980
0.5720765
0.7605818
1.2416823
2.2941250
1.8063947
0.9765381
1.6493994
0.7944888
0.8506444
1.3833528
1.3730734
1.3813816
2.0578549
1.4789561
0.9894191
1.3027489
1.5911692
2.4580465
1.7679922
0.8161704
1.1568268
0.7604941
0.8550175
0.6730709
0.7157714
0.3146460
0.5599276
1.3741245
1.4248211
1.4068093
3.0192776
0.6680232
2.2946658
1.2615817
1.6591430
0.9649751
1.3001624
0.5713832
1.3335186
1.0948372
1.2501401
1.2716978
1.2636339
1.4261673
1.1827038
1.3437829
1.6124020
2.1990370
2.1571629
1.7404297
1.2062264
1.0938822
1.7782849
1.0257998
1.7078887
1.5499386
1.8234705
0.5621000
0.4508697
0.5285281
0.5923082
1.9516298
1.4131414
0.9670117
1.1154709
0.9455333
1.3790166
2.0841095
1.0218748
0.3280021
1.4298394
0.7667475
1.2315266
2.1168368
1.4683208
1.5070915
0.5107495
1.3214595
0.8507385
1.3598247
1.2569570
1.0873502
1.7666667
1.7274333
1.4856814
0.6104456
0.9014364
1.2164674
0.9238572
0.7468229
0.8130414
0.9156796
0.8260131
1.0539654
1.4163032
1.3184944
1.9042182
0.7272601
1.1315249
1.1555500
1.1445089
1.5053430
0.6784137
0.5326777
1.2691707
0.8256254
1.3144147
1.5702277
0.9053272
0.9844319
1.0738990
0.4636593
0.7866602
1.0195513
1.1487135
1.4468095
0.9650223
1.0052441
1.1985353
0.7959327
0.6641907
0.5922605
0.5417955
0.6688123
1.0575420
0.5004527
0.6445800
0.8184894
0.6786700
0.9291009
0.3594701
0.7814995
0.9021270
0.2461995
0.4713074
0.8429630
0.9114097
1.0648504
0.7143198
0.9458037
0.5800479
1.3980091
0.8313376
0.8893417
0.9281771
1.4030643
1.6421167
1.8806043
1.0179432
1.0631576
0.5483865
1.2740354
0.6791601
0.2031108
0.2378474
0.9315341
0.3884801
0.5869059
0.8798006
0.2272683
0.9353491
0.2747742
0.6852920
0.8641448
0.5698064
0.2721909
0.7164009
0.5454114
0.4910462
0.1333051
0.7064906
0.6777054
0.3220457
0.8310825
0.6886030
1.0295601
0.5660843
0.7203227
0.3744093
0.4842709
0.7997713
0.7976574
0.4238534
0.6609015
0.2787485
0.7797679
1.1381087
1.0332940
0.5501487
0.4405453
0.6032872
0.4285737
0.3358363
0.7589785
0.5778602
0.6032681
0.2536763
0.9528418
1.0158232
0.4128007
1.3476787
0.4076500
0.9235175
0.5511901
0.9630182
1.1001568
0.9978349
0.1588370
1.4275198
0.6546837
0.7577725
1.0475944
0.9363907
0.6034280
0.8260928
0.7978064
0.4743015
0.3930222
0.5055114
0.4687647
0.0911262
1.6671941
0.7551942
1.1268330
0.8002023
1.0315900
0.8018747
0.6615986
0.7898821
0.4307293
1.2750697
0.9348982
1.1325749
0.9113969
2.5481576
2.0652844
0.8016092
1.2898354
0.6233762
0.7046085
0.6534715
0.7419391
1.3477208
0.7888825
0.2064657
1.8313550
0.5685969
0.3115332
0.5226376
0.5389975
1.3242362
1.2465584
2.0869674
0.9474383
1.2043430
1.2761612
1.4017838
1.6326454
0.8129794
0.5563064
1.0623418
0.3930883
0.4921085
2.0755309
1.0410235
1.9962679
0.5642800
0.7639214
0.5710009
0.3986231
0.2998946
1.1921272
0.3765610
1.3763537
1.1930618
0.6672916
1.2339693
1.9785367
0.9938156
1.4023953
0.4650028
1.4411101
1.0009365
0.9051271
0.5680203
1.2950422
0.9837277
2.0540053
0.8183173
0.9998633
0.4641003
0.9559194
1.3537996
2.1607158
0.7495980
1.3302763
0.9695841
1.1134497
0.9733081
0.9725651
0.9461051
1.1552936
0.7549900
0.8326118
0.5473582
1.0504497
0.4871595
1.4446480
0.5615426
1.8361553
0.9489259
0.4920219
1.1747010
1.1344252
0.7216858
0.8070301
1.5551451
0.3588973
1.3078884
0.5591833
0.7604567
0.8432999
0.2765834
0.3203384
0.9000767
1.7405164
0.3631057
0.4343419
0.5275231
0.6764805
0.2854945
1.2117677
0.8558658
0.8840710
0.9674698
1.0879446
2.3067460
1.4611795
1.0085256
1.2958083
0.5869571
0.7692764
0.8732924
0.6624040
0.5810833
0.7986975
0.5307939
0.8516386
1.0158132
0.2948502
0.6048775
0.3634931
1.2650523
1.9835949
0.8187565
0.9676576
0.2566237
1.5887496
0.9449035
0.8581006
0.8358434
0.5181898
1.0453298
0.8281342
1.5473596
0.6233947
0.3404923
0.4763008
1.0394928
0.7670990
0.3769476
1.4512019
0.2989494
0.8684772
0.7020442
0.3569159
0.9813554
1.0078065
1.3167707
1.2374479
1.3081065
0.9342167
1.1832085
1.0653818
1.6806766
0.7256599
0.8531633
0.3977323
0.5298238
0.4592534
0.6639519
0.9177281
0.4488538
0.5761133
1.2658756
1.2875442
0.8710591
0.6640756
1.4063986
1.0002274
0.8494876
1.2786048
0.6223247
0.9081189
0.8718041
1.4010557
1.0727247
0.3024669
0.6462228
0.7879993
0.9372033
0.9274871
1.5459776
0.5800092
0.5716289
1.0255300
1.2502951
1.0883907
1.0429817
0.2901590
0.9509849
1.0445177
0.4070891
0.9071122
0.9014978
1.1331758
1.2954122
0.4895764
0.7849517
1.3039742
1.5228597
1.6863048
0.9315665
0.9343092
1.4128214
1.0375358
0.8218717
0.8409192
1.8483376
1.2681905
0.9624003
1.0625603
1.6556792
1.0464813
1.0769690
1.5414372
1.5578617
1.3124923
1.0656657
0.8996965
0.9182107
1.3606901
1.5051013
1.2418523
1.3959788
0.8583128
1.5561370
0.8761246
0.9969444
1.1330312
1.2026045
0.8774842
0.9526380
1.0294095
0.9645768
0.5920045
1.7762092
0.9876061
1.2578531
1.3612189
0.8464818
1.0243837
0.9133439
1.2333610
1.1659038
0.7829994
1.1434654
1.0440795
0.9066981
1.2244931
0.9292208
0.8149182
0.4203882
0.7813730
0.8285892
0.8830628
0.9183934
0.4750397
0.3155908
1.1641626
0.5331117
0.5216402
0.1512339
1.1441353
0.6145177
0.6633696
0.3960137
1.0180073
0.5350540
0.9611852
0.9446911
0.9858273
0.9616824
0.7675805
1.1307411
1.2081519
1.6607647
1.1692044
1.3487251
0.9245051
1.4211209
1.5301573
0.5246654
0.5320219
0.9568865
0.3748166
0.7593901
1.3178417
0.7837651
0.5423130
0.8960126
1.0139055
1.0063778
1.3360300
0.6312815
1.1609110
0.6606747
1.3702706
0.6937454
0.8822513
0.8801589
0.8424358
0.2604849
1.0090656
1.4067343
0.8783768
1.1156883
1.0040601
1.2231952
0.9187328
0.5599893
0.5067824
1.0081090
1.0408873
0.7637120
0.6113236
0.4799323
0.4999354
0.7175929
0.9579602
1.7406306
1.6626005
1.0676050
1.3199039
0.9798443
0.2504956
2.0374628
0.7004306
0.9040700
1.2919750
1.8642146
1.5652467
0.6845469
1.2305371
2.5720250
1.6892440
0.4792557
1.0476517
1.5353005
1.2574149
2.2590916
1.3807564
2.3591278
1.1685382
1.5011780
1.8460886
1.9225936
2.5615691
1.2859864
2.1398496
1.4276706
2.0517264
0.9698559
1.4722809
0.7492724
2.5047801
0.8277447
1.3469129
1.1963103
1.6205424
0.9822324
1.0490947
0.3976276
2.7761879
0.7605224
1.1908654
0.7926453
0.7625587
1.5033919
0.6632801
1.7559438
1.4645808
1.3688881
1.7502593
0.4193387
1.2193872
1.2188741
0.8927327
1.2317266
1.5068695
1.1461138
0.6425385
0.6552737
1.1367970
0.6162118
0.6179587
0.3663694
1.7724502
0.4400833
1.4740815
1.1398416
0.2627554
1.4007236
0.5077550
4.1958922
0.3902621
1.4523293
4.0633928
2.0859789
0.7203899
1.9107130
1.6079994
0.3536166
1.2316314
0.8916031
3.7597740
1.7335636
3.2459319
1.6613262
1.4756106
1.7031743
1.5105580
3.0126071
5.3370126
0.7824165
0.7330289
1.0450668
5.8965120
7.5986773
1.3143581
1.0363583
3.3076766
9.8975589
1.0959973
2.1291482
0.4532677
1.7670586
1.8915053
2.0681192
3.8264943
1.0637600
1.4454212
2.1036752
16.5113360
1.5213100
0.3770783
1.5377623
1.1812273
0.8203655
1.2617407
2.4437683
2.7855072
1.6809268
0.3040378
0.9742417
0.6726036
1.2302825
1.9159341
0.9749135
1.5190120
2.4438120
0.8112056
1.5249111
3.1453650
0.6502512
0.8920159
0.5799762
1.6284704
0.9625694
1.3725723
0.9052908
0.8854378
0.9027482
1.8845326
1.5285391
1.2603674
3.1844461
3.4264768
0.8460771
0.7756162
1.9399194
0.8833233
1.0162978
4.6594826
2.8104583
2.3206051
2.2356627
4.2512487
1.2984047
2.3007070
3.1244522
8.1456890
1.5890039
3.3574337
1.7663516
1.2615275
1.3271399
3.6751758
2.4153138
1.1344949
2.0696553
1.2323806
1.6436646
3.9213084
3.5601638
4.0837465
0.2719765
6.9918171
2.7739824
5.4687693
3.3988041
0.7973742
4.0722415
12.3157997
1.2059919
0.9258292
1.5281628
1.5960697
2.2149495
1.4558087
1.1326461
1.9982897
2.5958587
2.0191048
3.4519342
2.1616397
2.7972386
0.8011323
3.3407537
2.7151777
3.4895315
3.2988834
3.6187093
3.9561761
1.1311414
2.7577586
1.6743633
3.8856074
1.2057464
2.1475355
3.2147250
1.3216288
1.1020405
2.1346097
1.2651776
2.0557612
2.4257971
1.1196707
2.4450476
0.8504712
0.8499513
2.3908010
1.5855331
1.8267895
1.3670566
2.2459241
1.8141030
1.5476187
2.7304987
2.0030122
2.2922673
3.1762655
1.5618596
4.2225072
1.1384505
1.2067751
2.5021674
1.3493344
2.4323257
3.1536407
3.8255329
4.0596124
4.0950377
2.5332691
0.9625985
5.9834483
1.3548445
3.3768356
2.9117456
5.3324241
7.0177911
3.3114849
5.1442062
6.1613337
3.5694959
2.0848991
1.3519572
3.5572161
4.8105324
1.3647040
3.3577709
2.4827716
2.0628370
2.4003450
2.3828471
3.0895900
0.8654927
1.6011680
1.2008664
2.0194691
1.4467975
1.3490203
1.5487636
2.3100362
0.8872457
1.7875180
1.5590455
1.4352129
0.3913504
1.0088540
0.5603413
0.6718159
0.7914527
0.7158259
0.8778935
0.8668567
0.8562753
0.5741820
0.7925234
0.4863084
0.8993011
1.2818594
0.8051255
0.7992191
0.8256127
1.0320236
1.7102225
1.7155804
1.4636775
2.2093298
1.1745669
0.8050221
1.2180817
1.9188308
0.7635261
0.7586462
1.3783826
1.9313109
0.8630355
1.0746709
1.1196732
0.8482143
1.8700708
0.9734956
1.4900797
0.6260322
1.2761919
1.9988402
0.6147373
0.7097661
1.2562183
1.3541186
0.9170666
0.5237630
2.1536520
1.3748519
1.0736556
1.3757315
2.2436673
0.9535934
2.1816464
3.2688440
1.1667646
1.4923442
0.6335487
2.1166930
1.1042612
1.9298268
0.3898235
1.9814195
0.5447285
1.1439921
1.4663764
1.3542949
2.5058691
2.3972238
1.3503192
0.4456240
2.1509242
2.9476839
2.1729309
1.4878087
1.5114351
1.4473187
1.5785122
2.5429046
3.0658090
2.0226359
3.3520581
1.0474027
2.8829853
1.4714062
1.1928289
1.0951932
1.3975559
1.7920921
3.0966003
1.0979734
1.3073790
0.6899487
1.1954890
0.6796255
1.7750139
2.6647652
0.7084055
3.1056787
1.6695889
1.2036945
1.1782124
1.3963562
1.0495287
0.8089953
0.5059247
0.4983012
1.7196277
3.8945104
2.7688004
2.6263462
4.0495587
1.9881616
6.4674052
5.1505389
2.0380571
6.5625540
6.9156529
7.4123805
2.6748063
8.9586977
6.9272256
3.2957628
6.3357638
5.7061376
4.0783280
4.3543967
5.7525942
5.4933129
1.9036596
2.6133844
1.4846969
0.3839765
1.2119416
0.2529178
0.7615466
0.7727276
0.3456645
1.6034017
1.4263473
1.4808599
0.9354077
0.7649113
1.2347528
2.0187837
0.6852427
0.8529906
0.7412912
0.6305683
0.7665357
0.6983699
1.0016461
1.2811816
0.7981233
0.6909368
1.2991359
1.4401669
0.6608089
0.8892714
1.4137549
3.4836714
2.9084304
2.9924030
2.8351319
2.1420961
1.8114237
0.7537565
1.3637931
0.3919206
0.5420684
1.2177443
2.7245616
1.9173087
1.7841110
1.0315409
0.4338921
0.9902231
1.0409310
0.7660475
1.4531749
2.8528145
2.5966558
1.1164867
1.6472465
0.6210636
1.7737498
0.9584642
1.1771325
2.2494059
2.4659523
0.3563657
0.2981261
0.7824383
2.4856896
3.3960068
1.9273299
3.1574369
0.6648707
0.7871271
0.8688752
2.2410685
0.2945042
1.1189831
0.8652153
0.7259471
0.8668590
0.5844409
0.6358085
2.6261464
0.6044183
0.7212578
0.9150917
1.8362148
1.1390249
1.2096058
1.2179686
2.7228843
0.4834696
0.7393324
0.4950190
1.0646842
1.3916275
0.6338541
2.0938951
1.8487322
2.5437620
0.5811329
1.5957641
1.7671894
0.4447068
2.3631809
1.3656216
0.6312260
1.1473187
0.5271365
0.3774052
1.2650588
0.3707190
0.7657118
1.6244282
2.1827447
1.0330148
1.4968903
1.4641249
0.8496914
2.7701509
0.5004226
2.0820199
0.4789237
2.8916943
2.2439570
1.0059972
0.9978734
2.0057393
0.2023975
1.1171269
1.4771748
1.0442408
1.6823356
1.2771143
1.3710653
1.5339323
0.6295152
0.8954764
0.9593224
0.7506096
0.7406151
1.3884267
0.8321709
1.4598429
0.5582388
1.4745681
1.9284959
0.9055622
1.6235845
2.8529987
3.4406813
0.5188240
1.9770829
1.1365108
2.2907892
4.6628573
1.9676788
4.0087504
1.3000082
2.9327913
1.9150446
1.3225260
0.7436549
1.2449190
0.2313022
0.9429396
0.6437515
1.2331528
1.5765656
0.7877820
1.8408770
0.5234908
0.2470462
2.5397365
0.9788002
0.8317523
0.8867409
3.0287164
0.8850383
1.2070142
0.6136133
1.8939692
1.5930070
1.0949053
1.4691298
2.2175399
0.7180407
2.5288386
2.2591418
1.0609643
0.1369063
1.5391715
0.6495570
1.6007250
1.3815941
1.9215361
1.3110120
2.1433166
0.5973363
1.2085403
1.2868770
0.5398008
0.4108649
1.2055490
1.4569239
0.5980581
1.2103461
1.4380940
1.6216772
1.4809810
1.3356865
1.5856374
4.7077745
1.0875361
1.5025503
1.8549952
0.6137125
0.1532161
0.4838072
1.5553093
1.4952294
3.2306078
3.3632641
3.4275025
0.7131507
4.2982214
1.0735080
2.8265305
2.0976333
2.2968880
1.9258615
1.1574133
1.4192550
1.1748467
0.5125543
1.3308770
6.4642521
1.2772896
2.8214643
1.8788041
1.6747699
3.1857206
2.9892083
1.8543515
2.9648840
1.4580547
2.4397819
1.1004617
1.4436843
0.7203316
0.5401854
1.1164264
1.7301063
0.6017301
0.8303136
1.7558011
1.5527370
1.8697756
0.4844479
0.8850817
2.3621497
0.9321518
1.3036128
2.5731137
0.7243442
1.4239148
0.6842329
0.7868534
1.7985188
2.7674543
0.8597532
1.4892544
1.7751888
0.6084061
0.5025661
0.5227358
1.3021871
1.7574706
1.8983319
0.5428212
0.7531797
0.9881298
1.0813440
0.5362337
0.4452228
1.0759767
0.9570813
0.5516870
0.8682325
0.9145122
0.7458541
1.6264458
0.6553317
0.7634691
0.1637544
0.4689002
0.3891026
0.8580684
1.0178080
1.4239986
0.3895374
0.6809307
0.3426571
0.9517344
0.5575788
0.7198994
0.5014414
0.4213358
1.3470246
1.3514480
0.3749316
0.6862862
0.6428542
0.3211284
0.2118616
0.2902131
0.1794173
1.5466932
0.4359410
0.2894172
0.3655437
0.7351609
1.0576808
1.0600070
0.4096867
0.4557379
1.2897584
0.3838921
0.8611114
0.3331953
0.2170199
1.1558962
0.7799582
1.8930381
1.0670781
0.9890454
0.4661196
1.7835791
1.4478259
1.4807447
0.7092388
0.3665309
0.5838956
0.2622954
0.4098037
1.1006668
0.5463736
0.2603738
0.5461158
0.3898713
0.7933637
0.7762446
0.4325096
1.4395144
0.5498258
0.4672562
0.4748830
0.7340710
0.5231700
1.0041894
0.2908424
0.5497438
0.5287883
0.4325762
0.9476091
0.5265190
0.5961606
1.2370450
0.7506437
0.4786730
0.6950038
0.7890402
0.5626323
0.7428941
0.4321850
0.6777751
0.7511802
0.6355501
0.6874175
0.6917894
0.8132045
0.3260440
0.3178242
0.3750716
0.2726610
0.9000978
0.3889809
0.4664168
0.3530581
0.2494196
0.5809342
0.5253926
0.2730863
0.6140083
0.0729735
0.2907097
0.2167097
0.3723473
0.4879123
0.3905773
0.3251296
0.4557937
0.3840645
0.9312704
0.5727737
0.4144896
0.3466373
0.6083197
0.6909921
0.3641830
0.3336582
0.9698714
0.5431785
0.9447145
0.4240629
0.3988199
0.6566288
1.2197412
0.9647803
1.2626096
0.9789675
0.9471503
1.0853886
1.5234137
1.1757141
1.6320549
1.4901628
1.7390308
1.1918129
1.6456685
1.6255815
1.5479347
1.6231252
1.3940234
1.1918785
1.7828632
1.5752378
1.1844901
1.3273781
1.7664600
1.6559462
1.2191202
0.9755273
0.6289970
0.8686626
0.8635675
0.6761159
1.0670681
0.7585387
1.1385988
0.9466944
1.1171788
1.4772339
1.2901521
1.2009428
0.9095768
0.9277132
0.7248887
1.1949762
0.9885484
0.4234697
0.7955328
0.6261330
0.5096301
0.5231012
0.8200623
0.8946384
0.4639698
1.3679998
0.8439703
1.0898428
0.7569908
0.7424668
0.9460833
0.7762388
0.9336574
1.3337740
0.9502158
1.2077272
0.7831188
0.7540871
1.0768965
0.9000751
0.8964689
0.2614158
0.7361895
0.7264878
0.4529593
0.5056950
0.6485314
0.3332002
0.8095739
0.2877388
0.2976797
0.3379363
0.4885638
0.3800167
0.0976861
0.3611783
0.4829741
0.5694337
0.5361515
0.3317700
0.5026962
0.4017957
0.4817500
0.3186591
0.5449436
0.3834938
0.2778149
0.4293644
0.2911664
0.3612301
0.1970890
0.4125748
0.4234521
0.3680527
0.4745718
0.1790708
0.6462811
0.4969530
0.2535028
0.4851704
0.4500737
0.5062149
0.3285000
0.2630373
0.4324142
0.3238162
0.4092609
0.5096101
0.4974861
0.4622242
0.4376622
0.5075005
0.5388339
0.5412218
0.4645699
0.3961057
0.3735671
0.4065892
0.7108557
0.4765219
0.4348416
0.3978644
0.5302128
0.6723501
0.6843714
0.5321562
0.2560804
0.2418668
0.4469294
0.3674659
0.3764473
0.4671479
0.3975625
0.3209910
0.3118109
0.2758830
0.5731842
0.4722880
0.4742369
0.1978777
0.1665871
0.6536846
0.2179558
0.1202478
0.2875006
0.2212852
0.3563268
0.4613757
0.3470006
0.1919551
0.2796480
0.3752484
0.1888816
0.4682469
0.2471490
0.2395984
0.6892391
0.4044653
0.5880644
0.5454478
0.3614158
0.3719788
0.5669118
0.3408997
0.2920349
0.2461589
0.3269185
0.7261278
0.6643767
0.6295793
0.5554187
0.3053392
0.6997909
0.3379117
0.2843991
0.4632508
0.3794445
0.5841592
0.9123469
0.4643521
0.8131734
0.2868343
0.3145367
1.1048138
0.6690405
0.7975307
0.6003803
0.8613232
0.9961355
0.7731047
0.8072797
0.6559941
0.7741392
0.7717170
0.5157086
0.5166335
0.8812962
0.2504985
0.1288296
0.3800376
0.2628614
0.7377466
0.7186026
0.6429139
0.7492369
0.3402536
0.6977821
0.1918610
0.2073749
0.1689666
0.3447366
0.6245596
0.4855651
0.5305981
0.5355827
0.4016697
0.7391541
0.7059761
0.6481067
0.5076343
1.0267420
0.1897131
1.0135906
0.8737135
1.2245924
0.8917522
0.9690102
0.4899687
0.8449601
0.3472736
0.6880711
0.7275340
0.7734079
1.1106917
0.9750223
0.6131677
0.6971655
0.4839921
0.4261280
0.4753539
0.2775935
0.7986715
0.5616771
0.9165816
0.6539579
1.0962936
0.4148898
0.4132017
0.7761745
0.4075058
0.1780563
0.6821939
0.2989715
0.4999652
0.5467287
0.5246513
0.3274733
0.4150027
0.7163328
0.5584502
0.3950941
0.6376050
1.2718725
0.6860786
0.7333148
0.7367260
0.8741008
0.7217793
0.3950485
0.2231756
0.3850930
0.6151376
0.6262441
0.3416140
0.3067336
0.0790505
0.3289216
0.6154383
0.7915694
0.6718127
0.7125623
0.3519286
0.3605363
0.4508727
0.3771414
0.5521148
0.2261366
0.5782233
0.5848413
0.4128898
0.0894123
0.2283298
0.5126284
0.5879251
0.3817760
0.4440982
0.6531829
0.5997061
0.3917653
0.6124213
0.4041522
0.3281129
0.4939552
0.4308785
0.3904878
0.2162602
0.7957223
0.0622195
0.3062461
0.5750335
0.3225248
0.0844440
0.4318970
0.4506095
0.5493863
0.4457335
0.6703758
0.1980679
0.5894887
0.7221040
0.2087229
0.4465024
0.3759339
0.4027369
0.4691974
0.6451103
0.6456267
0.4199180
0.3876447
0.3572329
0.3630046
0.4149201
0.4321117
0.4741308
0.5302379
0.6431688
0.7563809
0.3172156
0.6239860
0.3916606
0.9304456
0.4598173
0.2243210
0.5637765
0.4241690
0.4338518
0.5819407
0.2537480
0.3542024
0.4151526
0.4563112
0.5260141
0.2783754
0.3299603
0.3046352
0.4905285
0.2760874
0.2616991
0.5841383
0.3087789
0.5616213
0.8979078
1.0674307
0.8860074
1.3483662
0.5465025
0.7134940
0.8187832
0.6347170
0.5837276
0.5012371
0.8006731
0.6749324
0.7344745
0.6098996
0.7291600
0.6957827
0.5488078
0.5968312
0.2006100
0.6210309
0.4164525
0.8455287
0.2863459
0.2804550
0.2977593
0.4806864
0.4122786
0.3424063
0.4682395
0.7807144
1.0023761
0.7296724
0.9285500
0.8041141
0.7790878
0.5879872
0.6921978
0.9694015
0.6904335
0.8337810
0.7818558
0.9860462
0.9876072
1.1334462
0.8514236
1.0094469
1.1763383
0.7661821
0.7526003
0.5051129
0.7660649
0.5653054
1.0113082
0.6266662
0.6440010
0.4755201
0.1889011
0.4593596
0.5039947
0.1245501
0.4891979
0.3356724
0.5221591
0.5739213
0.6398144
1.0204312
0.4626266
0.1828750
0.6380273
0.3695890
0.6533184
0.5540807
0.6142057
0.3980464
0.3489399
0.7858028
0.4782824
0.1646893
0.5375535
0.3953748
0.4540243
0.6783390
0.5637796
0.2694503
0.5425729
0.3283012
0.8422197
0.6050348
0.6243106
0.7306375
0.5218959
0.9580969
0.4967214
0.7059117
0.2202695
0.4574302
0.7659929
0.4887458
0.3825297
0.8286200
0.7207820
0.5084664
0.5221033
0.2547660
0.3418476
0.2901173
0.3191989
0.3224827
0.3594150
0.3104616
0.2699074
0.2812207
0.2920879
0.5993464
0.4787802
0.4406772
0.4543703
0.4529805
1.1137743
0.9409477
1.0893514
1.0522021
1.7293483
1.6275274
1.1155562
1.2961505
0.8154129
0.7852476
1.2953618
0.7579721
0.3415215
0.3408487
0.2277640
0.4617604
0.4797081
0.5060127
0.5618428
0.6917419
0.2234445
0.4458460
0.4886421
0.7068926
0.3276206
0.6150647
0.4894084
0.4368158
0.4986531
0.1478659
0.5533375
0.4200837
0.5056856
0.6475113
0.8455253
0.9773593
0.9145353
1.5031106
1.5127966
0.8647395
1.1580201
0.8468534
0.6873669
0.5723211
0.7065109
0.2207541
0.4654623
0.4038419
0.3713310
0.6146881
0.4938336
0.6165037
0.4005602
0.4643843
0.9534866
0.4323060
0.4733331
0.8421483
0.6134970
0.7629056
0.5646597
0.2960855
0.4129932
0.4718826
0.3846476
0.2975485
0.4075030
0.8951502
0.4445129
0.5443805
0.7875707
0.6558614
0.5939105
0.4123219
0.2436713
0.2188958
0.7018724
0.2522994
0.6063044
0.5253428
0.8235839
0.6696000
0.3407721
0.6695486
0.5679182
0.6018263
0.6998308
0.6147152
1.0225385
0.6995694
0.4497106
0.3457230
0.2137552
0.5649070
0.4946322
0.4903266
0.8543718
0.3671935
0.6057300
0.8770108
0.4715737
0.5242096
0.3306944
0.4559302
0.2662776
0.7573656
0.4049264
0.3690751
0.5678131
0.6710247
1.0113786
0.5003119
0.3637216
0.9160005
0.9893435
0.7658786
0.8898916
0.7880166
0.9719974
1.0737060
0.5678078
0.7999404
0.8395372
0.8983981
0.4335165
0.4537353
0.7559334
0.5786983
0.8739476
0.9102326
0.2503851
0.4403645
0.2770497
0.5054787
0.4715194
0.7153708
0.5383925
0.5671551
0.3093716
0.2871840
0.5433675
0.3195819
0.4655567
0.3428902
0.3486328
0.5935821
0.3674315
0.3201443
0.5174623
0.6166700
0.3827387
0.4210997
0.3387607
0.1458208
0.3196192
0.2524778
0.1147196
0.4773981
0.4013281
0.2293722
0.2276590
0.2264185
0.4781254
0.4628433
0.7329162
0.1698659
0.5228732
0.6844198
0.2976352
0.1205199
0.4198110
0.4105890
0.5716637
0.1328184
0.5188319
0.3270059
0.4368418
0.3826042
0.3884357
0.3938401
0.3932819
0.2627901
0.5641148
0.5860605
0.4001318
0.3510935
0.1932807
0.4981339
0.7203485
0.7118423
0.5354603
0.9369040
0.7186985
0.6579107
0.4585469
0.8386973
0.5528089
0.6808867
0.3023489
0.3289965
0.4344339
0.9061136
0.2175022
0.6335564
0.4771644
0.5042911
1.0618439
0.4527266
0.2518675
1.0160531
0.6843109
0.7004101
0.2416495
0.2818024
0.5274680
0.6761011
0.7138885
0.7439695
0.3903209
0.2156569
0.3276460
0.6366587
0.3989090
0.3626007
0.4095959
0.8055254
0.5444776
0.3921976
0.5673971
0.1734977
0.6050369
0.3471027
0.5665390
0.2933314
0.5881847
0.9631313
0.7576774
0.4766379
0.6930499
0.5727034
1.0169711
0.7961797
0.5447249
0.3243102
0.2970557
0.3043015
0.6210160
0.0839766
0.4128553
0.6773089
0.6150855
0.4724595
0.1914301
0.4369165
0.1610337
0.6680438
0.9930692
0.6436276
0.8571155
0.6736192
0.4172564
0.6491774
0.7523691
0.2177827
0.6152235
0.6685153
0.5267943
0.4064101
0.4172566
0.2385962
0.1910383
0.4775404
0.3934376
0.6651456
0.2372262
0.4576760
0.2447582
0.7950755
0.2888471
0.4205941
0.2568317
0.3103185
0.0163337
0.4606413
0.6425452
0.5623110
0.4526020
0.7452621
0.1617452
0.8251266
0.4345872
0.3735424
0.6554119
0.6018008
0.4361788
0.2728278
0.6195571
0.5898349
0.4032308
0.5637105
0.5940861
0.5518609
0.9698516
0.2572225
0.4505835
0.1884443
0.2301309
0.7291238
0.3038241
0.7976595
0.6970965
1.0834722
1.1273341
0.7201652
0.7265674
0.8605047
0.7800964
0.7173553
0.6872974
0.5192424
0.6805345
0.6986877
0.6838459
0.7017605
0.5356948
0.7376794
0.5049743
1.0047159
0.8760203
0.8477980
0.3064715
0.5261267
0.7386915
0.3387353
0.4224335
0.2466318
1.3106345
0.8164767
0.8225129
1.3672787
1.0342519
1.4530784
1.1984692
0.9308885
0.9056464
0.8929584
1.0404086
1.1471110
1.3433966
1.3574039
1.2325389
1.2340547
1.1043092
1.5554139
1.4117068
1.1312343
0.9062483
1.0170432
1.1977789
0.8196198
1.0219196
1.0314891
0.3593175
0.8186177
0.7185357
0.5373344
0.3466846
0.7216582
0.7454964
0.8209413
0.2590456
0.6962799
0.8646748
0.5006147
0.7822329
0.4747472
0.1659090
0.6646372
0.8058546
0.5865769
0.5799676
0.3422871
0.4752331
0.5255091
0.2822956
0.3030518
0.4331498
0.5784537
0.3098695
0.6040093
0.4876422
0.3993424
0.4653656
0.5523060
0.3297084
0.3927853
0.3747581
0.5736158
0.4454335
0.5746790
0.4743888
0.2722423
0.2569242
0.2946100
0.6385785
0.4996720
0.4860866
0.3299562
0.3936175
0.4030359
0.4606961
0.4785308
0.2905830
0.3922260
0.5488632
0.6094567
0.6157941
0.6519169
0.6558836
1.0220324
0.5229350
0.6139877
0.4644150
0.7835863
0.4531846
0.1843052
0.5979599
0.2392540
0.3701379
0.4990769
0.7597046
0.9225120
0.4386800
0.9989914
0.9409559
1.0347941
0.2877690
0.2500501
0.5097912
0.7429934
0.4573783
0.3997002
0.6220199
0.3300254
0.5203091
0.5413011
0.5761154
0.3495159
0.4950476
0.5209037
0.5104756
0.9785021
0.4412652
0.1937345
0.6083662
0.2363164
0.3007370
0.5147390
0.3946520
0.5145569
0.5364333
0.8060000
0.5069081
0.7563031
0.5342674
0.8706680
1.0689243
0.7108921
0.0911751
1.1114948
1.1678427
0.8579883
0.4855555
0.9613741
1.0076133
0.5051487
0.6016416
0.7439176
0.5056805
0.9643874
0.5186604
1.1679804
0.8313720
1.1022863
0.6790793
0.9084562
1.2598562
1.5699653
1.6308450
1.3153620
1.6755271
0.8928691
1.3249397
1.0469368
1.1061513
0.8594232
0.4894590
0.9490433
0.3571148
0.3883957
0.3690657
0.4286248
0.5574275
0.6764377
0.6454187
0.6937312
1.2096529
0.5831768
1.5060944
0.8677252
0.9246962
0.4658553
1.3884827
0.8554273
1.1576404
0.7465614
0.7893014
0.9887252
0.8933599
1.0309337
0.7166417
0.6474816
0.6437577
0.8961926
0.6777905
0.3549318
0.8400227
0.8821374
1.0053249
0.7508102
1.3454931
1.4501697
1.5737943
0.9275397
1.2258746
0.8675982
1.1106386
1.6295244
0.8198005
1.0775871
1.0926561
0.4550088
0.2862737
0.8154171
0.7093243
0.7425460
0.7134040
1.0971409
0.7292674
0.8860501
1.2069466
1.2173144
0.7547537
1.5793467
0.9250523
1.1384469
0.9116892
1.1933553
0.8422711
0.4689919
1.3526684
0.8260145
0.7405662
0.9726272
1.2823208
1.0181946
1.0531064
1.0490114
0.7068259
1.1109249
1.0080843
0.9778309
0.5242200
1.0277225
0.5670547
0.6946486
1.0293141
1.4461881
1.2507484
1.3256397
1.0724428
0.9649757
0.8153806
0.6414215
0.8847951
0.4229383
0.5860395
0.9520897
0.6539190
0.3148039
0.2345440
1.1959384
0.5620776
1.2231406
1.3626621
0.5392432
1.4140409
1.2318918
0.6245012
0.8792589
1.0560542
0.6027850
0.1880215
1.3212186
0.9666752
0.6124021
0.4968373
0.6808900
0.2734185
0.7516802
0.8849813
0.4282569
0.4886495
0.7789514
0.5809353
0.6926033
0.7510067
0.4179749
0.6057796
0.7872181
0.6739311
0.5063229
0.7057700
0.4175253
0.1436390
0.6024956
0.4692585
0.2949967
0.4932110
0.6584173
0.4849441
0.4042131
0.2719920
0.7667763
0.5071128
0.6377477
0.4819066
0.3657187
0.3866650
0.4708861
0.8099069
0.4600288
0.1682822
0.4433802
0.6141811
0.5245106
0.1542900
0.6560330
0.5368283
0.7283507
0.5740413
0.4931209
0.7472820
1.0117154
0.6697330
0.3755152
0.9046721
0.9625500
0.7722877
0.5426019
0.5033546
0.7711166
0.8186526
0.5721665
1.0432511
0.8413941
0.7315631
0.6238561
0.7667704
0.4328072
0.5375388
0.3052454
0.7886345
0.8040484
0.9353577
0.8485606
0.8923889
1.2057029
1.0412459
0.4860801
0.7299859
0.6491920
0.7343386
0.6061102
1.1135187
0.7866564
0.8679691
0.4421405
1.0362793
0.7187519
1.2552771
1.2459609
1.0072220
0.7531676
0.7089308
0.2809290
0.3940017
0.5065777
1.0463119
0.3714158
0.5251092
0.3444606
0.3105637
0.7371701
1.3548854
1.2534663
0.9799926
0.7904675
1.2535107
0.5639563
1.0316588
0.5309692
1.3222605
0.4109029
0.7035975
1.2397041
1.0898460
1.2598914
1.5556081
1.5460727
0.4187178
1.1642380
0.5621696
2.0092614
1.3701419
1.3655816
1.2653232
0.9380053
1.7627363
1.7481702
1.5977360
1.7057552
1.6798567
1.0843921
1.0993858
0.5427605
0.5549616
0.3070324
0.4137483
0.6712305
0.5678780
1.0472321
0.7340157
0.3231962
0.9918433
0.7075395
0.8586268
0.6279593
0.6790347
0.9926767
0.2989117
1.5251727
0.8212306
0.4739974
1.0171425
0.3800208
0.5573259
0.8954230
0.8117448
0.7424017
0.9481754
0.8302035
0.5914367
0.8342701
0.6428594
0.7997042
1.1577367
0.6106333
1.2401480
0.8891821
0.8846295
0.5543795
0.6871150
0.9653788
0.6589380
0.1746016
1.3399259
0.5548303
0.9949356
0.9809907
0.9233159
0.4187411
0.3236137
0.6493994
0.7104686
0.8297651
1.2647010
0.9188832
0.8559781
1.3658102
0.9299229
1.0352214
1.0143489
0.8178057
0.9323855
0.7792476
0.8316143
1.2712486
0.6597624
0.6734166
0.7952653
1.3237529
0.9282197
1.5130061
1.1069566
1.2848534
0.9280925
1.5890506
1.8846763
0.6811737
1.9475429
1.8957174
1.9599185
1.8322287
1.9778441
1.2959258
1.7455067
0.9823272
0.5686465
1.3522371
1.0857775
0.9579517
1.3107158
1.0587829
1.1356604
0.5271288
0.5852012
0.5904895
0.5912013
0.5834015
0.4186582
0.9096833
0.3868845
0.8996523
0.6022820
0.4795134
0.5245650
0.6761216
0.0479294
0.3984820
0.8411614
1.1160733
1.1994199
1.3483414
1.5206304
1.2698246
0.9789276
1.4279585
0.9191731
1.1746370
1.4502764
0.8692877
0.9960912
1.1146311
1.1848558
0.6446697
0.8104514
0.8424171
1.0690534
1.2456420
0.9867292
0.9532185
1.1731000
1.0014734
0.6915537
0.5656539
0.8275205
1.2136313
0.7367509
0.9490912
0.6760852
0.6519595
0.6472464
0.9941426
0.9015802
1.4459752
0.5687173
0.6377587
0.8002083
0.6092982
0.9643978
0.3476193
0.7747870
0.7490387
0.8111671
0.8298364
0.8075272
0.5639385
0.8734912
0.5134696
1.0342305
0.7470379
0.7242755
0.9896096
0.7603928
0.4252493
0.9916637
0.9435378
0.8514723
0.4300144
0.4917473
1.3615967
1.0746219
0.8594983
0.3924374
0.9284599
1.0162971
1.2489650
1.4876899
1.0494746
0.5783315
1.0253149
0.7994668
0.6836118
0.7971066
0.9116820
0.4245072
0.7937437
1.1622961
1.1197658
0.6758024
0.5069090
0.8404694
0.0641773
0.9047478
0.8954224
0.9649344
0.8417366
0.9471851
1.2559563
0.5295769
1.0103486
1.1668849
0.6863002
0.3998289
1.3188191
0.8806171
1.0941360
0.8106735
0.9741476
0.9392693
0.3937035
0.7792279
0.8981814
0.5086007
0.7859633
0.7312333
0.9484351
0.9277725
0.7323976
0.9783914
0.9370180
0.7093938
0.4904503
0.6493471
1.2244640
0.3251430
0.3797779
0.5172538
0.6795005
0.7652462
0.6147455
0.8856908
0.8707791
0.7288596
0.4010408
0.8123324
0.8816981
0.9948708
0.9640661
0.9190426
0.9613050
0.7719033
0.8770855
0.4967240
0.9414530
0.7121338
0.7749845
0.5025098
1.2006142
0.7705345
0.9150157
0.7415330
0.5202508
1.0497960
0.6935104
0.5511269
0.5634914
0.8622726
0.8951221
0.3762767
0.7313660
0.4906632
0.5114510
0.6333565
0.8569305
0.2844558
0.6004370
1.0097029
0.4392831
0.6392136
1.0098441
0.6595164
0.6078011
0.5924154
0.3893570
0.4831078
1.0553886
1.0082423
1.3819250
0.5844221
0.7729947
0.4932091
0.6699720
0.9105420
1.0895830
0.5414490
1.1601442
1.3250596
0.9397839
1.3911337
1.1249042
0.5557138
0.8298088
1.1999703
0.6007400
1.0947892
0.9150573
0.6522996
0.3940800
0.7822831
0.7510531
0.6460221
0.9213944
0.7069719
0.7278639
0.5795028
0.6939732
0.6738198
0.4252001
0.4070075
1.2437112
0.2478064
0.6208248
0.5600664
1.3623228
0.9201377
1.0257500
0.7714199
1.2554177
0.5766764
1.0151044
1.0787069
0.8337857
0.9568540
0.3485001
0.6223701
1.0777001
1.2750109
1.0131471
1.1549864
1.7282050
0.4540944
1.1970894
1.0161737
0.4802145
0.6956954
0.8204275
0.7634425
1.0024208
0.5254155
0.8908624
1.0378075
0.9337497
0.2211910
1.0536522
0.5387671
0.6227813
0.6855354
0.4745780
0.7539512
0.7562982
0.8811863
0.5203663
0.5635115
0.2801370
0.9553277
0.5736358
0.6041950
1.0669698
0.6364352
0.2799986
0.3461779
0.5817921
0.4718790
0.6201516
0.8553128
1.0183677
0.5423056
0.7593430
0.6103331
0.9710475
0.5590852
0.9052979
0.4984156
0.3697171
1.2951188
0.5287106
0.6256307
0.5777131
0.8790685
0.9483700
0.7702061
1.0631413
0.8559208
1.2371213
0.5859081
0.8175726
0.7091760
0.8550107
1.2443117
0.6212121
1.1318860
0.5916006
0.6919745
0.5830757
0.5027062
1.1080910
1.2872950
0.6053502
0.9808681
1.0939668
0.7733771
1.1894296
0.3084322
0.5903840
0.8166743
0.8841658
0.8662009
0.7575682
0.2208793
1.1482089
1.0634984
0.7435710
0.3754858
0.5230263
0.2724245
0.2113594
0.5340390
0.7675785
0.6371015
0.6185575
0.7730232
0.9833859
0.3742907
1.2938247
0.1964958
0.3744201
1.0460775
0.8030216
0.5839911
0.9361103
0.7851412
0.9293719
0.6045677
1.0194913
0.8174265
0.8686359
0.6698436
0.2198280
0.8269789
0.3297771
0.9476985
0.5604718
1.2086707
1.3261775
0.6796324
0.4645708
1.2740676
0.6267789
0.4816479
0.6110726
1.1498727
0.2997312
0.5695070
0.7843105
0.5437519
1.4605718
0.9758657
0.2734281
0.8145942
0.5802660
0.8137964
0.6719424
0.6250594
1.0766854
0.6386829
0.7995090
0.8812599
0.8020758
0.6322716
0.4378981
0.5168052
1.2415068
0.8555917
0.5194957
0.7437280
0.6473624
0.2950431
0.8979103
1.1297135
0.8681850
0.6228199
0.4727434
0.8690670
0.6290238
0.1620915
0.7491346
0.7964317
0.9849274
0.5578382
0.4458022
1.2979410
1.1051547
0.8076569
1.2838674
1.3486028
0.9047887
0.3303752
0.9123061
0.8252258
0.9984237
0.7813160
0.9311732
1.1621944
0.6320945
1.1383284
0.2906207
0.5101277
0.9562038
1.0341837
1.0479890
0.8957774
0.2991092
0.7655727
1.0124552
0.7321760
0.8525418
0.8018441
0.6045079
0.6793041
0.3609807
0.5373738
0.1811680
0.9582595
1.4314805
0.6769653
0.4633980
1.0192477
0.7348025
0.5805495
0.7015943
0.3143145
0.8583302
0.5386634
1.1206539
0.2386946
0.4525740
1.1218459
0.8480850
0.6955116
0.5980933
0.4889090
0.3580402
0.2209986
0.9313153
1.2370578
0.3845639
0.9118197
1.2308351
1.0654117
0.8763798
1.3835571
1.1842484
0.5305992
0.6838134
0.3572137
0.2998171
0.3778882
0.2870949
0.3725165
0.5263278
0.7504972
1.0553161
0.5133513
0.0771488
0.5263245
0.3680137
0.6490244
1.3785724
0.7310964
0.8475815
0.5260509
0.3736368
0.6236172
0.4599783
0.5586758
1.1005485
0.6225158
1.0661031
0.1585994
0.7435999
1.0428451
0.8679001
0.8334030
0.5672261
0.4446565
0.7489469
0.7553423
0.7641921
0.7443514
0.9293352
0.3778672
0.4456099
0.4057579
0.4489994
0.4627047
0.4132094
0.9734175
0.7740090
0.4902134
0.5073277
1.1456928
0.7872757
0.9488894
0.7850897
0.4423769
1.2673803
0.8552174
0.5443308
0.4358901
0.9171959
0.8037617
0.5323193
0.8256964
0.9184514
0.5785810
0.9702650
0.9657869
0.2472729
0.4092770
0.8725612
0.7652173
0.8126816
0.9582653
0.6049312
0.6328168
0.7487446
0.8756380
0.5896508
0.5977000
0.8664972
1.0618636
0.3998400
0.6865035
0.7318653
0.8866604
0.7172397
0.5244130
0.7533808
0.8239984
0.6113628
0.6760529
0.5557027
0.2379584
0.6500651
0.8841814
0.7359109
0.0893817
0.4063242
0.3989026
1.0172709
0.3457119
0.3897177
0.7379160
0.3294186
0.3475582
0.5715406
0.8329721
0.6357669
0.6707045
0.6056721
0.4222429
0.7180152
0.6836945
0.3527559
0.4499346
0.8375695
1.0009537
0.6629744
1.0739549
0.4523695
0.3734584
0.5832161
0.7007162
1.0665114
0.7027748
0.5082792
0.6057435
0.8676757
0.4725651
0.7382060
1.0933016
0.6291631
1.0238418
0.7161415
0.4235955
0.3771409
0.8949692
0.6412511
0.9579582
0.5385584
0.3607095
0.3717139
0.7754055
0.3587998
0.6962101
0.4137686
0.8765762
1.0688627
0.9354645
0.3319589
0.5992122
1.2546236
0.8205360
0.3696056
0.3367815
0.8527624
0.6386884
0.6219141
0.7026290
0.7069464
0.7860504
1.1252528
0.6432821
0.9834252
0.6535028
1.0830910
0.7670923
0.5795240
0.8833276
0.9616256
0.9801695
0.4874723
0.7373215
1.3571780
0.6084091
1.3357971
0.2845709
0.5338066
0.4057766
0.8771605
0.4966535
0.8580833
0.7188737
1.1018511
1.1716075
0.8347683
0.9943441
0.5914597
0.2999776
0.1844642
0.6620425
0.5251064
0.7316137
0.4722385
0.5497591
0.6739305
0.9749071
0.6865869
0.3311157
0.9195568
0.5687728
0.5260463
0.8570986
0.8882334
0.7343355
0.2141341
1.0416921
0.9021666
0.7673470
0.7611607
1.0192912
0.6764148
0.4957851
0.4973110
0.8255829
0.3916838
0.9260257
1.0129308
0.4253749
0.6301409
1.0555405
0.8594063
0.8099005
1.1277694
0.7566807
0.7678805
0.6406059
0.6333509
0.6728239
0.8744205
0.3629757
1.0773913
0.7387959
0.7196392
0.5599835
0.8774209
1.0321574
0.4767324
0.3544655
0.3273192
0.7470818
0.2873278
1.2171948
1.0476176
0.4654292
0.1106152
0.3365781
0.2806406
1.4339544
0.5503051
0.4393631
0.7887894
0.3656989
0.5838778
0.5746067
0.8785788
0.6105097
0.5956009
0.5840032
0.7672551
0.8714721
1.3261360
0.6081190
0.8966438
0.6635167
0.8678805
1.1947156
0.6329207
0.4542630
1.1472122
0.8415885
1.1951423
0.5227734
0.4261523
0.5769737
0.5932763
0.7570240
0.7676677
1.0228437
0.6227931
0.6940116
0.6050139
0.7333311
0.9473470
0.7864662
0.4985798
1.0636528
0.5499848
1.0660863
0.3901295
0.6054211
0.8923762
0.3070446
0.6554757
0.9774070
0.4993848
1.1558649
0.7660347
0.8957402
0.7245577
0.7068091
0.1306752
0.4330582
0.8457335
0.5696150
0.9273424
0.8583558
0.6197508
0.7862836
0.5341566
0.5964154
0.9208378
0.7807958
0.9673158
0.6317625
0.4512824
0.5892875
0.4985554
0.8613487
0.4645953
0.6168943
0.8703950
0.7048209
0.2145953
0.4991165
0.6107463
0.4044748
0.4648007
0.8224429
0.4201727
0.3144552
0.7810244
0.5557502
0.7258784
0.6834993
0.7596453
0.5722711
1.4836424
0.9794131
0.6191480
0.9242194
0.7852552
0.5011491
0.7833143
0.7921361
0.6466598
0.3358606
0.9663374
1.0996649
1.0450123
0.7124225
1.3728561
0.4263546
0.7058332
0.7493716
0.7101190
0.7627751
0.9544269
0.7765652
0.9994335
0.4131703
0.7446474
0.2151794
0.5584543
0.7299339
1.1525837
0.8824956
0.9899711
0.4167152
0.4925102
0.7401208
0.5135536
1.0294605
0.6625694
0.6179809
0.6097853
0.6831381
0.3018405
0.3727416
0.6758581
0.5664158
0.6329505
0.4258624
0.1020450
0.8522839
0.9524408
0.4017066
1.2598096
0.3290060
0.6847549
0.4816071
1.1604220
0.4396959
1.0788919
1.0853430
0.8918874
1.0533554
0.6387588
0.8715228
0.9731167
0.6385331
1.1581275
0.7307802
0.6008942
0.6486802
0.8551550
0.5962870
0.6522140
0.2800344
0.5384365
1.0935128
0.4980471
0.9225804
0.6888160
1.0563538
1.3465667
1.1184554
0.8368443
0.9707901
0.5261507
1.0295469
0.5799694
0.6237024
0.8497658
0.7330569
1.1836482
0.5880713
0.7140782
0.9523201
0.2524568
1.0701660
0.5723698
0.3314125
0.9989057
1.1875650
1.7031176
0.6682376
0.7380301
1.0382830
1.2296303
0.9884020
0.8369531
0.8716367
1.1272717
0.7682352
0.7256723
1.2466997
0.8833836
0.8446012
0.7857308
0.6591276
1.1144756
0.8099362
0.8552544
0.9672911
0.8005260
0.9179082
1.0399207
0.8530066
0.5567623
0.8048379
0.6909402
0.6569078
1.0788925
1.0778312
0.7120291
0.6911896
1.2762467
0.7240516
0.7419918
0.8273546
0.6411548
0.1647817
0.5898708
1.0010483
0.7463380
1.0175495
0.7907934
0.6997075
1.1472673
0.3096737
0.3417252
1.3839237
1.0271920
0.7227864
0.4798275
1.1994332
1.2794989
1.0186131
1.0124946
0.8056050
0.8876973
1.4514580
0.9454414
1.0767591
0.3877049
1.0178814
1.0534907
0.6296225
0.8430055
0.3772255
1.6089374
0.6042080
0.5969529
0.9626890
0.9322516
1.1109303
0.9445169
1.0562951
0.5205745
1.3091603
1.0787415
0.7512070
1.1373639
0.8475767
1.1292120
0.8183695
1.0356630
1.0717273
0.9003613
0.5266470
0.4077065
1.7754686
0.9222816
1.7980481
0.8158815
0.9651457
0.9232005
0.5722071
0.6795430
0.6636450
1.3382824
0.4577414
0.3663593
1.1579935
1.1767942
0.7814518
1.0035834
0.6042305
0.4144703
0.8651766
0.6259439
0.9411457
0.7573802
0.4444509
0.9845868
0.9294809
0.5624935
0.7048336
0.9785722
0.4696331
1.0242766
0.7360003
0.8890674
0.7769696
0.8758147
0.9167079
0.8960710
0.3523435
0.3273115
0.7523582
0.3706597
0.6128966
0.5165002
0.4276414
0.2899194
0.3986796
0.5804061
0.5242280
0.6221359
0.3572584
0.5239582
0.4515650
0.3678938
0.4988131
0.3141821
0.5732342
0.5771078
0.4747497
0.6743132
0.2874014
0.5289886
0.9085255
0.6911186
0.2358677
0.3104476
0.8949035
0.6312330
0.7894343
0.3707115
0.1727870
0.2054306
0.5782939
0.4618326
0.3113323
0.7942272
0.4652972
0.5318832
0.1876614
0.5164718
1.2079181
0.2558819
0.4715575
0.8127131
0.4531008
0.3260429
0.5861678
0.4266597
1.0412593
0.6130646
0.3426829
0.4298825
0.8334069
0.3194252
0.5238149
0.3327036
0.4156429
0.4742359
0.8006530
0.3680733
0.6810988
0.2436770
0.5871985
0.3895613
0.9861289
0.4082007
0.2573323
0.6080630
0.4805393
0.3185258
1.0299314
0.4377216
0.3366980
0.5317014
0.0000000
0.6068362
0.9216420
0.3136230
0.6601426
0.5694649
1.2017866
0.8083729
1.0038214
0.5148036
0.4053416
0.3893352
0.5750412
1.0050097
0.3554603
0.6306634
0.7321965
0.5297218
0.9903811
0.7548284
0.8353861
0.3961279
0.6597069
0.9886088
1.0251850
0.4626269
0.6423626
0.7547656
0.3519436
0.5944329
0.6717640
0.4451676
0.9349146
0.9034094
0.3338238
0.7872971
0.6323054
0.8358742
0.5990634
0.8121385
0.5094387
0.8965950
0.6595846
0.7794007
1.1602266
0.8309999
1.0428164
0.6995752
0.6649561
0.8441100
0.6498325
0.7767096
0.3474939
0.5436733
0.4747214
0.8105250
1.0221881
0.3223577
0.4782440
0.5960659
0.6797402
0.3135188
0.8714857
0.9879293
0.3544628
0.5606938
0.1744777
0.1045818
0.8103318
0.2697022
0.3473339
0.7608656
0.6306033
0.4493015
0.5448705
0.4136979
0.4926187
0.3299480
0.2662617
0.6586207
0.8986096
1.2290299
0.7972196
0.1604940
0.3647900
0.5084746
0.7148688
1.2421996
1.2279321
0.1412656
0.5507454
0.8367029
1.1185901
0.8504096
0.7135913
0.9630886
0.7260153
0.4860820
0.5440485
0.5150158
1.9296650
2.5925332
0.5346257
0.1684504
0.5247149
0.3230858
0.7700937
0.5506604
0.3964697
0.6103976
0.7921368
0.4940074
0.6489268
0.3614398
0.7005264
0.5038564
0.5611217
0.7241483
0.5108235
0.7208457
0.6352048
0.4807216
0.8588212
1.1183692
1.2006045
1.0415663
0.4712980
1.0551399
0.8098589
1.3579289
1.0854689
1.4337843
0.1963162
0.3468679
0.5975065
0.5512786
0.7783109
0.6209491
0.8383352
0.4222818
0.2388964
0.5236299
0.4446244
0.7892528
0.4751920
0.6551037
0.4818830
1.3474930
0.4422810
1.0031229
0.4628088
0.7856601
0.5063466
0.6338307
0.4214190
0.9688012
1.0451841
0.9566452
0.9191994
0.4603543
0.6047816
1.1964957
0.8823092
0.8142299
0.7476137
0.4836580
1.2185899
0.5834353
0.3361943
0.6583529
1.2337574
0.6471250
0.3740241
0.9566898
1.1495386
1.0993998
0.8582815
1.2932048
1.4684457
1.6854434
1.4634854
1.8461788
1.6301458
1.8256240
0.9211421
1.3395691
1.6131882
1.3904683
0.7836613
0.8520545
1.1297667
1.4260196
0.8662279
0.3751831
0.6848944
0.6232548
0.4763635
1.3608064
0.3972000
0.7896127
0.9252117
0.5323616
0.8636927
0.4139878
1.0086202
1.0959562
1.2675484
1.1783675
0.5214519
0.6866093
0.7056393
1.1735868
1.3596587
1.0687082
1.1361081
0.8231907
1.5438716
0.4859333
0.9400128
1.0203616
0.3008668
0.3525972
0.5904971
0.6412973
0.3836464
0.6259998
0.3439737
0.2540035
0.9281678
0.6833562
0.6399996
0.5799099
0.6600142
0.9939405
0.3899811
0.2774544
0.4934713
0.3588441
0.5034847
0.5810716
0.6998640
1.1930155
1.1582635
0.5259026
1.2105926
0.5364281
0.8653142
0.8497119
0.3743665
0.1444822
0.3476584
0.6051239
0.2209636
0.8426211
0.9326140
0.2879372
0.7462997
0.8799283
0.2014957
0.7072143
0.3740497
0.2266023
0.5058821
0.5925471
0.8476949
0.7180367
1.3871566
1.1326254
0.9583525
0.5446820
0.8934398
0.9813320
1.0411017
0.5770266
0.5415122
0.8527581
0.3894025
0.8010656
0.8337797
0.9814030
0.9680956
0.8452927
1.2009158
0.5674020
0.3716072
0.4295874
0.5354415
0.1221752
0.2763275
0.1194525
0.2506817
0.3850832
0.3916612
0.5057576
0.4530598
0.9958869
0.4206030
0.9494077
0.5666108
0.9847994
0.9545094
0.5962599
0.6984529
0.5136702
0.5322705
0.5575430
0.6671098
0.6593007
0.6373387
0.9326186
0.8802781
0.8604200
0.6395337
1.0596940
0.6392250
0.4309199
0.4624073
0.1763247
0.2748321
1.0737415
0.1237110
0.9208423
1.0059222
0.8300635
0.5710623
0.9827449
0.3060009
0.3716220
1.0191444
1.0934998
0.9266782
0.5249224
0.8326233
1.0877468
1.0345971
1.1811954
1.0639732
0.9812102
0.6058774
0.7480071
0.9623304
0.9233937
0.8891404
1.4641672
0.9712362
0.9167169
1.1023974
0.9641751
0.7502146
1.5024755
1.0054069
1.2636074
1.3183100
0.9658145
1.0922323
1.2976894
0.9088908
1.0683896
0.9012754
1.4458265
1.0720397
1.2759601
1.2418278
1.3691699
1.0994047
0.7159575
1.6928902
1.3894003
0.6381264
0.8276563
0.6100875
1.1912006
0.8840474
1.0821939
1.0423051
1.2055167
1.1529698
1.1440048
0.3035367
0.8481534
1.3566462
0.6404681
1.1474703
0.8513109
1.7979447
2.0886271
1.7135649
1.5363254
1.0630560
0.8638874
1.8306941
1.2910889
1.4589337
0.7988833
1.5960212
1.1246854
1.4834961
1.3756447
1.4517201
1.9467066
2.0572777
1.6506253
1.8410752
2.0180820
2.0801488
2.2931640
2.0197815
1.6531364
1.8273917
1.6222337
1.6541413
2.1142978
2.3851811
1.9464693
1.9525147
1.9631987
1.9625183
1.3260079
1.7214156
1.1566340
1.9000231
1.3482633
1.6463784
2.0024229
1.9932645
1.7179702
1.2353478
1.1256915
1.9072405
1.4519338
1.2438606
1.7081466
1.7546851
1.7400152
1.6291838
1.7520490
1.9781466
1.0111730
2.1983796
1.8407901
1.6070590
2.2753889
1.0469229
1.6902409
1.0275180
1.0005823
2.0711318
1.7397490
1.4696522
2.0403187
1.2825550
1.6535043
1.5220869
1.5026688
1.2279809
1.5994670
1.3750769
1.5575573
1.4438882
1.3625304
1.3381302
1.1802578
2.2808565
1.6588528
1.6254847
1.3145502
1.1491456
1.7414237
1.3733596
1.8370607
1.8471678
1.1272376
1.7184872
0.7068464
1.1647581
1.5835453
1.1653130
1.9709752
1.6414413
1.5301666
2.1887020
1.2868670
0.8049033
1.9717899
1.8347758
1.5011177
2.0308980
2.3020098
1.5152143
2.0496104
2.2556232
1.1806593
1.1214655
1.6301615
1.3206793
1.1255491
1.8488490
1.7635703
1.4258132
1.6102536
1.5478446
1.7600734
1.2019494
1.2649042
1.6236535
1.1738368
1.4385550
1.5883657
0.4406357
1.2102479
1.8058070
1.6892902
1.7113868
1.6256022
1.7492625
1.6104714
1.4625523
2.0086082
1.3661289
1.3199392
1.7348012
0.7585536
1.5577833
1.3885180
2.0531238
2.0885445
1.2043498
1.5112811
1.6286664
2.2794143
1.7116473
1.4288781
1.2026355
2.2159341
1.6537983
1.6036473
1.5217867
0.9196627
1.3297898
1.7205094
1.1159252
1.3948015
1.6591360
1.6295799
2.0217157
1.7629328
1.6755725
2.0217160
0.8268982
1.3731332
2.1797764
1.3584619
1.9577592
1.3800902
1.2952518
0.9160907
1.3816791
1.7623200
0.8379652
1.5523776
1.8484424
1.4188329
2.1329519
1.2570855
1.5017887
1.4530418
1.5812628
1.2116615
2.3593575
1.1812680
1.2347028
1.4803495
2.5120105
1.6492451
1.6358728
1.9516815
1.6004686
1.1299282
1.3036348
1.8997285
2.1643515
1.7959389
1.0526741
1.6423337
1.4794075
1.8885026
1.3138204
1.9677989
1.7358231
2.2399469
1.6264325
1.5464977
2.1254103
2.4259552
1.3273392
1.4955285
0.9295867
1.4204242
1.1780213
1.5609687
1.6217487
1.8076780
1.9966612
1.6912735
2.0695855
1.2147587
1.6181777
1.3089198
1.3974340
1.3364125
2.8296268
2.2354943
1.4616956
1.4027946
2.2274630
1.5846395
1.7723540
1.4430369
1.6516596
1.1197015
1.7549784
1.5111709
1.3409470
1.0088497
1.7565100
1.8553252
1.0642048
1.6794719
1.5504144
1.3697278
1.0628930
1.2908976
1.5752236
2.3010623
1.9423078
1.0760752
1.3422091
1.7563278
2.3814606
1.6848033
1.3405046
0.9143495
1.3059038
1.7254759
1.2167798
2.1737965
0.9866387
1.2550355
1.5196955
1.5546184
0.9112543
0.5363690
0.9186771
1.0532057
1.5522703
1.3757651
1.8859356
1.7826422
1.6937368
0.4569375
1.5246398
1.4140429
0.8184756
1.6883721
1.2110804
1.4740964
1.5553861
1.8503442
0.8473408
1.3505353
0.9816609
1.1928170
0.8259233
1.8796877
1.1227637
1.3344802
0.8063131
1.1382322
1.0678847
0.5413509
1.4158722
0.4576499
1.0993710
0.7017565
2.4878181
0.3341520
1.4637965
1.5649157
1.9219081
1.1433086
1.0528752
1.1390476
1.6599844
1.5373525
2.2430311
2.0354971
1.9011130
1.6856023
1.1603187
1.8895853
1.7251653
1.3046019
1.4158623
1.5722536
0.6369741
1.7765215
1.1630055
1.8268993
1.4226817
0.6219370
0.6010723
1.3407357
0.9000463
0.4431766
0.9104625
1.3145435
0.3744545
1.1502738
1.1013038
0.7424551
1.0608518
1.0131309
0.5686753
1.1935777
0.7102751
1.4735846
0.9465166
0.7206757
0.4143846
0.7178112
0.2518753
0.3747027
0.7112206
0.9029779
1.1837884
0.0852641
0.4729515
0.7760330
0.9080146
1.1866056
0.7359323
0.2516375
0.6077033
0.6750261
0.3111334
0.3795882
0.4019375
0.4660968
0.3496576
0.3492327
0.4911367
0.9293716
0.3208311
0.4674143
0.7038571
0.8013516
0.4000964
0.3041513
0.6632727
1.2118516
1.2853035
1.0666351
1.4137114
1.0406623
0.7558691
0.8841452
1.0651478
1.0278060
1.1496443
1.0693494
1.1042886
0.8936336
0.7625412
1.1654489
0.9171903
0.4184104
1.5844405
0.8685091
0.8125349
0.7056021
1.1535479
1.5361094
1.4009101
0.9444542
1.2173768
1.5413539
1.6066647
0.6227253
1.3654764
1.1509408
1.8084221
1.2631773
0.9494018
1.6305740
1.8346015
0.4159207
1.2002825
1.1073335
0.5016688
0.9473870
1.0052879
1.1344243
2.1258931
2.4397323
1.0101307
2.0893929
2.3267187
1.2772651
1.4169169
1.3204382
1.3182350
1.7297841
1.2569526
1.1494571
1.4867792
1.2324310
0.8802794
0.9425429
1.1452226
1.4033941
1.2926121
1.1592546
1.1295117
0.9023797
1.2936582
1.1988942
0.5201117
0.7891859
1.1781796
1.9308507
1.0629588
1.2595912
1.3003533
0.6909365
0.1022041
0.6907662
0.3797898
0.7863732
1.3497600
0.8886953
0.8191289
1.6238876
1.5648824
1.6750522
0.5964619
1.8188745
1.0952513
0.4887052
1.5073088
0.4793681
0.7271938
1.2662747
1.1276410
0.8949379
1.2730314
1.2261198
1.1857216
0.5102271
1.3910991
1.4038829
0.8261802
0.4874966
0.8616349
0.9592435
0.7875959
0.4060955
0.6845851
0.7333671
0.4274279
0.7926557
1.0729913
0.6948703
0.5461369
2.0297302
1.1519240
0.5578200
2.2178688
0.2459233
0.8957538
0.7955084
1.7009379
0.9027134
1.1618076
0.8307586
1.4052960
1.4563022
0.4850226
0.8781496
0.7461368
0.6280766
0.5897889
0.9928717
1.3771117
0.7177709
0.2672129
0.9223295
0.6162159
0.6721139
0.5482026
0.9811389
1.2076780
1.3016930
0.9395742
1.1696573
1.1047660
1.2166753
0.8903035
0.5903536
0.3905049
1.2398298
1.2284524
0.6220895
1.2546111
0.6926612
1.0485149
0.6694739
0.3584439
0.6463994
0.6758996
0.4356360
0.7143788
0.4494135
0.7279126
0.4261552
0.6620061
0.9012520
0.6584788
0.1341179
0.4870988
0.5536265
0.5211577
0.5632478
0.7097146
0.3160395
0.6273514
0.3683510
0.7745577
0.9410334
1.1170943
0.5365348
0.7473896
0.8092037
0.4329091
0.1608463
0.7133052
1.0937363
0.7303455
0.3746417
0.5980962
0.3696595
0.7285528
0.6756566
0.8140886
0.3724702
0.8769736
0.8898797
0.3243175
0.6848145
0.5412582
0.5171470
0.6028991
0.4271217
0.4515673
0.6769600
0.8399699
0.2195854
0.6012942
0.6701869
0.5076970
0.2862610
0.3451866
0.5266951
0.6149957
0.3058378
0.4041443
0.3053966
0.4116388
0.2154118
1.4395148
0.2342815
0.4713047
0.7026015
0.3060961
0.7466772
1.0709623
0.9376211
0.2893900
0.8800069
0.7986784
0.3974640
0.1638420
0.2212288
0.2933996
0.6066546
0.4133524
0.9216178
1.0621861
0.5078491
0.3084219
0.9016665
0.7671825
1.1609605
1.2939941
1.1178798
0.8610062
0.2833694
0.5362368
1.0116529
0.7708929
0.2772108
1.1944103
0.7228874
0.8881893
0.8393057
1.2512843
0.6138377
0.5537476
0.8540815
0.3353854
0.5469821
0.7221612
0.9689768
0.4699888
0.9552890
0.7652557
0.5560512
0.9217402
0.8723600
1.3324125
0.7870581
0.3587725
1.1375681
1.2342552
0.7868418
0.5987197
1.1711761
0.8774789
1.2828137
1.0726774
1.0736705
0.3731297
0.9154894
1.0751743
0.8699065
1.1070527
1.2977131
0.5912358
0.6485046
0.5953296
0.7714239
0.4272802
1.3386233
0.8224284
1.5752959
1.3021752
0.8672052
0.6905940
0.4484881
0.7263549
0.4342711
0.4824533
0.2723371
0.6051241
0.9957016
0.7950871
0.8106936
1.1551817
0.1902868
0.5182660
0.2781877
0.5360333
0.9328838
0.6235417
0.7722592
0.5493217
0.2442607
0.9384538
0.6882133
0.3137455
0.3538283
0.5441993
1.2511569
0.4994880
1.0095290
0.4649674
0.3399927
1.2950979
0.5378443
0.6696284
0.5279933
0.6388011
0.5697073
1.0383262
0.5769384
0.5440094
0.6496070
1.3014704
0.9472992
0.7216525
1.1748380
1.2253472
0.9740527
1.2670153
1.0241314
1.3800543
1.2296856
1.0381140
1.2412062
0.8718591
1.4045205
0.6373050
0.9299219
0.3135570
1.2471121
0.9347335
0.9278474
0.8460947
0.4182813
0.8820889
1.1186941
0.9041978
0.6296977
0.3427085
1.0468592
0.5598505
0.8367287
0.6820875
0.7088752
0.4368309
0.4909787
1.2162463
1.0103569
0.3211421
0.1903187
0.4403196
0.9468745
0.8251591
0.3997867
0.7056773
0.2289473
0.6623640
0.3545281
0.4607187
0.7762340
0.2320615
0.5423295
0.8391998
0.6848877
1.4651325
0.8063369
1.0021090
0.8076258
0.4359946
0.6540768
0.6535220
0.7471448
0.5305136
0.8258434
0.4596127
0.6583400
0.7447477
0.9148493
0.4245492
0.6713458
0.6968413
1.0317632
1.0629461
0.5468918
0.7873541
1.1962367
0.8685302
0.4018759
0.5816451
0.6706002
0.7354984
0.3642095
1.0707972
0.7251864
0.8270161
0.9003183
0.4002359
0.6810848
0.5651619
0.7205360
0.7357696
0.8703153
1.6749354
0.4752299
0.6309438
0.4848627
0.8923163
0.5163355
0.6293172
1.2826440
0.5863357
0.7458930
0.4664321
0.3433709
0.9299580
0.4576713
0.9695410
1.2557262
1.2084644
0.7342332
0.8945698
0.6897891
0.9197526
0.6219960
1.0574762
0.7304124
0.8964425
0.4023671
0.3844089
0.4580114
0.6978931
0.2821570
0.4164472
0.1821697
0.9568829
0.2174348
0.3431055
0.9228215
0.5301356
0.4415286
0.2839743
0.1500377
0.9357057
0.3592205
0.7306295
0.8295908
0.9691522
0.5388609
0.2862001
0.4320238
0.5831283
0.3890557
0.2534048
0.4399443
0.6312081
0.4951570
0.5084411
0.4868075
0.2299891
0.4749029
0.2633125
0.2217232
0.4046049
0.1688214
0.4967812
0.3051902
0.2189880
0.5205215
0.4382231
0.3149589
0.3940501
0.3423679
0.1870114
0.3056915
0.3413654
0.1002127
0.2009078
0.2763817
0.5218784
0.3921862
0.3517065
0.4273935
0.4190945
0.3727460
0.6651862
0.4394238
0.2473820
0.5684898
0.3169435
0.3572526
0.3743383
0.2515365
0.1223256
0.6647684
0.4982780
0.4291124
0.6309293
0.2461342
0.4262030
0.4556725
0.5667404
0.5172797
0.4729078
0.7472608
0.5311174
0.2946920
0.5111603
0.4206394
0.4765626
0.7123080
0.6102633
0.4895274
0.5557398
0.3115220
0.6246688
0.8499542
0.5213690
0.5715276
0.7503571
0.3556981
0.9132109
0.5208855
0.2428480
0.6691164
0.8534241
0.4677629
0.5460701
0.3222325
0.2435549
0.5341924
0.3395064
0.5052827
0.6661550
0.4485787
0.1921668
0.1370915
0.5863583
0.4335989
0.6545637
0.5432209
0.9877368
0.6047379
0.5625621
0.7702166
0.7071315
0.5891519
0.7233848
0.6988741
0.5544502
0.5842816
0.4537908
0.6851714
0.6363437
0.3887839
0.4218648
1.0066615
0.8297123
0.7001631
0.5768054
0.7484085
0.8223653
0.4194127
0.6084342
0.6939525
0.4244966
0.5702140
0.4329774
0.8605398
0.7028017
0.8028999
0.7918937
0.7063067
0.3524942
0.7896562
0.4799913
0.4130183
0.6165350
0.3576792
0.4148806
0.3845249
0.3981635
0.3741219
1.0050641
0.7440557
0.4788960
0.4283387
0.6625415
0.6249863
0.7095389
0.8417614
0.7014573
0.5119997
0.8382130
0.8169813
0.4898051
0.6797161
0.8139789
0.6553090
0.8241827
0.9404091
0.5724754
1.0213235
0.5249276
0.2558379
0.4845970
1.0781766
0.8596968
0.5181356
0.4119774
0.6745155
0.4940357
0.4225099
0.4144589
0.5879646
0.7647016
0.5477678
0.3920556
0.5097723
0.9285648
0.5686774
0.6824183
0.6637447
0.5202644
0.4878543
0.6488499
0.4347578
0.1470807
0.5170196
0.1893989
0.1575922
0.7495273
0.6998096
0.5664910
0.6522468
0.5285123
1.1552033
0.1980215
0.5343504
0.9988699
1.0194726
0.8307063
0.4001860
0.9824688
0.5040844
0.7085943
0.4315707
0.4430029
0.7695522
0.9124432
0.7007739
0.5669609
0.6095176
0.3453553
0.6441661
0.7118401
0.7744784
0.8152892
0.2961690
0.4837594
0.3740554
0.3698261
0.3521671
0.7508881
0.5522429
0.3094926
0.6511103
0.6859395
0.5162785
0.4562107
0.6555078
0.8739073
0.7180464
0.5920368
0.6254699
0.7833438
0.4497595
0.5618942
0.7262570
0.6128846
0.5122051
0.4980281
0.6364919
0.6920801
0.6478304
1.1170766
0.4619080
0.9397627
0.7356893
0.7985266
0.4051478
0.8691838
0.3935926
1.1243148
0.5938176
0.5870493
1.2159046
0.7555719
0.4095192
1.0215365
0.9664520
0.9193369
0.6065118
0.7027001
0.6772602
1.1095113
0.7318751
0.8382831
0.5728212
0.7408597
0.6381370
0.4899782
0.3490735
0.3896545
0.4077298
0.4084680
0.6039639
0.4528078
0.4840417
0.6125370
0.4620065
0.3830261
0.6331587
0.5174390
0.7281652
0.6712599
0.7090916
0.6323848
0.7763211
0.7389059
0.7368853
0.2576238
0.4409155
0.5155967
0.5254926
0.6163979
0.9149767
0.9395012
0.6976257
1.0053599
0.8541875
0.3854461
0.7001905
0.7235743
0.4557342
0.6363338
0.9458432
0.5687617
0.7586972
0.6217921
0.8455197
0.6632572
0.7994491
0.2399721
0.7252953
0.5491088
0.5459160
0.4625062
0.5912033
0.4600828
0.9752410
0.4628518
0.5427390
0.7066208
0.7649770
0.9159624
0.8412734
0.2755156
0.3084356
0.3072676
0.3473987
0.5922806
0.6388128
0.4678926
0.2427225
0.4807737
0.6229557
0.2082111
0.3843383
0.2360752
0.4147479
0.6576061
0.3862419
1.0122710
0.4526825
0.2021692
0.6407377
0.5858489
0.4946788
0.1297264
0.2298059
0.4023811
0.5817567
0.6751980
0.4115809
0.2967583
0.4638624
0.5436304
1.3734322
0.7280122
0.8991510
0.6642705
0.5541248
0.6310587
0.6325485
0.3445285
1.1350743
1.0927318
0.4443819
0.5736707
1.0200398
0.6597879
0.7720596
0.7213662
0.8376405
0.3847646
0.6340532
0.6257086
0.1500048
0.9372032
0.9672845
0.8071340
1.5716102
0.9063758
0.6427772
0.4960880
0.6156656
1.0994322
0.4057958
0.3439168
0.8198500
1.0111231
1.2575353
0.8935526
1.0676434
1.2821890
0.9109994
0.9846963
0.9760090
0.5874450
0.3474268
0.5719070
0.7103821
0.9032770
0.8126969
0.6612401
0.5810210
1.2280470
0.4906244
0.9719772
1.0551656
1.0231310
0.8663576
0.8291323
0.9604132
0.5581008
0.7183191
0.7658498
1.0885528
0.8056148
0.3859652
0.7419955
0.7785519
0.6554710
1.0920606
0.7474749
1.1182683
0.8735349
0.8100296
1.0264743
0.5027603
0.5460376
0.7971173
0.8273394
1.1387052
0.5645856
0.9097057
1.0219849
0.7576785
0.8354731
0.9825206
0.9961631
0.7592237
1.3013551
0.8696022
0.7078743
1.1981410
0.8128899
1.0413814
0.8834921
0.9595962
0.6875986
1.0098585
0.3908787
0.3317704
0.6028933
0.7370086
1.1682781
1.5050137
1.3237694
0.7376092
1.1089959
0.9893945
1.1971637
1.3279194
0.6999707
0.8499887
0.5947080
1.0003176
1.1396273
1.0117179
1.5068685
1.1029636
0.5710640
1.0361730
0.9332219
0.5870108
0.9926012
1.2301132
0.6834563
0.7531118
0.8447782
0.8454444
1.4074730
1.0896791
0.8827407
1.2221109
1.3560699
1.5501636
1.0837841
1.6128678
1.1832057
0.9721730
1.6311784
1.1263461
1.0791902
1.2733009
1.4492821
1.7121808
0.7615692
1.4769236
0.8461517
1.3393205
1.9172460
1.8956021
1.4661710
1.0378692
1.4897704
1.5252301
1.1370556
1.7962172
1.9981688
1.0546301
1.2899122
1.7950603
1.3914762
1.0074584
0.9615190
1.3871926
1.6172130
1.2857178
1.3472786
0.8868362
1.4508694
0.8277754
0.9914153
0.4191929
0.8483652
0.2265596
0.8540116
1.1749991
1.6665335
0.9498339
1.3386893
1.7357709
1.4553966
1.7808776
0.8523316
1.1445181
1.7374453
1.4144005
0.6606948
0.8442548
1.3915210
1.0779134
1.9533503
2.2865457
1.9485586
2.0171958
2.6130976
2.3325555
2.6634235
1.9171578
1.3308098
2.0897155
1.1035681
1.0702222
2.6059619
0.8434177
2.8197088
2.2844205
0.9580380
1.0197056
1.1115537
1.2285318
0.7674464
1.3679643
1.0515751
0.8223106
0.7003162
0.6240364
0.3090666
0.4818543
0.5604565
0.9216079
0.3338254
1.0587293
0.3650097
0.2178045
1.0090648
0.5523095
0.3580037
0.3299166
1.0890830
1.2776880
0.6125184
0.8840566
0.6060669
1.4953845
0.8825021
1.1128890
0.9819255
0.5234580
0.4984103
0.7029573
0.9423112
0.8201792
0.2963004
0.7100051
0.3437226
0.6728403
0.7448130
0.6520671
0.3877466
0.4975255
0.4926659
0.7585622
0.5061499
0.8691774
0.7139625
0.4360320
0.3028747
0.4343151
0.9193422
0.6827159
0.4210184
0.5436565
0.5634388
0.1727503
0.6629451
0.7657968
0.9285361
0.5272019
0.7667838
0.7678304
0.4258377
0.6851771
0.4300548
0.2877109
0.2907302
0.9615169
0.9711175
0.5376856
0.3322777
1.0943897
0.7168286
0.6602373
0.7493246
0.3428958
0.4574882
0.6129474
0.7287567
0.3454215
0.5112829
0.6419802
0.4657941
0.4644039
