0.8052801
0.8162491
0.7319647
0.8951089
0.8235897
0.6918938
1.0015656
0.6147107
0.5770618
1.0300945
0.7684231
0.6187763
0.8159478
0.7052203
0.7330150
0.4993310
0.9301869
0.3602078
0.3875984
0.7995428
0.7945683
1.2229164
0.7118772
0.5898538
0.4422714
0.7236320
0.7468752
0.8811035
0.6669420
0.7287642
0.6416278
0.5623016
0.6324490
0.7126225
0.8126841
0.9170916
0.7607698
0.9161632
0.8412927
1.0462378
0.6009965
0.7064878
0.7985277
0.8037748
0.8528361
1.0222282
0.9149672
0.6927702
0.7951397
0.5607683
0.5840970
0.6105410
0.4156718
0.7776527
0.6991904
0.8024840
0.6876727
0.8603424
0.9303498
0.7696648
0.9205145
0.4283513
0.8294278
0.7616357
0.7237179
0.8305955
0.8586574
0.8851326
0.9662526
1.0251558
1.0837766
0.8545464
1.0172628
1.3337464
1.0895356
0.9164042
1.2093527
1.0850195
1.1117506
1.2373023
1.1728078
1.2669857
0.9416737
1.0645677
0.9923334
0.9046016
0.6472285
0.7577119
0.3674655
1.0292735
1.3504765
1.3137625
1.5319523
1.4078163
1.0034015
0.7895374
1.0056875
0.6869529
0.9471940
0.7333457
0.6667606
0.9443401
1.0195739
0.7788941
0.8123958
0.4655798
0.6275419
0.6469514
0.5772899
0.7219170
0.4134926
0.2848475
0.3307621
0.5761960
0.8932987
0.8827645
0.8859906
0.9284077
0.3857794
0.7916632
0.4291117
0.5143317
2.4085002
2.4031503
1.2557902
1.3289307
0.5225047
0.5101414
0.6834497
0.5247826
0.5781159
0.6470399
0.6814548
0.4198918
0.3220596
0.2980874
0.7045899
0.9132834
1.0744011
0.8802663
0.9664274
0.2339134
0.4106975
0.6236063
0.5505752
0.4668500
1.5150983
0.6780612
0.3646724
1.0184915
0.7349837
0.8474178
0.5767617
0.7222199
0.3390242
0.2910333
0.8025243
0.8352469
0.8594582
1.4083552
0.7700310
0.7510353
1.1553837
1.3388813
1.1246908
0.6993268
0.4888649
0.1909579
0.6899636
0.6623281
0.3667960
0.2488785
0.3327292
0.8235588
1.0423813
0.5954497
0.8645126
0.5558587
0.4882039
0.8275174
0.6365359
0.6588824
0.7422428
1.1435181
0.4990439
0.3888165
0.7933505
0.7521282
1.0645088
0.9336000
1.1899841
1.1453502
1.0449743
1.1755961
0.4573989
1.3408028
1.1076624
1.3516688
1.0337311
1.0210897
1.0783470
1.2144525
0.5933934
0.9456966
0.8937035
1.8427465
1.6459684
1.3955691
2.1808937
2.6937521
2.2741485
2.3399298
2.7556365
2.0384223
1.5972564
1.7940490
1.9934678
2.2314222
1.5549313
1.8239596
1.2442741
2.1573410
1.6485645
1.8093693
1.0913404
1.6692549
2.4447131
2.7420051
2.4730897
1.7727146
3.0200520
2.1700768
2.5904646
1.9492929
1.8784995
1.6986972
2.1469715
2.2288904
1.9676461
1.7157691
2.6062748
2.5638533
1.8683012
2.3395753
2.2549632
2.0370181
2.4011323
2.8635330
2.5587811
2.7434328
2.0020566
2.0360382
2.7523253
1.6055655
2.5853994
2.4803646
2.5802326
2.5259268
2.6729636
2.3192301
1.5207295
0.7003614
2.4655657
3.3794060
2.4340117
3.5384288
3.6661301
3.7101119
3.2347703
4.5186176
3.5160470
3.5036585
2.6950569
2.8089523
3.0684619
1.7896557
3.4858794
1.5851798
1.9617045
1.5492101
2.5069771
2.4043691
0.4510531
7.1321054
2.6099596
2.6081903
3.6256790
2.4685924
4.7482424
2.3305008
0.8345751
1.9357076
1.4292841
1.5018294
0.9337491
2.0429850
1.5456371
2.6164737
6.8462014
2.3873377
5.5833068
1.9501946
2.2429152
2.4370911
0.7313033
3.2856190
1.8229004
3.6790283
4.7397470
1.7150288
13.3337889
4.0328937
4.4153180
3.4455986
3.8233311
2.7766125
2.2943790
1.2672524
2.9301841
1.7589473
2.3448706
0.8572041
2.7548506
2.7402215
1.6387357
2.0880487
3.3722749
2.1349628
3.1785696
3.3462210
3.2961662
2.8542941
2.0513830
3.1743898
2.5817540
3.2107658
0.7470785
2.8316286
2.7096434
2.2237196
2.4891629
2.3867266
2.4669049
1.7713102
2.5417562
3.1093616
2.3281913
3.8738158
2.2313786
3.1790986
3.5026512
3.0477054
2.3159382
1.3867916
3.8623161
4.4965839
0.9291427
1.2537851
1.7890258
1.8778334
0.7210719
1.7938769
2.3013601
0.8952411
0.8639625
1.4609134
1.0611752
1.2745334
2.1859224
1.9519722
1.9054078
2.0428934
9.8739338
2.3094821
1.1054223
1.5385580
1.9994978
0.6727564
0.9164626
0.8304691
0.4985029
1.6438538
0.3867012
0.8458251
0.9691646
1.9632457
1.7888194
2.3681362
1.5050676
1.2560952
1.5311656
1.3671165
1.9284564
1.5918872
2.2203343
1.7853869
2.5156395
2.5905325
1.9538950
1.8620923
2.0295269
0.8450657
1.3633868
0.5299892
1.3366381
0.2059080
1.3547651
0.4633518
2.3050346
1.9780910
1.8615605
1.9166882
1.5667720
1.0540934
2.7898705
1.7163137
0.9706201
0.7089086
1.5959516
2.1445656
1.1015974
1.4721805
2.4366300
1.2466444
0.6046984
1.2590046
0.7800448
1.2566801
2.2178771
1.2254138
1.9127884
1.1365846
1.5257045
1.7780635
1.7923496
1.4250195
1.7974488
1.6508130
0.9045710
2.1482484
0.5654441
0.3374444
0.4998162
0.4917895
0.4216368
0.4865782
0.5490509
0.1590518
0.7764465
0.9440631
0.7718322
0.9763407
0.6804128
0.4516328
0.5218428
0.9831263
0.4395982
0.4181441
0.3740951
0.0774685
0.3071840
0.5579492
0.5398537
1.1674585
0.2501435
1.7270223
1.6727079
2.1664503
3.2644815
2.3976278
0.1047468
0.2936048
0.4443365
0.3989148
0.1999887
0.8822552
2.4812448
1.8295324
1.9311764
1.4309019
0.4057374
1.0939108
1.6480126
0.5380845
0.5262862
0.6456836
0.9256642
1.9653422
1.2786938
1.4962039
2.3666995
1.2643657
0.9311611
0.8424302
1.1486459
1.0403515
1.0781196
0.9314668
0.7276279
1.3356427
1.2675557
1.7750473
1.7606033
1.9602233
1.7238945
1.1273609
2.8863709
3.0198975
2.3996453
3.1794524
2.4449153
2.9224761
1.8170528
3.0870235
3.6103420
3.5113766
4.0325332
3.9466190
4.1586466
3.4960027
2.6415262
2.5734382
2.6050129
2.4378710
1.2976948
1.4759365
1.1998831
1.4759181
1.0315969
1.2803521
1.3704704
1.7608999
1.2568825
1.6118230
1.5776552
1.2445097
1.9291632
1.3380083
1.4061192
1.4005144
1.0494285
1.0904466
1.7488265
1.1482937
1.1201905
1.3871989
0.9562115
0.9235333
0.7863271
1.0730662
1.2262601
1.0052164
0.8341901
0.1876826
0.4219983
0.6684425
0.5881207
0.7556810
0.7324682
0.6385807
0.6578485
0.6967599
0.2563076
0.6958403
0.6601541
1.3694814
0.9615921
1.4657334
0.1314085
1.3803335
0.6760015
2.2007377
1.6183015
2.2324491
1.2421985
1.3333992
1.6586967
1.4331028
2.8027439
3.2732835
4.3464098
4.9721766
4.3719902
3.9254780
4.4811001
3.5632088
3.3053994
2.6831474
2.2328281
1.4200404
0.2458521
1.5071005
1.4784969
0.1504682
0.8731223
0.1788874
0.8026996
0.9015182
1.4238898
1.7982322
1.8819278
2.8228085
3.5140667
3.0480111
1.8637141
1.2826556
1.5365434
1.7019757
1.6901922
1.4153628
0.9272200
0.2467474
0.7716138
0.7108810
0.7144065
1.2533690
0.5118988
0.7137389
0.8263802
0.5557537
0.7594727
2.3843195
1.6178553
2.2608564
1.6748383
2.0271866
0.8126486
0.5600827
0.9008139
0.9882810
0.4242201
1.9643575
2.3493550
1.1740742
1.0060040
0.6770273
1.7359477
0.9245175
1.2001631
1.4442664
1.2155741
0.7069004
0.9335762
1.7356831
1.1530823
0.8358292
0.4700210
0.4822514
3.0767894
2.3562531
0.4897333
2.4429941
2.1440730
2.4136090
1.9262146
1.3355803
1.4731635
0.2681111
0.7398621
1.4188695
1.8090175
1.9715184
1.2955189
1.0611044
1.0794953
1.3558359
1.1403718
0.9099204
1.5339314
1.2461305
0.9299890
1.6482618
1.2285286
1.5171927
1.0724385
0.9769499
1.4695619
1.6522528
1.9478379
1.6391000
2.8860052
2.9492128
1.9357767
1.2033852
3.2598021
0.9208571
2.8067236
2.2473457
0.9655577
2.1302109
2.9615989
2.0247567
2.2444735
2.2213383
1.4792409
1.4648219
1.7818204
2.8430307
2.0243082
1.4450111
1.5454665
1.7037865
0.7155457
1.8515418
1.8458350
1.5684470
1.1484714
2.0016596
2.1882486
1.6175537
1.7951360
1.2962968
2.9692659
2.0197372
2.4631085
3.0209093
2.2578330
2.5472245
2.9244187
2.7417719
2.7922540
3.0324838
2.9718964
2.7969484
2.3606901
2.8663423
2.5778303
2.4861803
2.6011515
2.6939983
4.0552421
3.8418701
4.5907755
5.7688217
4.4568310
4.9271536
3.4923427
3.3203814
4.6288471
4.3245425
3.8612463
4.9101605
2.2417791
4.4466667
4.1942072
3.2866170
3.5415938
4.5698419
4.9965091
3.8844690
1.7363364
3.9064846
5.5719261
3.8124354
4.0427046
4.7030058
4.7276063
4.6985860
3.5504820
5.5184145
3.9858394
5.7622290
3.8106897
3.3112578
3.2797511
3.7443805
2.6575251
2.5733552
4.1914182
3.9285486
3.4602048
2.8417921
2.5988975
2.9475849
3.6458232
3.9233589
3.8722923
4.8714309
4.3747177
4.7652760
5.2052770
5.8898792
5.1439376
5.7199311
4.9100733
6.2973533
6.9356728
4.8704891
5.1738625
4.8669415
6.0377340
4.5477791
4.4586391
3.8754027
3.2870417
2.9046171
3.1409111
2.6927927
2.3838894
2.1782107
3.1108150
3.0453579
4.4440165
5.3305717
4.5536466
4.9056745
4.9604654
3.5940132
3.0122938
4.5118847
4.7055230
5.8656421
4.9524846
6.1228576
5.1282320
4.8212023
5.1112146
5.0598454
3.7619286
4.1734796
3.9503641
4.5521560
2.7820306
4.7257185
3.3225677
2.0073061
4.0954900
4.2585516
3.1730349
3.4875989
2.2329111
4.6345248
3.5984216
2.8884406
2.3908513
2.7410386
1.1152124
1.2709264
1.2966398
1.2734382
1.2767847
1.7005810
2.0937848
1.9036232
1.3063748
2.7106161
1.5966425
1.6097194
1.4247327
2.6847327
1.7289807
7.3481255
2.3759179
4.6534333
6.6110082
2.8602846
6.0169621
7.8792300
5.7730055
10.5591621
6.0780382
9.4672136
10.6603079
9.9305544
9.2484121
10.3261032
13.5051699
10.9966946
14.6393480
9.6884279
11.9347715
8.9270363
7.2841768
12.3359880
5.6952286
10.4257936
4.9513183
8.3644266
10.4472609
6.6291332
10.5398607
4.1371317
6.5696073
5.1632624
2.1179008
2.9501784
3.5852902
3.1948495
2.4839396
2.6754272
6.0979638
2.3731847
2.0744557
2.6108031
2.6073675
3.2287700
3.2601705
2.1973596
2.3064086
2.6673956
2.4385283
2.4806566
2.6239877
2.2858851
2.2618046
2.8518281
2.0834901
2.0740366
2.3140419
2.5795386
4.4135623
2.2013586
4.9523654
4.6051793
4.1333833
3.4482675
3.4007213
2.9474194
5.9804673
6.7725730
7.8316755
2.8149416
17.5495262
9.4797649
10.9868822
12.0468779
10.3416986
11.1884098
15.2211523
3.6438029
10.7103682
8.1041431
14.5704470
7.9655967
4.0037875
12.5048676
4.2355127
6.1821990
3.2928939
5.1162996
5.3013797
1.3510584
2.4297354
2.0474999
1.8860275
1.9821830
1.6218295
1.0886365
1.2403027
1.0789646
1.3949174
2.0958362
1.5910742
1.2714596
0.9250965
1.2731334
1.2960796
1.0763975
0.9954020
1.7909952
1.4989115
0.6876768
1.1631658
0.7451804
0.9486920
1.1323522
0.9904844
1.1863711
1.3269050
1.1785686
0.9398381
0.6837309
0.4772898
0.6829894
0.6558198
1.0915349
1.2657982
1.1162453
0.6440009
0.4662881
0.7290386
0.9572601
1.1023996
1.6331239
1.1974006
1.2632164
1.0260501
1.8119681
0.9642108
0.4853713
0.4935070
0.7015647
0.9502333
1.1461246
1.1760390
0.9562852
0.8236747
0.5787150
2.7432373
0.2035275
0.6658302
0.5365188
0.1094835
0.9949168
0.7001589
1.5805005
0.9736609
3.0204234
1.3889894
0.6427272
1.3776914
0.9443527
1.0271771
1.8519473
1.1610693
1.2727354
2.5010450
1.8018208
1.5685250
1.4875537
1.2922447
0.6914004
0.7355094
0.8350040
1.1786014
3.2758255
2.7852886
1.9328799
2.0598440
1.2817258
1.3589394
0.2476442
0.9628603
0.7304939
0.3196869
0.1587090
1.1787271
0.9772334
1.1220932
0.5897785
0.7830262
1.0736949
0.5033170
0.3007006
0.2957250
0.2034346
0.2226436
1.4795483
1.6573294
1.2380680
2.4733512
1.0497440
2.4765108
3.5600340
2.1272299
2.4683073
2.0366838
2.6670566
2.2565668
2.1905620
3.2853522
3.4028959
1.8852413
1.4182068
1.3519819
0.6969249
2.1981897
2.8522253
3.2073069
3.3049636
3.9489512
4.2370257
4.4247656
4.0516305
3.5710173
3.3915305
4.3884358
4.0038915
2.9333942
2.3943136
2.4354422
1.1578764
1.2635063
1.7445871
2.3277955
1.9784353
1.6937170
2.5370131
2.5585096
1.8104521
2.0094914
1.6924387
1.0667341
1.4562378
0.4744815
0.9739060
1.1166769
0.4162304
1.4196199
1.4573650
0.8992258
2.0652213
1.4174162
1.5933728
1.8183893
0.9752049
1.8115804
3.0100338
1.4406935
1.9655577
1.5194638
2.3146567
2.7171366
2.3951766
1.9455103
2.0071666
1.5559844
2.4080303
2.2409604
2.3500297
3.0570090
1.0695285
2.4730778
1.1186920
1.5286746
2.6262183
3.0987799
3.0660224
2.3415170
2.3163030
1.9417268
2.3743167
2.6479888
2.8794487
3.2536631
3.2514868
3.4107950
3.0219319
2.2230194
2.3795040
2.0905976
1.7694217
1.8304510
1.9672922
1.9365923
1.2666005
1.6020135
1.4627036
1.7622722
2.0716577
1.6350421
2.3219578
1.7900155
1.5172240
1.3594428
1.1962235
1.7733920
1.6558182
1.6700908
1.4602654
1.4991996
1.6173987
1.5663328
1.6384379
1.1782362
0.9413987
0.8853998
1.2942584
0.7817284
1.1603402
1.2567235
1.1211213
1.4858282
0.5430893
1.0016775
0.8873522
0.5726698
1.0806068
1.4158063
0.6187184
0.9404345
0.2813114
1.3943825
0.4871826
0.8038682
2.0323584
1.4549717
0.8172365
1.0623583
1.7669131
1.0830572
1.2524590
1.6025124
1.3832102
1.3848031
1.7113129
0.8755335
1.1964662
2.1594791
3.0974123
1.9277512
2.0236287
1.4223769
2.6677918
3.0590019
2.7338846
2.3080561
1.7458975
1.8920791
2.1220343
1.9169021
1.9533201
1.5705410
1.2781276
1.8787079
2.9921441
2.6074154
2.5174592
2.8481205
2.3718667
2.7842066
2.7299244
2.2059467
2.7529123
1.7824597
1.0445019
1.7277193
2.0794284
3.0770009
3.2558942
1.7580109
1.7712638
1.7056439
2.7497380
2.6329939
2.3911026
2.6980021
2.8741934
2.9063821
2.4716635
2.5645280
2.7891133
1.7325606
2.6802855
2.4490964
2.4216902
1.9967371
2.3750780
2.4472144
2.4147453
2.8398359
2.7227359
3.2595584
3.1804390
3.1104796
3.0363457
2.5309920
3.0337999
2.3142335
2.3717787
2.7439091
2.6925113
2.8529072
2.6450202
2.5675840
2.6305623
2.8444507
2.1162558
2.0732963
2.4995129
2.3928831
2.2799704
1.8248018
2.4033360
1.6429139
1.8562696
2.4241378
2.6768162
1.2913568
0.9067160
1.1285824
1.2081200
1.0412534
0.9939111
0.3566128
0.5253909
0.6505630
1.1434770
1.6958665
2.0278969
1.1701279
1.5329282
1.4376076
2.0742476
1.9545008
0.3138878
6.7997618
1.3444365
0.7257364
0.1118088
0.3061989
0.3632601
1.0198140
0.5509174
0.5102425
1.2274295
0.8536999
1.2213145
1.1925986
1.0663563
1.0162132
1.2050096
1.3075355
2.1697464
1.8693663
1.6795350
1.3343079
1.3039677
1.4193403
1.5526940
1.5970237
2.0144303
1.1408217
0.1677708
0.9392849
0.9706511
0.8295128
0.6909483
0.4820093
0.7880811
1.2886264
1.0552092
1.9476432
1.5727013
1.7452109
1.6543372
1.4783936
1.3032148
1.2724321
1.1984910
0.2977106
1.3536944
2.0170696
1.8220426
1.9676243
1.1231123
1.3813910
1.1622634
1.0332197
1.5932490
1.0535604
1.1208512
1.1023494
0.8855773
0.9840425
1.4057951
0.8361728
1.5372300
0.2660830
0.1591393
0.3897963
1.1012722
1.0971599
0.9526368
1.1172771
1.1560137
1.4728352
1.0949775
0.8112585
0.9794036
1.1219245
0.7917498
0.1005602
0.8318044
0.5155834
0.2372452
0.1448249
0.4156985
0.3821800
0.4774284
0.1785393
0.1659623
0.5641420
1.1705819
1.2185037
1.2620646
1.2140697
1.0538031
1.4062684
1.6338738
1.2488991
1.1750946
1.1603739
1.5156814
0.8314052
1.2971617
1.3211485
1.2695980
1.2885553
1.4950819
1.0702662
1.0333765
0.2172001
0.6844599
0.4096660
0.5048982
0.4217073
0.3567888
0.5047378
0.3443395
0.6777980
0.4678197
0.4486305
0.4524624
0.7261928
0.7838512
0.5306666
0.5522187
0.2386947
0.8842794
1.0213027
1.1720572
0.8085556
0.9076650
0.5027851
0.4952438
0.4053855
0.5315081
0.6288186
0.3685903
0.3253886
0.8745334
0.8354014
0.4510617
0.7980595
0.3301096
0.8498219
0.6648392
0.5250425
0.1775836
1.0654556
0.7887506
0.8428753
0.6328005
0.2240810
0.6667205
0.4215531
0.9388530
0.5596973
1.6299491
1.3407178
1.0656271
0.7547442
1.8653632
0.7878923
0.7545658
0.9636297
0.2179082
0.3482371
0.9880194
0.8289629
1.1521708
0.9340963
1.2225331
1.2468561
1.9302517
1.9557189
0.9761075
1.4359529
1.1519724
0.7997408
0.4968073
0.4353568
0.3849306
0.7076966
0.6415496
0.4801455
0.3922352
1.0741850
0.3704021
0.7977962
0.9009200
0.6470695
0.7653096
0.7397556
1.0979284
1.1652502
0.7225601
0.9584194
0.3754787
0.8334262
0.7290754
0.8743882
0.7030033
0.7302777
0.8245657
0.8501582
0.8525627
0.5870773
1.1145272
0.7571951
0.8766322
0.9863124
0.8800310
0.9029647
1.1376305
1.3015486
4.2715502
2.4315200
1.7198043
1.2139047
1.0066831
1.4096695
0.5534692
0.8308985
1.2211529
0.9290448
0.9137959
1.3179591
0.8160715
0.8445805
0.7203206
0.7051921
0.9708504
0.9918962
3.4025149
1.1247594
1.3342836
1.2158026
0.5254968
1.1533529
1.3189272
1.6658555
2.0116317
1.0315090
0.4310749
0.8046891
1.0903100
1.1520408
1.6499692
1.7589154
2.1410506
1.9381667
1.4768580
1.6184267
2.3959262
1.9487029
2.1796913
2.2484248
1.9646952
2.3009090
1.7239801
0.8445600
2.2181671
1.5969039
1.8677908
2.2955694
1.7806193
1.3980677
1.3303326
1.4215523
1.3080970
1.2369270
1.1377692
0.2668811
1.3407112
0.6558923
0.2050617
0.2413481
0.5360751
0.4292445
0.4789836
0.5577063
0.1978220
0.5381755
0.1793415
0.5901926
0.5390335
0.4017103
0.4875556
0.1752156
0.0787970
0.3068557
0.4577653
0.8855997
0.3401669
0.8617869
0.7711206
0.7920163
0.6558867
0.2959462
0.4632962
0.4231915
0.0681488
0.5906814
0.7462173
0.7660986
0.5382896
0.1896002
0.6652039
0.6128896
0.3313935
0.3412226
0.5789349
0.2632595
0.2112925
0.2165741
0.2754959
0.5377139
0.2399310
0.7833172
1.3516612
0.9889228
1.1273441
0.3481725
0.8364545
0.1870289
0.2070273
0.6681539
0.2862064
1.0669578
0.8773350
0.9778024
1.5568045
0.8875974
0.4216078
0.6965007
1.0126673
0.8001127
0.9292747
0.8714570
0.4204544
1.4690051
0.7496164
1.0238904
0.5546844
1.1154963
0.5887151
0.8349940
0.5704932
0.8480194
0.5056622
0.8186090
0.4268564
0.6559570
0.6210037
0.7323782
0.8560575
0.9192140
0.8552117
1.2440891
1.1941565
1.0328282
0.9681441
0.3929790
0.7948757
0.9572982
0.6705636
0.8686631
0.9252918
0.7076715
0.5144402
0.8752589
0.7503299
0.6225616
0.5909364
0.3210389
0.8583186
1.0310134
0.9171480
0.8503654
0.9515139
1.1247364
1.4913270
1.7447346
1.6513597
1.3177294
1.3295220
1.1291131
1.0174508
0.9785596
1.0085382
1.0100431
0.6655415
0.5159572
0.4998198
0.7358385
1.0563694
0.8900254
0.9294286
0.7131777
0.7388319
1.4643810
0.4992761
0.6261237
0.8696169
0.3786399
0.6284998
0.4678105
0.2275836
0.2263303
0.3503347
0.2319674
0.8535927
1.2362945
0.5387352
0.9653161
0.8893560
0.4649400
0.5916313
0.5432854
0.5185690
0.4724154
0.6441004
0.4792502
0.5097238
0.3430475
0.7262459
0.5914239
1.2504457
0.9552329
0.5998127
1.3982315
1.0204133
0.9161576
0.7062749
0.6522168
0.9634700
1.0799979
0.8902199
1.0922232
1.1948656
0.4066257
1.1806231
0.7376494
0.7646181
0.3703010
1.4135599
0.1735364
0.1662401
0.4416032
0.4109553
0.2273701
0.3544099
0.5212739
0.6446503
0.5354873
0.4557085
1.2262150
0.4541424
0.3795120
0.0631580
0.3306688
0.6497309
0.8686931
1.1285137
0.5375019
0.5908587
0.6952460
0.6099626
0.2579601
0.5431622
0.2030565
0.5801650
0.8269197
0.6745275
0.3369283
0.6619403
0.5423805
0.1306946
0.6113829
0.5491207
0.6405312
0.4295512
0.5162646
0.6873974
0.4274957
0.2441515
0.2171620
0.3725015
0.8860799
1.0545052
0.1344929
0.4577480
0.5620207
0.4268687
0.4328631
0.5340440
0.7380528
0.1449918
0.4755901
2.3008914
8.7848740
61.3744583
36.1495171
24.1843529
2.0646286
3.8840771
0.9161795
0.1935814
0.2860496
0.0351681
0.6561675
0.3667441
0.4337416
0.3451734
0.6736551
0.2673616
0.1200993
0.4165317
0.4141007
0.1453834
0.0640437
0.2902005
0.6026203
0.3430147
0.7755984
0.2236975
0.3433567
0.3166353
0.3518709
0.3071328
0.8536037
0.3690290
0.5800809
1.1275830
0.3918510
0.5382639
0.2743114
1.0721442
0.6969247
0.4241550
0.6450773
1.3964565
1.1618509
0.6309111
1.4894218
2.9113712
6.4149666
17.3194561
2.7735124
10.4207687
11.0432825
13.3200426
14.6657867
3.0536406
2.5990143
2.5903330
0.6668575
0.3599504
0.3444897
0.1807951
0.5051354
0.3271533
0.8046792
0.3484928
0.7925513
1.2940286
1.2311691
1.5156856
2.3134861
1.2637955
0.3936489
0.4218740
0.4552797
0.8612208
1.5231186
0.5807331
1.0989910
1.3953469
0.8025464
1.3275555
1.1301565
1.7344757
1.1825423
0.3108620
0.5322199
0.2692781
0.4545904
0.1682977
0.6476912
0.9149250
0.3495890
0.8207774
1.6798414
1.1563152
0.4751270
0.3805859
0.2126001
0.5134077
0.3104212
0.7123560
0.5356714
0.4234429
0.6333766
0.4721651
0.7246942
0.4468624
0.6440771
0.3975838
0.5037171
0.1175648
0.1737514
0.2062187
0.5313314
0.4092138
0.7213790
0.7696537
0.6140670
0.5316938
0.9438396
0.6148478
0.8407816
1.2075915
1.0833855
0.7534206
0.8839303
0.8049264
0.6009362
0.7986175
0.6954864
1.1417584
1.7586639
0.9090457
1.1165334
0.8833027
0.3618775
0.9252091
0.4975999
0.4668971
0.6313041
0.3848426
0.8731226
0.3891651
0.3878274
0.2748807
0.5132742
0.4050936
0.7304035
0.4977610
0.9735263
0.8796151
0.7623091
1.3369370
0.4937595
0.5039365
0.2711118
0.4094881
0.6986642
0.5851812
0.8313627
0.5789430
0.2616053
0.7588575
0.6329272
0.5251905
0.5981519
1.2536607
0.9314194
0.3194820
0.4790550
0.7943674
0.9717221
0.8956149
0.9753884
0.9596820
0.7520737
0.5818252
0.7850053
0.5354519
0.1057819
0.5836326
0.1711199
0.6375529
0.3769717
0.2459301
0.3583636
0.9866022
0.8627043
1.0972027
0.6135041
1.0869993
1.0044912
1.1842886
1.0682851
1.3269589
1.2309864
1.2521126
1.3303686
0.7538459
0.9230915
1.5123423
0.8461990
0.7639590
0.8730778
1.1688612
0.6596342
0.5819739
0.6447707
0.5185299
0.4729258
0.2530024
0.6800880
0.6049951
0.7372107
0.6798656
0.7854053
2.8204834
2.7309666
5.0499144
2.6712058
2.3351245
1.5996944
2.1702116
2.3426363
1.9914958
1.4276543
1.2689008
0.9606652
1.1068721
1.2793206
0.8547518
0.5825575
0.3731481
0.0992321
0.3508133
0.3934625
0.5726969
0.2534157
0.6048828
1.1775886
1.6844803
1.1836575
2.0445008
1.9237037
1.4271775
1.2367485
0.6712756
1.0654932
1.1347350
1.2389336
2.0347505
0.7310870
2.3915951
2.2881143
2.5887635
1.5991046
1.4012115
1.9213810
1.9053091
1.7885863
2.1459463
1.8426633
1.2608620
1.5012171
1.5620494
1.5010604
1.3835738
1.2770410
0.3492541
0.9148290
0.4696434
1.0808123
0.2940815
0.2585311
0.6444048
0.3066081
0.5858902
0.7842923
0.7255142
0.4333732
0.2880466
1.1872108
2.5705147
2.9989538
2.1727509
1.3322383
1.2089686
0.8059364
0.8489856
0.7647816
0.8251058
0.1698321
1.1569963
0.6666665
0.7635605
3.7604716
8.5732412
8.0715065
10.8278971
7.9740701
1.3786836
0.3943786
0.4087623
0.5966681
0.3919809
0.8906998
1.3181170
0.9894139
0.5679317
1.3703690
0.9647571
1.0580122
0.9456849
0.7190081
0.4176424
0.8381807
0.3044337
0.6413792
1.6085148
1.1601009
0.5804910
0.2619943
0.7313244
0.7167745
2.1563594
0.4840129
1.4052535
0.4318124
0.9584985
0.6619940
0.5304251
0.5452946
0.3545881
1.1664410
0.5664368
0.7433250
1.0348154
1.2818106
0.8370645
0.6593737
0.6609703
0.4329275
0.5631191
0.7561735
1.2631253
1.2511541
0.6726579
0.4160850
0.3878224
0.6585635
0.7396721
0.9794646
1.5120380
1.6186271
2.0879135
2.5988269
5.8900847
7.2976274
2.2729907
3.0912139
1.9419589
1.9453185
2.1209242
3.4240308
3.1029186
2.8673897
2.8042412
3.1391745
3.8423922
3.3608718
3.2052963
7.8817210
5.1001816
10.1259623
6.2824674
7.1567678
10.1986036
8.1320648
6.3085785
10.3402729
12.2212067
18.8150482
21.9221840
30.4204998
32.3872452
54.7668648
46.3763084
38.2955856
40.4493332
50.5694427
26.2481899
22.6240673
20.5896168
31.2320919
18.8523235
58.9301643
52.2986336
48.1000252
26.1701393
11.6530371
20.5925598
15.5447025
9.2443838
11.5473928
3.8537335
9.0626173
7.0624528
5.5634923
4.1300321
10.3423748
8.8626842
7.9701781
9.7805643
7.1270041
5.1428337
2.3141346
2.5777586
22.4709454
13.2786942
7.4470768
8.8305750
6.8758307
15.8873205
22.7793045
10.3191624
18.3438129
7.8458929
9.1982193
10.8849926
12.1554623
21.5965004
31.9577999
21.1997337
1.3339933
4.1754541
4.9630108
14.1973057
7.2618117
7.8428845
7.8920770
12.1909714
16.2773666
12.0367203
24.5062122
2.6667836
2.1796656
2.0727632
2.5938413
5.1661649
5.8220110
6.2055387
5.1485133
1.7312630
6.2299895
4.3831396
5.6559172
3.6659117
1.6081895
1.0976708
4.0245481
3.7756460
3.8556867
4.6547761
2.7021682
3.0902958
4.0303860
4.4480443
5.5291839
4.6801815
3.9048517
2.2816744
2.8707354
2.2389991
2.5658305
2.7341428
1.8193200
1.1588080
2.2312775
4.2840562
1.4469709
1.8489180
2.4709082
3.1228662
2.5617473
3.0576723
3.4140329
2.1790285
3.0720546
2.4511673
2.2717941
1.0556241
1.1146888
0.4938552
1.5326988
1.2278298
1.8825748
2.1745472
2.0290370
1.5255623
1.8038905
2.2157810
2.4789832
1.8215836
1.9209077
4.2152886
1.7423863
1.3083971
0.9574174
1.1835650
1.1363113
0.7659231
0.4392546
0.4734513
0.4613593
0.9893919
0.2075523
0.3521379
1.0959619
0.8143582
0.6720176
0.8985754
1.0597304
0.7659606
0.6346075
0.3818256
0.8720181
1.2675138
0.5601924
0.6680738
0.8063248
2.1016572
0.3410402
1.7689340
0.5054397
0.4913630
1.0074086
1.0171177
0.4375475
0.4839860
0.1206526
1.0663332
0.9344292
0.4102519
0.3812626
0.3928737
0.2357645
0.7662966
1.2130115
0.9392195
2.8237903
1.4086003
0.8074175
0.5582340
1.1257751
0.3738535
1.3942558
0.6605172
0.3119857
0.3155496
0.3324790
1.3165137
1.4353375
0.4727985
2.0097463
0.3906772
0.4169266
0.4220901
0.6871697
0.3204699
0.3104098
0.4760965
0.5008172
1.0673863
0.5485653
1.0581568
1.0308676
0.3038044
1.0827864
0.4589778
0.6679310
0.4885942
1.5062454
0.8905833
0.8452693
0.8212149
1.0381296
1.3355926
4.7536426
4.6526389
3.2782354
2.9075205
2.6064939
1.7746449
1.4949186
0.1589568
1.2761620
1.2303914
1.2122080
0.8395401
0.9716306
0.3442437
0.1678835
0.2320290
1.1160403
1.0802194
1.0414554
0.6833177
1.2444360
0.3943714
1.4152436
0.1753112
0.6518640
1.3422003
0.5207666
0.1352317
0.6918550
0.3405550
0.7722828
1.1705359
1.3345454
0.7181843
1.9478916
1.5195371
0.8944478
1.4096879
0.6675065
0.6961360
0.7977031
0.6700076
1.5760314
0.7234536
0.4472202
0.5377403
0.9296667
0.8508139
0.9409463
0.7934195
0.4088571
0.7574100
0.3529970
0.6440744
1.2078501
0.4497937
0.8374508
1.3730068
2.5412989
0.9837137
0.5725834
0.3497202
0.5699034
0.4827522
0.7678143
1.0575311
0.1279937
0.4038292
0.6004990
0.9355429
2.6310682
0.6449773
1.4079823
2.0240724
0.9268833
0.3478549
1.1880296
1.3354322
1.0524585
1.7460401
0.9868544
0.4746357
1.7449481
0.6057942
2.2861156
1.7044811
1.1040266
1.4105973
1.2617708
0.8115050
1.7233293
0.8186557
1.4381641
1.2502849
1.1694430
1.7691225
1.5445263
1.6040930
1.1099560
1.0399662
1.5274082
0.9637499
1.2996442
0.9406480
0.7094215
1.7278190
1.5373255
0.9311544
0.7334208
1.1514819
1.1111094
1.2200626
1.2603531
1.1971793
0.9515176
1.1366122
1.3616035
0.8187956
0.5805821
2.5520017
1.9107875
1.5522720
0.7504345
0.8024687
0.9210778
1.9917743
1.5492563
1.4842752
1.6141063
1.0178373
1.2467456
1.9974123
0.6157699
0.5808880
0.5635998
0.5549499
1.0332847
0.7155938
1.4273038
1.1592644
1.3011389
0.3233184
1.2919393
1.4197086
1.1626171
1.1684903
1.1325072
1.2333133
1.1455388
0.4503458
0.6873746
0.6669638
0.4339433
1.0749112
0.2816957
0.1319483
1.1184363
0.7342030
0.8556820
0.3315412
0.5573134
0.9485534
0.9853790
0.6548030
1.0503004
1.3475717
1.0493995
0.8000482
1.3970096
0.9557725
1.3929640
0.8122895
0.9291468
1.5541822
0.2828025
0.7402655
1.0565983
1.9766413
0.8131763
1.6239827
1.3170534
0.7728712
1.5328606
0.4241623
0.8048416
0.5134183
0.6119427
1.2538421
0.7834539
0.1782011
0.8122667
0.2833018
0.2045581
0.4349210
0.0568007
0.8313086
0.4807536
0.3895313
0.6170267
0.1971533
0.2835688
0.9020163
0.0833968
0.7832304
0.9581051
0.7609323
0.5222235
0.5559583
0.8414808
0.4206266
0.6501613
1.0415071
0.5773874
1.3534414
0.1244535
0.9638319
0.8855363
1.7847254
0.5486271
2.8246946
1.1059222
0.5812116
2.4569163
1.2752634
2.5315702
1.2755018
0.5927018
0.5561774
1.3668656
0.6472349
0.7810729
0.2939587
0.9839258
0.9504554
0.8613843
1.1852083
1.0385402
0.9900129
0.8248112
2.3947484
0.2004813
1.5677212
1.0003641
0.2796690
0.4584356
0.3280953
0.7131829
0.8730234
1.4166600
0.3488570
0.4962749
0.1990975
0.6139670
1.2096291
0.9087154
0.5116419
1.8302510
0.6754141
0.1410614
0.8384943
0.5880386
0.2706587
0.2303428
0.8907751
1.0725461
1.7843589
0.9639691
0.4598450
1.1042466
1.6592172
2.0968778
1.6968633
1.4623060
0.7532488
0.8358991
0.8813966
1.1489086
2.1968756
1.5087744
0.5898129
0.9917354
0.5941870
0.5204911
0.6585872
0.4549494
1.7884511
1.4910237
2.1609809
1.9179125
0.6502802
5.3293982
6.0400648
1.2278768
0.7682676
0.8887669
2.2095981
1.7390091
2.4883444
0.8621421
1.4278303
1.2213383
2.1036415
1.5959224
1.4352736
1.3939686
1.7837183
2.6203675
1.6988974
2.4793127
4.5510368
3.9926856
5.0221910
5.3625488
4.3294549
5.9148860
1.3523303
1.7867613
2.2541180
0.9476658
3.2921445
3.0240479
3.0738575
2.5936110
3.9581807
2.2780221
2.9219410
3.0817978
1.6289141
1.5245019
1.9324907
2.8212767
1.0794069
0.5365763
11.3983641
0.7843207
0.5493910
2.6713243
1.9436340
16.7909222
29.6964645
14.7145329
11.6188011
4.3770847
1.5054893
0.6646320
1.1237859
0.6523063
1.8366500
1.6524081
0.7877333
0.6065118
0.1835817
0.1045989
1.2114091
0.5093248
1.8221606
1.8315481
1.2822963
1.9796664
2.0095556
1.7515329
1.5815749
2.4804018
1.8834550
1.9884185
2.4192967
1.9685740
1.6003625
2.1134090
1.9058415
1.0739712
1.3386140
0.8593246
1.4965246
5.2019920
3.6514993
4.8603568
2.1099553
0.8125015
1.5943767
1.1895540
1.2145053
2.6519747
1.4031098
1.2246549
1.2134944
3.4349802
1.8825370
3.7466290
0.9099612
0.6257059
1.0679394
2.0175838
1.3040422
3.2038443
1.3137800
1.1264896
1.2952273
2.8591983
2.5579321
1.8097386
1.5206535
1.5604081
2.4088864
2.6149676
1.2245996
4.5517626
1.4371599
1.6399866
2.0118711
0.9883475
0.9318786
3.4561205
2.3622799
4.3780355
1.8895978
1.2563121
1.2224274
2.1005487
1.1699036
0.8614811
1.1191365
1.2726157
1.2988104
1.2114305
3.1997533
1.6621125
1.4074688
1.6564976
2.5169821
1.5647796
1.1680682
1.4899198
7.0533352
2.0974526
3.5023911
1.7681265
1.9395652
1.0375172
1.1690327
1.0414920
1.8159930
2.2037907
2.1118639
1.5514748
1.9496982
2.1482754
1.3911806
1.2324305
3.0598235
1.0050019
2.5562177
1.1102349
0.9034188
1.0302734
1.2016037
2.8330202
3.7909098
2.3560193
5.0744114
0.6712846
2.3964367
1.6814808
4.4833622
1.1585677
1.4657736
2.7333338
3.6202176
0.8978260
1.0879976
1.1219537
1.8047686
1.1904656
0.5295455
0.9573889
3.1598794
3.4996264
3.2396724
1.1953682
1.7077767
1.2032546
2.6237664
2.1010642
1.9765050
1.5852432
1.1703023
3.2178254
2.0956383
1.0338973
0.9939896
0.7675446
1.8372743
4.2230453
2.6355510
3.2003469
2.5657158
2.2400572
3.8491888
5.0667291
4.5414944
4.9077992
1.9778179
1.3013411
2.4413171
0.9126875
0.6539136
4.3860545
4.8584523
3.1901360
2.5630684
1.3391777
1.1714164
1.5769457
2.9773984
1.5230777
1.4335711
1.7878563
2.0656097
1.4276184
3.9458117
3.0936329
1.3387358
1.6261798
1.6288720
1.5089954
1.3648739
1.0416627
3.9687490
0.9562706
0.9253231
4.1209297
3.4766295
3.0102513
3.5180552
3.8851924
4.0445375
3.3192542
6.6578846
2.2761936
1.1054933
0.5916195
0.6588411
1.0045900
1.3860981
1.5351723
1.7677934
1.1060179
1.4963096
0.9809255
1.2535980
1.2283726
1.2818128
1.7470477
1.4513744
1.6690532
0.8541353
0.1848781
1.0781395
1.9585817
0.1237732
5.9809141
0.2857998
4.3400402
0.9564349
3.5552037
2.7121882
1.3930415
2.7999687
3.5941257
1.4208224
0.5404285
1.2634577
0.8635386
1.6258807
3.2174852
1.9388634
1.6831111
3.0659599
1.4842960
0.6094806
0.5609767
0.4447072
0.9933449
0.6056555
0.6228740
0.8739094
1.2331218
1.8179808
2.6477411
2.0515494
1.2926561
1.2218425
0.5526162
1.3609749
1.0922186
1.3218361
0.3602587
1.0839560
0.8424496
0.6353921
0.5563043
0.7903912
0.2720843
2.1660626
0.7651548
5.2895827
3.0189829
0.7720659
0.5391231
1.5939138
1.8808360
1.8295397
0.7772698
0.3483572
0.5936875
0.4051203
0.8555202
0.5692810
0.6357915
0.8021069
1.6101705
2.4441509
1.2901548
2.0721631
3.2372580
3.2725575
2.9615939
2.7292452
2.3611233
2.7057252
2.6835968
1.6859285
0.9187638
1.3885349
0.6410130
0.1315625
1.5034939
2.2396100
0.9401135
0.8714191
0.9821686
0.5204605
0.0398648
1.6303676
2.8468359
2.3346920
1.6301942
0.2188168
0.7880909
1.0593225
0.9053347
1.7450343
2.2223496
1.7401248
2.5894258
2.2448452
2.3932936
2.6190512
2.6229131
1.5684057
1.3924248
1.7977915
3.1291649
2.5407879
2.2718573
1.7208738
3.2549250
3.2674263
2.1202714
1.7576886
0.6024212
1.3114372
3.9444835
3.1440380
2.1465869
1.3983550
1.0669892
1.5195289
1.8246385
3.3622348
5.4775944
7.1017766
5.9808044
7.1548667
17.4618549
16.7132568
10.1379480
4.7230110
3.6756957
2.1426442
1.3005481
0.4634719
1.5880438
1.0578053
1.5403236
1.8889724
0.7137099
1.5282835
2.2901461
1.6622492
1.7341684
0.7594652
0.6194962
0.4315253
1.3103863
1.3805635
1.3286551
2.3512640
3.6692498
1.5858994
1.2749709
1.4331565
1.7620802
1.5816482
1.9446981
1.6356758
1.6874992
1.8854237
2.4518704
2.4422531
2.1430991
2.3716073
3.4470687
1.7981515
3.3114717
2.1382635
2.4441974
2.6297102
2.1869781
1.7663885
2.8370285
3.0909104
1.7153087
3.1191127
1.9834367
1.3247939
1.2931812
2.5984907
2.8152332
2.2075689
1.3263305
2.4344952
3.2350581
1.2142366
0.9769815
1.2665739
1.1302266
1.3668324
1.5386591
1.2227232
1.2930462
0.9405002
1.2598616
1.5678644
1.1836572
0.6934080
0.2849829
0.5564966
1.2659271
0.9878519
0.2632105
1.3863610
0.5739260
0.8436120
0.4882829
1.6343923
0.6506102
0.7554693
0.7241381
1.0568547
2.0053725
1.3903236
0.9879668
1.4898368
1.0752565
1.9147426
1.7984538
1.3734102
0.8870931
1.5825734
1.6125708
0.6635291
1.0380784
1.2251298
1.6493307
1.5178429
2.7055058
1.1285567
1.2333155
4.5309024
2.1075265
2.6781805
3.0139997
2.9810755
1.7578973
1.2149564
1.7121208
1.5804480
1.8369262
1.3000469
1.6862383
1.2626268
1.4098927
2.3685112
1.0533588
1.5833673
1.6662060
2.4952090
1.5792074
3.4579134
3.1159673
7.4253707
5.8445783
5.8027468
5.5037503
6.2552576
7.7056141
7.8420897
5.1439543
1.7279572
2.4160585
0.3425791
0.7953976
7.3034120
1.1036421
1.4246010
1.0910747
2.1789308
2.4730499
2.2570388
2.4708843
2.9838018
2.6990507
3.0694475
6.6295934
5.9345284
6.6298046
6.0013580
4.5430050
4.7907662
2.4929757
2.8984308
4.1797171
4.6515880
3.5606515
3.7656012
5.2310228
6.2596016
4.1930509
3.3584573
4.4958348
3.7889130
2.7231696
4.9170332
6.4435134
5.3260269
4.9504938
8.5594444
2.7208176
8.7494726
6.2097206
7.6262689
3.8113048
10.9223394
5.3968081
6.1980915
9.4249620
9.4151239
4.1023188
4.9673848
5.2667708
3.5610805
4.3404441
2.7598658
2.3361514
2.6323738
1.6150856
2.3949885
1.7749720
2.0697401
1.6642854
2.2116759
4.4795890
0.9230526
4.2525263
1.4299287
2.3467615
1.6019691
2.1964626
4.3754067
1.9251970
1.1791782
4.9128289
6.1103563
5.7662015
5.3691835
6.0078969
4.6492057
1.9416025
1.4176780
3.1326802
3.7530427
2.1903210
2.2316988
3.8490021
4.0392642
3.7677088
4.9966044
3.9873836
6.0072393
4.4957685
5.4562025
4.9550905
3.7924049
5.4231319
3.0774891
2.3159604
3.3537917
3.3164611
2.3624492
4.5929899
3.9410608
3.5910778
4.5707560
4.2385850
3.6230378
2.2705810
2.3232548
3.6623547
4.1445351
3.5342383
3.9738708
5.3149567
2.5688999
1.3417532
2.6829193
3.2983840
2.9088540
4.2311816
4.5289197
5.2591705
3.2139578
2.6825910
4.9601994
5.7555895
6.0990791
7.5580997
4.1529865
3.2137845
2.9533322
4.7163911
4.5728974
5.2490616
6.0545945
3.4383001
2.9809928
3.9228277
4.4754477
1.8185858
3.2090747
2.2352471
2.3487449
3.6479633
6.3963957
3.1641955
3.0244529
0.3724471
0.4791052
2.1028843
1.1165388
2.1671915
0.5981416
4.8605795
2.3187072
0.6041560
0.9311476
1.4236552
1.8925130
2.0810137
4.6345892
1.8305241
0.4555105
1.0534054
1.0215762
0.5583664
1.3333341
0.5110116
0.5404052
2.6681244
3.9099457
0.6030305
2.5216887
0.4399062
0.6823176
2.0016439
0.3629390
1.1824493
1.8935591
0.4299537
1.3505890
1.2585301
1.2105579
0.1773880
1.2937695
0.8050483
0.9343498
2.1972404
5.6334925
1.8297092
1.8894149
2.0727797
1.5297188
2.1033483
0.7777901
0.9589868
0.8778679
1.1291293
1.1610644
1.0766089
0.8745501
1.1468675
0.8479830
0.8585607
0.9382467
0.7226555
0.3116265
0.4118018
1.1841545
1.5477947
1.4702792
1.0579972
2.3429611
1.8196536
1.5066657
2.3043227
1.8142475
1.4299535
0.3810278
3.1991155
3.2097554
0.6216106
0.9774576
2.0853722
0.4179307
3.0884459
2.3063538
0.7474855
1.4183363
0.2039395
1.0027870
2.4906859
3.3998346
1.6641222
0.6489390
1.5331600
1.4174083
0.9354309
0.4236857
1.7784482
1.2638139
1.7510673
0.4973897
0.4438529
0.4776087
1.0729657
0.5199800
2.3497975
0.6727402
1.3422583
0.5781468
0.8383188
0.7182165
1.5023730
0.9274182
0.6343700
0.5936349
0.3305549
0.8116217
0.5196556
1.0869198
0.6248045
0.6867858
0.6756434
1.0652291
1.9407914
0.5526671
0.9463295
0.8270525
1.4345100
1.3091301
1.2634842
1.2897151
1.9002023
0.8230196
1.5731782
1.1813596
0.5961936
0.4920121
0.7405259
1.2985845
0.8466013
1.5064210
0.4097829
0.6433874
0.3075651
0.4719231
1.9102272
1.1344150
1.2476630
1.4854858
1.4738443
2.2532561
1.3697252
0.7688019
2.1493599
1.9909999
2.7606747
0.9157757
1.4295782
1.2664437
1.1247852
1.8032658
2.3234572
3.2111046
2.1199510
2.4433556
2.6200521
1.4284657
0.6878903
1.5634087
1.4900066
0.6554860
1.3945925
1.4427021
0.9081793
1.6122671
0.5635718
0.3358255
0.7299477
0.9478865
1.1187373
0.4324249
0.7725128
0.6546003
1.1917177
1.1017722
0.3879645
1.6379571
0.8102707
0.3311310
0.2222410
2.0008786
1.0659403
0.7825637
0.5338639
0.8976545
0.9174485
0.9047071
0.8118488
1.8176287
1.2758033
2.0057063
1.6424154
1.2293371
1.5862664
2.6844723
0.4844770
1.0979931
1.2863656
2.6593952
1.4824347
0.4065611
1.5611470
0.8123170
0.4564613
0.7228233
4.2705054
1.6507280
0.2977287
0.3341967
0.7668567
0.2985357
1.3314219
2.9219666
0.7667428
0.5604601
1.7835878
1.5756084
1.8161150
1.9135909
1.5305338
0.8943950
1.1150905
0.6728351
2.1309886
2.4382792
2.7165072
2.2685049
2.1963592
2.7885165
1.4875106
3.5739071
2.3112791
1.9346696
1.2595365
0.9117429
2.5770285
2.0748932
1.2939516
1.1799006
1.2440491
0.6997063
0.3308349
0.1288008
0.9723886
0.8217810
1.1439079
1.1473534
0.9594736
0.8676216
0.4931552
0.6314760
0.2086132
0.5417054
0.8871572
1.4554991
0.4892755
2.3443286
3.0843518
1.0601187
1.2290008
4.4786429
2.3873038
1.3518158
0.3924484
0.5686120
0.6824446
0.9402508
1.0335684
1.1713815
1.0910833
1.1942395
1.6284170
1.0973661
0.7677128
1.4170904
2.5255215
1.6291119
0.3697023
1.5558259
1.3802644
1.7323643
1.5910960
0.6300352
1.2320374
1.5745404
0.2737984
0.3570480
0.2080229
0.9699109
0.6834353
0.6181573
0.7959785
0.5382074
1.7959203
0.5426995
0.1198278
1.4220269
0.3384334
0.7754273
1.1013720
1.3567936
2.0092535
2.0228238
2.7515626
0.8719726
1.2822583
3.1096678
3.1765521
2.6726601
0.9899729
1.1811513
1.5648611
1.3431622
1.2438095
1.7027373
1.4644467
1.5118587
2.8798339
1.2657616
2.3102002
1.8870206
1.4671240
1.7000270
1.5050182
1.7341603
1.8357806
1.3255209
1.8225416
0.7265383
1.0049512
0.5104078
43.2410545
2.2304506
2.9864769
1.9280523
2.8398862
60.3150749
304.0947266
5.0297141
59.8727112
149.2027588
45.3488770
37.2534866
18.0980225
38.1098709
165.4711304
150.7577820
139.9879761
210.6438751
106.3835297
52.7417412
105.8125153
294.6145630
223.2095032
138.8433990
85.8421249
119.2313995
44.7915192
43.2979698
36.5292931
10.5494823
34.3310394
19.0784874
19.4074745
22.8715420
21.8802338
17.4513702
20.4816895
4.1392426
6.5792003
2.1077609
1.8696656
6.4417353
3.3202109
18.0431232
31.7291126
22.1052284
16.5756149
13.3878880
8.2299767
5.5131321
4.8240266
10.5848942
4.4460392
2.8367064
3.6846745
4.4009461
1.4947842
1.9833941
2.1919439
2.7171648
0.7647968
2.4444952
2.4377847
2.2042878
2.6207433
4.2159095
1.8706819
2.0842960
3.1407955
1.4898375
3.0134697
1.2295281
0.8050830
4.5504036
1.3520355
2.6120198
1.5823001
0.1219376
3.2213390
1.8760947
1.4161085
0.8932730
0.7660795
2.0167553
1.1627090
1.3832576
1.2178626
0.9827571
1.3104538
2.0220854
1.9244475
1.4387939
2.6690266
1.6182334
1.2210718
1.5958613
1.0609078
2.0707052
2.0148561
3.2704177
1.2367694
2.7613876
3.8582718
2.3070493
3.5916886
3.0522289
3.7787628
1.6189631
3.8033829
2.2175405
2.2157376
1.7655385
2.9870868
1.7303938
2.3253710
1.8107908
6.3094287
3.7802038
2.2317991
3.4092729
3.0247798
5.2493591
0.5841331
1.4646235
1.7121071
2.0340855
1.8412836
2.4154346
1.7785589
1.8222376
2.6092014
1.7523795
2.5148134
0.9158257
2.5737636
1.7659595
1.2783090
2.1351054
1.5487869
1.8519235
1.8136814
2.2679794
2.4153929
2.1316249
2.4738379
3.0817206
2.4318767
2.0710423
2.1166937
2.0439665
2.6378074
2.0486946
2.1307864
1.9279908
1.9069726
2.6046402
2.2630172
1.9954880
2.2661588
2.7707305
2.6559122
2.8816280
3.0818393
2.8516617
2.4062183
2.2188332
3.1355495
2.4335177
2.5432637
2.4050419
2.4076896
2.9598351
2.7888901
2.4939525
2.9890215
4.0880604
3.8604681
3.9014940
3.9139795
4.9293814
5.3536296
6.2374158
5.2952600
6.5243378
7.5741053
5.8896322
5.3406320
5.5427413
7.6979761
12.9117050
11.0520372
7.5689292
7.5021200
7.4781852
7.1325889
5.8538404
8.0962934
5.4545450
7.2940149
9.2372904
9.0849600
12.7186117
16.1123238
10.6863356
16.1468601
6.5579472
9.3025541
11.3242798
9.3678055
7.9472299
9.7147789
16.1572895
8.0031557
9.3617592
9.2251635
7.9644914
9.9507103
8.8240461
10.9576054
9.2784739
9.6402597
10.4834013
10.9956064
10.9397545
11.0840378
12.3988581
14.9956932
10.2616510
22.4126453
10.4580622
12.9741516
14.1739998
10.1341267
11.6645660
12.8215599
9.1952105
8.2439203
11.7875671
11.0605097
20.2846451
8.5681953
7.6078835
7.1152096
9.9781609
5.4125471
10.0307608
9.0101404
34.1047897
9.3798332
5.8940597
4.2871542
8.1783810
5.3389859
2.9568334
2.6828945
3.9324040
2.9281104
2.9934537
3.2523770
3.0068345
2.4970152
2.6515722
1.8806475
1.6043378
1.8861012
1.7230152
1.6902984
2.2356765
1.8203731
2.5286393
4.2781181
3.2055221
2.2317848
1.0620785
1.2401215
1.0751660
1.4717425
1.1658466
2.0160317
0.4863478
0.4588376
1.0028707
0.9667786
1.0632572
7.0574617
2.2711241
6.6619582
0.9507886
1.5238140
0.4700229
1.2649475
1.6488584
1.1415116
0.9726317
0.3464333
0.7081796
0.4434846
1.0856243
0.5387073
4.3946624
0.3353284
1.6891640
1.0243320
0.4700097
2.8648846
0.3564685
0.9990816
1.3562384
0.5760095
2.4768350
1.1575222
0.5884057
1.1247667
0.7304423
1.4031608
1.0026398
0.6823382
1.4644058
0.4770542
0.2865181
0.7836104
1.0685883
0.4673288
0.5043571
0.2991594
0.4646992
1.2641095
0.5461220
0.6934160
4.7506175
0.4605684
0.2423862
0.3990621
0.7016515
0.6416082
1.4261636
0.4812418
0.7503463
0.6033673
0.8763949
0.6936309
0.9487926
1.4740241
0.9004856
1.2287546
1.0594918
0.8956639
1.0827928
1.5440836
0.4354563
1.9698366
1.1693816
0.3174686
0.7459292
0.2462726
0.4158389
1.1102316
0.5082269
2.3848844
2.3515007
1.0408649
4.6897821
3.0684497
5.1231761
2.2158334
3.0260427
2.6818235
2.6810575
4.9357057
6.9553552
5.3723693
6.3854465
5.9463120
3.1891999
3.7864254
2.9415176
3.6574743
1.8971461
2.7199757
1.4283884
1.6176755
2.2450836
3.8618922
1.2861674
1.0430522
1.3896204
1.9019372
1.5683018
1.5927340
2.2095683
0.9818857
0.7333753
2.3274417
0.6800780
0.9423792
3.5132737
2.7622607
2.9128199
5.2102175
2.6704502
3.1650047
1.6414288
2.0542285
3.9126234
2.2127724
2.9940467
3.5198531
3.1258104
1.9490789
2.3140297
2.2077258
3.5306561
1.7901781
3.3710928
3.6527386
4.7284317
2.3308311
3.0756719
5.3071151
1.4879364
1.3448502
1.5123947
1.3441913
1.3565325
1.2434782
0.5133836
0.7025084
0.9823889
0.3476765
0.4824204
1.0281262
0.1176708
0.1829097
0.9009659
1.3706654
0.2290033
0.9373881
1.1111799
1.6181601
1.3482419
1.3171843
0.9473937
0.8093189
1.1256713
1.1314962
0.8603969
1.7235823
1.7294705
1.7703654
1.3891424
1.2399083
1.0726080
2.0604353
1.5732470
1.2226361
1.7738653
2.8120961
2.2261951
2.3329396
1.8612614
3.0607374
1.4475433
2.2223301
0.9930112
3.2876503
2.4066989
1.8861066
1.7836945
1.6957742
1.3070304
0.7971826
2.3851941
0.5845209
0.9613749
1.0854868
1.0504863
1.3753953
0.6876976
1.2952594
0.3826653
0.6008797
0.4287445
0.6609379
0.3704024
0.8152183
0.3052211
0.1737969
1.1584038
1.2446009
2.3990312
1.5223079
0.5446122
1.4243654
1.3876654
2.5534811
0.5481431
1.8110554
1.5603254
0.9780807
1.7071097
0.6866537
1.0067307
0.7682902
0.8694990
0.9038700
2.7597558
0.4620426
0.5429209
0.4430158
0.5215576
0.8430420
1.0059658
1.2814207
1.1257682
2.3128705
1.8557943
3.9758737
2.6207130
0.3470701
0.2184801
1.4426305
0.7269025
0.6355389
0.8306729
0.3337446
2.2647617
0.7414922
0.6931585
0.5432632
0.5658559
0.8398956
0.8377349
0.5767286
0.9001377
0.6290178
0.9041361
0.9816961
1.7925057
0.5190349
0.6536784
0.4780934
0.3195235
0.0603438
0.2757074
1.0584108
0.3196874
0.8563891
0.3821964
0.2280686
0.2328203
0.4761152
1.6864142
0.7707086
2.0239723
0.5772949
1.1615462
0.3027467
1.6763856
0.6444988
0.3507298
0.2891833
1.6775292
0.5666683
0.9934075
1.8017390
0.4188309
0.2476386
0.9025596
0.8978359
0.5877365
0.9112169
1.1121681
0.9198041
0.6931364
0.4128586
0.4301631
3.4052446
3.5110090
1.7321615
1.4601697
0.1386386
0.6112359
1.1852521
0.4438419
0.4790150
0.4447132
0.7192599
0.7419233
0.9920067
1.4113158
0.8247786
0.1286380
0.5922410
1.3010799
0.2581296
0.1611089
0.9647708
0.7104352
0.9106548
0.8930793
0.4735866
0.0543078
0.5075715
0.8587757
0.5722993
0.1623936
0.4993583
0.6625543
1.0738637
0.8123971
1.5129941
0.9213778
1.4388176
1.2032361
1.0955571
0.5758466
1.0773368
0.9634014
0.7445533
0.2000242
0.8552734
1.6723647
1.4394834
1.0404274
1.8447140
1.0126927
0.8321378
1.2605028
0.4831941
2.3989878
0.5983039
0.7697581
1.8827871
0.9416447
2.6218238
1.8866719
2.1901188
0.6384205
0.7498252
0.9622425
0.8344613
1.1902888
1.6450675
0.4146475
3.2389138
2.2707639
0.5234560
1.0880663
0.4102693
1.0188559
0.6216812
0.3150265
1.0538940
0.3209790
1.2135254
0.7417943
0.4369046
0.5523062
1.5285541
0.4670655
1.2040526
1.7239503
0.4386243
0.6136425
0.7522641
0.6590152
1.1229326
1.6736065
0.7353291
2.5183992
1.2142589
1.1439133
0.7833415
2.1554267
1.2808406
0.8302362
1.3520243
1.2827271
1.0019604
1.0333381
0.9467615
0.3882035
1.7050835
1.2571639
1.6822864
3.1048849
1.0710808
3.1712031
1.4690605
2.3799355
1.6204648
2.7623172
2.5027556
2.1993725
1.5679418
2.1496747
4.3010731
0.3611932
0.1199084
1.7715584
0.8542326
3.5160468
0.9260746
2.4389555
1.3793817
1.8424778
0.5508729
1.7673627
1.1540483
1.6131339
2.5576484
0.8292015
1.9006901
0.5742438
1.2506520
1.2893924
1.3362681
0.4681295
2.2509196
1.7874144
1.3987861
2.1536090
1.2851096
1.0527080
1.2074521
1.1766868
1.0480975
0.5155300
0.2958177
0.2613069
0.5328571
0.1495485
0.6477678
0.3842469
0.1947368
0.6422671
0.6250889
1.1096212
1.6180965
0.5597149
1.2741951
1.4643918
1.3129497
0.2321794
0.4608669
1.1480330
0.3389626
0.7534171
0.3493103
0.3762426
0.3384941
0.9410642
1.1623878
0.5105591
1.4609170
0.4709407
0.3104966
2.3018951
1.1062716
1.0522927
0.1491873
0.4164827
0.1221587
0.2699095
0.6709115
0.3022300
0.6435660
0.0879304
0.4763532
0.4321786
0.3295510
0.7095444
0.6643645
0.5346923
0.8257924
0.3464593
0.3421142
0.4753074
0.8527944
0.5053275
0.1763655
0.6644577
0.3879439
0.5569745
0.4999635
1.1763411
0.2101632
0.3920342
0.2450746
0.4564053
0.2062121
0.4079776
0.2431041
0.6670755
0.9627693
0.4528960
0.5116858
0.6519304
1.4049978
0.8549436
0.9557590
1.0020677
1.2557554
1.4518059
1.7284440
1.7095779
0.5399392
1.3952398
0.8050703
1.6073289
1.1076357
0.7704546
1.8014421
1.7536583
0.9388368
0.2452507
1.0297666
0.7057695
1.4827989
1.2123162
0.5230508
0.6231946
0.2445175
4.4720507
0.8964558
0.5966112
0.5961912
0.9490204
0.3224392
0.7319031
0.0668568
0.7350512
0.9419104
0.6044514
0.2870480
0.6605684
0.2622718
0.0668233
0.2265543
0.8691017
1.0218747
0.7494330
0.3073763
1.3266184
0.3879459
0.9263817
1.3396626
1.6691372
1.2968469
0.7837846
0.6264699
0.6274247
0.8410996
0.6191933
0.4624149
0.4068544
0.8855547
1.2572650
0.3315686
1.1817521
1.9957558
0.7636077
1.3395813
1.8953060
1.8506366
2.2059550
1.3357325
1.8776579
1.3193051
1.2157155
1.0434085
1.6647613
1.5382686
1.3782743
1.4172480
1.6605022
2.1795268
2.3490033
0.4687360
0.9158862
1.7284522
1.9838990
1.7998135
0.8718132
1.9420685
4.1673312
1.4460005
1.9697908
1.8680906
2.0273631
1.2687534
3.1538222
0.9617904
1.7421581
1.2414825
3.0559292
0.2005048
0.9923764
1.2379767
1.0437710
1.0806859
0.4722113
1.8347200
1.0309086
4.8211350
2.8101015
1.4502275
0.6502980
1.2811202
2.9487264
2.1351123
0.3577553
0.3196103
1.0747843
1.6233886
2.5114472
1.8521402
4.0677652
1.9828469
1.0263361
1.8681877
1.7493761
1.1683403
2.2709348
3.8458314
0.9869411
4.4619813
0.8396962
0.6982394
2.0994432
2.0630286
1.7883720
2.7048266
1.1955497
2.3085861
3.6733940
1.8781163
2.8749812
2.0282595
5.9129038
4.1424265
4.8599057
3.6294327
2.6112416
2.6796901
3.5238445
4.2669225
4.7389193
5.0178843
3.3477905
6.4679232
3.3545194
3.1266577
4.9513330
5.7493720
1.7825708
0.8038822
2.0525575
1.4238274
2.8528287
1.5642478
1.0965979
2.8826485
2.1558881
1.5077422
1.3874807
1.1575617
0.3539290
1.4932494
2.7418754
0.6691358
1.4521259
0.2771555
0.3865004
0.2501903
0.3383628
0.7417508
0.8907111
1.6961582
0.3427156
0.8321918
0.7490788
0.1091626
0.7133206
0.4452837
2.3870378
0.8765785
4.7506018
3.9080553
1.4765729
0.6966131
6.0592589
1.1738352
4.7572989
2.9887340
2.6395981
2.9965389
4.7688742
0.6370140
0.7221071
1.6205308
1.3902149
0.9656534
1.4167215
0.8835884
2.5047069
2.1846514
1.2628317
1.6297964
1.0091237
1.3437341
1.0943547
1.3376390
0.6861221
2.0846040
4.4221263
1.5767777
0.9489994
1.2417903
0.8502389
2.1558802
0.4450431
1.0663151
0.5858780
2.6458135
1.5430007
0.8031344
5.0984392
0.8613967
2.0439422
2.4805298
3.1473744
4.1402407
3.7446733
2.9228528
3.4068992
3.1042898
2.8290467
2.5220625
1.8495071
0.0881128
1.6326510
0.9151704
2.6396739
2.3978817
4.1192956
1.3003044
1.2510206
0.6132405
1.1964494
2.0601892
3.9296939
4.1186614
3.5122085
1.8249449
1.2327909
0.6786637
1.3203682
0.7321281
0.1473787
2.7666626
1.5340958
1.7110406
0.6170683
0.7153406
3.1763499
3.0536270
0.6397772
0.8088040
1.0769690
0.9065458
1.9116851
2.7411671
3.2802551
3.4394898
1.4349891
0.9724900
1.0204086
0.8316808
1.2451267
2.8187134
1.7551084
1.1381510
1.0122852
1.6520920
1.2703786
1.4094727
2.6156397
2.8569157
4.3723645
3.3075416
3.4366043
2.6484468
2.0181782
3.1335077
1.6267264
1.8359392
3.7843904
2.4120846
1.7591588
1.3595493
3.1355107
2.5216274
3.2925425
1.7283511
2.0439456
1.8252409
1.8711255
1.5945827
2.6511052
3.5059047
2.7877650
2.8007538
2.0949085
1.6960881
2.8093393
2.0428979
3.3253181
3.5048871
4.8793473
3.1157079
3.2681925
1.2252326
2.5851450
2.1295300
2.7794104
3.5919077
2.8028855
1.8956137
3.6535659
2.0680289
4.0730391
5.3065977
3.0933113
2.1472735
1.5797653
2.7150898
4.7477007
4.7235556
4.9745250
2.3830745
4.8321915
5.8395486
6.3791585
3.7587657
6.6219172
4.3531737
7.0421624
4.6522522
4.7897658
6.4086218
3.1765299
5.4772649
4.5323148
2.5454640
5.5708542
4.2210469
3.8374257
3.7673159
3.0670075
2.0780351
4.0069885
2.5186925
3.1436751
4.3824744
6.5616317
5.8682632
6.1098938
5.8286495
4.3882594
4.8405361
3.9679570
5.5532346
4.0795403
2.2132530
3.0416608
3.3875673
2.8733916
2.7470586
2.0691590
1.6780062
2.4988508
3.3444481
2.6598699
1.3750534
2.7001376
1.9516569
2.4074337
3.4457495
2.3131664
4.3023143
2.9385903
2.1345327
3.0082824
1.8661314
1.7426542
2.6761918
2.9500179
2.2071285
1.5116649
2.8050067
2.3249199
2.5583766
1.4880657
2.0395553
4.8480163
3.9024322
2.5424397
3.0771296
2.9583743
2.5851545
3.5749278
2.8183177
3.0228918
0.8072963
2.0944521
1.1340183
0.8852618
1.3860587
1.3034718
1.3812579
1.2388307
2.0406249
1.1242033
1.2073978
2.3367729
1.7828990
3.0388572
2.2112660
1.5072731
2.1995268
1.9215990
2.8847787
2.3295584
1.4762597
2.1648657
1.0459801
1.6273161
1.6722867
0.7407449
0.6677731
1.3689517
0.3497710
0.7697498
0.5010793
0.7827643
2.2144787
1.0901339
1.7537670
0.7982573
3.3399978
1.9233235
1.0362856
1.9385201
1.7894193
2.4360893
1.6825637
2.3549104
1.7376655
1.0045267
1.6141754
1.9546322
1.1097016
1.7915198
1.6765302
1.0357189
1.0909702
0.8152515
1.2509974
0.9491858
0.5609106
0.8988754
1.0564058
0.3366047
1.4068320
1.1233569
1.0050427
1.1008281
1.3175166
1.0415659
2.0263407
2.4867930
1.6293508
2.4065208
2.5647850
2.4442451
1.6716927
2.1012061
2.8559086
1.7381235
1.2629045
0.5390838
0.6480176
1.0736983
1.2449046
0.7764774
0.7308591
0.9845829
1.3545146
1.1824671
1.3854835
0.3119700
0.5064183
0.9800609
0.6830986
0.5386121
0.3359973
2.3851166
0.7477697
0.7208930
1.2820847
1.5459621
1.8041869
0.5702917
0.7324049
0.7228947
1.8427390
0.6980492
1.1030881
1.3041346
1.0928452
1.1693317
0.9439214
1.1178185
0.8728682
1.1671695
0.9364866
1.4900584
0.6613637
2.5494716
0.9645630
2.3670235
1.5944947
0.5231575
2.5572250
1.3126156
0.6741018
1.6580684
1.2486495
1.4346646
0.2777236
0.5397233
0.7469760
1.1777815
1.1501248
0.9373224
0.7190484
0.7559143
1.3781663
0.1015895
1.2038534
0.3047515
0.4392476
2.0440140
0.4553633
0.0915290
0.5843345
0.1489890
0.8677313
0.7871547
0.4809426
0.6567554
0.4225590
0.3930727
0.6865774
1.5391915
1.1548934
0.3054635
0.1398811
0.5665529
0.7236080
0.0185078
0.3129894
0.1983547
1.1522826
1.1175313
0.5873700
0.6579868
0.7037483
0.1109693
0.1262285
1.0083030
0.5577636
0.6139659
0.4851992
1.0498878
0.5273889
1.0438896
0.8454622
1.5174459
1.0634999
0.8606399
0.6420007
0.3489580
1.1533881
1.3347926
1.3675596
0.5690826
0.8149741
1.1612279
0.9362840
0.9679182
1.1803240
1.6880360
1.1950009
1.7740560
0.9203462
1.2453835
1.4381547
0.4717552
0.2171274
1.3859432
1.1161474
0.8357863
0.4828393
1.0336624
0.7859985
0.7342259
0.1829589
1.3848002
0.3018522
0.6307353
1.1300288
0.3698840
0.8808937
0.6588258
0.5428004
0.4756803
0.1411318
0.3636973
1.3397809
0.9195989
0.9246518
1.6932875
1.1307011
0.7459725
0.6504546
0.7290244
1.8312751
1.5351851
0.8983455
0.7549396
1.9936516
1.3884370
1.7523077
1.9536440
1.6678830
2.2795780
1.5793650
1.9342340
1.5396724
1.9193337
1.9755814
2.7648833
2.7674935
2.8429880
1.9958420
2.7583971
2.0662122
3.1354034
3.3554711
3.4422882
2.5123711
1.8569804
1.7641747
1.6495632
2.3112695
2.3157015
2.5186813
2.7963600
2.8451936
3.8952713
2.1418641
3.2636271
3.3533132
3.0363770
2.4203985
2.2080674
1.7766379
2.7345908
1.9523189
2.7337866
2.5034945
2.3850458
2.8189416
3.1608715
4.1732473
3.4446673
3.8656795
3.1661701
4.2250872
3.6902306
3.6519361
3.6995184
3.9099739
3.4903293
3.4884412
3.8905091
3.0165782
2.7960446
2.8448794
2.0088308
2.7387323
2.6082339
3.0487189
2.3940890
4.0195208
2.6682317
2.6534932
2.0852895
2.4353964
2.0003889
2.1513200
2.1745000
1.6979835
3.3102365
2.3893118
2.7045043
3.1677904
3.3807175
3.6194332
4.5163140
3.3627329
3.8601987
3.6666231
3.7029204
2.9721808
5.2458587
2.6838899
4.0305171
3.6788318
3.7089875
2.1189358
2.7778499
1.8901365
1.6114985
1.4454970
6.2641392
2.6651738
2.3763833
3.3360386
10.8482056
4.3673220
3.7033036
2.4654429
4.3785763
1.5006546
1.4584466
2.1321669
1.5280319
0.9745007
1.5256276
2.1287942
1.6988358
1.2645016
3.3791170
1.5112358
1.9346614
1.9046842
2.9764845
2.4045012
1.7402989
2.6489744
2.2883823
2.1619611
1.2533938
1.4538776
2.0261643
1.2023638
1.4714127
1.3111485
1.4020718
1.2422489
1.3301699
1.2765890
1.1071250
1.1458364
1.1020887
1.7367152
1.0327924
0.9087567
1.4102067
0.8157452
0.9310672
1.9565428
1.0695806
0.7983880
0.7364650
0.8136086
0.6280904
0.8895729
2.2831059
1.3372456
3.2627451
2.3599684
1.5715641
1.0046312
1.4375980
1.0279455
1.0562677
1.3480370
0.5030151
0.6662290
1.2149760
1.4152762
1.5047204
0.3939715
19.9778214
1.9494439
1.3663039
0.3333864
1.0454186
1.0679296
0.8208229
0.9968079
0.5585195
1.3374366
0.7745303
0.4299486
0.8814753
0.3080960
1.2875664
0.4320078
1.1628799
0.7598649
0.6214507
0.4071474
0.7059026
1.3898965
0.6125652
1.0018566
0.6186985
0.8012552
0.4855278
1.4075582
0.5849522
0.4696110
1.4247677
0.3270792
0.3630547
0.1576787
1.1713073
0.7588887
0.5683773
0.2181109
0.5318859
0.2690676
0.1356656
0.4515991
0.7759976
0.5299836
0.5287234
1.2726454
0.6808262
1.4494979
0.9236403
0.3365209
0.4610843
0.7285374
0.9580435
2.2175591
0.7343324
2.2476847
0.5761675
0.3153947
1.1652744
0.4907106
0.3650645
0.1044238
0.6677420
0.9956183
1.5215144
0.5537062
0.1710752
0.7555673
1.4774363
0.3099822
0.2251592
0.3834448
0.3507177
0.1438122
1.0360042
1.5131973
0.4713399
0.8187158
0.8718100
0.3601804
0.1507528
0.3602507
0.2720810
0.5424080
1.5654792
0.5682279
0.7880316
0.5093731
0.6618149
0.2998655
0.1136406
0.7806892
0.2667865
0.3565241
0.7863889
1.1256477
0.3685063
0.8548855
1.3037152
0.5964233
0.6475623
0.1861154
0.9800345
1.5188919
0.0567415
0.3155968
0.2054822
0.5799460
0.6131087
0.9028165
1.5358531
1.1629872
0.1934067
0.9739395
0.5287671
1.5012747
0.9631835
0.5322695
1.0775468
0.4428003
2.0133567
1.6487485
0.8034712
0.5355539
0.3765146
1.8635652
0.7575030
2.0084438
0.5732205
1.3048322
0.6215945
0.5790752
0.5914236
0.8092622
0.9078000
0.6089323
2.4160738
1.1464316
1.2943501
1.5756464
0.6117666
0.9147134
0.3472484
0.9007547
0.7777004
0.0796667
0.2127798
0.3609255
0.8011147
0.7182693
0.4102629
0.1009236
0.3719838
1.3231614
2.5003414
0.9664960
0.8248214
1.6576065
1.3263259
1.0389094
0.4772478
0.7421832
2.2399011
0.9371442
1.4654171
2.0621991
1.0111777
1.1718216
0.9647681
2.6980827
0.8276107
0.8929968
0.9820793
1.0828865
2.4275956
3.3234217
1.5150744
0.8697311
0.9877031
0.4135018
2.5013096
0.6418402
1.9891692
2.5837033
2.5839789
2.0839105
2.5818286
2.1464009
2.5523551
1.3118749
1.1366459
1.8320087
1.2000120
0.6593820
0.7581438
1.0670872
1.1917315
1.3211107
1.6017873
0.8625867
1.2223761
0.2457678
0.3967210
0.7042786
2.8194866
0.5308101
1.5537364
1.6086018
3.1941054
1.7606585
1.3731242
0.6202444
0.6646007
0.4927329
0.3964113
0.8361536
1.2568548
1.0077636
0.7753361
1.2053057
0.2905584
1.5836668
1.1939191
1.4651034
1.2060791
1.3581235
0.3983137
0.4100188
0.5992923
0.9214954
0.8233157
0.2600696
1.1342467
1.1860702
1.1458278
1.2225169
1.7599169
0.9181684
0.4136848
0.7882156
0.9435971
0.5252606
0.5175492
1.2251991
0.7247069
1.9359072
0.9707485
2.5901215
0.9551267
0.5358105
1.3710971
1.0920880
1.4334173
0.7913586
1.2715631
1.0614003
0.1896668
0.2618254
1.3357314
0.2121960
0.8822727
1.1527848
1.0737965
0.7231500
0.8000451
0.7238892
1.4906956
0.1860272
0.5496473
0.5636132
0.7097861
0.9714538
0.5704248
2.3261356
1.6179585
2.0730789
0.9760397
1.7758223
1.6071124
1.5034060
1.2171640
1.4352067
0.9496706
0.7759765
0.6017633
0.7222117
1.0219872
0.8343529
0.4136854
0.2321548
0.4083216
0.1656792
0.5476949
1.0007750
0.7053823
0.9558342
2.8205869
0.9813007
0.9009023
0.4949038
0.6369103
0.7260304
0.3529896
1.1766205
0.3930726
0.3013615
0.0912002
0.4139759
1.3652850
0.6661061
1.2354345
1.1061201
1.1785388
0.3636310
0.2985260
0.7310271
0.3668905
0.5679801
0.8403938
0.5433339
1.2731559
0.2660987
0.8220996
0.7638102
0.5358317
0.5476606
0.7724757
0.5694188
0.3312503
0.6580511
0.3959770
0.2871996
0.8009750
0.8956289
0.4848386
0.5023695
0.4142108
0.6072007
1.2034024
0.1562633
0.3477028
0.8447372
0.3607994
0.4182831
0.8644406
0.2472411
0.8621021
0.1186579
0.9264921
0.5764436
0.4676711
0.2173525
0.3989411
0.3435494
0.1937999
0.4175848
0.5743020
1.0484732
0.2191940
0.6832722
0.4080158
0.4137425
0.3686033
0.2057943
0.5305756
0.4443426
0.1471571
0.3781990
0.7146145
0.5272113
0.0786019
0.3518532
0.9317797
1.3202587
0.1190973
0.6767218
0.8025749
0.2578039
0.2892381
0.7221228
0.8965070
1.4805213
0.8837194
0.3717510
0.8341445
1.4640508
1.0394663
1.1893429
1.1879829
1.1413727
0.6941222
0.5127361
0.7101887
0.0809437
0.3279774
0.4810648
0.6967397
0.6157771
0.1481103
0.5031278
0.2737591
0.7063351
0.9159527
0.4833944
0.5565646
0.7035061
0.1539761
0.3108600
0.3721062
0.4300964
0.5377076
0.5116153
0.3322721
0.0883479
0.2683563
0.6272257
0.5207004
0.0398210
0.3171253
0.5868458
0.3322163
0.1149332
0.4265597
0.3949249
0.9866077
1.1872360
0.6216784
0.4173086
0.4500228
1.2515459
0.5526394
0.7605194
0.4214279
0.6994929
0.6308022
0.5454798
0.9205791
1.1095093
0.6309903
0.8500689
0.8206804
1.1797404
0.5936140
0.2654753
0.9414876
4.2525253
0.3724283
0.5928181
0.6026093
0.3207779
0.8114910
0.3945671
0.5648989
0.0823903
0.3562603
0.8600439
1.1301150
1.5642501
2.1668267
0.7999063
1.4325237
1.7715710
1.2212523
1.9919863
1.3802568
1.7047268
1.0394999
1.4058225
1.7613487
1.1830511
1.8327497
1.9289455
0.8506290
1.6198288
0.9636810
1.0576024
1.7743483
1.5802726
1.3841565
1.5198598
1.2234418
1.6034961
1.4876211
1.9365875
1.6844934
1.1397890
1.6915108
2.0743611
1.9417181
1.5759920
1.5002835
0.9805650
0.9763238
1.0608796
0.9852902
2.0129228
1.5813353
2.5913713
1.9667214
1.8646109
2.4972904
1.0780220
1.2678879
1.6687039
1.5055472
1.6574873
1.8154625
1.7315333
2.2374480
1.6746671
1.5956666
1.9415821
2.2271216
1.9749216
1.7849815
1.1665885
1.6847898
1.4901270
1.1089947
1.9848614
1.1311946
0.8552739
0.4739100
0.7837305
0.8946117
1.0500771
0.5290604
0.7838787
0.9971401
1.0858573
0.7466031
0.7437318
1.5706726
1.1033795
1.8037267
1.0667417
0.8055795
0.1511683
1.4569349
1.2270986
1.9000757
1.0296227
1.7369184
1.4854751
1.1033226
1.3085710
0.6925174
0.9756874
0.9083059
1.3716062
0.5154299
1.0155371
0.5082564
1.1461908
0.5981353
0.9865524
0.7852836
0.1178284
0.3041913
0.1569478
2.0864210
1.5570607
0.4969839
1.2110001
0.6392437
0.4106802
0.1258021
0.5063799
0.6334600
1.1364434
0.4848556
0.9106738
0.2315543
0.9690253
1.0004560
1.2868402
1.0923566
0.7906514
1.0594519
1.0029670
0.0599991
0.7062096
0.4999188
0.6502909
0.5454029
1.0838878
0.1747248
0.5524374
0.9472383
0.8350038
0.6091086
0.3957433
0.3801592
0.9666888
0.6126739
0.8057604
1.2043345
0.8075371
1.4613442
0.9638660
1.0354145
1.3754369
0.8748507
1.2328422
0.4396011
0.1698537
0.8939447
1.3300188
1.4927115
1.1585497
0.3744733
1.5862162
1.4629987
0.9783800
1.2882526
2.1854832
1.8602573
1.0474559
1.5642388
1.3257155
1.3547988
1.3901942
1.7225000
0.6739661
1.4524543
1.0329719
2.1041169
1.9568999
1.9654268
0.9729795
1.2334179
0.8783155
1.3264055
0.3777718
0.7764714
0.8858507
0.9975793
0.7353716
0.3379253
0.8135350
0.3741725
0.5936475
2.2127178
0.3954166
1.6061115
0.1474463
0.3003571
1.0545919
0.7383958
0.8928873
1.5234339
1.5526308
1.2064567
0.5230930
1.2008960
0.8845049
1.1556032
0.2219227
0.3352693
0.1501698
0.1063059
0.5269847
0.3618747
0.7438962
0.5235834
0.2275761
0.5669646
0.1576827
0.6794934
0.4397178
0.5755482
0.5524962
0.7612694
0.6523038
0.5807373
0.6244862
0.5412393
0.5090415
1.4850861
0.8431281
0.6626413
0.8470061
1.2252914
0.8466137
1.2067692
0.6960795
1.1666207
0.8078400
0.1460809
0.8816812
0.3960679
0.4408394
0.5887556
0.0707038
0.4499699
0.3338964
0.6230605
0.3106350
0.3070253
0.6671171
0.4556601
0.5231672
0.2781664
0.5257042
0.9918430
0.7881783
1.0542483
1.2901140
0.3563250
1.6429731
1.7159568
0.6993979
1.0043930
0.2869950
1.5758212
0.4680946
0.5706995
0.7633774
0.5179003
0.9250109
0.7052523
0.5536144
0.2511013
0.4818040
0.5567712
0.5754632
2.0926983
1.7098274
1.7562480
1.8616449
2.1082933
1.9211738
1.0457817
0.4678515
12.9537401
0.6977246
0.4096417
0.6258752
0.4961212
0.7214150
0.6246832
0.8411724
0.9330397
0.5617936
0.3371577
0.6520587
0.4123028
0.3393025
0.0875342
0.5172133
0.5315026
0.8483754
1.2052376
1.1024367
1.0560488
1.0417011
0.9615387
1.0178226
0.7696203
0.7349008
1.0914617
0.8534486
0.8758412
1.2255033
0.9130281
0.3286117
0.4869263
0.7391462
0.6521629
0.5878806
0.4982434
0.3555058
0.4923462
0.3902248
1.1675251
1.2027062
0.8287433
0.9160437
1.0044768
1.8201121
1.7171898
0.6643957
1.7890345
1.9139967
1.0089101
1.5289353
1.2392157
1.4714495
1.5417613
1.8731140
1.2170594
0.9029688
0.4700169
0.6597668
0.7223115
0.1073397
0.7821215
0.6218963
0.1252629
1.1416339
0.8172330
1.3534611
0.9801052
0.9305229
0.4130184
0.5181990
0.6917783
0.4223904
0.3081226
0.3105073
0.3889100
0.8676649
1.0921205
0.5499373
0.3357936
0.7041951
1.4352858
1.3718404
1.0759196
0.7013723
0.4291487
0.1701070
1.0035834
0.7357803
1.1925410
1.2388242
2.1556752
1.9889421
2.2521758
1.9491179
1.4276299
1.0374447
0.7391230
0.3517134
0.0805328
0.1134176
0.5626721
0.2634584
1.0400470
0.5782255
0.6047392
1.1966878
1.6315092
1.4257734
1.6458088
1.4406996
1.4083722
1.2761199
1.2225230
0.3167117
0.1084434
0.2815326
0.7915958
0.6620091
0.8563510
0.6808118
0.4148487
0.8364020
0.1437139
0.5540442
0.1105732
0.8132650
0.7094123
0.5184486
0.7401188
0.4151971
0.0475855
0.6520005
0.3491779
0.4615466
0.4202478
0.0879814
0.0859024
0.5154172
0.4366789
0.3841127
0.4595090
0.6858355
0.3339156
0.2884325
0.4314710
1.0420429
0.1748815
0.4159266
0.5480211
0.7856756
0.6730880
0.6538641
0.4667166
0.7456208
0.6578861
0.2984722
0.2708884
0.0468487
0.2150291
0.3205974
0.3006921
0.1627202
0.2648188
0.6641173
0.1927419
0.5518937
0.8182668
0.9583583
0.3665086
0.2809727
1.5376009
1.2387775
0.7876211
1.5675045
1.3496401
0.2232056
0.5265837
0.5201097
1.1688339
0.9957523
1.5192932
1.0944865
2.3538098
1.3550162
1.7956582
0.5613199
0.3523020
0.6151532
0.9948066
0.5811473
1.4193101
1.1461126
1.0014106
1.3980644
0.8736690
1.3217655
1.9548794
1.8010391
1.7470564
1.3435762
1.6763370
1.1898617
2.1766796
0.5266402
1.2290359
1.3922718
0.9631239
1.8301585
1.6782181
2.2058690
1.4825499
1.3043140
1.7777166
2.0153902
1.7668881
2.1747098
0.6584341
1.1908110
2.2590766
2.2779026
1.1657962
2.5291109
1.8041961
1.4909996
1.4534630
1.8242557
2.5388672
2.6429970
1.6478652
1.1782564
2.3251770
0.8049881
1.3671100
1.4220351
1.8810855
0.9596142
0.1419015
0.4274911
0.4987992
0.1440017
0.3965177
0.1551337
0.3655638
0.3761384
1.3731670
0.7470166
1.0101830
1.4409928
2.5214958
1.2223895
1.6855019
1.9278693
0.7899599
3.3927629
4.1246042
2.6953275
3.5460634
2.8282685
3.5733166
1.3019910
0.3874103
0.3650526
0.8964797
0.8278987
0.9449300
1.6941241
2.9595423
3.1615226
2.4861135
0.5485427
2.8408523
4.4290304
4.1493502
5.2654500
7.4518323
3.5488851
6.4379840
5.4248099
4.7396073
6.8926706
6.0023546
7.0849843
6.2024260
7.5301723
7.0096526
3.8462136
4.9377241
4.0943055
4.8666520
5.6031508
3.9999287
4.4844790
2.0679598
1.3909569
0.3671734
0.6659061
0.2568367
1.7668717
0.4401492
0.8561361
0.5182629
0.2034660
0.7156060
1.4537052
1.4671954
1.3615906
1.9726330
1.8379393
2.1904409
1.6110891
0.3152221
0.4999110
1.0399935
1.3221532
2.0170414
0.8455898
1.4946719
1.1752884
0.0984246
1.0130197
1.2843120
0.5532122
0.5522693
0.6019551
0.9367406
0.3989382
0.4992634
0.3627960
0.3083645
0.9844934
0.4565379
0.0910909
0.9194399
0.9186720
1.1667882
0.2478566
0.9027953
0.8591331
0.6208468
0.4774097
0.6044723
0.8503031
0.7332378
1.1831020
0.1718922
0.5875570
0.3996327
0.7566779
0.5859637
0.3968433
0.4045846
1.0795581
1.0075687
0.2322108
0.1707515
0.1746059
0.6228450
0.6561945
0.3992694
0.3171870
0.6242387
0.4893613
0.3172118
0.4808041
0.3000588
0.2978923
0.7721071
0.2936281
0.2503443
0.8395717
0.5256563
1.4529629
0.7742578
0.4595800
0.5374022
0.4611013
0.4823992
0.3041367
0.5016918
0.3316689
0.2457734
0.2111510
0.2221048
0.2470205
0.4757904
0.1920820
0.3121382
0.2328671
0.0920553
0.2812673
0.4652792
0.2635545
1.2827828
0.7658567
0.5262074
0.3034689
0.5265706
0.0958160
0.7974670
0.6760949
0.3335848
0.3813118
0.4393100
0.6976792
0.3236734
0.0865220
0.3076621
0.2915912
0.1451520
0.0934852
0.3150661
0.3429527
0.3477853
0.9249360
0.4411069
0.0736422
0.3749310
0.1816316
0.0834869
0.4666265
0.5678242
0.3866915
0.2582146
0.6135898
0.4984659
0.3841660
0.2757945
0.3141544
0.2163656
0.0790877
0.5526178
0.5682696
0.5704657
0.8868358
1.0563445
0.6643541
0.5312013
0.6298121
0.6863075
0.6644861
0.9079148
0.8392975
0.6076269
0.4892341
0.6345860
0.7668601
0.4596250
0.6398071
0.9848421
1.6021304
0.4827923
0.2167638
0.3041255
1.1861315
0.5996085
0.2692154
0.2593135
0.6448026
0.2089141
0.0471731
0.4570781
0.0204444
0.1386482
0.2151698
0.2460330
0.2854385
0.1251495
0.0486135
0.5134514
0.4867798
0.9450999
0.6401802
0.8292820
0.3468900
0.5407408
0.6002671
0.8489763
0.1448079
0.2709366
0.5840937
0.1118609
0.4903390
0.1589832
0.9033778
0.6263987
0.3187545
0.6340523
0.8057617
0.2768242
0.0468909
0.3759595
0.3244075
0.2256361
0.5617449
0.3483977
0.3929251
0.2232342
0.1314083
0.3439930
0.5904010
0.8294675
0.4944437
0.2947567
0.3332915
0.2492673
1.2516207
0.4912677
0.9192126
0.3133472
0.3028331
0.5187232
0.3491995
0.4329139
0.5744289
0.7827988
0.8266737
0.7585824
0.4194498
0.5570182
0.3862809
0.3370821
0.6189705
0.5340807
0.3522894
0.6365254
0.3704406
0.2426253
0.4459938
0.3965703
0.4836417
0.4855414
0.7805825
0.1313889
0.7096579
1.0469744
0.9128526
0.1165914
0.8672954
1.5183365
0.6603721
0.7372344
0.4936908
0.3118743
0.1142065
0.5174031
0.2762524
0.5652164
0.6515021
0.5193445
0.4340009
0.6346167
0.9379885
0.1770633
0.6941115
0.6279694
1.5292225
1.6010463
0.8276476
0.2189748
0.2296976
0.4069119
0.3538358
0.4721759
0.1184794
0.9346454
0.4098743
0.3213672
0.3379963
0.9536576
0.5411624
1.0775276
2.0437157
0.1434563
0.5742941
0.1268670
0.8868070
0.5727611
1.3034613
0.9800008
1.2290450
1.9537407
1.5272118
1.5480640
0.2068909
0.8446917
0.3810692
0.6720802
2.0177498
0.7722324
1.0553609
0.8070984
1.4969623
1.1618975
0.4509574
0.6117249
0.3094952
0.8777314
0.3361232
0.6480688
1.0052432
0.2810738
0.4368366
0.2058788
0.5416893
0.8652724
0.5064894
0.7759314
0.9194437
0.7735444
0.5168183
1.3424535
1.4157108
1.1845862
1.4275908
0.9610528
1.0921861
1.1924179
1.1899641
0.8328310
0.7188154
1.1249695
0.7348468
1.1265788
1.2803254
0.9958697
0.6571463
1.4316714
2.0829880
1.9168050
1.7589096
2.6435964
3.3401349
2.3515515
2.0971816
2.0899756
2.6299102
1.9661145
2.9871821
2.3431571
2.4246988
2.9357617
3.2173064
3.2500956
3.2529130
2.3461347
3.5445209
2.1693258
2.2681262
2.7596242
3.1798303
3.0302286
2.7491634
2.6151266
4.1589050
3.0460770
2.8457913
3.0896139
3.0011616
3.4945869
2.7031655
2.2446227
2.2692268
3.2128901
1.9692898
3.8984725
2.7180052
2.5601597
2.2233098
2.6776311
3.1307116
1.5371307
1.6028663
2.6085691
2.0730767
2.8577347
1.1311250
2.2997668
1.9367741
1.7620080
1.4504738
1.8295004
2.6678762
1.3911660
2.6509132
1.2314276
2.1558380
0.9618513
2.0907922
1.1683637
1.9346948
1.9227937
1.5877625
1.6145169
1.9185370
0.8303033
1.4859906
1.4984863
1.4211246
1.2592443
1.7706736
1.5059990
1.8418818
1.2250830
1.3157293
1.1189404
1.0172235
1.5890065
0.1761720
0.3997293
0.6838024
0.2219996
0.6107845
1.0608772
0.6198396
0.5995522
0.6248394
0.3379760
0.7591043
0.6422099
0.9121987
1.2549013
1.0687234
1.5759516
1.6212289
1.0905125
2.1915791
2.1195252
1.5091838
1.1639291
1.3988122
0.8782704
1.3292459
1.6108214
0.9404693
0.8193535
0.5357667
1.1275877
1.6794748
2.2275617
1.2861304
1.2236276
1.7991717
2.3597856
1.3570375
1.3040519
2.9494812
0.6142607
0.1588889
0.3813449
1.7260799
1.4787811
1.2749455
1.6793057
1.4383516
0.9984185
0.3893557
1.3305089
1.4259553
1.2461199
1.1010599
0.6030484
0.5435918
0.7825649
1.3055549
1.2362388
1.4547356
1.8423630
1.2962029
2.0263882
1.1891545
1.3529710
1.4393969
1.9361030
1.9136728
0.8791280
1.2908109
0.9557669
1.0903977
1.4349699
1.1259415
1.0164405
0.8929119
1.4451071
1.2398998
0.6199631
1.6869802
2.4535365
1.2640932
0.4382277
0.3388594
1.2513443
1.2542069
1.4304399
0.7369507
0.3757198
0.7749388
1.2986332
0.8305187
0.8815529
0.3947652
0.6036404
0.9692191
0.2528670
0.4063621
0.5249533
0.8368890
0.8791263
1.0030149
0.4366478
0.3088702
0.2884221
0.4649905
0.3330766
0.6058794
0.3882843
0.4451417
0.6211625
0.1706024
0.1925210
0.4529599
1.2119387
0.7285990
0.3963974
0.1762130
0.2431380
1.4980192
1.3442383
1.0727774
1.2922393
0.9954752
0.7004067
0.6626854
0.0878355
1.1014260
0.5589352
0.8915215
0.2852623
0.8781939
0.6705386
0.3421439
0.2521809
0.8737698
0.3322853
0.6375057
0.4306650
0.7151637
0.9518124
0.6412560
1.0519623
1.2254353
0.5855463
0.4697065
0.1979434
0.2841619
0.0565170
0.0576071
0.4172889
0.2338508
0.6169295
0.6793636
1.2676097
0.9818032
1.4928864
2.0065665
1.2759358
2.3330648
1.3767095
2.2693353
1.1999938
1.5302695
1.8300544
1.4096895
1.3465840
1.8337207
1.7361636
1.8314244
1.9493775
1.8758862
1.2738879
1.8515122
1.3642467
0.5893683
1.2622908
1.1277764
1.2992078
1.3765686
1.0369837
0.7305573
1.0090711
1.1305926
1.5165684
1.1259463
0.7279100
0.9448207
0.9955094
1.0940779
1.0387064
1.2040771
0.9833671
1.2491057
1.1261694
0.8643848
1.0488007
1.3878456
0.8166654
0.5255217
0.6318876
0.5114647
0.6406129
1.7700331
1.9779092
0.8642946
1.0996279
0.9660127
4.2858057
2.3124630
1.9958167
1.6435341
4.2241573
4.1932483
3.1733453
3.6107640
5.2390375
2.8231685
3.5623088
1.8314400
0.8727348
0.3183067
0.3955136
0.2826690
0.5697917
0.5305239
0.6364898
1.0279621
0.4689270
0.4491274
1.9228925
0.5231590
0.9769347
1.9197385
1.7041780
0.7417836
0.4387752
0.4732601
0.9604316
1.0113797
0.4326591
0.8658606
1.2243824
1.3036138
0.7896298
1.1996286
1.4292169
0.9391745
0.9363855
0.4384153
1.6228286
1.9463903
1.1524411
1.4820333
2.2205777
2.3316259
1.6804681
1.3736821
2.3568792
1.8014129
1.1690490
2.1108203
1.5249013
0.9652889
2.2553051
1.2728261
0.9805828
3.1630626
2.2885089
1.1298435
1.2569821
7.5325089
22.9528866
10.3346720
3.3940825
1.0268828
0.7355560
1.2779664
0.3211967
0.2914431
1.1254568
0.8293784
0.9858263
1.1150858
1.2637753
0.2212640
2.0715051
0.6886226
1.8206717
0.1400045
3.0054102
1.3403262
1.7152116
2.6328623
1.8862354
0.6619581
0.3446098
1.0092788
1.2037332
0.4835975
1.5029241
1.3894107
2.7780187
2.3837745
0.6382421
4.8979383
2.5503101
3.0783179
3.8248544
0.1745161
2.3533263
1.3755900
1.5977510
1.2642362
1.7880018
0.5228044
2.3092918
2.4099910
2.5505884
3.0524211
1.5667456
1.6883175
1.4873704
2.6527765
0.4083527
1.9932282
0.5818867
1.6440492
0.6826158
1.2316462
3.6743536
2.2225289
2.1074831
2.3571322
5.6941633
3.3874636
1.2814513
2.7717404
2.4390328
1.6056033
2.4049485
1.1346942
2.7043724
2.0312736
4.4503570
1.7514266
1.5846691
3.2671175
2.9827380
2.4886146
2.3657944
1.9944470
3.4651372
4.5002837
0.5820603
7.7355690
16.1989937
14.3316679
28.8466625
26.0061760
15.5606804
7.3766127
5.5941572
2.7073412
0.2331045
1.4552369
0.5108192
0.5697023
1.4916121
0.7653845
2.4957538
1.2149913
1.5076731
1.0881987
0.8465658
0.6654127
0.8152965
0.8930495
1.5312440
3.8075497
2.1250944
1.9926267
1.9534024
2.0484838
1.3621706
0.6934885
0.7035621
2.2117045
1.7969698
0.7967049
7.1225839
1.7754068
0.7761610
0.5650464
1.0396682
1.2235730
0.6052164
5.3542233
0.9891801
0.5739037
2.8400762
2.4365180
2.9034572
4.4079132
2.7793918
3.2587044
4.7305503
3.9853036
2.5833855
3.5035717
0.4775287
1.0428623
1.5223215
0.2210881
1.3090879
0.2054396
0.6119874
0.5881484
0.4671073
0.5568120
0.5851647
1.1531013
8.5932970
1.9039102
1.7827135
2.3869748
1.6396525
3.7431884
2.4249899
1.8475456
2.0568273
1.2307712
0.4499789
1.3974514
0.7336714
2.8496299
2.8670793
3.1771152
3.5555449
1.7897834
1.1393824
0.5959907
0.3092965
0.4436586
0.4218227
1.0702691
0.5704695
1.9099766
0.6785402
0.5073366
1.4071919
0.7094988
1.9099020
0.2632573
1.3977891
2.0170717
6.3638844
3.7789209
0.2661160
0.1573546
1.9301775
0.4274925
1.3199581
1.0944456
1.5726160
0.7665907
0.2755810
1.0991987
0.5045869
0.2379650
0.7146309
0.9893700
0.3859220
1.5690544
2.1173136
0.6313806
0.0773748
0.1762600
0.7767022
0.8193371
1.9314902
1.9298992
2.3301110
1.3535510
3.5084636
1.1745121
1.6565465
1.5034815
1.8006214
0.1675613
0.3417984
0.7769230
1.6132486
1.2604263
8.4247351
1.4986789
1.1560801
0.3878213
0.7640594
4.1642551
0.6444622
0.8790265
0.6420721
0.8096402
0.4461556
0.0918519
0.0955407
0.5710338
0.3405060
0.2140253
0.2880923
0.2697740
0.3928717
0.3193470
0.2522272
1.0589111
0.9343080
0.2821747
0.0947642
1.3317142
1.5422999
1.1279360
2.2331398
6.7194233
5.3882384
5.4970832
2.5693026
2.5988193
0.3978623
2.3165178
2.7707787
3.3049440
2.4488411
1.1464945
2.1954787
2.5547218
3.9783747
6.5268254
9.1962652
8.3555193
10.2231007
9.1418867
7.2727256
4.9965858
4.5235267
5.4471035
2.5591409
5.8113546
4.1493855
2.2610626
3.0172904
3.1827517
4.9897385
6.4893203
3.2274668
4.5923314
1.6656291
3.7939844
4.7407494
6.6581426
3.4034469
2.4096556
3.7735562
1.3021567
1.7248253
1.8384746
3.5906053
0.9509685
1.7980270
3.1596339
3.2988045
0.5715844
0.7016194
0.7746617
0.6040057
1.0460010
0.9778821
2.0300260
2.5843377
1.7680722
2.0278807
1.7104506
1.3060986
1.2347165
0.5250116
0.8467699
2.7254231
1.6438286
1.0567212
1.9691452
2.4350128
1.7104325
1.9046234
2.9399364
4.4047518
4.3925900
5.1563430
3.4446855
3.8230190
2.5505660
2.2786822
1.3833319
0.0366667
2.4038980
0.4236158
0.7674161
0.1316235
0.4389279
0.4801123
0.4852367
4.8343801
1.3350242
1.0403223
2.2816336
0.6660632
1.7705033
0.5390989
2.2063940
0.7708747
0.4070050
0.2346546
1.0917288
0.4300507
1.9579490
2.8754823
0.7929097
0.6737967
0.3458767
1.0327301
0.1506041
0.6163591
0.9813484
2.3625867
0.6168910
0.3240307
1.4225314
1.6702927
1.2823848
0.4203815
0.2818766
0.8948374
0.4922000
0.8999597
1.1214108
0.9495388
0.4841160
1.2226019
1.3504639
0.3617196
2.7556682
2.5425603
2.7082376
1.7645904
2.8517227
2.3569064
0.9708866
1.0340571
1.6835366
1.7623047
1.5407991
3.2397749
2.2836306
2.1687293
4.1673203
3.0689902
2.2063773
2.7426519
2.3131273
1.3927346
2.1501224
1.9311467
1.2211196
3.0129879
2.2529473
2.0484185
0.6462152
2.3194072
1.3042630
0.9371592
2.5438566
0.6983921
0.6138718
1.2222012
1.0039530
0.6586335
0.9178547
0.0798247
0.5071285
1.1918187
0.2196428
1.1381477
0.4688860
1.9500862
2.1270397
3.2936091
1.7191048
1.6543400
0.8163454
1.3402801
1.9167777
2.3951499
1.0383350
2.0554442
0.6974791
1.2324386
2.9101720
2.1379895
2.0694606
2.4658685
0.9299079
1.4524912
0.8511597
1.0616441
1.5389872
1.1104190
2.4190991
2.8046119
2.5556750
3.0487173
2.4556050
1.5309529
2.3185670
1.9618862
2.6205699
1.8608953
1.2636348
1.5033238
1.1810023
1.0917259
0.7130324
0.6673488
0.5784518
0.5577642
0.2478652
1.1178240
0.3323016
0.4133525
0.9279864
1.8793133
1.3362098
1.3149301
1.7484102
1.7838202
1.6483234
1.3145761
1.1847614
1.1041484
1.1501279
1.7912928
1.3772644
0.7571934
0.7793276
0.9181938
0.6983026
0.5329195
0.5600250
0.9030831
0.0470987
1.4922965
0.3731485
0.5529268
0.7728665
0.4833968
0.8410488
1.0632946
1.4371736
1.8060352
1.2494704
1.4684372
1.0310571
1.2925479
0.7761042
1.0349187
1.1831602
0.8126408
0.4067405
0.7907204
0.9877478
1.4144126
0.8837177
0.9212195
1.1183350
0.5082737
0.4366227
0.8220879
0.4683648
1.1520283
1.4287416
1.2177470
1.8070092
2.0913987
1.9959060
2.4611025
2.5634921
2.5479629
2.8297551
1.9771365
2.5099998
1.3099140
1.5906837
0.8933874
2.6433010
2.2567728
1.6706177
1.9257449
2.1446264
2.2313857
2.3127804
1.2864810
1.0834261
1.7353717
1.8064183
2.1613457
1.4099879
2.7100489
2.0007865
1.7818824
1.1825106
2.3005569
1.1652721
1.9066840
1.5126709
2.0491707
1.3122692
1.9218533
1.8581302
1.6878486
1.8722073
1.4433229
1.5691184
1.5417217
1.2440674
1.7607554
1.7973868
1.1356903
1.3078226
0.9821146
2.0455940
1.4192237
1.8993331
1.3316618
2.2991252
1.7571328
1.5697346
2.0143948
1.8046935
1.2379729
1.3685788
1.4522128
1.5426134
1.8533040
2.0302424
1.5203980
2.0203440
1.9164845
2.3848820
1.6109865
2.0922129
2.3083732
2.6495092
1.8957777
2.1549015
1.9168518
2.3858259
2.4655712
1.7236172
2.2247877
2.1256595
2.3448758
2.0902200
2.3254957
2.0185256
1.8534112
1.3276415
1.5064905
1.9484025
2.0085249
2.2585814
1.4907938
1.3384219
1.7811140
1.9148759
2.5071011
1.8218039
1.4227109
2.3169670
1.7673469
1.5960780
2.3018687
2.3808985
2.0848067
1.3103361
2.2076204
2.1101594
1.7053473
1.8017745
2.3299692
1.6129843
1.3884557
1.7936747
1.5548292
2.3161042
1.5386477
2.1946061
1.9578332
2.3229461
1.7114131
1.4638199
1.6884162
1.7167500
1.9050107
1.1933190
1.4540703
1.4779334
1.9471308
1.7215557
0.7905875
1.6969011
1.9314442
2.3138976
2.1023505
1.6001287
2.1714005
1.4747531
1.3833556
1.8738319
1.4545376
1.8528001
1.7846013
1.6524427
1.7814208
1.1761107
1.2095933
1.4930731
1.8050922
1.3624809
1.6533982
1.7189924
1.8700161
2.0128319
0.9131920
1.9511850
1.5352328
1.5326699
1.5561082
1.5628263
1.7418253
1.2134331
1.6082759
1.7453282
1.3611871
1.4937234
1.7673895
2.2942388
1.7643547
1.7295409
1.1324046
1.2570683
1.7139428
2.2110374
1.2536017
1.5347642
2.1094484
1.6985134
1.0641037
2.2895072
1.0019945
1.5643520
1.7849295
1.2813244
1.3285857
1.3576866
2.0144644
1.7707008
2.1222439
1.7814450
1.8424569
1.8135060
1.4188894
1.2782425
1.3611673
1.3239282
1.9145892
1.5375669
1.5520633
1.6047093
1.5689945
1.7887627
1.9347510
1.5509324
1.4568077
1.6710134
1.7253201
1.8221434
1.7183734
1.4459496
1.4373969
1.7658287
1.7146053
1.4732682
2.0275841
1.8810594
1.6800891
1.5286264
1.7707340
1.7407221
1.5718750
1.3775181
1.4860007
1.6200967
1.7740699
1.3231831
1.9171888
1.5850492
1.6212934
1.3729602
1.9922941
2.0696981
1.5643576
1.6553278
1.1829456
1.7802902
1.7723194
1.3258709
1.8367522
1.7308558
1.4904299
1.8769187
1.9471959
1.6329583
1.5810896
1.8004830
1.7429231
1.5481346
2.7991636
2.3962252
2.1040123
1.5218897
1.1286876
1.1055452
1.6453245
2.1585038
2.6990252
1.8826705
2.5949090
2.9439533
1.8382238
1.4770640
0.7518054
0.4601108
1.0818372
2.2201846
1.1022666
1.2133117
0.2631736
1.4951642
1.5463544
1.2441847
1.7094860
1.9699773
2.2578557
0.8464092
1.8275968
1.3394598
2.0750418
3.0067205
3.3071439
2.3085117
2.7841387
3.7525661
3.1673303
2.0885158
2.2863097
1.4195793
1.2140189
1.5817130
2.3235307
1.3371478
4.0146093
0.8350873
1.3298361
1.8529406
1.6547194
1.9085433
1.4266425
1.6206852
1.0912312
1.9835006
2.9493616
2.6227615
2.2370167
1.8481116
1.3898915
0.3829014
1.2195846
0.5658236
2.4191053
0.1733775
1.6284009
0.8707044
1.6608497
1.9217236
3.6099448
4.2720027
3.9715900
2.6110446
1.3615481
0.7872812
2.0596395
1.0236839
1.8361434
1.2213312
0.8802786
1.4179013
0.6618553
1.5384452
1.1449493
1.6555483
1.2057310
1.5272026
1.9611714
2.7843750
2.1366127
1.6815094
2.0399895
1.2440842
1.3571312
0.8575267
2.5295494
2.8240278
3.4824910
2.8503611
2.8806438
1.3085788
2.0495946
1.1122848
2.1016929
1.8292797
1.2267581
1.0786589
0.9101153
2.2812023
1.1077168
0.8306606
0.7241678
1.0365999
0.2472725
0.9617015
1.8340899
1.3911709
1.3418745
0.7766482
1.0882820
1.0672072
0.8904627
1.0465719
1.1090999
1.5935034
1.0240172
0.3354288
0.4363407
0.3645788
0.4843832
0.3431962
0.6998519
0.2070452
0.5224608
0.1711068
0.6986783
0.8073170
0.1195597
0.2281453
0.8060893
1.1864009
1.0275700
1.2149792
0.9262210
0.7846507
0.9448866
0.4348623
0.4193827
0.9468063
1.1049016
0.7943637
0.6163327
0.8026830
1.6119198
0.6588625
0.5284190
0.3092636
0.8420231
1.1210719
1.0494747
1.7343328
1.1575089
1.5746650
1.5305432
1.5993518
1.3338169
0.8618243
2.8233571
1.4776874
0.8531133
1.8757263
1.4235756
1.4384620
1.5860002
2.0282793
0.5897274
0.4337366
0.8376284
1.2184778
1.3062283
0.6652157
0.9106053
2.2902100
1.8518287
2.3638563
1.8612391
2.8766623
3.1687326
1.8227056
1.3418902
1.2853351
1.7541633
1.8792551
1.3446916
1.4992425
1.1751988
2.3081069
0.7176507
0.9355325
1.1729783
0.3120417
3.1403329
0.6436846
1.6468340
0.4343265
1.0309783
0.2711187
0.3945692
1.1496438
0.3694514
0.5754980
0.8267274
0.5679302
0.2257994
0.6300287
0.5454564
0.3560239
0.5096539
0.6284241
0.5463504
0.3348008
0.7194493
0.2498849
0.5007434
0.5635386
1.2084916
0.8009808
0.4501819
0.3741703
0.2287118
0.5669442
0.3784744
0.8853812
0.4222707
0.4233167
0.2848890
0.4363260
0.8560080
0.6344432
0.6277722
0.7225211
0.7468591
0.9022461
0.3302692
0.5501462
0.7752856
1.1520114
1.2005761
1.5994536
0.6551518
0.4896867
0.5067080
0.4645002
0.2587654
1.0501659
1.0268277
1.4088668
0.1555339
0.6519766
0.7235538
0.9034150
0.3416410
0.8522494
0.3659568
5.8821373
0.6150866
0.6992757
1.0013037
1.5391620
0.6747623
1.0389715
1.1137739
0.7953141
0.9249684
0.9887777
0.5015999
0.8580394
0.8220569
0.6975588
2.3210113
0.4180859
1.2766590
0.7454724
1.5350741
1.2907859
0.9244576
1.2181239
1.8504504
1.0007139
1.7861077
2.5493748
1.5861628
1.4804587
1.2737330
1.5190066
1.0233833
0.4703926
1.3839321
1.1099375
2.6014347
1.6200125
1.4338783
0.4206266
1.3578904
1.7469348
1.3808117
0.6461005
1.2269301
1.9275949
1.3191148
0.9067760
1.1810708
1.5070285
0.7667392
2.0069549
1.5956340
1.4769604
1.0974689
1.3877308
1.2567528
0.6023610
1.4149535
1.4825448
1.5182804
1.4902287
1.5126250
1.0983474
2.5130854
1.3607384
2.0042255
2.5422943
1.9626467
3.5712154
3.0641272
3.1197584
2.0217326
2.7999091
2.4294693
1.3971760
4.1404557
3.5166850
2.4980726
3.3378756
1.3930514
3.7478347
3.1895366
2.2808759
1.7355806
1.7782868
1.3490053
2.6049318
0.4792541
1.0555543
0.5296517
0.9504607
1.6659745
0.9143206
0.8119740
1.1239901
0.3934305
0.9804147
0.4027641
1.4912567
1.1195887
1.8325888
0.8771286
2.0017419
1.3391429
0.6415720
3.0582871
1.4812909
1.2519081
1.5016764
1.2698928
1.9642485
0.5361928
1.0030203
0.5849143
0.8936466
0.7480648
0.7957297
0.3772357
1.5758550
2.7662046
1.2036835
2.0468385
1.7945750
1.6911492
1.4365509
2.2712331
1.9791538
1.4204655
1.9306899
1.5038887
1.9458575
1.1376343
2.6448429
0.9905260
1.7947456
1.1981801
1.2882777
2.5594997
3.2021577
2.6541450
3.3489738
2.9143565
3.8381300
2.6535177
2.4272239
1.8747603
1.6602832
1.5301654
1.6120309
1.4734330
1.9657505
1.6428111
4.7212839
1.2687801
1.0863227
1.9520020
0.6538311
3.1439667
0.7673974
1.5350984
0.2989227
0.4361615
0.5598366
0.6216838
1.4209502
1.0845559
0.6623429
0.3761286
1.1818824
1.0063868
1.6814282
0.3039140
1.3022566
1.9945880
1.1528565
2.3150129
2.7303557
1.3673882
0.7801566
0.9722556
0.1876278
2.2592649
1.1199836
3.1779106
1.4029007
2.8721666
1.0815802
2.5138478
1.0612806
0.7519389
0.9409140
0.9809145
7.7476549
10.0679493
11.3987923
2.7262342
1.2388231
0.8553345
1.9965450
3.8226140
5.2597756
2.5085213
1.2557595
1.1975322
7.9410925
6.1920805
5.9457021
2.3738286
1.0052836
1.1270651
0.8818910
1.1620528
0.7345973
1.1037194
0.9042951
2.0358026
2.3726180
1.6086724
0.5097023
0.5392647
1.4392912
0.3052440
1.4116082
0.8188764
0.7831517
1.2456268
0.8801278
1.3233907
3.1295538
1.2252129
1.0805296
0.7893724
1.5612996
0.6630909
1.6534797
1.2283000
2.3477995
3.9651251
0.6063017
3.5874417
0.6969324
1.9483979
4.7691011
1.4632809
1.5485585
2.6860161
0.2092818
6.3236399
1.5309597
1.4685814
0.7880223
1.4615916
2.1653953
0.4886850
1.0960695
1.4886647
1.4238843
0.6001059
2.1493375
1.8886050
0.8080460
1.0343416
1.3967592
1.2735436
1.5332568
2.2345967
1.5347559
0.9911624
0.2993636
5.5399032
6.7126355
4.2642856
0.6513071
0.2844498
0.7060232
3.5335245
3.5746269
0.9187226
2.3735797
0.0978232
0.6521330
0.6089142
1.4615341
0.6227375
0.4973364
0.4980173
1.2340646
0.8651150
2.1762764
2.7648492
2.6827307
0.8034760
0.6888021
0.9337204
1.0097927
1.0549328
0.6577171
1.5116502
1.9461149
1.8526201
0.9355493
1.0364242
1.5048786
0.8510128
0.7734100
0.6601130
1.7580333
1.0806440
0.7395613
1.7335253
0.9945719
1.1208154
2.4483960
0.9539838
0.5659491
0.5177910
1.4885651
1.7518625
0.8663796
1.3913759
1.0042912
2.2057669
2.5214198
1.9248449
1.7144809
2.0890191
2.1738069
1.3648901
1.6141841
1.9159374
1.9832008
2.2290194
1.8114747
2.2765043
2.4889729
1.8001120
0.9482529
1.9740525
1.3638811
1.5995020
1.2123822
0.8847595
2.5533824
1.9845216
1.5617245
1.7680988
1.4462332
1.6022556
1.8868604
1.8847343
0.9028597
1.0436977
0.4241223
0.4336222
1.0240537
1.7254162
1.8673866
1.8013712
0.9871140
0.9938881
0.6005631
1.2514392
0.7431124
1.1723992
1.2175878
1.5782559
1.0296798
1.4746534
2.3309891
1.1357473
1.1055123
2.8556356
3.2489924
4.5923729
3.1998186
1.1313878
1.2741910
0.4689999
0.8353300
0.3336751
1.0042479
1.0127767
0.6455029
1.4712930
1.0583391
0.6219223
0.8808301
1.8695627
1.1090627
1.7446824
1.7553812
1.4256811
0.7276636
0.6704748
0.3207968
0.4720530
0.2131094
1.3246173
1.2811823
0.8762039
1.0598297
1.4055051
2.1875858
2.8357379
2.2739415
2.4252894
1.9122205
1.6885518
2.0241675
1.2334738
0.2957572
0.8508851
0.7535555
0.3822851
1.0873780
0.1985057
1.1960969
0.6053613
0.7716113
0.5857000
0.9143074
1.7223494
0.8965180
1.1320683
0.5838785
0.4352315
0.4335229
0.9808440
0.1987204
2.0067744
2.6730824
0.4002654
0.2964933
0.7063265
0.4059442
0.6491894
1.0275396
0.8069913
2.5083871
0.6169185
0.7769209
0.9998296
0.5529690
0.5630274
0.5752070
0.4712527
0.7777680
0.9734719
0.3165557
0.9774758
0.2634129
1.2259812
0.3525780
0.5619206
0.1775306
0.5923796
0.3699142
0.4404996
0.4967512
0.7714310
0.4828464
0.3067732
0.6360456
0.7169114
0.8444443
0.8322010
0.3398367
0.3376535
0.5495151
0.5595689
0.6282929
0.2616004
0.4544404
0.5407665
0.5578083
0.5118088
0.2059714
0.3517394
0.6667411
1.1601179
0.4783130
0.3061515
1.0002366
0.8077430
1.1272836
1.3903590
0.2961488
0.4891090
0.3458410
0.7798349
0.5624275
1.9355304
0.5410131
1.0439063
1.1868690
1.2025484
1.6947559
0.9835804
1.6454680
2.4026027
2.3446920
1.4525474
1.1336042
1.3813148
0.6988559
0.8688328
1.0659487
0.5315049
1.5363492
1.5806086
1.1697782
0.6285464
2.1590648
0.7880549
1.5642904
1.3480961
1.3230522
1.4990859
1.0707898
1.3780050
1.3920363
0.3057075
0.6600856
1.5158312
1.3148960
0.8128430
1.6736370
0.8769382
0.9433759
0.9724461
0.9886410
1.8145206
2.2204401
2.3185470
2.9761133
2.1798761
2.7312632
1.9689366
1.7477565
1.5073028
1.0372194
0.9335226
0.9660923
0.4934431
0.7639817
0.2276210
0.8678340
0.6766423
1.5354488
0.9322096
0.4853145
1.2861371
0.4724683
0.2320439
0.6359516
0.7582074
0.2162467
0.5132686
5.2158327
0.2213695
0.7682937
0.4575051
0.4486268
1.7108767
0.7629942
1.3045325
1.9837443
1.6637622
1.9957474
2.0493507
3.0299704
2.9383266
1.9955288
3.0486205
2.1418862
2.0328376
1.1696715
1.4646251
0.8473804
0.8037085
1.2182740
0.8921614
0.3228549
0.5969329
0.2635061
0.7389038
0.3441120
0.6491132
0.5782939
1.2759198
0.1218771
0.4145394
0.6278523
0.5439235
0.4542606
0.5705384
0.4662696
0.5548931
1.4137481
2.1995726
0.2482967
0.1989977
1.0241926
0.3191013
1.2167754
0.9800828
0.7620653
0.2810475
0.2129661
4.2797451
0.5069191
0.5834292
0.7907608
0.7359461
0.6143043
0.0882104
0.1949027
1.9255651
0.1878762
0.8605043
0.9800146
0.2346660
0.1892243
1.0496153
0.3753484
0.4904187
0.3819459
1.3857584
0.4430727
0.1313847
0.1323395
0.4065172
0.2958100
0.8196411
1.0365758
0.3376147
0.3143970
1.0841426
0.6049322
0.8091365
0.6145539
1.1097099
0.4185161
0.2477949
0.2834779
1.6394402
0.9331573
0.1734326
0.6524585
0.6662691
0.4941568
0.1288592
0.9377444
1.5308150
0.6323027
0.4792346
1.2026347
0.4342766
1.0524023
0.0548366
0.9533912
0.5754993
0.9565059
2.3122950
3.2714498
1.6000214
0.2436874
0.9278165
1.2842902
1.7777172
0.1729549
1.2338923
0.2909568
0.6798412
0.7461857
0.8102351
2.2193751
0.8225265
0.4077810
1.3278102
0.4521014
2.6123507
3.1387193
1.8775895
1.5275722
1.8432944
4.3286538
1.0925251
2.8269544
1.7750006
1.1301908
1.7887758
1.1360627
0.2079982
1.3473516
1.1738390
1.9381630
0.8285015
0.5977837
0.6238499
1.2129321
0.5431697
3.6234875
0.9556323
0.5995142
0.2550113
1.1517681
0.6665392
0.9267780
0.3222688
0.9809368
1.7121073
1.7902080
1.1597835
1.0668480
0.2870900
0.3236638
0.7263223
1.2516832
0.6585894
0.4248856
0.6955860
0.4502608
0.4398582
1.1014035
0.5792995
2.3568578
2.0615122
0.0859587
0.5468174
0.1186480
0.3007858
1.0390348
1.3437561
0.1468406
0.2944150
0.7879623
1.9476875
0.8736798
1.7787024
0.4823007
0.7279159
0.7757733
1.4256287
0.3623780
1.3956221
0.5145550
0.2147128
0.5853660
0.3774820
1.4969436
1.1304560
0.2591077
1.2963847
0.2986429
0.0796139
0.5146405
0.3180315
0.3575419
1.3921957
0.1223262
0.9232454
2.4319930
3.2605872
3.4676912
3.0465155
3.8362958
0.7123829
0.6892428
1.6950696
0.3609526
0.5347385
0.7538723
0.6829150
1.9254301
1.4973186
0.4080031
3.2730932
0.2201317
2.0776320
1.6867157
1.2198348
0.5928673
0.6787891
3.1165714
1.6051608
0.3897058
0.9891853
0.2343791
0.5794009
0.3663429
0.1937182
0.8034889
0.4576564
0.9274063
0.3295263
0.8811482
0.7907528
0.7718887
0.3348329
0.4003831
0.1888213
0.2118740
0.6303558
0.1051278
0.7419260
0.7254055
0.8899434
0.9772474
0.5970147
1.2178872
0.9915545
0.3956933
1.1301172
0.4093440
0.4646301
0.6499449
0.3632258
1.0589298
0.8838741
0.4886396
0.2946084
0.3806263
1.5773382
1.2633536
1.5321940
1.9630800
0.8149559
2.2017760
1.9098116
1.0938607
0.9706296
1.5658555
0.6725691
2.3872774
2.1063802
1.7929435
0.8856487
0.3521577
0.7713115
0.7445867
0.8237692
0.6417751
0.6870905
0.7712700
1.4328703
1.0287870
0.5833542
0.2948091
0.5328776
0.8510556
0.5745710
0.5511718
1.8197223
0.6854544
1.8262752
0.4324135
0.9426615
2.7554424
2.3499780
3.4676013
0.9243178
1.7282603
0.2829948
1.7385927
1.4063531
1.8225987
0.0990926
0.8473125
3.9473002
0.5426915
0.3871115
0.6675902
0.3239293
0.3374134
2.1243482
1.4267845
1.5324395
1.2875538
0.7266003
0.9185529
1.0390966
1.7520838
1.2410702
0.9458005
2.1755617
1.0886321
1.1727557
1.2619468
0.4553657
1.4838493
0.6671646
0.6882434
1.6362303
0.2399950
1.2634468
0.8115466
0.5454558
0.2097754
0.7038487
0.5207052
0.2843762
2.1213353
1.2013452
0.1865297
0.4675781
0.6717395
0.8090954
0.0928361
0.4908097
0.3494379
0.4435337
0.4958674
0.6239013
1.7747082
0.9096763
1.1834311
0.6657322
0.1520861
0.5094652
0.5403481
0.6294590
0.2751378
0.4683287
0.4592925
0.3916840
0.3106522
0.6583003
0.4791924
0.8738189
0.2239356
0.2499654
0.1426520
0.1669934
0.7242911
0.6892452
0.5034733
0.7913263
0.5436011
0.6260853
0.6760746
0.6035455
0.6160401
0.2963514
0.6167147
0.6772053
0.3154112
1.1131001
0.1983681
1.2131279
0.4952900
1.0359553
0.8552402
0.8474547
0.7442965
0.6227711
0.6258005
0.6782048
0.2116599
0.7545711
0.8770214
0.5539156
0.3753239
0.6069291
0.2290963
0.6751191
0.1291863
0.0956545
0.4817705
0.7460895
0.4488407
0.2981130
0.3256492
0.6726109
0.6828431
0.8572041
1.6494443
0.5508001
0.3523794
1.1489977
1.1641898
1.1929820
0.1164114
0.1313053
0.6532487
0.2240906
0.8507737
0.5707111
0.4318332
0.5785589
0.5963448
0.7968308
2.4376488
3.7288342
5.6695342
1.9856192
0.6717337
0.6730391
0.3997737
0.9583998
0.7322541
0.6772646
1.0089509
1.2399026
0.7646545
0.8720729
0.4256302
0.5596208
0.6553444
0.9105240
0.5357178
1.1010152
1.0719534
1.3431830
0.8854520
0.8864254
1.2257100
0.8554724
0.3909463
1.2766045
1.8878014
0.7310963
0.1812947
0.8389219
1.5493563
0.5652080
0.8566798
0.8472980
2.2252297
1.1707741
0.8813146
0.8812697
1.6138442
1.7467680
1.4529494
2.2493200
2.6599255
3.0149305
2.4528599
2.0534523
1.6519083
1.1572546
0.4390737
0.7615392
0.7309286
0.9012787
0.0377876
0.5784848
0.2228523
0.1407019
0.7947339
0.6237125
0.5420017
0.3127770
0.2948256
0.4985419
0.6444029
0.5695235
1.3153912
0.8001469
1.2396483
0.4512204
0.5981680
0.4550302
0.7127435
0.5386386
1.1140947
1.0189829
1.1025220
0.6084458
1.1804631
1.4478520
1.7514012
1.3681499
1.4541798
1.1960062
1.0930858
1.1522897
1.0479429
0.8919942
0.9489418
0.6067696
0.6008024
0.5450479
1.7034763
1.5732980
0.9455678
1.0645853
1.1509782
1.2264330
1.0750732
0.7989722
0.5183032
0.9883435
1.2992901
0.2870621
0.8068649
1.1017419
0.2745917
0.4341081
0.5044049
0.8390399
0.7206097
0.7501090
0.3995388
0.4684322
0.8876918
0.8983454
0.8673874
0.6444288
1.0434949
0.7517635
0.6797470
0.6888078
0.7924978
0.6652761
0.9355638
0.9173831
0.4943353
0.6393267
0.8206212
0.9964139
1.2446103
0.8628162
0.8413758
0.7820480
0.7632623
0.8311363
0.9249915
0.7714666
1.3262198
0.8465419
0.9914936
0.8886623
0.8543858
0.9409155
0.9054123
0.8216228
0.7339184
0.8055113
0.8291113
0.9985400
1.1226758
1.1396573
0.8893496
1.1064284
1.1120214
0.8239377
1.0580409
0.7295623
1.0703899
0.4569147
0.7477035
1.0160793
0.9943464
1.0773522
0.4830260
0.9835206
0.9978049
0.7003678
0.9005036
0.9437881
1.0225308
0.9927580
0.4582965
0.9455459
0.6515466
0.6616923
0.9223083
0.7573689
0.4500869
0.4906512
0.9072316
0.9657805
0.3914099
0.9493460
0.9398785
0.8909995
0.8008817
0.9820348
0.8390059
0.8259194
0.7481002
0.7535809
0.8214775
0.9689374
1.0237608
1.0281789
0.9634599
0.9801226
0.8262754
0.8638445
0.8203154
0.9302336
0.6892633
0.8399372
0.7976741
0.8756196
1.0189236
1.0304890
0.8961553
0.8384451
0.9109254
1.1280086
0.4952333
0.6699889
0.7094777
0.6870998
0.9517362
1.1435119
0.8020886
0.7111896
1.0917248
0.9906209
1.1900691
1.3245072
0.8236246
0.9929690
0.8304065
0.5290816
0.8155211
0.6805390
1.0095232
0.8981564
1.1264677
0.6107498
1.2518423
0.9556007
1.4060692
1.6080651
0.9444876
0.8699582
0.9564710
0.9699966
0.8419732
0.8313078
1.1995670
1.2706585
1.7591944
1.2919426
0.8832452
0.5650542
0.9228118
1.1010070
0.5022151
0.8542769
0.7789508
0.9083521
0.9346964
1.0064207
0.7187897
0.9795657
0.6908189
0.9026874
0.4926523
0.4683603
0.3838169
0.9490972
0.7008144
0.4651415
0.7285727
0.5918922
0.3583629
0.7872694
0.7292811
0.2994378
0.9929005
0.6119688
1.1858890
0.8900922
1.0207090
0.7925907
0.9292799
0.8910436
0.6983340
0.9839496
0.7942047
0.8104724
0.5783427
0.2784803
0.2724077
0.3057278
0.3755626
1.3006645
0.5829998
0.4056487
0.2152940
0.7007542
0.4902621
0.6388931
0.3469523
0.4150230
0.2600887
0.2513917
0.5088331
0.3941081
0.1100768
0.6062896
0.7024482
1.2681670
1.2725326
1.0270391
0.9906449
1.1664208
0.9765907
0.9121763
1.3627238
0.8989627
1.0666012
0.7334064
0.9155814
0.3539569
1.0605470
0.8136894
0.3507416
0.3536445
0.0967903
1.3062375
0.9930032
2.3496358
2.1268895
1.8616967
2.7675180
3.8456109
2.8175189
2.4702575
1.7721703
0.9784437
1.4708802
1.1699755
10.7618656
0.7748792
0.7177144
0.2903132
0.4519490
0.7031575
0.6707309
0.4322908
0.9208054
0.6140143
0.8873766
1.1873267
0.1193625
1.1207179
3.1737247
0.2242815
1.1018913
0.6959875
1.8021525
1.3181328
0.5223951
1.1443863
1.4650469
2.1884284
0.5299104
0.5643576
0.9849018
1.9453042
0.8445468
0.3340907
1.6685889
4.4732647
2.6157932
1.3425014
2.4686911
3.3638043
3.2448747
4.1069942
3.2055683
5.4848962
2.9817555
1.7048143
2.3112595
3.5714622
2.7523158
1.9604121
2.4294376
2.2701824
11.8101473
1.6038489
1.8084532
1.1310978
0.6686378
2.5373652
1.1603055
0.7563338
2.5031533
1.4599854
2.3054543
0.6639648
2.8526125
0.6344809
2.4430153
1.1095204
1.8680233
0.8104005
1.0512191
0.2614473
7.9892135
0.7750505
1.0063081
0.8614782
0.6626445
0.8735135
0.9941919
1.3493938
0.9546152
0.8834491
0.8080539
0.6891239
0.4493262
1.5377496
1.7032958
1.4233066
1.4345086
0.5449345
0.4849848
1.4024805
4.1097980
1.0682281
1.2323009
0.2481206
0.1765950
0.8160508
0.6579173
1.7791644
1.3859558
0.4402318
0.7132284
1.2691801
0.2365758
0.4415963
2.0511420
0.1809035
2.1483650
0.4050698
1.2794652
0.4293957
4.6717815
0.9525846
1.2501273
0.3495908
0.5940517
0.7410054
1.3367350
0.1494644
0.2147865
0.1636613
0.0712191
0.2720602
0.8156480
0.8974617
1.2139626
0.2810740
0.8506755
0.7928562
0.2017336
0.6864176
0.7543690
0.7241315
0.4945128
0.5782540
1.0554578
1.4268901
0.8776475
0.7660252
1.0638376
0.4970180
1.6382371
0.7269977
0.6786902
0.2898312
1.7829249
0.7776008
0.7123536
0.8651366
0.9163020
0.9346261
1.2402869
1.3522085
1.0520086
0.8208397
1.0153555
1.9084369
1.4704767
1.1056187
1.1874393
1.3430364
1.5045226
0.9008033
1.3773977
1.3956246
2.0491493
2.7011986
1.8167306
1.4977287
1.0716867
1.1234246
1.2582195
0.7914421
1.3362324
1.2094483
1.6576009
1.2862241
1.6662648
1.4264045
1.6716583
1.2778605
1.8876866
1.4430580
1.7875681
1.9232380
2.0505199
2.3077204
2.0647485
2.1064036
2.4162498
2.3718166
2.8719804
2.9705002
2.1216950
1.9705166
2.2426610
2.6068234
2.3747749
1.5980525
1.1314726
1.4415379
2.3471072
1.8301188
1.8709153
2.5833325
2.6040037
2.1781785
2.2014539
1.8092263
2.8823709
2.4098783
2.6322672
3.3558469
2.5748098
2.9250546
2.4180412
1.9754330
2.2049766
1.5287253
1.6308503
2.4395740
3.1317079
2.8304265
2.7244017
2.5598557
2.0723197
1.7543881
1.1395192
1.1017643
1.7712851
2.2102447
1.7023147
1.9934319
2.2919302
1.4710526
0.5718614
0.5459387
0.5562738
0.2802468
0.4790431
0.4054781
0.4121017
0.5421526
1.6486604
1.2440491
1.1149579
1.2628607
1.2371345
1.1585395
1.3015072
0.8923920
1.0890326
1.0000751
0.2020701
0.6352214
0.1612128
1.2019874
1.2934227
2.8256073
2.8143432
3.8027329
3.3309689
2.3376465
2.7835925
2.7855411
2.7723131
1.8348069
1.9324394
3.5540011
1.9864510
2.0997159
1.0768396
0.1555422
1.0840167
2.0584567
1.9548851
0.1509906
0.8120676
2.1879740
0.7452773
1.4190934
1.1617398
0.9890105
1.0166845
1.9102694
0.7639565
0.5350741
0.5909256
0.5657312
1.9512485
0.8925367
0.4837469
0.7687150
1.3088080
0.7161185
1.1970788
2.3972971
2.9595582
1.5311918
1.0702428
1.0877450
1.5395385
0.7350668
0.6018091
2.4253287
1.1747568
1.0533437
0.8826026
0.1485152
0.4962859
0.7739385
1.1602046
0.9794012
1.0404786
1.9076908
4.0633307
1.0393910
1.4200573
0.6996068
1.1290659
1.3149387
1.0978216
0.2250644
0.2703305
0.4862726
0.6225454
1.0556861
0.3828026
0.6044366
2.2344711
0.8184434
0.3639056
0.4025869
0.6121382
0.7730982
0.3986035
1.2153419
1.4455056
1.0615571
1.1001238
2.0825975
0.4049852
0.2753116
0.7695712
0.8088264
0.1080987
1.1079708
2.4240153
1.5328268
1.0512975
0.2053481
2.4844947
2.2961986
1.9875633
2.9117937
5.2541699
3.6825137
0.5279846
0.4796617
3.0273323
0.8727146
3.7207432
2.1868699
0.8655888
3.7368922
2.1360629
0.1427401
0.7511116
0.5186265
1.9905461
3.2414930
2.3848279
2.8430417
2.0320778
3.4987648
4.7192278
2.1491332
3.0461352
3.3331013
2.5802736
0.8200041
2.7437377
1.8431174
1.4477444
1.5884668
0.6358547
0.0943327
1.2615788
1.3085915
0.5240744
1.1788433
0.8996978
0.4279485
0.8661656
0.3853044
1.2902416
0.9867937
1.2135863
0.6780271
1.1022180
1.0112789
0.1802825
1.3363190
0.5522744
0.2072653
0.4948591
0.8874579
1.6205723
1.3932673
0.1538960
1.4038708
0.7836068
0.3493164
1.4740536
0.4391812
2.8471553
0.4249677
2.1707370
0.7015893
0.4354168
0.2121796
2.0717340
4.0112743
1.7227621
2.1014678
1.2544158
3.5031548
2.3302076
0.8597425
1.1138911
0.5772980
0.8139142
0.4992516
1.9912421
1.3719780
0.3872828
2.3562834
2.4607294
0.6907742
0.8470932
0.6368162
1.0582472
0.9161351
0.6507729
0.7832523
0.4829375
0.6646191
1.6485699
0.5185812
2.0849054
0.4647462
0.5240366
0.4165770
1.6756469
0.3332060
0.2810409
0.9020122
0.6777995
0.3335323
1.2353603
0.4731793
0.4602564
0.9894193
1.1243163
0.3879215
1.2359033
0.5580308
0.3815383
0.5985708
0.4786491
0.5103186
1.2309941
2.8041840
0.3597297
0.2893084
0.7570255
2.7086353
0.1912569
0.5856980
0.2747824
2.4718525
0.7652920
1.6486479
0.6109876
0.6444451
1.0762159
2.1747410
0.4737248
0.6923101
1.5710838
1.0872557
1.2425684
0.5126290
1.6112095
0.8254923
2.1820321
1.7722751
0.5786517
1.8397452
2.0974212
0.4857915
1.9368426
0.8522671
1.0579209
0.6127323
2.9744194
1.4770259
1.4984709
1.2901841
0.7814549
0.8986133
0.6657024
2.0583904
2.1824183
2.4701343
1.8377420
2.2546945
0.5553581
2.4070599
0.5358920
1.5095905
1.4743630
1.6835072
0.2657631
0.5033475
1.5037960
1.3494055
1.5680398
2.2127333
0.8886879
0.6885630
0.2553244
0.2304224
0.7463173
0.3138397
0.2124200
0.1234890
1.4275208
0.3906508
1.1458818
0.7337896
0.7904080
0.5467826
1.7676172
1.3384441
0.6947982
0.3272018
0.3248480
0.6476096
0.8081380
0.9786137
1.1299675
1.1279981
0.4954810
0.7091859
0.3256208
1.2835082
0.9063795
1.6432123
1.0654444
0.5616669
0.2171232
1.2876755
1.5042082
1.0936495
0.5817813
0.7868133
1.0085218
0.7734495
1.1014373
0.7614517
0.2240042
0.5569021
0.6844118
0.6314934
0.6957522
0.2087661
1.2041692
1.2488157
0.6350940
0.3673571
0.6140900
0.5139317
0.8661441
0.8989368
0.6295398
0.7866171
1.1801631
0.1358648
1.0006307
0.5412006
0.9099277
0.5423702
0.5287790
0.2145469
0.1012222
0.8083526
0.3976657
2.8868675
1.7842653
2.4838476
1.2517792
1.3342073
2.3170285
0.4914887
1.7830862
1.8131597
0.6380426
1.2753115
0.4790032
0.6465109
0.2326083
0.9061847
0.9726680
0.3962157
0.5898650
1.3260535
0.3912984
1.3628342
1.0609460
0.5748985
2.4223387
1.4480098
1.8446862
0.8381536
1.3479548
2.0525033
2.2215366
1.5644332
0.8354301
2.0558641
2.1943688
2.5693619
3.2517426
2.3024089
1.8185173
2.0406177
2.2575488
2.3287377
4.6964617
1.7926338
1.8678123
2.5231709
0.7656131
1.6647357
1.2420098
2.0634429
1.0242245
1.6396909
0.7946791
0.6377752
1.2488319
1.5136349
1.1559112
1.6741123
2.0221353
0.9690877
1.0767248
1.7007394
1.8777870
0.9274291
1.4922396
0.8638587
1.0193573
0.8528447
0.6517574
0.8763754
0.9554400
1.3534850
1.2421867
1.1564178
1.2424364
0.7353861
1.2819840
0.6342573
0.6744747
0.6675691
0.8098007
1.0502380
0.4817414
0.2485811
0.4435960
0.6588091
1.2790332
0.6673897
0.9535393
0.4103101
0.6337124
0.4741639
0.0629338
0.6218465
0.5936817
0.4192376
0.5831243
0.6481372
0.5378696
0.3482738
0.3426324
0.6769280
0.9302064
0.1222212
0.8911283
1.3647039
1.7507133
1.2477525
1.2741899
0.3653049
0.9736100
0.6499644
0.4998898
0.7383564
0.4786661
0.6261404
0.8376669
1.6703188
1.1612991
1.6113280
0.7866200
0.7859549
1.0098817
0.6599340
0.3627751
0.9099702
0.5534259
0.7220093
0.4674467
1.3475558
0.6721210
1.6539211
0.9270151
1.7348644
0.8892528
1.0493915
1.1160477
0.6636738
0.5040697
0.2784452
0.8570215
1.4085236
0.5863802
0.5616906
0.6938410
1.3000412
1.4577570
2.4396648
2.6056280
1.8112307
1.8596909
2.1171558
2.2685513
1.7958485
1.7701621
1.8392386
1.0293919
1.2666875
0.3878722
0.6885961
0.3139056
0.1204846
0.3898570
1.0295523
0.5716624
0.2519480
0.6224164
0.3397497
0.5513111
0.4159492
0.4516173
1.7077929
1.1323338
1.8198019
3.6080766
2.5172436
2.3509598
2.8462942
1.8478665
2.4453189
3.0334361
3.4179819
1.3132522
1.8059839
1.5039552
1.8146367
1.6224943
1.6823885
0.5664358
1.1885905
0.6200168
0.9006472
0.8908204
0.6880314
2.9149215
1.4124123
2.8861620
3.3073683
3.9979439
3.1788797
2.8427510
3.3773568
3.2409658
3.1680372
2.0490496
0.5301508
1.8229705
0.8817662
1.0326564
0.8229749
1.4411604
1.6151841
0.5840519
0.0754741
1.1763418
1.2065574
1.8395833
1.0039767
3.3372712
0.9542864
0.8053520
0.7691635
0.6711452
1.3215374
0.8423157
1.1366187
0.7411780
0.5145707
0.1380120
0.2762686
1.2870458
4.3292012
6.3119364
4.5000968
2.1162095
2.1572099
3.1117716
2.2453895
2.2519295
1.4154108
2.6583419
2.5622473
3.3346999
1.8785189
2.0250220
1.9498603
1.8606058
2.4070795
1.8834581
3.1618757
2.2433298
3.2842705
2.2710061
2.6069479
1.5365121
0.9299283
1.3967460
1.8114454
1.4190564
0.1251893
2.7179894
1.8148679
3.9681158
1.9874460
0.6379533
1.2388632
1.3371445
1.2061201
1.7230977
1.1230721
1.2524017
0.9361874
0.4273693
0.8578199
1.2515805
0.3421038
0.4718546
0.1944168
0.8034732
1.1046604
0.8115003
2.1153526
5.2883396
1.1583935
5.7911253
2.0982668
5.8807840
6.7279706
2.5927138
2.1667144
1.4354677
1.2429324
1.3067198
0.9429578
0.7803846
0.8709918
0.1954039
1.1503946
0.7201865
0.2258689
0.8370386
1.4579237
1.4931265
0.3896101
0.5257267
1.0864795
0.7690047
1.0907676
1.8558446
1.4235973
0.8657573
0.9512539
0.6318593
0.4539035
1.4535799
0.9010912
0.8159986
2.3235993
3.4124911
1.4304272
1.7317348
2.0878694
2.0301964
2.7447307
1.9293511
1.9435445
3.3475389
3.4484608
2.8775764
2.0558536
2.6025536
3.1212339
3.5213921
3.7253962
3.6184981
2.5020976
2.3930616
1.2005870
1.2706012
0.3764781
1.6091356
1.6415011
1.3410059
0.9114673
0.3973578
2.7370048
1.9261615
1.6812590
1.1692464
1.3318326
1.9828711
1.5616068
0.7135092
0.8245442
1.0525727
1.3167872
0.6816993
0.3559888
0.0656248
0.2944627
0.2232400
1.3468575
0.7102206
0.4148519
0.2214014
0.1812538
0.2130477
0.6930290
0.5933302
0.5229761
0.4570942
2.6335080
0.6427655
1.1389412
0.2898538
0.5049869
1.9206362
2.2358954
0.9684701
2.7125564
0.4838271
0.6372716
0.9771240
1.1567400
1.8271730
1.2115500
1.3726734
0.1990492
0.9697868
0.6011093
0.8537179
1.4512866
0.6844894
0.2878329
1.6047367
0.4429125
0.5639341
0.2509508
0.3120272
0.6331501
0.5262396
1.4321797
0.1107842
0.3468808
0.4293568
0.1985277
0.6774436
0.6728274
1.5006691
1.0538193
0.2387953
0.6554555
1.0517663
0.8473756
2.2958567
1.8554945
1.9851770
0.4061867
0.3498692
2.4838228
3.6877642
0.5872458
2.7359738
2.3400927
1.5047096
1.9786438
1.4739985
1.4516666
1.7676481
1.5108391
0.7037691
2.3978047
0.4261739
1.1844962
1.0546820
1.4321660
1.1577810
2.0208900
0.3740895
1.3940259
1.7539279
1.1697749
1.2829528
1.7005014
1.5527649
0.9814157
1.3935269
1.2222956
0.8492522
1.7788872
1.1098483
0.9208167
0.9905791
0.3432570
2.0032163
0.5586383
0.4220772
0.7049828
1.7017181
1.2650956
2.8313665
0.3236654
1.2949172
0.5195593
0.7017502
1.3466222
0.6477216
0.7649361
0.4042581
0.5229110
0.7460147
0.9803432
0.4026226
0.3923842
0.4934018
2.0953734
0.8830799
0.4829292
1.7201186
2.7474673
1.4431821
0.4359371
0.3991092
1.8186853
2.1688704
1.3478363
0.4968083
0.2233758
1.4664258
2.9339275
2.4930282
4.4199548
0.3474162
1.6874171
3.6986465
1.8636056
0.2291495
0.5562182
2.3259404
2.9886255
3.3320537
5.1406426
4.4673014
2.0811765
3.0953841
2.4194677
2.1361439
2.1314044
0.6868356
1.4914937
2.2815547
1.6506319
2.9253585
0.2921127
1.9356266
0.9440099
0.3239057
1.6978781
0.9563437
0.8321813
1.3606036
0.2803775
3.6999149
0.6755012
8.3908710
2.6717799
3.6788113
2.3470881
0.8730959
2.9174180
1.4610807
0.7469966
0.4908054
0.8244075
1.9501488
4.7466688
0.8918917
3.9098270
4.2976665
3.2454813
3.6910725
4.4194331
3.7271161
3.3185630
2.1696799
5.2514300
2.7078397
0.1657628
1.8461854
2.0028045
0.6657451
0.8312225
0.8667089
2.5342774
0.4507986
4.0716863
4.0972319
4.4125991
3.9268546
2.9300108
2.0760412
2.0178313
1.6462257
1.9363250
3.9740772
3.0024736
1.0938711
1.0157092
1.8573874
0.3614719
0.4856661
1.3617342
1.1841772
0.3793773
0.8648006
0.3763095
1.3960073
0.6964059
2.0105305
0.6410030
0.4676563
1.3305970
0.6704965
0.4513394
1.5936829
1.6574107
1.2851392
1.7571781
3.4423268
2.4890127
1.0827016
0.4836483
0.7031972
0.8233584
2.5968013
1.3114557
2.0182159
2.5769410
2.0430331
2.2760358
1.2197013
0.9339049
0.5729288
0.7912757
1.9561961
1.5648171
2.6873131
0.6255443
1.2295855
2.2416692
1.5490303
2.5311010
4.4948726
5.4016490
5.0841346
5.1002936
3.0184650
2.7120311
3.6775084
2.4758506
3.1448202
3.4093463
3.2697155
2.4201689
3.9779694
0.5999455
1.7163005
3.8733809
1.6604602
4.0668569
2.8311374
2.6035712
5.2923107
4.7599077
3.1713054
2.6662452
3.0789509
4.0274124
3.5849998
1.8964899
0.1098338
1.1793101
2.4938436
3.3983552
2.8655200
0.7863671
2.2385204
1.6671531
2.2259169
2.9920540
4.2945437
3.7537017
0.6175369
1.6643937
2.2057445
2.5015943
1.2964522
3.0957499
4.7090077
1.3011527
1.4761432
1.6558131
1.5468230
0.8455860
1.7473115
1.4720070
1.1377894
1.3025346
0.9950513
0.6925147
1.7645481
1.1181720
0.8012295
1.0480124
3.7574267
1.1765382
1.2477348
1.6566663
2.1627617
1.9895766
1.3000305
0.3861942
1.4529167
1.4492867
0.4650612
1.0126352
0.8097639
1.6771879
1.8257333
2.3598876
1.4782863
1.0866868
2.0283298
0.7120762
0.6577792
1.6326053
0.4922912
0.8428881
1.0084833
2.1253870
1.9064326
1.6105567
1.0640212
1.7059841
0.9159591
0.8428209
1.1497676
0.5837317
0.8591051
2.0904682
1.7841718
0.7181670
0.4468428
0.9655262
1.6916029
0.4776092
0.3386255
1.5830731
2.5939462
2.7707930
1.9974064
0.8995446
0.8622113
2.0806172
0.9324179
4.3176284
2.9834535
3.3513143
2.2715027
1.5154104
1.1586668
1.5149592
2.1221662
1.6792833
2.7044630
3.1919343
3.6501560
3.1951246
2.5165243
1.4053438
1.7961968
0.9346517
0.7814967
1.7691097
1.1965486
0.2425717
0.5653022
1.2567117
1.4016111
1.0266744
1.1291014
0.6933964
0.3441646
0.9417618
0.6389679
1.7494005
1.0012866
1.2829169
0.7195478
0.6480553
0.7151390
1.2192119
1.1495938
0.1169324
0.3669215
1.1407418
0.8945208
0.6462423
0.5204288
0.8260654
0.5020735
0.6962234
0.7594934
0.6564381
0.4719815
0.2052215
0.1602168
0.4433845
0.6873031
0.8590694
0.7030594
0.9643745
0.5260273
0.9797101
0.2943948
1.1364678
1.1247596
0.6862245
0.4349724
1.0075563
0.7451068
1.4146631
1.3898392
1.4653115
1.4343472
1.5562990
1.5950670
0.8293245
1.3036503
1.2597216
1.0503498
0.6165690
1.1940005
1.5505401
1.0386037
1.5728852
1.1694198
1.2380046
1.1055667
1.3968160
0.7461371
1.4207141
1.3704557
1.3485289
1.2298247
1.1104017
1.1894839
0.7219366
1.1141343
0.9783219
1.6362987
0.2415449
1.1194696
1.1992128
0.3554301
1.3623075
1.3919649
1.1672957
1.7519048
1.0315596
1.2823324
1.4073379
1.2129374
0.8693623
1.5576615
1.4654453
1.4002661
0.8425898
1.4232501
0.8195775
1.7406492
1.6519401
2.3212776
2.6162012
0.9666919
1.6152632
0.8632901
1.7167889
2.0063169
2.2215657
2.3330550
1.6738743
1.0496259
1.8523868
1.1039767
2.1752923
1.1198289
2.2274783
2.6223137
2.0243692
1.7316933
1.6928965
2.4193227
1.9810114
1.9586577
1.7842544
2.7439582
2.1795805
1.8677006
2.5958171
2.6896110
1.6029086
2.3036785
1.3422782
1.7166970
1.8378688
1.5313832
1.6339113
1.7577695
1.7125264
1.6972213
1.6458865
1.9730816
1.4470483
1.7018678
1.6183752
1.8132368
1.6987522
1.7372191
2.0160756
1.5621400
1.4806780
1.8005193
1.9181708
1.8135638
2.3413596
2.2068863
1.9225051
1.3899428
1.6609368
1.4247911
1.2151519
1.5998714
1.3246658
1.1749960
1.1549618
0.7774398
0.9633751
0.8498483
1.0131344
1.1391100
0.6975991
1.4256698
1.5970956
2.4910383
1.5170556
0.7295808
0.6664492
0.3861318
0.5050626
0.6520621
0.7382627
1.8295841
1.0754533
0.6483769
0.9587606
0.5392960
0.7120559
1.0711073
0.4343808
0.6439675
1.4599030
1.3719741
1.8659505
1.1508720
1.2267027
2.3440988
1.5301876
1.7689476
2.4006689
1.1189859
1.5701151
1.6034772
1.1850165
1.5160145
1.4726423
1.4590181
1.6782503
1.2891560
1.3658733
1.0863719
1.8941798
1.3352333
0.6395864
0.4463457
0.7068207
0.6446581
1.3292047
0.8991386
1.6488942
1.5542012
0.9139032
0.6567767
1.1937686
0.9665454
1.5484899
0.7074930
0.6781728
1.6859900
1.7435095
2.2851241
1.1372815
1.3277844
1.1295202
0.8329442
1.3443562
1.0761139
0.2643949
0.9902806
0.9399257
0.4551547
0.9609353
0.7450265
0.6440479
0.5914247
0.7782818
0.7005604
0.8392095
0.7791743
0.4770592
1.0037491
0.5050165
0.9545122
1.3368996
0.8492340
0.7154974
0.6016667
0.8174820
0.7616983
0.7898464
0.8736527
0.6457418
0.5566605
0.7104903
0.7631054
0.9557196
1.0207431
1.5416759
1.7329919
1.2964981
1.6434822
0.9684818
1.2501227
1.4112918
0.6559625
0.9485216
1.0520824
0.6422343
0.6967478
0.7961005
0.6671061
1.0296632
0.7364203
0.9750788
0.3795137
0.6143523
0.6715145
0.9010175
0.7281395
1.0655028
0.6209521
0.8109743
1.6481682
1.3871827
0.9421743
1.3672752
1.0144407
1.0292654
0.9469674
1.0472872
0.9451105
0.9897810
1.0435119
0.9464654
1.0707444
0.6067220
1.2039717
0.8259150
1.0597835
0.7371842
0.7465791
0.6302186
0.6197336
0.7563090
0.9109027
0.7640291
1.3040326
0.8826136
1.2213994
1.1719997
0.8526638
0.3565531
0.4825902
0.4257804
0.5349302
1.0749843
1.1447456
1.0876154
0.5329664
0.7480116
0.5526791
1.1875381
0.7046720
0.5753071
0.5086858
0.3960629
0.2676835
0.5781694
0.4859813
0.3991469
0.2876966
0.9168991
1.1287563
0.4348747
0.5856372
0.9265751
0.7945593
1.2333077
0.5725040
0.6789966
0.5968611
0.6294068
1.1366851
0.8156013
0.6418305
1.5121189
0.5871451
1.0200505
0.5737250
1.7764896
0.2175789
0.1837416
1.0231894
1.0791919
1.2931674
1.2342278
1.0114259
0.6738716
0.7730814
1.1460292
0.4073565
0.4680564
0.9268074
0.2462274
0.0311312
0.1981985
0.3889599
0.9794385
0.1878318
0.2695221
0.6935521
0.0595639
0.4579306
0.5051519
0.5117918
0.5002025
0.8185244
1.2624329
1.6993474
1.5721915
0.5338637
0.9575538
1.1280366
1.0629812
1.5366251
1.0219461
1.3940548
1.4614633
1.0008972
1.7571977
0.6933923
0.6343203
1.2183310
1.6409504
0.8736572
1.4561788
1.4816904
1.4040906
1.1591010
1.2679901
1.1493911
0.6570448
0.9714704
1.2817187
1.1013066
1.0523114
0.8516892
1.0515932
0.9827405
0.5069696
1.1834705
1.5713420
1.0835850
0.9564978
0.2914406
0.1469248
0.1025173
0.5022041
0.0322022
0.2937599
0.1272411
0.0731240
0.2686766
0.4402351
0.4395394
0.2549147
0.4903839
0.2714741
0.3831186
0.3033834
0.4708554
0.5625929
0.5787198
0.4656146
0.1282172
0.9435209
0.7536154
0.4771520
0.6458040
0.7462201
0.3846647
0.4986068
0.3925332
0.3764822
0.4921719
0.4933759
0.7550980
0.9914835
0.9811466
0.7886629
1.0462137
0.7475652
0.4908542
0.8231407
0.3241807
0.5589690
0.6354365
0.6321415
0.7166833
0.8844489
0.6802599
0.8062811
0.6802644
0.6311731
0.6245078
0.5329752
0.3239734
0.6817927
0.4157561
0.6789604
1.0327724
0.4574279
0.4275139
0.2855627
0.5816591
0.2199018
0.5670350
1.5424699
0.9407750
2.2945437
2.4215577
2.8093331
3.1243563
4.6937337
2.8513319
4.4943395
2.6337900
2.1582329
0.3855282
0.6333845
1.5888501
0.4137075
1.6293041
1.9294025
1.3710316
0.2346418
1.1182010
1.1356938
0.6190656
0.1733140
0.2700667
0.2939552
0.2962692
0.0763474
0.7027860
0.2822279
0.9595373
0.3148121
1.2036804
0.8404769
0.8878096
0.2454897
0.6260286
0.7561238
0.5409480
1.0519325
0.6332337
0.2974676
0.4060804
0.3505518
0.3429085
0.2298828
0.6802661
0.6448079
0.7779664
0.5874070
0.3567268
0.5332400
0.4395299
0.4938262
0.6732696
0.4484683
0.6456805
1.2782991
1.6446605
1.6061335
1.8893005
1.9902766
1.1086383
0.6700821
0.5449502
0.6482936
0.6038747
0.8891858
0.9238182
0.9050090
0.3973319
0.1028540
0.3690566
0.5146641
0.3067065
0.2581680
0.2332662
0.3732531
0.4266310
0.1003506
0.2305158
0.1195570
0.3177046
0.5905854
0.7024031
0.2531399
0.2577499
0.4316097
0.0655942
0.2715099
0.3373997
0.2784592
0.7876351
0.3393607
0.1888246
0.2308094
0.7004573
0.5927972
0.4837645
0.1378509
0.2057872
0.2999652
0.1189895
0.2934738
0.0572432
0.3203130
0.2934749
0.3242446
0.1295963
0.0811533
0.6260809
0.8576362
0.8834742
0.9758282
0.6351812
0.6710107
0.8020492
0.6508358
0.6427639
0.4637047
0.4828847
0.1751199
0.3058395
0.5806612
0.1863373
0.1950837
0.6393722
0.1524490
0.4699625
0.4528657
0.7801906
0.3018585
0.4047020
0.6589949
0.7750089
0.5580956
0.6087824
0.2163423
0.2545333
0.2120562
0.1736456
0.4134942
1.0583236
0.5512244
0.7205112
0.4976820
0.4890112
0.3413057
0.4456081
1.0578837
1.3361650
1.0059727
1.3832568
0.8056981
0.8117574
0.7563011
0.8116356
0.2598356
0.3882868
0.7838037
0.6212000
1.0348444
0.8273892
0.9421494
0.9466925
0.8057075
0.4241466
1.2777348
0.4497667
0.6533064
0.5807683
0.5857258
0.4947418
0.7867507
0.6438831
0.6842653
0.6978956
0.4900347
0.6411699
0.3678389
0.2943667
0.4618282
0.4040870
0.3308402
0.4522738
0.4050688
0.8649053
0.8205152
1.1857631
0.6307284
1.0664806
0.9272435
0.9065150
1.2204522
1.1403337
1.6387374
0.5101340
0.6656844
0.5385942
1.1643829
1.5681306
1.5339667
1.3667852
1.3778067
0.8952387
0.8330382
0.8535597
0.0810147
0.1882984
0.2830743
0.1304677
0.2288135
0.1721093
0.7412646
0.9689291
0.8862853
0.6771834
0.5267469
0.7636079
1.0115904
0.5707769
0.7504612
0.7960495
0.7329205
0.6374421
0.9114177
1.0473564
0.6986150
0.5105931
0.8548381
0.6388419
0.5853730
0.4802735
0.5571774
0.3148850
0.4765282
0.7784826
0.7735938
0.6261058
0.9443519
0.6050729
0.5439631
0.7758135
1.1032768
0.9999731
0.9442292
0.2747603
0.8684473
0.9145690
0.7197465
0.4700745
0.2822697
0.4086995
0.5629472
0.7313049
0.9197251
0.9771022
1.3153821
0.2907892
0.5161493
0.4362162
0.3119328
0.5795292
12.4080944
0.1003682
0.7776019
0.5609037
1.0133533
1.2846259
0.8970058
0.6404719
0.7670994
0.9271091
0.7137607
0.8629255
1.4316741
1.1134462
1.1554588
1.2455304
0.8051741
0.8886798
1.0712280
0.9706699
1.0621387
1.2646112
1.1157302
0.6887415
0.7706758
1.1667738
1.5323104
0.9510289
1.1041248
1.2137841
1.1223125
1.5014606
0.9623266
0.7035791
0.5404431
0.9093861
1.1782405
1.4016777
1.1594543
1.0526533
0.9344326
0.8559145
1.2376554
0.9035111
1.1155918
0.6459566
0.8983064
1.0063677
2.1277375
1.7074261
1.1698107
1.2777116
0.8768399
0.9764921
1.0798783
0.3758539
1.2981877
0.5795490
1.0781913
0.5561186
0.8672654
0.6112701
1.6152166
2.1722376
1.6997930
1.1240165
1.2635177
1.6563073
1.5132463
0.3771805
0.8315852
0.7219506
0.8080160
1.1704112
0.5155959
0.6365567
0.5839300
0.6628671
0.4627029
0.3863886
0.6038066
0.6323376
0.5711259
0.4606976
2.0705664
0.2087236
0.2128638
0.5120844
0.7612272
0.4273699
0.5142282
0.3695382
0.4635892
0.2530690
0.4286802
0.9389383
0.5402907
0.8304592
0.6910040
1.4284874
1.0787078
0.3468761
1.0205325
1.2099069
1.3080685
0.7044957
1.2832184
0.6497802
0.5756237
0.8620341
0.9265082
1.4842272
0.5181443
1.4262773
0.8926578
0.3234105
0.8533391
1.0303817
0.8362540
0.5461583
1.7867143
1.8892186
0.5342278
0.7955452
1.7230867
1.2826654
1.9611275
1.9526539
1.4302554
0.1966079
0.2984193
0.9304610
0.7397428
0.2986805
0.7214051
0.7235842
1.3479257
0.1908192
0.9711173
0.8147389
0.8923764
0.3526365
0.7164823
0.6023379
0.5061845
0.5164930
0.1605678
0.0724298
0.2013094
1.3939364
0.3295549
0.5617384
0.9781975
0.3406115
0.7251750
0.5207558
0.5497382
0.6653466
0.4403099
1.5238625
0.9337133
0.3842460
1.0529410
0.6504642
0.9782227
1.0006649
1.3065792
1.2464682
1.1977476
0.9953708
1.2810359
1.7834283
1.4572468
1.6222173
1.4314272
1.2552116
1.2485756
1.9878738
1.3524333
0.9098416
1.3452345
1.0602572
0.5983515
0.4260242
1.6111311
0.6192100
0.8524252
1.4170467
1.7239683
0.9578843
0.9766204
0.7676865
0.5733205
1.7247584
1.3107892
0.8144811
1.7525089
0.6305133
0.9787008
0.6196940
1.7032059
1.0060017
1.3050097
0.3740357
0.4301401
0.3352959
1.1715834
0.6247032
1.0326550
2.3298306
0.9108955
3.8743100
0.8304160
0.9026529
1.5069151
0.8867385
1.1803432
1.3628618
0.9977176
1.3561726
1.1358095
1.2532946
1.2620236
0.8859863
0.6844509
1.0490507
0.8500663
0.8077726
0.8656606
0.8299771
0.5566257
1.6556484
0.8408898
0.5684192
1.1729513
0.9919732
0.9059896
0.6494486
1.0858324
0.7930757
1.5315059
1.2458717
0.8757911
0.7062509
0.7828165
0.6232826
0.9034106
0.8405990
0.7669132
0.5937849
1.5076637
1.6804516
1.6124367
1.2469304
1.3774985
0.9897329
0.7945418
0.9568855
1.0943706
1.1848161
1.2553207
2.0787783
0.9817278
0.9682174
0.6815319
1.0871027
1.2567270
0.5952655
0.5005474
0.4643146
0.5178075
0.3422252
0.9748368
0.7401476
1.5170182
0.3190012
0.5930658
0.6387275
0.7748110
1.1324179
0.5584101
0.3190238
0.2150380
0.5336104
0.4818222
0.4261507
0.0421346
0.5012085
0.8259171
0.0816110
0.5714825
0.3630490
0.9647754
0.9873629
1.5894415
1.8366343
1.3721093
2.4364238
1.9644299
1.7413334
1.7349216
1.5123084
0.9847963
0.8273398
0.9587459
0.9680403
1.6072315
1.6948091
1.6433607
1.4438977
0.7691222
1.8329308
1.3918920
1.3453887
1.0576751
0.6447268
0.6684465
0.1288249
0.7927427
0.1655292
0.5006748
0.3264764
0.2486394
0.6486110
0.4801589
0.2114605
0.4192191
0.2317066
0.3690711
0.8510333
0.3929243
0.5739754
0.4784674
0.8161047
0.9347609
0.3360954
0.3557415
0.5448985
0.2103596
0.7511685
0.4807297
1.1703554
0.5599593
0.7862659
0.4023815
0.7397540
0.5093897
0.5771716
0.8540089
0.6746461
0.9730820
0.6017544
0.3555646
0.6678187
0.2066599
0.6066459
0.9254782
1.1091813
0.3477905
0.6524817
0.5165883
1.2112077
1.5476419
1.3195516
0.8893082
0.7352825
1.0959977
1.1469778
0.8204357
0.9269789
1.6874725
1.4379008
1.3221294
1.1650205
1.1943885
0.9878397
1.2347063
1.3887085
3.4650018
3.8974543
4.1188912
0.4364245
0.9682799
0.9826570
0.7340948
1.3262235
1.5427753
1.6608590
1.3926637
1.0597379
0.3238400
0.0747905
0.5422176
1.0878868
2.0765848
1.6033756
0.5031253
1.3622651
1.6743416
1.8115258
2.0995908
1.9246260
2.1160610
1.0826740
0.8226007
1.0782155
0.5523230
0.5977862
0.5259237
0.6760551
0.2357433
0.6045786
0.5091698
0.3721495
1.1797317
0.6746259
0.9377180
0.7913515
0.7110469
0.9562894
0.9304619
0.7197779
0.1146140
1.3483351
1.2531797
1.1928099
0.8079615
0.2424822
0.0682049
0.4054712
0.9105238
0.4005679
0.9249034
0.1960571
1.3901381
0.7617078
0.2881350
1.0371926
0.5496756
0.5462735
0.4013443
1.2924805
2.1703212
2.1509666
0.7258296
1.7592735
1.6213535
0.7613246
0.0926155
0.1912903
0.3499994
1.2267861
0.4720232
0.1454522
0.2564145
0.4470858
0.5742485
0.9535297
0.7780141
0.2060252
1.6404356
0.3127403
0.5379580
0.3938908
0.1937986
1.5785798
1.3508081
1.6299671
0.8953950
0.2486429
1.0165323
0.2163314
0.2283730
0.5972206
1.0533770
2.0706949
2.6729343
1.0335224
0.3124425
1.0073307
3.2279599
4.4097915
3.9455473
1.7641613
1.9450952
4.5500827
5.1464229
4.6256056
2.1668546
2.4699590
1.3824748
0.9279225
1.5590189
1.1186430
2.2959621
0.4581691
2.0254557
1.7509441
1.6952397
1.1489052
3.3648005
3.2220533
2.2378347
1.4338286
1.8068801
2.3481369
2.9042823
1.8471768
2.0208008
1.3243904
2.5303664
2.7709002
2.1557992
0.3129829
3.0903742
1.8986756
0.9476578
2.6526811
1.4669862
2.0856633
1.9255892
2.9144101
2.8253250
1.4630876
1.5681949
2.0152628
2.0692439
1.4149805
2.6591008
1.7352470
0.7590783
2.4402630
1.7809933
2.2178698
1.1887944
0.7530854
1.5582335
1.7712804
0.9343572
1.3434145
1.4231060
1.0786834
2.3341949
1.8290709
1.6784729
0.1135799
0.1715007
0.3274850
0.6517299
0.6123984
0.5807611
0.6433812
0.8235442
0.3933178
0.3512321
0.3284538
0.5479450
0.7359073
0.5954465
0.1496401
0.3324848
0.3234862
0.3628992
0.3813964
0.1591603
0.5024499
0.9308245
0.4230136
0.5344489
0.1202595
1.1790279
1.2047974
1.2402015
1.1726140
0.6657476
0.8105640
0.3233037
1.1101239
1.2730329
0.8816922
1.1866851
0.5944283
0.0967693
0.1872030
0.3433743
0.6283925
0.2042489
0.3864360
0.2666394
0.8586060
0.2587295
0.3626611
0.4920345
0.9746439
0.4177454
0.9231936
0.7934671
1.2638060
0.8388939
0.1569405
0.1208864
1.0796194
0.1688202
0.7317824
0.1191031
2.6988435
0.1660518
0.2693490
0.7766862
0.6145167
0.5347247
0.6120117
0.8593550
1.7935493
1.4273292
1.3717058
1.1949890
1.5346955
1.4796472
0.2716859
0.8835188
0.8925723
1.0370691
1.0054768
1.3494987
0.8325621
0.7999522
0.7021704
0.3682656
0.4457144
1.2230458
0.7160553
1.1057816
0.1267488
0.6735648
0.3503702
0.6620372
0.5714021
0.8906808
0.4018327
0.7290586
0.0269433
0.4263231
0.3324143
0.4782352
0.0669769
0.4235679
0.8372498
0.8339257
0.7433702
1.0706040
0.8597880
0.2592347
1.1005868
0.6095319
0.3190074
0.3151050
0.5431898
1.2927977
0.9658919
0.7168725
1.0263313
0.6599472
0.7559014
0.3181833
0.3293054
0.4221958
0.4211215
0.3104664
0.3883757
0.8747892
0.4723977
0.9089265
0.4319809
0.7246163
0.1316977
0.3966250
0.3871588
0.9036098
0.4036295
0.2169556
0.6311135
0.7610408
0.1688871
0.2963014
0.9280115
0.5319211
0.3444822
0.3626831
1.0951576
1.2141556
2.2351742
2.1080089
1.3687257
1.0505024
0.7700741
0.2215566
0.8870659
1.0751750
1.1968209
1.4095265
1.0024933
0.8240684
1.1292311
1.9474766
1.5060110
1.2229114
0.8813854
0.4921614
0.2811560
0.3210312
0.7120903
0.7319168
0.9386917
0.9144465
1.6733859
1.1207705
2.2567477
1.1553762
0.4509134
0.7803100
0.8232555
0.1954847
0.2944301
0.4030475
1.0157617
0.5335150
1.1762650
0.5413399
1.6089280
1.9486412
1.8379494
0.3828285
1.7362266
1.0812044
0.4569659
1.3694298
1.0458363
1.2029016
1.4901294
0.8406311
0.5575359
0.5343318
0.7305979
1.1160747
1.0714039
0.8458178
1.6877093
1.7587501
1.4593184
1.6465431
1.3806026
1.6453352
2.0187588
1.5163041
1.7581196
2.2010989
2.2444706
2.2683814
1.9655861
2.4071727
2.2798264
2.0794723
1.9977239
1.7795290
1.8349601
1.5613310
1.5342515
1.6887548
1.6523663
1.6428123
1.5796971
1.1590110
1.4809214
1.4894478
0.9823076
1.1279042
1.2289842
1.4789981
1.5188012
7.6222463
35.1765289
63.5412254
49.9837761
4.0446486
2.3617878
1.8079883
1.5309769
1.7685373
3.4116292
3.5680056
4.1308422
3.8082991
2.8828921
3.0025241
2.7397878
1.9854573
1.7686065
1.0952091
0.6895906
0.7466495
0.8181850
0.3712341
0.7360207
0.3156660
0.1711846
0.2335462
0.3272352
0.3428167
0.4075862
0.3406101
0.6633184
0.1278573
0.3187739
0.6263271
0.3918426
0.4440624
0.2263869
0.4280806
0.6528574
0.5010058
0.4003780
0.6316712
0.5195531
0.9269450
0.8183393
0.6476582
1.2828215
0.8665923
0.8568928
0.3941448
0.5393056
0.4703513
0.2387459
0.3174643
0.7665898
0.3939204
0.3136238
3.7136025
0.8749937
0.5694355
1.4738148
0.7950137
0.9131817
0.9123231
1.1229776
0.6782457
0.6080831
0.6129868
0.6388652
1.0722264
0.9011243
0.5914955
0.8398223
1.1341407
1.0064377
0.9840237
0.6321797
0.7071799
1.7887980
1.4249215
0.9870684
0.6948345
1.0945433
0.5235524
0.2056304
0.2685523
0.4804744
0.9839382
0.4251576
0.4677072
0.2457365
0.7396955
0.4059758
0.6830316
0.5649350
0.4564483
0.8792941
0.5149870
0.7748942
0.6463397
3.7013109
0.6642203
0.9169629
0.6856170
0.6649394
0.4873931
0.4804871
0.5442927
0.1896193
0.6894644
1.4084471
1.2466676
1.5165290
0.3757272
0.8005357
0.9060926
1.8886120
1.8751367
0.8547249
0.6616659
1.4218256
1.3719614
1.0657738
0.7713758
0.3582483
0.4605000
0.4040749
0.2254260
0.5447427
0.0983825
0.7399110
0.7613413
0.8563564
1.2256190
0.4623920
0.4249046
0.1262410
0.4913889
0.3375051
0.5787358
0.3551931
0.1934323
0.6750218
0.8143507
0.5751716
0.6050106
0.6803942
0.4910535
0.5795441
0.5119025
0.3993098
1.0655887
1.2982939
0.4491944
0.4805695
0.2175967
0.3686865
0.4467288
0.0922886
0.0877086
0.5335521
0.7930562
0.5790340
0.7165539
0.8577043
0.7173029
1.0631844
0.5726267
0.2139736
1.5559409
0.8856112
0.5860958
1.2275249
0.7351536
0.5986443
0.6604219
0.3426785
1.1562883
0.8963406
0.1274244
1.3610086
0.5482212
0.8106820
0.0893499
0.2950431
0.2519688
0.3879279
0.2144462
0.5170513
0.4638299
0.6346439
1.2843943
0.4259044
0.3424935
0.1492573
0.1144859
0.4242673
0.2477220
0.1518025
0.5081388
0.5823947
0.6319483
0.6460508
0.4590858
0.8189534
0.6337667
0.2608296
0.1917603
0.7105836
0.9055815
0.3700207
0.4884368
0.1708993
0.5932064
0.3189091
0.2424661
0.4394243
0.5254855
0.8552377
0.3361319
0.3233036
0.5923175
0.8175492
0.5708946
0.6155950
0.9876113
0.6402946
0.4608573
0.5449210
0.6569678
0.7452187
0.8905780
0.7850150
0.7597368
0.9541942
1.1348430
1.2821785
1.5096928
0.5968494
0.7973440
0.5036209
1.2174184
1.2749743
0.9329949
0.7124941
0.5445134
0.7422968
0.9360673
0.8304290
0.4415676
0.9313238
1.0690855
0.9913236
0.8428725
1.0420156
1.5866385
0.9115441
1.3286608
2.1222339
2.0809114
2.9511805
2.2414861
2.1947272
2.3890097
2.8289235
3.5667999
3.8192060
4.0860710
4.7670507
5.4388647
5.8514047
5.8027349
6.5243130
5.8130412
5.6543322
11.6776009
10.7978811
9.0537930
9.6958513
9.6505251
9.3889141
11.4529533
11.1792803
13.9300356
9.9797611
18.5237865
12.1951094
23.7903728
17.3932400
9.2591152
11.5066376
10.7545023
23.3661423
12.2392979
19.8351307
8.8723478
10.6452036
8.9941635
12.7368832
10.8140078
12.3000479
11.6441746
11.7560778
13.1269894
10.8571520
10.1503572
20.2552891
20.6402740
19.6762486
20.9359169
22.0402050
16.3496513
13.9243994
32.7333336
9.6034508
9.8233919
7.8004308
10.8739862
10.0836878
10.5741644
10.6142149
15.4626760
13.9611053
12.7173100
9.4563007
5.0914106
8.0951557
30.3155098
22.0491409
10.0495033
16.4321632
12.9486542
8.6769590
7.8222055
8.6510000
6.7369990
31.9475880
6.9272671
9.1071634
5.6621957
5.5755262
4.8279576
4.8568697
5.0893283
5.2350969
3.5112946
3.7881510
4.0826874
2.9895799
2.9368718
2.4674129
2.7956297
2.5638571
1.9670377
1.8900918
1.8204075
1.9405553
1.4282846
1.5174940
1.8208718
1.4817510
1.3832427
0.6323909
0.7947022
1.8292255
0.4591612
1.3533965
0.4141706
1.3618073
0.3822416
0.2720564
1.3204356
0.4407320
0.6258239
0.6660629
0.3286904
0.3798308
0.6400691
0.7597029
0.4892651
0.3989006
0.6289087
0.3733295
0.2707319
0.7875152
1.2949864
1.0737292
1.0483216
0.2392915
0.2856205
0.6149288
0.5020100
0.5412877
0.8099119
0.5024837
0.4305882
0.8856248
1.0700501
0.9857725
0.4875607
0.5509919
0.2962956
0.4123605
0.5338097
0.7233053
0.1824208
0.1913260
0.3017066
0.8091514
0.6802433
0.8659810
0.5934480
0.9871660
0.9489371
0.5526157
3.0475509
0.7564666
0.5107589
0.6287014
0.8315142
1.7847265
0.9689392
1.0838654
1.0414184
0.5269970
0.5298695
0.9743994
0.3162205
0.7251942
0.3105586
0.5836050
0.2153416
0.2588650
0.4163697
0.6721478
0.3136832
0.3835645
0.3728594
1.3682424
1.3681608
0.1188981
1.7826413
0.7436294
0.4641475
0.1962382
0.1346791
0.2893073
0.2992774
1.8242152
1.4109269
7.7429428
3.3405261
0.2069215
0.9178566
1.2663429
0.8320209
1.5056885
1.1740868
2.3116531
2.4976580
1.0387658
1.5254871
0.7792048
0.1549452
0.6794262
0.1437678
0.8769245
0.4481044
0.8590965
0.6871022
0.5914334
0.4559071
1.6922181
0.4787009
0.3583581
1.1347387
0.1312319
0.3186266
0.3830554
0.4316525
0.3931774
0.1969396
1.1605433
0.4162756
0.7174137
1.2978810
0.1392951
0.3969860
0.3977152
1.1592357
0.2066186
0.4234401
0.6595508
0.4975805
0.4695294
0.2833862
0.1575635
0.4266528
0.6385835
0.7741084
0.1706672
0.2432703
0.9328712
0.6429273
0.9919228
0.1731830
0.9821310
0.1533627
0.8854830
0.4334616
1.0341877
1.3626781
0.5183037
1.3803807
1.0340871
0.1220669
0.8143141
0.8544568
0.2923418
0.4163958
0.0947626
0.9198845
0.2331465
0.1054568
0.2546516
0.1731705
0.7319977
0.4337142
0.6000992
0.6224287
0.3379168
1.1479133
0.6632341
0.1063219
0.6279215
0.7344179
0.9549285
0.4569560
0.2914690
0.5342860
0.4395375
0.9700591
0.6684485
0.6199805
0.4018369
0.8204561
0.7181648
0.8905109
1.0886952
1.1046439
0.5607721
0.5279244
0.5924952
0.0604610
0.4903121
0.5216430
0.9557490
0.3889650
0.6594756
0.3432495
0.6167422
0.8417878
0.6363681
0.5727923
0.6292693
0.5451414
0.7247344
0.8361836
1.2570879
0.6692947
0.9625829
0.7786372
1.3248923
0.7246570
0.3817307
1.0489160
1.0743457
0.5417746
0.4736160
0.3439652
0.4588012
0.6039240
0.3144261
0.0725084
0.4758861
1.3258942
0.2553716
0.6768106
0.3793095
0.4403651
0.1051239
0.8093609
0.4532685
0.5136429
0.5097212
0.3455984
0.7833763
0.4668382
1.1238508
0.7453434
0.7436459
0.4851287
0.6264121
0.7156616
0.8287789
0.0704976
0.1287477
0.2822079
0.4905778
0.1537646
0.3423473
0.6034468
0.2904756
0.3447950
0.4323187
0.6727970
0.4015338
0.1308995
0.5441937
0.8184731
0.8510019
0.3014244
0.1983730
0.5661778
2.9628468
0.3388119
0.2605520
0.2410579
0.2069904
0.0867196
0.2633154
0.3350466
0.1847175
0.1704098
0.4731591
0.5927585
0.4492531
0.2231491
0.4261287
0.4437432
0.1901678
0.4649955
0.2761959
0.8544855
0.5421721
0.5414225
0.4706425
1.6172159
0.4391058
0.7730174
1.1254853
0.9013028
0.7359327
0.7050512
0.6520215
0.6719987
1.0381534
0.6571500
1.2371647
0.8875382
1.3606787
0.8451995
1.0982332
1.5411566
0.8721392
4.1757350
1.7736293
0.5446069
0.9626219
1.5666499
1.4709895
0.4992441
0.9457309
0.4890642
0.8007644
0.9914049
0.6779275
1.0353727
1.3958323
1.2397410
0.8295144
0.5499113
0.9554164
1.0711046
1.0810466
0.5782179
0.7968937
0.5820014
0.8620137
1.0243328
0.6998077
1.2617940
0.4841760
0.6093327
0.6379541
0.7838818
0.4934081
0.9466985
1.4391661
1.3120339
1.4340124
1.0878487
1.1057974
1.0769973
1.1211208
0.4381563
1.4664459
1.4343754
0.2615684
0.1276423
0.2949501
0.8502299
1.0188659
0.8532470
0.7379609
0.1644869
0.3614352
0.1214915
0.1835265
0.5881321
0.1224604
0.4680847
0.6798792
0.6174127
1.1230397
1.6243677
0.5703335
1.8484616
2.2544208
1.8708553
2.2400391
1.3585867
1.5502232
1.0070413
1.2555537
0.8646412
0.6301823
0.5178882
0.9269375
0.8495944
0.8107681
1.1423163
0.2913656
0.5356748
0.8868755
0.3516218
0.7576089
0.4016640
0.6698889
0.7962971
0.6115080
1.0011964
0.6183127
0.6757442
0.6924982
0.6710179
0.5258082
0.6436456
0.5873992
0.4428068
0.2771397
1.4804482
0.7421998
0.5927821
0.2803704
0.7523658
0.7155017
0.7941991
1.2086850
0.6429294
0.7875829
1.0949183
0.7150543
0.5206860
0.4163147
0.7922809
0.1680498
1.2143021
0.2558472
1.1841151
1.1177239
1.1036466
1.2753309
0.4409515
1.2539908
0.6375598
1.5020227
0.4897169
1.7222128
0.7085352
1.1402302
0.7178466
0.4965737
0.9256839
1.5273865
1.4877560
0.6648330
0.6239100
0.8318164
0.5914279
0.6347015
0.2706302
0.5834188
0.2848772
0.4549181
1.0561178
1.0741533
1.1450746
0.9959801
0.7512762
0.5134564
0.3403509
0.3196226
0.3326314
0.2213875
0.2545624
0.6399009
0.3470889
0.1115940
0.9916203
0.5672717
0.5981241
1.1385549
0.7514400
0.0886115
0.5060422
0.4487908
0.2720242
0.4214546
0.9862458
1.3125689
0.8981243
0.2060917
0.4546860
0.4430789
0.0553419
0.3092672
0.5092500
0.6522253
0.6042172
0.6349514
1.1327196
1.0606958
1.4080285
1.4846146
0.7379864
1.3147451
1.6986910
1.2308124
0.6958460
1.0928051
1.8476161
0.1190664
1.2709938
1.8962367
0.8953062
0.3783711
0.5888602
0.5217459
0.8222268
1.0251040
0.8720202
0.7900682
1.2721925
1.7030647
1.1314552
1.3342974
0.4427238
0.3080762
0.6999668
0.7874643
1.4915141
1.2046916
1.4561923
1.6900566
1.1858656
1.0143207
0.8862513
0.9445510
1.8773844
0.7709013
1.6842237
1.0445875
1.0622911
1.5429872
1.2897549
1.5967366
3.5917864
1.6330961
1.5184557
1.3321066
0.8909869
2.8675182
1.1475594
1.2614952
1.0925130
1.6357864
1.0285530
0.3216029
1.0559011
0.9252014
0.9742813
2.8384635
0.8505116
1.5870631
1.0829916
1.6839912
0.9318465
1.3999906
1.1795913
1.9100354
0.5862336
1.5019403
1.6310240
0.4265248
0.4892077
0.2050724
0.8410823
0.8040430
1.5167431
1.0985599
0.8227044
0.4525733
1.5710329
0.6542780
1.7634284
1.1312070
3.4073570
1.6229370
0.6610691
1.4794590
0.5432535
0.6414308
0.6154008
1.0788608
0.1694887
0.3334042
0.9782626
0.2473830
1.0082917
0.4824950
0.3525409
0.7741807
0.2938693
0.9400020
0.7811064
0.1731744
0.4434471
0.6187081
0.1956119
0.0619785
1.5357176
0.8571256
2.5133338
1.5223505
0.3237005
0.2041492
0.0951575
1.6412420
0.1492388
0.8498074
0.3185842
0.3160317
0.2952235
0.3028507
0.7861166
0.0450216
0.3028008
0.5203137
0.1742531
0.3521442
0.2608601
0.4094453
0.2872385
0.5679536
0.7084635
0.9069859
1.1985900
0.4274755
0.1341653
0.8066256
0.2074735
0.1549476
0.2439633
0.3009886
0.7608128
1.4661300
0.3497936
0.4738994
0.0431493
1.4613862
0.4229396
1.1327385
0.7668215
1.4841144
1.3770529
0.4382059
0.3021517
0.5990325
0.3423393
0.5339762
0.2439708
0.3507949
0.2584778
0.1284442
0.1883206
0.3240461
0.6194131
0.1387828
2.5813324
0.3854036
0.6226900
0.4448731
0.2850169
1.2064686
0.5258587
0.7634324
0.2395120
1.0842050
0.2593037
0.2111943
0.1821461
0.3224624
0.3488829
0.3485030
0.1058410
0.3768097
0.9599918
0.6043029
0.2406630
0.3359811
1.0797265
0.4941005
0.5215115
0.6362326
0.2456920
1.4258986
0.3913697
1.3322536
1.1190436
2.0302806
1.9368922
1.4919400
1.8040514
1.0394481
2.5108814
2.7065818
1.2555058
1.1937259
2.8541930
0.6269175
0.8533195
0.6474522
2.5231442
0.9668820
1.6668435
0.7255696
0.6056167
0.9187140
1.9782958
1.1257277
0.1280800
1.2327274
1.5484992
2.0085583
3.2376566
3.6978960
2.6870835
1.0898463
0.6191663
0.8358533
0.9037058
1.5630791
1.7424333
0.7261656
0.8734822
0.3619644
0.2887745
1.5970941
0.3251887
1.1425153
0.1521686
0.6215071
0.1708791
0.8492621
1.4600819
2.0427821
2.0935123
1.1589017
2.0990376
2.4465418
2.3335781
1.3332518
0.8047567
1.2194579
0.9370151
1.1789682
0.7182931
0.5494088
0.7867024
0.2770084
0.6892143
0.7023537
0.8184323
1.2232457
0.4492192
0.9765458
2.5498800
0.8407401
1.3243089
0.3552544
0.5007858
0.1146336
0.2079905
0.7721649
8.9054852
0.9797085
1.2012041
0.6082694
1.1177098
0.8856252
0.8978539
0.4981579
0.5334535
0.4793905
0.1388344
0.5316207
0.8458345
0.6598691
0.1775012
0.8141476
0.1534477
0.2736881
0.3158974
1.5574549
0.7488225
0.7475171
1.1031203
0.3937887
0.4518137
0.5236595
1.0014740
1.2058758
2.1257463
0.1330502
0.4017665
1.0939530
0.5183668
0.6213058
0.2402739
0.7097908
0.3564098
0.4463971
0.5271711
0.7953346
0.5713137
0.7236094
1.1848215
1.6998545
1.0614167
0.6689466
1.2205410
1.0599171
1.2350920
2.1378107
1.2262826
1.7539967
2.6286714
1.1355668
0.3599757
0.7237049
1.2655489
1.2678978
1.2250013
1.1377485
1.1902008
1.8737772
1.6044035
1.5890368
2.9623125
1.0025227
0.6287653
0.6601703
1.1337920
2.0433581
2.2615857
3.1233053
1.8390276
1.8408495
2.6829824
2.7338095
4.2187614
2.8750820
5.1459613
1.6338342
2.8251760
2.9044938
1.7188829
1.0666317
0.9764842
0.5830135
0.7080489
0.4396347
4.3075113
4.1656079
0.9319033
0.7634207
2.4625461
1.2989093
0.9776007
1.7609667
1.0449792
0.7060148
1.1561769
1.6907557
1.7891799
0.4347735
2.0317879
2.0535243
0.9728857
0.8862994
2.1920466
3.9251955
5.8594618
1.8837422
0.5455445
0.1968548
1.1697681
0.1852228
0.1981599
1.3254768
1.1166918
1.8084365
2.5567019
2.3905494
1.1376193
1.6546732
1.1782818
0.9952818
1.3783140
2.2887783
2.8431587
2.4924564
2.2725115
3.1160474
2.2993693
2.1399875
3.1770380
2.2414680
2.9506261
3.1714687
2.9036832
3.2741976
3.1520834
0.5969894
0.9550610
0.9799246
1.8621178
1.2458671
1.3033502
1.6144292
0.2448140
0.4891804
1.7272034
0.8169059
1.2808301
1.2522633
1.3966550
0.3937910
0.3199962
0.2718803
0.8984058
0.6127658
1.0505488
1.5063034
0.8454337
1.3151187
3.2159338
1.2366115
1.3856766
2.3496094
0.3440063
1.1523218
1.2058735
0.1389960
0.4428347
0.1609058
0.7452996
0.7405298
0.3238472
1.5936913
1.2601951
1.1700517
1.7525226
0.5147880
1.0322160
1.1251425
1.6323001
2.1793785
1.1794848
1.0921514
2.5976987
0.9460760
1.9211681
1.4841840
2.4444747
2.7242625
3.2046371
2.7227433
1.0918865
1.1512772
0.9339514
1.0904659
0.5489673
0.4052692
1.5304892
0.3378722
0.0926998
0.6095763
0.7115018
0.3420513
0.3272821
0.9574513
1.0479544
0.6029888
0.7862296
1.6581287
0.9066179
0.6209264
0.8968600
1.2246473
0.7763231
2.0644577
1.7831945
1.7923555
0.7380770
1.2102444
0.6626110
0.5200803
0.9412205
1.5310397
0.8737669
0.7411590
0.3867056
0.3443180
1.3295991
1.8919374
1.1337529
0.6895780
0.7470038
0.2982626
0.7102156
0.5924971
0.7567012
0.6692292
0.5369022
0.8070396
1.2122278
0.5006148
0.4327357
0.7351401
1.0486369
0.9147087
0.9902660
0.8887240
2.3532383
2.9845057
3.0947959
1.2170686
0.1830530
0.5060602
0.5280074
0.3284701
0.6860612
0.2891617
0.9836814
0.3092586
0.7217880
0.5238330
0.1569353
0.4356270
0.5574597
1.3594716
0.6409422
0.3376583
1.0694885
1.1969573
0.4193021
0.7670148
2.5161514
1.3433448
0.8240377
0.7847223
1.3185679
0.5270383
1.0483278
0.9041980
0.5616587
0.9378041
0.9319806
0.5653812
1.0908841
1.0988994
0.7724419
0.7747793
0.5802601
0.7345610
0.8729622
0.9495110
1.5773814
1.1485808
0.3238369
0.4594999
0.8262694
0.4947299
0.9937644
1.1189359
0.3201334
0.3485337
0.9244674
0.7378760
0.8302882
0.9082918
1.0335562
1.5075327
0.2398800
0.5547075
1.1121020
1.7631536
2.0368350
0.5583593
1.2501667
1.3578510
0.9296814
0.2452745
0.3078916
0.6275296
1.1922799
1.0077018
1.1555163
2.6978707
0.7536520
1.3532889
0.9669374
0.9810110
1.8720580
1.2867661
1.3867824
1.3313204
1.3210926
2.3300869
1.9396502
1.3753228
0.2962531
0.8185667
0.4940876
1.0134672
1.7624007
0.8394478
1.1306832
1.3353970
1.0681857
0.3396226
1.4608448
1.1959653
1.4209722
1.3035843
1.7948878
0.6740669
1.1590695
1.1846235
1.3165170
0.9278949
0.8556271
0.9623987
2.5304756
1.8888285
0.7298306
0.9599224
1.1544544
1.2778914
1.0400085
1.4351406
0.9122177
0.5130069
0.5540978
0.8096907
0.3355970
0.9930652
0.7761757
0.8226622
1.0055659
0.7085258
3.0237741
0.7727268
0.8819426
0.8378615
1.5029000
0.7667490
1.1621913
0.6452032
0.1550205
0.6217020
0.6945654
0.9173825
1.4396573
2.2076132
2.7949727
1.5340265
1.6997156
1.2328410
2.2738531
1.7111456
1.7714235
1.4197537
0.6545009
0.4182118
2.1853323
2.8326793
3.3418815
0.7650622
0.2815088
0.5725391
1.2793585
2.0026717
2.1860628
2.2537324
2.0531011
0.7098075
0.9041500
1.4002723
0.8337407
0.4456957
0.2337010
0.4828225
1.1047083
0.9564493
0.3618716
0.6063130
1.0719682
0.2485526
0.3772639
1.4987305
1.4328672
2.2861547
2.2329371
1.2008860
1.3294899
1.3449647
1.9655120
1.8182795
1.0048604
1.4699053
1.2983832
1.6982901
2.0847268
1.3841381
1.0762908
0.4913149
1.0072047
0.8572846
1.1500943
1.2101327
0.8835988
1.0271890
1.6501038
1.6941509
0.4109057
0.3206303
0.4662090
0.3171469
0.0998183
0.2040302
0.7640183
1.3413401
0.2710373
0.3675876
0.5568039
1.0482000
0.9808397
1.5002295
0.5835419
0.4559494
2.1749525
0.7645046
0.5097980
0.3496165
0.4350172
1.1947387
0.3247347
0.2862487
0.8984592
0.7094532
0.7583004
1.3737142
1.8219754
1.7847512
1.2843688
0.6983310
1.1362338
0.3845300
1.3135891
1.4911183
0.6795320
0.3088369
1.5361565
0.6609073
1.1018822
0.5272460
0.2727048
0.4315226
0.6342426
2.4039114
0.2104508
0.5063310
0.4511922
0.6261516
0.3370706
1.3358490
1.2219578
0.9154407
0.4485925
0.3713250
0.2458441
0.3156929
0.1603266
0.5165402
1.0226452
0.1840862
0.1192187
0.3998752
0.5021785
0.2367188
0.3084867
0.4522949
0.8544131
1.5522268
0.2291456
0.2083438
1.0402225
0.3470855
0.5925023
0.4369930
0.3584824
0.7304086
0.7748135
0.1056081
0.2623967
0.4215214
0.7405117
0.2784019
0.2442660
0.2428161
0.8411915
0.7250992
1.0234380
0.4523498
0.1467913
0.2306504
0.3359598
1.0378320
0.3701427
0.5788597
0.5239955
0.4735034
0.2536416
0.3297249
0.5678384
1.1357907
0.8862564
1.1874516
1.5408106
0.2664628
1.2525033
1.2497600
0.9128161
0.6352513
0.3694192
1.3993886
0.5146909
1.5859294
1.4110087
0.9007632
0.5423698
0.4674640
0.3324735
0.4451801
1.0737441
0.6291623
0.5079492
0.9162650
0.4902064
1.3100438
0.7202482
2.1840096
1.9562502
0.2149253
0.7036020
2.5809577
1.8081779
1.9971808
3.0222943
1.0989071
1.4618512
1.7951286
2.8317211
1.0116936
2.3944290
2.9417765
2.3229244
2.4446068
1.5242716
2.0865908
0.6308997
0.4039852
1.5118876
1.2233627
2.3699625
0.6894168
1.1231154
0.7945283
1.7481664
0.6636774
0.2508818
0.9050899
1.8083761
1.0774950
1.3117551
1.2714247
2.2725108
1.7973033
1.2436472
2.1609998
0.4104745
1.6430124
0.7544819
1.0478767
0.4352204
0.9680858
0.1978905
0.4153444
0.1270517
3.2243755
0.5397152
0.4624907
0.4542601
0.3134351
1.0141188
1.0236405
1.8461536
0.3094243
0.9257250
0.8916854
1.2410842
0.9791387
0.7127482
0.9632359
1.0451658
0.0955953
0.3692615
1.4196707
0.6039629
0.3266231
1.0613704
1.1002206
0.4751379
0.4992807
0.6256382
0.8493710
1.5830005
0.3942741
1.1265222
1.1908784
0.4257519
0.6357047
2.8754160
1.6269188
1.3593123
1.5431653
3.4893239
3.6839037
3.0454996
2.2899473
2.0136144
2.4373419
1.5890250
0.6989956
0.3996579
0.3946361
1.2209044
0.4877458
0.6474641
0.1696782
0.2562478
0.3889554
1.0427703
0.4987948
0.1503356
0.5499599
0.2546402
0.4061635
0.6164736
0.5209754
1.3589430
0.3359074
1.5658079
1.0242257
1.8050380
2.0917220
1.3575234
0.8387389
1.3019226
0.8003057
1.2158549
1.2012672
1.2110722
0.9782740
2.1381981
0.7049509
0.8720551
0.5289540
0.4730730
0.8798713
1.3340353
1.1925024
1.1853849
2.2116396
1.4652698
1.6380032
0.5527702
0.5957279
2.8749785
0.8252756
1.9637144
0.5977843
0.4801267
1.3147494
1.6830667
0.8042377
0.6612552
0.3054178
0.4463381
0.3801655
2.1192806
1.2107949
1.6844316
0.8803006
0.3087244
0.6557345
1.7406403
0.7902564
1.3843912
1.2800418
0.3302585
2.2205591
0.6439573
0.4067057
0.6865008
1.7876855
1.5741549
1.9471447
1.3845439
1.9780967
2.2099874
3.2959886
2.9405804
2.2190971
1.8215871
1.7500162
0.2821079
0.5439207
0.1367599
0.7058225
0.6811569
0.5609972
1.4507831
1.6879872
1.2232695
0.3849849
0.6047072
1.0561713
1.4725775
0.2581463
0.1231839
0.8121186
0.1364668
0.8608515
1.3030845
2.0056906
1.3518463
3.1408494
1.1771435
1.3538924
2.2783105
1.0276520
1.9306448
2.7259381
2.6356242
3.6272407
2.5323913
4.7914424
3.6558106
4.1902623
4.8629746
5.2254138
4.4603534
4.2139134
3.7267575
3.6428926
3.8645787
1.5247253
1.2026502
2.2347682
2.7949884
1.8707681
2.5235062
1.8031391
3.5819101
2.9813149
3.5962892
1.4693800
2.8977659
1.7068245
1.5850312
2.8575583
1.5059594
1.8066562
2.1410427
2.1820266
1.3317047
2.0790031
4.0093980
1.5535405
2.2714491
1.2624444
0.4684821
1.1205357
1.5411251
1.5072926
0.7460955
2.3766253
1.3639287
1.1367966
1.9808154
2.1860955
1.3783032
1.4327587
0.7122920
1.3037155
1.4668608
1.9298298
1.7386600
1.1007320
4.0383744
1.3391436
1.6322063
2.2263536
1.3389835
1.4598100
1.9170507
0.4438185
3.9657371
0.7930984
1.4951999
1.0907028
0.3282211
3.1696057
0.1828950
1.0399711
0.2434265
0.4298280
0.9308179
1.2785853
1.6928644
0.9589694
1.0961838
1.3639661
1.1792680
0.8056367
0.5965129
1.2525903
1.0240828
1.0914847
1.3114970
2.1009598
1.6046323
1.4424716
0.9982275
1.0910220
1.2077876
2.1607194
0.9769555
0.4058754
0.6404446
1.2640582
1.0498646
0.9224141
0.8923544
1.8738693
1.7474260
1.5959419
1.1319447
1.0188853
0.7341788
1.4137895
1.2320234
1.8435843
1.8773183
1.2532617
1.9084435
2.1319759
2.8238947
2.4294715
2.6228340
2.7632678
4.3554688
2.7430985
2.3961096
2.2886288
2.3795252
2.1434093
2.2558835
2.3245509
1.1102341
1.5248919
0.2275403
0.3719491
0.5616065
1.5899363
1.1697046
1.2670557
3.0322416
1.5755621
1.4141127
1.5783553
1.8255472
2.0451231
1.8268743
1.9949733
1.7817646
0.8499754
0.9050606
1.0696052
1.3507564
0.4786025
1.3065461
1.1793159
2.1166615
1.6737598
1.6299187
0.4780017
0.7920207
0.2818669
0.2322025
0.6374924
0.8198504
1.0570648
0.5219567
0.4099700
0.2312868
0.1964796
0.4866547
0.6988140
0.7682567
0.9369221
1.1943154
1.0352607
0.8049856
0.8532891
0.5245053
0.1186909
0.5835757
0.3595487
0.5162435
0.2501204
0.3371527
0.9847623
0.8053729
0.9375819
0.8613515
1.4051623
1.1029795
1.3537114
0.6196689
1.5206946
2.0351501
1.7746198
0.7877768
1.0874782
0.4516271
0.4545081
0.6040915
0.6243620
0.8281394
1.2396855
1.6936687
0.6551329
1.6118538
0.0353980
0.7067857
0.4302215
1.1468186
1.2864966
0.9447615
0.8533381
1.2235483
1.4627514
0.7844142
1.0063072
0.9804474
1.1315329
1.1958815
0.7593709
1.2873474
1.3525623
0.8151216
1.4720138
0.2507792
0.4124559
0.5885296
0.3888017
0.6184171
0.6376371
0.7048836
0.6361102
0.9268044
0.2334814
1.2040256
1.3006583
6.1004992
3.4611876
1.1074637
2.3819571
1.5558197
1.9547857
2.9137695
2.1378429
1.4016773
1.2728014
6.7680507
3.2948687
4.6979685
5.0102382
13.8273821
3.3389275
4.2071590
3.3154027
1.9708205
4.0502434
2.8330469
2.9874656
1.5813898
1.7297076
3.0301616
2.6347187
2.3495288
1.3667257
3.1859131
2.2945304
1.4063797
0.7655903
1.7072669
0.7220119
0.5834327
0.6452257
0.8296485
0.5354826
0.6624015
0.5463124
0.9446548
0.4200799
0.6803061
0.2819075
0.2012087
0.5178807
0.9143718
0.6170555
0.6201563
0.9384866
0.7868042
0.6749189
0.3531862
1.0541818
0.3458551
1.3200613
0.7003611
0.5826137
2.3015459
0.9268255
0.7573217
0.7403363
0.8634681
0.7097789
0.2669339
0.0968461
0.7658190
1.4734210
0.8343278
0.8001786
0.9274752
0.6266985
0.0883366
0.4468090
0.4282141
1.0459515
0.6017305
1.6518568
0.5636410
0.6056816
0.5239813
0.6436768
0.8217309
0.9372678
0.4190790
0.8195621
0.5973542
2.0161886
1.7585760
2.4036138
3.6980424
3.0974309
2.6011581
1.3176849
1.5764982
0.4861477
0.9116766
2.5750802
1.1869318
2.0313570
1.8554997
1.1746509
2.4378543
2.2619193
1.4880716
2.7743120
1.0412098
1.6397251
1.8600113
1.4337239
1.6402236
2.5103326
1.8801578
1.6868258
2.2784626
1.7049294
1.0567999
1.6046606
1.1173192
1.9914275
0.5237394
0.5025853
1.3404938
1.8086087
1.9252157
1.9009774
2.0824704
1.7228446
1.5162822
3.0185523
1.1729119
2.2090130
2.5387151
1.1744004
1.4097840
2.3747568
1.1884714
4.2432804
2.3850901
2.4420156
0.9244206
1.3772056
0.8526591
1.2313126
0.5901679
1.2112845
0.7052845
0.6627740
0.6043425
1.0475141
0.7998929
0.6848762
1.9630566
1.4236399
1.2520130
1.6368748
1.9454083
1.5399172
1.5969428
0.7411814
1.4194238
0.5867020
1.2174268
1.5343243
0.7418182
0.6097455
0.1988847
1.0872809
2.2992287
2.3510203
2.5069516
2.1311765
1.8882781
1.9565504
2.4049416
2.4986420
2.5128808
2.9874136
2.1290183
2.5239561
1.7871146
2.6035988
2.3257504
1.5422667
0.7331371
1.8920994
6.5096369
0.6187746
0.7460193
0.9150730
0.7481970
0.7709407
1.3684728
0.6866866
0.4175114
0.2258866
1.6994549
1.8402649
0.2930588
1.1301214
0.9918104
1.5565879
1.0066261
0.8656617
1.4029316
0.9525341
1.0974177
2.2087591
0.8263090
1.6701082
0.5640131
2.8063245
1.4646717
1.8909053
1.2301873
0.8681726
0.8914168
2.5762253
1.3967668
1.7871907
0.8864413
1.6281846
1.3012719
1.8062171
0.7653025
0.0717870
1.1917011
2.4081740
0.6507215
0.9753949
2.1145205
1.0336772
0.6631933
1.4615830
0.9736733
2.0219052
1.2677505
1.5129963
1.9630772
0.4218017
0.7599947
0.1132285
2.1638422
0.6055259
0.8931326
0.9325639
2.1090086
3.8615863
2.9471700
2.7496102
1.5061438
0.7780740
0.4050972
1.6804963
1.2208794
1.1255115
0.3311135
2.0962155
1.7102723
2.4932802
1.1926527
0.8951604
0.9301987
0.2086887
1.1361535
0.9804264
2.0995376
0.9816334
2.4647038
2.3457451
2.3784537
1.0942831
0.8415402
1.7163314
1.0672100
3.1798687
1.0866255
0.5303016
0.4413432
0.7084919
0.6251528
0.2236624
1.9878104
1.0267358
0.5224366
3.2106292
1.9879619
1.7244550
0.8710257
0.4639513
1.5183959
1.6327267
4.8195992
2.1595249
2.1393914
4.9412045
4.8380556
4.6809340
6.7207484
5.6751075
9.6493626
8.9621973
8.3077621
9.5531950
8.5717669
10.1965733
7.6141744
10.2071066
10.6597252
9.1049719
10.0901194
10.5967407
10.0913792
9.4567862
8.1714621
6.6840687
6.5723643
11.2397146
12.0001783
8.8598528
10.7103786
10.5561438
9.4865475
7.6322117
8.8428230
3.1476772
2.7822495
1.7048186
0.8255762
3.9603007
1.7790664
1.8116086
3.4367979
3.3833756
7.8147616
10.3497820
10.3191757
8.9536247
6.3780122
5.8832412
5.0043087
3.5145955
4.3588324
9.6237211
6.8497891
4.3115473
5.2461491
4.6333127
3.3442709
2.1641548
1.9836682
3.0485017
2.7134321
3.6000476
5.8081713
6.1988096
5.6218452
4.4931426
4.1382456
3.8042214
2.7217176
4.1661935
4.9521670
2.6356575
4.7730489
3.1631000
4.0178003
4.0619426
5.1642566
6.4836102
5.7224631
4.7394795
4.2610135
2.2327404
2.3174975
2.8136370
2.6500425
2.4343195
0.4490913
0.9260146
1.2108687
2.8912327
1.6195010
2.0597453
1.8396877
1.8398417
1.5855129
1.8921775
0.9573986
0.7714511
1.0218439
1.7353814
2.3733022
1.4169786
3.4850464
0.9683004
0.6874826
1.0936136
1.0776044
0.2614306
2.1842785
1.0272396
1.5443841
1.1350906
1.4165933
3.4117765
0.4920395
0.6271356
0.4921659
1.5930607
0.6233097
2.7319863
2.0415919
0.3793916
0.9079989
0.5942917
0.6856642
1.3201977
2.6105480
0.4736987
1.3506203
1.2606838
1.5558985
1.3487689
1.1072977
0.9062044
1.7185667
0.2325924
0.5720118
0.5656570
1.1177694
1.2468498
1.8510640
2.4127309
2.3508828
0.5399604
0.9095009
2.7737017
2.1367567
0.4041763
1.7499944
3.8751893
1.5174447
1.5174236
3.4268994
3.3181112
2.9462180
2.6628733
4.4355173
2.7770846
3.2378099
2.1451313
3.3158267
3.4517138
2.8508570
5.2508159
5.5583992
3.4624271
4.7511678
4.2641964
5.2091017
6.5057750
4.5634270
6.4070587
5.9017167
5.7832785
6.9512987
7.2901349
4.8977780
6.0231099
6.7344890
9.0487776
9.3140631
9.0839577
9.7890530
8.4377708
6.8194757
10.4725494
7.2534990
8.8459597
7.2293835
8.3508759
9.4740620
5.7231660
9.0583773
7.1560426
7.1367326
8.3815861
5.7366948
6.7736669
6.6585803
8.9314795
6.9548821
5.9604049
2.8283360
2.6419866
2.1359472
6.5493979
4.8899727
2.5416064
6.5455894
3.8783450
2.3995419
1.7648965
3.8154325
3.1092505
3.3056226
1.1526537
3.9214528
1.9145063
2.9010406
1.8984979
2.1695991
2.2472250
3.8129628
2.7354212
2.0612023
2.4146218
3.4548855
2.7701099
2.8517008
3.7346973
3.1056097
2.7111681
3.0108731
2.5159745
2.3524952
1.2106743
2.3492074
1.6310080
2.1981821
3.3675265
1.7665954
1.1233917
1.6845778
0.8223169
0.8918966
1.6444986
2.2065177
9.0346203
0.4706844
0.9696382
1.1951827
1.9874543
2.3427179
0.9110057
2.2848587
1.9824263
4.9878950
0.7366731
1.3503373
0.7619289
0.9619468
1.8530431
3.1121597
0.7619277
0.7195396
2.6260564
0.1215612
1.6379822
0.8029656
1.6772664
0.3804536
1.1040401
1.8882682
2.0700452
1.9648775
1.7640253
0.9899063
2.2717915
0.4663572
0.2877814
1.5806630
1.1318440
1.2245924
1.6755874
1.7831749
2.1761315
0.6254835
2.2977061
1.5300946
0.2626369
1.0696309
0.4456647
0.7241670
0.5863228
2.0821948
0.3357374
0.3778736
0.1755127
0.6912760
0.9685721
1.5512192
1.0505332
0.1130418
0.6750275
1.8608809
0.3797440
0.4197975
0.3279507
0.3579319
0.4614200
0.7013439
1.6945508
0.1127891
2.6899598
1.3862494
1.9829475
1.5099616
1.4285731
1.5342878
2.1555970
1.8751838
1.8838731
1.3221779
1.8582296
1.3493042
1.2607020
0.9549220
2.4661944
2.8596854
0.8620002
0.5685272
1.9334192
2.1074204
2.8020294
2.1317632
1.0690268
0.7143642
1.0104905
1.2387127
1.0187169
1.0441974
0.7813084
0.3482219
0.7874653
0.3594440
1.5090792
1.2437116
2.1011090
1.7814219
2.6059890
3.0361538
3.4525566
3.9267609
3.5510809
2.8902156
4.0413909
4.3515182
4.7722321
4.5199833
5.3207812
5.1079950
5.7201686
5.5079036
3.6112249
4.5175309
4.5573606
4.2657599
4.8438411
5.0778713
4.5135112
4.0864291
5.2456231
5.5079122
5.5946989
4.8605461
3.8585758
3.4260600
1.0840620
0.7730821
0.2768941
1.2392442
0.6821195
1.0432636
0.2199121
0.5991590
0.1504841
0.9303125
0.4832491
0.7579236
0.7599221
0.4784161
1.4134613
0.6658675
2.3022285
1.1118071
2.8963246
1.2051445
1.2342234
1.3103843
1.0971943
0.1569496
0.5519246
0.4634264
0.4064295
0.5174461
0.5233251
0.3803560
0.5360249
1.4693375
1.3276764
1.3101223
1.2866865
1.4444611
1.1500407
0.8316422
0.7726341
0.8038061
0.4252000
0.8822027
0.7914076
0.6319442
0.5015349
1.3467374
0.8778215
1.0996728
0.6690560
0.3348390
0.8828187
0.7346191
0.6784609
0.8273362
1.4154007
1.0158454
1.6021751
1.3251914
2.0658007
1.9193333
1.3564470
1.6651951
1.1656927
1.2213696
0.9931617
1.1267182
1.4728225
0.9963655
1.6817678
1.0994555
1.7695458
1.6845422
1.5882779
1.7098124
1.1323658
1.4324940
1.4845510
0.8543731
0.5432426
1.1547676
1.8498169
1.2446830
1.2878313
0.5804259
0.7052258
1.7676665
0.6545047
0.4346811
0.8911363
0.9648189
0.9201299
1.3962133
1.0612757
1.2320276
1.8117450
0.9800606
0.9507305
0.9977654
1.0718100
1.2475678
1.5030127
1.2418427
1.0905566
1.5059669
1.6017350
1.1701822
1.4092363
1.2772735
1.7671838
1.5623882
1.8392332
1.6378758
1.5103947
2.0344024
1.6887711
1.8719494
1.4920000
1.4894754
0.7346094
1.4705734
1.6777554
1.1383400
0.9968244
1.5450965
1.6800231
1.1600491
1.3916982
0.7436216
0.9033896
1.1138401
0.6583872
0.2682309
0.4673774
0.9342843
1.5130780
1.2702763
1.5448953
1.6223248
2.2330556
1.6753449
0.7139301
1.4779238
0.9179088
2.2673595
0.7938750
0.9028044
0.7986929
2.3278344
1.4215833
0.7415125
0.7121282
1.2795163
1.7315335
0.4601710
0.3615183
0.2041686
0.4142205
0.5762419
1.1671393
1.5668696
1.1610173
0.3122070
0.5758108
0.4214356
1.2738085
0.4587002
0.7777464
0.3333382
0.6078188
1.0015895
2.1116796
0.5726840
0.6725674
0.2899425
0.2439858
0.6621465
1.0106333
0.4383433
0.7541914
0.8210402
0.4082946
0.2171409
1.3362108
0.9970055
0.2987990
0.6790011
1.4081527
0.5415357
1.1334611
1.6781894
0.3090253
1.4301602
1.9186462
0.8616446
1.0770820
0.1406908
1.0621874
0.7700154
0.2470145
0.6585805
0.9190136
2.1738274
1.9792374
2.1488783
2.9100769
2.1075630
1.5643990
2.0871458
1.8333817
2.1344259
2.0860705
2.8021190
1.8588781
1.7201660
1.8034712
1.1751807
0.9325818
1.0223842
0.8213583
0.5874760
0.7066356
0.9067901
0.9868235
0.4602795
1.2405622
0.5347294
1.0089000
0.7888185
1.1226794
1.1313679
0.6474636
1.2588217
0.5669456
0.9799713
0.3055170
0.7969279
1.3406403
0.3020838
0.4328052
0.5319546
1.3860956
0.8687732
0.4034995
1.8112180
1.8392683
1.8566666
2.1136260
1.8780335
1.5674256
2.5009551
1.4871812
2.4566596
2.4684789
1.7414632
1.7241495
1.2787002
1.2286823
0.7280009
1.5453001
1.6982063
1.5057956
1.4245957
1.1245999
1.0858217
0.9958960
0.9794536
0.7259220
0.3666056
0.3624514
1.1880723
1.0158511
1.1737972
0.5641330
0.9832314
0.5683711
0.5949273
0.8930675
0.1815572
0.6329102
0.5867047
0.7146252
0.9775188
0.6590033
0.4182552
0.7561890
1.0892400
0.7856719
0.3523042
0.9854779
0.4135743
0.3499327
0.9015107
0.5562432
0.9189453
0.6786463
1.1930355
0.3489643
0.4079398
0.5223832
0.1950066
0.7734787
0.4783480
0.3369242
0.8151503
0.8343158
0.7703642
0.3400013
0.5984255
0.2517877
0.2230807
0.3365023
0.6261874
0.6703528
0.2939739
0.3449344
0.2774885
0.3255334
0.4471020
0.2979339
0.2718636
0.6014418
0.3872670
0.7094902
0.2697311
0.2609063
0.3965539
0.5275437
0.2974348
0.5220828
0.5976440
0.7835953
0.2572261
0.8753589
0.5437101
0.3055505
0.3634556
0.5037485
0.2754223
0.4692347
0.2730814
0.2988507
0.4000956
0.3920085
0.5054680
0.1814800
0.4298258
0.6527798
0.4599980
0.4619246
0.1850484
0.5144136
0.4850262
0.5938309
0.6125786
0.4895340
0.4355079
0.5782791
0.8440775
0.6029404
0.3582860
0.3331600
0.5387380
0.5225595
0.4493335
0.2261873
0.3955474
0.2763743
0.2791567
0.4445683
0.2927285
0.3098214
0.3671808
0.2532789
0.3284369
0.1221226
0.2454488
0.5004413
0.6710706
0.3645737
0.2902839
0.2550525
0.6298977
0.7240472
0.0516650
0.2513736
0.1999836
0.6557288
0.3730837
0.3188553
0.6878004
0.6191916
0.7659769
0.6017186
0.4027535
0.4415888
0.0589853
0.6576666
0.5616866
0.6452990
0.5172773
0.1302657
0.3869089
0.3641778
0.2455197
0.5188005
0.4723321
0.5396819
0.0709518
0.2750512
0.1583440
0.2192239
0.8187229
0.1896356
0.8676270
0.9290272
0.2447661
1.4081931
0.6580131
0.3734891
0.4249300
0.3418093
0.1872994
0.2760909
0.2039607
0.4190544
0.4819022
0.3632191
0.4711320
0.5099413
0.4921139
0.3853142
0.0959329
0.2687744
0.4739046
0.4713148
0.3281141
0.7203739
0.2888367
0.4524193
0.7508218
0.8960322
0.6768050
0.2826490
0.3115252
0.3082350
0.8500823
0.2303136
0.1979733
0.4733802
0.7266865
0.3277797
0.5301058
0.5184479
0.6501751
0.7464352
0.6218642
0.7258263
0.1271770
0.0552473
0.4658576
0.6361066
0.7025997
0.2686280
0.2155041
0.3672189
0.2161273
0.2508115
0.7493713
0.8298350
0.5005895
0.8377680
0.7370054
0.8604388
1.0329190
0.9881570
0.1484630
0.0866224
0.7102006
0.5411203
0.8282090
2.2526877
0.8784140
1.2696483
0.9929033
0.5865335
1.3460125
0.7417122
0.8224390
0.9748567
0.9660438
1.0140169
0.9116554
0.1669106
0.2816164
0.5273669
0.8481197
1.4734313
1.0138493
0.4188102
0.9849948
0.9927421
0.7587090
0.5236045
0.5443154
0.7941528
0.6234503
0.9073113
0.9075033
0.5453309
0.7583313
1.6880251
0.8692515
0.9751740
0.7918996
0.8744531
1.0947574
0.9688506
0.8563824
0.5070132
0.5854249
0.9739248
0.7457321
0.9457735
0.8807297
0.9063983
1.0142263
0.5249801
1.1723926
1.5419015
0.6580620
1.1236820
0.8656023
0.9584055
0.8534642
0.6579170
1.0616975
1.2707499
0.3302385
4.7070308
0.5330092
0.7000661
0.4714747
1.0407652
1.4537485
0.6576195
0.8977749
0.5651338
0.8459502
0.7928205
1.1763942
0.4098075
0.5249302
0.6137623
0.4648259
1.1474730
1.5599240
0.9299158
1.2255845
0.5276216
0.8056958
0.9046242
0.8552294
0.5832625
0.3247486
0.4676498
0.3463348
0.6448402
0.3685983
0.7229564
1.4327978
0.5825889
0.6580027
0.5524133
0.8172078
0.8045019
0.2844262
0.8154368
1.2434160
0.9415328
0.5797384
0.6063855
0.6507165
0.5452321
0.5002015
1.7922683
1.9368744
1.3277287
1.1551123
0.7296986
0.3484358
0.2322486
0.3315924
0.2265498
0.2854321
0.8112232
0.8657005
0.2380799
0.6470898
0.7172867
0.7472555
1.4085346
1.8711590
1.4611604
1.0622967
1.5537367
0.7537843
0.9672869
1.2531517
1.2684959
2.1108210
2.6816370
2.7588115
2.7462962
2.9251060
3.1790125
3.7516122
3.0483332
2.6539819
3.1493227
2.4463315
2.5847044
1.7387147
1.5247741
0.4583726
1.4050899
0.7778637
0.4124092
0.2580631
0.7458346
0.8755125
0.0657236
0.7286692
0.9398902
1.0541306
1.7275925
1.6327058
1.8008221
1.3911178
1.5196860
0.6642137
1.2066439
0.8289200
0.1494095
0.3582841
0.8784987
0.3686087
0.4217449
0.3365399
0.7403913
0.9635184
0.1603303
0.1915341
0.2278821
1.3566303
0.8065842
1.0366352
1.0979841
0.1405020
0.0553647
0.7885659
1.5380535
1.2027199
0.5981556
0.6414648
1.5753729
0.1566530
0.7067935
0.6514652
0.3933974
0.0460109
0.3031297
0.4877246
0.2021377
0.7998396
0.2666321
0.7325249
0.4864182
0.2961023
0.4687300
0.2409152
0.9675355
1.0559337
0.8539552
0.7998159
0.3563902
0.6935065
0.8541509
0.5733898
0.7908219
0.2816209
0.8838688
0.4134393
0.1269033
0.2708279
0.9542498
0.5660852
0.2627659
0.3434153
0.2959020
0.2623060
1.2621744
0.1399737
0.2633303
1.7637346
0.5190970
1.7797639
3.9527192
1.1011432
1.1975653
1.2960424
1.3573219
1.1436086
0.6777334
1.4239985
2.3688743
2.7809680
2.0431159
3.1531045
3.8184497
0.6807723
2.0643127
1.4917412
4.8700037
4.4993286
0.7786337
1.9823265
2.9507451
3.6379251
3.6645572
3.4349616
3.4305365
0.7753243
0.4834325
0.9666218
2.4036450
0.8780064
0.4989520
1.1555946
2.0019653
0.6478000
0.5735711
0.9287586
2.2408514
1.4388883
2.3954718
1.0630462
3.9684672
0.6222613
0.8489911
5.4644785
5.0464087
9.6010532
8.8186321
4.6083088
6.4187489
1.2624489
1.2994472
1.3106347
3.4738114
1.2492950
0.4571722
0.6650282
0.3555294
1.7181408
1.3761402
1.8141822
1.4032062
1.1089605
1.2091293
1.2836300
0.9863454
1.2512565
0.7037149
1.2163531
0.9691855
1.3596998
0.7556418
0.7522275
0.2729948
3.2320917
4.3640957
2.3486366
1.8024520
1.3325733
1.1480190
0.9412618
2.1469591
1.8619509
1.3019142
0.6401402
0.5467082
0.3198787
0.3888319
0.5234883
1.6359438
1.0553277
0.3499987
0.3194000
0.6738403
0.6958243
0.9694675
0.6344362
0.9660650
0.3799899
0.4055813
0.8497475
0.3615895
0.8733419
0.3502639
0.7096742
0.2187987
0.5400649
0.6632114
0.5116470
0.5027176
0.4097710
0.3149507
0.1696903
2.1483583
1.8142611
1.9245058
0.7397756
0.3816468
1.9049692
2.3732967
1.3004265
1.3312044
2.4163115
2.7091405
2.5798492
3.0241866
2.1123598
2.0087998
2.4210010
2.8539779
2.6018579
2.6877458
2.3109174
1.0846277
3.3630238
0.7284249
1.1217654
1.9928941
2.5074289
1.7866824
1.8871607
1.6028267
2.2711363
2.2354114
1.7456224
0.6776565
3.6024492
0.5761447
2.6821635
1.6475909
1.7033671
0.1220189
0.3290539
0.3942591
0.5283965
1.3030967
1.9312898
2.0368881
0.4814640
1.8811612
1.0502657
1.1970718
0.7942281
0.6469284
0.9715054
1.2477794
1.1117945
0.9768533
0.3386944
0.2955242
0.1871906
0.5903624
0.6180179
0.3085770
0.7161583
0.3551474
0.3513144
0.5944243
0.4794419
0.7530720
0.6209491
0.6180658
1.3348612
0.5812384
0.2749417
0.3686205
1.0260106
0.3493594
0.2325864
0.3945012
0.1857162
0.9012184
1.8338177
1.9693940
0.8504183
0.4320153
2.1552274
2.3692279
4.6052704
2.9478955
3.0762079
0.8686563
0.7123101
0.1573916
0.8699231
0.8943011
0.7059330
0.2860286
1.1390381
0.4506328
0.1356256
1.1288437
1.3179001
0.4558217
0.0378259
0.4148559
0.3802169
0.7669103
1.3037487
3.1234350
4.7196188
2.3859942
2.9369948
2.9303856
1.4987614
2.0261126
2.6434176
0.7093951
0.9016840
1.6103523
1.2135938
0.8784781
0.3620563
0.6889099
0.7404479
0.5021191
0.3001612
0.3968257
0.3752041
0.2076963
0.8241931
0.8608383
0.3993677
0.4776304
0.6818642
0.8815328
0.2506593
0.2071809
0.4420489
0.6352853
0.4144774
0.9948796
0.2522987
0.2459278
0.2482351
0.5154408
0.2138403
0.9804170
0.4358618
0.3730382
0.7918495
0.4514177
0.3959725
0.4810542
0.8932680
0.5701987
0.4855423
1.2949543
0.7553884
0.0665705
0.3707126
0.2149127
0.4167267
0.4478212
0.8183106
1.3096676
1.9347978
2.2104690
2.0699167
1.5466139
1.6277037
1.2393639
0.7826136
0.9625411
0.6958583
0.8445922
1.0905645
1.0771160
1.0950902
1.3750571
1.3937922
1.4204894
1.3401998
1.2198993
1.3279985
1.3947886
1.0558710
0.9542588
1.3989971
1.0470992
1.0803685
0.9709670
0.9918523
0.8682610
1.1716580
0.9927227
0.9129449
0.9142289
0.9544873
0.9422895
1.0278835
1.1265960
0.8089643
1.6332021
1.1271505
1.0797865
0.9232091
0.6202145
1.0661932
0.6397115
0.7522217
0.6924604
1.0282648
0.5184335
0.6914082
0.4015132
0.7794242
0.7787548
0.6250525
0.4400209
1.3120412
1.7879642
0.2509667
0.5313676
0.3987601
0.3444336
0.6750855
0.3761802
0.5574151
1.5316687
0.5257542
1.1130700
1.1570170
0.7873398
1.1546299
0.7435286
1.2033582
0.4722060
0.3652636
0.2133659
0.2755342
0.7806588
0.6183609
2.0251918
1.4204936
1.0860782
1.0807571
1.8980812
0.8449562
0.9561783
0.8409970
0.8792549
0.8221657
0.6777403
0.8517078
0.5679763
0.5714193
1.0456017
0.7292792
0.9170787
1.0160669
0.8344256
0.5339612
3.5484135
1.4440567
2.1439342
2.3193412
0.8641418
0.6625813
0.6988565
0.5676277
1.0466386
0.8149712
0.9742540
2.8149321
2.1586163
0.3652261
2.2848232
0.6236017
0.8480809
1.1410615
1.3747650
1.1697563
1.9220475
1.1416038
1.6943331
1.0907822
0.9791417
1.0096022
1.6730453
0.2304917
0.3258142
0.2194386
0.4922802
0.1028550
1.5039454
0.4039322
0.0449408
0.2960953
0.0465035
0.3953705
0.5184365
0.8735700
0.3443924
0.4916330
1.0603015
0.4821530
0.6605937
0.6878772
0.9640166
1.3711300
0.6723903
0.2363438
0.1982638
0.5409898
1.2571644
0.4814999
2.7866757
1.8648885
1.8687541
1.3238496
0.6522758
0.3513740
0.5517896
0.2045668
0.6769168
0.7144210
1.8695830
0.7596200
0.4959658
0.3662767
0.6259081
0.8989881
0.1699179
1.3293204
1.3671656
1.3575050
1.8169054
0.3564794
0.7839856
0.8504360
0.2837692
0.6804084
0.8778921
0.5589563
0.9009977
0.9552878
0.2625647
0.7221235
0.3153403
0.3970163
0.8003821
0.6245190
0.0899708
0.9481441
0.8370469
0.7281284
0.8391840
1.5346612
0.6372570
0.3136527
0.0524228
1.0507669
2.4070289
1.8936498
1.6341727
1.4498658
1.9833317
2.1837678
1.5603306
1.5894345
0.9616675
0.9364938
1.1405830
1.2962773
0.0867672
1.0248041
3.7449994
0.8459224
0.4643780
1.0964941
1.2887588
0.9158182
0.8229213
0.7541369
0.3930072
0.2909921
0.9252680
0.9558514
2.8972330
1.6268724
1.3659205
0.2117191
0.5151862
0.4576578
1.1013730
1.3216928
3.2283707
1.0496981
1.0771074
3.1464126
2.7270319
2.9636660
3.2572527
3.5887809
3.8566697
3.1450157
2.6885216
2.8898609
3.2430694
0.9660929
3.2240577
1.4102987
3.0711646
1.4383342
1.0436860
1.0147983
3.2260969
2.9269786
3.0507398
3.0089452
3.3366497
3.2957730
3.3392670
3.7746985
3.4218609
4.3227825
3.6495600
3.5531712
4.0292740
3.2566423
3.4578702
2.3997960
3.9939344
3.3180532
3.3112574
2.4864261
3.8824453
3.1008475
2.9382005
3.5475717
2.7800753
4.1948671
4.1052132
3.4555318
4.4587827
4.2842879
3.8774846
3.5119264
3.1833284
3.8552251
3.2043087
2.7206538
4.0199437
2.5219865
1.4378792
1.7978569
2.4582748
2.6699333
2.7500181
1.9606994
2.4131963
1.7712095
3.0093277
1.4346776
1.2044884
1.7380064
2.0720341
0.8191934
0.9692673
1.2281281
0.8680261
0.4160231
0.0876297
0.2860824
0.6775711
0.6328043
0.2366241
0.4809452
0.2213596
0.5121195
0.8469409
0.4195329
0.4824353
0.8317416
0.1600106
0.2488386
0.2217073
0.3122822
0.3859121
0.2836090
0.6702874
0.2758537
0.1944390
0.2134885
0.4938352
0.5770984
0.5079820
0.3509652
0.2294860
0.4130920
0.4491203
0.2549179
0.2173147
0.1480579
3.2525375
4.0770483
6.2933707
7.8982511
7.4737554
7.5935569
4.0156531
3.0806909
0.3473977
0.9520319
0.9323335
0.5404681
0.7637428
0.8293204
1.1677047
1.8849137
1.5069972
1.4110028
1.0046105
0.7129050
0.7807542
0.9538306
0.9840198
0.7736671
1.5463445
0.9160165
0.8374175
0.4217403
0.3699139
0.5537934
0.6337656
0.8415252
0.8592473
0.5851035
0.6127194
1.3209503
1.9151720
2.2835202
3.2227900
3.8650465
3.0939603
3.3105979
3.4793785
3.6703060
4.1812067
4.6627135
5.4371672
5.0063024
5.4860582
6.0625505
6.9965701
8.2806730
9.2986670
8.5506821
7.8902173
11.3156662
9.5251093
11.9708500
9.2766533
8.4874210
10.4087076
9.6427860
9.5986233
9.9621334
11.2341251
10.9001160
11.4089251
9.3026485
9.9331875
10.4074469
10.6891279
8.7817478
8.5624876
8.1724529
9.4895191
9.8942070
10.4463549
9.2949867
9.7677279
10.4865389
9.9012222
8.4133377
8.3432951
8.2220478
8.1656065
9.1914120
9.0010252
7.7604980
8.8538437
8.4916201
8.8386765
8.2814207
9.0745649
9.4137716
10.7538710
8.8687935
9.5815411
9.4604721
9.0846014
8.8963175
8.9275579
8.8494530
9.0966568
8.2058830
7.4799471
8.5120497
7.6728950
8.9444923
8.1615705
8.6476746
6.7120461
7.7938414
7.9174547
8.8905611
8.8838091
9.4014578
9.4076090
8.7702007
9.2351437
9.3907909
8.7848740
10.3060627
9.1796074
9.6904202
11.2102480
9.5944328
9.1182108
9.4535055
10.5956421
11.1393318
10.2106133
9.4048634
9.7431049
10.1144075
10.4040422
9.5061922
9.6711664
8.9130774
10.1456709
9.3971977
10.3673019
9.2068844
9.3285332
9.4301329
10.0724592
9.3347092
9.0515499
8.5381203
8.6548004
9.3093214
8.9181461
8.3539715
7.4003577
10.3634787
9.0363235
9.0044823
8.7707005
9.2880230
9.3109531
8.9525032
8.7765045
10.4861164
10.1790714
8.8680153
9.0119877
8.8476133
9.0808783
9.9018345
9.2344418
8.9833088
10.8974218
9.9455271
10.4960308
9.4351234
8.5979347
11.2598686
9.1526899
11.8713121
10.4291124
9.3238306
9.7053919
12.5030785
12.5220032
13.2461166
11.3981676
10.9948807
12.5794821
10.3589649
9.3273582
10.5148029
7.4064837
8.5426350
8.6748915
8.9822721
8.6201239
6.7945366
7.6601753
9.3949404
10.0871487
9.6916790
9.5331888
9.1375303
9.4939566
8.9648857
8.1172647
9.3641319
10.4939842
10.3136921
9.1579456
9.8108921
11.4385338
10.7187662
10.9688206
10.5252829
11.5393972
11.2302094
10.6035318
10.0704699
10.8263626
11.1848278
10.8096838
9.9414911
8.9915466
10.1024523
9.0970993
11.1455135
10.5785313
11.0826340
11.0948334
12.2812891
12.0659008
10.9771500
10.9811392
9.7176600
10.2986097
9.6977844
8.1524649
8.7261095
8.5654020
7.8870282
8.6373129
8.7982063
9.4229965
9.8263626
9.5864878
9.2729301
9.7468843
9.9013243
8.9600840
7.9533815
7.2714596
8.2600241
8.8531332
9.6667471
9.5816383
8.0067425
9.2766924
8.5204859
9.1179285
9.0782948
8.8395100
7.8868246
10.0977898
9.2300749
9.3153687
9.2703590
9.8689051
7.9851236
8.6081324
10.4321299
8.8723803
7.8762698
9.2925014
9.4733086
8.9958639
9.1489305
8.0770998
9.7703733
7.9498615
9.3931446
9.5127153
9.4043741
9.3290787
8.2853518
9.8729200
9.6155014
10.1317081
9.9431868
10.4802561
8.2667503
8.4254255
7.6869826
10.1991243
6.5340142
8.6328983
6.0889530
4.4325056
6.2859526
5.8544445
6.9773154
7.1404285
7.3029337
6.5391245
6.0857129
4.1521282
3.1719236
3.5322142
4.4333081
1.7618104
1.7130489
2.5073853
3.3868563
2.3474395
2.0068696
1.7713387
1.8780773
2.6222563
2.1921880
1.9662915
2.9376142
1.7156135
1.9156374
2.2947714
1.4830034
2.3259332
3.3091991
2.2526546
2.0804448
1.0661376
2.3486478
1.6134672
1.2840068
1.4228003
1.6282042
1.5034822
1.9027640
3.1687930
1.6589844
2.7887137
1.3947979
2.7955573
2.9797931
1.8508629
1.3506371
2.3995337
1.8986412
1.8395269
1.7944654
2.6749871
1.3604350
1.5744945
1.8639121
2.4174688
1.8790040
1.8908627
2.6399369
2.9372463
3.6392488
3.4285452
5.7427111
4.1904092
6.0720110
6.0111132
4.5527668
4.4218636
2.9993699
3.2341759
3.0737021
3.0873468
2.6200202
2.5637746
3.3209109
1.7683395
3.0757821
2.8028457
2.1673131
1.8540461
1.7998234
2.3325634
1.6227818
1.4126602
1.4804354
2.3967392
4.2165275
2.2321453
5.7365770
3.6597457
3.3614769
4.2318292
3.0106266
4.6953988
4.3810496
3.9608839
4.4147253
5.7976365
4.2220702
3.5026050
2.3600090
3.6304438
1.0153706
1.2162235
2.1589007
1.2520686
0.4497231
0.9726657
0.4796659
2.1813033
2.0284438
0.8936167
1.6424750
0.1493678
0.2925232
0.5212767
0.5347151
2.7544818
0.8305555
1.2797334
0.9462912
0.9806594
0.7224115
0.7773236
0.4314040
1.3134319
2.2271578
2.3653719
2.9642620
1.5639509
2.6305149
1.1893773
1.2343314
1.1689078
0.7832442
1.0506097
1.4075471
1.6538163
1.1845337
1.2225851
1.5297681
1.8037350
1.0981001
1.4889445
1.1407111
1.3831606
1.3006356
1.4575400
2.2768071
2.2140701
2.3265676
1.9037240
0.6997547
2.0078962
2.3409936
1.3576843
0.7250904
1.2694896
0.7078282
2.9439487
4.5618677
3.5635595
1.0931135
3.1305649
2.4587688
3.2014420
2.2743995
2.9373548
3.0027995
5.2272625
2.7604692
2.5221236
1.6118565
2.4981220
3.6202052
2.0583615
2.2984056
0.7027032
0.7144216
0.8046951
1.0321474
1.3702236
1.8950906
1.3240321
3.5764549
2.0656745
3.1598778
2.6177478
3.5321765
2.0876470
1.5075465
1.4708629
0.3300053
0.3260632
1.1103412
0.4598090
1.3419590
0.1950125
0.8824107
0.4561845
2.6617026
1.1186613
3.6145999
4.4993439
0.9110283
0.6157176
1.5938104
0.8524910
0.8961389
0.5783466
0.8786268
1.7836597
0.7956414
0.8617465
0.5464889
1.1962018
0.4127307
1.1599923
1.4146477
1.3693349
2.2815077
1.6708183
3.4750972
5.7636161
3.8818352
3.7948563
3.2474389
2.5608130
2.1415410
1.7937778
5.6072001
2.4250317
2.1130917
2.4555101
5.2810469
6.3224459
6.0715017
5.8446779
3.1121564
3.3802738
3.7081518
5.0956054
3.3385360
1.6150073
4.3552361
3.1444757
2.9374444
3.1394682
3.8256571
3.0446463
3.3301439
2.0443797
1.3958020
3.7867317
2.9870436
3.6262059
4.2326183
3.6544418
4.1949363
5.4309936
4.4401684
4.6522241
5.8952785
6.1161919
4.5260301
5.1372170
4.6936755
4.1325040
3.7671888
4.0444293
3.8603885
0.8724870
2.1373801
2.3571854
2.6766605
2.3384600
2.8997653
2.7953062
3.0889986
2.6885896
3.4178441
2.5176592
2.5462127
3.3313322
3.3550711
2.8768778
3.4776969
2.2201955
2.1380377
3.1136849
2.9320986
3.5869362
4.3263445
3.1068511
3.4929047
4.4257445
3.9779031
4.3831515
3.4174647
4.5018435
4.9170985
3.9426796
4.8701372
3.8149879
4.1105199
4.4122305
4.2544656
3.5117445
2.6956508
2.2172306
2.6219487
2.8118622
1.8441043
2.4799683
3.4269061
2.8595982
4.0090375
1.3324286
1.4744867
3.1176581
2.6160655
2.6360116
1.2027861
2.4476361
3.9924681
3.4558949
1.9089963
3.9863315
2.3009639
2.3268211
3.3336627
2.3650470
4.0390387
1.7819080
3.4337416
1.9150051
1.8258094
2.2818124
3.5931160
4.2039065
2.5404713
3.3997929
4.2997017
3.3382072
2.7330618
2.4869602
4.3581882
4.9754019
3.3150232
3.6292069
3.2386508
3.4399133
3.4830725
3.2642252
1.9050539
2.9705389
2.0616546
3.5268300
1.8596274
1.1422228
2.2396038
2.4710178
2.8786848
4.0245738
2.7272100
1.8284703
1.2952696
3.6021256
2.6788230
1.6295079
2.6537795
1.4693316
1.5249354
2.0361195
2.2092037
1.5838464
0.6962104
1.3424091
0.8140118
0.5705522
1.6769302
0.9737696
1.3197259
3.4790492
1.6841300
1.1997846
1.7585046
2.7983820
3.2897849
3.4464653
2.1211035
1.0855718
2.8910069
2.5622807
4.8482738
3.5407948
2.6211920
4.2783895
5.1667347
4.6268792
4.7146978
2.2480168
2.6512866
2.7842047
3.0639629
2.9672956
2.5910945
3.4578102
1.5473313
1.3523948
1.1918215
1.1370733
1.3022909
0.4982048
1.3588922
1.4660256
0.6224037
0.3299384
1.2135056
0.8343807
0.6826372
0.4349031
1.5547619
1.6173443
0.7791718
1.2439448
1.7092909
0.9913105
0.5560599
1.6990309
1.3067790
0.9590024
1.1334823
0.2578777
1.8088802
0.6028388
1.8502489
0.4744565
0.4094021
0.6447044
0.1838898
0.4715329
0.2956637
1.0997111
0.4358453
1.1072571
0.8807355
1.2991078
1.9909981
1.6650962
1.9927390
1.3621298
1.7288140
1.1357728
2.9595771
0.7483915
0.2873713
1.4281205
0.4930162
1.8648337
0.5424474
0.8078104
1.6686417
1.5327101
1.0265311
0.5643650
0.3572817
0.3854164
1.8064052
1.3317689
0.6572384
1.1126209
2.0635273
2.1749458
1.2535851
0.2256244
3.2487833
0.1569489
1.0012167
1.8429666
1.0308218
0.9717757
0.9609401
0.6028005
0.5113400
0.5532735
0.9905855
0.4296640
0.5379084
0.3185833
1.2887273
0.5296902
0.8640066
2.1240025
1.3906671
0.8650714
2.8138003
1.7496647
2.0631223
2.1866667
2.5343578
1.9191467
1.2799408
0.3522669
1.0902575
0.4717650
0.7619604
1.2198884
0.3654414
0.8841510
0.6793620
0.3365667
1.5639279
2.1085038
2.3086529
0.9513041
1.0003618
1.1917964
0.7172515
0.9495446
1.5053635
0.9557914
1.0220172
0.8370036
0.5631192
1.2656883
2.4363670
0.7536789
2.7735219
2.6067266
2.0107467
1.2354935
0.3641402
1.3798300
1.6264783
0.8881350
0.1409295
0.2469041
0.4452618
0.8155707
1.4067173
0.9523067
0.5070885
0.8774986
0.5875534
0.5816933
0.9714831
0.4782272
1.0430164
1.5284817
1.8114862
1.3711588
1.4807690
1.1146592
1.8627359
2.0787201
1.1410364
1.1416018
2.1952901
1.7342963
1.0102754
1.3975339
2.0780308
0.8422310
1.8916030
0.6482195
1.4036716
1.0185854
0.2461980
1.5112784
2.1745512
0.4734121
2.0534499
0.7956401
1.4111494
0.9902131
0.7077010
1.8564452
0.4863526
0.6970044
0.5833864
0.7253907
0.2131155
1.6889275
0.7233466
0.8457490
13.8379011
0.5987430
0.6663167
0.8689673
0.8317958
1.5798489
0.9570081
0.3517974
0.8123922
0.2134324
0.3293864
1.3996488
0.4923137
0.5505728
0.6627405
0.5737867
1.1837449
0.4856768
0.8367775
1.2327594
1.3615291
1.2289294
0.7741542
2.6838331
0.6111225
1.5561737
2.0680046
0.3719110
0.3169144
0.5317517
1.3456175
0.9235867
0.5165349
0.4629575
1.1164918
9.2981176
1.2763526
2.4309464
0.7833613
1.4782088
1.5291479
1.6972805
3.9785845
1.0786641
1.2779515
0.5646220
1.4027255
0.4637190
0.3789430
0.1872285
0.1628485
0.6987724
1.7657547
0.4530272
1.1406001
1.4452463
0.3681759
0.6024168
1.6214095
1.1808283
1.0092835
0.3474308
0.6143037
0.8115351
1.0309837
0.1670491
0.5393643
0.1749416
0.2991248
0.6348188
0.3568926
0.4565884
0.3884686
0.6264886
0.9011217
1.5428720
0.1546412
0.1942281
0.7507418
1.2985907
0.7762434
0.1265409
0.8254283
0.3115010
0.7748485
0.2144411
0.9630188
0.9920926
0.7706825
0.4125054
1.2027073
0.4049771
0.6695883
0.3399970
0.7336610
0.0862977
0.7417120
0.6802756
0.7540225
1.2456162
0.6771461
1.5952697
0.9639767
0.3494292
0.7403044
0.2476715
0.2492319
0.1714922
0.4031583
0.3887928
0.1272347
0.2337707
0.7413747
0.3353783
0.8278649
0.3596082
1.3988034
0.2331291
0.8099537
1.6242296
1.0786566
1.1737788
0.4656458
2.1678681
0.3020048
0.9409545
1.0424000
1.6436327
0.7662997
0.1227278
0.4592695
0.9106266
0.2049529
0.7969163
0.8760796
0.8229530
0.3074250
1.3628702
0.5133243
0.5393502
0.6241419
0.1195678
0.7197073
0.7267072
0.3339623
1.4567580
0.8890980
0.6881926
0.1945308
1.2504562
0.1241834
1.0650923
0.3808593
1.7474597
3.1457477
0.5664576
1.3878361
0.4549930
0.2119131
1.2710546
0.0439332
0.2237162
0.5120608
1.3616053
1.1927223
0.8092564
1.1040608
0.2871507
0.6726807
0.8748137
0.5580633
0.6934999
0.8747179
0.3407105
0.5451075
0.3077613
0.5024761
0.7359141
0.3752641
0.3876018
1.7769763
0.5274314
0.7201181
0.3919559
0.8109361
0.2254512
1.2893691
1.6606957
1.1677941
1.3432856
0.1336699
0.5063217
0.2322661
0.4060864
0.8325914
0.3310787
0.3503983
0.1142367
0.2837984
0.4055998
0.4234826
0.1348019
1.7036611
0.8805450
0.8668390
0.3204561
0.3085601
0.6015502
0.4939704
0.9995184
0.2524804
0.1334110
0.9107594
0.7269782
0.2796815
1.1071763
0.3534188
0.9701509
0.3304364
1.2635036
0.2806500
2.3112094
0.4243357
0.2778732
1.3538196
0.3903670
0.4634823
0.9949880
1.2668887
0.8197407
1.3472979
0.6980584
0.3956402
0.8829005
0.1778827
0.9441907
1.1280426
0.8222966
0.5966832
0.6024053
3.1512032
1.6653974
1.1569716
0.5485976
0.7217029
1.6126779
2.2043369
2.5288546
2.5397780
1.9674401
1.3723692
1.4704783
2.0330708
0.7842560
0.6726345
0.6220361
0.2662694
0.4305415
0.4546415
0.5250860
0.4515103
1.4758657
0.3866279
1.9345022
1.0625288
0.1941555
1.4365011
0.6809087
0.0360616
0.5559246
0.6951661
2.9152539
1.1552169
0.1113595
0.4741769
0.5267256
1.4192753
1.0247427
0.1528977
0.4593278
0.4695858
0.6427177
0.3273663
0.6471989
1.3188032
0.7691200
0.9947443
0.8295745
1.6761611
1.3261575
1.2131848
0.4733440
0.2562428
0.6551854
0.2077433
0.9266047
0.8349525
0.4680359
1.4046334
0.7482955
0.6583658
0.9279912
2.2205038
2.0028019
1.7570181
3.5962267
1.8642616
0.8507671
1.4673971
1.9336938
2.8516827
6.3418536
0.8530182
2.0316372
0.6455881
1.4257344
0.1862834
0.2743786
0.6120086
1.2097944
1.6417022
0.4349404
0.3464773
1.1765182
0.8317430
1.3583249
0.9445431
1.0008857
0.6785397
0.7094422
0.9017243
0.3153735
0.3125489
0.5587401
0.6411670
0.3238869
0.4563589
0.8128580
1.2830189
0.5847811
0.9469869
1.0048854
0.6735005
1.2032459
0.6628116
1.0576686
0.7093427
0.8697094
1.2128941
0.9380053
1.0881772
0.8198392
1.5315244
0.5079409
1.7359997
0.5239550
0.8430383
2.0527112
0.6534207
0.3308391
0.4284887
0.4995605
0.4488255
0.7414196
1.4561555
0.5382743
0.6540596
1.2715538
0.3066474
1.5072875
1.4536351
1.1080575
0.4605151
0.6233492
0.4763957
1.1080934
0.8507197
1.5627847
0.4382623
1.1606315
1.0947467
0.1572673
0.5128465
0.8705993
0.9053532
0.6626654
0.2453589
1.0751132
0.5802634
1.4804698
1.0945884
0.3533188
1.4457502
2.2905550
0.5681560
1.0047131
0.3537163
0.9674894
0.5100970
0.5926531
0.8709325
1.0283107
0.2219759
0.9808844
2.0889754
2.8580248
0.9823102
1.1304432
1.5322350
0.3010707
1.0664546
0.6842723
2.7123036
0.5536918
1.4669421
2.2242892
0.8936628
1.8420656
1.4505384
1.0419531
2.8136351
2.7005205
1.9790275
1.4744166
0.2302581
1.5473057
0.5644734
1.0989070
0.2326099
0.5263188
0.8921412
0.0244745
0.9088501
1.5155426
0.2786663
0.4976275
0.9294145
0.4108562
0.8770619
0.3051681
0.8873280
1.4106163
0.9985619
0.5142048
0.6813444
0.5511082
0.7887152
1.3080204
0.6322068
0.7049417
0.7300063
0.9107478
0.9948437
0.6906051
0.7013906
0.7749965
4.1332974
0.9721270
7.0566292
3.5383811
1.7672051
2.7856882
1.4691981
1.2649536
1.4976295
1.2436587
1.1041313
1.0108919
0.9727826
0.5862843
1.3523617
0.7728170
0.7396725
0.6239843
0.7085817
0.4579281
0.3650081
0.4720136
0.4152001
0.9380799
1.9749310
1.2288213
2.4995780
2.9768357
1.7813691
0.8231521
0.3629738
1.4606320
2.0427880
0.5692787
0.7680607
1.8791752
0.2233551
2.4030266
1.6442467
1.7364994
1.1072929
0.7705665
0.4462397
1.7370147
1.7277138
0.9528199
2.2405970
1.0999733
1.9929891
1.9600956
0.8510290
2.2304475
1.3880309
1.3749311
1.0693854
2.1799176
1.9619874
1.9190516
1.7995532
0.5411582
1.4930147
0.7354906
50.7482796
1.5181731
1.3828665
0.9860003
0.5781291
0.7401520
0.6580372
1.3137167
1.2695647
1.9083270
0.9225926
4.1886678
1.7911837
0.3977859
1.6141443
2.5733178
1.7980480
0.4754986
0.5650921
1.1504544
0.7507128
0.3930977
0.3531792
0.1351478
0.2678213
0.3402511
0.2967147
0.7558673
0.2838709
1.6547538
0.3264573
0.6342374
0.4532405
0.3612428
0.5950549
0.4331526
0.7068458
0.9572342
0.5563446
0.4833909
0.3777922
0.1563567
1.0406597
0.1499154
1.8767421
0.1886529
1.1343626
0.7803367
2.0790751
0.3588208
1.0444039
0.7096425
0.5053927
0.5898480
1.4353305
0.0718274
0.9573365
0.3045881
0.3418483
0.2691924
0.5407895
1.7572293
2.3120885
1.4862074
1.9816873
1.4393888
1.7695298
2.3150373
0.5521917
1.9408724
1.1793402
2.5907483
2.2350819
2.9768732
2.0715697
2.1984472
2.7887008
2.2220261
2.2499185
1.7117296
1.9290451
2.1825955
1.1616150
1.6103706
3.3695827
1.1511308
2.2985590
2.4218211
3.1526930
1.5312616
0.4111834
0.9365396
0.3646833
1.2329297
1.6104945
1.1012086
1.6080137
2.5270879
1.5893091
1.2120912
0.6099416
2.4590347
1.3364778
0.7118171
1.8190902
1.2295660
1.9203390
0.1814769
0.9755546
0.4694939
1.5730320
1.1582469
0.6533294
0.8311751
2.4706223
1.3979037
1.4790434
2.3648729
2.4199705
1.0527591
0.8919451
0.4605584
1.0918198
1.3995602
2.3528571
2.2325499
1.4739640
1.6953751
1.1545279
2.5389795
2.8988130
2.1222191
3.0154359
3.3193052
2.6199067
2.4810500
1.9540014
2.6246424
1.6748090
2.1196196
2.1647902
1.5118601
1.6216835
0.6809157
1.9784191
3.1039913
1.9350879
0.8924707
1.6239575
3.0382755
2.8591511
1.3835237
2.1756923
1.6899416
2.2277892
2.3884008
2.6758575
2.2804453
2.4486601
1.3104424
1.8122132
1.7925545
1.8989786
2.3460736
1.4989392
2.6273475
1.8388587
2.2865007
3.6012385
1.3433635
2.3060639
2.0153885
2.1487861
2.3776643
2.0010183
1.8804101
1.9126142
1.4668692
0.6724786
1.2308444
0.2428831
1.2094378
0.3149733
2.2176542
2.5279069
2.4229767
1.7486541
1.3303562
1.9895170
1.8227659
0.4211243
1.3367119
2.3999996
2.9983180
4.0873060
2.4554994
2.3217700
1.3051974
1.9419194
1.2107717
1.4851925
1.2190030
2.1110392
2.0247345
2.1353338
0.5374296
0.7297553
0.6598301
1.0023800
1.7245005
2.0567546
2.2031755
1.7055643
2.2620752
3.1251109
3.8865550
4.7886143
7.0333819
6.1215000
6.9632783
6.4188871
5.6245751
5.4674973
5.4217448
5.1950850
9.5247908
12.7044611
10.4571915
11.0968399
3.2619021
4.2167835
2.5809457
3.0918748
1.3989248
1.4414880
1.6956079
1.0781827
0.4504571
1.4324154
0.9676452
1.0930791
0.9402937
0.3396190
1.5119680
0.3037525
1.0635474
0.3760260
0.7105500
1.0791922
0.7782951
0.9259290
1.2512856
1.7680209
2.0607011
1.3462042
1.8591781
1.5230305
0.6458396
0.7536888
1.5909151
0.8879790
1.6182309
1.2590331
1.1398679
0.7789581
0.3853613
0.8707141
1.1007955
0.9896911
1.7002523
0.8764722
1.0879422
2.6931252
0.7694840
3.8493075
2.5210397
2.4956803
2.1805139
2.1023712
1.9142572
0.5063156
4.3351345
4.9699969
2.4418790
4.3937039
2.9911215
2.0613575
0.3963724
3.9531343
1.8096516
1.8151892
1.2092882
1.2906430
2.0519581
2.2145605
2.1536639
1.4848638
2.1577849
4.0233173
5.5382109
3.3374670
5.2830615
3.8510249
3.9758091
4.0235434
1.2300284
1.0841992
2.0000489
1.5691606
1.2380646
1.7204920
0.6154692
1.2184708
0.3035984
2.6051266
1.6586002
2.4633162
2.1678021
0.9305751
7.2511425
1.3445045
2.6142135
1.6255357
0.9101704
0.2368653
1.5949942
2.1673217
1.0971942
1.2990077
0.2411354
0.2482833
2.3397572
1.1155531
1.2113637
1.5149351
1.0053383
1.5804244
0.4933767
1.1559281
0.9338322
1.6656771
1.7021049
0.5850171
7.0465522
5.3834243
8.5833673
2.2707560
10.9154463
9.1234827
1.0007750
1.7107104
1.1836944
0.5538859
1.7467077
2.5060880
2.8178272
2.4596949
1.6616032
0.9960488
2.4744694
2.9317260
1.5597227
2.2461720
0.8362289
2.0754561
1.5132325
2.6465728
6.5275984
0.2180578
0.8301033
0.5427155
1.1237036
1.3920023
1.1665386
1.2290584
9.6008825
0.4500108
0.5097038
1.5797068
0.4507322
10.1088209
0.4564161
1.3777412
10.0523100
3.3771138
3.9837120
1.7461295
2.3771014
9.1926260
0.4379975
1.8648148
0.6676393
0.3558247
1.3531163
0.5072287
0.4483107
0.2322213
0.1338104
0.7262728
1.2297977
2.6515188
0.5614713
1.0681241
1.3664751
0.2400500
0.9095886
1.0691583
0.9991935
9.3285589
1.6561362
6.5158272
1.1093565
0.9442225
0.6280442
0.5611544
9.4076834
0.8405155
1.5414655
1.2581075
2.2934318
1.2252340
1.0366976
0.7009293
1.2670431
0.9310800
1.2140204
1.5925782
0.3202461
1.0226792
0.9872046
1.5624014
1.7857147
0.7818127
2.1979871
2.0182259
0.1528591
2.2790287
1.4863039
1.1822160
1.8580896
1.6576103
2.1316357
3.0337098
1.1941925
0.5637531
2.0796349
0.9400390
1.3508360
2.0423489
1.4392121
1.7483188
1.0234400
1.9154646
1.4624999
0.8164840
1.9057598
1.4605811
2.1130292
2.4030571
2.2009127
2.0777097
2.2470644
1.3654490
2.6674745
2.1531439
1.8532386
2.4195056
2.1330736
2.6165030
3.8749659
3.0226860
3.3864510
2.9797008
3.0682886
2.0501938
1.9835757
1.4711074
0.5265016
1.6381319
1.1155181
1.2063115
1.4778286
0.9657854
2.6458747
0.6321167
0.9303387
1.5169547
0.2690290
0.8502494
1.2110757
0.8061554
0.6186160
0.8187854
1.4681612
1.7194920
1.0748923
0.3477844
1.0305614
0.7849049
0.7898908
0.4780393
1.0173444
0.9238640
0.7771303
1.2396202
1.8115730
1.6941864
1.1653532
0.4815860
1.7488784
0.8342424
3.0011477
0.9038447
0.3637327
1.4309953
0.2097339
1.1158339
0.6697156
1.1324837
0.2125867
0.6842595
0.3021120
1.1668276
0.7079411
0.4595322
0.6085129
1.3499436
1.5621054
0.1907597
0.7556138
0.6456389
0.8017855
1.2081424
0.8205429
1.5755249
1.1520739
0.7312576
1.5839325
1.1522565
1.8264098
1.1736928
3.2501769
3.8827171
1.6013279
0.3445992
1.9040638
1.4690154
0.4600779
0.8467580
0.7179598
0.8810964
0.2690550
0.4766243
0.5702206
0.5129600
0.6866893
0.5441098
0.4031200
0.1029354
0.6805766
0.8192176
1.3561867
0.4564376
1.3785774
1.5395095
0.9857278
0.8120407
0.4201487
0.4169741
1.4791725
1.4070818
1.5002847
1.0105525
1.1611079
1.4779119
0.7855633
0.8473037
0.8891153
0.9657598
0.7109646
0.7486523
0.3851525
1.0929148
1.0265082
0.5631243
0.9274783
0.2958254
1.2172264
0.6831679
0.8060954
1.1748673
0.3513981
1.0550196
0.8829039
0.8778176
0.5136985
1.0431085
0.6035782
0.8353446
0.5674632
0.9204856
0.6889398
0.9211912
0.9455184
0.4080513
0.9398205
0.9177608
1.1552395
0.9888170
0.4695899
0.5486181
0.9251650
0.7709292
0.7647967
0.6793833
0.4958824
0.6064678
0.9684005
0.3904478
1.1353508
1.2514149
0.5831651
0.7310421
0.8232628
0.7331263
0.7723043
1.0022466
1.2732074
0.9776378
0.7425249
1.0615388
0.5672559
0.6039153
0.3698567
0.7206218
0.7113865
0.8587754
0.6165949
1.0257459
0.6847661
0.4314902
0.5155079
0.6489802
0.6133676
0.5713778
0.6750512
0.5526075
0.9912172
0.7679477
0.9666348
0.6098056
0.3128575
0.4412898
0.9611416
0.4620732
0.4983148
0.3831030
0.7571287
0.9632279
0.4623100
0.2139343
0.8079836
0.8154798
0.9093536
0.7079282
0.4172230
0.5174778
0.5584863
0.6813278
0.4117383
0.5401113
0.8665624
0.7523715
0.6938154
0.3346665
0.5163193
1.1770571
0.6907982
0.7455426
0.2539973
0.5312078
0.4518516
0.2553947
0.9215757
0.7775905
0.7625998
0.3706421
1.1444507
1.0861475
0.9012536
0.9844435
1.2600894
0.5628096
0.6563587
0.6324627
0.9243804
0.7053802
1.2540191
0.7668214
1.1830791
0.5766722
0.6258067
0.3202735
0.8641762
0.8914592
0.5657172
0.8401357
1.2527912
0.6711406
0.5491617
1.1562573
0.8850271
0.9838270
0.9219286
1.6037070
0.7138533
0.4850523
1.0034379
0.9281195
0.6891767
0.8223225
1.0215007
0.9422846
1.0990807
0.7533318
0.4137371
0.6153257
0.7299550
0.8247506
0.8477354
0.3734855
0.8232549
1.0498757
0.6836807
1.1278675
0.8790206
0.6892830
0.6955668
0.9711234
0.9092146
0.9987176
1.0342723
0.6536393
0.7826051
0.5742666
0.4932726
0.7501407
0.6221741
0.3629915
0.1916547
0.6622444
0.4707891
0.6527679
0.8596075
1.0334554
0.7837605
1.0893900
0.9453419
1.4905807
0.0315684
0.4898479
0.5353297
0.7296175
0.5601097
1.0831641
0.7875107
0.3402203
0.6607991
0.6071795
1.4511527
1.2078900
1.4982413
0.6912348
8.9701920
1.4051572
1.4237008
0.8181694
1.0433165
1.1259414
1.3555018
0.7715322
0.2912648
0.5254812
1.2898331
1.1032795
1.3463129
0.8723460
0.7484664
1.0239296
1.1251121
1.0930413
1.6309716
0.7191769
1.0385618
1.1326716
1.6867080
1.4814757
1.4045943
0.7059643
0.8796982
0.8636608
1.3273536
0.8038338
0.4300944
0.9733174
1.6201303
0.3703311
0.4240405
0.9146969
0.5020851
0.4081165
1.3559134
1.1792464
1.2386636
0.8676924
0.8007450
0.6220677
1.0029761
1.1969434
0.9924771
0.9845390
1.2247243
0.7214469
1.1554279
0.9079903
0.8357887
0.8367304
1.3035785
1.0643880
0.4489762
0.5464748
0.9100551
2.3247950
1.0086001
0.9014378
3.0566995
1.6173500
1.0054488
0.2457735
0.7865756
0.4582369
0.7066521
0.6621430
0.7910230
1.0225685
1.4147384
1.7622796
1.0029876
0.3143199
0.9076868
1.4698367
0.6844614
1.0097250
1.3634745
1.3842961
1.4178567
1.2189336
1.0750576
0.7263041
0.9448473
0.7053090
3.2181842
18.5922375
22.6622982
23.7194252
26.5720654
18.3881054
13.3276844
9.2623701
3.8291728
0.7541692
1.2206661
0.8253726
1.6632549
0.9806747
0.9543582
1.2044439
0.7366707
0.4392926
1.6164616
1.1339980
0.2034721
0.8200505
0.9555080
1.3659074
0.5946248
1.7265190
1.9179033
1.1507018
1.0927247
0.7185417
1.4686214
0.6225985
0.2988979
0.7058070
0.9079149
1.0401857
0.4178850
0.8866915
1.5283478
1.4359074
1.0632497
1.2983922
1.5123184
1.7175523
2.0427380
0.6860678
1.9708507
0.8257648
0.7654225
0.4079663
0.4834758
1.5075576
1.3020796
0.8091505
1.1450750
1.9866263
1.6396245
5.9452896
9.9455814
7.5082369
2.5239933
2.0742061
3.0162504
3.2170753
1.1419187
2.7415726
2.1736357
2.6592596
3.0334785
2.7159736
1.2221560
29.3533745
3.1356089
4.1288090
2.3238637
4.0632744
3.3766730
3.9333587
3.6179578
3.8388867
3.7352283
1.9434866
1.6012999
1.4695777
1.4499108
1.7213752
2.5781882
1.4497480
2.1674969
6.8287725
3.3851671
2.3097124
6.9782362
5.0168653
5.0965977
3.2910402
2.9225376
0.8262805
1.8992565
1.8662120
0.5782529
3.5370824
1.7298303
2.6020145
2.7228959
2.1824806
1.5904561
0.6276901
2.7996571
2.4252112
0.8936281
3.1086593
3.8886013
4.0975399
3.8592591
3.0271301
4.2235484
3.4650624
2.7817879
1.4750950
1.5718510
3.8831775
2.2367840
2.6369529
1.7526867
2.8820853
2.3223352
3.4722912
2.8946946
2.2893000
3.1240542
2.3711600
3.7680976
4.2971578
3.0684793
0.9484764
2.5782921
3.0309253
2.1226373
2.2994242
2.7956560
3.6498051
35.2086143
68.1138535
64.1047974
44.3184433
17.3987865
3.8503366
3.5288954
3.0431519
3.6889501
3.9535244
4.7752790
4.4609981
5.7627072
5.8221169
4.4491491
5.5297709
3.8984134
1.9414557
2.4277914
2.4524219
4.3147335
1.8807340
1.3041006
3.4929426
2.5569563
1.5975257
1.7892342
0.9480842
1.8476528
1.3892251
1.2547694
1.8756585
1.4378164
0.3391097
1.1115575
0.7483149
1.1523992
1.2452796
1.4617068
1.1758547
0.4260417
0.2871229
0.5562789
0.5919161
0.3993748
0.7588602
0.8864574
0.9482049
0.7879558
0.9016950
1.5223542
2.7348216
1.6731981
1.5423084
0.2496785
0.7808468
0.7588264
1.2983537
0.5115555
0.1923122
0.6851366
0.2218543
0.9657822
0.5753503
0.7386300
0.6872647
0.6065943
3.0373416
1.5011710
1.3373649
1.4834183
1.5979439
1.1897855
0.5917394
0.8382890
1.1869850
0.7950504
0.2581520
0.5426085
0.8818499
1.8117138
0.8166856
2.2645152
1.4276792
0.5318823
0.7388306
0.5931376
1.2980129
1.0989690
1.3382019
1.2454289
1.9199525
1.3202182
1.1929616
1.8028404
1.5904521
2.1965663
1.5734725
2.5688865
1.7739394
3.2450747
4.2772164
2.5144293
2.3475046
4.2373857
1.8845205
2.6692519
0.8832291
0.3905609
1.2062995
0.3117400
1.1817173
1.1941147
1.1052381
0.9829682
1.2946954
0.8210263
1.6039760
1.0003648
1.8998561
0.4791724
0.6061741
0.7307157
1.9109459
0.8060336
1.2196634
1.0863582
1.2995046
0.9136121
0.4873015
1.1141368
0.3870617
1.2045356
0.8003194
0.5236785
0.2658873
0.2297089
0.5793789
1.5637178
2.7564845
1.5788016
3.9774532
3.7793708
1.7162871
1.6010363
2.3636537
0.9112353
0.3008157
0.4889637
0.4427311
0.5152933
0.8617329
0.6029952
1.8544592
0.6346663
0.4752000
1.0376768
0.3102862
0.4179114
0.1827539
0.5414239
1.4504077
1.1047689
1.9527876
0.6330101
1.2382388
1.1776459
1.5839734
0.3874350
1.3283707
1.7358510
0.2935970
1.6652322
3.3135149
2.8096004
1.0961810
1.3679295
0.5974419
0.7256042
0.9473755
0.5851674
0.4122480
0.8330765
1.2267087
1.5300480
1.7342095
2.5387537
1.0696268
2.3229189
2.1087968
0.8962525
1.0527031
1.0320072
1.3300158
0.8903883
1.3642210
1.1060697
1.0596594
1.1250385
0.6890411
0.8723820
1.0103452
0.7158754
1.7086506
1.1003401
1.3678422
1.0900295
0.9796270
1.6013021
1.0759929
0.4718613
1.2786108
2.1922565
1.5589774
2.3773558
2.4488273
2.0525949
1.9687798
0.7686524
0.3473347
0.6058153
0.4206897
0.4226521
0.7424420
1.6435083
0.8957767
0.3736719
0.6947659
0.7210391
0.9101599
0.9471000
1.6004189
0.4417156
1.0759079
1.8616937
2.2976429
0.8397450
0.8386425
1.2839911
1.5471720
0.3127376
1.6048086
2.3920372
1.1972378
1.7760209
1.8418412
1.6859424
1.7172706
1.3558792
1.0964875
0.5797062
0.2888410
0.9793292
0.3333015
0.5813693
0.8203474
1.1869389
0.8133748
0.4034009
1.2823133
3.5153909
2.4149911
0.6131870
0.2625454
0.5434112
0.2582307
1.8121769
2.0704818
2.1141448
2.2171841
2.6526787
2.6540539
2.3775916
1.9226077
0.8824182
1.4444869
1.3677262
0.8438392
1.0039805
0.2270211
0.7591972
1.6513517
0.4679741
1.2835237
4.0612292
0.8090475
1.8302402
0.6428469
0.3904688
0.8535777
0.6144793
1.9160974
0.8146895
0.9775063
0.6525065
0.5757939
0.9930201
0.2011766
0.0786680
0.3976776
0.4001969
1.9466630
0.6234353
0.9306673
1.1669556
0.7509164
1.3756256
0.7462872
0.7974312
0.9482244
0.6677095
0.8810275
1.1452478
1.1164383
1.2127028
0.9385709
0.9586086
1.1532762
0.4489594
0.8182989
0.9444178
0.1878559
0.4951448
0.3120629
0.9172317
0.8739713
1.0478170
1.2816147
0.6482304
3.3343096
5.3559079
1.7448052
1.0822326
1.2229830
0.9833652
0.5714275
1.2068152
2.2196536
1.3930804
1.0382500
0.6059124
0.7290606
1.5658317
0.7822856
1.4711791
0.2953817
0.9779411
1.8175037
1.1445690
1.1806005
1.4780707
1.1232841
1.5765183
2.2983696
1.9138998
1.8403770
1.0419033
1.5237144
1.5570761
0.2457658
1.6517049
1.2137783
1.0474459
4.3501515
2.3270628
3.9904983
2.7273798
0.8135373
2.5401456
1.7952669
1.9447556
2.9420907
3.0739286
3.1226246
3.4119518
3.0033207
2.1457865
1.1710359
0.3909887
0.5253063
0.9319564
1.8085238
2.1401870
1.4008104
1.4427334
1.9057689
2.4395475
3.4959276
2.2742352
2.4183564
2.3265829
2.4916928
2.5570652
3.0563564
2.8115082
3.2711422
2.2403367
1.2097924
2.2149093
2.9260967
2.0184801
2.8781798
1.8131527
0.8398687
0.9699118
1.1811546
1.0843600
1.8093977
2.1888471
1.6632692
1.0604097
2.9614127
0.2477559
2.5308435
0.6598957
0.1367635
1.8457110
2.9029105
2.9233980
0.9822955
1.5344568
0.9495416
1.1631107
0.7060301
1.0733215
1.1203576
1.3531864
0.3284761
0.4770733
1.1246889
4.3420668
1.4999892
1.7494586
1.7688891
1.6158664
0.6688927
2.4036262
3.9052396
1.4908415
1.1505306
1.4213078
1.3404826
0.4955551
0.7023601
0.5174003
0.7803457
0.2694570
0.5947028
0.3823648
0.4157634
0.4189042
0.8554970
0.8474659
1.7398150
1.4927685
1.1976062
0.6243033
0.7452885
0.9075016
2.6289082
1.3805239
0.5326140
1.5250582
0.3674973
0.4013939
0.4067443
0.8369405
1.2552656
1.4575429
0.6626550
0.7998099
1.1955510
0.6604828
0.9113718
1.5398848
1.2112507
2.7989314
1.1577626
1.3621032
0.6156007
0.5777279
2.5018461
0.2163451
1.1902437
0.2047286
0.7667279
1.1875851
0.3434604
0.5209842
2.2144265
0.3074465
2.3597803
1.4741725
1.0057594
0.2213209
0.5156927
0.6985013
0.4956287
0.1433360
1.5982993
0.5708619
1.9024159
2.3839588
0.2799750
0.8739254
0.4075193
1.8278432
1.9246938
2.4907672
4.8077898
0.0672908
1.4570987
1.0349720
1.3167568
1.4569852
1.1293827
1.4198285
1.7255394
0.6478871
1.3922557
1.3298218
1.8312167
2.2655959
1.3060149
1.5078465
0.6608242
2.8320038
1.3868299
0.9357591
0.8362361
1.0933623
1.6020887
1.8655858
1.7449176
2.5867825
1.8732318
2.3850906
1.9046092
4.3744550
3.1074195
3.2492373
3.8128686
3.6424344
2.2545478
2.6693575
2.3211300
2.6571710
3.5638137
1.8905245
1.5659791
1.7052535
1.0978945
1.1595259
0.2404740
0.9789267
0.7001722
1.6126988
1.5104221
1.6353005
1.5448905
1.4809424
1.3535335
1.5729550
1.5656343
0.7592762
0.4947372
1.6012998
0.6763806
0.3498398
0.7020907
0.3875074
1.0516593
0.7683755
0.6307856
1.4042011
0.6301106
0.9578058
1.4825360
0.8276769
0.6846843
0.3218983
1.0334951
0.2510740
1.0263686
0.4295585
0.9262548
0.6868151
1.3766938
1.1756198
0.9001549
0.4967268
0.8778758
0.7352669
0.8007361
1.1942724
1.0544599
0.6928028
0.7141359
0.5702452
0.2900027
0.9383589
0.4987781
0.3756722
0.6910529
0.7287210
0.9433969
0.8782365
0.6537544
0.7038294
0.0745249
0.3923576
0.7702778
0.7003528
0.2141677
0.1266686
0.7527340
0.9253485
0.3187239
0.7778929
0.8134062
1.3611788
1.3525064
1.4005990
1.6745834
0.7085081
0.4592862
1.5555786
1.4771384
0.6799146
0.9793999
1.2148592
1.2236531
0.4541337
0.3887159
0.1173918
0.3425935
0.5918456
0.6209530
0.7877236
1.1507258
0.9263741
0.2704202
0.6210560
0.7510330
1.9433030
1.4985472
1.3447592
0.7647944
0.5508568
1.5724963
1.5347905
1.3489083
1.3108467
1.1405535
1.3911690
1.8943588
1.0846838
1.3725392
1.2714597
1.2621474
1.3433644
0.7170262
0.1109025
0.8582788
1.5775808
0.4067830
0.7939910
1.1341224
0.2089088
0.8221496
0.9911817
0.7035317
1.1208134
1.0189151
0.8306295
0.7040837
1.5187327
0.2549321
1.3908881
0.1363585
0.3024039
0.3744536
0.7465420
0.4401099
0.6512781
0.1588987
0.4197909
0.7883087
0.7801516
0.7980269
0.7275923
0.5907882
0.4826564
0.8024586
0.3438017
0.7882525
0.4720567
1.4710132
0.0896519
0.1898411
0.7527022
1.0573422
0.4502999
1.2121830
1.2640941
0.7467692
1.2125987
0.7487511
0.4593910
0.6272438
0.3889641
1.2241294
0.1536796
0.3196365
0.4673544
1.3995854
0.4704966
0.8741185
0.3982295
0.6282362
0.8590137
0.1607637
0.2526287
0.2712950
0.2122843
0.1598468
0.5041714
0.3770405
0.5239078
0.0415151
1.0192208
0.3448042
0.3322082
1.3006372
2.4474711
1.1268781
0.3365134
0.4800049
0.1859546
0.4002774
0.5698973
0.6978142
0.4301347
0.5054840
0.4813095
0.2600237
0.0945688
0.4719249
0.7958940
0.6922363
0.3433871
0.5275134
0.6135984
0.8950373
0.3003868
0.2524231
0.5063518
0.5865564
0.5554596
0.8390440
0.7052234
0.6188226
0.7414943
0.6735561
0.4914669
0.3603384
0.3877426
0.5700101
0.7271029
0.4677561
0.6933528
0.5218555
0.7278197
0.1230142
0.5427365
0.6308227
0.5624627
0.1764109
0.4305884
0.5540573
0.6541272
0.2318082
0.9505815
0.4642749
1.0824329
0.9498415
0.5213407
1.3191898
1.1891791
0.5007696
0.5548572
0.4557973
0.7410517
1.3809434
1.0849520
0.5070932
0.3331073
0.1921408
0.2432153
0.6056735
0.5550572
0.4689076
0.4918261
0.2428035
0.4899482
0.7114089
0.9750568
0.8321682
0.5017149
0.5813276
0.2965849
0.5990541
0.8271531
0.3509458
0.3326693
0.7305947
0.4904456
0.4658739
0.6272758
0.1229459
0.8360872
0.3802809
1.1588519
0.8286967
0.8013279
1.4044434
1.2339165
0.9458579
0.6387714
0.6445524
0.8467956
1.1280494
0.9068634
0.5481757
0.4685503
0.3432537
0.2271297
0.2898906
0.2370501
0.2160837
0.3569141
0.2605371
0.4591802
0.4747509
0.5448134
1.0971936
0.4197813
0.5604473
0.5532783
0.5390071
1.0304799
1.0645137
0.4522958
0.2836265
0.4335827
1.0330958
0.8836333
0.6772940
0.7250654
0.8061165
0.8683366
0.9476311
1.1340952
1.9834660
3.2119756
2.0630603
2.3322594
1.7555217
1.1668127
1.0235567
0.4777777
0.9996724
0.9644863
1.3425561
1.7397038
1.6088606
1.6004722
1.3981972
1.8521826
1.7459095
0.4447135
0.4498760
0.0596504
0.3390836
0.2175461
0.8383775
1.1463846
0.3027302
0.6206291
0.7454447
0.6667285
0.3582810
0.5549200
0.7078343
1.1385854
0.4953326
0.3686282
1.3215181
1.1441188
0.8795282
0.2741908
1.0934135
1.6138593
1.0578130
1.2751045
1.4905632
1.4206096
1.4185116
1.0615970
1.0986550
0.6336417
0.4988568
1.0371910
0.9770533
1.0346533
1.1401513
1.4116044
0.6774872
0.9648042
1.4023551
1.7318466
1.5645214
1.4612942
1.2365839
1.4276448
1.5234126
1.3571538
1.3695390
1.1019392
0.9919725
1.0581321
0.8228386
0.8121738
0.7491556
1.1618583
1.0693371
1.3366994
1.0432018
1.9099339
1.7529619
1.8986200
2.1922483
1.5866486
2.6203465
2.6507621
2.1069889
3.1409483
1.9140975
3.0328257
1.2625362
1.9526006
1.0496233
1.2413144
3.1480167
5.3909802
2.8258808
3.3128457
1.0526774
1.5024954
1.5990192
1.3037192
2.2104130
3.7001593
0.2770380
0.7663044
1.3653814
1.5429665
0.6804630
0.5758886
0.9023693
0.6470532
0.2693549
0.3000087
0.2909002
0.4341735
1.3906338
1.2305911
1.0056229
1.4330462
0.6077738
0.3693462
0.3329296
0.1822984
0.1804170
0.4022992
0.6891650
0.3908755
0.1538258
0.9583498
0.4978637
0.5350828
1.4412180
0.4364361
0.4168364
0.2494547
0.4049183
1.7033589
1.0444893
1.8220989
1.2028108
1.6691406
1.6722937
1.4511721
1.4535254
1.0864313
1.8046907
1.2959024
1.3179020
1.1734514
1.0358564
0.7210532
0.7311292
0.7612098
1.4020902
2.0159070
1.0865726
1.9554021
1.7856138
2.0741148
2.1537404
2.0356677
2.7280295
1.9373360
1.4027277
2.1119623
1.6058853
1.7874614
1.3974364
1.2185301
0.8392394
0.8170462
1.1305224
0.9395624
0.9925804
0.8233047
0.1972084
0.4518568
1.0457819
1.2394907
1.5488642
1.0546283
1.1175430
0.5143241
0.9018433
0.8400481
1.0847201
1.1196687
0.6538873
0.9131021
0.4178634
0.7437750
0.5124559
0.4528252
0.3035820
0.8959435
0.8241190
0.8793851
0.1973807
0.4790867
0.2761082
0.6268746
0.4694816
0.1750027
0.7957555
0.4766829
0.4805838
0.7693248
0.5579168
2.9132936
1.1302404
0.3915716
0.3447764
0.5448306
0.5772771
0.5960950
0.5978112
0.8831029
0.7401040
0.5847678
0.2595309
0.2672652
0.4685260
0.4963271
0.6228198
0.5281678
0.4216604
0.1561428
0.9328220
1.7363364
1.9994437
1.2889154
1.4668154
1.0091344
0.8468484
0.3736541
0.2846879
0.2516856
0.7720945
1.4186618
0.9364923
1.0579140
0.3348717
1.0034865
0.2332300
0.4635271
0.2156265
0.2718643
0.2880264
0.4526325
0.6469375
0.7540776
1.2648432
0.6971869
0.7127409
0.5630972
0.2372240
0.3558681
1.2727236
1.4722998
3.3839874
2.3206725
0.6118459
0.7694414
0.6563667
1.1759318
1.5372673
1.3266705
1.5566260
0.9610869
0.5456477
0.6713077
1.1532022
1.7047876
1.3266577
2.3500073
2.0294528
2.4832604
3.6436784
3.5925026
5.7261376
4.2782006
3.2752566
3.9407251
1.7634541
3.1343729
2.3078704
2.3115036
4.6303887
2.4936266
4.0584512
2.1878994
2.5192809
1.6541057
1.3683721
1.0123410
0.9230369
2.3966227
3.2312016
3.6848490
6.3727722
4.3520684
5.0254154
5.0243111
3.9803829
2.3397441
2.1865571
3.6696279
1.7155888
1.7776250
0.7960645
0.8494545
0.6305411
0.5945771
2.0367451
1.7902906
0.5946766
0.8708510
0.7857749
0.8025323
1.1792164
1.0769526
0.2831664
0.6845686
1.2724460
1.1779957
0.6328823
1.9478842
2.5934112
3.1584921
3.3241034
3.3851008
3.6491072
2.5376871
1.3746661
1.0707555
1.0063807
2.3426144
0.6142679
0.1933639
0.8599601
0.9245571
2.2387300
4.3942680
5.0332365
5.5455475
9.3086901
8.2135553
6.9771957
7.4539914
4.8525667
0.5563577
1.8718330
0.5088248
3.4370191
3.0755830
3.3826878
6.6680565
3.8852255
0.6304340
1.0088137
2.7129860
2.0014975
0.3559200
2.7041895
2.1634119
1.5532112
1.3104509
1.9445068
2.1566029
1.1995503
0.7652474
1.0723548
2.9793239
1.2847966
1.4124286
0.9038716
0.4352223
0.2389237
1.6904153
1.6258484
1.9922965
1.8063387
0.8213322
1.8773292
0.8109975
1.5703316
0.7327105
1.2142167
1.3224465
0.2014705
1.3135375
1.4303936
0.7548217
1.0678701
1.3037292
1.5728979
1.7699559
1.3656713
1.2029300
1.2182332
1.5873740
1.2688059
0.4206769
0.8480262
0.5853979
0.6087312
0.8389121
0.2888439
1.5718247
1.5850822
1.0896093
1.3867018
2.1527717
2.6414273
1.7323133
1.6656498
2.6940343
0.6887682
1.0026693
2.0603943
0.8898674
0.6388543
1.1003504
1.0489089
2.4237111
1.9425601
0.7100636
0.4592924
1.6890150
0.5900162
2.0765443
0.6775114
1.4152037
0.8536546
1.3870025
1.2919376
1.4615272
0.6349506
2.2595572
3.2027981
2.2699459
3.1036685
2.1867461
2.5906978
0.4144452
0.6186124
0.3757270
1.0479189
1.3955874
0.8110829
1.1635859
1.7566929
0.7555030
0.9426236
1.5451937
0.3409511
0.3135807
1.4176261
4.0429244
1.6298710
0.3387591
1.7284524
4.2445426
2.2194839
3.0593834
1.6344168
0.5376894
1.9254448
2.1059806
1.0231342
2.0851557
1.8484957
0.8505784
0.6704530
0.3711574
1.8745508
1.6585003
1.2083179
1.0887715
0.6087758
0.4313453
0.4572316
0.3901788
1.9275539
1.4292969
0.4466334
2.0613587
2.5662739
1.6701825
3.2013757
2.9510546
3.2484193
1.6401147
2.9786897
0.4781292
1.4439265
0.4095217
2.8486264
1.1539726
0.8883803
1.0103880
0.9703743
0.3064271
1.1530663
0.6848013
0.5357683
0.6081645
0.6075672
1.1037382
1.1197087
1.2484796
0.1765386
1.1734366
0.5457380
1.2109267
1.4537374
0.6819890
0.4758116
0.7294273
0.4132135
1.0754474
0.9474092
0.3116004
1.7626389
1.7638772
1.4507631
1.9409431
1.8398581
1.5968359
1.7380834
1.8537674
1.2344416
2.1039214
0.6788220
2.5304947
2.6356821
1.2251642
0.7270854
0.4129479
1.6980689
1.5642375
0.5590323
0.2289190
0.9144316
0.4604382
0.8254130
0.7769375
1.4899386
1.6409954
1.6267903
2.6937375
2.3738279
0.8246199
1.3330492
2.3644798
2.9805181
2.4631708
1.9385661
1.1281362
0.7894316
1.1616796
1.0019705
0.6712111
0.9415999
0.9326652
1.0874039
0.4939496
1.2617328
1.3362354
1.2302157
1.0568467
2.2686045
3.4818575
2.9242375
1.6953073
1.0422878
0.6228843
0.5944218
0.3986036
0.3008191
2.6369352
2.2927039
1.1814969
2.5208902
2.8778820
1.7670875
3.3454387
1.3544234
0.4206169
1.4833226
0.5879264
1.1333023
0.5093877
0.8465878
0.9128641
1.2840476
1.4172015
0.3808525
0.2802179
2.1993759
0.5352516
0.5158589
2.2155960
0.8208085
0.4720469
1.1331843
1.1849961
0.3527119
1.6720778
3.0581524
2.1909738
0.4185493
0.5978702
1.2884400
0.6842917
1.0893627
0.7386024
1.6541052
0.9212632
0.7816740
0.3209752
0.9241847
1.2998987
0.7306031
2.4991803
1.0842742
0.5844185
0.8672705
0.6112244
0.7214056
1.3732386
1.9031775
0.1783068
1.8040547
3.3688643
0.3466731
1.3543185
0.4826496
2.1525702
1.8415828
1.1327531
1.4649565
0.9326681
0.7000098
0.4626308
1.0935386
0.8172138
0.7140816
3.6650279
0.3680471
0.4314223
1.9113604
0.3913103
0.3446510
0.6383218
1.2169889
0.5087894
0.3466162
0.1136829
0.5011251
1.1625254
3.3577843
3.3117266
1.0641607
2.2637613
1.1671952
2.2709291
2.5146389
1.8290205
3.1429410
1.1124727
1.9117624
2.5005500
0.7109676
3.8889701
1.9181213
1.5922502
0.8499285
2.2169998
0.9885371
1.0859934
1.7815543
1.3980906
1.9397582
0.9708561
1.3111384
1.4679886
0.8117975
2.4895906
0.3608927
0.6880076
0.4824513
0.7254592
0.7525175
1.7123629
1.3859166
0.7207657
0.3114057
0.4864923
0.3302552
0.4907229
0.6596326
0.9532133
1.0266141
1.5191725
0.2573146
0.2206979
0.7156774
0.6554450
1.0595338
0.7949769
0.9231836
0.5274175
0.8326537
0.3167564
1.0800871
0.6117151
0.5978147
0.4041868
0.6473756
0.7120793
0.2199111
0.4130096
0.2513851
0.3731804
0.1969312
0.2792413
0.9421934
1.1053238
1.0086600
1.0180042
1.2531000
1.6621140
2.7046824
1.1952597
0.8381266
1.8067410
1.3177965
1.4587241
1.4750019
0.5402817
1.1105400
1.3621663
0.1804297
0.3468731
0.3871328
0.5514953
0.3304378
0.2276234
0.3612640
0.7483299
0.4159095
0.3510467
0.1479622
1.2429931
1.6086928
1.2084262
1.3162587
0.9123752
0.4693524
1.0775837
1.6283636
1.3480574
0.7024639
0.8318795
0.4406004
0.8556915
0.3185798
0.5764595
1.1189699
0.6932019
0.9595940
1.6291890
0.7141188
1.1115177
1.3147936
1.3567002
1.1507808
0.5918909
0.4271770
0.3472434
1.1604177
1.2527926
1.1266899
0.6794940
0.0781184
0.5561816
0.3066705
0.2315324
0.5827827
0.8541055
0.2858180
0.3836728
0.7214406
1.0715529
0.3592772
0.3965420
0.6630418
1.8843570
0.5847986
0.9785822
1.5512210
0.4575640
0.5756742
1.5013655
1.2782983
1.5114225
1.0951184
2.3852592
0.2485318
0.7872449
0.8860708
0.5739161
4.7956176
0.5244012
1.0691814
1.3083376
0.3478095
1.3943874
0.8263341
0.4751811
1.0242908
0.6413385
0.7136543
5.8177524
1.2048388
1.7732474
1.4154512
1.1063789
2.9685206
3.2302730
2.0827405
1.9175206
2.2632041
1.1942407
0.2894149
1.3447286
1.1089276
1.4576651
0.6830568
2.1403925
0.9639483
0.8633479
0.7477077
1.1517948
1.1139123
0.2949685
0.2148585
0.8959507
0.2893971
0.2092456
0.2393059
0.1785015
0.2477772
1.5069008
0.3559935
0.6617759
0.1656499
0.2203040
0.3622051
0.2871924
0.3329909
0.5515602
0.4529047
0.8845098
0.7442850
0.6898152
0.5770410
0.4454821
0.5925720
0.3435980
0.1101071
0.6273664
1.1411830
0.3740178
0.4737006
0.7447979
0.2123858
0.6269358
0.8901077
0.2846864
0.6588221
0.5426180
0.6797683
0.4645921
0.1160504
0.4680461
0.1483175
0.2573325
0.9890137
0.1548451
0.9585366
0.2637261
0.6120854
1.8810050
2.7098660
0.2379162
1.1732172
0.2735562
0.7663598
1.4402151
0.1900312
0.1920180
1.1918044
0.6211546
1.2272137
0.8486105
0.8682131
7.4972773
5.2240806
15.9760208
1.6398467
0.5640846
0.4088834
0.5526035
0.1767336
0.3075423
1.1968603
0.5577670
0.9875053
1.2019526
0.9347985
1.3350039
1.4772363
2.1503408
1.2395847
1.3400183
1.5421340
1.9712423
3.8282876
0.8889645
0.8253684
1.3196498
0.9510242
1.3825766
0.9634889
1.2016811
1.1249586
1.3390124
2.1924553
2.1651399
2.3261960
1.8607608
1.6334610
0.8099371
1.2361950
1.0420345
0.9330788
1.6951315
0.3261061
0.5255591
0.9124568
1.0204579
0.7636752
1.6545762
0.9900313
1.5064754
1.6206622
1.2914422
1.2619659
0.4250042
1.1600400
0.6698244
1.5193642
1.0411521
1.1261140
1.0766736
0.8655612
0.1681789
0.2029029
0.6580792
1.1592690
1.5564499
1.3385729
0.7576385
1.3828720
1.2188029
1.0593694
0.8501629
0.3600831
0.1298619
0.0698294
1.0551542
0.6585080
0.8850816
0.9258474
0.9770586
0.9862425
6.7378559
0.1005176
1.4181530
0.7523603
1.1430188
1.0375755
0.6410112
1.1763860
0.7060050
0.4411554
1.6542994
1.7945056
0.9694439
1.3140540
0.9432064
0.7315571
1.4028714
1.7880358
1.0316490
1.0342838
1.0181189
1.0972514
1.1625557
0.9071722
1.0483705
1.3925437
1.5820630
1.7553220
0.9018031
0.7731699
1.0436057
1.3833734
1.3655442
1.4683989
2.7976885
1.1663339
1.6311836
0.5036861
0.7586051
2.0515115
1.2263094
1.3453413
1.3670191
1.3913474
1.3709617
1.0113825
0.3208368
0.6808130
1.2350005
0.2135046
0.3948951
0.2973174
0.6890614
1.0374339
1.4001065
1.3584526
0.3623706
0.8112115
0.3214034
0.5752911
0.6474585
0.7988741
0.6103318
0.4027652
0.8926838
0.9778113
0.1269555
0.5524251
0.2583422
0.7075849
0.5405915
0.7510599
0.3098060
2.3763838
1.2767005
0.8801180
0.6674972
1.3202577
0.7639866
0.7842329
0.1876950
1.3935827
0.6590623
0.4452709
0.7355802
1.1570108
1.0389663
0.7729768
0.8485831
2.0001864
1.1030765
1.1877229
1.6897570
2.1539044
2.1517828
1.4451932
0.1628001
1.5801568
1.8584303
2.2857101
0.8373289
0.8346850
0.4878115
0.6141031
0.6875671
0.3159383
1.3221598
0.7920687
1.4844807
0.5804939
0.8861638
1.8766043
0.6964012
0.5697140
0.6922506
0.8189873
0.4044444
1.0311846
2.9295332
1.4854121
0.7408062
0.9053227
0.4653195
0.9076882
0.2344531
0.7101779
0.9865928
0.5441679
0.7180601
0.6677732
0.4341598
0.3163979
1.3552639
0.3557835
0.5650468
0.4199628
0.6338215
0.4674678
0.7152741
0.6974385
1.3099682
0.4780826
0.6307377
1.2904270
0.7186741
0.9753207
1.0341997
0.5227124
0.6145120
0.7368259
0.6317698
0.8387712
1.0880966
1.0374908
0.7708526
1.2331736
1.2699695
0.7596518
0.2612915
1.0748794
0.6570022
0.6340026
0.4581456
0.2545269
1.0956678
0.4101862
1.9123167
0.6345624
0.9327484
1.4324765
0.4702801
0.2721656
0.8036509
0.9267884
0.4934980
0.4266582
1.1240109
0.1407256
0.8245970
0.7288117
0.6805544
1.1488456
2.1510103
1.7759169
0.8256320
0.8499340
0.9211262
0.5531646
1.3941554
0.9414049
1.7447859
0.2147292
0.5415615
0.9284619
0.1936526
1.1572635
1.5960863
1.8717879
0.8440455
1.2508820
0.7061641
1.4847722
0.4655523
1.0883657
1.2147697
0.5419819
1.6769497
1.2059274
0.4292804
0.7276719
0.4826803
2.3475511
0.2928425
0.3407540
2.0086365
1.1584165
1.8452170
2.3771892
0.2670960
5.9578600
1.0343885
1.0042361
0.6509254
0.8211171
0.6499154
0.6532982
0.3513612
0.9382970
0.3539966
1.0965034
1.3289807
2.8578048
1.4036152
2.3305616
0.3295933
1.2390062
0.7599614
0.9906301
1.3167506
0.4836259
1.2150835
1.7548511
0.3743175
1.4171101
0.5870794
0.7118472
0.9249628
0.4319293
1.7397393
1.1042924
0.6816860
0.8373082
0.9769967
0.4129954
0.6523988
0.8723214
0.7598496
0.9627889
1.1563249
1.1021974
0.9595088
0.6628017
0.9945325
0.4761875
0.8256881
1.3628900
0.7733257
0.4400198
0.2736200
0.1865391
0.2473459
0.5046356
0.4572865
0.8643481
2.2552385
1.0200596
0.7720859
0.0655425
0.5154100
0.3966557
0.2582487
0.3458909
0.8078299
0.6716106
1.4980671
0.9738166
0.4611020
1.5839834
0.6911716
0.0964423
0.7126427
0.8619378
0.1815836
0.9004869
0.6312153
1.8369845
0.9457936
1.6838737
2.0503223
2.3374689
2.2236509
2.0569665
2.6320343
1.6419499
1.3238156
1.8510447
2.1002827
0.9157885
0.4287649
0.5591146
0.9271613
0.9703755
1.8471155
1.1582329
1.7240758
1.8515087
1.5624428
1.3753670
1.4959517
1.0344034
0.9285620
1.3872849
1.7407956
1.1457996
1.1280130
0.6836059
0.4244626
0.9308293
0.7576256
0.5851818
1.0368394
0.2549370
0.5739518
0.4174585
0.3193271
0.2445170
0.0994035
0.1168700
0.3751613
0.0856497
0.3517630
0.6689640
1.6897433
0.1998881
0.2442804
0.1712293
1.0841975
0.8112965
1.8100235
0.4713832
1.0777402
0.8737393
1.0424846
2.0296812
1.4306165
1.1331851
0.8435469
1.5791956
1.3899575
0.6305752
2.0092697
1.4549975
1.8291674
1.9746544
1.0498468
1.1836443
0.4639340
0.5223827
0.6541100
0.7226614
1.8016005
1.3548456
0.6452992
1.1547958
1.9640028
0.8137194
1.4417565
1.4549050
0.7594298
1.8008227
2.6335263
1.9191704
1.4355828
1.9507910
1.6398894
3.6938205
2.5836797
3.2541225
2.4195933
3.4949255
2.3779690
1.5251127
2.6695318
1.9373701
2.5257950
1.8504109
2.1913757
3.0999296
4.4725957
3.6987290
2.2610984
2.6692586
2.2285492
1.9922911
3.1254969
1.9811313
2.8603563
1.2643816
0.7450706
2.2344034
3.0902050
2.2159545
2.8703146
2.3287783
1.9114108
2.1085262
1.2757092
0.7499776
1.1694690
2.1976614
1.8344436
1.7499231
0.4865538
2.0499392
0.6315796
1.7131605
0.9882666
0.6205881
0.4187804
0.7682005
0.3813051
2.5495760
2.4063182
1.4250225
2.1108768
0.8342219
0.7762282
0.3830673
1.9704082
1.8496701
0.5637607
1.5710986
2.0161252
2.0306299
1.3931720
1.5135232
0.7908198
0.5811921
0.1914203
1.1669207
0.2402202
0.4975366
0.5004637
1.0436956
1.0310289
1.7706927
0.7521209
0.9904511
1.7508427
0.6373810
0.3524350
0.1920112
0.6160001
0.4125368
1.4442005
2.0391097
1.0764740
0.4326741
1.2030702
0.6779072
1.6888317
1.3998429
2.2006907
1.8298715
2.3533206
0.8228499
0.7555172
1.2171724
1.0442487
0.3702564
1.1162986
0.6148566
0.4671805
0.6517661
0.7696157
0.9121318
0.8744046
1.3070030
1.3957083
1.6343113
1.4895086
1.2880974
1.5668967
1.9011545
0.8130389
0.8356019
0.8403768
1.6919726
1.3763833
2.2027338
1.0764595
0.8610827
0.6899182
0.4081516
1.4904307
1.5370362
0.6121505
0.3937594
1.0852587
0.7176709
0.6393000
0.5081770
0.5772271
0.2983380
0.4915338
1.0082171
0.4992797
0.3060265
0.8052319
0.4944344
0.6413258
0.6882023
0.2347903
0.3658121
0.3612201
0.6946106
0.2991965
0.2488904
0.5794799
0.7310081
0.2238583
0.2697469
0.2891527
0.4033620
0.6781235
0.3580224
0.5459570
0.9916044
0.8241584
1.4463977
0.5191846
1.0066413
0.2738667
0.4763462
0.5678833
0.9896380
0.4598197
1.4149344
0.3259636
0.4358633
0.6520303
0.4103419
0.2447761
0.2750738
0.3054771
0.3988408
0.3322671
0.6559624
0.1055879
3.0747199
1.3129724
0.7147002
1.2745690
0.7185760
0.2250733
0.3903928
1.6754979
1.1721044
1.8074387
2.1573796
0.8529642
0.6751175
0.9247301
1.3200605
0.6081250
0.1599157
0.4433291
1.1532978
0.6504690
1.3010343
0.8149275
1.1300533
0.4260716
0.3968012
0.7121461
0.4030121
0.6919311
1.1438429
0.8076850
0.2835841
1.0474358
0.7308654
0.5526603
0.2231579
0.3626671
0.5954421
0.7232669
0.9882927
0.8203505
1.1477703
0.8661230
0.6866059
0.7098919
0.7908854
1.1172351
1.3981706
1.6550004
1.3220388
1.7643919
2.2987921
2.0050817
1.7933868
2.4253433
1.3388107
1.7459903
1.5642257
1.3658006
2.2844956
1.8465258
1.3361779
0.9709097
1.6788119
1.1317657
1.6837503
1.1364596
1.6697034
1.2566233
1.5284039
1.1326704
0.7013528
1.6869885
1.2188524
1.3677862
1.6755797
3.5622835
1.5885625
2.5794702
1.2999557
1.7739557
2.5454257
1.7042480
0.7898292
0.6830340
1.3202678
1.0380328
0.7191403
0.3620985
0.5308309
0.8226836
0.6188437
0.7511320
0.4549642
0.7723851
1.0040252
1.2364347
0.8972571
0.4638173
0.7373992
0.5987067
0.9747515
0.5350354
0.9077818
1.0599819
0.5567321
0.4539162
0.2764066
0.7324826
0.7789325
0.8329279
0.4105391
0.8857785
0.1333232
1.1218729
0.7938130
1.3030388
1.0431739
0.5720281
1.9443128
0.9105599
1.2333585
1.1394203
0.4850060
0.2022005
0.6551744
0.8892876
0.5621395
0.4301521
0.4034927
0.2080332
0.6414167
0.6709775
0.8183210
0.4003257
0.8176370
0.9390702
0.6665587
0.4549830
0.1176731
0.4013784
1.2584621
0.3350247
0.4772413
0.2246586
0.6686822
0.9780747
0.6755060
0.9734332
2.9620304
1.2175102
1.1285312
1.0913750
0.8742542
3.5705559
0.4927627
0.5635830
0.5641009
0.5331202
0.5253317
0.1554388
0.5632538
0.4424738
0.7485292
0.6211289
0.5326075
1.2998664
1.0246757
1.4340624
1.3367581
0.9431205
1.5905403
1.0184127
2.9213226
1.6673942
1.1515576
1.0189027
1.6511135
1.1177700
0.1581229
1.4092150
1.6342903
0.7330631
1.4775211
0.8897418
1.1105512
0.7031976
0.8585835
0.7883843
0.6816755
0.8690107
0.5333998
0.2749085
0.3160276
0.8515097
1.3648039
2.1501644
1.2985461
1.3825642
0.3889318
0.2621325
1.0707924
0.8700088
0.1184656
2.7036171
0.0887111
0.6043499
0.7529808
0.4988996
0.6597684
0.3574777
0.5146499
0.1178527
1.1161053
1.0627068
1.2550507
0.6630091
1.2334678
0.6643298
0.9780075
0.3598724
0.7955729
0.6359811
1.0121768
0.1096042
0.6626807
0.7122475
0.7339270
0.6480973
0.8988299
0.1926471
1.9499631
0.5017537
0.2600962
0.2490119
0.5740458
1.4159124
1.2863595
0.6383211
1.0610816
0.7189007
1.0761414
0.8638646
1.6188236
1.4578972
1.0815237
1.2636414
1.2186860
1.5622435
0.4291867
1.2986916
1.9576151
1.2533920
0.9354392
1.4995947
0.4766058
0.4568533
0.6275529
1.3391769
0.5121034
0.2627495
0.5477608
2.1461632
0.9500144
0.6736836
0.9249236
0.6354019
0.4885250
0.8243045
0.9451295
1.2974855
0.8223786
1.1558847
0.2329429
1.0545797
1.3838254
0.6565272
0.2748109
1.5193952
0.5040798
1.0932059
1.0128324
0.8861044
0.5391870
1.1932112
1.1494156
1.5850152
1.1595751
0.9324673
1.5291175
0.9062555
0.6392559
0.7542645
1.1297547
1.0039898
1.5361080
2.0874515
0.7199478
0.9383306
0.7250739
0.8473107
1.0092707
0.5260017
1.6082654
1.1062391
1.5859392
1.7752149
0.8419127
1.8332319
1.0024612
2.0054913
0.9157565
1.6376774
1.5428283
2.1676178
0.5952365
1.9465224
1.0332189
1.5205534
0.0673276
0.4848779
0.5504083
0.3563173
0.9304086
0.4381054
0.8548321
1.3422259
1.5724788
0.9646892
1.3006394
0.1829481
1.0657423
0.6489484
0.5853147
1.2465537
0.6372526
0.4583845
2.0643191
0.8947468
1.2417983
1.3725451
0.9230589
1.2004547
0.7009947
0.9838657
1.4334962
1.6519514
1.2325528
1.4744679
1.7955866
2.0252609
1.6782587
2.1934392
1.2905734
0.6140124
1.2623533
0.7997276
1.0374910
0.6766748
1.3592432
0.6104961
1.6583818
0.9868059
1.2822982
0.4718503
1.0482924
0.2078184
1.0197347
1.6123989
1.0776658
1.0188307
1.7941402
1.5142443
1.5875640
1.3663062
1.4220023
1.6645927
1.3740464
0.7668880
0.5395247
0.7374687
0.4610587
1.2873055
0.9393384
0.1731222
0.5052923
1.1704329
0.8563803
1.2965301
1.7166502
0.3455067
0.8287898
0.6300375
0.9204573
0.8538070
0.3554925
0.4923741
0.6593542
0.1305293
0.5936961
0.3868747
0.4777633
0.6589940
0.2240921
0.3541635
0.8913462
1.3085052
1.4757777
1.2430629
0.5903372
0.2971004
0.2784688
0.2667565
0.5164950
0.3519175
0.2544541
0.2964363
0.0457586
0.9872166
0.7917629
0.6821507
0.1930498
0.2430377
0.4303204
0.9562701
0.3130835
0.9262387
0.3894033
0.2144278
0.9765851
0.7562195
0.2226225
0.2016823
0.7231122
0.6360686
0.4019503
0.2744654
0.1753487
0.5868073
0.5646794
0.9182070
0.2266650
0.1941161
0.9885663
0.7517996
1.0432039
0.7745731
0.4913799
0.6071926
1.4116052
1.6109289
0.7612759
0.6103702
0.4039106
0.8572495
0.5428396
0.6116294
1.1796646
0.8349693
0.6926162
0.4934980
0.3263311
0.0736779
0.0667266
0.1294915
0.0512210
0.9014687
0.4433919
0.6278849
0.4172315
1.2810695
0.2894992
0.6449474
0.8147500
0.1376434
0.9200382
0.1438484
0.2061956
0.2395860
0.1192087
0.3115315
0.5539024
0.3572460
0.4139347
0.1623449
0.5111123
0.2918609
0.5672850
0.4534178
0.3803151
0.5845656
0.5359651
0.8411841
0.7648911
0.7150747
0.3048181
0.4657199
0.3246961
0.5802822
0.4846647
0.3731178
0.5679811
0.4261119
0.3764871
0.4633273
0.3444115
0.2830608
0.1914265
0.7208627
0.2535008
0.4874017
0.6452782
0.4719370
0.1864067
0.1553493
0.1924199
0.7194378
0.4459193
0.1699718
0.1283573
0.5846577
0.1688628
0.1087634
0.2872746
0.1321143
0.2142352
0.2672046
0.3696814
0.8188642
0.3677965
0.6030696
0.3118263
0.1918307
0.1678371
0.2758357
0.3700755
0.3973932
0.3840791
0.4556017
0.4709653
0.3292520
0.5804910
0.2949787
0.2166868
0.4596581
0.1931199
0.3016872
0.3569971
0.6272512
0.4231538
0.4343326
0.4525433
0.5065179
0.2483465
0.1689695
0.2616375
0.8527258
0.4725991
0.4561386
0.8388736
0.4923860
0.8373017
0.4888626
0.9989687
0.4211943
0.7274715
0.5616640
0.3207639
0.2941698
0.2265903
0.2259526
0.2040156
0.5906938
0.6428123
0.3152569
1.1312305
0.4472190
0.6492330
0.6268962
0.8274428
0.6514764
0.7724943
0.3441006
0.6222294
0.5486327
0.2801408
0.3948894
0.3617573
0.2687854
0.4142257
0.7943479
0.8559198
0.6827883
0.6735133
0.4127619
0.3794649
0.5348387
0.1938133
0.3474098
0.4239953
0.5508591
0.6523063
0.2466828
0.3589304
0.1966177
0.4294582
0.5039679
0.3507372
0.5530223
0.8225548
0.5331564
0.2515536
0.9299238
1.1266693
0.1201105
0.1641435
0.2023164
0.0828782
0.1282665
0.3076663
0.3601146
0.2574409
0.3115917
0.3244166
0.3826644
0.8160284
0.1810615
0.7464101
0.3843476
0.3244636
0.6442124
0.2708958
0.4791317
0.4153085
0.5952058
0.5310293
0.2360331
0.2293289
0.1781065
0.7413903
0.3798507
0.5515230
0.4648383
0.5527407
0.8129942
0.5403893
0.1005767
0.2397193
0.1405043
0.3542757
0.3662562
0.7190417
0.5598976
0.5396640
0.3785223
0.1487761
0.8770570
0.9935504
0.6823061
0.1600646
0.6076638
0.1565095
0.7683504
0.9267719
0.6994614
1.3558140
1.1961303
1.6583645
1.7007121
0.5164466
0.6097665
0.3225724
0.2701920
0.4547934
0.8106081
2.2012827
1.8435326
2.4817622
1.8360366
1.3597034
2.1772797
3.0045538
2.4055181
1.4904888
1.0543972
0.6923882
1.3069323
1.0562401
0.7865364
0.4115655
0.5313660
0.8404123
1.3097652
1.7778177
0.9554960
0.2114361
0.3913091
0.5809312
0.5057207
0.3750088
1.1201315
0.0563044
1.0395328
1.1362250
0.1681143
0.1715995
1.0487983
0.7077298
0.7074003
1.8399330
1.4153728
1.1541466
0.1367571
0.8885708
1.1396024
0.9588114
1.2789813
1.7646711
2.2273448
2.5137174
0.4122720
1.4325972
0.2101478
0.8983284
1.6037338
1.8151659
1.6150035
1.1629381
0.2102054
1.8838872
3.9454410
2.4537897
1.8159418
2.6976554
2.5650589
1.7847439
1.5439634
1.3524106
0.2592286
0.3793743
0.1689025
0.2810383
1.0129828
1.6291797
1.1241413
1.6381584
1.2379162
1.2005785
0.3962837
0.1755996
1.2736421
1.4043459
1.5758395
0.4480062
0.1376860
0.2844650
1.6216104
0.2939766
0.4289095
2.0076275
1.3424791
1.1711648
1.6188717
0.8792097
0.2552420
0.7373685
1.0864185
0.5280899
0.4974965
0.3437612
1.0918856
0.4487476
0.5085833
0.7006366
3.8900647
0.5695254
0.0720818
0.4900394
0.8661506
1.1162330
0.9815073
0.5242167
0.8565861
1.2156941
0.9963925
2.2512987
1.3627274
1.0179498
0.2907115
0.6682284
0.3943251
0.5191119
3.0088050
2.0950828
1.0476257
2.9841545
2.0042193
0.9611332
0.2559694
0.4442249
1.2975560
0.6832511
1.5729861
1.2446067
0.8028271
0.7990239
1.6546379
0.4202706
0.8820658
1.2898890
0.9345806
0.9522690
1.0284718
1.0666929
0.2631065
0.7483979
1.3835567
1.3479534
0.7996016
0.8201079
1.4326434
1.0569544
1.3697441
0.5986472
0.4889777
0.5568029
1.5242987
0.8477204
1.2409936
1.1830181
0.4661957
0.9874994
0.3445206
0.5399964
0.5510591
1.3699204
0.2869030
0.4667687
0.4642707
1.2472125
0.8238053
2.1097217
2.4818957
1.2531573
2.2523389
0.6906891
1.3413273
1.1651988
0.7219481
0.5301622
0.7045293
0.3367911
0.8457938
0.9677293
0.8009568
1.1754197
0.9759097
0.2996929
0.9108607
0.8607337
0.1204570
0.7913704
0.4474682
1.4436879
0.6132332
3.0000377
0.3500875
1.6598004
2.4244442
2.7274013
1.4068800
0.3014120
0.9693288
0.9094245
0.5008891
0.7508520
0.2061265
0.7826073
1.4169286
1.6429342
1.0239055
0.4013244
0.9638636
0.8735559
0.5633089
1.2954620
0.6824006
0.1166029
0.3170626
0.1705550
0.6058345
0.8883667
0.7197542
0.5487236
1.2821838
2.1829274
2.8999984
2.3772135
0.2211944
0.3280673
3.2955332
2.9889147
0.9471477
2.0826499
0.3148145
0.6216468
1.9359443
1.4032001
1.3906457
1.0289667
0.4239374
0.8305115
0.7613547
0.2368480
0.7636022
0.8123146
0.2191494
1.5739553
0.2871893
0.6432300
1.0345621
1.9948374
1.3847574
2.4089541
0.1051901
0.1232717
0.5217068
0.8797581
0.1342340
0.7048211
0.4032962
0.8414794
0.7864450
0.2603220
0.0946086
0.4838179
0.8345926
1.0365328
0.3995372
1.4590050
0.6885641
1.8502064
1.7962646
0.9172626
0.5557024
0.4777729
0.9158278
0.9437732
0.5249556
0.6246959
1.0065647
1.7171897
0.6799408
1.0365747
0.2593587
0.2349092
0.9569871
0.7799177
0.8329882
0.5402414
1.1905649
0.8816670
0.3794167
0.5564134
0.5448774
0.3842126
0.5569966
0.4544975
0.7556197
0.9814386
0.9933546
0.8631163
0.7858207
1.0064425
1.1533619
1.1623505
1.4600214
0.6650211
1.5299748
1.2596916
0.1263948
0.5051444
0.2547508
0.9480801
0.0231378
0.1734028
0.1790266
0.7590029
0.6622927
0.1893071
0.3318517
1.0006375
1.0439932
0.5261624
0.4998289
0.3804433
0.9196082
0.5152802
0.6087570
0.4668168
0.9033643
0.9750836
0.8574059
0.2269850
0.2785434
0.0619373
0.1709730
0.2729152
0.2401450
0.3760401
0.7294871
0.7100984
0.7187141
0.5867096
0.1330839
0.1663672
0.0168386
0.5805901
0.1301075
0.4242562
0.5717538
0.1121712
0.5763723
0.5956030
0.0741347
0.0945434
0.1581912
0.6735002
0.4055202
0.3971703
0.3716322
0.2936608
0.1764178
0.4095145
0.3789232
0.2010448
0.4659504
0.6403867
0.2976817
0.2761344
1.2182276
0.6224689
0.8051118
0.3539602
0.2220245
0.5040498
0.6277504
0.5938585
0.4990050
0.2703666
0.6310994
0.1362301
0.9447745
1.0717975
0.5325857
0.5347502
0.3345103
0.3241647
0.0785733
0.0618594
0.3071302
0.3330149
0.4047843
0.5832451
0.0347238
0.1412344
0.7079976
0.1445274
0.2612914
0.7354552
0.7489967
0.1951441
0.2849117
0.4632078
0.9093606
0.3642566
0.6135348
0.3298846
0.3663741
1.0490153
0.5883171
0.9247000
0.4693670
0.2142721
0.2371042
0.0738132
1.1275412
0.2360110
0.4143266
0.7415742
0.3684937
0.3953713
2.4954002
0.2655782
1.3300748
0.5772638
0.6247723
1.0187625
0.5410300
0.3189488
1.1347702
0.1818084
0.8040271
0.5419485
0.5252526
0.6004133
1.0306537
0.8638784
0.2516026
0.9466401
0.2547814
0.7970833
0.3913398
0.6815495
0.4314295
0.2535760
0.7604265
1.6071676
0.7971346
0.5674217
1.1039493
1.0108318
0.4611502
0.5141738
0.2164687
0.4049156
0.3910197
0.5091391
0.2055036
0.1533901
0.2716457
0.3145334
0.4706146
0.0648244
0.1096412
0.4256862
0.3131405
0.4817570
1.0538256
0.3372384
0.7582793
0.6584215
0.3500516
1.1194658
1.0038056
1.2291288
1.0608636
0.1350579
0.5383765
0.2789001
0.3623895
0.8635124
0.6991071
1.0200028
0.8248912
1.2550739
0.7538596
0.3718053
0.5174166
0.2280502
0.4586216
0.4618763
0.1827701
0.6132293
0.3672675
1.0785743
0.1585878
0.4335115
0.4593765
0.4486122
0.0980130
0.2022834
0.6841770
0.3802261
0.1347045
0.4419059
0.6780853
0.1176778
0.3179782
0.1094168
0.5514095
0.0241224
0.7377788
1.1038088
1.4835688
0.7985122
1.3711947
1.0288749
0.8187056
0.5747914
0.7511033
0.6537221
0.2981476
0.8361898
1.0188339
0.8915171
0.3334990
0.6477624
1.1905768
0.7164615
1.1048646
1.2966526
0.9897214
0.8228074
1.2194057
0.9995567
0.8151010
0.6307122
1.2966607
0.9616883
0.8416908
0.7522112
1.6905622
1.5537471
0.6300840
1.0215712
0.3782050
0.1422080
0.8390571
0.1925941
1.4037708
1.8224162
1.6250912
1.0246763
1.0377414
0.5160826
0.4685612
0.8544935
0.5607253
0.7795762
0.6750173
1.4747767
1.1852384
1.2709699
0.4080769
0.4614521
0.0844752
0.5086268
0.1974113
0.5751376
0.9978808
0.2675568
0.7270877
0.4657709
0.6671075
0.4209278
0.2529806
0.1321574
0.5426782
0.3186400
0.4653078
0.6725625
0.3141978
0.2650108
0.8828009
0.8679163
1.0529732
0.7827638
0.3174511
0.7815019
0.9892023
0.7638828
0.0697682
0.1497866
0.1046478
0.1188073
0.0617875
0.1266145
0.3893902
0.3490156
0.1197637
0.4441185
0.5466160
0.5143566
0.5660472
1.0426369
0.2827979
0.4877189
0.8528228
0.3124810
0.5581295
0.5012378
0.8484304
0.6577413
0.4597564
0.5774312
0.2979352
0.2574900
0.3283492
0.3087699
0.4375227
0.2917396
0.3240234
0.4565827
0.8035305
0.2787740
0.5198397
0.7132583
0.8218967
0.8487540
0.6854614
0.7114816
0.8850367
1.0816053
0.5955331
0.4852760
0.3739235
0.4066716
0.3244795
0.1771876
0.2088418
0.2594591
0.8571718
0.3431704
0.2818110
0.4784984
0.4790958
0.3363629
0.5390981
0.1004998
0.6525882
0.5826898
0.1471284
0.1915313
0.1244661
0.3604316
0.4065529
0.6966404
0.2147944
0.4014446
0.7946922
0.9376180
0.9899939
0.4727281
0.4222851
0.0872381
0.1938291
0.3952697
0.7268271
0.4834758
0.3861279
0.0681588
0.4606669
0.4356511
0.1535963
0.6473112
0.4533350
0.3401223
0.2360785
0.7042581
0.3384250
0.5053876
0.3636332
0.6685841
0.1408505
0.2248316
0.2166629
0.4857105
0.4172297
0.5618322
0.3423281
0.2508183
0.4339784
0.7568844
0.4806844
0.2345085
0.8903964
0.3019348
0.4039325
0.4006377
0.4044323
0.5377337
0.5426362
0.4288201
0.5247378
0.4301754
0.4562568
0.1752469
0.2450709
0.0896576
0.3018520
0.2349755
0.6780465
0.6229191
0.7160251
0.4410763
0.6847303
0.2526459
0.3337319
0.6878880
0.7143466
1.1557647
1.2793587
1.3341045
0.7728430
0.2846228
0.8264332
0.6793208
0.8137672
0.7394454
0.7618353
0.7141417
0.4498852
0.4413157
0.2064664
0.5735244
0.6402693
0.6966895
0.4626431
0.4126066
0.3148310
0.5643032
0.1796070
0.1638361
0.4818290
0.6969519
0.1626243
0.3962105
0.1037358
1.2885796
1.2756560
0.1413898
0.7592078
0.4926812
0.3676555
0.4137595
0.1729412
0.3433497
0.2105043
0.3245519
0.4006000
0.6413893
1.2523993
1.9555446
1.3006699
1.7389524
1.4882786
0.8246908
0.3934015
0.5046241
0.7736272
0.7038046
0.1077424
0.2747573
0.1177299
0.2992816
0.4865267
0.8771504
0.3822218
0.3151910
0.3553235
0.7582191
0.5626034
0.6841863
0.3757195
0.0955405
0.2290932
0.3856068
0.3732563
0.5230458
0.2530521
0.2813872
0.8251402
0.3067052
0.4471425
0.2828430
1.0313660
0.2579469
0.3967012
0.3390204
1.6128410
0.8171905
1.0694191
1.0112944
0.2267659
1.0827932
0.6119111
0.3389505
0.6445927
0.8427455
0.5877291
0.2146539
0.3948995
1.3586103
1.0577832
0.2327574
0.2172815
0.7822568
0.4356538
0.7317829
0.9912654
0.3155071
0.8710047
0.2406825
0.5013700
0.2333347
0.6754503
0.5190288
0.3152929
0.5425560
0.2420258
0.4414389
0.2157068
0.8069972
0.4108956
0.7178416
0.3065196
0.2842328
0.6341520
0.2544387
0.1633998
0.3728059
0.3332733
0.6640186
0.5483011
0.4161575
0.3919352
0.2552669
0.3932825
0.2891221
1.4690522
0.5770741
0.7826121
0.4561571
0.2790242
0.5654272
0.5606440
0.6797211
0.6649314
0.8084816
0.5990474
0.4008268
0.6844383
0.5520411
0.4427808
0.4628137
0.7028982
0.1997741
1.3048812
0.7900313
0.6775617
0.9859442
1.1511714
1.3622345
0.9640340
0.6210221
0.5505529
0.8908821
0.8748828
0.8523210
0.3270631
0.9837867
0.9498860
0.7529632
0.3483816
0.9332234
0.6263664
0.4217414
0.7890000
0.7626128
0.4871512
0.6682965
0.7544236
0.6264868
0.6526106
1.0121303
0.5023531
0.6883192
0.9697624
0.8380076
0.8054535
0.6886711
0.7355039
0.8624703
0.9211336
0.9567003
0.8702499
0.9301383
0.6488866
1.0094552
1.2168627
1.1311274
1.4866298
0.1079629
0.7219544
0.5041929
0.4715939
0.6127329
0.5707991
0.9550387
0.3951571
0.7683167
0.8040278
1.0655777
0.4651575
0.3056716
1.1101257
0.7845908
0.5960300
0.4453350
0.8978172
0.6995495
1.4327391
0.5880358
0.7488416
0.2200949
0.4019306
0.4493596
0.4375332
0.5128450
0.5806926
0.3960737
0.4320076
0.6277012
0.5950480
0.6854088
0.6918409
0.4829842
0.8144436
0.7411737
0.5321912
0.1510061
0.1378305
0.2928979
0.3220642
0.5354794
0.9142119
0.6966369
0.8034460
0.9475069
1.1169602
1.5851499
1.0125161
0.7758453
1.2972723
1.5975083
1.0274581
0.8594819
0.5310714
0.6468835
0.7674530
0.7654287
0.2992526
0.2030350
0.4523481
0.3713211
0.3411081
0.5656205
0.2325716
0.5891051
0.1841490
0.2570117
0.4759007
0.4038214
0.7130821
0.9024377
0.6661251
0.5022743
0.2662766
0.9854988
1.3467609
1.4468076
1.8364390
0.8410388
1.0395029
0.7976873
0.9219982
0.7452453
0.5526162
0.6706890
1.0455948
0.3901009
0.8488262
0.5750101
0.6025559
0.5325826
0.6984121
0.6402491
1.1035684
0.5650169
0.6426967
0.5698964
0.3258554
0.5738947
0.0924028
0.5258061
0.5102794
0.6817530
0.5160138
0.3073703
0.6432927
0.4985862
0.3689568
1.0935138
0.5338367
0.6033658
0.4195677
0.7914385
1.0865213
1.0905523
0.7034422
1.1608603
0.6302978
0.8012206
0.7417495
0.2377062
0.3671943
0.5451568
1.4806901
0.2671668
0.8665885
0.8083795
0.6746685
0.6047637
0.2241933
0.9731983
0.5502528
0.4193970
0.3209896
0.6982634
0.5719588
0.5614546
0.6873152
0.2462306
0.4739179
0.2773692
0.2352559
0.6503062
0.3579257
0.4821907
0.5635379
0.3071527
0.4820040
0.3811086
0.1878574
1.2705415
0.5179417
0.5051969
0.3732438
0.5781622
0.9336120
0.8332046
0.5869892
1.2633380
1.1776009
0.6727840
0.2320952
0.3389140
0.4376549
0.2222097
0.4880628
0.4850414
0.4920262
0.5253713
0.6518849
0.5765149
0.1214802
0.1383546
1.7721531
0.7533568
0.4363876
0.5681652
0.5359154
0.8210287
0.6888525
0.5451512
0.4267625
0.6256634
0.9501873
0.7152898
0.9564440
0.2297987
0.5341663
0.1173611
0.3605783
0.1931639
0.2071607
0.5932716
0.7972265
0.6127553
0.8534026
0.5134107
0.7479409
0.7401916
1.0771118
0.2867067
0.9025684
1.0739012
0.9945629
0.1883344
0.8103196
0.2887065
0.2027957
0.6877198
0.5532064
0.3970019
0.4903239
0.3941832
0.3266649
0.6582367
0.1147636
1.4925230
0.5796196
0.9985507
1.3650398
0.5554023
1.4498901
1.1348450
1.4220800
2.1953092
1.1351155
0.8185292
1.0391226
0.8831009
0.4267188
0.8986663
0.7755465
0.3749735
0.2903370
0.5257196
0.5694824
0.8823696
0.9029577
0.3031825
0.2110355
1.0585661
0.9479855
0.2108950
0.9990284
0.6759264
0.6026164
0.8483294
0.1322311
0.3551229
0.3096777
0.2090181
0.5664749
0.2647261
0.5527922
0.8177596
0.3776273
1.1440749
1.2641667
0.4096623
0.2697348
0.6426039
0.9974502
0.8060908
0.3271801
0.2227972
0.8739135
0.9576026
0.4549850
0.3760990
0.7069527
0.0893152
0.3302601
0.1653005
0.4819728
1.0833584
0.7354728
0.4335255
0.6124151
0.2934398
0.8478283
1.4360883
0.7811585
0.7354584
0.2936139
0.3748991
0.2327306
0.5877439
0.5239578
0.4005387
0.8596805
0.1505578
0.5782312
0.8207159
0.7638580
0.6464594
0.2202839
0.3166202
0.4088276
0.3346071
0.6222107
0.3873260
0.4902842
0.8429391
0.4666941
0.8301246
0.5647385
0.6153452
0.1754588
0.9026011
0.9953318
1.0081919
1.5952621
0.3509274
0.7010125
0.6745346
0.2379799
0.3973112
0.3205811
0.3132859
0.1815019
0.2659530
0.6087539
0.3431398
0.4777935
0.8581281
0.5810233
1.0741388
0.3965393
0.4973769
0.3102515
0.5865448
0.6758953
0.1389125
0.6575231
1.1489165
1.4296247
1.5939806
1.2322805
1.0924163
0.9211975
1.2792780
1.3763138
1.5491323
0.9282974
1.1880631
1.2641255
0.9197242
0.7785636
0.9836600
0.8777583
0.9062164
0.8378294
0.9124698
1.2256516
1.2660761
1.2897110
1.2660451
1.2683433
1.1941140
1.4133689
1.5883713
2.4494421
1.3068848
1.1985588
1.1122900
1.2021418
1.4741676
1.4781423
0.8463391
0.8974988
1.0528173
1.3478175
1.2351497
1.1253808
1.1731006
1.0012728
1.4490263
1.3798977
0.9736450
0.8847627
1.0352225
1.2459357
1.0491630
1.0989244
0.7300920
0.8619073
0.7754012
0.5221014
0.6696632
0.6677508
1.1431540
0.9565964
1.1883006
1.3265030
1.2145348
1.1564316
1.1919483
1.1732332
1.3548923
1.4749522
1.5084302
1.2433875
1.0887702
1.0647455
0.7517501
1.0034412
1.2343627
1.0518548
1.2525948
1.0093338
1.2051616
0.9268683
0.7612047
0.9691958
0.6580708
0.4097691
0.7913410
0.7957340
0.4014840
0.3674719
0.0745277
0.0895794
0.3762631
0.1321844
0.3812125
0.1185723
0.3292232
0.5380268
0.8330490
0.6117473
0.4736431
0.5791049
0.7100171
0.7696527
0.9380583
0.8790311
0.6821220
0.7061519
0.4293090
0.3659447
1.1727512
0.7945925
0.3819797
0.3515101
0.4240314
0.4410018
0.2479922
0.6653296
1.0047253
0.6620598
0.6840442
1.0090320
0.7569402
0.5479447
0.5075759
0.2607305
0.4474240
0.5818164
0.4810785
0.4641515
0.7805960
1.6431932
1.5253174
1.3381653
0.7637561
1.6911412
1.6623505
1.1316049
0.5952389
0.9457905
0.5516467
0.5328204
0.4496568
1.5553006
0.5291184
0.8928064
0.2472772
0.5095307
0.6210318
0.6372617
1.0725583
0.9999444
0.9287633
0.7191233
0.3888082
0.2098586
0.3738926
0.5392752
0.5072927
1.0677577
0.9453008
0.3724469
0.3888632
0.7969554
0.6692049
0.4444844
0.2341297
0.5644184
0.5378008
0.8161255
1.0014076
0.5393600
0.8454910
0.7692581
0.8449428
0.9440030
0.7769673
1.1164055
0.8312230
0.6246142
0.7464727
0.8060047
0.7323639
0.8442050
0.4710071
0.4065439
0.6521435
0.5675329
0.5135322
0.3238637
0.3851120
0.4055327
0.5022717
0.9200625
0.7073312
0.6638737
0.6597328
0.7454530
0.3636077
3.5766981
0.4779407
0.6193814
0.3021104
0.4538133
0.5510032
1.1517086
1.0598861
0.9478273
0.2050050
0.2946828
0.5797743
0.2461458
0.1153948
0.1280147
0.1875090
0.4498895
0.6014752
0.2320542
0.4393972
0.6742980
0.2860971
0.3239880
0.2809686
0.3887016
0.2398417
0.2625655
0.3625817
0.5614209
0.7856082
0.9752147
0.9090052
0.6637200
0.8008429
1.1856630
0.4264922
0.7107496
0.4591552
0.3240619
0.5089443
0.4047114
0.2601807
0.6817330
0.8052773
0.4031430
1.0631332
0.6879385
0.4757495
0.7831222
0.7246568
0.7446353
1.3950038
0.7137945
1.2499905
1.0177947
0.4449707
0.5515348
0.1441058
0.8448650
0.4570862
0.2004963
0.7523224
0.0506227
0.4837599
1.2342014
1.2935566
1.2337501
1.4672873
1.6621542
1.4742656
0.8573742
1.2383612
0.9587651
1.3827674
1.9328078
1.5680137
2.4938533
0.6699719
0.4998653
1.2343464
0.6802226
1.4972321
1.5943321
1.7142372
0.6044290
1.6207848
1.2345203
1.8437297
1.0210640
0.3175737
1.5332296
1.2125869
1.4764360
2.2441616
0.7312229
1.5042533
0.9231581
0.3780610
0.0210356
0.9137725
0.8215771
0.2181454
0.8336163
0.7988139
1.3080473
1.7979965
1.8902557
1.5192349
2.0108936
1.1102401
0.8420330
0.9206876
0.5413456
0.7782401
1.0959152
0.3374587
1.0898100
0.7429303
0.4637746
0.5683942
0.2558692
0.6403601
0.3361357
0.5042707
0.5400855
0.7275146
0.4334555
0.4328192
0.3271357
0.2795738
0.5863971
1.7174693
2.1391931
0.4463935
0.9969083
0.2943491
0.6504101
0.4498612
0.6793163
0.7726176
0.6716761
0.7927248
0.9189363
0.9612944
0.8916149
1.0426546
0.2860905
0.7875308
0.3266901
0.4679265
0.3685316
0.3739048
1.0085109
0.4331714
0.4670503
0.5628154
0.3699787
0.6007999
0.6159022
0.1205707
0.2894717
0.4816366
0.2515864
0.2329157
0.3130311
0.7808182
0.2493114
0.1748091
0.1374336
0.2500350
0.4823945
0.1377015
0.8655545
0.4031625
0.5952724
0.2777902
0.7079059
0.7089996
0.9295576
0.5265223
0.8472066
0.7367561
0.9067199
0.9308401
0.5905465
0.5811900
0.3313887
0.4269938
0.4680297
0.7500401
0.6133634
0.5289778
0.4729680
0.1029073
0.2571921
0.3538520
0.2313655
0.1103590
0.3966003
0.4980917
0.5058758
0.7113418
0.1710845
0.6008929
0.1248444
0.3955366
0.4779296
0.3270089
0.2962216
0.2752925
0.4568746
0.7147615
0.5826082
0.2641204
0.2438621
0.6131297
0.5437332
0.4164477
0.2357560
0.2599517
0.3200907
0.2602080
0.3070629
0.3003691
0.2549130
0.3991168
0.5544940
0.4455451
0.6696892
0.6535550
0.3642444
0.7795293
0.8995281
0.5943202
0.2914470
0.7723747
0.6406547
0.4151476
0.8658886
0.2870381
0.1060776
0.1877997
0.6026980
0.3048330
0.3330006
0.3548005
0.9465221
0.5604320
0.3231447
0.5152882
0.9968390
1.4586844
0.8513131
0.7251061
1.0119789
0.9567767
0.8253556
0.2710145
0.4032083
0.6896362
0.3998767
0.7001515
0.9614688
0.7737106
0.4951236
0.4510916
0.5520060
0.5181915
0.2509233
0.8744516
0.7628866
1.3978868
0.9649503
0.9567553
1.0009226
0.8298013
0.9192801
0.8428371
0.7481624
1.1995891
0.9611400
0.6271742
0.5261281
0.8890052
0.5216745
0.8315277
0.7431145
0.7048967
0.4295123
0.3643410
0.1837243
0.5462872
0.6147825
0.7331195
0.7655882
0.6658292
0.6147307
1.4400033
1.1876290
0.6774710
0.5823211
1.7253121
0.7312323
0.3498741
0.4252855
0.9837602
0.5813573
0.5912029
0.4330875
1.0270258
1.1935459
0.7243890
0.9300810
0.5574858
0.8924199
1.6265005
1.9958062
2.3001862
2.4276059
1.3647457
0.6568833
0.5276240
0.4789832
0.8681187
0.5414720
1.4599268
0.3173247
0.5505702
0.3803536
1.0072660
1.2072940
1.2544844
0.7469894
1.3009840
1.4367523
1.0258509
1.5869237
2.2500472
1.4221330
1.1011424
0.8167430
0.4597772
0.7563248
1.0564548
0.8809403
0.7698303
1.4021500
0.1853599
1.5279565
0.3573333
0.1603125
0.6129019
0.4149646
0.3806151
0.5750321
0.8969308
0.4059329
0.9545940
0.6924740
0.2345439
0.1610596
0.5113433
0.3527211
0.5514564
0.9686799
0.7741147
0.7735331
0.8193740
0.5343847
0.2845523
0.2915554
0.3749330
0.4659449
0.6342574
0.1669473
0.4660149
0.6027691
1.3319473
0.5518252
0.8202147
0.8933294
1.2407852
1.0565156
0.1978706
0.6431367
0.6540261
1.4499683
0.3988845
0.0995990
0.3836518
0.1155406
0.5619483
0.6103325
0.8856559
0.3130130
0.3916208
0.5738074
0.2091545
0.2448153
0.9446949
0.7359725
0.6581320
1.0805687
0.5895134
0.9572880
1.2277026
1.0516906
1.0577338
1.6508155
1.0372187
0.4125864
0.7945214
0.2777498
6.1656637
1.0891994
0.9836475
0.7010111
0.6485912
1.0556549
1.7975535
0.9383911
0.1662178
0.1428034
1.0274479
1.0380360
0.7967711
1.4541552
0.6993968
1.2106762
0.6800824
0.0792146
1.3152041
1.0583515
1.2596120
0.9114652
0.9099714
1.1022936
0.1725214
0.8475720
0.6792227
0.4888974
0.9283916
1.1362072
1.1272197
1.0364865
0.5762347
1.1664174
0.9909723
1.0606792
1.1689516
0.9992279
1.0890998
1.3819627
1.2581046
1.6750339
1.0885823
1.3914900
1.0529183
1.1530417
0.4166489
0.6728302
1.3055499
0.2261106
0.6183255
0.5380073
0.9391304
0.5590876
0.3567651
0.6287948
0.6282231
0.3410414
0.7550478
0.7099114
0.6224586
0.9678135
0.5389317
0.7463936
0.5621914
0.2360423
0.2735494
0.7095295
0.3818710
1.4023956
1.4895986
1.4444102
1.0040548
1.2601527
1.0333648
0.5534097
2.0243626
0.3681431
0.9188385
1.4335049
0.7533839
1.5067036
0.9898940
0.4643936
0.2236379
0.4491434
0.6221781
0.3278097
0.5461083
0.7997056
1.1893345
0.2946679
1.2800498
1.0071434
0.6020685
1.3470535
3.1201522
1.9158592
0.2674434
0.8019497
0.8369671
1.5675169
1.0364621
1.2943994
0.6012506
0.9121896
1.0384557
0.6812096
0.4515779
0.8602529
2.7129040
2.1620371
2.0801902
1.8682427
1.3338777
1.0713807
0.7285670
1.1145161
0.9855213
0.6357380
0.8059519
1.5845975
2.0417633
2.0299881
2.4601660
2.0269856
1.8824419
2.1951337
1.5408659
1.2186538
1.3549411
1.6383871
1.0622058
1.0720524
0.6501639
0.6996288
0.7010559
0.7390338
0.9803466
0.7951797
1.3175755
0.9228804
1.0027927
0.8665910
0.8182215
0.5292419
1.1228904
2.2227185
2.8397071
4.3825879
3.2775671
4.7144008
4.4090967
3.1682370
4.9563417
3.3961778
3.0614223
2.4076467
4.8651652
4.4234195
12.5597591
31.7464294
43.2457657
15.4841375
5.7154832
12.4399309
8.2969036
10.3789320
4.2771530
4.4041891
3.9057856
4.0081339
3.7528152
4.3623815
7.0239911
5.7443929
2.5095100
3.6008446
3.8338230
2.8410027
3.0943873
3.0927217
2.3760087
2.7725599
2.0058589
2.2965667
1.9642490
1.1115252
0.4824721
1.1120746
1.2725288
1.2293112
1.2702055
0.5604121
0.3372479
1.0528449
1.5519934
1.5130781
1.2484785
1.0651892
1.2397186
0.9156830
0.3962585
0.0990332
0.7564988
1.0056697
0.9958045
1.3239292
1.4134834
0.6306304
0.8580092
0.7189450
0.9728205
0.7336810
0.2878695
0.3331942
0.2973967
0.9482409
1.8511672
1.0545994
0.2879860
0.1426906
1.0014797
0.3178196
0.8456534
0.8241332
0.8185666
0.4451286
0.7972763
0.4466274
0.7347216
0.8312388
0.4512498
1.0841436
0.2603117
0.1745220
0.5976630
0.5466533
0.2385548
0.5186215
0.7214336
1.0414137
0.2299754
1.0048565
0.9798859
0.9200437
0.9029226
0.9797609
0.3819603
0.3088406
0.4205407
0.1357417
0.2122488
0.5084035
0.2312678
0.9272766
0.3553348
0.5163937
0.5613659
0.6207213
0.4524592
0.5146297
0.6025411
0.9288811
0.7361646
0.6678573
0.3577926
0.8523481
0.6362145
0.4094469
0.3227966
0.3068928
1.2227261
0.7901987
1.5936677
0.4919346
0.9472653
0.7868564
0.3083948
0.3719507
0.1561205
0.6085313
1.1248288
0.6497142
0.5981503
0.4977199
0.8849988
0.7535120
0.5189677
0.3737380
1.1799453
0.7583739
0.5904771
0.6091096
0.4177944
0.6890756
0.8622742
0.6023718
1.0281057
0.6026319
0.2326266
1.3377112
0.6072288
0.6212103
0.6439101
1.3740951
0.8210705
0.1624687
1.1515931
0.3945200
0.5619268
0.3160462
0.3484909
0.5950360
0.6429868
0.7457708
1.3608742
0.3122667
0.9401878
0.9661841
0.6636841
0.2761728
1.1284378
1.0913895
0.5493016
0.9652408
1.0584265
0.3534151
0.4372609
1.8299528
0.2612568
0.9200729
0.2642889
0.4853497
0.8706676
0.7900057
0.8379165
0.4410619
0.6317744
0.9264473
0.6479149
0.5900759
0.4055439
1.7376223
0.7795159
0.8344880
0.4059388
0.8275329
0.2254219
0.7196915
0.2439327
0.3969205
0.2139541
0.4542653
0.5939903
0.3481108
0.3284200
0.2639335
0.6442808
0.2497523
0.2836630
0.4522312
0.4642719
0.4890139
2.1515908
1.3998890
1.0519791
0.6259043
0.8146132
1.2508749
0.7532315
0.0714880
0.1869862
0.9943038
0.8731971
1.3024808
0.5933303
0.3172409
0.2662986
0.7690060
0.3802254
0.0416026
0.8356649
1.0364622
1.6119063
0.6211578
0.8161513
0.7342204
0.6960338
0.3627853
0.5280760
0.2409097
0.3683212
0.2085573
0.1709886
0.5503848
0.3598635
0.4789694
0.7944548
0.7926506
0.7933347
0.6460609
1.0952047
0.8609893
0.3051183
1.2343920
1.3844424
0.8970674
1.0418868
1.1227103
0.8527186
2.1096268
1.8925295
0.8750739
1.2248123
1.5743372
1.4654210
3.0787737
2.8662708
1.4016557
1.3519158
0.7834445
2.3130338
2.3628163
1.4229264
0.7850228
0.5994238
0.5332739
0.7568893
0.5600696
0.4065504
0.6859975
0.3745929
0.6311123
0.8486159
1.0825844
0.7306938
0.3576350
1.9446813
2.5978792
3.9937382
3.2084866
3.1268392
3.0375738
4.1015372
0.7670107
2.2783430
1.0433058
1.2165638
0.9579300
0.6495506
0.3349161
1.2549212
1.1795706
1.0259033
0.2427661
1.5929812
1.1815654
0.3735473
0.6806661
1.4651401
1.0202755
1.9793110
0.8106995
2.0612013
1.0057226
0.2133945
1.0421848
1.4073387
0.6849687
0.3345245
0.8631558
2.7558520
1.6237631
1.7163928
0.5189572
1.0474617
2.0840125
0.9142374
0.8246196
0.5300385
0.1696433
0.2635025
0.6869061
1.0126575
0.4713167
0.9051219
0.9050150
1.1887012
2.3869159
0.8709670
2.1836486
1.0033424
1.4355315
1.0643020
1.7717639
1.4671060
1.5570718
1.0575744
1.2716812
1.3983033
2.0896661
1.3959777
0.3953914
1.2264916
2.6137671
2.6415539
1.4440453
1.8358638
1.8234326
0.4426927
0.9335405
1.0134951
0.3024834
1.3290875
0.4914272
0.2424892
0.2472173
1.1599233
0.4430228
1.0163541
2.2545869
0.1355188
1.1799351
0.6772332
0.5252171
0.6043963
1.1835371
0.7002489
0.6519356
0.1103843
0.3495795
0.1052634
0.8624411
0.9736729
0.8905879
0.9923180
2.4697063
2.8009591
2.4387586
2.8013854
2.8134987
2.2529066
1.8266138
0.9044785
0.2738427
1.0467671
2.1626837
0.4338962
0.9541993
1.8579136
2.2846942
2.4227993
0.5634966
0.5737410
0.3253863
0.4126176
0.8788258
0.8250704
0.8548483
0.6146455
1.0093590
0.8810450
1.2679667
0.8905421
0.1032342
0.6141689
0.5296489
0.8378968
1.1334085
0.7028685
0.8575898
1.5649060
2.1418419
1.7860450
1.2829200
2.4140148
0.5055228
0.3036361
1.6833889
1.2192622
1.1188586
0.7272993
0.5094555
1.2693594
3.2641687
3.9375021
3.4882131
1.0270909
1.9876010
0.6219543
0.3162186
1.1022021
0.7750890
1.7664422
1.7745308
1.1920836
1.1008723
0.4379540
0.4617884
0.8296778
0.1209938
0.8425502
0.4608203
0.5202012
0.4378233
1.1020242
2.5015297
0.0746196
0.9554458
1.2400712
0.1008022
1.4091990
0.3869562
0.4549818
0.1721389
0.1869881
2.5704913
2.6464717
0.4789233
1.0999928
0.2966547
1.6816076
0.2065243
1.6631745
1.0498116
0.7218097
0.6496276
0.9263747
1.2838063
0.4195922
1.1091598
0.7963597
0.4230944
0.9489003
1.9359947
0.8696478
0.2138615
0.4427220
0.7247267
1.2467674
1.7463081
2.2579799
0.3417549
2.1005111
2.5441537
0.2720942
0.1557194
0.6910463
0.1812238
1.3658650
0.8051737
0.3819561
0.3925510
0.5138899
0.2577847
1.1437805
1.2562535
0.7092944
0.6942615
0.4233920
1.0765290
0.4755829
0.1369098
0.5202761
0.2839912
0.5350446
1.3108871
0.2843913
0.9453149
2.8297215
1.3952131
1.4780875
2.5644820
1.0455036
0.0725419
1.0262686
0.5601026
0.2517892
2.0409503
1.3795292
0.3478389
1.7758392
1.5107396
1.1216077
1.9440037
0.7463747
1.1569729
1.4079987
1.3804024
0.6082683
1.6367275
2.0966127
0.9407750
0.9043909
0.4902563
0.5743889
0.5303078
0.3903788
0.7680631
0.3055114
2.8121428
1.1908506
0.7702171
2.7305653
0.7113605
1.2339257
1.3845685
0.9894216
0.9991807
0.6086698
0.2597171
0.0726840
2.0490234
0.8141995
0.7345315
0.5218386
0.2827971
0.4898405
0.8916247
2.9501619
1.1518594
0.1572223
2.4790101
2.6346405
0.8091876
0.9982731
0.2339146
1.6331229
0.5006915
0.2734982
1.8709047
1.1432874
0.8523248
1.0922539
1.0191969
1.3843631
0.4582940
1.9906266
0.7644448
0.5199161
0.2484951
1.6523732
0.8218217
0.1470485
0.5793106
0.2912680
0.5428767
0.5048296
1.1112057
0.7132494
0.7929458
1.7678214
2.4824395
5.7079158
2.0845478
1.1379443
1.2191619
2.7878146
2.8763440
2.6367543
2.1159649
3.5917716
2.9510851
2.6303608
3.0928705
3.2680545
3.0055790
3.0681860
1.3743800
1.3038185
2.7496819
3.3040478
2.6958690
0.6164277
2.2639086
1.3111415
1.0185463
0.4198112
1.4274330
0.9741399
2.7867320
3.0443912
12.1818190
12.4229641
6.9608941
6.2055717
3.8676589
3.0506527
3.3733795
2.4346600
2.4302139
1.0560248
1.8091220
1.5663995
1.4542999
0.9616129
2.2251368
2.3158865
2.5056257
2.5872333
5.1028337
3.0310717
1.8728359
7.9166303
11.0090427
7.1577959
9.3237114
0.5610852
1.4766361
2.0723579
1.7597147
1.6626678
1.3710153
1.4819611
0.9794623
0.5504134
0.5928327
0.3728388
0.4282974
0.9075451
3.0355134
1.3730804
2.0501814
1.4360274
2.4481840
1.6351472
1.2834144
1.3437212
2.4709187
1.9135908
1.9519713
0.5647691
1.3974299
0.9625677
0.9605007
1.1710869
1.5552304
2.0455332
1.9712200
1.5805281
1.9092685
0.6103677
0.6876630
1.7473077
0.2406731
0.6205085
0.7669286
1.3532542
1.0609374
0.2944263
0.2975290
0.5903221
1.0711362
1.6655818
8.2045574
2.6226292
2.0192037
1.2867818
1.8911607
2.5213320
2.0996130
1.7239671
1.4508951
1.3700475
1.8212156
0.6498199
0.6791647
0.8806056
1.2732627
2.1649289
1.3822924
6.4777613
3.4072907
0.8795524
1.5802926
0.6812351
0.6892795
0.9127725
1.2411897
0.9244636
0.7180583
1.6258632
0.9150544
1.2188765
1.4715272
0.8168231
1.2431573
1.1329206
0.9748031
1.5697173
1.8936439
0.4719767
1.0692339
3.0633321
1.3667852
0.8850110
0.4487014
8.5876226
1.5055608
1.1141249
0.5051900
0.6523047
0.7262259
0.7063553
1.4319780
0.3163472
0.6616003
0.8923291
0.1290372
1.1403720
1.7121792
4.2484870
3.0931928
0.5985612
7.3378372
0.5397230
0.6118373
1.0342656
1.7460599
1.5180470
1.4870330
1.2780464
1.7636946
0.8893809
2.0546875
2.2036278
1.8814160
1.1608715
0.5990092
1.3121158
1.5519089
1.4460517
1.5121579
2.6166494
1.4975555
1.8613999
1.5055808
0.4125974
1.4968852
0.4425535
0.4292392
0.5709721
1.5869344
0.7950783
1.2465352
3.7951238
1.5447339
0.4061731
0.7819311
0.4425405
1.3160713
0.2161546
0.5416908
0.7446697
0.4210104
2.7527964
1.1511061
1.2739009
0.7105280
0.2882718
1.6690197
0.7031637
0.2926044
2.9063408
1.6955081
1.0417689
1.9264836
1.5365562
2.2066607
1.2722611
0.6350299
1.5553077
1.3907672
0.4554968
0.6718136
1.3857943
1.5354725
0.8343241
0.8117616
1.1614728
3.2008920
0.9456166
0.8352997
3.9999709
3.2242014
4.9110432
5.5412931
5.1251798
3.8236778
1.2813852
1.8095458
1.9707861
0.7926485
1.4637083
1.6307081
1.8977896
1.6718639
2.3542850
1.5044259
1.0038086
1.7579929
0.3801289
1.6575567
0.6329603
1.1720773
1.7788826
1.0306793
0.9947335
1.2677287
0.7449322
1.1832255
2.1190257
1.2609731
3.3988352
0.8111127
1.2920988
1.1392269
5.4545660
5.5603032
3.4090829
4.3752556
8.1403198
9.5984106
5.1836987
1.3048644
0.9430284
1.1663936
1.4136480
3.9772520
6.1714597
1.7669780
4.6743956
1.3481715
1.9036998
4.5698590
3.1821918
1.7864180
2.1892967
2.1779451
4.2019701
2.6375389
11.1934729
4.2654366
3.5026965
3.6211762
3.7180772
4.1715012
2.4190013
6.2475233
6.0978909
6.0707874
5.3885770
4.2519512
5.5806580
4.9846277
4.0102072
4.9987898
5.7161102
6.4602861
6.9176407
6.2400279
4.4720697
2.2648070
3.3901808
4.3711271
3.3692415
5.6694770
4.1120148
3.9012284
2.9838972
4.6669726
5.2342796
4.6164112
3.6806154
3.3414741
2.6151464
2.5954120
2.7771475
3.3793483
3.5125082
4.1014833
4.2513776
5.6342554
1.9029504
2.9878399
3.0268314
2.4166996
1.0522046
3.2467935
1.0285858
0.8161187
3.3961275
1.1586125
1.7864105
1.5629967
2.2670524
1.9267104
2.5735989
2.2780647
5.6446605
5.1277814
3.7384520
4.2637305
5.5438385
3.2634244
7.1794100
9.4227953
5.3452015
8.5872002
7.4761748
7.6488252
1.7639877
10.2773819
7.5716877
2.7432714
3.3403418
4.3987451
2.5168967
5.0148358
3.9743731
4.6244497
2.4967499
1.8815782
2.2575793
3.0523632
3.1568942
3.9840734
1.8593451
1.6476619
1.2533900
2.2381177
1.6641552
1.7502463
0.8350974
1.3492086
0.8523663
0.6980492
0.8742772
0.7443730
1.5300177
1.9314648
0.0339833
2.6219945
4.0659518
3.1946726
2.8814387
2.9682899
1.7668077
2.0466142
0.9768389
1.6062735
1.0847104
0.7879410
0.6841491
1.8270221
1.0533320
1.4106452
1.6275165
1.7381343
1.6194316
1.1983838
1.0635469
0.7148708
0.5469165
0.9572666
0.2622920
0.1456734
0.2650243
0.7567305
0.1287393
0.5593846
0.1569351
1.4556818
1.3853704
0.9415593
1.8007253
1.4704452
1.5911386
2.4620070
2.3628037
2.0266197
2.3824399
2.6375389
2.6662807
3.6014185
2.8195491
4.0838199
1.0999067
1.4898514
1.9603069
2.3523033
2.1757846
2.3440750
3.3053062
1.0835375
1.2635032
1.2110046
0.7333953
1.2588269
0.1284499
1.3525144
0.6934826
0.8373029
1.2079984
1.4096177
1.3531864
1.0097688
1.0677158
0.6168193
0.6352665
0.8560942
0.8012121
0.6174538
1.2698966
0.1957865
0.5805719
0.8471397
1.3516566
0.7062236
0.2740007
0.9210840
0.2153977
0.2451273
1.0631455
0.6702265
1.2267950
1.3594359
0.7051241
0.9509772
1.2144680
0.3875877
1.0132574
0.8806386
0.8184260
0.7581176
0.8005525
0.7598637
1.0888447
0.9158655
1.2965417
1.2873306
1.5776426
1.5009848
1.1799850
1.5688126
1.0130731
0.4368426
2.3140326
2.1856973
0.9589955
0.7298220
0.2751036
0.4789959
0.6876072
0.7056283
0.3412170
0.7976737
0.5375643
0.8892682
0.3009857
0.3921232
1.1250479
1.0729414
0.9173011
0.2518730
0.2000267
0.1789332
0.5292612
0.5744039
0.6115019
0.3435247
0.5928808
0.7906994
0.4263057
0.0776782
0.1555493
0.2748881
0.5621774
0.5872204
0.1710327
0.4568208
0.4195944
0.5570789
0.6160751
0.4336607
0.3306747
0.3489550
0.4058485
0.4247108
0.3143624
0.9208579
0.6315595
0.8714608
0.6907703
0.5729911
0.5292459
0.3622579
0.2160849
0.1933692
0.2627456
0.2853470
0.6634535
0.5757893
0.8908936
0.7437087
0.8503688
0.4059620
0.5935351
0.2278719
0.5623590
0.6862770
0.5528662
0.6598500
0.3637284
0.0409298
0.3997776
0.1483610
0.7061597
0.4221714
0.3690842
0.4580514
0.3141432
0.2224619
0.5285149
0.5444031
0.1197652
0.3430299
0.4783659
0.3180977
0.3776201
0.6236141
0.5574443
0.2653691
0.7530898
0.6095201
0.5486032
0.5365286
0.3880059
0.4855946
0.4332175
0.5145788
0.4138662
0.6033016
0.4488564
0.3709106
0.3293180
0.1638322
0.3761277
0.2092073
0.3189932
0.4912355
0.1553496
0.1866353
0.3472444
0.1240750
0.2187447
0.4370816
0.4290024
0.3501419
0.5961075
0.4722930
0.3157951
0.0907849
0.3679893
0.8125042
0.3628787
0.4267867
0.5646489
0.6932265
0.2681943
0.3120615
0.2111918
0.5131451
0.2004671
0.4361047
0.8060334
0.8147645
0.5344491
1.6305621
1.0568327
0.8470584
0.2542747
0.7466029
0.3132106
0.5489407
0.7933542
0.4689727
0.2304926
0.3804693
1.3892380
0.5052335
0.7338392
0.7589787
0.6706906
1.2926556
0.1002427
1.3305502
1.3947899
0.5206885
1.4893590
0.6529475
0.7650107
0.2849147
0.6075618
0.6754125
0.5915200
1.4463530
0.6033856
0.4558897
0.1215876
2.6386647
1.1161804
8.8189173
1.3489215
0.8429659
0.4524679
0.7915453
0.5954170
1.2765046
0.9893654
0.5376354
0.7599718
1.3121909
1.4857198
1.3590972
0.6947120
0.8459802
0.7364951
1.0330985
0.6154048
0.3718759
0.3422462
1.2870904
0.9817843
1.1123146
0.5679376
0.6605421
0.3350889
0.8703105
1.1612009
1.4676158
2.2692628
1.4828051
0.4563009
0.5415717
2.2065215
1.3650627
1.3629961
0.7309414
0.4383422
0.5520728
0.9613580
0.9320822
0.2826599
0.2545711
0.2591177
2.0651207
2.1080892
1.2100669
2.5090442
5.9273114
6.4614949
3.6264672
4.0039148
2.3217156
2.8222787
1.6749793
2.2244077
1.5420337
0.0780044
1.0802808
1.6495227
0.9388490
1.0771363
0.2888516
0.4329293
0.4872478
0.0393616
0.6526314
0.1959897
1.3965530
1.2895010
1.1325625
2.5428376
2.3747916
0.6490760
1.3360353
0.8924556
1.0718039
0.3268246
0.5828721
0.6619399
2.0494404
1.6938380
1.4173837
0.4332445
1.9592605
3.2713075
3.6529088
0.3485022
3.2835908
1.7408203
2.6998119
3.7165430
3.9776697
6.3264294
4.4347854
3.9220617
3.5060585
5.6881690
7.7728801
4.4243979
3.4370759
2.8585231
2.5382862
0.2169234
1.1635334
0.9614838
2.8774827
7.0621891
4.1596990
3.1914425
4.4024110
2.3128476
2.0286462
0.9679782
0.1683208
4.8988590
0.4126568
4.0278826
5.3883414
4.2958593
2.3527813
0.8037995
1.0719430
0.7465860
0.8653808
0.9039224
1.4640434
0.6823216
0.6480788
0.4794747
0.3466416
3.0382850
4.1818228
0.7450381
0.0853988
0.9566371
1.0588783
5.1965327
7.2469459
5.7270570
7.9723458
1.8528839
12.4280319
2.7775578
8.4025469
12.5240688
7.6327448
4.6277218
2.4313068
4.9016948
1.6472363
2.8672469
2.2504835
0.0961045
0.8685665
0.2093598
1.8759589
0.0319151
0.3371525
0.4019967
0.2931170
2.2973049
0.0967884
0.8442427
1.0429484
1.7073470
0.4640291
1.1338105
0.7623019
0.9855355
1.2963650
1.0026401
0.4141760
2.1403816
2.4177656
1.7950718
1.8369203
1.0896508
0.4739074
0.5698940
0.3851746
6.1000576
0.4431063
0.4957278
1.2690655
1.3847429
1.4826422
1.2359527
1.1100194
0.9949058
0.1608770
0.2827719
1.2294549
7.0171771
1.0395404
0.2578420
0.1584105
2.1769147
0.1775696
1.9612110
0.2171001
0.8821284
0.2738040
2.1095347
1.6779112
0.2417382
3.5281565
1.0259645
2.1484718
1.2054043
1.3532168
2.3144104
1.2386403
0.5332189
2.5365248
4.5133457
1.0015608
1.3039727
1.6215702
0.3772663
3.9937277
0.3476509
1.4475926
0.6741937
0.9383674
3.0800955
3.0948107
0.5629308
2.4516265
5.0329490
2.8230858
2.8389904
5.7236495
2.7811949
3.1311438
3.0333297
3.3177049
2.3866272
2.5019200
0.5555186
0.3289596
0.3300105
2.1260648
0.7739732
0.1454583
0.2646211
2.1318161
1.4606649
1.6146539
0.3090549
0.8211038
0.4740944
0.4005007
0.2761627
0.3448530
0.2304332
0.6532433
0.8119786
5.9968281
0.6717126
0.9330305
0.4523197
0.6741578
1.7743343
1.5752317
1.4496967
0.1639011
0.7837018
0.9677565
0.7293677
1.3194408
1.3677875
2.1548300
1.5705147
1.1560153
0.9378378
1.0819616
0.8692388
1.3398179
1.6754893
1.0088103
0.4402763
0.9227793
0.6405519
0.2158203
0.3711010
0.2224005
0.8524432
1.3958441
1.2156034
0.4266140
1.3654281
1.5351607
0.4730238
0.7253962
0.2145232
0.2376309
1.4940393
1.4383780
0.3752222
0.0842520
0.1793157
0.5114498
0.4640446
0.8093717
0.1571167
0.3296719
0.2629572
0.9482412
0.3200996
0.4275648
0.1621349
0.2189022
0.1756147
0.4993463
0.3664904
0.9075602
0.8619826
0.4336703
0.3068853
1.1505909
1.1842849
0.3776694
0.3524257
0.3789353
0.3244241
0.3111664
0.4501832
0.2426286
0.2954541
0.5494840
0.3355161
0.4136829
0.1961566
0.4815769
1.0486944
1.2383860
1.3374496
2.0009072
2.9112599
2.3857865
3.1673303
2.4334688
3.5515161
3.3278053
4.8352742
2.6300757
3.5876894
7.0597239
3.4131885
2.9992881
3.4951808
3.7733099
1.8438025
2.8320727
1.7837347
1.7920710
2.9367208
4.4918256
6.5192103
7.6444726
13.9933491
6.2089071
12.8467979
22.9634075
22.9462948
21.3146801
33.0627480
21.3844757
15.7267570
14.7802916
14.7999945
11.6853437
15.1081142
16.8139973
9.7246723
13.7314625
8.0648899
8.1705675
10.9192190
7.3494048
6.9251971
14.2527313
6.6593342
2.3656867
2.7517693
3.4996743
2.1096661
1.7061037
1.0359085
0.9906236
0.4119537
0.8847303
0.2336294
0.9294654
1.0736878
1.0241286
0.3950677
1.1095411
1.1331031
1.4665099
0.5536387
2.1720290
1.6610997
1.4791561
1.7176455
1.2955264
1.0278379
1.0901045
1.1593428
1.4046210
0.9454795
1.2244198
1.7524252
1.7777400
1.5273142
1.9749634
2.0167420
1.6487352
0.6148562
1.5367713
1.1505325
1.6980667
0.9811931
0.7709841
0.8242372
1.4826478
1.0106411
1.0636169
1.1855292
1.2676244
3.2768924
1.9024434
1.3520182
0.9655228
1.2626022
0.9132077
0.4517267
0.7825314
0.9713031
0.7877243
0.2980457
0.7526272
0.8526070
0.3515830
0.5648659
1.2245705
0.4739445
0.6501014
1.2473847
1.4244334
1.8067988
1.7220248
2.5052106
2.7891924
1.9490283
1.9104568
1.6616235
